datetime,0
2020-06-16 19:00:00,1.0
2020-06-17 13:00:00,1.0
2020-06-17 14:00:00,1.0
2020-06-17 15:00:00,1.0
2020-06-17 16:00:00,1.0
2020-06-17 17:00:00,1.0
2020-06-17 18:00:00,1.0
2020-06-17 19:00:00,1.0
2020-06-18 13:00:00,1.0
2020-06-18 14:00:00,1.0
2020-06-18 15:00:00,1.0
2020-06-18 16:00:00,1.0
2020-06-18 17:00:00,1.0
2020-06-18 18:00:00,1.0
2020-06-18 19:00:00,1.0
2020-06-19 13:00:00,1.0
2020-06-19 14:00:00,1.0
2020-06-19 15:00:00,1.0
2020-06-19 16:00:00,1.0
2020-06-19 17:00:00,1.0
2020-06-19 18:00:00,1.0
2020-06-19 19:00:00,1.0
2020-06-22 13:00:00,1.0
2020-06-22 14:00:00,1.0
2020-06-22 15:00:00,1.0
2020-06-22 16:00:00,1.0
2020-06-22 17:00:00,1.0
2020-06-22 18:00:00,1.0
2020-06-22 19:00:00,1.0
2020-06-23 13:00:00,1.0
2020-06-23 14:00:00,1.0
2020-06-23 15:00:00,1.0
2020-06-23 16:00:00,1.0
2020-06-23 17:00:00,1.0
2020-06-23 18:00:00,1.0
2020-06-23 19:00:00,1.0
2020-06-24 13:00:00,1.0
2020-06-24 14:00:00,1.0
2020-06-24 15:00:00,1.0
2020-06-24 16:00:00,1.0
2020-06-24 17:00:00,1.0
2020-06-24 18:00:00,1.0
2020-06-24 19:00:00,1.0
2020-06-25 13:00:00,1.0
2020-06-25 14:00:00,1.0
2020-06-25 15:00:00,1.0
2020-06-25 16:00:00,1.0
2020-06-25 17:00:00,1.0
2020-06-25 18:00:00,1.0
2020-06-25 19:00:00,1.0
2020-06-26 13:00:00,1.0
2020-06-26 14:00:00,1.0
2020-06-26 15:00:00,1.0
2020-06-26 16:00:00,1.0
2020-06-26 17:00:00,1.0
2020-06-26 17:30:00,1.0
2020-06-26 18:30:00,1.0
2020-06-26 19:30:00,1.0
2020-06-29 13:30:00,1.0
2020-06-29 14:30:00,1.0
2020-06-29 15:30:00,1.0
2020-06-29 16:30:00,1.0
2020-06-29 17:30:00,1.0
2020-06-29 18:30:00,1.0
2020-06-29 19:30:00,1.0
2020-06-30 13:30:00,1.0
2020-06-30 14:30:00,1.0
2020-06-30 15:30:00,1.0
2020-06-30 16:30:00,1.0
2020-06-30 17:30:00,1.0
2020-06-30 18:30:00,1.0
2020-06-30 19:30:00,1.0
2020-07-01 13:30:00,1.0
2020-07-01 14:30:00,1.0
2020-07-01 15:30:00,1.0
2020-07-01 16:30:00,1.0
2020-07-01 17:30:00,1.0
2020-07-01 18:30:00,1.0
2020-07-01 19:30:00,1.0
2020-07-02 13:30:00,1.0
2020-07-02 14:30:00,1.0
2020-07-02 15:30:00,1.0
2020-07-02 16:30:00,1.0
2020-07-02 17:30:00,1.0
2020-07-02 18:30:00,1.0
2020-07-02 19:30:00,1.0
2020-07-06 13:30:00,1.0
2020-07-06 14:30:00,1.0
2020-07-06 15:30:00,1.0
2020-07-06 16:30:00,1.0
2020-07-06 17:30:00,1.0
2020-07-06 18:30:00,1.0
2020-07-06 19:30:00,1.0
2020-07-07 13:30:00,1.0
2020-07-07 14:30:00,1.0
2020-07-07 15:30:00,1.0
2020-07-07 16:30:00,1.0
2020-07-07 17:30:00,1.0
2020-07-07 18:30:00,1.0
2020-07-07 19:30:00,1.0
2020-07-08 13:30:00,1.0
2020-07-08 14:30:00,1.0
2020-07-08 15:30:00,1.0
2020-07-08 16:30:00,1.0
2020-07-08 17:30:00,1.0
2020-07-08 18:30:00,1.0
2020-07-08 19:30:00,1.0
2020-07-09 13:30:00,1.0
2020-07-09 14:30:00,1.0
2020-07-09 15:30:00,1.0
2020-07-09 16:30:00,1.0
2020-07-09 17:30:00,1.0
2020-07-09 18:30:00,1.0
2020-07-09 19:30:00,1.0
2020-07-10 13:30:00,1.0
2020-07-10 14:30:00,1.0
2020-07-10 15:30:00,1.0
2020-07-10 16:30:00,1.0
2020-07-10 17:30:00,1.0
2020-07-10 18:30:00,1.0
2020-07-10 19:30:00,1.0
2020-07-13 13:30:00,1.0
2020-07-13 14:30:00,1.0
2020-07-13 15:30:00,1.0
2020-07-13 16:30:00,1.0
2020-07-13 17:30:00,1.0
2020-07-13 18:30:00,1.0
2020-07-13 19:30:00,1.0
2020-07-14 13:30:00,1.0
2020-07-14 14:30:00,1.0
2020-07-14 15:30:00,1.0
2020-07-14 16:30:00,1.0
2020-07-14 17:30:00,1.0
2020-07-14 18:30:00,1.0
2020-07-14 19:30:00,1.0
2020-07-15 13:30:00,1.0
2020-07-15 14:30:00,1.0
2020-07-15 15:30:00,1.0
2020-07-15 16:30:00,1.0
2020-07-15 17:30:00,1.0
2020-07-15 18:30:00,1.0
2020-07-15 19:30:00,1.0
2020-07-16 13:30:00,1.0
2020-07-16 14:30:00,1.0
2020-07-16 15:30:00,1.0
2020-07-16 16:30:00,1.0
2020-07-16 17:30:00,1.0
2020-07-16 18:30:00,1.0
2020-07-16 19:30:00,1.0
2020-07-17 13:30:00,1.0
2020-07-17 14:30:00,1.0
2020-07-17 15:30:00,1.0
2020-07-17 16:30:00,1.0
2020-07-17 17:30:00,1.0
2020-07-17 18:30:00,1.0
2020-07-17 19:30:00,1.0
2020-07-20 13:30:00,1.0
2020-07-20 14:30:00,1.0
2020-07-20 15:30:00,1.0
2020-07-20 16:30:00,1.0
2020-07-20 17:30:00,1.0
2020-07-20 18:30:00,1.0
2020-07-20 19:30:00,1.0
2020-07-21 13:30:00,1.0
2020-07-21 14:30:00,1.0
2020-07-21 15:30:00,1.0
2020-07-21 16:30:00,1.0
2020-07-21 17:30:00,1.0
2020-07-21 18:30:00,1.0
2020-07-21 19:30:00,1.0
2020-07-22 13:30:00,1.0
2020-07-22 14:30:00,1.0
2020-07-22 15:30:00,1.0
2020-07-22 16:30:00,1.0
2020-07-22 17:30:00,1.0
2020-07-22 18:30:00,1.0
2020-07-22 19:30:00,1.0
2020-07-23 13:30:00,1.0
2020-07-23 14:30:00,1.0
2020-07-23 15:30:00,1.0
2020-07-23 16:30:00,1.0
2020-07-23 17:30:00,1.0
2020-07-23 18:30:00,1.0
2020-07-23 19:30:00,1.0
2020-07-24 13:30:00,1.0
2020-07-24 14:30:00,1.0
2020-07-24 15:30:00,1.0
2020-07-24 16:30:00,1.0
2020-07-24 17:30:00,1.0
2020-07-24 18:30:00,1.0
2020-07-24 19:30:00,1.0
2020-07-27 13:30:00,1.0
2020-07-27 14:30:00,1.0
2020-07-27 15:30:00,1.0
2020-07-27 16:30:00,1.0
2020-07-27 17:30:00,1.0
2020-07-27 18:30:00,1.0
2020-07-27 19:30:00,1.0
2020-07-28 13:30:00,1.0
2020-07-28 14:30:00,1.0
2020-07-28 15:30:00,1.0
2020-07-28 16:30:00,1.0
2020-07-28 17:30:00,1.0
2020-07-28 18:30:00,1.0
2020-07-28 19:30:00,1.0
2020-07-29 13:30:00,1.0
2020-07-29 14:30:00,1.0
2020-07-29 15:30:00,1.0
2020-07-29 16:30:00,1.0
2020-07-29 17:30:00,1.0
2020-07-29 18:30:00,1.0
2020-07-29 19:30:00,1.0
2020-07-30 13:30:00,1.0
2020-07-30 14:30:00,1.0
2020-07-30 15:30:00,1.0
2020-07-30 16:30:00,1.0
2020-07-30 17:30:00,1.0
2020-07-30 18:30:00,1.0
2020-07-30 19:30:00,1.0
2020-07-31 13:30:00,1.0
2020-07-31 14:30:00,1.0
2020-07-31 15:30:00,1.0
2020-07-31 16:30:00,1.0
2020-08-03 16:30:00,1.0
2020-08-03 17:30:00,1.0
2020-08-03 18:30:00,1.0
2020-08-03 19:30:00,1.0
2020-08-04 13:30:00,1.0
2020-08-04 14:30:00,1.0
2020-08-04 15:30:00,1.0
2020-08-04 16:30:00,1.0
2020-08-04 17:30:00,1.0
2020-08-04 18:30:00,1.0
2020-08-04 19:30:00,1.0
2020-08-05 13:30:00,1.0
2020-08-05 14:30:00,1.0
2020-08-05 15:30:00,1.0
2020-08-05 16:30:00,1.0
2020-08-05 17:30:00,1.0
2020-08-05 18:30:00,1.0
2020-08-05 19:30:00,1.0
2020-08-06 13:30:00,1.0
2020-08-06 14:30:00,1.0
2020-08-06 15:30:00,1.0
2020-08-06 16:30:00,1.0
2020-08-07 13:30:00,1.0
2020-08-07 14:30:00,1.0
2020-08-07 15:30:00,1.0
2020-08-07 16:30:00,1.0
2020-08-07 17:30:00,1.0
2020-08-07 18:30:00,1.0
2020-08-07 19:30:00,1.0
2020-08-10 13:30:00,1.0
2020-08-10 14:30:00,1.0
2020-08-10 15:30:00,1.0
2020-08-10 16:30:00,1.0
2020-08-10 17:30:00,1.0
2020-08-10 18:30:00,1.0
2020-08-10 19:30:00,1.0
2020-08-11 13:30:00,1.0
2020-08-11 14:30:00,1.0
2020-08-11 15:30:00,1.0
2020-08-11 16:30:00,1.0
2020-08-11 17:30:00,1.0
2020-08-11 18:30:00,1.0
2020-08-11 19:30:00,1.0
2020-08-12 13:30:00,1.0
2020-08-12 14:30:00,1.0
2020-08-12 15:30:00,1.0
2020-08-12 16:30:00,1.0
2020-08-12 17:30:00,1.0
2020-08-12 18:30:00,1.0
2020-08-12 19:30:00,1.0
2020-08-13 13:30:00,1.0
2020-08-13 14:30:00,1.0
2020-08-13 15:30:00,1.0
2020-08-13 16:30:00,1.0
2020-08-13 17:30:00,1.0
2020-08-13 18:30:00,1.0
2020-08-13 19:30:00,1.0
2020-08-14 13:30:00,1.0
2020-08-14 14:30:00,1.0
2020-08-14 15:30:00,1.0
2020-08-14 16:30:00,1.0
2020-08-14 17:30:00,1.0
2020-08-14 18:30:00,1.0
2020-08-14 19:30:00,1.0
2020-08-17 13:30:00,1.0
2020-08-17 14:30:00,1.0
2020-08-17 15:30:00,1.0
2020-08-17 16:30:00,1.0
2020-08-17 17:30:00,1.0
2020-08-17 18:30:00,1.0
2020-08-17 19:30:00,1.0
2020-08-18 13:30:00,1.0
2020-08-18 14:30:00,1.0
2020-08-18 15:30:00,1.0
2020-08-18 16:30:00,1.0
2020-08-18 17:30:00,1.0
2020-08-18 18:30:00,1.0
2020-08-18 19:30:00,1.0
2020-08-19 13:30:00,1.0
2020-08-19 14:30:00,1.0
2020-08-19 15:30:00,1.0
2020-08-19 16:30:00,1.0
2020-08-19 17:30:00,1.0
2020-08-19 18:30:00,1.0
2020-08-19 19:30:00,1.0
2020-08-20 13:30:00,1.0
2020-08-20 14:30:00,1.0
2020-08-20 15:30:00,1.0
2020-08-20 16:30:00,1.0
2020-08-20 17:30:00,1.0
2020-08-20 18:30:00,1.0
2020-08-20 19:30:00,1.0
2020-08-21 13:30:00,1.0
2020-08-21 14:30:00,1.0
2020-08-21 15:30:00,1.0
2020-08-21 16:30:00,1.0
2020-08-21 17:30:00,1.0
2020-08-21 18:30:00,1.0
2020-08-21 19:30:00,1.0
2020-08-24 13:30:00,1.0
2020-08-24 14:30:00,1.0
2020-08-24 15:30:00,1.0
2020-08-24 16:30:00,1.0
2020-08-24 17:30:00,1.0
2020-08-24 18:30:00,1.0
2020-08-24 19:30:00,1.0
2020-08-25 13:30:00,1.0
2020-08-25 14:30:00,1.0
2020-08-25 15:30:00,1.0
2020-08-25 16:30:00,1.0
2020-08-25 17:30:00,1.0
2020-08-25 18:30:00,1.0
2020-08-25 19:30:00,1.0
2020-08-26 13:30:00,1.0
2020-08-26 14:30:00,1.0
2020-08-26 15:30:00,1.0
2020-08-26 16:30:00,1.0
2020-08-26 17:30:00,1.0
2020-08-26 18:30:00,1.0
2020-08-26 19:30:00,1.0
2020-08-27 13:30:00,1.0
2020-08-27 14:30:00,1.0
2020-08-27 15:30:00,1.0
2020-08-27 16:30:00,1.0
2020-08-27 17:30:00,1.0
2020-08-27 18:30:00,1.0
2020-08-27 19:30:00,1.0
2020-08-28 13:30:00,1.0
2020-08-28 14:30:00,1.0
2020-08-28 15:30:00,1.0
2020-08-28 16:30:00,1.0
2020-08-28 17:30:00,1.0
2020-08-28 18:30:00,1.0
2020-08-28 19:30:00,1.0
2020-08-31 13:30:00,1.0
2020-08-31 14:30:00,1.0
2020-08-31 15:30:00,1.0
2020-08-31 16:30:00,1.0
2020-08-31 17:30:00,1.0
2020-08-31 18:30:00,1.0
2020-08-31 19:30:00,1.0
2020-09-01 13:30:00,1.0
2020-09-01 14:30:00,1.0
2020-09-01 15:30:00,1.0
2020-09-01 16:30:00,1.0
2020-09-01 17:30:00,1.0
2020-09-01 18:30:00,1.0
2020-09-01 19:30:00,1.0
2020-09-02 13:30:00,1.0
2020-09-02 14:30:00,1.0
2020-09-02 15:30:00,1.0
2020-09-02 16:30:00,1.0
2020-09-02 17:30:00,1.0
2020-09-02 18:30:00,1.0
2020-09-02 19:30:00,1.0
2020-09-03 13:30:00,1.0
2020-09-03 14:30:00,1.0
2020-09-03 15:30:00,1.0
2020-09-03 16:30:00,1.0
2020-09-03 17:30:00,1.0
2020-09-03 18:30:00,1.0
2020-09-03 19:30:00,1.0
2020-09-04 13:30:00,1.0
2020-09-04 14:30:00,1.0
2020-09-04 15:30:00,1.0
2020-09-04 16:30:00,1.0
2020-09-04 17:30:00,1.0
2020-09-04 18:30:00,1.0
2020-09-04 19:30:00,1.0
2020-09-08 13:30:00,1.0
2020-09-08 14:30:00,1.0
2020-09-08 15:30:00,1.0
2020-09-08 16:30:00,1.0
2020-09-08 17:30:00,1.0
2020-09-08 18:30:00,1.0
2020-09-08 19:30:00,1.0
2020-09-09 13:30:00,1.0
2020-09-09 14:30:00,1.0
2020-09-09 15:30:00,1.0
2020-09-09 16:30:00,1.0
2020-09-09 17:30:00,1.0
2020-09-09 18:30:00,1.0
2020-09-09 19:30:00,1.0
2020-09-10 13:30:00,1.0
2020-09-10 14:30:00,1.0
2020-09-10 15:30:00,1.0
2020-09-10 16:30:00,1.0
2020-09-10 17:30:00,1.0
2020-09-10 18:30:00,1.0
2020-09-10 19:30:00,1.0
2020-09-11 13:30:00,1.0
2020-09-11 14:30:00,1.0
2020-09-11 15:30:00,1.0
2020-09-11 16:30:00,1.0
2020-09-11 17:30:00,1.0
2020-09-11 18:30:00,1.0
2020-09-11 19:30:00,1.0
2020-09-14 13:30:00,1.0
2020-09-14 14:30:00,1.0
2020-09-14 15:30:00,1.0
2020-09-14 16:30:00,1.0
2020-09-14 17:30:00,1.0
2020-09-14 18:30:00,1.0
2020-09-14 19:30:00,1.0
2020-09-15 13:30:00,1.0
2020-09-15 14:30:00,1.0
2020-09-15 15:30:00,1.0
2020-09-15 16:30:00,1.0
2020-09-15 17:30:00,1.0
2020-09-15 18:30:00,1.0
2020-09-15 19:30:00,1.0
2020-09-16 13:30:00,1.0
2020-09-16 14:30:00,1.0
2020-09-16 15:30:00,1.0
2020-09-16 16:30:00,1.0
2020-09-16 17:30:00,1.0
2020-09-16 18:30:00,1.0
2020-09-16 19:30:00,1.0
2020-09-17 13:30:00,1.0
2020-09-17 14:30:00,1.0
2020-09-17 15:30:00,1.0
2020-09-17 16:30:00,1.0
2020-09-17 17:30:00,1.0
2020-09-17 18:30:00,1.0
2020-09-17 19:30:00,1.0
2020-09-18 13:30:00,1.0
2020-09-18 14:30:00,1.0
2020-09-18 15:30:00,1.0
2020-09-18 16:30:00,1.0
2020-09-18 17:30:00,1.0
2020-09-18 18:30:00,1.0
2020-09-18 19:30:00,1.0
2020-09-21 13:30:00,1.0
2020-09-21 14:30:00,1.0
2020-09-21 15:30:00,1.0
2020-09-21 16:30:00,1.0
2020-09-21 17:30:00,1.0
2020-09-21 18:30:00,1.0
2020-09-21 19:30:00,1.0
2020-09-22 13:30:00,1.0
2020-09-22 14:30:00,1.0
2020-09-22 15:30:00,1.0
2020-09-22 16:30:00,1.0
2020-09-22 17:30:00,1.0
2020-09-22 18:30:00,1.0
2020-09-22 19:30:00,1.0
2020-09-23 13:30:00,1.0
2020-09-23 14:30:00,1.0
2020-09-23 15:30:00,1.0
2020-09-23 16:30:00,1.0
2020-09-23 17:30:00,1.0
2020-09-23 18:30:00,1.0
2020-09-23 19:30:00,1.0
2020-09-24 13:30:00,1.0
2020-09-24 14:30:00,1.0
2020-09-24 15:30:00,1.0
2020-09-24 16:30:00,1.0
2020-09-24 17:30:00,1.0
2020-09-24 18:30:00,1.0
2020-09-24 19:30:00,1.0
2020-09-25 13:30:00,1.0
2020-09-25 14:30:00,1.0
2020-09-25 15:30:00,1.0
2020-09-25 16:30:00,1.0
2020-09-25 17:30:00,1.0
2020-09-25 18:30:00,1.0
2020-09-25 19:30:00,1.0
2020-09-28 13:30:00,1.0
2020-09-28 14:30:00,1.0
2020-09-28 15:30:00,1.0
2020-09-28 16:30:00,1.0
2020-09-28 17:30:00,1.0
2020-09-28 18:30:00,1.0
2020-09-28 19:30:00,1.0
2020-09-29 13:30:00,1.0
2020-09-29 14:30:00,1.0
2020-09-29 15:30:00,1.0
2020-09-29 16:30:00,1.0
2020-09-29 17:30:00,1.0
2020-09-29 18:30:00,1.0
2020-09-29 19:30:00,1.0
2020-09-30 13:30:00,1.0
2020-09-30 14:30:00,1.0
2020-09-30 15:30:00,1.0
2020-09-30 16:30:00,1.0
2020-09-30 17:30:00,1.0
2020-09-30 18:30:00,1.0
2020-09-30 19:30:00,1.0
2020-10-01 13:30:00,1.0
2020-10-01 14:30:00,1.0
2020-10-01 15:30:00,1.0
2020-10-01 16:30:00,1.0
2020-10-01 17:30:00,1.0
2020-10-01 18:30:00,1.0
2020-10-01 19:30:00,1.0
2020-10-02 13:30:00,1.0
2020-10-02 14:30:00,1.0
2020-10-02 15:30:00,1.0
2020-10-02 16:30:00,1.0
2020-10-02 17:30:00,1.0
2020-10-02 18:30:00,1.0
2020-10-02 19:30:00,1.0
2020-10-05 13:30:00,1.0
2020-10-05 14:30:00,1.0
2020-10-05 15:30:00,1.0
2020-10-05 16:30:00,1.0
2020-10-05 17:30:00,1.0
2020-10-05 18:30:00,1.0
2020-10-05 19:30:00,1.0
2020-10-06 13:30:00,1.0
2020-10-06 14:30:00,1.0
2020-10-06 15:30:00,1.0
2020-10-06 16:30:00,1.0
2020-10-06 17:30:00,1.0
2020-10-06 18:30:00,1.0
2020-10-06 19:30:00,1.0
2020-10-07 13:30:00,1.0
2020-10-07 14:30:00,1.0
2020-10-07 15:30:00,1.0
2020-10-07 16:30:00,1.0
2020-10-07 17:30:00,1.0
2020-10-07 18:30:00,1.0
2020-10-07 19:30:00,1.0
2020-10-08 13:30:00,1.0
2020-10-08 14:30:00,1.0
2020-10-08 15:30:00,1.0
2020-10-08 16:30:00,1.0
2020-10-08 17:30:00,1.0
2020-10-08 18:30:00,1.0
2020-10-08 19:30:00,1.0
2020-10-09 13:30:00,1.0
2020-10-09 14:30:00,1.0
2020-10-09 15:30:00,1.0
2020-10-09 16:30:00,1.0
2020-10-09 17:30:00,1.0
2020-10-09 18:30:00,1.0
2020-10-09 19:30:00,1.0
2020-10-12 13:30:00,1.0
2020-10-12 14:30:00,1.0
2020-10-12 15:30:00,1.0
2020-10-12 19:30:00,1.0
2020-10-13 13:30:00,1.0
2020-10-13 14:30:00,1.0
2020-10-13 15:30:00,1.0
2020-10-13 16:30:00,1.0
2020-10-13 17:30:00,1.0
2020-10-13 18:30:00,1.0
2020-10-13 19:30:00,1.0
2020-10-14 13:30:00,1.0
2020-10-14 14:30:00,1.0
2020-10-14 15:30:00,1.0
2020-10-14 16:30:00,1.0
2020-10-14 17:30:00,1.0
2020-10-14 18:30:00,1.0
2020-10-14 19:30:00,1.0
2020-10-15 13:30:00,1.0
2020-10-15 14:30:00,1.0
2020-10-15 15:30:00,1.0
2020-10-15 16:30:00,1.0
2020-10-15 17:30:00,1.0
2020-10-15 18:30:00,1.0
2020-10-15 19:30:00,1.0
2020-10-16 13:30:00,1.0
2020-10-16 14:30:00,1.0
2020-10-16 15:30:00,1.0
2020-10-16 16:30:00,1.0
2020-10-16 17:30:00,1.0
2020-10-16 18:30:00,1.0
2020-10-16 19:30:00,1.0
2020-10-19 13:30:00,1.0
2020-10-19 14:30:00,1.0
2020-10-19 15:30:00,1.0
2020-10-19 16:30:00,1.0
2020-10-19 17:30:00,1.0
2020-10-19 18:30:00,1.0
2020-10-19 19:30:00,1.0
2020-10-20 13:30:00,1.0
2020-10-20 14:30:00,1.0
2020-10-20 15:30:00,1.0
2020-10-20 16:30:00,1.0
2020-10-20 17:30:00,1.0
2020-10-20 18:30:00,1.0
2020-10-20 19:30:00,1.0
2020-10-21 13:30:00,1.0
2020-10-21 14:30:00,1.0
2020-10-21 15:30:00,1.0
2020-10-21 16:30:00,1.0
2020-10-21 17:30:00,1.0
2020-10-21 18:30:00,1.0
2020-10-21 19:30:00,1.0
2020-10-22 13:30:00,1.0
2020-10-22 14:30:00,1.0
2020-10-22 15:30:00,1.0
2020-10-22 16:30:00,1.0
2020-10-22 17:30:00,1.0
2020-10-22 18:30:00,1.0
2020-10-22 19:30:00,1.0
2020-10-23 13:30:00,1.0
2020-10-23 14:30:00,1.0
2020-10-23 15:30:00,1.0
2020-10-23 16:30:00,1.0
2020-10-23 17:30:00,1.0
2020-10-23 18:30:00,1.0
2020-10-23 19:30:00,1.0
2020-10-26 13:30:00,1.0
2020-10-26 14:30:00,1.0
2020-10-26 15:30:00,1.0
2020-10-26 16:30:00,1.0
2020-10-26 17:30:00,1.0
2020-10-26 18:30:00,1.0
2020-10-26 19:30:00,1.0
2020-10-27 13:30:00,1.0
2020-10-27 14:30:00,1.0
2020-10-27 15:30:00,1.0
2020-10-27 16:30:00,1.0
2020-10-27 17:30:00,1.0
2020-10-27 18:30:00,1.0
2020-10-27 19:30:00,1.0
2020-10-28 13:30:00,1.0
2020-10-28 14:30:00,1.0
2020-10-28 15:30:00,1.0
2020-10-28 16:30:00,1.0
2020-10-28 17:30:00,1.0
2020-10-28 18:30:00,1.0
2020-10-28 19:30:00,1.0
2020-10-29 13:30:00,1.0
2020-10-29 14:30:00,1.0
2020-10-29 15:30:00,1.0
2020-10-29 16:30:00,1.0
2020-10-29 17:30:00,1.0
2020-10-29 18:30:00,1.0
2020-10-29 19:30:00,1.0
2020-10-30 13:30:00,1.0
2020-10-30 14:30:00,1.0
2020-10-30 15:30:00,1.0
2020-10-30 16:30:00,1.0
2020-10-30 17:30:00,1.0
2020-10-30 18:30:00,1.0
2020-10-30 19:30:00,1.0
2020-11-02 14:30:00,1.0
2020-11-02 15:30:00,1.0
2020-11-02 16:30:00,1.0
2020-11-02 17:30:00,1.0
2020-11-02 18:30:00,1.0
2020-11-02 19:30:00,1.0
2020-11-02 20:30:00,1.0
2020-11-03 14:30:00,1.0
2020-11-03 15:30:00,1.0
2020-11-03 16:30:00,1.0
2020-11-03 17:30:00,1.0
2020-11-03 18:30:00,1.0
2020-11-03 19:30:00,1.0
2020-11-03 20:30:00,1.0
2020-11-04 14:30:00,1.0
2020-11-04 15:30:00,1.0
2020-11-04 16:30:00,1.0
2020-11-04 17:30:00,1.0
2020-11-04 18:30:00,1.0
2020-11-04 19:30:00,1.0
2020-11-04 20:30:00,1.0
2020-11-05 14:30:00,1.0
2020-11-05 15:30:00,1.0
2020-11-05 16:30:00,1.0
2020-11-05 17:30:00,1.0
2020-11-05 18:30:00,1.0
2020-11-05 19:30:00,1.0
2020-11-05 20:30:00,1.0
2020-11-06 14:30:00,1.0
2020-11-06 15:30:00,1.0
2020-11-06 16:30:00,1.0
2020-11-06 17:30:00,1.0
2020-11-06 18:30:00,1.0
2020-11-06 19:30:00,1.0
2020-11-06 20:30:00,1.0
2020-11-09 14:30:00,1.0
2020-11-09 15:30:00,1.0
2020-11-09 16:30:00,1.0
2020-11-09 17:30:00,1.0
2020-11-09 18:30:00,1.0
2020-11-09 19:30:00,1.0
2020-11-09 20:30:00,1.0
2020-11-10 14:30:00,1.0
2020-11-10 15:30:00,1.0
2020-11-10 16:30:00,1.0
2020-11-10 17:30:00,1.0
2020-11-10 18:30:00,1.0
2020-11-10 19:30:00,1.0
2020-11-10 20:30:00,1.0
2020-11-11 14:30:00,1.0
2020-11-11 15:30:00,1.0
2020-11-11 16:30:00,1.0
2020-11-11 17:30:00,1.0
2020-11-11 18:30:00,1.0
2020-11-11 19:30:00,1.0
2020-11-11 20:30:00,1.0
2020-11-12 14:30:00,1.0
2020-11-12 15:30:00,1.0
2020-11-12 16:30:00,1.0
2020-11-12 17:30:00,1.0
2020-11-12 18:30:00,1.0
2020-11-12 19:30:00,1.0
2020-11-12 20:30:00,1.0
2020-11-13 14:30:00,1.0
2020-11-13 15:30:00,1.0
2020-11-13 16:30:00,1.0
2020-11-13 17:30:00,1.0
2020-11-13 18:30:00,1.0
2020-11-13 19:30:00,1.0
2020-11-13 20:30:00,1.0
2020-11-16 14:30:00,1.0
2020-11-16 15:30:00,1.0
2020-11-16 16:30:00,1.0
2020-11-16 17:30:00,1.0
2020-11-16 18:30:00,1.0
2020-11-16 19:30:00,1.0
2020-11-16 20:30:00,1.0
2020-11-17 14:30:00,1.0
2020-11-17 15:30:00,1.0
2020-11-17 16:30:00,1.0
2020-11-17 17:30:00,1.0
2020-11-17 18:30:00,1.0
2020-11-17 19:30:00,1.0
2020-11-17 20:30:00,1.0
2020-11-18 14:30:00,1.0
2020-11-18 15:30:00,1.0
2020-11-18 16:30:00,1.0
2020-11-18 17:30:00,1.0
2020-11-18 18:30:00,1.0
2020-11-18 19:30:00,1.0
2020-11-18 20:30:00,1.0
2020-11-19 14:30:00,1.0
2020-11-19 15:30:00,1.0
2020-11-19 16:30:00,1.0
2020-11-19 17:30:00,1.0
2020-11-19 18:30:00,1.0
2020-11-19 19:30:00,1.0
2020-11-19 20:30:00,1.0
2020-11-20 14:30:00,1.0
2020-11-20 15:30:00,1.0
2020-11-20 16:30:00,1.0
2020-11-20 17:30:00,1.0
2020-11-20 18:30:00,1.0
2020-11-20 19:30:00,1.0
2020-11-20 20:30:00,1.0
2020-11-23 14:30:00,1.0
2020-11-23 15:30:00,1.0
2020-11-23 16:30:00,1.0
2020-11-23 17:30:00,1.0
2020-11-23 18:30:00,1.0
2020-11-23 19:30:00,1.0
2020-11-23 20:30:00,1.0
2020-11-24 14:30:00,1.0
2020-11-24 15:30:00,1.0
2020-11-24 16:30:00,1.0
2020-11-24 17:30:00,1.0
2020-11-24 18:30:00,1.0
2020-11-24 19:30:00,1.0
2020-11-24 20:30:00,1.0
2020-11-25 14:30:00,1.0
2020-11-25 15:30:00,1.0
2020-11-25 16:30:00,1.0
2020-11-25 17:30:00,1.0
2020-11-25 18:30:00,1.0
2020-11-25 19:30:00,1.0
2020-11-25 20:30:00,1.0
2020-11-27 14:30:00,1.0
2020-11-27 15:30:00,1.0
2020-11-27 16:30:00,1.0
2020-11-27 17:30:00,1.0
2020-11-30 14:30:00,1.0
2020-11-30 15:30:00,1.0
2020-11-30 16:30:00,1.0
2020-11-30 17:30:00,1.0
2020-11-30 18:30:00,1.0
2020-11-30 19:30:00,1.0
2020-11-30 20:30:00,1.0
2020-12-01 14:30:00,1.0
2020-12-01 15:30:00,1.0
2020-12-01 16:30:00,1.0
2020-12-01 17:30:00,1.0
2020-12-01 18:30:00,1.0
2020-12-01 19:30:00,1.0
2020-12-01 20:30:00,1.0
2020-12-02 14:30:00,1.0
2020-12-02 15:30:00,1.0
2020-12-02 16:30:00,1.0
2020-12-02 17:30:00,1.0
2020-12-02 18:30:00,1.0
2020-12-02 19:30:00,1.0
2020-12-02 20:30:00,1.0
2020-12-03 14:30:00,1.0
2020-12-03 15:30:00,1.0
2020-12-03 16:30:00,1.0
2020-12-03 17:30:00,1.0
2020-12-03 18:30:00,1.0
2020-12-03 19:30:00,1.0
2020-12-03 20:30:00,1.0
2020-12-04 14:30:00,1.0
2020-12-04 15:30:00,1.0
2020-12-04 16:30:00,1.0
2020-12-04 17:30:00,1.0
2020-12-04 18:30:00,1.0
2020-12-04 19:30:00,1.0
2020-12-04 20:30:00,1.0
2020-12-07 14:30:00,1.0
2020-12-07 15:30:00,1.0
2020-12-07 16:30:00,1.0
2020-12-07 17:30:00,1.0
2020-12-07 18:30:00,1.0
2020-12-07 19:30:00,1.0
2020-12-07 20:30:00,1.0
2020-12-08 14:30:00,1.0
2020-12-08 15:30:00,1.0
2020-12-08 16:30:00,1.0
2020-12-08 17:30:00,1.0
2020-12-08 18:30:00,1.0
2020-12-08 19:30:00,1.0
2020-12-08 20:30:00,1.0
2020-12-09 14:30:00,1.0
2020-12-09 15:30:00,1.0
2020-12-09 16:30:00,1.0
2020-12-09 17:30:00,1.0
2020-12-09 18:30:00,1.0
2020-12-09 19:30:00,1.0
2020-12-09 20:30:00,1.0
2020-12-10 14:30:00,1.0
2020-12-10 15:30:00,1.0
2020-12-10 16:30:00,1.0
2020-12-10 17:30:00,1.0
2020-12-10 18:30:00,1.0
2020-12-10 19:30:00,1.0
2020-12-10 20:30:00,1.0
2020-12-11 14:30:00,1.0
2020-12-11 15:30:00,1.0
2020-12-11 16:30:00,1.0
2020-12-11 17:30:00,1.0
2020-12-11 18:30:00,1.0
2020-12-11 19:30:00,1.0
2020-12-11 20:30:00,1.0
2020-12-14 14:30:00,1.0
2020-12-14 15:30:00,1.0
2020-12-14 16:30:00,1.0
2020-12-14 17:30:00,1.0
2020-12-14 18:30:00,1.0
2020-12-14 19:30:00,1.0
2020-12-14 20:30:00,1.0
2020-12-15 14:30:00,1.0
2020-12-15 15:30:00,1.0
2020-12-15 16:30:00,1.0
2020-12-15 17:30:00,1.0
2020-12-15 18:30:00,1.0
2020-12-15 19:30:00,1.0
2020-12-15 20:30:00,1.0
2020-12-16 15:30:00,1.0
2020-12-16 16:30:00,1.0
2020-12-16 17:30:00,1.0
2020-12-16 18:30:00,1.0
2020-12-16 19:30:00,1.0
2020-12-16 20:30:00,1.0
2020-12-17 14:30:00,1.0
2020-12-17 15:30:00,1.0
2020-12-17 16:30:00,1.0
2020-12-17 17:30:00,1.0
2020-12-17 18:30:00,1.0
2020-12-17 19:30:00,1.0
2020-12-17 20:30:00,1.0
2020-12-18 14:30:00,1.0
2020-12-18 15:30:00,1.0
2020-12-18 16:30:00,1.0
2020-12-18 17:30:00,1.0
2020-12-18 18:30:00,1.0
2020-12-18 19:30:00,1.0
2020-12-18 20:30:00,1.0
2020-12-21 14:30:00,1.0
2020-12-21 15:30:00,1.0
2020-12-21 16:30:00,1.0
2020-12-21 17:30:00,1.0
2020-12-21 18:30:00,1.0
2020-12-21 19:30:00,1.0
2020-12-21 20:30:00,1.0
2020-12-22 14:30:00,1.0
2020-12-22 15:30:00,1.0
2020-12-22 16:30:00,1.0
2020-12-22 17:30:00,1.0
2020-12-22 18:30:00,1.0
2020-12-22 19:30:00,1.0
2020-12-22 20:30:00,1.0
2020-12-23 14:30:00,1.0
2020-12-23 15:30:00,1.0
2020-12-23 16:30:00,1.0
2020-12-23 17:30:00,1.0
2020-12-23 18:30:00,1.0
2020-12-23 19:30:00,1.0
2020-12-23 20:30:00,1.0
2020-12-24 14:30:00,1.0
2020-12-24 15:30:00,1.0
2020-12-24 16:30:00,1.0
2020-12-24 17:30:00,1.0
2020-12-28 14:30:00,1.0
2020-12-28 15:30:00,1.0
2020-12-28 16:30:00,1.0
2020-12-28 17:30:00,1.0
2020-12-28 18:30:00,1.0
2020-12-28 19:30:00,1.0
2020-12-29 14:30:00,1.0
2020-12-29 15:30:00,1.0
2020-12-29 16:30:00,1.0
2020-12-29 17:30:00,1.0
2020-12-29 18:30:00,1.0
2020-12-29 19:30:00,1.0
2020-12-29 20:30:00,1.0
2020-12-30 14:30:00,1.0
2020-12-30 15:30:00,1.0
2020-12-30 16:30:00,1.0
2020-12-30 17:30:00,1.0
2020-12-30 18:30:00,1.0
2020-12-30 19:30:00,1.0
2020-12-30 20:30:00,1.0
2020-12-31 14:30:00,1.0
2020-12-31 15:30:00,1.0
2020-12-31 16:30:00,1.0
2020-12-31 17:30:00,1.0
2020-12-31 18:30:00,1.0
2020-12-31 19:30:00,1.0
2020-12-31 20:30:00,1.0
2021-01-04 14:30:00,1.0
2021-01-04 15:30:00,1.0
2021-01-04 16:30:00,1.0
2021-01-04 17:30:00,1.0
2021-01-04 18:30:00,1.0
2021-01-04 19:30:00,1.0
2021-01-04 20:30:00,1.0
2021-01-05 14:30:00,1.0
2021-01-05 15:30:00,1.0
2021-01-05 16:30:00,1.0
2021-01-05 17:30:00,1.0
2021-01-05 18:30:00,1.0
2021-01-05 19:30:00,1.0
2021-01-05 20:30:00,1.0
2021-01-06 14:30:00,1.0
2021-01-06 15:30:00,1.0
2021-01-06 16:30:00,1.0
2021-01-06 17:30:00,1.0
2021-01-06 18:30:00,1.0
2021-01-06 19:30:00,1.0
2021-01-06 20:30:00,1.0
2021-01-07 14:30:00,1.0
2021-01-07 15:30:00,1.0
2021-01-07 16:30:00,1.0
2021-01-07 17:30:00,1.0
2021-01-07 18:30:00,1.0
2021-01-07 19:30:00,1.0
2021-01-07 20:30:00,1.0
2021-01-08 14:30:00,1.0
2021-01-08 15:30:00,1.0
2021-01-08 16:30:00,1.0
2021-01-08 17:30:00,1.0
2021-01-08 18:30:00,1.0
2021-01-08 19:30:00,1.0
2021-01-08 20:30:00,1.0
2021-01-11 14:30:00,1.0
2021-01-11 15:30:00,1.0
2021-01-11 16:30:00,1.0
2021-01-11 17:30:00,1.0
2021-01-11 18:30:00,1.0
2021-01-11 19:30:00,1.0
2021-01-11 20:30:00,1.0
2021-01-12 14:30:00,1.0
2021-01-12 15:30:00,1.0
2021-01-12 16:30:00,1.0
2021-01-12 17:30:00,1.0
2021-01-12 18:30:00,1.0
2021-01-12 19:30:00,1.0
2021-01-12 20:30:00,1.0
2021-01-13 14:30:00,1.0
2021-01-13 15:30:00,1.0
2021-01-13 16:30:00,1.0
2021-01-13 17:30:00,1.0
2021-01-13 18:30:00,1.0
2021-01-13 19:30:00,1.0
2021-01-13 20:30:00,1.0
2021-01-14 14:30:00,1.0
2021-01-14 15:30:00,1.0
2021-01-14 16:30:00,1.0
2021-01-14 17:30:00,1.0
2021-01-14 18:30:00,1.0
2021-01-14 19:30:00,1.0
2021-01-14 20:30:00,1.0
2021-01-15 14:30:00,1.0
2021-01-15 15:30:00,1.0
2021-01-15 16:30:00,1.0
2021-01-15 17:30:00,1.0
2021-01-15 18:30:00,1.0
2021-01-15 19:30:00,1.0
2021-01-15 20:30:00,1.0
2021-01-19 14:30:00,1.0
2021-01-19 15:30:00,1.0
2021-01-19 16:30:00,1.0
2021-01-19 17:30:00,1.0
2021-01-19 18:30:00,1.0
2021-01-19 19:30:00,1.0
2021-01-19 20:30:00,1.0
2021-01-20 14:30:00,1.0
2021-01-20 15:30:00,1.0
2021-01-20 16:30:00,1.0
2021-01-20 17:30:00,1.0
2021-01-20 18:30:00,1.0
2021-01-20 19:30:00,1.0
2021-01-20 20:30:00,1.0
2021-01-21 14:30:00,1.0
2021-01-21 15:30:00,1.0
2021-01-21 16:30:00,1.0
2021-01-21 17:30:00,1.0
2021-01-21 18:30:00,1.0
2021-01-21 19:30:00,1.0
2021-01-21 20:30:00,1.0
2021-01-22 14:30:00,1.0
2021-01-22 15:30:00,1.0
2021-01-22 16:30:00,1.0
2021-01-22 17:30:00,1.0
2021-01-22 18:30:00,1.0
2021-01-22 19:30:00,1.0
2021-01-22 20:30:00,1.0
2021-01-25 14:30:00,1.0
2021-01-25 15:30:00,1.0
2021-01-25 16:30:00,1.0
2021-01-25 17:30:00,1.0
2021-01-25 18:30:00,1.0
2021-01-25 19:30:00,1.0
2021-01-25 20:30:00,1.0
2021-01-26 14:30:00,1.0
2021-01-26 15:30:00,1.0
2021-01-26 16:30:00,1.0
2021-01-26 17:30:00,1.0
2021-01-26 18:30:00,1.0
2021-01-26 19:30:00,1.0
2021-01-26 20:30:00,1.0
2021-01-27 14:30:00,1.0
2021-01-27 16:30:00,1.0
2021-01-27 17:30:00,1.0
2021-01-27 18:30:00,1.0
2021-01-27 19:30:00,1.0
2021-01-27 20:30:00,1.0
2021-01-28 14:30:00,1.0
2021-01-28 15:30:00,1.0
2021-01-28 16:30:00,1.0
2021-01-28 17:30:00,1.0
2021-01-28 18:30:00,1.0
2021-01-28 19:30:00,1.0
2021-01-28 20:30:00,1.0
2021-01-29 14:30:00,1.0
2021-01-29 15:30:00,1.0
2021-01-29 16:30:00,1.0
2021-01-29 17:30:00,1.0
2021-01-29 18:30:00,1.0
2021-01-29 19:30:00,1.0
2021-01-29 20:30:00,1.0
2021-02-01 14:30:00,1.0
2021-02-01 15:30:00,1.0
2021-02-01 16:30:00,1.0
2021-02-01 17:30:00,1.0
2021-02-01 18:30:00,1.0
2021-02-01 19:30:00,1.0
2021-02-01 20:30:00,1.0
2021-02-02 14:30:00,1.0
2021-02-02 15:30:00,1.0
2021-02-02 16:30:00,1.0
2021-02-02 17:30:00,1.0
2021-02-02 18:30:00,1.0
2021-02-02 19:30:00,1.0
2021-02-02 20:30:00,1.0
2021-02-03 14:30:00,1.0
2021-02-03 15:30:00,1.0
2021-02-03 16:30:00,1.0
2021-02-03 17:30:00,1.0
2021-02-03 18:30:00,1.0
2021-02-03 19:30:00,1.0
2021-02-03 20:30:00,1.0
2021-02-04 14:30:00,1.0
2021-02-04 15:30:00,1.0
2021-02-04 16:30:00,1.0
2021-02-04 17:30:00,1.0
2021-02-04 18:30:00,1.0
2021-02-04 19:30:00,1.0
2021-02-04 20:30:00,1.0
2021-02-05 15:30:00,1.0
2021-02-05 16:30:00,1.0
2021-02-05 17:30:00,1.0
2021-02-05 18:30:00,1.0
2021-02-05 19:30:00,1.0
2021-02-05 20:30:00,1.0
2021-02-08 14:30:00,1.0
2021-02-08 15:30:00,1.0
2021-02-08 16:30:00,1.0
2021-02-08 17:30:00,1.0
2021-02-08 18:30:00,1.0
2021-02-08 19:30:00,1.0
2021-02-08 20:30:00,1.0
2021-02-09 14:30:00,1.0
2021-02-09 15:30:00,1.0
2021-02-09 16:30:00,1.0
2021-02-09 17:30:00,1.0
2021-02-09 18:30:00,1.0
2021-02-09 19:30:00,1.0
2021-02-09 20:30:00,1.0
2021-02-10 14:30:00,1.0
2021-02-10 15:30:00,1.0
2021-02-10 16:30:00,1.0
2021-02-10 17:30:00,1.0
2021-02-10 18:30:00,1.0
2021-02-10 19:30:00,1.0
2021-02-10 20:30:00,1.0
2021-02-11 14:30:00,1.0
2021-02-11 15:30:00,1.0
2021-02-11 16:30:00,1.0
2021-02-11 17:30:00,1.0
2021-02-11 18:30:00,1.0
2021-02-11 19:30:00,1.0
2021-02-11 20:30:00,1.0
2021-02-12 14:30:00,1.0
2021-02-12 15:30:00,1.0
2021-02-12 16:30:00,1.0
2021-02-12 17:30:00,1.0
2021-02-12 18:30:00,1.0
2021-02-12 19:30:00,1.0
2021-02-12 20:30:00,1.0
2021-02-16 14:30:00,1.0
2021-02-16 15:30:00,1.0
2021-02-16 16:30:00,1.0
2021-02-16 17:30:00,1.0
2021-02-16 18:30:00,1.0
2021-02-16 19:30:00,1.0
2021-02-16 20:30:00,1.0
2021-02-17 14:30:00,1.0
2021-02-17 15:30:00,1.0
2021-02-17 16:30:00,1.0
2021-02-17 17:30:00,1.0
2021-02-17 18:30:00,1.0
2021-02-17 19:30:00,1.0
2021-02-17 20:30:00,1.0
2021-02-18 14:30:00,1.0
2021-02-18 15:30:00,1.0
2021-02-18 16:30:00,1.0
2021-02-18 17:30:00,1.0
2021-02-18 18:30:00,1.0
2021-02-18 19:30:00,1.0
2021-02-18 20:30:00,1.0
2021-02-19 14:30:00,1.0
2021-02-19 15:30:00,1.0
2021-02-19 16:30:00,1.0
2021-02-19 17:30:00,1.0
2021-02-19 18:30:00,1.0
2021-02-19 19:30:00,1.0
2021-02-19 20:30:00,1.0
2021-02-22 14:30:00,1.0
2021-02-22 15:30:00,1.0
2021-02-22 16:30:00,1.0
2021-02-22 17:30:00,1.0
2021-02-22 18:30:00,1.0
2021-02-22 19:30:00,1.0
2021-02-22 20:30:00,1.0
2021-02-23 14:30:00,1.0
2021-02-23 15:30:00,1.0
2021-02-23 16:30:00,1.0
2021-02-23 17:30:00,1.0
2021-02-23 18:30:00,1.0
2021-02-23 19:30:00,1.0
2021-02-23 20:30:00,1.0
2021-02-24 14:30:00,1.0
2021-02-24 15:30:00,1.0
2021-02-24 16:30:00,1.0
2021-02-24 17:30:00,1.0
2021-02-24 18:30:00,1.0
2021-02-24 19:30:00,1.0
2021-02-24 20:30:00,1.0
2021-02-25 14:30:00,1.0
2021-02-25 15:30:00,1.0
2021-02-25 16:30:00,1.0
2021-02-25 17:30:00,1.0
2021-02-25 18:30:00,1.0
2021-02-25 19:30:00,1.0
2021-02-25 20:30:00,1.0
2021-02-26 14:30:00,1.0
2021-02-26 15:30:00,1.0
2021-02-26 16:30:00,1.0
2021-02-26 17:30:00,1.0
2021-02-26 18:30:00,1.0
2021-02-26 19:30:00,1.0
2021-02-26 20:30:00,1.0
2021-03-01 14:30:00,1.0
2021-03-01 15:30:00,1.0
2021-03-01 16:30:00,1.0
2021-03-01 17:30:00,1.0
2021-03-01 18:30:00,1.0
2021-03-01 19:30:00,1.0
2021-03-01 20:30:00,1.0
2021-03-02 14:30:00,1.0
2021-03-02 15:30:00,1.0
2021-03-02 16:30:00,1.0
2021-03-02 17:30:00,1.0
2021-03-02 18:30:00,1.0
2021-03-02 19:30:00,1.0
2021-03-02 20:30:00,1.0
2021-03-03 14:30:00,1.0
2021-03-03 15:30:00,1.0
2021-03-03 16:30:00,1.0
2021-03-03 17:30:00,1.0
2021-03-03 18:30:00,1.0
2021-03-03 19:30:00,1.0
2021-03-03 20:30:00,1.0
2021-03-04 14:30:00,1.0
2021-03-04 15:30:00,1.0
2021-03-04 16:30:00,1.0
2021-03-04 17:30:00,1.0
2021-03-04 18:30:00,1.0
2021-03-04 19:30:00,1.0
2021-03-04 20:30:00,1.0
2021-03-05 14:30:00,1.0
2021-03-05 15:30:00,1.0
2021-03-05 16:30:00,1.0
2021-03-05 17:30:00,1.0
2021-03-05 18:30:00,1.0
2021-03-05 19:30:00,1.0
2021-03-05 20:30:00,1.0
2021-03-08 14:30:00,1.0
2021-03-08 15:30:00,1.0
2021-03-08 16:30:00,1.0
2021-03-08 17:30:00,1.0
2021-03-08 18:30:00,1.0
2021-03-08 19:30:00,1.0
2021-03-08 20:30:00,1.0
2021-03-09 14:30:00,1.0
2021-03-09 15:30:00,1.0
2021-03-09 16:30:00,1.0
2021-03-09 17:30:00,1.0
2021-03-09 18:30:00,1.0
2021-03-09 19:30:00,1.0
2021-03-09 20:30:00,1.0
2021-03-10 14:30:00,1.0
2021-03-10 15:30:00,1.0
2021-03-10 16:30:00,1.0
2021-03-10 17:30:00,1.0
2021-03-10 18:30:00,1.0
2021-03-10 19:30:00,1.0
2021-03-10 20:30:00,1.0
2021-03-11 14:30:00,1.0
2021-03-11 15:30:00,1.0
2021-03-11 16:30:00,1.0
2021-03-11 17:30:00,1.0
2021-03-11 18:30:00,1.0
2021-03-11 19:30:00,1.0
2021-03-11 20:30:00,1.0
2021-03-12 14:30:00,1.0
2021-03-12 15:30:00,1.0
2021-03-12 16:30:00,1.0
2021-03-12 17:30:00,1.0
2021-03-12 18:30:00,1.0
2021-03-12 19:30:00,1.0
2021-03-12 20:30:00,1.0
2021-03-15 13:30:00,1.0
2021-03-15 14:30:00,1.0
2021-03-15 15:30:00,1.0
2021-03-15 16:30:00,1.0
2021-03-15 17:30:00,1.0
2021-03-15 18:30:00,1.0
2021-03-15 19:30:00,1.0
2021-03-16 13:30:00,1.0
2021-03-16 14:30:00,1.0
2021-03-16 15:30:00,1.0
2021-03-16 16:30:00,1.0
2021-03-16 17:30:00,1.0
2021-03-16 18:30:00,1.0
2021-03-16 19:30:00,1.0
2021-03-17 13:30:00,1.0
2021-03-17 14:30:00,1.0
2021-03-17 15:30:00,1.0
2021-03-17 16:30:00,1.0
2021-03-17 17:30:00,1.0
2021-03-17 18:30:00,1.0
2021-03-17 19:30:00,1.0
2021-03-18 13:30:00,1.0
2021-03-18 14:30:00,1.0
2021-03-18 15:30:00,1.0
2021-03-18 16:30:00,1.0
2021-03-18 17:30:00,1.0
2021-03-18 18:30:00,1.0
2021-03-18 19:30:00,1.0
2021-03-19 13:30:00,1.0
2021-03-19 14:30:00,1.0
2021-03-19 15:30:00,1.0
2021-03-19 16:30:00,1.0
2021-03-19 17:30:00,1.0
2021-03-19 18:30:00,1.0
2021-03-19 19:30:00,1.0
2021-03-22 13:30:00,1.0
2021-03-22 14:30:00,1.0
2021-03-22 15:30:00,1.0
2021-03-22 16:30:00,1.0
2021-03-22 17:30:00,1.0
2021-03-22 18:30:00,1.0
2021-03-22 19:30:00,1.0
2021-03-23 13:30:00,1.0
2021-03-23 14:30:00,1.0
2021-03-23 15:30:00,1.0
2021-03-23 16:30:00,1.0
2021-03-23 17:30:00,1.0
2021-03-23 18:30:00,1.0
2021-03-23 19:30:00,1.0
2021-03-24 13:30:00,1.0
2021-03-24 14:30:00,1.0
2021-03-24 15:30:00,1.0
2021-03-24 16:30:00,1.0
2021-03-24 17:30:00,1.0
2021-03-24 18:30:00,1.0
2021-03-24 19:30:00,1.0
2021-03-25 13:30:00,1.0
2021-03-25 14:30:00,1.0
2021-03-25 15:30:00,1.0
2021-03-25 16:30:00,1.0
2021-03-25 17:30:00,1.0
2021-03-25 18:30:00,1.0
2021-03-25 19:30:00,1.0
2021-03-26 13:30:00,1.0
2021-03-26 14:30:00,1.0
2021-03-26 15:30:00,1.0
2021-03-26 16:30:00,1.0
2021-03-26 17:30:00,1.0
2021-03-26 18:30:00,1.0
2021-03-26 19:30:00,1.0
2021-03-29 13:30:00,1.0
2021-03-29 14:30:00,1.0
2021-03-29 15:30:00,1.0
2021-03-29 16:30:00,1.0
2021-03-29 17:30:00,1.0
2021-03-29 18:30:00,1.0
2021-03-29 19:30:00,1.0
2021-03-30 13:30:00,1.0
2021-03-30 14:30:00,1.0
2021-03-30 15:30:00,1.0
2021-03-30 16:30:00,1.0
2021-03-30 17:30:00,1.0
2021-03-30 18:30:00,1.0
2021-03-30 19:30:00,1.0
2021-03-31 13:30:00,1.0
2021-03-31 14:30:00,1.0
2021-03-31 15:30:00,1.0
2021-03-31 16:30:00,1.0
2021-03-31 17:30:00,1.0
2021-03-31 18:30:00,1.0
2021-03-31 19:30:00,1.0
2021-04-01 13:30:00,1.0
2021-04-01 14:30:00,1.0
2021-04-01 15:30:00,1.0
2021-04-01 16:30:00,1.0
2021-04-01 17:30:00,1.0
2021-04-01 18:30:00,1.0
2021-04-01 19:30:00,1.0
2021-04-05 13:30:00,1.0
2021-04-05 14:30:00,1.0
2021-04-05 15:30:00,1.0
2021-04-05 16:30:00,1.0
2021-04-05 17:30:00,1.0
2021-04-05 18:30:00,1.0
2021-04-05 19:30:00,1.0
2021-04-06 13:30:00,1.0
2021-04-06 14:30:00,1.0
2021-04-06 15:30:00,1.0
2021-04-06 16:30:00,1.0
2021-04-06 17:30:00,1.0
2021-04-06 18:30:00,1.0
2021-04-06 19:30:00,1.0
2021-04-07 13:30:00,1.0
2021-04-07 14:30:00,1.0
2021-04-07 15:30:00,1.0
2021-04-07 16:30:00,1.0
2021-04-07 17:30:00,1.0
2021-04-07 18:30:00,1.0
2021-04-07 19:30:00,1.0
2021-04-08 13:30:00,1.0
2021-04-08 14:30:00,1.0
2021-04-08 15:30:00,1.0
2021-04-08 16:30:00,1.0
2021-04-08 17:30:00,1.0
2021-04-08 18:30:00,1.0
2021-04-08 19:30:00,1.0
2021-04-09 13:30:00,1.0
2021-04-09 14:30:00,1.0
2021-04-09 15:30:00,1.0
2021-04-09 16:30:00,1.0
2021-04-09 17:30:00,1.0
2021-04-09 18:30:00,1.0
2021-04-09 19:30:00,1.0
2021-04-12 13:30:00,1.0
2021-04-12 14:30:00,1.0
2021-04-12 15:30:00,1.0
2021-04-12 16:30:00,1.0
2021-04-12 17:30:00,1.0
2021-04-12 18:30:00,1.0
2021-04-12 19:30:00,1.0
2021-04-13 13:30:00,1.0
2021-04-13 14:30:00,1.0
2021-04-13 15:30:00,1.0
2021-04-13 16:30:00,1.0
2021-04-13 17:30:00,1.0
2021-04-13 18:30:00,1.0
2021-04-13 19:30:00,1.0
2021-04-14 13:30:00,1.0
2021-04-14 14:30:00,1.0
2021-04-14 15:30:00,1.0
2021-04-14 16:30:00,1.0
2021-04-14 17:30:00,1.0
2021-04-14 18:30:00,1.0
2021-04-14 19:30:00,1.0
2021-04-15 13:30:00,1.0
2021-04-15 14:30:00,1.0
2021-04-15 15:30:00,1.0
2021-04-15 16:30:00,1.0
2021-04-15 17:30:00,1.0
2021-04-15 18:30:00,1.0
2021-04-15 19:30:00,1.0
2021-04-16 13:30:00,1.0
2021-04-16 14:30:00,1.0
2021-04-16 15:30:00,1.0
2021-04-16 16:30:00,1.0
2021-04-16 17:30:00,1.0
2021-04-16 18:30:00,1.0
2021-04-16 19:30:00,1.0
2021-04-19 13:30:00,1.0
2021-04-19 14:30:00,1.0
2021-04-19 15:30:00,1.0
2021-04-19 16:30:00,1.0
2021-04-19 17:30:00,1.0
2021-04-19 18:30:00,1.0
2021-04-19 19:30:00,1.0
2021-04-20 13:30:00,1.0
2021-04-20 14:30:00,1.0
2021-04-20 15:30:00,1.0
2021-04-20 16:30:00,1.0
2021-04-20 17:30:00,1.0
2021-04-20 18:30:00,1.0
2021-04-20 19:30:00,1.0
2021-04-21 13:30:00,1.0
2021-04-21 14:30:00,1.0
2021-04-21 15:30:00,1.0
2021-04-21 16:30:00,1.0
2021-04-21 17:30:00,1.0
2021-04-21 18:30:00,1.0
2021-04-21 19:30:00,1.0
2021-04-22 13:30:00,1.0
2021-04-22 14:30:00,1.0
2021-04-22 15:30:00,1.0
2021-04-22 17:30:00,1.0
2021-04-22 18:30:00,1.0
2021-04-22 19:30:00,1.0
2021-04-23 13:30:00,1.0
2021-04-23 14:30:00,1.0
2021-04-23 15:30:00,1.0
2021-04-23 16:30:00,1.0
2021-04-23 17:30:00,1.0
2021-04-23 18:30:00,1.0
2021-04-23 19:30:00,1.0
2021-04-26 13:30:00,1.0
2021-04-26 14:30:00,1.0
2021-04-26 15:30:00,1.0
2021-04-26 16:30:00,1.0
2021-04-26 17:30:00,1.0
2021-04-26 18:30:00,1.0
2021-04-26 19:30:00,1.0
2021-04-27 13:30:00,1.0
2021-04-27 14:30:00,1.0
2021-04-27 15:30:00,1.0
2021-04-27 16:30:00,1.0
2021-04-27 17:30:00,1.0
2021-04-27 18:30:00,1.0
2021-04-27 19:30:00,1.0
2021-04-28 13:30:00,1.0
2021-04-28 14:30:00,1.0
2021-04-28 15:30:00,1.0
2021-04-28 16:30:00,1.0
2021-04-28 17:30:00,1.0
2021-04-28 18:30:00,1.0
2021-04-28 19:30:00,1.0
2021-04-29 13:30:00,1.0
2021-04-29 14:30:00,1.0
2021-04-29 15:30:00,1.0
2021-04-29 16:30:00,1.0
2021-04-29 17:30:00,1.0
2021-04-29 18:30:00,1.0
2021-04-29 19:30:00,1.0
2021-04-30 13:30:00,1.0
2021-04-30 14:30:00,1.0
2021-04-30 15:30:00,1.0
2021-04-30 16:30:00,1.0
2021-04-30 17:30:00,1.0
2021-04-30 18:30:00,1.0
2021-04-30 19:30:00,1.0
2021-05-03 13:30:00,1.0
2021-05-03 14:30:00,1.0
2021-05-03 15:30:00,1.0
2021-05-03 16:30:00,1.0
2021-05-03 17:30:00,1.0
2021-05-03 18:30:00,1.0
2021-05-03 19:30:00,1.0
2021-05-04 13:30:00,1.0
2021-05-04 14:30:00,1.0
2021-05-04 15:30:00,1.0
2021-05-04 16:30:00,1.0
2021-05-04 17:30:00,1.0
2021-05-04 18:30:00,1.0
2021-05-04 19:30:00,1.0
2021-05-05 13:30:00,1.0
2021-05-05 14:30:00,1.0
2021-05-05 15:30:00,1.0
2021-05-05 16:30:00,1.0
2021-05-05 17:30:00,1.0
2021-05-05 18:30:00,1.0
2021-05-05 19:30:00,1.0
2021-05-06 13:30:00,1.0
2021-05-06 14:30:00,1.0
2021-05-06 15:30:00,1.0
2021-05-06 16:30:00,1.0
2021-05-06 17:30:00,1.0
2021-05-06 18:30:00,1.0
2021-05-06 19:30:00,1.0
2021-05-07 13:30:00,1.0
2021-05-07 14:30:00,1.0
2021-05-07 15:30:00,1.0
2021-05-07 16:30:00,1.0
2021-05-07 17:30:00,1.0
2021-05-07 18:30:00,1.0
2021-05-07 19:30:00,1.0
2021-05-10 13:30:00,1.0
2021-05-10 14:30:00,1.0
2021-05-10 15:30:00,1.0
2021-05-10 16:30:00,1.0
2021-05-10 17:30:00,1.0
2021-05-10 18:30:00,1.0
2021-05-10 19:30:00,1.0
2021-05-11 13:30:00,1.0
2021-05-11 14:30:00,1.0
2021-05-11 15:30:00,1.0
2021-05-11 16:30:00,1.0
2021-05-11 17:30:00,1.0
2021-05-11 18:30:00,1.0
2021-05-11 19:30:00,1.0
2021-05-12 13:30:00,1.0
2021-05-12 14:30:00,1.0
2021-05-12 15:30:00,1.0
2021-05-12 16:30:00,1.0
2021-05-12 17:30:00,1.0
2021-05-12 18:30:00,1.0
2021-05-12 19:30:00,1.0
2021-05-13 13:30:00,1.0
2021-05-13 14:30:00,1.0
2021-05-13 15:30:00,1.0
2021-05-13 16:30:00,1.0
2021-05-13 17:30:00,1.0
2021-05-13 18:30:00,1.0
2021-05-13 19:30:00,1.0
2021-05-14 13:30:00,1.0
2021-05-14 14:30:00,1.0
2021-05-14 15:30:00,1.0
2021-05-14 16:30:00,1.0
2021-05-14 17:30:00,1.0
2021-05-14 18:30:00,1.0
2021-05-14 19:30:00,1.0
2021-05-17 14:30:00,1.0
2021-05-17 15:30:00,1.0
2021-05-17 16:30:00,1.0
2021-05-17 17:30:00,1.0
2021-05-17 18:30:00,1.0
2021-05-17 19:30:00,1.0
2021-05-18 13:30:00,1.0
2021-05-18 14:30:00,1.0
2021-05-18 15:30:00,1.0
2021-05-18 16:30:00,1.0
2021-05-18 17:30:00,1.0
2021-05-18 18:30:00,1.0
2021-05-18 19:30:00,1.0
2021-05-19 13:30:00,1.0
2021-05-19 14:30:00,1.0
2021-05-19 15:30:00,1.0
2021-05-19 16:30:00,1.0
2021-05-19 17:30:00,1.0
2021-05-19 18:30:00,1.0
2021-05-19 19:30:00,1.0
2021-05-20 13:30:00,1.0
2021-05-20 14:30:00,1.0
2021-05-20 15:30:00,1.0
2021-05-20 16:30:00,1.0
2021-05-20 17:30:00,1.0
2021-05-20 18:30:00,1.0
2021-05-21 13:30:00,1.0
2021-05-21 14:30:00,1.0
2021-05-21 15:30:00,1.0
2021-05-21 16:30:00,1.0
2021-05-21 17:30:00,1.0
2021-05-21 18:30:00,1.0
2021-05-21 19:30:00,1.0
2021-05-24 13:30:00,1.0
2021-05-24 14:30:00,1.0
2021-05-24 15:30:00,1.0
2021-05-24 16:30:00,1.0
2021-05-24 17:30:00,1.0
2021-05-24 18:30:00,1.0
2021-05-24 19:30:00,1.0
2021-05-25 13:30:00,1.0
2021-05-25 14:30:00,1.0
2021-05-25 15:30:00,1.0
2021-05-25 16:30:00,1.0
2021-05-25 17:30:00,1.0
2021-05-25 18:30:00,1.0
2021-05-25 19:30:00,1.0
2021-05-26 13:30:00,1.0
2021-05-26 14:30:00,1.0
2021-05-26 15:30:00,1.0
2021-05-26 16:30:00,1.0
2021-05-26 17:30:00,1.0
2021-05-26 18:30:00,1.0
2021-05-26 19:30:00,1.0
2021-05-27 13:30:00,1.0
2021-05-27 14:30:00,1.0
2021-05-27 15:30:00,1.0
2021-05-27 16:30:00,1.0
2021-05-27 17:30:00,1.0
2021-05-27 18:30:00,1.0
2021-05-27 19:30:00,1.0
2021-05-28 13:30:00,1.0
2021-05-28 14:30:00,1.0
2021-05-28 15:30:00,1.0
2021-05-28 16:30:00,1.0
2021-05-28 17:30:00,1.0
2021-05-28 18:30:00,1.0
2021-05-28 19:30:00,1.0
2021-06-01 13:30:00,1.0
2021-06-01 14:30:00,1.0
2021-06-01 15:30:00,1.0
2021-06-01 16:30:00,1.0
2021-06-01 17:30:00,1.0
2021-06-01 18:30:00,1.0
2021-06-01 19:30:00,1.0
2021-06-02 13:30:00,1.0
2021-06-02 14:30:00,1.0
2021-06-02 15:30:00,1.0
2021-06-02 16:30:00,1.0
2021-06-02 17:30:00,1.0
2021-06-02 18:30:00,1.0
2021-06-02 19:30:00,1.0
2021-06-03 13:30:00,1.0
2021-06-03 14:30:00,1.0
2021-06-03 15:30:00,1.0
2021-06-03 16:30:00,1.0
2021-06-03 17:30:00,1.0
2021-06-03 18:30:00,1.0
2021-06-03 19:30:00,1.0
2021-06-04 13:30:00,1.0
2021-06-04 14:30:00,1.0
2021-06-04 15:30:00,1.0
2021-06-04 16:30:00,1.0
2021-06-04 17:30:00,1.0
2021-06-04 18:30:00,1.0
2021-06-04 19:30:00,1.0
2021-06-07 13:30:00,1.0
2021-06-07 14:30:00,1.0
2021-06-07 15:30:00,1.0
2021-06-07 16:30:00,1.0
2021-06-07 17:30:00,1.0
2021-06-07 18:30:00,1.0
2021-06-07 19:30:00,1.0
2021-06-08 13:30:00,1.0
2021-06-08 14:30:00,1.0
2021-06-08 15:30:00,1.0
2021-06-08 16:30:00,1.0
2021-06-08 17:30:00,1.0
2021-06-08 18:30:00,1.0
2021-06-08 19:30:00,1.0
2021-06-09 13:30:00,1.0
2021-06-09 14:30:00,1.0
2021-06-09 15:30:00,1.0
2021-06-09 16:30:00,1.0
2021-06-09 17:30:00,1.0
2021-06-09 18:30:00,1.0
2021-06-09 19:30:00,1.0
2021-06-10 13:30:00,1.0
2021-06-10 14:30:00,1.0
2021-06-10 15:30:00,1.0
2021-06-10 16:30:00,1.0
2021-06-10 17:30:00,1.0
2021-06-10 18:30:00,1.0
2021-06-10 19:30:00,1.0
2021-06-11 13:30:00,1.0
2021-06-11 14:30:00,1.0
2021-06-11 15:30:00,1.0
2021-06-11 16:30:00,1.0
2021-06-11 17:30:00,1.0
2021-06-11 18:30:00,1.0
2021-06-11 19:30:00,1.0
2021-06-14 13:30:00,1.0
2021-06-14 14:30:00,1.0
2021-06-14 15:30:00,1.0
2021-06-14 16:30:00,1.0
2021-06-14 17:30:00,1.0
2021-06-14 18:30:00,1.0
2021-06-14 19:30:00,1.0
2021-06-15 13:30:00,1.0
2021-06-15 14:30:00,1.0
2021-06-15 15:30:00,1.0
2021-06-15 16:30:00,1.0
2021-06-15 17:30:00,1.0
2021-06-15 18:30:00,1.0
2021-06-15 19:30:00,1.0
2021-06-16 13:30:00,1.0
2021-06-16 14:30:00,1.0
2021-06-16 15:30:00,0.9832685872533559
2021-06-16 16:30:00,0.9832685872533559
2021-06-16 17:30:00,0.9832685872533559
2021-06-16 18:30:00,0.9832685872533559
2021-06-16 19:30:00,0.9832685872533559
2021-06-17 13:30:00,0.9832685872533559
2021-06-17 14:30:00,0.9832685872533559
2021-06-17 15:30:00,0.9832685872533559
2021-06-17 16:30:00,0.9832685872533559
2021-06-17 17:30:00,0.9832685872533559
2021-06-17 18:30:00,0.9832685872533559
2021-06-17 19:30:00,0.9832685872533559
2021-06-18 13:30:00,0.9832685872533559
2021-06-18 14:30:00,0.9832685872533559
2021-06-18 15:30:00,0.9832685872533559
2021-06-18 16:30:00,0.9832685872533559
2021-06-18 17:30:00,0.9832685872533559
2021-06-18 18:30:00,0.9832685872533559
2021-06-18 19:30:00,0.9832685872533559
2021-06-21 13:30:00,0.9832685872533559
2021-06-21 14:30:00,0.9832685872533559
2021-06-21 15:30:00,0.9832685872533559
2021-06-21 16:30:00,0.9832685872533559
2021-06-21 17:30:00,0.9832685872533559
2021-06-21 18:30:00,0.9832685872533559
2021-06-21 19:30:00,0.9832685872533559
2021-06-22 13:30:00,0.9832685872533559
2021-06-22 14:30:00,0.9832685872533559
2021-06-22 15:30:00,0.9997965559404106
2021-06-22 16:30:00,0.9997965559404106
2021-06-22 17:30:00,0.9997965559404106
2021-06-22 18:30:00,0.9997965559404106
2021-06-22 19:30:00,0.9997965559404106
2021-06-23 13:30:00,0.9997965559404106
2021-06-23 14:30:00,0.9997965559404106
2021-06-23 15:30:00,0.9997965559404106
2021-06-23 16:30:00,0.9997965559404106
2021-06-23 17:30:00,0.9997965559404106
2021-06-23 18:30:00,0.9997965559404106
2021-06-23 19:30:00,0.9997965559404106
2021-06-24 13:30:00,0.9997965559404106
2021-06-24 14:30:00,0.9997965559404106
2021-06-24 15:30:00,0.9997965559404106
2021-06-24 16:30:00,0.9997965559404106
2021-06-24 17:30:00,0.9997965559404106
2021-06-24 18:30:00,0.9997965559404106
2021-06-24 19:30:00,0.9997965559404106
2021-06-25 13:30:00,0.9997965559404106
2021-06-25 14:30:00,0.9997965559404106
2021-06-25 15:30:00,0.9997965559404106
2021-06-25 16:30:00,0.9997965559404106
2021-06-25 17:30:00,0.9997965559404106
2021-06-25 18:30:00,0.9997965559404106
2021-06-25 19:30:00,0.9997965559404106
2021-06-28 13:30:00,0.9997965559404106
2021-06-28 14:30:00,0.9997965559404106
2021-06-28 15:30:00,0.994912641153047
2021-06-28 16:30:00,0.994912641153047
2021-06-28 17:30:00,0.994912641153047
2021-06-28 18:30:00,0.994912641153047
2021-06-28 19:30:00,0.994912641153047
2021-06-29 13:30:00,0.994912641153047
2021-06-29 14:30:00,0.994912641153047
2021-06-29 15:30:00,0.994912641153047
2021-06-29 16:30:00,0.994912641153047
2021-06-29 17:30:00,0.994912641153047
2021-06-29 18:30:00,0.994912641153047
2021-06-29 19:30:00,0.994912641153047
2021-06-30 13:30:00,0.994912641153047
2021-06-30 14:30:00,0.994912641153047
2021-06-30 15:30:00,0.994912641153047
2021-06-30 16:30:00,0.994912641153047
2021-06-30 17:30:00,0.994912641153047
2021-06-30 18:30:00,0.994912641153047
2021-06-30 19:30:00,0.994912641153047
2021-07-01 13:30:00,0.994912641153047
2021-07-01 14:30:00,0.994912641153047
2021-07-01 15:30:00,0.994912641153047
2021-07-01 16:30:00,0.994912641153047
2021-07-01 17:30:00,0.994912641153047
2021-07-01 18:30:00,0.994912641153047
2021-07-01 19:30:00,0.994912641153047
2021-07-02 13:30:00,0.994912641153047
2021-07-02 14:30:00,0.994912641153047
2021-07-02 15:30:00,0.994912641153047
2021-07-02 16:30:00,0.994912641153047
2021-07-02 17:30:00,0.994912641153047
2021-07-02 18:30:00,0.994912641153047
2021-07-02 19:30:00,0.994912641153047
2021-07-06 13:30:00,0.994912641153047
2021-07-06 14:30:00,0.994912641153047
2021-07-06 15:30:00,0.994912641153047
2021-07-06 16:30:00,0.994912641153047
2021-07-06 17:30:00,0.994912641153047
2021-07-06 18:30:00,0.994912641153047
2021-07-06 19:30:00,0.994912641153047
2021-07-07 13:30:00,0.994912641153047
2021-07-07 14:30:00,0.994912641153047
2021-07-07 15:30:00,0.9539002887006641
2021-07-07 16:30:00,0.9539002887006641
2021-07-07 17:30:00,0.9539002887006641
2021-07-07 18:30:00,0.9539002887006641
2021-07-07 19:30:00,0.9539002887006641
2021-07-08 13:30:00,0.9539002887006641
2021-07-08 14:30:00,0.9539002887006641
2021-07-08 15:30:00,0.9539002887006641
2021-07-08 16:30:00,0.9539002887006641
2021-07-08 17:30:00,0.9539002887006641
2021-07-08 18:30:00,0.9539002887006641
2021-07-08 19:30:00,0.9539002887006641
2021-07-09 13:30:00,0.9539002887006641
2021-07-09 14:30:00,0.9539002887006641
2021-07-09 15:30:00,0.9539002887006641
2021-07-09 16:30:00,0.9539002887006641
2021-07-09 17:30:00,0.9539002887006641
2021-07-09 18:30:00,0.9539002887006641
2021-07-09 19:30:00,0.9539002887006641
2021-07-12 13:30:00,0.9539002887006641
2021-07-12 14:30:00,0.9539002887006641
2021-07-12 15:30:00,0.9539002887006641
2021-07-12 16:30:00,0.9539002887006641
2021-07-12 17:30:00,0.9539002887006641
2021-07-12 18:30:00,0.9539002887006641
2021-07-12 19:30:00,0.9539002887006641
2021-07-13 13:30:00,0.9685872408027759
2021-07-13 14:30:00,0.9685872408027759
2021-07-13 15:30:00,0.9685872408027759
2021-07-13 16:30:00,0.9685872408027759
2021-07-13 17:30:00,0.9685872408027759
2021-07-13 18:30:00,0.9685872408027759
2021-07-13 19:30:00,0.9685872408027759
2021-07-14 13:30:00,0.9956512022344396
2021-07-14 14:30:00,0.9956512022344396
2021-07-14 15:30:00,0.9956512022344396
2021-07-14 16:30:00,0.9956512022344396
2021-07-14 17:30:00,0.9956512022344396
2021-07-14 18:30:00,0.9956512022344396
2021-07-14 19:30:00,0.9956512022344396
2021-07-15 13:30:00,0.9956512022344396
2021-07-15 14:30:00,0.9956512022344396
2021-07-15 15:30:00,0.9956512022344396
2021-07-15 16:30:00,0.9956512022344396
2021-07-15 17:30:00,0.9956512022344396
2021-07-15 18:30:00,0.9956512022344396
2021-07-15 19:30:00,0.9956512022344396
2021-07-16 13:30:00,0.9956512022344396
2021-07-16 14:30:00,0.9956512022344396
2021-07-16 15:30:00,0.9994654716114962
2021-07-16 16:30:00,0.9994654716114962
2021-07-16 17:30:00,0.9994654716114962
2021-07-16 18:30:00,0.9994654716114962
2021-07-16 19:30:00,0.9994654716114962
2021-07-19 13:30:00,0.9994654716114962
2021-07-19 14:30:00,0.9994654716114962
2021-07-19 15:30:00,0.9994654716114962
2021-07-19 16:30:00,0.9994654716114962
2021-07-19 17:30:00,0.9994654716114962
2021-07-19 18:30:00,0.9994654716114962
2021-07-19 19:30:00,0.9994654716114962
2021-07-20 13:30:00,0.9994654716114962
2021-07-20 14:30:00,0.9994654716114962
2021-07-20 15:30:00,0.9994654716114962
2021-07-20 16:30:00,0.9994654716114962
2021-07-20 17:30:00,0.9994654716114962
2021-07-20 18:30:00,0.9994654716114962
2021-07-21 13:30:00,0.9994654716114962
2021-07-21 14:30:00,0.9994654716114962
2021-07-21 15:30:00,0.9994654716114962
2021-07-21 16:30:00,1.0092720636551058
2021-07-21 17:30:00,1.0092720636551058
2021-07-21 18:30:00,1.0092720636551058
2021-07-21 19:30:00,1.0092720636551058
2021-07-22 13:30:00,1.0092720636551058
2021-07-22 14:30:00,1.0092720636551058
2021-07-22 15:30:00,1.0092720636551058
2021-07-22 16:30:00,1.0092720636551058
2021-07-22 17:30:00,1.0092720636551058
2021-07-22 18:30:00,1.0092720636551058
2021-07-22 19:30:00,1.0092720636551058
2021-07-23 13:30:00,1.0092720636551058
2021-07-23 14:30:00,1.0092720636551058
2021-07-23 15:30:00,1.0092720636551058
2021-07-23 16:30:00,1.0092720636551058
2021-07-23 17:30:00,1.0092720636551058
2021-07-23 18:30:00,1.0092720636551058
2021-07-23 19:30:00,1.0092720636551058
2021-07-26 13:30:00,1.0092720636551058
2021-07-26 14:30:00,1.0092720636551058
2021-07-26 15:30:00,0.9856433106822281
2021-07-26 16:30:00,0.9856433106822281
2021-07-26 17:30:00,0.9856433106822281
2021-07-26 18:30:00,0.9856433106822281
2021-07-26 19:30:00,0.9856433106822281
2021-07-27 13:30:00,0.9856433106822281
2021-07-27 14:30:00,0.9856433106822281
2021-07-27 15:30:00,0.9856433106822281
2021-07-27 16:30:00,0.9856433106822281
2021-07-27 17:30:00,0.9856433106822281
2021-07-27 18:30:00,0.9856433106822281
2021-07-27 19:30:00,0.9856433106822281
2021-07-28 13:30:00,0.9856433106822281
2021-07-28 14:30:00,0.9856433106822281
2021-07-28 15:30:00,0.9856433106822281
2021-07-28 16:30:00,0.9856433106822281
2021-07-28 17:30:00,0.9856433106822281
2021-07-28 18:30:00,0.9856433106822281
2021-07-28 19:30:00,0.9856433106822281
2021-07-29 13:30:00,0.9856433106822281
2021-07-29 14:30:00,0.9856433106822281
2021-07-29 15:30:00,0.9856433106822281
2021-07-29 16:30:00,0.9856433106822281
2021-07-29 17:30:00,0.9856433106822281
2021-07-29 18:30:00,0.9856433106822281
2021-07-29 19:30:00,0.9856433106822281
2021-07-30 13:30:00,0.9856433106822281
2021-07-30 14:30:00,0.9856433106822281
2021-07-30 15:30:00,0.9883996410176419
2021-07-30 16:30:00,0.9883996410176419
2021-07-30 17:30:00,0.9883996410176419
2021-07-30 18:30:00,0.9883996410176419
2021-07-30 19:30:00,0.9883996410176419
2021-08-02 13:30:00,0.9883996410176419
2021-08-02 14:30:00,0.9883996410176419
2021-08-02 15:30:00,0.9883996410176419
2021-08-02 16:30:00,0.9883996410176419
2021-08-02 17:30:00,0.9883996410176419
2021-08-02 18:30:00,0.9883996410176419
2021-08-02 19:30:00,0.9883996410176419
2021-08-03 13:30:00,0.9883996410176419
2021-08-03 14:30:00,0.9883996410176419
2021-08-03 15:30:00,0.9883996410176419
2021-08-03 16:30:00,0.9883996410176419
2021-08-03 17:30:00,0.9883996410176419
2021-08-03 18:30:00,0.9883996410176419
2021-08-03 19:30:00,0.9883996410176419
2021-08-04 13:30:00,0.9883996410176419
2021-08-04 14:30:00,0.9883996410176419
2021-08-04 15:30:00,0.9835984210080503
2021-08-04 16:30:00,0.9835984210080503
2021-08-04 17:30:00,0.9835984210080503
2021-08-04 18:30:00,0.9835984210080503
2021-08-04 19:30:00,0.9835984210080503
2021-08-05 13:30:00,0.9835984210080503
2021-08-05 14:30:00,0.9835984210080503
2021-08-05 15:30:00,0.9835984210080503
2021-08-05 16:30:00,0.9835984210080503
2021-08-05 17:30:00,0.9835984210080503
2021-08-05 18:30:00,0.9835984210080503
2021-08-05 19:30:00,0.9835984210080503
2021-08-06 13:30:00,0.9835984210080503
2021-08-06 14:30:00,0.9835984210080503
2021-08-06 15:30:00,0.9835984210080503
2021-08-06 16:30:00,0.9835984210080503
2021-08-06 17:30:00,0.9835984210080503
2021-08-06 18:30:00,0.9835984210080503
2021-08-06 19:30:00,0.9835984210080503
2021-08-09 13:30:00,0.9835984210080503
2021-08-09 14:30:00,0.9835984210080503
2021-08-09 15:30:00,0.9835984210080503
2021-08-09 16:30:00,0.9835984210080503
2021-08-09 17:30:00,0.9835984210080503
2021-08-09 18:30:00,0.9835984210080503
2021-08-09 19:30:00,0.9835984210080503
2021-08-10 13:30:00,0.9835984210080503
2021-08-10 14:30:00,0.9835984210080503
2021-08-10 15:30:00,0.979763166307179
2021-08-10 16:30:00,0.979763166307179
2021-08-10 17:30:00,0.979763166307179
2021-08-10 18:30:00,0.979763166307179
2021-08-10 19:30:00,0.979763166307179
2021-08-11 13:30:00,0.979763166307179
2021-08-11 14:30:00,0.979763166307179
2021-08-11 15:30:00,0.979763166307179
2021-08-11 16:30:00,0.979763166307179
2021-08-11 17:30:00,0.979763166307179
2021-08-11 18:30:00,0.979763166307179
2021-08-11 19:30:00,0.979763166307179
2021-08-12 13:30:00,0.979763166307179
2021-08-12 14:30:00,0.979763166307179
2021-08-12 15:30:00,0.979763166307179
2021-08-12 16:30:00,0.979763166307179
2021-08-12 17:30:00,0.979763166307179
2021-08-12 18:30:00,0.979763166307179
2021-08-12 19:30:00,0.979763166307179
2021-08-13 13:30:00,0.979763166307179
2021-08-13 14:30:00,0.979763166307179
2021-08-13 15:30:00,0.979763166307179
2021-08-13 16:30:00,0.979763166307179
2021-08-13 17:30:00,0.979763166307179
2021-08-13 18:30:00,0.979763166307179
2021-08-13 19:30:00,0.979763166307179
2021-08-16 13:30:00,0.979763166307179
2021-08-16 14:30:00,0.979763166307179
2021-08-16 15:30:00,0.979763166307179
2021-08-16 16:30:00,0.979763166307179
2021-08-16 17:30:00,0.979763166307179
2021-08-16 18:30:00,0.979763166307179
2021-08-16 19:30:00,0.979763166307179
2021-08-17 13:30:00,0.979763166307179
2021-08-17 14:30:00,0.979763166307179
2021-08-17 15:30:00,0.979763166307179
2021-08-17 16:30:00,0.979763166307179
2021-08-17 17:30:00,0.979763166307179
2021-08-17 18:30:00,0.979763166307179
2021-08-17 19:30:00,0.979763166307179
2021-08-18 13:30:00,0.979763166307179
2021-08-18 14:30:00,0.979763166307179
2021-08-18 15:30:00,0.979763166307179
2021-08-18 16:30:00,0.979763166307179
2021-08-18 17:30:00,0.979763166307179
2021-08-18 18:30:00,0.979763166307179
2021-08-18 19:30:00,0.979763166307179
2021-08-19 13:30:00,0.979763166307179
2021-08-19 14:30:00,0.979763166307179
2021-08-19 15:30:00,0.979763166307179
2021-08-19 16:30:00,0.979763166307179
2021-08-19 17:30:00,0.979763166307179
2021-08-19 18:30:00,0.979763166307179
2021-08-19 19:30:00,0.979763166307179
2021-08-20 13:30:00,0.979763166307179
2021-08-20 14:30:00,0.979763166307179
2021-08-20 15:30:00,0.979763166307179
2021-08-20 16:30:00,0.979763166307179
2021-08-20 17:30:00,0.979763166307179
2021-08-20 18:30:00,0.979763166307179
2021-08-20 19:30:00,0.979763166307179
2021-08-23 13:30:00,0.979763166307179
2021-08-23 14:30:00,0.979763166307179
2021-08-23 15:30:00,1.012081907171921
2021-08-23 16:30:00,1.012081907171921
2021-08-23 17:30:00,1.012081907171921
2021-08-23 18:30:00,1.012081907171921
2021-08-23 19:30:00,1.012081907171921
2021-08-24 13:30:00,1.012081907171921
2021-08-24 14:30:00,1.012081907171921
2021-08-24 15:30:00,1.012081907171921
2021-08-24 16:30:00,1.012081907171921
2021-08-24 17:30:00,1.012081907171921
2021-08-24 18:30:00,1.012081907171921
2021-08-24 19:30:00,1.012081907171921
2021-08-25 13:30:00,1.012081907171921
2021-08-25 14:30:00,1.012081907171921
2021-08-25 15:30:00,1.012081907171921
2021-08-25 16:30:00,1.012081907171921
2021-08-25 17:30:00,1.012081907171921
2021-08-25 18:30:00,1.012081907171921
2021-08-25 19:30:00,1.012081907171921
2021-08-26 13:30:00,1.012081907171921
2021-08-26 14:30:00,1.012081907171921
2021-08-26 15:30:00,1.012081907171921
2021-08-26 16:30:00,1.012081907171921
2021-08-26 17:30:00,1.012081907171921
2021-08-26 18:30:00,1.012081907171921
2021-08-26 19:30:00,1.012081907171921
2021-08-27 13:30:00,1.012081907171921
2021-08-27 14:30:00,1.012081907171921
2021-08-27 15:30:00,1.012081907171921
2021-08-27 16:30:00,1.012081907171921
2021-08-27 17:30:00,1.012081907171921
2021-08-27 18:30:00,1.012081907171921
2021-08-27 19:30:00,1.012081907171921
2021-08-30 13:30:00,1.012081907171921
2021-08-30 14:30:00,1.012081907171921
2021-08-30 15:30:00,1.012081907171921
2021-08-30 16:30:00,1.012081907171921
2021-08-30 17:30:00,1.012081907171921
2021-08-30 18:30:00,1.012081907171921
2021-08-31 13:30:00,1.012081907171921
2021-08-31 14:30:00,1.012081907171921
2021-08-31 15:30:00,1.012081907171921
2021-08-31 16:30:00,1.012081907171921
2021-08-31 17:30:00,1.012081907171921
2021-08-31 18:30:00,1.012081907171921
2021-08-31 19:30:00,1.012081907171921
2021-09-01 13:30:00,1.012081907171921
2021-09-01 14:30:00,1.012081907171921
2021-09-01 15:30:00,1.012081907171921
2021-09-01 16:30:00,1.012081907171921
2021-09-01 17:30:00,1.012081907171921
2021-09-01 18:30:00,1.012081907171921
2021-09-01 19:30:00,1.012081907171921
2021-09-02 13:30:00,1.012081907171921
2021-09-02 14:30:00,1.012081907171921
2021-09-02 15:30:00,1.012081907171921
2021-09-02 16:30:00,1.012081907171921
2021-09-02 17:30:00,1.012081907171921
2021-09-02 18:30:00,1.012081907171921
2021-09-02 19:30:00,1.012081907171921
2021-09-03 13:30:00,1.012081907171921
2021-09-03 14:30:00,1.012081907171921
2021-09-03 15:30:00,1.0040330849153845
2021-09-03 16:30:00,1.0040330849153845
2021-09-03 17:30:00,1.0040330849153845
2021-09-03 18:30:00,1.0040330849153845
2021-09-03 19:30:00,1.0040330849153845
2021-09-07 13:30:00,1.0040330849153845
2021-09-07 14:30:00,1.0040330849153845
2021-09-07 15:30:00,1.0040330849153845
2021-09-07 16:30:00,1.0040330849153845
2021-09-07 17:30:00,1.0040330849153845
2021-09-07 18:30:00,1.0040330849153845
2021-09-07 19:30:00,1.0040330849153845
2021-09-08 13:30:00,1.0040330849153845
2021-09-08 14:30:00,1.0040330849153845
2021-09-08 15:30:00,1.0040330849153845
2021-09-08 16:30:00,1.0040330849153845
2021-09-08 17:30:00,1.0040330849153845
2021-09-08 18:30:00,1.0040330849153845
2021-09-08 19:30:00,1.0040330849153845
2021-09-09 13:30:00,1.0040330849153845
2021-09-09 14:30:00,1.0040330849153845
2021-09-09 15:30:00,1.0031914709053669
2021-09-09 16:30:00,1.0031914709053669
2021-09-09 17:30:00,1.0031914709053669
2021-09-09 18:30:00,1.0031914709053669
2021-09-09 19:30:00,1.0031914709053669
2021-09-10 13:30:00,1.0031914709053669
2021-09-10 14:30:00,1.0031914709053669
2021-09-10 15:30:00,1.0031914709053669
2021-09-10 16:30:00,1.0031914709053669
2021-09-10 17:30:00,1.0031914709053669
2021-09-10 18:30:00,1.0031914709053669
2021-09-10 19:30:00,1.0031914709053669
2021-09-13 13:30:00,1.0031914709053669
2021-09-13 14:30:00,1.0031914709053669
2021-09-13 15:30:00,1.0031914709053669
2021-09-13 16:30:00,1.0031914709053669
2021-09-13 17:30:00,1.0031914709053669
2021-09-13 18:30:00,1.0031914709053669
2021-09-13 19:30:00,1.0031914709053669
2021-09-14 13:30:00,1.0031914709053669
2021-09-14 14:30:00,1.0031914709053669
2021-09-14 15:30:00,1.040214925207742
2021-09-14 16:30:00,1.040214925207742
2021-09-14 17:30:00,1.040214925207742
2021-09-14 18:30:00,1.040214925207742
2021-09-14 19:30:00,1.040214925207742
2021-09-15 13:30:00,1.040214925207742
2021-09-15 14:30:00,1.040214925207742
2021-09-15 15:30:00,1.040214925207742
2021-09-15 16:30:00,1.040214925207742
2021-09-15 17:30:00,1.040214925207742
2021-09-15 18:30:00,1.040214925207742
2021-09-15 19:30:00,1.040214925207742
2021-09-16 13:30:00,1.040214925207742
2021-09-16 14:30:00,1.040214925207742
2021-09-16 15:30:00,1.040214925207742
2021-09-16 16:30:00,1.040214925207742
2021-09-16 17:30:00,1.040214925207742
2021-09-16 18:30:00,1.040214925207742
2021-09-16 19:30:00,1.040214925207742
2021-09-17 13:30:00,1.040214925207742
2021-09-17 14:30:00,1.040214925207742
2021-09-17 15:30:00,1.040214925207742
2021-09-17 16:30:00,1.040214925207742
2021-09-17 17:30:00,1.040214925207742
2021-09-17 18:30:00,1.040214925207742
2021-09-17 19:30:00,1.040214925207742
2021-09-20 13:30:00,1.040214925207742
2021-09-20 14:30:00,1.040214925207742
2021-09-20 15:30:00,1.040214925207742
2021-09-20 16:30:00,1.040214925207742
2021-09-20 17:30:00,1.040214925207742
2021-09-20 18:30:00,1.040214925207742
2021-09-20 19:30:00,1.040214925207742
2021-09-21 13:30:00,1.040214925207742
2021-09-21 14:30:00,1.040214925207742
2021-09-21 15:30:00,1.040214925207742
2021-09-21 16:30:00,1.040214925207742
2021-09-21 17:30:00,1.040214925207742
2021-09-21 18:30:00,1.040214925207742
2021-09-21 19:30:00,1.040214925207742
2021-09-22 13:30:00,1.040214925207742
2021-09-22 14:30:00,1.040214925207742
2021-09-22 15:30:00,1.0535226907650197
2021-09-22 16:30:00,1.0535226907650197
2021-09-22 17:30:00,1.0535226907650197
2021-09-22 18:30:00,1.0535226907650197
2021-09-22 19:30:00,1.0535226907650197
2021-09-23 13:30:00,1.0535226907650197
2021-09-23 14:30:00,1.0535226907650197
2021-09-23 15:30:00,1.0535226907650197
2021-09-23 16:30:00,1.0535226907650197
2021-09-23 17:30:00,1.0535226907650197
2021-09-23 18:30:00,1.0535226907650197
2021-09-23 19:30:00,1.0535226907650197
2021-09-24 13:30:00,1.0535226907650197
2021-09-24 14:30:00,1.0535226907650197
2021-09-24 15:30:00,1.0535226907650197
2021-09-24 16:30:00,1.0535226907650197
2021-09-24 17:30:00,1.0535226907650197
2021-09-24 18:30:00,1.0535226907650197
2021-09-24 19:30:00,1.0535226907650197
2021-09-27 13:30:00,1.0632906192496347
2021-09-27 14:30:00,1.0632906192496347
2021-09-27 15:30:00,1.0632906192496347
2021-09-27 16:30:00,1.0632906192496347
2021-09-27 17:30:00,1.0632906192496347
2021-09-27 18:30:00,1.0632906192496347
2021-09-27 19:30:00,1.0632906192496347
2021-09-28 13:30:00,1.0632906192496347
2021-09-28 14:30:00,1.0632906192496347
2021-09-28 15:30:00,1.0632906192496347
2021-09-28 16:30:00,1.0632906192496347
2021-09-28 17:30:00,1.0632906192496347
2021-09-28 18:30:00,1.0632906192496347
2021-09-28 19:30:00,1.0632906192496347
2021-09-29 13:30:00,1.0632906192496347
2021-09-29 14:30:00,1.0632906192496347
2021-09-29 15:30:00,1.046250471076778
2021-09-29 16:30:00,1.046250471076778
2021-09-29 17:30:00,1.046250471076778
2021-09-29 18:30:00,1.046250471076778
2021-09-29 19:30:00,1.046250471076778
2021-09-30 13:30:00,1.046250471076778
2021-09-30 14:30:00,1.046250471076778
2021-09-30 15:30:00,1.046250471076778
2021-09-30 16:30:00,1.046250471076778
2021-09-30 17:30:00,1.046250471076778
2021-09-30 18:30:00,1.046250471076778
2021-09-30 19:30:00,1.046250471076778
2021-10-01 13:30:00,1.046250471076778
2021-10-01 14:30:00,1.046250471076778
2021-10-01 15:30:00,1.046250471076778
2021-10-01 16:30:00,1.046250471076778
2021-10-01 17:30:00,1.046250471076778
2021-10-01 18:30:00,1.046250471076778
2021-10-01 19:30:00,1.046250471076778
2021-10-04 13:30:00,1.046250471076778
2021-10-04 14:30:00,1.046250471076778
2021-10-04 15:30:00,1.046250471076778
2021-10-04 16:30:00,1.046250471076778
2021-10-04 17:30:00,1.046250471076778
2021-10-04 18:30:00,1.046250471076778
2021-10-04 19:30:00,1.046250471076778
2021-10-05 13:30:00,1.046250471076778
2021-10-05 14:30:00,1.046250471076778
2021-10-05 15:30:00,1.046250471076778
2021-10-05 16:30:00,1.046250471076778
2021-10-05 17:30:00,1.046250471076778
2021-10-05 18:30:00,1.046250471076778
2021-10-05 19:30:00,1.046250471076778
2021-10-06 13:30:00,1.046250471076778
2021-10-06 14:30:00,1.046250471076778
2021-10-06 15:30:00,1.046250471076778
2021-10-06 16:30:00,1.046250471076778
2021-10-06 17:30:00,1.046250471076778
2021-10-06 18:30:00,1.046250471076778
2021-10-06 19:30:00,1.046250471076778
2021-10-07 13:30:00,1.046250471076778
2021-10-07 14:30:00,1.046250471076778
2021-10-07 15:30:00,1.046250471076778
2021-10-07 16:30:00,1.046250471076778
2021-10-07 17:30:00,1.046250471076778
2021-10-07 18:30:00,1.046250471076778
2021-10-07 19:30:00,1.046250471076778
2021-10-08 13:30:00,1.046250471076778
2021-10-08 14:30:00,1.046250471076778
2021-10-08 15:30:00,1.046250471076778
2021-10-08 16:30:00,1.046250471076778
2021-10-08 17:30:00,1.046250471076778
2021-10-08 18:30:00,1.046250471076778
2021-10-08 19:30:00,1.046250471076778
2021-10-11 13:30:00,1.0521944908531138
2021-10-11 14:30:00,1.0521944908531138
2021-10-11 15:30:00,1.0521944908531138
2021-10-11 16:30:00,1.0521944908531138
2021-10-11 17:30:00,1.0521944908531138
2021-10-11 18:30:00,1.0521944908531138
2021-10-11 19:30:00,1.0521944908531138
2021-10-12 13:30:00,1.0521944908531138
2021-10-12 14:30:00,1.0521944908531138
2021-10-12 15:30:00,1.0521944908531138
2021-10-12 16:30:00,1.0521944908531138
2021-10-12 17:30:00,1.0521944908531138
2021-10-12 18:30:00,1.0521944908531138
2021-10-12 19:30:00,1.0521944908531138
2021-10-13 13:30:00,1.0521944908531138
2021-10-13 14:30:00,1.0521944908531138
2021-10-13 15:30:00,1.0366293041077026
2021-10-13 16:30:00,1.0366293041077026
2021-10-13 17:30:00,1.0366293041077026
2021-10-13 18:30:00,1.0366293041077026
2021-10-13 19:30:00,1.0366293041077026
2021-10-14 13:30:00,1.0366293041077026
2021-10-14 14:30:00,1.0366293041077026
2021-10-14 15:30:00,1.0366293041077026
2021-10-14 16:30:00,1.0366293041077026
2021-10-14 17:30:00,1.0366293041077026
2021-10-14 18:30:00,1.0366293041077026
2021-10-14 19:30:00,1.0366293041077026
2021-10-15 13:30:00,1.0366293041077026
2021-10-15 14:30:00,1.0366293041077026
2021-10-15 15:30:00,1.0366293041077026
2021-10-15 16:30:00,1.0366293041077026
2021-10-15 17:30:00,1.0366293041077026
2021-10-15 18:30:00,1.0366293041077026
2021-10-15 19:30:00,1.0366293041077026
2021-10-18 13:30:00,1.0366293041077026
2021-10-18 14:30:00,1.0366293041077026
2021-10-18 15:30:00,1.0143304447146537
2021-10-18 16:30:00,1.0143304447146537
2021-10-18 17:30:00,1.0143304447146537
2021-10-18 18:30:00,1.0143304447146537
2021-10-18 19:30:00,1.0143304447146537
2021-10-19 13:30:00,1.0143304447146537
2021-10-19 14:30:00,1.0143304447146537
2021-10-19 15:30:00,1.0143304447146537
2021-10-19 16:30:00,1.0143304447146537
2021-10-19 17:30:00,1.0143304447146537
2021-10-19 18:30:00,1.0143304447146537
2021-10-19 19:30:00,1.0143304447146537
2021-10-20 13:30:00,1.0143304447146537
2021-10-20 14:30:00,1.0143304447146537
2021-10-20 15:30:00,1.0143304447146537
2021-10-20 16:30:00,1.0143304447146537
2021-10-20 17:30:00,1.0143304447146537
2021-10-20 18:30:00,1.0143304447146537
2021-10-20 19:30:00,1.0143304447146537
2021-10-21 13:30:00,1.0143304447146537
2021-10-21 14:30:00,1.0143304447146537
2021-10-21 15:30:00,1.0025323362038367
2021-10-21 16:30:00,1.0025323362038367
2021-10-21 17:30:00,1.0025323362038367
2021-10-21 18:30:00,1.0025323362038367
2021-10-21 19:30:00,1.0025323362038367
2021-10-22 13:30:00,1.0025323362038367
2021-10-22 14:30:00,1.0025323362038367
2021-10-22 15:30:00,1.0025323362038367
2021-10-22 16:30:00,1.0025323362038367
2021-10-22 17:30:00,1.0025323362038367
2021-10-22 18:30:00,1.0025323362038367
2021-10-22 19:30:00,1.0025323362038367
2021-10-25 13:30:00,1.0025323362038367
2021-10-25 14:30:00,1.0025323362038367
2021-10-25 15:30:00,1.0025323362038367
2021-10-25 16:30:00,1.0025323362038367
2021-10-25 17:30:00,1.0025323362038367
2021-10-25 18:30:00,1.0025323362038367
2021-10-25 19:30:00,1.0025323362038367
2021-10-26 13:30:00,1.0025323362038367
2021-10-26 14:30:00,1.0025323362038367
2021-10-26 15:30:00,1.0025323362038367
2021-10-26 16:30:00,1.0025323362038367
2021-10-26 17:30:00,1.0025323362038367
2021-10-26 18:30:00,1.0025323362038367
2021-10-26 19:30:00,1.0025323362038367
2021-10-27 13:30:00,1.0025323362038367
2021-10-27 14:30:00,1.0025323362038367
2021-10-27 15:30:00,1.0025323362038367
2021-10-27 16:30:00,1.0025323362038367
2021-10-27 17:30:00,1.0025323362038367
2021-10-27 18:30:00,1.0025323362038367
2021-10-27 19:30:00,1.0025323362038367
2021-10-28 13:30:00,1.0025323362038367
2021-10-28 14:30:00,1.0025323362038367
2021-10-28 15:30:00,0.98069753313239
2021-10-28 16:30:00,0.98069753313239
2021-10-28 17:30:00,0.98069753313239
2021-10-28 18:30:00,0.98069753313239
2021-10-28 19:30:00,0.98069753313239
2021-10-29 13:30:00,0.98069753313239
2021-10-29 14:30:00,0.98069753313239
2021-10-29 15:30:00,0.98069753313239
2021-10-29 16:30:00,0.98069753313239
2021-10-29 17:30:00,0.98069753313239
2021-10-29 18:30:00,0.98069753313239
2021-10-29 19:30:00,0.98069753313239
2021-11-01 13:30:00,0.98069753313239
2021-11-01 14:30:00,0.98069753313239
2021-11-01 15:30:00,0.98069753313239
2021-11-01 16:30:00,0.98069753313239
2021-11-01 17:30:00,0.98069753313239
2021-11-01 18:30:00,0.98069753313239
2021-11-01 19:30:00,0.98069753313239
2021-11-02 13:30:00,0.98069753313239
2021-11-02 14:30:00,0.98069753313239
2021-11-02 15:30:00,0.9972735668104167
2021-11-02 16:30:00,0.9972735668104167
2021-11-02 17:30:00,0.9972735668104167
2021-11-02 18:30:00,0.9972735668104167
2021-11-02 19:30:00,0.9972735668104167
2021-11-03 13:30:00,0.9972735668104167
2021-11-03 14:30:00,0.9972735668104167
2021-11-03 15:30:00,0.9972735668104167
2021-11-03 16:30:00,0.9972735668104167
2021-11-03 17:30:00,0.9972735668104167
2021-11-03 18:30:00,0.9972735668104167
2021-11-03 19:30:00,0.9972735668104167
2021-11-04 13:30:00,0.9972735668104167
2021-11-04 14:30:00,0.9972735668104167
2021-11-04 15:30:00,0.9972735668104167
2021-11-04 16:30:00,0.9972735668104167
2021-11-04 17:30:00,0.9972735668104167
2021-11-04 18:30:00,0.9972735668104167
2021-11-04 19:30:00,0.9972735668104167
2021-11-05 13:30:00,0.9972735668104167
2021-11-05 14:30:00,0.9972735668104167
2021-11-05 15:30:00,0.9972735668104167
2021-11-05 16:30:00,0.9972735668104167
2021-11-05 17:30:00,0.9972735668104167
2021-11-05 18:30:00,0.9972735668104167
2021-11-05 19:30:00,0.9972735668104167
2021-11-08 14:30:00,0.9972735668104167
2021-11-08 15:30:00,0.9972735668104167
2021-11-08 16:30:00,0.9972735668104167
2021-11-08 17:30:00,0.9972735668104167
2021-11-08 18:30:00,0.9972735668104167
2021-11-08 19:30:00,0.9972735668104167
2021-11-08 20:30:00,0.9972735668104167
2021-11-09 14:30:00,0.9972735668104167
2021-11-09 15:30:00,0.9972735668104167
2021-11-09 16:30:00,1.0031632381737963
2021-11-09 17:30:00,1.0031632381737963
2021-11-09 18:30:00,1.0031632381737963
2021-11-09 19:30:00,1.0031632381737963
2021-11-09 20:30:00,1.0031632381737963
2021-11-10 14:30:00,1.0031632381737963
2021-11-10 15:30:00,1.0031632381737963
2021-11-10 16:30:00,1.0031632381737963
2021-11-10 17:30:00,1.0031632381737963
2021-11-10 18:30:00,1.0031632381737963
2021-11-10 19:30:00,1.0031632381737963
2021-11-10 20:30:00,1.0031632381737963
2021-11-11 14:30:00,1.0031632381737963
2021-11-11 15:30:00,1.0031632381737963
2021-11-11 16:30:00,1.0031632381737963
2021-11-11 17:30:00,1.0031632381737963
2021-11-11 18:30:00,1.0031632381737963
2021-11-11 19:30:00,1.0031632381737963
2021-11-11 20:30:00,1.0031632381737963
2021-11-12 14:30:00,1.0031632381737963
2021-11-12 15:30:00,1.0031632381737963
2021-11-12 16:30:00,1.0010587372997353
2021-11-12 17:30:00,1.0010587372997353
2021-11-12 18:30:00,1.0010587372997353
2021-11-12 19:30:00,1.0010587372997353
2021-11-12 20:30:00,1.0010587372997353
2021-11-15 14:30:00,1.0010587372997353
2021-11-15 15:30:00,1.0010587372997353
2021-11-15 16:30:00,1.0010587372997353
2021-11-15 17:30:00,1.0010587372997353
2021-11-15 18:30:00,1.0010587372997353
2021-11-15 19:30:00,1.0010587372997353
2021-11-15 20:30:00,1.0010587372997353
2021-11-16 14:30:00,1.0010587372997353
2021-11-16 15:30:00,1.0010587372997353
2021-11-16 16:30:00,1.0010587372997353
2021-11-16 17:30:00,1.0010587372997353
2021-11-16 18:30:00,1.0010587372997353
2021-11-16 19:30:00,1.0010587372997353
2021-11-16 20:30:00,1.0010587372997353
2021-11-17 14:30:00,1.0010587372997353
2021-11-17 15:30:00,1.0010587372997353
2021-11-17 16:30:00,1.0010587372997353
2021-11-17 17:30:00,1.0010587372997353
2021-11-17 18:30:00,1.0010587372997353
2021-11-17 19:30:00,1.0010587372997353
2021-11-17 20:30:00,1.0010587372997353
2021-11-18 14:30:00,1.0010587372997353
2021-11-18 15:30:00,1.0010587372997353
2021-11-18 16:30:00,1.0010587372997353
2021-11-18 17:30:00,1.0010587372997353
2021-11-18 18:30:00,1.0010587372997353
2021-11-18 19:30:00,1.0010587372997353
2021-11-18 20:30:00,1.0010587372997353
2021-11-19 14:30:00,1.0010587372997353
2021-11-19 15:30:00,1.0010587372997353
2021-11-19 16:30:00,1.0010587372997353
2021-11-19 17:30:00,1.0010587372997353
2021-11-19 18:30:00,1.0010587372997353
2021-11-19 19:30:00,1.0010587372997353
2021-11-19 20:30:00,1.0010587372997353
2021-11-22 14:30:00,1.0010587372997353
2021-11-22 15:30:00,1.0010587372997353
2021-11-22 16:30:00,1.0010587372997353
2021-11-22 17:30:00,1.0010587372997353
2021-11-22 18:30:00,1.0010587372997353
2021-11-22 19:30:00,1.0010587372997353
2021-11-22 20:30:00,1.0010587372997353
2021-11-23 14:30:00,1.0010587372997353
2021-11-23 15:30:00,1.0010587372997353
2021-11-23 16:30:00,1.0010587372997353
2021-11-23 17:30:00,1.0010587372997353
2021-11-23 18:30:00,1.0010587372997353
2021-11-23 19:30:00,1.0010587372997353
2021-11-23 20:30:00,1.0010587372997353
2021-11-24 14:30:00,1.0010587372997353
2021-11-24 15:30:00,1.0010587372997353
2021-11-24 16:30:00,1.004786381080408
2021-11-24 17:30:00,1.004786381080408
2021-11-24 18:30:00,1.004786381080408
2021-11-24 19:30:00,1.004786381080408
2021-11-24 20:30:00,1.004786381080408
2021-11-26 14:30:00,1.004786381080408
2021-11-26 15:30:00,1.004786381080408
2021-11-26 16:30:00,1.004786381080408
2021-11-26 17:30:00,1.004786381080408
2021-11-26 18:30:00,1.004786381080408
2021-11-26 19:30:00,1.004786381080408
2021-11-26 20:30:00,1.004786381080408
2021-11-29 14:30:00,1.004786381080408
2021-11-29 15:30:00,1.004786381080408
2021-11-29 16:30:00,1.004786381080408
2021-11-29 17:30:00,1.004786381080408
2021-11-29 18:30:00,1.004786381080408
2021-11-29 19:30:00,1.004786381080408
2021-11-29 20:30:00,1.004786381080408
2021-11-30 14:30:00,1.004786381080408
2021-11-30 15:30:00,1.004786381080408
2021-11-30 16:30:00,1.004786381080408
2021-11-30 17:30:00,1.004786381080408
2021-11-30 18:30:00,1.004786381080408
2021-11-30 19:30:00,1.004786381080408
2021-11-30 20:30:00,1.004786381080408
2021-12-01 14:30:00,1.004786381080408
2021-12-01 15:30:00,1.004786381080408
2021-12-01 16:30:00,1.004786381080408
2021-12-01 17:30:00,1.004786381080408
2021-12-01 18:30:00,1.004786381080408
2021-12-01 19:30:00,1.004786381080408
2021-12-01 20:30:00,1.004786381080408
2021-12-02 14:30:00,1.0605873661794771
2021-12-02 15:30:00,1.0605873661794771
2021-12-02 16:30:00,1.0605873661794771
2021-12-02 17:30:00,1.0605873661794771
2021-12-02 18:30:00,1.0605873661794771
2021-12-02 19:30:00,1.0605873661794771
2021-12-02 20:30:00,1.0605873661794771
2021-12-03 14:30:00,1.0605873661794771
2021-12-03 15:30:00,1.0605873661794771
2021-12-03 16:30:00,1.0605873661794771
2021-12-03 17:30:00,1.0605873661794771
2021-12-03 18:30:00,1.0605873661794771
2021-12-03 19:30:00,1.0605873661794771
2021-12-03 20:30:00,1.0605873661794771
2021-12-06 14:30:00,1.0605873661794771
2021-12-06 15:30:00,1.0605873661794771
2021-12-06 16:30:00,1.111596491620847
2021-12-06 17:30:00,1.111596491620847
2021-12-06 18:30:00,1.111596491620847
2021-12-06 19:30:00,1.111596491620847
2021-12-06 20:30:00,1.111596491620847
2021-12-07 14:30:00,1.111596491620847
2021-12-07 15:30:00,1.111596491620847
2021-12-07 16:30:00,1.111596491620847
2021-12-07 17:30:00,1.111596491620847
2021-12-07 18:30:00,1.111596491620847
2021-12-07 19:30:00,1.111596491620847
2021-12-07 20:30:00,1.111596491620847
2021-12-08 14:30:00,1.111596491620847
2021-12-08 15:30:00,1.111596491620847
2021-12-08 16:30:00,1.111596491620847
2021-12-08 17:30:00,1.111596491620847
2021-12-08 18:30:00,1.111596491620847
2021-12-08 19:30:00,1.111596491620847
2021-12-08 20:30:00,1.111596491620847
2021-12-09 14:30:00,1.111596491620847
2021-12-09 15:30:00,1.111596491620847
2021-12-09 16:30:00,1.0727795811673888
2021-12-09 17:30:00,1.0727795811673888
2021-12-09 18:30:00,1.0727795811673888
2021-12-09 19:30:00,1.0727795811673888
2021-12-09 20:30:00,1.0727795811673888
2021-12-10 14:30:00,1.0727795811673888
2021-12-10 15:30:00,1.0727795811673888
2021-12-10 16:30:00,1.0727795811673888
2021-12-10 17:30:00,1.0727795811673888
2021-12-10 18:30:00,1.0727795811673888
2021-12-10 19:30:00,1.0727795811673888
2021-12-10 20:30:00,1.0727795811673888
2021-12-13 14:30:00,1.0727795811673888
2021-12-13 15:30:00,1.0727795811673888
2021-12-13 16:30:00,1.0727795811673888
2021-12-13 17:30:00,1.0727795811673888
2021-12-13 18:30:00,1.0727795811673888
2021-12-13 19:30:00,1.0727795811673888
2021-12-13 20:30:00,1.0727795811673888
2021-12-14 14:30:00,1.1089469489149673
2021-12-14 15:30:00,1.1089469489149673
2021-12-14 16:30:00,1.1089469489149673
2021-12-14 17:30:00,1.1089469489149673
2021-12-14 18:30:00,1.1089469489149673
2021-12-14 19:30:00,1.1089469489149673
2021-12-14 20:30:00,1.1089469489149673
2021-12-15 14:30:00,1.1089469489149673
2021-12-15 15:30:00,1.1089469489149673
2021-12-15 16:30:00,1.1089469489149673
2021-12-15 17:30:00,1.1089469489149673
2021-12-15 18:30:00,1.1089469489149673
2021-12-15 19:30:00,1.1089469489149673
2021-12-15 20:30:00,1.1089469489149673
2021-12-16 14:30:00,1.1089469489149673
2021-12-16 15:30:00,1.1089469489149673
2021-12-16 16:30:00,1.1044395385971317
2021-12-16 17:30:00,1.1044395385971317
2021-12-16 18:30:00,1.1044395385971317
2021-12-16 19:30:00,1.1044395385971317
2021-12-16 20:30:00,1.1044395385971317
2021-12-17 14:30:00,1.1044395385971317
2021-12-17 15:30:00,1.1044395385971317
2021-12-17 16:30:00,1.1044395385971317
2021-12-17 17:30:00,1.1044395385971317
2021-12-17 18:30:00,1.1044395385971317
2021-12-17 19:30:00,1.1044395385971317
2021-12-17 20:30:00,1.1044395385971317
2021-12-20 14:30:00,1.1044395385971317
2021-12-20 15:30:00,1.1044395385971317
2021-12-20 16:30:00,1.1044395385971317
2021-12-20 17:30:00,1.1044395385971317
2021-12-20 18:30:00,1.1044395385971317
2021-12-20 19:30:00,1.1044395385971317
2021-12-20 20:30:00,1.1044395385971317
2021-12-21 14:30:00,1.1044395385971317
2021-12-21 15:30:00,1.1044395385971317
2021-12-21 16:30:00,1.1145721366457064
2021-12-21 17:30:00,1.1145721366457064
2021-12-21 18:30:00,1.1145721366457064
2021-12-21 19:30:00,1.1145721366457064
2021-12-21 20:30:00,1.1145721366457064
2021-12-22 14:30:00,1.1145721366457064
2021-12-22 15:30:00,1.1145721366457064
2021-12-22 16:30:00,1.1145721366457064
2021-12-22 17:30:00,1.1145721366457064
2021-12-22 18:30:00,1.1145721366457064
2021-12-22 19:30:00,1.1145721366457064
2021-12-22 20:30:00,1.1145721366457064
2021-12-23 14:30:00,1.1145721366457064
2021-12-23 15:30:00,1.1145721366457064
2021-12-23 16:30:00,1.1145721366457064
2021-12-23 17:30:00,1.1145721366457064
2021-12-23 18:30:00,1.1145721366457064
2021-12-23 19:30:00,1.1145721366457064
2021-12-23 20:30:00,1.1145721366457064
2021-12-27 14:30:00,1.1145721366457064
2021-12-27 15:30:00,1.1145721366457064
2021-12-27 16:30:00,1.1145721366457064
2021-12-27 17:30:00,1.1145721366457064
2021-12-27 18:30:00,1.1145721366457064
2021-12-27 20:30:00,1.1145721366457064
2021-12-28 14:30:00,1.1145721366457064
2021-12-28 15:30:00,1.1145721366457064
2021-12-28 16:30:00,1.1145721366457064
2021-12-28 17:30:00,1.0900743440457634
2021-12-28 18:30:00,1.0900743440457634
2021-12-28 19:30:00,1.0900743440457634
2021-12-28 20:30:00,1.0900743440457634
2021-12-29 14:30:00,1.0900743440457634
2021-12-29 15:30:00,1.0900743440457634
2021-12-29 16:30:00,1.0900743440457634
2021-12-29 17:30:00,1.0900743440457634
2021-12-29 18:30:00,1.0900743440457634
2021-12-29 19:30:00,1.0900743440457634
2021-12-29 20:30:00,1.0900743440457634
2021-12-30 14:30:00,1.0900743440457634
2021-12-30 15:30:00,1.0900743440457634
2021-12-30 16:30:00,1.0900743440457634
2021-12-30 17:30:00,1.0900743440457634
2021-12-30 18:30:00,1.0900743440457634
2021-12-30 19:30:00,1.0900743440457634
2021-12-30 20:30:00,1.0900743440457634
2021-12-31 14:30:00,1.0900743440457634
2021-12-31 15:30:00,1.0900743440457634
2021-12-31 16:30:00,1.0900743440457634
2021-12-31 17:30:00,1.0900743440457634
2021-12-31 18:30:00,1.0900743440457634
2021-12-31 19:30:00,1.0900743440457634
2021-12-31 20:30:00,1.0900743440457634
2022-01-03 14:30:00,1.0900743440457634
2022-01-03 15:30:00,1.0900743440457634
2022-01-03 16:30:00,1.0900743440457634
2022-01-03 17:30:00,1.0900743440457634
2022-01-03 18:30:00,1.0900743440457634
2022-01-03 19:30:00,1.0900743440457634
2022-01-03 20:30:00,1.0900743440457634
2022-01-04 14:30:00,1.0900743440457634
2022-01-04 15:30:00,1.0900743440457634
2022-01-04 16:30:00,1.0900743440457634
2022-01-04 17:30:00,1.0900743440457634
2022-01-04 18:30:00,1.0900743440457634
2022-01-04 19:30:00,1.0900743440457634
2022-01-04 20:30:00,1.0900743440457634
2022-01-05 14:30:00,1.0900743440457634
2022-01-05 15:30:00,1.0900743440457634
2022-01-05 16:30:00,1.0900743440457634
2022-01-05 17:30:00,1.0900743440457634
2022-01-05 18:30:00,1.0900743440457634
2022-01-05 19:30:00,1.0900743440457634
2022-01-05 20:30:00,1.0900743440457634
2022-01-06 14:30:00,1.150311475537499
2022-01-06 15:30:00,1.150311475537499
2022-01-06 16:30:00,1.150311475537499
2022-01-06 17:30:00,1.150311475537499
2022-01-06 18:30:00,1.150311475537499
2022-01-06 19:30:00,1.150311475537499
2022-01-06 20:30:00,1.150311475537499
2022-01-07 14:30:00,1.150311475537499
2022-01-07 15:30:00,1.150311475537499
2022-01-07 16:30:00,1.150311475537499
2022-01-07 17:30:00,1.150311475537499
2022-01-07 18:30:00,1.150311475537499
2022-01-07 19:30:00,1.150311475537499
2022-01-07 20:30:00,1.150311475537499
2022-01-10 14:30:00,1.150311475537499
2022-01-10 15:30:00,1.150311475537499
2022-01-10 16:30:00,1.1227298146412412
2022-01-10 17:30:00,1.1227298146412412
2022-01-10 18:30:00,1.1227298146412412
2022-01-10 19:30:00,1.1227298146412412
2022-01-10 20:30:00,1.1227298146412412
2022-01-11 14:30:00,1.1227298146412412
2022-01-11 15:30:00,1.1227298146412412
2022-01-11 16:30:00,1.1227298146412412
2022-01-11 17:30:00,1.1227298146412412
2022-01-11 18:30:00,1.1227298146412412
2022-01-11 19:30:00,1.1227298146412412
2022-01-11 20:30:00,1.1227298146412412
2022-01-12 14:30:00,1.1227298146412412
2022-01-12 15:30:00,1.1227298146412412
2022-01-12 16:30:00,1.1227298146412412
2022-01-12 17:30:00,1.1227298146412412
2022-01-12 18:30:00,1.1227298146412412
2022-01-12 19:30:00,1.1227298146412412
2022-01-12 20:30:00,1.1227298146412412
2022-01-13 14:30:00,1.1227298146412412
2022-01-13 15:30:00,1.1227298146412412
2022-01-13 16:30:00,1.1227298146412412
2022-01-13 17:30:00,1.1227298146412412
2022-01-13 18:30:00,1.1227298146412412
2022-01-13 19:30:00,1.1227298146412412
2022-01-13 20:30:00,1.1227298146412412
2022-01-14 14:30:00,1.1533961828711992
2022-01-14 15:30:00,1.1533961828711992
2022-01-14 16:30:00,1.1533961828711992
2022-01-14 17:30:00,1.1533961828711992
2022-01-14 18:30:00,1.1533961828711992
2022-01-14 19:30:00,1.1533961828711992
2022-01-14 20:30:00,1.1533961828711992
2022-01-18 14:30:00,1.1533961828711992
2022-01-18 15:30:00,1.1533961828711992
2022-01-18 16:30:00,1.1533961828711992
2022-01-18 17:30:00,1.1533961828711992
2022-01-18 18:30:00,1.1533961828711992
2022-01-18 19:30:00,1.1533961828711992
2022-01-18 20:30:00,1.1533961828711992
2022-01-19 14:30:00,1.1533961828711992
2022-01-19 15:30:00,1.1533961828711992
2022-01-19 16:30:00,1.1379133840234952
2022-01-19 17:30:00,1.1379133840234952
2022-01-19 18:30:00,1.1379133840234952
2022-01-19 19:30:00,1.1379133840234952
2022-01-19 20:30:00,1.1379133840234952
2022-01-20 14:30:00,1.1379133840234952
2022-01-20 15:30:00,1.1379133840234952
2022-01-20 16:30:00,1.1379133840234952
2022-01-20 17:30:00,1.1379133840234952
2022-01-20 18:30:00,1.1379133840234952
2022-01-20 19:30:00,1.1379133840234952
2022-01-20 20:30:00,1.1379133840234952
2022-01-21 14:30:00,1.1379133840234952
2022-01-21 15:30:00,1.1379133840234952
2022-01-21 16:30:00,1.1379133840234952
2022-01-21 17:30:00,1.1379133840234952
2022-01-21 18:30:00,1.1379133840234952
2022-01-21 19:30:00,1.1379133840234952
2022-01-21 20:30:00,1.1379133840234952
2022-01-24 14:30:00,1.1379133840234952
2022-01-24 15:30:00,1.1379133840234952
2022-01-24 16:30:00,1.1379133840234952
2022-01-24 17:30:00,1.1379133840234952
2022-01-24 18:30:00,1.1379133840234952
2022-01-24 19:30:00,1.1379133840234952
2022-01-24 20:30:00,1.1379133840234952
2022-01-25 14:30:00,1.1379133840234952
2022-01-25 15:30:00,1.1379133840234952
2022-01-25 16:30:00,1.1379133840234952
2022-01-25 17:30:00,1.1379133840234952
2022-01-25 18:30:00,1.1379133840234952
2022-01-25 19:30:00,1.1379133840234952
2022-01-25 20:30:00,1.1379133840234952
2022-01-26 14:30:00,1.1379133840234952
2022-01-26 15:30:00,1.1379133840234952
2022-01-26 16:30:00,1.1576661121228558
2022-01-26 17:30:00,1.1576661121228558
2022-01-26 18:30:00,1.1576661121228558
2022-01-26 19:30:00,1.1576661121228558
2022-01-26 20:30:00,1.1576661121228558
2022-01-27 14:30:00,1.1576661121228558
2022-01-27 15:30:00,1.1576661121228558
2022-01-27 16:30:00,1.1576661121228558
2022-01-27 17:30:00,1.1576661121228558
2022-01-27 18:30:00,1.1576661121228558
2022-01-27 19:30:00,1.1576661121228558
2022-01-27 20:30:00,1.1576661121228558
2022-01-28 14:30:00,1.1576661121228558
2022-01-28 15:30:00,1.1576661121228558
2022-01-28 16:30:00,1.1576661121228558
2022-01-28 17:30:00,1.1576661121228558
2022-01-28 18:30:00,1.1576661121228558
2022-01-28 19:30:00,1.1576661121228558
2022-01-28 20:30:00,1.1576661121228558
2022-01-31 14:30:00,1.1576661121228558
2022-01-31 15:30:00,1.1576661121228558
2022-01-31 16:30:00,1.1576661121228558
2022-01-31 17:30:00,1.1576661121228558
2022-01-31 18:30:00,1.1576661121228558
2022-01-31 19:30:00,1.1576661121228558
2022-01-31 20:30:00,1.1576661121228558
2022-02-01 14:30:00,1.1576661121228558
2022-02-01 15:30:00,1.1576661121228558
2022-02-01 16:30:00,1.1576661121228558
2022-02-01 17:30:00,1.1576661121228558
2022-02-01 18:30:00,1.1576661121228558
2022-02-01 19:30:00,1.1576661121228558
2022-02-01 20:30:00,1.1576661121228558
2022-02-02 14:30:00,1.1576661121228558
2022-02-02 15:30:00,1.1576661121228558
2022-02-02 16:30:00,1.1576661121228558
2022-02-02 17:30:00,1.1576661121228558
2022-02-02 18:30:00,1.1576661121228558
2022-02-02 19:30:00,1.1576661121228558
2022-02-02 20:30:00,1.1576661121228558
2022-02-03 14:30:00,1.1576661121228558
2022-02-03 15:30:00,1.1576661121228558
2022-02-03 16:30:00,1.1576661121228558
2022-02-03 17:30:00,1.1576661121228558
2022-02-03 18:30:00,1.1576661121228558
2022-02-03 19:30:00,1.1576661121228558
2022-02-03 20:30:00,1.1576661121228558
2022-02-04 14:30:00,1.1576661121228558
2022-02-04 15:30:00,1.1576661121228558
2022-02-04 16:30:00,1.1576661121228558
2022-02-04 17:30:00,1.1576661121228558
2022-02-04 18:30:00,1.1576661121228558
2022-02-04 19:30:00,1.1576661121228558
2022-02-04 20:30:00,1.1576661121228558
2022-02-07 14:30:00,1.1576661121228558
2022-02-07 15:30:00,1.1576661121228558
2022-02-07 16:30:00,1.1576661121228558
2022-02-07 17:30:00,1.1576661121228558
2022-02-07 18:30:00,1.1576661121228558
2022-02-07 19:30:00,1.1576661121228558
2022-02-07 20:30:00,1.1576661121228558
2022-02-08 14:30:00,1.1576661121228558
2022-02-08 15:30:00,1.1576661121228558
2022-02-08 16:30:00,1.1787048473096673
2022-02-08 17:30:00,1.1787048473096673
2022-02-08 18:30:00,1.1787048473096673
2022-02-08 19:30:00,1.1787048473096673
2022-02-08 20:30:00,1.1787048473096673
2022-02-09 14:30:00,1.1787048473096673
2022-02-09 15:30:00,1.1787048473096673
2022-02-09 16:30:00,1.1787048473096673
2022-02-09 17:30:00,1.1787048473096673
2022-02-09 18:30:00,1.1787048473096673
2022-02-09 19:30:00,1.1787048473096673
2022-02-09 20:30:00,1.1787048473096673
2022-02-10 14:30:00,1.1919068147604757
2022-02-10 15:30:00,1.1919068147604757
2022-02-10 16:30:00,1.1919068147604757
2022-02-10 17:30:00,1.1919068147604757
2022-02-10 18:30:00,1.1919068147604757
2022-02-10 19:30:00,1.1919068147604757
2022-02-10 20:30:00,1.1919068147604757
2022-02-11 14:30:00,1.1919068147604757
2022-02-11 15:30:00,1.1919068147604757
2022-02-11 16:30:00,1.1919068147604757
2022-02-11 17:30:00,1.1919068147604757
2022-02-11 18:30:00,1.1919068147604757
2022-02-11 19:30:00,1.1919068147604757
2022-02-11 20:30:00,1.1919068147604757
2022-02-14 14:30:00,1.1919068147604757
2022-02-14 15:30:00,1.1919068147604757
2022-02-14 16:30:00,1.1592508291262669
2022-02-14 17:30:00,1.1592508291262669
2022-02-14 18:30:00,1.1592508291262669
2022-02-14 19:30:00,1.1592508291262669
2022-02-14 20:30:00,1.1592508291262669
2022-02-15 14:30:00,1.1592508291262669
2022-02-15 15:30:00,1.1592508291262669
2022-02-15 16:30:00,1.1592508291262669
2022-02-15 17:30:00,1.1592508291262669
2022-02-15 18:30:00,1.1592508291262669
2022-02-15 19:30:00,1.1592508291262669
2022-02-15 20:30:00,1.1592508291262669
2022-02-16 14:30:00,1.1592508291262669
2022-02-16 15:30:00,1.1592508291262669
2022-02-16 16:30:00,1.1592508291262669
2022-02-16 17:30:00,1.1592508291262669
2022-02-16 18:30:00,1.1592508291262669
2022-02-16 19:30:00,1.1592508291262669
2022-02-16 20:30:00,1.1592508291262669
2022-02-17 14:30:00,1.1592508291262669
2022-02-17 15:30:00,1.1592508291262669
2022-02-17 16:30:00,1.1592508291262669
2022-02-17 17:30:00,1.1592508291262669
2022-02-17 18:30:00,1.1592508291262669
2022-02-17 19:30:00,1.1592508291262669
2022-02-17 20:30:00,1.1592508291262669
2022-02-18 14:30:00,1.1592508291262669
2022-02-18 15:30:00,1.1592508291262669
2022-02-18 16:30:00,1.1592508291262669
2022-02-18 17:30:00,1.1592508291262669
2022-02-18 18:30:00,1.1592508291262669
2022-02-18 19:30:00,1.1592508291262669
2022-02-18 20:30:00,1.1592508291262669
2022-02-22 14:30:00,1.1592508291262669
2022-02-22 15:30:00,1.1592508291262669
2022-02-22 16:30:00,1.1592508291262669
2022-02-22 17:30:00,1.1592508291262669
2022-02-22 18:30:00,1.1592508291262669
2022-02-22 19:30:00,1.1592508291262669
2022-02-22 20:30:00,1.1592508291262669
2022-02-23 14:30:00,1.1592508291262669
2022-02-23 15:30:00,1.1592508291262669
2022-02-23 16:30:00,1.1592508291262669
2022-02-23 17:30:00,1.1592508291262669
2022-02-23 18:30:00,1.1592508291262669
2022-02-23 19:30:00,1.1592508291262669
2022-02-23 20:30:00,1.1592508291262669
2022-02-24 14:30:00,1.1592508291262669
2022-02-24 15:30:00,1.1592508291262669
2022-02-24 16:30:00,1.105005296374642
2022-02-24 17:30:00,1.105005296374642
2022-02-24 18:30:00,1.105005296374642
2022-02-24 19:30:00,1.105005296374642
2022-02-24 20:30:00,1.105005296374642
2022-02-25 14:30:00,1.105005296374642
2022-02-25 15:30:00,1.105005296374642
2022-02-25 16:30:00,1.105005296374642
2022-02-25 17:30:00,1.105005296374642
2022-02-25 18:30:00,1.105005296374642
2022-02-25 19:30:00,1.105005296374642
2022-02-25 20:30:00,1.105005296374642
2022-02-28 14:30:00,1.105005296374642
2022-02-28 15:30:00,1.105005296374642
2022-02-28 16:30:00,1.105005296374642
2022-02-28 17:30:00,1.105005296374642
2022-02-28 18:30:00,1.105005296374642
2022-02-28 19:30:00,1.105005296374642
2022-02-28 20:30:00,1.105005296374642
2022-03-01 14:30:00,1.105005296374642
2022-03-01 15:30:00,1.105005296374642
2022-03-01 16:30:00,1.105005296374642
2022-03-01 17:30:00,1.105005296374642
2022-03-01 18:30:00,1.105005296374642
2022-03-01 19:30:00,1.105005296374642
2022-03-01 20:30:00,1.105005296374642
2022-03-02 14:30:00,1.105005296374642
2022-03-02 15:30:00,1.105005296374642
2022-03-02 16:30:00,1.105005296374642
2022-03-02 17:30:00,1.105005296374642
2022-03-02 18:30:00,1.105005296374642
2022-03-02 19:30:00,1.105005296374642
2022-03-03 14:30:00,1.105005296374642
2022-03-03 15:30:00,1.105005296374642
2022-03-03 16:30:00,1.105005296374642
2022-03-03 17:30:00,1.105005296374642
2022-03-03 18:30:00,1.105005296374642
2022-03-03 19:30:00,1.105005296374642
2022-03-03 20:30:00,1.105005296374642
2022-03-04 14:30:00,1.1305828107935925
2022-03-04 15:30:00,1.1305828107935925
2022-03-04 16:30:00,1.1305828107935925
2022-03-04 17:30:00,1.1305828107935925
2022-03-04 18:30:00,1.1305828107935925
2022-03-04 19:30:00,1.1305828107935925
2022-03-04 20:30:00,1.1305828107935925
2022-03-07 14:30:00,1.1305828107935925
2022-03-07 15:30:00,1.1305828107935925
2022-03-07 16:30:00,1.1305828107935925
2022-03-07 17:30:00,1.1305828107935925
2022-03-07 18:30:00,1.1305828107935925
2022-03-07 19:30:00,1.1305828107935925
2022-03-07 20:30:00,1.1305828107935925
2022-03-08 14:30:00,1.1305828107935925
2022-03-08 15:30:00,1.1305828107935925
2022-03-08 16:30:00,1.1050312973885794
2022-03-08 17:30:00,1.1050312973885794
2022-03-08 18:30:00,1.1050312973885794
2022-03-08 19:30:00,1.1050312973885794
2022-03-08 20:30:00,1.1050312973885794
2022-03-09 14:30:00,1.1050312973885794
2022-03-09 15:30:00,1.1050312973885794
2022-03-09 16:30:00,1.1050312973885794
2022-03-09 17:30:00,1.1050312973885794
2022-03-09 18:30:00,1.1050312973885794
2022-03-09 19:30:00,1.1050312973885794
2022-03-09 20:30:00,1.1050312973885794
2022-03-10 14:30:00,1.1050312973885794
2022-03-10 15:30:00,1.1050312973885794
2022-03-10 16:30:00,1.1050312973885794
2022-03-10 17:30:00,1.1050312973885794
2022-03-10 18:30:00,1.1050312973885794
2022-03-10 19:30:00,1.1050312973885794
2022-03-10 20:30:00,1.1050312973885794
2022-03-11 14:30:00,1.1050312973885794
2022-03-11 15:30:00,1.1050312973885794
2022-03-11 16:30:00,1.1050312973885794
2022-03-11 17:30:00,1.1050312973885794
2022-03-11 18:30:00,1.1050312973885794
2022-03-11 19:30:00,1.1050312973885794
2022-03-11 20:30:00,1.1050312973885794
2022-03-14 13:30:00,1.1050312973885794
2022-03-14 14:30:00,1.1050312973885794
2022-03-14 15:30:00,1.1050312973885794
2022-03-14 16:30:00,1.1050312973885794
2022-03-14 17:30:00,1.1050312973885794
2022-03-14 18:30:00,1.1050312973885794
2022-03-14 19:30:00,1.1050312973885794
2022-03-15 13:30:00,1.1050312973885794
2022-03-15 14:30:00,1.1050312973885794
2022-03-15 15:30:00,1.1050312973885794
2022-03-15 16:30:00,1.1050312973885794
2022-03-15 17:30:00,1.1050312973885794
2022-03-15 18:30:00,1.1050312973885794
2022-03-15 19:30:00,1.1050312973885794
2022-03-16 13:30:00,1.145890823736391
2022-03-16 14:30:00,1.145890823736391
2022-03-16 15:30:00,1.145890823736391
2022-03-16 16:30:00,1.145890823736391
2022-03-16 17:30:00,1.145890823736391
2022-03-16 18:30:00,1.145890823736391
2022-03-16 19:30:00,1.145890823736391
2022-03-17 13:30:00,1.145890823736391
2022-03-17 14:30:00,1.145890823736391
2022-03-17 15:30:00,1.145890823736391
2022-03-17 16:30:00,1.145890823736391
2022-03-17 17:30:00,1.145890823736391
2022-03-17 18:30:00,1.145890823736391
2022-03-17 19:30:00,1.145890823736391
2022-03-18 13:30:00,1.145890823736391
2022-03-18 14:30:00,1.145890823736391
2022-03-18 15:30:00,1.1069144659109373
2022-03-18 16:30:00,1.1069144659109373
2022-03-18 17:30:00,1.1069144659109373
2022-03-21 13:30:00,1.1069144659109373
2022-03-21 14:30:00,1.1069144659109373
2022-03-21 15:30:00,1.1069144659109373
2022-03-21 16:30:00,1.1069144659109373
2022-03-21 17:30:00,1.1069144659109373
2022-03-21 18:30:00,1.1069144659109373
2022-03-21 19:30:00,1.1069144659109373
2022-03-22 13:30:00,1.1069144659109373
2022-03-22 14:30:00,1.1069144659109373
2022-03-22 15:30:00,1.1069144659109373
2022-03-22 16:30:00,1.1069144659109373
2022-03-22 17:30:00,1.1069144659109373
2022-03-22 18:30:00,1.1069144659109373
2022-03-22 19:30:00,1.1069144659109373
2022-03-23 13:30:00,1.1069144659109373
2022-03-23 14:30:00,1.1069144659109373
2022-03-23 15:30:00,1.1069144659109373
2022-03-23 16:30:00,1.1069144659109373
2022-03-23 17:30:00,1.1069144659109373
2022-03-23 18:30:00,1.1069144659109373
2022-03-23 19:30:00,1.1069144659109373
2022-03-24 13:30:00,1.1069144659109373
2022-03-24 14:30:00,1.1069144659109373
2022-03-24 15:30:00,1.1069144659109373
2022-03-24 16:30:00,1.1069144659109373
2022-03-24 17:30:00,1.1069144659109373
2022-03-24 18:30:00,1.1069144659109373
2022-03-24 19:30:00,1.1069144659109373
2022-03-25 13:30:00,1.1069144659109373
2022-03-25 14:30:00,1.1069144659109373
2022-03-25 15:30:00,1.1069144659109373
2022-03-25 16:30:00,1.1069144659109373
2022-03-25 17:30:00,1.1069144659109373
2022-03-25 18:30:00,1.1069144659109373
2022-03-25 19:30:00,1.1069144659109373
2022-03-28 13:30:00,1.1069144659109373
2022-03-28 14:30:00,1.1069144659109373
2022-03-28 15:30:00,1.1069144659109373
2022-03-28 16:30:00,1.1069144659109373
2022-03-28 17:30:00,1.1069144659109373
2022-03-28 18:30:00,1.1069144659109373
2022-03-28 19:30:00,1.1069144659109373
2022-03-29 13:30:00,1.137008405550811
2022-03-29 14:30:00,1.137008405550811
2022-03-29 15:30:00,1.137008405550811
2022-03-29 16:30:00,1.137008405550811
2022-03-29 17:30:00,1.137008405550811
2022-03-29 18:30:00,1.137008405550811
2022-03-29 19:30:00,1.137008405550811
2022-03-30 13:30:00,1.137008405550811
2022-03-30 14:30:00,1.137008405550811
2022-03-30 15:30:00,1.137008405550811
2022-03-30 16:30:00,1.137008405550811
2022-03-30 17:30:00,1.137008405550811
2022-03-30 18:30:00,1.137008405550811
2022-03-30 19:30:00,1.137008405550811
2022-03-31 13:30:00,1.137008405550811
2022-03-31 14:30:00,1.137008405550811
2022-03-31 15:30:00,1.137523063620843
2022-03-31 16:30:00,1.137523063620843
2022-03-31 17:30:00,1.137523063620843
2022-03-31 18:30:00,1.137523063620843
2022-03-31 19:30:00,1.137523063620843
2022-04-01 13:30:00,1.137523063620843
2022-04-01 14:30:00,1.137523063620843
2022-04-01 15:30:00,1.137523063620843
2022-04-01 16:30:00,1.137523063620843
2022-04-01 17:30:00,1.137523063620843
2022-04-01 18:30:00,1.137523063620843
2022-04-01 19:30:00,1.137523063620843
2022-04-04 13:30:00,1.137523063620843
2022-04-04 14:30:00,1.137523063620843
2022-04-04 15:30:00,1.137523063620843
2022-04-04 16:30:00,1.137523063620843
2022-04-04 17:30:00,1.137523063620843
2022-04-04 18:30:00,1.137523063620843
2022-04-04 19:30:00,1.137523063620843
2022-04-05 13:30:00,1.137523063620843
2022-04-05 14:30:00,1.137523063620843
2022-04-05 15:30:00,1.1455954705826985
2022-04-05 16:30:00,1.1455954705826985
2022-04-05 17:30:00,1.1455954705826985
2022-04-05 18:30:00,1.1455954705826985
2022-04-05 19:30:00,1.1455954705826985
2022-04-06 13:30:00,1.1455954705826985
2022-04-06 14:30:00,1.1455954705826985
2022-04-06 15:30:00,1.1455954705826985
2022-04-06 16:30:00,1.1455954705826985
2022-04-06 17:30:00,1.1455954705826985
2022-04-06 18:30:00,1.1455954705826985
2022-04-06 19:30:00,1.1455954705826985
2022-04-07 13:30:00,1.1455954705826985
2022-04-07 14:30:00,1.1455954705826985
2022-04-07 15:30:00,1.1455954705826985
2022-04-07 16:30:00,1.1455954705826985
2022-04-07 17:30:00,1.1455954705826985
2022-04-07 18:30:00,1.1455954705826985
2022-04-07 19:30:00,1.1455954705826985
2022-04-08 13:30:00,1.1455954705826985
2022-04-08 14:30:00,1.1455954705826985
2022-04-08 15:30:00,1.140909668733309
2022-04-08 16:30:00,1.140909668733309
2022-04-08 17:30:00,1.140909668733309
2022-04-08 18:30:00,1.140909668733309
2022-04-08 19:30:00,1.140909668733309
2022-04-11 13:30:00,1.140909668733309
2022-04-11 14:30:00,1.140909668733309
2022-04-11 15:30:00,1.140909668733309
2022-04-11 16:30:00,1.140909668733309
2022-04-11 17:30:00,1.140909668733309
2022-04-11 18:30:00,1.140909668733309
2022-04-11 19:30:00,1.140909668733309
2022-04-12 13:30:00,1.140909668733309
2022-04-12 14:30:00,1.140909668733309
2022-04-12 15:30:00,1.140909668733309
2022-04-12 16:30:00,1.140909668733309
2022-04-12 17:30:00,1.140909668733309
2022-04-12 18:30:00,1.140909668733309
2022-04-12 19:30:00,1.140909668733309
2022-04-13 13:30:00,1.140909668733309
2022-04-13 14:30:00,1.140909668733309
2022-04-13 15:30:00,1.1526094190900429
2022-04-13 16:30:00,1.1526094190900429
2022-04-13 17:30:00,1.1526094190900429
2022-04-13 18:30:00,1.1526094190900429
2022-04-13 19:30:00,1.1526094190900429
2022-04-14 13:30:00,1.1526094190900429
2022-04-14 14:30:00,1.1526094190900429
2022-04-14 15:30:00,1.1526094190900429
2022-04-14 16:30:00,1.1526094190900429
2022-04-14 17:30:00,1.1526094190900429
2022-04-14 18:30:00,1.1526094190900429
2022-04-14 19:30:00,1.1526094190900429
2022-04-18 13:30:00,1.1526094190900429
2022-04-18 14:30:00,1.1526094190900429
2022-04-18 15:30:00,1.1526094190900429
2022-04-18 16:30:00,1.1526094190900429
2022-04-18 17:30:00,1.1526094190900429
2022-04-18 18:30:00,1.1526094190900429
2022-04-18 19:30:00,1.1526094190900429
2022-04-19 13:30:00,1.1526094190900429
2022-04-19 14:30:00,1.1526094190900429
2022-04-19 15:30:00,1.1526094190900429
2022-04-19 16:30:00,1.1526094190900429
2022-04-19 17:30:00,1.1526094190900429
2022-04-19 18:30:00,1.1526094190900429
2022-04-19 19:30:00,1.1526094190900429
2022-04-20 13:30:00,1.186641984135807
2022-04-20 14:30:00,1.186641984135807
2022-04-20 15:30:00,1.186641984135807
2022-04-20 16:30:00,1.186641984135807
2022-04-20 17:30:00,1.186641984135807
2022-04-20 18:30:00,1.186641984135807
2022-04-20 19:30:00,1.186641984135807
2022-04-21 13:30:00,1.186641984135807
2022-04-21 14:30:00,1.186641984135807
2022-04-21 15:30:00,1.186641984135807
2022-04-21 16:30:00,1.186641984135807
2022-04-21 17:30:00,1.186641984135807
2022-04-21 18:30:00,1.186641984135807
2022-04-21 19:30:00,1.186641984135807
2022-04-22 13:30:00,1.186641984135807
2022-04-22 14:30:00,1.186641984135807
2022-04-22 15:30:00,1.2164010693977323
2022-04-22 16:30:00,1.2164010693977323
2022-04-22 17:30:00,1.2164010693977323
2022-04-22 18:30:00,1.2164010693977323
2022-04-22 19:30:00,1.2164010693977323
2022-04-25 13:30:00,1.2164010693977323
2022-04-25 14:30:00,1.2164010693977323
2022-04-25 15:30:00,1.2164010693977323
2022-04-25 16:30:00,1.2164010693977323
2022-04-25 17:30:00,1.2164010693977323
2022-04-25 18:30:00,1.2164010693977323
2022-04-25 19:30:00,1.2164010693977323
2022-04-26 13:30:00,1.2164010693977323
2022-04-26 14:30:00,1.2164010693977323
2022-04-26 15:30:00,1.2164010693977323
2022-04-26 16:30:00,1.2164010693977323
2022-04-26 17:30:00,1.2164010693977323
2022-04-26 18:30:00,1.2164010693977323
2022-04-26 19:30:00,1.2164010693977323
2022-04-27 13:30:00,1.2164010693977323
2022-04-27 14:30:00,1.2164010693977323
2022-04-27 15:30:00,1.2042460427980484
2022-04-27 16:30:00,1.2042460427980484
2022-04-27 17:30:00,1.2042460427980484
2022-04-27 18:30:00,1.2042460427980484
2022-04-27 19:30:00,1.2042460427980484
2022-04-28 13:30:00,1.2042460427980484
2022-04-28 14:30:00,1.2042460427980484
2022-04-28 15:30:00,1.2042460427980484
2022-04-28 16:30:00,1.2042460427980484
2022-04-28 17:30:00,1.2042460427980484
2022-04-28 18:30:00,1.2042460427980484
2022-04-28 19:30:00,1.2042460427980484
2022-04-29 13:30:00,1.2042460427980484
2022-04-29 14:30:00,1.2042460427980484
2022-04-29 15:30:00,1.2042460427980484
2022-04-29 16:30:00,1.2042460427980484
2022-04-29 17:30:00,1.2042460427980484
2022-04-29 18:30:00,1.2042460427980484
2022-04-29 19:30:00,1.2042460427980484
2022-05-02 13:30:00,1.2042460427980484
2022-05-02 14:30:00,1.2042460427980484
2022-05-02 15:30:00,1.2042460427980484
2022-05-02 16:30:00,1.2042460427980484
2022-05-02 17:30:00,1.2042460427980484
2022-05-02 18:30:00,1.2042460427980484
2022-05-02 19:30:00,1.2042460427980484
2022-05-03 13:30:00,1.2042460427980484
2022-05-03 14:30:00,1.2042460427980484
2022-05-03 15:30:00,1.2042460427980484
2022-05-03 16:30:00,1.2042460427980484
2022-05-03 17:30:00,1.2042460427980484
2022-05-03 18:30:00,1.2042460427980484
2022-05-03 19:30:00,1.2042460427980484
2022-05-04 13:30:00,1.2042460427980484
2022-05-04 14:30:00,1.2042460427980484
2022-05-04 15:30:00,1.2406707370495662
2022-05-04 16:30:00,1.2406707370495662
2022-05-04 17:30:00,1.2406707370495662
2022-05-04 18:30:00,1.2406707370495662
2022-05-04 19:30:00,1.2406707370495662
2022-05-05 13:30:00,1.2406707370495662
2022-05-05 14:30:00,1.2406707370495662
2022-05-05 15:30:00,1.2406707370495662
2022-05-05 16:30:00,1.2406707370495662
2022-05-05 17:30:00,1.2406707370495662
2022-05-05 18:30:00,1.2406707370495662
2022-05-05 19:30:00,1.2406707370495662
2022-05-06 13:30:00,1.2406707370495662
2022-05-06 14:30:00,1.2406707370495662
2022-05-06 15:30:00,1.2406707370495662
2022-05-06 16:30:00,1.2406707370495662
2022-05-06 17:30:00,1.2406707370495662
2022-05-06 18:30:00,1.2406707370495662
2022-05-06 19:30:00,1.2406707370495662
2022-05-09 13:30:00,1.2406707370495662
2022-05-09 14:30:00,1.2406707370495662
2022-05-09 15:30:00,1.2406707370495662
2022-05-09 16:30:00,1.2406707370495662
2022-05-09 17:30:00,1.2406707370495662
2022-05-09 18:30:00,1.2406707370495662
2022-05-09 19:30:00,1.2406707370495662
2022-05-10 13:30:00,1.2406707370495662
2022-05-10 14:30:00,1.2406707370495662
2022-05-10 15:30:00,1.2406707370495662
2022-05-10 16:30:00,1.2406707370495662
2022-05-10 17:30:00,1.2406707370495662
2022-05-10 18:30:00,1.2406707370495662
2022-05-10 19:30:00,1.2406707370495662
2022-05-11 13:30:00,1.2406707370495662
2022-05-11 14:30:00,1.2406707370495662
2022-05-11 15:30:00,1.213562892275513
2022-05-11 16:30:00,1.213562892275513
2022-05-11 17:30:00,1.213562892275513
2022-05-11 18:30:00,1.213562892275513
2022-05-11 19:30:00,1.213562892275513
2022-05-12 13:30:00,1.213562892275513
2022-05-12 14:30:00,1.213562892275513
2022-05-12 15:30:00,1.213562892275513
2022-05-12 16:30:00,1.213562892275513
2022-05-12 17:30:00,1.213562892275513
2022-05-12 18:30:00,1.213562892275513
2022-05-12 19:30:00,1.213562892275513
2022-05-13 13:30:00,1.213562892275513
2022-05-13 14:30:00,1.213562892275513
2022-05-13 15:30:00,1.213562892275513
2022-05-13 16:30:00,1.213562892275513
2022-05-13 17:30:00,1.213562892275513
2022-05-13 18:30:00,1.213562892275513
2022-05-13 19:30:00,1.213562892275513
2022-05-16 13:30:00,1.213562892275513
2022-05-16 14:30:00,1.213562892275513
2022-05-16 15:30:00,1.2323367986270486
2022-05-16 16:30:00,1.2323367986270486
2022-05-16 17:30:00,1.2323367986270486
2022-05-16 18:30:00,1.2323367986270486
2022-05-16 19:30:00,1.2323367986270486
2022-05-17 13:30:00,1.2323367986270486
2022-05-17 14:30:00,1.2323367986270486
2022-05-17 15:30:00,1.2323367986270486
2022-05-17 16:30:00,1.2323367986270486
2022-05-17 17:30:00,1.2323367986270486
2022-05-17 18:30:00,1.2323367986270486
2022-05-17 19:30:00,1.2323367986270486
2022-05-18 13:30:00,1.2492042448183862
2022-05-18 14:30:00,1.2492042448183862
2022-05-18 15:30:00,1.2492042448183862
2022-05-18 16:30:00,1.2492042448183862
2022-05-18 17:30:00,1.2492042448183862
2022-05-18 18:30:00,1.2492042448183862
2022-05-18 19:30:00,1.2492042448183862
2022-05-19 13:30:00,1.2492042448183862
2022-05-19 14:30:00,1.2492042448183862
2022-05-19 15:30:00,1.2492042448183862
2022-05-19 16:30:00,1.2492042448183862
2022-05-19 17:30:00,1.2492042448183862
2022-05-19 18:30:00,1.2492042448183862
2022-05-19 19:30:00,1.2492042448183862
2022-05-20 13:30:00,1.2492042448183862
2022-05-20 14:30:00,1.2492042448183862
2022-05-20 15:30:00,1.1508669954427446
2022-05-20 16:30:00,1.1508669954427446
2022-05-20 17:30:00,1.1508669954427446
2022-05-20 18:30:00,1.1508669954427446
2022-05-20 19:30:00,1.1508669954427446
2022-05-23 13:30:00,1.1508669954427446
2022-05-23 14:30:00,1.1508669954427446
2022-05-23 15:30:00,1.1508669954427446
2022-05-23 16:30:00,1.1508669954427446
2022-05-23 17:30:00,1.1508669954427446
2022-05-23 18:30:00,1.1508669954427446
2022-05-23 19:30:00,1.1508669954427446
2022-05-24 13:30:00,1.1508669954427446
2022-05-24 14:30:00,1.1508669954427446
2022-05-24 15:30:00,1.1508669954427446
2022-05-24 16:30:00,1.1508669954427446
2022-05-24 17:30:00,1.1508669954427446
2022-05-24 18:30:00,1.1508669954427446
2022-05-24 19:30:00,1.1508669954427446
2022-05-25 13:30:00,1.1508669954427446
2022-05-25 14:30:00,1.1508669954427446
2022-05-25 15:30:00,1.1508669954427446
2022-05-25 16:30:00,1.1508669954427446
2022-05-25 17:30:00,1.1508669954427446
2022-05-25 18:30:00,1.1508669954427446
2022-05-25 19:30:00,1.1508669954427446
2022-05-26 13:30:00,1.1508669954427446
2022-05-26 14:30:00,1.1508669954427446
2022-05-26 15:30:00,1.1773595039607159
2022-05-26 16:30:00,1.1773595039607159
2022-05-26 17:30:00,1.1773595039607159
2022-05-26 18:30:00,1.1773595039607159
2022-05-26 19:30:00,1.1773595039607159
2022-05-27 13:30:00,1.1773595039607159
2022-05-27 14:30:00,1.1773595039607159
2022-05-27 15:30:00,1.1773595039607159
2022-05-27 16:30:00,1.1773595039607159
2022-05-27 17:30:00,1.1773595039607159
2022-05-27 18:30:00,1.1773595039607159
2022-05-27 19:30:00,1.1773595039607159
2022-05-31 13:30:00,1.1773595039607159
2022-05-31 14:30:00,1.1773595039607159
2022-05-31 15:30:00,1.1773595039607159
2022-05-31 16:30:00,1.1773595039607159
2022-05-31 17:30:00,1.1773595039607159
2022-05-31 18:30:00,1.1773595039607159
2022-05-31 19:30:00,1.1773595039607159
2022-06-01 13:30:00,1.1773595039607159
2022-06-01 14:30:00,1.1773595039607159
2022-06-01 15:30:00,1.1566846225835525
2022-06-01 16:30:00,1.1566846225835525
2022-06-01 17:30:00,1.1566846225835525
2022-06-01 18:30:00,1.1566846225835525
2022-06-01 19:30:00,1.1566846225835525
2022-06-02 13:30:00,1.1566846225835525
2022-06-02 14:30:00,1.1566846225835525
2022-06-02 15:30:00,1.1566846225835525
2022-06-02 16:30:00,1.1566846225835525
2022-06-02 17:30:00,1.1566846225835525
2022-06-02 18:30:00,1.1566846225835525
2022-06-02 19:30:00,1.1566846225835525
2022-06-03 13:30:00,1.1566846225835525
2022-06-03 14:30:00,1.1566846225835525
2022-06-03 15:30:00,1.1566846225835525
2022-06-03 16:30:00,1.1566846225835525
2022-06-03 17:30:00,1.1566846225835525
2022-06-03 18:30:00,1.1566846225835525
2022-06-03 19:30:00,1.1566846225835525
2022-06-06 13:30:00,1.1566846225835525
2022-06-06 14:30:00,1.1566846225835525
2022-06-06 15:30:00,1.1385406270528726
2022-06-06 16:30:00,1.1385406270528726
2022-06-06 17:30:00,1.1385406270528726
2022-06-06 18:30:00,1.1385406270528726
2022-06-06 19:30:00,1.1385406270528726
2022-06-07 13:30:00,1.1385406270528726
2022-06-07 14:30:00,1.1385406270528726
2022-06-07 15:30:00,1.1385406270528726
2022-06-07 16:30:00,1.1385406270528726
2022-06-07 17:30:00,1.1385406270528726
2022-06-07 18:30:00,1.1385406270528726
2022-06-07 19:30:00,1.1385406270528726
2022-06-08 13:30:00,1.1385406270528726
2022-06-08 14:30:00,1.1385406270528726
2022-06-08 15:30:00,1.1385406270528726
2022-06-08 16:30:00,1.1385406270528726
2022-06-08 17:30:00,1.1385406270528726
2022-06-08 18:30:00,1.1385406270528726
2022-06-08 19:30:00,1.1385406270528726
2022-06-09 13:30:00,1.1385406270528726
2022-06-09 14:30:00,1.1385406270528726
2022-06-09 15:30:00,1.1528456412980705
2022-06-09 16:30:00,1.1528456412980705
2022-06-09 17:30:00,1.1528456412980705
2022-06-09 18:30:00,1.1528456412980705
2022-06-09 19:30:00,1.1528456412980705
2022-06-10 13:30:00,1.1528456412980705
2022-06-10 14:30:00,1.1528456412980705
2022-06-10 15:30:00,1.1528456412980705
2022-06-10 16:30:00,1.1528456412980705
2022-06-10 17:30:00,1.1528456412980705
2022-06-10 18:30:00,1.1528456412980705
2022-06-10 19:30:00,1.1528456412980705
2022-06-13 13:30:00,1.1528456412980705
2022-06-13 14:30:00,1.1528456412980705
2022-06-13 15:30:00,1.1528456412980705
2022-06-13 16:30:00,1.1528456412980705
2022-06-13 17:30:00,1.1528456412980705
2022-06-13 18:30:00,1.1528456412980705
2022-06-13 19:30:00,1.1528456412980705
2022-06-14 13:30:00,1.1528456412980705
2022-06-14 14:30:00,1.1528456412980705
2022-06-14 15:30:00,1.0881225401724435
2022-06-14 16:30:00,1.0881225401724435
2022-06-14 17:30:00,1.0881225401724435
2022-06-14 18:30:00,1.0881225401724435
2022-06-14 19:30:00,1.0881225401724435
2022-06-15 13:30:00,1.0881225401724435
2022-06-15 14:30:00,1.0881225401724435
2022-06-15 15:30:00,1.0881225401724435
2022-06-15 16:30:00,1.0881225401724435
2022-06-15 17:30:00,1.0881225401724435
2022-06-15 18:30:00,1.0881225401724435
2022-06-15 19:30:00,1.0881225401724435
2022-06-16 13:30:00,1.0881225401724435
2022-06-16 14:30:00,1.0881225401724435
2022-06-16 15:30:00,1.0881225401724435
2022-06-16 16:30:00,1.0881225401724435
2022-06-16 17:30:00,1.0881225401724435
2022-06-16 18:30:00,1.0881225401724435
2022-06-16 19:30:00,1.0881225401724435
2022-06-17 13:30:00,1.0881225401724435
2022-06-17 14:30:00,1.0881225401724435
2022-06-17 15:30:00,1.0881225401724435
2022-06-17 16:30:00,1.0881225401724435
2022-06-17 17:30:00,1.0881225401724435
2022-06-17 18:30:00,1.0881225401724435
2022-06-17 19:30:00,1.0881225401724435
2022-06-21 13:30:00,1.0881225401724435
2022-06-21 14:30:00,1.0881225401724435
2022-06-21 15:30:00,1.120458101727386
2022-06-21 16:30:00,1.120458101727386
2022-06-21 17:30:00,1.120458101727386
2022-06-21 18:30:00,1.120458101727386
2022-06-21 19:30:00,1.120458101727386
2022-06-22 13:30:00,1.120458101727386
2022-06-22 14:30:00,1.120458101727386
2022-06-22 15:30:00,1.120458101727386
2022-06-22 16:30:00,1.120458101727386
2022-06-22 17:30:00,1.120458101727386
2022-06-22 18:30:00,1.120458101727386
2022-06-22 19:30:00,1.120458101727386
2022-06-23 13:30:00,1.120458101727386
2022-06-23 14:30:00,1.120458101727386
2022-06-23 15:30:00,1.120458101727386
2022-06-23 16:30:00,1.120458101727386
2022-06-23 17:30:00,1.120458101727386
2022-06-23 18:30:00,1.120458101727386
2022-06-23 19:30:00,1.120458101727386
2022-06-24 13:30:00,1.1628525519635695
2022-06-24 14:30:00,1.1628525519635695
2022-06-24 15:30:00,1.1628525519635695
2022-06-24 16:30:00,1.1628525519635695
2022-06-24 17:30:00,1.1628525519635695
2022-06-24 18:30:00,1.1628525519635695
2022-06-24 19:30:00,1.1628525519635695
2022-06-27 13:30:00,1.1628525519635695
2022-06-27 14:30:00,1.1628525519635695
2022-06-27 15:30:00,1.1628525519635695
2022-06-27 16:30:00,1.1628525519635695
2022-06-27 17:30:00,1.1628525519635695
2022-06-27 18:30:00,1.1628525519635695
2022-06-27 19:30:00,1.1628525519635695
2022-06-28 13:30:00,1.1628525519635695
2022-06-28 14:30:00,1.1628525519635695
2022-06-28 15:30:00,1.1685326615103593
2022-06-28 16:30:00,1.1685326615103593
2022-06-28 17:30:00,1.1685326615103593
2022-06-28 18:30:00,1.1685326615103593
2022-06-28 19:30:00,1.1685326615103593
2022-06-29 13:30:00,1.1685326615103593
2022-06-29 14:30:00,1.1685326615103593
2022-06-29 15:30:00,1.1685326615103593
2022-06-29 16:30:00,1.1685326615103593
2022-06-29 17:30:00,1.1685326615103593
2022-06-29 18:30:00,1.1685326615103593
2022-06-29 19:30:00,1.1685326615103593
2022-06-30 13:30:00,1.1685326615103593
2022-06-30 14:30:00,1.1685326615103593
2022-06-30 15:30:00,1.1685326615103593
2022-06-30 16:30:00,1.1685326615103593
2022-06-30 17:30:00,1.1685326615103593
2022-06-30 18:30:00,1.1685326615103593
2022-06-30 19:30:00,1.1685326615103593
2022-07-01 13:30:00,1.1685326615103593
2022-07-01 14:30:00,1.1685326615103593
2022-07-01 15:30:00,1.1685326615103593
2022-07-01 16:30:00,1.1685326615103593
2022-07-01 17:30:00,1.1685326615103593
2022-07-01 18:30:00,1.1685326615103593
2022-07-01 19:30:00,1.1685326615103593
2022-07-05 13:30:00,1.1685326615103593
2022-07-05 14:30:00,1.1685326615103593
2022-07-05 15:30:00,1.1910142693400294
2022-07-05 16:30:00,1.1910142693400294
2022-07-05 17:30:00,1.1910142693400294
2022-07-05 18:30:00,1.1910142693400294
2022-07-05 19:30:00,1.1910142693400294
2022-07-06 13:30:00,1.1910142693400294
2022-07-06 14:30:00,1.1910142693400294
2022-07-06 15:30:00,1.1910142693400294
2022-07-06 16:30:00,1.1910142693400294
2022-07-06 17:30:00,1.1910142693400294
2022-07-06 18:30:00,1.1910142693400294
2022-07-06 19:30:00,1.1910142693400294
2022-07-07 13:30:00,1.1910142693400294
2022-07-07 14:30:00,1.1910142693400294
2022-07-07 15:30:00,1.1910142693400294
2022-07-07 16:30:00,1.1910142693400294
2022-07-07 17:30:00,1.1910142693400294
2022-07-07 18:30:00,1.1910142693400294
2022-07-07 19:30:00,1.1910142693400294
2022-07-08 13:30:00,1.1910142693400294
2022-07-08 14:30:00,1.1910142693400294
2022-07-08 15:30:00,1.1910142693400294
2022-07-08 16:30:00,1.1910142693400294
2022-07-08 17:30:00,1.1910142693400294
2022-07-08 18:30:00,1.1910142693400294
2022-07-08 19:30:00,1.1910142693400294
2022-07-11 13:30:00,1.1910142693400294
2022-07-11 14:30:00,1.1910142693400294
2022-07-11 15:30:00,1.1910142693400294
2022-07-11 16:30:00,1.1910142693400294
2022-07-11 17:30:00,1.1910142693400294
2022-07-11 18:30:00,1.1910142693400294
2022-07-11 19:30:00,1.1910142693400294
2022-07-12 13:30:00,1.1910142693400294
2022-07-12 14:30:00,1.1910142693400294
2022-07-12 15:30:00,1.2122647994970335
2022-07-12 16:30:00,1.2122647994970335
2022-07-12 17:30:00,1.2122647994970335
2022-07-12 18:30:00,1.2122647994970335
2022-07-12 19:30:00,1.2122647994970335
2022-07-13 13:30:00,1.2122647994970335
2022-07-13 14:30:00,1.2122647994970335
2022-07-13 15:30:00,1.2122647994970335
2022-07-13 16:30:00,1.2122647994970335
2022-07-13 17:30:00,1.2122647994970335
2022-07-13 18:30:00,1.2122647994970335
2022-07-13 19:30:00,1.2122647994970335
2022-07-14 13:30:00,1.2122647994970335
2022-07-14 14:30:00,1.2122647994970335
2022-07-14 15:30:00,1.2122647994970335
2022-07-14 16:30:00,1.2122647994970335
2022-07-14 17:30:00,1.2122647994970335
2022-07-14 18:30:00,1.2122647994970335
2022-07-14 19:30:00,1.2122647994970335
2022-07-15 13:30:00,1.2729460193167743
2022-07-15 14:30:00,1.2729460193167743
2022-07-15 15:30:00,1.2729460193167743
2022-07-15 16:30:00,1.2729460193167743
2022-07-15 17:30:00,1.2729460193167743
2022-07-15 18:30:00,1.2729460193167743
2022-07-15 19:30:00,1.2729460193167743
2022-07-18 13:30:00,1.2729460193167743
2022-07-18 14:30:00,1.2729460193167743
2022-07-18 15:30:00,1.2729460193167743
2022-07-18 16:30:00,1.2729460193167743
2022-07-18 17:30:00,1.2729460193167743
2022-07-18 18:30:00,1.2729460193167743
2022-07-18 19:30:00,1.2729460193167743
2022-07-19 13:30:00,1.2729460193167743
2022-07-19 14:30:00,1.2729460193167743
2022-07-19 15:30:00,1.2744755768425553
2022-07-19 16:30:00,1.2744755768425553
2022-07-19 17:30:00,1.2744755768425553
2022-07-19 18:30:00,1.2744755768425553
2022-07-19 19:30:00,1.2744755768425553
2022-07-20 16:30:00,1.2744755768425553
2022-07-20 17:30:00,1.2744755768425553
2022-07-20 18:30:00,1.2744755768425553
2022-07-20 19:30:00,1.2744755768425553
2022-07-21 13:30:00,1.2744755768425553
2022-07-21 14:30:00,1.2744755768425553
2022-07-21 15:30:00,1.2744755768425553
2022-07-21 16:30:00,1.2744755768425553
2022-07-21 17:30:00,1.2744755768425553
2022-07-21 18:30:00,1.2744755768425553
2022-07-21 19:30:00,1.2744755768425553
2022-07-22 13:30:00,1.2744755768425553
2022-07-22 14:30:00,1.2744755768425553
2022-07-22 15:30:00,1.2744755768425553
2022-07-22 16:30:00,1.2744755768425553
2022-07-22 17:30:00,1.2744755768425553
2022-07-22 18:30:00,1.2744755768425553
2022-07-22 19:30:00,1.2744755768425553
2022-07-25 13:30:00,1.2744755768425553
2022-07-25 14:30:00,1.2744755768425553
2022-07-25 15:30:00,1.2843553161428993
2022-07-25 16:30:00,1.2843553161428993
2022-07-25 17:30:00,1.2843553161428993
2022-07-25 18:30:00,1.2843553161428993
2022-07-25 19:30:00,1.2843553161428993
2022-07-26 13:30:00,1.2843553161428993
2022-07-26 14:30:00,1.2843553161428993
2022-07-26 15:30:00,1.2843553161428993
2022-07-26 16:30:00,1.2843553161428993
2022-07-26 17:30:00,1.2843553161428993
2022-07-26 18:30:00,1.2843553161428993
2022-07-26 19:30:00,1.2843553161428993
2022-07-27 13:30:00,1.2843553161428993
2022-07-27 14:30:00,1.2843553161428993
2022-07-27 15:30:00,1.2843553161428993
2022-07-27 16:30:00,1.2843553161428993
2022-07-27 17:30:00,1.2843553161428993
2022-07-27 18:30:00,1.2843553161428993
2022-07-27 19:30:00,1.2843553161428993
2022-07-28 13:30:00,1.2843553161428993
2022-07-28 14:30:00,1.2843553161428993
2022-07-28 15:30:00,1.324691836584181
2022-07-28 16:30:00,1.324691836584181
2022-07-28 17:30:00,1.324691836584181
2022-07-28 18:30:00,1.324691836584181
2022-07-28 19:30:00,1.324691836584181
2022-07-29 13:30:00,1.324691836584181
2022-07-29 14:30:00,1.324691836584181
2022-07-29 15:30:00,1.324691836584181
2022-07-29 16:30:00,1.324691836584181
2022-07-29 17:30:00,1.324691836584181
2022-07-29 18:30:00,1.324691836584181
2022-07-29 19:30:00,1.324691836584181
2022-08-01 13:30:00,1.3285570288066455
2022-08-01 14:30:00,1.3285570288066455
2022-08-01 15:30:00,1.3285570288066455
2022-08-01 16:30:00,1.3285570288066455
2022-08-01 17:30:00,1.3285570288066455
2022-08-01 18:30:00,1.3285570288066455
2022-08-01 19:30:00,1.3285570288066455
2022-08-02 13:30:00,1.3285570288066455
2022-08-02 14:30:00,1.3285570288066455
2022-08-02 15:30:00,1.3285570288066455
2022-08-02 16:30:00,1.3285570288066455
2022-08-02 17:30:00,1.3285570288066455
2022-08-02 18:30:00,1.3285570288066455
2022-08-02 19:30:00,1.3285570288066455
2022-08-03 13:30:00,1.3285570288066455
2022-08-03 14:30:00,1.3285570288066455
2022-08-03 15:30:00,1.3606410047320108
2022-08-03 16:30:00,1.3606410047320108
2022-08-03 17:30:00,1.3606410047320108
2022-08-03 18:30:00,1.3606410047320108
2022-08-03 19:30:00,1.3606410047320108
2022-08-04 13:30:00,1.3606410047320108
2022-08-04 14:30:00,1.3606410047320108
2022-08-04 15:30:00,1.3606410047320108
2022-08-04 16:30:00,1.3606410047320108
2022-08-04 17:30:00,1.3606410047320108
2022-08-04 18:30:00,1.3606410047320108
2022-08-04 19:30:00,1.3606410047320108
2022-08-05 13:30:00,1.3606410047320108
2022-08-05 14:30:00,1.3606410047320108
2022-08-05 15:30:00,1.3606410047320108
2022-08-05 16:30:00,1.3606410047320108
2022-08-05 17:30:00,1.3606410047320108
2022-08-05 18:30:00,1.3606410047320108
2022-08-05 19:30:00,1.3606410047320108
2022-08-08 13:30:00,1.3886696588666412
2022-08-08 14:30:00,1.3886696588666412
2022-08-08 15:30:00,1.3886696588666412
2022-08-08 16:30:00,1.3886696588666412
2022-08-08 17:30:00,1.3886696588666412
2022-08-08 18:30:00,1.3886696588666412
2022-08-08 19:30:00,1.3886696588666412
2022-08-09 13:30:00,1.4104444918607362
2022-08-09 14:30:00,1.4104444918607362
2022-08-09 15:30:00,1.4104444918607362
2022-08-09 16:30:00,1.4104444918607362
2022-08-09 17:30:00,1.4104444918607362
2022-08-09 18:30:00,1.4104444918607362
2022-08-09 19:30:00,1.4104444918607362
2022-08-10 13:30:00,1.4446084886805775
2022-08-10 14:30:00,1.4446084886805775
2022-08-10 15:30:00,1.4446084886805775
2022-08-10 16:30:00,1.4446084886805775
2022-08-10 17:30:00,1.4446084886805775
2022-08-10 18:30:00,1.4446084886805775
2022-08-10 19:30:00,1.4446084886805775
2022-08-11 15:30:00,1.4446084886805775
2022-08-11 16:30:00,1.4446084886805775
2022-08-11 17:30:00,1.4446084886805775
2022-08-11 18:30:00,1.4446084886805775
2022-08-11 19:30:00,1.4446084886805775
2022-08-12 13:30:00,1.4446084886805775
2022-08-12 14:30:00,1.4446084886805775
2022-08-12 15:30:00,1.4446084886805775
2022-08-12 16:30:00,1.4446084886805775
2022-08-12 17:30:00,1.4143614420342594
2022-08-12 18:30:00,1.4143614420342594
2022-08-12 19:30:00,1.4143614420342594
2022-08-15 13:30:00,1.4143614420342594
2022-08-15 14:30:00,1.4143614420342594
2022-08-15 15:30:00,1.4143614420342594
2022-08-15 16:30:00,1.4143614420342594
2022-08-15 17:30:00,1.4143614420342594
2022-08-15 18:30:00,1.4143614420342594
2022-08-15 19:30:00,1.4143614420342594
2022-08-16 13:30:00,1.4143614420342594
2022-08-16 14:30:00,1.4143614420342594
2022-08-16 15:30:00,1.4143614420342594
2022-08-16 16:30:00,1.4143614420342594
2022-08-16 17:30:00,1.4143614420342594
2022-08-16 18:30:00,1.4143614420342594
2022-08-16 19:30:00,1.4143614420342594
2022-08-17 13:30:00,1.4143614420342594
2022-08-17 14:30:00,1.4143614420342594
2022-08-17 15:30:00,1.4143614420342594
2022-08-17 16:30:00,1.4143614420342594
2022-08-17 17:30:00,1.4143614420342594
2022-08-17 18:30:00,1.4143614420342594
2022-08-17 19:30:00,1.4143614420342594
2022-08-18 13:30:00,1.4143614420342594
2022-08-18 14:30:00,1.4143614420342594
2022-08-18 15:30:00,1.4143614420342594
2022-08-18 16:30:00,1.4143614420342594
2022-08-18 17:30:00,1.4143614420342594
2022-08-18 18:30:00,1.4143614420342594
2022-08-18 19:30:00,1.4143614420342594
2022-08-19 13:30:00,1.4143614420342594
2022-08-19 14:30:00,1.4143614420342594
2022-08-19 15:30:00,1.4143614420342594
2022-08-19 16:30:00,1.4143614420342594
2022-08-19 17:30:00,1.4143614420342594
2022-08-19 18:30:00,1.4143614420342594
2022-08-19 19:30:00,1.4143614420342594
2022-08-22 13:30:00,1.4143614420342594
2022-08-22 14:30:00,1.4143614420342594
2022-08-22 15:30:00,1.3740743598725058
2022-08-22 16:30:00,1.3740743598725058
2022-08-22 17:30:00,1.3740743598725058
2022-08-22 18:30:00,1.3740743598725058
2022-08-22 19:30:00,1.3740743598725058
2022-08-23 13:30:00,1.3740743598725058
2022-08-23 14:30:00,1.3740743598725058
2022-08-23 15:30:00,1.3740743598725058
2022-08-23 16:30:00,1.3740743598725058
2022-08-23 17:30:00,1.3740743598725058
2022-08-23 18:30:00,1.3740743598725058
2022-08-23 19:30:00,1.3740743598725058
2022-08-24 13:30:00,1.3740743598725058
2022-08-24 14:30:00,1.3740743598725058
2022-08-24 15:30:00,1.3740743598725058
2022-08-24 16:30:00,1.3740743598725058
2022-08-24 17:30:00,1.3740743598725058
2022-08-24 18:30:00,1.3740743598725058
2022-08-24 19:30:00,1.3740743598725058
2022-08-25 13:30:00,1.3740743598725058
2022-08-25 14:30:00,1.3740743598725058
2022-08-25 15:30:00,1.3740743598725058
2022-08-25 16:30:00,1.3740743598725058
2022-08-25 17:30:00,1.3740743598725058
2022-08-25 18:30:00,1.3740743598725058
2022-08-25 19:30:00,1.3740743598725058
2022-08-26 13:30:00,1.3740743598725058
2022-08-26 14:30:00,1.3740743598725058
2022-08-26 15:30:00,1.3740743598725058
2022-08-26 16:30:00,1.3740743598725058
2022-08-26 17:30:00,1.3740743598725058
2022-08-26 18:30:00,1.3740743598725058
2022-08-26 19:30:00,1.3740743598725058
2022-08-29 13:30:00,1.4408358478762526
2022-08-29 14:30:00,1.4408358478762526
2022-08-29 15:30:00,1.4408358478762526
2022-08-29 16:30:00,1.4408358478762526
2022-08-29 17:30:00,1.4408358478762526
2022-08-29 18:30:00,1.4408358478762526
2022-08-29 19:30:00,1.4408358478762526
2022-08-30 13:30:00,1.4408358478762526
2022-08-30 14:30:00,1.4408358478762526
2022-08-30 15:30:00,1.4408358478762526
2022-08-30 16:30:00,1.4408358478762526
2022-08-30 17:30:00,1.4408358478762526
2022-08-30 18:30:00,1.4408358478762526
2022-08-30 19:30:00,1.4408358478762526
2022-08-31 13:30:00,1.4408358478762526
2022-08-31 14:30:00,1.4408358478762526
2022-08-31 15:30:00,1.424184995580199
2022-08-31 16:30:00,1.424184995580199
2022-08-31 17:30:00,1.424184995580199
2022-08-31 18:30:00,1.424184995580199
2022-08-31 19:30:00,1.424184995580199
2022-09-01 13:30:00,1.424184995580199
2022-09-01 14:30:00,1.424184995580199
2022-09-01 15:30:00,1.424184995580199
2022-09-01 16:30:00,1.424184995580199
2022-09-01 17:30:00,1.424184995580199
2022-09-01 18:30:00,1.424184995580199
2022-09-01 19:30:00,1.424184995580199
2022-09-02 13:30:00,1.424184995580199
2022-09-02 14:30:00,1.424184995580199
2022-09-02 15:30:00,1.424184995580199
2022-09-02 16:30:00,1.424184995580199
2022-09-02 17:30:00,1.424184995580199
2022-09-02 18:30:00,1.424184995580199
2022-09-02 19:30:00,1.424184995580199
2022-09-06 13:30:00,1.424184995580199
2022-09-06 14:30:00,1.424184995580199
2022-09-06 15:30:00,1.424184995580199
2022-09-06 16:30:00,1.424184995580199
2022-09-06 17:30:00,1.424184995580199
2022-09-06 18:30:00,1.424184995580199
2022-09-06 19:30:00,1.424184995580199
2022-09-07 13:30:00,1.424184995580199
2022-09-07 14:30:00,1.424184995580199
2022-09-07 15:30:00,1.424184995580199
2022-09-07 16:30:00,1.424184995580199
2022-09-07 17:30:00,1.424184995580199
2022-09-07 18:30:00,1.424184995580199
2022-09-07 19:30:00,1.424184995580199
2022-09-08 13:30:00,1.424184995580199
2022-09-08 14:30:00,1.424184995580199
2022-09-08 15:30:00,1.424184995580199
2022-09-08 16:30:00,1.424184995580199
2022-09-08 17:30:00,1.424184995580199
2022-09-08 18:30:00,1.424184995580199
2022-09-08 19:30:00,1.424184995580199
2022-09-09 13:30:00,1.424184995580199
2022-09-09 14:30:00,1.424184995580199
2022-09-09 15:30:00,1.424184995580199
2022-09-09 16:30:00,1.424184995580199
2022-09-09 17:30:00,1.424184995580199
2022-09-09 18:30:00,1.424184995580199
2022-09-09 19:30:00,1.424184995580199
2022-09-12 13:30:00,1.4696003728907208
2022-09-12 14:30:00,1.4696003728907208
2022-09-12 15:30:00,1.4696003728907208
2022-09-12 16:30:00,1.4696003728907208
2022-09-12 17:30:00,1.4696003728907208
2022-09-12 18:30:00,1.4696003728907208
2022-09-12 19:30:00,1.4696003728907208
2022-09-13 13:30:00,1.4696003728907208
2022-09-13 14:30:00,1.4696003728907208
2022-09-13 15:30:00,1.4696003728907208
2022-09-13 16:30:00,1.4696003728907208
2022-09-13 17:30:00,1.4696003728907208
2022-09-13 18:30:00,1.4696003728907208
2022-09-13 19:30:00,1.4696003728907208
2022-09-14 13:30:00,1.4696003728907208
2022-09-14 14:30:00,1.4696003728907208
2022-09-14 15:30:00,1.5094342801501024
2022-09-14 16:30:00,1.5094342801501024
2022-09-14 17:30:00,1.5094342801501024
2022-09-14 18:30:00,1.5094342801501024
2022-09-14 19:30:00,1.5094342801501024
2022-09-15 13:30:00,1.5094342801501024
2022-09-15 14:30:00,1.5094342801501024
2022-09-15 15:30:00,1.5094342801501024
2022-09-15 16:30:00,1.5094342801501024
2022-09-15 17:30:00,1.5094342801501024
2022-09-15 18:30:00,1.5094342801501024
2022-09-15 19:30:00,1.5094342801501024
2022-09-16 13:30:00,1.5094342801501024
2022-09-16 14:30:00,1.5094342801501024
2022-09-16 15:30:00,1.5094342801501024
2022-09-16 16:30:00,1.5094342801501024
2022-09-16 17:30:00,1.5094342801501024
2022-09-16 18:30:00,1.5094342801501024
2022-09-16 19:30:00,1.5094342801501024
2022-09-19 13:30:00,1.5094342801501024
2022-09-19 14:30:00,1.5094342801501024
2022-09-19 15:30:00,1.5094342801501024
2022-09-19 16:30:00,1.5094342801501024
2022-09-19 17:30:00,1.5094342801501024
2022-09-19 18:30:00,1.5094342801501024
2022-09-19 19:30:00,1.5094342801501024
2022-09-20 13:30:00,1.5094342801501024
2022-09-20 14:30:00,1.5094342801501024
2022-09-20 15:30:00,1.5706506072677087
2022-09-20 16:30:00,1.5706506072677087
2022-09-20 17:30:00,1.5706506072677087
2022-09-20 18:30:00,1.5706506072677087
2022-09-20 19:30:00,1.5706506072677087
2022-09-21 13:30:00,1.5706506072677087
2022-09-21 14:30:00,1.5706506072677087
2022-09-21 15:30:00,1.5706506072677087
2022-09-21 16:30:00,1.5706506072677087
2022-09-21 17:30:00,1.5706506072677087
2022-09-21 18:30:00,1.5706506072677087
2022-09-21 19:30:00,1.5706506072677087
2022-09-22 13:30:00,1.5706506072677087
2022-09-22 14:30:00,1.5706506072677087
2022-09-22 15:30:00,1.5706506072677087
2022-09-22 16:30:00,1.5706506072677087
2022-09-22 17:30:00,1.5706506072677087
2022-09-22 18:30:00,1.5706506072677087
2022-09-22 19:30:00,1.5706506072677087
2022-09-23 13:30:00,1.5706506072677087
2022-09-23 14:30:00,1.5706506072677087
2022-09-23 15:30:00,1.5706506072677087
2022-09-23 16:30:00,1.5706506072677087
2022-09-23 17:30:00,1.5706506072677087
2022-09-23 18:30:00,1.5706506072677087
2022-09-23 19:30:00,1.5706506072677087
2022-09-26 13:30:00,1.5706506072677087
2022-09-26 14:30:00,1.5706506072677087
2022-09-26 15:30:00,1.557027775270906
2022-09-26 16:30:00,1.557027775270906
2022-09-26 17:30:00,1.557027775270906
2022-09-26 18:30:00,1.557027775270906
2022-09-26 19:30:00,1.557027775270906
2022-09-27 13:30:00,1.557027775270906
2022-09-27 14:30:00,1.557027775270906
2022-09-27 15:30:00,1.557027775270906
2022-09-27 16:30:00,1.557027775270906
2022-09-27 17:30:00,1.557027775270906
2022-09-27 18:30:00,1.557027775270906
2022-09-27 19:30:00,1.557027775270906
2022-09-28 13:30:00,1.557027775270906
2022-09-28 14:30:00,1.557027775270906
2022-09-28 15:30:00,1.557027775270906
2022-09-28 16:30:00,1.557027775270906
2022-09-28 17:30:00,1.557027775270906
2022-09-28 18:30:00,1.557027775270906
2022-09-28 19:30:00,1.557027775270906
2022-09-29 13:30:00,1.557027775270906
2022-09-29 14:30:00,1.557027775270906
2022-09-29 15:30:00,1.557027775270906
2022-09-29 16:30:00,1.557027775270906
2022-09-29 17:30:00,1.557027775270906
2022-09-29 18:30:00,1.557027775270906
2022-09-29 19:30:00,1.557027775270906
2022-09-30 13:30:00,1.557027775270906
2022-09-30 14:30:00,1.557027775270906
2022-09-30 15:30:00,1.4898580441402447
2022-09-30 16:30:00,1.4898580441402447
2022-09-30 17:30:00,1.4898580441402447
2022-09-30 18:30:00,1.4898580441402447
2022-09-30 19:30:00,1.4898580441402447
2022-10-03 13:30:00,1.4898580441402447
2022-10-03 14:30:00,1.4898580441402447
2022-10-03 15:30:00,1.4898580441402447
2022-10-03 16:30:00,1.4898580441402447
2022-10-03 17:30:00,1.4898580441402447
2022-10-03 18:30:00,1.4898580441402447
2022-10-03 19:30:00,1.4898580441402447
2022-10-04 13:30:00,1.4898580441402447
2022-10-04 14:30:00,1.4898580441402447
2022-10-04 15:30:00,1.4898580441402447
2022-10-04 16:30:00,1.4898580441402447
2022-10-04 17:30:00,1.4898580441402447
2022-10-04 18:30:00,1.4898580441402447
2022-10-04 19:30:00,1.4898580441402447
2022-10-05 13:30:00,1.4898580441402447
2022-10-05 14:30:00,1.4898580441402447
2022-10-05 15:30:00,1.4898580441402447
2022-10-05 16:30:00,1.4898580441402447
2022-10-05 17:30:00,1.4898580441402447
2022-10-05 18:30:00,1.4898580441402447
2022-10-05 19:30:00,1.4898580441402447
2022-10-06 13:30:00,1.4898580441402447
2022-10-06 14:30:00,1.4898580441402447
2022-10-06 15:30:00,1.479045709984496
2022-10-06 16:30:00,1.479045709984496
2022-10-06 17:30:00,1.479045709984496
2022-10-06 18:30:00,1.479045709984496
2022-10-06 19:30:00,1.479045709984496
2022-10-07 13:30:00,1.479045709984496
2022-10-07 14:30:00,1.479045709984496
2022-10-07 15:30:00,1.479045709984496
2022-10-07 16:30:00,1.479045709984496
2022-10-07 17:30:00,1.479045709984496
2022-10-07 18:30:00,1.479045709984496
2022-10-07 19:30:00,1.479045709984496
2022-10-10 13:30:00,1.479045709984496
2022-10-10 14:30:00,1.479045709984496
2022-10-10 15:30:00,1.479045709984496
2022-10-10 16:30:00,1.479045709984496
2022-10-10 17:30:00,1.479045709984496
2022-10-10 18:30:00,1.479045709984496
2022-10-10 19:30:00,1.479045709984496
2022-10-11 13:30:00,1.479045709984496
2022-10-11 14:30:00,1.479045709984496
2022-10-11 15:30:00,1.4604615009048436
2022-10-11 16:30:00,1.4604615009048436
2022-10-11 17:30:00,1.4604615009048436
2022-10-11 18:30:00,1.4604615009048436
2022-10-11 19:30:00,1.4604615009048436
2022-10-12 13:30:00,1.4604615009048436
2022-10-12 14:30:00,1.4604615009048436
2022-10-12 15:30:00,1.4604615009048436
2022-10-12 16:30:00,1.4604615009048436
2022-10-12 17:30:00,1.4604615009048436
2022-10-12 18:30:00,1.4604615009048436
2022-10-12 19:30:00,1.4604615009048436
2022-10-13 13:30:00,1.4604615009048436
2022-10-13 14:30:00,1.4604615009048436
2022-10-13 15:30:00,1.4604615009048436
2022-10-13 16:30:00,1.4604615009048436
2022-10-13 17:30:00,1.4604615009048436
2022-10-13 18:30:00,1.4604615009048436
2022-10-13 19:30:00,1.4604615009048436
2022-10-14 13:30:00,1.564756855789123
2022-10-14 14:30:00,1.564756855789123
2022-10-14 15:30:00,1.564756855789123
2022-10-14 16:30:00,1.564756855789123
2022-10-14 17:30:00,1.564756855789123
2022-10-14 18:30:00,1.564756855789123
2022-10-14 19:30:00,1.564756855789123
2022-10-17 13:30:00,1.564756855789123
2022-10-17 14:30:00,1.564756855789123
2022-10-17 15:30:00,1.564756855789123
2022-10-17 16:30:00,1.564756855789123
2022-10-17 17:30:00,1.564756855789123
2022-10-17 18:30:00,1.564756855789123
2022-10-17 19:30:00,1.564756855789123
2022-10-18 13:30:00,1.564756855789123
2022-10-18 14:30:00,1.564756855789123
2022-10-18 15:30:00,1.5661659498632006
2022-10-18 16:30:00,1.5661659498632006
2022-10-18 17:30:00,1.5661659498632006
2022-10-18 18:30:00,1.5661659498632006
2022-10-18 19:30:00,1.5661659498632006
2022-10-19 13:30:00,1.5661659498632006
2022-10-19 14:30:00,1.5661659498632006
2022-10-19 15:30:00,1.5661659498632006
2022-10-19 16:30:00,1.5661659498632006
2022-10-19 17:30:00,1.5661659498632006
2022-10-19 18:30:00,1.5661659498632006
2022-10-19 19:30:00,1.5661659498632006
2022-10-20 13:30:00,1.5661659498632006
2022-10-20 14:30:00,1.5661659498632006
2022-10-20 15:30:00,1.5661659498632006
2022-10-20 16:30:00,1.5661659498632006
2022-10-20 17:30:00,1.5661659498632006
2022-10-20 18:30:00,1.5661659498632006
2022-10-20 19:30:00,1.5661659498632006
2022-10-21 13:30:00,1.5661659498632006
2022-10-21 14:30:00,1.5661659498632006
2022-10-21 15:30:00,1.602961012972371
2022-10-21 16:30:00,1.602961012972371
2022-10-21 17:30:00,1.602961012972371
2022-10-21 18:30:00,1.602961012972371
2022-10-21 19:30:00,1.602961012972371
2022-10-24 13:30:00,1.602961012972371
2022-10-24 14:30:00,1.602961012972371
2022-10-24 15:30:00,1.602961012972371
2022-10-24 16:30:00,1.602961012972371
2022-10-24 17:30:00,1.602961012972371
2022-10-24 18:30:00,1.602961012972371
2022-10-24 19:30:00,1.602961012972371
2022-10-25 13:30:00,1.602961012972371
2022-10-25 14:30:00,1.602961012972371
2022-10-25 15:30:00,1.602961012972371
2022-10-25 16:30:00,1.602961012972371
2022-10-25 17:30:00,1.602961012972371
2022-10-25 18:30:00,1.602961012972371
2022-10-25 19:30:00,1.602961012972371
2022-10-26 13:30:00,1.6010476642831466
2022-10-26 14:30:00,1.6010476642831466
2022-10-26 15:30:00,1.6010476642831466
2022-10-26 16:30:00,1.6010476642831466
2022-10-26 17:30:00,1.6010476642831466
2022-10-26 18:30:00,1.6010476642831466
2022-10-26 19:30:00,1.6010476642831466
2022-10-27 13:30:00,1.6010476642831466
2022-10-27 14:30:00,1.6010476642831466
2022-10-27 15:30:00,1.6010476642831466
2022-10-27 16:30:00,1.6010476642831466
2022-10-27 17:30:00,1.6010476642831466
2022-10-27 18:30:00,1.6010476642831466
2022-10-27 19:30:00,1.6010476642831466
2022-10-28 13:30:00,1.6010476642831466
2022-10-28 14:30:00,1.6010476642831466
2022-10-28 15:30:00,1.6546637565583886
2022-10-28 16:30:00,1.6546637565583886
2022-10-28 17:30:00,1.6546637565583886
2022-10-28 18:30:00,1.6546637565583886
2022-10-28 19:30:00,1.6546637565583886
2022-10-31 13:30:00,1.6546637565583886
2022-10-31 14:30:00,1.6546637565583886
2022-10-31 15:30:00,1.6546637565583886
2022-10-31 16:30:00,1.6546637565583886
2022-10-31 17:30:00,1.6546637565583886
2022-10-31 18:30:00,1.6546637565583886
2022-10-31 19:30:00,1.6546637565583886
2022-11-01 13:30:00,1.6546637565583886
2022-11-01 14:30:00,1.6546637565583886
2022-11-01 15:30:00,1.6546637565583886
2022-11-01 16:30:00,1.6546637565583886
2022-11-01 17:30:00,1.6546637565583886
2022-11-01 18:30:00,1.6546637565583886
2022-11-01 19:30:00,1.6546637565583886
2022-11-02 13:30:00,1.6546637565583886
2022-11-02 14:30:00,1.6546637565583886
2022-11-02 15:30:00,1.6546637565583886
2022-11-02 16:30:00,1.6546637565583886
2022-11-02 17:30:00,1.6546637565583886
2022-11-02 18:30:00,1.6546637565583886
2022-11-02 19:30:00,1.6546637565583886
2022-11-03 13:30:00,1.6546637565583886
2022-11-03 14:30:00,1.6546637565583886
2022-11-03 15:30:00,1.6546637565583886
2022-11-03 16:30:00,1.6546637565583886
2022-11-03 17:30:00,1.6546637565583886
2022-11-03 18:30:00,1.6546637565583886
2022-11-03 19:30:00,1.6546637565583886
2022-11-04 13:30:00,1.6546637565583886
2022-11-04 14:30:00,1.6546637565583886
2022-11-04 15:30:00,1.6546637565583886
2022-11-04 16:30:00,1.6546637565583886
2022-11-04 17:30:00,1.6546637565583886
2022-11-04 18:30:00,1.6546637565583886
2022-11-04 19:30:00,1.6546637565583886
2022-11-07 14:30:00,1.6546637565583886
2022-11-07 15:30:00,1.6546637565583886
2022-11-07 16:30:00,1.6546637565583886
2022-11-07 17:30:00,1.6546637565583886
2022-11-07 18:30:00,1.6546637565583886
2022-11-07 19:30:00,1.6546637565583886
2022-11-07 20:30:00,1.6546637565583886
2022-11-08 14:30:00,1.6546637565583886
2022-11-08 15:30:00,1.6546637565583886
2022-11-08 16:30:00,1.6546637565583886
2022-11-08 17:30:00,1.6546637565583886
2022-11-08 18:30:00,1.6546637565583886
2022-11-08 19:30:00,1.6546637565583886
2022-11-08 20:30:00,1.6546637565583886
2022-11-09 14:30:00,1.6546637565583886
2022-11-09 15:30:00,1.6546637565583886
2022-11-09 16:30:00,1.6546637565583886
2022-11-09 17:30:00,1.6546637565583886
2022-11-09 18:30:00,1.6546637565583886
2022-11-09 19:30:00,1.6546637565583886
2022-11-09 20:30:00,1.6546637565583886
2022-11-10 14:30:00,1.6546637565583886
2022-11-10 15:30:00,1.6546637565583886
2022-11-10 16:30:00,1.6546637565583886
2022-11-10 17:30:00,1.6546637565583886
2022-11-10 18:30:00,1.6546637565583886
2022-11-10 19:30:00,1.6546637565583886
2022-11-10 20:30:00,1.6546637565583886
2022-11-11 14:30:00,1.6546637565583886
2022-11-11 15:30:00,1.6546637565583886
2022-11-11 16:30:00,1.770618052746322
2022-11-11 17:30:00,1.770618052746322
2022-11-11 18:30:00,1.770618052746322
2022-11-11 19:30:00,1.770618052746322
2022-11-11 20:30:00,1.770618052746322
2022-11-14 14:30:00,1.770618052746322
2022-11-14 15:30:00,1.770618052746322
2022-11-14 16:30:00,1.770618052746322
2022-11-14 17:30:00,1.770618052746322
2022-11-14 18:30:00,1.770618052746322
2022-11-14 19:30:00,1.770618052746322
2022-11-14 20:30:00,1.770618052746322
2022-11-15 14:30:00,1.770618052746322
2022-11-15 15:30:00,1.770618052746322
2022-11-15 16:30:00,1.770618052746322
2022-11-15 17:30:00,1.770618052746322
2022-11-15 18:30:00,1.770618052746322
2022-11-15 19:30:00,1.770618052746322
2022-11-15 20:30:00,1.770618052746322
2022-11-16 14:30:00,1.80724620732771
2022-11-16 15:30:00,1.80724620732771
2022-11-16 16:30:00,1.80724620732771
2022-11-16 17:30:00,1.80724620732771
2022-11-16 18:30:00,1.80724620732771
2022-11-16 19:30:00,1.80724620732771
2022-11-16 20:30:00,1.80724620732771
2022-11-17 14:30:00,1.80724620732771
2022-11-17 15:30:00,1.80724620732771
2022-11-17 16:30:00,1.80724620732771
2022-11-17 17:30:00,1.80724620732771
2022-11-17 18:30:00,1.80724620732771
2022-11-17 19:30:00,1.80724620732771
2022-11-17 20:30:00,1.80724620732771
2022-11-18 14:30:00,1.8457226281404466
2022-11-18 15:30:00,1.8457226281404466
2022-11-18 16:30:00,1.8457226281404466
2022-11-18 17:30:00,1.8457226281404466
2022-11-18 18:30:00,1.8457226281404466
2022-11-18 19:30:00,1.8457226281404466
2022-11-18 20:30:00,1.8457226281404466
2022-11-21 14:30:00,1.8720882153816225
2022-11-21 15:30:00,1.8720882153816225
2022-11-21 16:30:00,1.8720882153816225
2022-11-21 17:30:00,1.8720882153816225
2022-11-21 18:30:00,1.8720882153816225
2022-11-21 19:30:00,1.8720882153816225
2022-11-21 20:30:00,1.8720882153816225
2022-11-22 14:30:00,1.8720882153816225
2022-11-22 15:30:00,1.8720882153816225
2022-11-22 16:30:00,1.8720882153816225
2022-11-22 17:30:00,1.8720882153816225
2022-11-22 18:30:00,1.8720882153816225
2022-11-22 19:30:00,1.8720882153816225
2022-11-22 20:30:00,1.8720882153816225
2022-11-23 14:30:00,1.8720882153816225
2022-11-23 15:30:00,1.8720882153816225
2022-11-23 16:30:00,1.8725246951926278
2022-11-23 17:30:00,1.8725246951926278
2022-11-23 18:30:00,1.8725246951926278
2022-11-23 19:30:00,1.8725246951926278
2022-11-23 20:30:00,1.8725246951926278
2022-11-25 14:30:00,1.8725246951926278
2022-11-25 15:30:00,1.8725246951926278
2022-11-25 16:30:00,1.8725246951926278
2022-11-25 17:30:00,1.8725246951926278
2022-11-28 14:30:00,1.8725246951926278
2022-11-28 15:30:00,1.8725246951926278
2022-11-28 16:30:00,1.8725246951926278
2022-11-28 17:30:00,1.8725246951926278
2022-11-28 18:30:00,1.8725246951926278
2022-11-28 19:30:00,1.8725246951926278
2022-11-28 20:30:00,1.8725246951926278
2022-11-29 14:30:00,1.8725246951926278
2022-11-29 15:30:00,1.8725246951926278
2022-11-29 16:30:00,1.8725246951926278
2022-11-29 17:30:00,1.8725246951926278
2022-11-29 18:30:00,1.8725246951926278
2022-11-29 19:30:00,1.7751138845505572
2022-11-29 20:30:00,1.7751138845505572
2022-11-30 14:30:00,1.7751138845505572
2022-11-30 15:30:00,1.7751138845505572
2022-11-30 16:30:00,1.7751138845505572
2022-11-30 17:30:00,1.7751138845505572
2022-11-30 18:30:00,1.7751138845505572
2022-11-30 19:30:00,1.7751138845505572
2022-11-30 20:30:00,1.7751138845505572
2022-12-01 14:30:00,1.7751138845505572
2022-12-01 15:30:00,1.7751138845505572
2022-12-01 16:30:00,1.7751138845505572
2022-12-01 17:30:00,1.7751138845505572
2022-12-01 18:30:00,1.7751138845505572
2022-12-01 19:30:00,1.7751138845505572
2022-12-01 20:30:00,1.7751138845505572
2022-12-02 14:30:00,1.7751138845505572
2022-12-02 15:30:00,1.7751138845505572
2022-12-02 16:30:00,1.7751138845505572
2022-12-02 17:30:00,1.7751138845505572
2022-12-02 18:30:00,1.7751138845505572
2022-12-02 19:30:00,1.7751138845505572
2022-12-02 20:30:00,1.7751138845505572
2022-12-05 14:30:00,1.7751138845505572
2022-12-05 15:30:00,1.7751138845505572
2022-12-05 16:30:00,1.7751138845505572
2022-12-05 17:30:00,1.7751138845505572
2022-12-05 18:30:00,1.7751138845505572
2022-12-05 19:30:00,1.7751138845505572
2022-12-05 20:30:00,1.7751138845505572
2022-12-06 14:30:00,1.7751138845505572
2022-12-06 15:30:00,1.7751138845505572
2022-12-06 16:30:00,1.7550470480201454
2022-12-06 17:30:00,1.7550470480201454
2022-12-06 18:30:00,1.7550470480201454
2022-12-06 19:30:00,1.7550470480201454
2022-12-06 20:30:00,1.7550470480201454
2022-12-07 14:30:00,1.7550470480201454
2022-12-07 15:30:00,1.7550470480201454
2022-12-07 16:30:00,1.7550470480201454
2022-12-07 17:30:00,1.7550470480201454
2022-12-07 18:30:00,1.7550470480201454
2022-12-07 19:30:00,1.7550470480201454
2022-12-07 20:30:00,1.7550470480201454
2022-12-08 14:30:00,1.7550470480201454
2022-12-08 15:30:00,1.7550470480201454
2022-12-08 16:30:00,1.7550470480201454
2022-12-08 17:30:00,1.7550470480201454
2022-12-08 18:30:00,1.7550470480201454
2022-12-08 19:30:00,1.7550470480201454
2022-12-08 20:30:00,1.7550470480201454
2022-12-09 14:30:00,1.7550470480201454
2022-12-09 15:30:00,1.7550470480201454
2022-12-09 16:30:00,1.7550470480201454
2022-12-09 17:30:00,1.7550470480201454
2022-12-09 18:30:00,1.7550470480201454
2022-12-09 19:30:00,1.7550470480201454
2022-12-09 20:30:00,1.7550470480201454
2022-12-12 14:30:00,1.7550470480201454
2022-12-12 15:30:00,1.7550470480201454
2022-12-12 16:30:00,1.7550470480201454
2022-12-12 17:30:00,1.7550470480201454
2022-12-12 18:30:00,1.7550470480201454
2022-12-12 19:30:00,1.7550470480201454
2022-12-12 20:30:00,1.7550470480201454
2022-12-13 14:30:00,1.7550470480201454
2022-12-13 15:30:00,1.7550470480201454
2022-12-13 16:30:00,1.7550470480201454
2022-12-13 17:30:00,1.7550470480201454
2022-12-13 18:30:00,1.7550470480201454
2022-12-13 19:30:00,1.7550470480201454
2022-12-13 20:30:00,1.7550470480201454
2022-12-14 14:30:00,1.7550470480201454
2022-12-14 15:30:00,1.7550470480201454
2022-12-14 16:30:00,1.7550470480201454
2022-12-14 17:30:00,1.7550470480201454
2022-12-14 18:30:00,1.7550470480201454
2022-12-14 19:30:00,1.7550470480201454
2022-12-14 20:30:00,1.7550470480201454
2022-12-15 14:30:00,1.7550470480201454
2022-12-15 15:30:00,1.7550470480201454
2022-12-15 16:30:00,1.9026798600856445
2022-12-15 17:30:00,1.9026798600856445
2022-12-15 18:30:00,1.9026798600856445
2022-12-15 19:30:00,1.9026798600856445
2022-12-15 20:30:00,1.9026798600856445
2022-12-16 14:30:00,1.9026798600856445
2022-12-16 15:30:00,1.9026798600856445
2022-12-16 16:30:00,1.9026798600856445
2022-12-16 17:30:00,1.9026798600856445
2022-12-16 18:30:00,1.9026798600856445
2022-12-16 19:30:00,1.9026798600856445
2022-12-16 20:30:00,1.9026798600856445
2022-12-19 14:30:00,1.9026798600856445
2022-12-19 15:30:00,1.9026798600856445
2022-12-19 16:30:00,1.9026798600856445
2022-12-19 17:30:00,1.9026798600856445
2022-12-19 18:30:00,1.9026798600856445
2022-12-19 19:30:00,1.9026798600856445
2022-12-19 20:30:00,1.9026798600856445
2022-12-20 14:30:00,1.9026798600856445
2022-12-20 15:30:00,1.9026798600856445
2022-12-20 16:30:00,1.9026798600856445
2022-12-20 17:30:00,1.9026798600856445
2022-12-20 18:30:00,1.9026798600856445
2022-12-20 19:30:00,1.9026798600856445
2022-12-20 20:30:00,1.9026798600856445
2022-12-21 14:30:00,1.9026798600856445
2022-12-21 15:30:00,1.9026798600856445
2022-12-21 16:30:00,1.9026798600856445
2022-12-21 17:30:00,1.9026798600856445
2022-12-21 18:30:00,1.9026798600856445
2022-12-21 19:30:00,1.9026798600856445
2022-12-21 20:30:00,1.9026798600856445
2022-12-22 14:30:00,1.9026798600856445
2022-12-22 15:30:00,1.9026798600856445
2022-12-22 16:30:00,1.9026798600856445
2022-12-22 17:30:00,1.9026798600856445
2022-12-22 18:30:00,1.9026798600856445
2022-12-22 19:30:00,1.9026798600856445
2022-12-22 20:30:00,1.9026798600856445
2022-12-23 14:30:00,1.9026798600856445
2022-12-23 15:30:00,1.9026798600856445
2022-12-23 16:30:00,1.9026798600856445
2022-12-23 17:30:00,1.9026798600856445
2022-12-23 18:30:00,1.9026798600856445
2022-12-23 19:30:00,1.9026798600856445
2022-12-23 20:30:00,1.9026798600856445
2022-12-27 14:30:00,1.9026798600856445
2022-12-27 15:30:00,1.9026798600856445
2022-12-27 16:30:00,1.8400556507798371
2022-12-27 17:30:00,1.8400556507798371
2022-12-27 18:30:00,1.8400556507798371
2022-12-27 19:30:00,1.8400556507798371
2022-12-27 20:30:00,1.8400556507798371
2022-12-28 14:30:00,1.8400556507798371
2022-12-28 15:30:00,1.8400556507798371
2022-12-28 16:30:00,1.8400556507798371
2022-12-28 17:30:00,1.8400556507798371
2022-12-28 18:30:00,1.8400556507798371
2022-12-28 19:30:00,1.8400556507798371
2022-12-28 20:30:00,1.8400556507798371
2022-12-29 14:30:00,1.8400556507798371
2022-12-29 15:30:00,1.8400556507798371
2022-12-29 16:30:00,1.8400556507798371
2022-12-29 17:30:00,1.8400556507798371
2022-12-29 18:30:00,1.8400556507798371
2022-12-29 19:30:00,1.8400556507798371
2022-12-29 20:30:00,1.8400556507798371
2022-12-30 14:30:00,1.8400556507798371
2022-12-30 15:30:00,1.8400556507798371
2022-12-30 16:30:00,1.8400556507798371
2022-12-30 17:30:00,1.8400556507798371
2022-12-30 18:30:00,1.8400556507798371
2022-12-30 19:30:00,1.8400556507798371
2022-12-30 20:30:00,1.8400556507798371
2023-01-03 14:30:00,1.8400556507798371
2023-01-03 15:30:00,1.8400556507798371
2023-01-03 16:30:00,1.8400556507798371
2023-01-03 17:30:00,1.8400556507798371
2023-01-03 18:30:00,1.8400556507798371
2023-01-03 19:30:00,1.8400556507798371
2023-01-03 20:30:00,1.8400556507798371
2023-01-04 14:30:00,1.8400556507798371
2023-01-04 15:30:00,1.8400556507798371
2023-01-04 16:30:00,1.8351119610397932
2023-01-04 17:30:00,1.8351119610397932
2023-01-04 18:30:00,1.8351119610397932
2023-01-04 19:30:00,1.8351119610397932
2023-01-04 20:30:00,1.8351119610397932
2023-01-05 14:30:00,1.8351119610397932
2023-01-05 15:30:00,1.8351119610397932
2023-01-05 16:30:00,1.8351119610397932
2023-01-05 17:30:00,1.8351119610397932
2023-01-05 18:30:00,1.8351119610397932
2023-01-05 19:30:00,1.8351119610397932
2023-01-05 20:30:00,1.8351119610397932
2023-01-06 14:30:00,1.8351119610397932
2023-01-06 15:30:00,1.8351119610397932
2023-01-06 16:30:00,1.8351119610397932
2023-01-06 17:30:00,1.8351119610397932
2023-01-06 18:30:00,1.8351119610397932
2023-01-06 19:30:00,1.8351119610397932
2023-01-06 20:30:00,1.8351119610397932
2023-01-09 14:30:00,1.8351119610397932
2023-01-09 15:30:00,1.8351119610397932
2023-01-09 16:30:00,1.8351119610397932
2023-01-09 17:30:00,1.8351119610397932
2023-01-09 18:30:00,1.8351119610397932
2023-01-09 19:30:00,1.8351119610397932
2023-01-09 20:30:00,1.8351119610397932
2023-01-10 14:30:00,1.8351119610397932
2023-01-10 15:30:00,1.8351119610397932
2023-01-10 16:30:00,1.8351119610397932
2023-01-10 17:30:00,1.8351119610397932
2023-01-10 18:30:00,1.8351119610397932
2023-01-10 19:30:00,1.8351119610397932
2023-01-10 20:30:00,1.8351119610397932
2023-01-11 14:30:00,1.8351119610397932
2023-01-11 15:30:00,1.8351119610397932
2023-01-11 16:30:00,1.8028454969657877
2023-01-11 17:30:00,1.8028454969657877
2023-01-11 18:30:00,1.8028454969657877
2023-01-11 19:30:00,1.8028454969657877
2023-01-11 20:30:00,1.8028454969657877
2023-01-12 14:30:00,1.8028454969657877
2023-01-12 15:30:00,1.8028454969657877
2023-01-12 16:30:00,1.8028454969657877
2023-01-12 17:30:00,1.8028454969657877
2023-01-12 18:30:00,1.8028454969657877
2023-01-12 19:30:00,1.8028454969657877
2023-01-12 20:30:00,1.8028454969657877
2023-01-13 14:30:00,1.8281069085342698
2023-01-13 15:30:00,1.8281069085342698
2023-01-13 16:30:00,1.8281069085342698
2023-01-13 17:30:00,1.8281069085342698
2023-01-13 18:30:00,1.8281069085342698
2023-01-13 19:30:00,1.8281069085342698
2023-01-13 20:30:00,1.8281069085342698
2023-01-17 14:30:00,1.8281069085342698
2023-01-17 15:30:00,1.8281069085342698
2023-01-17 16:30:00,1.8281069085342698
2023-01-17 17:30:00,1.8281069085342698
2023-01-17 18:30:00,1.8281069085342698
2023-01-17 19:30:00,1.8281069085342698
2023-01-17 20:30:00,1.8281069085342698
2023-01-18 14:30:00,1.894360726282785
2023-01-18 15:30:00,1.894360726282785
2023-01-18 16:30:00,1.894360726282785
2023-01-18 17:30:00,1.894360726282785
2023-01-18 18:30:00,1.894360726282785
2023-01-18 19:30:00,1.894360726282785
2023-01-18 20:30:00,1.894360726282785
2023-01-19 14:30:00,1.9330024072671481
2023-01-19 15:30:00,1.9330024072671481
2023-01-19 16:30:00,1.9330024072671481
2023-01-19 17:30:00,1.9330024072671481
2023-01-19 18:30:00,1.9330024072671481
2023-01-19 19:30:00,1.9330024072671481
2023-01-19 20:30:00,1.9330024072671481
2023-01-20 14:30:00,1.9330024072671481
2023-01-20 15:30:00,1.9330024072671481
2023-01-20 16:30:00,1.9330024072671481
2023-01-20 17:30:00,1.9330024072671481
2023-01-20 18:30:00,1.9330024072671481
2023-01-20 19:30:00,1.9330024072671481
2023-01-20 20:30:00,1.9330024072671481
2023-01-23 14:30:00,1.9912462148846846
2023-01-23 18:30:00,1.9912462148846846
2023-01-23 19:30:00,1.9912462148846846
2023-01-23 20:30:00,1.9912462148846846
2023-01-24 14:30:00,1.960236248189552
2023-01-24 15:30:00,1.960236248189552
2023-01-24 16:30:00,1.960236248189552
2023-01-24 17:30:00,1.960236248189552
2023-01-24 18:30:00,1.960236248189552
2023-01-24 19:30:00,1.960236248189552
2023-01-24 20:30:00,1.960236248189552
2023-01-25 14:30:00,1.960236248189552
2023-01-25 15:30:00,1.960236248189552
2023-01-25 16:30:00,1.960236248189552
2023-01-25 17:30:00,1.960236248189552
2023-01-25 18:30:00,1.960236248189552
2023-01-25 19:30:00,1.960236248189552
2023-01-25 20:30:00,1.960236248189552
2023-01-26 14:30:00,2.000264022350867
2023-01-26 16:30:00,2.000264022350867
2023-01-26 17:30:00,2.000264022350867
2023-01-26 18:30:00,2.000264022350867
2023-01-26 19:30:00,2.000264022350867
2023-01-26 20:30:00,2.000264022350867
2023-01-27 14:30:00,2.000264022350867
2023-01-27 15:30:00,2.000264022350867
2023-01-27 16:30:00,2.000264022350867
2023-01-27 17:30:00,2.000264022350867
2023-01-27 18:30:00,2.000264022350867
2023-01-27 19:30:00,2.000264022350867
2023-01-27 20:30:00,2.000264022350867
2023-01-30 14:30:00,1.9756324382047779
2023-01-30 15:30:00,1.9756324382047779
2023-01-30 16:30:00,1.9756324382047779
2023-01-30 17:30:00,1.9756324382047779
2023-01-30 18:30:00,1.9756324382047779
2023-01-30 19:30:00,1.9756324382047779
2023-01-30 20:30:00,1.9756324382047779
2023-01-31 14:30:00,1.9756324382047779
2023-01-31 15:30:00,1.9756324382047779
2023-01-31 16:30:00,1.9756324382047779
2023-01-31 17:30:00,1.9756324382047779
2023-01-31 18:30:00,1.9756324382047779
2023-01-31 19:30:00,1.9756324382047779
2023-01-31 20:30:00,1.9756324382047779
2023-02-01 14:30:00,1.9756324382047779
2023-02-01 15:30:00,1.9756324382047779
2023-02-01 16:30:00,1.9348128776784148
2023-02-01 17:30:00,1.9348128776784148
2023-02-01 18:30:00,1.9348128776784148
2023-02-01 19:30:00,1.9348128776784148
2023-02-01 20:30:00,1.9348128776784148
2023-02-02 14:30:00,1.9348128776784148
2023-02-02 15:30:00,1.9348128776784148
2023-02-02 16:30:00,1.9348128776784148
2023-02-02 17:30:00,1.9348128776784148
2023-02-02 18:30:00,1.9348128776784148
2023-02-02 19:30:00,1.9348128776784148
2023-02-02 20:30:00,1.9348128776784148
2023-02-03 14:30:00,1.9348128776784148
2023-02-03 15:30:00,1.9348128776784148
2023-02-03 16:30:00,1.9348128776784148
2023-02-03 17:30:00,1.9348128776784148
2023-02-03 18:30:00,1.9348128776784148
2023-02-03 19:30:00,1.9348128776784148
2023-02-03 20:30:00,1.9348128776784148
2023-02-06 14:30:00,1.9348128776784148
2023-02-06 15:30:00,1.9348128776784148
2023-02-06 16:30:00,1.9348128776784148
2023-02-06 17:30:00,1.9348128776784148
2023-02-06 18:30:00,1.9348128776784148
2023-02-06 19:30:00,1.9348128776784148
2023-02-06 20:30:00,1.9348128776784148
2023-02-07 14:30:00,1.9348128776784148
2023-02-07 15:30:00,1.9348128776784148
2023-02-07 16:30:00,1.9949367663315303
2023-02-07 17:30:00,1.9949367663315303
2023-02-07 18:30:00,1.9949367663315303
2023-02-07 19:30:00,1.9949367663315303
2023-02-07 20:30:00,1.9949367663315303
2023-02-08 14:30:00,1.9949367663315303
2023-02-08 15:30:00,1.9949367663315303
2023-02-08 16:30:00,1.9949367663315303
2023-02-08 17:30:00,1.9949367663315303
2023-02-08 18:30:00,1.9949367663315303
2023-02-08 19:30:00,1.9949367663315303
2023-02-08 20:30:00,1.9949367663315303
2023-02-09 14:30:00,1.9949367663315303
2023-02-09 15:30:00,1.9949367663315303
2023-02-09 16:30:00,1.9949367663315303
2023-02-09 17:30:00,1.9949367663315303
2023-02-09 18:30:00,1.9949367663315303
2023-02-09 19:30:00,1.9949367663315303
2023-02-09 20:30:00,1.9949367663315303
2023-02-10 14:30:00,2.0525315185865662
2023-02-10 15:30:00,2.0525315185865662
2023-02-10 16:30:00,2.0525315185865662
2023-02-10 17:30:00,2.0525315185865662
2023-02-10 18:30:00,2.0525315185865662
2023-02-10 19:30:00,2.0525315185865662
2023-02-10 20:30:00,2.0525315185865662
2023-02-13 14:30:00,2.0525315185865662
2023-02-13 15:30:00,2.0525315185865662
2023-02-13 16:30:00,2.0525315185865662
2023-02-13 17:30:00,2.0525315185865662
2023-02-13 18:30:00,2.0525315185865662
2023-02-13 19:30:00,2.0525315185865662
2023-02-13 20:30:00,2.0525315185865662
2023-02-14 14:30:00,2.0525315185865662
2023-02-14 15:30:00,2.0525315185865662
2023-02-14 16:30:00,2.0859010151253603
2023-02-14 17:30:00,2.0859010151253603
2023-02-14 18:30:00,2.0859010151253603
2023-02-14 19:30:00,2.0859010151253603
2023-02-14 20:30:00,2.0859010151253603
2023-02-15 14:30:00,2.0859010151253603
2023-02-15 15:30:00,2.0859010151253603
2023-02-15 16:30:00,2.0859010151253603
2023-02-15 17:30:00,2.0859010151253603
2023-02-15 18:30:00,2.0859010151253603
2023-02-15 19:30:00,2.0859010151253603
2023-02-15 20:30:00,2.0859010151253603
2023-02-16 14:30:00,2.0859010151253603
2023-02-16 15:30:00,2.0859010151253603
2023-02-16 16:30:00,2.0859010151253603
2023-02-16 17:30:00,2.0859010151253603
2023-02-16 18:30:00,2.0859010151253603
2023-02-16 19:30:00,2.0859010151253603
2023-02-16 20:30:00,2.0859010151253603
2023-02-17 14:30:00,2.0859010151253603
2023-02-17 15:30:00,2.0859010151253603
2023-02-17 16:30:00,2.0859010151253603
2023-02-17 17:30:00,2.0859010151253603
2023-02-17 18:30:00,2.0859010151253603
2023-02-17 19:30:00,2.0859010151253603
2023-02-17 20:30:00,2.0859010151253603
2023-02-21 14:30:00,2.0859010151253603
2023-02-21 15:30:00,2.0859010151253603
2023-02-21 16:30:00,2.03389289971618
2023-02-21 17:30:00,2.03389289971618
2023-02-21 18:30:00,2.03389289971618
2023-02-21 19:30:00,2.03389289971618
2023-02-21 20:30:00,2.03389289971618
2023-02-22 14:30:00,2.03389289971618
2023-02-22 15:30:00,2.03389289971618
2023-02-22 16:30:00,2.03389289971618
2023-02-22 17:30:00,2.03389289971618
2023-02-22 18:30:00,2.03389289971618
2023-02-22 19:30:00,2.03389289971618
2023-02-22 20:30:00,2.03389289971618
2023-02-23 14:30:00,2.03389289971618
2023-02-23 15:30:00,2.03389289971618
2023-02-23 16:30:00,2.03389289971618
2023-02-23 17:30:00,2.03389289971618
2023-02-23 18:30:00,2.03389289971618
2023-02-23 19:30:00,2.03389289971618
2023-02-23 20:30:00,2.03389289971618
2023-02-24 14:30:00,2.03389289971618
2023-02-24 15:30:00,2.03389289971618
2023-02-24 16:30:00,2.03389289971618
2023-02-24 17:30:00,2.03389289971618
2023-02-24 18:30:00,2.03389289971618
2023-02-24 19:30:00,2.03389289971618
2023-02-24 20:30:00,2.03389289971618
2023-02-27 14:30:00,2.03389289971618
2023-02-27 15:30:00,2.03389289971618
2023-02-27 16:30:00,2.03389289971618
2023-02-27 17:30:00,2.03389289971618
2023-02-27 18:30:00,2.03389289971618
2023-02-27 19:30:00,2.03389289971618
2023-02-27 20:30:00,2.03389289971618
2023-02-28 14:30:00,2.03389289971618
2023-02-28 15:30:00,2.03389289971618
2023-02-28 16:30:00,2.0505665078878117
2023-02-28 17:30:00,2.0505665078878117
2023-02-28 18:30:00,2.0505665078878117
2023-02-28 19:30:00,2.0505665078878117
2023-02-28 20:30:00,2.0505665078878117
2023-03-01 14:30:00,2.0505665078878117
2023-03-01 15:30:00,2.0505665078878117
2023-03-01 16:30:00,2.0505665078878117
2023-03-01 17:30:00,2.0505665078878117
2023-03-01 18:30:00,2.0505665078878117
2023-03-01 19:30:00,2.0505665078878117
2023-03-01 20:30:00,2.0505665078878117
2023-03-02 14:30:00,2.0505665078878117
2023-03-02 15:30:00,2.0505665078878117
2023-03-02 16:30:00,2.0505665078878117
2023-03-02 17:30:00,2.0505665078878117
2023-03-02 18:30:00,2.0505665078878117
2023-03-02 19:30:00,2.0505665078878117
2023-03-02 20:30:00,2.0505665078878117
2023-03-03 14:30:00,2.0505665078878117
2023-03-03 15:30:00,2.0505665078878117
2023-03-03 16:30:00,2.0936391580521345
2023-03-03 17:30:00,2.0936391580521345
2023-03-03 18:30:00,2.0936391580521345
2023-03-03 19:30:00,2.0936391580521345
2023-03-03 20:30:00,2.0936391580521345
2023-03-06 14:30:00,2.0936391580521345
2023-03-06 15:30:00,2.0936391580521345
2023-03-06 18:30:00,2.0936391580521345
2023-03-06 19:30:00,2.0936391580521345
2023-03-06 20:30:00,2.0936391580521345
2023-03-07 14:30:00,2.0936391580521345
2023-03-07 15:30:00,2.0936391580521345
2023-03-07 16:30:00,2.0936391580521345
2023-03-07 17:30:00,2.0936391580521345
2023-03-07 18:30:00,2.0936391580521345
2023-03-07 19:30:00,2.0936391580521345
2023-03-07 20:30:00,2.0936391580521345
2023-03-08 14:30:00,2.0936391580521345
2023-03-08 15:30:00,2.0936391580521345
2023-03-08 16:30:00,2.0936391580521345
2023-03-08 17:30:00,2.0936391580521345
2023-03-08 18:30:00,2.1073409850027374
2023-03-08 19:30:00,2.1073409850027374
2023-03-08 20:30:00,2.1073409850027374
2023-03-09 14:30:00,2.1073409850027374
2023-03-09 15:30:00,2.1073409850027374
2023-03-09 16:30:00,2.1073409850027374
2023-03-09 17:30:00,2.1073409850027374
2023-03-09 18:30:00,2.1073409850027374
2023-03-09 19:30:00,2.1073409850027374
2023-03-09 20:30:00,2.1073409850027374
2023-03-10 14:30:00,2.1543251038292666
2023-03-10 15:30:00,2.1543251038292666
2023-03-10 16:30:00,2.1543251038292666
2023-03-10 17:30:00,2.1543251038292666
2023-03-10 18:30:00,2.1543251038292666
2023-03-10 19:30:00,2.1543251038292666
2023-03-10 20:30:00,2.1543251038292666
2023-03-13 13:30:00,2.1543251038292666
2023-03-13 14:30:00,2.1543251038292666
2023-03-13 15:30:00,2.1543251038292666
2023-03-13 16:30:00,2.1543251038292666
2023-03-13 17:30:00,2.1543251038292666
2023-03-13 18:30:00,2.1543251038292666
2023-03-13 19:30:00,2.1543251038292666
2023-03-14 13:30:00,2.1543251038292666
2023-03-14 14:30:00,2.1543251038292666
2023-03-14 15:30:00,2.1901803225298924
2023-03-14 16:30:00,2.1901803225298924
2023-03-14 17:30:00,2.1901803225298924
2023-03-14 18:30:00,2.1901803225298924
2023-03-14 19:30:00,2.1901803225298924
2023-03-15 13:30:00,2.1901803225298924
2023-03-15 14:30:00,2.1901803225298924
2023-03-15 15:30:00,2.1901803225298924
2023-03-15 16:30:00,2.1901803225298924
2023-03-15 17:30:00,2.1901803225298924
2023-03-15 18:30:00,2.1901803225298924
2023-03-15 19:30:00,2.1901803225298924
2023-03-16 13:30:00,2.1901803225298924
2023-03-16 14:30:00,2.1901803225298924
2023-03-16 15:30:00,2.1901803225298924
2023-03-17 13:30:00,2.1901803225298924
2023-03-17 14:30:00,2.1901803225298924
2023-03-17 15:30:00,2.1901803225298924
2023-03-17 16:30:00,2.1901803225298924
2023-03-17 17:30:00,2.1901803225298924
2023-03-17 18:30:00,2.1901803225298924
2023-03-17 19:30:00,2.1901803225298924
2023-03-20 13:30:00,2.1901803225298924
2023-03-20 14:30:00,2.1901803225298924
2023-03-20 15:30:00,2.1901803225298924
2023-03-20 16:30:00,2.1901803225298924
2023-03-20 17:30:00,2.1901803225298924
2023-03-20 18:30:00,2.1901803225298924
2023-03-20 19:30:00,2.1901803225298924
2023-03-21 13:30:00,2.1901803225298924
2023-03-21 14:30:00,2.1901803225298924
2023-03-21 15:30:00,2.1901803225298924
2023-03-21 16:30:00,2.1901803225298924
2023-03-21 17:30:00,2.1901803225298924
2023-03-21 18:30:00,2.1901803225298924
2023-03-21 19:30:00,2.1901803225298924
2023-03-22 13:30:00,2.1901803225298924
2023-03-22 14:30:00,2.1901803225298924
2023-03-22 15:30:00,2.1901803225298924
2023-03-22 16:30:00,2.1901803225298924
2023-03-22 17:30:00,2.1901803225298924
2023-03-22 18:30:00,2.1901803225298924
2023-03-22 19:30:00,2.1901803225298924
2023-03-23 13:30:00,2.1901803225298924
2023-03-23 14:30:00,2.1901803225298924
2023-03-23 15:30:00,2.1901803225298924
2023-03-23 16:30:00,2.1901803225298924
2023-03-23 17:30:00,2.1901803225298924
2023-03-23 18:30:00,2.1901803225298924
2023-03-23 19:30:00,2.1901803225298924
2023-03-24 13:30:00,2.1901803225298924
2023-03-24 14:30:00,2.1901803225298924
2023-03-24 15:30:00,2.1901803225298924
2023-03-24 16:30:00,2.1901803225298924
2023-03-24 17:30:00,2.1901803225298924
2023-03-24 18:30:00,2.1901803225298924
2023-03-24 19:30:00,2.1901803225298924
2023-03-27 13:30:00,2.1901803225298924
2023-03-27 14:30:00,2.1901803225298924
2023-03-27 15:30:00,2.1901803225298924
2023-03-27 16:30:00,2.1901803225298924
2023-03-27 17:30:00,2.1901803225298924
2023-03-27 18:30:00,2.1901803225298924
2023-03-27 19:30:00,2.1901803225298924
2023-03-28 13:30:00,2.1901803225298924
2023-03-28 14:30:00,2.1901803225298924
2023-03-28 15:30:00,2.1901803225298924
2023-03-28 16:30:00,2.1901803225298924
2023-03-28 17:30:00,2.1901803225298924
2023-03-28 18:30:00,2.1901803225298924
2023-03-28 19:30:00,2.1901803225298924
2023-03-29 13:30:00,2.2095906691244473
2023-03-29 14:30:00,2.2095906691244473
2023-03-29 15:30:00,2.2095906691244473
2023-03-29 16:30:00,2.2095906691244473
2023-03-29 18:30:00,2.2095906691244473
2023-03-29 19:30:00,2.2095906691244473
2023-03-30 13:30:00,2.2095906691244473
2023-03-30 14:30:00,2.2095906691244473
2023-03-30 15:30:00,2.2095906691244473
2023-03-30 16:30:00,2.2095906691244473
2023-03-30 17:30:00,2.2095906691244473
2023-03-30 18:30:00,2.2095906691244473
2023-03-30 19:30:00,2.2095906691244473
2023-03-31 13:30:00,2.2095906691244473
2023-03-31 14:30:00,2.2095906691244473
2023-03-31 15:30:00,2.2095906691244473
2023-03-31 16:30:00,2.148717005372873
2023-03-31 17:30:00,2.148717005372873
2023-03-31 18:30:00,2.148717005372873
2023-03-31 19:30:00,2.148717005372873
2023-04-03 13:30:00,2.148717005372873
2023-04-03 14:30:00,2.148717005372873
2023-04-03 15:30:00,2.148717005372873
2023-04-03 16:30:00,2.148717005372873
2023-04-03 17:30:00,2.148717005372873
2023-04-03 18:30:00,2.148717005372873
2023-04-03 19:30:00,2.148717005372873
2023-04-04 13:30:00,2.148717005372873
2023-04-04 14:30:00,2.148717005372873
2023-04-04 15:30:00,2.148717005372873
2023-04-04 16:30:00,2.148717005372873
2023-04-04 17:30:00,2.148717005372873
2023-04-04 18:30:00,2.148717005372873
2023-04-04 19:30:00,2.148717005372873
2023-04-05 13:30:00,2.1729117869429153
2023-04-05 14:30:00,2.1729117869429153
2023-04-05 15:30:00,2.1729117869429153
2023-04-05 16:30:00,2.1729117869429153
2023-04-05 17:30:00,2.1729117869429153
2023-04-05 18:30:00,2.1729117869429153
2023-04-05 19:30:00,2.1729117869429153
2023-04-06 13:30:00,2.1729117869429153
2023-04-06 14:30:00,2.1729117869429153
2023-04-06 15:30:00,2.1729117869429153
2023-04-06 16:30:00,2.1729117869429153
2023-04-06 17:30:00,2.1729117869429153
2023-04-06 18:30:00,2.1729117869429153
2023-04-06 19:30:00,2.1729117869429153
2023-04-10 13:30:00,2.1729117869429153
2023-04-10 14:30:00,2.1729117869429153
2023-04-10 15:30:00,2.1212176198458965
2023-04-10 16:30:00,2.1212176198458965
2023-04-10 17:30:00,2.1212176198458965
2023-04-10 18:30:00,2.1212176198458965
2023-04-10 19:30:00,2.1212176198458965
2023-04-11 13:30:00,2.1212176198458965
2023-04-11 14:30:00,2.1212176198458965
2023-04-11 15:30:00,2.1212176198458965
2023-04-11 16:30:00,2.1212176198458965
2023-04-11 17:30:00,2.1212176198458965
2023-04-11 18:30:00,2.1212176198458965
2023-04-11 19:30:00,2.1212176198458965
2023-04-12 13:30:00,2.1212176198458965
2023-04-12 14:30:00,2.1212176198458965
2023-04-12 15:30:00,2.1212176198458965
2023-04-12 16:30:00,2.1212176198458965
2023-04-12 17:30:00,2.1212176198458965
2023-04-12 18:30:00,2.1212176198458965
2023-04-12 19:30:00,2.1212176198458965
2023-04-13 13:30:00,2.1212176198458965
2023-04-13 14:30:00,2.1212176198458965
2023-04-13 15:30:00,2.1212176198458965
2023-04-13 16:30:00,2.1212176198458965
2023-04-13 17:30:00,2.1212176198458965
2023-04-13 18:30:00,2.1212176198458965
2023-04-13 19:30:00,2.1212176198458965
2023-04-14 13:30:00,2.1212176198458965
2023-04-14 14:30:00,2.1212176198458965
2023-04-14 15:30:00,2.1212176198458965
2023-04-14 16:30:00,2.1212176198458965
2023-04-14 17:30:00,2.1212176198458965
2023-04-14 18:30:00,2.1212176198458965
2023-04-14 19:30:00,2.1212176198458965
2023-04-17 13:30:00,2.1212176198458965
2023-04-17 14:30:00,2.1212176198458965
2023-04-17 15:30:00,2.1212176198458965
2023-04-17 16:30:00,2.1212176198458965
2023-04-17 17:30:00,2.1212176198458965
2023-04-17 18:30:00,2.1212176198458965
2023-04-17 19:30:00,2.1212176198458965
2023-04-18 13:30:00,2.1212176198458965
2023-04-18 14:30:00,2.1212176198458965
2023-04-18 15:30:00,2.1212176198458965
2023-04-18 16:30:00,2.1212176198458965
2023-04-18 17:30:00,2.1212176198458965
2023-04-18 18:30:00,2.1212176198458965
2023-04-18 19:30:00,2.1212176198458965
2023-04-19 13:30:00,2.1242764975342494
2023-04-19 14:30:00,2.1242764975342494
2023-04-19 15:30:00,2.1242764975342494
2023-04-19 16:30:00,2.1242764975342494
2023-04-19 17:30:00,2.1242764975342494
2023-04-19 18:30:00,2.1242764975342494
2023-04-19 19:30:00,2.1242764975342494
2023-04-20 13:30:00,2.1242764975342494
2023-04-20 14:30:00,2.1242764975342494
2023-04-20 15:30:00,2.1242764975342494
2023-04-20 16:30:00,2.1242764975342494
2023-04-20 17:30:00,2.1242764975342494
2023-04-20 18:30:00,2.1242764975342494
2023-04-20 19:30:00,2.1242764975342494
2023-04-21 13:30:00,2.1242764975342494
2023-04-21 14:30:00,2.1242764975342494
2023-04-21 15:30:00,2.1131181522720808
2023-04-21 16:30:00,2.1131181522720808
2023-04-21 17:30:00,2.1131181522720808
2023-04-21 18:30:00,2.1131181522720808
2023-04-21 19:30:00,2.1131181522720808
2023-04-24 13:30:00,2.1131181522720808
2023-04-24 14:30:00,2.1131181522720808
2023-04-24 15:30:00,2.1131181522720808
2023-04-24 16:30:00,2.1131181522720808
2023-04-24 17:30:00,2.1131181522720808
2023-04-24 18:30:00,2.1131181522720808
2023-04-24 19:30:00,2.1131181522720808
2023-04-25 13:30:00,2.1131181522720808
2023-04-25 14:30:00,2.1131181522720808
2023-04-25 15:30:00,2.1131181522720808
2023-04-25 16:30:00,2.1131181522720808
2023-04-25 17:30:00,2.1131181522720808
2023-04-25 18:30:00,2.1131181522720808
2023-04-25 19:30:00,2.1131181522720808
2023-04-26 13:30:00,2.1131181522720808
2023-04-26 14:30:00,2.1131181522720808
2023-04-26 15:30:00,2.1131181522720808
2023-04-26 16:30:00,2.1131181522720808
2023-04-26 17:30:00,2.1131181522720808
2023-04-26 18:30:00,2.1131181522720808
2023-04-26 19:30:00,2.1131181522720808
2023-04-27 13:30:00,2.1131181522720808
2023-04-27 14:30:00,2.1131181522720808
2023-04-27 15:30:00,2.1131181522720808
2023-04-27 16:30:00,2.1131181522720808
2023-04-27 17:30:00,2.1131181522720808
2023-04-27 18:30:00,2.1131181522720808
2023-04-28 15:30:00,2.1131181522720808
2023-04-28 16:30:00,2.1131181522720808
2023-04-28 17:30:00,2.1131181522720808
2023-04-28 18:30:00,2.1877652494769486
2023-04-28 19:30:00,2.1877652494769486
2023-05-01 13:30:00,2.1877652494769486
2023-05-01 14:30:00,2.1877652494769486
2023-05-01 15:30:00,2.1877652494769486
2023-05-01 16:30:00,2.1877652494769486
2023-05-01 17:30:00,2.1877652494769486
2023-05-01 18:30:00,2.1877652494769486
2023-05-01 19:30:00,2.1877652494769486
2023-05-02 13:30:00,2.1877652494769486
2023-05-02 14:30:00,2.1877652494769486
2023-05-02 15:30:00,2.1877652494769486
2023-05-02 16:30:00,2.1877652494769486
2023-05-02 17:30:00,2.1877652494769486
2023-05-02 18:30:00,2.1877652494769486
2023-05-02 19:30:00,2.1877652494769486
2023-05-03 13:30:00,2.1877652494769486
2023-05-03 14:30:00,2.1877652494769486
2023-05-03 15:30:00,2.1877652494769486
2023-05-03 16:30:00,2.1877652494769486
2023-05-03 17:30:00,2.1877652494769486
2023-05-03 18:30:00,2.1877652494769486
2023-05-03 19:30:00,2.1877652494769486
2023-05-04 13:30:00,2.2489308617038195
2023-05-04 14:30:00,2.2489308617038195
2023-05-04 15:30:00,2.2489308617038195
2023-05-04 16:30:00,2.2489308617038195
2023-05-04 17:30:00,2.2489308617038195
2023-05-04 18:30:00,2.2489308617038195
2023-05-04 19:30:00,2.2489308617038195
2023-05-05 13:30:00,2.331924171078411
2023-05-05 14:30:00,2.331924171078411
2023-05-05 15:30:00,2.331924171078411
2023-05-05 16:30:00,2.331924171078411
2023-05-05 17:30:00,2.331924171078411
2023-05-05 18:30:00,2.331924171078411
2023-05-05 19:30:00,2.331924171078411
2023-05-08 13:30:00,2.3115767536489624
2023-05-08 14:30:00,2.3115767536489624
2023-05-08 15:30:00,2.3115767536489624
2023-05-08 16:30:00,2.3115767536489624
2023-05-08 17:30:00,2.3115767536489624
2023-05-08 18:30:00,2.3115767536489624
2023-05-08 19:30:00,2.3115767536489624
2023-05-09 13:30:00,2.3115767536489624
2023-05-09 14:30:00,2.3115767536489624
2023-05-09 15:30:00,2.3115767536489624
2023-05-09 16:30:00,2.3115767536489624
2023-05-09 17:30:00,2.3115767536489624
2023-05-09 18:30:00,2.3115767536489624
2023-05-09 19:30:00,2.3115767536489624
2023-05-10 13:30:00,2.3115767536489624
2023-05-10 14:30:00,2.3115767536489624
2023-05-10 15:30:00,2.3209247818344783
2023-05-10 16:30:00,2.3209247818344783
2023-05-10 17:30:00,2.3209247818344783
2023-05-10 18:30:00,2.3209247818344783
2023-05-10 19:30:00,2.3209247818344783
2023-05-11 13:30:00,2.3209247818344783
2023-05-11 14:30:00,2.3209247818344783
2023-05-11 15:30:00,2.3209247818344783
2023-05-11 16:30:00,2.3209247818344783
2023-05-11 17:30:00,2.3209247818344783
2023-05-11 18:30:00,2.3209247818344783
2023-05-11 19:30:00,2.3209247818344783
2023-05-12 13:30:00,2.3209247818344783
2023-05-12 14:30:00,2.3209247818344783
2023-05-12 15:30:00,2.3209247818344783
2023-05-12 16:30:00,2.3209247818344783
2023-05-12 17:30:00,2.3209247818344783
2023-05-12 18:30:00,2.3209247818344783
2023-05-12 19:30:00,2.3209247818344783
2023-05-15 13:30:00,2.3209247818344783
2023-05-15 14:30:00,2.3209247818344783
2023-05-15 15:30:00,2.3209247818344783
2023-05-15 16:30:00,2.3209247818344783
2023-05-15 17:30:00,2.3209247818344783
2023-05-15 18:30:00,2.3209247818344783
2023-05-15 19:30:00,2.3209247818344783
2023-05-16 13:30:00,2.3209247818344783
2023-05-16 14:30:00,2.3209247818344783
2023-05-16 15:30:00,2.3209247818344783
2023-05-16 16:30:00,2.3209247818344783
2023-05-16 17:30:00,2.3209247818344783
2023-05-16 18:30:00,2.3209247818344783
2023-05-16 19:30:00,2.3209247818344783
2023-05-17 13:30:00,2.3398425630000226
2023-05-17 14:30:00,2.3398425630000226
2023-05-17 15:30:00,2.3398425630000226
2023-05-17 16:30:00,2.3398425630000226
2023-05-17 17:30:00,2.3398425630000226
2023-05-17 18:30:00,2.3398425630000226
2023-05-17 19:30:00,2.3398425630000226
2023-05-18 13:30:00,2.3398425630000226
2023-05-18 14:30:00,2.3398425630000226
2023-05-18 15:30:00,2.3398425630000226
2023-05-18 16:30:00,2.3398425630000226
2023-05-18 17:30:00,2.3398425630000226
2023-05-18 18:30:00,2.3398425630000226
2023-05-18 19:30:00,2.3398425630000226
2023-05-19 13:30:00,2.3984205031787904
2023-05-19 14:30:00,2.3984205031787904
2023-05-19 15:30:00,2.3984205031787904
2023-05-19 16:30:00,2.3984205031787904
2023-05-19 17:30:00,2.3984205031787904
2023-05-19 18:30:00,2.3984205031787904
2023-05-19 19:30:00,2.3984205031787904
2023-05-22 13:30:00,2.4270945728799735
2023-05-22 14:30:00,2.4270945728799735
2023-05-22 15:30:00,2.4270945728799735
2023-05-22 16:30:00,2.4270945728799735
2023-05-22 17:30:00,2.4270945728799735
2023-05-22 18:30:00,2.4270945728799735
2023-05-22 19:30:00,2.4270945728799735
2023-05-23 13:30:00,2.4270945728799735
2023-05-23 14:30:00,2.4270945728799735
2023-05-23 15:30:00,2.4270945728799735
2023-05-23 16:30:00,2.4270945728799735
2023-05-23 17:30:00,2.4270945728799735
2023-05-23 18:30:00,2.4270945728799735
2023-05-23 19:30:00,2.4270945728799735
2023-05-24 13:30:00,2.4270945728799735
2023-05-24 14:30:00,2.4270945728799735
2023-05-24 15:30:00,2.3804302688379613
2023-05-24 16:30:00,2.3804302688379613
2023-05-24 17:30:00,2.3804302688379613
2023-05-24 18:30:00,2.3804302688379613
2023-05-24 19:30:00,2.3804302688379613
2023-05-25 13:30:00,2.3804302688379613
2023-05-25 14:30:00,2.3804302688379613
2023-05-25 15:30:00,2.3804302688379613
2023-05-25 16:30:00,2.3804302688379613
2023-05-25 17:30:00,2.3804302688379613
2023-05-25 18:30:00,2.3804302688379613
2023-05-25 19:30:00,2.3804302688379613
2023-05-26 13:30:00,2.3804302688379613
2023-05-26 14:30:00,2.3804302688379613
2023-05-26 15:30:00,2.3804302688379613
2023-05-26 16:30:00,2.3804302688379613
2023-05-26 17:30:00,2.3804302688379613
2023-05-26 18:30:00,2.3804302688379613
2023-05-26 19:30:00,2.3804302688379613
2023-05-30 13:30:00,2.3804302688379613
2023-05-30 14:30:00,2.3804302688379613
2023-05-30 15:30:00,2.3804302688379613
2023-05-30 16:30:00,2.3804302688379613
2023-05-30 17:30:00,2.3804302688379613
2023-05-30 18:30:00,2.3804302688379613
2023-05-30 19:30:00,2.3804302688379613
2023-05-31 13:30:00,2.3804302688379613
2023-05-31 14:30:00,2.3804302688379613
2023-05-31 15:30:00,2.3804302688379613
2023-05-31 16:30:00,2.3804302688379613
2023-05-31 17:30:00,2.3804302688379613
2023-05-31 18:30:00,2.3804302688379613
2023-05-31 19:30:00,2.3804302688379613
2023-06-01 13:30:00,2.3804302688379613
2023-06-01 14:30:00,2.3804302688379613
2023-06-01 15:30:00,2.3393883676510994
2023-06-01 16:30:00,2.3393883676510994
2023-06-01 17:30:00,2.3393883676510994
2023-06-01 18:30:00,2.3393883676510994
2023-06-01 19:30:00,2.3393883676510994
2023-06-02 13:30:00,2.3393883676510994
2023-06-02 14:30:00,2.3393883676510994
2023-06-02 15:30:00,2.3393883676510994
2023-06-02 16:30:00,2.3393883676510994
2023-06-02 17:30:00,2.3393883676510994
2023-06-02 18:30:00,2.3393883676510994
2023-06-02 19:30:00,2.3393883676510994
2023-06-05 13:30:00,2.3393883676510994
2023-06-05 14:30:00,2.3393883676510994
2023-06-05 15:30:00,2.3393883676510994
2023-06-05 16:30:00,2.3393883676510994
2023-06-05 17:30:00,2.3393883676510994
2023-06-05 18:30:00,2.3393883676510994
2023-06-05 19:30:00,2.3393883676510994
2023-06-06 13:30:00,2.3393883676510994
2023-06-06 14:30:00,2.3393883676510994
2023-06-06 15:30:00,2.370023371178457
2023-06-06 16:30:00,2.370023371178457
2023-06-06 17:30:00,2.370023371178457
2023-06-06 18:30:00,2.370023371178457
2023-06-06 19:30:00,2.370023371178457
2023-06-07 13:30:00,2.370023371178457
2023-06-07 14:30:00,2.370023371178457
2023-06-07 15:30:00,2.370023371178457
2023-06-07 16:30:00,2.370023371178457
2023-06-07 17:30:00,2.370023371178457
2023-06-07 18:30:00,2.370023371178457
2023-06-07 19:30:00,2.370023371178457
2023-06-08 13:30:00,2.370023371178457
2023-06-08 14:30:00,2.370023371178457
2023-06-08 15:30:00,2.370023371178457
2023-06-08 16:30:00,2.370023371178457
2023-06-08 17:30:00,2.370023371178457
2023-06-08 18:30:00,2.370023371178457
2023-06-08 19:30:00,2.370023371178457
2023-06-09 13:30:00,2.4106660046452024
2023-06-09 14:30:00,2.4106660046452024
2023-06-09 15:30:00,2.4106660046452024
2023-06-09 16:30:00,2.4106660046452024
2023-06-09 17:30:00,2.4106660046452024
2023-06-09 18:30:00,2.4106660046452024
2023-06-09 19:30:00,2.4106660046452024
2023-06-12 13:30:00,2.4106660046452024
2023-06-12 14:30:00,2.4106660046452024
2023-06-12 15:30:00,2.4106660046452024
2023-06-12 16:30:00,2.4106660046452024
2023-06-12 17:30:00,2.4106660046452024
2023-06-12 18:30:00,2.4106660046452024
2023-06-12 19:30:00,2.4106660046452024
2023-06-13 14:30:00,2.4106660046452024
2023-06-13 15:30:00,2.4106660046452024
2023-06-13 16:30:00,2.390634724813268
2023-06-13 17:30:00,2.390634724813268
2023-06-13 18:30:00,2.390634724813268
2023-06-13 19:30:00,2.390634724813268
2023-06-14 13:30:00,2.390634724813268
2023-06-14 14:30:00,2.390634724813268
2023-06-14 15:30:00,2.390634724813268
2023-06-14 16:30:00,2.390634724813268
2023-06-14 17:30:00,2.390634724813268
2023-06-14 18:30:00,2.390634724813268
2023-06-14 19:30:00,2.390634724813268
2023-06-15 13:30:00,2.390634724813268
2023-06-15 14:30:00,2.390634724813268
2023-06-15 15:30:00,2.390634724813268
2023-06-15 16:30:00,2.390634724813268
2023-06-15 17:30:00,2.390634724813268
2023-06-15 18:30:00,2.390634724813268
2023-06-15 19:30:00,2.390634724813268
2023-06-16 13:30:00,2.390634724813268
2023-06-16 14:30:00,2.390634724813268
2023-06-16 15:30:00,2.390634724813268
2023-06-16 16:30:00,2.390634724813268
2023-06-16 17:30:00,2.390634724813268
2023-06-16 18:30:00,2.390634724813268
2023-06-16 19:30:00,2.390634724813268
2023-06-20 13:30:00,2.390634724813268
2023-06-20 14:30:00,2.390634724813268
2023-06-20 15:30:00,2.390634724813268
2023-06-20 16:30:00,2.390634724813268
2023-06-20 17:30:00,2.390634724813268
2023-06-20 18:30:00,2.390634724813268
2023-06-20 19:30:00,2.390634724813268
2023-06-21 13:30:00,2.390634724813268
2023-06-21 14:30:00,2.390634724813268
2023-06-21 15:30:00,2.4252477231650857
2023-06-21 16:30:00,2.4252477231650857
2023-06-21 17:30:00,2.4252477231650857
2023-06-21 18:30:00,2.4252477231650857
2023-06-21 19:30:00,2.4252477231650857
2023-06-22 13:30:00,2.4252477231650857
2023-06-22 14:30:00,2.4252477231650857
2023-06-22 15:30:00,2.4252477231650857
2023-06-22 16:30:00,2.4252477231650857
2023-06-22 17:30:00,2.4252477231650857
2023-06-22 18:30:00,2.4252477231650857
2023-06-22 19:30:00,2.4252477231650857
2023-06-23 13:30:00,2.4252477231650857
2023-06-23 14:30:00,2.4252477231650857
2023-06-23 15:30:00,2.4252477231650857
2023-06-23 16:30:00,2.4252477231650857
2023-06-23 17:30:00,2.4252477231650857
2023-06-23 18:30:00,2.4252477231650857
2023-06-23 19:30:00,2.4252477231650857
2023-06-26 13:30:00,2.4252477231650857
2023-06-26 14:30:00,2.4252477231650857
2023-06-26 15:30:00,2.4252477231650857
2023-06-26 16:30:00,2.4252477231650857
2023-06-26 17:30:00,2.4252477231650857
2023-06-26 18:30:00,2.4252477231650857
2023-06-26 19:30:00,2.4252477231650857
2023-06-27 13:30:00,2.4252477231650857
2023-06-27 14:30:00,2.4252477231650857
2023-06-27 15:30:00,2.450473959250823
2023-06-27 16:30:00,2.450473959250823
2023-06-27 17:30:00,2.450473959250823
2023-06-27 18:30:00,2.450473959250823
2023-06-27 19:30:00,2.450473959250823
2023-06-28 13:30:00,2.450473959250823
2023-06-28 14:30:00,2.450473959250823
2023-06-28 15:30:00,2.450473959250823
2023-06-28 16:30:00,2.450473959250823
2023-06-28 17:30:00,2.450473959250823
2023-06-28 18:30:00,2.450473959250823
2023-06-28 19:30:00,2.450473959250823
2023-06-29 13:30:00,2.450473959250823
2023-06-29 14:30:00,2.450473959250823
2023-06-29 15:30:00,2.450473959250823
2023-06-29 16:30:00,2.450473959250823
2023-06-29 17:30:00,2.450473959250823
2023-06-29 18:30:00,2.450473959250823
2023-06-29 19:30:00,2.450473959250823
2023-06-30 13:30:00,2.450473959250823
2023-06-30 14:30:00,2.450473959250823
2023-06-30 15:30:00,2.450473959250823
2023-06-30 16:30:00,2.450473959250823
2023-06-30 17:30:00,2.450473959250823
2023-06-30 18:30:00,2.450473959250823
2023-06-30 19:30:00,2.450473959250823
2023-07-03 13:30:00,2.450473959250823
2023-07-03 14:30:00,2.450473959250823
2023-07-03 15:30:00,2.450473959250823
2023-07-03 16:30:00,2.450473959250823
2023-07-03 17:30:00,2.450473959250823
2023-07-03 18:30:00,2.450473959250823
2023-07-03 19:30:00,2.450473959250823
2023-07-05 13:30:00,2.4463887721345934
2023-07-05 14:30:00,2.4463887721345934
2023-07-05 15:30:00,2.4463887721345934
2023-07-05 16:30:00,2.4463887721345934
2023-07-05 17:30:00,2.4463887721345934
2023-07-05 18:30:00,2.4463887721345934
2023-07-05 19:30:00,2.4463887721345934
2023-07-06 13:30:00,2.4463887721345934
2023-07-06 14:30:00,2.4463887721345934
2023-07-06 15:30:00,2.4463887721345934
2023-07-06 16:30:00,2.4463887721345934
2023-07-06 17:30:00,2.4463887721345934
2023-07-06 18:30:00,2.4463887721345934
2023-07-06 19:30:00,2.4463887721345934
2023-07-07 13:30:00,2.4463887721345934
2023-07-07 14:30:00,2.4463887721345934
2023-07-07 15:30:00,2.4486815845342136
2023-07-07 16:30:00,2.4486815845342136
2023-07-07 17:30:00,2.4486815845342136
2023-07-07 18:30:00,2.4486815845342136
2023-07-07 19:30:00,2.4486815845342136
2023-07-10 13:30:00,2.4486815845342136
2023-07-10 14:30:00,2.4486815845342136
2023-07-10 15:30:00,2.4486815845342136
2023-07-10 16:30:00,2.4486815845342136
2023-07-10 17:30:00,2.4486815845342136
2023-07-10 18:30:00,2.4486815845342136
2023-07-10 19:30:00,2.4486815845342136
2023-07-11 13:30:00,2.4486815845342136
2023-07-11 14:30:00,2.4486815845342136
2023-07-11 15:30:00,2.4486815845342136
2023-07-11 16:30:00,2.4486815845342136
2023-07-11 17:30:00,2.4486815845342136
2023-07-11 18:30:00,2.4486815845342136
2023-07-11 19:30:00,2.4486815845342136
2023-07-12 13:30:00,2.454115624055744
2023-07-12 14:30:00,2.454115624055744
2023-07-12 15:30:00,2.454115624055744
2023-07-12 16:30:00,2.454115624055744
2023-07-12 17:30:00,2.454115624055744
2023-07-12 18:30:00,2.454115624055744
2023-07-12 19:30:00,2.454115624055744
2023-07-13 13:30:00,2.454115624055744
2023-07-13 14:30:00,2.454115624055744
2023-07-13 15:30:00,2.454115624055744
2023-07-13 16:30:00,2.454115624055744
2023-07-13 17:30:00,2.454115624055744
2023-07-13 18:30:00,2.454115624055744
2023-07-13 19:30:00,2.454115624055744
2023-07-14 13:30:00,2.447020065340573
2023-07-14 14:30:00,2.447020065340573
2023-07-14 15:30:00,2.447020065340573
2023-07-14 16:30:00,2.447020065340573
2023-07-14 17:30:00,2.447020065340573
2023-07-14 18:30:00,2.447020065340573
2023-07-14 19:30:00,2.447020065340573
2023-07-17 13:30:00,2.468501950631632
2023-07-17 14:30:00,2.468501950631632
2023-07-17 15:30:00,2.468501950631632
2023-07-17 16:30:00,2.468501950631632
2023-07-17 17:30:00,2.468501950631632
2023-07-17 18:30:00,2.468501950631632
2023-07-17 19:30:00,2.468501950631632
2023-07-18 13:30:00,2.468501950631632
2023-07-18 14:30:00,2.468501950631632
2023-07-18 15:30:00,2.468501950631632
2023-07-18 16:30:00,2.468501950631632
2023-07-18 17:30:00,2.468501950631632
2023-07-18 18:30:00,2.468501950631632
2023-07-18 19:30:00,2.468501950631632
2023-07-19 13:30:00,2.453161445414688
2023-07-19 14:30:00,2.453161445414688
2023-07-19 15:30:00,2.453161445414688
2023-07-19 16:30:00,2.453161445414688
2023-07-19 17:30:00,2.453161445414688
2023-07-19 18:30:00,2.453161445414688
2023-07-19 19:30:00,2.453161445414688
2023-07-20 13:30:00,2.453161445414688
2023-07-20 14:30:00,2.453161445414688
2023-07-20 15:30:00,2.453161445414688
2023-07-20 16:30:00,2.453161445414688
2023-07-20 17:30:00,2.453161445414688
2023-07-20 18:30:00,2.453161445414688
2023-07-20 19:30:00,2.453161445414688
2023-07-21 13:30:00,2.453161445414688
2023-07-21 14:30:00,2.453161445414688
2023-07-21 15:30:00,2.4469134429911286
2023-07-21 16:30:00,2.4469134429911286
2023-07-21 17:30:00,2.4469134429911286
2023-07-21 18:30:00,2.4469134429911286
2023-07-21 19:30:00,2.4469134429911286
2023-07-24 13:30:00,2.4469134429911286
2023-07-24 14:30:00,2.4469134429911286
2023-07-24 15:30:00,2.4469134429911286
2023-07-24 16:30:00,2.4469134429911286
2023-07-24 17:30:00,2.4469134429911286
2023-07-24 18:30:00,2.4469134429911286
2023-07-24 19:30:00,2.4469134429911286
2023-07-25 13:30:00,2.4469134429911286
2023-07-25 14:30:00,2.4469134429911286
2023-07-25 15:30:00,2.4469134429911286
2023-07-25 16:30:00,2.4469134429911286
2023-07-25 17:30:00,2.4469134429911286
2023-07-25 18:30:00,2.4469134429911286
2023-07-25 19:30:00,2.4469134429911286
2023-07-26 13:30:00,2.4469134429911286
2023-07-26 14:30:00,2.4469134429911286
2023-07-26 15:30:00,2.4469134429911286
2023-07-26 16:30:00,2.4469134429911286
2023-07-26 17:30:00,2.4469134429911286
2023-07-26 18:30:00,2.4469134429911286
2023-07-26 19:30:00,2.4469134429911286
2023-07-27 13:30:00,2.4469134429911286
2023-07-27 14:30:00,2.4469134429911286
2023-07-27 15:30:00,2.4469134429911286
2023-07-27 16:30:00,2.4469134429911286
2023-07-27 17:30:00,2.4469134429911286
2023-07-27 18:30:00,2.4469134429911286
2023-07-27 19:30:00,2.4469134429911286
2023-07-28 13:30:00,2.4469134429911286
2023-07-28 14:30:00,2.4469134429911286
2023-07-28 15:30:00,2.4469134429911286
2023-07-28 16:30:00,2.4469134429911286
2023-07-28 17:30:00,2.4469134429911286
2023-07-28 18:30:00,2.4469134429911286
2023-07-28 19:30:00,2.4469134429911286
2023-07-31 13:30:00,2.4469134429911286
2023-07-31 14:30:00,2.4469134429911286
2023-07-31 15:30:00,2.4452356336210537
2023-07-31 16:30:00,2.4452356336210537
2023-07-31 17:30:00,2.4452356336210537
2023-07-31 18:30:00,2.4452356336210537
2023-07-31 19:30:00,2.4452356336210537
2023-08-01 13:30:00,2.4452356336210537
2023-08-01 14:30:00,2.4452356336210537
2023-08-01 15:30:00,2.4452356336210537
2023-08-01 16:30:00,2.4452356336210537
2023-08-01 17:30:00,2.4452356336210537
2023-08-01 18:30:00,2.4452356336210537
2023-08-01 19:30:00,2.4452356336210537
2023-08-02 13:30:00,2.4452356336210537
2023-08-02 14:30:00,2.4452356336210537
2023-08-02 15:30:00,2.4452356336210537
2023-08-02 16:30:00,2.4452356336210537
2023-08-02 17:30:00,2.4452356336210537
2023-08-02 18:30:00,2.4452356336210537
2023-08-02 19:30:00,2.4452356336210537
2023-08-03 13:30:00,2.4452356336210537
2023-08-03 14:30:00,2.4452356336210537
2023-08-03 15:30:00,2.4452356336210537
2023-08-03 16:30:00,2.4452356336210537
2023-08-03 17:30:00,2.4452356336210537
2023-08-03 18:30:00,2.4452356336210537
2023-08-03 19:30:00,2.4452356336210537
2023-08-04 13:30:00,2.4452356336210537
2023-08-04 14:30:00,2.4452356336210537
2023-08-04 15:30:00,2.325381094020939
2023-08-04 16:30:00,2.325381094020939
2023-08-04 17:30:00,2.325381094020939
2023-08-04 18:30:00,2.325381094020939
2023-08-04 19:30:00,2.325381094020939
2023-08-07 13:30:00,2.325381094020939
2023-08-07 14:30:00,2.325381094020939
2023-08-07 15:30:00,2.325381094020939
2023-08-07 16:30:00,2.325381094020939
2023-08-07 17:30:00,2.325381094020939
2023-08-07 18:30:00,2.325381094020939
2023-08-07 19:30:00,2.325381094020939
2023-08-08 13:30:00,2.325381094020939
2023-08-08 14:30:00,2.325381094020939
2023-08-08 15:30:00,2.325381094020939
2023-08-08 16:30:00,2.325381094020939
2023-08-08 17:30:00,2.325381094020939
2023-08-08 18:30:00,2.325381094020939
2023-08-08 19:30:00,2.325381094020939
2023-08-09 13:30:00,2.325381094020939
2023-08-09 14:30:00,2.325381094020939
2023-08-09 15:30:00,2.325381094020939
2023-08-09 16:30:00,2.325381094020939
2023-08-09 17:30:00,2.325381094020939
2023-08-09 18:30:00,2.325381094020939
2023-08-09 19:30:00,2.325381094020939
2023-08-10 13:30:00,2.325381094020939
2023-08-10 14:30:00,2.325381094020939
2023-08-10 15:30:00,2.325381094020939
2023-08-10 16:30:00,2.325381094020939
2023-08-10 17:30:00,2.325381094020939
2023-08-10 18:30:00,2.325381094020939
2023-08-10 19:30:00,2.325381094020939
2023-08-11 13:30:00,2.325381094020939
2023-08-11 14:30:00,2.325381094020939
2023-08-11 15:30:00,2.325381094020939
2023-08-11 16:30:00,2.325381094020939
2023-08-11 17:30:00,2.325381094020939
2023-08-11 18:30:00,2.325381094020939
2023-08-11 19:30:00,2.325381094020939
2023-08-14 13:30:00,2.325381094020939
2023-08-14 14:30:00,2.325381094020939
2023-08-14 15:30:00,2.325381094020939
2023-08-14 16:30:00,2.325381094020939
2023-08-14 17:30:00,2.325381094020939
2023-08-14 18:30:00,2.325381094020939
2023-08-14 19:30:00,2.325381094020939
2023-08-15 13:30:00,2.325381094020939
2023-08-15 14:30:00,2.325381094020939
2023-08-15 15:30:00,2.3365278939568674
2023-08-15 16:30:00,2.3365278939568674
2023-08-15 17:30:00,2.3365278939568674
2023-08-15 18:30:00,2.3365278939568674
2023-08-15 19:30:00,2.3365278939568674
2023-08-16 13:30:00,2.3365278939568674
2023-08-16 14:30:00,2.3365278939568674
2023-08-16 15:30:00,2.3365278939568674
2023-08-16 16:30:00,2.3365278939568674
2023-08-16 17:30:00,2.3365278939568674
2023-08-16 18:30:00,2.3365278939568674
2023-08-16 19:30:00,2.3365278939568674
2023-08-17 13:30:00,2.3365278939568674
2023-08-17 14:30:00,2.3365278939568674
2023-08-17 15:30:00,2.3365278939568674
2023-08-17 16:30:00,2.3365278939568674
2023-08-17 17:30:00,2.3365278939568674
2023-08-17 18:30:00,2.3365278939568674
2023-08-17 19:30:00,2.3365278939568674
2023-08-18 13:30:00,2.3365278939568674
2023-08-18 14:30:00,2.3365278939568674
2023-08-18 15:30:00,2.3365278939568674
2023-08-18 16:30:00,2.3365278939568674
2023-08-18 17:30:00,2.3365278939568674
2023-08-18 18:30:00,2.3365278939568674
2023-08-18 19:30:00,2.3365278939568674
2023-08-21 13:30:00,2.3365278939568674
2023-08-21 14:30:00,2.3365278939568674
2023-08-21 15:30:00,2.3365278939568674
2023-08-21 16:30:00,2.3365278939568674
2023-08-21 17:30:00,2.3365278939568674
2023-08-21 18:30:00,2.3365278939568674
2023-08-21 19:30:00,2.3365278939568674
2023-08-22 13:30:00,2.401077358699959
2023-08-22 14:30:00,2.401077358699959
2023-08-22 16:30:00,2.401077358699959
2023-08-22 17:30:00,2.401077358699959
2023-08-22 18:30:00,2.401077358699959
2023-08-22 19:30:00,2.401077358699959
2023-08-23 13:30:00,2.401077358699959
2023-08-23 14:30:00,2.401077358699959
2023-08-23 15:30:00,2.401077358699959
2023-08-23 16:30:00,2.401077358699959
2023-08-23 17:30:00,2.401077358699959
2023-08-23 18:30:00,2.401077358699959
2023-08-23 19:30:00,2.401077358699959
2023-08-24 13:30:00,2.401077358699959
2023-08-24 14:30:00,2.401077358699959
2023-08-24 15:30:00,2.401077358699959
2023-08-24 16:30:00,2.391891151189958
2023-08-24 17:30:00,2.391891151189958
2023-08-24 18:30:00,2.391891151189958
2023-08-24 19:30:00,2.391891151189958
2023-08-25 13:30:00,2.391891151189958
2023-08-25 14:30:00,2.391891151189958
2023-08-25 15:30:00,2.391891151189958
2023-08-25 16:30:00,2.391891151189958
2023-08-25 17:30:00,2.391891151189958
2023-08-25 18:30:00,2.391891151189958
2023-08-25 19:30:00,2.391891151189958
2023-08-28 13:30:00,2.391891151189958
2023-08-28 14:30:00,2.391891151189958
2023-08-28 15:30:00,2.391891151189958
2023-08-28 16:30:00,2.391891151189958
2023-08-28 17:30:00,2.391891151189958
2023-08-28 18:30:00,2.391891151189958
2023-08-28 19:30:00,2.391891151189958
2023-08-29 13:30:00,2.391891151189958
2023-08-29 14:30:00,2.391891151189958
2023-08-29 15:30:00,2.391891151189958
2023-08-29 16:30:00,2.391891151189958
2023-08-29 17:30:00,2.391891151189958
2023-08-30 13:30:00,2.391891151189958
2023-08-30 14:30:00,2.391891151189958
2023-08-30 15:30:00,2.391891151189958
2023-08-30 16:30:00,2.391891151189958
2023-08-30 17:30:00,2.305355388623204
2023-08-30 18:30:00,2.305355388623204
2023-08-30 19:30:00,2.305355388623204
2023-08-31 13:30:00,2.305355388623204
2023-08-31 14:30:00,2.305355388623204
2023-08-31 15:30:00,2.305355388623204
2023-08-31 16:30:00,2.305355388623204
2023-08-31 17:30:00,2.305355388623204
2023-08-31 18:30:00,2.305355388623204
2023-08-31 19:30:00,2.305355388623204
2023-09-01 13:30:00,2.305355388623204
2023-09-01 14:30:00,2.305355388623204
2023-09-01 15:30:00,2.305355388623204
2023-09-01 16:30:00,2.305355388623204
2023-09-01 17:30:00,2.305355388623204
2023-09-01 18:30:00,2.305355388623204
2023-09-01 19:30:00,2.305355388623204
2023-09-05 13:30:00,2.320109761064732
2023-09-05 14:30:00,2.320109761064732
2023-09-05 15:30:00,2.320109761064732
2023-09-05 16:30:00,2.320109761064732
2023-09-05 17:30:00,2.320109761064732
2023-09-05 18:30:00,2.320109761064732
2023-09-05 19:30:00,2.320109761064732
2023-09-06 13:30:00,2.320109761064732
2023-09-06 14:30:00,2.320109761064732
2023-09-06 15:30:00,2.320109761064732
2023-09-06 16:30:00,2.320109761064732
2023-09-06 17:30:00,2.320109761064732
2023-09-06 18:30:00,2.320109761064732
2023-09-06 19:30:00,2.320109761064732
2023-09-07 13:30:00,2.320109761064732
2023-09-07 14:30:00,2.320109761064732
2023-09-07 15:30:00,2.1843139634864923
2023-09-07 16:30:00,2.1843139634864923
2023-09-07 17:30:00,2.1843139634864923
2023-09-07 18:30:00,2.1843139634864923
2023-09-07 19:30:00,2.1843139634864923
2023-09-08 13:30:00,2.1843139634864923
2023-09-08 14:30:00,2.1843139634864923
2023-09-08 15:30:00,2.1843139634864923
2023-09-08 16:30:00,2.1843139634864923
2023-09-08 17:30:00,2.1843139634864923
2023-09-08 18:30:00,2.1843139634864923
2023-09-08 19:30:00,2.1843139634864923
2023-09-11 13:30:00,2.1843139634864923
2023-09-11 14:30:00,2.1843139634864923
2023-09-11 15:30:00,2.1843139634864923
2023-09-11 16:30:00,2.1843139634864923
2023-09-11 17:30:00,2.1843139634864923
2023-09-11 18:30:00,2.1843139634864923
2023-09-11 19:30:00,2.1843139634864923
2023-09-12 13:30:00,2.1843139634864923
2023-09-12 14:30:00,2.1843139634864923
2023-09-12 15:30:00,2.1843139634864923
2023-09-12 16:30:00,2.1843139634864923
2023-09-12 17:30:00,2.1843139634864923
2023-09-12 18:30:00,2.1843139634864923
2023-09-12 19:30:00,2.1843139634864923
2023-09-13 13:30:00,2.1843139634864923
2023-09-13 14:30:00,2.1843139634864923
2023-09-13 15:30:00,2.1843139634864923
2023-09-13 16:30:00,2.1843139634864923
2023-09-13 17:30:00,2.1843139634864923
2023-09-13 18:30:00,2.1843139634864923
2023-09-13 19:30:00,2.1843139634864923
2023-09-14 13:30:00,2.1843139634864923
2023-09-14 14:30:00,2.1843139634864923
2023-09-14 15:30:00,2.1843139634864923
2023-09-14 16:30:00,2.1843139634864923
2023-09-14 17:30:00,2.1843139634864923
2023-09-14 18:30:00,2.1843139634864923
2023-09-14 19:30:00,2.1843139634864923
2023-09-15 13:30:00,2.1843139634864923
2023-09-15 14:30:00,2.1843139634864923
2023-09-15 15:30:00,2.1843139634864923
2023-09-15 16:30:00,2.1843139634864923
2023-09-15 17:30:00,2.1843139634864923
2023-09-15 18:30:00,2.1843139634864923
2023-09-15 19:30:00,2.1843139634864923
2023-09-18 13:30:00,2.1843139634864923
2023-09-18 14:30:00,2.1843139634864923
2023-09-18 15:30:00,2.1843139634864923
2023-09-18 16:30:00,2.1843139634864923
2023-09-18 18:30:00,2.1843139634864923
2023-09-18 19:30:00,2.1843139634864923
2023-09-19 13:30:00,2.1843139634864923
2023-09-19 14:30:00,2.1843139634864923
2023-09-19 15:30:00,2.1843139634864923
2023-09-19 16:30:00,2.1843139634864923
2023-09-19 17:30:00,2.1843139634864923
2023-09-19 18:30:00,2.1843139634864923
2023-09-19 19:30:00,2.1843139634864923
2023-09-20 13:30:00,2.1843139634864923
2023-09-20 14:30:00,2.1843139634864923
2023-09-20 15:30:00,2.1843139634864923
2023-09-20 16:30:00,2.1717618494427953
2023-09-20 17:30:00,2.1717618494427953
2023-09-20 18:30:00,2.1717618494427953
2023-09-20 19:30:00,2.1717618494427953
2023-09-21 13:30:00,2.1717618494427953
2023-09-21 14:30:00,2.1717618494427953
2023-09-21 15:30:00,2.1717618494427953
2023-09-21 16:30:00,2.1717618494427953
2023-09-21 17:30:00,2.1717618494427953
2023-09-21 18:30:00,2.1717618494427953
2023-09-21 19:30:00,2.1717618494427953
2023-09-22 13:30:00,2.1717618494427953
2023-09-22 14:30:00,2.1717618494427953
2023-09-22 15:30:00,2.1717618494427953
2023-09-22 16:30:00,2.1717618494427953
2023-09-22 17:30:00,2.1717618494427953
2023-09-22 18:30:00,2.1717618494427953
2023-09-22 19:30:00,2.1717618494427953
2023-09-25 13:30:00,2.1717618494427953
2023-09-25 14:30:00,2.1717618494427953
2023-09-25 15:30:00,2.192962470339908
2023-09-25 16:30:00,2.192962470339908
2023-09-25 17:30:00,2.192962470339908
2023-09-25 18:30:00,2.192962470339908
2023-09-25 19:30:00,2.192962470339908
2023-09-26 13:30:00,2.192962470339908
2023-09-26 14:30:00,2.192962470339908
2023-09-26 15:30:00,2.192962470339908
2023-09-26 16:30:00,2.192962470339908
2023-09-26 17:30:00,2.192962470339908
2023-09-26 18:30:00,2.192962470339908
2023-09-26 19:30:00,2.192962470339908
2023-09-27 13:30:00,2.192962470339908
2023-09-27 14:30:00,2.192962470339908
2023-09-27 15:30:00,2.192962470339908
2023-09-27 16:30:00,2.192962470339908
2023-09-27 17:30:00,2.192962470339908
2023-09-27 18:30:00,2.192962470339908
2023-09-27 19:30:00,2.192962470339908
2023-09-28 13:30:00,2.192962470339908
2023-09-28 14:30:00,2.192962470339908
2023-09-28 15:30:00,2.156208085257098
2023-09-28 16:30:00,2.156208085257098
2023-09-28 17:30:00,2.156208085257098
2023-09-28 18:30:00,2.156208085257098
2023-09-28 19:30:00,2.156208085257098
2023-09-29 13:30:00,2.156208085257098
2023-09-29 14:30:00,2.156208085257098
2023-09-29 15:30:00,2.156208085257098
2023-09-29 16:30:00,2.156208085257098
2023-09-29 17:30:00,2.156208085257098
2023-09-29 18:30:00,2.156208085257098
2023-09-29 19:30:00,2.156208085257098
2023-10-02 13:30:00,2.156208085257098
2023-10-02 14:30:00,2.156208085257098
2023-10-02 15:30:00,2.156208085257098
2023-10-02 16:30:00,2.156208085257098
2023-10-02 17:30:00,2.156208085257098
2023-10-02 18:30:00,2.156208085257098
2023-10-02 19:30:00,2.156208085257098
2023-10-03 13:30:00,2.156208085257098
2023-10-03 14:30:00,2.156208085257098
2023-10-03 15:30:00,2.156208085257098
2023-10-03 16:30:00,2.156208085257098
2023-10-03 17:30:00,2.156208085257098
2023-10-03 18:30:00,2.156208085257098
2023-10-03 19:30:00,2.156208085257098
2023-10-04 13:30:00,2.156208085257098
2023-10-04 14:30:00,2.156208085257098
2023-10-04 15:30:00,2.156208085257098
2023-10-04 16:30:00,2.156208085257098
2023-10-04 17:30:00,2.156208085257098
2023-10-04 18:30:00,2.156208085257098
2023-10-04 19:30:00,2.156208085257098
2023-10-05 13:30:00,2.156208085257098
2023-10-05 14:30:00,2.156208085257098
2023-10-05 15:30:00,2.177675658716306
2023-10-05 16:30:00,2.177675658716306
2023-10-05 17:30:00,2.177675658716306
2023-10-05 18:30:00,2.177675658716306
2023-10-05 19:30:00,2.177675658716306
2023-10-06 13:30:00,2.177675658716306
2023-10-06 14:30:00,2.177675658716306
2023-10-06 15:30:00,2.177675658716306
2023-10-06 16:30:00,2.177675658716306
2023-10-06 17:30:00,2.177675658716306
2023-10-06 18:30:00,2.177675658716306
2023-10-06 19:30:00,2.177675658716306
2023-10-09 13:30:00,2.177675658716306
2023-10-09 14:30:00,2.177675658716306
2023-10-09 15:30:00,2.177675658716306
2023-10-09 16:30:00,2.177675658716306
2023-10-09 17:30:00,2.177675658716306
2023-10-09 18:30:00,2.177675658716306
2023-10-09 19:30:00,2.177675658716306
2023-10-10 13:30:00,2.177675658716306
2023-10-10 17:30:00,2.177675658716306
2023-10-10 18:30:00,2.240199132595695
2023-10-10 19:30:00,2.240199132595695
2023-10-11 13:30:00,2.240199132595695
2023-10-11 14:30:00,2.240199132595695
2023-10-11 15:30:00,2.240199132595695
2023-10-11 16:30:00,2.240199132595695
2023-10-11 17:30:00,2.240199132595695
2023-10-11 18:30:00,2.240199132595695
2023-10-11 19:30:00,2.240199132595695
2023-10-12 13:30:00,2.240199132595695
2023-10-12 14:30:00,2.240199132595695
2023-10-12 15:30:00,2.240199132595695
2023-10-12 17:30:00,2.240199132595695
2023-10-12 18:30:00,2.240199132595695
2023-10-12 19:30:00,2.240199132595695
2023-10-13 13:30:00,2.240199132595695
2023-10-13 14:30:00,2.240199132595695
2023-10-13 15:30:00,2.240199132595695
2023-10-13 16:30:00,2.240199132595695
2023-10-13 17:30:00,2.240199132595695
2023-10-13 18:30:00,2.240199132595695
2023-10-13 19:30:00,2.240199132595695
2023-10-16 13:30:00,2.2822782472899465
2023-10-16 14:30:00,2.2822782472899465
2023-10-16 15:30:00,2.2822782472899465
2023-10-16 16:30:00,2.2822782472899465
2023-10-16 17:30:00,2.2822782472899465
2023-10-16 18:30:00,2.2822782472899465
2023-10-16 19:30:00,2.2822782472899465
2023-10-17 13:30:00,2.2822782472899465
2023-10-17 14:30:00,2.2822782472899465
2023-10-17 15:30:00,2.2822782472899465
2023-10-17 16:30:00,2.2822782472899465
2023-10-17 17:30:00,2.2822782472899465
2023-10-17 18:30:00,2.2822782472899465
2023-10-17 19:30:00,2.2822782472899465
2023-10-18 13:30:00,2.2822782472899465
2023-10-18 14:30:00,2.2822782472899465
2023-10-18 15:30:00,2.283182248987784
2023-10-18 16:30:00,2.283182248987784
2023-10-18 17:30:00,2.283182248987784
2023-10-18 18:30:00,2.283182248987784
2023-10-18 19:30:00,2.283182248987784
2023-10-19 13:30:00,2.283182248987784
2023-10-19 14:30:00,2.283182248987784
2023-10-19 15:30:00,2.283182248987784
2023-10-19 16:30:00,2.283182248987784
2023-10-19 17:30:00,2.283182248987784
2023-10-19 18:30:00,2.283182248987784
2023-10-19 19:30:00,2.283182248987784
2023-10-20 13:30:00,2.283182248987784
2023-10-20 14:30:00,2.283182248987784
2023-10-20 15:30:00,2.283182248987784
2023-10-20 16:30:00,2.283182248987784
2023-10-20 17:30:00,2.283182248987784
2023-10-20 18:30:00,2.283182248987784
2023-10-20 19:30:00,2.283182248987784
2023-10-23 13:30:00,2.283182248987784
2023-10-23 14:30:00,2.283182248987784
2023-10-23 15:30:00,2.283182248987784
2023-10-23 16:30:00,2.283182248987784
2023-10-23 17:30:00,2.283182248987784
2023-10-23 18:30:00,2.283182248987784
2023-10-23 19:30:00,2.283182248987784
2023-10-24 13:30:00,2.283182248987784
2023-10-24 14:30:00,2.283182248987784
2023-10-24 15:30:00,2.283182248987784
2023-10-24 16:30:00,2.283182248987784
2023-10-24 17:30:00,2.283182248987784
2023-10-24 18:30:00,2.283182248987784
2023-10-24 19:30:00,2.283182248987784
2023-10-25 13:30:00,2.283182248987784
2023-10-25 14:30:00,2.283182248987784
2023-10-25 15:30:00,2.283182248987784
2023-10-25 16:30:00,2.283182248987784
2023-10-25 17:30:00,2.283182248987784
2023-10-25 18:30:00,2.283182248987784
2023-10-25 19:30:00,2.283182248987784
2023-10-26 13:30:00,2.283182248987784
2023-10-26 14:30:00,2.283182248987784
2023-10-26 15:30:00,2.283182248987784
2023-10-26 16:30:00,2.283182248987784
2023-10-26 17:30:00,2.283182248987784
2023-10-26 18:30:00,2.283182248987784
2023-10-26 19:30:00,2.283182248987784
2023-10-27 13:30:00,2.283182248987784
2023-10-27 14:30:00,2.283182248987784
2023-10-27 15:30:00,2.228453754121295
2023-10-27 16:30:00,2.228453754121295
2023-10-27 17:30:00,2.228453754121295
2023-10-27 18:30:00,2.228453754121295
2023-10-27 19:30:00,2.228453754121295
2023-10-30 13:30:00,2.228453754121295
2023-10-30 14:30:00,2.228453754121295
2023-10-30 15:30:00,2.228453754121295
2023-10-30 16:30:00,2.228453754121295
2023-10-30 17:30:00,2.228453754121295
2023-10-30 18:30:00,2.228453754121295
2023-10-30 19:30:00,2.228453754121295
2023-10-31 13:30:00,2.228453754121295
2023-10-31 14:30:00,2.228453754121295
2023-10-31 15:30:00,2.228453754121295
2023-10-31 16:30:00,2.228453754121295
2023-10-31 17:30:00,2.228453754121295
2023-10-31 18:30:00,2.228453754121295
2023-10-31 19:30:00,2.228453754121295
2023-11-01 13:30:00,2.228453754121295
2023-11-01 14:30:00,2.228453754121295
2023-11-01 15:30:00,2.228453754121295
2023-11-01 16:30:00,2.228453754121295
2023-11-01 17:30:00,2.228453754121295
2023-11-01 18:30:00,2.228453754121295
2023-11-01 19:30:00,2.228453754121295
2023-11-02 13:30:00,2.309643813563222
2023-11-02 14:30:00,2.309643813563222
2023-11-02 15:30:00,2.309643813563222
2023-11-02 16:30:00,2.309643813563222
2023-11-02 17:30:00,2.309643813563222
2023-11-02 18:30:00,2.309643813563222
2023-11-02 19:30:00,2.309643813563222
2023-11-03 13:30:00,2.3266107603908925
2023-11-03 14:30:00,2.3266107603908925
2023-11-03 15:30:00,2.3266107603908925
2023-11-03 16:30:00,2.3266107603908925
2023-11-03 17:30:00,2.3266107603908925
2023-11-03 18:30:00,2.3266107603908925
2023-11-03 19:30:00,2.3266107603908925
2023-11-06 14:30:00,2.3266107603908925
2023-11-06 15:30:00,2.3266107603908925
2023-11-06 16:30:00,2.3266107603908925
2023-11-06 17:30:00,2.3266107603908925
2023-11-06 18:30:00,2.3266107603908925
2023-11-06 19:30:00,2.3266107603908925
2023-11-06 20:30:00,2.3266107603908925
2023-11-07 14:30:00,2.3266107603908925
2023-11-07 15:30:00,2.3266107603908925
2023-11-07 16:30:00,2.4192130413320108
2023-11-07 17:30:00,2.4192130413320108
2023-11-07 18:30:00,2.4192130413320108
2023-11-07 19:30:00,2.4192130413320108
2023-11-07 20:30:00,2.4192130413320108
2023-11-08 14:30:00,2.4192130413320108
2023-11-08 15:30:00,2.4192130413320108
2023-11-08 16:30:00,2.4192130413320108
2023-11-08 17:30:00,2.4192130413320108
2023-11-08 18:30:00,2.4192130413320108
2023-11-08 19:30:00,2.4192130413320108
2023-11-08 20:30:00,2.4192130413320108
2023-11-09 14:30:00,2.4192130413320108
2023-11-09 15:30:00,2.4192130413320108
2023-11-09 16:30:00,2.4192130413320108
2023-11-09 17:30:00,2.4192130413320108
2023-11-09 18:30:00,2.4192130413320108
2023-11-09 19:30:00,2.4192130413320108
2023-11-09 20:30:00,2.4192130413320108
2023-11-10 14:30:00,2.4192130413320108
2023-11-10 15:30:00,2.4192130413320108
2023-11-10 16:30:00,2.4192130413320108
2023-11-10 17:30:00,2.4192130413320108
2023-11-10 18:30:00,2.4192130413320108
2023-11-10 19:30:00,2.4192130413320108
2023-11-13 15:30:00,2.4192130413320108
2023-11-13 16:30:00,2.4192130413320108
2023-11-13 17:30:00,2.4192130413320108
2023-11-13 18:30:00,2.4192130413320108
2023-11-13 19:30:00,2.4192130413320108
2023-11-13 20:30:00,2.4192130413320108
2023-11-14 14:30:00,2.4192130413320108
2023-11-14 15:30:00,2.4192130413320108
2023-11-14 16:30:00,2.4192130413320108
2023-11-14 17:30:00,2.4192130413320108
2023-11-14 18:30:00,2.371417068422133
2023-11-14 19:30:00,2.371417068422133
2023-11-14 20:30:00,2.371417068422133
2023-11-15 14:30:00,2.371417068422133
2023-11-15 15:30:00,2.371417068422133
2023-11-15 16:30:00,2.371417068422133
2023-11-15 17:30:00,2.371417068422133
2023-11-15 18:30:00,2.371417068422133
2023-11-15 19:30:00,2.371417068422133
2023-11-15 20:30:00,2.371417068422133
2023-11-16 14:30:00,2.371417068422133
2023-11-16 15:30:00,2.371417068422133
2023-11-16 16:30:00,2.371417068422133
2023-11-16 17:30:00,2.371417068422133
2023-11-16 18:30:00,2.371417068422133
2023-11-16 19:30:00,2.371417068422133
2023-11-16 20:30:00,2.371417068422133
2023-11-17 14:30:00,2.371417068422133
2023-11-17 15:30:00,2.371417068422133
2023-11-17 16:30:00,2.371417068422133
2023-11-17 17:30:00,2.371417068422133
2023-11-17 18:30:00,2.371417068422133
2023-11-17 19:30:00,2.371417068422133
2023-11-17 20:30:00,2.371417068422133
2023-11-20 14:30:00,2.371417068422133
2023-11-20 15:30:00,2.371417068422133
2023-11-20 16:30:00,2.3510796527854008
2023-11-20 17:30:00,2.3510796527854008
2023-11-20 18:30:00,2.3510796527854008
2023-11-20 19:30:00,2.3510796527854008
2023-11-20 20:30:00,2.3510796527854008
2023-11-21 14:30:00,2.3510796527854008
2023-11-21 15:30:00,2.3510796527854008
2023-11-21 16:30:00,2.3510796527854008
2023-11-21 17:30:00,2.3510796527854008
2023-11-21 18:30:00,2.3510796527854008
2023-11-21 19:30:00,2.3510796527854008
2023-11-21 20:30:00,2.3510796527854008
2023-11-22 14:30:00,2.3510796527854008
2023-11-22 15:30:00,2.3510796527854008
2023-11-22 16:30:00,2.3510796527854008
2023-11-22 17:30:00,2.3510796527854008
2023-11-22 18:30:00,2.3510796527854008
2023-11-22 19:30:00,2.3510796527854008
2023-11-22 20:30:00,2.3510796527854008
2023-11-24 14:30:00,2.3694330277665414
2023-11-24 15:30:00,2.3694330277665414
2023-11-24 16:30:00,2.3694330277665414
2023-11-24 17:30:00,2.3694330277665414
2023-11-27 14:30:00,2.3694330277665414
2023-11-27 15:30:00,2.3694330277665414
2023-11-27 16:30:00,2.3694330277665414
2023-11-27 17:30:00,2.3694330277665414
2023-11-27 18:30:00,2.3694330277665414
2023-11-27 19:30:00,2.3694330277665414
2023-11-27 20:30:00,2.3694330277665414
2023-11-28 14:30:00,2.3694330277665414
2023-11-28 15:30:00,2.3694330277665414
2023-11-28 16:30:00,2.3694330277665414
2023-11-28 17:30:00,2.3694330277665414
2023-11-28 18:30:00,2.3694330277665414
2023-11-28 19:30:00,2.3565226157118593
2023-11-28 20:30:00,2.3565226157118593
2023-11-29 14:30:00,2.3565226157118593
2023-11-29 15:30:00,2.3565226157118593
2023-11-29 16:30:00,2.3565226157118593
2023-11-29 17:30:00,2.3565226157118593
2023-11-29 18:30:00,2.3565226157118593
2023-11-29 19:30:00,2.3565226157118593
2023-11-29 20:30:00,2.3565226157118593
2023-11-30 14:30:00,2.3565226157118593
2023-11-30 15:30:00,2.3565226157118593
2023-11-30 16:30:00,2.3565226157118593
2023-11-30 17:30:00,2.3565226157118593
2023-11-30 18:30:00,2.3565226157118593
2023-11-30 19:30:00,2.3565226157118593
2023-11-30 20:30:00,2.3565226157118593
2023-12-01 14:30:00,2.3565226157118593
2023-12-01 15:30:00,2.3565226157118593
2023-12-01 16:30:00,2.3498138905483503
2023-12-01 17:30:00,2.3498138905483503
2023-12-01 18:30:00,2.3498138905483503
2023-12-01 19:30:00,2.3498138905483503
2023-12-01 20:30:00,2.3498138905483503
2023-12-04 14:30:00,2.3498138905483503
2023-12-04 15:30:00,2.3498138905483503
2023-12-04 16:30:00,2.3498138905483503
2023-12-04 17:30:00,2.3498138905483503
2023-12-04 18:30:00,2.3498138905483503
2023-12-04 19:30:00,2.3498138905483503
2023-12-04 20:30:00,2.3498138905483503
2023-12-05 14:30:00,2.3498138905483503
2023-12-05 15:30:00,2.3498138905483503
2023-12-05 16:30:00,2.3498138905483503
2023-12-05 17:30:00,2.3498138905483503
2023-12-05 18:30:00,2.3498138905483503
2023-12-05 19:30:00,2.3498138905483503
2023-12-05 20:30:00,2.3498138905483503
2023-12-06 14:30:00,2.4070660398636994
2023-12-06 15:30:00,2.4070660398636994
2023-12-06 16:30:00,2.4070660398636994
2023-12-06 17:30:00,2.4070660398636994
2023-12-06 18:30:00,2.4070660398636994
2023-12-06 19:30:00,2.4070660398636994
2023-12-06 20:30:00,2.4070660398636994
2023-12-07 14:30:00,2.4070660398636994
2023-12-07 15:30:00,2.4070660398636994
2023-12-07 16:30:00,2.4070660398636994
2023-12-07 17:30:00,2.4070660398636994
2023-12-07 18:30:00,2.4070660398636994
2023-12-07 19:30:00,2.4070660398636994
2023-12-07 20:30:00,2.4070660398636994
2023-12-08 14:30:00,2.4070660398636994
2023-12-08 15:30:00,2.4070660398636994
2023-12-08 16:30:00,2.399046475966333
2023-12-08 17:30:00,2.399046475966333
2023-12-08 18:30:00,2.399046475966333
2023-12-08 19:30:00,2.399046475966333
2023-12-11 14:30:00,2.399046475966333
2023-12-11 15:30:00,2.399046475966333
2023-12-11 16:30:00,2.399046475966333
2023-12-11 17:30:00,2.399046475966333
2023-12-11 18:30:00,2.399046475966333
2023-12-11 19:30:00,2.399046475966333
2023-12-11 20:30:00,2.399046475966333
2023-12-12 14:30:00,2.399046475966333
2023-12-12 15:30:00,2.399046475966333
2023-12-12 16:30:00,2.399046475966333
2023-12-12 17:30:00,2.399046475966333
2023-12-12 18:30:00,2.399046475966333
2023-12-12 19:30:00,2.399046475966333
2023-12-12 20:30:00,2.399046475966333
2023-12-13 14:30:00,2.399046475966333
2023-12-13 16:30:00,2.399046475966333
2023-12-13 17:30:00,2.4404669338821083
2023-12-13 18:30:00,2.4404669338821083
2023-12-13 19:30:00,2.4404669338821083
2023-12-13 20:30:00,2.4404669338821083
2023-12-14 14:30:00,2.4404669338821083
2023-12-14 15:30:00,2.4404669338821083
2023-12-14 16:30:00,2.4404669338821083
2023-12-14 17:30:00,2.4404669338821083
2023-12-14 18:30:00,2.4404669338821083
2023-12-14 19:30:00,2.4404669338821083
2023-12-14 20:30:00,2.4404669338821083
2023-12-15 14:30:00,2.4404669338821083
2023-12-15 15:30:00,2.4404669338821083
2023-12-15 16:30:00,2.4404669338821083
2023-12-15 17:30:00,2.4404669338821083
2023-12-15 18:30:00,2.4404669338821083
2023-12-15 19:30:00,2.4404669338821083
2023-12-15 20:30:00,2.4404669338821083
2023-12-18 14:30:00,2.472701035335958
2023-12-18 15:30:00,2.472701035335958
2023-12-18 16:30:00,2.472701035335958
2023-12-18 17:30:00,2.472701035335958
2023-12-18 18:30:00,2.472701035335958
2023-12-18 19:30:00,2.472701035335958
2023-12-18 20:30:00,2.472701035335958
2023-12-19 14:30:00,2.472701035335958
2023-12-19 15:30:00,2.472701035335958
2023-12-19 16:30:00,2.472701035335958
2023-12-19 17:30:00,2.472701035335958
2023-12-19 18:30:00,2.472701035335958
2023-12-19 19:30:00,2.472701035335958
2023-12-19 20:30:00,2.472701035335958
2023-12-20 14:30:00,2.472701035335958
2023-12-20 15:30:00,2.472701035335958
2023-12-20 16:30:00,2.488694464119307
2023-12-20 17:30:00,2.488694464119307
2023-12-20 18:30:00,2.488694464119307
2023-12-20 19:30:00,2.488694464119307
2023-12-20 20:30:00,2.488694464119307
2023-12-21 14:30:00,2.488694464119307
2023-12-21 15:30:00,2.488694464119307
2023-12-21 16:30:00,2.488694464119307
2023-12-21 17:30:00,2.488694464119307
2023-12-21 18:30:00,2.488694464119307
2023-12-21 19:30:00,2.488694464119307
2023-12-21 20:30:00,2.488694464119307
2023-12-22 14:30:00,2.488694464119307
2023-12-22 15:30:00,2.488694464119307
2023-12-22 16:30:00,2.488694464119307
2023-12-22 17:30:00,2.488694464119307
2023-12-22 18:30:00,2.488694464119307
2023-12-22 19:30:00,2.488694464119307
2023-12-22 20:30:00,2.488694464119307
2023-12-26 14:30:00,2.488694464119307
2023-12-26 15:30:00,2.488694464119307
2023-12-26 16:30:00,2.488694464119307
2023-12-26 17:30:00,2.488694464119307
2023-12-26 18:30:00,2.488694464119307
2023-12-26 19:30:00,2.488694464119307
2023-12-26 20:30:00,2.488694464119307
2023-12-27 14:30:00,2.488694464119307
2023-12-27 15:30:00,2.488694464119307
2023-12-27 16:30:00,2.488694464119307
2023-12-27 17:30:00,2.488694464119307
2023-12-27 18:30:00,2.488694464119307
2023-12-27 19:30:00,2.488694464119307
2023-12-27 20:30:00,2.488694464119307
2023-12-28 14:30:00,2.510027108752928
2023-12-28 15:30:00,2.510027108752928
2023-12-28 16:30:00,2.510027108752928
2023-12-28 17:30:00,2.510027108752928
2023-12-28 18:30:00,2.510027108752928
2023-12-28 19:30:00,2.510027108752928
2023-12-28 20:30:00,2.510027108752928
2023-12-29 14:30:00,2.510027108752928
2023-12-29 15:30:00,2.510027108752928
2023-12-29 16:30:00,2.510027108752928
2023-12-29 17:30:00,2.510027108752928
2023-12-29 18:30:00,2.510027108752928
2023-12-29 19:30:00,2.510027108752928
2023-12-29 20:30:00,2.510027108752928
2024-01-02 14:30:00,2.59475023477402
2024-01-02 15:30:00,2.59475023477402
2024-01-02 16:30:00,2.59475023477402
2024-01-02 17:30:00,2.59475023477402
2024-01-02 18:30:00,2.59475023477402
2024-01-02 19:30:00,2.59475023477402
2024-01-02 20:30:00,2.59475023477402
2024-01-03 14:30:00,2.59475023477402
2024-01-03 15:30:00,2.59475023477402
2024-01-03 16:30:00,2.59475023477402
2024-01-03 17:30:00,2.59475023477402
2024-01-03 18:30:00,2.59475023477402
2024-01-03 19:30:00,2.59475023477402
2024-01-03 20:30:00,2.59475023477402
2024-01-04 14:30:00,2.59475023477402
2024-01-04 15:30:00,2.59475023477402
2024-01-04 16:30:00,2.5165352310535742
2024-01-04 17:30:00,2.5165352310535742
2024-01-04 18:30:00,2.5165352310535742
2024-01-04 19:30:00,2.5165352310535742
2024-01-04 20:30:00,2.5165352310535742
2024-01-05 14:30:00,2.5165352310535742
2024-01-05 15:30:00,2.5165352310535742
2024-01-05 16:30:00,2.5165352310535742
2024-01-05 17:30:00,2.5165352310535742
2024-01-05 18:30:00,2.5165352310535742
2024-01-05 19:30:00,2.5165352310535742
2024-01-05 20:30:00,2.5165352310535742
2024-01-08 14:30:00,2.5165352310535742
2024-01-08 15:30:00,2.5165352310535742
2024-01-08 16:30:00,2.5165352310535742
2024-01-08 17:30:00,2.5165352310535742
2024-01-08 18:30:00,2.5165352310535742
2024-01-08 19:30:00,2.5165352310535742
2024-01-08 20:30:00,2.5165352310535742
2024-01-09 14:30:00,2.5165352310535742
2024-01-09 15:30:00,2.5165352310535742
2024-01-09 16:30:00,2.5165352310535742
2024-01-09 17:30:00,2.5165352310535742
2024-01-09 18:30:00,2.5165352310535742
2024-01-09 19:30:00,2.5165352310535742
2024-01-09 20:30:00,2.5165352310535742
2024-01-10 14:30:00,2.5165352310535742
2024-01-10 15:30:00,2.5165352310535742
2024-01-10 16:30:00,2.5165352310535742
2024-01-10 17:30:00,2.5165352310535742
2024-01-10 18:30:00,2.5165352310535742
2024-01-10 19:30:00,2.5165352310535742
2024-01-10 20:30:00,2.5165352310535742
2024-01-11 14:30:00,2.5165352310535742
2024-01-11 15:30:00,2.5165352310535742
2024-01-11 16:30:00,2.518313991275611
2024-01-11 17:30:00,2.518313991275611
2024-01-11 18:30:00,2.518313991275611
2024-01-11 19:30:00,2.518313991275611
2024-01-11 20:30:00,2.518313991275611
2024-01-12 14:30:00,2.518313991275611
2024-01-12 15:30:00,2.518313991275611
2024-01-12 16:30:00,2.518313991275611
2024-01-12 17:30:00,2.518313991275611
2024-01-12 18:30:00,2.518313991275611
2024-01-12 19:30:00,2.518313991275611
2024-01-12 20:30:00,2.518313991275611
2024-01-16 14:30:00,2.518313991275611
2024-01-16 15:30:00,2.518313991275611
2024-01-16 16:30:00,2.518313991275611
2024-01-16 17:30:00,2.518313991275611
2024-01-16 18:30:00,2.518313991275611
2024-01-16 19:30:00,2.518313991275611
2024-01-16 20:30:00,2.518313991275611
2024-01-17 14:30:00,2.518313991275611
2024-01-17 15:30:00,2.518313991275611
2024-01-17 16:30:00,2.518313991275611
2024-01-17 17:30:00,2.518313991275611
2024-01-17 18:30:00,2.518313991275611
2024-01-17 19:30:00,2.518313991275611
2024-01-17 20:30:00,2.518313991275611
2024-01-18 14:30:00,2.5678523322546765
2024-01-18 15:30:00,2.5678523322546765
2024-01-18 16:30:00,2.5678523322546765
2024-01-18 17:30:00,2.5678523322546765
2024-01-18 18:30:00,2.5678523322546765
2024-01-18 19:30:00,2.5678523322546765
2024-01-18 20:30:00,2.5678523322546765
2024-01-19 14:30:00,2.5678523322546765
2024-01-19 15:30:00,2.5678523322546765
2024-01-19 16:30:00,2.5678523322546765
2024-01-19 17:30:00,2.5678523322546765
2024-01-19 18:30:00,2.5678523322546765
2024-01-19 19:30:00,2.5678523322546765
2024-01-19 20:30:00,2.5678523322546765
2024-01-22 14:30:00,2.5678523322546765
2024-01-22 15:30:00,2.5678523322546765
2024-01-22 16:30:00,2.467381674825527
2024-01-22 17:30:00,2.467381674825527
2024-01-22 18:30:00,2.467381674825527
2024-01-22 19:30:00,2.467381674825527
2024-01-22 20:30:00,2.467381674825527
2024-01-23 14:30:00,2.467381674825527
2024-01-23 15:30:00,2.467381674825527
2024-01-23 16:30:00,2.467381674825527
2024-01-23 17:30:00,2.467381674825527
2024-01-23 18:30:00,2.467381674825527
2024-01-23 19:30:00,2.467381674825527
2024-01-23 20:30:00,2.467381674825527
2024-01-24 14:30:00,2.467381674825527
2024-01-24 15:30:00,2.467381674825527
2024-01-24 16:30:00,2.467381674825527
2024-01-24 17:30:00,2.467381674825527
2024-01-24 18:30:00,2.467381674825527
2024-01-24 19:30:00,2.467381674825527
2024-01-24 20:30:00,2.467381674825527
2024-01-25 14:30:00,2.467381674825527
2024-01-25 15:30:00,2.467381674825527
2024-01-25 16:30:00,2.458305658738212
2024-01-25 17:30:00,2.458305658738212
2024-01-25 18:30:00,2.458305658738212
2024-01-25 19:30:00,2.458305658738212
2024-01-25 20:30:00,2.458305658738212
2024-01-26 14:30:00,2.458305658738212
2024-01-26 15:30:00,2.458305658738212
2024-01-26 16:30:00,2.458305658738212
2024-01-26 17:30:00,2.458305658738212
2024-01-26 18:30:00,2.458305658738212
2024-01-26 19:30:00,2.458305658738212
2024-01-26 20:30:00,2.458305658738212
2024-01-29 14:30:00,2.458305658738212
2024-01-29 15:30:00,2.458305658738212
2024-01-29 16:30:00,2.458305658738212
2024-01-29 17:30:00,2.458305658738212
2024-01-29 18:30:00,2.458305658738212
2024-01-29 19:30:00,2.458305658738212
2024-01-29 20:30:00,2.458305658738212
2024-01-30 14:30:00,2.458305658738212
2024-01-30 15:30:00,2.458305658738212
2024-01-30 16:30:00,2.458305658738212
2024-01-30 17:30:00,2.458305658738212
2024-01-30 18:30:00,2.458305658738212
2024-01-30 19:30:00,2.458305658738212
2024-01-30 20:30:00,2.458305658738212
2024-01-31 14:30:00,2.458305658738212
2024-01-31 15:30:00,2.458305658738212
2024-01-31 16:30:00,2.458305658738212
2024-01-31 17:30:00,2.458305658738212
2024-01-31 18:30:00,2.458305658738212
2024-01-31 19:30:00,2.458305658738212
2024-01-31 20:30:00,2.458305658738212
2024-02-01 14:30:00,2.458305658738212
2024-02-01 15:30:00,2.458305658738212
2024-02-01 16:30:00,2.3932881476005354
2024-02-01 17:30:00,2.3932881476005354
2024-02-01 18:30:00,2.3932881476005354
2024-02-01 19:30:00,2.3932881476005354
2024-02-01 20:30:00,2.3932881476005354
2024-02-02 14:30:00,2.3932881476005354
2024-02-02 15:30:00,2.3932881476005354
2024-02-02 16:30:00,2.3932881476005354
2024-02-02 17:30:00,2.3932881476005354
2024-02-02 18:30:00,2.3932881476005354
2024-02-02 19:30:00,2.3932881476005354
2024-02-02 20:30:00,2.3932881476005354
2024-02-05 14:30:00,2.4818179252964825
2024-02-05 15:30:00,2.4818179252964825
2024-02-05 16:30:00,2.4818179252964825
2024-02-05 17:30:00,2.4818179252964825
2024-02-05 18:30:00,2.4818179252964825
2024-02-05 19:30:00,2.4818179252964825
2024-02-05 20:30:00,2.4818179252964825
2024-02-06 14:30:00,2.4853375750353437
2024-02-06 15:30:00,2.4853375750353437
2024-02-06 16:30:00,2.4853375750353437
2024-02-06 17:30:00,2.4853375750353437
2024-02-06 18:30:00,2.4853375750353437
2024-02-06 19:30:00,2.4853375750353437
2024-02-06 20:30:00,2.4853375750353437
2024-02-07 14:30:00,2.535613589343561
2024-02-07 15:30:00,2.535613589343561
2024-02-07 16:30:00,2.535613589343561
2024-02-07 17:30:00,2.535613589343561
2024-02-07 18:30:00,2.535613589343561
2024-02-07 19:30:00,2.535613589343561
2024-02-07 20:30:00,2.535613589343561
2024-02-08 14:30:00,2.535613589343561
2024-02-08 15:30:00,2.535613589343561
2024-02-08 16:30:00,2.535613589343561
2024-02-08 17:30:00,2.535613589343561
2024-02-08 18:30:00,2.535613589343561
2024-02-08 19:30:00,2.535613589343561
2024-02-08 20:30:00,2.535613589343561
2024-02-09 14:30:00,2.535613589343561
2024-02-09 15:30:00,2.535613589343561
2024-02-09 16:30:00,2.553022999220748
2024-02-09 17:30:00,2.553022999220748
2024-02-09 18:30:00,2.553022999220748
2024-02-09 19:30:00,2.553022999220748
2024-02-09 20:30:00,2.553022999220748
2024-02-12 14:30:00,2.553022999220748
2024-02-12 15:30:00,2.553022999220748
2024-02-12 16:30:00,2.553022999220748
2024-02-12 17:30:00,2.553022999220748
2024-02-12 18:30:00,2.553022999220748
2024-02-12 19:30:00,2.553022999220748
2024-02-12 20:30:00,2.553022999220748
2024-02-13 14:30:00,2.553022999220748
2024-02-13 15:30:00,2.553022999220748
2024-02-13 16:30:00,2.553022999220748
2024-02-13 17:30:00,2.553022999220748
2024-02-13 18:30:00,2.553022999220748
2024-02-13 19:30:00,2.553022999220748
2024-02-13 20:30:00,2.553022999220748
2024-02-14 14:30:00,2.553022999220748
2024-02-14 15:30:00,2.553022999220748
2024-02-14 16:30:00,2.4769398881562066
2024-02-14 17:30:00,2.4769398881562066
2024-02-14 18:30:00,2.4769398881562066
2024-02-14 19:30:00,2.4769398881562066
2024-02-14 20:30:00,2.4769398881562066
2024-02-15 14:30:00,2.4769398881562066
2024-02-15 15:30:00,2.4769398881562066
2024-02-15 16:30:00,2.4769398881562066
2024-02-15 17:30:00,2.4769398881562066
2024-02-15 18:30:00,2.4769398881562066
2024-02-15 19:30:00,2.4769398881562066
2024-02-15 20:30:00,2.4769398881562066
2024-02-16 14:30:00,2.4769398881562066
2024-02-16 15:30:00,2.4769398881562066
2024-02-16 16:30:00,2.4769398881562066
2024-02-16 17:30:00,2.4769398881562066
2024-02-16 18:30:00,2.4769398881562066
2024-02-16 19:30:00,2.4769398881562066
2024-02-16 20:30:00,2.4769398881562066
2024-02-20 14:30:00,2.4769398881562066
2024-02-20 15:30:00,2.4769398881562066
2024-02-20 16:30:00,2.4769398881562066
2024-02-20 17:30:00,2.4769398881562066
2024-02-20 18:30:00,2.4769398881562066
2024-02-20 19:30:00,2.4769398881562066
2024-02-20 20:30:00,2.4769398881562066
2024-02-21 14:30:00,2.4769398881562066
2024-02-21 15:30:00,2.4769398881562066
2024-02-21 16:30:00,2.4769398881562066
2024-02-21 17:30:00,2.4769398881562066
2024-02-21 18:30:00,2.4769398881562066
2024-02-21 19:30:00,2.4769398881562066
2024-02-21 20:30:00,2.4769398881562066
2024-02-22 14:30:00,2.4769398881562066
2024-02-22 15:30:00,2.4769398881562066
2024-02-22 16:30:00,2.4769398881562066
2024-02-22 17:30:00,2.4769398881562066
2024-02-22 18:30:00,2.4769398881562066
2024-02-22 19:30:00,2.4769398881562066
2024-02-22 20:30:00,2.4769398881562066
2024-02-23 14:30:00,2.4769398881562066
2024-02-23 15:30:00,2.4769398881562066
2024-02-23 16:30:00,2.4769398881562066
2024-02-23 17:30:00,2.4769398881562066
2024-02-23 18:30:00,2.4769398881562066
2024-02-23 19:30:00,2.4769398881562066
2024-02-23 20:30:00,2.4769398881562066
2024-02-26 14:30:00,2.4769398881562066
2024-02-26 15:30:00,2.4769398881562066
2024-02-26 16:30:00,2.5162216336334033
2024-02-26 17:30:00,2.5162216336334033
2024-02-26 18:30:00,2.5162216336334033
2024-02-26 19:30:00,2.5162216336334033
2024-02-26 20:30:00,2.5162216336334033
2024-02-27 14:30:00,2.5162216336334033
2024-02-27 15:30:00,2.5162216336334033
2024-02-27 16:30:00,2.5162216336334033
2024-02-27 17:30:00,2.5162216336334033
2024-02-27 18:30:00,2.5162216336334033
2024-02-27 19:30:00,2.5162216336334033
2024-02-27 20:30:00,2.5162216336334033
2024-02-28 14:30:00,2.5162216336334033
2024-02-28 15:30:00,2.5162216336334033
2024-02-28 16:30:00,2.5162216336334033
2024-02-28 17:30:00,2.5162216336334033
2024-02-28 18:30:00,2.5162216336334033
2024-02-28 19:30:00,2.5162216336334033
2024-02-28 20:30:00,2.5162216336334033
2024-02-29 14:30:00,2.5162216336334033
2024-02-29 15:30:00,2.5162216336334033
2024-02-29 16:30:00,2.5162216336334033
2024-02-29 17:30:00,2.5162216336334033
2024-02-29 18:30:00,2.5162216336334033
2024-02-29 19:30:00,2.5162216336334033
2024-02-29 20:30:00,2.5162216336334033
2024-03-01 14:30:00,2.5162216336334033
2024-03-01 15:30:00,2.5162216336334033
2024-03-01 16:30:00,2.5162216336334033
2024-03-01 17:30:00,2.5162216336334033
2024-03-01 18:30:00,2.5162216336334033
2024-03-01 19:30:00,2.5162216336334033
2024-03-01 20:30:00,2.5162216336334033
2024-03-04 14:30:00,2.604962100803637
2024-03-04 15:30:00,2.604962100803637
2024-03-04 16:30:00,2.604962100803637
2024-03-04 17:30:00,2.604962100803637
2024-03-04 18:30:00,2.604962100803637
2024-03-04 19:30:00,2.604962100803637
2024-03-04 20:30:00,2.604962100803637
2024-03-05 14:30:00,2.604962100803637
2024-03-05 15:30:00,2.604962100803637
2024-03-05 16:30:00,2.604962100803637
2024-03-05 17:30:00,2.604962100803637
2024-03-05 18:30:00,2.604962100803637
2024-03-05 19:30:00,2.604962100803637
2024-03-05 20:30:00,2.604962100803637
2024-03-06 14:30:00,2.604962100803637
2024-03-06 15:30:00,2.604962100803637
2024-03-06 16:30:00,2.5216848112545667
2024-03-06 17:30:00,2.5216848112545667
2024-03-06 18:30:00,2.5216848112545667
2024-03-06 19:30:00,2.5216848112545667
2024-03-06 20:30:00,2.5216848112545667
2024-03-07 14:30:00,2.5216848112545667
2024-03-07 15:30:00,2.5216848112545667
2024-03-07 16:30:00,2.5216848112545667
2024-03-07 17:30:00,2.5216848112545667
2024-03-07 18:30:00,2.5216848112545667
2024-03-07 19:30:00,2.5216848112545667
2024-03-07 20:30:00,2.5216848112545667
2024-03-08 14:30:00,2.5216848112545667
2024-03-08 15:30:00,2.5216848112545667
2024-03-08 16:30:00,2.5216848112545667
2024-03-08 17:30:00,2.5216848112545667
2024-03-08 18:30:00,2.5216848112545667
2024-03-08 19:30:00,2.5216848112545667
2024-03-08 20:30:00,2.5216848112545667
2024-03-11 13:30:00,2.5216848112545667
2024-03-11 14:30:00,2.5216848112545667
2024-03-11 15:30:00,2.5216848112545667
2024-03-11 16:30:00,2.5216848112545667
2024-03-11 17:30:00,2.5216848112545667
2024-03-11 18:30:00,2.5216848112545667
2024-03-11 19:30:00,2.5216848112545667
2024-03-12 13:30:00,2.5216848112545667
2024-03-12 14:30:00,2.5216848112545667
2024-03-12 15:30:00,2.5216848112545667
2024-03-12 16:30:00,2.5216848112545667
2024-03-12 17:30:00,2.5216848112545667
2024-03-12 18:30:00,2.5216848112545667
2024-03-12 19:30:00,2.5216848112545667
2024-03-13 13:30:00,2.5216848112545667
2024-03-13 14:30:00,2.5216848112545667
2024-03-13 15:30:00,2.5216848112545667
2024-03-13 16:30:00,2.5216848112545667
2024-03-13 17:30:00,2.5216848112545667
2024-03-13 18:30:00,2.5216848112545667
2024-03-13 19:30:00,2.5216848112545667
2024-03-14 13:30:00,2.5216848112545667
2024-03-14 14:30:00,2.5216848112545667
2024-03-14 15:30:00,2.5216848112545667
2024-03-14 16:30:00,2.5216848112545667
2024-03-14 17:30:00,2.5216848112545667
2024-03-14 18:30:00,2.5216848112545667
2024-03-14 19:30:00,2.5216848112545667
2024-03-15 13:30:00,2.5216848112545667
2024-03-15 14:30:00,2.5216848112545667
2024-03-15 15:30:00,2.5004481879960414
2024-03-15 16:30:00,2.5004481879960414
2024-03-15 17:30:00,2.5004481879960414
2024-03-15 18:30:00,2.5004481879960414
2024-03-15 19:30:00,2.5004481879960414
2024-03-18 13:30:00,2.5004481879960414
2024-03-18 14:30:00,2.5004481879960414
2024-03-18 15:30:00,2.5004481879960414
2024-03-18 16:30:00,2.5004481879960414
2024-03-18 17:30:00,2.5004481879960414
2024-03-18 18:30:00,2.5004481879960414
2024-03-18 19:30:00,2.5004481879960414
2024-03-19 13:30:00,2.5004481879960414
2024-03-19 14:30:00,2.5004481879960414
2024-03-19 15:30:00,2.5004481879960414
2024-03-19 16:30:00,2.5004481879960414
2024-03-19 17:30:00,2.5004481879960414
2024-03-19 18:30:00,2.5004481879960414
2024-03-19 19:30:00,2.5004481879960414
2024-03-20 13:30:00,2.5004481879960414
2024-03-20 14:30:00,2.5004481879960414
2024-03-20 15:30:00,2.4893892611274557
2024-03-20 16:30:00,2.4893892611274557
2024-03-20 17:30:00,2.4893892611274557
2024-03-20 18:30:00,2.4893892611274557
2024-03-20 19:30:00,2.4893892611274557
2024-03-21 13:30:00,2.4893892611274557
2024-03-21 14:30:00,2.4893892611274557
2024-03-21 15:30:00,2.4893892611274557
2024-03-21 16:30:00,2.4893892611274557
2024-03-21 17:30:00,2.4893892611274557
2024-03-21 18:30:00,2.4893892611274557
2024-03-21 19:30:00,2.4893892611274557
2024-03-22 13:30:00,2.4893892611274557
2024-03-22 14:30:00,2.4893892611274557
2024-03-22 15:30:00,2.4893892611274557
2024-03-22 16:30:00,2.4893892611274557
2024-03-22 17:30:00,2.4893892611274557
2024-03-25 13:30:00,2.4893892611274557
2024-03-25 14:30:00,2.4893892611274557
2024-03-25 15:30:00,2.4893892611274557
2024-03-25 16:30:00,2.4893892611274557
2024-03-25 17:30:00,2.4893892611274557
2024-03-25 18:30:00,2.4893892611274557
2024-03-25 19:30:00,2.4893892611274557
2024-03-26 13:30:00,2.4893892611274557
2024-03-26 14:30:00,2.4893892611274557
2024-03-26 15:30:00,2.4893892611274557
2024-03-26 16:30:00,2.4893892611274557
2024-03-26 17:30:00,2.4893892611274557
2024-03-26 18:30:00,2.4893892611274557
2024-03-26 19:30:00,2.4893892611274557
2024-03-27 13:30:00,2.4893892611274557
2024-03-27 14:30:00,2.4893892611274557
2024-03-27 15:30:00,2.511531439226782
2024-03-27 16:30:00,2.511531439226782
2024-03-27 17:30:00,2.511531439226782
2024-03-27 18:30:00,2.511531439226782
2024-03-27 19:30:00,2.511531439226782
2024-03-28 13:30:00,2.511531439226782
2024-03-28 14:30:00,2.511531439226782
2024-03-28 15:30:00,2.511531439226782
2024-03-28 16:30:00,2.511531439226782
2024-03-28 17:30:00,2.511531439226782
2024-03-28 18:30:00,2.511531439226782
2024-03-28 19:30:00,2.511531439226782
2024-04-01 13:30:00,2.511531439226782
2024-04-01 14:30:00,2.511531439226782
2024-04-01 15:30:00,2.511531439226782
2024-04-01 16:30:00,2.511531439226782
2024-04-01 17:30:00,2.511531439226782
2024-04-01 18:30:00,2.511531439226782
2024-04-01 19:30:00,2.511531439226782
2024-04-02 13:30:00,2.511531439226782
2024-04-02 14:30:00,2.511531439226782
2024-04-02 15:30:00,2.467137012707459
2024-04-02 16:30:00,2.467137012707459
2024-04-02 17:30:00,2.467137012707459
2024-04-02 18:30:00,2.467137012707459
2024-04-02 19:30:00,2.467137012707459
2024-04-03 13:30:00,2.467137012707459
2024-04-03 14:30:00,2.467137012707459
2024-04-03 15:30:00,2.467137012707459
2024-04-03 16:30:00,2.467137012707459
2024-04-03 17:30:00,2.467137012707459
2024-04-03 18:30:00,2.467137012707459
2024-04-03 19:30:00,2.467137012707459
2024-04-04 13:30:00,2.467137012707459
2024-04-04 14:30:00,2.467137012707459
2024-04-04 15:30:00,2.467137012707459
2024-04-04 16:30:00,2.467137012707459
2024-04-04 17:30:00,2.467137012707459
2024-04-04 18:30:00,2.467137012707459
2024-04-04 19:30:00,2.467137012707459
2024-04-05 13:30:00,2.467137012707459
2024-04-05 14:30:00,2.467137012707459
2024-04-05 15:30:00,2.467137012707459
2024-04-05 16:30:00,2.467137012707459
2024-04-05 17:30:00,2.467137012707459
2024-04-05 18:30:00,2.467137012707459
2024-04-05 19:30:00,2.467137012707459
2024-04-08 13:30:00,2.467137012707459
2024-04-08 14:30:00,2.467137012707459
2024-04-08 15:30:00,2.467137012707459
2024-04-08 16:30:00,2.467137012707459
2024-04-08 17:30:00,2.467137012707459
2024-04-08 18:30:00,2.467137012707459
2024-04-08 19:30:00,2.467137012707459
2024-04-09 13:30:00,2.467137012707459
2024-04-09 14:30:00,2.467137012707459
2024-04-09 15:30:00,2.467137012707459
2024-04-09 16:30:00,2.467137012707459
2024-04-09 17:30:00,2.467137012707459
2024-04-09 18:30:00,2.467137012707459
2024-04-09 19:30:00,2.467137012707459
2024-04-10 13:30:00,2.467137012707459
2024-04-10 14:30:00,2.467137012707459
2024-04-10 15:30:00,2.4520328397539375
2024-04-10 16:30:00,2.4520328397539375
2024-04-10 17:30:00,2.4520328397539375
2024-04-10 18:30:00,2.4520328397539375
2024-04-10 19:30:00,2.4520328397539375
2024-04-11 13:30:00,2.4520328397539375
2024-04-11 14:30:00,2.4520328397539375
2024-04-11 15:30:00,2.4520328397539375
2024-04-11 16:30:00,2.4520328397539375
2024-04-11 17:30:00,2.4520328397539375
2024-04-11 18:30:00,2.4520328397539375
2024-04-11 19:30:00,2.4520328397539375
2024-04-12 15:30:00,2.4520328397539375
2024-04-12 16:30:00,2.4520328397539375
2024-04-12 17:30:00,2.4520328397539375
2024-04-12 18:30:00,2.4520328397539375
2024-04-12 19:30:00,2.4520328397539375
2024-04-15 13:30:00,2.4520328397539375
2024-04-15 14:30:00,2.4520328397539375
2024-04-15 15:30:00,2.4520328397539375
2024-04-15 16:30:00,2.4520328397539375
2024-04-15 17:30:00,2.4520328397539375
2024-04-15 18:30:00,2.4520328397539375
2024-04-15 19:30:00,2.4520328397539375
2024-04-16 13:30:00,2.4520328397539375
2024-04-16 14:30:00,2.4520328397539375
2024-04-16 15:30:00,2.4520328397539375
2024-04-16 16:30:00,2.4520328397539375
2024-04-16 17:30:00,2.4520328397539375
2024-04-16 18:30:00,2.4520328397539375
2024-04-16 19:30:00,2.4520328397539375
2024-04-17 13:30:00,2.4520328397539375
2024-04-17 14:30:00,2.4520328397539375
2024-04-17 15:30:00,2.358638043485513
2024-04-17 16:30:00,2.358638043485513
2024-04-17 17:30:00,2.358638043485513
2024-04-17 18:30:00,2.358638043485513
2024-04-17 19:30:00,2.358638043485513
2024-04-18 13:30:00,2.358638043485513
2024-04-18 14:30:00,2.358638043485513
2024-04-18 15:30:00,2.358638043485513
2024-04-18 16:30:00,2.358638043485513
2024-04-18 17:30:00,2.358638043485513
2024-04-18 18:30:00,2.358638043485513
2024-04-18 19:30:00,2.358638043485513
2024-04-19 13:30:00,2.358638043485513
2024-04-19 14:30:00,2.358638043485513
2024-04-19 15:30:00,2.358638043485513
2024-04-19 16:30:00,2.358638043485513
2024-04-19 17:30:00,2.358638043485513
2024-04-19 18:30:00,2.358638043485513
2024-04-19 19:30:00,2.358638043485513
2024-04-22 13:30:00,2.358638043485513
2024-04-22 14:30:00,2.358638043485513
2024-04-22 15:30:00,2.358638043485513
2024-04-22 16:30:00,2.358638043485513
2024-04-22 17:30:00,2.358638043485513
2024-04-22 18:30:00,2.358638043485513
2024-04-22 19:30:00,2.358638043485513
2024-04-23 13:30:00,2.358638043485513
2024-04-23 14:30:00,2.358638043485513
2024-04-23 15:30:00,2.360767803336963
2024-04-23 16:30:00,2.360767803336963
2024-04-23 17:30:00,2.360767803336963
2024-04-23 18:30:00,2.360767803336963
2024-04-23 19:30:00,2.360767803336963
2024-04-24 13:30:00,2.360767803336963
2024-04-24 14:30:00,2.360767803336963
2024-04-24 15:30:00,2.360767803336963
2024-04-24 16:30:00,2.360767803336963
2024-04-24 17:30:00,2.360767803336963
2024-04-24 18:30:00,2.360767803336963
2024-04-24 19:30:00,2.360767803336963
2024-04-25 13:30:00,2.4061674706448417
2024-04-25 14:30:00,2.4061674706448417
2024-04-25 15:30:00,2.4061674706448417
2024-04-25 16:30:00,2.4061674706448417
2024-04-25 17:30:00,2.4061674706448417
2024-04-25 18:30:00,2.4061674706448417
2024-04-25 19:30:00,2.4061674706448417
2024-04-26 13:30:00,2.4061674706448417
2024-04-26 14:30:00,2.4061674706448417
2024-04-26 15:30:00,2.4061674706448417
2024-04-26 16:30:00,2.4061674706448417
2024-04-26 17:30:00,2.4061674706448417
2024-04-26 18:30:00,2.4061674706448417
2024-04-26 19:30:00,2.4061674706448417
2024-04-29 13:30:00,2.4061674706448417
2024-04-29 14:30:00,2.4061674706448417
2024-04-29 15:30:00,2.34094953152468
2024-04-29 16:30:00,2.34094953152468
2024-04-29 17:30:00,2.34094953152468
2024-04-29 18:30:00,2.34094953152468
2024-04-29 19:30:00,2.34094953152468
2024-04-30 13:30:00,2.34094953152468
2024-04-30 14:30:00,2.34094953152468
2024-04-30 15:30:00,2.34094953152468
2024-04-30 16:30:00,2.34094953152468
2024-04-30 17:30:00,2.34094953152468
2024-04-30 18:30:00,2.34094953152468
2024-04-30 19:30:00,2.34094953152468
2024-05-01 13:30:00,2.34094953152468
2024-05-01 14:30:00,2.34094953152468
2024-05-01 15:30:00,2.34094953152468
2024-05-01 16:30:00,2.34094953152468
2024-05-01 17:30:00,2.34094953152468
2024-05-01 18:30:00,2.34094953152468
2024-05-01 19:30:00,2.34094953152468
2024-05-02 13:30:00,2.34094953152468
2024-05-02 14:30:00,2.34094953152468
2024-05-02 15:30:00,2.34094953152468
2024-05-02 16:30:00,2.34094953152468
2024-05-02 17:30:00,2.34094953152468
2024-05-02 18:30:00,2.34094953152468
2024-05-02 19:30:00,2.34094953152468
2024-05-03 13:30:00,2.5705002885277177
2024-05-03 14:30:00,2.5705002885277177
2024-05-03 15:30:00,2.5705002885277177
2024-05-03 16:30:00,2.5705002885277177
2024-05-03 17:30:00,2.5705002885277177
2024-05-03 18:30:00,2.5705002885277177
2024-05-03 19:30:00,2.5705002885277177
2024-05-06 13:30:00,2.6313395311288432
2024-05-06 14:30:00,2.6313395311288432
2024-05-06 15:30:00,2.6313395311288432
2024-05-06 16:30:00,2.6313395311288432
2024-05-06 17:30:00,2.6313395311288432
2024-05-06 18:30:00,2.6313395311288432
2024-05-06 19:30:00,2.6313395311288432
2024-05-07 13:30:00,2.647154638700474
2024-05-07 14:30:00,2.647154638700474
2024-05-07 15:30:00,2.647154638700474
2024-05-07 16:30:00,2.647154638700474
2024-05-07 17:30:00,2.647154638700474
2024-05-07 18:30:00,2.647154638700474
2024-05-07 19:30:00,2.647154638700474
2024-05-08 13:30:00,2.647154638700474
2024-05-08 14:30:00,2.647154638700474
2024-05-08 15:30:00,2.647154638700474
2024-05-08 16:30:00,2.647154638700474
2024-05-08 17:30:00,2.647154638700474
2024-05-08 18:30:00,2.647154638700474
2024-05-08 19:30:00,2.647154638700474
2024-05-09 13:30:00,2.660059807567933
2024-05-09 14:30:00,2.660059807567933
2024-05-09 15:30:00,2.660059807567933
2024-05-09 16:30:00,2.660059807567933
2024-05-09 17:30:00,2.660059807567933
2024-05-09 18:30:00,2.660059807567933
2024-05-09 19:30:00,2.660059807567933
2024-05-10 13:30:00,2.660059807567933
2024-05-10 14:30:00,2.660059807567933
2024-05-10 15:30:00,2.660059807567933
2024-05-10 16:30:00,2.660059807567933
2024-05-10 17:30:00,2.660059807567933
2024-05-10 18:30:00,2.660059807567933
2024-05-10 19:30:00,2.660059807567933
2024-05-13 13:30:00,2.7019510868556074
2024-05-13 14:30:00,2.7019510868556074
2024-05-13 15:30:00,2.7019510868556074
2024-05-13 16:30:00,2.7019510868556074
2024-05-13 18:30:00,2.7019510868556074
2024-05-13 19:30:00,2.7019510868556074
2024-05-14 13:30:00,2.7019510868556074
2024-05-14 14:30:00,2.7019510868556074
2024-05-14 15:30:00,2.7019510868556074
2024-05-14 16:30:00,2.7019510868556074
2024-05-14 17:30:00,2.7019510868556074
2024-05-14 18:30:00,2.7019510868556074
2024-05-14 19:30:00,2.7019510868556074
2024-05-15 13:30:00,2.7019510868556074
2024-05-15 14:30:00,2.7019510868556074
2024-05-15 15:30:00,2.7019510868556074
2024-05-15 16:30:00,2.631907862536479
2024-05-15 17:30:00,2.631907862536479
2024-05-15 18:30:00,2.631907862536479
2024-05-15 19:30:00,2.631907862536479
2024-05-16 13:30:00,2.631907862536479
2024-05-16 14:30:00,2.631907862536479
2024-05-16 15:30:00,2.631907862536479
2024-05-16 16:30:00,2.631907862536479
2024-05-16 17:30:00,2.631907862536479
2024-05-16 18:30:00,2.631907862536479
2024-05-16 19:30:00,2.631907862536479
2024-05-17 13:30:00,2.6457396826618744
2024-05-17 14:30:00,2.6457396826618744
2024-05-17 15:30:00,2.6457396826618744
2024-05-17 16:30:00,2.6457396826618744
2024-05-17 17:30:00,2.6457396826618744
2024-05-17 18:30:00,2.6457396826618744
2024-05-17 19:30:00,2.6457396826618744
2024-05-20 13:30:00,2.6457396826618744
2024-05-20 14:30:00,2.6457396826618744
2024-05-20 15:30:00,2.6457396826618744
2024-05-20 16:30:00,2.6457396826618744
2024-05-20 17:30:00,2.6457396826618744
2024-05-20 18:30:00,2.6457396826618744
2024-05-20 19:30:00,2.6457396826618744
2024-05-21 13:30:00,2.6457396826618744
2024-05-21 14:30:00,2.6457396826618744
2024-05-21 15:30:00,2.682861147060193
2024-05-21 16:30:00,2.682861147060193
2024-05-21 17:30:00,2.682861147060193
2024-05-21 18:30:00,2.682861147060193
2024-05-21 19:30:00,2.682861147060193
2024-05-22 13:30:00,2.682861147060193
2024-05-22 14:30:00,2.682861147060193
2024-05-22 15:30:00,2.682861147060193
2024-05-22 16:30:00,2.682861147060193
2024-05-22 17:30:00,2.682861147060193
2024-05-22 18:30:00,2.682861147060193
2024-05-22 19:30:00,2.682861147060193
2024-05-23 13:30:00,2.682861147060193
2024-05-23 14:30:00,2.682861147060193
2024-05-23 15:30:00,2.682861147060193
2024-05-23 16:30:00,2.682861147060193
2024-05-23 17:30:00,2.682861147060193
2024-05-23 18:30:00,2.682861147060193
2024-05-23 19:30:00,2.682861147060193
2024-05-24 13:30:00,2.682861147060193
2024-05-24 14:30:00,2.682861147060193
2024-05-24 15:30:00,2.682861147060193
2024-05-24 16:30:00,2.682861147060193
2024-05-24 17:30:00,2.682861147060193
2024-05-24 18:30:00,2.682861147060193
2024-05-24 19:30:00,2.682861147060193
2024-05-28 13:30:00,2.682861147060193
2024-05-28 14:30:00,2.682861147060193
2024-05-28 15:30:00,2.682861147060193
2024-05-28 16:30:00,2.682861147060193
2024-05-28 17:30:00,2.682861147060193
2024-05-28 18:30:00,2.682861147060193
2024-05-28 19:30:00,2.682861147060193
2024-05-29 13:30:00,2.682861147060193
2024-05-29 14:30:00,2.682861147060193
2024-05-29 15:30:00,2.682861147060193
2024-05-29 16:30:00,2.682861147060193
2024-05-29 17:30:00,2.682861147060193
2024-05-29 18:30:00,2.682861147060193
2024-05-29 19:30:00,2.682861147060193
2024-05-30 13:30:00,2.682861147060193
2024-05-30 14:30:00,2.682861147060193
2024-05-30 15:30:00,2.6866767127758027
2024-05-30 16:30:00,2.6866767127758027
2024-05-30 17:30:00,2.6866767127758027
2024-05-30 18:30:00,2.6866767127758027
2024-05-30 19:30:00,2.6866767127758027
2024-05-31 13:30:00,2.6866767127758027
2024-05-31 14:30:00,2.6866767127758027
2024-05-31 15:30:00,2.6866767127758027
2024-05-31 16:30:00,2.6866767127758027
2024-05-31 17:30:00,2.6866767127758027
2024-05-31 18:30:00,2.6866767127758027
2024-05-31 19:30:00,2.6866767127758027
2024-06-03 13:30:00,2.6866767127758027
2024-06-03 14:30:00,2.6866767127758027
2024-06-03 15:30:00,2.6866767127758027
2024-06-03 16:30:00,2.6866767127758027
2024-06-03 17:30:00,2.6866767127758027
2024-06-03 18:30:00,2.6866767127758027
2024-06-03 19:30:00,2.6866767127758027
2024-06-04 13:30:00,2.6866767127758027
2024-06-04 14:30:00,2.6866767127758027
2024-06-04 15:30:00,2.6866767127758027
2024-06-04 16:30:00,2.6866767127758027
2024-06-04 17:30:00,2.6866767127758027
2024-06-04 18:30:00,2.6866767127758027
2024-06-04 19:30:00,2.6866767127758027
2024-06-05 13:30:00,2.6866767127758027
2024-06-05 14:30:00,2.6866767127758027
2024-06-05 15:30:00,2.64629257129756
2024-06-05 16:30:00,2.64629257129756
2024-06-05 17:30:00,2.64629257129756
2024-06-05 18:30:00,2.64629257129756
2024-06-05 19:30:00,2.64629257129756
2024-06-06 13:30:00,2.64629257129756
2024-06-06 14:30:00,2.64629257129756
2024-06-06 15:30:00,2.64629257129756
2024-06-06 16:30:00,2.64629257129756
2024-06-06 17:30:00,2.64629257129756
2024-06-06 18:30:00,2.64629257129756
2024-06-06 19:30:00,2.64629257129756
2024-06-07 13:30:00,2.64629257129756
2024-06-07 14:30:00,2.64629257129756
2024-06-07 15:30:00,2.64629257129756
2024-06-07 16:30:00,2.64629257129756
2024-06-07 17:30:00,2.64629257129756
2024-06-07 18:30:00,2.64629257129756
2024-06-07 19:30:00,2.64629257129756
2024-06-10 13:30:00,2.64629257129756
2024-06-10 14:30:00,2.64629257129756
2024-06-10 15:30:00,2.64629257129756
2024-06-10 16:30:00,2.64629257129756
2024-06-10 17:30:00,2.64629257129756
2024-06-10 18:30:00,2.64629257129756
2024-06-10 19:30:00,2.64629257129756
2024-06-11 13:30:00,2.64629257129756
2024-06-11 14:30:00,2.64629257129756
2024-06-11 15:30:00,2.64629257129756
2024-06-11 16:30:00,2.64629257129756
2024-06-11 17:30:00,2.64629257129756
2024-06-11 18:30:00,2.64629257129756
2024-06-11 19:30:00,2.64629257129756
2024-06-12 13:30:00,2.64629257129756
2024-06-12 14:30:00,2.64629257129756
2024-06-12 15:30:00,2.64629257129756
2024-06-12 16:30:00,2.64629257129756
2024-06-12 17:30:00,2.64629257129756
2024-06-12 18:30:00,2.64629257129756
2024-06-12 19:30:00,2.64629257129756
2024-06-13 13:30:00,2.64629257129756
2024-06-13 14:30:00,2.64629257129756
2024-06-13 15:30:00,2.64629257129756
2024-06-13 16:30:00,2.64629257129756
2024-06-13 17:30:00,2.64629257129756
2024-06-13 18:30:00,2.64629257129756
2024-06-13 19:30:00,2.64629257129756
2024-06-14 13:30:00,2.64629257129756
2024-06-14 14:30:00,2.64629257129756
2024-06-14 15:30:00,2.596303573492647
2024-06-14 16:30:00,2.596303573492647
2024-06-14 17:30:00,2.596303573492647
2024-06-14 18:30:00,2.596303573492647
2024-06-14 19:30:00,2.596303573492647
2024-06-17 13:30:00,2.596303573492647
2024-06-17 14:30:00,2.596303573492647
2024-06-17 15:30:00,2.596303573492647
2024-06-17 19:30:00,2.596303573492647
2024-06-18 13:30:00,2.596303573492647
2024-06-18 14:30:00,2.596303573492647
2024-06-18 15:30:00,2.596303573492647
2024-06-18 16:30:00,2.596303573492647
2024-06-18 17:30:00,2.596303573492647
2024-06-18 18:30:00,2.596303573492647
2024-06-18 19:30:00,2.596303573492647
2024-06-20 13:30:00,2.596303573492647
2024-06-20 14:30:00,2.596303573492647
2024-06-20 15:30:00,2.596303573492647
2024-06-20 16:30:00,2.596303573492647
2024-06-20 17:30:00,2.596303573492647
2024-06-20 18:30:00,2.6478376855069503
2024-06-20 19:30:00,2.6478376855069503
2024-06-21 13:30:00,2.6478376855069503
2024-06-21 14:30:00,2.6478376855069503
2024-06-21 15:30:00,2.6478376855069503
2024-06-21 16:30:00,2.6478376855069503
2024-06-21 17:30:00,2.6478376855069503
2024-06-21 18:30:00,2.6478376855069503
2024-06-21 19:30:00,2.6478376855069503
2024-06-24 13:30:00,2.6478376855069503
2024-06-24 14:30:00,2.6478376855069503
2024-06-24 15:30:00,2.6478376855069503
2024-06-24 16:30:00,2.6478376855069503
2024-06-24 17:30:00,2.6478376855069503
2024-06-24 18:30:00,2.6478376855069503
2024-06-24 19:30:00,2.6478376855069503
2024-06-25 13:30:00,2.6478376855069503
2024-06-25 14:30:00,2.6478376855069503
2024-06-25 15:30:00,2.6478376855069503
2024-06-25 16:30:00,2.6478376855069503
2024-06-25 17:30:00,2.6478376855069503
2024-06-25 18:30:00,2.6478376855069503
2024-06-25 19:30:00,2.6478376855069503
2024-06-26 13:30:00,2.6478376855069503
2024-06-26 14:30:00,2.6478376855069503
2024-06-26 15:30:00,2.6478376855069503
2024-06-26 16:30:00,2.6478376855069503
2024-06-26 17:30:00,2.6478376855069503
2024-06-26 18:30:00,2.6478376855069503
2024-06-26 19:30:00,2.6478376855069503
2024-06-27 13:30:00,2.6478376855069503
2024-06-27 14:30:00,2.6478376855069503
2024-06-27 15:30:00,2.6478376855069503
2024-06-27 16:30:00,2.6478376855069503
2024-06-27 17:30:00,2.6478376855069503
2024-06-27 18:30:00,2.6478376855069503
2024-06-27 19:30:00,2.6478376855069503
2024-06-28 13:30:00,2.6478376855069503
2024-06-28 14:30:00,2.6478376855069503
2024-06-28 15:30:00,2.618120090832349
2024-06-28 16:30:00,2.618120090832349
2024-06-28 17:30:00,2.618120090832349
2024-06-28 18:30:00,2.618120090832349
2024-06-28 19:30:00,2.618120090832349
2024-07-01 13:30:00,2.618120090832349
2024-07-01 14:30:00,2.618120090832349
2024-07-01 15:30:00,2.618120090832349
2024-07-01 16:30:00,2.618120090832349
2024-07-01 17:30:00,2.618120090832349
2024-07-01 18:30:00,2.618120090832349
2024-07-01 19:30:00,2.618120090832349
2024-07-02 13:30:00,2.618120090832349
2024-07-02 14:30:00,2.618120090832349
2024-07-02 15:30:00,2.618120090832349
2024-07-02 16:30:00,2.618120090832349
2024-07-02 17:30:00,2.618120090832349
2024-07-02 18:30:00,2.618120090832349
2024-07-02 19:30:00,2.618120090832349
2024-07-03 13:30:00,2.618120090832349
2024-07-03 14:30:00,2.618120090832349
2024-07-03 15:30:00,2.618120090832349
2024-07-03 16:30:00,2.618120090832349
2024-07-05 13:30:00,2.618120090832349
2024-07-05 14:30:00,2.618120090832349
2024-07-05 15:30:00,2.618120090832349
2024-07-05 16:30:00,2.618120090832349
2024-07-05 17:30:00,2.618120090832349
2024-07-05 18:30:00,2.618120090832349
2024-07-05 19:30:00,2.618120090832349
2024-07-08 13:30:00,2.618120090832349
2024-07-08 14:30:00,2.618120090832349
2024-07-08 15:30:00,2.618120090832349
2024-07-08 16:30:00,2.618120090832349
2024-07-08 17:30:00,2.618120090832349
2024-07-08 18:30:00,2.618120090832349
2024-07-08 19:30:00,2.618120090832349
2024-07-09 13:30:00,2.618120090832349
2024-07-09 14:30:00,2.618120090832349
2024-07-09 15:30:00,2.618120090832349
2024-07-09 16:30:00,2.618120090832349
2024-07-09 17:30:00,2.618120090832349
2024-07-09 18:30:00,2.618120090832349
2024-07-09 19:30:00,2.618120090832349
2024-07-10 13:30:00,2.618120090832349
2024-07-10 14:30:00,2.618120090832349
2024-07-10 15:30:00,2.5605584350288932
2024-07-10 16:30:00,2.5605584350288932
2024-07-10 17:30:00,2.5605584350288932
2024-07-10 18:30:00,2.5605584350288932
2024-07-10 19:30:00,2.5605584350288932
2024-07-11 13:30:00,2.5605584350288932
2024-07-11 14:30:00,2.5605584350288932
2024-07-11 15:30:00,2.5605584350288932
2024-07-11 16:30:00,2.5605584350288932
2024-07-11 17:30:00,2.5605584350288932
2024-07-11 18:30:00,2.5605584350288932
2024-07-11 19:30:00,2.5605584350288932
2024-07-12 13:30:00,2.5605584350288932
2024-07-12 14:30:00,2.5605584350288932
2024-07-12 15:30:00,2.5605584350288932
2024-07-12 16:30:00,2.5605584350288932
2024-07-12 17:30:00,2.5605584350288932
2024-07-12 18:30:00,2.5605584350288932
2024-07-12 19:30:00,2.5605584350288932
2024-07-15 13:30:00,2.5605584350288932
2024-07-15 14:30:00,2.5605584350288932
2024-07-15 15:30:00,2.5605584350288932
2024-07-15 16:30:00,2.5605584350288932
2024-07-15 17:30:00,2.5605584350288932
2024-07-15 18:30:00,2.5605584350288932
2024-07-15 19:30:00,2.5605584350288932
2024-07-16 13:30:00,2.5605584350288932
2024-07-16 14:30:00,2.5605584350288932
2024-07-16 15:30:00,2.51716309290612
2024-07-16 16:30:00,2.51716309290612
2024-07-16 17:30:00,2.51716309290612
2024-07-16 18:30:00,2.51716309290612
2024-07-16 19:30:00,2.51716309290612
2024-07-17 13:30:00,2.51716309290612
2024-07-17 14:30:00,2.51716309290612
2024-07-17 15:30:00,2.51716309290612
2024-07-17 16:30:00,2.51716309290612
2024-07-17 17:30:00,2.51716309290612
2024-07-17 18:30:00,2.51716309290612
2024-07-17 19:30:00,2.51716309290612
2024-07-18 13:30:00,2.51716309290612
2024-07-18 14:30:00,2.51716309290612
2024-07-18 15:30:00,2.51716309290612
2024-07-18 16:30:00,2.51716309290612
2024-07-18 17:30:00,2.51716309290612
2024-07-18 18:30:00,2.51716309290612
2024-07-18 19:30:00,2.51716309290612
2024-07-19 13:30:00,2.51716309290612
2024-07-19 14:30:00,2.51716309290612
2024-07-19 15:30:00,2.456449860608733
2024-07-19 16:30:00,2.456449860608733
2024-07-19 17:30:00,2.456449860608733
2024-07-19 18:30:00,2.456449860608733
2024-07-19 19:30:00,2.456449860608733
2024-07-22 13:30:00,2.456449860608733
2024-07-22 14:30:00,2.456449860608733
2024-07-22 15:30:00,2.456449860608733
2024-07-22 16:30:00,2.456449860608733
2024-07-22 17:30:00,2.456449860608733
2024-07-22 18:30:00,2.456449860608733
2024-07-22 19:30:00,2.456449860608733
2024-07-23 13:30:00,2.456449860608733
2024-07-23 14:30:00,2.456449860608733
2024-07-23 15:30:00,2.456449860608733
2024-07-23 16:30:00,2.456449860608733
2024-07-23 17:30:00,2.456449860608733
2024-07-23 18:30:00,2.456449860608733
2024-07-23 19:30:00,2.456449860608733
2024-07-24 13:30:00,2.4923096420560125
2024-07-24 14:30:00,2.4923096420560125
2024-07-24 15:30:00,2.4923096420560125
2024-07-24 16:30:00,2.4923096420560125
2024-07-24 17:30:00,2.4923096420560125
2024-07-24 18:30:00,2.4923096420560125
2024-07-24 19:30:00,2.4923096420560125
2024-07-25 13:30:00,2.4923096420560125
2024-07-25 14:30:00,2.4923096420560125
2024-07-25 15:30:00,2.4923096420560125
2024-07-25 16:30:00,2.4923096420560125
2024-07-25 17:30:00,2.4923096420560125
2024-07-25 18:30:00,2.4923096420560125
2024-07-25 19:30:00,2.4923096420560125
2024-07-26 13:30:00,2.4923096420560125
2024-07-26 14:30:00,2.4923096420560125
2024-07-26 15:30:00,2.433241792275462
2024-07-26 16:30:00,2.433241792275462
2024-07-26 17:30:00,2.433241792275462
2024-07-26 18:30:00,2.433241792275462
2024-07-26 19:30:00,2.433241792275462
2024-07-29 13:30:00,2.433241792275462
2024-07-29 14:30:00,2.433241792275462
2024-07-29 15:30:00,2.433241792275462
2024-07-29 16:30:00,2.433241792275462
2024-07-29 17:30:00,2.433241792275462
2024-07-29 18:30:00,2.433241792275462
2024-07-29 19:30:00,2.433241792275462
2024-07-30 13:30:00,2.433241792275462
2024-07-30 14:30:00,2.433241792275462
2024-07-30 15:30:00,2.433241792275462
2024-07-30 16:30:00,2.433241792275462
2024-07-30 17:30:00,2.433241792275462
2024-07-30 18:30:00,2.433241792275462
2024-07-30 19:30:00,2.433241792275462
2024-07-31 13:30:00,2.487705737123133
2024-07-31 14:30:00,2.487705737123133
2024-07-31 15:30:00,2.487705737123133
2024-07-31 16:30:00,2.487705737123133
2024-07-31 17:30:00,2.487705737123133
2024-07-31 18:30:00,2.487705737123133
2024-07-31 19:30:00,2.487705737123133
2024-08-01 13:30:00,2.487705737123133
2024-08-01 14:30:00,2.487705737123133
2024-08-01 15:30:00,2.487705737123133
2024-08-01 16:30:00,2.487705737123133
2024-08-01 17:30:00,2.487705737123133
2024-08-01 18:30:00,2.487705737123133
2024-08-01 19:30:00,2.487705737123133
2024-08-02 13:30:00,2.487705737123133
2024-08-02 14:30:00,2.487705737123133
2024-08-02 15:30:00,2.4534834473550333
2024-08-02 16:30:00,2.4534834473550333
2024-08-02 17:30:00,2.4534834473550333
2024-08-02 18:30:00,2.4534834473550333
2024-08-02 19:30:00,2.4534834473550333
2024-08-05 13:30:00,2.4534834473550333
2024-08-05 14:30:00,2.4534834473550333
2024-08-05 15:30:00,2.4534834473550333
2024-08-05 16:30:00,2.4534834473550333
2024-08-05 17:30:00,2.4534834473550333
2024-08-05 18:30:00,2.4534834473550333
2024-08-05 19:30:00,2.4534834473550333
2024-08-06 13:30:00,2.4534834473550333
2024-08-06 14:30:00,2.4534834473550333
2024-08-06 15:30:00,2.4534834473550333
2024-08-06 16:30:00,2.4534834473550333
2024-08-06 17:30:00,2.4534834473550333
2024-08-06 18:30:00,2.4534834473550333
2024-08-06 19:30:00,2.4534834473550333
2024-08-07 13:30:00,2.4534834473550333
2024-08-07 14:30:00,2.4534834473550333
2024-08-07 15:30:00,2.6191312804599995
2024-08-07 16:30:00,2.6191312804599995
2024-08-07 17:30:00,2.6191312804599995
2024-08-07 18:30:00,2.6191312804599995
2024-08-07 19:30:00,2.6191312804599995
2024-08-08 13:30:00,2.6191312804599995
2024-08-08 14:30:00,2.6191312804599995
2024-08-08 15:30:00,2.6191312804599995
2024-08-08 16:30:00,2.6191312804599995
2024-08-08 17:30:00,2.6191312804599995
2024-08-08 18:30:00,2.6191312804599995
2024-08-08 19:30:00,2.6191312804599995
2024-08-09 13:30:00,2.6191312804599995
2024-08-09 14:30:00,2.6191312804599995
2024-08-09 15:30:00,2.6191312804599995
2024-08-09 16:30:00,2.6191312804599995
2024-08-09 17:30:00,2.6191312804599995
2024-08-09 18:30:00,2.6191312804599995
2024-08-09 19:30:00,2.6191312804599995
2024-08-12 13:30:00,2.6191312804599995
2024-08-12 14:30:00,2.6191312804599995
2024-08-12 15:30:00,2.6191312804599995
2024-08-12 16:30:00,2.6191312804599995
2024-08-12 17:30:00,2.6191312804599995
2024-08-12 18:30:00,2.6191312804599995
2024-08-12 19:30:00,2.6191312804599995
2024-08-13 13:30:00,2.6191312804599995
2024-08-13 14:30:00,2.6191312804599995
2024-08-13 15:30:00,2.6191312804599995
2024-08-13 16:30:00,2.6191312804599995
2024-08-13 17:30:00,2.6191312804599995
2024-08-13 18:30:00,2.6191312804599995
2024-08-13 19:30:00,2.6191312804599995
2024-08-14 13:30:00,2.6191312804599995
2024-08-14 14:30:00,2.6191312804599995
2024-08-14 15:30:00,2.6191312804599995
2024-08-14 16:30:00,2.6191312804599995
2024-08-14 17:30:00,2.6191312804599995
2024-08-14 18:30:00,2.6191312804599995
2024-08-14 19:30:00,2.6191312804599995
2024-08-15 13:30:00,2.6191312804599995
2024-08-15 14:30:00,2.6191312804599995
2024-08-15 15:30:00,2.5505667201723954
2024-08-15 16:30:00,2.5505667201723954
2024-08-15 17:30:00,2.5505667201723954
2024-08-15 18:30:00,2.5505667201723954
2024-08-15 19:30:00,2.5505667201723954
2024-08-16 13:30:00,2.5505667201723954
2024-08-16 14:30:00,2.5505667201723954
2024-08-16 15:30:00,2.5505667201723954
2024-08-16 16:30:00,2.5505667201723954
2024-08-16 17:30:00,2.5505667201723954
2024-08-16 18:30:00,2.5505667201723954
2024-08-16 19:30:00,2.5505667201723954
2024-08-19 13:30:00,2.5505667201723954
2024-08-19 14:30:00,2.5505667201723954
2024-08-19 15:30:00,2.5505667201723954
2024-08-19 16:30:00,2.5505667201723954
2024-08-19 17:30:00,2.5505667201723954
2024-08-19 18:30:00,2.5505667201723954
2024-08-19 19:30:00,2.5505667201723954
2024-08-20 13:30:00,2.5505667201723954
2024-08-20 14:30:00,2.5505667201723954
2024-08-20 15:30:00,2.5505667201723954
2024-08-20 16:30:00,2.5505667201723954
2024-08-20 17:30:00,2.5505667201723954
2024-08-20 18:30:00,2.5505667201723954
2024-08-20 19:30:00,2.5505667201723954
2024-08-21 13:30:00,2.5505667201723954
2024-08-21 14:30:00,2.5505667201723954
2024-08-21 15:30:00,2.5505667201723954
2024-08-21 16:30:00,2.5505667201723954
2024-08-21 17:30:00,2.5505667201723954
2024-08-21 18:30:00,2.5505667201723954
2024-08-21 19:30:00,2.5505667201723954
2024-08-22 13:30:00,2.5505667201723954
2024-08-22 14:30:00,2.5505667201723954
2024-08-22 15:30:00,2.5505667201723954
2024-08-22 16:30:00,2.5505667201723954
2024-08-22 17:30:00,2.5505667201723954
2024-08-22 18:30:00,2.5505667201723954
2024-08-22 19:30:00,2.5505667201723954
2024-08-23 13:30:00,2.5505667201723954
2024-08-23 14:30:00,2.5505667201723954
2024-08-23 15:30:00,2.5505667201723954
2024-08-23 16:30:00,2.5505667201723954
2024-08-23 17:30:00,2.5505667201723954
2024-08-23 18:30:00,2.5505667201723954
2024-08-23 19:30:00,2.5505667201723954
2024-08-26 13:30:00,2.5505667201723954
2024-08-26 14:30:00,2.5505667201723954
2024-08-26 15:30:00,2.5707795298132923
2024-08-26 16:30:00,2.5707795298132923
2024-08-26 17:30:00,2.5707795298132923
2024-08-26 18:30:00,2.5707795298132923
2024-08-26 19:30:00,2.5707795298132923
2024-08-27 13:30:00,2.5707795298132923
2024-08-27 14:30:00,2.5707795298132923
2024-08-27 15:30:00,2.5707795298132923
2024-08-27 16:30:00,2.5707795298132923
2024-08-27 17:30:00,2.5707795298132923
2024-08-27 18:30:00,2.5707795298132923
2024-08-27 19:30:00,2.5707795298132923
2024-08-28 13:30:00,2.5707795298132923
2024-08-28 14:30:00,2.5707795298132923
2024-08-28 15:30:00,2.5707795298132923
2024-08-28 16:30:00,2.5707795298132923
2024-08-28 17:30:00,2.5707795298132923
2024-08-28 18:30:00,2.5707795298132923
2024-08-28 19:30:00,2.5707795298132923
2024-08-29 13:30:00,2.6170321755103108
2024-08-29 14:30:00,2.6170321755103108
2024-08-29 15:30:00,2.6170321755103108
2024-08-29 16:30:00,2.6170321755103108
2024-08-29 17:30:00,2.6170321755103108
2024-08-29 18:30:00,2.6170321755103108
2024-08-29 19:30:00,2.6170321755103108
2024-08-30 13:30:00,2.6170321755103108
2024-08-30 14:30:00,2.6170321755103108
2024-08-30 15:30:00,2.6170321755103108
2024-08-30 16:30:00,2.6170321755103108
2024-08-30 17:30:00,2.6170321755103108
2024-08-30 18:30:00,2.6170321755103108
2024-08-30 19:30:00,2.6170321755103108
2024-09-03 13:30:00,2.6170321755103108
2024-09-03 14:30:00,2.6170321755103108
2024-09-03 15:30:00,2.6917243707915244
2024-09-03 16:30:00,2.6917243707915244
2024-09-03 17:30:00,2.6917243707915244
2024-09-03 18:30:00,2.6917243707915244
2024-09-03 19:30:00,2.6917243707915244
2024-09-04 13:30:00,2.6917243707915244
2024-09-04 14:30:00,2.6917243707915244
2024-09-04 15:30:00,2.6917243707915244
2024-09-04 16:30:00,2.6917243707915244
2024-09-04 17:30:00,2.6917243707915244
2024-09-04 18:30:00,2.6917243707915244
2024-09-04 19:30:00,2.6917243707915244
2024-09-05 13:30:00,2.6917243707915244
2024-09-05 14:30:00,2.6917243707915244
2024-09-05 15:30:00,2.6917243707915244
2024-09-05 16:30:00,2.6917243707915244
2024-09-05 17:30:00,2.6917243707915244
2024-09-05 18:30:00,2.6917243707915244
2024-09-05 19:30:00,2.6917243707915244
2024-09-06 13:30:00,2.6917243707915244
2024-09-06 14:30:00,2.6917243707915244
2024-09-06 15:30:00,2.6917243707915244
2024-09-06 16:30:00,2.6917243707915244
2024-09-06 17:30:00,2.6917243707915244
2024-09-06 18:30:00,2.6917243707915244
2024-09-06 19:30:00,2.6917243707915244
2024-09-09 13:30:00,2.6917243707915244
2024-09-09 14:30:00,2.6917243707915244
2024-09-09 15:30:00,2.7197913956161277
2024-09-09 16:30:00,2.7197913956161277
2024-09-09 17:30:00,2.7197913956161277
2024-09-09 18:30:00,2.7197913956161277
2024-09-09 19:30:00,2.7197913956161277
2024-09-10 13:30:00,2.7197913956161277
2024-09-10 14:30:00,2.7197913956161277
2024-09-10 15:30:00,2.7197913956161277
2024-09-10 16:30:00,2.7197913956161277
2024-09-10 17:30:00,2.7197913956161277
2024-09-10 18:30:00,2.7197913956161277
2024-09-10 19:30:00,2.7197913956161277
2024-09-11 13:30:00,2.7197913956161277
2024-09-11 14:30:00,2.7197913956161277
2024-09-11 15:30:00,2.7197913956161277
2024-09-11 16:30:00,2.7197913956161277
2024-09-11 17:30:00,2.7197913956161277
2024-09-11 18:30:00,2.7197913956161277
2024-09-11 19:30:00,2.7197913956161277
2024-09-12 13:30:00,2.7197913956161277
2024-09-12 14:30:00,2.7197913956161277
2024-09-12 15:30:00,2.7197913956161277
2024-09-12 16:30:00,2.7197913956161277
2024-09-12 17:30:00,2.7197913956161277
2024-09-12 18:30:00,2.7197913956161277
2024-09-12 19:30:00,2.7197913956161277
2024-09-13 13:30:00,2.7197913956161277
2024-09-13 14:30:00,2.7197913956161277
2024-09-13 15:30:00,2.7197913956161277
2024-09-13 16:30:00,2.7197913956161277
2024-09-13 17:30:00,2.7197913956161277
2024-09-13 18:30:00,2.7197913956161277
2024-09-13 19:30:00,2.7197913956161277
2024-09-16 13:30:00,2.7197913956161277
2024-09-16 14:30:00,2.7197913956161277
2024-09-16 15:30:00,2.7197913956161277
2024-09-16 16:30:00,2.7197913956161277
2024-09-16 17:30:00,2.7197913956161277
2024-09-16 18:30:00,2.7197913956161277
2024-09-16 19:30:00,2.7197913956161277
2024-09-17 13:30:00,2.7197913956161277
2024-09-17 14:30:00,2.7197913956161277
2024-09-17 15:30:00,2.7197913956161277
2024-09-17 16:30:00,2.7197913956161277
2024-09-17 17:30:00,2.7197913956161277
2024-09-17 18:30:00,2.7197913956161277
2024-09-17 19:30:00,2.7197913956161277
2024-09-18 13:30:00,2.742155828027994
2024-09-18 14:30:00,2.742155828027994
2024-09-18 15:30:00,2.742155828027994
2024-09-18 16:30:00,2.742155828027994
2024-09-18 17:30:00,2.742155828027994
2024-09-18 18:30:00,2.742155828027994
2024-09-18 19:30:00,2.742155828027994
2024-09-19 13:30:00,2.742155828027994
2024-09-19 14:30:00,2.742155828027994
2024-09-19 15:30:00,2.742155828027994
2024-09-19 16:30:00,2.742155828027994
2024-09-19 17:30:00,2.742155828027994
2024-09-19 18:30:00,2.742155828027994
2024-09-19 19:30:00,2.742155828027994
2024-09-20 13:30:00,2.742155828027994
2024-09-20 14:30:00,2.742155828027994
2024-09-20 15:30:00,2.582641477008198
2024-09-20 16:30:00,2.582641477008198
2024-09-20 17:30:00,2.582641477008198
2024-09-20 18:30:00,2.582641477008198
2024-09-20 19:30:00,2.582641477008198
2024-09-23 13:30:00,2.582641477008198
2024-09-23 14:30:00,2.582641477008198
2024-09-23 15:30:00,2.582641477008198
2024-09-23 16:30:00,2.582641477008198
2024-09-23 17:30:00,2.582641477008198
2024-09-23 18:30:00,2.582641477008198
2024-09-23 19:30:00,2.582641477008198
2024-09-24 13:30:00,2.582641477008198
2024-09-24 14:30:00,2.582641477008198
2024-09-24 15:30:00,2.582641477008198
2024-09-24 16:30:00,2.582641477008198
2024-09-24 17:30:00,2.582641477008198
2024-09-24 18:30:00,2.582641477008198
2024-09-24 19:30:00,2.582641477008198
2024-09-25 13:30:00,2.582641477008198
2024-09-25 14:30:00,2.582641477008198
2024-09-25 15:30:00,2.5659430310371665
2024-09-25 16:30:00,2.5659430310371665
2024-09-25 17:30:00,2.5659430310371665
2024-09-25 18:30:00,2.5659430310371665
2024-09-25 19:30:00,2.5659430310371665
2024-09-26 13:30:00,2.5659430310371665
2024-09-26 14:30:00,2.5659430310371665
2024-09-26 15:30:00,2.5659430310371665
2024-09-26 16:30:00,2.5659430310371665
2024-09-26 17:30:00,2.5659430310371665
2024-09-26 18:30:00,2.5659430310371665
2024-09-26 19:30:00,2.5659430310371665
2024-09-27 13:30:00,2.5659430310371665
2024-09-27 14:30:00,2.5659430310371665
2024-09-27 15:30:00,2.5659430310371665
2024-09-27 16:30:00,2.5659430310371665
2024-09-27 17:30:00,2.5659430310371665
2024-09-27 18:30:00,2.5659430310371665
2024-09-27 19:30:00,2.5659430310371665
2024-09-30 13:30:00,2.5659430310371665
2024-09-30 14:30:00,2.5659430310371665
2024-09-30 15:30:00,2.509344597817667
2024-09-30 16:30:00,2.509344597817667
2024-09-30 17:30:00,2.509344597817667
2024-09-30 18:30:00,2.509344597817667
2024-09-30 19:30:00,2.509344597817667
2024-10-01 13:30:00,2.509344597817667
2024-10-01 14:30:00,2.509344597817667
2024-10-01 15:30:00,2.509344597817667
2024-10-01 16:30:00,2.509344597817667
2024-10-01 17:30:00,2.509344597817667
2024-10-01 18:30:00,2.509344597817667
2024-10-01 19:30:00,2.509344597817667
2024-10-02 13:30:00,2.509344597817667
2024-10-02 14:30:00,2.509344597817667
2024-10-02 15:30:00,2.509344597817667
2024-10-02 16:30:00,2.509344597817667
2024-10-02 17:30:00,2.509344597817667
2024-10-02 18:30:00,2.509344597817667
2024-10-02 19:30:00,2.509344597817667
2024-10-03 13:30:00,2.509344597817667
2024-10-03 14:30:00,2.509344597817667
2024-10-03 15:30:00,2.4716901524916395
2024-10-03 16:30:00,2.4716901524916395
2024-10-03 17:30:00,2.4716901524916395
2024-10-03 18:30:00,2.4716901524916395
2024-10-03 19:30:00,2.4716901524916395
2024-10-04 13:30:00,2.4716901524916395
2024-10-04 14:30:00,2.4716901524916395
2024-10-04 15:30:00,2.4716901524916395
2024-10-04 16:30:00,2.4716901524916395
2024-10-04 17:30:00,2.4716901524916395
2024-10-04 18:30:00,2.4716901524916395
2024-10-04 19:30:00,2.4716901524916395
2024-10-07 13:30:00,2.5094602323653095
2024-10-07 14:30:00,2.5094602323653095
2024-10-07 15:30:00,2.5094602323653095
2024-10-07 16:30:00,2.5094602323653095
2024-10-07 17:30:00,2.5094602323653095
2024-10-07 18:30:00,2.5094602323653095
2024-10-07 19:30:00,2.5094602323653095
2024-10-08 13:30:00,2.5094602323653095
2024-10-08 14:30:00,2.5094602323653095
2024-10-08 15:30:00,2.5094602323653095
2024-10-08 16:30:00,2.5094602323653095
2024-10-08 17:30:00,2.5094602323653095
2024-10-08 18:30:00,2.5094602323653095
2024-10-08 19:30:00,2.5094602323653095
2024-10-09 13:30:00,2.5094602323653095
2024-10-09 14:30:00,2.5094602323653095
2024-10-09 15:30:00,2.5569751816320077
2024-10-09 16:30:00,2.5569751816320077
2024-10-09 19:30:00,2.5569751816320077
2024-10-10 13:30:00,2.5569751816320077
2024-10-10 14:30:00,2.5569751816320077
2024-10-10 15:30:00,2.5569751816320077
2024-10-10 16:30:00,2.5569751816320077
2024-10-10 17:30:00,2.5569751816320077
2024-10-10 18:30:00,2.5569751816320077
2024-10-10 19:30:00,2.5569751816320077
2024-10-11 13:30:00,2.5569751816320077
2024-10-11 14:30:00,2.5569751816320077
2024-10-11 15:30:00,2.5569751816320077
2024-10-11 16:30:00,2.5569751816320077
2024-10-11 17:30:00,2.5569751816320077
2024-10-11 18:30:00,2.5569751816320077
2024-10-11 19:30:00,2.5569751816320077
2024-10-14 13:30:00,2.5569751816320077
2024-10-14 14:30:00,2.5569751816320077
2024-10-14 15:30:00,2.584696887712613
2024-10-14 16:30:00,2.584696887712613
2024-10-14 17:30:00,2.584696887712613
2024-10-14 18:30:00,2.584696887712613
2024-10-14 19:30:00,2.584696887712613
2024-10-15 13:30:00,2.584696887712613
2024-10-15 14:30:00,2.584696887712613
2024-10-15 15:30:00,2.584696887712613
2024-10-15 16:30:00,2.584696887712613
2024-10-15 17:30:00,2.584696887712613
2024-10-15 18:30:00,2.584696887712613
2024-10-15 19:30:00,2.584696887712613
2024-10-16 13:30:00,2.6066805370900146
2024-10-16 14:30:00,2.6066805370900146
2024-10-16 15:30:00,2.6066805370900146
2024-10-16 16:30:00,2.6066805370900146
2024-10-16 17:30:00,2.6066805370900146
2024-10-16 18:30:00,2.6066805370900146
2024-10-16 19:30:00,2.6066805370900146
2024-10-17 13:30:00,2.627163045411851
2024-10-17 14:30:00,2.627163045411851
2024-10-17 15:30:00,2.627163045411851
2024-10-17 16:30:00,2.627163045411851
2024-10-17 17:30:00,2.627163045411851
2024-10-17 18:30:00,2.627163045411851
2024-10-17 19:30:00,2.627163045411851
2024-10-18 13:30:00,2.627163045411851
2024-10-18 14:30:00,2.627163045411851
2024-10-18 15:30:00,2.627163045411851
2024-10-18 16:30:00,2.627163045411851
2024-10-18 17:30:00,2.627163045411851
2024-10-18 18:30:00,2.627163045411851
2024-10-18 19:30:00,2.627163045411851
2024-10-21 13:30:00,2.6158453457920348
2024-10-21 14:30:00,2.6158453457920348
2024-10-21 15:30:00,2.6158453457920348
2024-10-21 16:30:00,2.6158453457920348
2024-10-21 17:30:00,2.6158453457920348
2024-10-21 18:30:00,2.6158453457920348
2024-10-21 19:30:00,2.6158453457920348
2024-10-22 13:30:00,2.6158453457920348
2024-10-22 14:30:00,2.6158453457920348
2024-10-22 15:30:00,2.6158453457920348
2024-10-22 16:30:00,2.6158453457920348
2024-10-22 17:30:00,2.6158453457920348
2024-10-22 18:30:00,2.6158453457920348
2024-10-22 19:30:00,2.6158453457920348
2024-10-23 13:30:00,2.6158453457920348
2024-10-23 14:30:00,2.6158453457920348
2024-10-23 15:30:00,2.56273626562155
2024-10-23 16:30:00,2.56273626562155
2024-10-23 17:30:00,2.56273626562155
2024-10-23 18:30:00,2.56273626562155
2024-10-23 19:30:00,2.56273626562155
2024-10-24 13:30:00,2.56273626562155
2024-10-24 14:30:00,2.56273626562155
2024-10-24 15:30:00,2.56273626562155
2024-10-24 16:30:00,2.56273626562155
2024-10-24 17:30:00,2.56273626562155
2024-10-24 18:30:00,2.56273626562155
2024-10-24 19:30:00,2.56273626562155
2024-10-25 13:30:00,2.56273626562155
2024-10-25 14:30:00,2.56273626562155
2024-10-25 15:30:00,2.56273626562155
2024-10-25 17:30:00,2.56273626562155
2024-10-25 18:30:00,2.56273626562155
2024-10-25 19:30:00,2.56273626562155
2024-10-28 13:30:00,2.56273626562155
2024-10-28 14:30:00,2.56273626562155
2024-10-28 15:30:00,2.56273626562155
2024-10-28 16:30:00,2.56273626562155
2024-10-28 17:30:00,2.56273626562155
2024-10-28 18:30:00,2.56273626562155
2024-10-28 19:30:00,2.56273626562155
2024-10-29 13:30:00,2.56273626562155
2024-10-29 14:30:00,2.56273626562155
2024-10-29 15:30:00,2.56273626562155
2024-10-29 16:30:00,2.56273626562155
2024-10-29 17:30:00,2.56273626562155
2024-10-29 18:30:00,2.56273626562155
2024-10-29 19:30:00,2.56273626562155
2024-10-30 13:30:00,2.5703929662689884
2024-10-30 14:30:00,2.5703929662689884
2024-10-30 15:30:00,2.5703929662689884
2024-10-30 16:30:00,2.5703929662689884
2024-10-30 17:30:00,2.5703929662689884
2024-10-30 18:30:00,2.5703929662689884
2024-10-30 19:30:00,2.5703929662689884
2024-10-31 13:30:00,2.5703929662689884
2024-10-31 14:30:00,2.5703929662689884
2024-10-31 15:30:00,2.5703929662689884
2024-10-31 16:30:00,2.5703929662689884
2024-10-31 17:30:00,2.5703929662689884
2024-10-31 18:30:00,2.5703929662689884
2024-10-31 19:30:00,2.5703929662689884
2024-11-01 13:30:00,2.5703929662689884
2024-11-01 14:30:00,2.5703929662689884
2024-11-01 15:30:00,2.4548125758160024
2024-11-01 16:30:00,2.4548125758160024
2024-11-01 17:30:00,2.4548125758160024
2024-11-01 18:30:00,2.4548125758160024
2024-11-01 19:30:00,2.4548125758160024
2024-11-04 14:30:00,2.4548125758160024
2024-11-04 15:30:00,2.4548125758160024
2024-11-04 16:30:00,2.4548125758160024
2024-11-04 17:30:00,2.4548125758160024
2024-11-04 18:30:00,2.4548125758160024
2024-11-04 19:30:00,2.4548125758160024
2024-11-04 20:30:00,2.4548125758160024
2024-11-05 14:30:00,2.4548125758160024
2024-11-05 15:30:00,2.4548125758160024
2024-11-05 16:30:00,2.4548125758160024
2024-11-05 17:30:00,2.4548125758160024
2024-11-05 18:30:00,2.4548125758160024
2024-11-05 19:30:00,2.4548125758160024
2024-11-05 20:30:00,2.4548125758160024
2024-11-06 14:30:00,2.4548125758160024
2024-11-06 15:30:00,2.4548125758160024
2024-11-06 16:30:00,2.4548125758160024
2024-11-06 17:30:00,2.4548125758160024
2024-11-06 18:30:00,2.4548125758160024
2024-11-06 19:30:00,2.4548125758160024
2024-11-06 20:30:00,2.4548125758160024
2024-11-07 14:30:00,2.4548125758160024
2024-11-07 15:30:00,2.4548125758160024
2024-11-07 16:30:00,2.4548125758160024
2024-11-07 17:30:00,2.4548125758160024
2024-11-07 18:30:00,2.4548125758160024
2024-11-07 19:30:00,2.4548125758160024
2024-11-07 20:30:00,2.4548125758160024
2024-11-08 14:30:00,2.4548125758160024
2024-11-08 15:30:00,2.4548125758160024
2024-11-08 16:30:00,2.517676817580791
2024-11-08 17:30:00,2.517676817580791
2024-11-08 18:30:00,2.517676817580791
2024-11-08 19:30:00,2.517676817580791
2024-11-08 20:30:00,2.517676817580791
2024-11-11 14:30:00,2.517676817580791
2024-11-11 15:30:00,2.517676817580791
2024-11-11 16:30:00,2.517676817580791
2024-11-11 17:30:00,2.517676817580791
2024-11-11 18:30:00,2.517676817580791
2024-11-11 19:30:00,2.517676817580791
2024-11-11 20:30:00,2.517676817580791
2024-11-12 14:30:00,2.517676817580791
2024-11-12 15:30:00,2.517676817580791
2024-11-12 16:30:00,2.517676817580791
2024-11-12 17:30:00,2.517676817580791
2024-11-12 18:30:00,2.517676817580791
2024-11-12 19:30:00,2.517676817580791
2024-11-12 20:30:00,2.517676817580791
2024-11-13 14:30:00,2.517676817580791
2024-11-13 15:30:00,2.517676817580791
2024-11-13 16:30:00,2.51728538652722
2024-11-13 17:30:00,2.51728538652722
2024-11-13 18:30:00,2.51728538652722
2024-11-13 19:30:00,2.51728538652722
2024-11-13 20:30:00,2.51728538652722
2024-11-14 14:30:00,2.51728538652722
2024-11-14 15:30:00,2.51728538652722
2024-11-14 16:30:00,2.51728538652722
2024-11-14 17:30:00,2.51728538652722
2024-11-14 18:30:00,2.51728538652722
2024-11-14 19:30:00,2.51728538652722
2024-11-14 20:30:00,2.51728538652722
2024-11-15 14:30:00,2.51728538652722
2024-11-15 15:30:00,2.51728538652722
2024-11-15 16:30:00,2.51728538652722
2024-11-15 17:30:00,2.51728538652722
2024-11-15 18:30:00,2.51728538652722
2024-11-15 19:30:00,2.51728538652722
2024-11-15 20:30:00,2.51728538652722
2024-11-18 14:30:00,2.51728538652722
2024-11-18 15:30:00,2.51728538652722
2024-11-18 16:30:00,2.51728538652722
2024-11-18 17:30:00,2.51728538652722
2024-11-18 18:30:00,2.51728538652722
2024-11-18 19:30:00,2.51728538652722
2024-11-18 20:30:00,2.51728538652722
2024-11-19 14:30:00,2.51728538652722
2024-11-19 15:30:00,2.51728538652722
2024-11-19 16:30:00,2.561130632614262
2024-11-19 17:30:00,2.561130632614262
2024-11-19 18:30:00,2.561130632614262
2024-11-19 19:30:00,2.561130632614262
2024-11-19 20:30:00,2.561130632614262
2024-11-20 14:30:00,2.561130632614262
2024-11-20 15:30:00,2.561130632614262
2024-11-20 16:30:00,2.561130632614262
2024-11-20 17:30:00,2.561130632614262
2024-11-20 18:30:00,2.561130632614262
2024-11-20 19:30:00,2.561130632614262
2024-11-20 20:30:00,2.561130632614262
2024-11-21 14:30:00,2.561130632614262
2024-11-21 15:30:00,2.561130632614262
2024-11-21 16:30:00,2.561130632614262
2024-11-21 17:30:00,2.561130632614262
2024-11-21 18:30:00,2.561130632614262
2024-11-21 19:30:00,2.561130632614262
2024-11-21 20:30:00,2.561130632614262
2024-11-22 14:30:00,2.561130632614262
2024-11-22 15:30:00,2.561130632614262
2024-11-22 16:30:00,2.561130632614262
2024-11-22 17:30:00,2.561130632614262
2024-11-22 18:30:00,2.561130632614262
2024-11-22 19:30:00,2.561130632614262
2024-11-22 20:30:00,2.561130632614262
2024-11-25 14:30:00,2.603580311607869
2024-11-25 15:30:00,2.603580311607869
2024-11-25 16:30:00,2.603580311607869
2024-11-25 17:30:00,2.603580311607869
2024-11-25 18:30:00,2.603580311607869
2024-11-25 19:30:00,2.603580311607869
2024-11-25 20:30:00,2.603580311607869
2024-11-26 14:30:00,2.603580311607869
2024-11-26 15:30:00,2.603580311607869
2024-11-26 16:30:00,2.603580311607869
2024-11-26 17:30:00,2.603580311607869
2024-11-26 18:30:00,2.603580311607869
2024-11-26 19:30:00,2.603580311607869
2024-11-26 20:30:00,2.603580311607869
2024-11-27 14:30:00,2.603580311607869
2024-11-27 15:30:00,2.603580311607869
2024-11-27 16:30:00,2.5732789091119037
2024-11-27 17:30:00,2.5732789091119037
2024-11-27 18:30:00,2.5732789091119037
2024-11-27 19:30:00,2.5732789091119037
2024-11-27 20:30:00,2.5732789091119037
2024-11-29 14:30:00,2.5732789091119037
2024-11-29 15:30:00,2.5732789091119037
2024-11-29 16:30:00,2.5732789091119037
2024-11-29 17:30:00,2.5732789091119037
2024-11-29 20:30:00,2.5732789091119037
2024-12-02 14:30:00,2.5732789091119037
2024-12-02 15:30:00,2.5732789091119037
2024-12-02 16:30:00,2.5732789091119037
2024-12-02 17:30:00,2.5732789091119037
2024-12-02 18:30:00,2.5732789091119037
2024-12-02 19:30:00,2.5732789091119037
2024-12-02 20:30:00,2.5732789091119037
2024-12-03 14:30:00,2.5732789091119037
2024-12-03 15:30:00,2.5732789091119037
2024-12-03 16:30:00,2.5732789091119037
2024-12-03 17:30:00,2.5732789091119037
2024-12-03 18:30:00,2.5732789091119037
2024-12-03 19:30:00,2.5732789091119037
2024-12-03 20:30:00,2.5732789091119037
2024-12-04 14:30:00,2.5732789091119037
2024-12-04 15:30:00,2.5732789091119037
2024-12-04 16:30:00,2.5732789091119037
2024-12-04 17:30:00,2.5732789091119037
2024-12-04 18:30:00,2.5732789091119037
2024-12-04 19:30:00,2.5732789091119037
2024-12-04 20:30:00,2.5732789091119037
2024-12-05 14:30:00,2.5732789091119037
2024-12-05 15:30:00,2.5732789091119037
2024-12-05 16:30:00,2.5732789091119037
2024-12-05 17:30:00,2.5732789091119037
2024-12-05 18:30:00,2.5732789091119037
2024-12-05 19:30:00,2.5732789091119037
2024-12-05 20:30:00,2.5732789091119037
2024-12-06 14:30:00,2.5732789091119037
2024-12-06 15:30:00,2.5732789091119037
2024-12-06 16:30:00,2.5732789091119037
2024-12-06 17:30:00,2.5732789091119037
2024-12-06 18:30:00,2.5732789091119037
2024-12-06 19:30:00,2.5732789091119037
2024-12-06 20:30:00,2.5732789091119037
2024-12-09 14:30:00,2.596901615882066
2024-12-09 15:30:00,2.596901615882066
2024-12-09 16:30:00,2.596901615882066
2024-12-09 17:30:00,2.596901615882066
2024-12-09 18:30:00,2.596901615882066
2024-12-09 19:30:00,2.596901615882066
2024-12-09 20:30:00,2.596901615882066
2024-12-10 14:30:00,2.596901615882066
2024-12-10 15:30:00,2.596901615882066
2024-12-10 16:30:00,2.596901615882066
2024-12-10 17:30:00,2.596901615882066
2024-12-10 18:30:00,2.596901615882066
2024-12-10 19:30:00,2.596901615882066
2024-12-10 20:30:00,2.596901615882066
2024-12-11 14:30:00,2.596901615882066
2024-12-11 15:30:00,2.596901615882066
2024-12-11 17:30:00,2.6749709237283996
2024-12-11 18:30:00,2.6749709237283996
2024-12-11 19:30:00,2.6749709237283996
2024-12-11 20:30:00,2.6749709237283996
2024-12-12 14:30:00,2.6749709237283996
2024-12-12 15:30:00,2.6749709237283996
2024-12-12 16:30:00,2.6749709237283996
2024-12-12 17:30:00,2.6749709237283996
2024-12-12 18:30:00,2.6749709237283996
2024-12-12 19:30:00,2.6749709237283996
2024-12-12 20:30:00,2.6749709237283996
2024-12-13 14:30:00,2.6749709237283996
2024-12-13 15:30:00,2.6749709237283996
2024-12-13 16:30:00,2.6749709237283996
2024-12-13 17:30:00,2.6749709237283996
2024-12-13 18:30:00,2.6749709237283996
2024-12-13 19:30:00,2.6749709237283996
2024-12-13 20:30:00,2.6749709237283996
2024-12-16 14:30:00,2.6749709237283996
2024-12-16 15:30:00,2.6749709237283996
2024-12-16 16:30:00,2.6749709237283996
2024-12-16 19:30:00,2.6749709237283996
2024-12-16 20:30:00,2.6749709237283996
2024-12-17 14:30:00,2.6749709237283996
2024-12-17 15:30:00,2.6749709237283996
2024-12-17 16:30:00,2.6749709237283996
2024-12-17 17:30:00,2.6749709237283996
2024-12-17 18:30:00,2.6749709237283996
2024-12-17 19:30:00,2.6749709237283996
2024-12-17 20:30:00,2.6749709237283996
2024-12-18 14:30:00,2.6749709237283996
2024-12-18 15:30:00,2.6749709237283996
2024-12-18 16:30:00,2.6749709237283996
2024-12-18 17:30:00,2.6749709237283996
2024-12-18 18:30:00,2.6749709237283996
2024-12-18 19:30:00,2.6749709237283996
2024-12-18 20:30:00,2.6749709237283996
2024-12-19 14:30:00,2.6749709237283996
2024-12-19 15:30:00,2.6749709237283996
2024-12-19 16:30:00,2.6749709237283996
2024-12-19 17:30:00,2.6749709237283996
2024-12-19 18:30:00,2.6749709237283996
2024-12-19 19:30:00,2.6749709237283996
2024-12-19 20:30:00,2.6749709237283996
2024-12-20 14:30:00,2.6749709237283996
2024-12-20 15:30:00,2.6749709237283996
2024-12-20 16:30:00,2.691038566855228
2024-12-20 17:30:00,2.691038566855228
2024-12-20 18:30:00,2.691038566855228
2024-12-20 19:30:00,2.691038566855228
2024-12-20 20:30:00,2.691038566855228
2024-12-23 14:30:00,2.691038566855228
2024-12-23 15:30:00,2.691038566855228
2024-12-23 16:30:00,2.691038566855228
2024-12-23 17:30:00,2.691038566855228
2024-12-23 18:30:00,2.691038566855228
2024-12-23 19:30:00,2.691038566855228
2024-12-23 20:30:00,2.691038566855228
2024-12-24 14:30:00,2.691038566855228
2024-12-24 15:30:00,2.691038566855228
2024-12-24 16:30:00,2.691038566855228
2024-12-24 17:30:00,2.691038566855228
2024-12-26 18:30:00,2.691038566855228
2024-12-26 19:30:00,2.691038566855228
2024-12-26 20:30:00,2.691038566855228
2024-12-27 14:30:00,2.691038566855228
2024-12-27 15:30:00,2.691038566855228
2024-12-27 16:30:00,2.691038566855228
2024-12-27 17:30:00,2.691038566855228
2024-12-27 18:30:00,2.691038566855228
2024-12-27 19:30:00,2.691038566855228
2024-12-27 20:30:00,2.691038566855228
2024-12-30 14:30:00,2.691038566855228
2024-12-30 15:30:00,2.691038566855228
2024-12-30 16:30:00,2.691038566855228
2024-12-30 17:30:00,2.691038566855228
2024-12-30 18:30:00,2.691038566855228
2024-12-30 19:30:00,2.691038566855228
2024-12-30 20:30:00,2.691038566855228
2024-12-31 14:30:00,2.691038566855228
2024-12-31 15:30:00,2.691038566855228
2024-12-31 16:30:00,2.616080775066566
2024-12-31 17:30:00,2.616080775066566
2024-12-31 18:30:00,2.616080775066566
2024-12-31 19:30:00,2.616080775066566
2024-12-31 20:30:00,2.616080775066566
2025-01-02 14:30:00,2.616080775066566
2025-01-02 15:30:00,2.616080775066566
2025-01-02 16:30:00,2.616080775066566
2025-01-02 17:30:00,2.616080775066566
2025-01-02 18:30:00,2.616080775066566
2025-01-02 19:30:00,2.616080775066566
2025-01-02 20:30:00,2.616080775066566
2025-01-03 14:30:00,2.616080775066566
2025-01-03 15:30:00,2.616080775066566
2025-01-03 16:30:00,2.616080775066566
2025-01-03 17:30:00,2.616080775066566
2025-01-03 18:30:00,2.616080775066566
2025-01-03 19:30:00,2.616080775066566
2025-01-03 20:30:00,2.616080775066566
2025-01-06 14:30:00,2.616080775066566
2025-01-06 15:30:00,2.616080775066566
2025-01-06 16:30:00,2.582871481608584
2025-01-06 17:30:00,2.582871481608584
2025-01-06 18:30:00,2.582871481608584
2025-01-06 19:30:00,2.582871481608584
2025-01-06 20:30:00,2.582871481608584
2025-01-07 14:30:00,2.582871481608584
2025-01-07 15:30:00,2.582871481608584
2025-01-07 16:30:00,2.582871481608584
2025-01-07 17:30:00,2.582871481608584
2025-01-07 18:30:00,2.582871481608584
2025-01-07 19:30:00,2.582871481608584
2025-01-07 20:30:00,2.582871481608584
2025-01-08 14:30:00,2.582871481608584
2025-01-08 15:30:00,2.582871481608584
2025-01-08 16:30:00,2.582871481608584
2025-01-08 17:30:00,2.582871481608584
2025-01-08 18:30:00,2.582871481608584
2025-01-08 19:30:00,2.582871481608584
2025-01-08 20:30:00,2.582871481608584
2025-01-10 14:30:00,2.582871481608584
2025-01-10 15:30:00,2.582871481608584
2025-01-10 16:30:00,2.5041034683976005
2025-01-10 17:30:00,2.5041034683976005
2025-01-10 18:30:00,2.5041034683976005
2025-01-10 19:30:00,2.5041034683976005
2025-01-10 20:30:00,2.5041034683976005
2025-01-13 14:30:00,2.5041034683976005
2025-01-13 15:30:00,2.5041034683976005
2025-01-13 16:30:00,2.5041034683976005
2025-01-13 17:30:00,2.5041034683976005
2025-01-13 18:30:00,2.5041034683976005
2025-01-13 19:30:00,2.5041034683976005
2025-01-13 20:30:00,2.5041034683976005
2025-01-14 14:30:00,2.5041034683976005
2025-01-14 16:30:00,2.5041034683976005
2025-01-14 17:30:00,2.5041034683976005
2025-01-14 18:30:00,2.5041034683976005
2025-01-14 19:30:00,2.5041034683976005
2025-01-14 20:30:00,2.5041034683976005
2025-01-15 14:30:00,2.5041034683976005
2025-01-15 15:30:00,2.5041034683976005
2025-01-15 16:30:00,2.5041034683976005
2025-01-15 17:30:00,2.5041034683976005
2025-01-15 18:30:00,2.5041034683976005
2025-01-15 19:30:00,2.5041034683976005
2025-01-15 20:30:00,2.5041034683976005
2025-01-16 14:30:00,2.5041034683976005
2025-01-16 15:30:00,2.5041034683976005
2025-01-16 16:30:00,2.5041034683976005
2025-01-16 17:30:00,2.5041034683976005
2025-01-16 18:30:00,2.5041034683976005
2025-01-16 19:30:00,2.5041034683976005
2025-01-16 20:30:00,2.5041034683976005
2025-01-17 14:30:00,2.5041034683976005
2025-01-17 15:30:00,2.5041034683976005
2025-01-17 16:30:00,2.551746547008472
2025-01-17 17:30:00,2.551746547008472
2025-01-17 18:30:00,2.551746547008472
2025-01-17 19:30:00,2.551746547008472
2025-01-17 20:30:00,2.551746547008472
2025-01-21 14:30:00,2.551746547008472
2025-01-21 15:30:00,2.551746547008472
2025-01-21 16:30:00,2.551746547008472
2025-01-21 17:30:00,2.551746547008472
2025-01-21 18:30:00,2.551746547008472
2025-01-21 19:30:00,2.551746547008472
2025-01-21 20:30:00,2.551746547008472
2025-01-22 14:30:00,2.551746547008472
2025-01-22 15:30:00,2.551746547008472
2025-01-22 16:30:00,2.551746547008472
2025-01-22 17:30:00,2.551746547008472
2025-01-22 18:30:00,2.551746547008472
2025-01-22 19:30:00,2.551746547008472
2025-01-22 20:30:00,2.551746547008472
2025-01-23 14:30:00,2.551746547008472
2025-01-23 15:30:00,2.551746547008472
2025-01-23 16:30:00,2.5468482188935244
2025-01-23 17:30:00,2.5468482188935244
2025-01-23 18:30:00,2.5468482188935244
2025-01-23 19:30:00,2.5468482188935244
2025-01-23 20:30:00,2.5468482188935244
2025-01-24 14:30:00,2.5468482188935244
2025-01-24 15:30:00,2.5468482188935244
2025-01-24 16:30:00,2.5468482188935244
2025-01-24 17:30:00,2.5468482188935244
2025-01-24 18:30:00,2.5468482188935244
2025-01-24 19:30:00,2.5468482188935244
2025-01-24 20:30:00,2.5468482188935244
2025-01-27 14:30:00,2.5468482188935244
2025-01-27 15:30:00,2.5468482188935244
2025-01-27 16:30:00,2.5468482188935244
2025-01-27 17:30:00,2.5468482188935244
2025-01-27 18:30:00,2.5468482188935244
2025-01-27 19:30:00,2.5468482188935244
2025-01-27 20:30:00,2.5468482188935244
2025-01-28 14:30:00,2.5468482188935244
2025-01-28 15:30:00,2.5468482188935244
2025-01-28 16:30:00,2.401010742180912
2025-01-28 17:30:00,2.401010742180912
2025-01-28 18:30:00,2.401010742180912
2025-01-28 19:30:00,2.401010742180912
2025-01-28 20:30:00,2.401010742180912
2025-01-29 14:30:00,2.401010742180912
2025-01-29 15:30:00,2.401010742180912
2025-01-29 16:30:00,2.401010742180912
2025-01-29 17:30:00,2.401010742180912
2025-01-29 18:30:00,2.401010742180912
2025-01-29 19:30:00,2.401010742180912
2025-01-29 20:30:00,2.401010742180912
2025-01-30 14:30:00,2.401010742180912
2025-01-30 15:30:00,2.401010742180912
2025-01-30 16:30:00,2.401010742180912
2025-01-30 17:30:00,2.401010742180912
2025-01-30 18:30:00,2.401010742180912
2025-01-30 19:30:00,2.401010742180912
2025-01-30 20:30:00,2.401010742180912
2025-01-31 14:30:00,2.533186824984554
2025-01-31 15:30:00,2.533186824984554
2025-01-31 16:30:00,2.533186824984554
2025-01-31 17:30:00,2.533186824984554
2025-01-31 18:30:00,2.533186824984554
2025-01-31 19:30:00,2.533186824984554
2025-01-31 20:30:00,2.533186824984554
2025-02-03 14:30:00,2.7275036955732044
2025-02-03 15:30:00,2.7275036955732044
2025-02-03 16:30:00,2.7275036955732044
2025-02-03 17:30:00,2.7275036955732044
2025-02-03 18:30:00,2.7275036955732044
2025-02-03 19:30:00,2.7275036955732044
2025-02-03 20:30:00,2.7275036955732044
2025-02-04 14:30:00,2.7275036955732044
2025-02-04 15:30:00,2.7275036955732044
2025-02-04 16:30:00,2.7275036955732044
2025-02-04 17:30:00,2.7275036955732044
2025-02-04 18:30:00,2.7275036955732044
2025-02-04 19:30:00,2.7275036955732044
2025-02-04 20:30:00,2.7275036955732044
2025-02-05 14:30:00,2.7275036955732044
2025-02-05 15:30:00,2.7275036955732044
2025-02-05 16:30:00,2.7423632650443794
2025-02-05 17:30:00,2.7423632650443794
2025-02-05 18:30:00,2.7423632650443794
2025-02-05 19:30:00,2.7423632650443794
2025-02-05 20:30:00,2.7423632650443794
2025-02-06 14:30:00,2.7423632650443794
2025-02-06 15:30:00,2.7423632650443794
2025-02-06 16:30:00,2.7423632650443794
2025-02-06 17:30:00,2.7423632650443794
2025-02-06 18:30:00,2.7423632650443794
2025-02-06 19:30:00,2.7423632650443794
2025-02-06 20:30:00,2.7423632650443794
2025-02-07 14:30:00,2.7423632650443794
2025-02-07 15:30:00,2.7423632650443794
2025-02-07 16:30:00,2.7423632650443794
2025-02-07 17:30:00,2.7423632650443794
2025-02-07 18:30:00,2.7423632650443794
2025-02-07 19:30:00,2.7423632650443794
2025-02-07 20:30:00,2.7423632650443794
2025-02-10 14:30:00,2.7423632650443794
2025-02-10 15:30:00,2.7423632650443794
2025-02-10 16:30:00,2.7423632650443794
2025-02-10 17:30:00,2.7423632650443794
2025-02-10 18:30:00,2.7423632650443794
2025-02-10 19:30:00,2.7423632650443794
2025-02-10 20:30:00,2.7423632650443794
2025-02-11 14:30:00,2.7423632650443794
2025-02-11 15:30:00,2.7423632650443794
2025-02-11 16:30:00,2.7423632650443794
2025-02-11 17:30:00,2.7423632650443794
2025-02-11 18:30:00,2.7423632650443794
2025-02-11 19:30:00,2.7423632650443794
2025-02-11 20:30:00,2.7423632650443794
2025-02-12 14:30:00,2.7423632650443794
2025-02-12 15:30:00,2.7423632650443794
2025-02-12 16:30:00,2.7423632650443794
2025-02-12 17:30:00,2.7423632650443794
2025-02-12 18:30:00,2.7423632650443794
2025-02-12 19:30:00,2.7423632650443794
2025-02-12 20:30:00,2.7423632650443794
2025-02-13 17:30:00,2.7423632650443794
2025-02-13 18:30:00,2.7423632650443794
2025-02-13 19:30:00,2.7423632650443794
2025-02-13 20:30:00,2.7423632650443794
2025-02-14 14:30:00,2.7423632650443794
2025-02-14 15:30:00,2.7423632650443794
2025-02-14 16:30:00,2.7423632650443794
2025-02-14 17:30:00,2.7423632650443794
2025-02-14 18:30:00,2.7423632650443794
2025-02-14 19:30:00,2.894437052709269
2025-02-14 20:30:00,2.894437052709269
2025-02-18 14:30:00,2.894437052709269
2025-02-18 15:30:00,2.894437052709269
2025-02-18 16:30:00,2.894437052709269
2025-02-18 17:30:00,2.894437052709269
2025-02-18 18:30:00,2.894437052709269
2025-02-18 19:30:00,2.894437052709269
2025-02-18 20:30:00,2.894437052709269
2025-02-19 14:30:00,2.894437052709269
2025-02-19 15:30:00,2.894437052709269
2025-02-19 16:30:00,2.894437052709269
2025-02-19 17:30:00,2.894437052709269
2025-02-19 18:30:00,2.894437052709269
2025-02-19 19:30:00,2.894437052709269
2025-02-19 20:30:00,2.894437052709269
2025-02-20 14:30:00,2.894437052709269
2025-02-20 15:30:00,2.894437052709269
2025-02-20 16:30:00,2.894437052709269
2025-02-20 17:30:00,2.894437052709269
2025-02-20 18:30:00,2.894437052709269
2025-02-20 19:30:00,2.894437052709269
2025-02-20 20:30:00,2.894437052709269
2025-02-21 14:30:00,2.894437052709269
2025-02-21 15:30:00,2.894437052709269
2025-02-21 16:30:00,2.894437052709269
2025-02-21 17:30:00,2.894437052709269
2025-02-21 18:30:00,2.894437052709269
2025-02-21 19:30:00,2.894437052709269
2025-02-21 20:30:00,2.894437052709269
2025-02-24 14:30:00,2.894437052709269
2025-02-24 15:30:00,2.894437052709269
2025-02-24 16:30:00,2.894437052709269
2025-02-24 17:30:00,2.894437052709269
2025-02-24 18:30:00,2.894437052709269
2025-02-24 19:30:00,2.894437052709269
2025-02-24 20:30:00,2.894437052709269
2025-02-25 14:30:00,2.9321770083980048
2025-02-25 15:30:00,2.9321770083980048
2025-02-25 16:30:00,2.9321770083980048
2025-02-25 17:30:00,2.9321770083980048
2025-02-25 18:30:00,2.9321770083980048
2025-02-25 19:30:00,2.9321770083980048
2025-02-25 20:30:00,2.9321770083980048
2025-02-26 14:30:00,2.9762202680092704
2025-02-26 15:30:00,2.9762202680092704
2025-02-26 16:30:00,2.9762202680092704
2025-02-26 17:30:00,2.9762202680092704
2025-02-26 18:30:00,2.9762202680092704
2025-02-26 19:30:00,2.9762202680092704
2025-02-26 20:30:00,2.9762202680092704
2025-02-27 14:30:00,2.9762202680092704
2025-02-27 15:30:00,2.9762202680092704
2025-02-27 16:30:00,2.9762202680092704
2025-02-27 17:30:00,2.9762202680092704
2025-02-27 18:30:00,2.9762202680092704
2025-02-27 19:30:00,2.9762202680092704
2025-02-27 20:30:00,2.9762202680092704
2025-02-28 14:30:00,2.9762202680092704
2025-02-28 15:30:00,2.9762202680092704
2025-02-28 16:30:00,2.894302037327969
2025-02-28 17:30:00,2.894302037327969
2025-02-28 18:30:00,2.894302037327969
2025-02-28 19:30:00,2.894302037327969
2025-02-28 20:30:00,2.894302037327969
2025-03-03 14:30:00,2.894302037327969
2025-03-03 15:30:00,2.894302037327969
2025-03-03 16:30:00,2.894302037327969
2025-03-03 17:30:00,2.894302037327969
2025-03-03 18:30:00,2.894302037327969
2025-03-03 19:30:00,2.894302037327969
2025-03-03 20:30:00,2.894302037327969
2025-03-04 14:30:00,2.894302037327969
2025-03-04 15:30:00,2.894302037327969
2025-03-04 16:30:00,2.894302037327969
2025-03-04 17:30:00,2.894302037327969
2025-03-04 18:30:00,2.894302037327969
2025-03-04 19:30:00,2.894302037327969
2025-03-04 20:30:00,2.894302037327969
2025-03-05 14:30:00,2.894302037327969
2025-03-05 15:30:00,2.894302037327969
2025-03-05 16:30:00,2.894302037327969
2025-03-05 17:30:00,2.894302037327969
2025-03-05 18:30:00,2.894302037327969
2025-03-05 19:30:00,2.894302037327969
2025-03-05 20:30:00,2.894302037327969
2025-03-06 14:30:00,2.894302037327969
2025-03-06 15:30:00,2.894302037327969
2025-03-06 16:30:00,2.894302037327969
2025-03-06 17:30:00,2.894302037327969
2025-03-06 18:30:00,2.894302037327969
2025-03-06 19:30:00,2.894302037327969
2025-03-06 20:30:00,2.894302037327969
2025-03-07 14:30:00,2.894302037327969
2025-03-07 15:30:00,2.894302037327969
2025-03-07 16:30:00,2.894302037327969
2025-03-07 17:30:00,2.894302037327969
2025-03-07 18:30:00,2.894302037327969
2025-03-07 19:30:00,2.894302037327969
2025-03-07 20:30:00,2.894302037327969
2025-03-10 13:30:00,2.894302037327969
2025-03-10 14:30:00,2.894302037327969
2025-03-10 15:30:00,2.78374484772628
2025-03-10 16:30:00,2.78374484772628
2025-03-10 17:30:00,2.78374484772628
2025-03-10 18:30:00,2.78374484772628
2025-03-10 19:30:00,2.78374484772628
2025-03-11 13:30:00,2.78374484772628
2025-03-11 14:30:00,2.78374484772628
2025-03-11 15:30:00,2.78374484772628
2025-03-11 16:30:00,2.78374484772628
2025-03-11 17:30:00,2.78374484772628
2025-03-11 18:30:00,2.78374484772628
2025-03-11 19:30:00,2.78374484772628
2025-03-12 13:30:00,2.78374484772628
2025-03-12 14:30:00,2.78374484772628
2025-03-12 15:30:00,2.78374484772628
2025-03-12 16:30:00,2.78374484772628
2025-03-12 17:30:00,2.78374484772628
2025-03-12 18:30:00,2.78374484772628
2025-03-12 19:30:00,2.78374484772628
2025-03-13 13:30:00,2.78374484772628
2025-03-13 14:30:00,2.78374484772628
2025-03-13 15:30:00,2.636223784750258
2025-03-13 16:30:00,2.636223784750258
2025-03-13 17:30:00,2.636223784750258
2025-03-13 18:30:00,2.636223784750258
2025-03-13 19:30:00,2.636223784750258
2025-03-14 13:30:00,2.636223784750258
2025-03-14 14:30:00,2.636223784750258
2025-03-14 15:30:00,2.636223784750258
2025-03-14 16:30:00,2.636223784750258
2025-03-14 17:30:00,2.636223784750258
2025-03-14 18:30:00,2.636223784750258
2025-03-14 19:30:00,2.636223784750258
2025-03-17 13:30:00,2.636223784750258
2025-03-17 14:30:00,2.636223784750258
2025-03-17 15:30:00,2.636223784750258
2025-03-17 16:30:00,2.636223784750258
2025-03-17 17:30:00,2.636223784750258
2025-03-17 18:30:00,2.636223784750258
2025-03-17 19:30:00,2.636223784750258
2025-03-18 13:30:00,2.636223784750258
2025-03-18 14:30:00,2.636223784750258
2025-03-18 15:30:00,2.636223784750258
2025-03-18 16:30:00,2.636223784750258
2025-03-18 17:30:00,2.636223784750258
2025-03-18 18:30:00,2.636223784750258
2025-03-18 19:30:00,2.636223784750258
2025-03-19 13:30:00,2.636223784750258
2025-03-19 14:30:00,2.636223784750258
2025-03-19 15:30:00,2.636223784750258
2025-03-19 16:30:00,2.636223784750258
2025-03-19 17:30:00,2.636223784750258
2025-03-19 18:30:00,2.636223784750258
2025-03-19 19:30:00,2.636223784750258
2025-03-20 13:30:00,2.6390571184570732
2025-03-20 14:30:00,2.6390571184570732
2025-03-20 15:30:00,2.6390571184570732
2025-03-20 16:30:00,2.6390571184570732
2025-03-20 17:30:00,2.6390571184570732
2025-03-20 18:30:00,2.6390571184570732
2025-03-20 19:30:00,2.6390571184570732
2025-03-21 13:30:00,2.6390571184570732
2025-03-21 14:30:00,2.6390571184570732
2025-03-21 15:30:00,2.6390571184570732
2025-03-21 16:30:00,2.6390571184570732
2025-03-21 17:30:00,2.6390571184570732
2025-03-21 18:30:00,2.6390571184570732
2025-03-21 19:30:00,2.6390571184570732
2025-03-24 13:30:00,2.6390571184570732
2025-03-24 14:30:00,2.6390571184570732
2025-03-24 15:30:00,2.700843412933618
2025-03-24 16:30:00,2.700843412933618
2025-03-24 17:30:00,2.700843412933618
2025-03-24 18:30:00,2.700843412933618
2025-03-24 19:30:00,2.700843412933618
2025-03-25 13:30:00,2.700843412933618
2025-03-25 14:30:00,2.700843412933618
2025-03-25 15:30:00,2.700843412933618
2025-03-25 16:30:00,2.700843412933618
2025-03-25 17:30:00,2.700843412933618
2025-03-25 18:30:00,2.700843412933618
2025-03-25 19:30:00,2.700843412933618
2025-03-26 13:30:00,2.700843412933618
2025-03-26 14:30:00,2.700843412933618
2025-03-26 15:30:00,2.700843412933618
2025-03-26 16:30:00,2.700843412933618
2025-03-26 17:30:00,2.700843412933618
2025-03-26 18:30:00,2.700843412933618
2025-03-26 19:30:00,2.700843412933618
2025-03-27 13:30:00,2.700843412933618
2025-03-27 14:30:00,2.700843412933618
2025-03-27 15:30:00,2.700843412933618
2025-03-27 16:30:00,2.700843412933618
2025-03-27 17:30:00,2.700843412933618
2025-03-27 18:30:00,2.700843412933618
2025-03-27 19:30:00,2.700843412933618
2025-03-28 13:30:00,2.700843412933618
2025-03-28 14:30:00,2.700843412933618
2025-03-28 15:30:00,2.700843412933618
2025-03-28 16:30:00,2.700843412933618
2025-03-28 17:30:00,2.700843412933618
2025-03-28 18:30:00,2.700843412933618
2025-03-28 19:30:00,2.700843412933618
2025-03-31 13:30:00,2.700843412933618
2025-03-31 14:30:00,2.700843412933618
2025-03-31 15:30:00,2.700843412933618
2025-03-31 16:30:00,2.700843412933618
2025-03-31 17:30:00,2.700843412933618
2025-03-31 18:30:00,2.700843412933618
2025-03-31 19:30:00,2.700843412933618
2025-04-01 13:30:00,2.700843412933618
2025-04-01 14:30:00,2.700843412933618
2025-04-01 15:30:00,2.700843412933618
2025-04-01 16:30:00,2.700843412933618
2025-04-01 17:30:00,2.700843412933618
2025-04-01 18:30:00,2.700843412933618
2025-04-01 19:30:00,2.700843412933618
2025-04-02 13:30:00,2.700843412933618
2025-04-02 14:30:00,2.700843412933618
2025-04-02 15:30:00,2.700843412933618
2025-04-02 16:30:00,2.700843412933618
2025-04-02 17:30:00,2.700843412933618
2025-04-02 18:30:00,2.700843412933618
2025-04-02 19:30:00,2.700843412933618
2025-04-03 13:30:00,2.700843412933618
2025-04-03 14:30:00,2.700843412933618
2025-04-03 15:30:00,2.700843412933618
2025-04-03 16:30:00,2.700843412933618
2025-04-03 17:30:00,2.700843412933618
2025-04-03 18:30:00,2.700843412933618
2025-04-03 19:30:00,2.700843412933618
2025-04-04 13:30:00,2.700843412933618
2025-04-04 14:30:00,2.700843412933618
2025-04-04 15:30:00,2.700843412933618
2025-04-04 16:30:00,2.700843412933618
2025-04-04 17:30:00,2.700843412933618
2025-04-04 18:30:00,2.700843412933618
2025-04-04 19:30:00,2.700843412933618
2025-04-07 13:30:00,2.700843412933618
2025-04-07 14:30:00,2.700843412933618
2025-04-07 15:30:00,2.700843412933618
2025-04-07 16:30:00,2.700843412933618
2025-04-07 17:30:00,2.700843412933618
2025-04-07 18:30:00,2.700843412933618
2025-04-07 19:30:00,2.700843412933618
2025-04-08 13:30:00,2.700843412933618
2025-04-08 14:30:00,2.700843412933618
2025-04-08 15:30:00,2.700843412933618
2025-04-08 16:30:00,2.700843412933618
2025-04-08 17:30:00,2.700843412933618
2025-04-08 18:30:00,2.700843412933618
2025-04-08 19:30:00,2.700843412933618
2025-04-09 13:30:00,2.700843412933618
2025-04-09 14:30:00,2.700843412933618
2025-04-09 15:30:00,2.700843412933618
2025-04-09 16:30:00,2.700843412933618
2025-04-09 17:30:00,2.700843412933618
2025-04-09 18:30:00,2.700843412933618
2025-04-09 19:30:00,2.700843412933618
2025-04-10 13:30:00,2.700843412933618
2025-04-10 14:30:00,2.700843412933618
2025-04-10 15:30:00,2.700843412933618
2025-04-10 16:30:00,2.700843412933618
2025-04-10 17:30:00,2.700843412933618
2025-04-10 18:30:00,2.700843412933618
2025-04-10 19:30:00,2.700843412933618
2025-04-11 13:30:00,2.700843412933618
2025-04-11 14:30:00,2.700843412933618
2025-04-11 15:30:00,2.700843412933618
2025-04-11 16:30:00,2.700843412933618
2025-04-11 17:30:00,2.700843412933618
2025-04-11 18:30:00,2.700843412933618
2025-04-11 19:30:00,2.700843412933618
2025-04-14 13:30:00,2.700843412933618
2025-04-14 14:30:00,2.700843412933618
2025-04-14 15:30:00,2.700843412933618
2025-04-14 16:30:00,2.700843412933618
2025-04-14 17:30:00,2.700843412933618
2025-04-14 18:30:00,2.700843412933618
2025-04-14 19:30:00,2.700843412933618
2025-04-15 13:30:00,2.700843412933618
2025-04-15 14:30:00,2.700843412933618
2025-04-15 15:30:00,2.700843412933618
2025-04-15 16:30:00,2.700843412933618
2025-04-15 17:30:00,2.700843412933618
2025-04-15 18:30:00,2.700843412933618
2025-04-15 19:30:00,2.700843412933618
2025-04-16 13:30:00,2.700843412933618
2025-04-16 14:30:00,2.700843412933618
2025-04-16 15:30:00,2.700843412933618
2025-04-16 16:30:00,2.700843412933618
2025-04-16 17:30:00,2.700843412933618
2025-04-16 18:30:00,2.700843412933618
2025-04-16 19:30:00,2.700843412933618
2025-04-17 13:30:00,2.700843412933618
2025-04-17 14:30:00,2.700843412933618
2025-04-17 15:30:00,2.700843412933618
2025-04-17 16:30:00,2.700843412933618
2025-04-17 17:30:00,2.700843412933618
2025-04-17 18:30:00,2.700843412933618
2025-04-17 19:30:00,2.700843412933618
2025-04-21 13:30:00,2.700843412933618
2025-04-21 14:30:00,2.700843412933618
2025-04-21 15:30:00,2.700843412933618
2025-04-21 16:30:00,2.700843412933618
2025-04-21 17:30:00,2.700843412933618
2025-04-21 18:30:00,2.700843412933618
2025-04-21 19:30:00,2.700843412933618
2025-04-22 13:30:00,2.700843412933618
2025-04-22 14:30:00,2.700843412933618
2025-04-22 15:30:00,2.700843412933618
2025-04-22 16:30:00,2.700843412933618
2025-04-22 17:30:00,2.700843412933618
2025-04-22 18:30:00,2.700843412933618
2025-04-22 19:30:00,2.700843412933618
2025-04-23 13:30:00,2.700843412933618
2025-04-23 14:30:00,2.700843412933618
2025-04-23 15:30:00,2.700843412933618
2025-04-23 16:30:00,2.700843412933618
2025-04-23 17:30:00,2.700843412933618
2025-04-23 18:30:00,2.700843412933618
2025-04-23 19:30:00,2.700843412933618
2025-04-24 13:30:00,2.700843412933618
2025-04-24 14:30:00,2.700843412933618
2025-04-24 15:30:00,2.700843412933618
2025-04-24 16:30:00,2.700843412933618
2025-04-24 17:30:00,2.700843412933618
2025-04-24 18:30:00,2.700843412933618
2025-04-24 19:30:00,2.700843412933618
2025-04-25 13:30:00,2.700843412933618
2025-04-25 14:30:00,2.700843412933618
2025-04-25 15:30:00,2.700843412933618
2025-04-25 16:30:00,2.700843412933618
2025-04-25 17:30:00,2.700843412933618
2025-04-25 18:30:00,2.700843412933618
2025-04-25 19:30:00,2.700843412933618
2025-04-28 13:30:00,2.700843412933618
2025-04-28 14:30:00,2.700843412933618
2025-04-28 15:30:00,2.700843412933618
2025-04-28 16:30:00,2.700843412933618
2025-04-28 17:30:00,2.700843412933618
2025-04-28 18:30:00,2.700843412933618
2025-04-28 19:30:00,2.700843412933618
2025-04-29 13:30:00,2.700843412933618
2025-04-29 14:30:00,2.700843412933618
2025-04-29 15:30:00,2.700843412933618
2025-04-29 16:30:00,2.700843412933618
2025-04-29 17:30:00,2.700843412933618
2025-04-29 18:30:00,2.700843412933618
2025-04-29 19:30:00,2.700843412933618
2025-04-30 13:30:00,2.700843412933618
2025-04-30 14:30:00,2.700843412933618
2025-04-30 15:30:00,2.700843412933618
2025-04-30 16:30:00,2.700843412933618
2025-04-30 17:30:00,2.700843412933618
2025-04-30 18:30:00,2.700843412933618
2025-04-30 19:30:00,2.700843412933618
2025-05-01 13:30:00,2.700843412933618
2025-05-01 14:30:00,2.700843412933618
2025-05-01 15:30:00,2.700843412933618
2025-05-01 16:30:00,2.700843412933618
2025-05-01 17:30:00,2.700843412933618
2025-05-01 18:30:00,2.700843412933618
2025-05-01 19:30:00,2.700843412933618
2025-05-02 13:30:00,2.700843412933618
2025-05-02 14:30:00,2.700843412933618
2025-05-02 15:30:00,2.700843412933618
2025-05-02 16:30:00,2.700843412933618
2025-05-02 17:30:00,2.700843412933618
2025-05-02 18:30:00,2.700843412933618
2025-05-02 19:30:00,2.700843412933618
2025-05-05 13:30:00,2.700843412933618
2025-05-05 14:30:00,2.700843412933618
2025-05-05 15:30:00,2.700843412933618
2025-05-05 16:30:00,2.700843412933618
2025-05-05 17:30:00,2.700843412933618
2025-05-05 18:30:00,2.700843412933618
2025-05-05 19:30:00,2.700843412933618
2025-05-06 13:30:00,2.700843412933618
2025-05-06 14:30:00,2.700843412933618
2025-05-06 15:30:00,2.700843412933618
2025-05-06 16:30:00,2.700843412933618
2025-05-06 17:30:00,2.700843412933618
2025-05-06 18:30:00,2.700843412933618
2025-05-06 19:30:00,2.700843412933618
2025-05-07 13:30:00,2.700843412933618
2025-05-07 14:30:00,2.700843412933618
2025-05-07 15:30:00,2.700843412933618
2025-05-07 16:30:00,2.700843412933618
2025-05-07 17:30:00,2.700843412933618
2025-05-07 18:30:00,2.700843412933618
2025-05-07 19:30:00,2.700843412933618
2025-05-08 13:30:00,2.700843412933618
2025-05-08 14:30:00,2.700843412933618
2025-05-08 15:30:00,2.700843412933618
2025-05-08 16:30:00,2.700843412933618
2025-05-08 17:30:00,2.700843412933618
2025-05-08 18:30:00,2.700843412933618
2025-05-08 19:30:00,2.700843412933618
2025-05-09 13:30:00,2.700843412933618
2025-05-09 14:30:00,2.700843412933618
2025-05-09 15:30:00,2.700843412933618
2025-05-09 16:30:00,2.700843412933618
2025-05-09 17:30:00,2.700843412933618
2025-05-09 18:30:00,2.700843412933618
2025-05-09 19:30:00,2.700843412933618
2025-05-12 13:30:00,2.700843412933618
2025-05-12 14:30:00,2.700843412933618
2025-05-12 15:30:00,2.700843412933618
2025-05-12 16:30:00,2.700843412933618
2025-05-12 17:30:00,2.700843412933618
2025-05-12 18:30:00,2.700843412933618
2025-05-12 19:30:00,2.700843412933618
2025-05-13 13:30:00,2.700843412933618
2025-05-13 14:30:00,2.700843412933618
2025-05-13 15:30:00,2.700843412933618
2025-05-13 16:30:00,2.700843412933618
2025-05-13 17:30:00,2.700843412933618
2025-05-13 18:30:00,2.700843412933618
2025-05-13 19:30:00,2.700843412933618
2025-05-14 13:30:00,2.700843412933618
2025-05-14 14:30:00,2.700843412933618
2025-05-14 15:30:00,2.700843412933618
2025-05-14 16:30:00,2.700843412933618
2025-05-14 17:30:00,2.700843412933618
2025-05-14 18:30:00,2.700843412933618
2025-05-14 19:30:00,2.700843412933618
2025-05-15 13:30:00,2.700843412933618
2025-05-15 14:30:00,2.700843412933618
2025-05-15 15:30:00,2.700843412933618
2025-05-15 16:30:00,2.700843412933618
2025-05-15 17:30:00,2.700843412933618
2025-05-15 18:30:00,2.700843412933618
2025-05-15 19:30:00,2.700843412933618
2025-05-16 13:30:00,2.700843412933618
2025-05-16 14:30:00,2.700843412933618
2025-05-16 15:30:00,2.700843412933618
2025-05-16 16:30:00,2.700843412933618
2025-05-16 17:30:00,2.700843412933618
2025-05-16 18:30:00,2.700843412933618
2025-05-16 19:30:00,2.700843412933618
2025-05-19 13:30:00,2.700843412933618
2025-05-19 14:30:00,2.700843412933618
2025-05-19 15:30:00,2.700843412933618
2025-05-19 16:30:00,2.700843412933618
2025-05-19 17:30:00,2.700843412933618
2025-05-19 18:30:00,2.700843412933618
2025-05-19 19:30:00,2.700843412933618
2025-05-20 13:30:00,2.700843412933618
2025-05-20 14:30:00,2.700843412933618
2025-05-20 15:30:00,2.700843412933618
2025-05-20 16:30:00,2.700843412933618
2025-05-20 17:30:00,2.700843412933618
2025-05-20 18:30:00,2.700843412933618
2025-05-20 19:30:00,2.700843412933618
2025-05-21 13:30:00,2.700843412933618
2025-05-21 14:30:00,2.700843412933618
2025-05-21 15:30:00,2.700843412933618
2025-05-21 16:30:00,2.700843412933618
2025-05-21 17:30:00,2.700843412933618
2025-05-21 18:30:00,2.700843412933618
2025-05-21 19:30:00,2.700843412933618
2025-05-22 13:30:00,2.700843412933618
2025-05-22 14:30:00,2.700843412933618
2025-05-22 15:30:00,2.700843412933618
2025-05-22 16:30:00,2.700843412933618
2025-05-22 17:30:00,2.700843412933618
2025-05-22 18:30:00,2.700843412933618
2025-05-22 19:30:00,2.700843412933618
2025-05-23 13:30:00,2.700843412933618
2025-05-23 14:30:00,2.700843412933618
2025-05-23 15:30:00,2.700843412933618
2025-05-23 16:30:00,2.700843412933618
2025-05-23 17:30:00,2.700843412933618
2025-05-23 18:30:00,2.700843412933618
2025-05-23 19:30:00,2.700843412933618
2025-05-27 13:30:00,2.700843412933618
2025-05-27 14:30:00,2.700843412933618
2025-05-27 15:30:00,2.700843412933618
2025-05-27 16:30:00,2.700843412933618
2025-05-27 17:30:00,2.700843412933618
2025-05-27 18:30:00,2.700843412933618
2025-05-27 19:30:00,2.700843412933618
2025-05-28 13:30:00,2.700843412933618
2025-05-28 14:30:00,2.700843412933618
2025-05-28 15:30:00,2.700843412933618
2025-05-28 16:30:00,2.700843412933618
2025-05-28 17:30:00,2.700843412933618
2025-05-28 18:30:00,2.700843412933618
2025-05-28 19:30:00,2.700843412933618
2025-05-29 13:30:00,2.700843412933618
2025-05-29 14:30:00,2.700843412933618
2025-05-29 15:30:00,2.700843412933618
2025-05-29 16:30:00,2.700843412933618
2025-05-29 17:30:00,2.700843412933618
2025-05-29 18:30:00,2.700843412933618
2025-05-29 19:30:00,2.700843412933618
2025-05-30 13:30:00,2.700843412933618
2025-05-30 14:30:00,2.700843412933618
2025-05-30 15:30:00,2.700843412933618
2025-05-30 16:30:00,2.700843412933618
2025-05-30 17:30:00,2.700843412933618
2025-05-30 18:30:00,2.700843412933618
2025-05-30 19:30:00,2.700843412933618
2025-06-02 13:30:00,2.700843412933618
2025-06-02 14:30:00,2.700843412933618
2025-06-02 15:30:00,2.700843412933618
2025-06-02 16:30:00,2.700843412933618
2025-06-02 17:30:00,2.700843412933618
2025-06-02 18:30:00,2.700843412933618
2025-06-02 19:30:00,2.700843412933618
2025-06-03 13:30:00,2.700843412933618
2025-06-03 14:30:00,2.700843412933618
2025-06-03 15:30:00,2.700843412933618
2025-06-03 16:30:00,2.700843412933618
2025-06-03 17:30:00,2.700843412933618
2025-06-03 18:30:00,2.700843412933618
2025-06-03 19:30:00,2.700843412933618
2025-06-04 13:30:00,2.700843412933618
2025-06-04 14:30:00,2.700843412933618
2025-06-04 15:30:00,2.700843412933618
2025-06-04 16:30:00,2.700843412933618
2025-06-04 17:30:00,2.700843412933618
2025-06-04 18:30:00,2.700843412933618
2025-06-04 19:30:00,2.700843412933618
2025-06-05 13:30:00,2.700843412933618
2025-06-05 14:30:00,2.700843412933618
2025-06-05 15:30:00,2.700843412933618
2025-06-05 16:30:00,2.700843412933618
2025-06-05 17:30:00,2.700843412933618
2025-06-05 18:30:00,2.700843412933618
2025-06-05 19:30:00,2.700843412933618
2025-06-06 13:30:00,2.700843412933618
2025-06-06 14:30:00,2.700843412933618
2025-06-06 15:30:00,2.700843412933618
2025-06-06 16:30:00,2.700843412933618
2025-06-06 17:30:00,2.700843412933618
2025-06-06 18:30:00,2.700843412933618
2025-06-06 19:30:00,2.700843412933618
2025-06-09 13:30:00,2.700843412933618
2025-06-09 14:30:00,2.700843412933618
2025-06-09 15:30:00,2.700843412933618
2025-06-09 16:30:00,2.700843412933618
2025-06-09 17:30:00,2.700843412933618
2025-06-09 18:30:00,2.700843412933618
2025-06-09 19:30:00,2.700843412933618
2025-06-10 13:30:00,2.700843412933618
2025-06-10 14:30:00,2.700843412933618
2025-06-10 15:30:00,2.700843412933618
2025-06-10 16:30:00,2.700843412933618
2025-06-10 17:30:00,2.700843412933618
2025-06-10 18:30:00,2.700843412933618
2025-06-10 19:30:00,2.700843412933618
2025-06-11 13:30:00,2.700843412933618
2025-06-11 14:30:00,2.700843412933618
2025-06-11 15:30:00,2.700843412933618
2025-06-11 16:30:00,2.700843412933618
2025-06-11 17:30:00,2.700843412933618
2025-06-11 18:30:00,2.700843412933618
2025-06-11 19:30:00,2.700843412933618
2025-06-12 13:30:00,2.700843412933618
2025-06-12 14:30:00,2.700843412933618
2025-06-12 15:30:00,2.700843412933618
2025-06-12 16:30:00,2.700843412933618
2025-06-12 17:30:00,2.700843412933618
2025-06-12 18:30:00,2.700843412933618
2025-06-12 19:30:00,2.700843412933618
2025-06-13 13:30:00,2.700843412933618
2025-06-13 14:30:00,2.700843412933618
2025-06-13 15:30:00,2.700843412933618
2025-06-13 16:30:00,2.700843412933618
2025-06-13 17:30:00,2.700843412933618
2025-06-13 18:30:00,2.700843412933618
2025-06-13 19:30:00,2.700843412933618
2025-06-16 13:30:00,2.700843412933618
2025-06-16 14:30:00,2.700843412933618
2025-06-16 15:30:00,2.700843412933618
2025-06-16 16:30:00,2.700843412933618
2025-06-16 17:30:00,2.700843412933618
2025-06-16 18:30:00,2.700843412933618
2025-06-16 19:30:00,2.700843412933618
2025-06-17 13:30:00,2.700843412933618
2025-06-17 14:30:00,2.700843412933618
2025-06-17 15:30:00,2.700843412933618
2025-06-17 16:30:00,2.700843412933618
2025-06-17 17:30:00,2.700843412933618
2025-06-17 18:30:00,2.700843412933618
2025-06-17 19:30:00,2.700843412933618
2025-06-18 13:30:00,2.700843412933618
2025-06-18 14:30:00,2.700843412933618
2025-06-18 15:30:00,2.700843412933618
2025-06-18 16:30:00,2.700843412933618
2025-06-18 17:30:00,2.700843412933618
2025-06-18 18:30:00,2.700843412933618
2025-06-18 19:30:00,2.700843412933618
2025-06-20 13:30:00,2.700843412933618
2025-06-20 14:30:00,2.700843412933618
2025-06-20 15:30:00,2.700843412933618
2025-06-20 16:30:00,2.700843412933618
2025-06-20 17:30:00,2.700843412933618
2025-06-20 18:30:00,2.700843412933618
2025-06-20 19:30:00,2.700843412933618
2025-06-23 13:30:00,2.700843412933618
2025-06-23 14:30:00,2.700843412933618
2025-06-23 15:30:00,2.700843412933618
2025-06-23 16:30:00,2.700843412933618
2025-06-23 17:30:00,2.700843412933618
2025-06-23 18:30:00,2.700843412933618
2025-06-23 19:30:00,2.700843412933618
2025-06-24 13:30:00,2.700843412933618
2025-06-24 14:30:00,2.700843412933618
2025-06-24 15:30:00,2.700843412933618
2025-06-24 16:30:00,2.700843412933618
2025-06-24 17:30:00,2.700843412933618
2025-06-24 18:30:00,2.700843412933618
2025-06-24 19:30:00,2.700843412933618
2025-06-25 13:30:00,2.700843412933618
2025-06-25 14:30:00,2.700843412933618
2025-06-25 15:30:00,2.700843412933618
2025-06-25 16:30:00,2.700843412933618
2025-06-25 17:30:00,2.700843412933618
2025-06-25 18:30:00,2.700843412933618
2025-06-25 19:30:00,2.700843412933618
2025-06-26 13:30:00,2.700843412933618
2025-06-26 14:30:00,2.700843412933618
2025-06-26 15:30:00,2.700843412933618
2025-06-26 16:30:00,2.700843412933618
2025-06-26 17:30:00,2.700843412933618
2025-06-26 18:30:00,2.700843412933618
2025-06-26 19:30:00,2.700843412933618
2025-06-27 13:30:00,2.700843412933618
2025-06-27 14:30:00,2.700843412933618
2025-06-27 15:30:00,2.700843412933618
2025-06-27 16:30:00,2.700843412933618
2025-06-27 17:30:00,2.700843412933618
2025-06-27 18:30:00,2.700843412933618
2025-06-27 19:30:00,2.700843412933618
2025-06-30 13:30:00,2.700843412933618
2025-06-30 14:30:00,2.700843412933618
2025-06-30 15:30:00,2.700843412933618
2025-06-30 16:30:00,2.700843412933618
2025-06-30 17:30:00,2.700843412933618
2025-06-30 18:30:00,2.700843412933618
2025-06-30 19:30:00,2.700843412933618
2025-07-01 13:30:00,2.700843412933618
2025-07-01 14:30:00,2.700843412933618
2025-07-01 15:30:00,2.700843412933618
2025-07-01 16:30:00,2.700843412933618
2025-07-01 17:30:00,2.700843412933618
2025-07-01 18:30:00,2.700843412933618
2025-07-01 19:30:00,2.700843412933618
2025-07-02 13:30:00,2.700843412933618
2025-07-02 14:30:00,2.700843412933618
2025-07-02 15:30:00,2.700843412933618
2025-07-02 16:30:00,2.700843412933618
2025-07-02 17:30:00,2.700843412933618
2025-07-02 18:30:00,2.700843412933618
2025-07-02 19:30:00,2.700843412933618
2025-07-03 13:30:00,2.700843412933618
2025-07-03 14:30:00,2.700843412933618
2025-07-03 15:30:00,2.700843412933618
2025-07-03 16:30:00,2.700843412933618
2025-07-07 13:30:00,2.700843412933618
2025-07-07 14:30:00,2.700843412933618
2025-07-07 15:30:00,2.700843412933618
2025-07-07 16:30:00,2.700843412933618
2025-07-07 17:30:00,2.700843412933618
2025-07-07 18:30:00,2.700843412933618
2025-07-07 19:30:00,2.700843412933618
2025-07-08 13:30:00,2.700843412933618
2025-07-08 14:30:00,2.700843412933618
2025-07-08 15:30:00,2.700843412933618
2025-07-08 16:30:00,2.700843412933618
2025-07-08 17:30:00,2.700843412933618
2025-07-08 18:30:00,2.700843412933618
2025-07-08 19:30:00,2.700843412933618
2025-07-09 13:30:00,2.700843412933618
2025-07-09 14:30:00,2.700843412933618
2025-07-09 15:30:00,2.700843412933618
2025-07-09 16:30:00,2.700843412933618
2025-07-09 17:30:00,2.700843412933618
2025-07-09 18:30:00,2.700843412933618
2025-07-09 19:30:00,2.700843412933618
2025-07-10 13:30:00,2.700843412933618
2025-07-10 14:30:00,2.700843412933618
2025-07-10 15:30:00,2.700843412933618
2025-07-10 16:30:00,2.700843412933618
2025-07-10 17:30:00,2.700843412933618
2025-07-10 18:30:00,2.700843412933618
2025-07-10 19:30:00,2.700843412933618
2025-07-11 13:30:00,2.700843412933618
2025-07-11 14:30:00,2.700843412933618
2025-07-11 15:30:00,2.700843412933618
2025-07-11 16:30:00,2.700843412933618
2025-07-11 17:30:00,2.700843412933618
2025-07-11 18:30:00,2.700843412933618
2025-07-11 19:30:00,2.700843412933618
2025-07-14 13:30:00,2.700843412933618
2025-07-14 14:30:00,2.700843412933618
2025-07-14 15:30:00,2.700843412933618
2025-07-14 16:30:00,2.700843412933618
2025-07-14 17:30:00,2.700843412933618
2025-07-14 18:30:00,2.700843412933618
2025-07-14 19:30:00,2.700843412933618
2025-07-15 13:30:00,2.700843412933618
2025-07-15 14:30:00,2.700843412933618
2025-07-15 15:30:00,2.700843412933618
2025-07-15 16:30:00,2.700843412933618
2025-07-15 17:30:00,2.700843412933618
2025-07-15 18:30:00,2.700843412933618
2025-07-15 19:30:00,2.700843412933618
2025-07-16 13:30:00,2.700843412933618
2025-07-16 14:30:00,2.700843412933618
2025-07-16 15:30:00,2.700843412933618
2025-07-16 16:30:00,2.700843412933618
2025-07-16 17:30:00,2.700843412933618
2025-07-16 18:30:00,2.700843412933618
2025-07-16 19:30:00,2.700843412933618
2025-07-17 13:30:00,2.700843412933618
2025-07-17 14:30:00,2.700843412933618
2025-07-17 15:30:00,2.700843412933618
2025-07-17 16:30:00,2.700843412933618
2025-07-17 17:30:00,2.700843412933618
2025-07-17 18:30:00,2.700843412933618
2025-07-17 19:30:00,2.700843412933618
2025-07-18 13:30:00,2.700843412933618
2025-07-18 14:30:00,2.700843412933618
2025-07-18 15:30:00,2.700843412933618
2025-07-18 16:30:00,2.700843412933618
2025-07-18 17:30:00,2.700843412933618
2025-07-18 18:30:00,2.700843412933618
2025-07-18 19:30:00,2.700843412933618
2025-07-21 13:30:00,2.700843412933618
2025-07-21 14:30:00,2.700843412933618
2025-07-21 15:30:00,2.700843412933618
2025-07-21 16:30:00,2.700843412933618
2025-07-21 17:30:00,2.700843412933618
2025-07-21 18:30:00,2.700843412933618
2025-07-21 19:30:00,2.700843412933618
2025-07-22 13:30:00,2.700843412933618
2025-07-22 14:30:00,2.700843412933618
2025-07-22 15:30:00,2.700843412933618
2025-07-22 16:30:00,2.700843412933618
2025-07-22 17:30:00,2.700843412933618
2025-07-22 18:30:00,2.700843412933618
2025-07-22 19:30:00,2.700843412933618
2025-07-23 13:30:00,2.700843412933618
2025-07-23 14:30:00,2.700843412933618
2025-07-23 15:30:00,2.700843412933618
2025-07-23 16:30:00,2.700843412933618
2025-07-23 17:30:00,2.700843412933618
2025-07-23 18:30:00,2.700843412933618
2025-07-23 19:30:00,2.700843412933618
2025-07-24 13:30:00,2.700843412933618
2025-07-24 14:30:00,2.700843412933618
2025-07-24 15:30:00,2.700843412933618
2025-07-24 16:30:00,2.700843412933618
2025-07-24 17:30:00,2.700843412933618
2025-07-24 18:30:00,2.700843412933618
2025-07-24 19:30:00,2.700843412933618
2025-07-25 13:30:00,2.700843412933618
2025-07-25 14:30:00,2.700843412933618
2025-07-25 15:30:00,2.700843412933618
2025-07-25 16:30:00,2.700843412933618
2025-07-25 17:30:00,2.700843412933618
2025-07-25 18:30:00,2.700843412933618
2025-07-25 19:30:00,2.700843412933618
2025-07-28 13:30:00,2.700843412933618
2025-07-28 14:30:00,2.700843412933618
2025-07-28 15:30:00,2.700843412933618
2025-07-28 16:30:00,2.700843412933618
2025-07-28 17:30:00,2.700843412933618
2025-07-28 18:30:00,2.700843412933618
2025-07-28 19:30:00,2.700843412933618
2025-07-29 13:30:00,2.700843412933618
2025-07-29 14:30:00,2.700843412933618
2025-07-29 15:30:00,2.700843412933618
2025-07-29 16:30:00,2.700843412933618
2025-07-29 17:30:00,2.700843412933618
2025-07-29 18:30:00,2.700843412933618
2025-07-29 19:30:00,2.700843412933618
2025-07-30 13:30:00,2.700843412933618
2025-07-30 14:30:00,2.700843412933618
2025-07-30 15:30:00,2.700843412933618
2025-07-30 16:30:00,2.700843412933618
2025-07-30 17:30:00,2.700843412933618
2025-07-30 18:30:00,2.700843412933618
2025-07-30 19:30:00,2.700843412933618
2025-07-31 13:30:00,2.700843412933618
2025-07-31 14:30:00,2.700843412933618
2025-07-31 15:30:00,2.700843412933618
2025-07-31 16:30:00,2.700843412933618
2025-07-31 17:30:00,2.700843412933618
2025-07-31 18:30:00,2.700843412933618
2025-07-31 19:30:00,2.700843412933618
2025-08-01 13:30:00,2.700843412933618
2025-08-01 14:30:00,2.700843412933618
2025-08-01 15:30:00,2.700843412933618
2025-08-01 16:30:00,2.700843412933618
2025-08-01 17:30:00,2.700843412933618
2025-08-01 18:30:00,2.700843412933618
2025-08-01 19:30:00,2.700843412933618
2025-08-04 13:30:00,2.700843412933618
2025-08-04 14:30:00,2.700843412933618
2025-08-04 15:30:00,2.700843412933618
2025-08-04 16:30:00,2.700843412933618
2025-08-04 17:30:00,2.700843412933618
2025-08-04 18:30:00,2.700843412933618
2025-08-04 19:30:00,2.700843412933618
2025-08-05 13:30:00,2.700843412933618
2025-08-05 14:30:00,2.700843412933618
2025-08-05 15:30:00,2.700843412933618
2025-08-05 16:30:00,2.700843412933618
2025-08-05 17:30:00,2.700843412933618
2025-08-05 18:30:00,2.700843412933618
2025-08-05 19:30:00,2.700843412933618
2025-08-06 13:30:00,2.700843412933618
2025-08-06 14:30:00,2.700843412933618
2025-08-06 15:30:00,2.700843412933618
2025-08-06 16:30:00,2.700843412933618
2025-08-06 17:30:00,2.700843412933618
2025-08-06 18:30:00,2.700843412933618
2025-08-06 19:30:00,2.700843412933618
2025-08-07 13:30:00,2.700843412933618
2025-08-07 14:30:00,2.700843412933618
2025-08-07 15:30:00,2.700843412933618
2025-08-07 16:30:00,2.700843412933618
2025-08-07 17:30:00,2.700843412933618
2025-08-07 18:30:00,2.700843412933618
2025-08-07 19:30:00,2.700843412933618
2025-08-08 13:30:00,2.700843412933618
2025-08-08 14:30:00,2.700843412933618
2025-08-08 15:30:00,2.700843412933618
2025-08-08 16:30:00,2.700843412933618
2025-08-08 17:30:00,2.700843412933618
2025-08-08 18:30:00,2.700843412933618
2025-08-08 19:30:00,2.700843412933618
2025-08-11 13:30:00,2.700843412933618
2025-08-11 14:30:00,2.700843412933618
2025-08-11 15:30:00,2.700843412933618
2025-08-11 16:30:00,2.700843412933618
2025-08-11 17:30:00,2.700843412933618
2025-08-11 18:30:00,2.700843412933618
2025-08-11 19:30:00,2.700843412933618
2025-08-12 13:30:00,2.700843412933618
2025-08-12 14:30:00,2.700843412933618
2025-08-12 15:30:00,2.700843412933618
2025-08-12 16:30:00,2.700843412933618
2025-08-12 17:30:00,2.700843412933618
2025-08-12 18:30:00,2.700843412933618
2025-08-12 19:30:00,2.700843412933618
2025-08-13 13:30:00,2.700843412933618
2025-08-13 14:30:00,2.700843412933618
2025-08-13 15:30:00,2.700843412933618
2025-08-13 16:30:00,2.700843412933618
2025-08-13 17:30:00,2.700843412933618
2025-08-13 18:30:00,2.700843412933618
2025-08-13 19:30:00,2.700843412933618
2025-08-14 13:30:00,2.700843412933618
2025-08-14 14:30:00,2.700843412933618
2025-08-14 15:30:00,2.700843412933618
2025-08-14 16:30:00,2.700843412933618
2025-08-14 17:30:00,2.700843412933618
2025-08-14 18:30:00,2.700843412933618
2025-08-14 19:30:00,2.700843412933618
2025-08-15 13:30:00,2.700843412933618
2025-08-15 14:30:00,2.700843412933618
2025-08-15 15:30:00,2.700843412933618
2025-08-15 16:30:00,2.700843412933618
2025-08-15 17:30:00,2.700843412933618
2025-08-15 18:30:00,2.700843412933618
2025-08-15 19:30:00,2.700843412933618
2025-08-18 13:30:00,2.700843412933618
2025-08-18 14:30:00,2.700843412933618
2025-08-18 15:30:00,2.700843412933618
2025-08-18 16:30:00,2.700843412933618
2025-08-18 17:30:00,2.700843412933618
2025-08-18 18:30:00,2.700843412933618
2025-08-18 19:30:00,2.700843412933618
2025-08-19 13:30:00,2.700843412933618
2025-08-19 14:30:00,2.700843412933618
2025-08-19 15:30:00,2.700843412933618
2025-08-19 16:30:00,2.700843412933618
2025-08-19 17:30:00,2.700843412933618
2025-08-19 18:30:00,2.700843412933618
2025-08-19 19:30:00,2.700843412933618
2025-08-20 13:30:00,2.700843412933618
2025-08-20 14:30:00,2.700843412933618
2025-08-20 15:30:00,2.700843412933618
2025-08-20 16:30:00,2.700843412933618
2025-08-20 17:30:00,2.700843412933618
2025-08-20 18:30:00,2.700843412933618
2025-08-20 19:30:00,2.700843412933618
2025-08-21 13:30:00,2.700843412933618
2025-08-21 14:30:00,2.700843412933618
2025-08-21 15:30:00,2.700843412933618
2025-08-21 16:30:00,2.700843412933618
2025-08-21 17:30:00,2.700843412933618
2025-08-21 18:30:00,2.700843412933618
2025-08-21 19:30:00,2.700843412933618
2025-08-22 13:30:00,2.700843412933618
2025-08-22 14:30:00,2.700843412933618
2025-08-22 15:30:00,2.700843412933618
2025-08-22 16:30:00,2.700843412933618
2025-08-22 17:30:00,2.700843412933618
2025-08-22 18:30:00,2.700843412933618
2025-08-22 19:30:00,2.700843412933618
2025-08-25 13:30:00,2.700843412933618
2025-08-25 14:30:00,2.700843412933618
2025-08-25 15:30:00,2.700843412933618
2025-08-25 16:30:00,2.700843412933618
2025-08-25 17:30:00,2.700843412933618
2025-08-25 18:30:00,2.700843412933618
2025-08-25 19:30:00,2.700843412933618
2025-08-26 13:30:00,2.700843412933618
2025-08-26 14:30:00,2.700843412933618
2025-08-26 15:30:00,2.700843412933618
2025-08-26 16:30:00,2.700843412933618
2025-08-26 17:30:00,2.700843412933618
2025-08-26 18:30:00,2.700843412933618
2025-08-26 19:30:00,2.700843412933618
2025-08-27 13:30:00,2.700843412933618
2025-08-27 15:30:00,2.700843412933618
2025-08-27 16:30:00,2.700843412933618
2025-08-27 17:30:00,2.700843412933618
2025-08-27 18:30:00,2.700843412933618
2025-08-27 19:30:00,2.700843412933618
2025-08-28 13:30:00,2.700843412933618
2025-08-28 14:30:00,2.700843412933618
2025-08-28 15:30:00,2.700843412933618
2025-08-28 16:30:00,2.700843412933618
2025-08-28 17:30:00,2.700843412933618
2025-08-28 18:30:00,2.700843412933618
2025-08-28 19:30:00,2.700843412933618
2025-08-29 13:30:00,2.700843412933618
2025-08-29 14:30:00,2.700843412933618
2025-08-29 15:30:00,2.700843412933618
2025-08-29 16:30:00,2.700843412933618
2025-08-29 17:30:00,2.700843412933618
2025-08-29 18:30:00,2.700843412933618
2025-08-29 19:30:00,2.700843412933618
2025-09-02 13:30:00,2.700843412933618
2025-09-02 14:30:00,2.700843412933618
2025-09-02 15:30:00,2.700843412933618
2025-09-02 16:30:00,2.700843412933618
2025-09-02 17:30:00,2.700843412933618
2025-09-02 18:30:00,2.700843412933618
2025-09-02 19:30:00,2.700843412933618
2025-09-03 13:30:00,2.700843412933618
2025-09-03 14:30:00,2.700843412933618
2025-09-03 15:30:00,2.700843412933618
2025-09-03 16:30:00,2.700843412933618
2025-09-03 17:30:00,2.700843412933618
2025-09-03 18:30:00,2.700843412933618
2025-09-03 19:30:00,2.700843412933618
2025-09-04 13:30:00,2.700843412933618
2025-09-04 14:30:00,2.700843412933618
2025-09-04 15:30:00,2.700843412933618
2025-09-04 16:30:00,2.700843412933618
2025-09-04 17:30:00,2.700843412933618
2025-09-04 18:30:00,2.700843412933618
2025-09-04 19:30:00,2.700843412933618
2025-09-05 13:30:00,2.700843412933618
2025-09-05 14:30:00,2.700843412933618
2025-09-05 15:30:00,2.700843412933618
2025-09-05 16:30:00,2.700843412933618
2025-09-05 17:30:00,2.700843412933618
2025-09-05 18:30:00,2.700843412933618
2025-09-05 19:30:00,2.700843412933618
2025-09-08 13:30:00,2.700843412933618
2025-09-08 14:30:00,2.700843412933618
2025-09-08 15:30:00,2.700843412933618
2025-09-08 16:30:00,2.700843412933618
2025-09-08 17:30:00,2.700843412933618
2025-09-08 18:30:00,2.700843412933618
2025-09-08 19:30:00,2.700843412933618
2025-09-09 13:30:00,2.700843412933618
2025-09-09 14:30:00,2.700843412933618
2025-09-09 15:30:00,2.700843412933618
2025-09-09 16:30:00,2.700843412933618
2025-09-09 17:30:00,2.700843412933618
2025-09-09 18:30:00,2.700843412933618
2025-09-09 19:30:00,2.700843412933618
2025-09-10 13:30:00,2.700843412933618
2025-09-10 14:30:00,2.700843412933618
2025-09-10 15:30:00,2.700843412933618
2025-09-10 16:30:00,2.700843412933618
2025-09-10 17:30:00,2.700843412933618
2025-09-10 18:30:00,2.700843412933618
2025-09-10 19:30:00,2.700843412933618
2025-09-11 13:30:00,2.700843412933618
2025-09-11 14:30:00,2.700843412933618
2025-09-11 15:30:00,2.700843412933618
2025-09-11 16:30:00,2.700843412933618
2025-09-11 17:30:00,2.700843412933618
2025-09-11 18:30:00,2.700843412933618
2025-09-11 19:30:00,2.700843412933618
2025-09-12 13:30:00,2.700843412933618
2025-09-12 14:30:00,2.700843412933618
2025-09-12 15:30:00,2.700843412933618
2025-09-12 16:30:00,2.700843412933618
2025-09-12 17:30:00,2.700843412933618
2025-09-12 18:30:00,2.700843412933618
2025-09-12 19:30:00,2.700843412933618
2025-09-15 13:30:00,2.700843412933618
2025-09-15 14:30:00,2.700843412933618
2025-09-15 15:30:00,2.700843412933618
2025-09-15 16:30:00,2.700843412933618
2025-09-15 17:30:00,2.700843412933618
2025-09-15 18:30:00,2.700843412933618
2025-09-15 19:30:00,2.700843412933618
2025-09-16 13:30:00,2.700843412933618
2025-09-16 14:30:00,2.700843412933618
2025-09-16 15:30:00,2.700843412933618
2025-09-16 16:30:00,2.700843412933618
2025-09-16 17:30:00,2.700843412933618
2025-09-16 18:30:00,2.700843412933618
2025-09-16 19:30:00,2.700843412933618
2025-09-17 13:30:00,2.700843412933618
2025-09-17 14:30:00,2.700843412933618
2025-09-17 15:30:00,2.700843412933618
2025-09-17 16:30:00,2.700843412933618
2025-09-17 17:30:00,2.700843412933618
2025-09-17 18:30:00,2.700843412933618
2025-09-17 19:30:00,2.700843412933618
2025-09-18 13:30:00,2.700843412933618
2025-09-18 14:30:00,2.700843412933618
2025-09-18 15:30:00,2.700843412933618
2025-09-18 16:30:00,2.700843412933618
2025-09-18 17:30:00,2.700843412933618
2025-09-18 18:30:00,2.700843412933618
2025-09-18 19:30:00,2.700843412933618
2025-09-19 13:30:00,2.700843412933618
2025-09-19 14:30:00,2.700843412933618
2025-09-19 15:30:00,2.700843412933618
2025-09-19 16:30:00,2.700843412933618
2025-09-19 17:30:00,2.700843412933618
2025-09-19 18:30:00,2.700843412933618
2025-09-22 13:30:00,2.700843412933618
2025-09-22 14:30:00,2.700843412933618
2025-09-22 15:30:00,2.700843412933618
2025-09-22 16:30:00,2.700843412933618
2025-09-22 17:30:00,2.700843412933618
2025-09-22 18:30:00,2.700843412933618
2025-09-22 19:30:00,2.700843412933618
2025-09-23 13:30:00,2.700843412933618
2025-09-23 14:30:00,2.700843412933618
2025-09-23 15:30:00,2.700843412933618
2025-09-23 16:30:00,2.700843412933618
2025-09-23 17:30:00,2.700843412933618
2025-09-23 18:30:00,2.700843412933618
2025-09-23 19:30:00,2.700843412933618
2025-09-24 13:30:00,2.700843412933618
2025-09-24 14:30:00,2.700843412933618
2025-09-24 15:30:00,2.700843412933618
2025-09-24 16:30:00,2.700843412933618
2025-09-24 17:30:00,2.700843412933618
2025-09-24 18:30:00,2.700843412933618
2025-09-24 19:30:00,2.700843412933618
2025-09-25 13:30:00,2.700843412933618
2025-09-25 14:30:00,2.700843412933618
2025-09-25 15:30:00,2.700843412933618
2025-09-25 16:30:00,2.700843412933618
2025-09-25 17:30:00,2.700843412933618
2025-09-25 18:30:00,2.700843412933618
2025-09-25 19:30:00,2.700843412933618
2025-09-26 13:30:00,2.700843412933618
2025-09-26 14:30:00,2.700843412933618
2025-09-26 15:30:00,2.700843412933618
2025-09-26 16:30:00,2.700843412933618
2025-09-26 17:30:00,2.700843412933618
2025-09-26 18:30:00,2.700843412933618
2025-09-26 19:30:00,2.700843412933618
2025-09-29 13:30:00,2.700843412933618
2025-09-29 14:30:00,2.700843412933618
2025-09-29 15:30:00,2.700843412933618
2025-09-29 16:30:00,2.700843412933618
2025-09-29 17:30:00,2.700843412933618
2025-09-29 18:30:00,2.700843412933618
2025-09-29 19:30:00,2.700843412933618
2025-09-30 13:30:00,2.700843412933618
2025-09-30 14:30:00,2.700843412933618
2025-09-30 15:30:00,2.700843412933618
2025-09-30 16:30:00,2.700843412933618
2025-09-30 17:30:00,2.700843412933618
2025-09-30 18:30:00,2.700843412933618
2025-09-30 19:30:00,2.700843412933618
2025-10-01 13:30:00,2.700843412933618
2025-10-01 14:30:00,2.700843412933618
2025-10-01 15:30:00,2.700843412933618
2025-10-01 16:30:00,2.700843412933618
2025-10-01 17:30:00,2.700843412933618
2025-10-01 18:30:00,2.700843412933618
2025-10-01 19:30:00,2.700843412933618
2025-10-02 13:30:00,2.700843412933618
2025-10-02 14:30:00,2.700843412933618
2025-10-02 15:30:00,2.700843412933618
2025-10-02 16:30:00,2.700843412933618
2025-10-02 17:30:00,2.700843412933618
2025-10-02 18:30:00,2.700843412933618
2025-10-02 19:30:00,2.700843412933618
2025-10-03 13:30:00,2.700843412933618
2025-10-03 14:30:00,2.700843412933618
2025-10-03 15:30:00,2.700843412933618
2025-10-03 16:30:00,2.700843412933618
2025-10-03 17:30:00,2.700843412933618
2025-10-03 18:30:00,2.700843412933618
2025-10-03 19:30:00,2.700843412933618
2025-10-06 13:30:00,2.700843412933618
2025-10-06 14:30:00,2.700843412933618
2025-10-06 15:30:00,2.700843412933618
2025-10-06 16:30:00,2.700843412933618
2025-10-06 17:30:00,2.700843412933618
2025-10-06 18:30:00,2.700843412933618
2025-10-06 19:30:00,2.700843412933618
2025-10-07 13:30:00,2.700843412933618
2025-10-07 14:30:00,2.700843412933618
2025-10-07 15:30:00,2.700843412933618
2025-10-07 16:30:00,2.700843412933618
2025-10-07 17:30:00,2.700843412933618
2025-10-07 18:30:00,2.700843412933618
2025-10-07 19:30:00,2.700843412933618
2025-10-08 13:30:00,2.700843412933618
2025-10-08 14:30:00,2.700843412933618
2025-10-08 15:30:00,2.700843412933618
2025-10-08 16:30:00,2.700843412933618
2025-10-08 17:30:00,2.700843412933618
2025-10-08 18:30:00,2.700843412933618
2025-10-08 19:30:00,2.700843412933618
2025-10-09 13:30:00,2.700843412933618
2025-10-09 14:30:00,2.700843412933618
2025-10-09 15:30:00,2.700843412933618
2025-10-09 16:30:00,2.700843412933618
2025-10-09 17:30:00,2.700843412933618
2025-10-09 18:30:00,2.700843412933618
2025-10-09 19:30:00,2.700843412933618
2025-10-10 13:30:00,2.700843412933618
2025-10-10 14:30:00,2.700843412933618
2025-10-10 15:30:00,2.700843412933618
2025-10-10 16:30:00,2.700843412933618
2025-10-10 17:30:00,2.700843412933618
2025-10-10 18:30:00,2.700843412933618
2025-10-10 19:30:00,2.700843412933618
2025-10-13 13:30:00,2.700843412933618
2025-10-13 14:30:00,2.700843412933618
2025-10-13 15:30:00,2.700843412933618
2025-10-13 16:30:00,2.700843412933618
2025-10-13 17:30:00,2.700843412933618
2025-10-13 18:30:00,2.700843412933618
2025-10-13 19:30:00,2.700843412933618
2025-10-14 13:30:00,2.700843412933618
2025-10-14 14:30:00,2.700843412933618
2025-10-14 15:30:00,2.700843412933618
2025-10-14 16:30:00,2.700843412933618
2025-10-14 17:30:00,2.700843412933618
2025-10-14 18:30:00,2.700843412933618
2025-10-14 19:30:00,2.700843412933618
2025-10-15 13:30:00,2.700843412933618
2025-10-15 14:30:00,2.700843412933618
2025-10-15 15:30:00,2.700843412933618
2025-10-15 16:30:00,2.700843412933618
2025-10-15 17:30:00,2.700843412933618
2025-10-15 18:30:00,2.700843412933618
2025-10-15 19:30:00,2.700843412933618
2025-10-16 13:30:00,2.700843412933618
2025-10-16 14:30:00,2.700843412933618
2025-10-16 15:30:00,2.700843412933618
2025-10-16 16:30:00,2.700843412933618
2025-10-16 17:30:00,2.700843412933618
2025-10-16 18:30:00,2.700843412933618
2025-10-16 19:30:00,2.700843412933618
2025-10-17 13:30:00,2.700843412933618
2025-10-17 14:30:00,2.700843412933618
2025-10-17 15:30:00,2.700843412933618
2025-10-17 16:30:00,2.700843412933618
2025-10-17 17:30:00,2.700843412933618
2025-10-17 18:30:00,2.700843412933618
2025-10-17 19:30:00,2.700843412933618
2025-10-20 13:30:00,2.700843412933618
2025-10-20 14:30:00,2.700843412933618
2025-10-20 15:30:00,2.700843412933618
2025-10-20 16:30:00,2.700843412933618
2025-10-20 17:30:00,2.700843412933618
2025-10-20 18:30:00,2.700843412933618
2025-10-20 19:30:00,2.700843412933618
2025-10-21 13:30:00,2.700843412933618
2025-10-21 14:30:00,2.700843412933618
2025-10-21 15:30:00,2.700843412933618
2025-10-21 16:30:00,2.700843412933618
2025-10-21 17:30:00,2.700843412933618
2025-10-21 18:30:00,2.700843412933618
2025-10-21 19:30:00,2.700843412933618
2025-10-22 13:30:00,2.700843412933618
2025-10-22 14:30:00,2.700843412933618
2025-10-22 15:30:00,2.700843412933618
2025-10-22 16:30:00,2.700843412933618
2025-10-22 17:30:00,2.700843412933618
2025-10-22 18:30:00,2.700843412933618
2025-10-22 19:30:00,2.700843412933618
2025-10-23 13:30:00,2.700843412933618
2025-10-23 14:30:00,2.700843412933618
2025-10-23 15:30:00,2.700843412933618
2025-10-23 16:30:00,2.700843412933618
2025-10-23 17:30:00,2.700843412933618
2025-10-23 18:30:00,2.700843412933618
2025-10-23 19:30:00,2.700843412933618
2025-10-24 13:30:00,2.700843412933618
2025-10-24 14:30:00,2.700843412933618
2025-10-24 15:30:00,2.700843412933618
2025-10-24 16:30:00,2.700843412933618
2025-10-24 17:30:00,2.700843412933618
2025-10-24 18:30:00,2.700843412933618
2025-10-24 19:30:00,2.700843412933618
2025-10-27 13:30:00,2.700843412933618
2025-10-27 14:30:00,2.700843412933618
2025-10-27 15:30:00,2.700843412933618
2025-10-27 16:30:00,2.700843412933618
2025-10-27 17:30:00,2.700843412933618
2025-10-27 18:30:00,2.700843412933618
2025-10-27 19:30:00,2.700843412933618
2025-10-28 13:30:00,2.700843412933618
2025-10-28 14:30:00,2.700843412933618
2025-10-28 15:30:00,2.700843412933618
2025-10-28 16:30:00,2.700843412933618
2025-10-28 17:30:00,2.700843412933618
2025-10-28 18:30:00,2.700843412933618
2025-10-28 19:30:00,2.700843412933618
2025-10-29 13:30:00,2.700843412933618
2025-10-29 14:30:00,2.700843412933618
2025-10-29 15:30:00,2.700843412933618
2025-10-29 16:30:00,2.700843412933618
2025-10-29 17:30:00,2.700843412933618
2025-10-29 18:30:00,2.700843412933618
2025-10-29 19:30:00,2.700843412933618
2025-10-30 13:30:00,2.700843412933618
2025-10-30 14:30:00,2.700843412933618
2025-10-30 15:30:00,2.700843412933618
2025-10-30 16:30:00,2.700843412933618
2025-10-30 17:30:00,2.700843412933618
2025-10-30 18:30:00,2.700843412933618
2025-10-30 19:30:00,2.700843412933618
2025-10-31 13:30:00,2.700843412933618
2025-10-31 14:30:00,2.700843412933618
2025-10-31 15:30:00,2.700843412933618
2025-10-31 16:30:00,2.700843412933618
2025-10-31 17:30:00,2.700843412933618
2025-10-31 18:30:00,2.700843412933618
2025-10-31 19:30:00,2.700843412933618
2025-11-03 14:30:00,2.700843412933618
2025-11-03 15:30:00,2.700843412933618
2025-11-03 16:30:00,2.700843412933618
2025-11-03 17:30:00,2.700843412933618
2025-11-03 18:30:00,2.700843412933618
2025-11-03 19:30:00,2.700843412933618
2025-11-03 20:30:00,2.700843412933618
2025-11-04 14:30:00,2.700843412933618
2025-11-04 15:30:00,2.700843412933618
2025-11-04 16:30:00,2.700843412933618
2025-11-04 17:30:00,2.700843412933618
2025-11-04 18:30:00,2.700843412933618
2025-11-04 19:30:00,2.700843412933618
2025-11-04 20:30:00,2.700843412933618
2025-11-05 14:30:00,2.700843412933618
2025-11-05 15:30:00,2.700843412933618
2025-11-05 16:30:00,2.700843412933618
2025-11-05 17:30:00,2.700843412933618
2025-11-05 18:30:00,2.700843412933618
2025-11-05 19:30:00,2.700843412933618
2025-11-05 20:30:00,2.700843412933618
2025-11-06 14:30:00,2.700843412933618
2025-11-06 15:30:00,2.700843412933618
2025-11-06 16:30:00,2.700843412933618
2025-11-06 17:30:00,2.700843412933618
2025-11-06 18:30:00,2.700843412933618
2025-11-06 19:30:00,2.700843412933618
2025-11-06 20:30:00,2.700843412933618
2025-11-07 14:30:00,2.700843412933618
2025-11-07 15:30:00,2.700843412933618
2025-11-07 16:30:00,2.700843412933618
2025-11-07 17:30:00,2.700843412933618
2025-11-07 18:30:00,2.700843412933618
2025-11-07 19:30:00,2.700843412933618
2025-11-07 20:30:00,2.700843412933618
2025-11-10 14:30:00,2.700843412933618
2025-11-10 15:30:00,2.700843412933618
2025-11-10 16:30:00,2.700843412933618
2025-11-10 17:30:00,2.700843412933618
2025-11-10 18:30:00,2.700843412933618
2025-11-10 19:30:00,2.700843412933618
2025-11-10 20:30:00,2.700843412933618
2025-11-11 14:30:00,2.700843412933618
2025-11-11 15:30:00,2.700843412933618
2025-11-11 16:30:00,2.700843412933618
2025-11-11 17:30:00,2.700843412933618
2025-11-11 18:30:00,2.700843412933618
2025-11-11 19:30:00,2.700843412933618
2025-11-11 20:30:00,2.700843412933618
2025-11-12 14:30:00,2.700843412933618
2025-11-12 15:30:00,2.700843412933618
2025-11-12 16:30:00,2.700843412933618
2025-11-12 17:30:00,2.700843412933618
2025-11-12 18:30:00,2.700843412933618
2025-11-12 19:30:00,2.700843412933618
2025-11-12 20:30:00,2.700843412933618
2025-11-13 14:30:00,2.700843412933618
2025-11-13 15:30:00,2.700843412933618
2025-11-13 16:30:00,2.700843412933618
2025-11-13 17:30:00,2.700843412933618
2025-11-13 18:30:00,2.700843412933618
2025-11-13 19:30:00,2.700843412933618
2025-11-13 20:30:00,2.700843412933618
2025-11-14 14:30:00,2.700843412933618
2025-11-14 15:30:00,2.700843412933618
2025-11-14 16:30:00,2.700843412933618
2025-11-14 17:30:00,2.700843412933618
2025-11-14 18:30:00,2.700843412933618
2025-11-14 19:30:00,2.700843412933618
2025-11-14 20:30:00,2.700843412933618
2025-11-17 14:30:00,2.700843412933618
2025-11-17 15:30:00,2.700843412933618
2025-11-17 16:30:00,2.700843412933618
2025-11-17 17:30:00,2.700843412933618
2025-11-17 18:30:00,2.700843412933618
2025-11-17 19:30:00,2.700843412933618
2025-11-17 20:30:00,2.700843412933618
2025-11-18 14:30:00,2.700843412933618
2025-11-18 15:30:00,2.700843412933618
2025-11-18 16:30:00,2.700843412933618
2025-11-18 17:30:00,2.700843412933618
2025-11-18 18:30:00,2.700843412933618
2025-11-18 19:30:00,2.700843412933618
2025-11-18 20:30:00,2.700843412933618
2025-11-19 14:30:00,2.700843412933618
2025-11-19 15:30:00,2.700843412933618
2025-11-19 16:30:00,2.700843412933618
2025-11-19 17:30:00,2.700843412933618
2025-11-19 18:30:00,2.700843412933618
2025-11-19 19:30:00,2.700843412933618
2025-11-19 20:30:00,2.700843412933618
2025-11-20 14:30:00,2.700843412933618
2025-11-20 15:30:00,2.700843412933618
2025-11-20 16:30:00,2.700843412933618
2025-11-20 17:30:00,2.700843412933618
2025-11-20 18:30:00,2.700843412933618
2025-11-20 19:30:00,2.700843412933618
2025-11-20 20:30:00,2.700843412933618
2025-11-21 14:30:00,2.700843412933618
2025-11-21 15:30:00,2.700843412933618
2025-11-21 16:30:00,2.700843412933618
2025-11-21 17:30:00,2.700843412933618
2025-11-21 18:30:00,2.700843412933618
2025-11-21 19:30:00,2.700843412933618
2025-11-21 20:30:00,2.700843412933618
2025-11-24 14:30:00,2.700843412933618
2025-11-24 15:30:00,2.700843412933618
2025-11-24 16:30:00,2.700843412933618
2025-11-24 17:30:00,2.700843412933618
2025-11-24 18:30:00,2.700843412933618
2025-11-24 19:30:00,2.700843412933618
2025-11-24 20:30:00,2.700843412933618
2025-11-25 14:30:00,2.700843412933618
2025-11-25 15:30:00,2.700843412933618
2025-11-25 16:30:00,2.700843412933618
2025-11-25 17:30:00,2.700843412933618
2025-11-25 18:30:00,2.700843412933618
2025-11-25 19:30:00,2.700843412933618
2025-11-25 20:30:00,2.700843412933618
2025-11-26 14:30:00,2.700843412933618
2025-11-26 15:30:00,2.700843412933618
2025-11-26 16:30:00,2.700843412933618
2025-11-26 17:30:00,2.700843412933618
2025-11-26 18:30:00,2.700843412933618
2025-11-26 19:30:00,2.700843412933618
2025-11-26 20:30:00,2.700843412933618
2025-11-28 14:30:00,2.700843412933618
2025-11-28 15:30:00,2.700843412933618
2025-11-28 16:30:00,2.700843412933618
2025-11-28 17:30:00,2.700843412933618
2025-12-01 14:30:00,2.700843412933618
2025-12-01 15:30:00,2.700843412933618
2025-12-01 16:30:00,2.700843412933618
2025-12-01 17:30:00,2.700843412933618
2025-12-01 18:30:00,2.700843412933618
2025-12-01 19:30:00,2.700843412933618
2025-12-01 20:30:00,2.700843412933618
2025-12-02 14:30:00,2.700843412933618
2025-12-02 15:30:00,2.700843412933618
2025-12-02 18:30:00,2.700843412933618
2025-12-02 19:30:00,2.700843412933618
2025-12-02 20:30:00,2.700843412933618
2025-12-03 14:30:00,2.700843412933618
2025-12-03 15:30:00,2.700843412933618
2025-12-03 16:30:00,2.700843412933618
2025-12-03 17:30:00,2.700843412933618
2025-12-03 18:30:00,2.700843412933618
2025-12-03 19:30:00,2.700843412933618
2025-12-03 20:30:00,2.700843412933618
2025-12-04 14:30:00,2.700843412933618
2025-12-04 15:30:00,2.700843412933618
2025-12-04 16:30:00,2.700843412933618
2025-12-04 17:30:00,2.700843412933618
2025-12-04 18:30:00,2.700843412933618
2025-12-04 19:30:00,2.700843412933618
2025-12-04 20:30:00,2.700843412933618
2025-12-05 14:30:00,2.700843412933618
2025-12-05 15:30:00,2.700843412933618
2025-12-05 16:30:00,2.700843412933618
2025-12-05 17:30:00,2.700843412933618
2025-12-05 18:30:00,2.700843412933618
2025-12-05 19:30:00,2.700843412933618
2025-12-05 20:30:00,2.700843412933618
2025-12-08 14:30:00,2.700843412933618
2025-12-08 15:30:00,2.700843412933618
2025-12-08 16:30:00,2.700843412933618
2025-12-08 17:30:00,2.700843412933618
2025-12-08 18:30:00,2.700843412933618
2025-12-08 19:30:00,2.700843412933618
2025-12-08 20:30:00,2.700843412933618
2025-12-09 14:30:00,2.700843412933618
2025-12-09 15:30:00,2.700843412933618
2025-12-09 16:30:00,2.700843412933618
2025-12-09 17:30:00,2.700843412933618
2025-12-09 18:30:00,2.700843412933618
2025-12-09 19:30:00,2.700843412933618
2025-12-09 20:30:00,2.700843412933618
2025-12-10 14:30:00,2.700843412933618
2025-12-10 15:30:00,2.700843412933618
2025-12-10 16:30:00,2.700843412933618
2025-12-10 17:30:00,2.700843412933618
2025-12-10 18:30:00,2.700843412933618
2025-12-10 19:30:00,2.700843412933618
2025-12-10 20:30:00,2.700843412933618
2025-12-11 14:30:00,2.700843412933618
2025-12-11 15:30:00,2.700843412933618
2025-12-11 16:30:00,2.700843412933618
2025-12-11 17:30:00,2.700843412933618
2025-12-11 18:30:00,2.700843412933618
2025-12-11 19:30:00,2.700843412933618
2025-12-11 20:30:00,2.700843412933618
2025-12-12 14:30:00,2.700843412933618
2025-12-12 15:30:00,2.700843412933618
2025-12-12 16:30:00,2.700843412933618
2025-12-12 17:30:00,2.700843412933618
2025-12-12 18:30:00,2.700843412933618
2025-12-12 19:30:00,2.700843412933618
2025-12-12 20:30:00,2.700843412933618
2025-12-15 14:30:00,2.700843412933618
2025-12-15 15:30:00,2.700843412933618
2025-12-15 16:30:00,2.700843412933618
2025-12-15 17:30:00,2.700843412933618
2025-12-15 18:30:00,2.700843412933618
2025-12-15 19:30:00,2.700843412933618
2025-12-15 20:30:00,2.700843412933618
2025-12-16 14:30:00,2.700843412933618
2025-12-16 15:30:00,2.700843412933618
2025-12-16 16:30:00,2.700843412933618
2025-12-16 17:30:00,2.700843412933618
2025-12-16 18:30:00,2.700843412933618
2025-12-16 19:30:00,2.700843412933618
2025-12-16 20:30:00,2.700843412933618
2025-12-17 14:30:00,2.700843412933618
2025-12-17 15:30:00,2.700843412933618
2025-12-17 16:30:00,2.700843412933618
2025-12-17 17:30:00,2.700843412933618
2025-12-17 18:30:00,2.700843412933618
2025-12-17 19:30:00,2.700843412933618
2025-12-17 20:30:00,2.700843412933618
2025-12-18 14:30:00,2.700843412933618
2025-12-18 15:30:00,2.700843412933618
2025-12-18 16:30:00,2.700843412933618
2025-12-18 17:30:00,2.700843412933618
2025-12-18 18:30:00,2.700843412933618
2025-12-18 19:30:00,2.700843412933618
2025-12-18 20:30:00,2.700843412933618
2025-12-19 14:30:00,2.700843412933618
2025-12-19 15:30:00,2.700843412933618
2025-12-19 16:30:00,2.700843412933618
2025-12-19 17:30:00,2.700843412933618
2025-12-19 18:30:00,2.700843412933618
2025-12-19 19:30:00,2.700843412933618
2025-12-19 20:30:00,2.700843412933618
2025-12-22 14:30:00,2.700843412933618
2025-12-22 15:30:00,2.700843412933618
2025-12-22 16:30:00,2.700843412933618
2025-12-22 17:30:00,2.700843412933618
2025-12-22 18:30:00,2.700843412933618
2025-12-22 19:30:00,2.700843412933618
2025-12-22 20:30:00,2.700843412933618
2025-12-23 14:30:00,2.700843412933618
2025-12-23 15:30:00,2.700843412933618
2025-12-23 16:30:00,2.700843412933618
2025-12-23 17:30:00,2.700843412933618
2025-12-23 18:30:00,2.700843412933618
2025-12-23 19:30:00,2.700843412933618
2025-12-23 20:30:00,2.700843412933618
2025-12-24 14:30:00,2.700843412933618
2025-12-24 15:30:00,2.700843412933618
2025-12-24 16:30:00,2.700843412933618
2025-12-26 14:30:00,2.700843412933618
2025-12-26 15:30:00,2.700843412933618
2025-12-26 16:30:00,2.700843412933618
2025-12-26 17:30:00,2.700843412933618
2025-12-26 18:30:00,2.700843412933618
2025-12-26 19:30:00,2.700843412933618
2025-12-26 20:30:00,2.700843412933618
2025-12-29 14:30:00,2.700843412933618
2025-12-29 15:30:00,2.700843412933618
2025-12-29 16:30:00,2.700843412933618
2025-12-29 17:30:00,2.700843412933618
2025-12-29 18:30:00,2.700843412933618
2025-12-29 19:30:00,2.700843412933618
2025-12-29 20:30:00,2.700843412933618
2025-12-30 14:30:00,2.700843412933618
2025-12-30 15:30:00,2.700843412933618
2025-12-30 16:30:00,2.700843412933618
2025-12-30 17:30:00,2.700843412933618
2025-12-30 18:30:00,2.700843412933618
2025-12-30 19:30:00,2.700843412933618
2025-12-30 20:30:00,2.700843412933618
2025-12-31 14:30:00,2.700843412933618
2025-12-31 15:30:00,2.700843412933618
2025-12-31 16:30:00,2.700843412933618
2025-12-31 17:30:00,2.700843412933618
2025-12-31 18:30:00,2.700843412933618
2025-12-31 19:30:00,2.700843412933618
2025-12-31 20:30:00,2.700843412933618
2026-01-02 14:30:00,2.700843412933618
2026-01-02 15:30:00,2.700843412933618
2026-01-02 16:30:00,2.700843412933618
2026-01-02 17:30:00,2.700843412933618
2026-01-02 18:30:00,2.700843412933618
2026-01-02 19:30:00,2.700843412933618
2026-01-02 20:30:00,2.700843412933618
2026-01-05 14:30:00,2.700843412933618
2026-01-05 15:30:00,2.700843412933618
2026-01-05 16:30:00,2.700843412933618
2026-01-05 17:30:00,2.700843412933618
2026-01-05 18:30:00,2.700843412933618
2026-01-05 19:30:00,2.700843412933618
2026-01-05 20:30:00,2.700843412933618
2026-01-06 14:30:00,2.700843412933618
2026-01-06 15:30:00,2.700843412933618
2026-01-06 16:30:00,2.700843412933618
2026-01-06 17:30:00,2.700843412933618
2026-01-06 18:30:00,2.700843412933618
2026-01-06 19:30:00,2.700843412933618
2026-01-06 20:30:00,2.700843412933618
2026-01-07 14:30:00,2.700843412933618
2026-01-07 15:30:00,2.700843412933618
2026-01-07 16:30:00,2.700843412933618
2026-01-07 17:30:00,2.700843412933618
2026-01-07 18:30:00,2.700843412933618
2026-01-07 19:30:00,2.700843412933618
2026-01-07 20:30:00,2.700843412933618
2026-01-08 14:30:00,2.700843412933618
2026-01-08 15:30:00,2.700843412933618
2026-01-08 16:30:00,2.700843412933618
2026-01-08 17:30:00,2.700843412933618
2026-01-08 18:30:00,2.700843412933618
2026-01-08 19:30:00,2.700843412933618
2026-01-08 20:30:00,2.700843412933618
2026-01-09 14:30:00,2.700843412933618
2026-01-09 15:30:00,2.700843412933618
2026-01-09 16:30:00,2.700843412933618
2026-01-09 17:30:00,2.700843412933618
2026-01-09 18:30:00,2.700843412933618
2026-01-09 19:30:00,2.700843412933618
2026-01-09 20:30:00,2.700843412933618
2026-01-12 14:30:00,2.700843412933618
2026-01-12 15:30:00,2.700843412933618
2026-01-12 16:30:00,2.700843412933618
2026-01-12 17:30:00,2.700843412933618
2026-01-12 18:30:00,2.700843412933618
2026-01-12 19:30:00,2.700843412933618
2026-01-12 20:30:00,2.700843412933618
2026-01-13 14:30:00,2.700843412933618
2026-01-13 15:30:00,2.700843412933618
2026-01-13 16:30:00,2.700843412933618
2026-01-13 17:30:00,2.700843412933618
2026-01-13 18:30:00,2.700843412933618
2026-01-13 19:30:00,2.700843412933618
2026-01-13 20:30:00,2.700843412933618
2026-01-14 14:30:00,2.700843412933618
2026-01-14 15:30:00,2.700843412933618
2026-01-14 16:30:00,2.700843412933618
2026-01-14 17:30:00,2.700843412933618
2026-01-14 18:30:00,2.700843412933618
2026-01-14 19:30:00,2.700843412933618
2026-01-14 20:30:00,2.700843412933618
2026-01-15 14:30:00,2.700843412933618
2026-01-15 15:30:00,2.700843412933618
2026-01-15 16:30:00,2.700843412933618
2026-01-15 17:30:00,2.700843412933618
2026-01-15 18:30:00,2.700843412933618
2026-01-15 19:30:00,2.700843412933618
2026-01-15 20:30:00,2.700843412933618
2026-01-16 14:30:00,2.700843412933618
2026-01-16 15:30:00,2.700843412933618
2026-01-16 16:30:00,2.700843412933618
2026-01-16 17:30:00,2.700843412933618
2026-01-16 18:30:00,2.700843412933618
2026-01-16 19:30:00,2.700843412933618
2026-01-16 20:30:00,2.700843412933618
2026-01-20 14:30:00,2.700843412933618
2026-01-20 15:30:00,2.700843412933618
2026-01-20 16:30:00,2.700843412933618
2026-01-20 17:30:00,2.700843412933618
2026-01-20 18:30:00,2.700843412933618
2026-01-20 19:30:00,2.700843412933618
2026-01-20 20:30:00,2.700843412933618
2026-01-21 14:30:00,2.700843412933618
2026-01-21 15:30:00,2.700843412933618
2026-01-21 16:30:00,2.700843412933618
2026-01-21 17:30:00,2.700843412933618
2026-01-21 18:30:00,2.700843412933618
2026-01-21 19:30:00,2.700843412933618
2026-01-21 20:30:00,2.700843412933618
2026-01-22 14:30:00,2.700843412933618
2026-01-22 15:30:00,2.700843412933618
2026-01-22 16:30:00,2.700843412933618
2026-01-22 17:30:00,2.700843412933618
2026-01-22 18:30:00,2.700843412933618
2026-01-22 19:30:00,2.700843412933618
2026-01-22 20:30:00,2.700843412933618
2026-01-23 14:30:00,2.700843412933618
2026-01-23 15:30:00,2.700843412933618
2026-01-23 16:30:00,2.700843412933618
2026-01-23 17:30:00,2.700843412933618
2026-01-23 18:30:00,2.700843412933618
2026-01-23 19:30:00,2.700843412933618
2026-01-23 20:30:00,2.700843412933618
2026-01-26 14:30:00,2.700843412933618
2026-01-26 15:30:00,2.700843412933618
2026-01-26 16:30:00,2.700843412933618
2026-01-26 17:30:00,2.700843412933618
2026-01-26 18:30:00,2.700843412933618
2026-01-26 19:30:00,2.700843412933618
2026-01-26 20:30:00,2.700843412933618
2026-01-27 14:30:00,2.700843412933618
2026-01-27 15:30:00,2.700843412933618
2026-01-27 16:30:00,2.700843412933618
2026-01-27 17:30:00,2.700843412933618
2026-01-27 18:30:00,2.700843412933618
2026-01-27 19:30:00,2.700843412933618
2026-01-27 20:30:00,2.700843412933618
2026-01-28 14:30:00,2.700843412933618
2026-01-28 15:30:00,2.700843412933618
2026-01-28 16:30:00,2.700843412933618
2026-01-28 17:30:00,2.700843412933618
2026-01-28 18:30:00,2.700843412933618
2026-01-28 19:30:00,2.700843412933618
2026-01-28 20:30:00,2.700843412933618
2026-01-29 14:30:00,2.700843412933618
2026-01-29 15:30:00,2.700843412933618
2026-01-29 16:30:00,2.700843412933618
2026-01-29 17:30:00,2.700843412933618
2026-01-29 18:30:00,2.700843412933618
2026-01-29 19:30:00,2.700843412933618
2026-01-29 20:30:00,2.700843412933618
2026-01-30 14:30:00,2.700843412933618
2026-01-30 15:30:00,2.700843412933618
2026-01-30 16:30:00,2.700843412933618
2026-01-30 17:30:00,2.700843412933618
2026-01-30 18:30:00,2.700843412933618
2026-01-30 19:30:00,2.700843412933618
2026-01-30 20:30:00,2.700843412933618
2026-02-02 14:30:00,2.700843412933618
2026-02-02 15:30:00,2.700843412933618
2026-02-02 16:30:00,2.700843412933618
2026-02-02 17:30:00,2.700843412933618
2026-02-02 18:30:00,2.700843412933618
2026-02-02 19:30:00,2.700843412933618
2026-02-02 20:30:00,2.700843412933618
2026-02-03 14:30:00,2.700843412933618
2026-02-03 15:30:00,2.700843412933618
2026-02-03 16:30:00,2.700843412933618
2026-02-03 17:30:00,2.700843412933618
2026-02-03 18:30:00,2.700843412933618
2026-02-03 19:30:00,2.700843412933618
2026-02-03 20:30:00,2.700843412933618
2026-02-04 14:30:00,2.700843412933618
2026-02-04 15:30:00,2.700843412933618
2026-02-04 16:30:00,2.700843412933618
2026-02-04 17:30:00,2.700843412933618
2026-02-04 18:30:00,2.700843412933618
2026-02-04 19:30:00,2.700843412933618
2026-02-04 20:30:00,2.700843412933618
2026-02-05 14:30:00,2.700843412933618
2026-02-05 15:30:00,2.700843412933618
2026-02-05 16:30:00,2.700843412933618
2026-02-05 17:30:00,2.700843412933618
2026-02-05 18:30:00,2.700843412933618
2026-02-05 19:30:00,2.700843412933618
2026-02-05 20:30:00,2.700843412933618
2026-02-06 14:30:00,2.700843412933618
2026-02-06 15:30:00,2.700843412933618
2026-02-06 16:30:00,2.700843412933618
2026-02-06 17:30:00,2.700843412933618
2026-02-06 18:30:00,2.700843412933618
2026-02-06 19:30:00,2.700843412933618
2026-02-06 20:30:00,2.700843412933618
2026-02-09 14:30:00,2.700843412933618
2026-02-09 15:30:00,2.700843412933618
2026-02-09 16:30:00,2.700843412933618
2026-02-09 17:30:00,2.700843412933618
2026-02-09 18:30:00,2.700843412933618
2026-02-09 19:30:00,2.700843412933618
2026-02-09 20:30:00,2.700843412933618
2026-02-10 14:30:00,2.700843412933618
2026-02-10 15:30:00,2.700843412933618
2026-02-10 16:30:00,2.700843412933618
2026-02-10 17:30:00,2.700843412933618
2026-02-10 18:30:00,2.700843412933618
2026-02-10 19:30:00,2.700843412933618
2026-02-10 20:30:00,2.700843412933618
2026-02-11 14:30:00,2.700843412933618
2026-02-11 15:30:00,2.700843412933618
2026-02-11 16:30:00,2.700843412933618
2026-02-11 17:30:00,2.700843412933618
2026-02-11 18:30:00,2.700843412933618
2026-02-11 19:30:00,2.700843412933618
2026-02-11 20:30:00,2.700843412933618
2026-02-12 14:30:00,2.700843412933618
2026-02-12 15:30:00,2.700843412933618
2026-02-12 16:30:00,2.700843412933618
2026-02-12 17:30:00,2.700843412933618
2026-02-12 18:30:00,2.700843412933618
2026-02-12 19:30:00,2.700843412933618
2026-02-12 20:30:00,2.700843412933618
2026-02-13 14:30:00,2.700843412933618
2026-02-13 15:30:00,2.700843412933618
2026-02-13 16:30:00,2.700843412933618
2026-02-13 17:30:00,2.700843412933618
2026-02-13 18:30:00,2.700843412933618
2026-02-13 19:30:00,2.700843412933618
2026-02-13 20:30:00,2.700843412933618
