datetime,0
2024-08-02 18:00:00,1.0
2024-08-02 18:15:00,1.0
2024-08-02 18:30:00,1.0
2024-08-02 18:45:00,1.0
2024-08-02 19:00:00,1.0
2024-08-02 19:15:00,1.0
2024-08-02 19:30:00,1.0
2024-08-02 19:45:00,1.0
2024-08-05 13:30:00,1.0
2024-08-05 13:45:00,1.0
2024-08-05 14:00:00,1.0
2024-08-05 14:15:00,1.0
2024-08-05 14:30:00,1.0
2024-08-05 14:45:00,1.0
2024-08-05 15:00:00,1.0
2024-08-05 15:15:00,1.0
2024-08-05 15:30:00,1.0
2024-08-05 15:45:00,1.0
2024-08-05 16:00:00,1.0
2024-08-05 16:15:00,1.0
2024-08-05 16:30:00,1.0
2024-08-05 16:45:00,1.0
2024-08-05 17:00:00,1.0
2024-08-05 17:15:00,1.0
2024-08-05 17:30:00,1.0
2024-08-05 17:45:00,1.0
2024-08-05 18:00:00,1.0
2024-08-05 18:15:00,1.0
2024-08-05 18:30:00,1.0
2024-08-05 18:45:00,1.0
2024-08-05 19:00:00,1.0
2024-08-05 19:15:00,1.0
2024-08-05 19:30:00,1.0
2024-08-05 19:45:00,1.0
2024-08-06 13:30:00,1.0
2024-08-06 13:45:00,1.0
2024-08-06 14:00:00,1.0
2024-08-06 14:15:00,1.0
2024-08-06 14:30:00,1.0
2024-08-06 14:45:00,1.0
2024-08-06 15:00:00,1.0
2024-08-06 15:15:00,1.0
2024-08-06 15:30:00,1.0
2024-08-06 15:45:00,1.0
2024-08-06 16:00:00,1.0
2024-08-06 16:15:00,1.0
2024-08-06 16:30:00,1.0
2024-08-06 16:45:00,1.0
2024-08-06 17:00:00,1.0
2024-08-06 17:15:00,1.0
2024-08-06 17:30:00,1.0
2024-08-06 17:45:00,1.0
2024-08-06 18:00:00,1.0
2024-08-06 18:15:00,1.0
2024-08-06 18:30:00,1.0
2024-08-06 18:45:00,1.0
2024-08-06 19:00:00,1.0
2024-08-06 19:15:00,1.0
2024-08-06 19:30:00,1.0
2024-08-06 19:45:00,1.0
2024-08-07 13:30:00,1.0
2024-08-07 13:45:00,1.0
2024-08-07 14:00:00,1.0
2024-08-07 14:15:00,1.0
2024-08-07 14:30:00,1.0
2024-08-07 14:45:00,1.0
2024-08-07 15:00:00,1.0
2024-08-07 15:15:00,1.0
2024-08-07 15:30:00,1.0
2024-08-07 15:45:00,1.0
2024-08-07 16:00:00,1.0
2024-08-07 16:15:00,1.0
2024-08-07 16:30:00,1.0
2024-08-07 16:45:00,1.0
2024-08-07 17:00:00,1.0
2024-08-07 17:15:00,1.0
2024-08-07 17:30:00,1.0
2024-08-07 17:45:00,1.0
2024-08-07 18:00:00,1.0
2024-08-07 18:15:00,1.0
2024-08-07 18:30:00,1.0
2024-08-07 18:45:00,1.0
2024-08-07 19:00:00,1.0
2024-08-07 19:15:00,1.0
2024-08-07 19:30:00,1.0
2024-08-07 19:45:00,1.0
2024-08-08 13:30:00,1.0
2024-08-08 13:45:00,1.0
2024-08-08 14:00:00,1.0
2024-08-08 14:15:00,1.0
2024-08-08 14:30:00,1.0
2024-08-08 14:45:00,1.0
2024-08-08 15:00:00,1.0
2024-08-08 15:15:00,1.0
2024-08-08 15:30:00,1.0
2024-08-08 15:45:00,1.0
2024-08-08 16:00:00,1.0
2024-08-08 16:15:00,1.0
2024-08-08 16:30:00,1.0
2024-08-08 16:45:00,1.0
2024-08-08 17:00:00,1.0
2024-08-08 17:15:00,1.0
2024-08-08 17:30:00,1.0
2024-08-08 17:45:00,1.0
2024-08-08 18:00:00,1.0
2024-08-08 18:15:00,1.0
2024-08-08 18:30:00,1.0
2024-08-08 18:45:00,1.0
2024-08-08 19:00:00,1.0
2024-08-08 19:15:00,1.0
2024-08-08 19:30:00,1.0
2024-08-08 19:45:00,1.0
2024-08-09 13:30:00,1.0
2024-08-09 13:45:00,1.0
2024-08-09 14:00:00,1.0
2024-08-09 14:15:00,1.0
2024-08-09 14:30:00,1.0
2024-08-09 14:45:00,1.0
2024-08-09 15:00:00,1.0
2024-08-09 15:15:00,1.0
2024-08-09 15:30:00,1.0
2024-08-09 15:45:00,1.0
2024-08-09 16:00:00,1.0
2024-08-09 16:15:00,1.0
2024-08-09 16:30:00,1.0
2024-08-09 16:45:00,1.0
2024-08-09 17:00:00,1.0
2024-08-09 17:15:00,1.0
2024-08-09 17:30:00,1.0
2024-08-09 17:45:00,1.0
2024-08-09 18:00:00,1.0
2024-08-09 18:15:00,1.0
2024-08-09 18:30:00,1.0
2024-08-09 18:45:00,1.0
2024-08-09 19:00:00,1.0
2024-08-09 19:15:00,1.0
2024-08-09 19:30:00,1.0
2024-08-09 19:45:00,1.0
2024-08-12 13:30:00,1.0
2024-08-12 13:45:00,1.0
2024-08-12 14:00:00,1.0
2024-08-12 14:15:00,1.0
2024-08-12 14:30:00,1.0
2024-08-12 14:45:00,1.0
2024-08-12 15:00:00,1.0
2024-08-12 15:15:00,1.0
2024-08-12 15:30:00,1.0
2024-08-12 15:45:00,1.0
2024-08-12 16:00:00,1.0
2024-08-12 16:15:00,1.0
2024-08-12 16:30:00,1.0
2024-08-12 16:45:00,1.0
2024-08-12 17:00:00,1.0
2024-08-12 17:15:00,1.0
2024-08-12 17:30:00,1.0
2024-08-12 17:45:00,1.0
2024-08-12 18:00:00,1.0
2024-08-12 18:15:00,1.0
2024-08-12 18:30:00,1.0
2024-08-12 18:45:00,1.0
2024-08-12 19:00:00,1.0
2024-08-12 19:15:00,1.0
2024-08-12 19:30:00,1.0
2024-08-12 19:45:00,1.0
2024-08-13 13:30:00,1.0
2024-08-13 13:45:00,1.0
2024-08-13 14:00:00,1.0
2024-08-13 14:15:00,1.0
2024-08-13 14:30:00,1.0
2024-08-13 14:45:00,1.0
2024-08-13 15:00:00,1.0
2024-08-13 15:15:00,1.0
2024-08-13 15:30:00,1.0
2024-08-13 15:45:00,1.0
2024-08-13 16:00:00,1.0
2024-08-13 16:15:00,1.0
2024-08-13 16:30:00,1.0
2024-08-13 16:45:00,1.0
2024-08-13 17:00:00,1.0
2024-08-13 17:15:00,1.0
2024-08-13 17:30:00,1.0
2024-08-13 17:45:00,1.0
2024-08-13 18:00:00,1.0
2024-08-13 18:15:00,1.0
2024-08-13 18:30:00,1.0
2024-08-13 18:45:00,1.0
2024-08-13 19:00:00,1.0
2024-08-13 19:15:00,1.0
2024-08-13 19:30:00,1.0
2024-08-13 19:45:00,1.0
2024-08-14 13:30:00,1.0
2024-08-14 13:45:00,1.0
2024-08-14 14:00:00,1.0
2024-08-14 14:15:00,1.0
2024-08-14 14:30:00,1.0
2024-08-14 14:45:00,1.0
2024-08-14 15:00:00,1.0
2024-08-14 15:15:00,1.0
2024-08-14 15:30:00,1.0
2024-08-14 15:45:00,1.0
2024-08-14 16:00:00,1.0
2024-08-14 16:15:00,1.0
2024-08-14 16:30:00,1.0
2024-08-14 16:45:00,1.0
2024-08-14 17:00:00,1.0
2024-08-14 17:15:00,1.0
2024-08-14 17:30:00,1.0
2024-08-14 17:45:00,1.0
2024-08-14 18:00:00,1.0
2024-08-14 18:15:00,1.0
2024-08-14 18:30:00,1.0
2024-08-14 18:45:00,1.0
2024-08-14 19:00:00,1.0
2024-08-14 19:15:00,1.0
2024-08-14 19:30:00,1.0
2024-08-14 19:45:00,1.0
2024-08-15 13:30:00,1.0
2024-08-15 13:45:00,1.0
2024-08-15 14:00:00,1.0
2024-08-15 14:15:00,1.0
2024-08-15 14:30:00,1.0
2024-08-15 14:45:00,1.0
2024-08-15 15:00:00,1.0
2024-08-15 15:15:00,1.0
2024-08-15 15:30:00,1.0
2024-08-15 15:45:00,1.0
2024-08-15 16:00:00,1.0
2024-08-15 16:15:00,1.0
2024-08-15 16:30:00,1.0
2024-08-15 16:45:00,1.0
2024-08-15 17:00:00,1.0
2024-08-15 17:15:00,1.0
2024-08-15 17:30:00,1.0
2024-08-15 17:45:00,1.0
2024-08-15 18:00:00,1.0
2024-08-15 18:15:00,1.0
2024-08-15 18:30:00,1.0
2024-08-15 18:45:00,1.0
2024-08-15 19:15:00,1.0
2024-08-15 19:30:00,1.0
2024-08-15 19:45:00,1.0
2024-08-16 13:30:00,1.0
2024-08-16 13:45:00,1.0
2024-08-16 14:00:00,1.0
2024-08-16 14:15:00,1.0
2024-08-16 14:30:00,1.0
2024-08-16 14:45:00,1.0
2024-08-16 15:00:00,1.0
2024-08-16 15:15:00,1.0
2024-08-16 15:30:00,1.0
2024-08-16 15:45:00,1.0
2024-08-16 16:00:00,1.0
2024-08-16 16:15:00,1.0
2024-08-16 16:30:00,1.0
2024-08-16 17:00:00,1.0
2024-08-16 17:15:00,1.0
2024-08-16 17:30:00,1.0
2024-08-16 17:45:00,1.0
2024-08-16 18:00:00,1.0
2024-08-16 18:15:00,1.0
2024-08-16 18:30:00,1.0
2024-08-16 18:45:00,1.0
2024-08-16 19:00:00,1.0
2024-08-16 19:15:00,1.0
2024-08-16 19:30:00,1.0
2024-08-16 19:45:00,1.0
2024-08-19 13:30:00,1.0
2024-08-19 13:45:00,1.0
2024-08-19 14:00:00,1.0
2024-08-19 14:15:00,1.0
2024-08-19 14:30:00,1.0
2024-08-19 14:45:00,1.0
2024-08-19 15:00:00,1.0
2024-08-19 15:15:00,1.0
2024-08-19 15:30:00,1.0
2024-08-19 15:45:00,1.0
2024-08-19 16:00:00,1.0
2024-08-19 16:15:00,1.0
2024-08-19 16:30:00,1.0
2024-08-19 16:45:00,1.0
2024-08-19 17:00:00,1.0
2024-08-19 17:15:00,1.0
2024-08-19 17:30:00,1.0
2024-08-19 17:45:00,1.0
2024-08-19 18:00:00,1.0
2024-08-19 18:15:00,1.0
2024-08-19 18:30:00,1.0
2024-08-19 18:45:00,1.0
2024-08-19 19:15:00,1.0
2024-08-19 19:30:00,1.0
2024-08-19 19:45:00,1.0
2024-08-20 13:30:00,1.0
2024-08-20 13:45:00,1.0
2024-08-20 14:00:00,1.0
2024-08-20 14:15:00,1.0
2024-08-20 14:30:00,1.0
2024-08-20 14:45:00,1.0
2024-08-20 15:00:00,1.0
2024-08-20 15:15:00,1.0
2024-08-20 15:30:00,1.0
2024-08-20 15:45:00,1.0
2024-08-20 16:00:00,1.0
2024-08-20 16:15:00,1.0
2024-08-20 16:30:00,1.0
2024-08-20 16:45:00,1.0
2024-08-20 17:00:00,1.0
2024-08-20 17:15:00,1.0
2024-08-20 17:30:00,1.0
2024-08-20 17:45:00,1.0
2024-08-20 18:00:00,1.0
2024-08-20 18:15:00,1.0
2024-08-20 18:30:00,1.0
2024-08-20 18:45:00,1.0
2024-08-20 19:00:00,1.0
2024-08-20 19:15:00,1.0
2024-08-20 19:30:00,1.0
2024-08-20 19:45:00,1.0
2024-08-21 13:30:00,1.0
2024-08-21 13:45:00,1.0
2024-08-21 14:00:00,1.0
2024-08-21 14:15:00,1.0
2024-08-21 14:30:00,1.0
2024-08-21 14:45:00,1.0
2024-08-21 15:00:00,1.0
2024-08-21 15:15:00,1.0
2024-08-21 15:30:00,1.0
2024-08-21 15:45:00,1.0
2024-08-21 16:00:00,1.0
2024-08-21 16:15:00,1.0
2024-08-21 16:30:00,1.0
2024-08-21 16:45:00,1.0
2024-08-21 17:00:00,1.0
2024-08-21 17:15:00,1.0
2024-08-21 17:30:00,1.0
2024-08-21 17:45:00,1.0
2024-08-21 18:00:00,1.0
2024-08-21 18:15:00,1.0
2024-08-21 18:30:00,1.0
2024-08-21 18:45:00,1.0
2024-08-21 19:00:00,1.0
2024-08-21 19:15:00,1.0
2024-08-21 19:30:00,1.0
2024-08-21 19:45:00,1.0
2024-08-22 13:30:00,1.0
2024-08-22 13:45:00,1.0
2024-08-22 14:00:00,1.0
2024-08-22 14:15:00,1.0
2024-08-22 14:30:00,1.0
2024-08-22 14:45:00,1.0
2024-08-22 15:00:00,1.0
2024-08-22 15:15:00,1.0
2024-08-22 15:30:00,1.0
2024-08-22 15:45:00,1.0
2024-08-22 16:00:00,1.0
2024-08-22 16:15:00,1.0
2024-08-22 16:30:00,1.0
2024-08-22 16:45:00,1.0
2024-08-22 17:00:00,1.0
2024-08-22 17:15:00,1.0
2024-08-22 17:30:00,1.0
2024-08-22 17:45:00,1.0
2024-08-22 18:00:00,1.0
2024-08-22 18:15:00,1.0
2024-08-22 18:30:00,1.0
2024-08-22 18:45:00,1.0
2024-08-22 19:00:00,1.0
2024-08-22 19:15:00,1.0
2024-08-22 19:30:00,1.0
2024-08-22 19:45:00,1.0
2024-08-23 13:30:00,1.0
2024-08-23 13:45:00,1.0
2024-08-23 14:00:00,1.0
2024-08-23 14:15:00,1.0
2024-08-23 14:30:00,1.0
2024-08-23 14:45:00,1.0
2024-08-23 15:00:00,1.0
2024-08-23 15:15:00,1.0
2024-08-23 15:30:00,1.0
2024-08-23 15:45:00,1.0
2024-08-23 16:00:00,1.0
2024-08-23 16:15:00,1.0
2024-08-23 16:30:00,1.0
2024-08-23 16:45:00,1.0
2024-08-23 17:00:00,1.0
2024-08-23 17:15:00,1.0
2024-08-23 17:30:00,1.0
2024-08-23 17:45:00,1.0
2024-08-23 18:00:00,1.0
2024-08-23 18:15:00,1.0
2024-08-23 18:30:00,1.0
2024-08-23 18:45:00,1.0
2024-08-23 19:00:00,1.0
2024-08-23 19:15:00,1.0
2024-08-23 19:30:00,1.0
2024-08-23 19:45:00,1.0
2024-08-26 13:30:00,1.0
2024-08-26 13:45:00,1.0
2024-08-26 14:00:00,1.0
2024-08-26 14:15:00,1.0
2024-08-26 14:30:00,1.0
2024-08-26 14:45:00,1.0
2024-08-26 15:00:00,1.0
2024-08-26 15:15:00,1.0
2024-08-26 15:30:00,1.0
2024-08-26 15:45:00,1.0
2024-08-26 16:00:00,1.0
2024-08-26 16:15:00,1.0
2024-08-26 16:30:00,1.0
2024-08-26 16:45:00,1.0
2024-08-26 17:00:00,1.0
2024-08-26 17:15:00,1.0
2024-08-26 17:30:00,1.0
2024-08-26 17:45:00,1.0
2024-08-26 18:00:00,1.0
2024-08-26 18:15:00,1.0
2024-08-26 18:30:00,1.0
2024-08-26 18:45:00,1.0
2024-08-26 19:00:00,1.0
2024-08-26 19:15:00,1.0
2024-08-26 19:30:00,1.0
2024-08-27 13:45:00,1.0
2024-08-27 14:00:00,1.0
2024-08-27 14:15:00,1.0
2024-08-27 14:30:00,1.0
2024-08-27 14:45:00,1.0
2024-08-27 15:00:00,1.0
2024-08-27 15:15:00,1.0
2024-08-27 15:30:00,1.0
2024-08-27 15:45:00,1.0
2024-08-27 16:00:00,1.0
2024-08-27 16:15:00,1.0
2024-08-27 16:30:00,1.0
2024-08-27 16:45:00,1.0
2024-08-27 17:00:00,1.0
2024-08-27 17:15:00,1.0
2024-08-27 17:30:00,1.0
2024-08-27 17:45:00,1.0
2024-08-27 18:00:00,1.0
2024-08-27 18:15:00,1.0
2024-08-27 18:30:00,1.0
2024-08-27 18:45:00,1.0
2024-08-27 19:00:00,1.0
2024-08-27 19:15:00,1.0
2024-08-27 19:30:00,1.0
2024-08-27 19:45:00,1.0
2024-08-28 13:30:00,1.0
2024-08-28 13:45:00,1.0
2024-08-28 14:00:00,1.0
2024-08-28 14:15:00,1.0
2024-08-28 14:30:00,1.0
2024-08-28 14:45:00,1.0
2024-08-28 15:00:00,1.0
2024-08-28 15:15:00,1.0
2024-08-28 15:30:00,1.0
2024-08-28 15:45:00,1.0
2024-08-28 16:00:00,1.0
2024-08-28 16:15:00,1.0
2024-08-28 16:30:00,1.0
2024-08-28 16:45:00,1.0
2024-08-28 17:00:00,1.0
2024-08-28 17:15:00,1.0
2024-08-28 17:30:00,1.0
2024-08-28 17:45:00,1.0
2024-08-28 18:00:00,1.0
2024-08-28 18:15:00,1.0
2024-08-28 18:30:00,1.0
2024-08-28 18:45:00,1.0
2024-08-28 19:00:00,1.0
2024-08-28 19:15:00,1.0
2024-08-28 19:30:00,1.0
2024-08-28 19:45:00,1.0
2024-08-29 13:30:00,1.0
2024-08-29 13:45:00,1.0
2024-08-29 14:00:00,1.0
2024-08-29 14:15:00,1.0
2024-08-29 14:30:00,1.0
2024-08-29 14:45:00,1.0
2024-08-29 15:00:00,1.0
2024-08-29 15:15:00,1.0
2024-08-29 15:30:00,1.0
2024-08-29 15:45:00,1.0
2024-08-29 16:00:00,1.0
2024-08-29 16:15:00,1.0
2024-08-29 16:30:00,1.0
2024-08-29 16:45:00,1.0
2024-08-29 17:00:00,1.0
2024-08-29 17:15:00,1.0
2024-08-29 17:30:00,1.0
2024-08-29 17:45:00,1.0
2024-08-29 18:00:00,1.0
2024-08-29 18:15:00,1.0
2024-08-29 18:30:00,1.0
2024-08-29 18:45:00,1.0
2024-08-29 19:00:00,1.0
2024-08-29 19:15:00,1.0
2024-08-29 19:30:00,1.0
2024-08-29 19:45:00,1.0
2024-08-30 13:30:00,1.0
2024-08-30 13:45:00,1.0
2024-08-30 14:00:00,1.0
2024-08-30 14:15:00,1.0
2024-08-30 14:30:00,1.0
2024-08-30 14:45:00,1.0
2024-08-30 15:00:00,1.0
2024-08-30 15:15:00,1.0
2024-08-30 15:30:00,1.0
2024-08-30 15:45:00,1.0
2024-08-30 16:00:00,1.0
2024-08-30 16:15:00,1.0
2024-08-30 16:30:00,1.0
2024-08-30 16:45:00,1.0
2024-08-30 17:00:00,1.0
2024-08-30 17:15:00,1.0
2024-08-30 17:30:00,1.0
2024-08-30 17:45:00,1.0
2024-08-30 18:00:00,1.0
2024-08-30 18:15:00,1.0
2024-08-30 18:30:00,1.0
2024-08-30 18:45:00,1.0
2024-08-30 19:00:00,1.0
2024-08-30 19:15:00,1.0
2024-08-30 19:30:00,1.0
2024-08-30 19:45:00,1.0
2024-09-03 13:30:00,1.0
2024-09-03 13:45:00,1.0
2024-09-03 14:00:00,1.0
2024-09-03 14:15:00,1.0
2024-09-03 14:30:00,1.0
2024-09-03 14:45:00,1.0
2024-09-03 15:00:00,1.0
2024-09-03 15:15:00,1.0
2024-09-03 15:30:00,1.0
2024-09-03 15:45:00,1.0
2024-09-03 16:00:00,1.0
2024-09-03 16:15:00,1.0
2024-09-03 16:30:00,1.0
2024-09-03 16:45:00,1.0
2024-09-03 17:00:00,1.0
2024-09-03 17:15:00,1.0
2024-09-03 17:30:00,1.0
2024-09-03 17:45:00,1.0
2024-09-03 18:00:00,1.0
2024-09-03 18:15:00,1.0
2024-09-03 18:30:00,1.0
2024-09-03 18:45:00,1.0
2024-09-03 19:00:00,1.0
2024-09-03 19:15:00,1.0
2024-09-03 19:30:00,1.0
2024-09-03 19:45:00,1.0
2024-09-04 13:30:00,1.0
2024-09-04 13:45:00,1.0
2024-09-04 14:00:00,1.0
2024-09-04 14:15:00,1.0
2024-09-04 14:30:00,1.0
2024-09-04 14:45:00,1.0
2024-09-04 15:00:00,1.0
2024-09-04 15:15:00,1.0
2024-09-04 15:30:00,1.0
2024-09-04 15:45:00,1.0
2024-09-04 16:00:00,1.0
2024-09-04 16:15:00,1.0
2024-09-04 16:30:00,1.0
2024-09-04 16:45:00,1.0
2024-09-04 17:00:00,1.0
2024-09-04 17:15:00,1.0
2024-09-04 17:30:00,1.0
2024-09-04 17:45:00,1.0
2024-09-04 18:00:00,1.0
2024-09-04 18:15:00,1.0
2024-09-04 18:30:00,1.0
2024-09-04 18:45:00,1.0
2024-09-04 19:00:00,1.0
2024-09-04 19:15:00,1.0
2024-09-04 19:30:00,1.0
2024-09-04 19:45:00,1.0
2024-09-05 13:30:00,1.0
2024-09-05 13:45:00,1.0
2024-09-05 14:00:00,1.0
2024-09-05 14:15:00,1.0
2024-09-05 14:30:00,1.0
2024-09-05 14:45:00,1.0
2024-09-05 15:00:00,1.0
2024-09-05 15:15:00,1.0
2024-09-05 15:30:00,1.0
2024-09-05 15:45:00,1.0
2024-09-05 16:00:00,1.0
2024-09-05 16:15:00,1.0
2024-09-05 16:30:00,1.0
2024-09-05 16:45:00,1.0
2024-09-05 17:00:00,1.0
2024-09-05 17:15:00,1.0
2024-09-05 17:30:00,1.0
2024-09-05 17:45:00,1.0
2024-09-05 18:00:00,1.0
2024-09-05 18:15:00,1.0
2024-09-05 18:30:00,1.0
2024-09-05 18:45:00,1.0
2024-09-05 19:00:00,1.0
2024-09-05 19:15:00,1.0
2024-09-05 19:30:00,1.0
2024-09-05 19:45:00,1.0
2024-09-06 13:30:00,1.0
2024-09-06 13:45:00,1.0
2024-09-06 14:00:00,1.0
2024-09-06 14:15:00,1.0
2024-09-06 14:30:00,1.0
2024-09-06 14:45:00,1.0
2024-09-06 15:00:00,1.0
2024-09-06 15:15:00,1.0
2024-09-06 15:30:00,1.0
2024-09-06 15:45:00,1.0
2024-09-06 16:00:00,1.0
2024-09-06 16:15:00,1.0
2024-09-06 16:30:00,1.0
2024-09-06 16:45:00,1.0
2024-09-06 17:00:00,1.0
2024-09-06 17:15:00,1.0
2024-09-06 17:30:00,1.0
2024-09-06 17:45:00,1.0
2024-09-06 18:00:00,1.0
2024-09-06 18:15:00,1.0
2024-09-06 18:30:00,1.0
2024-09-06 18:45:00,1.0
2024-09-06 19:00:00,1.0
2024-09-06 19:15:00,1.0
2024-09-06 19:30:00,1.0
2024-09-06 19:45:00,1.0
2024-09-09 13:30:00,1.0
2024-09-09 13:45:00,1.0
2024-09-09 14:00:00,1.0
2024-09-09 14:15:00,1.0
2024-09-09 14:30:00,1.0
2024-09-09 14:45:00,1.0
2024-09-09 15:00:00,1.0
2024-09-09 15:15:00,1.0
2024-09-09 15:30:00,1.0
2024-09-09 15:45:00,1.0
2024-09-09 16:00:00,1.0
2024-09-09 16:15:00,1.0
2024-09-09 16:30:00,1.0
2024-09-09 16:45:00,1.0
2024-09-09 17:00:00,1.0
2024-09-09 17:15:00,1.0
2024-09-09 17:30:00,1.0
2024-09-09 17:45:00,1.0
2024-09-09 18:00:00,1.0
2024-09-09 18:15:00,1.0
2024-09-09 18:30:00,1.0
2024-09-09 18:45:00,1.0
2024-09-09 19:00:00,1.0
2024-09-09 19:15:00,1.0
2024-09-09 19:30:00,1.0
2024-09-09 19:45:00,1.0
2024-09-10 13:30:00,1.0
2024-09-10 13:45:00,1.0
2024-09-10 14:00:00,1.0
2024-09-10 14:15:00,1.0
2024-09-10 14:30:00,1.0
2024-09-10 14:45:00,1.0
2024-09-10 15:00:00,1.0
2024-09-10 15:15:00,1.0
2024-09-10 15:30:00,1.0
2024-09-10 15:45:00,1.0
2024-09-10 16:00:00,1.0
2024-09-10 16:15:00,1.0
2024-09-10 16:30:00,1.0
2024-09-10 16:45:00,1.0
2024-09-10 17:00:00,1.0
2024-09-10 17:15:00,1.0
2024-09-10 17:30:00,1.0
2024-09-10 17:45:00,1.0
2024-09-10 18:00:00,1.0
2024-09-10 18:15:00,1.0
2024-09-10 18:30:00,1.0
2024-09-10 18:45:00,1.0
2024-09-10 19:00:00,1.0
2024-09-10 19:15:00,1.0
2024-09-10 19:30:00,1.0
2024-09-10 19:45:00,1.0
2024-09-11 13:30:00,1.0
2024-09-11 13:45:00,1.0
2024-09-11 14:00:00,1.0
2024-09-11 14:15:00,1.0
2024-09-11 14:30:00,1.0
2024-09-11 14:45:00,1.0
2024-09-11 15:00:00,1.0
2024-09-11 15:15:00,1.0
2024-09-11 15:30:00,1.0
2024-09-11 15:45:00,1.0
2024-09-11 16:00:00,1.0
2024-09-11 16:15:00,1.0
2024-09-11 16:30:00,1.0
2024-09-11 16:45:00,1.0
2024-09-11 17:00:00,1.0
2024-09-11 17:15:00,1.0
2024-09-11 17:30:00,1.0
2024-09-11 17:45:00,1.0
2024-09-11 18:00:00,1.0
2024-09-11 18:15:00,1.0
2024-09-11 18:30:00,1.0
2024-09-11 18:45:00,1.0
2024-09-11 19:00:00,1.0
2024-09-11 19:15:00,1.0
2024-09-11 19:30:00,1.0
2024-09-11 19:45:00,1.0
2024-09-12 13:30:00,1.0
2024-09-12 13:45:00,1.0
2024-09-12 14:00:00,1.0
2024-09-12 14:15:00,1.0
2024-09-12 14:30:00,1.0
2024-09-12 14:45:00,1.0
2024-09-12 15:00:00,1.0
2024-09-12 15:15:00,1.0
2024-09-12 15:30:00,1.0
2024-09-12 15:45:00,1.0
2024-09-12 16:00:00,1.0
2024-09-12 16:15:00,1.0
2024-09-12 16:30:00,1.0
2024-09-12 16:45:00,1.0
2024-09-12 17:00:00,1.0
2024-09-12 17:15:00,1.0
2024-09-12 17:30:00,1.0
2024-09-12 17:45:00,1.0
2024-09-12 18:00:00,1.0
2024-09-12 18:15:00,1.0
2024-09-12 18:30:00,1.0
2024-09-12 18:45:00,1.0
2024-09-12 19:00:00,1.0
2024-09-12 19:15:00,1.0
2024-09-12 19:30:00,1.0
2024-09-12 19:45:00,1.0
2024-09-13 13:30:00,1.0
2024-09-13 13:45:00,1.0
2024-09-13 14:00:00,1.0
2024-09-13 14:15:00,1.0
2024-09-13 14:30:00,1.0
2024-09-13 14:45:00,1.0
2024-09-13 15:00:00,1.0
2024-09-13 15:15:00,1.0
2024-09-13 15:30:00,1.0
2024-09-13 15:45:00,1.0
2024-09-13 16:00:00,1.0
2024-09-13 16:15:00,1.0
2024-09-13 16:30:00,1.0
2024-09-13 16:45:00,1.0
2024-09-13 17:00:00,1.0
2024-09-13 17:15:00,1.0
2024-09-13 17:30:00,1.0
2024-09-13 17:45:00,1.0
2024-09-13 18:00:00,1.0
2024-09-13 18:15:00,1.0
2024-09-13 18:30:00,1.0
2024-09-13 18:45:00,1.0
2024-09-13 19:00:00,1.0
2024-09-13 19:15:00,1.0
2024-09-13 19:30:00,1.0
2024-09-13 19:45:00,1.0
2024-09-16 13:30:00,1.0
2024-09-16 13:45:00,1.0
2024-09-16 14:00:00,1.0
2024-09-16 14:15:00,1.0
2024-09-16 14:30:00,1.0
2024-09-16 14:45:00,1.0
2024-09-16 15:00:00,1.0
2024-09-16 15:15:00,1.0
2024-09-16 15:30:00,1.0
2024-09-16 15:45:00,1.0
2024-09-16 16:00:00,1.0
2024-09-16 16:15:00,1.0
2024-09-16 16:30:00,1.0
2024-09-16 16:45:00,1.0
2024-09-16 17:00:00,1.0
2024-09-16 17:15:00,1.0
2024-09-16 17:30:00,1.0
2024-09-16 17:45:00,1.0
2024-09-16 18:00:00,1.0
2024-09-16 18:15:00,1.0
2024-09-16 18:45:00,1.0
2024-09-16 19:00:00,1.0
2024-09-16 19:15:00,1.0
2024-09-16 19:30:00,1.0
2024-09-16 19:45:00,1.0
2024-09-17 13:30:00,1.0
2024-09-17 13:45:00,1.0
2024-09-17 14:00:00,1.0
2024-09-17 14:15:00,1.0
2024-09-17 14:30:00,1.0
2024-09-17 14:45:00,1.0
2024-09-17 15:00:00,1.0
2024-09-17 15:15:00,1.0
2024-09-17 15:30:00,1.0
2024-09-17 15:45:00,1.0
2024-09-17 16:00:00,1.0
2024-09-17 16:15:00,1.0
2024-09-17 16:30:00,1.0
2024-09-17 16:45:00,1.0
2024-09-17 17:00:00,1.0
2024-09-17 17:15:00,1.0
2024-09-17 17:30:00,1.0
2024-09-17 17:45:00,1.0
2024-09-17 18:00:00,1.0
2024-09-17 18:15:00,1.0
2024-09-17 18:30:00,1.0
2024-09-17 18:45:00,1.0
2024-09-17 19:00:00,1.0
2024-09-17 19:15:00,1.0
2024-09-17 19:30:00,1.0
2024-09-17 19:45:00,1.0
2024-09-18 13:30:00,1.0
2024-09-18 13:45:00,1.0
2024-09-18 14:00:00,1.0
2024-09-18 14:15:00,1.0
2024-09-18 14:30:00,1.0
2024-09-18 14:45:00,1.0
2024-09-18 15:00:00,1.0
2024-09-18 15:15:00,1.0
2024-09-18 15:30:00,1.0
2024-09-18 15:45:00,1.0
2024-09-18 16:00:00,1.0
2024-09-18 16:15:00,1.0
2024-09-18 16:30:00,1.0
2024-09-18 16:45:00,1.0
2024-09-18 17:00:00,1.0
2024-09-18 17:15:00,1.0
2024-09-18 17:30:00,1.0
2024-09-18 17:45:00,1.0
2024-09-18 18:00:00,1.0
2024-09-18 18:15:00,1.0
2024-09-18 18:30:00,1.0
2024-09-18 18:45:00,1.0
2024-09-18 19:00:00,1.0
2024-09-18 19:15:00,1.0
2024-09-18 19:30:00,1.0
2024-09-18 19:45:00,1.0
2024-09-19 13:30:00,1.0
2024-09-19 13:45:00,1.0
2024-09-19 14:00:00,1.0
2024-09-19 14:15:00,1.0
2024-09-19 14:30:00,1.0
2024-09-19 14:45:00,1.0
2024-09-19 15:00:00,1.0
2024-09-19 15:15:00,1.0
2024-09-19 15:30:00,1.0
2024-09-19 15:45:00,1.0
2024-09-19 16:00:00,1.0
2024-09-19 16:15:00,1.0
2024-09-19 16:30:00,1.0
2024-09-19 16:45:00,1.0
2024-09-19 17:00:00,1.0
2024-09-19 17:15:00,1.0
2024-09-19 17:30:00,1.0
2024-09-19 17:45:00,1.0
2024-09-19 18:00:00,1.0
2024-09-19 18:15:00,1.0
2024-09-19 18:30:00,1.0
2024-09-19 18:45:00,1.0
2024-09-19 19:00:00,1.0
2024-09-19 19:15:00,1.0
2024-09-19 19:30:00,1.0
2024-09-19 19:45:00,1.0
2024-09-20 13:30:00,1.0
2024-09-20 13:45:00,1.0
2024-09-20 14:00:00,1.0
2024-09-20 14:15:00,1.0
2024-09-20 14:30:00,1.0
2024-09-20 14:45:00,1.0
2024-09-20 15:00:00,1.0
2024-09-20 15:15:00,1.0
2024-09-20 15:30:00,1.0
2024-09-20 15:45:00,1.0
2024-09-20 16:00:00,1.0
2024-09-20 16:15:00,1.0
2024-09-20 16:30:00,1.0
2024-09-20 16:45:00,1.0
2024-09-20 17:00:00,1.0
2024-09-20 17:15:00,1.0
2024-09-20 17:30:00,1.0
2024-09-20 17:45:00,1.0
2024-09-20 18:00:00,1.0
2024-09-20 18:15:00,1.0
2024-09-20 18:30:00,1.0
2024-09-20 18:45:00,1.0
2024-09-20 19:00:00,1.0
2024-09-20 19:15:00,1.0
2024-09-20 19:30:00,1.0
2024-09-20 19:45:00,1.0
2024-09-23 13:30:00,1.0
2024-09-23 13:45:00,1.0
2024-09-23 14:00:00,1.0
2024-09-23 14:15:00,1.0
2024-09-23 14:30:00,1.0
2024-09-23 14:45:00,1.0
2024-09-23 15:00:00,1.0
2024-09-23 15:15:00,1.0
2024-09-23 15:30:00,1.0
2024-09-23 15:45:00,1.0
2024-09-23 16:00:00,1.0
2024-09-23 16:15:00,1.0
2024-09-23 16:30:00,1.0
2024-09-23 16:45:00,1.0
2024-09-23 17:00:00,1.0
2024-09-23 17:15:00,1.0
2024-09-23 17:30:00,1.0
2024-09-23 17:45:00,1.0
2024-09-23 18:00:00,1.0
2024-09-23 18:15:00,1.0
2024-09-23 18:30:00,1.0
2024-09-23 18:45:00,1.0
2024-09-23 19:00:00,1.0
2024-09-23 19:15:00,1.0
2024-09-23 19:30:00,1.0
2024-09-23 19:45:00,1.0
2024-09-24 13:30:00,1.0
2024-09-24 13:45:00,1.0
2024-09-24 14:00:00,1.0
2024-09-24 14:15:00,1.0
2024-09-24 14:30:00,1.0
2024-09-24 14:45:00,1.0
2024-09-24 15:00:00,1.0
2024-09-24 15:15:00,1.0
2024-09-24 15:30:00,1.0
2024-09-24 15:45:00,1.0
2024-09-24 16:00:00,1.0
2024-09-24 16:15:00,1.0
2024-09-24 16:30:00,1.0
2024-09-24 16:45:00,1.0
2024-09-24 17:00:00,1.0
2024-09-24 17:15:00,1.0
2024-09-24 17:30:00,1.0
2024-09-24 17:45:00,1.0
2024-09-24 18:00:00,1.0
2024-09-24 18:15:00,1.0
2024-09-24 18:30:00,1.0
2024-09-24 18:45:00,1.0
2024-09-24 19:00:00,1.0
2024-09-24 19:15:00,1.0
2024-09-24 19:30:00,1.0
2024-09-24 19:45:00,1.0
2024-09-25 13:30:00,1.0
2024-09-25 13:45:00,1.0
2024-09-25 14:00:00,1.0
2024-09-25 14:15:00,1.0
2024-09-25 14:30:00,1.0
2024-09-25 14:45:00,1.0
2024-09-25 15:00:00,1.0
2024-09-25 15:15:00,1.0
2024-09-25 15:30:00,1.0
2024-09-25 15:45:00,1.0
2024-09-25 16:00:00,1.0
2024-09-25 16:15:00,1.0
2024-09-25 16:30:00,1.0
2024-09-25 16:45:00,1.0
2024-09-25 17:00:00,1.0
2024-09-25 17:15:00,1.0
2024-09-25 17:30:00,1.0
2024-09-25 17:45:00,1.0
2024-09-25 18:00:00,1.0
2024-09-25 18:15:00,1.0
2024-09-25 18:30:00,1.0
2024-09-25 18:45:00,1.0
2024-09-25 19:00:00,1.0
2024-09-25 19:15:00,1.0
2024-09-25 19:30:00,1.0
2024-09-25 19:45:00,1.0
2024-09-26 13:30:00,1.0
2024-09-26 13:45:00,1.0
2024-09-26 14:00:00,1.0
2024-09-26 14:15:00,1.0
2024-09-26 14:30:00,1.0
2024-09-26 14:45:00,1.0
2024-09-26 15:00:00,1.0
2024-09-26 15:15:00,1.0
2024-09-26 15:30:00,1.0
2024-09-26 15:45:00,1.0
2024-09-26 16:00:00,1.0
2024-09-26 16:15:00,1.0
2024-09-26 16:30:00,1.0
2024-09-26 16:45:00,1.0
2024-09-26 17:00:00,1.0
2024-09-26 17:15:00,1.0
2024-09-26 17:30:00,1.0
2024-09-26 17:45:00,1.0
2024-09-26 18:00:00,1.0
2024-09-26 18:15:00,1.0
2024-09-26 18:30:00,1.0
2024-09-26 18:45:00,1.0
2024-09-26 19:00:00,1.0
2024-09-26 19:15:00,1.0
2024-09-26 19:30:00,1.0
2024-09-26 19:45:00,1.0
2024-09-27 13:30:00,1.0
2024-09-27 13:45:00,1.0
2024-09-27 14:00:00,1.0
2024-09-27 14:15:00,1.0
2024-09-27 14:30:00,1.0
2024-09-27 14:45:00,1.0
2024-09-27 15:00:00,1.0
2024-09-27 15:15:00,1.0
2024-09-27 15:30:00,1.0
2024-09-27 15:45:00,1.0
2024-09-27 16:00:00,1.0
2024-09-27 16:15:00,1.0
2024-09-27 16:30:00,1.0
2024-09-27 16:45:00,1.0
2024-09-27 17:00:00,1.0
2024-09-27 17:15:00,1.0
2024-09-27 17:30:00,1.0
2024-09-27 17:45:00,1.0
2024-09-27 18:00:00,1.0
2024-09-27 18:15:00,1.0
2024-09-27 18:30:00,1.0
2024-09-27 18:45:00,1.0
2024-09-27 19:00:00,1.0
2024-09-27 19:15:00,1.0
2024-09-27 19:30:00,1.0
2024-09-27 19:45:00,1.0
2024-09-30 13:30:00,1.0
2024-09-30 13:45:00,1.0
2024-09-30 14:00:00,1.0
2024-09-30 14:15:00,1.0
2024-09-30 14:30:00,1.0
2024-09-30 14:45:00,1.0
2024-09-30 15:00:00,1.0
2024-09-30 15:15:00,1.0
2024-09-30 15:30:00,1.0
2024-09-30 15:45:00,1.0
2024-09-30 16:30:00,1.0
2024-09-30 16:45:00,1.0
2024-09-30 17:00:00,1.0
2024-09-30 17:15:00,1.0
2024-09-30 17:30:00,1.0
2024-09-30 17:45:00,1.0
2024-09-30 18:00:00,1.0
2024-09-30 18:15:00,1.0
2024-09-30 18:30:00,1.0
2024-09-30 18:45:00,1.0
2024-09-30 19:00:00,1.0
2024-09-30 19:15:00,1.0
2024-09-30 19:30:00,1.0
2024-09-30 19:45:00,1.0
2024-10-01 13:30:00,1.0
2024-10-01 13:45:00,1.0
2024-10-01 14:00:00,1.0
2024-10-01 14:15:00,1.0
2024-10-01 14:30:00,1.0
2024-10-01 14:45:00,1.0
2024-10-01 15:00:00,1.0
2024-10-01 15:15:00,1.0
2024-10-01 15:30:00,1.0
2024-10-01 15:45:00,1.0
2024-10-01 16:00:00,1.0
2024-10-01 16:15:00,1.0
2024-10-01 16:30:00,1.0
2024-10-01 16:45:00,1.0
2024-10-01 17:00:00,1.0
2024-10-01 17:15:00,1.0
2024-10-01 17:30:00,1.0
2024-10-01 17:45:00,1.0
2024-10-01 18:00:00,1.0
2024-10-01 18:15:00,1.0
2024-10-01 18:30:00,1.0
2024-10-01 18:45:00,1.0
2024-10-01 19:00:00,1.0
2024-10-02 13:45:00,1.0
2024-10-02 14:00:00,1.0
2024-10-02 14:15:00,1.0
2024-10-02 14:30:00,1.0
2024-10-02 14:45:00,1.0
2024-10-02 15:00:00,1.0
2024-10-02 15:15:00,1.0
2024-10-02 15:30:00,1.0
2024-10-02 16:00:00,1.0
2024-10-02 16:15:00,1.0
2024-10-02 16:30:00,1.0
2024-10-02 16:45:00,1.0
2024-10-02 17:00:00,1.0
2024-10-02 17:15:00,1.0
2024-10-02 17:30:00,1.0
2024-10-02 17:45:00,1.0
2024-10-02 18:00:00,1.0
2024-10-02 18:15:00,1.0
2024-10-02 18:30:00,1.0
2024-10-02 18:45:00,1.0
2024-10-02 19:00:00,1.0
2024-10-02 19:15:00,1.0
2024-10-02 19:30:00,1.0
2024-10-02 19:45:00,1.0
2024-10-03 13:30:00,1.0
2024-10-03 13:45:00,1.0
2024-10-03 14:00:00,1.0
2024-10-03 14:15:00,1.0
2024-10-03 14:30:00,1.0
2024-10-03 14:45:00,1.0
2024-10-03 15:00:00,1.0
2024-10-03 15:15:00,1.0
2024-10-03 15:30:00,1.0
2024-10-03 15:45:00,1.0
2024-10-03 16:00:00,1.0
2024-10-03 16:15:00,1.0
2024-10-03 16:30:00,1.0
2024-10-03 16:45:00,1.0
2024-10-03 17:00:00,1.0
2024-10-03 17:15:00,1.0
2024-10-03 17:30:00,1.0
2024-10-03 17:45:00,1.0
2024-10-03 18:00:00,1.0
2024-10-03 18:15:00,1.0
2024-10-03 18:30:00,1.0
2024-10-03 18:45:00,1.0
2024-10-03 19:00:00,1.0
2024-10-03 19:15:00,1.0
2024-10-03 19:30:00,1.0
2024-10-03 19:45:00,1.0
2024-10-04 13:30:00,1.0
2024-10-04 13:45:00,1.0
2024-10-04 14:00:00,1.0
2024-10-04 14:15:00,1.0
2024-10-04 14:30:00,1.0
2024-10-04 14:45:00,1.0
2024-10-04 15:00:00,1.0
2024-10-04 15:15:00,1.0
2024-10-04 15:30:00,1.0
2024-10-04 15:45:00,1.0
2024-10-04 16:00:00,1.0
2024-10-04 16:15:00,1.0
2024-10-04 16:30:00,1.0
2024-10-04 16:45:00,1.0
2024-10-04 17:00:00,1.0
2024-10-04 17:15:00,1.0
2024-10-04 17:30:00,1.0
2024-10-04 17:45:00,1.0
2024-10-04 18:00:00,1.0
2024-10-04 18:15:00,1.0
2024-10-04 18:30:00,1.0
2024-10-04 18:45:00,1.0
2024-10-04 19:00:00,1.0
2024-10-04 19:15:00,1.0
2024-10-04 19:30:00,1.0
2024-10-04 19:45:00,1.0
2024-10-07 13:30:00,1.0
2024-10-07 13:45:00,1.0
2024-10-07 14:00:00,1.0
2024-10-07 14:15:00,1.0
2024-10-07 14:30:00,1.0
2024-10-07 14:45:00,1.0
2024-10-07 15:00:00,1.0
2024-10-07 15:15:00,1.0
2024-10-07 15:30:00,1.0
2024-10-07 15:45:00,1.0
2024-10-07 16:00:00,1.0
2024-10-07 16:15:00,1.0
2024-10-07 16:30:00,1.0
2024-10-07 16:45:00,1.0
2024-10-07 17:00:00,1.0
2024-10-07 17:15:00,1.0
2024-10-07 17:30:00,1.0
2024-10-07 17:45:00,1.0
2024-10-07 18:00:00,1.0
2024-10-07 18:15:00,1.0
2024-10-07 18:30:00,1.0
2024-10-07 18:45:00,1.0
2024-10-07 19:00:00,1.0
2024-10-07 19:15:00,1.0
2024-10-07 19:30:00,1.0
2024-10-07 19:45:00,1.0
2024-10-08 13:30:00,1.0
2024-10-08 13:45:00,1.0
2024-10-08 14:00:00,1.0
2024-10-08 14:15:00,1.0
2024-10-08 14:30:00,1.0
2024-10-08 14:45:00,1.0
2024-10-08 15:00:00,1.0
2024-10-08 15:15:00,1.0
2024-10-08 15:30:00,1.0
2024-10-08 15:45:00,1.0
2024-10-08 16:00:00,1.0
2024-10-08 16:15:00,1.0
2024-10-08 16:30:00,1.0
2024-10-08 16:45:00,1.0
2024-10-08 17:00:00,1.0
2024-10-08 17:15:00,1.0
2024-10-08 17:30:00,1.0
2024-10-08 17:45:00,1.0
2024-10-08 18:00:00,1.0
2024-10-08 18:15:00,1.0
2024-10-08 18:30:00,1.0
2024-10-08 18:45:00,1.0
2024-10-08 19:00:00,1.0
2024-10-08 19:15:00,1.0
2024-10-08 19:30:00,1.0
2024-10-08 19:45:00,1.0
2024-10-09 13:30:00,1.0
2024-10-09 13:45:00,1.0
2024-10-09 14:00:00,1.0
2024-10-09 14:15:00,1.0
2024-10-09 14:30:00,1.0
2024-10-09 14:45:00,1.0
2024-10-09 15:00:00,1.0
2024-10-09 15:15:00,1.0
2024-10-09 15:30:00,1.0
2024-10-09 15:45:00,1.0
2024-10-09 16:00:00,1.0
2024-10-09 16:15:00,1.0
2024-10-09 16:30:00,1.0
2024-10-09 16:45:00,1.0
2024-10-09 17:00:00,1.0
2024-10-09 17:15:00,1.0
2024-10-09 17:30:00,1.0
2024-10-09 17:45:00,1.0
2024-10-09 18:00:00,1.0
2024-10-09 18:15:00,1.0
2024-10-09 18:30:00,1.0
2024-10-09 18:45:00,1.0
2024-10-09 19:00:00,1.0
2024-10-09 19:15:00,1.0
2024-10-09 19:30:00,1.0
2024-10-09 19:45:00,1.0
2024-10-10 13:30:00,1.0
2024-10-10 13:45:00,1.0
2024-10-10 14:00:00,1.0
2024-10-10 14:15:00,1.0
2024-10-10 14:30:00,1.0
2024-10-10 14:45:00,1.0
2024-10-10 15:00:00,1.0
2024-10-10 15:15:00,1.0
2024-10-10 15:30:00,1.0
2024-10-10 15:45:00,1.0
2024-10-10 16:00:00,1.0
2024-10-10 16:15:00,1.0
2024-10-10 16:30:00,1.0
2024-10-10 16:45:00,1.0
2024-10-10 17:00:00,1.0
2024-10-10 17:15:00,1.0
2024-10-10 17:30:00,1.0
2024-10-10 17:45:00,1.0
2024-10-10 18:00:00,1.0
2024-10-10 18:15:00,1.0
2024-10-10 18:30:00,1.0
2024-10-10 18:45:00,1.0
2024-10-10 19:00:00,1.0
2024-10-10 19:15:00,1.0
2024-10-10 19:30:00,1.0
2024-10-10 19:45:00,1.0
2024-10-11 13:30:00,1.0
2024-10-11 13:45:00,1.0
2024-10-11 14:00:00,1.0
2024-10-11 14:15:00,1.0
2024-10-11 14:30:00,1.0
2024-10-11 14:45:00,1.0
2024-10-11 15:00:00,1.0
2024-10-11 15:15:00,1.0
2024-10-11 15:30:00,1.0
2024-10-11 15:45:00,1.0
2024-10-11 16:00:00,1.0
2024-10-11 16:15:00,1.0
2024-10-11 16:30:00,1.0
2024-10-11 16:45:00,1.0
2024-10-11 17:00:00,1.0
2024-10-11 17:15:00,1.0
2024-10-11 17:30:00,1.0
2024-10-11 17:45:00,1.0
2024-10-11 18:00:00,1.0
2024-10-11 18:15:00,1.0
2024-10-11 18:30:00,1.0
2024-10-11 18:45:00,1.0
2024-10-11 19:00:00,1.0
2024-10-11 19:15:00,1.0
2024-10-11 19:30:00,1.0
2024-10-11 19:45:00,1.0
2024-10-14 13:30:00,1.0
2024-10-14 13:45:00,1.0
2024-10-14 14:00:00,1.0
2024-10-14 14:15:00,1.0
2024-10-14 14:30:00,1.0
2024-10-14 14:45:00,1.0
2024-10-14 15:00:00,1.0
2024-10-14 15:15:00,1.0
2024-10-14 15:30:00,1.0
2024-10-14 15:45:00,1.0
2024-10-14 16:00:00,1.0
2024-10-14 16:15:00,1.0
2024-10-14 16:30:00,1.0
2024-10-14 16:45:00,1.0
2024-10-14 17:00:00,1.0
2024-10-14 17:15:00,1.0
2024-10-14 17:30:00,1.0
2024-10-14 17:45:00,1.0
2024-10-14 18:00:00,1.0
2024-10-14 18:15:00,1.0
2024-10-14 18:30:00,1.0
2024-10-14 18:45:00,1.0
2024-10-14 19:00:00,1.0
2024-10-14 19:15:00,1.0
2024-10-14 19:30:00,1.0
2024-10-14 19:45:00,1.0
2024-10-15 13:30:00,1.0
2024-10-15 13:45:00,1.0
2024-10-15 14:00:00,1.0
2024-10-15 14:15:00,1.0
2024-10-15 14:30:00,1.0
2024-10-15 14:45:00,1.0
2024-10-15 15:00:00,1.0
2024-10-15 15:15:00,1.0
2024-10-15 15:30:00,1.0
2024-10-15 15:45:00,1.0
2024-10-15 16:00:00,1.0
2024-10-15 16:15:00,1.0
2024-10-15 16:30:00,1.0
2024-10-15 16:45:00,1.0
2024-10-15 17:00:00,1.0
2024-10-15 17:15:00,1.0
2024-10-15 17:30:00,1.0
2024-10-15 17:45:00,1.0
2024-10-15 18:00:00,1.0
2024-10-15 18:15:00,1.0
2024-10-15 18:30:00,1.0
2024-10-15 18:45:00,1.0
2024-10-15 19:00:00,1.0
2024-10-15 19:15:00,1.0
2024-10-15 19:30:00,1.0
2024-10-15 19:45:00,1.0
2024-10-16 13:30:00,1.0
2024-10-16 13:45:00,1.0
2024-10-16 14:00:00,1.0
2024-10-16 14:15:00,1.0
2024-10-16 14:30:00,1.0
2024-10-16 14:45:00,1.0
2024-10-16 15:00:00,1.0
2024-10-16 15:15:00,1.0
2024-10-16 15:30:00,1.0
2024-10-16 15:45:00,1.0
2024-10-16 16:00:00,1.0
2024-10-16 16:15:00,1.0
2024-10-16 16:30:00,1.0
2024-10-16 16:45:00,1.0
2024-10-16 17:00:00,1.0
2024-10-16 17:15:00,1.0
2024-10-16 17:30:00,1.0
2024-10-16 17:45:00,1.0
2024-10-16 18:00:00,1.0
2024-10-16 18:15:00,1.0
2024-10-16 18:30:00,1.0
2024-10-16 18:45:00,1.0
2024-10-16 19:00:00,1.0
2024-10-16 19:15:00,1.0
2024-10-16 19:30:00,1.0
2024-10-16 19:45:00,1.0
2024-10-17 13:30:00,1.0
2024-10-17 13:45:00,1.0
2024-10-17 14:00:00,1.0
2024-10-17 14:15:00,1.0
2024-10-17 14:30:00,1.0
2024-10-17 14:45:00,1.0
2024-10-17 15:00:00,1.0
2024-10-17 15:15:00,1.0
2024-10-17 15:30:00,1.0
2024-10-17 15:45:00,1.0
2024-10-17 16:00:00,1.0
2024-10-17 16:15:00,1.0
2024-10-17 16:30:00,1.0
2024-10-17 16:45:00,1.0
2024-10-17 17:00:00,1.0
2024-10-17 17:15:00,1.0
2024-10-17 17:30:00,1.0
2024-10-17 17:45:00,1.0
2024-10-17 18:00:00,1.0
2024-10-17 18:15:00,1.0
2024-10-17 18:30:00,1.0
2024-10-17 18:45:00,1.0
2024-10-17 19:00:00,1.0
2024-10-17 19:15:00,1.0
2024-10-17 19:30:00,1.0
2024-10-17 19:45:00,1.0
2024-10-18 13:30:00,1.0
2024-10-18 13:45:00,1.0
2024-10-18 14:00:00,1.0
2024-10-18 14:15:00,1.0
2024-10-18 14:30:00,1.0
2024-10-18 14:45:00,1.0
2024-10-18 15:00:00,1.0
2024-10-18 15:15:00,1.0
2024-10-18 15:30:00,1.0
2024-10-18 15:45:00,1.0
2024-10-18 16:00:00,1.0
2024-10-18 16:15:00,1.0
2024-10-18 16:30:00,1.0
2024-10-18 16:45:00,1.0
2024-10-18 17:00:00,1.0
2024-10-18 17:15:00,1.0
2024-10-18 17:30:00,1.0
2024-10-18 17:45:00,1.0
2024-10-18 18:00:00,1.0
2024-10-18 18:15:00,1.0
2024-10-18 18:30:00,1.0
2024-10-18 18:45:00,1.0
2024-10-18 19:00:00,1.0
2024-10-18 19:15:00,1.0
2024-10-18 19:30:00,1.0
2024-10-18 19:45:00,1.0
2024-10-21 13:30:00,1.0
2024-10-21 13:45:00,1.0
2024-10-21 14:00:00,1.0
2024-10-21 14:15:00,1.0
2024-10-21 14:30:00,1.0
2024-10-21 14:45:00,1.0
2024-10-21 15:00:00,1.0
2024-10-21 15:15:00,1.0
2024-10-21 15:30:00,1.0
2024-10-21 15:45:00,1.0
2024-10-21 16:00:00,1.0
2024-10-21 16:15:00,1.0
2024-10-21 16:30:00,1.0
2024-10-21 16:45:00,1.0
2024-10-21 17:00:00,1.0
2024-10-21 17:15:00,1.0
2024-10-21 17:30:00,1.0
2024-10-21 17:45:00,1.0
2024-10-21 18:00:00,1.0
2024-10-21 18:15:00,1.0
2024-10-21 18:30:00,1.0
2024-10-21 18:45:00,1.0
2024-10-21 19:00:00,1.0
2024-10-21 19:15:00,1.0
2024-10-21 19:30:00,1.0
2024-10-21 19:45:00,1.0
2024-10-22 13:30:00,1.0
2024-10-22 13:45:00,1.0
2024-10-22 14:00:00,1.0
2024-10-22 14:15:00,1.0
2024-10-22 14:30:00,1.0
2024-10-22 14:45:00,1.0
2024-10-22 15:00:00,1.0
2024-10-22 15:15:00,1.0
2024-10-22 15:30:00,1.0
2024-10-22 15:45:00,1.0
2024-10-22 16:00:00,1.0
2024-10-22 16:15:00,1.0
2024-10-22 16:30:00,1.0
2024-10-22 16:45:00,1.0
2024-10-22 17:00:00,1.0
2024-10-22 17:15:00,1.0
2024-10-22 17:30:00,1.0
2024-10-22 17:45:00,1.0
2024-10-22 18:00:00,1.0
2024-10-22 18:15:00,1.0
2024-10-22 18:30:00,1.0
2024-10-22 18:45:00,1.0
2024-10-22 19:00:00,1.0
2024-10-22 19:15:00,1.0
2024-10-22 19:30:00,1.0
2024-10-22 19:45:00,1.0
2024-10-23 13:30:00,1.0
2024-10-23 13:45:00,1.0
2024-10-23 14:00:00,1.0
2024-10-23 14:15:00,1.0
2024-10-23 14:30:00,1.0
2024-10-23 14:45:00,1.0
2024-10-23 15:00:00,1.0
2024-10-23 15:15:00,1.0
2024-10-23 15:30:00,1.0
2024-10-23 15:45:00,1.0
2024-10-23 16:00:00,1.0
2024-10-23 16:15:00,1.0
2024-10-23 16:30:00,1.0
2024-10-23 16:45:00,1.0
2024-10-23 17:00:00,1.0
2024-10-23 17:15:00,1.0
2024-10-23 17:30:00,1.0
2024-10-23 17:45:00,1.0
2024-10-23 18:00:00,1.0
2024-10-23 18:15:00,1.0
2024-10-23 18:30:00,1.0
2024-10-23 18:45:00,1.0
2024-10-23 19:00:00,1.0
2024-10-23 19:15:00,1.0
2024-10-23 19:30:00,1.0
2024-10-23 19:45:00,1.0
2024-10-24 13:30:00,1.0
2024-10-24 13:45:00,1.0
2024-10-24 14:00:00,1.0
2024-10-24 14:15:00,1.0
2024-10-24 14:30:00,1.0
2024-10-24 14:45:00,1.0
2024-10-24 15:00:00,1.0
2024-10-24 15:15:00,1.0
2024-10-24 15:30:00,1.0
2024-10-24 15:45:00,1.0
2024-10-24 16:00:00,1.0
2024-10-24 16:15:00,1.0
2024-10-24 16:30:00,1.0
2024-10-24 16:45:00,1.0
2024-10-24 17:00:00,1.0
2024-10-24 17:15:00,1.0
2024-10-24 17:30:00,1.0
2024-10-24 17:45:00,1.0
2024-10-24 18:00:00,1.0
2024-10-24 18:15:00,1.0
2024-10-24 18:30:00,1.0
2024-10-24 18:45:00,1.0
2024-10-24 19:00:00,1.0
2024-10-24 19:15:00,1.0
2024-10-24 19:30:00,1.0
2024-10-24 19:45:00,1.0
2024-10-25 13:30:00,1.0
2024-10-25 13:45:00,1.0
2024-10-25 14:00:00,1.0
2024-10-25 14:15:00,1.0
2024-10-25 14:30:00,1.0
2024-10-25 14:45:00,1.0
2024-10-25 15:30:00,1.0
2024-10-25 15:45:00,1.0
2024-10-25 16:00:00,1.0
2024-10-25 16:15:00,1.0
2024-10-25 16:30:00,1.0
2024-10-25 16:45:00,1.0
2024-10-25 17:00:00,1.0
2024-10-25 17:15:00,1.0
2024-10-25 17:30:00,1.0
2024-10-25 17:45:00,1.0
2024-10-25 18:00:00,1.0
2024-10-25 18:15:00,1.0
2024-10-25 18:30:00,1.0
2024-10-25 18:45:00,1.0
2024-10-25 19:00:00,1.0
2024-10-25 19:15:00,1.0
2024-10-25 19:30:00,1.0
2024-10-25 19:45:00,1.0
2024-10-28 13:30:00,1.0
2024-10-28 13:45:00,1.0
2024-10-28 14:00:00,1.0
2024-10-28 14:15:00,1.0
2024-10-28 14:30:00,1.0
2024-10-28 14:45:00,1.0
2024-10-28 15:00:00,1.0
2024-10-28 15:15:00,1.0
2024-10-28 15:30:00,1.0
2024-10-28 15:45:00,1.0
2024-10-28 16:00:00,1.0
2024-10-28 16:15:00,1.0
2024-10-28 16:30:00,1.0
2024-10-28 16:45:00,1.0
2024-10-28 17:00:00,1.0
2024-10-28 17:15:00,1.0
2024-10-28 17:30:00,1.0
2024-10-28 17:45:00,1.0
2024-10-28 18:00:00,1.0
2024-10-28 18:15:00,1.0
2024-10-28 18:30:00,1.0
2024-10-28 18:45:00,1.0
2024-10-28 19:00:00,1.0
2024-10-28 19:15:00,1.0
2024-10-28 19:30:00,1.0
2024-10-28 19:45:00,1.0
2024-10-29 13:30:00,1.0
2024-10-29 13:45:00,1.0
2024-10-29 14:00:00,1.0
2024-10-29 14:15:00,1.0
2024-10-29 14:30:00,1.0
2024-10-29 14:45:00,1.0
2024-10-29 15:00:00,1.0
2024-10-29 15:15:00,1.0
2024-10-29 15:30:00,1.0
2024-10-29 15:45:00,1.0
2024-10-29 16:00:00,1.0
2024-10-29 16:15:00,1.0
2024-10-29 16:30:00,1.0
2024-10-29 16:45:00,1.0
2024-10-29 17:00:00,1.0
2024-10-29 17:15:00,1.0
2024-10-29 17:30:00,1.0
2024-10-29 17:45:00,1.0
2024-10-29 18:00:00,1.0
2024-10-29 18:15:00,1.0
2024-10-29 18:30:00,1.0
2024-10-29 18:45:00,1.0
2024-10-29 19:00:00,1.0
2024-10-29 19:15:00,1.0
2024-10-29 19:30:00,1.0
2024-10-29 19:45:00,1.0
2024-10-30 13:30:00,1.0
2024-10-30 13:45:00,1.0
2024-10-30 14:00:00,1.0
2024-10-30 14:15:00,1.0
2024-10-30 14:30:00,1.0
2024-10-30 14:45:00,1.0
2024-10-30 15:00:00,1.0
2024-10-30 15:15:00,1.0
2024-10-30 15:30:00,1.0
2024-10-30 15:45:00,1.0
2024-10-30 16:00:00,1.0
2024-10-30 16:15:00,1.0
2024-10-30 16:30:00,1.0
2024-10-30 16:45:00,1.0
2024-10-30 17:00:00,1.0
2024-10-30 17:15:00,1.0
2024-10-30 17:30:00,1.0
2024-10-30 17:45:00,1.0
2024-10-30 18:00:00,1.0
2024-10-30 18:15:00,1.0
2024-10-30 18:30:00,1.0
2024-10-30 18:45:00,1.0
2024-10-30 19:00:00,1.0
2024-10-30 19:15:00,1.0
2024-10-30 19:30:00,1.0
2024-10-30 19:45:00,1.0
2024-10-31 13:30:00,1.0
2024-10-31 13:45:00,1.0
2024-10-31 14:00:00,1.0
2024-10-31 14:15:00,1.0
2024-10-31 14:30:00,1.0
2024-10-31 14:45:00,1.0
2024-10-31 15:00:00,1.0
2024-10-31 15:15:00,1.0
2024-10-31 15:30:00,1.0
2024-10-31 15:45:00,1.0
2024-10-31 16:00:00,1.0
2024-10-31 16:15:00,1.0
2024-10-31 16:30:00,1.0
2024-10-31 16:45:00,1.0
2024-10-31 17:00:00,1.0
2024-10-31 17:15:00,1.0
2024-10-31 17:30:00,1.0
2024-10-31 17:45:00,1.0
2024-10-31 18:00:00,1.0
2024-10-31 18:15:00,1.0
2024-10-31 18:30:00,1.0
2024-10-31 18:45:00,1.0
2024-10-31 19:00:00,1.0
2024-10-31 19:15:00,1.0
2024-10-31 19:30:00,1.0
2024-10-31 19:45:00,1.0
2024-11-01 13:30:00,1.0
2024-11-01 13:45:00,1.0
2024-11-01 14:00:00,1.0
2024-11-01 14:15:00,1.0
2024-11-01 14:30:00,1.0
2024-11-01 14:45:00,1.0
2024-11-01 15:00:00,1.0
2024-11-01 15:15:00,1.0
2024-11-01 15:30:00,1.0
2024-11-01 15:45:00,1.0
2024-11-01 16:00:00,1.0
2024-11-01 16:15:00,1.0
2024-11-01 16:30:00,1.0
2024-11-01 16:45:00,1.0
2024-11-01 17:00:00,1.0
2024-11-01 17:15:00,1.0
2024-11-01 17:30:00,1.0
2024-11-01 17:45:00,1.0
2024-11-01 18:00:00,1.0
2024-11-01 18:15:00,1.0
2024-11-01 18:30:00,1.0
2024-11-01 18:45:00,1.0
2024-11-01 19:00:00,1.0
2024-11-01 19:15:00,1.0
2024-11-01 19:30:00,1.0
2024-11-01 19:45:00,1.0
2024-11-04 14:30:00,1.0
2024-11-04 14:45:00,1.0
2024-11-04 15:00:00,1.0
2024-11-04 15:15:00,1.0
2024-11-04 15:30:00,1.0
2024-11-04 15:45:00,1.0
2024-11-04 16:00:00,1.0
2024-11-04 16:15:00,1.0
2024-11-04 16:30:00,1.0
2024-11-04 16:45:00,1.0
2024-11-04 17:00:00,1.0
2024-11-04 17:15:00,1.0
2024-11-04 17:30:00,1.0
2024-11-04 17:45:00,1.0
2024-11-04 18:00:00,1.0
2024-11-04 18:15:00,1.0
2024-11-04 18:30:00,1.0
2024-11-04 18:45:00,1.0
2024-11-04 19:00:00,1.0
2024-11-04 19:15:00,1.0
2024-11-04 19:30:00,1.0
2024-11-04 19:45:00,1.0
2024-11-04 20:00:00,1.0
2024-11-04 20:15:00,1.0
2024-11-04 20:30:00,1.0
2024-11-04 20:45:00,1.0
2024-11-05 14:30:00,1.0
2024-11-05 14:45:00,1.0
2024-11-05 15:00:00,1.0
2024-11-05 15:15:00,1.0
2024-11-05 15:30:00,1.0
2024-11-05 15:45:00,1.0
2024-11-05 16:00:00,1.0
2024-11-05 16:15:00,1.0
2024-11-05 16:30:00,1.0
2024-11-05 16:45:00,1.0
2024-11-05 17:00:00,1.0
2024-11-05 17:15:00,1.0
2024-11-05 17:30:00,1.0
2024-11-05 17:45:00,1.0
2024-11-05 18:00:00,1.0
2024-11-05 18:15:00,1.0
2024-11-05 18:30:00,1.0
2024-11-05 18:45:00,1.0
2024-11-05 19:00:00,1.0
2024-11-05 19:15:00,1.0
2024-11-05 19:30:00,1.0
2024-11-05 19:45:00,1.0
2024-11-05 20:00:00,1.0
2024-11-05 20:15:00,1.0
2024-11-05 20:30:00,1.0
2024-11-05 20:45:00,1.0
2024-11-06 14:30:00,1.0
2024-11-06 14:45:00,1.0
2024-11-06 15:00:00,1.0
2024-11-06 15:15:00,1.0
2024-11-06 15:30:00,1.0
2024-11-06 15:45:00,1.0
2024-11-06 16:00:00,1.0
2024-11-06 16:15:00,1.0
2024-11-06 16:30:00,1.0
2024-11-06 16:45:00,1.0
2024-11-06 17:00:00,1.0
2024-11-06 17:15:00,1.0
2024-11-06 17:30:00,1.0141107067784734
2024-11-07 14:30:00,1.0141107067784734
2024-11-07 14:45:00,1.0141107067784734
2024-11-07 15:00:00,1.0141107067784734
2024-11-07 15:15:00,1.0141107067784734
2024-11-07 15:30:00,1.0141107067784734
2024-11-07 15:45:00,1.0141107067784734
2024-11-07 16:00:00,1.0141107067784734
2024-11-07 16:15:00,1.0141107067784734
2024-11-07 16:30:00,1.0141107067784734
2024-11-07 16:45:00,1.0141107067784734
2024-11-07 17:00:00,1.0141107067784734
2024-11-07 17:15:00,1.0141107067784734
2024-11-07 17:30:00,1.0141107067784734
2024-11-07 17:45:00,1.0141107067784734
2024-11-07 18:00:00,1.0141107067784734
2024-11-07 18:15:00,1.0141107067784734
2024-11-07 18:30:00,1.0141107067784734
2024-11-07 18:45:00,1.0141107067784734
2024-11-07 19:00:00,1.0141107067784734
2024-11-07 19:15:00,1.0141107067784734
2024-11-07 19:30:00,1.0141107067784734
2024-11-07 19:45:00,1.0141107067784734
2024-11-07 20:00:00,1.0141107067784734
2024-11-07 20:15:00,1.0141107067784734
2024-11-07 20:30:00,1.0141107067784734
2024-11-07 20:45:00,1.0141107067784734
2024-11-08 14:30:00,1.0141107067784734
2024-11-08 15:00:00,1.0141107067784734
2024-11-08 15:15:00,1.0141107067784734
2024-11-08 15:30:00,1.0141107067784734
2024-11-08 15:45:00,1.0141107067784734
2024-11-08 16:00:00,1.0141107067784734
2024-11-08 16:15:00,1.0141107067784734
2024-11-08 16:30:00,1.0141107067784734
2024-11-08 16:45:00,1.0141107067784734
2024-11-08 17:00:00,1.0141107067784734
2024-11-08 17:15:00,1.0141107067784734
2024-11-08 17:30:00,1.0141107067784734
2024-11-08 17:45:00,1.0141107067784734
2024-11-08 18:00:00,1.0141107067784734
2024-11-08 18:15:00,1.0141107067784734
2024-11-08 18:30:00,1.0141107067784734
2024-11-08 18:45:00,1.0141107067784734
2024-11-08 19:00:00,1.0141107067784734
2024-11-08 19:15:00,1.0141107067784734
2024-11-08 19:30:00,1.0141107067784734
2024-11-08 19:45:00,1.0141107067784734
2024-11-08 20:00:00,1.0141107067784734
2024-11-08 20:15:00,1.0141107067784734
2024-11-08 20:30:00,1.0141107067784734
2024-11-08 20:45:00,1.0141107067784734
2024-11-11 14:30:00,1.0141107067784734
2024-11-11 14:45:00,1.0141107067784734
2024-11-11 15:00:00,1.0141107067784734
2024-11-11 15:15:00,1.0141107067784734
2024-11-11 15:30:00,1.0141107067784734
2024-11-11 15:45:00,1.0141107067784734
2024-11-11 16:00:00,1.0141107067784734
2024-11-11 16:15:00,1.0141107067784734
2024-11-11 16:30:00,1.0141107067784734
2024-11-11 16:45:00,1.0141107067784734
2024-11-11 17:00:00,1.0141107067784734
2024-11-11 17:15:00,1.0141107067784734
2024-11-11 17:30:00,1.0141107067784734
2024-11-11 17:45:00,1.0141107067784734
2024-11-11 18:00:00,1.0141107067784734
2024-11-11 18:15:00,1.0141107067784734
2024-11-11 18:30:00,1.0037026153581636
2024-11-11 18:45:00,1.0037026153581636
2024-11-11 19:00:00,1.0037026153581636
2024-11-11 19:15:00,1.0037026153581636
2024-11-11 19:30:00,1.0037026153581636
2024-11-11 19:45:00,1.0037026153581636
2024-11-11 20:00:00,1.0037026153581636
2024-11-11 20:15:00,1.0037026153581636
2024-11-11 20:30:00,1.0037026153581636
2024-11-11 20:45:00,1.0037026153581636
2024-11-12 14:30:00,1.0037026153581636
2024-11-12 14:45:00,1.0037026153581636
2024-11-12 15:00:00,1.0037026153581636
2024-11-12 15:15:00,1.0037026153581636
2024-11-12 15:30:00,1.0037026153581636
2024-11-12 15:45:00,1.0037026153581636
2024-11-12 16:00:00,1.0037026153581636
2024-11-12 16:15:00,1.0037026153581636
2024-11-12 16:30:00,1.0037026153581636
2024-11-12 16:45:00,1.0037026153581636
2024-11-12 17:00:00,1.0037026153581636
2024-11-12 17:15:00,1.0037026153581636
2024-11-12 17:30:00,1.0037026153581636
2024-11-12 17:45:00,1.0037026153581636
2024-11-12 18:00:00,1.0037026153581636
2024-11-12 18:15:00,1.0037026153581636
2024-11-12 18:30:00,1.0045523012293007
2024-11-12 18:45:00,1.0045523012293007
2024-11-12 19:00:00,1.0045523012293007
2024-11-12 19:15:00,1.0045523012293007
2024-11-12 19:30:00,1.0045523012293007
2024-11-12 19:45:00,1.0045523012293007
2024-11-12 20:00:00,1.0045523012293007
2024-11-12 20:15:00,1.0045523012293007
2024-11-12 20:30:00,1.0045523012293007
2024-11-12 20:45:00,1.0045523012293007
2024-11-13 14:30:00,1.0045523012293007
2024-11-13 14:45:00,1.0045523012293007
2024-11-13 15:00:00,1.0045523012293007
2024-11-13 15:15:00,1.0045523012293007
2024-11-13 15:30:00,1.0045523012293007
2024-11-13 15:45:00,1.0045523012293007
2024-11-13 16:00:00,1.0045523012293007
2024-11-13 16:15:00,1.0045523012293007
2024-11-13 16:30:00,1.0045523012293007
2024-11-13 16:45:00,1.0045523012293007
2024-11-13 17:00:00,1.0045523012293007
2024-11-13 17:15:00,1.0045523012293007
2024-11-13 17:30:00,1.0045523012293007
2024-11-13 17:45:00,1.0045523012293007
2024-11-13 18:00:00,1.0045523012293007
2024-11-13 18:15:00,1.0045523012293007
2024-11-13 18:30:00,1.0045523012293007
2024-11-13 18:45:00,1.0045523012293007
2024-11-13 19:00:00,1.0045523012293007
2024-11-13 19:15:00,1.0045523012293007
2024-11-13 19:30:00,1.0045523012293007
2024-11-13 19:45:00,1.0045523012293007
2024-11-13 20:00:00,1.0045523012293007
2024-11-13 20:15:00,1.0045523012293007
2024-11-13 20:30:00,1.0045523012293007
2024-11-13 20:45:00,1.0045523012293007
2024-11-14 14:30:00,1.0045523012293007
2024-11-14 14:45:00,1.0045523012293007
2024-11-14 15:00:00,1.0045523012293007
2024-11-14 15:15:00,1.0045523012293007
2024-11-14 15:30:00,1.0045523012293007
2024-11-14 15:45:00,1.0045523012293007
2024-11-14 16:00:00,1.0045523012293007
2024-11-14 16:15:00,1.0045523012293007
2024-11-14 16:30:00,1.0045523012293007
2024-11-14 16:45:00,1.0045523012293007
2024-11-14 17:00:00,1.0045523012293007
2024-11-14 17:15:00,1.0045523012293007
2024-11-14 17:30:00,1.0045523012293007
2024-11-14 17:45:00,1.0045523012293007
2024-11-14 18:00:00,1.0045523012293007
2024-11-14 18:15:00,1.0045523012293007
2024-11-14 18:30:00,1.0045523012293007
2024-11-14 19:00:00,1.0045523012293007
2024-11-14 19:15:00,1.0045523012293007
2024-11-14 19:30:00,1.0045523012293007
2024-11-14 19:45:00,1.0045523012293007
2024-11-14 20:00:00,1.0045523012293007
2024-11-14 20:15:00,1.0045523012293007
2024-11-14 20:30:00,1.0045523012293007
2024-11-14 20:45:00,1.0045523012293007
2024-11-15 14:30:00,1.0045523012293007
2024-11-15 14:45:00,1.0045523012293007
2024-11-15 15:00:00,1.0045523012293007
2024-11-15 15:15:00,1.0045523012293007
2024-11-15 15:30:00,1.0045523012293007
2024-11-15 15:45:00,1.0045523012293007
2024-11-15 16:00:00,1.0045523012293007
2024-11-15 16:15:00,1.0045523012293007
2024-11-15 16:30:00,1.0045523012293007
2024-11-15 16:45:00,1.0045523012293007
2024-11-15 17:00:00,1.0045523012293007
2024-11-15 17:15:00,1.0045523012293007
2024-11-15 17:30:00,1.0045523012293007
2024-11-15 17:45:00,1.0045523012293007
2024-11-15 18:00:00,1.0045523012293007
2024-11-15 18:15:00,1.0045523012293007
2024-11-15 18:30:00,0.9993499012981824
2024-11-15 18:45:00,0.9993499012981824
2024-11-15 19:00:00,0.9993499012981824
2024-11-15 19:15:00,0.9993499012981824
2024-11-15 19:30:00,0.9993499012981824
2024-11-15 19:45:00,0.9993499012981824
2024-11-15 20:00:00,0.9993499012981824
2024-11-15 20:15:00,0.9993499012981824
2024-11-15 20:30:00,0.9993499012981824
2024-11-15 20:45:00,0.9993499012981824
2024-11-18 14:30:00,0.9993499012981824
2024-11-18 14:45:00,0.9993499012981824
2024-11-18 15:00:00,0.9993499012981824
2024-11-18 15:15:00,0.9993499012981824
2024-11-18 15:30:00,0.9993499012981824
2024-11-18 15:45:00,0.9993499012981824
2024-11-18 16:00:00,0.9993499012981824
2024-11-18 16:15:00,0.9993499012981824
2024-11-18 16:30:00,0.9993499012981824
2024-11-18 16:45:00,0.9993499012981824
2024-11-18 17:00:00,0.9993499012981824
2024-11-18 17:15:00,0.9993499012981824
2024-11-18 17:30:00,0.9993499012981824
2024-11-18 17:45:00,0.9993499012981824
2024-11-18 18:00:00,0.9993499012981824
2024-11-18 18:15:00,0.9993499012981824
2024-11-18 18:30:00,0.9993499012981824
2024-11-18 18:45:00,0.9993499012981824
2024-11-18 19:00:00,0.9993499012981824
2024-11-18 19:15:00,0.9993499012981824
2024-11-18 19:30:00,0.9993499012981824
2024-11-18 19:45:00,0.9993499012981824
2024-11-18 20:00:00,0.9993499012981824
2024-11-18 20:15:00,0.9993499012981824
2024-11-18 20:30:00,0.9993499012981824
2024-11-18 20:45:00,0.9993499012981824
2024-11-19 14:30:00,0.9993499012981824
2024-11-19 14:45:00,0.9993499012981824
2024-11-19 15:00:00,0.9993499012981824
2024-11-19 15:15:00,0.9993499012981824
2024-11-19 15:30:00,0.9993499012981824
2024-11-19 15:45:00,1.009286337407565
2024-11-19 16:30:00,1.009286337407565
2024-11-19 16:45:00,1.009286337407565
2024-11-19 17:00:00,1.009286337407565
2024-11-19 17:15:00,1.009286337407565
2024-11-19 17:30:00,1.009286337407565
2024-11-19 17:45:00,1.009286337407565
2024-11-19 18:00:00,1.009286337407565
2024-11-19 18:15:00,1.009286337407565
2024-11-19 18:30:00,1.009286337407565
2024-11-19 18:45:00,1.009286337407565
2024-11-19 19:00:00,1.009286337407565
2024-11-19 19:15:00,1.009286337407565
2024-11-19 19:30:00,1.009286337407565
2024-11-19 19:45:00,1.009286337407565
2024-11-19 20:00:00,1.009286337407565
2024-11-19 20:15:00,1.009286337407565
2024-11-19 20:30:00,1.009286337407565
2024-11-19 20:45:00,1.009286337407565
2024-11-20 14:30:00,1.009286337407565
2024-11-20 14:45:00,1.009286337407565
2024-11-20 15:00:00,1.009286337407565
2024-11-20 15:15:00,1.009286337407565
2024-11-20 15:30:00,1.009286337407565
2024-11-20 15:45:00,1.009286337407565
2024-11-20 16:00:00,1.009286337407565
2024-11-20 16:15:00,1.009286337407565
2024-11-20 16:30:00,1.009286337407565
2024-11-20 16:45:00,1.009286337407565
2024-11-20 17:00:00,1.009286337407565
2024-11-20 17:15:00,1.009286337407565
2024-11-20 17:30:00,1.009286337407565
2024-11-20 17:45:00,1.009286337407565
2024-11-20 18:00:00,1.009286337407565
2024-11-20 18:15:00,1.009286337407565
2024-11-20 18:30:00,1.009286337407565
2024-11-20 18:45:00,1.009286337407565
2024-11-20 19:00:00,1.009286337407565
2024-11-20 19:15:00,1.009286337407565
2024-11-20 19:30:00,1.009286337407565
2024-11-20 19:45:00,1.009286337407565
2024-11-20 20:00:00,1.009286337407565
2024-11-20 20:15:00,1.009286337407565
2024-11-20 20:30:00,1.009286337407565
2024-11-20 20:45:00,1.009286337407565
2024-11-21 14:45:00,1.009286337407565
2024-11-21 15:00:00,1.009286337407565
2024-11-21 15:15:00,1.009286337407565
2024-11-21 15:30:00,1.009286337407565
2024-11-21 15:45:00,1.009286337407565
2024-11-21 16:00:00,1.009286337407565
2024-11-21 16:15:00,1.009286337407565
2024-11-21 16:30:00,1.009286337407565
2024-11-21 16:45:00,1.009286337407565
2024-11-21 17:00:00,1.009286337407565
2024-11-21 17:15:00,1.009286337407565
2024-11-21 17:30:00,1.009286337407565
2024-11-21 17:45:00,1.009286337407565
2024-11-21 18:00:00,1.009286337407565
2024-11-21 18:15:00,1.009286337407565
2024-11-21 18:30:00,1.009286337407565
2024-11-21 18:45:00,1.009286337407565
2024-11-21 19:00:00,1.009286337407565
2024-11-21 19:15:00,1.009286337407565
2024-11-21 19:30:00,1.009286337407565
2024-11-21 19:45:00,1.009286337407565
2024-11-21 20:00:00,1.009286337407565
2024-11-21 20:15:00,1.009286337407565
2024-11-21 20:30:00,1.009286337407565
2024-11-21 20:45:00,1.009286337407565
2024-11-22 14:30:00,1.009286337407565
2024-11-22 14:45:00,1.009286337407565
2024-11-22 15:00:00,1.009286337407565
2024-11-22 15:15:00,1.009286337407565
2024-11-22 15:30:00,1.009286337407565
2024-11-22 15:45:00,1.009286337407565
2024-11-22 16:00:00,1.009286337407565
2024-11-22 16:15:00,1.009286337407565
2024-11-22 16:30:00,1.009286337407565
2024-11-22 16:45:00,1.009286337407565
2024-11-22 17:00:00,1.009286337407565
2024-11-22 17:15:00,1.009286337407565
2024-11-22 17:30:00,1.009286337407565
2024-11-22 17:45:00,1.009286337407565
2024-11-22 18:00:00,1.009286337407565
2024-11-22 18:15:00,1.009286337407565
2024-11-22 18:30:00,1.009286337407565
2024-11-22 18:45:00,1.009286337407565
2024-11-22 19:00:00,1.009286337407565
2024-11-22 19:15:00,1.009286337407565
2024-11-22 19:30:00,1.009286337407565
2024-11-22 19:45:00,1.009286337407565
2024-11-22 20:00:00,1.009286337407565
2024-11-22 20:15:00,1.009286337407565
2024-11-22 20:30:00,1.009286337407565
2024-11-22 20:45:00,1.009286337407565
2024-11-25 14:30:00,1.009286337407565
2024-11-25 14:45:00,1.009286337407565
2024-11-25 15:00:00,1.009286337407565
2024-11-25 15:15:00,1.009286337407565
2024-11-25 15:30:00,1.009286337407565
2024-11-25 15:45:00,1.009286337407565
2024-11-25 16:00:00,1.009286337407565
2024-11-25 16:15:00,1.009286337407565
2024-11-25 16:30:00,1.009286337407565
2024-11-25 16:45:00,1.009286337407565
2024-11-25 17:00:00,1.009286337407565
2024-11-25 17:15:00,1.009286337407565
2024-11-25 17:30:00,1.009286337407565
2024-11-25 17:45:00,1.009286337407565
2024-11-25 18:00:00,1.009286337407565
2024-11-25 18:15:00,1.009286337407565
2024-11-25 18:30:00,1.0159250817955925
2024-11-25 18:45:00,1.0159250817955925
2024-11-25 19:00:00,1.0159250817955925
2024-11-25 19:15:00,1.0159250817955925
2024-11-25 19:30:00,1.0159250817955925
2024-11-25 19:45:00,1.0159250817955925
2024-11-25 20:00:00,1.0159250817955925
2024-11-25 20:15:00,1.0159250817955925
2024-11-25 20:30:00,1.0159250817955925
2024-11-25 20:45:00,1.0159250817955925
2024-11-26 14:30:00,1.0159250817955925
2024-11-26 14:45:00,1.0159250817955925
2024-11-26 15:00:00,1.0159250817955925
2024-11-26 15:15:00,1.0159250817955925
2024-11-26 15:30:00,1.0159250817955925
2024-11-26 15:45:00,1.0159250817955925
2024-11-26 16:00:00,1.0159250817955925
2024-11-26 16:15:00,1.0159250817955925
2024-11-26 16:30:00,1.0159250817955925
2024-11-26 16:45:00,1.0159250817955925
2024-11-26 17:00:00,1.0159250817955925
2024-11-26 17:15:00,1.0159250817955925
2024-11-26 17:30:00,1.0159250817955925
2024-11-26 17:45:00,1.0159250817955925
2024-11-26 18:00:00,1.0159250817955925
2024-11-26 18:15:00,1.0159250817955925
2024-11-26 18:30:00,1.0132198726009427
2024-11-26 18:45:00,1.0132198726009427
2024-11-26 19:00:00,1.0132198726009427
2024-11-26 19:15:00,1.0132198726009427
2024-11-26 19:30:00,1.0132198726009427
2024-11-26 19:45:00,1.0132198726009427
2024-11-26 20:00:00,1.0132198726009427
2024-11-26 20:15:00,1.0132198726009427
2024-11-26 20:30:00,1.0132198726009427
2024-11-26 20:45:00,1.0132198726009427
2024-11-27 14:30:00,1.0132198726009427
2024-11-27 14:45:00,1.0132198726009427
2024-11-27 15:00:00,1.0132198726009427
2024-11-27 15:15:00,1.0132198726009427
2024-11-27 15:30:00,1.0132198726009427
2024-11-27 15:45:00,1.0132198726009427
2024-11-27 16:00:00,1.0132198726009427
2024-11-27 16:15:00,1.0132198726009427
2024-11-27 16:30:00,1.0132198726009427
2024-11-27 16:45:00,1.0132198726009427
2024-11-27 17:00:00,1.0132198726009427
2024-11-27 17:15:00,1.0132198726009427
2024-11-27 17:30:00,1.0132198726009427
2024-11-27 17:45:00,1.0132198726009427
2024-11-27 18:00:00,1.0132198726009427
2024-11-27 18:15:00,1.0132198726009427
2024-11-27 18:30:00,1.0132198726009427
2024-11-27 18:45:00,1.0132198726009427
2024-11-27 19:00:00,1.0132198726009427
2024-11-27 19:15:00,1.0132198726009427
2024-11-27 19:30:00,1.0132198726009427
2024-11-27 19:45:00,1.0132198726009427
2024-11-27 20:00:00,1.0132198726009427
2024-11-27 20:15:00,1.0132198726009427
2024-11-27 20:30:00,1.0132198726009427
2024-11-27 20:45:00,1.0132198726009427
2024-11-29 14:30:00,1.0132198726009427
2024-11-29 14:45:00,1.0132198726009427
2024-11-29 15:00:00,1.0132198726009427
2024-11-29 15:15:00,1.0132198726009427
2024-11-29 15:30:00,1.0132198726009427
2024-11-29 15:45:00,1.0132198726009427
2024-11-29 16:00:00,1.0132198726009427
2024-11-29 16:15:00,1.0132198726009427
2024-11-29 16:30:00,1.0132198726009427
2024-11-29 16:45:00,1.0132198726009427
2024-11-29 17:00:00,1.0132198726009427
2024-11-29 17:15:00,1.0132198726009427
2024-11-29 17:30:00,1.0132198726009427
2024-11-29 17:45:00,1.0132198726009427
2024-11-29 18:00:00,1.0132198726009427
2024-11-29 20:45:00,1.0132198726009427
2024-12-02 14:30:00,1.0132198726009427
2024-12-02 14:45:00,1.0132198726009427
2024-12-02 15:00:00,1.0132198726009427
2024-12-02 15:15:00,1.0132198726009427
2024-12-02 15:30:00,1.0132198726009427
2024-12-02 15:45:00,1.0132198726009427
2024-12-02 16:00:00,1.0132198726009427
2024-12-02 16:15:00,1.0132198726009427
2024-12-02 16:30:00,1.0132198726009427
2024-12-02 16:45:00,1.0132198726009427
2024-12-02 17:00:00,1.0132198726009427
2024-12-02 17:15:00,1.0132198726009427
2024-12-02 17:30:00,1.0132198726009427
2024-12-02 17:45:00,1.0132198726009427
2024-12-02 18:00:00,1.0132198726009427
2024-12-02 18:15:00,1.0132198726009427
2024-12-02 18:30:00,1.0132198726009427
2024-12-02 18:45:00,1.0132198726009427
2024-12-02 19:00:00,1.0132198726009427
2024-12-02 19:15:00,1.0132198726009427
2024-12-02 19:30:00,1.0132198726009427
2024-12-02 19:45:00,1.0132198726009427
2024-12-02 20:00:00,1.0132198726009427
2024-12-02 20:15:00,1.0132198726009427
2024-12-02 20:30:00,1.0132198726009427
2024-12-02 20:45:00,1.0132198726009427
2024-12-03 14:30:00,1.0132198726009427
2024-12-03 14:45:00,1.0132198726009427
2024-12-03 15:00:00,1.0132198726009427
2024-12-03 15:15:00,1.0132198726009427
2024-12-03 15:30:00,1.0132198726009427
2024-12-03 15:45:00,1.0132198726009427
2024-12-03 16:00:00,1.0132198726009427
2024-12-03 16:15:00,1.0132198726009427
2024-12-03 16:30:00,1.0132198726009427
2024-12-03 16:45:00,1.0132198726009427
2024-12-03 17:00:00,1.0132198726009427
2024-12-03 17:15:00,1.0132198726009427
2024-12-03 17:30:00,1.0132198726009427
2024-12-03 17:45:00,1.0132198726009427
2024-12-03 18:00:00,1.0132198726009427
2024-12-03 18:15:00,1.0132198726009427
2024-12-03 18:30:00,1.0132198726009427
2024-12-03 18:45:00,1.0132198726009427
2024-12-03 19:00:00,1.0132198726009427
2024-12-03 19:15:00,1.0132198726009427
2024-12-03 19:30:00,1.0132198726009427
2024-12-03 19:45:00,1.0132198726009427
2024-12-03 20:00:00,1.0132198726009427
2024-12-03 20:15:00,1.0132198726009427
2024-12-03 20:30:00,1.0132198726009427
2024-12-03 20:45:00,1.0132198726009427
2024-12-04 14:30:00,1.0132198726009427
2024-12-04 14:45:00,1.0132198726009427
2024-12-04 15:00:00,1.0132198726009427
2024-12-04 15:15:00,1.0132198726009427
2024-12-04 15:30:00,1.0132198726009427
2024-12-04 15:45:00,1.0132198726009427
2024-12-04 16:00:00,1.0132198726009427
2024-12-04 16:15:00,1.0132198726009427
2024-12-04 16:30:00,1.0132198726009427
2024-12-04 16:45:00,1.0132198726009427
2024-12-04 17:00:00,1.0132198726009427
2024-12-04 17:15:00,1.0132198726009427
2024-12-04 17:30:00,1.0132198726009427
2024-12-04 17:45:00,1.0132198726009427
2024-12-04 18:00:00,1.0132198726009427
2024-12-04 18:15:00,1.0132198726009427
2024-12-04 18:30:00,1.0132198726009427
2024-12-04 18:45:00,1.0132198726009427
2024-12-04 19:00:00,1.0132198726009427
2024-12-04 19:15:00,1.0132198726009427
2024-12-04 19:30:00,1.0132198726009427
2024-12-04 19:45:00,1.0132198726009427
2024-12-04 20:00:00,1.0132198726009427
2024-12-04 20:15:00,1.0132198726009427
2024-12-04 20:30:00,1.0132198726009427
2024-12-04 20:45:00,1.0132198726009427
2024-12-05 14:30:00,1.0132198726009427
2024-12-05 14:45:00,1.0132198726009427
2024-12-05 15:00:00,1.0132198726009427
2024-12-05 15:15:00,1.0132198726009427
2024-12-05 15:30:00,1.0132198726009427
2024-12-05 15:45:00,1.0132198726009427
2024-12-05 16:00:00,1.0132198726009427
2024-12-05 16:15:00,1.0132198726009427
2024-12-05 16:30:00,1.0132198726009427
2024-12-05 16:45:00,1.0132198726009427
2024-12-05 17:00:00,1.0132198726009427
2024-12-05 17:15:00,1.0132198726009427
2024-12-05 17:30:00,1.0132198726009427
2024-12-05 17:45:00,1.0132198726009427
2024-12-05 18:00:00,1.0132198726009427
2024-12-05 18:15:00,1.0132198726009427
2024-12-05 18:30:00,1.0132198726009427
2024-12-05 18:45:00,1.0132198726009427
2024-12-05 19:00:00,1.0132198726009427
2024-12-05 19:15:00,1.0132198726009427
2024-12-05 19:30:00,1.0132198726009427
2024-12-05 19:45:00,1.0132198726009427
2024-12-05 20:00:00,1.0132198726009427
2024-12-05 20:15:00,1.0132198726009427
2024-12-05 20:30:00,1.0132198726009427
2024-12-05 20:45:00,1.0132198726009427
2024-12-06 14:30:00,1.0132198726009427
2024-12-06 14:45:00,1.0132198726009427
2024-12-06 15:00:00,1.0132198726009427
2024-12-06 15:15:00,1.0132198726009427
2024-12-06 15:30:00,1.0132198726009427
2024-12-06 15:45:00,1.0132198726009427
2024-12-06 16:00:00,1.0132198726009427
2024-12-06 16:15:00,1.0132198726009427
2024-12-06 16:30:00,1.0132198726009427
2024-12-06 16:45:00,1.0132198726009427
2024-12-06 17:00:00,1.0132198726009427
2024-12-06 17:15:00,1.0132198726009427
2024-12-06 17:30:00,1.0132198726009427
2024-12-06 17:45:00,1.0132198726009427
2024-12-06 18:00:00,1.0132198726009427
2024-12-06 18:15:00,1.0132198726009427
2024-12-06 18:30:00,1.0132198726009427
2024-12-06 18:45:00,1.0132198726009427
2024-12-06 19:00:00,1.0132198726009427
2024-12-06 19:15:00,1.0132198726009427
2024-12-06 19:30:00,1.0132198726009427
2024-12-06 19:45:00,1.0132198726009427
2024-12-06 20:00:00,1.0132198726009427
2024-12-06 20:15:00,1.0132198726009427
2024-12-06 20:30:00,1.0132198726009427
2024-12-06 20:45:00,1.0132198726009427
2024-12-09 14:30:00,1.0132198726009427
2024-12-09 14:45:00,1.0132198726009427
2024-12-09 15:00:00,1.0132198726009427
2024-12-09 15:15:00,1.0132198726009427
2024-12-09 15:30:00,1.0132198726009427
2024-12-09 15:45:00,1.0132198726009427
2024-12-09 16:00:00,1.0132198726009427
2024-12-09 16:30:00,1.0132198726009427
2024-12-09 16:45:00,1.0132198726009427
2024-12-09 17:00:00,1.0132198726009427
2024-12-09 17:15:00,1.0132198726009427
2024-12-09 17:30:00,1.0132198726009427
2024-12-09 17:45:00,1.0132198726009427
2024-12-09 18:00:00,1.0132198726009427
2024-12-09 18:15:00,1.0132198726009427
2024-12-09 18:30:00,1.0132198726009427
2024-12-09 18:45:00,1.033770852525301
2024-12-09 19:00:00,1.033770852525301
2024-12-09 19:15:00,1.033770852525301
2024-12-09 19:30:00,1.033770852525301
2024-12-09 19:45:00,1.033770852525301
2024-12-09 20:00:00,1.033770852525301
2024-12-09 20:15:00,1.033770852525301
2024-12-09 20:30:00,1.033770852525301
2024-12-09 20:45:00,1.033770852525301
2024-12-10 14:30:00,1.033770852525301
2024-12-10 14:45:00,1.033770852525301
2024-12-10 15:00:00,1.033770852525301
2024-12-10 15:15:00,1.033770852525301
2024-12-10 15:30:00,1.033770852525301
2024-12-10 15:45:00,1.033770852525301
2024-12-10 16:00:00,1.033770852525301
2024-12-10 16:15:00,1.033770852525301
2024-12-10 16:30:00,1.033770852525301
2024-12-10 16:45:00,1.033770852525301
2024-12-10 17:00:00,1.033770852525301
2024-12-10 17:15:00,1.033770852525301
2024-12-10 17:30:00,1.033770852525301
2024-12-10 17:45:00,1.033770852525301
2024-12-10 18:00:00,1.033770852525301
2024-12-10 18:15:00,1.033770852525301
2024-12-10 18:30:00,1.033770852525301
2024-12-10 18:45:00,1.033770852525301
2024-12-10 19:00:00,1.033770852525301
2024-12-10 19:15:00,1.033770852525301
2024-12-10 19:30:00,1.033770852525301
2024-12-10 19:45:00,1.033770852525301
2024-12-10 20:00:00,1.033770852525301
2024-12-10 20:15:00,1.033770852525301
2024-12-10 20:30:00,1.033770852525301
2024-12-10 20:45:00,1.033770852525301
2024-12-11 14:30:00,1.033770852525301
2024-12-11 14:45:00,1.033770852525301
2024-12-11 15:00:00,1.033770852525301
2024-12-11 15:15:00,1.033770852525301
2024-12-11 15:30:00,1.033770852525301
2024-12-11 15:45:00,1.033770852525301
2024-12-11 16:00:00,1.033770852525301
2024-12-11 16:15:00,1.033770852525301
2024-12-11 16:30:00,1.033770852525301
2024-12-11 16:45:00,1.033770852525301
2024-12-11 17:00:00,1.033770852525301
2024-12-11 17:15:00,1.033770852525301
2024-12-11 17:30:00,1.033770852525301
2024-12-11 17:45:00,1.033770852525301
2024-12-11 18:00:00,1.033770852525301
2024-12-11 18:15:00,1.033770852525301
2024-12-11 18:30:00,1.033770852525301
2024-12-11 18:45:00,1.033770852525301
2024-12-11 19:00:00,1.033770852525301
2024-12-11 19:15:00,1.033770852525301
2024-12-11 19:30:00,1.033770852525301
2024-12-11 19:45:00,1.033770852525301
2024-12-11 20:00:00,1.033770852525301
2024-12-11 20:15:00,1.033770852525301
2024-12-11 20:30:00,1.033770852525301
2024-12-11 20:45:00,1.033770852525301
2024-12-12 14:30:00,1.033770852525301
2024-12-12 14:45:00,1.033770852525301
2024-12-12 15:00:00,1.033770852525301
2024-12-12 15:15:00,1.033770852525301
2024-12-12 15:30:00,1.033770852525301
2024-12-12 15:45:00,1.033770852525301
2024-12-12 16:00:00,1.033770852525301
2024-12-12 16:15:00,1.033770852525301
2024-12-12 16:30:00,1.033770852525301
2024-12-12 16:45:00,1.033770852525301
2024-12-12 17:00:00,1.033770852525301
2024-12-12 17:15:00,1.033770852525301
2024-12-12 17:30:00,1.033770852525301
2024-12-12 17:45:00,1.033770852525301
2024-12-12 18:00:00,1.033770852525301
2024-12-12 18:15:00,1.033770852525301
2024-12-12 18:30:00,1.033770852525301
2024-12-12 18:45:00,1.033770852525301
2024-12-12 19:00:00,1.033770852525301
2024-12-12 19:15:00,1.033770852525301
2024-12-12 19:30:00,1.033770852525301
2024-12-12 19:45:00,1.033770852525301
2024-12-12 20:00:00,1.033770852525301
2024-12-12 20:15:00,1.033770852525301
2024-12-12 20:30:00,1.033770852525301
2024-12-12 20:45:00,1.033770852525301
2024-12-13 14:30:00,1.033770852525301
2024-12-13 14:45:00,1.033770852525301
2024-12-13 15:00:00,1.033770852525301
2024-12-13 15:15:00,1.033770852525301
2024-12-13 15:30:00,1.033770852525301
2024-12-13 15:45:00,1.033770852525301
2024-12-13 16:00:00,1.033770852525301
2024-12-13 16:15:00,1.033770852525301
2024-12-13 16:30:00,1.033770852525301
2024-12-13 16:45:00,1.033770852525301
2024-12-13 17:00:00,1.033770852525301
2024-12-13 17:15:00,1.033770852525301
2024-12-13 17:30:00,1.033770852525301
2024-12-13 17:45:00,1.033770852525301
2024-12-13 18:00:00,1.033770852525301
2024-12-13 18:15:00,1.033770852525301
2024-12-13 18:30:00,1.033770852525301
2024-12-13 18:45:00,1.033770852525301
2024-12-13 19:00:00,1.033770852525301
2024-12-13 19:15:00,1.033770852525301
2024-12-13 19:30:00,1.033770852525301
2024-12-13 19:45:00,1.033770852525301
2024-12-13 20:00:00,1.033770852525301
2024-12-13 20:15:00,1.033770852525301
2024-12-13 20:30:00,1.033770852525301
2024-12-13 20:45:00,1.033770852525301
2024-12-16 14:30:00,1.033770852525301
2024-12-16 14:45:00,1.033770852525301
2024-12-16 15:00:00,1.033770852525301
2024-12-16 15:15:00,1.033770852525301
2024-12-16 15:30:00,1.033770852525301
2024-12-16 15:45:00,1.033770852525301
2024-12-16 16:00:00,1.033770852525301
2024-12-16 16:15:00,1.033770852525301
2024-12-16 16:30:00,1.033770852525301
2024-12-16 16:45:00,1.033770852525301
2024-12-16 17:00:00,1.033770852525301
2024-12-16 17:15:00,1.033770852525301
2024-12-16 17:30:00,1.033770852525301
2024-12-16 17:45:00,1.033770852525301
2024-12-16 18:00:00,1.033770852525301
2024-12-16 18:15:00,1.033770852525301
2024-12-16 18:30:00,1.033770852525301
2024-12-16 18:45:00,1.033770852525301
2024-12-16 19:00:00,1.033770852525301
2024-12-16 19:15:00,1.033770852525301
2024-12-16 19:30:00,1.033770852525301
2024-12-16 19:45:00,1.033770852525301
2024-12-16 20:00:00,1.033770852525301
2024-12-16 20:15:00,1.033770852525301
2024-12-16 20:30:00,1.033770852525301
2024-12-16 20:45:00,1.033770852525301
2024-12-17 14:30:00,1.033770852525301
2024-12-17 14:45:00,1.033770852525301
2024-12-17 15:00:00,1.033770852525301
2024-12-17 15:15:00,1.033770852525301
2024-12-17 15:30:00,1.033770852525301
2024-12-17 15:45:00,1.033770852525301
2024-12-17 16:00:00,1.033770852525301
2024-12-17 16:15:00,1.033770852525301
2024-12-17 16:30:00,1.033770852525301
2024-12-17 16:45:00,1.033770852525301
2024-12-17 17:00:00,1.033770852525301
2024-12-17 17:15:00,1.033770852525301
2024-12-17 17:30:00,1.033770852525301
2024-12-17 17:45:00,1.033770852525301
2024-12-17 18:00:00,1.033770852525301
2024-12-17 18:15:00,1.033770852525301
2024-12-17 18:30:00,1.033770852525301
2024-12-17 18:45:00,1.033770852525301
2024-12-17 19:00:00,1.033770852525301
2024-12-17 19:15:00,1.033770852525301
2024-12-17 19:30:00,1.033770852525301
2024-12-17 19:45:00,1.033770852525301
2024-12-17 20:00:00,1.033770852525301
2024-12-17 20:15:00,1.033770852525301
2024-12-17 20:30:00,1.033770852525301
2024-12-17 20:45:00,1.033770852525301
2024-12-18 14:30:00,1.033770852525301
2024-12-18 14:45:00,1.033770852525301
2024-12-18 15:00:00,1.033770852525301
2024-12-18 15:15:00,1.033770852525301
2024-12-18 15:30:00,1.033770852525301
2024-12-18 15:45:00,1.033770852525301
2024-12-18 16:00:00,1.033770852525301
2024-12-18 16:15:00,1.033770852525301
2024-12-18 16:30:00,1.033770852525301
2024-12-18 16:45:00,1.033770852525301
2024-12-18 17:00:00,1.033770852525301
2024-12-18 17:15:00,1.033770852525301
2024-12-18 17:30:00,1.033770852525301
2024-12-18 17:45:00,1.033770852525301
2024-12-18 18:00:00,1.033770852525301
2024-12-18 18:15:00,1.033770852525301
2024-12-18 18:30:00,1.033770852525301
2024-12-18 18:45:00,1.033770852525301
2024-12-18 19:00:00,1.033770852525301
2024-12-18 19:15:00,1.033770852525301
2024-12-18 19:30:00,1.033770852525301
2024-12-18 19:45:00,1.033770852525301
2024-12-18 20:00:00,1.033770852525301
2024-12-18 20:15:00,1.033770852525301
2024-12-18 20:30:00,1.033770852525301
2024-12-18 20:45:00,1.033770852525301
2024-12-19 14:30:00,1.033770852525301
2024-12-19 14:45:00,1.033770852525301
2024-12-19 15:00:00,1.033770852525301
2024-12-19 15:15:00,1.033770852525301
2024-12-19 15:30:00,1.033770852525301
2024-12-19 15:45:00,1.033770852525301
2024-12-19 16:00:00,1.033770852525301
2024-12-19 16:15:00,1.033770852525301
2024-12-19 16:30:00,1.033770852525301
2024-12-19 16:45:00,1.033770852525301
2024-12-19 17:00:00,1.033770852525301
2024-12-19 17:15:00,1.033770852525301
2024-12-19 17:30:00,1.033770852525301
2024-12-19 17:45:00,1.033770852525301
2024-12-19 18:00:00,1.033770852525301
2024-12-19 18:15:00,1.033770852525301
2024-12-19 18:30:00,1.033770852525301
2024-12-19 18:45:00,1.033770852525301
2024-12-19 19:00:00,1.033770852525301
2024-12-19 19:15:00,1.033770852525301
2024-12-19 19:30:00,1.033770852525301
2024-12-19 19:45:00,1.033770852525301
2024-12-19 20:00:00,1.033770852525301
2024-12-19 20:15:00,1.033770852525301
2024-12-19 20:30:00,1.033770852525301
2024-12-19 20:45:00,1.033770852525301
2024-12-20 14:30:00,1.033770852525301
2024-12-20 14:45:00,1.033770852525301
2024-12-20 15:00:00,1.033770852525301
2024-12-20 15:15:00,1.033770852525301
2024-12-20 15:30:00,1.033770852525301
2024-12-20 15:45:00,1.033770852525301
2024-12-20 16:00:00,1.033770852525301
2024-12-20 16:15:00,1.033770852525301
2024-12-20 16:30:00,1.033770852525301
2024-12-20 17:00:00,1.033770852525301
2024-12-20 17:15:00,1.033770852525301
2024-12-20 17:30:00,1.033770852525301
2024-12-20 17:45:00,1.033770852525301
2024-12-20 18:00:00,1.033770852525301
2024-12-20 18:15:00,1.033770852525301
2024-12-20 18:30:00,1.033770852525301
2024-12-20 18:45:00,1.0535405326516152
2024-12-20 19:00:00,1.0535405326516152
2024-12-20 19:15:00,1.0535405326516152
2024-12-20 19:30:00,1.0535405326516152
2024-12-20 19:45:00,1.0535405326516152
2024-12-20 20:00:00,1.0535405326516152
2024-12-20 20:15:00,1.0535405326516152
2024-12-20 20:30:00,1.0535405326516152
2024-12-20 20:45:00,1.0535405326516152
2024-12-23 14:30:00,1.0535405326516152
2024-12-23 14:45:00,1.0535405326516152
2024-12-23 15:00:00,1.0535405326516152
2024-12-23 15:15:00,1.0535405326516152
2024-12-23 15:30:00,1.0535405326516152
2024-12-23 15:45:00,1.0535405326516152
2024-12-23 16:00:00,1.0535405326516152
2024-12-23 16:15:00,1.0535405326516152
2024-12-23 16:30:00,1.0535405326516152
2024-12-23 16:45:00,1.0535405326516152
2024-12-23 17:00:00,1.0535405326516152
2024-12-23 17:15:00,1.0535405326516152
2024-12-23 17:30:00,1.0535405326516152
2024-12-23 17:45:00,1.0535405326516152
2024-12-23 18:00:00,1.0535405326516152
2024-12-23 18:15:00,1.0535405326516152
2024-12-23 18:30:00,1.0535405326516152
2024-12-23 18:45:00,1.0535405326516152
2024-12-23 19:00:00,1.0535405326516152
2024-12-23 19:15:00,1.0535405326516152
2024-12-23 19:30:00,1.0535405326516152
2024-12-23 19:45:00,1.0535405326516152
2024-12-23 20:00:00,1.0535405326516152
2024-12-23 20:15:00,1.0535405326516152
2024-12-23 20:30:00,1.0535405326516152
2024-12-23 20:45:00,1.0535405326516152
2024-12-24 14:30:00,1.0535405326516152
2024-12-24 14:45:00,1.0535405326516152
2024-12-24 15:00:00,1.0535405326516152
2024-12-24 15:30:00,1.0535405326516152
2024-12-24 15:45:00,1.0535405326516152
2024-12-24 16:00:00,1.0535405326516152
2024-12-24 16:15:00,1.0535405326516152
2024-12-24 16:30:00,1.0535405326516152
2024-12-24 16:45:00,1.0535405326516152
2024-12-24 17:00:00,1.0535405326516152
2024-12-24 17:15:00,1.0535405326516152
2024-12-24 17:30:00,1.0535405326516152
2024-12-24 17:45:00,1.0535405326516152
2024-12-24 18:00:00,1.0535405326516152
2024-12-24 20:45:00,1.0535405326516152
2024-12-26 14:30:00,1.0535405326516152
2024-12-26 14:45:00,1.0535405326516152
2024-12-26 15:00:00,1.0535405326516152
2024-12-26 15:15:00,1.0535405326516152
2024-12-26 15:30:00,1.0535405326516152
2024-12-26 15:45:00,1.0535405326516152
2024-12-26 16:00:00,1.0535405326516152
2024-12-26 16:15:00,1.0535405326516152
2024-12-26 16:30:00,1.0535405326516152
2024-12-26 16:45:00,1.0535405326516152
2024-12-26 17:00:00,1.0535405326516152
2024-12-26 17:15:00,1.0535405326516152
2024-12-26 17:30:00,1.0535405326516152
2024-12-26 17:45:00,1.0535405326516152
2024-12-26 18:00:00,1.0535405326516152
2024-12-26 18:15:00,1.0535405326516152
2024-12-26 18:30:00,1.0535405326516152
2024-12-26 18:45:00,1.0535405326516152
2024-12-26 19:00:00,1.0535405326516152
2024-12-26 19:15:00,1.0535405326516152
2024-12-26 19:30:00,1.0535405326516152
2024-12-26 19:45:00,1.0535405326516152
2024-12-26 20:00:00,1.0535405326516152
2024-12-26 20:15:00,1.0535405326516152
2024-12-26 20:30:00,1.0535405326516152
2024-12-26 20:45:00,1.0535405326516152
2024-12-27 14:30:00,1.0535405326516152
2024-12-27 14:45:00,1.0535405326516152
2024-12-27 15:00:00,1.0535405326516152
2024-12-27 15:15:00,1.0535405326516152
2024-12-27 15:30:00,1.0535405326516152
2024-12-27 15:45:00,1.0535405326516152
2024-12-27 16:00:00,1.0535405326516152
2024-12-27 16:15:00,1.0535405326516152
2024-12-27 16:30:00,1.0535405326516152
2024-12-27 16:45:00,1.0535405326516152
2024-12-27 17:00:00,1.0535405326516152
2024-12-27 17:15:00,1.0535405326516152
2024-12-27 17:30:00,1.0535405326516152
2024-12-27 17:45:00,1.0535405326516152
2024-12-27 18:00:00,1.0535405326516152
2024-12-27 18:15:00,1.0535405326516152
2024-12-27 18:30:00,1.0422044932717653
2024-12-27 18:45:00,1.0422044932717653
2024-12-27 19:15:00,1.0422044932717653
2024-12-27 19:30:00,1.0422044932717653
2024-12-27 19:45:00,1.0422044932717653
2024-12-27 20:00:00,1.0422044932717653
2024-12-27 20:15:00,1.0422044932717653
2024-12-27 20:30:00,1.0422044932717653
2024-12-27 20:45:00,1.0422044932717653
2024-12-30 14:30:00,1.0422044932717653
2024-12-30 14:45:00,1.0422044932717653
2024-12-30 15:00:00,1.0422044932717653
2024-12-30 15:15:00,1.0422044932717653
2024-12-30 15:30:00,1.0422044932717653
2024-12-30 15:45:00,1.0422044932717653
2024-12-30 16:00:00,1.0422044932717653
2024-12-30 16:15:00,1.0422044932717653
2024-12-30 16:30:00,1.0422044932717653
2024-12-30 16:45:00,1.0422044932717653
2024-12-30 17:00:00,1.0422044932717653
2024-12-30 17:15:00,1.0422044932717653
2024-12-30 17:30:00,1.0422044932717653
2024-12-30 17:45:00,1.0422044932717653
2024-12-30 18:00:00,1.0422044932717653
2024-12-30 18:15:00,1.0422044932717653
2024-12-30 18:30:00,1.0459852374788132
2024-12-30 18:45:00,1.0459852374788132
2024-12-30 19:00:00,1.0459852374788132
2024-12-30 19:15:00,1.0459852374788132
2024-12-30 19:30:00,1.0459852374788132
2024-12-30 19:45:00,1.0459852374788132
2024-12-30 20:00:00,1.0459852374788132
2024-12-30 20:15:00,1.0459852374788132
2024-12-30 20:30:00,1.0459852374788132
2024-12-30 20:45:00,1.0459852374788132
2024-12-31 14:30:00,1.0459852374788132
2024-12-31 14:45:00,1.0459852374788132
2024-12-31 15:00:00,1.0459852374788132
2024-12-31 15:15:00,1.0459852374788132
2024-12-31 15:30:00,1.0459852374788132
2024-12-31 15:45:00,1.0459852374788132
2024-12-31 16:00:00,1.0459852374788132
2024-12-31 16:15:00,1.0459852374788132
2024-12-31 16:30:00,1.0459852374788132
2024-12-31 16:45:00,1.0459852374788132
2024-12-31 17:00:00,1.0459852374788132
2024-12-31 17:15:00,1.0459852374788132
2024-12-31 17:30:00,1.0459852374788132
2024-12-31 17:45:00,1.0459852374788132
2024-12-31 18:00:00,1.0459852374788132
2024-12-31 18:15:00,1.0459852374788132
2024-12-31 18:30:00,1.0459852374788132
2024-12-31 18:45:00,1.0459852374788132
2024-12-31 19:00:00,1.0459852374788132
2024-12-31 19:15:00,1.0459852374788132
2024-12-31 19:30:00,1.0459852374788132
2024-12-31 19:45:00,1.0459852374788132
2024-12-31 20:00:00,1.0459852374788132
2024-12-31 20:15:00,1.0459852374788132
2024-12-31 20:30:00,1.0459852374788132
2024-12-31 20:45:00,1.0459852374788132
2025-01-02 14:30:00,1.0459852374788132
2025-01-02 14:45:00,1.0459852374788132
2025-01-02 15:00:00,1.0459852374788132
2025-01-02 15:15:00,1.0459852374788132
2025-01-02 15:30:00,1.0459852374788132
2025-01-02 15:45:00,1.0459852374788132
2025-01-02 16:00:00,1.0459852374788132
2025-01-02 16:15:00,1.0459852374788132
2025-01-02 16:30:00,1.0459852374788132
2025-01-02 16:45:00,1.0459852374788132
2025-01-02 17:00:00,1.0459852374788132
2025-01-02 17:15:00,1.0459852374788132
2025-01-02 17:30:00,1.0459852374788132
2025-01-02 17:45:00,1.0459852374788132
2025-01-02 18:00:00,1.0459852374788132
2025-01-02 18:15:00,1.0459852374788132
2025-01-02 18:30:00,1.0459852374788132
2025-01-02 18:45:00,1.0459852374788132
2025-01-02 19:00:00,1.0459852374788132
2025-01-02 19:15:00,1.0459852374788132
2025-01-02 19:30:00,1.0459852374788132
2025-01-02 19:45:00,1.0459852374788132
2025-01-02 20:00:00,1.0459852374788132
2025-01-02 20:15:00,1.0459852374788132
2025-01-02 20:30:00,1.0459852374788132
2025-01-02 20:45:00,1.0459852374788132
2025-01-03 14:30:00,1.0459852374788132
2025-01-03 14:45:00,1.0459852374788132
2025-01-03 15:00:00,1.0459852374788132
2025-01-03 15:15:00,1.0459852374788132
2025-01-03 15:30:00,1.0459852374788132
2025-01-03 15:45:00,1.0459852374788132
2025-01-03 16:00:00,1.0459852374788132
2025-01-03 16:15:00,1.0459852374788132
2025-01-03 16:30:00,1.0459852374788132
2025-01-03 16:45:00,1.0459852374788132
2025-01-03 17:00:00,1.0459852374788132
2025-01-03 17:15:00,1.0459852374788132
2025-01-03 17:30:00,1.0459852374788132
2025-01-03 17:45:00,1.0459852374788132
2025-01-03 18:00:00,1.0459852374788132
2025-01-03 18:15:00,1.0459852374788132
2025-01-03 18:30:00,1.0459852374788132
2025-01-03 18:45:00,1.0459852374788132
2025-01-03 19:00:00,1.0459852374788132
2025-01-03 19:15:00,1.0459852374788132
2025-01-03 19:30:00,1.0459852374788132
2025-01-03 19:45:00,1.0459852374788132
2025-01-03 20:00:00,1.0459852374788132
2025-01-03 20:15:00,1.0459852374788132
2025-01-03 20:30:00,1.0459852374788132
2025-01-03 20:45:00,1.0459852374788132
2025-01-06 14:30:00,1.0459852374788132
2025-01-06 14:45:00,1.0459852374788132
2025-01-06 15:00:00,1.0459852374788132
2025-01-06 15:15:00,1.0459852374788132
2025-01-06 15:30:00,1.0459852374788132
2025-01-06 15:45:00,1.0459852374788132
2025-01-06 16:00:00,1.0459852374788132
2025-01-06 16:15:00,1.0459852374788132
2025-01-06 16:30:00,1.0459852374788132
2025-01-06 16:45:00,1.0459852374788132
2025-01-06 17:00:00,1.0459852374788132
2025-01-06 17:15:00,1.0459852374788132
2025-01-06 17:30:00,1.0459852374788132
2025-01-06 17:45:00,1.0459852374788132
2025-01-06 18:00:00,1.0459852374788132
2025-01-06 18:15:00,1.0459852374788132
2025-01-06 18:30:00,1.0459852374788132
2025-01-06 18:45:00,1.0459852374788132
2025-01-06 19:00:00,1.0459852374788132
2025-01-06 19:15:00,1.0459852374788132
2025-01-06 19:30:00,1.0459852374788132
2025-01-06 19:45:00,1.0459852374788132
2025-01-06 20:00:00,1.0459852374788132
2025-01-06 20:15:00,1.0459852374788132
2025-01-06 20:30:00,1.0459852374788132
2025-01-06 20:45:00,1.0459852374788132
2025-01-07 14:30:00,1.0459852374788132
2025-01-07 14:45:00,1.0459852374788132
2025-01-07 15:00:00,1.0459852374788132
2025-01-07 15:15:00,1.0459852374788132
2025-01-07 15:30:00,1.0459852374788132
2025-01-07 15:45:00,1.0459852374788132
2025-01-07 16:00:00,1.0459852374788132
2025-01-07 16:15:00,1.0459852374788132
2025-01-07 16:30:00,1.0459852374788132
2025-01-07 16:45:00,1.0459852374788132
2025-01-07 17:00:00,1.0459852374788132
2025-01-07 17:15:00,1.0459852374788132
2025-01-07 17:30:00,1.0459852374788132
2025-01-07 17:45:00,1.0459852374788132
2025-01-07 18:00:00,1.0459852374788132
2025-01-07 18:15:00,1.0459852374788132
2025-01-07 18:30:00,1.042885723811692
2025-01-07 18:45:00,1.042885723811692
2025-01-07 19:00:00,1.042885723811692
2025-01-07 19:15:00,1.042885723811692
2025-01-07 19:30:00,1.042885723811692
2025-01-07 19:45:00,1.042885723811692
2025-01-07 20:00:00,1.042885723811692
2025-01-07 20:15:00,1.042885723811692
2025-01-07 20:30:00,1.042885723811692
2025-01-07 20:45:00,1.042885723811692
2025-01-08 14:30:00,1.042885723811692
2025-01-08 14:45:00,1.042885723811692
2025-01-08 15:00:00,1.042885723811692
2025-01-08 15:15:00,1.042885723811692
2025-01-08 15:30:00,1.042885723811692
2025-01-08 15:45:00,1.042885723811692
2025-01-08 16:00:00,1.042885723811692
2025-01-08 16:15:00,1.042885723811692
2025-01-08 16:30:00,1.042885723811692
2025-01-08 16:45:00,1.042885723811692
2025-01-08 17:00:00,1.042885723811692
2025-01-08 17:15:00,1.042885723811692
2025-01-08 17:30:00,1.042885723811692
2025-01-08 17:45:00,1.042885723811692
2025-01-08 18:00:00,1.042885723811692
2025-01-08 18:15:00,1.042885723811692
2025-01-08 18:30:00,1.042885723811692
2025-01-08 18:45:00,1.042885723811692
2025-01-08 19:00:00,1.042885723811692
2025-01-08 19:15:00,1.042885723811692
2025-01-08 19:30:00,1.042885723811692
2025-01-08 19:45:00,1.042885723811692
2025-01-08 20:00:00,1.042885723811692
2025-01-08 20:15:00,1.042885723811692
2025-01-08 20:30:00,1.042885723811692
2025-01-08 20:45:00,1.042885723811692
2025-01-10 14:30:00,1.042885723811692
2025-01-10 14:45:00,1.042885723811692
2025-01-10 15:00:00,1.042885723811692
2025-01-10 15:15:00,1.042885723811692
2025-01-10 15:30:00,1.042885723811692
2025-01-10 15:45:00,1.042885723811692
2025-01-10 16:00:00,1.042885723811692
2025-01-10 16:15:00,1.042885723811692
2025-01-10 16:30:00,1.042885723811692
2025-01-10 16:45:00,1.042885723811692
2025-01-10 17:00:00,1.042885723811692
2025-01-10 17:15:00,1.042885723811692
2025-01-10 17:30:00,1.042885723811692
2025-01-10 17:45:00,1.042885723811692
2025-01-10 18:00:00,1.042885723811692
2025-01-10 18:15:00,1.042885723811692
2025-01-10 18:30:00,1.0295686775917616
2025-01-10 18:45:00,1.0295686775917616
2025-01-10 19:00:00,1.0295686775917616
2025-01-10 19:15:00,1.0295686775917616
2025-01-10 19:30:00,1.0295686775917616
2025-01-10 19:45:00,1.0295686775917616
2025-01-10 20:00:00,1.0295686775917616
2025-01-10 20:15:00,1.0295686775917616
2025-01-10 20:30:00,1.0295686775917616
2025-01-10 20:45:00,1.0295686775917616
2025-01-13 14:30:00,1.0295686775917616
2025-01-13 14:45:00,1.0295686775917616
2025-01-13 15:00:00,1.0295686775917616
2025-01-13 15:15:00,1.0295686775917616
2025-01-13 15:30:00,1.0295686775917616
2025-01-13 15:45:00,1.0295686775917616
2025-01-13 16:00:00,1.0295686775917616
2025-01-13 16:15:00,1.0295686775917616
2025-01-13 16:30:00,1.0295686775917616
2025-01-13 16:45:00,1.0295686775917616
2025-01-13 17:00:00,1.0295686775917616
2025-01-13 17:15:00,1.0295686775917616
2025-01-13 17:30:00,1.0295686775917616
2025-01-13 17:45:00,1.0295686775917616
2025-01-13 18:00:00,1.0295686775917616
2025-01-13 18:15:00,1.0295686775917616
2025-01-13 18:30:00,1.0286868200520685
2025-01-13 18:45:00,1.0286868200520685
2025-01-13 19:00:00,1.0286868200520685
2025-01-13 19:15:00,1.0286868200520685
2025-01-13 19:30:00,1.0286868200520685
2025-01-13 19:45:00,1.0286868200520685
2025-01-13 20:00:00,1.0286868200520685
2025-01-13 20:15:00,1.0286868200520685
2025-01-13 20:30:00,1.0286868200520685
2025-01-13 20:45:00,1.0286868200520685
2025-01-14 14:30:00,1.0286868200520685
2025-01-14 14:45:00,1.0286868200520685
2025-01-14 15:00:00,1.0286868200520685
2025-01-14 15:15:00,1.0286868200520685
2025-01-14 15:30:00,1.0286868200520685
2025-01-14 15:45:00,1.0286868200520685
2025-01-14 16:00:00,1.0286868200520685
2025-01-14 16:15:00,1.0286868200520685
2025-01-14 16:30:00,1.0286868200520685
2025-01-14 16:45:00,1.0286868200520685
2025-01-14 17:00:00,1.0286868200520685
2025-01-14 17:15:00,1.0286868200520685
2025-01-14 17:30:00,1.0286868200520685
2025-01-14 17:45:00,1.0286868200520685
2025-01-14 18:00:00,1.0286868200520685
2025-01-14 18:15:00,1.0286868200520685
2025-01-14 18:30:00,1.0304932011053372
2025-01-14 18:45:00,1.0304932011053372
2025-01-14 19:00:00,1.0304932011053372
2025-01-14 19:15:00,1.0304932011053372
2025-01-14 19:30:00,1.0304932011053372
2025-01-14 19:45:00,1.0304932011053372
2025-01-14 20:00:00,1.0304932011053372
2025-01-14 20:15:00,1.0304932011053372
2025-01-14 20:30:00,1.0304932011053372
2025-01-14 20:45:00,1.0304932011053372
2025-01-15 14:30:00,1.0304932011053372
2025-01-15 14:45:00,1.0304932011053372
2025-01-15 15:00:00,1.0304932011053372
2025-01-15 15:15:00,1.0304932011053372
2025-01-15 15:30:00,1.0304932011053372
2025-01-15 15:45:00,1.0304932011053372
2025-01-15 16:00:00,1.0304932011053372
2025-01-15 16:15:00,1.0304932011053372
2025-01-15 16:30:00,1.0304932011053372
2025-01-15 16:45:00,1.0304932011053372
2025-01-15 17:00:00,1.0304932011053372
2025-01-15 17:15:00,1.0304932011053372
2025-01-15 17:30:00,1.0304932011053372
2025-01-15 17:45:00,1.0304932011053372
2025-01-15 18:00:00,1.0304932011053372
2025-01-15 18:15:00,1.0304932011053372
2025-01-15 18:30:00,1.017841368691798
2025-01-15 18:45:00,1.017841368691798
2025-01-15 19:00:00,1.017841368691798
2025-01-15 19:15:00,1.017841368691798
2025-01-15 19:30:00,1.017841368691798
2025-01-15 19:45:00,1.017841368691798
2025-01-15 20:00:00,1.017841368691798
2025-01-15 20:15:00,1.017841368691798
2025-01-15 20:30:00,1.017841368691798
2025-01-15 20:45:00,1.017841368691798
2025-01-16 14:30:00,1.017841368691798
2025-01-16 14:45:00,1.017841368691798
2025-01-16 15:00:00,1.017841368691798
2025-01-16 15:15:00,1.017841368691798
2025-01-16 15:30:00,1.017841368691798
2025-01-16 15:45:00,1.017841368691798
2025-01-16 16:00:00,1.017841368691798
2025-01-16 16:15:00,1.017841368691798
2025-01-16 16:30:00,1.017841368691798
2025-01-16 16:45:00,1.017841368691798
2025-01-16 17:00:00,1.017841368691798
2025-01-16 17:15:00,1.017841368691798
2025-01-16 17:30:00,1.017841368691798
2025-01-16 17:45:00,1.017841368691798
2025-01-16 18:00:00,1.017841368691798
2025-01-16 18:15:00,1.017841368691798
2025-01-16 18:30:00,1.017841368691798
2025-01-16 18:45:00,1.017841368691798
2025-01-16 19:00:00,1.017841368691798
2025-01-16 19:15:00,1.017841368691798
2025-01-16 19:30:00,1.017841368691798
2025-01-16 19:45:00,1.017841368691798
2025-01-16 20:00:00,1.017841368691798
2025-01-16 20:15:00,1.017841368691798
2025-01-16 20:30:00,1.017841368691798
2025-01-16 20:45:00,1.017841368691798
2025-01-17 14:30:00,1.017841368691798
2025-01-17 14:45:00,1.017841368691798
2025-01-17 15:00:00,1.017841368691798
2025-01-17 15:15:00,1.017841368691798
2025-01-17 15:30:00,1.017841368691798
2025-01-17 15:45:00,1.017841368691798
2025-01-17 16:00:00,1.017841368691798
2025-01-17 16:15:00,1.017841368691798
2025-01-17 16:30:00,1.017841368691798
2025-01-17 16:45:00,1.017841368691798
2025-01-17 17:00:00,1.017841368691798
2025-01-17 17:15:00,1.017841368691798
2025-01-17 17:30:00,1.017841368691798
2025-01-17 17:45:00,1.017841368691798
2025-01-17 18:00:00,1.017841368691798
2025-01-17 18:15:00,1.017841368691798
2025-01-17 18:30:00,1.017841368691798
2025-01-17 18:45:00,1.017841368691798
2025-01-17 19:00:00,1.017841368691798
2025-01-17 19:15:00,1.017841368691798
2025-01-17 19:30:00,1.017841368691798
2025-01-17 19:45:00,1.017841368691798
2025-01-17 20:00:00,1.017841368691798
2025-01-17 20:15:00,1.017841368691798
2025-01-17 20:30:00,1.017841368691798
2025-01-17 20:45:00,1.017841368691798
2025-01-21 14:30:00,1.017841368691798
2025-01-21 14:45:00,1.017841368691798
2025-01-21 15:00:00,1.017841368691798
2025-01-21 15:15:00,1.017841368691798
2025-01-21 15:30:00,1.017841368691798
2025-01-21 15:45:00,1.017841368691798
2025-01-21 16:00:00,1.017841368691798
2025-01-21 16:15:00,1.017841368691798
2025-01-21 16:30:00,1.017841368691798
2025-01-21 16:45:00,1.017841368691798
2025-01-21 17:00:00,1.017841368691798
2025-01-21 17:15:00,1.017841368691798
2025-01-21 17:30:00,1.017841368691798
2025-01-21 17:45:00,1.017841368691798
2025-01-21 18:00:00,1.017841368691798
2025-01-21 18:15:00,1.017841368691798
2025-01-21 18:30:00,1.0052092302767837
2025-01-21 18:45:00,1.0052092302767837
2025-01-21 19:00:00,1.0052092302767837
2025-01-21 19:15:00,1.0052092302767837
2025-01-21 19:30:00,1.0052092302767837
2025-01-21 19:45:00,1.0052092302767837
2025-01-21 20:00:00,1.0052092302767837
2025-01-21 20:15:00,1.0052092302767837
2025-01-21 20:30:00,1.0052092302767837
2025-01-21 20:45:00,1.0052092302767837
2025-01-22 14:30:00,1.0052092302767837
2025-01-22 14:45:00,1.0052092302767837
2025-01-22 15:00:00,1.0052092302767837
2025-01-22 15:15:00,1.0052092302767837
2025-01-22 15:30:00,1.0052092302767837
2025-01-22 15:45:00,1.0052092302767837
2025-01-22 16:00:00,1.0052092302767837
2025-01-22 16:15:00,1.0052092302767837
2025-01-22 16:30:00,1.0052092302767837
2025-01-22 16:45:00,1.0052092302767837
2025-01-22 17:00:00,1.0052092302767837
2025-01-22 17:15:00,1.0052092302767837
2025-01-22 17:30:00,1.0052092302767837
2025-01-22 17:45:00,1.0052092302767837
2025-01-22 18:00:00,1.0052092302767837
2025-01-22 18:15:00,1.0052092302767837
2025-01-22 18:30:00,1.0153554723937903
2025-01-22 18:45:00,1.0153554723937903
2025-01-22 19:00:00,1.0153554723937903
2025-01-22 19:15:00,1.0153554723937903
2025-01-22 19:30:00,1.0153554723937903
2025-01-22 19:45:00,1.0153554723937903
2025-01-22 20:00:00,1.0153554723937903
2025-01-22 20:15:00,1.0153554723937903
2025-01-22 20:30:00,1.0153554723937903
2025-01-22 20:45:00,1.0153554723937903
2025-01-23 14:30:00,1.0153554723937903
2025-01-23 14:45:00,1.0153554723937903
2025-01-23 15:00:00,1.0153554723937903
2025-01-23 15:15:00,1.0153554723937903
2025-01-23 15:30:00,1.0153554723937903
2025-01-23 15:45:00,1.0153554723937903
2025-01-23 16:00:00,1.0153554723937903
2025-01-23 16:15:00,1.0153554723937903
2025-01-23 16:30:00,1.0153554723937903
2025-01-23 16:45:00,1.0153554723937903
2025-01-23 17:00:00,1.0153554723937903
2025-01-23 17:15:00,1.0153554723937903
2025-01-23 17:30:00,1.0153554723937903
2025-01-23 17:45:00,1.0153554723937903
2025-01-23 18:00:00,1.0153554723937903
2025-01-23 18:15:00,1.0153554723937903
2025-01-23 18:30:00,1.0214689684882432
2025-01-23 18:45:00,1.0214689684882432
2025-01-23 19:00:00,1.0214689684882432
2025-01-23 19:15:00,1.0214689684882432
2025-01-23 19:30:00,1.0214689684882432
2025-01-23 19:45:00,1.0214689684882432
2025-01-23 20:00:00,1.0214689684882432
2025-01-23 20:15:00,1.0214689684882432
2025-01-23 20:30:00,1.0214689684882432
2025-01-23 20:45:00,1.0214689684882432
2025-01-24 14:30:00,1.0214689684882432
2025-01-24 14:45:00,1.0214689684882432
2025-01-24 15:00:00,1.0214689684882432
2025-01-24 15:15:00,1.0214689684882432
2025-01-24 15:30:00,1.0214689684882432
2025-01-24 15:45:00,1.0214689684882432
2025-01-24 16:00:00,1.0214689684882432
2025-01-24 16:15:00,1.0214689684882432
2025-01-24 16:30:00,1.0214689684882432
2025-01-24 16:45:00,1.0214689684882432
2025-01-24 17:00:00,1.0214689684882432
2025-01-24 17:15:00,1.0214689684882432
2025-01-24 17:30:00,1.0214689684882432
2025-01-24 17:45:00,1.0214689684882432
2025-01-24 18:00:00,1.0214689684882432
2025-01-24 18:15:00,1.0214689684882432
2025-01-24 18:30:00,1.0336676010419943
2025-01-24 18:45:00,1.0336676010419943
2025-01-24 19:00:00,1.0336676010419943
2025-01-24 19:15:00,1.0336676010419943
2025-01-24 19:30:00,1.0336676010419943
2025-01-24 19:45:00,1.0336676010419943
2025-01-24 20:00:00,1.0336676010419943
2025-01-24 20:15:00,1.0336676010419943
2025-01-24 20:30:00,1.0336676010419943
2025-01-24 20:45:00,1.0336676010419943
2025-01-27 14:30:00,1.0336676010419943
2025-01-27 14:45:00,1.0336676010419943
2025-01-27 15:00:00,1.0336676010419943
2025-01-27 15:15:00,1.0336676010419943
2025-01-27 15:30:00,1.0336676010419943
2025-01-27 15:45:00,1.0336676010419943
2025-01-27 16:00:00,1.0336676010419943
2025-01-27 16:15:00,1.0336676010419943
2025-01-27 16:30:00,1.0336676010419943
2025-01-27 16:45:00,1.0336676010419943
2025-01-27 17:00:00,1.0336676010419943
2025-01-27 17:15:00,1.0336676010419943
2025-01-27 17:30:00,1.0336676010419943
2025-01-27 17:45:00,1.0336676010419943
2025-01-27 18:00:00,1.0336676010419943
2025-01-27 18:15:00,1.0336676010419943
2025-01-27 18:30:00,1.0010571684423761
2025-01-27 18:45:00,1.0010571684423761
2025-01-27 19:00:00,1.0010571684423761
2025-01-27 19:15:00,1.0010571684423761
2025-01-27 19:30:00,1.0010571684423761
2025-01-27 19:45:00,1.0010571684423761
2025-01-27 20:00:00,1.0010571684423761
2025-01-27 20:15:00,1.0010571684423761
2025-01-27 20:30:00,1.0010571684423761
2025-01-27 20:45:00,1.0010571684423761
2025-01-28 14:30:00,1.0010571684423761
2025-01-28 14:45:00,1.0010571684423761
2025-01-28 15:00:00,1.0010571684423761
2025-01-28 15:15:00,1.0010571684423761
2025-01-28 15:30:00,1.0010571684423761
2025-01-28 15:45:00,1.0010571684423761
2025-01-28 16:00:00,1.0010571684423761
2025-01-28 16:15:00,1.0010571684423761
2025-01-28 16:30:00,1.0010571684423761
2025-01-28 16:45:00,1.0010571684423761
2025-01-28 17:00:00,1.0010571684423761
2025-01-28 17:15:00,1.0010571684423761
2025-01-28 17:30:00,1.0010571684423761
2025-01-28 17:45:00,1.0010571684423761
2025-01-28 18:00:00,1.0010571684423761
2025-01-28 18:15:00,1.0010571684423761
2025-01-28 18:30:00,1.0010571684423761
2025-01-28 18:45:00,1.0010571684423761
2025-01-28 19:00:00,1.0010571684423761
2025-01-28 19:15:00,1.0010571684423761
2025-01-28 19:30:00,1.0010571684423761
2025-01-28 19:45:00,1.0010571684423761
2025-01-28 20:00:00,1.0010571684423761
2025-01-28 20:15:00,1.0010571684423761
2025-01-28 20:30:00,1.0010571684423761
2025-01-28 20:45:00,1.0010571684423761
2025-01-29 14:30:00,1.0010571684423761
2025-01-29 14:45:00,1.0010571684423761
2025-01-29 15:00:00,1.0010571684423761
2025-01-29 15:15:00,1.0010571684423761
2025-01-29 15:30:00,1.0010571684423761
2025-01-29 15:45:00,1.0010571684423761
2025-01-29 16:00:00,1.0010571684423761
2025-01-29 16:15:00,1.0010571684423761
2025-01-29 16:30:00,1.0010571684423761
2025-01-29 16:45:00,1.0010571684423761
2025-01-29 17:00:00,1.0010571684423761
2025-01-29 17:15:00,1.0010571684423761
2025-01-29 17:30:00,1.0010571684423761
2025-01-29 17:45:00,1.0010571684423761
2025-01-29 18:00:00,1.0010571684423761
2025-01-29 18:15:00,1.0010571684423761
2025-01-29 18:30:00,1.0134555281393147
2025-01-29 18:45:00,1.0134555281393147
2025-01-29 19:00:00,1.0134555281393147
2025-01-29 19:15:00,1.0134555281393147
2025-01-29 19:30:00,1.0134555281393147
2025-01-29 19:45:00,1.0134555281393147
2025-01-29 20:00:00,1.0134555281393147
2025-01-29 20:15:00,1.0134555281393147
2025-01-29 20:30:00,1.0134555281393147
2025-01-29 20:45:00,1.0134555281393147
2025-01-30 14:30:00,1.0134555281393147
2025-01-30 14:45:00,1.0134555281393147
2025-01-30 15:00:00,1.0134555281393147
2025-01-30 15:15:00,1.0134555281393147
2025-01-30 15:30:00,1.0134555281393147
2025-01-30 15:45:00,1.0134555281393147
2025-01-30 16:00:00,1.0134555281393147
2025-01-30 16:15:00,1.0134555281393147
2025-01-30 16:30:00,1.0134555281393147
2025-01-30 16:45:00,1.0134555281393147
2025-01-30 17:00:00,1.0134555281393147
2025-01-30 17:15:00,1.0134555281393147
2025-01-30 17:30:00,1.0134555281393147
2025-01-30 17:45:00,1.0134555281393147
2025-01-30 18:00:00,1.0134555281393147
2025-01-30 18:15:00,1.0134555281393147
2025-01-30 18:30:00,1.0134555281393147
2025-01-30 18:45:00,1.0134555281393147
2025-01-30 19:00:00,1.0134555281393147
2025-01-30 19:15:00,1.0134555281393147
2025-01-30 19:30:00,1.0134555281393147
2025-01-30 19:45:00,1.0134555281393147
2025-01-30 20:00:00,1.0134555281393147
2025-01-30 20:15:00,1.0134555281393147
2025-01-30 20:30:00,1.0134555281393147
2025-01-30 20:45:00,1.0134555281393147
2025-01-31 14:30:00,1.0134555281393147
2025-01-31 14:45:00,1.0134555281393147
2025-01-31 15:00:00,1.0134555281393147
2025-01-31 15:15:00,1.0134555281393147
2025-01-31 15:30:00,1.0134555281393147
2025-01-31 15:45:00,1.0134555281393147
2025-01-31 16:00:00,1.0134555281393147
2025-01-31 16:15:00,1.0134555281393147
2025-01-31 16:30:00,1.0134555281393147
2025-01-31 16:45:00,1.0134555281393147
2025-01-31 17:00:00,1.0134555281393147
2025-01-31 17:15:00,1.0134555281393147
2025-01-31 17:30:00,1.0134555281393147
2025-01-31 17:45:00,1.0134555281393147
2025-01-31 18:00:00,1.0134555281393147
2025-01-31 18:15:00,1.0134555281393147
2025-01-31 18:30:00,1.0589352202611058
2025-01-31 18:45:00,1.0589352202611058
2025-01-31 19:00:00,1.0589352202611058
2025-01-31 19:15:00,1.0589352202611058
2025-01-31 19:30:00,1.0589352202611058
2025-01-31 19:45:00,1.0589352202611058
2025-01-31 20:00:00,1.0589352202611058
2025-01-31 20:15:00,1.0589352202611058
2025-01-31 20:30:00,1.0589352202611058
2025-01-31 20:45:00,1.0589352202611058
2025-02-03 14:30:00,1.0589352202611058
2025-02-03 14:45:00,1.0589352202611058
2025-02-03 15:00:00,1.0589352202611058
2025-02-03 15:15:00,1.0589352202611058
2025-02-03 15:30:00,1.0589352202611058
2025-02-03 15:45:00,1.0589352202611058
2025-02-03 16:00:00,1.0589352202611058
2025-02-03 16:15:00,1.0589352202611058
2025-02-03 16:30:00,1.0589352202611058
2025-02-03 16:45:00,1.0589352202611058
2025-02-03 17:00:00,1.0589352202611058
2025-02-03 17:15:00,1.0589352202611058
2025-02-03 17:30:00,1.0589352202611058
2025-02-03 17:45:00,1.0589352202611058
2025-02-03 18:00:00,1.0589352202611058
2025-02-03 18:15:00,1.0589352202611058
2025-02-03 18:30:00,1.0589352202611058
2025-02-03 18:45:00,1.0589352202611058
2025-02-03 19:00:00,1.0589352202611058
2025-02-03 19:15:00,1.0589352202611058
2025-02-03 19:30:00,1.0589352202611058
2025-02-03 19:45:00,1.0589352202611058
2025-02-03 20:00:00,1.0589352202611058
2025-02-03 20:15:00,1.0589352202611058
2025-02-03 20:30:00,1.0589352202611058
2025-02-03 20:45:00,1.0589352202611058
2025-02-04 14:30:00,1.0589352202611058
2025-02-04 14:45:00,1.0589352202611058
2025-02-04 15:00:00,1.0589352202611058
2025-02-04 15:15:00,1.0589352202611058
2025-02-04 15:30:00,1.0589352202611058
2025-02-04 15:45:00,1.0589352202611058
2025-02-04 16:00:00,1.0589352202611058
2025-02-04 16:15:00,1.0589352202611058
2025-02-04 16:30:00,1.0589352202611058
2025-02-04 16:45:00,1.0589352202611058
2025-02-04 17:00:00,1.0589352202611058
2025-02-04 17:15:00,1.0589352202611058
2025-02-04 17:30:00,1.0589352202611058
2025-02-04 17:45:00,1.0589352202611058
2025-02-04 18:00:00,1.0589352202611058
2025-02-04 18:15:00,1.0589352202611058
2025-02-04 18:30:00,1.0589352202611058
2025-02-04 18:45:00,1.0589352202611058
2025-02-04 19:00:00,1.0589352202611058
2025-02-04 19:15:00,1.0589352202611058
2025-02-04 19:30:00,1.0589352202611058
2025-02-04 19:45:00,1.0589352202611058
2025-02-04 20:00:00,1.0589352202611058
2025-02-04 20:15:00,1.0589352202611058
2025-02-04 20:30:00,1.0589352202611058
2025-02-04 20:45:00,1.0589352202611058
2025-02-05 14:30:00,1.0589352202611058
2025-02-05 14:45:00,1.0589352202611058
2025-02-05 15:00:00,1.0589352202611058
2025-02-05 15:15:00,1.0589352202611058
2025-02-05 15:30:00,1.0589352202611058
2025-02-05 15:45:00,1.0589352202611058
2025-02-05 16:00:00,1.0589352202611058
2025-02-05 16:15:00,1.0589352202611058
2025-02-05 16:30:00,1.0589352202611058
2025-02-05 16:45:00,1.0589352202611058
2025-02-05 17:00:00,1.0589352202611058
2025-02-05 17:15:00,1.0589352202611058
2025-02-05 17:30:00,1.0589352202611058
2025-02-05 17:45:00,1.0589352202611058
2025-02-05 18:00:00,1.0589352202611058
2025-02-05 18:15:00,1.0589352202611058
2025-02-05 18:30:00,1.0615881982731488
2025-02-05 18:45:00,1.0615881982731488
2025-02-05 19:00:00,1.0615881982731488
2025-02-05 19:15:00,1.0615881982731488
2025-02-05 19:30:00,1.0615881982731488
2025-02-05 19:45:00,1.0615881982731488
2025-02-05 20:00:00,1.0615881982731488
2025-02-05 20:15:00,1.0615881982731488
2025-02-05 20:30:00,1.0615881982731488
2025-02-05 20:45:00,1.0615881982731488
2025-02-06 14:30:00,1.0615881982731488
2025-02-06 14:45:00,1.0615881982731488
2025-02-06 15:00:00,1.0615881982731488
2025-02-06 15:15:00,1.0615881982731488
2025-02-06 15:30:00,1.0615881982731488
2025-02-06 15:45:00,1.0615881982731488
2025-02-06 16:00:00,1.0615881982731488
2025-02-06 16:15:00,1.0615881982731488
2025-02-06 16:30:00,1.0615881982731488
2025-02-06 16:45:00,1.0615881982731488
2025-02-06 17:00:00,1.0615881982731488
2025-02-06 17:15:00,1.0615881982731488
2025-02-06 17:30:00,1.0615881982731488
2025-02-06 17:45:00,1.0615881982731488
2025-02-06 18:00:00,1.0615881982731488
2025-02-06 18:15:00,1.0615881982731488
2025-02-06 18:30:00,1.0615881982731488
2025-02-06 18:45:00,1.0615881982731488
2025-02-06 19:00:00,1.0615881982731488
2025-02-06 19:15:00,1.0615881982731488
2025-02-06 19:45:00,1.0615881982731488
2025-02-06 20:00:00,1.0615881982731488
2025-02-06 20:15:00,1.0615881982731488
2025-02-06 20:30:00,1.0615881982731488
2025-02-06 20:45:00,1.0615881982731488
2025-02-07 14:30:00,1.0615881982731488
2025-02-07 14:45:00,1.0615881982731488
2025-02-07 15:00:00,1.0615881982731488
2025-02-07 15:15:00,1.0615881982731488
2025-02-07 15:30:00,1.0615881982731488
2025-02-07 15:45:00,1.0615881982731488
2025-02-07 16:00:00,1.0615881982731488
2025-02-07 16:15:00,1.0615881982731488
2025-02-07 16:30:00,1.0615881982731488
2025-02-07 16:45:00,1.0615881982731488
2025-02-07 17:00:00,1.0615881982731488
2025-02-07 17:15:00,1.0615881982731488
2025-02-07 17:30:00,1.0615881982731488
2025-02-07 17:45:00,1.0615881982731488
2025-02-07 18:00:00,1.0615881982731488
2025-02-07 18:15:00,1.0615881982731488
2025-02-07 18:30:00,1.0615881982731488
2025-02-07 18:45:00,1.0615881982731488
2025-02-07 19:00:00,1.0615881982731488
2025-02-07 19:15:00,1.0615881982731488
2025-02-07 19:30:00,1.0615881982731488
2025-02-07 19:45:00,1.0615881982731488
2025-02-07 20:00:00,1.0615881982731488
2025-02-07 20:15:00,1.0615881982731488
2025-02-07 20:30:00,1.0615881982731488
2025-02-07 20:45:00,1.0615881982731488
2025-02-10 14:30:00,1.0615881982731488
2025-02-10 14:45:00,1.0615881982731488
2025-02-10 15:00:00,1.0615881982731488
2025-02-10 15:15:00,1.0615881982731488
2025-02-10 15:30:00,1.0615881982731488
2025-02-10 15:45:00,1.0615881982731488
2025-02-10 16:00:00,1.0615881982731488
2025-02-10 16:15:00,1.0615881982731488
2025-02-10 16:30:00,1.0615881982731488
2025-02-10 16:45:00,1.0615881982731488
2025-02-10 17:00:00,1.0615881982731488
2025-02-10 17:15:00,1.0615881982731488
2025-02-10 17:30:00,1.0615881982731488
2025-02-10 17:45:00,1.0615881982731488
2025-02-10 18:00:00,1.0615881982731488
2025-02-10 18:15:00,1.0615881982731488
2025-02-10 18:30:00,1.0668394908660863
2025-02-10 18:45:00,1.0668394908660863
2025-02-10 19:00:00,1.0668394908660863
2025-02-10 19:15:00,1.0668394908660863
2025-02-10 19:30:00,1.0668394908660863
2025-02-10 19:45:00,1.0668394908660863
2025-02-10 20:00:00,1.0668394908660863
2025-02-10 20:15:00,1.0668394908660863
2025-02-10 20:30:00,1.0668394908660863
2025-02-10 20:45:00,1.0668394908660863
2025-02-11 14:30:00,1.0668394908660863
2025-02-11 14:45:00,1.0668394908660863
2025-02-11 15:00:00,1.0668394908660863
2025-02-11 15:15:00,1.0668394908660863
2025-02-11 15:30:00,1.0668394908660863
2025-02-11 15:45:00,1.0668394908660863
2025-02-11 16:15:00,1.0668394908660863
2025-02-11 16:30:00,1.0668394908660863
2025-02-11 16:45:00,1.0668394908660863
2025-02-11 17:00:00,1.0668394908660863
2025-02-11 17:15:00,1.0668394908660863
2025-02-11 17:30:00,1.0668394908660863
2025-02-11 17:45:00,1.0668394908660863
2025-02-11 18:00:00,1.0668394908660863
2025-02-11 18:15:00,1.0668394908660863
2025-02-11 18:30:00,1.0668394908660863
2025-02-11 18:45:00,1.0668394908660863
2025-02-11 19:00:00,1.0668394908660863
2025-02-11 19:15:00,1.0668394908660863
2025-02-11 19:30:00,1.0668394908660863
2025-02-11 19:45:00,1.0668394908660863
2025-02-11 20:00:00,1.0668394908660863
2025-02-11 20:15:00,1.0668394908660863
2025-02-11 20:30:00,1.0668394908660863
2025-02-11 20:45:00,1.0668394908660863
2025-02-12 14:30:00,1.0668394908660863
2025-02-12 14:45:00,1.0668394908660863
2025-02-12 15:00:00,1.0668394908660863
2025-02-12 15:15:00,1.0668394908660863
2025-02-12 15:30:00,1.0668394908660863
2025-02-12 15:45:00,1.0668394908660863
2025-02-12 16:00:00,1.0668394908660863
2025-02-12 16:15:00,1.0668394908660863
2025-02-12 16:30:00,1.0668394908660863
2025-02-12 16:45:00,1.0668394908660863
2025-02-12 17:00:00,1.0668394908660863
2025-02-12 17:15:00,1.0668394908660863
2025-02-12 17:30:00,1.0668394908660863
2025-02-12 17:45:00,1.0668394908660863
2025-02-12 18:00:00,1.0668394908660863
2025-02-12 18:15:00,1.0668394908660863
2025-02-12 18:30:00,1.0861444083846836
2025-02-12 18:45:00,1.0861444083846836
2025-02-12 19:00:00,1.0861444083846836
2025-02-12 19:15:00,1.0861444083846836
2025-02-12 19:30:00,1.0861444083846836
2025-02-12 19:45:00,1.0861444083846836
2025-02-12 20:00:00,1.0861444083846836
2025-02-12 20:15:00,1.0861444083846836
2025-02-12 20:30:00,1.0861444083846836
2025-02-12 20:45:00,1.0861444083846836
2025-02-13 14:30:00,1.0861444083846836
2025-02-13 14:45:00,1.0861444083846836
2025-02-13 15:00:00,1.0861444083846836
2025-02-13 15:15:00,1.0861444083846836
2025-02-13 15:30:00,1.0861444083846836
2025-02-13 15:45:00,1.0861444083846836
2025-02-13 16:00:00,1.0861444083846836
2025-02-13 16:15:00,1.0861444083846836
2025-02-13 16:30:00,1.0861444083846836
2025-02-13 16:45:00,1.0861444083846836
2025-02-13 17:00:00,1.0861444083846836
2025-02-13 17:15:00,1.0861444083846836
2025-02-13 17:30:00,1.0861444083846836
2025-02-13 17:45:00,1.0861444083846836
2025-02-13 18:00:00,1.0861444083846836
2025-02-13 18:15:00,1.0861444083846836
2025-02-13 18:30:00,1.0745168043447146
2025-02-13 18:45:00,1.0745168043447146
2025-02-13 19:00:00,1.0745168043447146
2025-02-13 19:15:00,1.0745168043447146
2025-02-13 19:30:00,1.0745168043447146
2025-02-13 19:45:00,1.0745168043447146
2025-02-13 20:00:00,1.0745168043447146
2025-02-13 20:15:00,1.0745168043447146
2025-02-13 20:30:00,1.0745168043447146
2025-02-13 20:45:00,1.0745168043447146
2025-02-14 14:30:00,1.0745168043447146
2025-02-14 14:45:00,1.0745168043447146
2025-02-14 15:00:00,1.0745168043447146
2025-02-14 15:15:00,1.0745168043447146
2025-02-14 15:30:00,1.0745168043447146
2025-02-14 15:45:00,1.0745168043447146
2025-02-14 16:00:00,1.0745168043447146
2025-02-14 16:15:00,1.0745168043447146
2025-02-14 16:30:00,1.0745168043447146
2025-02-14 16:45:00,1.0745168043447146
2025-02-14 17:00:00,1.0745168043447146
2025-02-14 17:15:00,1.0745168043447146
2025-02-14 17:30:00,1.0745168043447146
2025-02-14 17:45:00,1.0745168043447146
2025-02-14 18:00:00,1.0745168043447146
2025-02-14 18:15:00,1.0745168043447146
2025-02-14 18:30:00,1.0745168043447146
2025-02-14 18:45:00,1.0745168043447146
2025-02-14 19:00:00,1.0745168043447146
2025-02-14 19:15:00,1.0745168043447146
2025-02-14 19:30:00,1.0745168043447146
2025-02-14 19:45:00,1.0745168043447146
2025-02-14 20:00:00,1.0745168043447146
2025-02-14 20:15:00,1.0745168043447146
2025-02-14 20:30:00,1.0745168043447146
2025-02-14 20:45:00,1.0745168043447146
2025-02-18 14:30:00,1.0745168043447146
2025-02-18 14:45:00,1.0745168043447146
2025-02-18 15:00:00,1.0745168043447146
2025-02-18 15:15:00,1.0745168043447146
2025-02-18 15:30:00,1.0745168043447146
2025-02-18 15:45:00,1.0745168043447146
2025-02-18 16:00:00,1.0745168043447146
2025-02-18 16:15:00,1.0745168043447146
2025-02-18 16:30:00,1.0745168043447146
2025-02-18 16:45:00,1.0745168043447146
2025-02-18 17:00:00,1.0745168043447146
2025-02-18 17:15:00,1.0745168043447146
2025-02-18 17:30:00,1.0745168043447146
2025-02-18 17:45:00,1.0745168043447146
2025-02-18 18:00:00,1.0745168043447146
2025-02-18 18:15:00,1.0745168043447146
2025-02-18 18:30:00,1.0745168043447146
2025-02-18 18:45:00,1.0745168043447146
2025-02-18 19:00:00,1.0745168043447146
2025-02-18 19:15:00,1.0745168043447146
2025-02-18 19:30:00,1.0745168043447146
2025-02-18 19:45:00,1.0745168043447146
2025-02-18 20:00:00,1.0745168043447146
2025-02-18 20:15:00,1.0745168043447146
2025-02-18 20:30:00,1.0745168043447146
2025-02-18 20:45:00,1.0745168043447146
2025-02-19 14:30:00,1.0745168043447146
2025-02-19 14:45:00,1.0745168043447146
2025-02-19 15:00:00,1.0745168043447146
2025-02-19 15:15:00,1.0745168043447146
2025-02-19 15:30:00,1.0745168043447146
2025-02-19 15:45:00,1.0745168043447146
2025-02-19 16:00:00,1.0745168043447146
2025-02-19 16:15:00,1.0745168043447146
2025-02-19 16:30:00,1.0745168043447146
2025-02-19 16:45:00,1.0745168043447146
2025-02-19 17:00:00,1.0745168043447146
2025-02-19 17:15:00,1.0745168043447146
2025-02-19 17:30:00,1.0745168043447146
2025-02-19 17:45:00,1.0745168043447146
2025-02-19 18:00:00,1.0745168043447146
2025-02-19 18:15:00,1.0745168043447146
2025-02-19 18:30:00,1.0745168043447146
2025-02-19 18:45:00,1.0745168043447146
2025-02-19 19:00:00,1.0745168043447146
2025-02-19 19:15:00,1.0745168043447146
2025-02-19 19:30:00,1.0745168043447146
2025-02-19 19:45:00,1.0745168043447146
2025-02-19 20:00:00,1.0745168043447146
2025-02-19 20:15:00,1.0745168043447146
2025-02-19 20:30:00,1.0745168043447146
2025-02-19 20:45:00,1.0745168043447146
2025-02-20 14:30:00,1.0745168043447146
2025-02-20 14:45:00,1.0745168043447146
2025-02-20 15:00:00,1.0745168043447146
2025-02-20 15:15:00,1.0745168043447146
2025-02-20 15:30:00,1.0745168043447146
2025-02-20 15:45:00,1.0745168043447146
2025-02-20 16:00:00,1.0745168043447146
2025-02-20 16:15:00,1.0745168043447146
2025-02-20 16:30:00,1.0745168043447146
2025-02-20 16:45:00,1.0745168043447146
2025-02-20 17:00:00,1.0745168043447146
2025-02-20 17:15:00,1.0745168043447146
2025-02-20 17:30:00,1.0745168043447146
2025-02-20 17:45:00,1.0745168043447146
2025-02-20 18:00:00,1.0745168043447146
2025-02-20 18:15:00,1.0745168043447146
2025-02-20 18:30:00,1.0745168043447146
2025-02-20 18:45:00,1.0745168043447146
2025-02-20 19:00:00,1.0745168043447146
2025-02-20 19:15:00,1.0745168043447146
2025-02-20 19:30:00,1.0745168043447146
2025-02-20 19:45:00,1.0745168043447146
2025-02-20 20:00:00,1.0745168043447146
2025-02-20 20:15:00,1.0745168043447146
2025-02-20 20:30:00,1.0745168043447146
2025-02-20 20:45:00,1.0745168043447146
2025-02-21 14:30:00,1.0745168043447146
2025-02-21 14:45:00,1.0745168043447146
2025-02-21 15:00:00,1.0745168043447146
2025-02-21 15:15:00,1.0745168043447146
2025-02-21 15:30:00,1.0745168043447146
2025-02-21 15:45:00,1.0745168043447146
2025-02-21 16:00:00,1.0745168043447146
2025-02-21 16:15:00,1.0745168043447146
2025-02-21 16:30:00,1.0745168043447146
2025-02-21 16:45:00,1.0745168043447146
2025-02-21 17:00:00,1.0745168043447146
2025-02-21 17:15:00,1.0745168043447146
2025-02-21 17:30:00,1.0745168043447146
2025-02-21 17:45:00,1.0745168043447146
2025-02-21 18:00:00,1.0745168043447146
2025-02-21 18:15:00,1.0745168043447146
2025-02-21 18:30:00,1.0745168043447146
2025-02-21 18:45:00,1.0745168043447146
2025-02-21 19:00:00,1.0745168043447146
2025-02-21 19:15:00,1.0745168043447146
2025-02-21 19:30:00,1.0745168043447146
2025-02-21 19:45:00,1.0745168043447146
2025-02-21 20:00:00,1.0745168043447146
2025-02-21 20:15:00,1.0745168043447146
2025-02-21 20:30:00,1.0745168043447146
2025-02-21 20:45:00,1.0745168043447146
2025-02-24 14:30:00,1.0745168043447146
2025-02-24 14:45:00,1.0745168043447146
2025-02-24 15:00:00,1.0745168043447146
2025-02-24 15:15:00,1.0745168043447146
2025-02-24 15:30:00,1.0745168043447146
2025-02-24 15:45:00,1.0745168043447146
2025-02-24 16:00:00,1.0745168043447146
2025-02-24 16:15:00,1.0745168043447146
2025-02-24 16:30:00,1.0745168043447146
2025-02-24 16:45:00,1.0745168043447146
2025-02-24 17:00:00,1.0745168043447146
2025-02-24 17:15:00,1.0745168043447146
2025-02-24 17:30:00,1.0745168043447146
2025-02-24 17:45:00,1.0745168043447146
2025-02-24 18:00:00,1.0745168043447146
2025-02-24 18:15:00,1.0745168043447146
2025-02-24 18:30:00,1.0887216454197646
2025-02-24 18:45:00,1.0887216454197646
2025-02-24 19:00:00,1.0887216454197646
2025-02-24 19:15:00,1.0887216454197646
2025-02-24 19:30:00,1.0887216454197646
2025-02-24 19:45:00,1.0887216454197646
2025-02-24 20:00:00,1.0887216454197646
2025-02-24 20:15:00,1.0887216454197646
2025-02-24 20:30:00,1.0887216454197646
2025-02-24 20:45:00,1.0887216454197646
2025-02-25 14:30:00,1.0887216454197646
2025-02-25 14:45:00,1.0887216454197646
2025-02-25 15:00:00,1.0887216454197646
2025-02-25 15:15:00,1.0887216454197646
2025-02-25 15:30:00,1.0887216454197646
2025-02-25 15:45:00,1.0887216454197646
2025-02-25 16:00:00,1.0887216454197646
2025-02-25 16:15:00,1.0887216454197646
2025-02-25 16:30:00,1.0887216454197646
2025-02-25 16:45:00,1.0887216454197646
2025-02-25 17:00:00,1.0887216454197646
2025-02-25 17:15:00,1.0887216454197646
2025-02-25 17:30:00,1.0887216454197646
2025-02-25 17:45:00,1.0887216454197646
2025-02-25 18:00:00,1.0887216454197646
2025-02-25 18:15:00,1.0887216454197646
2025-02-25 18:30:00,1.0887216454197646
2025-02-25 18:45:00,1.0887216454197646
2025-02-25 19:00:00,1.0887216454197646
2025-02-25 19:15:00,1.0887216454197646
2025-02-25 19:30:00,1.0887216454197646
2025-02-25 19:45:00,1.0887216454197646
2025-02-25 20:00:00,1.0887216454197646
2025-02-25 20:15:00,1.0887216454197646
2025-02-25 20:30:00,1.0887216454197646
2025-02-25 20:45:00,1.0887216454197646
2025-02-26 14:30:00,1.0887216454197646
2025-02-26 14:45:00,1.0887216454197646
2025-02-26 15:00:00,1.0887216454197646
2025-02-26 15:15:00,1.0887216454197646
2025-02-26 15:30:00,1.0887216454197646
2025-02-26 15:45:00,1.0887216454197646
2025-02-26 16:00:00,1.0887216454197646
2025-02-26 16:15:00,1.0887216454197646
2025-02-26 16:30:00,1.0887216454197646
2025-02-26 16:45:00,1.0887216454197646
2025-02-26 17:00:00,1.0887216454197646
2025-02-26 17:15:00,1.0887216454197646
2025-02-26 17:30:00,1.0887216454197646
2025-02-26 17:45:00,1.0887216454197646
2025-02-26 18:00:00,1.0887216454197646
2025-02-26 18:15:00,1.0887216454197646
2025-02-26 18:30:00,1.0671103001887825
2025-02-26 18:45:00,1.0671103001887825
2025-02-26 19:00:00,1.0671103001887825
2025-02-26 19:15:00,1.0671103001887825
2025-02-26 19:30:00,1.0671103001887825
2025-02-26 19:45:00,1.0671103001887825
2025-02-26 20:00:00,1.0671103001887825
2025-02-26 20:15:00,1.0671103001887825
2025-02-26 20:30:00,1.0671103001887825
2025-02-26 20:45:00,1.0671103001887825
2025-02-27 14:30:00,1.0671103001887825
2025-02-27 14:45:00,1.0671103001887825
2025-02-27 15:00:00,1.0671103001887825
2025-02-27 15:15:00,1.0671103001887825
2025-02-27 15:30:00,1.0671103001887825
2025-02-27 15:45:00,1.0671103001887825
2025-02-27 16:00:00,1.0671103001887825
2025-02-27 16:15:00,1.0671103001887825
2025-02-27 16:30:00,1.0671103001887825
2025-02-27 16:45:00,1.0671103001887825
2025-02-27 17:00:00,1.0671103001887825
2025-02-27 17:15:00,1.0671103001887825
2025-02-27 17:30:00,1.0671103001887825
2025-02-27 17:45:00,1.0671103001887825
2025-02-27 18:00:00,1.0671103001887825
2025-02-27 18:15:00,1.0671103001887825
2025-02-27 18:30:00,1.0778328984129109
2025-02-27 18:45:00,1.0778328984129109
2025-02-27 19:00:00,1.0778328984129109
2025-02-27 19:15:00,1.0778328984129109
2025-02-27 19:30:00,1.0778328984129109
2025-02-27 19:45:00,1.0778328984129109
2025-02-27 20:00:00,1.0778328984129109
2025-02-27 20:15:00,1.0778328984129109
2025-02-27 20:30:00,1.0778328984129109
2025-02-27 20:45:00,1.0778328984129109
2025-02-28 14:30:00,1.0778328984129109
2025-02-28 14:45:00,1.0778328984129109
2025-02-28 15:00:00,1.0778328984129109
2025-02-28 15:15:00,1.0778328984129109
2025-02-28 15:30:00,1.0778328984129109
2025-02-28 15:45:00,1.0778328984129109
2025-02-28 16:00:00,1.0778328984129109
2025-02-28 16:15:00,1.0778328984129109
2025-02-28 16:30:00,1.0778328984129109
2025-02-28 16:45:00,1.0778328984129109
2025-02-28 17:00:00,1.0778328984129109
2025-02-28 17:15:00,1.0778328984129109
2025-02-28 17:30:00,1.0778328984129109
2025-02-28 17:45:00,1.0778328984129109
2025-02-28 18:00:00,1.0778328984129109
2025-02-28 18:15:00,1.0778328984129109
2025-02-28 18:30:00,1.0825408834302455
2025-02-28 18:45:00,1.0825408834302455
2025-02-28 19:00:00,1.0825408834302455
2025-02-28 19:15:00,1.0825408834302455
2025-02-28 19:30:00,1.0825408834302455
2025-02-28 19:45:00,1.0825408834302455
2025-02-28 20:00:00,1.0825408834302455
2025-02-28 20:15:00,1.0825408834302455
2025-02-28 20:30:00,1.0825408834302455
2025-03-03 15:00:00,1.0825408834302455
2025-03-03 15:15:00,1.0825408834302455
2025-03-03 15:30:00,1.0825408834302455
2025-03-03 15:45:00,1.0825408834302455
2025-03-03 16:00:00,1.0825408834302455
2025-03-03 16:15:00,1.0825408834302455
2025-03-03 16:30:00,1.0825408834302455
2025-03-03 16:45:00,1.0825408834302455
2025-03-03 17:00:00,1.0825408834302455
2025-03-03 17:15:00,1.0825408834302455
2025-03-03 17:30:00,1.0825408834302455
2025-03-03 17:45:00,1.0825408834302455
2025-03-03 18:00:00,1.0825408834302455
2025-03-03 18:15:00,1.0825408834302455
2025-03-03 18:30:00,1.0825408834302455
2025-03-03 18:45:00,1.0825408834302455
2025-03-03 19:00:00,1.0825408834302455
2025-03-03 19:15:00,1.0825408834302455
2025-03-03 19:30:00,1.0825408834302455
2025-03-03 19:45:00,1.0825408834302455
2025-03-03 20:00:00,1.0825408834302455
2025-03-03 20:15:00,1.0825408834302455
2025-03-03 20:30:00,1.0825408834302455
2025-03-03 20:45:00,1.0825408834302455
2025-03-04 14:30:00,1.0825408834302455
2025-03-04 14:45:00,1.0825408834302455
2025-03-04 15:00:00,1.0825408834302455
2025-03-04 15:15:00,1.0825408834302455
2025-03-04 15:30:00,1.0825408834302455
2025-03-04 15:45:00,1.0825408834302455
2025-03-04 16:00:00,1.0825408834302455
2025-03-04 16:15:00,1.0825408834302455
2025-03-04 16:30:00,1.0825408834302455
2025-03-04 16:45:00,1.0825408834302455
2025-03-04 17:00:00,1.0825408834302455
2025-03-04 17:15:00,1.0825408834302455
2025-03-04 17:30:00,1.0825408834302455
2025-03-04 17:45:00,1.0825408834302455
2025-03-04 18:00:00,1.0825408834302455
2025-03-04 18:15:00,1.0825408834302455
2025-03-04 18:30:00,1.0825408834302455
2025-03-04 18:45:00,1.0825408834302455
2025-03-04 19:00:00,1.0825408834302455
2025-03-04 19:15:00,1.0825408834302455
2025-03-04 19:30:00,1.0825408834302455
2025-03-04 19:45:00,1.0825408834302455
2025-03-04 20:00:00,1.0825408834302455
2025-03-04 20:15:00,1.0825408834302455
2025-03-04 20:30:00,1.0825408834302455
2025-03-04 20:45:00,1.0825408834302455
2025-03-05 14:30:00,1.0825408834302455
2025-03-05 14:45:00,1.0825408834302455
2025-03-05 15:00:00,1.0825408834302455
2025-03-05 15:15:00,1.0825408834302455
2025-03-05 15:30:00,1.0825408834302455
2025-03-05 15:45:00,1.0825408834302455
2025-03-05 16:00:00,1.0825408834302455
2025-03-05 16:15:00,1.0825408834302455
2025-03-05 16:30:00,1.0825408834302455
2025-03-05 16:45:00,1.0825408834302455
2025-03-05 17:00:00,1.0825408834302455
2025-03-05 17:15:00,1.0825408834302455
2025-03-05 17:30:00,1.0825408834302455
2025-03-05 17:45:00,1.0825408834302455
2025-03-05 18:00:00,1.0825408834302455
2025-03-05 18:15:00,1.0825408834302455
2025-03-05 18:30:00,1.0825408834302455
2025-03-05 18:45:00,1.0825408834302455
2025-03-05 19:00:00,1.0825408834302455
2025-03-05 19:15:00,1.0825408834302455
2025-03-05 19:30:00,1.0825408834302455
2025-03-05 19:45:00,1.0825408834302455
2025-03-05 20:00:00,1.0825408834302455
2025-03-05 20:15:00,1.0825408834302455
2025-03-05 20:30:00,1.0825408834302455
2025-03-05 20:45:00,1.0825408834302455
2025-03-06 14:30:00,1.0825408834302455
2025-03-06 14:45:00,1.0825408834302455
2025-03-06 15:00:00,1.0825408834302455
2025-03-06 15:15:00,1.0825408834302455
2025-03-06 15:30:00,1.0825408834302455
2025-03-06 15:45:00,1.0825408834302455
2025-03-06 16:00:00,1.0825408834302455
2025-03-06 16:15:00,1.0825408834302455
2025-03-06 16:30:00,1.0825408834302455
2025-03-06 16:45:00,1.0825408834302455
2025-03-06 17:00:00,1.0825408834302455
2025-03-06 17:15:00,1.0825408834302455
2025-03-06 17:30:00,1.0825408834302455
2025-03-06 17:45:00,1.0825408834302455
2025-03-06 18:00:00,1.0825408834302455
2025-03-06 18:15:00,1.0825408834302455
2025-03-06 18:30:00,1.0828410312640713
2025-03-06 18:45:00,1.0828410312640713
2025-03-06 19:00:00,1.0828410312640713
2025-03-06 19:15:00,1.0828410312640713
2025-03-06 19:30:00,1.0828410312640713
2025-03-06 19:45:00,1.0828410312640713
2025-03-06 20:00:00,1.0828410312640713
2025-03-06 20:15:00,1.0828410312640713
2025-03-06 20:30:00,1.0828410312640713
2025-03-06 20:45:00,1.0828410312640713
2025-03-07 14:30:00,1.0828410312640713
2025-03-07 14:45:00,1.0828410312640713
2025-03-07 15:00:00,1.0828410312640713
2025-03-07 15:15:00,1.0828410312640713
2025-03-07 15:30:00,1.0828410312640713
2025-03-07 15:45:00,1.0828410312640713
2025-03-07 16:00:00,1.0828410312640713
2025-03-07 16:15:00,1.0828410312640713
2025-03-07 16:30:00,1.0828410312640713
2025-03-07 16:45:00,1.0828410312640713
2025-03-07 17:00:00,1.0828410312640713
2025-03-07 17:15:00,1.0828410312640713
2025-03-07 17:30:00,1.0828410312640713
2025-03-07 17:45:00,1.0828410312640713
2025-03-07 18:00:00,1.0828410312640713
2025-03-07 18:15:00,1.0828410312640713
2025-03-07 18:30:00,1.0828410312640713
2025-03-07 18:45:00,1.0828410312640713
2025-03-07 19:00:00,1.0828410312640713
2025-03-07 19:15:00,1.0828410312640713
2025-03-07 19:30:00,1.0828410312640713
2025-03-07 19:45:00,1.0828410312640713
2025-03-07 20:00:00,1.0828410312640713
2025-03-07 20:15:00,1.0828410312640713
2025-03-07 20:30:00,1.0828410312640713
2025-03-07 20:45:00,1.0828410312640713
2025-03-10 13:30:00,1.0828410312640713
2025-03-10 13:45:00,1.0828410312640713
2025-03-10 14:00:00,1.0828410312640713
2025-03-10 14:15:00,1.0828410312640713
2025-03-10 14:30:00,1.0828410312640713
2025-03-10 14:45:00,1.0828410312640713
2025-03-10 15:00:00,1.0828410312640713
2025-03-10 15:15:00,1.0828410312640713
2025-03-10 15:30:00,1.0828410312640713
2025-03-10 15:45:00,1.0828410312640713
2025-03-10 16:00:00,1.0828410312640713
2025-03-10 16:15:00,1.0828410312640713
2025-03-10 16:30:00,1.0828410312640713
2025-03-10 16:45:00,1.0828410312640713
2025-03-10 17:00:00,1.0828410312640713
2025-03-10 17:15:00,1.0828410312640713
2025-03-10 17:30:00,1.0363048021304193
2025-03-10 17:45:00,1.0363048021304193
2025-03-10 18:00:00,1.0363048021304193
2025-03-10 18:15:00,1.0363048021304193
2025-03-10 18:30:00,1.0363048021304193
2025-03-10 18:45:00,1.0363048021304193
2025-03-10 19:00:00,1.0363048021304193
2025-03-10 19:15:00,1.0363048021304193
2025-03-10 19:30:00,1.0363048021304193
2025-03-10 19:45:00,1.0363048021304193
2025-03-11 13:30:00,1.0363048021304193
2025-03-11 13:45:00,1.0363048021304193
2025-03-11 14:00:00,1.0363048021304193
2025-03-11 14:15:00,1.0363048021304193
2025-03-11 14:30:00,1.0363048021304193
2025-03-11 14:45:00,1.0363048021304193
2025-03-11 15:00:00,1.0363048021304193
2025-03-11 15:15:00,1.0363048021304193
2025-03-11 15:30:00,1.0363048021304193
2025-03-11 15:45:00,1.0363048021304193
2025-03-11 16:00:00,1.0363048021304193
2025-03-11 16:15:00,1.0363048021304193
2025-03-11 16:30:00,1.0363048021304193
2025-03-11 16:45:00,1.0363048021304193
2025-03-11 17:00:00,1.0363048021304193
2025-03-11 17:15:00,1.0363048021304193
2025-03-11 17:30:00,1.0135227662658899
2025-03-11 17:45:00,1.0135227662658899
2025-03-11 18:00:00,1.0135227662658899
2025-03-11 18:15:00,1.0135227662658899
2025-03-11 18:30:00,1.0135227662658899
2025-03-11 18:45:00,1.0135227662658899
2025-03-11 19:00:00,1.0135227662658899
2025-03-11 19:15:00,1.0135227662658899
2025-03-11 19:30:00,1.0135227662658899
2025-03-11 19:45:00,1.0135227662658899
2025-03-12 13:30:00,1.0135227662658899
2025-03-12 13:45:00,1.0135227662658899
2025-03-12 14:00:00,1.0135227662658899
2025-03-12 14:15:00,1.0135227662658899
2025-03-12 14:30:00,1.0135227662658899
2025-03-12 14:45:00,1.0135227662658899
2025-03-12 15:00:00,1.0135227662658899
2025-03-12 15:15:00,1.0135227662658899
2025-03-12 15:30:00,1.0135227662658899
2025-03-12 15:45:00,1.0135227662658899
2025-03-12 16:00:00,1.0135227662658899
2025-03-12 16:15:00,1.0135227662658899
2025-03-12 16:30:00,1.0135227662658899
2025-03-12 16:45:00,1.0135227662658899
2025-03-12 17:00:00,1.0135227662658899
2025-03-12 17:15:00,1.0135227662658899
2025-03-12 17:30:00,0.999575204628769
2025-03-12 17:45:00,0.999575204628769
2025-03-12 18:00:00,0.999575204628769
2025-03-12 18:15:00,0.999575204628769
2025-03-12 18:30:00,0.999575204628769
2025-03-12 18:45:00,0.999575204628769
2025-03-12 19:00:00,0.999575204628769
2025-03-12 19:15:00,0.999575204628769
2025-03-12 19:30:00,0.999575204628769
2025-03-12 19:45:00,0.999575204628769
2025-03-13 13:30:00,0.999575204628769
2025-03-13 13:45:00,0.999575204628769
2025-03-13 14:00:00,0.999575204628769
2025-03-13 14:15:00,0.999575204628769
2025-03-13 14:30:00,0.999575204628769
2025-03-13 14:45:00,0.999575204628769
2025-03-13 15:00:00,0.999575204628769
2025-03-13 15:15:00,0.999575204628769
2025-03-13 15:30:00,0.999575204628769
2025-03-13 15:45:00,0.999575204628769
2025-03-13 16:00:00,0.999575204628769
2025-03-13 16:15:00,0.999575204628769
2025-03-13 16:30:00,0.999575204628769
2025-03-13 16:45:00,0.999575204628769
2025-03-13 17:00:00,0.999575204628769
2025-03-13 17:15:00,0.999575204628769
2025-03-13 17:30:00,0.999575204628769
2025-03-13 17:45:00,0.999575204628769
2025-03-13 18:15:00,0.999575204628769
2025-03-13 18:30:00,0.999575204628769
2025-03-13 18:45:00,0.999575204628769
2025-03-13 19:00:00,0.999575204628769
2025-03-13 19:15:00,0.999575204628769
2025-03-13 19:30:00,0.999575204628769
2025-03-13 19:45:00,0.999575204628769
2025-03-14 13:30:00,0.999575204628769
2025-03-14 13:45:00,0.999575204628769
2025-03-14 14:00:00,0.999575204628769
2025-03-14 14:15:00,0.999575204628769
2025-03-14 14:30:00,0.999575204628769
2025-03-14 14:45:00,0.999575204628769
2025-03-14 15:00:00,0.999575204628769
2025-03-14 15:15:00,0.999575204628769
2025-03-14 15:30:00,0.999575204628769
2025-03-14 15:45:00,0.999575204628769
2025-03-14 16:00:00,0.999575204628769
2025-03-14 16:15:00,0.999575204628769
2025-03-14 16:30:00,0.999575204628769
2025-03-14 16:45:00,0.999575204628769
2025-03-14 17:00:00,0.999575204628769
2025-03-14 17:15:00,0.999575204628769
2025-03-14 17:30:00,0.999575204628769
2025-03-14 17:45:00,0.999575204628769
2025-03-14 18:00:00,0.999575204628769
2025-03-14 18:15:00,0.999575204628769
2025-03-14 18:30:00,0.999575204628769
2025-03-14 18:45:00,0.999575204628769
2025-03-14 19:00:00,0.999575204628769
2025-03-14 19:15:00,0.999575204628769
2025-03-14 19:30:00,0.999575204628769
2025-03-14 19:45:00,0.999575204628769
2025-03-17 13:30:00,0.999575204628769
2025-03-17 13:45:00,0.999575204628769
2025-03-17 14:00:00,0.999575204628769
2025-03-17 14:15:00,0.999575204628769
2025-03-17 14:30:00,0.999575204628769
2025-03-17 14:45:00,0.999575204628769
2025-03-17 15:00:00,0.999575204628769
2025-03-17 15:15:00,0.999575204628769
2025-03-17 15:30:00,0.999575204628769
2025-03-17 15:45:00,0.999575204628769
2025-03-17 16:00:00,0.999575204628769
2025-03-17 16:15:00,0.999575204628769
2025-03-17 16:30:00,0.999575204628769
2025-03-17 16:45:00,0.999575204628769
2025-03-17 17:00:00,0.999575204628769
2025-03-17 17:15:00,0.999575204628769
2025-03-17 17:30:00,0.999575204628769
2025-03-17 17:45:00,0.999575204628769
2025-03-17 18:00:00,0.999575204628769
2025-03-17 18:45:00,0.999575204628769
2025-03-17 19:00:00,0.999575204628769
2025-03-17 19:15:00,0.999575204628769
2025-03-17 19:30:00,0.999575204628769
2025-03-17 19:45:00,0.999575204628769
2025-03-18 13:30:00,0.999575204628769
2025-03-18 13:45:00,0.999575204628769
2025-03-18 14:00:00,0.999575204628769
2025-03-18 14:15:00,0.999575204628769
2025-03-18 14:30:00,0.999575204628769
2025-03-18 14:45:00,0.999575204628769
2025-03-18 15:00:00,0.999575204628769
2025-03-18 15:15:00,0.999575204628769
2025-03-18 15:30:00,0.999575204628769
2025-03-18 15:45:00,0.999575204628769
2025-03-18 16:00:00,0.999575204628769
2025-03-18 16:15:00,0.999575204628769
2025-03-18 16:30:00,0.999575204628769
2025-03-18 16:45:00,0.999575204628769
2025-03-18 17:00:00,0.999575204628769
2025-03-18 17:15:00,0.999575204628769
2025-03-18 17:30:00,0.999575204628769
2025-03-18 17:45:00,0.999575204628769
2025-03-18 18:00:00,0.999575204628769
2025-03-18 18:15:00,0.999575204628769
2025-03-18 18:30:00,0.999575204628769
2025-03-18 18:45:00,0.999575204628769
2025-03-18 19:00:00,0.999575204628769
2025-03-18 19:15:00,0.999575204628769
2025-03-18 19:30:00,0.999575204628769
2025-03-18 19:45:00,0.999575204628769
2025-03-19 13:30:00,0.999575204628769
2025-03-19 13:45:00,0.999575204628769
2025-03-19 14:00:00,0.999575204628769
2025-03-19 14:15:00,0.999575204628769
2025-03-19 14:30:00,0.999575204628769
2025-03-19 14:45:00,0.999575204628769
2025-03-19 15:00:00,0.999575204628769
2025-03-19 15:15:00,0.999575204628769
2025-03-19 15:30:00,0.999575204628769
2025-03-19 15:45:00,0.999575204628769
2025-03-19 16:00:00,0.999575204628769
2025-03-19 16:15:00,0.999575204628769
2025-03-19 16:30:00,0.999575204628769
2025-03-19 16:45:00,0.999575204628769
2025-03-19 17:00:00,0.999575204628769
2025-03-19 17:15:00,0.999575204628769
2025-03-19 17:30:00,0.9983402118356756
2025-03-19 17:45:00,0.9983402118356756
2025-03-19 18:00:00,0.9983402118356756
2025-03-19 18:15:00,0.9983402118356756
2025-03-19 18:30:00,0.9983402118356756
2025-03-19 18:45:00,0.9983402118356756
2025-03-19 19:00:00,0.9983402118356756
2025-03-19 19:15:00,0.9983402118356756
2025-03-19 19:30:00,0.9983402118356756
2025-03-19 19:45:00,0.9983402118356756
2025-03-20 13:30:00,0.9983402118356756
2025-03-20 13:45:00,0.9983402118356756
2025-03-20 14:00:00,0.9983402118356756
2025-03-20 14:15:00,0.9983402118356756
2025-03-20 14:30:00,0.9983402118356756
2025-03-20 14:45:00,0.9983402118356756
2025-03-20 15:00:00,0.9983402118356756
2025-03-20 15:15:00,0.9983402118356756
2025-03-20 15:30:00,0.9983402118356756
2025-03-20 15:45:00,0.9983402118356756
2025-03-20 16:00:00,0.9983402118356756
2025-03-20 16:15:00,0.9983402118356756
2025-03-20 16:30:00,0.9983402118356756
2025-03-20 16:45:00,0.9983402118356756
2025-03-20 17:00:00,0.9983402118356756
2025-03-20 17:15:00,0.9983402118356756
2025-03-20 17:30:00,0.9964740215955965
2025-03-20 17:45:00,0.9964740215955965
2025-03-20 18:00:00,0.9964740215955965
2025-03-20 18:15:00,0.9964740215955965
2025-03-20 18:30:00,0.9964740215955965
2025-03-20 18:45:00,0.9964740215955965
2025-03-20 19:00:00,0.9964740215955965
2025-03-20 19:15:00,0.9964740215955965
2025-03-20 19:30:00,0.9964740215955965
2025-03-20 19:45:00,0.9964740215955965
2025-03-21 13:30:00,0.9964740215955965
2025-03-21 13:45:00,0.9964740215955965
2025-03-21 14:00:00,0.9964740215955965
2025-03-21 14:15:00,0.9964740215955965
2025-03-21 14:30:00,0.9964740215955965
2025-03-21 14:45:00,0.9964740215955965
2025-03-21 15:00:00,0.9964740215955965
2025-03-21 15:15:00,0.9964740215955965
2025-03-21 15:30:00,0.9964740215955965
2025-03-21 15:45:00,0.9964740215955965
2025-03-21 16:00:00,0.9964740215955965
2025-03-21 16:15:00,0.9964740215955965
2025-03-21 16:30:00,0.9964740215955965
2025-03-21 16:45:00,0.9964740215955965
2025-03-21 17:00:00,0.9964740215955965
2025-03-21 17:15:00,0.9964740215955965
2025-03-21 17:30:00,1.0111134246613194
2025-03-21 17:45:00,1.0111134246613194
2025-03-21 18:00:00,1.0111134246613194
2025-03-21 18:15:00,1.0111134246613194
2025-03-21 18:30:00,1.0111134246613194
2025-03-21 18:45:00,1.0111134246613194
2025-03-21 19:00:00,1.0111134246613194
2025-03-21 19:15:00,1.0111134246613194
2025-03-21 19:30:00,1.0111134246613194
2025-03-21 19:45:00,1.0111134246613194
2025-03-24 13:30:00,1.0111134246613194
2025-03-24 13:45:00,1.0111134246613194
2025-03-24 14:00:00,1.0111134246613194
2025-03-24 14:15:00,1.0111134246613194
2025-03-24 14:30:00,1.0111134246613194
2025-03-24 14:45:00,1.0111134246613194
2025-03-24 15:00:00,1.0111134246613194
2025-03-24 15:15:00,1.0111134246613194
2025-03-24 15:30:00,1.0111134246613194
2025-03-24 15:45:00,1.0111134246613194
2025-03-24 16:00:00,1.0111134246613194
2025-03-24 16:15:00,1.0111134246613194
2025-03-24 16:30:00,1.0111134246613194
2025-03-24 16:45:00,1.0111134246613194
2025-03-24 17:00:00,1.0111134246613194
2025-03-24 17:15:00,1.0111134246613194
2025-03-24 17:30:00,1.019476359923333
2025-03-24 17:45:00,1.019476359923333
2025-03-24 18:00:00,1.019476359923333
2025-03-24 18:15:00,1.019476359923333
2025-03-24 18:30:00,1.019476359923333
2025-03-24 18:45:00,1.019476359923333
2025-03-24 19:00:00,1.019476359923333
2025-03-24 19:15:00,1.019476359923333
2025-03-24 19:30:00,1.019476359923333
2025-03-24 19:45:00,1.019476359923333
2025-03-25 13:30:00,1.019476359923333
2025-03-25 13:45:00,1.019476359923333
2025-03-25 14:00:00,1.019476359923333
2025-03-25 14:15:00,1.019476359923333
2025-03-25 14:30:00,1.019476359923333
2025-03-25 14:45:00,1.019476359923333
2025-03-25 15:00:00,1.019476359923333
2025-03-25 15:15:00,1.019476359923333
2025-03-25 15:30:00,1.019476359923333
2025-03-25 15:45:00,1.019476359923333
2025-03-25 16:00:00,1.019476359923333
2025-03-25 16:15:00,1.019476359923333
2025-03-25 16:30:00,1.019476359923333
2025-03-25 16:45:00,1.019476359923333
2025-03-25 17:00:00,1.019476359923333
2025-03-25 17:15:00,1.019476359923333
2025-03-25 17:30:00,1.019476359923333
2025-03-25 17:45:00,1.019476359923333
2025-03-25 18:00:00,1.019476359923333
2025-03-25 18:15:00,1.019476359923333
2025-03-25 18:30:00,1.019476359923333
2025-03-25 18:45:00,1.019476359923333
2025-03-25 19:00:00,1.019476359923333
2025-03-25 19:15:00,1.019476359923333
2025-03-25 19:30:00,1.019476359923333
2025-03-25 19:45:00,1.019476359923333
2025-03-26 13:30:00,1.019476359923333
2025-03-26 13:45:00,1.019476359923333
2025-03-26 14:00:00,1.019476359923333
2025-03-26 14:15:00,1.019476359923333
2025-03-26 14:30:00,1.019476359923333
2025-03-26 14:45:00,1.019476359923333
2025-03-26 15:00:00,1.019476359923333
2025-03-26 15:15:00,1.019476359923333
2025-03-26 15:30:00,1.019476359923333
2025-03-26 15:45:00,1.019476359923333
2025-03-26 16:00:00,1.019476359923333
2025-03-26 16:15:00,1.019476359923333
2025-03-26 16:30:00,1.019476359923333
2025-03-26 16:45:00,1.019476359923333
2025-03-26 17:00:00,1.019476359923333
2025-03-26 17:15:00,1.019476359923333
2025-03-26 17:30:00,1.019476359923333
2025-03-26 17:45:00,1.019476359923333
2025-03-26 18:00:00,1.019476359923333
2025-03-26 18:15:00,1.019476359923333
2025-03-26 18:30:00,1.019476359923333
2025-03-26 18:45:00,1.019476359923333
2025-03-26 19:00:00,1.019476359923333
2025-03-26 19:15:00,1.019476359923333
2025-03-26 19:30:00,1.019476359923333
2025-03-26 19:45:00,1.019476359923333
2025-03-27 13:30:00,1.019476359923333
2025-03-27 13:45:00,1.019476359923333
2025-03-27 14:00:00,1.019476359923333
2025-03-27 14:15:00,1.019476359923333
2025-03-27 14:30:00,1.019476359923333
2025-03-27 14:45:00,1.019476359923333
2025-03-27 15:00:00,1.019476359923333
2025-03-27 15:15:00,1.019476359923333
2025-03-27 15:30:00,1.019476359923333
2025-03-27 15:45:00,1.019476359923333
2025-03-27 16:00:00,1.019476359923333
2025-03-27 16:15:00,1.019476359923333
2025-03-27 16:30:00,1.019476359923333
2025-03-27 16:45:00,1.019476359923333
2025-03-27 17:00:00,1.019476359923333
2025-03-27 17:15:00,1.019476359923333
2025-03-27 17:30:00,1.019476359923333
2025-03-27 17:45:00,1.019476359923333
2025-03-27 18:00:00,1.019476359923333
2025-03-27 18:15:00,1.019476359923333
2025-03-27 18:30:00,1.019476359923333
2025-03-27 18:45:00,1.019476359923333
2025-03-27 19:00:00,1.019476359923333
2025-03-27 19:15:00,1.019476359923333
2025-03-27 19:30:00,1.019476359923333
2025-03-27 19:45:00,1.019476359923333
2025-03-28 13:30:00,1.019476359923333
2025-03-28 13:45:00,1.019476359923333
2025-03-28 14:00:00,1.019476359923333
2025-03-28 14:15:00,1.019476359923333
2025-03-28 14:30:00,1.019476359923333
2025-03-28 14:45:00,1.019476359923333
2025-03-28 15:00:00,1.019476359923333
2025-03-28 15:15:00,1.019476359923333
2025-03-28 15:30:00,1.019476359923333
2025-03-28 15:45:00,1.019476359923333
2025-03-28 16:00:00,1.019476359923333
2025-03-28 16:15:00,1.019476359923333
2025-03-28 16:30:00,1.019476359923333
2025-03-28 16:45:00,1.019476359923333
2025-03-28 17:00:00,1.019476359923333
2025-03-28 17:15:00,1.019476359923333
2025-03-28 17:30:00,1.0043716214800076
2025-03-28 17:45:00,1.0043716214800076
2025-03-28 18:00:00,1.0043716214800076
2025-03-28 18:15:00,1.0043716214800076
2025-03-28 18:30:00,1.0043716214800076
2025-03-28 18:45:00,1.0043716214800076
2025-03-28 19:00:00,1.0043716214800076
2025-03-28 19:15:00,1.0043716214800076
2025-03-28 19:30:00,1.0043716214800076
2025-03-28 19:45:00,1.0043716214800076
2025-03-31 13:30:00,1.0043716214800076
2025-03-31 13:45:00,1.0043716214800076
2025-03-31 14:00:00,1.0043716214800076
2025-03-31 14:15:00,1.0043716214800076
2025-03-31 14:30:00,1.0043716214800076
2025-03-31 14:45:00,1.0043716214800076
2025-03-31 15:00:00,1.0043716214800076
2025-03-31 15:15:00,1.0043716214800076
2025-03-31 15:30:00,1.0043716214800076
2025-03-31 15:45:00,1.0043716214800076
2025-03-31 16:00:00,1.0043716214800076
2025-03-31 16:15:00,1.0043716214800076
2025-03-31 16:30:00,1.0043716214800076
2025-03-31 16:45:00,1.0043716214800076
2025-03-31 17:00:00,1.0043716214800076
2025-03-31 17:15:00,1.0043716214800076
2025-03-31 17:30:00,1.0143589279084986
2025-03-31 17:45:00,1.0143589279084986
2025-03-31 18:00:00,1.0143589279084986
2025-03-31 18:15:00,1.0143589279084986
2025-03-31 18:30:00,1.0143589279084986
2025-03-31 18:45:00,1.0143589279084986
2025-03-31 19:00:00,1.0143589279084986
2025-03-31 19:15:00,1.0143589279084986
2025-03-31 19:30:00,1.0143589279084986
2025-03-31 19:45:00,1.0143589279084986
2025-04-01 13:30:00,1.0143589279084986
2025-04-01 13:45:00,1.0143589279084986
2025-04-01 14:00:00,1.0143589279084986
2025-04-01 14:15:00,1.0143589279084986
2025-04-01 14:30:00,1.0143589279084986
2025-04-01 14:45:00,1.0143589279084986
2025-04-01 15:00:00,1.0143589279084986
2025-04-01 15:15:00,1.0143589279084986
2025-04-01 15:30:00,1.0143589279084986
2025-04-01 15:45:00,1.0143589279084986
2025-04-01 16:00:00,1.0143589279084986
2025-04-01 16:15:00,1.0143589279084986
2025-04-01 16:30:00,1.0143589279084986
2025-04-01 16:45:00,1.0143589279084986
2025-04-01 17:00:00,1.0143589279084986
2025-04-01 17:15:00,1.0143589279084986
2025-04-01 17:30:00,1.0256652659355154
2025-04-01 17:45:00,1.0256652659355154
2025-04-01 18:00:00,1.0256652659355154
2025-04-01 18:15:00,1.0256652659355154
2025-04-01 18:30:00,1.0256652659355154
2025-04-01 18:45:00,1.0256652659355154
2025-04-01 19:00:00,1.0256652659355154
2025-04-01 19:15:00,1.0256652659355154
2025-04-01 19:30:00,1.0256652659355154
2025-04-01 19:45:00,1.0256652659355154
2025-04-02 13:30:00,1.0256652659355154
2025-04-02 13:45:00,1.0256652659355154
2025-04-02 14:00:00,1.0256652659355154
2025-04-02 14:15:00,1.0256652659355154
2025-04-02 14:30:00,1.0256652659355154
2025-04-02 14:45:00,1.0256652659355154
2025-04-02 15:00:00,1.0256652659355154
2025-04-02 15:15:00,1.0256652659355154
2025-04-02 15:30:00,1.0256652659355154
2025-04-02 15:45:00,1.0256652659355154
2025-04-02 16:00:00,1.0256652659355154
2025-04-02 16:15:00,1.0256652659355154
2025-04-02 16:30:00,1.0256652659355154
2025-04-02 16:45:00,1.0256652659355154
2025-04-02 17:00:00,1.0256652659355154
2025-04-02 17:15:00,1.0256652659355154
2025-04-02 17:30:00,1.0408284092795266
2025-04-02 17:45:00,1.0408284092795266
2025-04-02 18:00:00,1.0408284092795266
2025-04-02 18:15:00,1.0408284092795266
2025-04-02 18:30:00,1.0408284092795266
2025-04-02 18:45:00,1.0408284092795266
2025-04-02 19:00:00,1.0408284092795266
2025-04-02 19:15:00,1.0408284092795266
2025-04-02 19:30:00,1.0408284092795266
2025-04-02 19:45:00,1.0408284092795266
2025-04-03 13:30:00,1.0408284092795266
2025-04-03 13:45:00,1.0408284092795266
2025-04-03 14:00:00,1.0408284092795266
2025-04-03 14:15:00,1.0408284092795266
2025-04-03 14:30:00,1.0408284092795266
2025-04-03 14:45:00,1.0408284092795266
2025-04-03 15:00:00,1.0408284092795266
2025-04-03 15:15:00,1.0408284092795266
2025-04-03 15:30:00,1.0408284092795266
2025-04-03 15:45:00,1.0408284092795266
2025-04-03 16:00:00,1.0408284092795266
2025-04-03 16:15:00,1.0408284092795266
2025-04-03 16:30:00,1.0408284092795266
2025-04-03 16:45:00,1.0408284092795266
2025-04-03 17:00:00,1.0408284092795266
2025-04-03 17:15:00,1.0408284092795266
2025-04-03 17:30:00,1.0354855036168664
2025-04-03 17:45:00,1.0354855036168664
2025-04-03 18:00:00,1.0354855036168664
2025-04-03 18:15:00,1.0354855036168664
2025-04-03 18:30:00,1.0354855036168664
2025-04-03 18:45:00,1.0354855036168664
2025-04-03 19:00:00,1.0354855036168664
2025-04-03 19:15:00,1.0354855036168664
2025-04-03 19:30:00,1.0354855036168664
2025-04-03 19:45:00,1.0354855036168664
2025-04-04 13:30:00,1.0354855036168664
2025-04-04 13:45:00,1.0354855036168664
2025-04-04 14:00:00,1.0354855036168664
2025-04-04 14:15:00,1.0354855036168664
2025-04-04 14:30:00,1.0354855036168664
2025-04-04 14:45:00,1.0354855036168664
2025-04-04 15:00:00,1.0354855036168664
2025-04-04 15:15:00,1.0354855036168664
2025-04-04 15:30:00,1.0354855036168664
2025-04-04 15:45:00,1.0354855036168664
2025-04-04 16:00:00,1.0354855036168664
2025-04-04 16:15:00,1.0354855036168664
2025-04-04 16:30:00,1.0354855036168664
2025-04-04 16:45:00,1.0354855036168664
2025-04-04 17:00:00,1.0354855036168664
2025-04-04 17:15:00,1.0354855036168664
2025-04-04 17:30:00,1.0111515678893153
2025-04-04 17:45:00,1.0111515678893153
2025-04-04 18:00:00,1.0111515678893153
2025-04-04 18:15:00,1.0111515678893153
2025-04-04 18:30:00,1.0111515678893153
2025-04-04 18:45:00,1.0111515678893153
2025-04-04 19:00:00,1.0111515678893153
2025-04-04 19:15:00,1.0111515678893153
2025-04-04 19:30:00,1.0111515678893153
2025-04-04 19:45:00,1.0111515678893153
2025-04-07 13:30:00,1.0111515678893153
2025-04-07 13:45:00,1.0111515678893153
2025-04-07 14:00:00,1.0111515678893153
2025-04-07 14:15:00,1.0111515678893153
2025-04-07 14:30:00,1.0111515678893153
2025-04-07 14:45:00,1.0111515678893153
2025-04-07 15:00:00,1.0111515678893153
2025-04-07 15:15:00,1.0111515678893153
2025-04-07 15:30:00,1.0111515678893153
2025-04-07 15:45:00,1.0111515678893153
2025-04-07 16:00:00,1.0111515678893153
2025-04-07 16:15:00,1.0111515678893153
2025-04-07 16:30:00,1.0111515678893153
2025-04-07 16:45:00,1.0111515678893153
2025-04-07 17:00:00,1.0111515678893153
2025-04-07 17:15:00,1.0111515678893153
2025-04-07 17:30:00,1.0370235599826731
2025-04-07 17:45:00,1.0370235599826731
2025-04-07 18:00:00,1.0370235599826731
2025-04-07 18:15:00,1.0370235599826731
2025-04-07 18:30:00,1.0370235599826731
2025-04-07 18:45:00,1.0370235599826731
2025-04-07 19:00:00,1.0370235599826731
2025-04-07 19:15:00,1.0370235599826731
2025-04-07 19:30:00,1.0370235599826731
2025-04-07 19:45:00,1.0370235599826731
2025-04-08 13:30:00,1.0370235599826731
2025-04-08 13:45:00,1.0370235599826731
2025-04-08 14:00:00,1.0370235599826731
2025-04-08 14:15:00,1.0370235599826731
2025-04-08 14:30:00,1.0370235599826731
2025-04-08 14:45:00,1.0370235599826731
2025-04-08 15:00:00,1.0370235599826731
2025-04-08 15:15:00,1.0370235599826731
2025-04-08 15:30:00,1.0370235599826731
2025-04-08 15:45:00,1.0370235599826731
2025-04-08 16:00:00,1.0370235599826731
2025-04-08 16:15:00,1.0370235599826731
2025-04-08 16:30:00,1.0370235599826731
2025-04-08 16:45:00,1.0370235599826731
2025-04-08 17:00:00,1.0370235599826731
2025-04-08 17:15:00,1.0370235599826731
2025-04-08 17:30:00,1.0882163504806694
2025-04-08 17:45:00,1.0882163504806694
2025-04-08 18:00:00,1.0882163504806694
2025-04-08 18:15:00,1.0882163504806694
2025-04-08 18:30:00,1.0882163504806694
2025-04-08 18:45:00,1.0882163504806694
2025-04-08 19:00:00,1.0882163504806694
2025-04-08 19:15:00,1.0882163504806694
2025-04-08 19:30:00,1.0882163504806694
2025-04-08 19:45:00,1.0882163504806694
2025-04-09 13:30:00,1.0882163504806694
2025-04-09 13:45:00,1.0882163504806694
2025-04-09 14:00:00,1.0882163504806694
2025-04-09 14:15:00,1.0882163504806694
2025-04-09 14:30:00,1.0882163504806694
2025-04-09 14:45:00,1.0882163504806694
2025-04-09 15:00:00,1.0882163504806694
2025-04-09 15:15:00,1.0882163504806694
2025-04-09 15:30:00,1.0882163504806694
2025-04-09 15:45:00,1.0882163504806694
2025-04-09 16:00:00,1.0882163504806694
2025-04-09 16:15:00,1.0882163504806694
2025-04-09 16:30:00,1.0882163504806694
2025-04-09 16:45:00,1.0882163504806694
2025-04-09 17:00:00,1.0882163504806694
2025-04-09 17:15:00,1.0882163504806694
2025-04-09 17:30:00,1.0882163504806694
2025-04-09 17:45:00,1.0882163504806694
2025-04-09 18:00:00,1.0882163504806694
2025-04-09 18:15:00,1.0882163504806694
2025-04-09 18:30:00,1.0882163504806694
2025-04-09 18:45:00,1.0882163504806694
2025-04-09 19:00:00,1.0882163504806694
2025-04-09 19:15:00,1.0882163504806694
2025-04-09 19:30:00,1.0882163504806694
2025-04-09 19:45:00,1.0882163504806694
2025-04-10 13:30:00,1.0882163504806694
2025-04-10 13:45:00,1.0882163504806694
2025-04-10 14:00:00,1.0882163504806694
2025-04-10 14:15:00,1.0882163504806694
2025-04-10 14:30:00,1.0882163504806694
2025-04-10 14:45:00,1.0882163504806694
2025-04-10 15:00:00,1.0882163504806694
2025-04-10 15:15:00,1.0882163504806694
2025-04-10 15:30:00,1.0882163504806694
2025-04-10 15:45:00,1.0882163504806694
2025-04-10 16:00:00,1.0882163504806694
2025-04-10 16:15:00,1.0882163504806694
2025-04-10 16:30:00,1.0882163504806694
2025-04-10 16:45:00,1.0882163504806694
2025-04-10 17:00:00,1.0882163504806694
2025-04-10 17:15:00,1.0882163504806694
2025-04-10 17:30:00,1.0882163504806694
2025-04-10 17:45:00,1.0882163504806694
2025-04-10 18:00:00,1.0882163504806694
2025-04-10 18:15:00,1.0882163504806694
2025-04-10 18:30:00,1.0882163504806694
2025-04-10 18:45:00,1.0882163504806694
2025-04-10 19:00:00,1.0882163504806694
2025-04-10 19:15:00,1.0882163504806694
2025-04-10 19:30:00,1.0882163504806694
2025-04-10 19:45:00,1.0882163504806694
2025-04-11 13:30:00,1.0882163504806694
2025-04-11 13:45:00,1.0882163504806694
2025-04-11 14:00:00,1.0882163504806694
2025-04-11 14:15:00,1.0882163504806694
2025-04-11 14:30:00,1.0882163504806694
2025-04-11 14:45:00,1.0882163504806694
2025-04-11 15:00:00,1.0882163504806694
2025-04-11 15:15:00,1.0882163504806694
2025-04-11 15:30:00,1.0882163504806694
2025-04-11 15:45:00,1.0882163504806694
2025-04-11 16:00:00,1.0882163504806694
2025-04-11 16:15:00,1.0882163504806694
2025-04-11 16:30:00,1.0882163504806694
2025-04-11 16:45:00,1.0882163504806694
2025-04-11 17:00:00,1.0882163504806694
2025-04-11 17:15:00,1.0882163504806694
2025-04-11 17:30:00,1.1641022315685836
2025-04-11 17:45:00,1.1641022315685836
2025-04-11 18:00:00,1.1641022315685836
2025-04-11 18:15:00,1.1641022315685836
2025-04-11 18:30:00,1.1641022315685836
2025-04-11 18:45:00,1.1641022315685836
2025-04-11 19:00:00,1.1641022315685836
2025-04-11 19:15:00,1.1641022315685836
2025-04-11 19:30:00,1.1641022315685836
2025-04-11 19:45:00,1.1641022315685836
2025-04-14 13:30:00,1.1641022315685836
2025-04-14 13:45:00,1.1641022315685836
2025-04-14 14:00:00,1.1641022315685836
2025-04-14 14:15:00,1.1641022315685836
2025-04-14 14:30:00,1.1641022315685836
2025-04-14 14:45:00,1.1641022315685836
2025-04-14 15:00:00,1.1641022315685836
2025-04-14 15:15:00,1.1641022315685836
2025-04-14 15:30:00,1.1641022315685836
2025-04-14 15:45:00,1.1641022315685836
2025-04-14 16:00:00,1.1641022315685836
2025-04-14 16:15:00,1.1641022315685836
2025-04-14 16:30:00,1.1641022315685836
2025-04-14 16:45:00,1.1641022315685836
2025-04-14 17:00:00,1.1641022315685836
2025-04-14 17:15:00,1.1641022315685836
2025-04-14 17:30:00,1.2072086705716873
2025-04-14 17:45:00,1.2072086705716873
2025-04-14 18:00:00,1.2072086705716873
2025-04-14 18:15:00,1.2072086705716873
2025-04-14 18:30:00,1.2072086705716873
2025-04-14 19:00:00,1.2072086705716873
2025-04-14 19:15:00,1.2072086705716873
2025-04-14 19:30:00,1.2072086705716873
2025-04-14 19:45:00,1.2072086705716873
2025-04-15 13:30:00,1.2072086705716873
2025-04-15 13:45:00,1.2072086705716873
2025-04-15 14:00:00,1.2072086705716873
2025-04-15 14:15:00,1.2072086705716873
2025-04-15 14:30:00,1.2072086705716873
2025-04-15 14:45:00,1.2072086705716873
2025-04-15 15:00:00,1.2072086705716873
2025-04-15 15:15:00,1.2072086705716873
2025-04-15 15:30:00,1.2072086705716873
2025-04-15 15:45:00,1.2072086705716873
2025-04-15 16:00:00,1.2072086705716873
2025-04-15 16:15:00,1.2072086705716873
2025-04-15 16:30:00,1.2072086705716873
2025-04-15 16:45:00,1.2072086705716873
2025-04-15 17:00:00,1.2072086705716873
2025-04-15 17:15:00,1.2072086705716873
2025-04-15 17:30:00,1.2116642576597587
2025-04-15 17:45:00,1.2116642576597587
2025-04-15 18:00:00,1.2116642576597587
2025-04-15 18:15:00,1.2116642576597587
2025-04-15 18:30:00,1.2116642576597587
2025-04-15 18:45:00,1.2116642576597587
2025-04-15 19:00:00,1.2116642576597587
2025-04-15 19:15:00,1.2116642576597587
2025-04-15 19:30:00,1.2116642576597587
2025-04-15 19:45:00,1.2116642576597587
2025-04-16 13:30:00,1.2116642576597587
2025-04-16 13:45:00,1.2116642576597587
2025-04-16 14:00:00,1.2116642576597587
2025-04-16 14:15:00,1.2116642576597587
2025-04-16 14:30:00,1.2116642576597587
2025-04-16 14:45:00,1.2116642576597587
2025-04-16 15:00:00,1.2116642576597587
2025-04-16 15:15:00,1.2116642576597587
2025-04-16 15:30:00,1.2116642576597587
2025-04-16 15:45:00,1.2116642576597587
2025-04-16 16:00:00,1.2116642576597587
2025-04-16 16:15:00,1.2116642576597587
2025-04-16 16:30:00,1.2116642576597587
2025-04-16 16:45:00,1.2116642576597587
2025-04-16 17:00:00,1.2116642576597587
2025-04-16 17:15:00,1.2116642576597587
2025-04-16 17:30:00,1.1968513627977657
2025-04-16 17:45:00,1.1968513627977657
2025-04-16 18:00:00,1.1968513627977657
2025-04-16 18:15:00,1.1968513627977657
2025-04-16 18:30:00,1.1968513627977657
2025-04-16 18:45:00,1.1968513627977657
2025-04-16 19:00:00,1.1968513627977657
2025-04-16 19:15:00,1.1968513627977657
2025-04-16 19:30:00,1.1968513627977657
2025-04-16 19:45:00,1.1968513627977657
2025-04-17 13:30:00,1.1968513627977657
2025-04-17 13:45:00,1.1968513627977657
2025-04-17 14:00:00,1.1968513627977657
2025-04-17 14:15:00,1.1968513627977657
2025-04-17 14:30:00,1.1968513627977657
2025-04-17 14:45:00,1.1968513627977657
2025-04-17 15:00:00,1.1968513627977657
2025-04-17 15:15:00,1.1968513627977657
2025-04-17 15:30:00,1.1968513627977657
2025-04-17 15:45:00,1.1968513627977657
2025-04-17 16:00:00,1.1968513627977657
2025-04-17 16:15:00,1.1968513627977657
2025-04-17 16:30:00,1.1968513627977657
2025-04-17 16:45:00,1.1968513627977657
2025-04-17 17:00:00,1.1968513627977657
2025-04-17 17:15:00,1.1968513627977657
2025-04-17 17:30:00,1.1968513627977657
2025-04-17 17:45:00,1.1968513627977657
2025-04-17 18:00:00,1.1968513627977657
2025-04-17 18:15:00,1.1968513627977657
2025-04-17 18:30:00,1.1968513627977657
2025-04-17 18:45:00,1.1968513627977657
2025-04-17 19:00:00,1.1968513627977657
2025-04-17 19:15:00,1.1968513627977657
2025-04-17 19:30:00,1.1968513627977657
2025-04-17 19:45:00,1.1968513627977657
2025-04-21 13:30:00,1.1968513627977657
2025-04-21 13:45:00,1.1968513627977657
2025-04-21 14:00:00,1.1968513627977657
2025-04-21 14:15:00,1.1968513627977657
2025-04-21 14:30:00,1.1968513627977657
2025-04-21 14:45:00,1.1968513627977657
2025-04-21 15:00:00,1.1968513627977657
2025-04-21 15:15:00,1.1968513627977657
2025-04-21 15:30:00,1.1968513627977657
2025-04-21 15:45:00,1.1968513627977657
2025-04-21 16:00:00,1.1968513627977657
2025-04-21 16:15:00,1.1968513627977657
2025-04-21 16:30:00,1.1968513627977657
2025-04-21 16:45:00,1.1968513627977657
2025-04-21 17:00:00,1.1968513627977657
2025-04-21 17:15:00,1.1968513627977657
2025-04-21 17:30:00,1.1802856245860667
2025-04-21 17:45:00,1.1802856245860667
2025-04-21 18:00:00,1.1802856245860667
2025-04-21 18:15:00,1.1802856245860667
2025-04-21 18:30:00,1.1802856245860667
2025-04-21 18:45:00,1.1802856245860667
2025-04-21 19:00:00,1.1802856245860667
2025-04-21 19:15:00,1.1802856245860667
2025-04-21 19:30:00,1.1802856245860667
2025-04-21 19:45:00,1.1802856245860667
2025-04-22 13:30:00,1.1802856245860667
2025-04-22 13:45:00,1.1802856245860667
2025-04-22 14:00:00,1.1802856245860667
2025-04-22 14:30:00,1.1802856245860667
2025-04-22 14:45:00,1.1802856245860667
2025-04-22 15:00:00,1.1802856245860667
2025-04-22 15:15:00,1.1802856245860667
2025-04-22 15:30:00,1.1802856245860667
2025-04-22 15:45:00,1.1802856245860667
2025-04-22 16:00:00,1.1802856245860667
2025-04-22 16:15:00,1.1802856245860667
2025-04-22 16:30:00,1.1802856245860667
2025-04-22 16:45:00,1.1802856245860667
2025-04-22 17:00:00,1.1802856245860667
2025-04-22 17:15:00,1.1802856245860667
2025-04-22 17:30:00,1.1802856245860667
2025-04-22 17:45:00,1.1672998828882122
2025-04-22 18:00:00,1.1672998828882122
2025-04-22 18:15:00,1.1672998828882122
2025-04-22 18:30:00,1.1672998828882122
2025-04-22 18:45:00,1.1672998828882122
2025-04-22 19:00:00,1.1672998828882122
2025-04-22 19:15:00,1.1672998828882122
2025-04-22 19:30:00,1.1672998828882122
2025-04-22 19:45:00,1.1672998828882122
2025-04-23 13:30:00,1.1672998828882122
2025-04-23 13:45:00,1.1672998828882122
2025-04-23 14:00:00,1.1672998828882122
2025-04-23 14:15:00,1.1672998828882122
2025-04-23 14:30:00,1.1672998828882122
2025-04-23 14:45:00,1.1672998828882122
2025-04-23 15:00:00,1.1672998828882122
2025-04-23 15:15:00,1.1672998828882122
2025-04-23 15:30:00,1.1672998828882122
2025-04-23 15:45:00,1.1672998828882122
2025-04-23 16:00:00,1.1672998828882122
2025-04-23 16:15:00,1.1672998828882122
2025-04-23 16:30:00,1.1672998828882122
2025-04-23 16:45:00,1.1672998828882122
2025-04-23 17:00:00,1.1672998828882122
2025-04-23 17:15:00,1.1672998828882122
2025-04-23 17:30:00,1.1750288346892017
2025-04-23 17:45:00,1.1750288346892017
2025-04-23 18:00:00,1.1750288346892017
2025-04-23 18:15:00,1.1750288346892017
2025-04-23 18:30:00,1.1750288346892017
2025-04-23 18:45:00,1.1750288346892017
2025-04-23 19:00:00,1.1750288346892017
2025-04-23 19:15:00,1.1750288346892017
2025-04-23 19:30:00,1.1750288346892017
2025-04-23 19:45:00,1.1750288346892017
2025-04-24 13:30:00,1.1750288346892017
2025-04-24 13:45:00,1.1750288346892017
2025-04-24 14:00:00,1.1750288346892017
2025-04-24 14:15:00,1.1750288346892017
2025-04-24 14:30:00,1.1750288346892017
2025-04-24 14:45:00,1.1750288346892017
2025-04-24 15:00:00,1.1750288346892017
2025-04-24 15:15:00,1.1750288346892017
2025-04-24 15:30:00,1.1750288346892017
2025-04-24 15:45:00,1.1750288346892017
2025-04-24 16:00:00,1.1750288346892017
2025-04-24 16:15:00,1.1750288346892017
2025-04-24 16:30:00,1.1750288346892017
2025-04-24 16:45:00,1.1750288346892017
2025-04-24 17:00:00,1.1750288346892017
2025-04-24 17:15:00,1.1750288346892017
2025-04-24 17:30:00,1.1750288346892017
2025-04-24 17:45:00,1.1750288346892017
2025-04-24 18:00:00,1.1750288346892017
2025-04-24 18:15:00,1.1750288346892017
2025-04-24 18:30:00,1.1750288346892017
2025-04-24 18:45:00,1.1750288346892017
2025-04-24 19:00:00,1.1750288346892017
2025-04-24 19:15:00,1.1750288346892017
2025-04-24 19:30:00,1.1750288346892017
2025-04-24 19:45:00,1.1750288346892017
2025-04-25 13:30:00,1.1750288346892017
2025-04-25 13:45:00,1.1750288346892017
2025-04-25 14:00:00,1.1750288346892017
2025-04-25 14:15:00,1.1750288346892017
2025-04-25 14:30:00,1.1750288346892017
2025-04-25 14:45:00,1.1750288346892017
2025-04-25 15:00:00,1.1750288346892017
2025-04-25 15:15:00,1.1750288346892017
2025-04-25 15:30:00,1.1750288346892017
2025-04-25 15:45:00,1.1750288346892017
2025-04-25 16:00:00,1.1750288346892017
2025-04-25 16:15:00,1.1750288346892017
2025-04-25 16:30:00,1.1750288346892017
2025-04-25 16:45:00,1.1750288346892017
2025-04-25 17:00:00,1.1750288346892017
2025-04-25 17:15:00,1.1750288346892017
2025-04-25 17:30:00,1.1750288346892017
2025-04-25 17:45:00,1.1750288346892017
2025-04-25 18:00:00,1.1750288346892017
2025-04-25 18:15:00,1.1750288346892017
2025-04-25 18:30:00,1.1750288346892017
2025-04-25 18:45:00,1.1750288346892017
2025-04-25 19:00:00,1.1750288346892017
2025-04-25 19:15:00,1.1750288346892017
2025-04-25 19:30:00,1.1750288346892017
2025-04-25 19:45:00,1.1750288346892017
2025-04-28 13:30:00,1.1750288346892017
2025-04-28 13:45:00,1.1750288346892017
2025-04-28 14:00:00,1.1750288346892017
2025-04-28 14:15:00,1.1750288346892017
2025-04-28 14:30:00,1.1750288346892017
2025-04-28 14:45:00,1.1750288346892017
2025-04-28 15:00:00,1.1750288346892017
2025-04-28 15:15:00,1.1750288346892017
2025-04-28 15:30:00,1.1750288346892017
2025-04-28 15:45:00,1.1750288346892017
2025-04-28 16:00:00,1.1750288346892017
2025-04-28 16:15:00,1.1750288346892017
2025-04-28 16:30:00,1.1750288346892017
2025-04-28 16:45:00,1.1750288346892017
2025-04-28 17:00:00,1.1750288346892017
2025-04-28 17:15:00,1.1750288346892017
2025-04-28 17:30:00,1.1808472006058763
2025-04-28 17:45:00,1.1808472006058763
2025-04-28 18:00:00,1.1808472006058763
2025-04-28 18:15:00,1.1808472006058763
2025-04-28 18:30:00,1.1808472006058763
2025-04-28 18:45:00,1.1808472006058763
2025-04-28 19:00:00,1.1808472006058763
2025-04-28 19:15:00,1.1808472006058763
2025-04-28 19:30:00,1.1808472006058763
2025-04-28 19:45:00,1.1808472006058763
2025-04-29 13:30:00,1.1808472006058763
2025-04-29 13:45:00,1.1808472006058763
2025-04-29 14:00:00,1.1808472006058763
2025-04-29 14:15:00,1.1808472006058763
2025-04-29 14:30:00,1.1808472006058763
2025-04-29 14:45:00,1.1808472006058763
2025-04-29 15:00:00,1.1808472006058763
2025-04-29 15:15:00,1.1808472006058763
2025-04-29 15:30:00,1.1808472006058763
2025-04-29 15:45:00,1.1808472006058763
2025-04-29 16:00:00,1.1808472006058763
2025-04-29 16:15:00,1.1808472006058763
2025-04-29 16:30:00,1.1808472006058763
2025-04-29 16:45:00,1.1808472006058763
2025-04-29 17:00:00,1.1808472006058763
2025-04-29 17:15:00,1.1808472006058763
2025-04-29 17:30:00,1.1929673888337693
2025-04-29 17:45:00,1.1929673888337693
2025-04-29 18:00:00,1.1929673888337693
2025-04-29 18:15:00,1.1929673888337693
2025-04-29 18:30:00,1.1929673888337693
2025-04-29 18:45:00,1.1929673888337693
2025-04-29 19:00:00,1.1929673888337693
2025-04-29 19:15:00,1.1929673888337693
2025-04-29 19:30:00,1.1929673888337693
2025-04-29 19:45:00,1.1929673888337693
2025-04-30 13:30:00,1.1929673888337693
2025-04-30 13:45:00,1.1929673888337693
2025-04-30 14:00:00,1.1929673888337693
2025-04-30 14:15:00,1.1929673888337693
2025-04-30 14:30:00,1.1929673888337693
2025-04-30 14:45:00,1.1929673888337693
2025-04-30 15:00:00,1.1929673888337693
2025-04-30 15:15:00,1.1929673888337693
2025-04-30 15:30:00,1.200548118060472
2025-04-30 16:15:00,1.200548118060472
2025-04-30 16:30:00,1.200548118060472
2025-04-30 16:45:00,1.200548118060472
2025-04-30 17:00:00,1.200548118060472
2025-04-30 17:15:00,1.200548118060472
2025-04-30 17:30:00,1.200548118060472
2025-04-30 17:45:00,1.200548118060472
2025-04-30 18:00:00,1.200548118060472
2025-04-30 18:15:00,1.200548118060472
2025-04-30 18:30:00,1.200548118060472
2025-04-30 18:45:00,1.200548118060472
2025-04-30 19:00:00,1.200548118060472
2025-04-30 19:15:00,1.200548118060472
2025-04-30 19:30:00,1.200548118060472
2025-04-30 19:45:00,1.200548118060472
2025-05-01 13:30:00,1.200548118060472
2025-05-01 13:45:00,1.200548118060472
2025-05-01 14:00:00,1.200548118060472
2025-05-01 14:15:00,1.200548118060472
2025-05-01 14:30:00,1.200548118060472
2025-05-01 14:45:00,1.200548118060472
2025-05-01 15:00:00,1.200548118060472
2025-05-01 15:15:00,1.200548118060472
2025-05-01 15:30:00,1.200548118060472
2025-05-01 15:45:00,1.200548118060472
2025-05-01 16:00:00,1.200548118060472
2025-05-01 16:15:00,1.200548118060472
2025-05-01 16:30:00,1.200548118060472
2025-05-01 16:45:00,1.200548118060472
2025-05-01 17:00:00,1.200548118060472
2025-05-01 17:15:00,1.200548118060472
2025-05-01 17:30:00,1.2188714551511732
2025-05-01 17:45:00,1.2188714551511732
2025-05-01 18:00:00,1.2188714551511732
2025-05-01 18:15:00,1.2188714551511732
2025-05-01 18:30:00,1.2188714551511732
2025-05-01 18:45:00,1.2188714551511732
2025-05-01 19:00:00,1.2188714551511732
2025-05-01 19:15:00,1.2188714551511732
2025-05-01 19:30:00,1.2188714551511732
2025-05-01 19:45:00,1.2188714551511732
2025-05-02 13:30:00,1.2188714551511732
2025-05-02 13:45:00,1.2188714551511732
2025-05-02 14:00:00,1.2188714551511732
2025-05-02 14:15:00,1.2188714551511732
2025-05-02 14:30:00,1.2188714551511732
2025-05-02 14:45:00,1.2188714551511732
2025-05-02 15:00:00,1.2188714551511732
2025-05-02 15:15:00,1.2188714551511732
2025-05-02 15:30:00,1.2188714551511732
2025-05-02 15:45:00,1.2188714551511732
2025-05-02 16:00:00,1.2188714551511732
2025-05-02 16:15:00,1.2188714551511732
2025-05-02 16:30:00,1.2188714551511732
2025-05-02 16:45:00,1.2188714551511732
2025-05-02 17:00:00,1.2188714551511732
2025-05-02 17:15:00,1.2188714551511732
2025-05-02 17:30:00,1.2150360524695023
2025-05-02 17:45:00,1.2150360524695023
2025-05-02 18:00:00,1.2150360524695023
2025-05-02 18:15:00,1.2150360524695023
2025-05-02 18:30:00,1.2150360524695023
2025-05-02 18:45:00,1.2150360524695023
2025-05-02 19:00:00,1.2150360524695023
2025-05-02 19:15:00,1.2150360524695023
2025-05-02 19:30:00,1.2150360524695023
2025-05-02 19:45:00,1.2150360524695023
2025-05-05 13:30:00,1.2150360524695023
2025-05-05 13:45:00,1.2150360524695023
2025-05-05 14:00:00,1.2150360524695023
2025-05-05 14:15:00,1.2150360524695023
2025-05-05 14:30:00,1.2150360524695023
2025-05-05 14:45:00,1.2150360524695023
2025-05-05 15:00:00,1.2150360524695023
2025-05-05 15:15:00,1.2150360524695023
2025-05-05 15:30:00,1.2150360524695023
2025-05-05 15:45:00,1.2150360524695023
2025-05-05 16:00:00,1.2150360524695023
2025-05-05 16:15:00,1.2150360524695023
2025-05-05 16:30:00,1.2150360524695023
2025-05-05 16:45:00,1.2150360524695023
2025-05-05 17:00:00,1.2150360524695023
2025-05-05 17:15:00,1.2150360524695023
2025-05-05 17:30:00,1.1987358166869058
2025-05-05 17:45:00,1.1987358166869058
2025-05-05 18:00:00,1.1987358166869058
2025-05-05 18:15:00,1.1987358166869058
2025-05-05 18:30:00,1.1987358166869058
2025-05-05 18:45:00,1.1987358166869058
2025-05-05 19:00:00,1.1987358166869058
2025-05-05 19:15:00,1.1987358166869058
2025-05-05 19:30:00,1.1987358166869058
2025-05-05 19:45:00,1.1987358166869058
2025-05-06 13:30:00,1.1987358166869058
2025-05-06 13:45:00,1.1987358166869058
2025-05-06 14:00:00,1.1987358166869058
2025-05-06 14:15:00,1.1987358166869058
2025-05-06 14:30:00,1.1987358166869058
2025-05-06 14:45:00,1.1987358166869058
2025-05-06 15:00:00,1.1987358166869058
2025-05-06 15:15:00,1.1987358166869058
2025-05-06 15:30:00,1.1987358166869058
2025-05-06 15:45:00,1.1987358166869058
2025-05-06 16:00:00,1.1987358166869058
2025-05-06 16:15:00,1.1987358166869058
2025-05-06 16:30:00,1.1987358166869058
2025-05-06 16:45:00,1.1987358166869058
2025-05-06 17:00:00,1.1987358166869058
2025-05-06 17:15:00,1.1987358166869058
2025-05-06 17:30:00,1.2023963096539498
2025-05-06 17:45:00,1.2023963096539498
2025-05-06 18:00:00,1.2023963096539498
2025-05-06 18:15:00,1.2023963096539498
2025-05-06 18:30:00,1.2023963096539498
2025-05-06 18:45:00,1.2023963096539498
2025-05-06 19:00:00,1.2023963096539498
2025-05-06 19:15:00,1.2023963096539498
2025-05-06 19:30:00,1.2023963096539498
2025-05-06 19:45:00,1.2023963096539498
2025-05-07 13:30:00,1.2023963096539498
2025-05-07 13:45:00,1.2023963096539498
2025-05-07 14:00:00,1.2023963096539498
2025-05-07 14:15:00,1.2023963096539498
2025-05-07 14:30:00,1.2023963096539498
2025-05-07 14:45:00,1.2023963096539498
2025-05-07 15:00:00,1.2023963096539498
2025-05-07 15:15:00,1.2023963096539498
2025-05-07 15:30:00,1.2023963096539498
2025-05-07 15:45:00,1.2023963096539498
2025-05-07 16:00:00,1.2023963096539498
2025-05-07 16:15:00,1.2023963096539498
2025-05-07 16:30:00,1.2023963096539498
2025-05-07 16:45:00,1.2023963096539498
2025-05-07 17:00:00,1.2023963096539498
2025-05-07 17:15:00,1.2023963096539498
2025-05-07 17:30:00,1.2023963096539498
2025-05-07 17:45:00,1.2023963096539498
2025-05-07 18:00:00,1.2023963096539498
2025-05-07 18:15:00,1.2023963096539498
2025-05-07 18:30:00,1.2023963096539498
2025-05-07 18:45:00,1.2023963096539498
2025-05-07 19:00:00,1.2023963096539498
2025-05-07 19:15:00,1.2023963096539498
2025-05-07 19:30:00,1.2023963096539498
2025-05-07 19:45:00,1.2023963096539498
2025-05-08 13:30:00,1.2023963096539498
2025-05-08 13:45:00,1.2023963096539498
2025-05-08 14:00:00,1.2023963096539498
2025-05-08 14:15:00,1.2023963096539498
2025-05-08 14:30:00,1.2097378161815067
2025-05-08 15:30:00,1.2097378161815067
2025-05-08 15:45:00,1.2097378161815067
2025-05-08 16:30:00,1.2097378161815067
2025-05-08 16:45:00,1.2097378161815067
2025-05-08 17:00:00,1.2097378161815067
2025-05-08 17:15:00,1.2097378161815067
2025-05-08 17:30:00,1.2097378161815067
2025-05-08 17:45:00,1.2097378161815067
2025-05-08 18:00:00,1.2097378161815067
2025-05-08 18:15:00,1.2097378161815067
2025-05-08 18:30:00,1.2097378161815067
2025-05-08 18:45:00,1.2097378161815067
2025-05-08 19:00:00,1.2097378161815067
2025-05-08 19:15:00,1.2097378161815067
2025-05-08 19:30:00,1.2097378161815067
2025-05-08 19:45:00,1.2097378161815067
2025-05-09 13:30:00,1.2097378161815067
2025-05-09 13:45:00,1.2097378161815067
2025-05-09 14:00:00,1.2097378161815067
2025-05-09 14:15:00,1.2097378161815067
2025-05-09 14:30:00,1.2097378161815067
2025-05-09 14:45:00,1.2097378161815067
2025-05-09 15:00:00,1.2097378161815067
2025-05-09 15:15:00,1.2097378161815067
2025-05-09 15:30:00,1.2097378161815067
2025-05-09 15:45:00,1.2097378161815067
2025-05-09 16:00:00,1.2097378161815067
2025-05-09 16:15:00,1.2097378161815067
2025-05-09 16:30:00,1.2097378161815067
2025-05-09 16:45:00,1.2097378161815067
2025-05-09 17:00:00,1.2097378161815067
2025-05-09 17:15:00,1.2097378161815067
2025-05-09 17:30:00,1.2130598708989317
2025-05-09 17:45:00,1.2130598708989317
2025-05-09 18:00:00,1.2130598708989317
2025-05-09 18:15:00,1.2130598708989317
2025-05-09 18:30:00,1.2130598708989317
2025-05-09 18:45:00,1.2130598708989317
2025-05-09 19:00:00,1.2130598708989317
2025-05-09 19:15:00,1.2130598708989317
2025-05-09 19:30:00,1.2130598708989317
2025-05-09 19:45:00,1.2130598708989317
2025-05-12 13:30:00,1.2130598708989317
2025-05-12 13:45:00,1.2130598708989317
2025-05-12 14:00:00,1.2130598708989317
2025-05-12 14:15:00,1.2130598708989317
2025-05-12 14:30:00,1.2130598708989317
2025-05-12 14:45:00,1.2130598708989317
2025-05-12 15:00:00,1.2130598708989317
2025-05-12 15:15:00,1.2130598708989317
2025-05-12 15:30:00,1.2130598708989317
2025-05-12 15:45:00,1.2130598708989317
2025-05-12 16:00:00,1.2130598708989317
2025-05-12 16:15:00,1.2130598708989317
2025-05-12 16:30:00,1.2130598708989317
2025-05-12 16:45:00,1.2130598708989317
2025-05-12 17:00:00,1.2130598708989317
2025-05-12 17:15:00,1.2130598708989317
2025-05-12 17:30:00,1.2173413672943072
2025-05-12 17:45:00,1.2173413672943072
2025-05-12 18:00:00,1.2173413672943072
2025-05-12 19:00:00,1.2173413672943072
2025-05-12 19:15:00,1.2173413672943072
2025-05-12 19:30:00,1.2173413672943072
2025-05-12 19:45:00,1.2173413672943072
2025-05-13 13:30:00,1.2173413672943072
2025-05-13 13:45:00,1.2173413672943072
2025-05-13 14:00:00,1.2173413672943072
2025-05-13 14:15:00,1.2173413672943072
2025-05-13 14:30:00,1.2173413672943072
2025-05-13 14:45:00,1.2173413672943072
2025-05-13 15:00:00,1.2173413672943072
2025-05-13 15:15:00,1.2173413672943072
2025-05-13 15:30:00,1.2173413672943072
2025-05-13 15:45:00,1.2173413672943072
2025-05-13 16:00:00,1.2173413672943072
2025-05-13 16:15:00,1.2173413672943072
2025-05-13 16:30:00,1.2173413672943072
2025-05-13 16:45:00,1.2173413672943072
2025-05-13 17:00:00,1.2173413672943072
2025-05-13 17:15:00,1.2173413672943072
2025-05-13 18:00:00,1.2173413672943072
2025-05-13 18:15:00,1.2173413672943072
2025-05-13 18:30:00,1.2173413672943072
2025-05-13 18:45:00,1.2173413672943072
2025-05-13 19:00:00,1.2173413672943072
2025-05-13 19:15:00,1.2173413672943072
2025-05-13 19:30:00,1.2173413672943072
2025-05-13 19:45:00,1.2173413672943072
2025-05-14 13:30:00,1.2173413672943072
2025-05-14 13:45:00,1.2173413672943072
2025-05-14 14:00:00,1.2173413672943072
2025-05-14 14:15:00,1.2173413672943072
2025-05-14 14:30:00,1.2173413672943072
2025-05-14 14:45:00,1.2173413672943072
2025-05-14 15:00:00,1.2173413672943072
2025-05-14 15:15:00,1.2173413672943072
2025-05-14 15:30:00,1.2173413672943072
2025-05-14 15:45:00,1.2173413672943072
2025-05-14 16:00:00,1.2173413672943072
2025-05-14 16:15:00,1.2173413672943072
2025-05-14 16:30:00,1.2173413672943072
2025-05-14 16:45:00,1.2173413672943072
2025-05-14 17:00:00,1.2173413672943072
2025-05-14 17:15:00,1.2173413672943072
2025-05-14 17:30:00,1.2173413672943072
2025-05-14 17:45:00,1.2173413672943072
2025-05-14 18:00:00,1.2173413672943072
2025-05-14 18:15:00,1.2173413672943072
2025-05-14 18:30:00,1.2173413672943072
2025-05-14 18:45:00,1.2173413672943072
2025-05-14 19:00:00,1.2173413672943072
2025-05-14 19:15:00,1.2173413672943072
2025-05-14 19:30:00,1.2173413672943072
2025-05-14 19:45:00,1.2173413672943072
2025-05-15 13:30:00,1.2173413672943072
2025-05-15 13:45:00,1.2173413672943072
2025-05-15 14:00:00,1.2173413672943072
2025-05-15 14:15:00,1.2173413672943072
2025-05-15 14:30:00,1.2173413672943072
2025-05-15 14:45:00,1.2173413672943072
2025-05-15 15:00:00,1.2173413672943072
2025-05-15 15:15:00,1.2173413672943072
2025-05-15 15:30:00,1.2173413672943072
2025-05-15 15:45:00,1.2173413672943072
2025-05-15 16:00:00,1.2173413672943072
2025-05-15 16:15:00,1.2173413672943072
2025-05-15 16:30:00,1.2173413672943072
2025-05-15 16:45:00,1.2173413672943072
2025-05-15 17:00:00,1.2173413672943072
2025-05-15 17:15:00,1.2173413672943072
2025-05-15 17:30:00,1.2224231090554822
2025-05-15 17:45:00,1.2224231090554822
2025-05-15 18:00:00,1.2224231090554822
2025-05-15 18:15:00,1.2224231090554822
2025-05-15 18:30:00,1.2224231090554822
2025-05-15 18:45:00,1.2224231090554822
2025-05-15 19:00:00,1.2224231090554822
2025-05-15 19:15:00,1.2224231090554822
2025-05-15 19:30:00,1.2224231090554822
2025-05-15 19:45:00,1.2224231090554822
2025-05-16 13:30:00,1.2224231090554822
2025-05-16 13:45:00,1.2224231090554822
2025-05-16 14:00:00,1.2224231090554822
2025-05-16 14:15:00,1.2224231090554822
2025-05-16 14:30:00,1.2224231090554822
2025-05-16 14:45:00,1.2224231090554822
2025-05-16 15:00:00,1.2224231090554822
2025-05-16 15:15:00,1.2224231090554822
2025-05-16 15:30:00,1.2224231090554822
2025-05-16 15:45:00,1.2224231090554822
2025-05-16 16:00:00,1.2224231090554822
2025-05-16 16:15:00,1.2224231090554822
2025-05-16 16:30:00,1.2224231090554822
2025-05-16 16:45:00,1.2224231090554822
2025-05-16 17:00:00,1.2224231090554822
2025-05-16 17:15:00,1.2224231090554822
2025-05-16 17:30:00,1.2294877993558178
2025-05-16 17:45:00,1.2294877993558178
2025-05-16 18:00:00,1.2294877993558178
2025-05-16 18:15:00,1.2294877993558178
2025-05-16 18:30:00,1.2294877993558178
2025-05-16 18:45:00,1.2294877993558178
2025-05-16 19:00:00,1.2294877993558178
2025-05-16 19:15:00,1.2294877993558178
2025-05-16 19:30:00,1.2294877993558178
2025-05-16 19:45:00,1.2294877993558178
2025-05-19 13:30:00,1.2294877993558178
2025-05-19 13:45:00,1.2294877993558178
2025-05-19 14:00:00,1.2294877993558178
2025-05-19 14:15:00,1.2294877993558178
2025-05-19 14:30:00,1.2294877993558178
2025-05-19 14:45:00,1.2294877993558178
2025-05-19 15:00:00,1.2294877993558178
2025-05-19 15:15:00,1.2294877993558178
2025-05-19 15:30:00,1.2294877993558178
2025-05-19 15:45:00,1.2294877993558178
2025-05-19 16:00:00,1.2294877993558178
2025-05-19 16:15:00,1.2294877993558178
2025-05-19 16:30:00,1.2294877993558178
2025-05-19 16:45:00,1.2294877993558178
2025-05-19 17:00:00,1.2294877993558178
2025-05-19 17:15:00,1.2294877993558178
2025-05-19 17:30:00,1.233713774159592
2025-05-19 17:45:00,1.233713774159592
2025-05-19 18:00:00,1.233713774159592
2025-05-19 18:15:00,1.233713774159592
2025-05-19 18:30:00,1.233713774159592
2025-05-19 18:45:00,1.233713774159592
2025-05-19 19:00:00,1.233713774159592
2025-05-19 19:15:00,1.233713774159592
2025-05-19 19:30:00,1.233713774159592
2025-05-19 19:45:00,1.233713774159592
2025-05-20 13:30:00,1.233713774159592
2025-05-20 13:45:00,1.233713774159592
2025-05-20 14:00:00,1.233713774159592
2025-05-20 14:15:00,1.233713774159592
2025-05-20 14:30:00,1.233713774159592
2025-05-20 14:45:00,1.233713774159592
2025-05-20 15:00:00,1.233713774159592
2025-05-20 15:15:00,1.233713774159592
2025-05-20 15:30:00,1.233713774159592
2025-05-20 15:45:00,1.233713774159592
2025-05-20 16:00:00,1.233713774159592
2025-05-20 16:15:00,1.233713774159592
2025-05-20 16:30:00,1.233713774159592
2025-05-20 16:45:00,1.233713774159592
2025-05-20 17:00:00,1.233713774159592
2025-05-20 17:15:00,1.233713774159592
2025-05-20 17:30:00,1.2273389883814116
2025-05-20 17:45:00,1.2273389883814116
2025-05-20 18:00:00,1.2273389883814116
2025-05-20 18:15:00,1.2273389883814116
2025-05-20 18:30:00,1.2273389883814116
2025-05-20 18:45:00,1.2273389883814116
2025-05-20 19:00:00,1.2273389883814116
2025-05-20 19:15:00,1.2273389883814116
2025-05-20 19:30:00,1.2273389883814116
2025-05-20 19:45:00,1.2273389883814116
2025-05-21 13:30:00,1.2273389883814116
2025-05-21 13:45:00,1.2273389883814116
2025-05-21 14:00:00,1.2273389883814116
2025-05-21 14:15:00,1.2273389883814116
2025-05-21 14:30:00,1.2273389883814116
2025-05-21 14:45:00,1.2273389883814116
2025-05-21 15:00:00,1.2273389883814116
2025-05-21 15:15:00,1.2273389883814116
2025-05-21 15:30:00,1.2273389883814116
2025-05-21 15:45:00,1.2273389883814116
2025-05-21 16:00:00,1.2273389883814116
2025-05-21 16:15:00,1.2273389883814116
2025-05-21 16:30:00,1.2273389883814116
2025-05-21 16:45:00,1.2273389883814116
2025-05-21 17:00:00,1.2273389883814116
2025-05-21 17:15:00,1.2273389883814116
2025-05-21 17:30:00,1.212858877461545
2025-05-21 17:45:00,1.212858877461545
2025-05-21 18:00:00,1.212858877461545
2025-05-21 18:15:00,1.212858877461545
2025-05-21 18:30:00,1.212858877461545
2025-05-21 18:45:00,1.212858877461545
2025-05-21 19:00:00,1.212858877461545
2025-05-21 19:15:00,1.212858877461545
2025-05-21 19:30:00,1.212858877461545
2025-05-21 19:45:00,1.212858877461545
2025-05-22 13:30:00,1.212858877461545
2025-05-22 13:45:00,1.212858877461545
2025-05-22 14:00:00,1.212858877461545
2025-05-22 14:15:00,1.212858877461545
2025-05-22 14:30:00,1.212858877461545
2025-05-22 14:45:00,1.212858877461545
2025-05-22 15:00:00,1.212858877461545
2025-05-22 15:15:00,1.212858877461545
2025-05-22 15:30:00,1.212858877461545
2025-05-22 15:45:00,1.212858877461545
2025-05-22 16:00:00,1.212858877461545
2025-05-22 16:15:00,1.212858877461545
2025-05-22 16:30:00,1.212858877461545
2025-05-22 16:45:00,1.212858877461545
2025-05-22 17:00:00,1.212858877461545
2025-05-22 17:15:00,1.212858877461545
2025-05-22 17:30:00,1.2209398295847949
2025-05-22 17:45:00,1.2209398295847949
2025-05-22 18:00:00,1.2209398295847949
2025-05-22 18:15:00,1.2209398295847949
2025-05-22 18:30:00,1.2209398295847949
2025-05-22 18:45:00,1.2209398295847949
2025-05-22 19:00:00,1.2209398295847949
2025-05-22 19:15:00,1.2209398295847949
2025-05-22 19:30:00,1.2209398295847949
2025-05-22 19:45:00,1.2209398295847949
2025-05-23 13:30:00,1.2209398295847949
2025-05-23 13:45:00,1.2209398295847949
2025-05-23 14:00:00,1.2209398295847949
2025-05-23 14:15:00,1.2209398295847949
2025-05-23 14:30:00,1.2209398295847949
2025-05-23 14:45:00,1.2209398295847949
2025-05-23 15:00:00,1.2209398295847949
2025-05-23 15:15:00,1.2209398295847949
2025-05-23 15:30:00,1.2209398295847949
2025-05-23 15:45:00,1.2209398295847949
2025-05-23 16:00:00,1.2209398295847949
2025-05-23 16:15:00,1.2209398295847949
2025-05-23 16:30:00,1.2209398295847949
2025-05-23 16:45:00,1.2209398295847949
2025-05-23 17:00:00,1.2209398295847949
2025-05-23 17:15:00,1.2209398295847949
2025-05-23 17:30:00,1.2344628114301852
2025-05-23 17:45:00,1.2344628114301852
2025-05-23 18:00:00,1.2344628114301852
2025-05-23 18:15:00,1.2344628114301852
2025-05-23 18:30:00,1.2344628114301852
2025-05-23 18:45:00,1.2344628114301852
2025-05-23 19:00:00,1.2344628114301852
2025-05-23 19:15:00,1.2344628114301852
2025-05-23 19:30:00,1.2344628114301852
2025-05-23 19:45:00,1.2344628114301852
2025-05-27 13:30:00,1.2344628114301852
2025-05-27 13:45:00,1.2344628114301852
2025-05-27 14:00:00,1.2344628114301852
2025-05-27 14:15:00,1.2344628114301852
2025-05-27 14:30:00,1.2344628114301852
2025-05-27 14:45:00,1.2344628114301852
2025-05-27 15:00:00,1.2344628114301852
2025-05-27 15:15:00,1.2344628114301852
2025-05-27 15:30:00,1.2344628114301852
2025-05-27 15:45:00,1.2344628114301852
2025-05-27 16:00:00,1.2344628114301852
2025-05-27 16:15:00,1.2344628114301852
2025-05-27 16:30:00,1.2344628114301852
2025-05-27 16:45:00,1.2344628114301852
2025-05-27 17:00:00,1.2344628114301852
2025-05-27 17:15:00,1.2344628114301852
2025-05-27 17:30:00,1.223878086676528
2025-05-27 17:45:00,1.223878086676528
2025-05-27 18:00:00,1.223878086676528
2025-05-27 18:15:00,1.223878086676528
2025-05-27 18:30:00,1.223878086676528
2025-05-27 18:45:00,1.223878086676528
2025-05-27 19:00:00,1.223878086676528
2025-05-27 19:15:00,1.223878086676528
2025-05-27 19:30:00,1.223878086676528
2025-05-27 19:45:00,1.223878086676528
2025-05-28 13:30:00,1.223878086676528
2025-05-28 13:45:00,1.223878086676528
2025-05-28 14:00:00,1.223878086676528
2025-05-28 14:15:00,1.223878086676528
2025-05-28 14:30:00,1.223878086676528
2025-05-28 14:45:00,1.223878086676528
2025-05-28 15:00:00,1.223878086676528
2025-05-28 15:15:00,1.223878086676528
2025-05-28 15:30:00,1.223878086676528
2025-05-28 15:45:00,1.223878086676528
2025-05-28 16:00:00,1.223878086676528
2025-05-28 16:15:00,1.223878086676528
2025-05-28 16:30:00,1.223878086676528
2025-05-28 16:45:00,1.223878086676528
2025-05-28 17:00:00,1.223878086676528
2025-05-28 17:15:00,1.223878086676528
2025-05-28 17:30:00,1.223878086676528
2025-05-28 17:45:00,1.223878086676528
2025-05-28 18:00:00,1.223878086676528
2025-05-28 18:15:00,1.223878086676528
2025-05-28 18:30:00,1.223878086676528
2025-05-28 18:45:00,1.223878086676528
2025-05-28 19:00:00,1.223878086676528
2025-05-28 19:15:00,1.223878086676528
2025-05-28 19:30:00,1.223878086676528
2025-05-28 19:45:00,1.223878086676528
2025-05-29 13:30:00,1.223878086676528
2025-05-29 13:45:00,1.223878086676528
2025-05-29 14:00:00,1.223878086676528
2025-05-29 14:15:00,1.223878086676528
2025-05-29 14:30:00,1.223878086676528
2025-05-29 14:45:00,1.223878086676528
2025-05-29 15:00:00,1.223878086676528
2025-05-29 15:15:00,1.223878086676528
2025-05-29 15:30:00,1.223878086676528
2025-05-29 15:45:00,1.223878086676528
2025-05-29 16:00:00,1.223878086676528
2025-05-29 16:15:00,1.223878086676528
2025-05-29 16:30:00,1.223878086676528
2025-05-29 16:45:00,1.223878086676528
2025-05-29 17:00:00,1.223878086676528
2025-05-29 17:15:00,1.223878086676528
2025-05-29 17:30:00,1.247037262481455
2025-05-29 17:45:00,1.247037262481455
2025-05-29 18:00:00,1.247037262481455
2025-05-29 18:15:00,1.247037262481455
2025-05-29 18:30:00,1.247037262481455
2025-05-29 18:45:00,1.247037262481455
2025-05-29 19:00:00,1.247037262481455
2025-05-29 19:15:00,1.247037262481455
2025-05-29 19:30:00,1.247037262481455
2025-05-29 19:45:00,1.247037262481455
2025-05-30 13:30:00,1.247037262481455
2025-05-30 13:45:00,1.247037262481455
2025-05-30 14:00:00,1.247037262481455
2025-05-30 14:15:00,1.247037262481455
2025-05-30 14:30:00,1.247037262481455
2025-05-30 14:45:00,1.247037262481455
2025-05-30 15:00:00,1.247037262481455
2025-05-30 15:15:00,1.247037262481455
2025-05-30 15:30:00,1.247037262481455
2025-05-30 15:45:00,1.247037262481455
2025-05-30 16:00:00,1.247037262481455
2025-05-30 16:15:00,1.247037262481455
2025-05-30 16:30:00,1.247037262481455
2025-05-30 16:45:00,1.247037262481455
2025-05-30 17:00:00,1.247037262481455
2025-05-30 17:15:00,1.247037262481455
2025-05-30 17:30:00,1.247037262481455
2025-05-30 17:45:00,1.247037262481455
2025-05-30 18:00:00,1.247037262481455
2025-05-30 18:15:00,1.247037262481455
2025-05-30 18:30:00,1.247037262481455
2025-05-30 18:45:00,1.247037262481455
2025-05-30 19:00:00,1.247037262481455
2025-05-30 19:15:00,1.247037262481455
2025-05-30 19:30:00,1.247037262481455
2025-05-30 19:45:00,1.247037262481455
2025-06-02 13:30:00,1.247037262481455
2025-06-02 13:45:00,1.247037262481455
2025-06-02 14:00:00,1.247037262481455
2025-06-02 14:15:00,1.247037262481455
2025-06-02 14:30:00,1.247037262481455
2025-06-02 14:45:00,1.247037262481455
2025-06-02 15:00:00,1.247037262481455
2025-06-02 15:15:00,1.247037262481455
2025-06-02 15:30:00,1.247037262481455
2025-06-02 15:45:00,1.247037262481455
2025-06-02 16:00:00,1.247037262481455
2025-06-02 16:15:00,1.247037262481455
2025-06-02 16:30:00,1.247037262481455
2025-06-02 16:45:00,1.247037262481455
2025-06-02 17:00:00,1.247037262481455
2025-06-02 17:15:00,1.247037262481455
2025-06-02 17:30:00,1.247037262481455
2025-06-02 17:45:00,1.247037262481455
2025-06-02 18:00:00,1.247037262481455
2025-06-02 18:15:00,1.247037262481455
2025-06-02 18:30:00,1.247037262481455
2025-06-02 18:45:00,1.247037262481455
2025-06-02 19:00:00,1.247037262481455
2025-06-02 19:15:00,1.247037262481455
2025-06-02 19:30:00,1.247037262481455
2025-06-02 19:45:00,1.247037262481455
2025-06-03 13:30:00,1.247037262481455
2025-06-03 13:45:00,1.247037262481455
2025-06-03 14:00:00,1.247037262481455
2025-06-03 14:15:00,1.247037262481455
2025-06-03 14:30:00,1.247037262481455
2025-06-03 14:45:00,1.247037262481455
2025-06-03 15:00:00,1.247037262481455
2025-06-03 15:15:00,1.247037262481455
2025-06-03 15:30:00,1.247037262481455
2025-06-03 15:45:00,1.247037262481455
2025-06-03 16:00:00,1.247037262481455
2025-06-03 16:15:00,1.247037262481455
2025-06-03 16:30:00,1.2389769701711295
2025-06-03 17:45:00,1.2389769701711295
2025-06-03 18:00:00,1.2389769701711295
2025-06-03 18:15:00,1.2389769701711295
2025-06-03 18:30:00,1.2389769701711295
2025-06-03 18:45:00,1.2389769701711295
2025-06-03 19:00:00,1.2389769701711295
2025-06-03 19:15:00,1.2389769701711295
2025-06-03 19:30:00,1.2389769701711295
2025-06-03 19:45:00,1.2389769701711295
2025-06-04 13:30:00,1.2389769701711295
2025-06-04 13:45:00,1.2389769701711295
2025-06-04 14:00:00,1.2389769701711295
2025-06-05 13:30:00,1.2389769701711295
2025-06-05 14:00:00,1.2389769701711295
2025-06-05 14:15:00,1.2389769701711295
2025-06-05 14:30:00,1.2389769701711295
2025-06-05 14:45:00,1.2389769701711295
2025-06-05 15:00:00,1.2389769701711295
2025-06-05 15:15:00,1.2389769701711295
2025-06-05 15:30:00,1.2389769701711295
2025-06-05 15:45:00,1.2389769701711295
2025-06-05 16:00:00,1.2389769701711295
2025-06-05 16:15:00,1.2389769701711295
2025-06-05 16:30:00,1.2389769701711295
2025-06-05 16:45:00,1.2389769701711295
2025-06-05 17:00:00,1.2389769701711295
2025-06-05 17:15:00,1.2389769701711295
2025-06-05 17:30:00,1.2389769701711295
2025-06-05 17:45:00,1.2389769701711295
2025-06-05 18:00:00,1.2389769701711295
2025-06-05 18:15:00,1.2389769701711295
2025-06-05 18:30:00,1.2389769701711295
2025-06-05 18:45:00,1.2389769701711295
2025-06-05 19:00:00,1.2389769701711295
2025-06-05 19:15:00,1.2389769701711295
2025-06-05 19:30:00,1.2389769701711295
2025-06-05 19:45:00,1.2389769701711295
2025-06-06 13:30:00,1.2389769701711295
2025-06-06 13:45:00,1.2389769701711295
2025-06-06 14:00:00,1.2389769701711295
2025-06-06 14:15:00,1.2389769701711295
2025-06-06 14:30:00,1.2389769701711295
2025-06-06 14:45:00,1.2389769701711295
2025-06-06 15:00:00,1.2389769701711295
2025-06-06 15:15:00,1.2389769701711295
2025-06-06 15:30:00,1.2389769701711295
2025-06-06 15:45:00,1.2389769701711295
2025-06-06 16:00:00,1.2389769701711295
2025-06-06 16:15:00,1.2389769701711295
2025-06-06 16:30:00,1.2389769701711295
2025-06-06 16:45:00,1.2389769701711295
2025-06-06 17:00:00,1.2389769701711295
2025-06-06 17:15:00,1.2389769701711295
2025-06-06 17:30:00,1.23296384567438
2025-06-06 17:45:00,1.23296384567438
2025-06-06 18:00:00,1.23296384567438
2025-06-06 18:15:00,1.23296384567438
2025-06-06 19:15:00,1.23296384567438
2025-06-06 19:30:00,1.23296384567438
2025-06-06 19:45:00,1.23296384567438
2025-06-09 13:30:00,1.23296384567438
2025-06-09 13:45:00,1.23296384567438
2025-06-09 14:00:00,1.23296384567438
2025-06-09 14:15:00,1.23296384567438
2025-06-09 14:30:00,1.23296384567438
2025-06-09 14:45:00,1.23296384567438
2025-06-09 15:00:00,1.23296384567438
2025-06-09 15:15:00,1.23296384567438
2025-06-09 15:30:00,1.23296384567438
2025-06-09 15:45:00,1.23296384567438
2025-06-09 16:00:00,1.23296384567438
2025-06-09 16:15:00,1.23296384567438
2025-06-09 16:30:00,1.23296384567438
2025-06-09 16:45:00,1.23296384567438
2025-06-09 17:00:00,1.23296384567438
2025-06-09 17:15:00,1.23296384567438
2025-06-09 17:30:00,1.23296384567438
2025-06-09 17:45:00,1.23296384567438
2025-06-09 18:00:00,1.23296384567438
2025-06-09 18:15:00,1.23296384567438
2025-06-09 18:30:00,1.23296384567438
2025-06-09 18:45:00,1.23296384567438
2025-06-09 19:00:00,1.23296384567438
2025-06-09 19:15:00,1.23296384567438
2025-06-09 19:30:00,1.23296384567438
2025-06-09 19:45:00,1.23296384567438
2025-06-10 13:30:00,1.23296384567438
2025-06-10 13:45:00,1.23296384567438
2025-06-10 14:00:00,1.23296384567438
2025-06-10 14:15:00,1.23296384567438
2025-06-10 14:30:00,1.23296384567438
2025-06-10 14:45:00,1.23296384567438
2025-06-10 15:15:00,1.23296384567438
2025-06-10 15:30:00,1.23296384567438
2025-06-10 15:45:00,1.23296384567438
2025-06-10 16:00:00,1.23296384567438
2025-06-10 16:15:00,1.23296384567438
2025-06-10 16:30:00,1.23296384567438
2025-06-10 16:45:00,1.23296384567438
2025-06-10 17:00:00,1.23296384567438
2025-06-10 17:15:00,1.23296384567438
2025-06-10 17:30:00,1.23296384567438
2025-06-10 17:45:00,1.2400321209595464
2025-06-10 18:00:00,1.2400321209595464
2025-06-10 18:15:00,1.2400321209595464
2025-06-10 18:30:00,1.2400321209595464
2025-06-10 18:45:00,1.2400321209595464
2025-06-10 19:00:00,1.2400321209595464
2025-06-10 19:15:00,1.2400321209595464
2025-06-10 19:30:00,1.2400321209595464
2025-06-10 19:45:00,1.2400321209595464
2025-06-11 13:30:00,1.2400321209595464
2025-06-11 13:45:00,1.2400321209595464
2025-06-11 14:00:00,1.2400321209595464
2025-06-11 14:15:00,1.2400321209595464
2025-06-11 14:30:00,1.2400321209595464
2025-06-11 14:45:00,1.2400321209595464
2025-06-11 15:00:00,1.2400321209595464
2025-06-11 15:15:00,1.2400321209595464
2025-06-11 15:30:00,1.2400321209595464
2025-06-11 15:45:00,1.2400321209595464
2025-06-11 16:00:00,1.2400321209595464
2025-06-11 16:15:00,1.2400321209595464
2025-06-11 16:30:00,1.2400321209595464
2025-06-11 16:45:00,1.2400321209595464
2025-06-11 17:00:00,1.2400321209595464
2025-06-11 17:15:00,1.2400321209595464
2025-06-11 17:30:00,1.2594056885875957
2025-06-11 17:45:00,1.2594056885875957
2025-06-11 18:00:00,1.2594056885875957
2025-06-11 18:15:00,1.2594056885875957
2025-06-11 18:30:00,1.2594056885875957
2025-06-11 18:45:00,1.2594056885875957
2025-06-11 19:00:00,1.2594056885875957
2025-06-11 19:15:00,1.2594056885875957
2025-06-11 19:30:00,1.2594056885875957
2025-06-11 19:45:00,1.2594056885875957
2025-06-12 13:30:00,1.2594056885875957
2025-06-12 13:45:00,1.2594056885875957
2025-06-12 14:00:00,1.2594056885875957
2025-06-12 14:15:00,1.2594056885875957
2025-06-12 14:30:00,1.2594056885875957
2025-06-12 14:45:00,1.2594056885875957
2025-06-12 15:00:00,1.2594056885875957
2025-06-12 15:15:00,1.2594056885875957
2025-06-12 15:30:00,1.2594056885875957
2025-06-12 15:45:00,1.2594056885875957
2025-06-12 16:00:00,1.2594056885875957
2025-06-12 16:15:00,1.2594056885875957
2025-06-12 16:30:00,1.2594056885875957
2025-06-12 16:45:00,1.2594056885875957
2025-06-12 17:00:00,1.2594056885875957
2025-06-12 17:15:00,1.2594056885875957
2025-06-12 17:30:00,1.2594056885875957
2025-06-12 17:45:00,1.2594056885875957
2025-06-12 18:00:00,1.2594056885875957
2025-06-12 18:15:00,1.2594056885875957
2025-06-12 18:30:00,1.2594056885875957
2025-06-12 18:45:00,1.2594056885875957
2025-06-12 19:00:00,1.2594056885875957
2025-06-12 19:15:00,1.2594056885875957
2025-06-12 19:30:00,1.2594056885875957
2025-06-12 19:45:00,1.2594056885875957
2025-06-13 13:30:00,1.2594056885875957
2025-06-13 13:45:00,1.2594056885875957
2025-06-13 14:00:00,1.2594056885875957
2025-06-13 14:15:00,1.2594056885875957
2025-06-13 14:30:00,1.2594056885875957
2025-06-13 14:45:00,1.2594056885875957
2025-06-13 15:00:00,1.2594056885875957
2025-06-13 15:15:00,1.2594056885875957
2025-06-13 15:30:00,1.2594056885875957
2025-06-13 15:45:00,1.2594056885875957
2025-06-13 16:00:00,1.2594056885875957
2025-06-13 16:30:00,1.2594056885875957
2025-06-13 16:45:00,1.2594056885875957
2025-06-13 17:00:00,1.2594056885875957
2025-06-13 17:15:00,1.2594056885875957
2025-06-13 17:30:00,1.2594056885875957
2025-06-13 17:45:00,1.2594056885875957
2025-06-13 18:00:00,1.2594056885875957
2025-06-13 18:15:00,1.2594056885875957
2025-06-13 18:30:00,1.2594056885875957
2025-06-13 18:45:00,1.2594056885875957
2025-06-13 19:00:00,1.2594056885875957
2025-06-13 19:15:00,1.2594056885875957
2025-06-13 19:30:00,1.2594056885875957
2025-06-13 19:45:00,1.2594056885875957
2025-06-16 13:30:00,1.2594056885875957
2025-06-16 13:45:00,1.2594056885875957
2025-06-16 14:00:00,1.2594056885875957
2025-06-16 14:15:00,1.2594056885875957
2025-06-16 14:30:00,1.2594056885875957
2025-06-16 14:45:00,1.2594056885875957
2025-06-16 15:00:00,1.2594056885875957
2025-06-16 15:15:00,1.2594056885875957
2025-06-16 15:30:00,1.2594056885875957
2025-06-16 15:45:00,1.2594056885875957
2025-06-16 16:00:00,1.2594056885875957
2025-06-16 16:15:00,1.2594056885875957
2025-06-16 16:30:00,1.2594056885875957
2025-06-16 16:45:00,1.2594056885875957
2025-06-16 17:00:00,1.2594056885875957
2025-06-16 17:15:00,1.2594056885875957
2025-06-16 17:30:00,1.2594056885875957
2025-06-16 17:45:00,1.2594056885875957
2025-06-16 18:00:00,1.2594056885875957
2025-06-16 18:15:00,1.2594056885875957
2025-06-16 18:30:00,1.2594056885875957
2025-06-16 18:45:00,1.2594056885875957
2025-06-16 19:00:00,1.2594056885875957
2025-06-16 19:15:00,1.2594056885875957
2025-06-16 19:30:00,1.2594056885875957
2025-06-16 19:45:00,1.2594056885875957
2025-06-17 13:30:00,1.2594056885875957
2025-06-17 13:45:00,1.2594056885875957
2025-06-17 14:00:00,1.2594056885875957
2025-06-17 14:15:00,1.2594056885875957
2025-06-17 14:30:00,1.2594056885875957
2025-06-17 14:45:00,1.2594056885875957
2025-06-17 15:00:00,1.2594056885875957
2025-06-17 15:15:00,1.2594056885875957
2025-06-17 15:30:00,1.2594056885875957
2025-06-17 15:45:00,1.2594056885875957
2025-06-17 16:00:00,1.2594056885875957
2025-06-17 16:15:00,1.2594056885875957
2025-06-17 16:30:00,1.2594056885875957
2025-06-17 16:45:00,1.2594056885875957
2025-06-17 17:00:00,1.2594056885875957
2025-06-17 17:15:00,1.2594056885875957
2025-06-17 17:30:00,1.2534039580564305
2025-06-17 17:45:00,1.2534039580564305
2025-06-17 18:00:00,1.2534039580564305
2025-06-17 18:15:00,1.2534039580564305
2025-06-17 18:30:00,1.2534039580564305
2025-06-17 18:45:00,1.2534039580564305
2025-06-17 19:00:00,1.2534039580564305
2025-06-17 19:15:00,1.2534039580564305
2025-06-17 19:30:00,1.2534039580564305
2025-06-17 19:45:00,1.2534039580564305
2025-06-18 13:30:00,1.2534039580564305
2025-06-18 13:45:00,1.2534039580564305
2025-06-18 14:00:00,1.2534039580564305
2025-06-18 14:15:00,1.2534039580564305
2025-06-18 14:30:00,1.2534039580564305
2025-06-18 14:45:00,1.2534039580564305
2025-06-18 15:00:00,1.2534039580564305
2025-06-18 15:15:00,1.2534039580564305
2025-06-18 15:30:00,1.2534039580564305
2025-06-18 15:45:00,1.2534039580564305
2025-06-18 16:00:00,1.2534039580564305
2025-06-18 16:15:00,1.2534039580564305
2025-06-18 16:30:00,1.2534039580564305
2025-06-18 16:45:00,1.2534039580564305
2025-06-18 17:00:00,1.2534039580564305
2025-06-18 17:15:00,1.2534039580564305
2025-06-18 17:30:00,1.2534039580564305
2025-06-18 17:45:00,1.2534039580564305
2025-06-18 18:00:00,1.2534039580564305
2025-06-18 18:15:00,1.2534039580564305
2025-06-18 18:30:00,1.2534039580564305
2025-06-18 18:45:00,1.2534039580564305
2025-06-18 19:00:00,1.2534039580564305
2025-06-18 19:15:00,1.2534039580564305
2025-06-18 19:30:00,1.2534039580564305
2025-06-18 19:45:00,1.2534039580564305
2025-06-20 13:30:00,1.2534039580564305
2025-06-20 13:45:00,1.2534039580564305
2025-06-20 14:00:00,1.2534039580564305
2025-06-20 14:15:00,1.2534039580564305
2025-06-20 14:30:00,1.2534039580564305
2025-06-20 14:45:00,1.2534039580564305
2025-06-20 15:00:00,1.2534039580564305
2025-06-20 15:15:00,1.2534039580564305
2025-06-20 15:30:00,1.2534039580564305
2025-06-20 15:45:00,1.2534039580564305
2025-06-20 16:00:00,1.2534039580564305
2025-06-20 16:15:00,1.2534039580564305
2025-06-20 16:30:00,1.2534039580564305
2025-06-20 16:45:00,1.2534039580564305
2025-06-20 17:00:00,1.2534039580564305
2025-06-20 17:15:00,1.2534039580564305
2025-06-20 17:30:00,1.251825244352553
2025-06-20 17:45:00,1.251825244352553
2025-06-20 18:00:00,1.251825244352553
2025-06-20 18:15:00,1.251825244352553
2025-06-20 18:30:00,1.251825244352553
2025-06-20 18:45:00,1.251825244352553
2025-06-20 19:00:00,1.251825244352553
2025-06-20 19:15:00,1.251825244352553
2025-06-20 19:30:00,1.251825244352553
2025-06-20 19:45:00,1.251825244352553
2025-06-23 13:30:00,1.251825244352553
2025-06-23 13:45:00,1.251825244352553
2025-06-23 14:00:00,1.251825244352553
2025-06-23 14:15:00,1.251825244352553
2025-06-23 14:30:00,1.251825244352553
2025-06-23 14:45:00,1.251825244352553
2025-06-23 15:00:00,1.251825244352553
2025-06-23 15:15:00,1.251825244352553
2025-06-23 15:30:00,1.251825244352553
2025-06-23 15:45:00,1.251825244352553
2025-06-23 16:00:00,1.251825244352553
2025-06-23 16:15:00,1.251825244352553
2025-06-23 16:30:00,1.251825244352553
2025-06-23 16:45:00,1.251825244352553
2025-06-23 17:00:00,1.251825244352553
2025-06-23 17:15:00,1.251825244352553
2025-06-23 17:30:00,1.251825244352553
2025-06-23 17:45:00,1.251825244352553
2025-06-23 18:00:00,1.251825244352553
2025-06-23 18:15:00,1.251825244352553
2025-06-23 18:30:00,1.251825244352553
2025-06-23 18:45:00,1.251825244352553
2025-06-23 19:00:00,1.251825244352553
2025-06-23 19:15:00,1.251825244352553
2025-06-23 19:30:00,1.251825244352553
2025-06-23 19:45:00,1.251825244352553
2025-06-24 13:30:00,1.251825244352553
2025-06-24 13:45:00,1.251825244352553
2025-06-24 14:00:00,1.251825244352553
2025-06-24 14:15:00,1.251825244352553
2025-06-24 14:30:00,1.251825244352553
2025-06-24 14:45:00,1.251825244352553
2025-06-24 15:00:00,1.251825244352553
2025-06-24 15:15:00,1.251825244352553
2025-06-24 15:30:00,1.251825244352553
2025-06-24 15:45:00,1.251825244352553
2025-06-24 16:00:00,1.251825244352553
2025-06-24 16:15:00,1.251825244352553
2025-06-24 16:30:00,1.251825244352553
2025-06-24 16:45:00,1.251825244352553
2025-06-24 17:00:00,1.251825244352553
2025-06-24 17:15:00,1.251825244352553
2025-06-24 17:30:00,1.254177655465146
2025-06-24 17:45:00,1.254177655465146
2025-06-24 18:00:00,1.254177655465146
2025-06-24 18:15:00,1.254177655465146
2025-06-24 18:30:00,1.254177655465146
2025-06-24 18:45:00,1.254177655465146
2025-06-24 19:00:00,1.254177655465146
2025-06-24 19:15:00,1.254177655465146
2025-06-24 19:30:00,1.254177655465146
2025-06-24 19:45:00,1.254177655465146
2025-06-25 13:30:00,1.254177655465146
2025-06-25 13:45:00,1.254177655465146
2025-06-25 14:00:00,1.254177655465146
2025-06-25 14:15:00,1.254177655465146
2025-06-25 14:30:00,1.254177655465146
2025-06-25 14:45:00,1.254177655465146
2025-06-25 15:00:00,1.254177655465146
2025-06-25 15:15:00,1.254177655465146
2025-06-25 15:30:00,1.254177655465146
2025-06-25 15:45:00,1.254177655465146
2025-06-25 16:00:00,1.254177655465146
2025-06-25 16:15:00,1.254177655465146
2025-06-25 16:30:00,1.254177655465146
2025-06-25 16:45:00,1.254177655465146
2025-06-25 17:00:00,1.254177655465146
2025-06-25 17:15:00,1.254177655465146
2025-06-25 17:30:00,1.254177655465146
2025-06-25 17:45:00,1.254177655465146
2025-06-25 18:00:00,1.254177655465146
2025-06-25 18:15:00,1.254177655465146
2025-06-25 18:30:00,1.254177655465146
2025-06-25 18:45:00,1.254177655465146
2025-06-25 19:00:00,1.254177655465146
2025-06-25 19:15:00,1.254177655465146
2025-06-25 19:30:00,1.254177655465146
2025-06-25 19:45:00,1.254177655465146
2025-06-26 13:30:00,1.254177655465146
2025-06-26 13:45:00,1.254177655465146
2025-06-26 14:00:00,1.254177655465146
2025-06-26 14:15:00,1.254177655465146
2025-06-26 14:30:00,1.254177655465146
2025-06-26 14:45:00,1.254177655465146
2025-06-26 15:00:00,1.254177655465146
2025-06-26 15:15:00,1.254177655465146
2025-06-26 15:30:00,1.254177655465146
2025-06-26 15:45:00,1.254177655465146
2025-06-26 16:00:00,1.254177655465146
2025-06-26 16:15:00,1.254177655465146
2025-06-26 16:30:00,1.254177655465146
2025-06-26 16:45:00,1.254177655465146
2025-06-26 17:00:00,1.254177655465146
2025-06-26 17:15:00,1.254177655465146
2025-06-26 17:30:00,1.254177655465146
2025-06-26 17:45:00,1.254177655465146
2025-06-26 18:00:00,1.254177655465146
2025-06-26 18:15:00,1.254177655465146
2025-06-26 18:30:00,1.254177655465146
2025-06-26 18:45:00,1.254177655465146
2025-06-26 19:00:00,1.254177655465146
2025-06-26 19:15:00,1.254177655465146
2025-06-26 19:30:00,1.254177655465146
2025-06-26 19:45:00,1.254177655465146
2025-06-27 13:30:00,1.254177655465146
2025-06-27 13:45:00,1.254177655465146
2025-06-27 14:00:00,1.254177655465146
2025-06-27 14:15:00,1.254177655465146
2025-06-27 14:30:00,1.254177655465146
2025-06-27 14:45:00,1.254177655465146
2025-06-27 15:00:00,1.254177655465146
2025-06-27 15:15:00,1.254177655465146
2025-06-27 15:30:00,1.254177655465146
2025-06-27 15:45:00,1.254177655465146
2025-06-27 16:00:00,1.254177655465146
2025-06-27 16:15:00,1.254177655465146
2025-06-27 16:30:00,1.254177655465146
2025-06-27 16:45:00,1.254177655465146
2025-06-27 17:00:00,1.254177655465146
2025-06-27 17:15:00,1.254177655465146
2025-06-27 17:30:00,1.257853557182739
2025-06-27 17:45:00,1.257853557182739
2025-06-27 18:00:00,1.257853557182739
2025-06-27 18:15:00,1.257853557182739
2025-06-27 18:30:00,1.257853557182739
2025-06-27 18:45:00,1.257853557182739
2025-06-27 19:00:00,1.257853557182739
2025-06-27 19:15:00,1.257853557182739
2025-06-27 19:30:00,1.257853557182739
2025-06-27 19:45:00,1.257853557182739
2025-06-30 13:30:00,1.257853557182739
2025-06-30 13:45:00,1.257853557182739
2025-06-30 14:00:00,1.257853557182739
2025-06-30 14:15:00,1.257853557182739
2025-06-30 14:30:00,1.257853557182739
2025-06-30 14:45:00,1.257853557182739
2025-06-30 15:00:00,1.257853557182739
2025-06-30 15:15:00,1.257853557182739
2025-06-30 15:30:00,1.257853557182739
2025-06-30 15:45:00,1.257853557182739
2025-06-30 16:00:00,1.257853557182739
2025-06-30 16:15:00,1.257853557182739
2025-06-30 16:30:00,1.257853557182739
2025-06-30 16:45:00,1.257853557182739
2025-06-30 17:00:00,1.257853557182739
2025-06-30 17:15:00,1.257853557182739
2025-06-30 17:30:00,1.2685920344880153
2025-06-30 17:45:00,1.2685920344880153
2025-06-30 18:00:00,1.2685920344880153
2025-06-30 18:15:00,1.2685920344880153
2025-06-30 18:30:00,1.2685920344880153
2025-06-30 18:45:00,1.2685920344880153
2025-06-30 19:00:00,1.2685920344880153
2025-06-30 19:15:00,1.2685920344880153
2025-06-30 19:30:00,1.2685920344880153
2025-06-30 19:45:00,1.2685920344880153
2025-07-01 13:30:00,1.2685920344880153
2025-07-01 13:45:00,1.2685920344880153
2025-07-01 14:00:00,1.2685920344880153
2025-07-01 14:15:00,1.2685920344880153
2025-07-01 14:30:00,1.2685920344880153
2025-07-01 14:45:00,1.2685920344880153
2025-07-01 15:00:00,1.2685920344880153
2025-07-01 15:15:00,1.2685920344880153
2025-07-01 15:30:00,1.2685920344880153
2025-07-01 15:45:00,1.2685920344880153
2025-07-01 16:00:00,1.2685920344880153
2025-07-01 16:15:00,1.2685920344880153
2025-07-01 16:30:00,1.2685920344880153
2025-07-01 16:45:00,1.2685920344880153
2025-07-01 17:00:00,1.2685920344880153
2025-07-01 17:15:00,1.2685920344880153
2025-07-01 17:30:00,1.2685920344880153
2025-07-01 17:45:00,1.2685920344880153
2025-07-01 18:00:00,1.2685920344880153
2025-07-01 18:15:00,1.2685920344880153
2025-07-01 18:30:00,1.2685920344880153
2025-07-01 18:45:00,1.2685920344880153
2025-07-01 19:00:00,1.2685920344880153
2025-07-01 19:15:00,1.2685920344880153
2025-07-01 19:30:00,1.2685920344880153
2025-07-01 19:45:00,1.2685920344880153
2025-07-02 13:30:00,1.2685920344880153
2025-07-02 13:45:00,1.2685920344880153
2025-07-02 14:00:00,1.2685920344880153
2025-07-02 14:15:00,1.2685920344880153
2025-07-02 14:30:00,1.2685920344880153
2025-07-02 14:45:00,1.2685920344880153
2025-07-02 15:00:00,1.2685920344880153
2025-07-02 15:15:00,1.2685920344880153
2025-07-02 15:30:00,1.2685920344880153
2025-07-02 15:45:00,1.2685920344880153
2025-07-02 16:00:00,1.2685920344880153
2025-07-02 16:15:00,1.2685920344880153
2025-07-02 16:30:00,1.2685920344880153
2025-07-02 16:45:00,1.2685920344880153
2025-07-02 17:00:00,1.2685920344880153
2025-07-02 17:15:00,1.2685920344880153
2025-07-02 17:30:00,1.2569889348402616
2025-07-02 17:45:00,1.2569889348402616
2025-07-02 18:00:00,1.2569889348402616
2025-07-02 18:15:00,1.2569889348402616
2025-07-02 18:30:00,1.2569889348402616
2025-07-02 18:45:00,1.2569889348402616
2025-07-02 19:00:00,1.2569889348402616
2025-07-02 19:15:00,1.2569889348402616
2025-07-02 19:30:00,1.2569889348402616
2025-07-02 19:45:00,1.2569889348402616
2025-07-03 13:30:00,1.2569889348402616
2025-07-03 13:45:00,1.2569889348402616
2025-07-03 14:00:00,1.2569889348402616
2025-07-03 14:15:00,1.2569889348402616
2025-07-03 14:30:00,1.2569889348402616
2025-07-03 15:00:00,1.2569889348402616
2025-07-03 15:15:00,1.2569889348402616
2025-07-03 15:30:00,1.2569889348402616
2025-07-03 15:45:00,1.2569889348402616
2025-07-03 16:00:00,1.2569889348402616
2025-07-03 16:15:00,1.2569889348402616
2025-07-03 16:30:00,1.2569889348402616
2025-07-03 16:45:00,1.2569889348402616
2025-07-07 13:30:00,1.2569889348402616
2025-07-07 13:45:00,1.2569889348402616
2025-07-07 14:00:00,1.2569889348402616
2025-07-07 14:15:00,1.2569889348402616
2025-07-07 14:30:00,1.2569889348402616
2025-07-07 14:45:00,1.2569889348402616
2025-07-07 15:00:00,1.2569889348402616
2025-07-07 15:15:00,1.2569889348402616
2025-07-07 15:30:00,1.2569889348402616
2025-07-07 15:45:00,1.2569889348402616
2025-07-07 16:00:00,1.2569889348402616
2025-07-07 16:15:00,1.2569889348402616
2025-07-07 16:30:00,1.2569889348402616
2025-07-07 16:45:00,1.2569889348402616
2025-07-07 17:00:00,1.2569889348402616
2025-07-07 17:15:00,1.2569889348402616
2025-07-07 17:30:00,1.2391991835619216
2025-07-07 17:45:00,1.2391991835619216
2025-07-07 18:00:00,1.2391991835619216
2025-07-07 18:15:00,1.2391991835619216
2025-07-07 18:30:00,1.2391991835619216
2025-07-07 18:45:00,1.2391991835619216
2025-07-07 19:00:00,1.2391991835619216
2025-07-07 19:15:00,1.2391991835619216
2025-07-07 19:30:00,1.2391991835619216
2025-07-07 19:45:00,1.2391991835619216
2025-07-08 13:30:00,1.2391991835619216
2025-07-08 13:45:00,1.2391991835619216
2025-07-08 14:00:00,1.2391991835619216
2025-07-08 14:15:00,1.2391991835619216
2025-07-08 14:30:00,1.2391991835619216
2025-07-08 14:45:00,1.2391991835619216
2025-07-08 15:00:00,1.2391991835619216
2025-07-08 15:15:00,1.2391991835619216
2025-07-08 15:30:00,1.2391991835619216
2025-07-08 15:45:00,1.2391991835619216
2025-07-08 16:00:00,1.2391991835619216
2025-07-08 16:15:00,1.2391991835619216
2025-07-08 16:30:00,1.2391991835619216
2025-07-08 16:45:00,1.2391991835619216
2025-07-08 17:00:00,1.2391991835619216
2025-07-08 17:15:00,1.2391991835619216
2025-07-08 17:30:00,1.2391991835619216
2025-07-08 17:45:00,1.2391991835619216
2025-07-08 18:00:00,1.2391991835619216
2025-07-08 18:15:00,1.2391991835619216
2025-07-08 18:30:00,1.2391991835619216
2025-07-08 18:45:00,1.2391991835619216
2025-07-08 19:00:00,1.2391991835619216
2025-07-08 19:15:00,1.2391991835619216
2025-07-08 19:30:00,1.2391991835619216
2025-07-08 19:45:00,1.2391991835619216
2025-07-09 13:30:00,1.2391991835619216
2025-07-09 13:45:00,1.2391991835619216
2025-07-09 14:00:00,1.2391991835619216
2025-07-09 14:15:00,1.2391991835619216
2025-07-09 14:30:00,1.2391991835619216
2025-07-09 14:45:00,1.2391991835619216
2025-07-09 15:00:00,1.2391991835619216
2025-07-09 15:15:00,1.2391991835619216
2025-07-09 15:30:00,1.2391991835619216
2025-07-09 15:45:00,1.2391991835619216
2025-07-09 16:00:00,1.2391991835619216
2025-07-09 16:15:00,1.2391991835619216
2025-07-09 16:30:00,1.2391991835619216
2025-07-09 16:45:00,1.2391991835619216
2025-07-09 17:00:00,1.2391991835619216
2025-07-09 17:15:00,1.2391991835619216
2025-07-09 17:30:00,1.2391991835619216
2025-07-09 17:45:00,1.2391991835619216
2025-07-09 18:30:00,1.2391991835619216
2025-07-09 18:45:00,1.2391991835619216
2025-07-09 19:00:00,1.2391991835619216
2025-07-09 19:15:00,1.2391991835619216
2025-07-09 19:30:00,1.2391991835619216
2025-07-09 19:45:00,1.2391991835619216
2025-07-10 13:30:00,1.2391991835619216
2025-07-10 13:45:00,1.2391991835619216
2025-07-10 14:00:00,1.2391991835619216
2025-07-10 14:15:00,1.2391991835619216
2025-07-10 14:30:00,1.2391991835619216
2025-07-10 14:45:00,1.2391991835619216
2025-07-10 15:00:00,1.2391991835619216
2025-07-10 15:15:00,1.2391991835619216
2025-07-10 15:30:00,1.2391991835619216
2025-07-10 15:45:00,1.2391991835619216
2025-07-10 16:00:00,1.2391991835619216
2025-07-10 16:15:00,1.2391991835619216
2025-07-10 16:30:00,1.2391991835619216
2025-07-10 16:45:00,1.2391991835619216
2025-07-10 17:00:00,1.2391991835619216
2025-07-10 17:15:00,1.2391991835619216
2025-07-10 17:30:00,1.2391991835619216
2025-07-10 17:45:00,1.2391991835619216
2025-07-10 18:00:00,1.2391991835619216
2025-07-10 18:15:00,1.2391991835619216
2025-07-10 18:30:00,1.2391991835619216
2025-07-10 18:45:00,1.2391991835619216
2025-07-10 19:00:00,1.2391991835619216
2025-07-10 19:15:00,1.2391991835619216
2025-07-10 19:30:00,1.2391991835619216
2025-07-10 19:45:00,1.2391991835619216
2025-07-11 13:30:00,1.2391991835619216
2025-07-11 13:45:00,1.2391991835619216
2025-07-11 14:00:00,1.2391991835619216
2025-07-11 14:15:00,1.2391991835619216
2025-07-11 14:30:00,1.2391991835619216
2025-07-11 14:45:00,1.2391991835619216
2025-07-11 15:00:00,1.2391991835619216
2025-07-11 15:15:00,1.2391991835619216
2025-07-11 15:30:00,1.2391991835619216
2025-07-11 15:45:00,1.2391991835619216
2025-07-11 16:00:00,1.2391991835619216
2025-07-11 16:15:00,1.2391991835619216
2025-07-11 16:30:00,1.2391991835619216
2025-07-11 16:45:00,1.2391991835619216
2025-07-11 17:00:00,1.2391991835619216
2025-07-11 17:15:00,1.2391991835619216
2025-07-11 17:30:00,1.2427050052589732
2025-07-11 17:45:00,1.2427050052589732
2025-07-11 18:00:00,1.2427050052589732
2025-07-11 18:15:00,1.2427050052589732
2025-07-11 18:30:00,1.2427050052589732
2025-07-11 18:45:00,1.2427050052589732
2025-07-11 19:00:00,1.2427050052589732
2025-07-11 19:15:00,1.2427050052589732
2025-07-11 19:30:00,1.2427050052589732
2025-07-11 19:45:00,1.2427050052589732
2025-07-14 13:30:00,1.2427050052589732
2025-07-14 13:45:00,1.2427050052589732
2025-07-14 14:00:00,1.2427050052589732
2025-07-14 14:15:00,1.2427050052589732
2025-07-14 14:30:00,1.2427050052589732
2025-07-14 14:45:00,1.2427050052589732
2025-07-14 15:00:00,1.2427050052589732
2025-07-14 15:15:00,1.2427050052589732
2025-07-14 15:30:00,1.2427050052589732
2025-07-14 15:45:00,1.2427050052589732
2025-07-14 16:00:00,1.2427050052589732
2025-07-14 16:15:00,1.2427050052589732
2025-07-14 16:30:00,1.2427050052589732
2025-07-14 16:45:00,1.2427050052589732
2025-07-14 17:00:00,1.2427050052589732
2025-07-14 17:15:00,1.2427050052589732
2025-07-14 17:30:00,1.238448375487114
2025-07-14 17:45:00,1.238448375487114
2025-07-14 18:00:00,1.238448375487114
2025-07-14 18:15:00,1.238448375487114
2025-07-14 18:30:00,1.238448375487114
2025-07-14 18:45:00,1.238448375487114
2025-07-14 19:00:00,1.238448375487114
2025-07-14 19:15:00,1.238448375487114
2025-07-14 19:30:00,1.238448375487114
2025-07-14 19:45:00,1.238448375487114
2025-07-15 13:30:00,1.238448375487114
2025-07-15 13:45:00,1.238448375487114
2025-07-15 14:00:00,1.238448375487114
2025-07-15 14:15:00,1.238448375487114
2025-07-15 14:30:00,1.238448375487114
2025-07-15 14:45:00,1.238448375487114
2025-07-15 15:00:00,1.238448375487114
2025-07-15 15:15:00,1.238448375487114
2025-07-15 15:30:00,1.238448375487114
2025-07-15 15:45:00,1.238448375487114
2025-07-15 16:00:00,1.238448375487114
2025-07-15 16:15:00,1.238448375487114
2025-07-15 16:30:00,1.238448375487114
2025-07-15 16:45:00,1.238448375487114
2025-07-15 17:00:00,1.238448375487114
2025-07-15 17:15:00,1.238448375487114
2025-07-15 17:30:00,1.238448375487114
2025-07-15 17:45:00,1.238448375487114
2025-07-15 18:00:00,1.238448375487114
2025-07-15 18:15:00,1.238448375487114
2025-07-15 18:30:00,1.238448375487114
2025-07-15 18:45:00,1.238448375487114
2025-07-15 19:00:00,1.238448375487114
2025-07-15 19:15:00,1.238448375487114
2025-07-15 19:30:00,1.238448375487114
2025-07-15 19:45:00,1.238448375487114
2025-07-16 13:30:00,1.238448375487114
2025-07-16 13:45:00,1.238448375487114
2025-07-16 14:00:00,1.238448375487114
2025-07-16 14:15:00,1.238448375487114
2025-07-16 14:30:00,1.238448375487114
2025-07-16 14:45:00,1.238448375487114
2025-07-16 15:00:00,1.238448375487114
2025-07-16 15:15:00,1.238448375487114
2025-07-16 15:30:00,1.238448375487114
2025-07-16 15:45:00,1.238448375487114
2025-07-16 16:00:00,1.238448375487114
2025-07-16 16:15:00,1.238448375487114
2025-07-16 16:30:00,1.238448375487114
2025-07-16 16:45:00,1.238448375487114
2025-07-16 17:00:00,1.238448375487114
2025-07-16 17:15:00,1.238448375487114
2025-07-16 17:30:00,1.238448375487114
2025-07-16 17:45:00,1.238448375487114
2025-07-16 18:00:00,1.238448375487114
2025-07-16 18:15:00,1.238448375487114
2025-07-16 18:30:00,1.238448375487114
2025-07-16 18:45:00,1.238448375487114
2025-07-16 19:00:00,1.238448375487114
2025-07-16 19:15:00,1.238448375487114
2025-07-16 19:30:00,1.238448375487114
2025-07-16 19:45:00,1.238448375487114
2025-07-17 13:30:00,1.238448375487114
2025-07-17 13:45:00,1.238448375487114
2025-07-17 14:00:00,1.238448375487114
2025-07-17 14:15:00,1.238448375487114
2025-07-17 14:30:00,1.238448375487114
2025-07-17 14:45:00,1.238448375487114
2025-07-17 15:00:00,1.238448375487114
2025-07-17 15:15:00,1.238448375487114
2025-07-17 15:30:00,1.238448375487114
2025-07-17 15:45:00,1.238448375487114
2025-07-17 16:00:00,1.238448375487114
2025-07-17 16:15:00,1.238448375487114
2025-07-17 16:30:00,1.238448375487114
2025-07-17 16:45:00,1.238448375487114
2025-07-17 17:00:00,1.238448375487114
2025-07-17 17:15:00,1.238448375487114
2025-07-17 17:30:00,1.238448375487114
2025-07-17 17:45:00,1.238448375487114
2025-07-17 18:00:00,1.238448375487114
2025-07-17 18:15:00,1.238448375487114
2025-07-17 18:30:00,1.238448375487114
2025-07-17 18:45:00,1.238448375487114
2025-07-17 19:00:00,1.238448375487114
2025-07-17 19:15:00,1.238448375487114
2025-07-17 19:30:00,1.238448375487114
2025-07-17 19:45:00,1.238448375487114
2025-07-18 13:30:00,1.238448375487114
2025-07-18 13:45:00,1.238448375487114
2025-07-18 14:00:00,1.238448375487114
2025-07-18 14:15:00,1.238448375487114
2025-07-18 14:30:00,1.238448375487114
2025-07-18 14:45:00,1.238448375487114
2025-07-18 15:00:00,1.238448375487114
2025-07-18 15:15:00,1.238448375487114
2025-07-18 15:30:00,1.238448375487114
2025-07-18 15:45:00,1.238448375487114
2025-07-18 16:00:00,1.238448375487114
2025-07-18 16:15:00,1.238448375487114
2025-07-18 16:30:00,1.238448375487114
2025-07-18 16:45:00,1.238448375487114
2025-07-18 17:00:00,1.238448375487114
2025-07-18 17:15:00,1.238448375487114
2025-07-18 17:30:00,1.238448375487114
2025-07-18 17:45:00,1.238448375487114
2025-07-18 18:00:00,1.238448375487114
2025-07-18 18:15:00,1.238448375487114
2025-07-18 18:30:00,1.238448375487114
2025-07-18 18:45:00,1.238448375487114
2025-07-18 19:00:00,1.238448375487114
2025-07-18 19:15:00,1.238448375487114
2025-07-18 19:30:00,1.238448375487114
2025-07-18 19:45:00,1.238448375487114
2025-07-21 13:30:00,1.238448375487114
2025-07-21 13:45:00,1.238448375487114
2025-07-21 14:00:00,1.238448375487114
2025-07-21 14:15:00,1.238448375487114
2025-07-21 14:30:00,1.238448375487114
2025-07-21 14:45:00,1.238448375487114
2025-07-21 15:00:00,1.238448375487114
2025-07-21 15:15:00,1.238448375487114
2025-07-21 15:30:00,1.238448375487114
2025-07-21 15:45:00,1.238448375487114
2025-07-21 16:00:00,1.238448375487114
2025-07-21 16:15:00,1.238448375487114
2025-07-21 16:30:00,1.238448375487114
2025-07-21 16:45:00,1.238448375487114
2025-07-21 17:00:00,1.238448375487114
2025-07-21 17:15:00,1.238448375487114
2025-07-21 17:30:00,1.2311289495653175
2025-07-21 17:45:00,1.2311289495653175
2025-07-21 18:00:00,1.2311289495653175
2025-07-21 18:15:00,1.2311289495653175
2025-07-21 18:30:00,1.2311289495653175
2025-07-21 18:45:00,1.2311289495653175
2025-07-21 19:00:00,1.2311289495653175
2025-07-21 19:15:00,1.2311289495653175
2025-07-21 19:30:00,1.2311289495653175
2025-07-21 19:45:00,1.2311289495653175
2025-07-22 13:30:00,1.2311289495653175
2025-07-22 13:45:00,1.2311289495653175
2025-07-22 14:00:00,1.2311289495653175
2025-07-22 14:15:00,1.2311289495653175
2025-07-22 14:30:00,1.2311289495653175
2025-07-22 14:45:00,1.2311289495653175
2025-07-22 15:00:00,1.2311289495653175
2025-07-22 15:15:00,1.2311289495653175
2025-07-22 15:30:00,1.2311289495653175
2025-07-22 15:45:00,1.2311289495653175
2025-07-22 16:00:00,1.2311289495653175
2025-07-22 16:15:00,1.2311289495653175
2025-07-22 16:30:00,1.2311289495653175
2025-07-22 16:45:00,1.2311289495653175
2025-07-22 17:00:00,1.2311289495653175
2025-07-22 17:15:00,1.2311289495653175
2025-07-22 17:30:00,1.2311289495653175
2025-07-22 17:45:00,1.2311289495653175
2025-07-22 18:00:00,1.2311289495653175
2025-07-22 18:15:00,1.2311289495653175
2025-07-22 18:30:00,1.2311289495653175
2025-07-22 18:45:00,1.2311289495653175
2025-07-22 19:00:00,1.2311289495653175
2025-07-22 19:15:00,1.2311289495653175
2025-07-22 19:30:00,1.2311289495653175
2025-07-22 19:45:00,1.2311289495653175
2025-07-23 13:30:00,1.2311289495653175
2025-07-23 13:45:00,1.241870323706047
2025-07-23 14:00:00,1.241870323706047
2025-07-23 14:15:00,1.241870323706047
2025-07-23 14:30:00,1.241870323706047
2025-07-23 14:45:00,1.241870323706047
2025-07-23 15:00:00,1.241870323706047
2025-07-23 15:15:00,1.241870323706047
2025-07-23 15:30:00,1.241870323706047
2025-07-23 15:45:00,1.241870323706047
2025-07-23 16:00:00,1.241870323706047
2025-07-23 16:15:00,1.241870323706047
2025-07-23 16:30:00,1.241870323706047
2025-07-23 16:45:00,1.241870323706047
2025-07-23 17:00:00,1.241870323706047
2025-07-23 17:15:00,1.2473461222110247
2025-07-23 18:00:00,1.2473461222110247
2025-07-23 18:15:00,1.2473461222110247
2025-07-23 18:30:00,1.2473461222110247
2025-07-23 18:45:00,1.2473461222110247
2025-07-23 19:00:00,1.2473461222110247
2025-07-23 19:15:00,1.2473461222110247
2025-07-24 16:15:00,1.2473461222110247
2025-07-24 16:30:00,1.2473461222110247
2025-07-24 18:15:00,1.2473461222110247
2025-07-24 18:30:00,1.2473461222110247
2025-07-24 18:45:00,1.2473461222110247
2025-07-24 19:00:00,1.2473461222110247
2025-07-24 19:15:00,1.2473461222110247
2025-07-24 19:30:00,1.2473461222110247
2025-07-24 19:45:00,1.2473461222110247
2025-07-25 13:30:00,1.2473461222110247
2025-07-25 13:45:00,1.2473461222110247
2025-07-25 14:00:00,1.2473461222110247
2025-07-25 14:15:00,1.2473461222110247
2025-07-25 14:30:00,1.2473461222110247
2025-07-25 14:45:00,1.2473461222110247
2025-07-25 15:00:00,1.2473461222110247
2025-07-25 15:15:00,1.2473461222110247
2025-07-25 15:30:00,1.2473461222110247
2025-07-25 15:45:00,1.2473461222110247
2025-07-25 16:00:00,1.2473461222110247
2025-07-25 16:15:00,1.2473461222110247
2025-07-25 16:30:00,1.2473461222110247
2025-07-25 16:45:00,1.2473461222110247
2025-07-25 17:00:00,1.2473461222110247
2025-07-25 17:15:00,1.2473461222110247
2025-07-25 17:30:00,1.2473461222110247
2025-07-25 17:45:00,1.2473461222110247
2025-07-25 18:00:00,1.2473461222110247
2025-07-25 18:15:00,1.2473461222110247
2025-07-25 18:30:00,1.2473461222110247
2025-07-25 18:45:00,1.2473461222110247
2025-07-25 19:00:00,1.2473461222110247
2025-07-25 19:15:00,1.2473461222110247
2025-07-25 19:30:00,1.2473461222110247
2025-07-25 19:45:00,1.2473461222110247
2025-07-28 13:30:00,1.2473461222110247
2025-07-28 13:45:00,1.2473461222110247
2025-07-28 14:00:00,1.2473461222110247
2025-07-28 14:15:00,1.2473461222110247
2025-07-28 14:30:00,1.2473461222110247
2025-07-28 14:45:00,1.2473461222110247
2025-07-28 15:00:00,1.2473461222110247
2025-07-28 15:15:00,1.2473461222110247
2025-07-28 15:30:00,1.2473461222110247
2025-07-28 15:45:00,1.2473461222110247
2025-07-28 16:00:00,1.2473461222110247
2025-07-28 16:15:00,1.2473461222110247
2025-07-28 16:30:00,1.2473461222110247
2025-07-28 16:45:00,1.2473461222110247
2025-07-28 17:00:00,1.2473461222110247
2025-07-28 17:15:00,1.2473461222110247
2025-07-28 17:30:00,1.2473461222110247
2025-07-28 17:45:00,1.2473461222110247
2025-07-28 18:00:00,1.2473461222110247
2025-07-28 18:15:00,1.2473461222110247
2025-07-28 18:30:00,1.2473461222110247
2025-07-28 18:45:00,1.2473461222110247
2025-07-28 19:00:00,1.2473461222110247
2025-07-28 19:15:00,1.2473461222110247
2025-07-28 19:30:00,1.2473461222110247
2025-07-28 19:45:00,1.2473461222110247
2025-07-29 13:30:00,1.2473461222110247
2025-07-29 13:45:00,1.2473461222110247
2025-07-29 14:00:00,1.2473461222110247
2025-07-29 14:15:00,1.2473461222110247
2025-07-29 14:30:00,1.2473461222110247
2025-07-29 14:45:00,1.2473461222110247
2025-07-29 15:00:00,1.2473461222110247
2025-07-29 15:15:00,1.2473461222110247
2025-07-29 15:30:00,1.2473461222110247
2025-07-29 15:45:00,1.2473461222110247
2025-07-29 16:00:00,1.2473461222110247
2025-07-29 16:15:00,1.2473461222110247
2025-07-29 16:30:00,1.2473461222110247
2025-07-29 16:45:00,1.2473461222110247
2025-07-29 17:00:00,1.2473461222110247
2025-07-29 17:15:00,1.2473461222110247
2025-07-29 17:30:00,1.2473461222110247
2025-07-29 17:45:00,1.2473461222110247
2025-07-29 18:00:00,1.2473461222110247
2025-07-29 18:15:00,1.2473461222110247
2025-07-29 18:30:00,1.2473461222110247
2025-07-29 18:45:00,1.2473461222110247
2025-07-29 19:00:00,1.2473461222110247
2025-07-29 19:15:00,1.2473461222110247
2025-07-29 19:30:00,1.2473461222110247
2025-07-29 19:45:00,1.2473461222110247
2025-07-30 13:30:00,1.2473461222110247
2025-07-30 13:45:00,1.2473461222110247
2025-07-30 14:00:00,1.2473461222110247
2025-07-30 14:15:00,1.2473461222110247
2025-07-30 14:30:00,1.2473461222110247
2025-07-30 14:45:00,1.2473461222110247
2025-07-30 15:00:00,1.2473461222110247
2025-07-30 15:15:00,1.2473461222110247
2025-07-30 15:30:00,1.2473461222110247
2025-07-30 15:45:00,1.2473461222110247
2025-07-30 16:00:00,1.2473461222110247
2025-07-30 16:15:00,1.2473461222110247
2025-07-30 16:30:00,1.2473461222110247
2025-07-30 16:45:00,1.2473461222110247
2025-07-30 17:00:00,1.2473461222110247
2025-07-30 17:15:00,1.2473461222110247
2025-07-30 17:30:00,1.2473461222110247
2025-07-30 17:45:00,1.2473461222110247
2025-07-30 18:00:00,1.2473461222110247
2025-07-30 18:15:00,1.2473461222110247
2025-07-30 18:30:00,1.2473461222110247
2025-07-30 18:45:00,1.2473461222110247
2025-07-30 19:00:00,1.2473461222110247
2025-07-30 19:15:00,1.2473461222110247
2025-07-30 19:30:00,1.2473461222110247
2025-07-30 19:45:00,1.2473461222110247
2025-07-31 13:30:00,1.2473461222110247
2025-07-31 13:45:00,1.2473461222110247
2025-07-31 14:00:00,1.2473461222110247
2025-07-31 14:15:00,1.2473461222110247
2025-07-31 14:30:00,1.2473461222110247
2025-07-31 14:45:00,1.2473461222110247
2025-07-31 15:00:00,1.2473461222110247
2025-07-31 15:15:00,1.2473461222110247
2025-07-31 15:30:00,1.2473461222110247
2025-07-31 15:45:00,1.2473461222110247
2025-07-31 16:00:00,1.2473461222110247
2025-07-31 16:15:00,1.2473461222110247
2025-07-31 16:30:00,1.2473461222110247
2025-07-31 16:45:00,1.2473461222110247
2025-07-31 17:00:00,1.2473461222110247
2025-07-31 17:15:00,1.2473461222110247
2025-07-31 17:30:00,1.2473461222110247
2025-07-31 17:45:00,1.2473461222110247
2025-07-31 18:00:00,1.2473461222110247
2025-07-31 18:15:00,1.2473461222110247
2025-07-31 18:30:00,1.2473461222110247
2025-07-31 18:45:00,1.2473461222110247
2025-07-31 19:00:00,1.2473461222110247
2025-07-31 19:15:00,1.2473461222110247
2025-07-31 19:45:00,1.2473461222110247
2025-08-01 13:30:00,1.2473461222110247
2025-08-01 13:45:00,1.2473461222110247
2025-08-01 14:00:00,1.2473461222110247
2025-08-01 14:15:00,1.2473461222110247
2025-08-01 14:30:00,1.2473461222110247
2025-08-01 14:45:00,1.2473461222110247
2025-08-01 15:00:00,1.2473461222110247
2025-08-01 15:15:00,1.2473461222110247
2025-08-01 15:30:00,1.2473461222110247
2025-08-01 15:45:00,1.2473461222110247
2025-08-01 16:00:00,1.2473461222110247
2025-08-01 16:15:00,1.2473461222110247
2025-08-01 16:30:00,1.2473461222110247
2025-08-01 16:45:00,1.2473461222110247
2025-08-01 17:00:00,1.2473461222110247
2025-08-01 17:15:00,1.2473461222110247
2025-08-01 17:30:00,1.3028933526097823
2025-08-01 17:45:00,1.3028933526097823
2025-08-01 18:00:00,1.3028933526097823
2025-08-01 18:15:00,1.3028933526097823
2025-08-01 18:30:00,1.3028933526097823
2025-08-01 18:45:00,1.3028933526097823
2025-08-01 19:00:00,1.3028933526097823
2025-08-01 19:15:00,1.3028933526097823
2025-08-01 19:30:00,1.3028933526097823
2025-08-01 19:45:00,1.3028933526097823
2025-08-04 13:30:00,1.3028933526097823
2025-08-04 13:45:00,1.3028933526097823
2025-08-04 14:00:00,1.3028933526097823
2025-08-04 14:15:00,1.3028933526097823
2025-08-04 14:30:00,1.2847688175681737
2025-08-04 17:00:00,1.2847688175681737
2025-08-04 17:15:00,1.2847688175681737
2025-08-04 17:30:00,1.2847688175681737
2025-08-04 17:45:00,1.2847688175681737
2025-08-04 18:00:00,1.2847688175681737
2025-08-04 18:15:00,1.2847688175681737
2025-08-04 18:30:00,1.2847688175681737
2025-08-04 18:45:00,1.2847688175681737
2025-08-04 19:00:00,1.2847688175681737
2025-08-04 19:15:00,1.2847688175681737
2025-08-04 19:30:00,1.2847688175681737
2025-08-04 19:45:00,1.2847688175681737
2025-08-05 13:30:00,1.2847688175681737
2025-08-05 13:45:00,1.2847688175681737
2025-08-05 14:00:00,1.2847688175681737
2025-08-05 14:15:00,1.2847688175681737
2025-08-05 14:30:00,1.2847688175681737
2025-08-05 14:45:00,1.2847688175681737
2025-08-05 15:00:00,1.2847688175681737
2025-08-05 15:15:00,1.2847688175681737
2025-08-05 15:30:00,1.2847688175681737
2025-08-05 15:45:00,1.2847688175681737
2025-08-05 16:00:00,1.2847688175681737
2025-08-05 16:15:00,1.2847688175681737
2025-08-05 16:30:00,1.2847688175681737
2025-08-05 16:45:00,1.2847688175681737
2025-08-05 17:00:00,1.2847688175681737
2025-08-05 17:15:00,1.2847688175681737
2025-08-05 17:30:00,1.2847688175681737
2025-08-05 17:45:00,1.2847688175681737
2025-08-05 18:00:00,1.2847688175681737
2025-08-05 18:15:00,1.2847688175681737
2025-08-05 18:30:00,1.2847688175681737
2025-08-05 18:45:00,1.2847688175681737
2025-08-05 19:00:00,1.2847688175681737
2025-08-05 19:15:00,1.2847688175681737
2025-08-05 19:30:00,1.2847688175681737
2025-08-05 19:45:00,1.2847688175681737
2025-08-06 13:30:00,1.2847688175681737
2025-08-06 13:45:00,1.2847688175681737
2025-08-06 14:00:00,1.2847688175681737
2025-08-06 14:15:00,1.2847688175681737
2025-08-06 14:30:00,1.2847688175681737
2025-08-06 14:45:00,1.2847688175681737
2025-08-06 15:00:00,1.2847688175681737
2025-08-06 15:15:00,1.2847688175681737
2025-08-06 15:30:00,1.2847688175681737
2025-08-06 15:45:00,1.2847688175681737
2025-08-06 16:00:00,1.2847688175681737
2025-08-06 16:15:00,1.2847688175681737
2025-08-06 16:30:00,1.2847688175681737
2025-08-06 16:45:00,1.2847688175681737
2025-08-06 17:00:00,1.2847688175681737
2025-08-06 17:15:00,1.2847688175681737
2025-08-06 17:30:00,1.2278865575037
2025-08-06 17:45:00,1.2278865575037
2025-08-06 18:00:00,1.2278865575037
2025-08-06 18:15:00,1.2278865575037
2025-08-06 18:30:00,1.2278865575037
2025-08-06 18:45:00,1.2278865575037
2025-08-06 19:00:00,1.2278865575037
2025-08-06 19:15:00,1.2278865575037
2025-08-06 19:30:00,1.2278865575037
2025-08-06 19:45:00,1.2278865575037
2025-08-07 13:30:00,1.2278865575037
2025-08-07 13:45:00,1.2278865575037
2025-08-07 14:00:00,1.2278865575037
2025-08-07 14:15:00,1.2278865575037
2025-08-07 14:30:00,1.2278865575037
2025-08-07 14:45:00,1.2278865575037
2025-08-07 15:00:00,1.2278865575037
2025-08-07 15:15:00,1.2278865575037
2025-08-07 15:30:00,1.2278865575037
2025-08-07 15:45:00,1.2278865575037
2025-08-07 16:00:00,1.2278865575037
2025-08-07 16:15:00,1.2278865575037
2025-08-07 16:30:00,1.2278865575037
2025-08-07 16:45:00,1.2278865575037
2025-08-07 17:00:00,1.2278865575037
2025-08-07 17:15:00,1.2278865575037
2025-08-07 17:30:00,1.2255069323922587
2025-08-07 17:45:00,1.2255069323922587
2025-08-07 18:00:00,1.2255069323922587
2025-08-07 18:15:00,1.2255069323922587
2025-08-07 18:30:00,1.2255069323922587
2025-08-07 18:45:00,1.2255069323922587
2025-08-07 19:00:00,1.2255069323922587
2025-08-07 19:15:00,1.2255069323922587
2025-08-07 19:30:00,1.2255069323922587
2025-08-07 19:45:00,1.2255069323922587
2025-08-08 13:30:00,1.2255069323922587
2025-08-08 13:45:00,1.2255069323922587
2025-08-08 14:00:00,1.2255069323922587
2025-08-08 14:15:00,1.2255069323922587
2025-08-08 14:30:00,1.2255069323922587
2025-08-08 15:00:00,1.2255069323922587
2025-08-08 15:15:00,1.2255069323922587
2025-08-08 15:30:00,1.2255069323922587
2025-08-08 15:45:00,1.2255069323922587
2025-08-08 16:00:00,1.2255069323922587
2025-08-08 16:15:00,1.2255069323922587
2025-08-08 16:30:00,1.2255069323922587
2025-08-08 17:30:00,1.2255069323922587
2025-08-08 17:45:00,1.2255069323922587
2025-08-08 18:00:00,1.2255069323922587
2025-08-08 18:15:00,1.2255069323922587
2025-08-08 18:30:00,1.2255069323922587
2025-08-08 18:45:00,1.2255069323922587
2025-08-08 19:00:00,1.2255069323922587
2025-08-08 19:15:00,1.2255069323922587
2025-08-08 19:30:00,1.2255069323922587
2025-08-08 19:45:00,1.2255069323922587
2025-08-11 13:30:00,1.2255069323922587
2025-08-11 13:45:00,1.2255069323922587
2025-08-11 14:00:00,1.2255069323922587
2025-08-11 14:15:00,1.2255069323922587
2025-08-11 14:30:00,1.2255069323922587
2025-08-11 14:45:00,1.2255069323922587
2025-08-11 15:00:00,1.2255069323922587
2025-08-11 15:15:00,1.2255069323922587
2025-08-11 15:30:00,1.2255069323922587
2025-08-11 15:45:00,1.2255069323922587
2025-08-11 16:00:00,1.2255069323922587
2025-08-11 16:15:00,1.2255069323922587
2025-08-11 16:30:00,1.236316254838938
2025-08-11 18:00:00,1.236316254838938
2025-08-11 18:15:00,1.236316254838938
2025-08-11 18:30:00,1.236316254838938
2025-08-11 18:45:00,1.236316254838938
2025-08-11 19:00:00,1.236316254838938
2025-08-11 19:15:00,1.236316254838938
2025-08-11 19:30:00,1.236316254838938
2025-08-11 19:45:00,1.236316254838938
2025-08-12 13:30:00,1.236316254838938
2025-08-12 13:45:00,1.236316254838938
2025-08-12 14:00:00,1.236316254838938
2025-08-12 14:15:00,1.236316254838938
2025-08-12 14:30:00,1.236316254838938
2025-08-12 14:45:00,1.236316254838938
2025-08-12 15:00:00,1.236316254838938
2025-08-12 15:15:00,1.236316254838938
2025-08-12 15:30:00,1.236316254838938
2025-08-12 15:45:00,1.236316254838938
2025-08-12 16:00:00,1.236316254838938
2025-08-12 16:15:00,1.236316254838938
2025-08-12 16:30:00,1.236316254838938
2025-08-12 16:45:00,1.236316254838938
2025-08-12 17:00:00,1.236316254838938
2025-08-12 17:15:00,1.236316254838938
2025-08-12 17:30:00,1.236316254838938
2025-08-12 17:45:00,1.236316254838938
2025-08-12 18:00:00,1.236316254838938
2025-08-12 18:15:00,1.236316254838938
2025-08-12 18:30:00,1.236316254838938
2025-08-12 18:45:00,1.236316254838938
2025-08-12 19:00:00,1.236316254838938
2025-08-12 19:15:00,1.236316254838938
2025-08-12 19:30:00,1.236316254838938
2025-08-12 19:45:00,1.236316254838938
2025-08-13 13:30:00,1.236316254838938
2025-08-13 13:45:00,1.236316254838938
2025-08-13 14:00:00,1.236316254838938
2025-08-13 14:15:00,1.236316254838938
2025-08-13 14:30:00,1.236316254838938
2025-08-13 14:45:00,1.236316254838938
2025-08-13 15:00:00,1.236316254838938
2025-08-13 15:15:00,1.236316254838938
2025-08-13 15:30:00,1.236316254838938
2025-08-13 15:45:00,1.236316254838938
2025-08-13 16:00:00,1.236316254838938
2025-08-13 16:15:00,1.236316254838938
2025-08-13 16:30:00,1.236316254838938
2025-08-13 16:45:00,1.236316254838938
2025-08-13 17:00:00,1.236316254838938
2025-08-13 17:15:00,1.236316254838938
2025-08-13 17:30:00,1.2284481159698812
2025-08-13 17:45:00,1.2284481159698812
2025-08-13 18:00:00,1.2284481159698812
2025-08-13 18:15:00,1.2284481159698812
2025-08-13 18:30:00,1.2284481159698812
2025-08-13 18:45:00,1.2284481159698812
2025-08-13 19:30:00,1.2284481159698812
2025-08-13 19:45:00,1.2284481159698812
2025-08-14 13:30:00,1.2284481159698812
2025-08-14 13:45:00,1.2284481159698812
2025-08-14 14:00:00,1.2284481159698812
2025-08-14 14:15:00,1.2284481159698812
2025-08-14 14:30:00,1.2284481159698812
2025-08-14 14:45:00,1.2284481159698812
2025-08-14 15:00:00,1.2284481159698812
2025-08-14 15:15:00,1.2284481159698812
2025-08-14 15:30:00,1.2284481159698812
2025-08-14 15:45:00,1.2284481159698812
2025-08-14 16:00:00,1.2284481159698812
2025-08-14 16:15:00,1.2284481159698812
2025-08-14 16:30:00,1.2284481159698812
2025-08-14 16:45:00,1.2284481159698812
2025-08-14 17:00:00,1.2284481159698812
2025-08-14 17:15:00,1.2284481159698812
2025-08-14 18:00:00,1.2284481159698812
2025-08-14 18:15:00,1.2284481159698812
2025-08-14 18:30:00,1.2284481159698812
2025-08-14 18:45:00,1.2284481159698812
2025-08-14 19:00:00,1.2284481159698812
2025-08-14 19:15:00,1.2284481159698812
2025-08-14 19:30:00,1.2284481159698812
2025-08-14 19:45:00,1.2284481159698812
2025-08-15 13:30:00,1.2284481159698812
2025-08-15 13:45:00,1.2284481159698812
2025-08-15 14:00:00,1.2284481159698812
2025-08-15 14:15:00,1.2284481159698812
2025-08-15 14:30:00,1.2284481159698812
2025-08-15 14:45:00,1.2284481159698812
2025-08-15 15:00:00,1.2284481159698812
2025-08-15 15:15:00,1.2284481159698812
2025-08-15 15:30:00,1.2284481159698812
2025-08-15 15:45:00,1.2284481159698812
2025-08-15 16:00:00,1.2284481159698812
2025-08-15 16:15:00,1.2284481159698812
2025-08-15 16:30:00,1.2284481159698812
2025-08-15 16:45:00,1.2284481159698812
2025-08-15 17:00:00,1.2284481159698812
2025-08-15 17:15:00,1.2284481159698812
2025-08-15 17:30:00,1.2451227348565215
2025-08-15 17:45:00,1.2451227348565215
2025-08-15 18:00:00,1.2451227348565215
2025-08-15 18:15:00,1.2451227348565215
2025-08-15 18:30:00,1.2451227348565215
2025-08-15 18:45:00,1.2451227348565215
2025-08-15 19:00:00,1.2451227348565215
2025-08-15 19:15:00,1.2451227348565215
2025-08-15 19:30:00,1.2451227348565215
2025-08-15 19:45:00,1.2451227348565215
2025-08-18 13:30:00,1.2451227348565215
2025-08-18 13:45:00,1.2451227348565215
2025-08-18 14:00:00,1.2451227348565215
2025-08-18 14:15:00,1.2451227348565215
2025-08-18 14:30:00,1.2451227348565215
2025-08-18 14:45:00,1.2451227348565215
2025-08-18 15:00:00,1.2451227348565215
2025-08-18 15:15:00,1.2451227348565215
2025-08-18 15:30:00,1.2451227348565215
2025-08-18 15:45:00,1.2451227348565215
2025-08-18 16:00:00,1.2451227348565215
2025-08-18 16:15:00,1.2451227348565215
2025-08-18 16:30:00,1.2451227348565215
2025-08-18 16:45:00,1.2451227348565215
2025-08-18 17:00:00,1.2451227348565215
2025-08-18 17:15:00,1.2451227348565215
2025-08-18 17:30:00,1.2491648161928952
2025-08-18 17:45:00,1.2491648161928952
2025-08-18 18:00:00,1.2491648161928952
2025-08-18 18:15:00,1.2491648161928952
2025-08-18 18:30:00,1.2491648161928952
2025-08-18 18:45:00,1.2491648161928952
2025-08-18 19:00:00,1.2491648161928952
2025-08-18 19:15:00,1.2491648161928952
2025-08-18 19:30:00,1.2491648161928952
2025-08-18 19:45:00,1.2491648161928952
2025-08-19 13:30:00,1.2491648161928952
2025-08-19 13:45:00,1.2491648161928952
2025-08-19 14:00:00,1.2491648161928952
2025-08-19 14:15:00,1.2491648161928952
2025-08-19 14:30:00,1.2491648161928952
2025-08-19 14:45:00,1.2491648161928952
2025-08-19 15:00:00,1.2491648161928952
2025-08-19 15:15:00,1.2491648161928952
2025-08-19 15:30:00,1.2491648161928952
2025-08-19 15:45:00,1.2491648161928952
2025-08-19 16:00:00,1.2491648161928952
2025-08-19 16:15:00,1.2491648161928952
2025-08-19 16:30:00,1.2491648161928952
2025-08-19 16:45:00,1.2491648161928952
2025-08-19 17:00:00,1.2491648161928952
2025-08-19 17:15:00,1.2491648161928952
2025-08-19 17:30:00,1.2491648161928952
2025-08-19 17:45:00,1.2491648161928952
2025-08-19 18:00:00,1.2491648161928952
2025-08-19 18:15:00,1.2491648161928952
2025-08-19 18:30:00,1.2491648161928952
2025-08-19 18:45:00,1.2491648161928952
2025-08-19 19:00:00,1.2491648161928952
2025-08-19 19:15:00,1.2491648161928952
2025-08-19 19:30:00,1.2491648161928952
2025-08-19 19:45:00,1.2491648161928952
2025-08-20 13:30:00,1.2491648161928952
2025-08-20 13:45:00,1.2491648161928952
2025-08-20 14:00:00,1.2491648161928952
2025-08-20 14:15:00,1.2491648161928952
2025-08-20 14:30:00,1.2491648161928952
2025-08-20 14:45:00,1.2491648161928952
2025-08-20 15:00:00,1.2491648161928952
2025-08-20 15:15:00,1.2491648161928952
2025-08-20 15:30:00,1.2491648161928952
2025-08-20 15:45:00,1.2491648161928952
2025-08-20 16:00:00,1.2491648161928952
2025-08-20 16:15:00,1.2491648161928952
2025-08-20 16:30:00,1.2491648161928952
2025-08-20 16:45:00,1.2491648161928952
2025-08-20 17:00:00,1.2491648161928952
2025-08-20 17:15:00,1.2491648161928952
2025-08-20 17:30:00,1.2491648161928952
2025-08-20 17:45:00,1.2491648161928952
2025-08-20 18:00:00,1.2491648161928952
2025-08-20 18:15:00,1.2491648161928952
2025-08-20 18:30:00,1.2491648161928952
2025-08-20 18:45:00,1.2491648161928952
2025-08-20 19:00:00,1.2491648161928952
2025-08-20 19:15:00,1.2491648161928952
2025-08-20 19:30:00,1.2491648161928952
2025-08-20 19:45:00,1.2491648161928952
2025-08-21 13:30:00,1.2491648161928952
2025-08-21 13:45:00,1.2491648161928952
2025-08-21 14:00:00,1.2491648161928952
2025-08-21 14:15:00,1.2491648161928952
2025-08-21 14:30:00,1.2491648161928952
2025-08-21 14:45:00,1.2491648161928952
2025-08-21 15:00:00,1.2491648161928952
2025-08-21 15:15:00,1.2491648161928952
2025-08-21 15:30:00,1.2491648161928952
2025-08-21 15:45:00,1.2491648161928952
2025-08-21 16:00:00,1.2491648161928952
2025-08-21 16:15:00,1.2491648161928952
2025-08-21 16:30:00,1.2491648161928952
2025-08-21 16:45:00,1.2491648161928952
2025-08-21 17:00:00,1.2491648161928952
2025-08-21 17:15:00,1.2491648161928952
2025-08-21 17:30:00,1.2491648161928952
2025-08-21 17:45:00,1.2491648161928952
2025-08-21 18:00:00,1.2491648161928952
2025-08-21 18:15:00,1.2491648161928952
2025-08-21 18:30:00,1.2491648161928952
2025-08-21 18:45:00,1.2491648161928952
2025-08-21 19:00:00,1.2491648161928952
2025-08-21 19:15:00,1.2491648161928952
2025-08-21 19:30:00,1.2491648161928952
2025-08-21 19:45:00,1.2491648161928952
2025-08-22 13:30:00,1.2491648161928952
2025-08-22 13:45:00,1.2491648161928952
2025-08-22 14:00:00,1.2491648161928952
2025-08-22 14:15:00,1.2491648161928952
2025-08-22 14:30:00,1.2491648161928952
2025-08-22 14:45:00,1.2491648161928952
2025-08-22 15:00:00,1.2491648161928952
2025-08-22 15:15:00,1.2491648161928952
2025-08-22 15:30:00,1.2491648161928952
2025-08-22 15:45:00,1.2491648161928952
2025-08-22 16:00:00,1.2491648161928952
2025-08-22 16:15:00,1.2491648161928952
2025-08-22 16:30:00,1.2491648161928952
2025-08-22 16:45:00,1.2491648161928952
2025-08-22 17:00:00,1.2491648161928952
2025-08-22 17:15:00,1.2491648161928952
2025-08-22 17:30:00,1.238595327016194
2025-08-22 17:45:00,1.238595327016194
2025-08-22 18:00:00,1.238595327016194
2025-08-22 18:15:00,1.238595327016194
2025-08-22 18:30:00,1.238595327016194
2025-08-22 18:45:00,1.238595327016194
2025-08-22 19:00:00,1.238595327016194
2025-08-22 19:15:00,1.238595327016194
2025-08-22 19:30:00,1.238595327016194
2025-08-22 19:45:00,1.238595327016194
2025-08-25 13:30:00,1.238595327016194
2025-08-25 13:45:00,1.238595327016194
2025-08-25 14:00:00,1.238595327016194
2025-08-25 14:15:00,1.238595327016194
2025-08-25 14:30:00,1.238595327016194
2025-08-25 14:45:00,1.238595327016194
2025-08-25 15:00:00,1.238595327016194
2025-08-25 15:15:00,1.238595327016194
2025-08-25 15:30:00,1.238595327016194
2025-08-25 15:45:00,1.238595327016194
2025-08-25 16:00:00,1.238595327016194
2025-08-25 16:15:00,1.238595327016194
2025-08-25 16:30:00,1.238595327016194
2025-08-25 16:45:00,1.238595327016194
2025-08-25 17:00:00,1.238595327016194
2025-08-25 17:15:00,1.238595327016194
2025-08-25 17:30:00,1.2501111096950916
2025-08-25 17:45:00,1.2501111096950916
2025-08-25 18:00:00,1.2501111096950916
2025-08-25 18:15:00,1.2501111096950916
2025-08-25 18:30:00,1.2501111096950916
2025-08-25 18:45:00,1.2501111096950916
2025-08-25 19:00:00,1.2501111096950916
2025-08-25 19:15:00,1.2501111096950916
2025-08-25 19:30:00,1.2501111096950916
2025-08-25 19:45:00,1.2501111096950916
2025-08-26 13:30:00,1.2501111096950916
2025-08-26 13:45:00,1.2501111096950916
2025-08-26 14:00:00,1.2501111096950916
2025-08-26 14:15:00,1.2501111096950916
2025-08-26 14:30:00,1.2501111096950916
2025-08-26 14:45:00,1.2501111096950916
2025-08-26 15:00:00,1.2501111096950916
2025-08-26 15:15:00,1.2501111096950916
2025-08-26 15:30:00,1.2501111096950916
2025-08-26 15:45:00,1.2501111096950916
2025-08-26 16:00:00,1.2501111096950916
2025-08-26 16:15:00,1.2501111096950916
2025-08-26 16:30:00,1.2501111096950916
2025-08-26 16:45:00,1.2501111096950916
2025-08-26 17:00:00,1.2501111096950916
2025-08-26 17:15:00,1.2501111096950916
2025-08-26 17:30:00,1.2501111096950916
2025-08-26 17:45:00,1.2501111096950916
2025-08-26 18:00:00,1.2501111096950916
2025-08-26 18:15:00,1.2501111096950916
2025-08-26 18:30:00,1.2501111096950916
2025-08-26 18:45:00,1.2501111096950916
2025-08-26 19:00:00,1.2501111096950916
2025-08-26 19:15:00,1.2501111096950916
2025-08-26 19:30:00,1.2501111096950916
2025-08-26 19:45:00,1.2501111096950916
2025-08-27 13:30:00,1.2501111096950916
2025-08-27 13:45:00,1.2501111096950916
2025-08-27 14:00:00,1.2501111096950916
2025-08-27 14:15:00,1.2501111096950916
2025-08-27 14:30:00,1.2501111096950916
2025-08-27 14:45:00,1.2501111096950916
2025-08-27 15:00:00,1.2501111096950916
2025-08-27 15:15:00,1.2501111096950916
2025-08-27 15:30:00,1.2501111096950916
2025-08-27 15:45:00,1.2501111096950916
2025-08-27 16:00:00,1.2501111096950916
2025-08-27 16:15:00,1.2501111096950916
2025-08-27 16:30:00,1.2501111096950916
2025-08-27 16:45:00,1.2501111096950916
2025-08-27 17:00:00,1.2501111096950916
2025-08-27 17:15:00,1.2501111096950916
2025-08-27 17:30:00,1.2501111096950916
2025-08-27 17:45:00,1.2501111096950916
2025-08-27 18:00:00,1.2501111096950916
2025-08-27 18:15:00,1.2501111096950916
2025-08-27 18:30:00,1.2501111096950916
2025-08-27 18:45:00,1.2501111096950916
2025-08-27 19:00:00,1.2501111096950916
2025-08-27 19:15:00,1.2501111096950916
2025-08-27 19:30:00,1.2501111096950916
2025-08-27 19:45:00,1.2501111096950916
2025-08-28 13:30:00,1.2501111096950916
2025-08-28 13:45:00,1.2501111096950916
2025-08-28 14:00:00,1.2501111096950916
2025-08-28 14:15:00,1.2501111096950916
2025-08-28 14:30:00,1.2501111096950916
2025-08-28 14:45:00,1.2501111096950916
2025-08-28 15:00:00,1.2501111096950916
2025-08-28 15:15:00,1.2501111096950916
2025-08-28 15:30:00,1.2501111096950916
2025-08-28 15:45:00,1.2501111096950916
2025-08-28 16:00:00,1.2501111096950916
2025-08-28 16:15:00,1.2501111096950916
2025-08-28 16:30:00,1.2501111096950916
2025-08-29 14:15:00,1.2501111096950916
2025-08-29 14:30:00,1.2501111096950916
2025-08-29 14:45:00,1.2501111096950916
2025-08-29 15:00:00,1.2501111096950916
2025-08-29 15:15:00,1.2501111096950916
2025-08-29 15:30:00,1.2501111096950916
2025-08-29 15:45:00,1.2501111096950916
2025-08-29 16:00:00,1.2501111096950916
2025-08-29 16:15:00,1.2501111096950916
2025-08-29 16:30:00,1.2501111096950916
2025-08-29 16:45:00,1.2501111096950916
2025-08-29 17:00:00,1.2501111096950916
2025-08-29 17:15:00,1.2501111096950916
2025-08-29 17:30:00,1.2501111096950916
2025-08-29 17:45:00,1.2501111096950916
2025-08-29 18:00:00,1.2501111096950916
2025-08-29 18:15:00,1.2501111096950916
2025-08-29 18:30:00,1.2501111096950916
2025-08-29 18:45:00,1.2501111096950916
2025-08-29 19:00:00,1.2501111096950916
2025-08-29 19:15:00,1.2501111096950916
2025-08-29 19:30:00,1.2501111096950916
2025-08-29 19:45:00,1.2501111096950916
2025-09-02 13:30:00,1.2501111096950916
2025-09-02 13:45:00,1.2501111096950916
2025-09-02 14:00:00,1.2501111096950916
2025-09-02 14:15:00,1.2501111096950916
2025-09-02 14:30:00,1.2501111096950916
2025-09-02 14:45:00,1.2501111096950916
2025-09-02 15:00:00,1.2501111096950916
2025-09-02 15:15:00,1.2501111096950916
2025-09-02 15:30:00,1.2501111096950916
2025-09-02 15:45:00,1.2501111096950916
2025-09-02 16:00:00,1.2501111096950916
2025-09-02 16:15:00,1.2501111096950916
2025-09-02 16:30:00,1.2501111096950916
2025-09-02 16:45:00,1.2501111096950916
2025-09-02 17:00:00,1.2501111096950916
2025-09-02 17:15:00,1.2501111096950916
2025-09-02 17:30:00,1.246033146027288
2025-09-02 17:45:00,1.246033146027288
2025-09-02 18:00:00,1.246033146027288
2025-09-02 18:15:00,1.246033146027288
2025-09-02 18:30:00,1.246033146027288
2025-09-02 18:45:00,1.246033146027288
2025-09-02 19:00:00,1.246033146027288
2025-09-02 19:15:00,1.246033146027288
2025-09-02 19:30:00,1.246033146027288
2025-09-02 19:45:00,1.246033146027288
2025-09-03 13:30:00,1.246033146027288
2025-09-03 15:00:00,1.246033146027288
2025-09-03 15:15:00,1.246033146027288
2025-09-03 15:30:00,1.246033146027288
2025-09-03 15:45:00,1.246033146027288
2025-09-03 16:00:00,1.246033146027288
2025-09-03 16:15:00,1.246033146027288
2025-09-03 16:30:00,1.246033146027288
2025-09-03 16:45:00,1.246033146027288
2025-09-03 17:00:00,1.246033146027288
2025-09-03 17:15:00,1.246033146027288
2025-09-03 17:30:00,1.246033146027288
2025-09-03 17:45:00,1.246033146027288
2025-09-03 18:00:00,1.246033146027288
2025-09-03 18:15:00,1.246033146027288
2025-09-03 18:30:00,1.246033146027288
2025-09-03 18:45:00,1.2473930252954633
2025-09-03 19:00:00,1.2473930252954633
2025-09-03 19:15:00,1.2473930252954633
2025-09-03 19:30:00,1.2473930252954633
2025-09-03 19:45:00,1.2473930252954633
2025-09-04 13:30:00,1.2473930252954633
2025-09-04 13:45:00,1.2473930252954633
2025-09-04 14:00:00,1.2473930252954633
2025-09-04 14:15:00,1.2473930252954633
2025-09-04 14:30:00,1.2473930252954633
2025-09-04 14:45:00,1.2473930252954633
2025-09-04 15:00:00,1.2473930252954633
2025-09-04 15:15:00,1.2473930252954633
2025-09-04 15:30:00,1.2473930252954633
2025-09-04 15:45:00,1.2473930252954633
2025-09-04 16:00:00,1.2473930252954633
2025-09-04 16:15:00,1.2473930252954633
2025-09-04 16:30:00,1.2473930252954633
2025-09-04 16:45:00,1.2473930252954633
2025-09-04 17:00:00,1.2473930252954633
2025-09-04 17:15:00,1.2473930252954633
2025-09-04 17:30:00,1.2473930252954633
2025-09-04 17:45:00,1.2473930252954633
2025-09-04 18:00:00,1.2473930252954633
2025-09-04 18:15:00,1.2473930252954633
2025-09-04 18:30:00,1.2473930252954633
2025-09-04 18:45:00,1.2473930252954633
2025-09-04 19:00:00,1.2473930252954633
2025-09-04 19:15:00,1.2473930252954633
2025-09-04 19:30:00,1.2473930252954633
2025-09-04 19:45:00,1.2473930252954633
2025-09-05 13:30:00,1.2473930252954633
2025-09-05 13:45:00,1.2473930252954633
2025-09-05 14:00:00,1.2473930252954633
2025-09-05 14:15:00,1.2473930252954633
2025-09-05 14:30:00,1.2473930252954633
2025-09-05 14:45:00,1.2473930252954633
2025-09-05 15:00:00,1.2473930252954633
2025-09-05 15:15:00,1.2473930252954633
2025-09-05 15:30:00,1.2473930252954633
2025-09-05 15:45:00,1.2473930252954633
2025-09-05 16:00:00,1.2473930252954633
2025-09-05 16:15:00,1.2473930252954633
2025-09-05 16:30:00,1.2473930252954633
2025-09-05 16:45:00,1.2473930252954633
2025-09-05 17:00:00,1.2473930252954633
2025-09-05 17:15:00,1.2473930252954633
2025-09-05 17:30:00,1.25256010298991
2025-09-05 17:45:00,1.25256010298991
2025-09-05 18:00:00,1.25256010298991
2025-09-05 18:15:00,1.25256010298991
2025-09-05 18:30:00,1.25256010298991
2025-09-05 18:45:00,1.25256010298991
2025-09-05 19:00:00,1.25256010298991
2025-09-05 19:15:00,1.25256010298991
2025-09-05 19:30:00,1.25256010298991
2025-09-05 19:45:00,1.25256010298991
2025-09-08 13:30:00,1.25256010298991
2025-09-08 13:45:00,1.25256010298991
2025-09-08 14:00:00,1.25256010298991
2025-09-08 14:15:00,1.25256010298991
2025-09-08 14:30:00,1.25256010298991
2025-09-08 14:45:00,1.25256010298991
2025-09-08 15:00:00,1.25256010298991
2025-09-08 15:15:00,1.25256010298991
2025-09-08 15:30:00,1.25256010298991
2025-09-08 15:45:00,1.25256010298991
2025-09-08 16:00:00,1.25256010298991
2025-09-08 16:15:00,1.25256010298991
2025-09-08 16:30:00,1.25256010298991
2025-09-08 16:45:00,1.25256010298991
2025-09-08 17:00:00,1.25256010298991
2025-09-08 17:15:00,1.25256010298991
2025-09-08 17:30:00,1.25256010298991
2025-09-08 17:45:00,1.25256010298991
2025-09-08 18:00:00,1.25256010298991
2025-09-08 18:15:00,1.25256010298991
2025-09-08 18:30:00,1.25256010298991
2025-09-08 18:45:00,1.25256010298991
2025-09-08 19:00:00,1.25256010298991
2025-09-08 19:15:00,1.25256010298991
2025-09-08 19:30:00,1.25256010298991
2025-09-08 19:45:00,1.25256010298991
2025-09-09 13:30:00,1.25256010298991
2025-09-09 13:45:00,1.25256010298991
2025-09-09 14:00:00,1.25256010298991
2025-09-09 14:15:00,1.25256010298991
2025-09-09 14:30:00,1.25256010298991
2025-09-09 14:45:00,1.25256010298991
2025-09-09 15:00:00,1.25256010298991
2025-09-09 15:15:00,1.25256010298991
2025-09-09 15:30:00,1.25256010298991
2025-09-09 15:45:00,1.25256010298991
2025-09-09 16:00:00,1.25256010298991
2025-09-09 16:15:00,1.25256010298991
2025-09-09 16:30:00,1.25256010298991
2025-09-09 16:45:00,1.25256010298991
2025-09-09 17:00:00,1.25256010298991
2025-09-09 17:15:00,1.25256010298991
2025-09-09 17:30:00,1.2516616421565419
2025-09-09 17:45:00,1.2516616421565419
2025-09-09 18:00:00,1.2516616421565419
2025-09-09 18:15:00,1.2516616421565419
2025-09-09 18:30:00,1.2516616421565419
2025-09-09 18:45:00,1.2516616421565419
2025-09-09 19:00:00,1.2516616421565419
2025-09-09 19:15:00,1.2516616421565419
2025-09-09 19:30:00,1.2516616421565419
2025-09-09 19:45:00,1.2516616421565419
2025-09-10 13:30:00,1.2516616421565419
2025-09-10 13:45:00,1.2516616421565419
2025-09-10 14:00:00,1.2516616421565419
2025-09-10 14:15:00,1.2516616421565419
2025-09-10 14:30:00,1.2516616421565419
2025-09-10 14:45:00,1.2516616421565419
2025-09-10 15:00:00,1.2516616421565419
2025-09-10 15:15:00,1.2516616421565419
2025-09-10 15:30:00,1.2516616421565419
2025-09-10 15:45:00,1.2516616421565419
2025-09-10 16:00:00,1.2516616421565419
2025-09-10 16:15:00,1.2516616421565419
2025-09-10 16:30:00,1.2516616421565419
2025-09-10 16:45:00,1.2516616421565419
2025-09-10 17:00:00,1.2516616421565419
2025-09-10 17:15:00,1.2516616421565419
2025-09-10 17:30:00,1.2228279743808135
2025-09-10 17:45:00,1.2228279743808135
2025-09-10 18:00:00,1.2228279743808135
2025-09-10 18:15:00,1.2228279743808135
2025-09-10 18:30:00,1.2228279743808135
2025-09-10 18:45:00,1.2228279743808135
2025-09-10 19:00:00,1.2228279743808135
2025-09-10 19:15:00,1.2228279743808135
2025-09-10 19:30:00,1.2228279743808135
2025-09-10 19:45:00,1.2228279743808135
2025-09-11 13:30:00,1.2228279743808135
2025-09-11 13:45:00,1.2228279743808135
2025-09-11 14:00:00,1.2228279743808135
2025-09-11 14:15:00,1.2228279743808135
2025-09-11 14:30:00,1.2228279743808135
2025-09-11 14:45:00,1.2228279743808135
2025-09-11 15:00:00,1.2228279743808135
2025-09-11 15:15:00,1.2228279743808135
2025-09-11 15:30:00,1.2228279743808135
2025-09-11 15:45:00,1.2228279743808135
2025-09-11 16:00:00,1.2228279743808135
2025-09-11 16:15:00,1.2228279743808135
2025-09-11 16:30:00,1.2228279743808135
2025-09-11 16:45:00,1.2228279743808135
2025-09-11 17:00:00,1.2228279743808135
2025-09-11 17:15:00,1.2228279743808135
2025-09-11 17:30:00,1.2228279743808135
2025-09-11 17:45:00,1.2228279743808135
2025-09-11 18:00:00,1.2228279743808135
2025-09-11 18:15:00,1.2228279743808135
2025-09-11 18:30:00,1.2228279743808135
2025-09-11 18:45:00,1.2228279743808135
2025-09-11 19:00:00,1.2228279743808135
2025-09-11 19:15:00,1.2228279743808135
2025-09-11 19:30:00,1.2228279743808135
2025-09-11 19:45:00,1.2228279743808135
2025-09-12 13:30:00,1.2228279743808135
2025-09-12 13:45:00,1.2228279743808135
2025-09-12 14:00:00,1.2228279743808135
2025-09-12 14:15:00,1.2228279743808135
2025-09-12 14:30:00,1.2228279743808135
2025-09-12 14:45:00,1.2228279743808135
2025-09-12 15:00:00,1.2228279743808135
2025-09-12 15:15:00,1.2228279743808135
2025-09-12 15:30:00,1.2228279743808135
2025-09-12 15:45:00,1.2228279743808135
2025-09-12 16:00:00,1.2228279743808135
2025-09-12 16:15:00,1.2228279743808135
2025-09-12 16:30:00,1.2228279743808135
2025-09-12 16:45:00,1.2228279743808135
2025-09-12 17:00:00,1.2228279743808135
2025-09-12 17:15:00,1.2228279743808135
2025-09-12 17:30:00,1.2228279743808135
2025-09-12 17:45:00,1.2228279743808135
2025-09-12 18:00:00,1.2228279743808135
2025-09-12 18:15:00,1.2228279743808135
2025-09-12 18:30:00,1.2228279743808135
2025-09-12 18:45:00,1.2228279743808135
2025-09-12 19:00:00,1.2228279743808135
2025-09-12 19:15:00,1.2228279743808135
2025-09-12 19:30:00,1.2228279743808135
2025-09-12 19:45:00,1.2228279743808135
2025-09-15 13:30:00,1.2228279743808135
2025-09-15 13:45:00,1.2228279743808135
2025-09-15 14:00:00,1.2228279743808135
2025-09-15 14:15:00,1.2228279743808135
2025-09-15 14:30:00,1.2228279743808135
2025-09-15 14:45:00,1.2228279743808135
2025-09-15 15:00:00,1.2228279743808135
2025-09-15 15:15:00,1.2228279743808135
2025-09-15 15:30:00,1.2228279743808135
2025-09-15 15:45:00,1.2228279743808135
2025-09-15 16:00:00,1.2228279743808135
2025-09-15 16:15:00,1.2228279743808135
2025-09-15 16:30:00,1.2228279743808135
2025-09-15 16:45:00,1.2228279743808135
2025-09-15 17:00:00,1.2228279743808135
2025-09-15 17:15:00,1.2228279743808135
2025-09-15 17:30:00,1.2295202479022964
2025-09-15 17:45:00,1.2295202479022964
2025-09-15 18:00:00,1.2295202479022964
2025-09-15 18:15:00,1.2295202479022964
2025-09-15 18:30:00,1.2295202479022964
2025-09-15 18:45:00,1.2295202479022964
2025-09-15 19:00:00,1.2295202479022964
2025-09-15 19:15:00,1.2295202479022964
2025-09-15 19:30:00,1.2295202479022964
2025-09-15 19:45:00,1.2295202479022964
2025-09-16 13:30:00,1.2295202479022964
2025-09-16 13:45:00,1.2295202479022964
2025-09-16 14:00:00,1.2295202479022964
2025-09-16 14:15:00,1.2295202479022964
2025-09-16 14:30:00,1.2295202479022964
2025-09-16 14:45:00,1.2295202479022964
2025-09-16 15:00:00,1.2295202479022964
2025-09-16 15:15:00,1.2295202479022964
2025-09-16 15:30:00,1.2295202479022964
2025-09-16 15:45:00,1.2295202479022964
2025-09-16 16:00:00,1.2295202479022964
2025-09-16 16:15:00,1.2295202479022964
2025-09-16 16:30:00,1.2295202479022964
2025-09-16 16:45:00,1.2295202479022964
2025-09-16 17:00:00,1.2295202479022964
2025-09-16 17:15:00,1.2295202479022964
2025-09-16 17:30:00,1.2223255468984007
2025-09-16 17:45:00,1.2223255468984007
2025-09-16 18:00:00,1.2223255468984007
2025-09-16 18:15:00,1.2223255468984007
2025-09-16 18:30:00,1.2223255468984007
2025-09-16 18:45:00,1.2223255468984007
2025-09-16 19:00:00,1.2223255468984007
2025-09-16 19:15:00,1.2223255468984007
2025-09-16 19:30:00,1.2223255468984007
2025-09-16 19:45:00,1.2223255468984007
2025-09-17 13:30:00,1.2223255468984007
2025-09-17 13:45:00,1.2223255468984007
2025-09-17 14:00:00,1.2223255468984007
2025-09-17 14:15:00,1.2223255468984007
2025-09-17 14:30:00,1.2223255468984007
2025-09-17 14:45:00,1.2223255468984007
2025-09-17 15:00:00,1.2223255468984007
2025-09-17 15:15:00,1.2223255468984007
2025-09-17 15:30:00,1.2223255468984007
2025-09-17 15:45:00,1.2223255468984007
2025-09-17 16:00:00,1.2223255468984007
2025-09-17 16:15:00,1.2223255468984007
2025-09-17 16:30:00,1.2223255468984007
2025-09-17 16:45:00,1.2223255468984007
2025-09-17 17:00:00,1.2223255468984007
2025-09-17 17:15:00,1.2223255468984007
2025-09-17 17:30:00,1.2223255468984007
2025-09-17 17:45:00,1.2223255468984007
2025-09-17 18:00:00,1.2223255468984007
2025-09-17 18:15:00,1.2223255468984007
2025-09-17 18:30:00,1.2223255468984007
2025-09-17 18:45:00,1.2223255468984007
2025-09-17 19:00:00,1.2223255468984007
2025-09-17 19:15:00,1.2223255468984007
2025-09-17 19:30:00,1.2223255468984007
2025-09-17 19:45:00,1.2223255468984007
2025-09-18 13:30:00,1.2223255468984007
2025-09-18 13:45:00,1.2223255468984007
2025-09-18 14:00:00,1.2223255468984007
2025-09-18 14:15:00,1.2223255468984007
2025-09-18 14:30:00,1.2223255468984007
2025-09-18 14:45:00,1.2223255468984007
2025-09-18 15:00:00,1.2223255468984007
2025-09-18 15:15:00,1.2223255468984007
2025-09-18 15:30:00,1.2223255468984007
2025-09-18 15:45:00,1.2223255468984007
2025-09-18 16:00:00,1.2223255468984007
2025-09-18 16:15:00,1.2223255468984007
2025-09-18 16:30:00,1.2223255468984007
2025-09-18 16:45:00,1.2223255468984007
2025-09-18 17:00:00,1.2223255468984007
2025-09-18 17:15:00,1.2223255468984007
2025-09-18 17:30:00,1.2348308141557394
2025-09-18 17:45:00,1.2348308141557394
2025-09-18 18:00:00,1.2348308141557394
2025-09-18 18:15:00,1.2348308141557394
2025-09-18 18:30:00,1.2348308141557394
2025-09-18 18:45:00,1.2348308141557394
2025-09-18 19:00:00,1.2348308141557394
2025-09-18 19:15:00,1.2348308141557394
2025-09-18 19:30:00,1.2348308141557394
2025-09-18 19:45:00,1.2348308141557394
2025-09-19 13:30:00,1.2348308141557394
2025-09-19 13:45:00,1.2348308141557394
2025-09-19 14:00:00,1.2348308141557394
2025-09-19 14:15:00,1.2348308141557394
2025-09-19 14:30:00,1.2348308141557394
2025-09-19 14:45:00,1.2348308141557394
2025-09-19 15:00:00,1.2348308141557394
2025-09-19 15:15:00,1.2348308141557394
2025-09-19 15:30:00,1.2348308141557394
2025-09-19 15:45:00,1.2348308141557394
2025-09-19 16:00:00,1.2348308141557394
2025-09-19 16:15:00,1.2348308141557394
2025-09-19 16:30:00,1.2348308141557394
2025-09-19 16:45:00,1.2348308141557394
2025-09-19 17:00:00,1.2348308141557394
2025-09-19 17:15:00,1.2348308141557394
2025-09-19 17:30:00,1.2137440526015115
2025-09-19 17:45:00,1.2137440526015115
2025-09-19 18:00:00,1.2137440526015115
2025-09-19 18:15:00,1.2137440526015115
2025-09-19 18:30:00,1.2137440526015115
2025-09-19 18:45:00,1.2137440526015115
2025-09-19 19:00:00,1.2137440526015115
2025-09-19 19:15:00,1.2137440526015115
2025-09-19 19:30:00,1.2137440526015115
2025-09-19 19:45:00,1.2137440526015115
2025-09-22 13:30:00,1.2137440526015115
2025-09-22 13:45:00,1.2137440526015115
2025-09-22 14:00:00,1.2137440526015115
2025-09-22 14:15:00,1.2137440526015115
2025-09-22 14:30:00,1.2137440526015115
2025-09-22 14:45:00,1.2137440526015115
2025-09-22 15:00:00,1.2137440526015115
2025-09-22 15:15:00,1.2137440526015115
2025-09-22 15:30:00,1.2137440526015115
2025-09-22 15:45:00,1.2137440526015115
2025-09-22 16:00:00,1.2137440526015115
2025-09-22 16:15:00,1.2137440526015115
2025-09-22 16:30:00,1.2137440526015115
2025-09-22 16:45:00,1.2137440526015115
2025-09-22 17:00:00,1.2137440526015115
2025-09-22 17:15:00,1.2137440526015115
2025-09-22 17:30:00,1.1839940216162281
2025-09-22 17:45:00,1.1839940216162281
2025-09-22 18:00:00,1.1839940216162281
2025-09-22 18:15:00,1.1839940216162281
2025-09-22 18:30:00,1.1839940216162281
2025-09-22 18:45:00,1.1839940216162281
2025-09-22 19:00:00,1.1839940216162281
2025-09-22 19:15:00,1.1839940216162281
2025-09-22 19:30:00,1.1839940216162281
2025-09-23 13:45:00,1.1839940216162281
2025-09-23 14:00:00,1.1839940216162281
2025-09-23 14:15:00,1.1839940216162281
2025-09-23 14:30:00,1.1839940216162281
2025-09-23 14:45:00,1.1839940216162281
2025-09-23 15:00:00,1.1839940216162281
2025-09-23 15:15:00,1.1839940216162281
2025-09-23 15:30:00,1.1839940216162281
2025-09-23 15:45:00,1.1839940216162281
2025-09-23 16:00:00,1.1839940216162281
2025-09-23 16:15:00,1.1839940216162281
2025-09-23 16:30:00,1.1839940216162281
2025-09-23 16:45:00,1.1839940216162281
2025-09-23 17:00:00,1.1839940216162281
2025-09-23 17:15:00,1.1839940216162281
2025-09-23 17:30:00,1.1839940216162281
2025-09-23 17:45:00,1.1839940216162281
2025-09-23 18:00:00,1.1839940216162281
2025-09-23 18:15:00,1.1839940216162281
2025-09-23 18:30:00,1.1839940216162281
2025-09-23 18:45:00,1.1839940216162281
2025-09-23 19:00:00,1.1839940216162281
2025-09-23 19:15:00,1.1839940216162281
2025-09-23 19:30:00,1.1839940216162281
2025-09-23 19:45:00,1.1839940216162281
2025-09-24 13:30:00,1.1839940216162281
2025-09-24 13:45:00,1.1839940216162281
2025-09-24 14:00:00,1.1839940216162281
2025-09-24 14:15:00,1.1839940216162281
2025-09-24 14:30:00,1.1839940216162281
2025-09-24 14:45:00,1.1839940216162281
2025-09-24 15:00:00,1.1839940216162281
2025-09-24 15:15:00,1.1839940216162281
2025-09-24 15:30:00,1.1839940216162281
2025-09-24 15:45:00,1.1839940216162281
2025-09-24 16:00:00,1.1839940216162281
2025-09-24 16:15:00,1.1839940216162281
2025-09-24 16:30:00,1.1839940216162281
2025-09-24 16:45:00,1.1839940216162281
2025-09-24 17:00:00,1.1839940216162281
2025-09-24 17:15:00,1.1839940216162281
2025-09-24 17:30:00,1.1994218795174725
2025-09-24 17:45:00,1.1994218795174725
2025-09-24 18:00:00,1.1994218795174725
2025-09-24 18:15:00,1.1994218795174725
2025-09-24 18:30:00,1.1994218795174725
2025-09-24 18:45:00,1.1994218795174725
2025-09-24 19:00:00,1.1994218795174725
2025-09-24 19:15:00,1.1994218795174725
2025-09-24 19:30:00,1.1994218795174725
2025-09-24 19:45:00,1.1994218795174725
2025-09-25 13:30:00,1.1994218795174725
2025-09-25 13:45:00,1.1994218795174725
2025-09-25 14:00:00,1.1994218795174725
2025-09-25 14:15:00,1.1994218795174725
2025-09-25 14:30:00,1.1994218795174725
2025-09-25 14:45:00,1.1994218795174725
2025-09-25 15:00:00,1.1994218795174725
2025-09-25 15:15:00,1.1994218795174725
2025-09-25 15:30:00,1.1994218795174725
2025-09-25 15:45:00,1.1994218795174725
2025-09-25 16:00:00,1.1994218795174725
2025-09-25 16:15:00,1.1994218795174725
2025-09-25 16:30:00,1.1994218795174725
2025-09-25 16:45:00,1.1994218795174725
2025-09-25 17:00:00,1.1994218795174725
2025-09-25 17:15:00,1.1994218795174725
2025-09-25 17:30:00,1.1978594541425038
2025-09-25 17:45:00,1.1978594541425038
2025-09-25 18:00:00,1.1978594541425038
2025-09-25 18:15:00,1.1978594541425038
2025-09-25 18:30:00,1.1978594541425038
2025-09-25 18:45:00,1.1978594541425038
2025-09-25 19:00:00,1.1978594541425038
2025-09-25 19:15:00,1.1978594541425038
2025-09-25 19:30:00,1.1978594541425038
2025-09-25 19:45:00,1.1978594541425038
2025-09-26 13:30:00,1.1978594541425038
2025-09-26 13:45:00,1.2086524507832537
2025-09-26 19:00:00,1.2086524507832537
2025-09-26 19:15:00,1.2086524507832537
2025-09-26 19:30:00,1.2086524507832537
2025-09-26 19:45:00,1.2086524507832537
2025-09-29 13:30:00,1.2086524507832537
2025-09-29 13:45:00,1.2086524507832537
2025-09-29 14:00:00,1.2086524507832537
2025-09-29 14:15:00,1.2086524507832537
2025-09-29 14:30:00,1.2086524507832537
2025-09-29 14:45:00,1.2086524507832537
2025-09-29 15:00:00,1.2086524507832537
2025-09-29 15:15:00,1.2086524507832537
2025-09-29 15:30:00,1.2086524507832537
2025-09-29 15:45:00,1.2086524507832537
2025-09-29 16:00:00,1.2086524507832537
2025-09-29 16:15:00,1.2086524507832537
2025-09-29 16:30:00,1.2086524507832537
2025-09-29 16:45:00,1.2086524507832537
2025-09-29 17:00:00,1.2086524507832537
2025-09-29 17:15:00,1.2086524507832537
2025-09-29 17:30:00,1.204893303737607
2025-09-29 17:45:00,1.204893303737607
2025-09-29 18:00:00,1.204893303737607
2025-09-29 18:15:00,1.204893303737607
2025-09-29 18:30:00,1.204893303737607
2025-09-29 18:45:00,1.204893303737607
2025-09-29 19:00:00,1.204893303737607
2025-09-29 19:15:00,1.204893303737607
2025-09-29 19:30:00,1.204893303737607
2025-09-29 19:45:00,1.204893303737607
2025-09-30 13:30:00,1.204893303737607
2025-09-30 13:45:00,1.204893303737607
2025-09-30 14:00:00,1.204893303737607
2025-09-30 14:15:00,1.204893303737607
2025-09-30 14:30:00,1.204893303737607
2025-09-30 14:45:00,1.204893303737607
2025-09-30 15:00:00,1.204893303737607
2025-09-30 15:15:00,1.204893303737607
2025-09-30 15:30:00,1.204893303737607
2025-09-30 15:45:00,1.204893303737607
2025-09-30 16:00:00,1.204893303737607
2025-09-30 16:15:00,1.204893303737607
2025-09-30 16:30:00,1.204893303737607
2025-09-30 16:45:00,1.204893303737607
2025-09-30 17:00:00,1.204893303737607
2025-09-30 17:15:00,1.204893303737607
2025-09-30 17:30:00,1.21059019879074
2025-09-30 17:45:00,1.21059019879074
2025-09-30 18:00:00,1.21059019879074
2025-09-30 18:15:00,1.21059019879074
2025-09-30 18:30:00,1.21059019879074
2025-09-30 18:45:00,1.21059019879074
2025-09-30 19:00:00,1.21059019879074
2025-09-30 19:15:00,1.21059019879074
2025-09-30 19:30:00,1.21059019879074
2025-09-30 19:45:00,1.21059019879074
2025-10-01 13:30:00,1.21059019879074
2025-10-01 13:45:00,1.21059019879074
2025-10-01 14:00:00,1.21059019879074
2025-10-01 14:15:00,1.21059019879074
2025-10-01 14:30:00,1.21059019879074
2025-10-01 14:45:00,1.21059019879074
2025-10-01 15:00:00,1.21059019879074
2025-10-01 15:15:00,1.21059019879074
2025-10-01 15:30:00,1.21059019879074
2025-10-01 15:45:00,1.21059019879074
2025-10-01 16:00:00,1.21059019879074
2025-10-01 16:15:00,1.21059019879074
2025-10-01 16:30:00,1.21059019879074
2025-10-01 16:45:00,1.21059019879074
2025-10-01 17:00:00,1.21059019879074
2025-10-01 17:15:00,1.21059019879074
2025-10-01 17:30:00,1.2053485734702065
2025-10-01 17:45:00,1.2053485734702065
2025-10-01 18:00:00,1.2053485734702065
2025-10-01 18:15:00,1.2053485734702065
2025-10-01 18:30:00,1.2053485734702065
2025-10-01 18:45:00,1.2053485734702065
2025-10-01 19:00:00,1.2053485734702065
2025-10-01 19:15:00,1.2053485734702065
2025-10-01 19:30:00,1.2053485734702065
2025-10-01 19:45:00,1.2053485734702065
2025-10-02 13:30:00,1.2053485734702065
2025-10-02 13:45:00,1.2053485734702065
2025-10-02 14:00:00,1.2053485734702065
2025-10-02 14:15:00,1.2053485734702065
2025-10-02 14:30:00,1.2053485734702065
2025-10-02 14:45:00,1.2053485734702065
2025-10-02 15:00:00,1.2053485734702065
2025-10-02 15:15:00,1.2053485734702065
2025-10-02 15:30:00,1.2053485734702065
2025-10-02 15:45:00,1.2053485734702065
2025-10-02 16:00:00,1.2053485734702065
2025-10-02 16:15:00,1.2053485734702065
2025-10-02 16:30:00,1.2053485734702065
2025-10-02 16:45:00,1.2053485734702065
2025-10-02 17:00:00,1.2053485734702065
2025-10-02 17:15:00,1.2053485734702065
2025-10-02 17:30:00,1.2014621181419436
2025-10-02 17:45:00,1.2014621181419436
2025-10-02 18:00:00,1.2014621181419436
2025-10-02 18:15:00,1.2014621181419436
2025-10-02 18:30:00,1.2014621181419436
2025-10-02 18:45:00,1.2014621181419436
2025-10-02 19:00:00,1.2014621181419436
2025-10-02 19:15:00,1.2014621181419436
2025-10-02 19:30:00,1.2014621181419436
2025-10-02 19:45:00,1.2014621181419436
2025-10-03 13:30:00,1.2014621181419436
2025-10-03 13:45:00,1.2014621181419436
2025-10-03 14:00:00,1.2014621181419436
2025-10-03 14:15:00,1.2014621181419436
2025-10-03 14:30:00,1.2014621181419436
2025-10-03 14:45:00,1.2014621181419436
2025-10-03 15:00:00,1.2014621181419436
2025-10-03 15:15:00,1.2014621181419436
2025-10-03 15:30:00,1.2014621181419436
2025-10-03 15:45:00,1.2014621181419436
2025-10-03 16:00:00,1.2014621181419436
2025-10-03 16:15:00,1.2014621181419436
2025-10-03 16:30:00,1.2014621181419436
2025-10-03 16:45:00,1.2014621181419436
2025-10-03 17:00:00,1.2014621181419436
2025-10-03 17:15:00,1.2014621181419436
2025-10-03 17:30:00,1.2162996911282329
2025-10-03 17:45:00,1.2162996911282329
2025-10-03 18:00:00,1.2162996911282329
2025-10-03 18:15:00,1.2162996911282329
2025-10-03 18:30:00,1.2162996911282329
2025-10-03 18:45:00,1.2162996911282329
2025-10-03 19:00:00,1.2162996911282329
2025-10-03 19:15:00,1.2162996911282329
2025-10-03 19:30:00,1.2162996911282329
2025-10-03 19:45:00,1.2162996911282329
2025-10-06 13:30:00,1.2162996911282329
2025-10-06 13:45:00,1.2162996911282329
2025-10-06 14:00:00,1.2162996911282329
2025-10-06 14:15:00,1.2162996911282329
2025-10-06 14:30:00,1.2162996911282329
2025-10-06 14:45:00,1.2162996911282329
2025-10-06 15:00:00,1.2162996911282329
2025-10-06 15:15:00,1.2162996911282329
2025-10-06 15:30:00,1.2162996911282329
2025-10-06 15:45:00,1.2162996911282329
2025-10-06 16:00:00,1.2162996911282329
2025-10-06 16:15:00,1.2162996911282329
2025-10-06 16:30:00,1.2162996911282329
2025-10-06 16:45:00,1.2162996911282329
2025-10-06 17:00:00,1.2162996911282329
2025-10-06 17:15:00,1.2162996911282329
2025-10-06 17:30:00,1.2162996911282329
2025-10-06 17:45:00,1.2162996911282329
2025-10-06 18:00:00,1.2162996911282329
2025-10-06 18:15:00,1.2162996911282329
2025-10-06 18:30:00,1.2162996911282329
2025-10-06 18:45:00,1.2162996911282329
2025-10-06 19:00:00,1.2162996911282329
2025-10-06 19:15:00,1.2162996911282329
2025-10-06 19:30:00,1.2162996911282329
2025-10-06 19:45:00,1.2162996911282329
2025-10-07 13:30:00,1.2162996911282329
2025-10-07 13:45:00,1.2162996911282329
2025-10-07 14:00:00,1.2162996911282329
2025-10-07 14:15:00,1.2162996911282329
2025-10-07 14:30:00,1.2162996911282329
2025-10-07 14:45:00,1.2162996911282329
2025-10-07 15:00:00,1.2162996911282329
2025-10-07 15:15:00,1.2162996911282329
2025-10-07 15:30:00,1.2162996911282329
2025-10-07 15:45:00,1.2162996911282329
2025-10-07 16:00:00,1.2162996911282329
2025-10-07 16:15:00,1.2162996911282329
2025-10-07 16:30:00,1.2162996911282329
2025-10-07 16:45:00,1.2162996911282329
2025-10-07 17:00:00,1.2162996911282329
2025-10-07 17:15:00,1.2162996911282329
2025-10-07 17:30:00,1.2162996911282329
2025-10-07 17:45:00,1.2162996911282329
2025-10-07 18:00:00,1.2162996911282329
2025-10-07 18:15:00,1.2162996911282329
2025-10-07 18:30:00,1.2162996911282329
2025-10-07 18:45:00,1.2162996911282329
2025-10-07 19:00:00,1.2162996911282329
2025-10-07 19:15:00,1.2162996911282329
2025-10-07 19:30:00,1.2162996911282329
2025-10-07 19:45:00,1.2162996911282329
2025-10-08 13:30:00,1.2162996911282329
2025-10-08 13:45:00,1.2162996911282329
2025-10-08 14:00:00,1.2162996911282329
2025-10-08 14:15:00,1.2162996911282329
2025-10-08 14:30:00,1.2162996911282329
2025-10-08 14:45:00,1.2162996911282329
2025-10-08 15:00:00,1.2162996911282329
2025-10-08 15:15:00,1.2162996911282329
2025-10-08 15:30:00,1.2162996911282329
2025-10-08 15:45:00,1.2162996911282329
2025-10-08 16:00:00,1.2162996911282329
2025-10-08 16:15:00,1.2162996911282329
2025-10-08 16:30:00,1.2162996911282329
2025-10-08 16:45:00,1.2162996911282329
2025-10-08 17:00:00,1.2162996911282329
2025-10-08 17:15:00,1.2162996911282329
2025-10-08 17:30:00,1.2162996911282329
2025-10-08 17:45:00,1.2162996911282329
2025-10-08 18:00:00,1.2162996911282329
2025-10-08 18:15:00,1.2162996911282329
2025-10-08 18:30:00,1.2162996911282329
2025-10-08 18:45:00,1.2162996911282329
2025-10-08 19:00:00,1.2162996911282329
2025-10-08 19:15:00,1.2162996911282329
2025-10-08 19:30:00,1.2162996911282329
2025-10-08 19:45:00,1.2162996911282329
2025-10-09 13:30:00,1.2162996911282329
2025-10-09 13:45:00,1.2162996911282329
2025-10-09 14:00:00,1.2162996911282329
2025-10-09 14:15:00,1.2162996911282329
2025-10-09 14:30:00,1.2162996911282329
2025-10-09 14:45:00,1.2162996911282329
2025-10-09 15:00:00,1.2162996911282329
2025-10-09 15:15:00,1.2162996911282329
2025-10-09 15:30:00,1.2162996911282329
2025-10-09 15:45:00,1.2162996911282329
2025-10-09 16:00:00,1.2162996911282329
2025-10-09 16:15:00,1.2162996911282329
2025-10-09 16:30:00,1.2162996911282329
2025-10-09 16:45:00,1.2162996911282329
2025-10-09 17:00:00,1.2162996911282329
2025-10-09 17:15:00,1.2162996911282329
2025-10-09 17:30:00,1.2162996911282329
2025-10-09 17:45:00,1.2162996911282329
2025-10-09 18:00:00,1.2162996911282329
2025-10-09 18:15:00,1.2162996911282329
2025-10-09 18:30:00,1.2162996911282329
2025-10-09 18:45:00,1.2162996911282329
2025-10-09 19:00:00,1.2162996911282329
2025-10-09 19:15:00,1.2162996911282329
2025-10-09 19:30:00,1.2162996911282329
2025-10-09 19:45:00,1.2162996911282329
2025-10-10 13:30:00,1.2162996911282329
2025-10-10 13:45:00,1.2162996911282329
2025-10-10 14:00:00,1.2162996911282329
2025-10-10 14:15:00,1.2162996911282329
2025-10-10 14:30:00,1.2162996911282329
2025-10-10 14:45:00,1.2162996911282329
2025-10-10 15:00:00,1.2162996911282329
2025-10-10 15:15:00,1.2162996911282329
2025-10-10 15:30:00,1.2162996911282329
2025-10-10 15:45:00,1.2162996911282329
2025-10-10 16:00:00,1.2162996911282329
2025-10-10 16:15:00,1.2162996911282329
2025-10-10 16:30:00,1.2162996911282329
2025-10-10 16:45:00,1.2162996911282329
2025-10-10 17:00:00,1.2162996911282329
2025-10-10 17:15:00,1.2162996911282329
2025-10-10 17:30:00,1.2488852722498298
2025-10-10 17:45:00,1.2488852722498298
2025-10-10 18:00:00,1.2488852722498298
2025-10-10 18:15:00,1.2488852722498298
2025-10-10 18:30:00,1.2488852722498298
2025-10-10 18:45:00,1.2488852722498298
2025-10-10 19:00:00,1.2488852722498298
2025-10-10 19:15:00,1.2488852722498298
2025-10-10 19:30:00,1.2488852722498298
2025-10-10 19:45:00,1.2488852722498298
2025-10-13 13:30:00,1.2488852722498298
2025-10-13 13:45:00,1.2488852722498298
2025-10-13 14:00:00,1.2488852722498298
2025-10-13 14:15:00,1.2488852722498298
2025-10-13 14:30:00,1.2488852722498298
2025-10-13 14:45:00,1.2488852722498298
2025-10-13 15:00:00,1.2488852722498298
2025-10-13 15:15:00,1.2488852722498298
2025-10-13 15:30:00,1.2488852722498298
2025-10-13 15:45:00,1.2488852722498298
2025-10-13 16:00:00,1.2488852722498298
2025-10-13 16:15:00,1.2488852722498298
2025-10-13 16:30:00,1.2488852722498298
2025-10-13 16:45:00,1.2488852722498298
2025-10-13 17:00:00,1.2488852722498298
2025-10-13 17:15:00,1.2488852722498298
2025-10-13 17:30:00,1.251318866163091
2025-10-13 17:45:00,1.251318866163091
2025-10-13 18:00:00,1.251318866163091
2025-10-13 18:15:00,1.251318866163091
2025-10-13 18:30:00,1.251318866163091
2025-10-13 18:45:00,1.251318866163091
2025-10-13 19:00:00,1.251318866163091
2025-10-13 19:15:00,1.251318866163091
2025-10-13 19:30:00,1.251318866163091
2025-10-13 19:45:00,1.251318866163091
2025-10-14 13:30:00,1.251318866163091
2025-10-14 13:45:00,1.251318866163091
2025-10-14 14:00:00,1.251318866163091
2025-10-14 14:15:00,1.251318866163091
2025-10-14 14:30:00,1.251318866163091
2025-10-14 14:45:00,1.251318866163091
2025-10-14 15:00:00,1.251318866163091
2025-10-14 15:15:00,1.251318866163091
2025-10-14 15:30:00,1.251318866163091
2025-10-14 15:45:00,1.251318866163091
2025-10-14 16:00:00,1.251318866163091
2025-10-14 16:15:00,1.251318866163091
2025-10-14 16:30:00,1.251318866163091
2025-10-14 16:45:00,1.251318866163091
2025-10-14 17:00:00,1.251318866163091
2025-10-14 17:15:00,1.251318866163091
2025-10-14 17:30:00,1.2563674224478183
2025-10-14 17:45:00,1.2563674224478183
2025-10-14 18:00:00,1.2563674224478183
2025-10-14 18:15:00,1.2563674224478183
2025-10-14 18:30:00,1.2563674224478183
2025-10-14 18:45:00,1.2563674224478183
2025-10-14 19:00:00,1.2563674224478183
2025-10-14 19:15:00,1.2563674224478183
2025-10-14 19:30:00,1.2563674224478183
2025-10-14 19:45:00,1.2563674224478183
2025-10-15 13:30:00,1.2563674224478183
2025-10-15 13:45:00,1.2563674224478183
2025-10-15 14:00:00,1.2563674224478183
2025-10-15 14:15:00,1.2563674224478183
2025-10-15 14:30:00,1.2563674224478183
2025-10-15 14:45:00,1.2563674224478183
2025-10-15 15:00:00,1.2563674224478183
2025-10-15 15:15:00,1.2563674224478183
2025-10-15 15:30:00,1.2563674224478183
2025-10-15 15:45:00,1.2563674224478183
2025-10-15 16:00:00,1.2563674224478183
2025-10-15 16:15:00,1.2563674224478183
2025-10-15 16:30:00,1.2563674224478183
2025-10-15 16:45:00,1.2563674224478183
2025-10-15 17:00:00,1.2563674224478183
2025-10-15 17:15:00,1.2563674224478183
2025-10-15 17:30:00,1.2576786601237833
2025-10-15 17:45:00,1.2576786601237833
2025-10-15 18:00:00,1.2576786601237833
2025-10-15 18:15:00,1.2576786601237833
2025-10-15 18:30:00,1.2576786601237833
2025-10-15 18:45:00,1.2576786601237833
2025-10-15 19:00:00,1.2576786601237833
2025-10-15 19:15:00,1.2576786601237833
2025-10-15 19:30:00,1.2576786601237833
2025-10-15 19:45:00,1.2576786601237833
2025-10-16 13:30:00,1.2576786601237833
2025-10-16 13:45:00,1.2576786601237833
2025-10-16 14:00:00,1.2576786601237833
2025-10-16 14:15:00,1.2576786601237833
2025-10-16 14:30:00,1.2576786601237833
2025-10-16 14:45:00,1.2576786601237833
2025-10-16 15:00:00,1.2576786601237833
2025-10-16 15:15:00,1.2576786601237833
2025-10-16 15:30:00,1.2576786601237833
2025-10-16 15:45:00,1.2576786601237833
2025-10-16 16:00:00,1.2576786601237833
2025-10-16 16:15:00,1.2576786601237833
2025-10-16 16:30:00,1.2576786601237833
2025-10-16 16:45:00,1.2576786601237833
2025-10-16 17:00:00,1.2576786601237833
2025-10-16 17:15:00,1.2576786601237833
2025-10-16 17:30:00,1.2576786601237833
2025-10-16 17:45:00,1.2576786601237833
2025-10-16 18:00:00,1.2576786601237833
2025-10-16 18:15:00,1.2576786601237833
2025-10-16 18:30:00,1.2576786601237833
2025-10-16 18:45:00,1.2576786601237833
2025-10-16 19:00:00,1.2576786601237833
2025-10-16 19:15:00,1.2576786601237833
2025-10-16 19:30:00,1.2576786601237833
2025-10-16 19:45:00,1.2576786601237833
2025-10-17 13:30:00,1.2576786601237833
2025-10-17 13:45:00,1.2576786601237833
2025-10-17 14:00:00,1.2576786601237833
2025-10-17 14:15:00,1.2576786601237833
2025-10-17 14:30:00,1.2576786601237833
2025-10-17 14:45:00,1.2576786601237833
2025-10-17 15:00:00,1.2576786601237833
2025-10-17 15:15:00,1.2576786601237833
2025-10-17 15:30:00,1.2576786601237833
2025-10-17 15:45:00,1.2576786601237833
2025-10-17 16:00:00,1.2576786601237833
2025-10-17 16:15:00,1.2576786601237833
2025-10-17 16:30:00,1.2576786601237833
2025-10-17 16:45:00,1.2576786601237833
2025-10-17 17:00:00,1.2576786601237833
2025-10-17 17:15:00,1.243663502118696
2025-10-17 19:30:00,1.243663502118696
2025-10-17 19:45:00,1.243663502118696
2025-10-20 13:30:00,1.243663502118696
2025-10-20 13:45:00,1.243663502118696
2025-10-20 14:00:00,1.243663502118696
2025-10-20 14:15:00,1.243663502118696
2025-10-20 14:30:00,1.243663502118696
2025-10-20 14:45:00,1.243663502118696
2025-10-20 15:00:00,1.243663502118696
2025-10-20 15:15:00,1.243663502118696
2025-10-20 15:30:00,1.243663502118696
2025-10-20 15:45:00,1.243663502118696
2025-10-20 16:00:00,1.243663502118696
2025-10-20 16:15:00,1.243663502118696
2025-10-20 16:30:00,1.243663502118696
2025-10-20 16:45:00,1.243663502118696
2025-10-20 17:00:00,1.243663502118696
2025-10-20 17:15:00,1.243663502118696
2025-10-20 17:30:00,1.2098573300245496
2025-10-20 17:45:00,1.2098573300245496
2025-10-20 18:00:00,1.2098573300245496
2025-10-20 18:15:00,1.2098573300245496
2025-10-20 18:30:00,1.2098573300245496
2025-10-20 18:45:00,1.2098573300245496
2025-10-20 19:00:00,1.2098573300245496
2025-10-20 19:15:00,1.2098573300245496
2025-10-20 19:30:00,1.2098573300245496
2025-10-20 19:45:00,1.2098573300245496
2025-10-21 13:30:00,1.2098573300245496
2025-10-21 13:45:00,1.2098573300245496
2025-10-21 14:00:00,1.2098573300245496
2025-10-21 14:15:00,1.2098573300245496
2025-10-21 14:30:00,1.2098573300245496
2025-10-21 14:45:00,1.2098573300245496
2025-10-21 15:00:00,1.2098573300245496
2025-10-21 15:15:00,1.2098573300245496
2025-10-21 15:30:00,1.2098573300245496
2025-10-21 15:45:00,1.2098573300245496
2025-10-21 16:00:00,1.2098573300245496
2025-10-21 16:15:00,1.2098573300245496
2025-10-21 16:30:00,1.2098573300245496
2025-10-21 16:45:00,1.2098573300245496
2025-10-21 17:00:00,1.2098573300245496
2025-10-21 17:15:00,1.2098573300245496
2025-10-21 17:30:00,1.2098573300245496
2025-10-21 17:45:00,1.2098573300245496
2025-10-21 18:00:00,1.2098573300245496
2025-10-21 18:15:00,1.2098573300245496
2025-10-21 18:30:00,1.2098573300245496
2025-10-21 18:45:00,1.2098573300245496
2025-10-21 19:00:00,1.2098573300245496
2025-10-21 19:15:00,1.2098573300245496
2025-10-21 19:30:00,1.2098573300245496
2025-10-21 19:45:00,1.2098573300245496
2025-10-22 13:30:00,1.2098573300245496
2025-10-22 13:45:00,1.2098573300245496
2025-10-22 14:00:00,1.2098573300245496
2025-10-22 14:15:00,1.2098573300245496
2025-10-22 14:30:00,1.2098573300245496
2025-10-22 14:45:00,1.2098573300245496
2025-10-22 15:00:00,1.2098573300245496
2025-10-22 15:15:00,1.2098573300245496
2025-10-22 15:30:00,1.2098573300245496
2025-10-22 15:45:00,1.2098573300245496
2025-10-22 16:00:00,1.2098573300245496
2025-10-22 16:15:00,1.2098573300245496
2025-10-22 16:30:00,1.2098573300245496
2025-10-22 16:45:00,1.2098573300245496
2025-10-22 17:00:00,1.2098573300245496
2025-10-22 17:15:00,1.2098573300245496
2025-10-22 17:30:00,1.2098573300245496
2025-10-22 17:45:00,1.2098573300245496
2025-10-22 18:00:00,1.2098573300245496
2025-10-22 18:15:00,1.2098573300245496
2025-10-22 18:30:00,1.2098573300245496
2025-10-22 18:45:00,1.2098573300245496
2025-10-22 19:00:00,1.2098573300245496
2025-10-22 19:15:00,1.2098573300245496
2025-10-23 14:00:00,1.2098573300245496
2025-10-23 14:15:00,1.2098573300245496
2025-10-23 14:30:00,1.2098573300245496
2025-10-23 14:45:00,1.2098573300245496
2025-10-23 15:00:00,1.2098573300245496
2025-10-23 15:15:00,1.2098573300245496
2025-10-23 15:30:00,1.2098573300245496
2025-10-23 15:45:00,1.2098573300245496
2025-10-23 16:00:00,1.2098573300245496
2025-10-23 16:15:00,1.2098573300245496
2025-10-23 16:30:00,1.2098573300245496
2025-10-23 16:45:00,1.2098573300245496
2025-10-23 17:00:00,1.2098573300245496
2025-10-23 17:15:00,1.2098573300245496
2025-10-23 17:30:00,1.2098573300245496
2025-10-23 17:45:00,1.2098573300245496
2025-10-23 18:00:00,1.2098573300245496
2025-10-23 18:15:00,1.2098573300245496
2025-10-23 18:30:00,1.2098573300245496
2025-10-23 18:45:00,1.2098573300245496
2025-10-23 19:00:00,1.2098573300245496
2025-10-23 19:15:00,1.2098573300245496
2025-10-23 19:30:00,1.2098573300245496
2025-10-23 19:45:00,1.2098573300245496
2025-10-24 13:30:00,1.2098573300245496
2025-10-24 13:45:00,1.2098573300245496
2025-10-24 14:00:00,1.2098573300245496
2025-10-24 14:15:00,1.2098573300245496
2025-10-24 14:30:00,1.2098573300245496
2025-10-24 14:45:00,1.2098573300245496
2025-10-24 15:00:00,1.2098573300245496
2025-10-24 15:15:00,1.2098573300245496
2025-10-24 15:30:00,1.2000935610546763
2025-10-24 16:30:00,1.2000935610546763
2025-10-24 16:45:00,1.2000935610546763
2025-10-24 17:00:00,1.2000935610546763
2025-10-24 17:15:00,1.2000935610546763
2025-10-24 17:30:00,1.2000935610546763
2025-10-24 17:45:00,1.2000935610546763
2025-10-24 18:00:00,1.2000935610546763
2025-10-24 18:15:00,1.2000935610546763
2025-10-24 18:30:00,1.2000935610546763
2025-10-24 18:45:00,1.2000935610546763
2025-10-24 19:00:00,1.2000935610546763
2025-10-24 19:15:00,1.2000935610546763
2025-10-24 19:30:00,1.2000935610546763
2025-10-24 19:45:00,1.2000935610546763
2025-10-27 13:30:00,1.2000935610546763
2025-10-27 13:45:00,1.2000935610546763
2025-10-27 14:00:00,1.2000935610546763
2025-10-27 14:15:00,1.2000935610546763
2025-10-27 14:30:00,1.2000935610546763
2025-10-27 14:45:00,1.2000935610546763
2025-10-27 15:00:00,1.2000935610546763
2025-10-27 15:15:00,1.2000935610546763
2025-10-27 15:30:00,1.2000935610546763
2025-10-27 15:45:00,1.2000935610546763
2025-10-27 16:00:00,1.2000935610546763
2025-10-27 16:15:00,1.2000935610546763
2025-10-27 16:30:00,1.2000935610546763
2025-10-27 16:45:00,1.2000935610546763
2025-10-27 17:00:00,1.2000935610546763
2025-10-27 17:15:00,1.2000935610546763
2025-10-27 17:30:00,1.1951348882887847
2025-10-27 17:45:00,1.1951348882887847
2025-10-27 18:00:00,1.1951348882887847
2025-10-27 18:15:00,1.1951348882887847
2025-10-27 18:30:00,1.1951348882887847
2025-10-27 18:45:00,1.1951348882887847
2025-10-27 19:00:00,1.1951348882887847
2025-10-27 19:15:00,1.1951348882887847
2025-10-27 19:30:00,1.1951348882887847
2025-10-27 19:45:00,1.1951348882887847
2025-10-28 13:30:00,1.1951348882887847
2025-10-28 14:00:00,1.1951348882887847
2025-10-28 14:15:00,1.1951348882887847
2025-10-28 14:30:00,1.1951348882887847
2025-10-28 14:45:00,1.1951348882887847
2025-10-28 15:00:00,1.1951348882887847
2025-10-28 15:15:00,1.1951348882887847
2025-10-28 15:30:00,1.1951348882887847
2025-10-28 15:45:00,1.1951348882887847
2025-10-28 16:00:00,1.1951348882887847
2025-10-28 16:15:00,1.1951348882887847
2025-10-28 16:30:00,1.1951348882887847
2025-10-28 16:45:00,1.1951348882887847
2025-10-28 17:00:00,1.1951348882887847
2025-10-28 17:15:00,1.1951348882887847
2025-10-28 17:30:00,1.1951348882887847
2025-10-28 17:45:00,1.1951348882887847
2025-10-28 18:00:00,1.1951348882887847
2025-10-28 18:15:00,1.1951348882887847
2025-10-28 18:30:00,1.1951348882887847
2025-10-28 18:45:00,1.1951348882887847
2025-10-28 19:00:00,1.1951348882887847
2025-10-28 19:15:00,1.1951348882887847
2025-10-28 19:30:00,1.1951348882887847
2025-10-28 19:45:00,1.1951348882887847
2025-10-29 13:30:00,1.1951348882887847
2025-10-29 13:45:00,1.1951348882887847
2025-10-29 14:00:00,1.1951348882887847
2025-10-29 14:15:00,1.1951348882887847
2025-10-29 14:30:00,1.1951348882887847
2025-10-29 14:45:00,1.1951348882887847
2025-10-29 15:00:00,1.1951348882887847
2025-10-29 15:15:00,1.1951348882887847
2025-10-29 15:30:00,1.1951348882887847
2025-10-29 15:45:00,1.1951348882887847
2025-10-29 16:00:00,1.1951348882887847
2025-10-29 16:15:00,1.1951348882887847
2025-10-29 16:30:00,1.1951348882887847
2025-10-29 16:45:00,1.1951348882887847
2025-10-29 17:00:00,1.1951348882887847
2025-10-29 17:15:00,1.1951348882887847
2025-10-29 17:30:00,1.1951348882887847
2025-10-29 17:45:00,1.1951348882887847
2025-10-29 18:00:00,1.1951348882887847
2025-10-29 18:15:00,1.1951348882887847
2025-10-29 18:30:00,1.1951348882887847
2025-10-29 18:45:00,1.1951348882887847
2025-10-29 19:00:00,1.1951348882887847
2025-10-29 19:15:00,1.1951348882887847
2025-10-29 19:30:00,1.1951348882887847
2025-10-29 19:45:00,1.1951348882887847
2025-10-30 13:30:00,1.1951348882887847
2025-10-30 13:45:00,1.1951348882887847
2025-10-30 14:00:00,1.1951348882887847
2025-10-30 14:15:00,1.1951348882887847
2025-10-30 14:30:00,1.1951348882887847
2025-10-30 14:45:00,1.1951348882887847
2025-10-30 15:00:00,1.1951348882887847
2025-10-30 15:15:00,1.1951348882887847
2025-10-30 15:30:00,1.1951348882887847
2025-10-30 15:45:00,1.1951348882887847
2025-10-30 16:00:00,1.1951348882887847
2025-10-30 16:15:00,1.1951348882887847
2025-10-30 16:30:00,1.1951348882887847
2025-10-30 16:45:00,1.1951348882887847
2025-10-30 17:00:00,1.1951348882887847
2025-10-30 17:15:00,1.1951348882887847
2025-10-30 17:30:00,1.1976446626551875
2025-10-30 17:45:00,1.1976446626551875
2025-10-30 18:00:00,1.1976446626551875
2025-10-30 18:15:00,1.1976446626551875
2025-10-30 18:30:00,1.1976446626551875
2025-10-30 18:45:00,1.1976446626551875
2025-10-30 19:00:00,1.1976446626551875
2025-10-30 19:15:00,1.1976446626551875
2025-10-30 19:30:00,1.1976446626551875
2025-10-30 19:45:00,1.1976446626551875
2025-10-31 13:30:00,1.1976446626551875
2025-10-31 13:45:00,1.1976446626551875
2025-10-31 14:00:00,1.1976446626551875
2025-10-31 14:15:00,1.1976446626551875
2025-10-31 14:30:00,1.1976446626551875
2025-10-31 14:45:00,1.1976446626551875
2025-10-31 15:00:00,1.1976446626551875
2025-10-31 15:15:00,1.1976446626551875
2025-10-31 15:30:00,1.1976446626551875
2025-10-31 15:45:00,1.1976446626551875
2025-10-31 16:00:00,1.1976446626551875
2025-10-31 16:15:00,1.1976446626551875
2025-10-31 16:30:00,1.1976446626551875
2025-10-31 16:45:00,1.1976446626551875
2025-10-31 17:00:00,1.1976446626551875
2025-10-31 17:15:00,1.1976446626551875
2025-10-31 17:30:00,1.2238907779794193
2025-10-31 17:45:00,1.2238907779794193
2025-10-31 18:00:00,1.2238907779794193
2025-10-31 18:15:00,1.2238907779794193
2025-10-31 18:30:00,1.2238907779794193
2025-10-31 18:45:00,1.2238907779794193
2025-10-31 19:00:00,1.2238907779794193
2025-10-31 19:15:00,1.2238907779794193
2025-10-31 19:30:00,1.2238907779794193
2025-10-31 19:45:00,1.2238907779794193
2025-11-03 14:30:00,1.2238907779794193
2025-11-03 14:45:00,1.2238907779794193
2025-11-03 15:00:00,1.2238907779794193
2025-11-03 15:15:00,1.2238907779794193
2025-11-03 15:30:00,1.2238907779794193
2025-11-03 15:45:00,1.2238907779794193
2025-11-03 16:00:00,1.2238907779794193
2025-11-03 16:15:00,1.2238907779794193
2025-11-03 16:30:00,1.2238907779794193
2025-11-03 16:45:00,1.2238907779794193
2025-11-03 17:00:00,1.2238907779794193
2025-11-03 17:15:00,1.2238907779794193
2025-11-03 17:30:00,1.2238907779794193
2025-11-03 17:45:00,1.2238907779794193
2025-11-03 18:00:00,1.2238907779794193
2025-11-03 18:15:00,1.2238907779794193
2025-11-03 18:30:00,1.2238907779794193
2025-11-03 18:45:00,1.2238907779794193
2025-11-03 19:00:00,1.2238907779794193
2025-11-03 19:15:00,1.2238907779794193
2025-11-03 19:30:00,1.2238907779794193
2025-11-03 19:45:00,1.2238907779794193
2025-11-03 20:00:00,1.2238907779794193
2025-11-03 20:15:00,1.2238907779794193
2025-11-03 20:30:00,1.2238907779794193
2025-11-03 20:45:00,1.2238907779794193
2025-11-04 14:30:00,1.2238907779794193
2025-11-04 14:45:00,1.2238907779794193
2025-11-04 15:00:00,1.2238907779794193
2025-11-04 15:15:00,1.2238907779794193
2025-11-04 15:30:00,1.2238907779794193
2025-11-04 15:45:00,1.2238907779794193
2025-11-04 16:00:00,1.2238907779794193
2025-11-04 16:15:00,1.2238907779794193
2025-11-04 16:30:00,1.2238907779794193
2025-11-04 16:45:00,1.2238907779794193
2025-11-04 17:00:00,1.2238907779794193
2025-11-04 17:15:00,1.2238907779794193
2025-11-04 17:30:00,1.2238907779794193
2025-11-04 17:45:00,1.2238907779794193
2025-11-04 18:00:00,1.2238907779794193
2025-11-04 18:15:00,1.2238907779794193
2025-11-04 18:30:00,1.2238907779794193
2025-11-04 18:45:00,1.2238907779794193
2025-11-04 19:00:00,1.2238907779794193
2025-11-04 19:15:00,1.2238907779794193
2025-11-04 19:30:00,1.2238907779794193
2025-11-04 19:45:00,1.2238907779794193
2025-11-04 20:00:00,1.2238907779794193
2025-11-04 20:15:00,1.2238907779794193
2025-11-04 20:30:00,1.2238907779794193
2025-11-04 20:45:00,1.2238907779794193
2025-11-05 14:30:00,1.2238907779794193
2025-11-05 14:45:00,1.2238907779794193
2025-11-05 15:00:00,1.2238907779794193
2025-11-05 15:15:00,1.2238907779794193
2025-11-05 15:30:00,1.2238907779794193
2025-11-05 15:45:00,1.2238907779794193
2025-11-05 16:00:00,1.2238907779794193
2025-11-05 16:15:00,1.2238907779794193
2025-11-05 16:30:00,1.2238907779794193
2025-11-05 16:45:00,1.2238907779794193
2025-11-05 17:00:00,1.2238907779794193
2025-11-05 17:15:00,1.2238907779794193
2025-11-05 17:30:00,1.2238907779794193
2025-11-05 17:45:00,1.2238907779794193
2025-11-05 18:00:00,1.2238907779794193
2025-11-05 18:15:00,1.2238907779794193
2025-11-05 18:30:00,1.230844340387538
2025-11-05 19:00:00,1.230844340387538
2025-11-05 19:15:00,1.230844340387538
2025-11-05 19:30:00,1.230844340387538
2025-11-05 19:45:00,1.230844340387538
2025-11-05 20:00:00,1.230844340387538
2025-11-05 20:15:00,1.230844340387538
2025-11-06 15:30:00,1.230844340387538
2025-11-06 15:45:00,1.230844340387538
2025-11-06 16:00:00,1.230844340387538
2025-11-06 16:15:00,1.230844340387538
2025-11-06 16:30:00,1.230844340387538
2025-11-06 16:45:00,1.230844340387538
2025-11-06 17:00:00,1.230844340387538
2025-11-06 17:15:00,1.230844340387538
2025-11-06 17:30:00,1.230844340387538
2025-11-06 17:45:00,1.230844340387538
2025-11-06 18:00:00,1.230844340387538
2025-11-06 18:15:00,1.230844340387538
2025-11-06 18:30:00,1.230844340387538
2025-11-06 18:45:00,1.230844340387538
2025-11-06 19:00:00,1.230844340387538
2025-11-06 19:15:00,1.230844340387538
2025-11-06 19:30:00,1.230844340387538
2025-11-06 19:45:00,1.230844340387538
2025-11-06 20:00:00,1.230844340387538
2025-11-06 20:15:00,1.230844340387538
2025-11-06 20:30:00,1.230844340387538
2025-11-06 20:45:00,1.230844340387538
2025-11-07 14:30:00,1.230844340387538
2025-11-07 14:45:00,1.230844340387538
2025-11-07 15:00:00,1.230844340387538
2025-11-07 15:15:00,1.230844340387538
2025-11-07 15:30:00,1.230844340387538
2025-11-07 15:45:00,1.230844340387538
2025-11-07 16:00:00,1.230844340387538
2025-11-07 16:15:00,1.230844340387538
2025-11-07 16:30:00,1.230844340387538
2025-11-07 16:45:00,1.230844340387538
2025-11-07 17:00:00,1.230844340387538
2025-11-07 17:15:00,1.230844340387538
2025-11-07 17:30:00,1.230844340387538
2025-11-07 17:45:00,1.230844340387538
2025-11-07 18:00:00,1.230844340387538
2025-11-07 18:15:00,1.230844340387538
2025-11-07 18:30:00,1.230844340387538
2025-11-07 18:45:00,1.230844340387538
2025-11-07 19:00:00,1.230844340387538
2025-11-07 19:15:00,1.230844340387538
2025-11-07 19:30:00,1.230844340387538
2025-11-07 19:45:00,1.230844340387538
2025-11-07 20:00:00,1.230844340387538
2025-11-07 20:15:00,1.230844340387538
2025-11-07 20:30:00,1.230844340387538
2025-11-07 20:45:00,1.230844340387538
2025-11-10 14:30:00,1.230844340387538
2025-11-10 14:45:00,1.230844340387538
2025-11-10 15:00:00,1.230844340387538
2025-11-10 15:15:00,1.230844340387538
2025-11-10 15:30:00,1.230844340387538
2025-11-10 15:45:00,1.230844340387538
2025-11-10 16:00:00,1.230844340387538
2025-11-10 16:15:00,1.230844340387538
2025-11-10 16:30:00,1.230844340387538
2025-11-10 16:45:00,1.230844340387538
2025-11-10 17:00:00,1.230844340387538
2025-11-10 17:15:00,1.230844340387538
2025-11-10 17:30:00,1.230844340387538
2025-11-10 17:45:00,1.230844340387538
2025-11-10 18:00:00,1.230844340387538
2025-11-10 18:15:00,1.230844340387538
2025-11-10 18:30:00,1.2266938780204943
2025-11-10 18:45:00,1.2266938780204943
2025-11-10 19:00:00,1.2266938780204943
2025-11-10 19:15:00,1.2266938780204943
2025-11-10 19:30:00,1.2266938780204943
2025-11-10 19:45:00,1.2266938780204943
2025-11-10 20:00:00,1.2266938780204943
2025-11-10 20:15:00,1.2266938780204943
2025-11-10 20:30:00,1.2266938780204943
2025-11-10 20:45:00,1.2266938780204943
2025-11-11 14:30:00,1.2266938780204943
2025-11-11 14:45:00,1.2266938780204943
2025-11-11 15:00:00,1.2266938780204943
2025-11-11 15:15:00,1.2266938780204943
2025-11-11 15:30:00,1.2266938780204943
2025-11-11 15:45:00,1.2266938780204943
2025-11-11 16:00:00,1.2266938780204943
2025-11-11 16:15:00,1.2266938780204943
2025-11-11 16:30:00,1.2266938780204943
2025-11-11 16:45:00,1.2266938780204943
2025-11-11 17:00:00,1.2266938780204943
2025-11-11 17:15:00,1.2266938780204943
2025-11-11 17:30:00,1.2266938780204943
2025-11-11 17:45:00,1.2266938780204943
2025-11-11 18:00:00,1.2266938780204943
2025-11-11 18:15:00,1.2266938780204943
2025-11-11 18:45:00,1.2059108332282222
2025-11-11 19:00:00,1.2059108332282222
2025-11-11 19:15:00,1.2059108332282222
2025-11-11 19:30:00,1.2059108332282222
2025-11-11 19:45:00,1.2059108332282222
2025-11-11 20:00:00,1.2059108332282222
2025-11-11 20:15:00,1.2059108332282222
2025-11-11 20:30:00,1.2059108332282222
2025-11-11 20:45:00,1.2059108332282222
2025-11-12 14:30:00,1.2059108332282222
2025-11-12 14:45:00,1.2059108332282222
2025-11-12 15:00:00,1.2059108332282222
2025-11-12 15:15:00,1.2059108332282222
2025-11-12 15:30:00,1.2059108332282222
2025-11-12 15:45:00,1.2059108332282222
2025-11-12 16:00:00,1.2059108332282222
2025-11-12 16:15:00,1.2059108332282222
2025-11-12 16:30:00,1.2059108332282222
2025-11-12 17:00:00,1.2059108332282222
2025-11-12 17:15:00,1.2059108332282222
2025-11-12 17:30:00,1.2059108332282222
2025-11-12 17:45:00,1.2059108332282222
2025-11-12 18:00:00,1.2059108332282222
2025-11-12 18:15:00,1.2059108332282222
2025-11-12 18:30:00,1.2059108332282222
2025-11-12 18:45:00,1.2059108332282222
2025-11-12 19:00:00,1.2059108332282222
2025-11-12 19:15:00,1.2059108332282222
2025-11-12 19:30:00,1.2059108332282222
2025-11-12 19:45:00,1.2059108332282222
2025-11-12 20:00:00,1.2059108332282222
2025-11-12 20:15:00,1.2059108332282222
2025-11-12 20:30:00,1.2059108332282222
2025-11-12 20:45:00,1.2059108332282222
2025-11-13 14:30:00,1.2059108332282222
2025-11-13 14:45:00,1.2059108332282222
2025-11-13 15:00:00,1.2059108332282222
2025-11-13 15:15:00,1.2059108332282222
2025-11-13 15:30:00,1.2059108332282222
2025-11-13 15:45:00,1.2059108332282222
2025-11-13 16:00:00,1.2059108332282222
2025-11-13 16:15:00,1.2059108332282222
2025-11-13 16:30:00,1.2059108332282222
2025-11-13 16:45:00,1.2059108332282222
2025-11-13 17:00:00,1.2059108332282222
2025-11-13 17:15:00,1.2059108332282222
2025-11-13 17:30:00,1.2059108332282222
2025-11-13 17:45:00,1.2059108332282222
2025-11-13 18:00:00,1.2059108332282222
2025-11-13 18:15:00,1.2059108332282222
2025-11-13 18:30:00,1.2059108332282222
2025-11-13 18:45:00,1.2059108332282222
2025-11-13 19:00:00,1.2059108332282222
2025-11-13 19:15:00,1.2059108332282222
2025-11-13 19:30:00,1.2059108332282222
2025-11-13 19:45:00,1.2059108332282222
2025-11-13 20:00:00,1.2059108332282222
2025-11-13 20:15:00,1.2059108332282222
2025-11-13 20:30:00,1.2059108332282222
2025-11-13 20:45:00,1.2059108332282222
2025-11-14 14:30:00,1.2059108332282222
2025-11-14 14:45:00,1.2059108332282222
2025-11-14 15:00:00,1.2059108332282222
2025-11-14 15:15:00,1.2059108332282222
2025-11-14 15:30:00,1.2059108332282222
2025-11-14 15:45:00,1.2059108332282222
2025-11-14 16:00:00,1.2059108332282222
2025-11-14 16:15:00,1.2059108332282222
2025-11-14 16:30:00,1.2059108332282222
2025-11-14 16:45:00,1.2059108332282222
2025-11-14 17:00:00,1.2059108332282222
2025-11-14 17:15:00,1.2059108332282222
2025-11-14 17:30:00,1.2059108332282222
2025-11-14 17:45:00,1.2059108332282222
2025-11-14 18:00:00,1.2059108332282222
2025-11-14 18:15:00,1.2059108332282222
2025-11-14 18:30:00,1.2190355303260958
2025-11-14 18:45:00,1.2190355303260958
2025-11-14 19:00:00,1.2190355303260958
2025-11-14 19:15:00,1.2190355303260958
2025-11-14 19:30:00,1.2190355303260958
2025-11-14 19:45:00,1.2190355303260958
2025-11-14 20:00:00,1.2190355303260958
2025-11-14 20:15:00,1.2190355303260958
2025-11-14 20:30:00,1.2190355303260958
2025-11-14 20:45:00,1.2190355303260958
2025-11-17 14:30:00,1.2190355303260958
2025-11-17 14:45:00,1.2190355303260958
2025-11-17 15:00:00,1.2190355303260958
2025-11-17 15:15:00,1.2190355303260958
2025-11-17 15:30:00,1.2190355303260958
2025-11-17 15:45:00,1.2190355303260958
2025-11-17 16:00:00,1.2190355303260958
2025-11-17 16:15:00,1.2190355303260958
2025-11-17 16:30:00,1.2190355303260958
2025-11-17 16:45:00,1.2190355303260958
2025-11-17 17:00:00,1.2190355303260958
2025-11-17 17:15:00,1.2190355303260958
2025-11-17 17:30:00,1.2190355303260958
2025-11-17 17:45:00,1.2190355303260958
2025-11-17 18:00:00,1.2190355303260958
2025-11-17 18:15:00,1.2190355303260958
2025-11-17 18:30:00,1.2190355303260958
2025-11-17 18:45:00,1.2190355303260958
2025-11-17 19:00:00,1.2190355303260958
2025-11-17 19:15:00,1.2190355303260958
2025-11-17 19:30:00,1.2190355303260958
2025-11-17 19:45:00,1.2190355303260958
2025-11-17 20:00:00,1.2190355303260958
2025-11-17 20:15:00,1.2190355303260958
2025-11-17 20:30:00,1.2190355303260958
2025-11-17 20:45:00,1.2190355303260958
2025-11-18 14:30:00,1.2190355303260958
2025-11-18 14:45:00,1.2190355303260958
2025-11-18 15:00:00,1.2190355303260958
2025-11-18 15:15:00,1.2190355303260958
2025-11-18 15:30:00,1.2190355303260958
2025-11-18 15:45:00,1.2190355303260958
2025-11-18 16:00:00,1.2190355303260958
2025-11-18 16:15:00,1.2190355303260958
2025-11-18 16:30:00,1.2190355303260958
2025-11-18 16:45:00,1.2190355303260958
2025-11-18 17:00:00,1.2190355303260958
2025-11-18 17:15:00,1.2190355303260958
2025-11-18 17:30:00,1.2190355303260958
2025-11-18 17:45:00,1.2190355303260958
2025-11-18 18:00:00,1.2190355303260958
2025-11-18 18:15:00,1.2190355303260958
2025-11-18 18:30:00,1.2190355303260958
2025-11-18 18:45:00,1.2190355303260958
2025-11-18 19:00:00,1.2190355303260958
2025-11-18 19:15:00,1.2190355303260958
2025-11-18 19:30:00,1.2190355303260958
2025-11-18 19:45:00,1.2190355303260958
2025-11-18 20:00:00,1.2190355303260958
2025-11-18 20:15:00,1.2190355303260958
2025-11-18 20:30:00,1.2190355303260958
2025-11-18 20:45:00,1.2190355303260958
2025-11-19 14:30:00,1.2190355303260958
2025-11-19 14:45:00,1.2190355303260958
2025-11-19 15:00:00,1.2190355303260958
2025-11-19 15:15:00,1.2190355303260958
2025-11-19 15:30:00,1.2190355303260958
2025-11-19 15:45:00,1.2190355303260958
2025-11-19 16:00:00,1.2190355303260958
2025-11-19 16:15:00,1.2190355303260958
2025-11-19 16:30:00,1.2190355303260958
2025-11-19 16:45:00,1.2190355303260958
2025-11-19 17:00:00,1.2190355303260958
2025-11-19 17:15:00,1.2190355303260958
2025-11-19 17:30:00,1.2190355303260958
2025-11-19 17:45:00,1.2190355303260958
2025-11-19 18:00:00,1.2190355303260958
2025-11-19 18:15:00,1.2190355303260958
2025-11-19 18:30:00,1.2190355303260958
2025-11-19 18:45:00,1.2190355303260958
2025-11-19 19:00:00,1.2190355303260958
2025-11-19 19:15:00,1.2190355303260958
2025-11-19 19:30:00,1.2190355303260958
2025-11-19 19:45:00,1.2190355303260958
2025-11-19 20:00:00,1.2190355303260958
2025-11-19 20:15:00,1.2190355303260958
2025-11-19 20:30:00,1.2190355303260958
2025-11-19 20:45:00,1.2190355303260958
2025-11-20 14:30:00,1.2190355303260958
2025-11-20 14:45:00,1.2190355303260958
2025-11-20 15:00:00,1.2190355303260958
2025-11-20 15:15:00,1.2190355303260958
2025-11-20 15:30:00,1.2190355303260958
2025-11-20 15:45:00,1.2190355303260958
2025-11-20 16:00:00,1.2190355303260958
2025-11-20 16:15:00,1.2190355303260958
2025-11-20 16:30:00,1.2190355303260958
2025-11-20 16:45:00,1.2190355303260958
2025-11-20 17:00:00,1.2190355303260958
2025-11-20 17:15:00,1.2190355303260958
2025-11-20 17:30:00,1.2190355303260958
2025-11-20 17:45:00,1.2190355303260958
2025-11-20 18:00:00,1.2190355303260958
2025-11-20 18:15:00,1.2190355303260958
2025-11-20 18:30:00,1.2190355303260958
2025-11-20 18:45:00,1.2190355303260958
2025-11-20 19:00:00,1.2190355303260958
2025-11-20 19:15:00,1.2190355303260958
2025-11-20 19:30:00,1.2190355303260958
2025-11-20 19:45:00,1.2190355303260958
2025-11-20 20:00:00,1.2190355303260958
2025-11-20 20:15:00,1.2190355303260958
2025-11-20 20:30:00,1.2190355303260958
2025-11-20 20:45:00,1.2190355303260958
2025-11-21 14:30:00,1.2190355303260958
2025-11-21 14:45:00,1.2190355303260958
2025-11-21 15:00:00,1.2190355303260958
2025-11-21 15:15:00,1.2190355303260958
2025-11-21 15:30:00,1.2190355303260958
2025-11-21 15:45:00,1.2190355303260958
2025-11-21 16:00:00,1.2190355303260958
2025-11-21 16:15:00,1.2190355303260958
2025-11-21 16:30:00,1.2190355303260958
2025-11-21 16:45:00,1.2190355303260958
2025-11-21 17:00:00,1.2190355303260958
2025-11-21 17:15:00,1.2190355303260958
2025-11-21 17:30:00,1.2190355303260958
2025-11-21 17:45:00,1.2190355303260958
2025-11-21 18:00:00,1.2190355303260958
2025-11-21 18:15:00,1.2190355303260958
2025-11-21 18:30:00,1.2190355303260958
2025-11-21 18:45:00,1.2190355303260958
2025-11-21 19:00:00,1.2190355303260958
2025-11-21 19:15:00,1.2190355303260958
2025-11-21 19:30:00,1.2190355303260958
2025-11-21 19:45:00,1.2190355303260958
2025-11-21 20:00:00,1.2190355303260958
2025-11-21 20:15:00,1.2190355303260958
2025-11-21 20:30:00,1.2190355303260958
2025-11-21 20:45:00,1.2190355303260958
2025-11-24 14:30:00,1.2190355303260958
2025-11-24 14:45:00,1.2190355303260958
2025-11-24 15:00:00,1.2190355303260958
2025-11-24 15:15:00,1.2190355303260958
2025-11-24 15:30:00,1.2190355303260958
2025-11-24 15:45:00,1.2190355303260958
2025-11-24 16:00:00,1.2190355303260958
2025-11-24 16:15:00,1.2190355303260958
2025-11-24 16:30:00,1.2190355303260958
2025-11-24 16:45:00,1.2190355303260958
2025-11-24 17:00:00,1.2190355303260958
2025-11-24 17:15:00,1.2190355303260958
2025-11-24 17:30:00,1.2190355303260958
2025-11-24 17:45:00,1.2190355303260958
2025-11-24 18:00:00,1.2190355303260958
2025-11-24 18:15:00,1.2190355303260958
2025-11-24 18:30:00,1.2190355303260958
2025-11-24 18:45:00,1.2190355303260958
2025-11-24 19:00:00,1.2190355303260958
2025-11-24 19:15:00,1.2190355303260958
2025-11-24 19:30:00,1.2190355303260958
2025-11-24 19:45:00,1.2190355303260958
2025-11-24 20:00:00,1.2190355303260958
2025-11-24 20:15:00,1.2190355303260958
2025-11-24 20:30:00,1.2190355303260958
2025-11-24 20:45:00,1.2190355303260958
2025-11-25 14:30:00,1.2190355303260958
2025-11-25 14:45:00,1.2190355303260958
2025-11-25 15:00:00,1.2190355303260958
2025-11-25 15:15:00,1.2190355303260958
2025-11-25 15:30:00,1.2190355303260958
2025-11-25 15:45:00,1.2190355303260958
2025-11-25 16:00:00,1.2190355303260958
2025-11-25 16:15:00,1.2190355303260958
2025-11-25 16:30:00,1.2190355303260958
2025-11-25 16:45:00,1.2190355303260958
2025-11-25 17:00:00,1.2190355303260958
2025-11-25 17:15:00,1.2190355303260958
2025-11-25 17:30:00,1.2190355303260958
2025-11-25 17:45:00,1.2190355303260958
2025-11-25 18:00:00,1.2190355303260958
2025-11-25 18:15:00,1.2190355303260958
2025-11-25 18:30:00,1.2190355303260958
2025-11-25 18:45:00,1.2190355303260958
2025-11-25 19:00:00,1.2190355303260958
2025-11-25 19:15:00,1.2190355303260958
2025-11-25 19:30:00,1.2190355303260958
2025-11-25 19:45:00,1.2190355303260958
2025-11-25 20:00:00,1.2190355303260958
2025-11-25 20:15:00,1.2190355303260958
2025-11-25 20:30:00,1.2190355303260958
2025-11-25 20:45:00,1.2190355303260958
2025-11-26 14:30:00,1.2190355303260958
2025-11-26 14:45:00,1.2190355303260958
2025-11-26 15:00:00,1.2190355303260958
2025-11-26 15:15:00,1.2190355303260958
2025-11-26 15:30:00,1.2190355303260958
2025-11-26 15:45:00,1.2190355303260958
2025-11-26 16:00:00,1.2190355303260958
2025-11-26 16:15:00,1.2190355303260958
2025-11-26 16:30:00,1.2190355303260958
2025-11-26 16:45:00,1.2190355303260958
2025-11-26 17:00:00,1.2190355303260958
2025-11-26 17:15:00,1.2190355303260958
2025-11-26 17:30:00,1.2190355303260958
2025-11-26 17:45:00,1.2190355303260958
2025-11-26 18:00:00,1.2190355303260958
2025-11-26 18:15:00,1.2190355303260958
2025-11-26 18:30:00,1.2190355303260958
2025-11-26 18:45:00,1.2190355303260958
2025-11-26 19:00:00,1.2190355303260958
2025-11-26 19:15:00,1.2190355303260958
2025-11-26 19:30:00,1.2190355303260958
2025-11-26 19:45:00,1.2190355303260958
2025-11-26 20:00:00,1.2190355303260958
2025-11-26 20:15:00,1.2190355303260958
2025-11-26 20:30:00,1.2190355303260958
2025-11-26 20:45:00,1.2190355303260958
2025-11-28 14:30:00,1.2190355303260958
2025-11-28 14:45:00,1.2190355303260958
2025-11-28 15:00:00,1.2190355303260958
2025-11-28 15:15:00,1.2190355303260958
2025-11-28 15:30:00,1.2190355303260958
2025-11-28 15:45:00,1.2190355303260958
2025-11-28 16:00:00,1.2190355303260958
2025-11-28 16:15:00,1.2190355303260958
2025-11-28 16:30:00,1.2190355303260958
2025-11-28 16:45:00,1.2190355303260958
2025-11-28 17:00:00,1.2190355303260958
2025-11-28 17:15:00,1.2190355303260958
2025-11-28 17:30:00,1.2190355303260958
2025-11-28 17:45:00,1.2190355303260958
2025-12-01 14:30:00,1.2190355303260958
2025-12-01 14:45:00,1.2190355303260958
2025-12-01 15:00:00,1.2190355303260958
2025-12-01 15:15:00,1.2190355303260958
2025-12-01 15:30:00,1.2190355303260958
2025-12-01 15:45:00,1.2190355303260958
2025-12-01 16:00:00,1.2190355303260958
2025-12-01 16:15:00,1.2190355303260958
2025-12-01 16:30:00,1.2190355303260958
2025-12-01 16:45:00,1.2190355303260958
2025-12-01 17:00:00,1.2190355303260958
2025-12-01 17:15:00,1.2190355303260958
2025-12-01 17:30:00,1.2190355303260958
2025-12-01 17:45:00,1.2190355303260958
2025-12-01 18:00:00,1.2190355303260958
2025-12-01 18:15:00,1.2190355303260958
2025-12-01 18:30:00,1.2190355303260958
2025-12-01 18:45:00,1.2190355303260958
2025-12-01 19:00:00,1.2190355303260958
2025-12-01 19:15:00,1.2190355303260958
2025-12-01 19:30:00,1.2190355303260958
2025-12-01 19:45:00,1.2190355303260958
2025-12-01 20:00:00,1.2190355303260958
2025-12-01 20:15:00,1.2190355303260958
2025-12-01 20:30:00,1.2190355303260958
2025-12-01 20:45:00,1.2190355303260958
2025-12-02 14:30:00,1.2190355303260958
2025-12-02 14:45:00,1.2190355303260958
2025-12-02 15:00:00,1.2190355303260958
2025-12-02 15:15:00,1.2190355303260958
2025-12-02 15:30:00,1.2190355303260958
2025-12-02 15:45:00,1.2190355303260958
2025-12-02 16:00:00,1.2190355303260958
2025-12-02 16:15:00,1.2190355303260958
2025-12-02 16:30:00,1.2190355303260958
2025-12-02 16:45:00,1.2190355303260958
2025-12-02 17:00:00,1.2190355303260958
2025-12-02 17:15:00,1.2190355303260958
2025-12-02 17:30:00,1.2190355303260958
2025-12-02 17:45:00,1.2190355303260958
2025-12-02 18:00:00,1.2190355303260958
2025-12-02 18:15:00,1.2190355303260958
2025-12-02 18:30:00,1.2190355303260958
2025-12-02 18:45:00,1.2190355303260958
2025-12-02 19:00:00,1.2190355303260958
2025-12-02 19:15:00,1.2190355303260958
2025-12-02 19:30:00,1.2190355303260958
2025-12-02 19:45:00,1.2190355303260958
2025-12-02 20:00:00,1.2190355303260958
2025-12-02 20:15:00,1.2190355303260958
2025-12-02 20:30:00,1.2190355303260958
2025-12-02 20:45:00,1.2190355303260958
2025-12-03 14:30:00,1.2190355303260958
2025-12-03 14:45:00,1.2190355303260958
2025-12-03 15:00:00,1.2190355303260958
2025-12-03 15:15:00,1.2190355303260958
2025-12-03 15:30:00,1.2190355303260958
2025-12-03 15:45:00,1.2190355303260958
2025-12-03 16:00:00,1.2190355303260958
2025-12-03 16:15:00,1.2190355303260958
2025-12-03 16:30:00,1.2190355303260958
2025-12-03 16:45:00,1.2190355303260958
2025-12-03 17:00:00,1.2190355303260958
2025-12-03 17:15:00,1.2190355303260958
2025-12-03 17:30:00,1.2190355303260958
2025-12-03 17:45:00,1.2190355303260958
2025-12-03 18:00:00,1.2190355303260958
2025-12-03 18:15:00,1.2190355303260958
2025-12-03 18:30:00,1.2190355303260958
2025-12-03 18:45:00,1.2190355303260958
2025-12-03 19:00:00,1.2190355303260958
2025-12-03 19:15:00,1.2190355303260958
2025-12-03 19:30:00,1.2190355303260958
2025-12-03 19:45:00,1.2190355303260958
2025-12-03 20:00:00,1.2190355303260958
2025-12-03 20:15:00,1.2190355303260958
2025-12-03 20:30:00,1.2190355303260958
2025-12-03 20:45:00,1.2190355303260958
2025-12-04 14:30:00,1.2190355303260958
2025-12-04 14:45:00,1.2190355303260958
2025-12-04 15:00:00,1.2190355303260958
2025-12-04 15:15:00,1.2190355303260958
2025-12-04 15:30:00,1.2190355303260958
2025-12-04 15:45:00,1.2190355303260958
2025-12-04 16:00:00,1.2190355303260958
2025-12-04 16:15:00,1.2190355303260958
2025-12-04 16:30:00,1.2190355303260958
2025-12-04 16:45:00,1.2190355303260958
2025-12-04 17:00:00,1.2190355303260958
2025-12-04 17:15:00,1.2190355303260958
2025-12-04 17:30:00,1.2190355303260958
2025-12-04 17:45:00,1.2190355303260958
2025-12-04 18:00:00,1.2190355303260958
2025-12-04 18:15:00,1.2190355303260958
2025-12-04 18:30:00,1.2190355303260958
2025-12-04 18:45:00,1.2190355303260958
2025-12-04 19:00:00,1.2190355303260958
2025-12-04 19:15:00,1.2190355303260958
2025-12-04 19:30:00,1.2190355303260958
2025-12-04 19:45:00,1.2190355303260958
2025-12-04 20:00:00,1.2190355303260958
2025-12-04 20:15:00,1.2190355303260958
2025-12-04 20:30:00,1.2190355303260958
2025-12-04 20:45:00,1.2190355303260958
2025-12-05 14:30:00,1.2190355303260958
2025-12-05 14:45:00,1.2190355303260958
2025-12-05 15:00:00,1.2190355303260958
2025-12-05 15:15:00,1.2190355303260958
2025-12-05 15:30:00,1.2190355303260958
2025-12-05 15:45:00,1.2190355303260958
2025-12-05 16:00:00,1.2190355303260958
2025-12-05 16:15:00,1.2190355303260958
2025-12-05 16:30:00,1.2190355303260958
2025-12-05 16:45:00,1.2190355303260958
2025-12-05 17:00:00,1.2190355303260958
2025-12-05 17:15:00,1.2190355303260958
2025-12-05 17:30:00,1.2190355303260958
2025-12-05 17:45:00,1.2190355303260958
2025-12-05 18:00:00,1.2190355303260958
2025-12-05 18:15:00,1.2190355303260958
2025-12-05 18:30:00,1.2190355303260958
2025-12-05 18:45:00,1.2190355303260958
2025-12-05 19:00:00,1.2190355303260958
2025-12-05 19:15:00,1.2190355303260958
2025-12-05 19:30:00,1.2190355303260958
2025-12-05 19:45:00,1.2190355303260958
2025-12-05 20:00:00,1.2190355303260958
2025-12-05 20:15:00,1.2190355303260958
2025-12-05 20:30:00,1.2190355303260958
2025-12-05 20:45:00,1.2190355303260958
2025-12-08 14:30:00,1.2190355303260958
2025-12-08 14:45:00,1.2190355303260958
2025-12-08 15:00:00,1.2190355303260958
2025-12-08 15:15:00,1.2190355303260958
2025-12-08 15:30:00,1.2190355303260958
2025-12-08 15:45:00,1.2190355303260958
2025-12-08 16:00:00,1.2190355303260958
2025-12-08 16:15:00,1.2190355303260958
2025-12-08 16:30:00,1.2190355303260958
2025-12-08 16:45:00,1.2190355303260958
2025-12-08 17:00:00,1.2190355303260958
2025-12-08 17:15:00,1.2190355303260958
2025-12-08 17:30:00,1.2190355303260958
2025-12-08 17:45:00,1.2190355303260958
2025-12-08 18:00:00,1.2190355303260958
2025-12-08 18:15:00,1.2190355303260958
2025-12-08 18:30:00,1.2190355303260958
2025-12-08 18:45:00,1.2190355303260958
2025-12-08 19:00:00,1.2190355303260958
2025-12-08 19:15:00,1.2190355303260958
2025-12-08 19:30:00,1.2190355303260958
2025-12-08 19:45:00,1.2190355303260958
2025-12-08 20:00:00,1.2190355303260958
2025-12-08 20:15:00,1.2190355303260958
2025-12-08 20:30:00,1.2190355303260958
2025-12-08 20:45:00,1.2190355303260958
2025-12-09 14:30:00,1.2190355303260958
2025-12-09 14:45:00,1.2190355303260958
2025-12-09 15:00:00,1.2190355303260958
2025-12-09 15:15:00,1.2190355303260958
2025-12-09 15:30:00,1.2190355303260958
2025-12-09 15:45:00,1.2190355303260958
2025-12-09 16:00:00,1.2190355303260958
2025-12-09 16:15:00,1.2190355303260958
2025-12-09 16:30:00,1.2190355303260958
2025-12-09 16:45:00,1.2190355303260958
2025-12-09 17:00:00,1.2190355303260958
2025-12-09 17:15:00,1.2190355303260958
2025-12-09 17:30:00,1.2190355303260958
2025-12-09 17:45:00,1.2190355303260958
2025-12-09 18:00:00,1.2190355303260958
2025-12-09 18:15:00,1.2190355303260958
2025-12-09 18:30:00,1.2190355303260958
2025-12-09 18:45:00,1.2190355303260958
2025-12-09 19:00:00,1.2190355303260958
2025-12-09 19:15:00,1.2190355303260958
2025-12-09 19:30:00,1.2190355303260958
2025-12-09 19:45:00,1.2190355303260958
2025-12-09 20:00:00,1.2190355303260958
2025-12-09 20:15:00,1.2190355303260958
2025-12-09 20:30:00,1.2190355303260958
2025-12-09 20:45:00,1.2190355303260958
2025-12-10 14:30:00,1.2190355303260958
2025-12-10 14:45:00,1.2190355303260958
2025-12-10 15:00:00,1.2190355303260958
2025-12-10 15:15:00,1.2190355303260958
2025-12-10 15:30:00,1.2190355303260958
2025-12-10 15:45:00,1.2190355303260958
2025-12-10 16:00:00,1.2190355303260958
2025-12-10 16:15:00,1.2190355303260958
2025-12-10 16:30:00,1.2190355303260958
2025-12-10 16:45:00,1.2190355303260958
2025-12-10 17:00:00,1.2190355303260958
2025-12-10 17:15:00,1.2190355303260958
2025-12-10 17:30:00,1.2190355303260958
2025-12-10 17:45:00,1.2190355303260958
2025-12-10 18:00:00,1.2190355303260958
2025-12-10 18:15:00,1.2190355303260958
2025-12-10 18:30:00,1.2190355303260958
2025-12-10 18:45:00,1.2190355303260958
2025-12-10 19:00:00,1.2190355303260958
2025-12-10 19:15:00,1.2190355303260958
2025-12-10 19:30:00,1.2190355303260958
2025-12-10 19:45:00,1.2190355303260958
2025-12-10 20:00:00,1.2190355303260958
2025-12-10 20:15:00,1.2190355303260958
2025-12-10 20:30:00,1.2190355303260958
2025-12-10 20:45:00,1.2190355303260958
2025-12-11 14:30:00,1.2190355303260958
2025-12-11 14:45:00,1.2190355303260958
2025-12-11 15:00:00,1.2190355303260958
2025-12-11 15:15:00,1.2190355303260958
2025-12-11 15:30:00,1.2190355303260958
2025-12-11 15:45:00,1.2190355303260958
2025-12-11 16:00:00,1.2190355303260958
2025-12-11 16:15:00,1.2190355303260958
2025-12-11 16:30:00,1.2190355303260958
2025-12-11 16:45:00,1.2190355303260958
2025-12-11 17:00:00,1.2190355303260958
2025-12-11 17:15:00,1.2190355303260958
2025-12-11 17:30:00,1.2190355303260958
2025-12-11 17:45:00,1.2190355303260958
2025-12-11 18:00:00,1.2190355303260958
2025-12-11 18:15:00,1.2190355303260958
2025-12-11 18:30:00,1.2190355303260958
2025-12-11 18:45:00,1.2190355303260958
2025-12-11 19:00:00,1.2190355303260958
2025-12-11 19:15:00,1.2190355303260958
2025-12-11 19:30:00,1.2190355303260958
2025-12-11 19:45:00,1.2190355303260958
2025-12-11 20:00:00,1.2190355303260958
2025-12-11 20:15:00,1.2190355303260958
2025-12-11 20:30:00,1.2190355303260958
2025-12-11 20:45:00,1.2190355303260958
2025-12-12 14:30:00,1.2190355303260958
2025-12-12 14:45:00,1.2190355303260958
2025-12-12 15:00:00,1.2190355303260958
2025-12-12 15:15:00,1.2190355303260958
2025-12-12 15:30:00,1.2190355303260958
2025-12-12 15:45:00,1.2190355303260958
2025-12-12 16:00:00,1.2190355303260958
2025-12-12 16:15:00,1.2190355303260958
2025-12-12 16:30:00,1.2190355303260958
2025-12-12 16:45:00,1.2190355303260958
2025-12-12 17:00:00,1.2190355303260958
2025-12-12 17:15:00,1.2190355303260958
2025-12-12 17:30:00,1.2190355303260958
2025-12-12 17:45:00,1.2190355303260958
2025-12-12 18:00:00,1.2190355303260958
2025-12-12 18:15:00,1.2190355303260958
2025-12-12 18:30:00,1.2190355303260958
2025-12-12 18:45:00,1.2190355303260958
2025-12-12 19:00:00,1.2190355303260958
2025-12-12 19:15:00,1.2190355303260958
2025-12-12 19:30:00,1.2190355303260958
2025-12-12 19:45:00,1.2190355303260958
2025-12-12 20:00:00,1.2190355303260958
2025-12-12 20:15:00,1.2190355303260958
2025-12-12 20:30:00,1.2190355303260958
2025-12-12 20:45:00,1.2190355303260958
2025-12-15 14:30:00,1.2190355303260958
2025-12-15 14:45:00,1.2190355303260958
2025-12-15 15:00:00,1.2190355303260958
2025-12-15 15:15:00,1.2190355303260958
2025-12-15 15:30:00,1.2190355303260958
2025-12-15 15:45:00,1.2190355303260958
2025-12-15 16:00:00,1.2190355303260958
2025-12-15 16:15:00,1.2190355303260958
2025-12-15 16:30:00,1.2190355303260958
2025-12-15 16:45:00,1.2190355303260958
2025-12-15 17:00:00,1.2190355303260958
2025-12-15 17:15:00,1.2190355303260958
2025-12-15 17:30:00,1.2190355303260958
2025-12-15 17:45:00,1.2190355303260958
2025-12-15 18:00:00,1.2190355303260958
2025-12-15 18:15:00,1.2190355303260958
2025-12-15 18:30:00,1.2190355303260958
2025-12-15 18:45:00,1.2190355303260958
2025-12-15 19:00:00,1.2190355303260958
2025-12-15 19:15:00,1.2190355303260958
2025-12-15 19:30:00,1.2190355303260958
2025-12-15 19:45:00,1.2190355303260958
2025-12-15 20:00:00,1.2190355303260958
2025-12-15 20:15:00,1.2190355303260958
2025-12-15 20:30:00,1.2190355303260958
2025-12-15 20:45:00,1.2190355303260958
2025-12-16 14:30:00,1.2190355303260958
2025-12-16 14:45:00,1.2190355303260958
2025-12-16 15:00:00,1.2190355303260958
2025-12-16 15:15:00,1.2190355303260958
2025-12-16 15:30:00,1.2190355303260958
2025-12-16 15:45:00,1.2190355303260958
2025-12-16 16:00:00,1.2190355303260958
2025-12-16 16:15:00,1.2190355303260958
2025-12-16 16:30:00,1.2190355303260958
2025-12-16 16:45:00,1.2190355303260958
2025-12-16 17:00:00,1.2190355303260958
2025-12-16 17:15:00,1.2190355303260958
2025-12-16 17:30:00,1.2190355303260958
2025-12-16 17:45:00,1.2190355303260958
2025-12-16 18:00:00,1.2190355303260958
2025-12-16 18:15:00,1.2190355303260958
2025-12-16 18:30:00,1.2190355303260958
2025-12-16 18:45:00,1.2190355303260958
2025-12-16 19:00:00,1.2190355303260958
2025-12-16 19:15:00,1.2190355303260958
2025-12-16 19:30:00,1.2190355303260958
2025-12-16 19:45:00,1.2190355303260958
2025-12-16 20:00:00,1.2190355303260958
2025-12-16 20:15:00,1.2190355303260958
2025-12-16 20:30:00,1.2190355303260958
2025-12-16 20:45:00,1.2190355303260958
2025-12-17 14:30:00,1.2190355303260958
2025-12-17 14:45:00,1.2190355303260958
2025-12-17 15:00:00,1.2190355303260958
2025-12-17 15:15:00,1.2190355303260958
2025-12-17 15:30:00,1.2190355303260958
2025-12-17 15:45:00,1.2190355303260958
2025-12-17 16:00:00,1.2190355303260958
2025-12-17 16:15:00,1.2190355303260958
2025-12-17 16:30:00,1.2190355303260958
2025-12-17 16:45:00,1.2190355303260958
2025-12-17 17:00:00,1.2190355303260958
2025-12-17 17:15:00,1.2190355303260958
2025-12-17 17:30:00,1.2190355303260958
2025-12-17 17:45:00,1.2190355303260958
2025-12-17 18:00:00,1.2190355303260958
2025-12-17 18:15:00,1.2190355303260958
2025-12-17 18:30:00,1.2190355303260958
2025-12-17 18:45:00,1.2190355303260958
2025-12-17 19:00:00,1.2190355303260958
2025-12-17 19:15:00,1.2190355303260958
2025-12-17 19:30:00,1.2190355303260958
2025-12-17 19:45:00,1.2190355303260958
2025-12-17 20:00:00,1.2190355303260958
2025-12-17 20:15:00,1.2190355303260958
2025-12-17 20:30:00,1.2190355303260958
2025-12-17 20:45:00,1.2190355303260958
2025-12-18 14:30:00,1.2190355303260958
2025-12-18 14:45:00,1.2190355303260958
2025-12-18 15:00:00,1.2190355303260958
2025-12-18 15:15:00,1.2190355303260958
2025-12-18 15:30:00,1.2190355303260958
2025-12-18 15:45:00,1.2190355303260958
2025-12-18 16:00:00,1.2190355303260958
2025-12-18 16:15:00,1.2190355303260958
2025-12-18 16:30:00,1.2190355303260958
2025-12-18 16:45:00,1.2190355303260958
2025-12-18 17:00:00,1.2190355303260958
2025-12-18 17:15:00,1.2190355303260958
2025-12-18 17:30:00,1.2190355303260958
2025-12-18 17:45:00,1.2190355303260958
2025-12-18 18:00:00,1.2190355303260958
2025-12-18 18:15:00,1.2190355303260958
2025-12-18 18:30:00,1.2190355303260958
2025-12-18 18:45:00,1.2190355303260958
2025-12-18 19:00:00,1.2190355303260958
2025-12-18 19:15:00,1.2190355303260958
2025-12-18 19:30:00,1.2190355303260958
2025-12-18 19:45:00,1.2190355303260958
2025-12-18 20:00:00,1.2190355303260958
2025-12-18 20:15:00,1.2190355303260958
2025-12-18 20:30:00,1.2190355303260958
2025-12-18 20:45:00,1.2190355303260958
2025-12-19 14:30:00,1.2190355303260958
2025-12-19 14:45:00,1.2190355303260958
2025-12-19 15:00:00,1.2190355303260958
2025-12-19 15:15:00,1.2190355303260958
2025-12-19 15:30:00,1.2190355303260958
2025-12-19 15:45:00,1.2190355303260958
2025-12-19 16:00:00,1.2190355303260958
2025-12-19 16:15:00,1.2190355303260958
2025-12-19 16:30:00,1.2190355303260958
2025-12-19 16:45:00,1.2190355303260958
2025-12-19 17:00:00,1.2190355303260958
2025-12-19 17:15:00,1.2190355303260958
2025-12-19 17:30:00,1.2190355303260958
2025-12-19 17:45:00,1.2190355303260958
2025-12-19 18:00:00,1.2190355303260958
2025-12-19 18:15:00,1.2190355303260958
2025-12-19 18:30:00,1.2190355303260958
2025-12-19 18:45:00,1.2190355303260958
2025-12-19 19:00:00,1.2190355303260958
2025-12-19 19:15:00,1.2190355303260958
2025-12-19 19:30:00,1.2190355303260958
2025-12-19 19:45:00,1.2190355303260958
2025-12-19 20:00:00,1.2190355303260958
2025-12-19 20:15:00,1.2190355303260958
2025-12-19 20:30:00,1.2190355303260958
2025-12-19 20:45:00,1.2190355303260958
2025-12-22 14:30:00,1.2190355303260958
2025-12-22 14:45:00,1.2190355303260958
2025-12-22 15:00:00,1.2190355303260958
2025-12-22 15:15:00,1.2190355303260958
2025-12-22 15:30:00,1.2190355303260958
2025-12-22 15:45:00,1.2190355303260958
2025-12-22 16:00:00,1.2190355303260958
2025-12-22 16:15:00,1.2190355303260958
2025-12-22 16:30:00,1.2190355303260958
2025-12-22 16:45:00,1.2190355303260958
2025-12-22 17:00:00,1.2190355303260958
2025-12-22 17:15:00,1.2190355303260958
2025-12-22 17:30:00,1.2190355303260958
2025-12-22 17:45:00,1.2190355303260958
2025-12-22 18:00:00,1.2190355303260958
2025-12-22 18:15:00,1.2190355303260958
2025-12-22 18:30:00,1.2190355303260958
2025-12-22 18:45:00,1.2190355303260958
2025-12-22 19:00:00,1.2190355303260958
2025-12-22 19:15:00,1.2190355303260958
2025-12-22 19:30:00,1.2190355303260958
2025-12-22 19:45:00,1.2190355303260958
2025-12-22 20:00:00,1.2190355303260958
2025-12-22 20:15:00,1.2190355303260958
2025-12-22 20:30:00,1.2190355303260958
2025-12-22 20:45:00,1.2190355303260958
2025-12-23 14:30:00,1.2190355303260958
2025-12-23 14:45:00,1.2190355303260958
2025-12-23 15:00:00,1.2190355303260958
2025-12-23 15:15:00,1.2190355303260958
2025-12-23 15:30:00,1.2190355303260958
2025-12-23 15:45:00,1.2190355303260958
2025-12-23 16:00:00,1.2190355303260958
2025-12-23 16:15:00,1.2190355303260958
2025-12-23 16:30:00,1.2190355303260958
2025-12-23 16:45:00,1.2190355303260958
2025-12-23 17:00:00,1.2190355303260958
2025-12-23 17:15:00,1.2190355303260958
2025-12-23 17:30:00,1.2190355303260958
2025-12-23 17:45:00,1.2190355303260958
2025-12-23 18:00:00,1.2190355303260958
2025-12-23 18:15:00,1.2190355303260958
2025-12-23 18:30:00,1.2190355303260958
2025-12-23 18:45:00,1.2190355303260958
2025-12-23 19:00:00,1.2190355303260958
2025-12-23 19:15:00,1.2190355303260958
2025-12-23 19:30:00,1.2190355303260958
2025-12-23 19:45:00,1.2190355303260958
2025-12-23 20:00:00,1.2190355303260958
2025-12-23 20:15:00,1.2190355303260958
2025-12-23 20:30:00,1.2190355303260958
2025-12-23 20:45:00,1.2190355303260958
2025-12-24 14:30:00,1.2190355303260958
2025-12-24 14:45:00,1.2190355303260958
2025-12-24 15:00:00,1.2190355303260958
2025-12-24 15:15:00,1.2190355303260958
2025-12-24 15:30:00,1.2190355303260958
2025-12-24 15:45:00,1.2190355303260958
2025-12-24 16:00:00,1.2190355303260958
2025-12-24 16:15:00,1.2190355303260958
2025-12-24 16:30:00,1.2190355303260958
2025-12-24 16:45:00,1.2190355303260958
2025-12-24 17:00:00,1.2190355303260958
2025-12-24 17:15:00,1.2190355303260958
2025-12-24 17:30:00,1.2190355303260958
2025-12-24 17:45:00,1.2190355303260958
2025-12-26 14:30:00,1.2190355303260958
2025-12-26 14:45:00,1.2190355303260958
2025-12-26 15:00:00,1.2190355303260958
2025-12-26 15:15:00,1.2190355303260958
2025-12-26 15:30:00,1.2190355303260958
2025-12-26 15:45:00,1.2190355303260958
2025-12-26 16:00:00,1.2190355303260958
2025-12-26 16:15:00,1.2190355303260958
2025-12-26 16:30:00,1.2190355303260958
2025-12-26 16:45:00,1.2190355303260958
2025-12-26 17:00:00,1.2190355303260958
2025-12-26 17:15:00,1.2190355303260958
2025-12-26 17:30:00,1.2190355303260958
2025-12-26 17:45:00,1.2190355303260958
2025-12-26 18:00:00,1.2190355303260958
2025-12-26 18:15:00,1.2190355303260958
2025-12-26 18:30:00,1.2190355303260958
2025-12-26 18:45:00,1.2190355303260958
2025-12-26 19:00:00,1.2190355303260958
2025-12-26 19:15:00,1.2190355303260958
2025-12-26 19:30:00,1.2190355303260958
2025-12-26 19:45:00,1.2190355303260958
2025-12-26 20:00:00,1.2190355303260958
2025-12-26 20:15:00,1.2190355303260958
2025-12-26 20:30:00,1.2190355303260958
2025-12-26 20:45:00,1.2190355303260958
2025-12-29 14:30:00,1.2190355303260958
2025-12-29 14:45:00,1.2190355303260958
2025-12-29 15:00:00,1.2190355303260958
2025-12-29 15:15:00,1.2190355303260958
2025-12-29 15:30:00,1.2190355303260958
2025-12-29 15:45:00,1.2190355303260958
2025-12-29 16:00:00,1.2190355303260958
2025-12-29 16:15:00,1.2190355303260958
2025-12-29 16:30:00,1.2190355303260958
2025-12-29 16:45:00,1.2190355303260958
2025-12-29 17:00:00,1.2190355303260958
2025-12-29 17:15:00,1.2190355303260958
2025-12-29 17:30:00,1.2190355303260958
2025-12-29 17:45:00,1.2190355303260958
2025-12-29 18:00:00,1.2190355303260958
2025-12-29 18:15:00,1.2190355303260958
2025-12-29 18:30:00,1.2190355303260958
2025-12-29 18:45:00,1.2190355303260958
2025-12-29 19:00:00,1.2190355303260958
2025-12-29 19:15:00,1.2190355303260958
2025-12-29 19:30:00,1.2190355303260958
2025-12-29 19:45:00,1.2190355303260958
2025-12-29 20:00:00,1.2190355303260958
2025-12-29 20:15:00,1.2190355303260958
2025-12-29 20:30:00,1.2190355303260958
2025-12-29 20:45:00,1.2190355303260958
2025-12-30 14:30:00,1.2190355303260958
2025-12-30 14:45:00,1.2190355303260958
2025-12-30 15:00:00,1.2190355303260958
2025-12-30 15:15:00,1.2190355303260958
2025-12-30 15:30:00,1.2190355303260958
2025-12-30 15:45:00,1.2190355303260958
2025-12-30 16:00:00,1.2190355303260958
2025-12-30 16:15:00,1.2190355303260958
2025-12-30 16:30:00,1.2190355303260958
2025-12-30 16:45:00,1.2190355303260958
2025-12-30 17:00:00,1.2190355303260958
2025-12-30 17:15:00,1.2190355303260958
2025-12-30 17:30:00,1.2190355303260958
2025-12-30 17:45:00,1.2190355303260958
2025-12-30 18:00:00,1.2190355303260958
2025-12-30 18:15:00,1.2190355303260958
2025-12-30 18:30:00,1.2190355303260958
2025-12-30 19:00:00,1.2190355303260958
2025-12-30 19:15:00,1.2190355303260958
2025-12-30 19:30:00,1.2190355303260958
2025-12-30 19:45:00,1.2190355303260958
2025-12-30 20:00:00,1.2190355303260958
2025-12-30 20:15:00,1.2190355303260958
2025-12-30 20:30:00,1.2190355303260958
2025-12-30 20:45:00,1.2190355303260958
2025-12-31 14:30:00,1.2190355303260958
2025-12-31 14:45:00,1.2190355303260958
2025-12-31 15:00:00,1.2190355303260958
2025-12-31 15:15:00,1.2190355303260958
2025-12-31 15:30:00,1.2190355303260958
2025-12-31 15:45:00,1.2190355303260958
2025-12-31 16:00:00,1.2190355303260958
2025-12-31 16:15:00,1.2190355303260958
2025-12-31 16:30:00,1.2190355303260958
2025-12-31 16:45:00,1.2190355303260958
2025-12-31 17:00:00,1.2190355303260958
2025-12-31 17:15:00,1.2190355303260958
2025-12-31 17:30:00,1.2190355303260958
2025-12-31 17:45:00,1.2190355303260958
2025-12-31 18:00:00,1.2190355303260958
2025-12-31 18:15:00,1.2190355303260958
2025-12-31 18:30:00,1.2190355303260958
2025-12-31 18:45:00,1.2190355303260958
2025-12-31 19:00:00,1.2190355303260958
2025-12-31 19:15:00,1.2190355303260958
2025-12-31 19:30:00,1.2190355303260958
2025-12-31 19:45:00,1.2190355303260958
2025-12-31 20:00:00,1.2190355303260958
2025-12-31 20:15:00,1.2190355303260958
2025-12-31 20:30:00,1.2190355303260958
2025-12-31 20:45:00,1.2190355303260958
2026-01-02 14:30:00,1.2190355303260958
2026-01-02 14:45:00,1.2190355303260958
2026-01-02 15:00:00,1.2190355303260958
2026-01-02 15:15:00,1.2190355303260958
2026-01-02 15:30:00,1.2190355303260958
2026-01-02 15:45:00,1.2190355303260958
2026-01-02 16:00:00,1.2190355303260958
2026-01-02 16:15:00,1.2190355303260958
2026-01-02 16:30:00,1.2190355303260958
2026-01-02 16:45:00,1.2190355303260958
2026-01-02 17:00:00,1.2190355303260958
2026-01-02 17:15:00,1.2190355303260958
2026-01-02 17:30:00,1.2190355303260958
2026-01-02 17:45:00,1.2190355303260958
2026-01-02 18:00:00,1.2190355303260958
2026-01-02 18:15:00,1.2190355303260958
2026-01-02 18:30:00,1.2190355303260958
2026-01-02 18:45:00,1.2190355303260958
2026-01-02 19:00:00,1.2190355303260958
2026-01-02 19:15:00,1.2190355303260958
2026-01-02 19:30:00,1.2190355303260958
2026-01-02 19:45:00,1.2190355303260958
2026-01-02 20:00:00,1.2190355303260958
2026-01-02 20:15:00,1.2190355303260958
2026-01-02 20:30:00,1.2190355303260958
2026-01-02 20:45:00,1.2190355303260958
2026-01-05 14:30:00,1.2190355303260958
2026-01-05 14:45:00,1.2190355303260958
2026-01-05 15:00:00,1.2190355303260958
2026-01-05 15:15:00,1.2190355303260958
2026-01-05 15:30:00,1.2190355303260958
2026-01-05 15:45:00,1.2190355303260958
2026-01-05 16:00:00,1.2190355303260958
2026-01-05 16:15:00,1.2190355303260958
2026-01-05 16:30:00,1.2190355303260958
2026-01-05 16:45:00,1.2190355303260958
2026-01-05 17:00:00,1.2190355303260958
2026-01-05 17:15:00,1.2190355303260958
2026-01-05 17:30:00,1.2190355303260958
2026-01-05 17:45:00,1.2190355303260958
2026-01-05 18:00:00,1.2190355303260958
2026-01-05 18:15:00,1.2190355303260958
2026-01-05 18:30:00,1.2190355303260958
2026-01-05 18:45:00,1.2190355303260958
2026-01-05 19:00:00,1.2190355303260958
2026-01-05 19:15:00,1.2190355303260958
2026-01-05 19:30:00,1.2190355303260958
2026-01-05 19:45:00,1.2190355303260958
2026-01-05 20:00:00,1.2190355303260958
2026-01-05 20:15:00,1.2190355303260958
2026-01-05 20:30:00,1.2190355303260958
2026-01-05 20:45:00,1.2190355303260958
2026-01-06 14:30:00,1.2190355303260958
2026-01-06 14:45:00,1.2190355303260958
2026-01-06 15:00:00,1.2190355303260958
2026-01-06 15:15:00,1.2190355303260958
2026-01-06 15:30:00,1.2190355303260958
2026-01-06 15:45:00,1.2190355303260958
2026-01-06 16:00:00,1.2190355303260958
2026-01-06 16:15:00,1.2190355303260958
2026-01-06 16:30:00,1.2190355303260958
2026-01-06 16:45:00,1.2190355303260958
2026-01-06 17:00:00,1.2190355303260958
2026-01-06 17:15:00,1.2190355303260958
2026-01-06 17:30:00,1.2190355303260958
2026-01-06 17:45:00,1.2190355303260958
2026-01-06 18:00:00,1.2190355303260958
2026-01-06 18:15:00,1.2190355303260958
2026-01-06 18:30:00,1.2190355303260958
2026-01-06 18:45:00,1.2190355303260958
2026-01-06 19:00:00,1.2190355303260958
2026-01-06 19:15:00,1.2190355303260958
2026-01-06 19:30:00,1.2190355303260958
2026-01-06 19:45:00,1.2190355303260958
2026-01-06 20:00:00,1.2190355303260958
2026-01-06 20:15:00,1.2190355303260958
2026-01-06 20:30:00,1.2190355303260958
2026-01-06 20:45:00,1.2190355303260958
2026-01-07 14:30:00,1.2190355303260958
2026-01-07 14:45:00,1.2190355303260958
2026-01-07 15:00:00,1.2190355303260958
2026-01-07 15:15:00,1.2190355303260958
2026-01-07 15:30:00,1.2190355303260958
2026-01-07 15:45:00,1.2190355303260958
2026-01-07 16:00:00,1.2190355303260958
2026-01-07 16:15:00,1.2190355303260958
2026-01-07 16:30:00,1.2190355303260958
2026-01-07 16:45:00,1.2190355303260958
2026-01-07 17:00:00,1.2190355303260958
2026-01-07 17:15:00,1.2190355303260958
2026-01-07 17:30:00,1.2190355303260958
2026-01-07 17:45:00,1.2190355303260958
2026-01-07 18:00:00,1.2190355303260958
2026-01-07 18:15:00,1.2190355303260958
2026-01-07 18:30:00,1.2190355303260958
2026-01-07 18:45:00,1.2190355303260958
2026-01-07 19:00:00,1.2190355303260958
2026-01-07 19:15:00,1.2190355303260958
2026-01-07 19:30:00,1.2190355303260958
2026-01-07 19:45:00,1.2190355303260958
2026-01-07 20:00:00,1.2190355303260958
2026-01-07 20:15:00,1.2190355303260958
2026-01-07 20:30:00,1.2190355303260958
2026-01-07 20:45:00,1.2190355303260958
2026-01-08 14:30:00,1.2190355303260958
2026-01-08 14:45:00,1.2190355303260958
2026-01-08 15:00:00,1.2190355303260958
2026-01-08 15:15:00,1.2190355303260958
2026-01-08 15:30:00,1.2190355303260958
2026-01-08 15:45:00,1.2190355303260958
2026-01-08 16:00:00,1.2190355303260958
2026-01-08 16:15:00,1.2190355303260958
2026-01-08 16:30:00,1.2190355303260958
2026-01-08 16:45:00,1.2190355303260958
2026-01-08 17:00:00,1.2190355303260958
2026-01-08 17:15:00,1.2190355303260958
2026-01-08 17:30:00,1.2190355303260958
2026-01-08 17:45:00,1.2190355303260958
2026-01-08 18:00:00,1.2190355303260958
2026-01-08 18:15:00,1.2190355303260958
2026-01-08 18:30:00,1.2190355303260958
2026-01-08 18:45:00,1.2190355303260958
2026-01-08 19:00:00,1.2190355303260958
2026-01-08 19:15:00,1.2190355303260958
2026-01-08 19:30:00,1.2190355303260958
2026-01-08 19:45:00,1.2190355303260958
2026-01-08 20:00:00,1.2190355303260958
2026-01-08 20:15:00,1.2190355303260958
2026-01-08 20:30:00,1.2190355303260958
2026-01-08 20:45:00,1.2190355303260958
2026-01-09 14:30:00,1.2190355303260958
2026-01-09 14:45:00,1.2190355303260958
2026-01-09 15:00:00,1.2190355303260958
2026-01-09 15:15:00,1.2190355303260958
2026-01-09 15:30:00,1.2190355303260958
2026-01-09 15:45:00,1.2190355303260958
2026-01-09 16:00:00,1.2190355303260958
2026-01-09 16:15:00,1.2190355303260958
2026-01-09 16:30:00,1.2190355303260958
2026-01-09 16:45:00,1.2190355303260958
2026-01-09 17:00:00,1.2190355303260958
2026-01-09 17:15:00,1.2190355303260958
2026-01-09 17:30:00,1.2190355303260958
2026-01-09 17:45:00,1.2190355303260958
2026-01-09 18:00:00,1.2190355303260958
2026-01-09 18:15:00,1.2190355303260958
2026-01-09 18:30:00,1.2190355303260958
2026-01-09 18:45:00,1.2190355303260958
2026-01-09 19:00:00,1.2190355303260958
2026-01-09 19:15:00,1.2190355303260958
2026-01-09 19:30:00,1.2190355303260958
2026-01-09 19:45:00,1.2190355303260958
2026-01-09 20:30:00,1.2190355303260958
2026-01-09 20:45:00,1.2190355303260958
2026-01-12 14:30:00,1.2190355303260958
2026-01-12 14:45:00,1.2190355303260958
2026-01-12 15:00:00,1.2190355303260958
2026-01-12 15:15:00,1.2190355303260958
2026-01-12 15:30:00,1.2190355303260958
2026-01-12 15:45:00,1.2190355303260958
2026-01-12 16:00:00,1.2190355303260958
2026-01-12 16:15:00,1.2190355303260958
2026-01-12 16:30:00,1.2190355303260958
2026-01-12 16:45:00,1.2190355303260958
2026-01-12 17:00:00,1.2190355303260958
2026-01-12 17:15:00,1.2190355303260958
2026-01-12 17:30:00,1.2190355303260958
2026-01-12 17:45:00,1.2190355303260958
2026-01-12 18:00:00,1.2190355303260958
2026-01-12 18:15:00,1.2190355303260958
2026-01-12 18:30:00,1.2190355303260958
2026-01-12 18:45:00,1.2190355303260958
2026-01-12 19:00:00,1.2190355303260958
2026-01-12 19:15:00,1.2190355303260958
2026-01-12 19:30:00,1.2190355303260958
2026-01-12 19:45:00,1.2190355303260958
2026-01-12 20:00:00,1.2190355303260958
2026-01-12 20:15:00,1.2190355303260958
2026-01-12 20:30:00,1.2190355303260958
2026-01-12 20:45:00,1.2190355303260958
2026-01-13 14:30:00,1.2190355303260958
2026-01-13 14:45:00,1.2190355303260958
2026-01-13 15:00:00,1.2190355303260958
2026-01-13 15:15:00,1.2190355303260958
2026-01-13 15:30:00,1.2190355303260958
2026-01-13 15:45:00,1.2190355303260958
2026-01-13 16:00:00,1.2190355303260958
2026-01-13 16:15:00,1.2190355303260958
2026-01-13 16:30:00,1.2190355303260958
2026-01-13 16:45:00,1.2190355303260958
2026-01-13 17:00:00,1.2190355303260958
2026-01-13 17:15:00,1.2190355303260958
2026-01-13 17:30:00,1.2190355303260958
2026-01-13 17:45:00,1.2190355303260958
2026-01-13 18:00:00,1.2190355303260958
2026-01-13 18:15:00,1.2190355303260958
2026-01-13 18:30:00,1.2190355303260958
2026-01-13 18:45:00,1.2190355303260958
2026-01-13 19:00:00,1.2190355303260958
2026-01-13 19:15:00,1.2190355303260958
2026-01-13 19:30:00,1.2190355303260958
2026-01-13 19:45:00,1.2190355303260958
2026-01-13 20:00:00,1.2190355303260958
2026-01-13 20:15:00,1.2190355303260958
2026-01-13 20:30:00,1.2190355303260958
2026-01-13 20:45:00,1.2190355303260958
2026-01-14 14:30:00,1.2190355303260958
2026-01-14 14:45:00,1.2190355303260958
2026-01-14 15:00:00,1.2190355303260958
2026-01-14 15:15:00,1.2190355303260958
2026-01-14 15:30:00,1.2190355303260958
2026-01-14 15:45:00,1.2190355303260958
2026-01-14 16:00:00,1.2190355303260958
2026-01-14 16:15:00,1.2190355303260958
2026-01-14 16:30:00,1.2190355303260958
2026-01-14 16:45:00,1.2190355303260958
2026-01-14 17:00:00,1.2190355303260958
2026-01-14 17:15:00,1.2190355303260958
2026-01-14 17:30:00,1.2190355303260958
2026-01-14 17:45:00,1.2190355303260958
2026-01-14 18:00:00,1.2190355303260958
2026-01-14 18:15:00,1.2190355303260958
2026-01-14 18:30:00,1.2190355303260958
2026-01-14 18:45:00,1.2190355303260958
2026-01-14 19:00:00,1.2190355303260958
2026-01-14 19:15:00,1.2190355303260958
2026-01-14 19:30:00,1.2190355303260958
2026-01-14 19:45:00,1.2190355303260958
2026-01-14 20:00:00,1.2190355303260958
2026-01-14 20:15:00,1.2190355303260958
2026-01-14 20:30:00,1.2190355303260958
2026-01-14 20:45:00,1.2190355303260958
2026-01-15 14:30:00,1.2190355303260958
2026-01-15 14:45:00,1.2190355303260958
2026-01-15 15:00:00,1.2190355303260958
2026-01-15 15:15:00,1.2190355303260958
2026-01-15 15:30:00,1.2190355303260958
2026-01-15 15:45:00,1.2190355303260958
2026-01-15 16:00:00,1.2190355303260958
2026-01-15 16:15:00,1.2190355303260958
2026-01-15 16:30:00,1.2190355303260958
2026-01-15 16:45:00,1.2190355303260958
2026-01-15 17:00:00,1.2190355303260958
2026-01-15 17:15:00,1.2190355303260958
2026-01-15 17:30:00,1.2190355303260958
2026-01-15 17:45:00,1.2190355303260958
2026-01-15 18:00:00,1.2190355303260958
2026-01-15 18:15:00,1.2190355303260958
2026-01-15 18:30:00,1.2190355303260958
2026-01-15 18:45:00,1.2190355303260958
2026-01-15 19:00:00,1.2190355303260958
2026-01-15 19:15:00,1.2190355303260958
2026-01-15 19:30:00,1.2190355303260958
2026-01-15 19:45:00,1.2190355303260958
2026-01-15 20:00:00,1.2190355303260958
2026-01-15 20:15:00,1.2190355303260958
2026-01-15 20:30:00,1.2190355303260958
2026-01-15 20:45:00,1.2190355303260958
2026-01-16 14:30:00,1.2190355303260958
2026-01-16 14:45:00,1.2190355303260958
2026-01-16 15:00:00,1.2190355303260958
2026-01-16 15:15:00,1.2190355303260958
2026-01-16 15:30:00,1.2190355303260958
2026-01-16 15:45:00,1.2190355303260958
2026-01-16 16:00:00,1.2190355303260958
2026-01-16 16:15:00,1.2190355303260958
2026-01-16 16:30:00,1.2190355303260958
2026-01-16 16:45:00,1.2190355303260958
2026-01-16 17:00:00,1.2190355303260958
2026-01-16 17:15:00,1.2190355303260958
2026-01-16 17:30:00,1.2190355303260958
2026-01-16 17:45:00,1.2190355303260958
2026-01-16 18:00:00,1.2190355303260958
2026-01-16 18:15:00,1.2190355303260958
2026-01-16 18:30:00,1.2190355303260958
2026-01-16 18:45:00,1.2190355303260958
2026-01-16 19:00:00,1.2190355303260958
2026-01-16 19:15:00,1.2190355303260958
2026-01-16 19:30:00,1.2190355303260958
2026-01-16 19:45:00,1.2190355303260958
2026-01-16 20:00:00,1.2190355303260958
2026-01-16 20:15:00,1.2190355303260958
2026-01-16 20:30:00,1.2190355303260958
2026-01-16 20:45:00,1.2190355303260958
2026-01-20 14:30:00,1.2190355303260958
2026-01-20 14:45:00,1.2190355303260958
2026-01-20 15:00:00,1.2190355303260958
2026-01-20 15:15:00,1.2190355303260958
2026-01-20 15:30:00,1.2190355303260958
2026-01-20 15:45:00,1.2190355303260958
2026-01-20 16:00:00,1.2190355303260958
2026-01-20 16:15:00,1.2190355303260958
2026-01-20 16:30:00,1.2190355303260958
2026-01-20 16:45:00,1.2190355303260958
2026-01-20 17:00:00,1.2190355303260958
2026-01-20 17:15:00,1.2190355303260958
2026-01-20 17:30:00,1.2190355303260958
2026-01-20 17:45:00,1.2190355303260958
2026-01-20 18:00:00,1.2190355303260958
2026-01-20 18:15:00,1.2190355303260958
2026-01-20 18:30:00,1.2190355303260958
2026-01-20 18:45:00,1.2190355303260958
2026-01-20 19:00:00,1.2190355303260958
2026-01-20 19:15:00,1.2190355303260958
2026-01-20 19:30:00,1.2190355303260958
2026-01-20 19:45:00,1.2190355303260958
2026-01-20 20:00:00,1.2190355303260958
2026-01-20 20:15:00,1.2190355303260958
2026-01-20 20:30:00,1.2190355303260958
2026-01-20 20:45:00,1.2190355303260958
2026-01-21 14:30:00,1.2190355303260958
2026-01-21 14:45:00,1.2190355303260958
2026-01-21 15:00:00,1.2190355303260958
2026-01-21 15:15:00,1.2190355303260958
2026-01-21 15:30:00,1.2190355303260958
2026-01-21 15:45:00,1.2190355303260958
2026-01-21 16:00:00,1.2190355303260958
2026-01-21 16:15:00,1.2190355303260958
2026-01-21 16:30:00,1.2190355303260958
2026-01-21 16:45:00,1.2190355303260958
2026-01-21 17:00:00,1.2190355303260958
2026-01-21 17:15:00,1.2190355303260958
2026-01-21 17:30:00,1.2190355303260958
2026-01-21 17:45:00,1.2190355303260958
2026-01-21 18:00:00,1.2190355303260958
2026-01-21 18:15:00,1.2190355303260958
2026-01-21 18:30:00,1.2190355303260958
2026-01-21 18:45:00,1.2190355303260958
2026-01-21 19:00:00,1.2190355303260958
2026-01-21 19:15:00,1.2190355303260958
2026-01-21 19:30:00,1.2190355303260958
2026-01-21 19:45:00,1.2190355303260958
2026-01-21 20:00:00,1.2190355303260958
2026-01-21 20:15:00,1.2190355303260958
2026-01-21 20:30:00,1.2190355303260958
2026-01-21 20:45:00,1.2190355303260958
2026-01-22 14:30:00,1.2190355303260958
2026-01-22 14:45:00,1.2190355303260958
2026-01-22 15:00:00,1.2190355303260958
2026-01-22 15:15:00,1.2190355303260958
2026-01-22 15:30:00,1.2190355303260958
2026-01-22 15:45:00,1.2190355303260958
2026-01-22 16:00:00,1.2190355303260958
2026-01-22 16:15:00,1.2190355303260958
2026-01-22 16:30:00,1.2190355303260958
2026-01-22 16:45:00,1.2190355303260958
2026-01-22 17:00:00,1.2190355303260958
2026-01-22 17:15:00,1.2190355303260958
2026-01-22 17:30:00,1.2190355303260958
2026-01-22 17:45:00,1.2190355303260958
2026-01-22 18:00:00,1.2190355303260958
2026-01-22 18:15:00,1.2190355303260958
2026-01-22 18:30:00,1.2190355303260958
2026-01-22 18:45:00,1.2190355303260958
2026-01-22 19:00:00,1.2190355303260958
2026-01-22 19:15:00,1.2190355303260958
2026-01-22 19:30:00,1.2190355303260958
2026-01-22 19:45:00,1.2190355303260958
2026-01-22 20:00:00,1.2190355303260958
2026-01-22 20:15:00,1.2190355303260958
2026-01-22 20:30:00,1.2190355303260958
2026-01-22 20:45:00,1.2190355303260958
2026-01-23 14:30:00,1.2190355303260958
2026-01-23 14:45:00,1.2190355303260958
2026-01-23 15:00:00,1.2190355303260958
2026-01-23 15:15:00,1.2190355303260958
2026-01-23 15:30:00,1.2190355303260958
2026-01-23 15:45:00,1.2190355303260958
2026-01-23 16:00:00,1.2190355303260958
2026-01-23 16:15:00,1.2190355303260958
2026-01-23 16:30:00,1.2190355303260958
2026-01-23 16:45:00,1.2190355303260958
2026-01-23 17:00:00,1.2190355303260958
2026-01-23 17:15:00,1.2190355303260958
2026-01-23 17:30:00,1.2190355303260958
2026-01-23 17:45:00,1.2190355303260958
2026-01-23 18:00:00,1.2190355303260958
2026-01-23 18:15:00,1.2190355303260958
2026-01-23 18:30:00,1.2190355303260958
2026-01-23 18:45:00,1.2190355303260958
2026-01-23 19:00:00,1.2190355303260958
2026-01-23 19:15:00,1.2190355303260958
2026-01-23 19:30:00,1.2190355303260958
2026-01-23 19:45:00,1.2190355303260958
2026-01-23 20:00:00,1.2190355303260958
2026-01-23 20:15:00,1.2190355303260958
2026-01-23 20:30:00,1.2190355303260958
2026-01-23 20:45:00,1.2190355303260958
2026-01-26 14:30:00,1.2190355303260958
2026-01-26 14:45:00,1.2190355303260958
2026-01-26 15:00:00,1.2190355303260958
2026-01-26 15:15:00,1.2190355303260958
2026-01-26 15:30:00,1.2190355303260958
2026-01-26 15:45:00,1.2190355303260958
2026-01-26 16:00:00,1.2190355303260958
2026-01-26 16:15:00,1.2190355303260958
2026-01-26 16:30:00,1.2190355303260958
2026-01-26 16:45:00,1.2190355303260958
2026-01-26 17:00:00,1.2190355303260958
2026-01-26 17:15:00,1.2190355303260958
2026-01-26 17:30:00,1.2190355303260958
2026-01-26 17:45:00,1.2190355303260958
2026-01-26 18:00:00,1.2190355303260958
2026-01-26 18:15:00,1.2190355303260958
2026-01-26 18:30:00,1.2190355303260958
2026-01-26 18:45:00,1.2190355303260958
2026-01-26 19:00:00,1.2190355303260958
2026-01-26 19:15:00,1.2190355303260958
2026-01-26 19:30:00,1.2190355303260958
2026-01-26 19:45:00,1.2190355303260958
2026-01-26 20:00:00,1.2190355303260958
2026-01-26 20:15:00,1.2190355303260958
2026-01-26 20:30:00,1.2190355303260958
2026-01-26 20:45:00,1.2190355303260958
2026-01-27 14:30:00,1.2190355303260958
2026-01-27 14:45:00,1.2190355303260958
2026-01-27 15:00:00,1.2190355303260958
2026-01-27 15:15:00,1.2190355303260958
2026-01-27 15:30:00,1.2190355303260958
2026-01-27 15:45:00,1.2190355303260958
2026-01-27 16:00:00,1.2190355303260958
2026-01-27 16:15:00,1.2190355303260958
2026-01-27 16:30:00,1.2190355303260958
2026-01-27 16:45:00,1.2190355303260958
2026-01-27 17:00:00,1.2190355303260958
2026-01-27 17:15:00,1.2190355303260958
2026-01-27 17:30:00,1.2190355303260958
2026-01-27 17:45:00,1.2190355303260958
2026-01-27 18:00:00,1.2190355303260958
2026-01-27 18:15:00,1.2190355303260958
2026-01-27 18:30:00,1.2190355303260958
2026-01-27 18:45:00,1.2190355303260958
2026-01-27 19:00:00,1.2190355303260958
2026-01-27 19:15:00,1.2190355303260958
2026-01-27 19:30:00,1.2190355303260958
2026-01-27 19:45:00,1.2190355303260958
2026-01-27 20:00:00,1.2190355303260958
2026-01-27 20:15:00,1.2190355303260958
2026-01-27 20:30:00,1.2190355303260958
2026-01-27 20:45:00,1.2190355303260958
2026-01-28 14:30:00,1.2190355303260958
2026-01-28 14:45:00,1.2190355303260958
2026-01-28 15:00:00,1.2190355303260958
2026-01-28 15:15:00,1.2190355303260958
2026-01-28 15:30:00,1.2190355303260958
2026-01-28 15:45:00,1.2190355303260958
2026-01-28 16:00:00,1.2190355303260958
2026-01-28 16:15:00,1.2190355303260958
2026-01-28 16:30:00,1.2190355303260958
2026-01-28 16:45:00,1.2190355303260958
2026-01-28 17:00:00,1.2190355303260958
2026-01-28 17:15:00,1.2190355303260958
2026-01-28 17:30:00,1.2190355303260958
2026-01-28 17:45:00,1.2190355303260958
2026-01-28 18:00:00,1.2190355303260958
2026-01-28 18:15:00,1.2190355303260958
2026-01-28 18:30:00,1.2190355303260958
2026-01-28 18:45:00,1.2190355303260958
2026-01-28 19:00:00,1.2190355303260958
2026-01-28 19:15:00,1.2190355303260958
2026-01-28 19:30:00,1.2190355303260958
2026-01-28 19:45:00,1.2190355303260958
2026-01-28 20:00:00,1.2190355303260958
2026-01-28 20:15:00,1.2190355303260958
2026-01-28 20:30:00,1.2190355303260958
2026-01-28 20:45:00,1.2190355303260958
2026-01-29 14:30:00,1.2190355303260958
2026-01-29 14:45:00,1.2190355303260958
2026-01-29 15:00:00,1.2190355303260958
2026-01-29 15:15:00,1.2190355303260958
2026-01-29 15:30:00,1.2190355303260958
2026-01-29 15:45:00,1.2190355303260958
2026-01-29 16:00:00,1.2190355303260958
2026-01-29 16:15:00,1.2190355303260958
2026-01-29 16:30:00,1.2190355303260958
2026-01-29 16:45:00,1.2190355303260958
2026-01-29 17:00:00,1.2190355303260958
2026-01-29 17:15:00,1.2190355303260958
2026-01-29 17:30:00,1.2190355303260958
2026-01-29 17:45:00,1.2190355303260958
2026-01-29 18:00:00,1.2190355303260958
2026-01-29 18:15:00,1.2190355303260958
2026-01-29 18:30:00,1.2190355303260958
2026-01-29 18:45:00,1.2190355303260958
2026-01-29 19:00:00,1.2190355303260958
2026-01-29 19:15:00,1.2190355303260958
2026-01-29 19:30:00,1.2190355303260958
2026-01-29 19:45:00,1.2190355303260958
2026-01-29 20:00:00,1.2190355303260958
2026-01-29 20:15:00,1.2190355303260958
2026-01-29 20:30:00,1.2190355303260958
2026-01-29 20:45:00,1.2190355303260958
2026-01-30 14:30:00,1.2190355303260958
2026-01-30 14:45:00,1.2190355303260958
2026-01-30 15:00:00,1.2190355303260958
2026-01-30 15:15:00,1.2190355303260958
2026-01-30 15:30:00,1.2190355303260958
2026-01-30 15:45:00,1.2190355303260958
2026-01-30 16:00:00,1.2190355303260958
2026-01-30 16:15:00,1.2190355303260958
2026-01-30 16:30:00,1.2190355303260958
2026-01-30 16:45:00,1.2190355303260958
2026-01-30 17:00:00,1.2190355303260958
2026-01-30 17:15:00,1.2190355303260958
2026-01-30 17:30:00,1.2190355303260958
2026-01-30 17:45:00,1.2190355303260958
2026-01-30 18:00:00,1.2190355303260958
2026-01-30 18:15:00,1.2190355303260958
2026-01-30 18:30:00,1.2190355303260958
2026-01-30 18:45:00,1.2190355303260958
2026-01-30 19:00:00,1.2190355303260958
2026-01-30 19:15:00,1.2190355303260958
2026-01-30 19:30:00,1.2190355303260958
2026-01-30 19:45:00,1.2190355303260958
2026-01-30 20:00:00,1.2190355303260958
2026-01-30 20:15:00,1.2190355303260958
2026-01-30 20:30:00,1.2190355303260958
2026-01-30 20:45:00,1.2190355303260958
2026-02-02 14:30:00,1.2190355303260958
2026-02-02 14:45:00,1.2190355303260958
2026-02-02 15:00:00,1.2190355303260958
2026-02-02 15:15:00,1.2190355303260958
2026-02-02 15:30:00,1.2190355303260958
2026-02-02 15:45:00,1.2190355303260958
2026-02-02 16:00:00,1.2190355303260958
2026-02-02 16:15:00,1.2190355303260958
2026-02-02 16:30:00,1.2190355303260958
2026-02-02 16:45:00,1.2190355303260958
2026-02-02 17:00:00,1.2190355303260958
2026-02-02 17:15:00,1.2190355303260958
2026-02-02 17:30:00,1.2190355303260958
2026-02-02 17:45:00,1.2190355303260958
2026-02-02 18:00:00,1.2190355303260958
2026-02-02 18:15:00,1.2190355303260958
2026-02-02 18:30:00,1.2190355303260958
2026-02-02 18:45:00,1.2190355303260958
2026-02-02 19:00:00,1.2190355303260958
2026-02-02 19:15:00,1.2190355303260958
2026-02-03 14:45:00,1.2190355303260958
2026-02-03 15:00:00,1.2190355303260958
2026-02-03 15:15:00,1.2190355303260958
2026-02-03 15:30:00,1.2190355303260958
2026-02-03 15:45:00,1.2190355303260958
2026-02-03 16:00:00,1.2190355303260958
2026-02-03 16:15:00,1.2190355303260958
2026-02-03 16:30:00,1.2190355303260958
2026-02-03 16:45:00,1.2190355303260958
2026-02-03 17:00:00,1.2190355303260958
2026-02-03 17:15:00,1.2190355303260958
2026-02-03 17:30:00,1.2190355303260958
2026-02-03 17:45:00,1.2190355303260958
2026-02-03 18:00:00,1.2190355303260958
2026-02-03 18:15:00,1.2190355303260958
2026-02-03 18:30:00,1.2190355303260958
2026-02-03 18:45:00,1.2190355303260958
2026-02-03 19:00:00,1.2190355303260958
2026-02-03 19:15:00,1.2190355303260958
2026-02-03 19:30:00,1.2190355303260958
2026-02-03 19:45:00,1.2190355303260958
2026-02-03 20:00:00,1.2190355303260958
2026-02-03 20:15:00,1.2190355303260958
2026-02-03 20:30:00,1.2190355303260958
2026-02-03 20:45:00,1.2190355303260958
2026-02-04 14:30:00,1.2190355303260958
2026-02-04 14:45:00,1.2190355303260958
2026-02-04 15:00:00,1.2190355303260958
2026-02-04 15:15:00,1.2190355303260958
2026-02-04 15:30:00,1.2190355303260958
2026-02-04 15:45:00,1.2190355303260958
2026-02-04 16:00:00,1.2190355303260958
2026-02-04 16:15:00,1.2190355303260958
2026-02-04 16:30:00,1.2190355303260958
2026-02-04 16:45:00,1.2190355303260958
2026-02-04 17:00:00,1.2190355303260958
2026-02-04 17:15:00,1.2190355303260958
2026-02-04 17:30:00,1.2190355303260958
2026-02-04 17:45:00,1.2190355303260958
2026-02-04 18:00:00,1.2190355303260958
2026-02-04 18:15:00,1.2190355303260958
2026-02-04 18:30:00,1.2190355303260958
2026-02-04 18:45:00,1.2190355303260958
2026-02-04 19:00:00,1.2190355303260958
2026-02-04 19:15:00,1.2190355303260958
2026-02-04 19:30:00,1.2190355303260958
2026-02-04 19:45:00,1.2190355303260958
2026-02-04 20:00:00,1.2190355303260958
2026-02-04 20:15:00,1.2190355303260958
2026-02-04 20:30:00,1.2190355303260958
2026-02-04 20:45:00,1.2190355303260958
2026-02-05 14:30:00,1.2190355303260958
2026-02-05 14:45:00,1.2190355303260958
2026-02-05 15:00:00,1.2190355303260958
2026-02-05 15:15:00,1.2190355303260958
2026-02-05 15:30:00,1.2190355303260958
2026-02-05 15:45:00,1.2190355303260958
2026-02-05 16:00:00,1.2190355303260958
2026-02-05 16:15:00,1.2190355303260958
2026-02-05 16:30:00,1.2190355303260958
2026-02-05 16:45:00,1.2190355303260958
2026-02-05 17:00:00,1.2190355303260958
2026-02-05 17:15:00,1.2190355303260958
2026-02-05 17:30:00,1.2190355303260958
2026-02-05 17:45:00,1.2190355303260958
2026-02-05 18:00:00,1.2190355303260958
2026-02-05 18:15:00,1.2190355303260958
2026-02-05 18:30:00,1.2190355303260958
2026-02-05 18:45:00,1.2190355303260958
2026-02-05 19:00:00,1.2190355303260958
2026-02-05 19:15:00,1.2190355303260958
2026-02-05 19:30:00,1.2190355303260958
2026-02-05 19:45:00,1.2190355303260958
2026-02-05 20:00:00,1.2190355303260958
2026-02-05 20:15:00,1.2190355303260958
2026-02-05 20:30:00,1.2190355303260958
2026-02-05 20:45:00,1.2190355303260958
2026-02-06 14:30:00,1.2190355303260958
2026-02-06 14:45:00,1.2190355303260958
2026-02-06 15:00:00,1.2190355303260958
2026-02-06 15:15:00,1.2190355303260958
2026-02-06 15:30:00,1.2190355303260958
2026-02-06 15:45:00,1.2190355303260958
2026-02-06 16:00:00,1.2190355303260958
2026-02-06 16:15:00,1.2190355303260958
2026-02-06 16:30:00,1.2190355303260958
2026-02-06 16:45:00,1.2190355303260958
2026-02-06 17:00:00,1.2190355303260958
2026-02-06 17:15:00,1.2190355303260958
2026-02-06 17:30:00,1.2190355303260958
2026-02-06 17:45:00,1.2190355303260958
2026-02-06 18:00:00,1.2190355303260958
2026-02-06 18:15:00,1.2190355303260958
2026-02-06 18:30:00,1.2190355303260958
2026-02-06 18:45:00,1.2190355303260958
2026-02-06 19:00:00,1.2190355303260958
2026-02-06 19:15:00,1.2190355303260958
2026-02-06 19:30:00,1.2190355303260958
2026-02-06 19:45:00,1.2190355303260958
2026-02-06 20:00:00,1.2190355303260958
2026-02-06 20:15:00,1.2190355303260958
2026-02-06 20:30:00,1.2190355303260958
2026-02-06 20:45:00,1.2190355303260958
2026-02-09 14:30:00,1.2190355303260958
2026-02-09 14:45:00,1.2190355303260958
2026-02-09 15:00:00,1.2190355303260958
2026-02-09 15:15:00,1.2190355303260958
2026-02-09 15:30:00,1.2190355303260958
2026-02-09 15:45:00,1.2190355303260958
2026-02-09 16:00:00,1.2190355303260958
2026-02-09 16:15:00,1.2190355303260958
2026-02-09 16:30:00,1.2190355303260958
2026-02-09 16:45:00,1.2190355303260958
2026-02-09 17:00:00,1.2190355303260958
2026-02-09 17:15:00,1.2190355303260958
2026-02-09 17:30:00,1.2190355303260958
2026-02-09 17:45:00,1.2190355303260958
2026-02-09 18:00:00,1.2190355303260958
2026-02-09 18:15:00,1.2190355303260958
2026-02-09 18:30:00,1.2190355303260958
2026-02-09 18:45:00,1.2190355303260958
2026-02-09 19:00:00,1.2190355303260958
2026-02-09 19:15:00,1.2190355303260958
2026-02-09 19:30:00,1.2190355303260958
2026-02-09 19:45:00,1.2190355303260958
2026-02-09 20:00:00,1.2190355303260958
2026-02-09 20:15:00,1.2190355303260958
2026-02-09 20:30:00,1.2190355303260958
2026-02-09 20:45:00,1.2190355303260958
2026-02-10 14:30:00,1.2190355303260958
2026-02-10 14:45:00,1.2190355303260958
2026-02-10 15:00:00,1.2190355303260958
2026-02-10 15:15:00,1.2190355303260958
2026-02-10 15:30:00,1.2190355303260958
2026-02-10 15:45:00,1.2190355303260958
2026-02-10 16:00:00,1.2190355303260958
2026-02-10 16:15:00,1.2190355303260958
2026-02-10 16:30:00,1.2190355303260958
2026-02-10 16:45:00,1.2190355303260958
2026-02-10 17:00:00,1.2190355303260958
2026-02-10 17:15:00,1.2190355303260958
2026-02-10 17:30:00,1.2190355303260958
2026-02-10 17:45:00,1.2190355303260958
2026-02-10 18:00:00,1.2190355303260958
2026-02-10 18:15:00,1.2190355303260958
2026-02-10 18:30:00,1.2190355303260958
2026-02-10 18:45:00,1.2190355303260958
2026-02-10 19:00:00,1.2190355303260958
2026-02-10 19:15:00,1.2190355303260958
2026-02-10 19:30:00,1.2190355303260958
2026-02-10 19:45:00,1.2190355303260958
2026-02-10 20:00:00,1.2190355303260958
2026-02-10 20:15:00,1.2190355303260958
2026-02-10 20:30:00,1.2190355303260958
2026-02-10 20:45:00,1.2190355303260958
2026-02-11 14:30:00,1.2190355303260958
2026-02-11 14:45:00,1.2190355303260958
2026-02-11 15:00:00,1.2190355303260958
2026-02-11 15:15:00,1.2190355303260958
2026-02-11 15:30:00,1.2190355303260958
2026-02-11 15:45:00,1.2190355303260958
2026-02-11 16:00:00,1.2190355303260958
2026-02-11 16:15:00,1.2190355303260958
2026-02-11 16:30:00,1.2190355303260958
2026-02-11 16:45:00,1.2190355303260958
2026-02-11 17:00:00,1.2190355303260958
2026-02-11 17:15:00,1.2190355303260958
2026-02-11 17:30:00,1.2190355303260958
2026-02-11 17:45:00,1.2190355303260958
2026-02-11 18:00:00,1.2190355303260958
2026-02-11 18:15:00,1.2190355303260958
2026-02-11 18:30:00,1.2190355303260958
2026-02-11 18:45:00,1.2190355303260958
2026-02-11 19:00:00,1.2190355303260958
2026-02-11 19:15:00,1.2190355303260958
2026-02-11 19:30:00,1.2190355303260958
2026-02-11 19:45:00,1.2190355303260958
2026-02-11 20:00:00,1.2190355303260958
2026-02-11 20:15:00,1.2190355303260958
2026-02-11 20:30:00,1.2190355303260958
2026-02-11 20:45:00,1.2190355303260958
2026-02-12 14:30:00,1.2190355303260958
2026-02-12 14:45:00,1.2190355303260958
2026-02-12 15:00:00,1.2190355303260958
2026-02-12 15:15:00,1.2190355303260958
2026-02-12 15:30:00,1.2190355303260958
2026-02-12 15:45:00,1.2190355303260958
2026-02-12 16:00:00,1.2190355303260958
2026-02-12 16:15:00,1.2190355303260958
2026-02-12 16:30:00,1.2190355303260958
2026-02-12 16:45:00,1.2190355303260958
2026-02-12 17:00:00,1.2190355303260958
2026-02-12 17:15:00,1.2190355303260958
2026-02-12 17:30:00,1.2190355303260958
2026-02-12 17:45:00,1.2190355303260958
2026-02-12 18:00:00,1.2190355303260958
2026-02-12 18:15:00,1.2190355303260958
2026-02-12 18:30:00,1.2190355303260958
2026-02-12 18:45:00,1.2190355303260958
2026-02-12 19:00:00,1.2190355303260958
2026-02-12 19:15:00,1.2190355303260958
2026-02-12 19:30:00,1.2190355303260958
2026-02-12 19:45:00,1.2190355303260958
2026-02-12 20:00:00,1.2190355303260958
2026-02-12 20:15:00,1.2190355303260958
2026-02-12 20:30:00,1.2190355303260958
2026-02-12 20:45:00,1.2190355303260958
2026-02-13 14:30:00,1.2190355303260958
2026-02-13 14:45:00,1.2190355303260958
2026-02-13 15:00:00,1.2190355303260958
2026-02-13 15:15:00,1.2190355303260958
2026-02-13 15:30:00,1.2190355303260958
2026-02-13 15:45:00,1.2190355303260958
2026-02-13 16:00:00,1.2190355303260958
2026-02-13 16:15:00,1.2190355303260958
2026-02-13 16:30:00,1.2190355303260958
2026-02-13 16:45:00,1.2190355303260958
2026-02-13 17:00:00,1.2190355303260958
2026-02-13 17:15:00,1.2190355303260958
2026-02-13 17:30:00,1.2190355303260958
2026-02-13 17:45:00,1.2190355303260958
2026-02-13 18:00:00,1.2190355303260958
2026-02-13 18:15:00,1.2190355303260958
2026-02-13 18:30:00,1.2190355303260958
2026-02-13 18:45:00,1.2190355303260958
2026-02-13 19:00:00,1.2190355303260958
2026-02-13 19:15:00,1.2190355303260958
2026-02-13 19:30:00,1.2190355303260958
2026-02-13 19:45:00,1.2190355303260958
2026-02-13 20:00:00,1.2190355303260958
2026-02-13 20:15:00,1.2190355303260958
2026-02-13 20:30:00,1.2190355303260958
2026-02-13 20:45:00,1.2190355303260958
