datetime,0
2020-06-16 18:00:00,1.0
2020-06-16 19:00:00,1.0
2020-06-17 13:00:00,1.0
2020-06-17 14:00:00,1.0
2020-06-17 15:00:00,1.0
2020-06-17 16:00:00,1.0
2020-06-17 17:00:00,1.0
2020-06-17 18:00:00,1.0
2020-06-17 19:00:00,1.0
2020-06-18 13:00:00,1.0
2020-06-18 14:00:00,1.0
2020-06-18 15:00:00,1.0
2020-06-18 16:00:00,1.0
2020-06-18 17:00:00,1.0
2020-06-18 18:00:00,1.0
2020-06-18 19:00:00,1.0
2020-06-19 13:00:00,1.0
2020-06-19 14:00:00,1.0
2020-06-19 15:00:00,1.0
2020-06-19 16:00:00,1.0
2020-06-19 17:00:00,1.0
2020-06-19 18:00:00,1.0
2020-06-19 19:00:00,1.0
2020-06-22 13:00:00,1.0
2020-06-22 14:00:00,1.0
2020-06-22 15:00:00,1.0
2020-06-22 16:00:00,1.0
2020-06-22 17:00:00,1.0
2020-06-22 18:00:00,1.0
2020-06-22 19:00:00,1.0
2020-06-23 13:00:00,1.0
2020-06-23 14:00:00,1.0
2020-06-23 15:00:00,1.0
2020-06-23 16:00:00,1.0
2020-06-23 17:00:00,1.0
2020-06-23 18:00:00,1.0
2020-06-23 19:00:00,1.0
2020-06-24 13:00:00,1.0
2020-06-24 14:00:00,1.0
2020-06-24 15:00:00,1.0
2020-06-24 16:00:00,1.0
2020-06-24 17:00:00,1.0
2020-06-24 18:00:00,1.0
2020-06-24 19:00:00,1.0
2020-06-25 13:00:00,1.0
2020-06-25 14:00:00,1.0
2020-06-25 15:00:00,1.0
2020-06-25 16:00:00,1.0
2020-06-25 17:00:00,1.0
2020-06-25 18:00:00,1.0
2020-06-25 19:00:00,1.0
2020-06-26 13:00:00,1.0
2020-06-26 14:00:00,1.0
2020-06-26 15:00:00,1.0
2020-06-26 16:00:00,1.0
2020-06-26 17:00:00,1.0
2020-06-26 17:30:00,1.0
2020-06-26 18:30:00,1.0
2020-06-26 19:30:00,1.0
2020-06-29 13:30:00,1.0
2020-06-29 14:30:00,1.0
2020-06-29 15:30:00,1.0
2020-06-29 16:30:00,1.0
2020-06-29 17:30:00,1.0
2020-06-29 18:30:00,1.0
2020-06-29 19:30:00,1.0
2020-06-30 13:30:00,1.0
2020-06-30 14:30:00,1.0
2020-06-30 15:30:00,1.0
2020-06-30 16:30:00,1.0
2020-06-30 17:30:00,1.0
2020-06-30 18:30:00,1.0
2020-06-30 19:30:00,1.0
2020-07-01 13:30:00,1.0
2020-07-01 14:30:00,1.0
2020-07-01 15:30:00,1.0
2020-07-01 16:30:00,1.0
2020-07-01 17:30:00,1.0
2020-07-01 18:30:00,1.0
2020-07-01 19:30:00,1.0
2020-07-02 13:30:00,1.0
2020-07-02 14:30:00,1.0
2020-07-02 15:30:00,1.0
2020-07-02 16:30:00,1.0
2020-07-02 17:30:00,1.0
2020-07-02 18:30:00,1.0
2020-07-02 19:30:00,1.0
2020-07-06 13:30:00,1.0
2020-07-06 14:30:00,1.0
2020-07-06 15:30:00,1.0
2020-07-06 16:30:00,1.0
2020-07-06 17:30:00,1.0
2020-07-06 18:30:00,1.0
2020-07-06 19:30:00,1.0
2020-07-07 13:30:00,1.0
2020-07-07 14:30:00,1.0
2020-07-07 15:30:00,1.0
2020-07-07 16:30:00,1.0
2020-07-07 17:30:00,1.0
2020-07-07 18:30:00,1.0
2020-07-07 19:30:00,1.0
2020-07-08 13:30:00,1.0
2020-07-08 14:30:00,1.0
2020-07-08 15:30:00,1.0
2020-07-08 16:30:00,1.0
2020-07-08 17:30:00,1.0
2020-07-08 18:30:00,1.0
2020-07-08 19:30:00,1.0
2020-07-09 13:30:00,1.0
2020-07-09 14:30:00,1.0
2020-07-09 15:30:00,1.0
2020-07-09 16:30:00,1.0
2020-07-09 17:30:00,1.0
2020-07-09 18:30:00,1.0
2020-07-09 19:30:00,1.0
2020-07-10 13:30:00,1.0
2020-07-10 14:30:00,1.0
2020-07-10 15:30:00,1.0
2020-07-10 16:30:00,1.0
2020-07-10 17:30:00,1.0
2020-07-10 18:30:00,1.0
2020-07-10 19:30:00,1.0
2020-07-13 13:30:00,1.0
2020-07-13 14:30:00,1.0
2020-07-13 15:30:00,1.0
2020-07-13 16:30:00,1.0
2020-07-13 17:30:00,1.0
2020-07-13 18:30:00,1.0
2020-07-13 19:30:00,1.0
2020-07-14 13:30:00,1.0
2020-07-14 14:30:00,1.0
2020-07-14 15:30:00,1.0
2020-07-14 16:30:00,1.0
2020-07-14 17:30:00,1.0
2020-07-14 18:30:00,1.0
2020-07-14 19:30:00,1.0
2020-07-15 13:30:00,1.0
2020-07-15 14:30:00,1.0
2020-07-15 15:30:00,1.0
2020-07-15 16:30:00,1.0
2020-07-15 17:30:00,1.0
2020-07-15 18:30:00,1.0
2020-07-15 19:30:00,1.0
2020-07-16 13:30:00,1.0
2020-07-16 14:30:00,1.0
2020-07-16 15:30:00,1.0
2020-07-16 16:30:00,1.0
2020-07-16 17:30:00,1.0
2020-07-16 18:30:00,1.0
2020-07-16 19:30:00,1.0
2020-07-17 13:30:00,1.0
2020-07-17 14:30:00,1.0
2020-07-17 15:30:00,1.0
2020-07-17 16:30:00,1.0
2020-07-17 17:30:00,1.0
2020-07-17 18:30:00,1.0
2020-07-17 19:30:00,1.0
2020-07-20 13:30:00,1.0
2020-07-20 14:30:00,1.0
2020-07-20 15:30:00,1.0
2020-07-20 16:30:00,1.0
2020-07-20 17:30:00,1.0
2020-07-20 18:30:00,1.0
2020-07-20 19:30:00,1.0
2020-07-21 13:30:00,1.0
2020-07-21 14:30:00,1.0
2020-07-21 15:30:00,1.0
2020-07-21 16:30:00,1.0
2020-07-21 17:30:00,1.0
2020-07-21 18:30:00,1.0
2020-07-21 19:30:00,1.0
2020-07-22 13:30:00,1.0
2020-07-22 14:30:00,1.0
2020-07-22 15:30:00,1.0
2020-07-22 16:30:00,1.0
2020-07-22 17:30:00,1.0
2020-07-22 18:30:00,1.0
2020-07-22 19:30:00,1.0
2020-07-23 13:30:00,1.0
2020-07-23 14:30:00,1.0
2020-07-23 15:30:00,1.0
2020-07-23 16:30:00,1.0
2020-07-23 17:30:00,1.0
2020-07-23 18:30:00,1.0
2020-07-23 19:30:00,1.0
2020-07-24 13:30:00,1.0
2020-07-24 14:30:00,1.0
2020-07-24 15:30:00,1.0
2020-07-24 16:30:00,1.0
2020-07-24 17:30:00,1.0
2020-07-24 18:30:00,1.0
2020-07-24 19:30:00,1.0
2020-07-27 13:30:00,1.0
2020-07-27 14:30:00,1.0
2020-07-27 15:30:00,1.0
2020-07-27 16:30:00,1.0
2020-07-27 17:30:00,1.0
2020-07-27 18:30:00,1.0
2020-07-27 19:30:00,1.0
2020-07-28 13:30:00,1.0
2020-07-28 14:30:00,1.0
2020-07-28 15:30:00,1.0
2020-07-28 16:30:00,1.0
2020-07-28 17:30:00,1.0
2020-07-28 18:30:00,1.0
2020-07-28 19:30:00,1.0
2020-07-29 13:30:00,1.0
2020-07-29 14:30:00,1.0
2020-07-29 15:30:00,1.0
2020-07-29 16:30:00,1.0
2020-07-29 17:30:00,1.0
2020-07-29 18:30:00,1.0
2020-07-29 19:30:00,1.0
2020-07-30 13:30:00,1.0
2020-07-30 14:30:00,1.0
2020-07-30 15:30:00,1.0
2020-07-30 16:30:00,1.0
2020-07-30 17:30:00,1.0
2020-07-30 18:30:00,1.0
2020-07-30 19:30:00,1.0
2020-07-31 13:30:00,1.0
2020-07-31 14:30:00,1.0
2020-07-31 15:30:00,1.0
2020-07-31 16:30:00,1.0
2020-08-03 16:30:00,1.0
2020-08-03 17:30:00,1.0
2020-08-03 18:30:00,1.0
2020-08-03 19:30:00,1.0
2020-08-04 13:30:00,1.0
2020-08-04 14:30:00,1.0
2020-08-04 15:30:00,1.0
2020-08-04 16:30:00,1.0
2020-08-04 17:30:00,1.0
2020-08-04 18:30:00,1.0
2020-08-04 19:30:00,1.0
2020-08-05 13:30:00,1.0
2020-08-05 14:30:00,1.0
2020-08-05 15:30:00,1.0
2020-08-05 16:30:00,1.0
2020-08-05 17:30:00,1.0
2020-08-05 18:30:00,1.0
2020-08-05 19:30:00,1.0
2020-08-06 13:30:00,1.0
2020-08-06 14:30:00,1.0
2020-08-06 15:30:00,1.0
2020-08-06 16:30:00,1.0
2020-08-07 13:30:00,1.0
2020-08-07 14:30:00,1.0
2020-08-07 15:30:00,1.0
2020-08-07 16:30:00,1.0
2020-08-07 17:30:00,1.0
2020-08-07 18:30:00,1.0
2020-08-07 19:30:00,1.0
2020-08-10 13:30:00,1.0
2020-08-10 14:30:00,1.0
2020-08-10 15:30:00,1.0
2020-08-10 16:30:00,1.0
2020-08-10 17:30:00,1.0
2020-08-10 18:30:00,1.0
2020-08-10 19:30:00,1.0
2020-08-11 13:30:00,1.0
2020-08-11 14:30:00,1.0
2020-08-11 15:30:00,1.0
2020-08-11 16:30:00,1.0
2020-08-11 17:30:00,1.0
2020-08-11 18:30:00,1.0
2020-08-11 19:30:00,1.0
2020-08-12 13:30:00,1.0
2020-08-12 14:30:00,1.0
2020-08-12 15:30:00,1.0
2020-08-12 16:30:00,1.0
2020-08-12 17:30:00,1.0
2020-08-12 18:30:00,1.0
2020-08-12 19:30:00,1.0
2020-08-13 13:30:00,1.0
2020-08-13 14:30:00,1.0
2020-08-13 15:30:00,1.0
2020-08-13 16:30:00,1.0
2020-08-13 17:30:00,1.0
2020-08-13 18:30:00,1.0
2020-08-13 19:30:00,1.0
2020-08-14 13:30:00,1.0
2020-08-14 14:30:00,1.0
2020-08-14 15:30:00,1.0
2020-08-14 16:30:00,1.0
2020-08-14 17:30:00,1.0
2020-08-14 18:30:00,1.0
2020-08-14 19:30:00,1.0
2020-08-17 13:30:00,1.0
2020-08-17 14:30:00,1.0
2020-08-17 15:30:00,1.0
2020-08-17 16:30:00,1.0
2020-08-17 17:30:00,1.0
2020-08-17 18:30:00,1.0
2020-08-17 19:30:00,1.0
2020-08-18 13:30:00,1.0
2020-08-18 14:30:00,1.0
2020-08-18 15:30:00,1.0
2020-08-18 16:30:00,1.0
2020-08-18 17:30:00,1.0
2020-08-18 18:30:00,1.0
2020-08-18 19:30:00,1.0
2020-08-19 13:30:00,1.0
2020-08-19 14:30:00,1.0
2020-08-19 15:30:00,1.0
2020-08-19 16:30:00,1.0
2020-08-19 17:30:00,1.0
2020-08-19 18:30:00,1.0
2020-08-19 19:30:00,1.0
2020-08-20 13:30:00,1.0
2020-08-20 14:30:00,1.0
2020-08-20 15:30:00,1.0
2020-08-20 16:30:00,1.0
2020-08-20 17:30:00,1.0
2020-08-20 18:30:00,1.0
2020-08-20 19:30:00,1.0
2020-08-21 13:30:00,1.0
2020-08-21 14:30:00,1.0
2020-08-21 15:30:00,1.0
2020-08-21 16:30:00,1.0
2020-08-21 17:30:00,1.0
2020-08-21 18:30:00,1.0
2020-08-21 19:30:00,1.0
2020-08-24 13:30:00,1.0
2020-08-24 14:30:00,1.0
2020-08-24 15:30:00,1.0
2020-08-24 16:30:00,1.0
2020-08-24 17:30:00,1.0
2020-08-24 18:30:00,1.0
2020-08-24 19:30:00,1.0
2020-08-25 13:30:00,1.0
2020-08-25 14:30:00,1.0
2020-08-25 15:30:00,1.0
2020-08-25 16:30:00,1.0
2020-08-25 17:30:00,1.0
2020-08-25 18:30:00,1.0
2020-08-25 19:30:00,1.0
2020-08-26 13:30:00,1.0
2020-08-26 14:30:00,1.0
2020-08-26 15:30:00,1.0
2020-08-26 16:30:00,1.0
2020-08-26 17:30:00,1.0
2020-08-26 18:30:00,1.0
2020-08-26 19:30:00,1.0
2020-08-27 13:30:00,1.0
2020-08-27 14:30:00,1.0
2020-08-27 15:30:00,1.0
2020-08-27 16:30:00,1.0
2020-08-27 17:30:00,1.0
2020-08-27 18:30:00,1.0
2020-08-27 19:30:00,1.0
2020-08-28 13:30:00,1.0
2020-08-28 14:30:00,1.0
2020-08-28 15:30:00,1.0
2020-08-28 16:30:00,1.0
2020-08-28 17:30:00,1.0
2020-08-28 18:30:00,1.0
2020-08-28 19:30:00,1.0
2020-08-31 13:30:00,1.0
2020-08-31 14:30:00,1.0
2020-08-31 15:30:00,1.0
2020-08-31 16:30:00,1.0
2020-08-31 17:30:00,1.0
2020-08-31 18:30:00,1.0
2020-08-31 19:30:00,1.0
2020-09-01 13:30:00,1.0
2020-09-01 14:30:00,1.0
2020-09-01 15:30:00,1.0
2020-09-01 16:30:00,1.0
2020-09-01 17:30:00,1.0
2020-09-01 18:30:00,1.0
2020-09-01 19:30:00,1.0
2020-09-02 13:30:00,1.0
2020-09-02 14:30:00,1.0
2020-09-02 15:30:00,1.0
2020-09-02 16:30:00,1.0
2020-09-02 17:30:00,1.0
2020-09-02 18:30:00,1.0
2020-09-02 19:30:00,1.0
2020-09-03 13:30:00,1.0
2020-09-03 14:30:00,1.0
2020-09-03 15:30:00,1.0
2020-09-03 16:30:00,1.0
2020-09-03 17:30:00,1.0
2020-09-03 18:30:00,1.0
2020-09-03 19:30:00,1.0
2020-09-04 13:30:00,1.0
2020-09-04 14:30:00,1.0
2020-09-04 15:30:00,1.0
2020-09-04 16:30:00,1.0
2020-09-04 17:30:00,1.0
2020-09-04 18:30:00,1.0
2020-09-04 19:30:00,1.0
2020-09-08 13:30:00,1.0
2020-09-08 14:30:00,1.0
2020-09-08 15:30:00,1.0
2020-09-08 16:30:00,1.0
2020-09-08 17:30:00,1.0
2020-09-08 18:30:00,1.0
2020-09-08 19:30:00,1.0
2020-09-09 13:30:00,1.0
2020-09-09 14:30:00,1.0
2020-09-09 15:30:00,1.0
2020-09-09 16:30:00,1.0
2020-09-09 17:30:00,1.0
2020-09-09 18:30:00,1.0
2020-09-09 19:30:00,1.0
2020-09-10 13:30:00,1.0
2020-09-10 14:30:00,1.0
2020-09-10 15:30:00,1.0
2020-09-10 16:30:00,1.0
2020-09-10 17:30:00,1.0
2020-09-10 18:30:00,1.0
2020-09-10 19:30:00,1.0
2020-09-11 13:30:00,1.0
2020-09-11 14:30:00,1.0
2020-09-11 15:30:00,1.0
2020-09-11 16:30:00,1.0
2020-09-11 17:30:00,1.0
2020-09-11 18:30:00,1.0
2020-09-11 19:30:00,1.0
2020-09-14 13:30:00,1.0
2020-09-14 14:30:00,1.0
2020-09-14 15:30:00,1.0
2020-09-14 16:30:00,1.0
2020-09-14 17:30:00,1.0
2020-09-14 18:30:00,1.0
2020-09-14 19:30:00,1.0
2020-09-15 13:30:00,1.0
2020-09-15 14:30:00,1.0
2020-09-15 15:30:00,1.0
2020-09-15 16:30:00,1.0
2020-09-15 17:30:00,1.0
2020-09-15 18:30:00,1.0
2020-09-15 19:30:00,1.0
2020-09-16 13:30:00,1.0
2020-09-16 14:30:00,1.0
2020-09-16 15:30:00,1.0
2020-09-16 16:30:00,1.0
2020-09-16 17:30:00,1.0
2020-09-16 18:30:00,1.0
2020-09-16 19:30:00,1.0
2020-09-17 13:30:00,1.0
2020-09-17 14:30:00,1.0
2020-09-17 15:30:00,1.0
2020-09-17 16:30:00,1.0
2020-09-17 17:30:00,1.0
2020-09-17 18:30:00,1.0
2020-09-17 19:30:00,1.0
2020-09-18 13:30:00,1.0
2020-09-18 14:30:00,1.0
2020-09-18 15:30:00,1.0
2020-09-18 16:30:00,1.0
2020-09-18 17:30:00,1.0
2020-09-18 18:30:00,1.0
2020-09-18 19:30:00,1.0
2020-09-21 13:30:00,1.0
2020-09-21 14:30:00,1.0
2020-09-21 15:30:00,1.0
2020-09-21 16:30:00,1.0
2020-09-21 17:30:00,1.0
2020-09-21 18:30:00,1.0
2020-09-21 19:30:00,1.0
2020-09-22 13:30:00,1.0
2020-09-22 14:30:00,1.0
2020-09-22 15:30:00,1.0
2020-09-22 16:30:00,1.0
2020-09-22 17:30:00,1.0
2020-09-22 18:30:00,1.0
2020-09-22 19:30:00,1.0
2020-09-23 13:30:00,1.0
2020-09-23 14:30:00,1.0
2020-09-23 15:30:00,1.0
2020-09-23 16:30:00,1.0
2020-09-23 17:30:00,1.0
2020-09-23 18:30:00,1.0
2020-09-23 19:30:00,1.0
2020-09-24 13:30:00,1.0
2020-09-24 14:30:00,1.0
2020-09-24 15:30:00,1.0
2020-09-24 16:30:00,1.0
2020-09-24 17:30:00,1.0
2020-09-24 18:30:00,1.0
2020-09-24 19:30:00,1.0
2020-09-25 13:30:00,1.0
2020-09-25 14:30:00,1.0
2020-09-25 15:30:00,1.0
2020-09-25 16:30:00,1.0
2020-09-25 17:30:00,1.0
2020-09-25 18:30:00,1.0
2020-09-25 19:30:00,1.0
2020-09-28 13:30:00,1.0
2020-09-28 14:30:00,1.0
2020-09-28 15:30:00,1.0
2020-09-28 16:30:00,1.0
2020-09-28 17:30:00,1.0
2020-09-28 18:30:00,1.0
2020-09-28 19:30:00,1.0
2020-09-29 13:30:00,1.0
2020-09-29 14:30:00,1.0
2020-09-29 15:30:00,1.0
2020-09-29 16:30:00,1.0
2020-09-29 17:30:00,1.0
2020-09-29 18:30:00,1.0
2020-09-29 19:30:00,1.0
2020-09-30 13:30:00,1.0
2020-09-30 14:30:00,1.0
2020-09-30 15:30:00,1.0
2020-09-30 16:30:00,1.0
2020-09-30 17:30:00,1.0
2020-09-30 18:30:00,1.0
2020-09-30 19:30:00,1.0
2020-10-01 13:30:00,1.0
2020-10-01 14:30:00,1.0
2020-10-01 15:30:00,1.0
2020-10-01 16:30:00,1.0
2020-10-01 17:30:00,1.0
2020-10-01 18:30:00,1.0
2020-10-01 19:30:00,1.0
2020-10-02 13:30:00,1.0
2020-10-02 14:30:00,1.0
2020-10-02 15:30:00,1.0
2020-10-02 16:30:00,1.0
2020-10-02 17:30:00,1.0
2020-10-02 18:30:00,1.0
2020-10-02 19:30:00,1.0
2020-10-05 13:30:00,1.0
2020-10-05 14:30:00,1.0
2020-10-05 15:30:00,1.0
2020-10-05 16:30:00,1.0
2020-10-05 17:30:00,1.0
2020-10-05 18:30:00,1.0
2020-10-05 19:30:00,1.0
2020-10-06 13:30:00,1.0
2020-10-06 14:30:00,1.0
2020-10-06 15:30:00,1.0
2020-10-06 16:30:00,1.0
2020-10-06 17:30:00,1.0
2020-10-06 18:30:00,1.0
2020-10-06 19:30:00,1.0
2020-10-07 13:30:00,1.0
2020-10-07 14:30:00,1.0
2020-10-07 15:30:00,1.0
2020-10-07 16:30:00,1.0
2020-10-07 17:30:00,1.0
2020-10-07 18:30:00,1.0
2020-10-07 19:30:00,1.0
2020-10-08 13:30:00,1.0
2020-10-08 14:30:00,1.0
2020-10-08 15:30:00,1.0
2020-10-08 16:30:00,1.0
2020-10-08 17:30:00,1.0
2020-10-08 18:30:00,1.0
2020-10-08 19:30:00,1.0
2020-10-09 13:30:00,1.0
2020-10-09 14:30:00,1.0
2020-10-09 15:30:00,1.0
2020-10-09 16:30:00,1.0
2020-10-09 17:30:00,1.0
2020-10-09 18:30:00,1.0
2020-10-09 19:30:00,1.0
2020-10-12 13:30:00,1.0
2020-10-12 14:30:00,1.0
2020-10-12 15:30:00,1.0
2020-10-12 19:30:00,1.0
2020-10-13 13:30:00,1.0
2020-10-13 14:30:00,1.0
2020-10-13 15:30:00,1.0
2020-10-13 16:30:00,1.0
2020-10-13 17:30:00,1.0
2020-10-13 18:30:00,1.0
2020-10-13 19:30:00,1.0
2020-10-14 13:30:00,1.0
2020-10-14 14:30:00,1.0
2020-10-14 15:30:00,1.0
2020-10-14 16:30:00,1.0
2020-10-14 17:30:00,1.0
2020-10-14 18:30:00,1.0
2020-10-14 19:30:00,1.0
2020-10-15 13:30:00,1.0
2020-10-15 14:30:00,1.0
2020-10-15 15:30:00,1.0
2020-10-15 16:30:00,1.0
2020-10-15 17:30:00,1.0
2020-10-15 18:30:00,1.0
2020-10-15 19:30:00,1.0
2020-10-16 13:30:00,1.0
2020-10-16 14:30:00,1.0
2020-10-16 15:30:00,1.0
2020-10-16 16:30:00,1.0
2020-10-16 17:30:00,1.0
2020-10-16 18:30:00,1.0
2020-10-16 19:30:00,1.0
2020-10-19 13:30:00,1.0
2020-10-19 14:30:00,1.0
2020-10-19 15:30:00,1.0
2020-10-19 16:30:00,1.0
2020-10-19 17:30:00,1.0
2020-10-19 18:30:00,1.0
2020-10-19 19:30:00,1.0
2020-10-20 13:30:00,1.0
2020-10-20 14:30:00,1.0
2020-10-20 15:30:00,1.0
2020-10-20 16:30:00,1.0
2020-10-20 17:30:00,1.0
2020-10-20 18:30:00,1.0
2020-10-20 19:30:00,1.0
2020-10-21 13:30:00,1.0
2020-10-21 14:30:00,1.0
2020-10-21 15:30:00,1.0
2020-10-21 16:30:00,1.0
2020-10-21 17:30:00,1.0
2020-10-21 18:30:00,1.0
2020-10-21 19:30:00,1.0
2020-10-22 13:30:00,1.0
2020-10-22 14:30:00,1.0
2020-10-22 15:30:00,1.0
2020-10-22 16:30:00,1.0
2020-10-22 17:30:00,1.0
2020-10-22 18:30:00,1.0
2020-10-22 19:30:00,1.0
2020-10-23 13:30:00,1.0
2020-10-23 14:30:00,1.0
2020-10-23 15:30:00,1.0
2020-10-23 16:30:00,1.0
2020-10-23 17:30:00,1.0
2020-10-23 18:30:00,1.0
2020-10-23 19:30:00,1.0
2020-10-26 13:30:00,1.0
2020-10-26 14:30:00,1.0
2020-10-26 15:30:00,1.0
2020-10-26 16:30:00,1.0
2020-10-26 17:30:00,1.0
2020-10-26 18:30:00,1.0
2020-10-26 19:30:00,1.0
2020-10-27 13:30:00,1.0
2020-10-27 14:30:00,1.0
2020-10-27 15:30:00,1.0
2020-10-27 16:30:00,1.0
2020-10-27 17:30:00,1.0
2020-10-27 18:30:00,1.0
2020-10-27 19:30:00,1.0
2020-10-28 13:30:00,1.0
2020-10-28 14:30:00,1.0
2020-10-28 15:30:00,1.0
2020-10-28 16:30:00,1.0
2020-10-28 17:30:00,1.0
2020-10-28 18:30:00,1.0
2020-10-28 19:30:00,1.0
2020-10-29 13:30:00,1.0
2020-10-29 14:30:00,1.0
2020-10-29 15:30:00,1.0
2020-10-29 16:30:00,1.0
2020-10-29 17:30:00,1.0
2020-10-29 18:30:00,1.0
2020-10-29 19:30:00,1.0
2020-10-30 13:30:00,1.0
2020-10-30 14:30:00,1.0
2020-10-30 15:30:00,1.0
2020-10-30 16:30:00,1.0
2020-10-30 17:30:00,1.0
2020-10-30 18:30:00,1.0
2020-10-30 19:30:00,1.0
2020-11-02 14:30:00,1.0
2020-11-02 15:30:00,1.0
2020-11-02 16:30:00,1.0
2020-11-02 17:30:00,1.0
2020-11-02 18:30:00,1.0
2020-11-02 19:30:00,1.0
2020-11-02 20:30:00,1.0
2020-11-03 14:30:00,1.0
2020-11-03 15:30:00,1.0
2020-11-03 16:30:00,1.0
2020-11-03 17:30:00,1.0
2020-11-03 18:30:00,1.0
2020-11-03 19:30:00,1.0
2020-11-03 20:30:00,1.0
2020-11-04 14:30:00,1.0
2020-11-04 15:30:00,1.0
2020-11-04 16:30:00,1.0
2020-11-04 17:30:00,1.0
2020-11-04 18:30:00,1.0
2020-11-04 19:30:00,1.0
2020-11-04 20:30:00,1.0
2020-11-05 14:30:00,1.0
2020-11-05 15:30:00,1.0
2020-11-05 16:30:00,1.0
2020-11-05 17:30:00,1.0
2020-11-05 18:30:00,1.0
2020-11-05 19:30:00,1.0
2020-11-05 20:30:00,1.0
2020-11-06 14:30:00,1.0
2020-11-06 15:30:00,1.0
2020-11-06 16:30:00,1.0
2020-11-06 17:30:00,1.0
2020-11-06 18:30:00,1.0
2020-11-06 19:30:00,1.0
2020-11-06 20:30:00,1.0
2020-11-09 14:30:00,1.0
2020-11-09 15:30:00,1.0
2020-11-09 16:30:00,1.0
2020-11-09 17:30:00,1.0
2020-11-09 18:30:00,1.0
2020-11-09 19:30:00,1.0
2020-11-09 20:30:00,1.0
2020-11-10 14:30:00,1.0
2020-11-10 15:30:00,1.0
2020-11-10 16:30:00,1.0
2020-11-10 17:30:00,1.0
2020-11-10 18:30:00,1.0
2020-11-10 19:30:00,1.0
2020-11-10 20:30:00,1.0
2020-11-11 14:30:00,1.0
2020-11-11 15:30:00,1.0
2020-11-11 16:30:00,1.0
2020-11-11 17:30:00,1.0
2020-11-11 18:30:00,1.0
2020-11-11 19:30:00,1.0
2020-11-11 20:30:00,1.0
2020-11-12 14:30:00,1.0
2020-11-12 15:30:00,1.0
2020-11-12 16:30:00,1.0
2020-11-12 17:30:00,1.0
2020-11-12 18:30:00,1.0
2020-11-12 19:30:00,1.0
2020-11-12 20:30:00,1.0
2020-11-13 14:30:00,1.0
2020-11-13 15:30:00,1.0
2020-11-13 16:30:00,1.0
2020-11-13 17:30:00,1.0
2020-11-13 18:30:00,1.0
2020-11-13 19:30:00,1.0
2020-11-13 20:30:00,1.0
2020-11-16 14:30:00,1.0
2020-11-16 15:30:00,1.0
2020-11-16 16:30:00,1.0
2020-11-16 17:30:00,1.0
2020-11-16 18:30:00,1.0
2020-11-16 19:30:00,1.0
2020-11-16 20:30:00,1.0
2020-11-17 14:30:00,1.0
2020-11-17 15:30:00,1.0
2020-11-17 16:30:00,1.0
2020-11-17 17:30:00,1.0
2020-11-17 18:30:00,1.0
2020-11-17 19:30:00,1.0
2020-11-17 20:30:00,1.0
2020-11-18 14:30:00,1.0
2020-11-18 15:30:00,1.0
2020-11-18 16:30:00,1.0
2020-11-18 17:30:00,1.0
2020-11-18 18:30:00,1.0
2020-11-18 19:30:00,1.0
2020-11-18 20:30:00,1.0
2020-11-19 14:30:00,1.0
2020-11-19 15:30:00,1.0
2020-11-19 16:30:00,1.0
2020-11-19 17:30:00,1.0
2020-11-19 18:30:00,1.0
2020-11-19 19:30:00,1.0
2020-11-19 20:30:00,1.0
2020-11-20 14:30:00,1.0
2020-11-20 15:30:00,1.0
2020-11-20 16:30:00,1.0
2020-11-20 17:30:00,1.0
2020-11-20 18:30:00,1.0
2020-11-20 19:30:00,1.0
2020-11-20 20:30:00,1.0
2020-11-23 14:30:00,1.0
2020-11-23 15:30:00,1.0
2020-11-23 16:30:00,1.0
2020-11-23 17:30:00,1.0
2020-11-23 18:30:00,1.0
2020-11-23 19:30:00,1.0
2020-11-23 20:30:00,1.0
2020-11-24 14:30:00,1.0
2020-11-24 15:30:00,1.0
2020-11-24 16:30:00,1.0
2020-11-24 17:30:00,1.0
2020-11-24 18:30:00,1.0
2020-11-24 19:30:00,1.0
2020-11-24 20:30:00,1.0
2020-11-25 14:30:00,1.0
2020-11-25 15:30:00,1.0
2020-11-25 16:30:00,1.0
2020-11-25 17:30:00,1.0
2020-11-25 18:30:00,1.0
2020-11-25 19:30:00,1.0
2020-11-25 20:30:00,1.0
2020-11-27 14:30:00,1.0
2020-11-27 15:30:00,1.0
2020-11-27 16:30:00,1.0
2020-11-27 17:30:00,1.0
2020-11-30 14:30:00,1.0
2020-11-30 15:30:00,1.0
2020-11-30 16:30:00,1.0
2020-11-30 17:30:00,1.0
2020-11-30 18:30:00,1.0
2020-11-30 19:30:00,1.0
2020-11-30 20:30:00,1.0
2020-12-01 14:30:00,1.0
2020-12-01 15:30:00,1.0
2020-12-01 16:30:00,1.0
2020-12-01 17:30:00,1.0
2020-12-01 18:30:00,1.0
2020-12-01 19:30:00,1.0
2020-12-01 20:30:00,1.0
2020-12-02 14:30:00,1.0
2020-12-02 15:30:00,1.0
2020-12-02 16:30:00,1.0
2020-12-02 17:30:00,1.0
2020-12-02 18:30:00,1.0
2020-12-02 19:30:00,1.0
2020-12-02 20:30:00,1.0
2020-12-03 14:30:00,1.0
2020-12-03 15:30:00,1.0
2020-12-03 16:30:00,1.0
2020-12-03 17:30:00,1.0
2020-12-03 18:30:00,1.0
2020-12-03 19:30:00,1.0
2020-12-03 20:30:00,1.0
2020-12-04 14:30:00,1.0
2020-12-04 15:30:00,1.0
2020-12-04 16:30:00,1.0
2020-12-04 17:30:00,1.0
2020-12-04 18:30:00,1.0
2020-12-04 19:30:00,1.0
2020-12-04 20:30:00,1.0
2020-12-07 14:30:00,1.0
2020-12-07 15:30:00,1.0
2020-12-07 16:30:00,1.0
2020-12-07 17:30:00,1.0
2020-12-07 18:30:00,1.0
2020-12-07 19:30:00,1.0
2020-12-07 20:30:00,1.0
2020-12-08 14:30:00,1.0
2020-12-08 15:30:00,1.0
2020-12-08 16:30:00,1.0
2020-12-08 17:30:00,1.0
2020-12-08 18:30:00,1.0
2020-12-08 19:30:00,1.0
2020-12-08 20:30:00,1.0
2020-12-09 14:30:00,1.0
2020-12-09 15:30:00,1.0
2020-12-09 16:30:00,1.0
2020-12-09 17:30:00,1.0
2020-12-09 18:30:00,1.0
2020-12-09 19:30:00,1.0
2020-12-09 20:30:00,1.0
2020-12-10 14:30:00,1.0
2020-12-10 15:30:00,1.0
2020-12-10 16:30:00,1.0
2020-12-10 17:30:00,1.0
2020-12-10 18:30:00,1.0
2020-12-10 19:30:00,1.0
2020-12-10 20:30:00,1.0
2020-12-11 14:30:00,1.0
2020-12-11 15:30:00,1.0
2020-12-11 16:30:00,1.0
2020-12-11 17:30:00,1.0
2020-12-11 18:30:00,1.0
2020-12-11 19:30:00,1.0
2020-12-11 20:30:00,1.0
2020-12-14 14:30:00,1.0
2020-12-14 15:30:00,1.0
2020-12-14 16:30:00,1.0
2020-12-14 17:30:00,1.0
2020-12-14 18:30:00,1.0
2020-12-14 19:30:00,1.0
2020-12-14 20:30:00,1.0
2020-12-15 14:30:00,1.0
2020-12-15 15:30:00,1.0
2020-12-15 16:30:00,1.0
2020-12-15 17:30:00,1.0
2020-12-15 18:30:00,1.0
2020-12-15 19:30:00,1.0
2020-12-15 20:30:00,1.0
2020-12-16 15:30:00,1.0
2020-12-16 16:30:00,1.0
2020-12-16 17:30:00,1.0
2020-12-16 18:30:00,1.0
2020-12-16 19:30:00,1.0
2020-12-16 20:30:00,1.0
2020-12-17 14:30:00,1.0
2020-12-17 15:30:00,1.0
2020-12-17 16:30:00,1.0
2020-12-17 17:30:00,1.0
2020-12-17 18:30:00,1.0
2020-12-17 19:30:00,1.0
2020-12-17 20:30:00,1.0
2020-12-18 14:30:00,1.0
2020-12-18 15:30:00,1.0
2020-12-18 16:30:00,1.0
2020-12-18 17:30:00,1.0
2020-12-18 18:30:00,1.0
2020-12-18 19:30:00,1.0
2020-12-18 20:30:00,1.0
2020-12-21 14:30:00,1.0
2020-12-21 15:30:00,1.0
2020-12-21 16:30:00,1.0
2020-12-21 17:30:00,1.0
2020-12-21 18:30:00,1.0
2020-12-21 19:30:00,1.0
2020-12-21 20:30:00,1.0
2020-12-22 14:30:00,1.0
2020-12-22 15:30:00,1.0
2020-12-22 16:30:00,1.0
2020-12-22 17:30:00,1.0
2020-12-22 18:30:00,1.0
2020-12-22 19:30:00,1.0
2020-12-22 20:30:00,1.0
2020-12-23 14:30:00,1.0
2020-12-23 15:30:00,1.0
2020-12-23 16:30:00,1.0
2020-12-23 17:30:00,1.0
2020-12-23 18:30:00,1.0
2020-12-23 19:30:00,1.0
2020-12-23 20:30:00,1.0
2020-12-24 14:30:00,1.0
2020-12-24 15:30:00,1.0
2020-12-24 16:30:00,1.0
2020-12-24 17:30:00,1.0
2020-12-28 14:30:00,1.0
2020-12-28 15:30:00,1.0
2020-12-28 16:30:00,1.0
2020-12-28 17:30:00,1.0
2020-12-28 18:30:00,1.0
2020-12-28 19:30:00,1.0
2020-12-29 14:30:00,1.0
2020-12-29 15:30:00,1.0
2020-12-29 16:30:00,1.0
2020-12-29 17:30:00,1.0
2020-12-29 18:30:00,1.0
2020-12-29 19:30:00,1.0
2020-12-29 20:30:00,1.0
2020-12-30 14:30:00,1.0
2020-12-30 15:30:00,1.0
2020-12-30 16:30:00,1.0
2020-12-30 17:30:00,1.0
2020-12-30 18:30:00,1.0
2020-12-30 19:30:00,1.0
2020-12-30 20:30:00,1.0
2020-12-31 14:30:00,1.0
2020-12-31 15:30:00,1.0
2020-12-31 16:30:00,1.0
2020-12-31 17:30:00,1.0
2020-12-31 18:30:00,1.0
2020-12-31 19:30:00,1.0
2020-12-31 20:30:00,1.0
2021-01-04 14:30:00,1.0
2021-01-04 15:30:00,1.0
2021-01-04 16:30:00,1.0
2021-01-04 17:30:00,1.0
2021-01-04 18:30:00,1.0
2021-01-04 19:30:00,1.0
2021-01-04 20:30:00,1.0
2021-01-05 14:30:00,1.0
2021-01-05 15:30:00,1.0
2021-01-05 16:30:00,1.0
2021-01-05 17:30:00,1.0
2021-01-05 18:30:00,1.0
2021-01-05 19:30:00,1.0
2021-01-05 20:30:00,1.0
2021-01-06 14:30:00,1.0
2021-01-06 15:30:00,1.0
2021-01-06 16:30:00,1.0
2021-01-06 17:30:00,1.0
2021-01-06 18:30:00,1.0
2021-01-06 19:30:00,1.0
2021-01-06 20:30:00,1.0
2021-01-07 14:30:00,1.0
2021-01-07 15:30:00,1.0
2021-01-07 16:30:00,1.0
2021-01-07 17:30:00,1.0
2021-01-07 18:30:00,1.0
2021-01-07 19:30:00,1.0
2021-01-07 20:30:00,1.0
2021-01-08 14:30:00,1.0
2021-01-08 15:30:00,1.0
2021-01-08 16:30:00,1.0
2021-01-08 17:30:00,1.0
2021-01-08 18:30:00,1.0
2021-01-08 19:30:00,1.0
2021-01-08 20:30:00,1.0
2021-01-11 14:30:00,1.0
2021-01-11 15:30:00,1.0
2021-01-11 16:30:00,1.0
2021-01-11 17:30:00,1.0
2021-01-11 18:30:00,1.0
2021-01-11 19:30:00,1.0
2021-01-11 20:30:00,1.0
2021-01-12 14:30:00,1.0
2021-01-12 15:30:00,1.0
2021-01-12 16:30:00,1.0
2021-01-12 17:30:00,1.0
2021-01-12 18:30:00,1.0
2021-01-12 19:30:00,1.0
2021-01-12 20:30:00,1.0
2021-01-13 14:30:00,1.0
2021-01-13 15:30:00,1.0
2021-01-13 16:30:00,1.0
2021-01-13 17:30:00,1.0
2021-01-13 18:30:00,1.0
2021-01-13 19:30:00,1.0
2021-01-13 20:30:00,1.0
2021-01-14 14:30:00,1.0
2021-01-14 15:30:00,1.0
2021-01-14 16:30:00,1.0
2021-01-14 17:30:00,1.0
2021-01-14 18:30:00,1.0
2021-01-14 19:30:00,1.0
2021-01-14 20:30:00,1.0
2021-01-15 14:30:00,1.0
2021-01-15 15:30:00,1.0
2021-01-15 16:30:00,1.0
2021-01-15 17:30:00,1.0
2021-01-15 18:30:00,1.0
2021-01-15 19:30:00,1.0
2021-01-15 20:30:00,1.0
2021-01-19 14:30:00,1.0
2021-01-19 15:30:00,1.0
2021-01-19 16:30:00,1.0
2021-01-19 17:30:00,1.0
2021-01-19 18:30:00,1.0
2021-01-19 19:30:00,1.0
2021-01-19 20:30:00,1.0
2021-01-20 14:30:00,1.0
2021-01-20 15:30:00,1.0
2021-01-20 16:30:00,1.0
2021-01-20 17:30:00,1.0
2021-01-20 18:30:00,1.0
2021-01-20 19:30:00,1.0
2021-01-20 20:30:00,1.0
2021-01-21 14:30:00,1.0
2021-01-21 15:30:00,1.0
2021-01-21 16:30:00,1.0
2021-01-21 17:30:00,1.0
2021-01-21 18:30:00,1.0
2021-01-21 19:30:00,1.0
2021-01-21 20:30:00,1.0
2021-01-22 14:30:00,1.0
2021-01-22 15:30:00,1.0
2021-01-22 16:30:00,1.0
2021-01-22 17:30:00,1.0
2021-01-22 18:30:00,1.0
2021-01-22 19:30:00,1.0
2021-01-22 20:30:00,1.0
2021-01-25 14:30:00,1.0
2021-01-25 15:30:00,1.0
2021-01-25 16:30:00,1.0
2021-01-25 17:30:00,1.0
2021-01-25 18:30:00,1.0
2021-01-25 19:30:00,1.0
2021-01-25 20:30:00,1.0
2021-01-26 14:30:00,1.0
2021-01-26 15:30:00,1.0
2021-01-26 16:30:00,1.0
2021-01-26 17:30:00,1.0
2021-01-26 18:30:00,1.0
2021-01-26 19:30:00,1.0
2021-01-26 20:30:00,1.0
2021-01-27 14:30:00,1.0
2021-01-27 16:30:00,1.0
2021-01-27 17:30:00,1.0
2021-01-27 18:30:00,1.0
2021-01-27 19:30:00,1.0
2021-01-27 20:30:00,1.0
2021-01-28 14:30:00,1.0
2021-01-28 15:30:00,1.0
2021-01-28 16:30:00,1.0
2021-01-28 17:30:00,1.0
2021-01-28 18:30:00,1.0
2021-01-28 19:30:00,1.0
2021-01-28 20:30:00,1.0
2021-01-29 14:30:00,1.0
2021-01-29 15:30:00,1.0
2021-01-29 16:30:00,1.0
2021-01-29 17:30:00,1.0
2021-01-29 18:30:00,1.0
2021-01-29 19:30:00,1.0
2021-01-29 20:30:00,1.0
2021-02-01 14:30:00,1.0
2021-02-01 15:30:00,1.0
2021-02-01 16:30:00,1.0
2021-02-01 17:30:00,1.0
2021-02-01 18:30:00,1.0
2021-02-01 19:30:00,1.0
2021-02-01 20:30:00,1.0
2021-02-02 14:30:00,1.0
2021-02-02 15:30:00,1.0
2021-02-02 16:30:00,1.0
2021-02-02 17:30:00,1.0
2021-02-02 18:30:00,1.0
2021-02-02 19:30:00,1.0
2021-02-02 20:30:00,1.0
2021-02-03 14:30:00,1.0
2021-02-03 15:30:00,1.0
2021-02-03 16:30:00,1.0
2021-02-03 17:30:00,1.0
2021-02-03 18:30:00,1.0
2021-02-03 19:30:00,1.0
2021-02-03 20:30:00,1.0
2021-02-04 14:30:00,1.0
2021-02-04 15:30:00,1.0
2021-02-04 16:30:00,1.0
2021-02-04 17:30:00,1.0
2021-02-04 18:30:00,1.0
2021-02-04 19:30:00,1.0
2021-02-04 20:30:00,1.0
2021-02-05 15:30:00,1.0
2021-02-05 16:30:00,1.0
2021-02-05 17:30:00,1.0
2021-02-05 18:30:00,1.0
2021-02-05 19:30:00,1.0
2021-02-05 20:30:00,1.0
2021-02-08 14:30:00,1.0
2021-02-08 15:30:00,1.0
2021-02-08 16:30:00,1.0
2021-02-08 17:30:00,1.0
2021-02-08 18:30:00,1.0
2021-02-08 19:30:00,1.0
2021-02-08 20:30:00,1.0
2021-02-09 14:30:00,1.0
2021-02-09 15:30:00,1.0
2021-02-09 16:30:00,1.0
2021-02-09 17:30:00,1.0
2021-02-09 18:30:00,1.0
2021-02-09 19:30:00,1.0
2021-02-09 20:30:00,1.0
2021-02-10 14:30:00,1.0
2021-02-10 15:30:00,1.0
2021-02-10 16:30:00,1.0
2021-02-10 17:30:00,1.0
2021-02-10 18:30:00,1.0
2021-02-10 19:30:00,1.0
2021-02-10 20:30:00,1.0
2021-02-11 14:30:00,1.0
2021-02-11 15:30:00,1.0
2021-02-11 16:30:00,1.0
2021-02-12 18:30:00,1.0
2021-02-12 19:30:00,1.0
2021-02-12 20:30:00,1.0
2021-02-16 14:30:00,1.0
2021-02-16 15:30:00,1.0
2021-02-16 16:30:00,1.0
2021-02-16 17:30:00,1.0
2021-02-16 18:30:00,1.0
2021-02-16 19:30:00,1.0
2021-02-16 20:30:00,1.0
2021-02-17 14:30:00,1.0
2021-02-17 15:30:00,1.0
2021-02-17 16:30:00,1.0
2021-02-17 17:30:00,1.0
2021-02-17 18:30:00,1.0
2021-02-17 19:30:00,1.0
2021-02-17 20:30:00,1.0
2021-02-18 14:30:00,1.0
2021-02-18 15:30:00,1.0
2021-02-18 16:30:00,1.0
2021-02-18 17:30:00,1.0
2021-02-18 18:30:00,1.0
2021-02-18 19:30:00,1.0
2021-02-18 20:30:00,1.0
2021-02-19 14:30:00,1.0
2021-02-19 15:30:00,1.0
2021-02-19 16:30:00,1.0
2021-02-19 17:30:00,1.0
2021-02-19 18:30:00,1.0
2021-02-19 19:30:00,1.0
2021-02-19 20:30:00,1.0
2021-02-22 14:30:00,1.0
2021-02-22 15:30:00,1.0
2021-02-22 16:30:00,1.0
2021-02-22 17:30:00,1.0
2021-02-22 18:30:00,1.0
2021-02-22 19:30:00,1.0
2021-02-22 20:30:00,1.0
2021-02-23 14:30:00,1.0
2021-02-23 15:30:00,1.0
2021-02-23 16:30:00,1.0
2021-02-23 17:30:00,1.0
2021-02-23 18:30:00,1.0
2021-02-23 19:30:00,1.0
2021-02-23 20:30:00,1.0
2021-02-24 14:30:00,1.0
2021-02-24 15:30:00,1.0
2021-02-24 16:30:00,1.0
2021-02-24 17:30:00,1.0
2021-02-24 18:30:00,1.0
2021-02-24 19:30:00,1.0
2021-02-24 20:30:00,1.0
2021-02-25 14:30:00,1.0
2021-02-25 15:30:00,1.0
2021-02-25 16:30:00,1.0
2021-02-25 17:30:00,1.0
2021-02-25 18:30:00,1.0
2021-02-25 19:30:00,1.0
2021-02-25 20:30:00,1.0
2021-02-26 14:30:00,1.0
2021-02-26 15:30:00,1.0
2021-02-26 16:30:00,1.0
2021-02-26 17:30:00,1.0
2021-02-26 18:30:00,1.0
2021-02-26 19:30:00,1.0
2021-02-26 20:30:00,1.0
2021-03-01 14:30:00,1.0
2021-03-01 15:30:00,1.0
2021-03-01 16:30:00,1.0
2021-03-01 17:30:00,1.0
2021-03-01 18:30:00,1.0
2021-03-01 19:30:00,1.0
2021-03-01 20:30:00,1.0
2021-03-02 14:30:00,1.0
2021-03-02 15:30:00,1.0
2021-03-02 16:30:00,1.0
2021-03-02 17:30:00,1.0
2021-03-02 18:30:00,1.0
2021-03-02 19:30:00,1.0
2021-03-02 20:30:00,1.0
2021-03-03 14:30:00,1.0
2021-03-03 15:30:00,1.0
2021-03-03 16:30:00,1.0
2021-03-03 17:30:00,1.0
2021-03-03 18:30:00,1.0
2021-03-03 19:30:00,1.0
2021-03-03 20:30:00,1.0
2021-03-04 14:30:00,1.0
2021-03-04 15:30:00,1.0
2021-03-04 16:30:00,1.0
2021-03-04 17:30:00,1.0
2021-03-04 18:30:00,1.0
2021-03-04 19:30:00,1.0
2021-03-04 20:30:00,1.0
2021-03-05 14:30:00,1.0
2021-03-05 15:30:00,1.0
2021-03-05 16:30:00,1.0
2021-03-05 17:30:00,1.0
2021-03-05 18:30:00,1.0
2021-03-05 19:30:00,1.0
2021-03-09 15:30:00,1.0
2021-03-10 14:30:00,1.0
2021-03-10 15:30:00,1.0
2021-03-10 16:30:00,1.0
2021-03-10 17:30:00,1.0
2021-03-10 18:30:00,1.0
2021-03-10 19:30:00,1.0
2021-03-10 20:30:00,1.0
2021-03-11 14:30:00,1.0
2021-03-11 15:30:00,1.0
2021-03-11 16:30:00,1.0
2021-03-11 17:30:00,1.0
2021-03-11 18:30:00,1.0
2021-03-11 19:30:00,1.0
2021-03-11 20:30:00,1.0
2021-03-12 14:30:00,1.0
2021-03-12 15:30:00,1.0
2021-03-12 16:30:00,1.0
2021-03-12 17:30:00,1.0
2021-03-12 18:30:00,1.0
2021-03-12 19:30:00,1.0
2021-03-12 20:30:00,1.0
2021-03-15 13:30:00,1.0
2021-03-15 14:30:00,1.0
2021-03-15 15:30:00,1.0
2021-03-15 16:30:00,1.0
2021-03-15 17:30:00,1.0
2021-03-15 18:30:00,1.0
2021-03-15 19:30:00,1.0
2021-03-16 13:30:00,1.0
2021-03-16 14:30:00,1.0
2021-03-16 15:30:00,1.0
2021-03-16 16:30:00,1.0
2021-03-16 17:30:00,1.0
2021-03-16 18:30:00,1.0
2021-03-16 19:30:00,1.0
2021-03-17 13:30:00,1.0
2021-03-17 14:30:00,1.0
2021-03-17 15:30:00,1.0
2021-03-17 16:30:00,1.0
2021-03-17 17:30:00,1.0
2021-03-17 18:30:00,1.0
2021-03-17 19:30:00,1.0
2021-03-18 13:30:00,1.0
2021-03-18 14:30:00,1.0
2021-03-18 15:30:00,1.0
2021-03-18 16:30:00,1.0
2021-03-18 17:30:00,1.0
2021-03-18 18:30:00,1.0
2021-03-18 19:30:00,1.0
2021-03-19 13:30:00,1.0
2021-03-19 14:30:00,1.0
2021-03-19 15:30:00,1.0
2021-03-19 16:30:00,1.0
2021-03-19 17:30:00,1.0
2021-03-19 18:30:00,1.0
2021-03-19 19:30:00,1.0
2021-03-22 13:30:00,1.0
2021-03-22 14:30:00,1.0
2021-03-22 15:30:00,1.0
2021-03-22 16:30:00,1.0
2021-03-22 17:30:00,1.0
2021-03-22 18:30:00,1.0
2021-03-22 19:30:00,1.0
2021-03-23 13:30:00,1.0
2021-03-23 14:30:00,1.0
2021-03-23 15:30:00,1.0
2021-03-23 16:30:00,1.0
2021-03-23 17:30:00,1.0
2021-03-23 18:30:00,1.0
2021-03-23 19:30:00,1.0
2021-03-24 13:30:00,1.0
2021-03-24 14:30:00,1.0
2021-03-24 15:30:00,1.0
2021-03-24 16:30:00,1.0
2021-03-24 17:30:00,1.0
2021-03-24 18:30:00,1.0
2021-03-24 19:30:00,1.0
2021-03-25 13:30:00,1.0
2021-03-25 14:30:00,1.0
2021-03-25 15:30:00,1.0
2021-03-25 16:30:00,1.0
2021-03-25 17:30:00,1.0
2021-03-25 18:30:00,1.0
2021-03-25 19:30:00,1.0
2021-03-26 13:30:00,1.0
2021-03-26 14:30:00,1.0
2021-03-26 15:30:00,1.0
2021-03-26 16:30:00,1.0
2021-03-26 17:30:00,1.0
2021-03-26 18:30:00,1.0
2021-03-26 19:30:00,1.0
2021-03-29 13:30:00,1.0
2021-03-29 14:30:00,1.0
2021-03-29 15:30:00,1.0
2021-03-29 16:30:00,1.0
2021-03-29 17:30:00,1.0
2021-03-29 18:30:00,1.0
2021-03-29 19:30:00,1.0
2021-03-30 13:30:00,1.0
2021-03-30 14:30:00,1.0
2021-03-30 15:30:00,1.0
2021-03-30 16:30:00,1.0
2021-03-30 17:30:00,1.0
2021-03-30 18:30:00,1.0
2021-03-30 19:30:00,1.0
2021-03-31 13:30:00,1.0
2021-03-31 14:30:00,1.0
2021-03-31 15:30:00,1.0
2021-03-31 16:30:00,1.0
2021-03-31 17:30:00,1.0
2021-03-31 18:30:00,1.0
2021-03-31 19:30:00,1.0
2021-04-01 13:30:00,1.0
2021-04-01 14:30:00,1.0
2021-04-01 15:30:00,1.0
2021-04-01 16:30:00,1.0
2021-04-01 17:30:00,1.0
2021-04-01 18:30:00,1.0
2021-04-01 19:30:00,1.0
2021-04-05 13:30:00,1.0
2021-04-05 14:30:00,1.0
2021-04-05 15:30:00,1.0
2021-04-05 16:30:00,1.0
2021-04-05 17:30:00,1.0
2021-04-05 18:30:00,1.0
2021-04-05 19:30:00,1.0
2021-04-06 13:30:00,1.0
2021-04-06 14:30:00,1.0
2021-04-06 15:30:00,1.0
2021-04-06 16:30:00,1.0
2021-04-06 17:30:00,1.0
2021-04-06 18:30:00,1.0
2021-04-06 19:30:00,1.0
2021-04-07 13:30:00,1.0
2021-04-07 14:30:00,1.0
2021-04-07 15:30:00,1.0
2021-04-07 16:30:00,1.0
2021-04-07 17:30:00,1.0
2021-04-07 18:30:00,1.0
2021-04-07 19:30:00,1.0
2021-04-08 13:30:00,1.0
2021-04-08 14:30:00,1.0
2021-04-08 15:30:00,1.0
2021-04-08 16:30:00,1.0
2021-04-08 17:30:00,1.0
2021-04-08 18:30:00,1.0
2021-04-08 19:30:00,1.0
2021-04-09 13:30:00,1.0
2021-04-09 14:30:00,1.0
2021-04-09 15:30:00,1.0
2021-04-09 16:30:00,1.0
2021-04-09 17:30:00,1.0
2021-04-09 18:30:00,1.0
2021-04-09 19:30:00,1.0
2021-04-12 13:30:00,1.0
2021-04-12 14:30:00,1.0
2021-04-12 15:30:00,1.0
2021-04-12 16:30:00,1.0
2021-04-12 17:30:00,1.0
2021-04-12 18:30:00,1.0
2021-04-12 19:30:00,1.0
2021-04-13 13:30:00,1.0
2021-04-13 14:30:00,1.0
2021-04-13 15:30:00,1.0
2021-04-13 16:30:00,1.0
2021-04-13 17:30:00,1.0
2021-04-13 18:30:00,1.0
2021-04-13 19:30:00,1.0
2021-04-14 13:30:00,1.0
2021-04-14 14:30:00,1.0
2021-04-14 15:30:00,1.0
2021-04-14 16:30:00,1.0
2021-04-14 17:30:00,1.0
2021-04-14 18:30:00,1.0
2021-04-14 19:30:00,1.0
2021-04-15 13:30:00,1.0
2021-04-15 14:30:00,1.0
2021-04-15 15:30:00,1.0
2021-04-15 16:30:00,1.0
2021-04-15 17:30:00,1.0
2021-04-15 18:30:00,1.0
2021-04-15 19:30:00,1.0
2021-04-16 13:30:00,1.0
2021-04-16 14:30:00,1.0
2021-04-16 15:30:00,1.0
2021-04-16 16:30:00,1.0
2021-04-16 17:30:00,1.0
2021-04-16 18:30:00,1.0
2021-04-16 19:30:00,1.0
2021-04-19 13:30:00,1.0
2021-04-19 14:30:00,1.0
2021-04-19 15:30:00,1.0
2021-04-19 16:30:00,1.0
2021-04-19 17:30:00,1.0
2021-04-19 18:30:00,1.0
2021-04-19 19:30:00,1.0
2021-04-20 13:30:00,1.0
2021-04-20 14:30:00,1.0
2021-04-20 15:30:00,1.0
2021-04-20 16:30:00,1.0
2021-04-20 17:30:00,1.0
2021-04-20 18:30:00,1.0
2021-04-20 19:30:00,1.0
2021-04-21 13:30:00,1.0
2021-04-21 14:30:00,1.0
2021-04-21 15:30:00,1.0
2021-04-21 16:30:00,1.0
2021-04-21 17:30:00,1.0
2021-04-21 18:30:00,1.0
2021-04-21 19:30:00,1.0
2021-04-22 13:30:00,1.0
2021-04-22 14:30:00,1.0
2021-04-22 15:30:00,1.0
2021-04-22 17:30:00,1.0
2021-04-22 18:30:00,1.0
2021-04-22 19:30:00,1.0
2021-04-23 13:30:00,1.0
2021-04-23 14:30:00,1.0
2021-04-23 15:30:00,1.0
2021-04-23 16:30:00,1.0
2021-04-23 17:30:00,1.0
2021-04-23 18:30:00,1.0
2021-04-23 19:30:00,1.0
2021-04-26 13:30:00,1.0
2021-04-26 14:30:00,1.0
2021-04-26 15:30:00,1.0
2021-04-26 16:30:00,1.0
2021-04-26 17:30:00,1.0
2021-04-26 18:30:00,1.0
2021-04-26 19:30:00,1.0
2021-04-27 13:30:00,1.0
2021-04-27 14:30:00,1.0
2021-04-27 15:30:00,1.0
2021-04-27 16:30:00,1.0
2021-04-27 17:30:00,1.0
2021-04-27 18:30:00,1.0
2021-04-27 19:30:00,1.0
2021-04-28 13:30:00,1.0
2021-04-28 14:30:00,1.0
2021-04-28 15:30:00,1.0
2021-04-28 16:30:00,1.0
2021-04-28 17:30:00,1.0
2021-04-28 18:30:00,1.0
2021-04-28 19:30:00,1.0
2021-04-29 13:30:00,1.0
2021-04-29 14:30:00,1.0
2021-04-29 15:30:00,1.0
2021-04-29 16:30:00,1.0
2021-04-29 17:30:00,1.0
2021-04-29 18:30:00,1.0
2021-04-29 19:30:00,1.0
2021-04-30 13:30:00,1.0
2021-04-30 14:30:00,1.0
2021-04-30 15:30:00,1.0
2021-04-30 16:30:00,1.0
2021-04-30 17:30:00,1.0
2021-04-30 18:30:00,1.0
2021-04-30 19:30:00,1.0
2021-05-03 13:30:00,1.0
2021-05-03 14:30:00,1.0
2021-05-03 15:30:00,1.0
2021-05-03 16:30:00,1.0
2021-05-03 17:30:00,1.0
2021-05-03 18:30:00,1.0
2021-05-03 19:30:00,1.0
2021-05-04 13:30:00,1.0
2021-05-04 14:30:00,1.0
2021-05-04 15:30:00,1.0
2021-05-04 16:30:00,1.0
2021-05-04 17:30:00,1.0
2021-05-04 18:30:00,1.0
2021-05-04 19:30:00,1.0
2021-05-05 13:30:00,1.0
2021-05-05 14:30:00,1.0
2021-05-05 15:30:00,1.0
2021-05-05 16:30:00,1.0
2021-05-05 17:30:00,1.0
2021-05-05 18:30:00,1.0
2021-05-05 19:30:00,1.0
2021-05-06 13:30:00,1.0
2021-05-06 14:30:00,1.0
2021-05-06 15:30:00,1.0
2021-05-06 16:30:00,1.0
2021-05-06 17:30:00,1.0
2021-05-06 18:30:00,1.0
2021-05-06 19:30:00,1.0
2021-05-07 13:30:00,1.0
2021-05-07 14:30:00,1.0
2021-05-07 15:30:00,1.0
2021-05-07 16:30:00,1.0
2021-05-07 17:30:00,1.0
2021-05-07 18:30:00,1.0
2021-05-07 19:30:00,1.0
2021-05-10 13:30:00,1.0
2021-05-10 14:30:00,1.0
2021-05-10 15:30:00,1.0
2021-05-10 16:30:00,1.0
2021-05-10 17:30:00,1.0
2021-05-10 18:30:00,1.0
2021-05-10 19:30:00,1.0
2021-05-11 13:30:00,1.0
2021-05-11 14:30:00,1.0
2021-05-11 15:30:00,1.0
2021-05-11 16:30:00,1.0
2021-05-11 17:30:00,1.0
2021-05-11 18:30:00,1.0
2021-05-11 19:30:00,1.0
2021-05-12 13:30:00,1.0
2021-05-12 14:30:00,1.0
2021-05-12 15:30:00,1.0
2021-05-12 16:30:00,1.0
2021-05-12 17:30:00,1.0
2021-05-12 18:30:00,1.0
2021-05-12 19:30:00,1.0
2021-05-13 13:30:00,1.0
2021-05-13 14:30:00,1.0
2021-05-13 15:30:00,1.0
2021-05-13 16:30:00,1.0
2021-05-13 17:30:00,1.0
2021-05-13 18:30:00,1.0
2021-05-13 19:30:00,1.0
2021-05-14 13:30:00,1.0
2021-05-14 14:30:00,1.0
2021-05-14 15:30:00,1.0
2021-05-14 16:30:00,1.0
2021-05-14 17:30:00,1.0
2021-05-14 18:30:00,1.0
2021-05-14 19:30:00,1.0
2021-05-17 14:30:00,1.0
2021-05-17 15:30:00,1.0
2021-05-17 16:30:00,1.0
2021-05-17 17:30:00,1.0
2021-05-17 18:30:00,1.0
2021-05-17 19:30:00,1.0
2021-05-18 13:30:00,1.0
2021-05-18 14:30:00,1.0
2021-05-18 15:30:00,1.0
2021-05-18 16:30:00,1.0
2021-05-18 17:30:00,1.0
2021-05-18 18:30:00,1.0
2021-05-18 19:30:00,1.0
2021-05-19 13:30:00,1.0
2021-05-19 14:30:00,1.0
2021-05-19 15:30:00,1.0
2021-05-19 16:30:00,1.0
2021-05-19 17:30:00,1.0
2021-05-19 18:30:00,1.0
2021-05-19 19:30:00,1.0
2021-05-20 13:30:00,1.0
2021-05-20 14:30:00,1.0
2021-05-20 15:30:00,1.0
2021-05-20 16:30:00,1.0
2021-05-20 17:30:00,1.0
2021-05-20 18:30:00,1.0
2021-05-21 13:30:00,1.0
2021-05-21 14:30:00,1.0
2021-05-21 15:30:00,1.0
2021-05-21 16:30:00,1.0
2021-05-21 17:30:00,1.0
2021-05-21 18:30:00,1.0
2021-05-21 19:30:00,1.0
2021-05-24 13:30:00,1.0
2021-05-24 14:30:00,1.0
2021-05-24 15:30:00,1.0
2021-05-24 16:30:00,1.0
2021-05-24 17:30:00,1.0
2021-05-24 18:30:00,1.0
2021-05-24 19:30:00,1.0
2021-05-25 13:30:00,1.0
2021-05-25 14:30:00,1.0
2021-05-25 15:30:00,1.0
2021-05-25 16:30:00,1.0
2021-05-25 17:30:00,1.0
2021-05-25 18:30:00,1.0
2021-05-25 19:30:00,1.0
2021-05-26 13:30:00,1.0
2021-05-26 14:30:00,1.0
2021-05-26 15:30:00,1.0
2021-05-26 16:30:00,1.0
2021-05-26 17:30:00,1.0
2021-05-26 18:30:00,1.0
2021-05-26 19:30:00,1.0
2021-05-27 13:30:00,1.0
2021-05-27 14:30:00,1.0
2021-05-27 15:30:00,1.0
2021-05-27 16:30:00,1.0
2021-05-27 17:30:00,1.0
2021-05-27 18:30:00,1.0
2021-05-27 19:30:00,1.0
2021-05-28 13:30:00,1.0
2021-05-28 14:30:00,1.0
2021-05-28 15:30:00,1.0
2021-05-28 16:30:00,1.0
2021-05-28 17:30:00,1.0
2021-05-28 18:30:00,1.0
2021-05-28 19:30:00,1.0
2021-06-01 13:30:00,1.0
2021-06-01 14:30:00,1.0
2021-06-01 15:30:00,1.0
2021-06-01 16:30:00,1.0
2021-06-01 17:30:00,1.0
2021-06-01 18:30:00,1.0
2021-06-01 19:30:00,1.0
2021-06-02 13:30:00,1.0
2021-06-02 14:30:00,1.0
2021-06-02 15:30:00,1.0
2021-06-02 16:30:00,1.0
2021-06-02 17:30:00,1.0
2021-06-02 18:30:00,1.0
2021-06-02 19:30:00,1.0
2021-06-03 13:30:00,1.0
2021-06-03 14:30:00,1.0
2021-06-03 15:30:00,1.0
2021-06-03 16:30:00,1.0
2021-06-03 17:30:00,1.0
2021-06-03 18:30:00,1.0
2021-06-03 19:30:00,1.0
2021-06-04 13:30:00,1.0
2021-06-04 14:30:00,1.0
2021-06-04 15:30:00,1.0
2021-06-04 16:30:00,1.0
2021-06-04 17:30:00,1.0
2021-06-04 18:30:00,1.0
2021-06-04 19:30:00,1.0
2021-06-07 13:30:00,1.0
2021-06-07 14:30:00,1.0
2021-06-07 15:30:00,1.0
2021-06-07 16:30:00,1.0
2021-06-07 17:30:00,1.0
2021-06-07 18:30:00,1.0
2021-06-07 19:30:00,1.0
2021-06-08 13:30:00,1.0
2021-06-08 14:30:00,1.0
2021-06-08 15:30:00,1.0
2021-06-08 16:30:00,1.0
2021-06-08 17:30:00,1.0
2021-06-08 18:30:00,1.0
2021-06-08 19:30:00,1.0
2021-06-09 13:30:00,1.0
2021-06-09 14:30:00,1.0
2021-06-09 15:30:00,1.0
2021-06-09 16:30:00,1.0
2021-06-09 17:30:00,1.0
2021-06-09 18:30:00,1.0
2021-06-09 19:30:00,1.0
2021-06-10 13:30:00,1.0
2021-06-10 14:30:00,1.0
2021-06-10 15:30:00,1.0
2021-06-10 16:30:00,1.0
2021-06-10 17:30:00,1.0
2021-06-10 18:30:00,1.0
2021-06-10 19:30:00,1.0
2021-06-11 13:30:00,1.0
2021-06-11 14:30:00,1.0
2021-06-11 15:30:00,1.0
2021-06-11 16:30:00,1.0
2021-06-11 17:30:00,1.0
2021-06-11 18:30:00,1.0
2021-06-11 19:30:00,1.0
2021-06-14 13:30:00,1.0
2021-06-14 14:30:00,1.0
2021-06-14 15:30:00,1.0
2021-06-14 16:30:00,1.0
2021-06-14 17:30:00,1.0
2021-06-14 18:30:00,1.0
2021-06-14 19:30:00,0.9795385869002537
2021-06-15 13:30:00,0.9795385869002537
2021-06-15 14:30:00,0.9795385869002537
2021-06-15 15:30:00,0.9795385869002537
2021-06-15 16:30:00,0.9795385869002537
2021-06-15 17:30:00,0.9795385869002537
2021-06-15 18:30:00,0.9795385869002537
2021-06-15 19:30:00,0.9795385869002537
2021-06-16 13:30:00,0.9795385869002537
2021-06-16 14:30:00,0.9795385869002537
2021-06-16 15:30:00,0.9795385869002537
2021-06-16 16:30:00,0.9795385869002537
2021-06-16 17:30:00,0.9795385869002537
2021-06-16 18:30:00,0.9795385869002537
2021-06-16 19:30:00,0.98134502043995
2021-06-17 13:30:00,0.98134502043995
2021-06-17 14:30:00,0.98134502043995
2021-06-17 15:30:00,0.98134502043995
2021-06-17 16:30:00,0.98134502043995
2021-06-17 17:30:00,0.98134502043995
2021-06-17 18:30:00,0.98134502043995
2021-06-17 19:30:00,0.98134502043995
2021-06-18 13:30:00,0.98134502043995
2021-06-18 14:30:00,0.98134502043995
2021-06-18 15:30:00,0.98134502043995
2021-06-18 16:30:00,0.98134502043995
2021-06-18 17:30:00,0.98134502043995
2021-06-18 18:30:00,0.98134502043995
2021-06-18 19:30:00,0.98134502043995
2021-06-21 13:30:00,0.98134502043995
2021-06-21 14:30:00,0.98134502043995
2021-06-21 15:30:00,0.98134502043995
2021-06-21 16:30:00,0.98134502043995
2021-06-21 17:30:00,0.98134502043995
2021-06-21 18:30:00,0.98134502043995
2021-06-21 19:30:00,0.98134502043995
2021-06-22 13:30:00,0.98134502043995
2021-06-22 14:30:00,0.98134502043995
2021-06-22 15:30:00,0.98134502043995
2021-06-22 16:30:00,0.98134502043995
2021-06-22 17:30:00,0.98134502043995
2021-06-22 18:30:00,0.98134502043995
2021-06-22 19:30:00,0.98134502043995
2021-06-23 13:30:00,0.98134502043995
2021-06-23 14:30:00,0.98134502043995
2021-06-23 15:30:00,0.98134502043995
2021-06-23 16:30:00,0.98134502043995
2021-06-23 17:30:00,0.98134502043995
2021-06-23 18:30:00,0.98134502043995
2021-06-23 19:30:00,0.98134502043995
2021-06-24 13:30:00,0.98134502043995
2021-06-24 14:30:00,0.98134502043995
2021-06-24 15:30:00,0.98134502043995
2021-06-24 16:30:00,0.98134502043995
2021-06-24 17:30:00,0.98134502043995
2021-06-24 18:30:00,0.98134502043995
2021-06-24 19:30:00,0.9889951127962766
2021-06-25 13:30:00,0.9889951127962766
2021-06-25 14:30:00,0.9889951127962766
2021-06-25 15:30:00,0.9889951127962766
2021-06-25 16:30:00,0.9889951127962766
2021-06-25 17:30:00,0.9889951127962766
2021-06-25 18:30:00,0.9889951127962766
2021-06-25 19:30:00,0.9889951127962766
2021-06-28 13:30:00,0.9889951127962766
2021-06-28 14:30:00,0.9889951127962766
2021-06-28 15:30:00,0.9889951127962766
2021-06-28 16:30:00,0.9889951127962766
2021-06-28 17:30:00,0.9889951127962766
2021-06-28 18:30:00,0.9889951127962766
2021-06-28 19:30:00,0.9889951127962766
2021-06-29 13:30:00,0.9889951127962766
2021-06-29 14:30:00,0.9889951127962766
2021-06-29 15:30:00,0.9889951127962766
2021-06-29 16:30:00,0.9889951127962766
2021-06-29 17:30:00,0.9889951127962766
2021-06-29 18:30:00,0.9889951127962766
2021-06-29 19:30:00,0.9889951127962766
2021-06-30 13:30:00,0.9889951127962766
2021-06-30 14:30:00,0.9889951127962766
2021-06-30 15:30:00,0.9889951127962766
2021-06-30 16:30:00,0.9889951127962766
2021-06-30 17:30:00,0.9889951127962766
2021-06-30 18:30:00,0.9889951127962766
2021-06-30 19:30:00,0.9889951127962766
2021-07-01 13:30:00,0.9889951127962766
2021-07-01 14:30:00,0.9889951127962766
2021-07-01 15:30:00,0.9889951127962766
2021-07-01 16:30:00,0.9889951127962766
2021-07-01 17:30:00,0.9889951127962766
2021-07-01 18:30:00,0.9889951127962766
2021-07-01 19:30:00,0.9889951127962766
2021-07-02 13:30:00,0.9889951127962766
2021-07-02 14:30:00,0.9889951127962766
2021-07-02 15:30:00,0.9889951127962766
2021-07-02 16:30:00,0.9889951127962766
2021-07-02 17:30:00,0.9889951127962766
2021-07-02 18:30:00,0.9889951127962766
2021-07-02 19:30:00,0.9746151842403159
2021-07-06 13:30:00,0.9746151842403159
2021-07-06 14:30:00,0.9746151842403159
2021-07-06 15:30:00,0.9746151842403159
2021-07-06 16:30:00,0.9746151842403159
2021-07-06 17:30:00,0.9746151842403159
2021-07-06 18:30:00,0.9746151842403159
2021-07-06 19:30:00,0.9619195210179204
2021-07-07 13:30:00,0.9619195210179204
2021-07-07 14:30:00,0.9619195210179204
2021-07-07 15:30:00,0.9619195210179204
2021-07-07 16:30:00,0.9619195210179204
2021-07-07 17:30:00,0.9619195210179204
2021-07-07 18:30:00,0.9619195210179204
2021-07-07 19:30:00,0.9546680355907848
2021-07-08 13:30:00,0.9546680355907848
2021-07-08 14:30:00,0.9546680355907848
2021-07-08 15:30:00,0.9546680355907848
2021-07-08 16:30:00,0.9546680355907848
2021-07-08 17:30:00,0.9546680355907848
2021-07-08 18:30:00,0.9546680355907848
2021-07-08 19:30:00,0.9546680355907848
2021-07-09 13:30:00,0.9546680355907848
2021-07-09 14:30:00,0.9546680355907848
2021-07-09 15:30:00,0.9546680355907848
2021-07-09 16:30:00,0.9546680355907848
2021-07-09 17:30:00,0.9546680355907848
2021-07-09 18:30:00,0.9546680355907848
2021-07-09 19:30:00,0.9546680355907848
2021-07-12 13:30:00,0.9546680355907848
2021-07-12 14:30:00,0.9546680355907848
2021-07-12 15:30:00,0.9546680355907848
2021-07-12 16:30:00,0.9546680355907848
2021-07-12 17:30:00,0.9546680355907848
2021-07-12 18:30:00,0.9546680355907848
2021-07-12 19:30:00,0.9663480191210336
2021-07-13 13:30:00,0.9663480191210336
2021-07-13 14:30:00,0.9663480191210336
2021-07-13 15:30:00,0.9663480191210336
2021-07-13 16:30:00,0.9663480191210336
2021-07-13 17:30:00,0.9663480191210336
2021-07-13 18:30:00,0.9663480191210336
2021-07-13 19:30:00,0.9663480191210336
2021-07-14 13:30:00,0.9663480191210336
2021-07-14 14:30:00,0.9663480191210336
2021-07-14 15:30:00,0.9663480191210336
2021-07-14 16:30:00,0.9663480191210336
2021-07-14 17:30:00,0.9663480191210336
2021-07-14 18:30:00,0.9663480191210336
2021-07-14 19:30:00,0.9663480191210336
2021-07-15 13:30:00,0.9663480191210336
2021-07-15 14:30:00,0.9663480191210336
2021-07-15 15:30:00,0.9663480191210336
2021-07-15 16:30:00,0.9663480191210336
2021-07-15 17:30:00,0.9663480191210336
2021-07-15 18:30:00,0.9663480191210336
2021-07-15 19:30:00,0.9663480191210336
2021-07-16 13:30:00,0.9663480191210336
2021-07-16 14:30:00,0.9663480191210336
2021-07-16 15:30:00,0.9663480191210336
2021-07-16 16:30:00,0.9663480191210336
2021-07-16 17:30:00,0.9663480191210336
2021-07-16 18:30:00,0.9663480191210336
2021-07-16 19:30:00,0.9663480191210336
2021-07-19 13:30:00,0.9663480191210336
2021-07-19 14:30:00,0.9663480191210336
2021-07-19 15:30:00,0.9663480191210336
2021-07-19 16:30:00,0.9663480191210336
2021-07-19 17:30:00,0.9663480191210336
2021-07-19 18:30:00,0.9663480191210336
2021-07-19 19:30:00,0.9583794557261732
2021-07-20 13:30:00,0.9583794557261732
2021-07-20 14:30:00,0.9583794557261732
2021-07-20 15:30:00,0.9583794557261732
2021-07-20 16:30:00,0.9583794557261732
2021-07-20 17:30:00,0.9583794557261732
2021-07-20 18:30:00,0.9583794557261732
2021-07-21 13:30:00,0.9583794557261732
2021-07-21 14:30:00,0.9583794557261732
2021-07-21 15:30:00,0.9583794557261732
2021-07-21 16:30:00,0.9583794557261732
2021-07-21 17:30:00,0.9583794557261732
2021-07-21 18:30:00,0.9583794557261732
2021-07-21 19:30:00,0.9583794557261732
2021-07-22 13:30:00,0.9583794557261732
2021-07-22 14:30:00,0.9583794557261732
2021-07-22 15:30:00,0.9583794557261732
2021-07-22 16:30:00,0.9583794557261732
2021-07-22 17:30:00,0.9583794557261732
2021-07-22 18:30:00,0.9583794557261732
2021-07-22 19:30:00,0.9583794557261732
2021-07-23 13:30:00,0.9583794557261732
2021-07-23 14:30:00,0.9583794557261732
2021-07-23 15:30:00,0.9583794557261732
2021-07-23 16:30:00,0.9583794557261732
2021-07-23 17:30:00,0.9583794557261732
2021-07-23 18:30:00,0.9583794557261732
2021-07-23 19:30:00,0.9514771501974763
2021-07-26 13:30:00,0.9514771501974763
2021-07-26 14:30:00,0.9514771501974763
2021-07-26 15:30:00,0.9514771501974763
2021-07-26 16:30:00,0.9514771501974763
2021-07-26 17:30:00,0.9514771501974763
2021-07-26 18:30:00,0.9514771501974763
2021-07-26 19:30:00,0.9514771501974763
2021-07-27 13:30:00,0.9514771501974763
2021-07-27 14:30:00,0.9514771501974763
2021-07-27 15:30:00,0.9514771501974763
2021-07-27 16:30:00,0.9514771501974763
2021-07-27 17:30:00,0.9514771501974763
2021-07-27 18:30:00,0.9514771501974763
2021-07-27 19:30:00,0.9514771501974763
2021-07-28 13:30:00,0.9514771501974763
2021-07-28 14:30:00,0.9514771501974763
2021-07-28 15:30:00,0.9514771501974763
2021-07-28 16:30:00,0.9514771501974763
2021-07-28 17:30:00,0.9514771501974763
2021-07-28 18:30:00,0.9514771501974763
2021-07-28 19:30:00,0.952495475474746
2021-07-29 13:30:00,0.952495475474746
2021-07-29 14:30:00,0.952495475474746
2021-07-29 15:30:00,0.952495475474746
2021-07-29 16:30:00,0.952495475474746
2021-07-29 17:30:00,0.952495475474746
2021-07-29 18:30:00,0.952495475474746
2021-07-29 19:30:00,0.952495475474746
2021-07-30 13:30:00,0.952495475474746
2021-07-30 14:30:00,0.952495475474746
2021-07-30 15:30:00,0.952495475474746
2021-07-30 16:30:00,0.952495475474746
2021-07-30 17:30:00,0.952495475474746
2021-07-30 18:30:00,0.952495475474746
2021-07-30 19:30:00,0.9622592467983548
2021-08-02 13:30:00,0.9622592467983548
2021-08-02 14:30:00,0.9622592467983548
2021-08-02 15:30:00,0.9622592467983548
2021-08-02 16:30:00,0.9622592467983548
2021-08-02 17:30:00,0.9622592467983548
2021-08-02 18:30:00,0.9622592467983548
2021-08-02 19:30:00,0.9686073012027419
2021-08-03 13:30:00,0.9686073012027419
2021-08-03 14:30:00,0.9686073012027419
2021-08-03 15:30:00,0.9686073012027419
2021-08-03 16:30:00,0.9686073012027419
2021-08-03 17:30:00,0.9686073012027419
2021-08-03 18:30:00,0.9686073012027419
2021-08-03 19:30:00,0.9686073012027419
2021-08-04 13:30:00,0.9686073012027419
2021-08-04 14:30:00,0.9686073012027419
2021-08-04 15:30:00,0.9686073012027419
2021-08-04 16:30:00,0.9686073012027419
2021-08-04 17:30:00,0.9686073012027419
2021-08-04 18:30:00,0.9686073012027419
2021-08-04 19:30:00,0.9686073012027419
2021-08-05 13:30:00,0.9686073012027419
2021-08-05 14:30:00,0.9686073012027419
2021-08-05 15:30:00,0.9686073012027419
2021-08-05 16:30:00,0.9686073012027419
2021-08-05 17:30:00,0.9686073012027419
2021-08-05 18:30:00,0.9686073012027419
2021-08-05 19:30:00,0.9686073012027419
2021-08-06 13:30:00,0.9686073012027419
2021-08-06 14:30:00,0.9686073012027419
2021-08-06 15:30:00,0.9686073012027419
2021-08-06 16:30:00,0.9686073012027419
2021-08-06 17:30:00,0.9686073012027419
2021-08-06 18:30:00,0.9686073012027419
2021-08-06 19:30:00,0.9686073012027419
2021-08-09 13:30:00,0.9686073012027419
2021-08-09 14:30:00,0.9686073012027419
2021-08-09 15:30:00,0.9686073012027419
2021-08-09 16:30:00,0.9686073012027419
2021-08-09 17:30:00,0.9686073012027419
2021-08-09 18:30:00,0.9686073012027419
2021-08-09 19:30:00,0.9686073012027419
2021-08-10 13:30:00,0.9686073012027419
2021-08-10 14:30:00,0.9686073012027419
2021-08-10 15:30:00,0.9686073012027419
2021-08-10 16:30:00,0.9686073012027419
2021-08-10 17:30:00,0.9686073012027419
2021-08-10 18:30:00,0.9686073012027419
2021-08-10 19:30:00,0.9686073012027419
2021-08-11 13:30:00,0.9686073012027419
2021-08-11 14:30:00,0.9686073012027419
2021-08-11 15:30:00,0.9686073012027419
2021-08-11 16:30:00,0.9686073012027419
2021-08-11 17:30:00,0.9686073012027419
2021-08-11 18:30:00,0.9686073012027419
2021-08-11 19:30:00,0.9686073012027419
2021-08-12 13:30:00,0.9686073012027419
2021-08-12 14:30:00,0.9686073012027419
2021-08-12 15:30:00,0.9686073012027419
2021-08-12 16:30:00,0.9686073012027419
2021-08-12 17:30:00,0.9686073012027419
2021-08-12 18:30:00,0.9686073012027419
2021-08-12 19:30:00,0.9686073012027419
2021-08-13 13:30:00,0.9686073012027419
2021-08-13 14:30:00,0.9686073012027419
2021-08-13 15:30:00,0.9686073012027419
2021-08-13 16:30:00,0.9686073012027419
2021-08-13 17:30:00,0.9686073012027419
2021-08-13 18:30:00,0.9686073012027419
2021-08-13 19:30:00,0.9686073012027419
2021-08-16 13:30:00,0.9686073012027419
2021-08-16 14:30:00,0.9686073012027419
2021-08-16 15:30:00,0.9686073012027419
2021-08-16 16:30:00,0.9686073012027419
2021-08-16 17:30:00,0.9686073012027419
2021-08-16 18:30:00,0.9686073012027419
2021-08-16 19:30:00,0.9686073012027419
2021-08-17 13:30:00,0.9686073012027419
2021-08-17 14:30:00,0.9686073012027419
2021-08-17 15:30:00,0.9686073012027419
2021-08-17 16:30:00,0.9686073012027419
2021-08-17 17:30:00,0.9686073012027419
2021-08-17 18:30:00,0.9686073012027419
2021-08-17 19:30:00,0.9686073012027419
2021-08-18 13:30:00,0.9686073012027419
2021-08-18 14:30:00,0.9686073012027419
2021-08-18 15:30:00,0.9686073012027419
2021-08-18 16:30:00,0.9686073012027419
2021-08-18 17:30:00,0.9686073012027419
2021-08-18 18:30:00,0.9686073012027419
2021-08-18 19:30:00,0.9686073012027419
2021-08-19 13:30:00,0.9686073012027419
2021-08-19 14:30:00,0.9686073012027419
2021-08-19 15:30:00,0.9686073012027419
2021-08-19 16:30:00,0.9686073012027419
2021-08-19 17:30:00,0.9686073012027419
2021-08-19 18:30:00,0.9686073012027419
2021-08-19 19:30:00,0.9797606776973193
2021-08-20 13:30:00,0.9797606776973193
2021-08-20 14:30:00,0.9797606776973193
2021-08-20 15:30:00,0.9797606776973193
2021-08-20 16:30:00,0.9797606776973193
2021-08-20 17:30:00,0.9797606776973193
2021-08-20 18:30:00,0.9797606776973193
2021-08-20 19:30:00,0.9797606776973193
2021-08-23 13:30:00,0.9797606776973193
2021-08-23 14:30:00,0.9797606776973193
2021-08-23 15:30:00,0.9797606776973193
2021-08-23 16:30:00,0.9797606776973193
2021-08-23 17:30:00,0.9797606776973193
2021-08-23 18:30:00,0.9797606776973193
2021-08-23 19:30:00,0.9797606776973193
2021-08-24 13:30:00,0.9797606776973193
2021-08-24 14:30:00,0.9797606776973193
2021-08-24 15:30:00,0.9797606776973193
2021-08-24 16:30:00,0.9797606776973193
2021-08-24 17:30:00,0.9797606776973193
2021-08-24 18:30:00,0.9797606776973193
2021-08-24 19:30:00,0.9797606776973193
2021-08-25 13:30:00,0.9797606776973193
2021-08-25 14:30:00,0.9797606776973193
2021-08-25 15:30:00,0.9797606776973193
2021-08-25 16:30:00,0.9797606776973193
2021-08-25 17:30:00,0.9797606776973193
2021-08-25 18:30:00,0.9797606776973193
2021-08-25 19:30:00,0.9797606776973193
2021-08-26 13:30:00,0.9797606776973193
2021-08-26 14:30:00,0.9797606776973193
2021-08-26 15:30:00,0.9797606776973193
2021-08-26 16:30:00,0.9797606776973193
2021-08-26 17:30:00,0.9797606776973193
2021-08-26 18:30:00,0.9797606776973193
2021-08-26 19:30:00,0.9797606776973193
2021-08-27 13:30:00,0.9797606776973193
2021-08-27 14:30:00,0.9797606776973193
2021-08-27 15:30:00,0.9797606776973193
2021-08-27 16:30:00,0.9797606776973193
2021-08-27 17:30:00,0.9797606776973193
2021-08-27 18:30:00,0.9797606776973193
2021-08-27 19:30:00,0.9797606776973193
2021-08-30 13:30:00,0.9797606776973193
2021-08-30 14:30:00,0.9797606776973193
2021-08-30 15:30:00,0.9797606776973193
2021-08-30 16:30:00,0.9797606776973193
2021-08-30 17:30:00,0.9797606776973193
2021-08-30 18:30:00,0.9797606776973193
2021-08-31 13:30:00,0.9797606776973193
2021-08-31 14:30:00,0.9797606776973193
2021-08-31 15:30:00,0.9797606776973193
2021-08-31 16:30:00,0.9797606776973193
2021-08-31 17:30:00,0.9797606776973193
2021-08-31 18:30:00,0.9797606776973193
2021-08-31 19:30:00,0.9797606776973193
2021-09-01 13:30:00,0.9797606776973193
2021-09-01 14:30:00,0.9797606776973193
2021-09-01 15:30:00,0.9797606776973193
2021-09-01 16:30:00,0.9797606776973193
2021-09-01 17:30:00,0.9797606776973193
2021-09-01 18:30:00,0.9797606776973193
2021-09-01 19:30:00,0.9814949454167878
2021-09-02 13:30:00,0.9814949454167878
2021-09-02 14:30:00,0.9814949454167878
2021-09-02 15:30:00,0.9814949454167878
2021-09-02 16:30:00,0.9814949454167878
2021-09-02 17:30:00,0.9814949454167878
2021-09-02 18:30:00,0.9814949454167878
2021-09-02 19:30:00,0.9814949454167878
2021-09-03 13:30:00,0.9814949454167878
2021-09-03 14:30:00,0.9814949454167878
2021-09-03 15:30:00,0.9814949454167878
2021-09-03 16:30:00,0.9814949454167878
2021-09-03 17:30:00,0.9814949454167878
2021-09-03 18:30:00,0.9814949454167878
2021-09-03 19:30:00,0.9811133130097823
2021-09-07 13:30:00,0.9811133130097823
2021-09-07 14:30:00,0.9811133130097823
2021-09-07 15:30:00,0.9811133130097823
2021-09-07 16:30:00,0.9811133130097823
2021-09-07 17:30:00,0.9811133130097823
2021-09-07 18:30:00,0.9811133130097823
2021-09-07 19:30:00,0.9703435453259682
2021-09-08 13:30:00,0.9703435453259682
2021-09-08 14:30:00,0.9703435453259682
2021-09-08 15:30:00,0.9703435453259682
2021-09-08 16:30:00,0.9703435453259682
2021-09-08 17:30:00,0.9703435453259682
2021-09-08 18:30:00,0.9703435453259682
2021-09-08 19:30:00,0.9703435453259682
2021-09-09 13:30:00,0.9703435453259682
2021-09-09 14:30:00,0.9703435453259682
2021-09-09 15:30:00,0.9703435453259682
2021-09-09 16:30:00,0.9703435453259682
2021-09-09 17:30:00,0.9703435453259682
2021-09-09 18:30:00,0.9703435453259682
2021-09-09 19:30:00,0.9788117004548511
2021-09-10 13:30:00,0.9788117004548511
2021-09-10 14:30:00,0.9788117004548511
2021-09-10 15:30:00,0.9788117004548511
2021-09-10 16:30:00,0.9788117004548511
2021-09-10 17:30:00,0.9788117004548511
2021-09-10 18:30:00,0.9788117004548511
2021-09-10 19:30:00,0.9788117004548511
2021-09-13 13:30:00,0.9788117004548511
2021-09-13 14:30:00,0.9788117004548511
2021-09-13 15:30:00,0.9788117004548511
2021-09-13 16:30:00,0.9788117004548511
2021-09-13 17:30:00,0.9788117004548511
2021-09-13 18:30:00,0.9788117004548511
2021-09-13 19:30:00,0.9788117004548511
2021-09-14 13:30:00,0.9788117004548511
2021-09-14 14:30:00,0.9788117004548511
2021-09-14 15:30:00,0.9788117004548511
2021-09-14 16:30:00,0.9788117004548511
2021-09-14 17:30:00,0.9788117004548511
2021-09-14 18:30:00,0.9788117004548511
2021-09-14 19:30:00,0.9788117004548511
2021-09-15 13:30:00,0.9788117004548511
2021-09-15 14:30:00,0.9788117004548511
2021-09-15 15:30:00,0.9788117004548511
2021-09-15 16:30:00,0.9788117004548511
2021-09-15 17:30:00,0.9788117004548511
2021-09-15 18:30:00,0.9788117004548511
2021-09-15 19:30:00,0.9788117004548511
2021-09-16 13:30:00,0.9788117004548511
2021-09-16 14:30:00,0.9788117004548511
2021-09-16 15:30:00,0.9788117004548511
2021-09-16 16:30:00,0.9788117004548511
2021-09-16 17:30:00,0.9788117004548511
2021-09-16 18:30:00,0.9788117004548511
2021-09-16 19:30:00,0.9788117004548511
2021-09-17 13:30:00,0.9788117004548511
2021-09-17 14:30:00,0.9788117004548511
2021-09-17 15:30:00,0.9788117004548511
2021-09-17 16:30:00,0.9788117004548511
2021-09-17 17:30:00,0.9788117004548511
2021-09-17 18:30:00,0.9788117004548511
2021-09-17 19:30:00,0.9788117004548511
2021-09-20 13:30:00,0.9788117004548511
2021-09-20 14:30:00,0.9788117004548511
2021-09-20 15:30:00,0.9788117004548511
2021-09-20 16:30:00,0.9788117004548511
2021-09-20 17:30:00,0.9788117004548511
2021-09-20 18:30:00,0.9788117004548511
2021-09-20 19:30:00,0.9743006882681695
2021-09-21 13:30:00,0.9743006882681695
2021-09-21 14:30:00,0.9743006882681695
2021-09-21 15:30:00,0.9743006882681695
2021-09-21 16:30:00,0.9743006882681695
2021-09-21 17:30:00,0.9743006882681695
2021-09-21 18:30:00,0.9743006882681695
2021-09-21 19:30:00,0.9743006882681695
2021-09-22 13:30:00,0.9743006882681695
2021-09-22 14:30:00,0.9743006882681695
2021-09-22 15:30:00,0.9743006882681695
2021-09-22 16:30:00,0.9743006882681695
2021-09-22 17:30:00,0.9743006882681695
2021-09-22 18:30:00,0.9743006882681695
2021-09-22 19:30:00,0.9743006882681695
2021-09-23 13:30:00,0.9743006882681695
2021-09-23 14:30:00,0.9743006882681695
2021-09-23 15:30:00,0.9743006882681695
2021-09-23 16:30:00,0.9743006882681695
2021-09-23 17:30:00,0.9743006882681695
2021-09-23 18:30:00,0.9743006882681695
2021-09-23 19:30:00,0.9742210844163648
2021-09-24 13:30:00,0.9742210844163648
2021-09-24 14:30:00,0.9742210844163648
2021-09-24 15:30:00,0.9742210844163648
2021-09-24 16:30:00,0.9742210844163648
2021-09-24 17:30:00,0.9742210844163648
2021-09-24 18:30:00,0.9742210844163648
2021-09-24 19:30:00,0.9742210844163648
2021-09-27 13:30:00,0.9742210844163648
2021-09-27 14:30:00,0.9742210844163648
2021-09-27 15:30:00,0.9742210844163648
2021-09-27 16:30:00,0.9742210844163648
2021-09-27 17:30:00,0.9742210844163648
2021-09-27 18:30:00,0.9742210844163648
2021-09-27 19:30:00,0.9742210844163648
2021-09-28 13:30:00,0.9742210844163648
2021-09-28 14:30:00,0.9742210844163648
2021-09-28 15:30:00,0.9742210844163648
2021-09-28 16:30:00,0.9742210844163648
2021-09-28 17:30:00,0.9742210844163648
2021-09-28 18:30:00,0.9742210844163648
2021-09-28 19:30:00,0.966174104056054
2021-09-29 13:30:00,0.966174104056054
2021-09-29 14:30:00,0.966174104056054
2021-09-29 15:30:00,0.966174104056054
2021-09-29 16:30:00,0.966174104056054
2021-09-29 17:30:00,0.966174104056054
2021-09-29 18:30:00,0.966174104056054
2021-09-29 19:30:00,0.966174104056054
2021-09-30 13:30:00,0.966174104056054
2021-09-30 14:30:00,0.966174104056054
2021-09-30 15:30:00,0.966174104056054
2021-09-30 16:30:00,0.966174104056054
2021-09-30 17:30:00,0.966174104056054
2021-09-30 18:30:00,0.966174104056054
2021-09-30 19:30:00,0.966174104056054
2021-10-01 13:30:00,0.966174104056054
2021-10-01 14:30:00,0.966174104056054
2021-10-01 15:30:00,0.966174104056054
2021-10-01 16:30:00,0.966174104056054
2021-10-01 17:30:00,0.966174104056054
2021-10-01 18:30:00,0.966174104056054
2021-10-01 19:30:00,0.966174104056054
2021-10-04 13:30:00,0.966174104056054
2021-10-04 14:30:00,0.966174104056054
2021-10-04 15:30:00,0.966174104056054
2021-10-04 16:30:00,0.966174104056054
2021-10-04 17:30:00,0.966174104056054
2021-10-04 18:30:00,0.966174104056054
2021-10-04 19:30:00,0.966174104056054
2021-10-05 13:30:00,0.966174104056054
2021-10-05 14:30:00,0.966174104056054
2021-10-05 15:30:00,0.966174104056054
2021-10-05 16:30:00,0.966174104056054
2021-10-05 17:30:00,0.966174104056054
2021-10-05 18:30:00,0.966174104056054
2021-10-05 19:30:00,0.966174104056054
2021-10-06 13:30:00,0.966174104056054
2021-10-06 14:30:00,0.966174104056054
2021-10-06 15:30:00,0.966174104056054
2021-10-06 16:30:00,0.966174104056054
2021-10-06 17:30:00,0.966174104056054
2021-10-06 18:30:00,0.966174104056054
2021-10-06 19:30:00,0.966174104056054
2021-10-07 13:30:00,0.966174104056054
2021-10-07 14:30:00,0.966174104056054
2021-10-07 15:30:00,0.966174104056054
2021-10-07 16:30:00,0.966174104056054
2021-10-07 17:30:00,0.966174104056054
2021-10-07 18:30:00,0.966174104056054
2021-10-07 19:30:00,0.964488289385381
2021-10-08 13:30:00,0.964488289385381
2021-10-08 14:30:00,0.964488289385381
2021-10-08 15:30:00,0.964488289385381
2021-10-08 16:30:00,0.964488289385381
2021-10-08 17:30:00,0.964488289385381
2021-10-08 18:30:00,0.964488289385381
2021-10-08 19:30:00,0.9718732582379759
2021-10-11 13:30:00,0.9718732582379759
2021-10-11 14:30:00,0.9718732582379759
2021-10-11 15:30:00,0.9718732582379759
2021-10-11 16:30:00,0.9718732582379759
2021-10-11 17:30:00,0.9718732582379759
2021-10-11 18:30:00,0.9718732582379759
2021-10-11 19:30:00,0.9758913530182766
2021-10-12 13:30:00,0.9758913530182766
2021-10-12 14:30:00,0.9758913530182766
2021-10-12 15:30:00,0.9758913530182766
2021-10-12 16:30:00,0.9758913530182766
2021-10-12 17:30:00,0.9758913530182766
2021-10-12 18:30:00,0.9758913530182766
2021-10-12 19:30:00,0.9758913530182766
2021-10-13 13:30:00,0.9758913530182766
2021-10-13 14:30:00,0.9758913530182766
2021-10-13 15:30:00,0.9758913530182766
2021-10-13 16:30:00,0.9758913530182766
2021-10-13 17:30:00,0.9758913530182766
2021-10-13 18:30:00,0.9758913530182766
2021-10-13 19:30:00,0.9758913530182766
2021-10-14 13:30:00,0.9758913530182766
2021-10-14 14:30:00,0.9758913530182766
2021-10-14 15:30:00,0.9758913530182766
2021-10-14 16:30:00,0.9758913530182766
2021-10-14 17:30:00,0.9758913530182766
2021-10-14 18:30:00,0.9758913530182766
2021-10-14 19:30:00,0.9649929399009323
2021-10-15 13:30:00,0.9649929399009323
2021-10-15 14:30:00,0.9649929399009323
2021-10-15 15:30:00,0.9649929399009323
2021-10-15 16:30:00,0.9649929399009323
2021-10-15 17:30:00,0.9649929399009323
2021-10-15 18:30:00,0.9649929399009323
2021-10-15 19:30:00,0.9649929399009323
2021-10-18 13:30:00,0.9649929399009323
2021-10-18 14:30:00,0.9649929399009323
2021-10-18 15:30:00,0.9649929399009323
2021-10-18 16:30:00,0.9649929399009323
2021-10-18 17:30:00,0.9649929399009323
2021-10-18 18:30:00,0.9649929399009323
2021-10-18 19:30:00,0.9649929399009323
2021-10-19 13:30:00,0.9649929399009323
2021-10-19 14:30:00,0.9649929399009323
2021-10-19 15:30:00,0.9649929399009323
2021-10-19 16:30:00,0.9649929399009323
2021-10-19 17:30:00,0.9649929399009323
2021-10-19 18:30:00,0.9649929399009323
2021-10-19 19:30:00,0.9649929399009323
2021-10-20 13:30:00,0.9649929399009323
2021-10-20 14:30:00,0.9649929399009323
2021-10-20 15:30:00,0.9649929399009323
2021-10-20 16:30:00,0.9649929399009323
2021-10-20 17:30:00,0.9649929399009323
2021-10-20 18:30:00,0.9649929399009323
2021-10-20 19:30:00,0.9649929399009323
2021-10-21 13:30:00,0.9649929399009323
2021-10-21 14:30:00,0.9649929399009323
2021-10-21 15:30:00,0.9649929399009323
2021-10-21 16:30:00,0.9649929399009323
2021-10-21 17:30:00,0.9649929399009323
2021-10-21 18:30:00,0.9649929399009323
2021-10-21 19:30:00,0.9649929399009323
2021-10-22 13:30:00,0.9649929399009323
2021-10-22 14:30:00,0.9649929399009323
2021-10-22 15:30:00,0.9649929399009323
2021-10-22 16:30:00,0.9649929399009323
2021-10-22 17:30:00,0.9649929399009323
2021-10-22 18:30:00,0.9649929399009323
2021-10-22 19:30:00,0.9649929399009323
2021-10-25 13:30:00,0.9649929399009323
2021-10-25 14:30:00,0.9649929399009323
2021-10-25 15:30:00,0.9649929399009323
2021-10-25 16:30:00,0.9649929399009323
2021-10-25 17:30:00,0.9649929399009323
2021-10-25 18:30:00,0.9649929399009323
2021-10-25 19:30:00,0.9649929399009323
2021-10-26 13:30:00,0.9649929399009323
2021-10-26 14:30:00,0.9649929399009323
2021-10-26 15:30:00,0.9649929399009323
2021-10-26 16:30:00,0.9649929399009323
2021-10-26 17:30:00,0.9649929399009323
2021-10-26 18:30:00,0.9649929399009323
2021-10-26 19:30:00,0.9651221269326544
2021-10-27 13:30:00,0.9651221269326544
2021-10-27 14:30:00,0.9651221269326544
2021-10-27 15:30:00,0.9651221269326544
2021-10-27 16:30:00,0.9651221269326544
2021-10-27 17:30:00,0.9651221269326544
2021-10-27 18:30:00,0.9651221269326544
2021-10-27 19:30:00,0.9651221269326544
2021-10-28 13:30:00,0.9651221269326544
2021-10-28 14:30:00,0.9651221269326544
2021-10-28 15:30:00,0.9651221269326544
2021-10-28 16:30:00,0.9651221269326544
2021-10-28 17:30:00,0.9651221269326544
2021-10-28 18:30:00,0.9651221269326544
2021-10-28 19:30:00,0.9651221269326544
2021-10-29 13:30:00,0.9651221269326544
2021-10-29 14:30:00,0.9651221269326544
2021-10-29 15:30:00,0.9651221269326544
2021-10-29 16:30:00,0.9651221269326544
2021-10-29 17:30:00,0.9651221269326544
2021-10-29 18:30:00,0.9651221269326544
2021-10-29 19:30:00,0.9736359988941479
2021-11-01 13:30:00,0.9736359988941479
2021-11-01 14:30:00,0.9736359988941479
2021-11-01 15:30:00,0.9736359988941479
2021-11-01 16:30:00,0.9736359988941479
2021-11-01 17:30:00,0.9736359988941479
2021-11-01 18:30:00,0.9736359988941479
2021-11-01 19:30:00,0.9736359988941479
2021-11-02 13:30:00,0.9736359988941479
2021-11-02 14:30:00,0.9736359988941479
2021-11-02 15:30:00,0.9736359988941479
2021-11-02 16:30:00,0.9736359988941479
2021-11-02 17:30:00,0.9736359988941479
2021-11-02 18:30:00,0.9736359988941479
2021-11-02 19:30:00,0.9736359988941479
2021-11-03 13:30:00,0.9736359988941479
2021-11-03 14:30:00,0.9736359988941479
2021-11-03 15:30:00,0.9736359988941479
2021-11-03 16:30:00,0.9736359988941479
2021-11-03 17:30:00,0.9736359988941479
2021-11-03 18:30:00,0.9736359988941479
2021-11-03 19:30:00,0.9736359988941479
2021-11-04 13:30:00,0.9736359988941479
2021-11-04 14:30:00,0.9736359988941479
2021-11-04 15:30:00,0.9736359988941479
2021-11-04 16:30:00,0.9736359988941479
2021-11-04 17:30:00,0.9736359988941479
2021-11-04 18:30:00,0.9736359988941479
2021-11-04 19:30:00,0.9736359988941479
2021-11-05 13:30:00,0.9736359988941479
2021-11-05 14:30:00,0.9736359988941479
2021-11-05 15:30:00,0.9736359988941479
2021-11-05 16:30:00,0.9736359988941479
2021-11-05 17:30:00,0.9736359988941479
2021-11-05 18:30:00,0.9736359988941479
2021-11-05 19:30:00,0.9758891253205013
2021-11-08 14:30:00,0.9758891253205013
2021-11-08 15:30:00,0.9758891253205013
2021-11-08 16:30:00,0.9758891253205013
2021-11-08 17:30:00,0.9758891253205013
2021-11-08 18:30:00,0.9758891253205013
2021-11-08 19:30:00,0.9758891253205013
2021-11-08 20:30:00,0.9758891253205013
2021-11-09 14:30:00,0.9758891253205013
2021-11-09 15:30:00,0.9758891253205013
2021-11-09 16:30:00,0.9758891253205013
2021-11-09 17:30:00,0.9758891253205013
2021-11-09 18:30:00,0.9758891253205013
2021-11-09 19:30:00,0.9758891253205013
2021-11-09 20:30:00,0.9758891253205013
2021-11-10 14:30:00,0.9758891253205013
2021-11-10 15:30:00,0.9758891253205013
2021-11-10 16:30:00,0.9758891253205013
2021-11-10 17:30:00,0.9758891253205013
2021-11-10 18:30:00,0.9758891253205013
2021-11-10 19:30:00,0.9758891253205013
2021-11-10 20:30:00,0.9758891253205013
2021-11-11 14:30:00,0.9758891253205013
2021-11-11 15:30:00,0.9758891253205013
2021-11-11 16:30:00,0.9758891253205013
2021-11-11 17:30:00,0.9758891253205013
2021-11-11 18:30:00,0.9758891253205013
2021-11-11 19:30:00,0.9758891253205013
2021-11-11 20:30:00,0.9758891253205013
2021-11-12 14:30:00,0.9758891253205013
2021-11-12 15:30:00,0.9758891253205013
2021-11-12 16:30:00,0.9758891253205013
2021-11-12 17:30:00,0.9758891253205013
2021-11-12 18:30:00,0.9758891253205013
2021-11-12 19:30:00,0.9758891253205013
2021-11-12 20:30:00,0.9758891253205013
2021-11-15 14:30:00,0.9758891253205013
2021-11-15 15:30:00,0.9758891253205013
2021-11-15 16:30:00,0.9758891253205013
2021-11-15 17:30:00,0.9758891253205013
2021-11-15 18:30:00,0.9758891253205013
2021-11-15 19:30:00,0.9758891253205013
2021-11-15 20:30:00,0.9758891253205013
2021-11-16 14:30:00,0.9758891253205013
2021-11-16 15:30:00,0.9758891253205013
2021-11-16 16:30:00,0.9758891253205013
2021-11-16 17:30:00,0.9758891253205013
2021-11-16 18:30:00,0.9758891253205013
2021-11-16 19:30:00,0.9758891253205013
2021-11-16 20:30:00,0.9758891253205013
2021-11-17 14:30:00,0.9758891253205013
2021-11-17 15:30:00,0.9758891253205013
2021-11-17 16:30:00,0.9758891253205013
2021-11-17 17:30:00,0.9758891253205013
2021-11-17 18:30:00,0.9758891253205013
2021-11-17 19:30:00,0.9758891253205013
2021-11-17 20:30:00,0.9758891253205013
2021-11-18 14:30:00,0.9758891253205013
2021-11-18 15:30:00,0.9758891253205013
2021-11-18 16:30:00,0.9758891253205013
2021-11-18 17:30:00,0.9758891253205013
2021-11-18 18:30:00,0.9758891253205013
2021-11-18 19:30:00,0.9758891253205013
2021-11-18 20:30:00,0.9758891253205013
2021-11-19 14:30:00,0.9758891253205013
2021-11-19 15:30:00,0.9758891253205013
2021-11-19 16:30:00,0.9758891253205013
2021-11-19 17:30:00,0.9758891253205013
2021-11-19 18:30:00,0.9758891253205013
2021-11-19 19:30:00,0.9758891253205013
2021-11-19 20:30:00,0.9758891253205013
2021-11-22 14:30:00,0.9758891253205013
2021-11-22 15:30:00,0.9758891253205013
2021-11-22 16:30:00,0.9758891253205013
2021-11-22 17:30:00,0.9758891253205013
2021-11-22 18:30:00,0.9758891253205013
2021-11-22 19:30:00,0.9758891253205013
2021-11-22 20:30:00,0.9798270936061874
2021-11-23 14:30:00,0.9798270936061874
2021-11-23 15:30:00,0.9798270936061874
2021-11-23 16:30:00,0.9798270936061874
2021-11-23 17:30:00,0.9798270936061874
2021-11-23 18:30:00,0.9798270936061874
2021-11-23 19:30:00,0.9798270936061874
2021-11-23 20:30:00,0.9798270936061874
2021-11-24 14:30:00,0.9798270936061874
2021-11-24 15:30:00,0.9798270936061874
2021-11-24 16:30:00,0.9798270936061874
2021-11-24 17:30:00,0.9798270936061874
2021-11-24 18:30:00,0.9798270936061874
2021-11-24 19:30:00,0.9798270936061874
2021-11-24 20:30:00,0.9798270936061874
2021-11-26 14:30:00,0.9798270936061874
2021-11-26 15:30:00,0.9798270936061874
2021-11-26 16:30:00,0.9798270936061874
2021-11-26 17:30:00,0.9798270936061874
2021-11-26 18:30:00,0.9798270936061874
2021-11-26 19:30:00,0.9798270936061874
2021-11-26 20:30:00,0.9798270936061874
2021-11-29 14:30:00,0.9798270936061874
2021-11-29 15:30:00,0.9798270936061874
2021-11-29 16:30:00,0.9798270936061874
2021-11-29 17:30:00,0.9798270936061874
2021-11-29 18:30:00,0.9798270936061874
2021-11-29 19:30:00,0.9798270936061874
2021-11-29 20:30:00,0.9798270936061874
2021-11-30 14:30:00,0.9798270936061874
2021-11-30 15:30:00,0.9798270936061874
2021-11-30 16:30:00,0.9798270936061874
2021-11-30 17:30:00,0.9798270936061874
2021-11-30 18:30:00,0.9798270936061874
2021-11-30 19:30:00,0.9798270936061874
2021-11-30 20:30:00,0.9798270936061874
2021-12-01 14:30:00,0.9798270936061874
2021-12-01 15:30:00,0.9798270936061874
2021-12-01 16:30:00,0.9798270936061874
2021-12-01 17:30:00,0.9798270936061874
2021-12-01 18:30:00,0.9798270936061874
2021-12-01 19:30:00,0.9798270936061874
2021-12-01 20:30:00,0.9961307690569736
2021-12-02 14:30:00,0.9961307690569736
2021-12-02 15:30:00,0.9961307690569736
2021-12-02 16:30:00,0.9961307690569736
2021-12-02 17:30:00,0.9961307690569736
2021-12-02 18:30:00,0.9961307690569736
2021-12-02 19:30:00,0.9961307690569736
2021-12-02 20:30:00,1.0287148864162188
2021-12-03 14:30:00,1.0287148864162188
2021-12-03 15:30:00,1.0287148864162188
2021-12-03 16:30:00,1.0287148864162188
2021-12-03 17:30:00,1.0287148864162188
2021-12-03 18:30:00,1.0287148864162188
2021-12-03 19:30:00,1.0287148864162188
2021-12-03 20:30:00,1.0287148864162188
2021-12-06 14:30:00,1.0287148864162188
2021-12-06 15:30:00,1.0287148864162188
2021-12-06 16:30:00,1.0287148864162188
2021-12-06 17:30:00,1.0287148864162188
2021-12-06 18:30:00,1.0287148864162188
2021-12-06 19:30:00,1.0287148864162188
2021-12-06 20:30:00,1.0287148864162188
2021-12-07 14:30:00,1.0287148864162188
2021-12-07 15:30:00,1.0287148864162188
2021-12-07 16:30:00,1.0287148864162188
2021-12-07 17:30:00,1.0287148864162188
2021-12-07 18:30:00,1.0287148864162188
2021-12-07 19:30:00,1.0287148864162188
2021-12-07 20:30:00,1.015436047251799
2021-12-08 14:30:00,1.015436047251799
2021-12-08 15:30:00,1.015436047251799
2021-12-08 16:30:00,1.015436047251799
2021-12-08 17:30:00,1.015436047251799
2021-12-08 18:30:00,1.015436047251799
2021-12-08 19:30:00,1.015436047251799
2021-12-08 20:30:00,0.9983487426653804
2021-12-09 14:30:00,0.9983487426653804
2021-12-09 15:30:00,0.9983487426653804
2021-12-09 16:30:00,0.9983487426653804
2021-12-09 17:30:00,0.9983487426653804
2021-12-09 18:30:00,0.9983487426653804
2021-12-09 19:30:00,0.9983487426653804
2021-12-09 20:30:00,0.9983487426653804
2021-12-10 14:30:00,0.9983487426653804
2021-12-10 15:30:00,0.9983487426653804
2021-12-10 16:30:00,0.9983487426653804
2021-12-10 17:30:00,0.9983487426653804
2021-12-10 18:30:00,0.9983487426653804
2021-12-10 19:30:00,0.9983487426653804
2021-12-10 20:30:00,0.9983487426653804
2021-12-13 14:30:00,0.9983487426653804
2021-12-13 15:30:00,0.9983487426653804
2021-12-13 16:30:00,0.9983487426653804
2021-12-13 17:30:00,0.9983487426653804
2021-12-13 18:30:00,0.9983487426653804
2021-12-13 19:30:00,0.9983487426653804
2021-12-13 20:30:00,1.0288369651747395
2021-12-14 14:30:00,1.0288369651747395
2021-12-14 15:30:00,1.0288369651747395
2021-12-14 16:30:00,1.0288369651747395
2021-12-14 17:30:00,1.0288369651747395
2021-12-14 18:30:00,1.0288369651747395
2021-12-14 19:30:00,1.0288369651747395
2021-12-14 20:30:00,1.0288369651747395
2021-12-15 14:30:00,1.0288369651747395
2021-12-15 15:30:00,1.0288369651747395
2021-12-15 16:30:00,1.0288369651747395
2021-12-15 17:30:00,1.0288369651747395
2021-12-15 18:30:00,1.0288369651747395
2021-12-15 19:30:00,1.0288369651747395
2021-12-15 20:30:00,1.0288369651747395
2021-12-16 14:30:00,1.0288369651747395
2021-12-16 15:30:00,1.0288369651747395
2021-12-16 16:30:00,1.0288369651747395
2021-12-16 17:30:00,1.0288369651747395
2021-12-16 18:30:00,1.0288369651747395
2021-12-16 19:30:00,1.0288369651747395
2021-12-16 20:30:00,1.0288369651747395
2021-12-17 14:30:00,1.0288369651747395
2021-12-17 15:30:00,1.0288369651747395
2021-12-17 16:30:00,1.0288369651747395
2021-12-17 17:30:00,1.0288369651747395
2021-12-17 18:30:00,1.0288369651747395
2021-12-17 19:30:00,1.0288369651747395
2021-12-17 20:30:00,1.0344676879564108
2021-12-20 14:30:00,1.0344676879564108
2021-12-20 15:30:00,1.0344676879564108
2021-12-20 16:30:00,1.0344676879564108
2021-12-20 17:30:00,1.0344676879564108
2021-12-20 18:30:00,1.0344676879564108
2021-12-20 19:30:00,1.0344676879564108
2021-12-20 20:30:00,1.0453282596838618
2021-12-21 14:30:00,1.0453282596838618
2021-12-21 15:30:00,1.0453282596838618
2021-12-21 16:30:00,1.0453282596838618
2021-12-21 17:30:00,1.0453282596838618
2021-12-21 18:30:00,1.0453282596838618
2021-12-21 19:30:00,1.0453282596838618
2021-12-21 20:30:00,1.0453282596838618
2021-12-22 14:30:00,1.0453282596838618
2021-12-22 15:30:00,1.0453282596838618
2021-12-22 16:30:00,1.0453282596838618
2021-12-22 17:30:00,1.0453282596838618
2021-12-22 18:30:00,1.0453282596838618
2021-12-22 19:30:00,1.0453282596838618
2021-12-22 20:30:00,1.0453282596838618
2021-12-23 14:30:00,1.0453282596838618
2021-12-23 15:30:00,1.0453282596838618
2021-12-23 16:30:00,1.0453282596838618
2021-12-23 17:30:00,1.0453282596838618
2021-12-23 18:30:00,1.0453282596838618
2021-12-23 19:30:00,1.0453282596838618
2021-12-23 20:30:00,1.0435789300003655
2021-12-27 14:30:00,1.0435789300003655
2021-12-27 15:30:00,1.0435789300003655
2021-12-27 16:30:00,1.0435789300003655
2021-12-27 17:30:00,1.0435789300003655
2021-12-27 18:30:00,1.0435789300003655
2021-12-27 20:30:00,1.0246016117634014
2021-12-28 14:30:00,1.0246016117634014
2021-12-28 15:30:00,1.0246016117634014
2021-12-28 16:30:00,1.0246016117634014
2021-12-28 17:30:00,1.0246016117634014
2021-12-28 18:30:00,1.0246016117634014
2021-12-28 19:30:00,1.0246016117634014
2021-12-28 20:30:00,1.0246016117634014
2021-12-29 14:30:00,1.0246016117634014
2021-12-29 15:30:00,1.0246016117634014
2021-12-29 16:30:00,1.0246016117634014
2021-12-29 17:30:00,1.0246016117634014
2021-12-29 18:30:00,1.0246016117634014
2021-12-29 19:30:00,1.0246016117634014
2021-12-29 20:30:00,1.0246016117634014
2021-12-30 14:30:00,1.0246016117634014
2021-12-30 15:30:00,1.0246016117634014
2021-12-30 16:30:00,1.0246016117634014
2021-12-30 17:30:00,1.0246016117634014
2021-12-30 18:30:00,1.0246016117634014
2021-12-30 19:30:00,1.0246016117634014
2021-12-30 20:30:00,1.0246016117634014
2021-12-31 14:30:00,1.0246016117634014
2021-12-31 15:30:00,1.0246016117634014
2021-12-31 16:30:00,1.0246016117634014
2021-12-31 17:30:00,1.0246016117634014
2021-12-31 18:30:00,1.0246016117634014
2021-12-31 19:30:00,1.0246016117634014
2021-12-31 20:30:00,1.0246016117634014
2022-01-03 14:30:00,1.0246016117634014
2022-01-03 15:30:00,1.0246016117634014
2022-01-03 16:30:00,1.0246016117634014
2022-01-03 17:30:00,1.0246016117634014
2022-01-03 18:30:00,1.0246016117634014
2022-01-03 19:30:00,1.0246016117634014
2022-01-03 20:30:00,1.0246016117634014
2022-01-04 14:30:00,1.0246016117634014
2022-01-04 15:30:00,1.0246016117634014
2022-01-04 16:30:00,1.0246016117634014
2022-01-04 17:30:00,1.0246016117634014
2022-01-04 18:30:00,1.0246016117634014
2022-01-04 19:30:00,1.0246016117634014
2022-01-04 20:30:00,1.0415395322072247
2022-01-05 14:30:00,1.0415395322072247
2022-01-05 15:30:00,1.0415395322072247
2022-01-05 16:30:00,1.0415395322072247
2022-01-05 17:30:00,1.0415395322072247
2022-01-05 18:30:00,1.0415395322072247
2022-01-05 19:30:00,1.0415395322072247
2022-01-05 20:30:00,1.0415395322072247
2022-01-06 14:30:00,1.0415395322072247
2022-01-06 15:30:00,1.0415395322072247
2022-01-06 16:30:00,1.0415395322072247
2022-01-06 17:30:00,1.0415395322072247
2022-01-06 18:30:00,1.0415395322072247
2022-01-06 19:30:00,1.0415395322072247
2022-01-06 20:30:00,1.0351818386916871
2022-01-07 14:30:00,1.0351818386916871
2022-01-07 15:30:00,1.0351818386916871
2022-01-07 16:30:00,1.0351818386916871
2022-01-07 17:30:00,1.0351818386916871
2022-01-07 18:30:00,1.0351818386916871
2022-01-07 19:30:00,1.0351818386916871
2022-01-07 20:30:00,1.0351818386916871
2022-01-10 14:30:00,1.0351818386916871
2022-01-10 15:30:00,1.0351818386916871
2022-01-10 16:30:00,1.0351818386916871
2022-01-10 17:30:00,1.0351818386916871
2022-01-10 18:30:00,1.0351818386916871
2022-01-10 19:30:00,1.0351818386916871
2022-01-10 20:30:00,1.0351818386916871
2022-01-11 14:30:00,1.0351818386916871
2022-01-11 15:30:00,1.0351818386916871
2022-01-11 16:30:00,1.0351818386916871
2022-01-11 17:30:00,1.0351818386916871
2022-01-11 18:30:00,1.0351818386916871
2022-01-11 19:30:00,1.0351818386916871
2022-01-11 20:30:00,1.0351818386916871
2022-01-12 14:30:00,1.0351818386916871
2022-01-12 15:30:00,1.0351818386916871
2022-01-12 16:30:00,1.0351818386916871
2022-01-12 17:30:00,1.0351818386916871
2022-01-12 18:30:00,1.0351818386916871
2022-01-12 19:30:00,1.0351818386916871
2022-01-12 20:30:00,1.0380715960035936
2022-01-13 14:30:00,1.0380715960035936
2022-01-13 15:30:00,1.0380715960035936
2022-01-13 16:30:00,1.0380715960035936
2022-01-13 17:30:00,1.0380715960035936
2022-01-13 18:30:00,1.0380715960035936
2022-01-13 19:30:00,1.0380715960035936
2022-01-13 20:30:00,1.0380715960035936
2022-01-14 14:30:00,1.0380715960035936
2022-01-14 15:30:00,1.0380715960035936
2022-01-14 16:30:00,1.0380715960035936
2022-01-14 17:30:00,1.0380715960035936
2022-01-14 18:30:00,1.0380715960035936
2022-01-14 19:30:00,1.0380715960035936
2022-01-14 20:30:00,1.0485529444441337
2022-01-18 14:30:00,1.0485529444441337
2022-01-18 15:30:00,1.0485529444441337
2022-01-18 16:30:00,1.0485529444441337
2022-01-18 17:30:00,1.0485529444441337
2022-01-18 18:30:00,1.0485529444441337
2022-01-18 19:30:00,1.0485529444441337
2022-01-18 20:30:00,1.0384030332434364
2022-01-19 14:30:00,1.0384030332434364
2022-01-19 15:30:00,1.0384030332434364
2022-01-19 16:30:00,1.0384030332434364
2022-01-19 17:30:00,1.0384030332434364
2022-01-19 18:30:00,1.0384030332434364
2022-01-19 19:30:00,1.0384030332434364
2022-01-19 20:30:00,1.0384030332434364
2022-01-20 14:30:00,1.0384030332434364
2022-01-20 15:30:00,1.0384030332434364
2022-01-20 16:30:00,1.0384030332434364
2022-01-20 17:30:00,1.0384030332434364
2022-01-20 18:30:00,1.0384030332434364
2022-01-20 19:30:00,1.0384030332434364
2022-01-20 20:30:00,1.0384030332434364
2022-01-21 14:30:00,1.0384030332434364
2022-01-21 15:30:00,1.0384030332434364
2022-01-21 16:30:00,1.0384030332434364
2022-01-21 17:30:00,1.0384030332434364
2022-01-21 18:30:00,1.0384030332434364
2022-01-21 19:30:00,1.0384030332434364
2022-01-21 20:30:00,1.0384030332434364
2022-01-24 14:30:00,1.0384030332434364
2022-01-24 15:30:00,1.0384030332434364
2022-01-24 16:30:00,1.0384030332434364
2022-01-24 17:30:00,1.0384030332434364
2022-01-24 18:30:00,1.0384030332434364
2022-01-24 19:30:00,1.0384030332434364
2022-01-24 20:30:00,1.051241300606752
2022-01-25 14:30:00,1.051241300606752
2022-01-25 15:30:00,1.051241300606752
2022-01-25 16:30:00,1.051241300606752
2022-01-25 17:30:00,1.051241300606752
2022-01-25 18:30:00,1.051241300606752
2022-01-25 19:30:00,1.051241300606752
2022-01-25 20:30:00,1.051241300606752
2022-01-26 14:30:00,1.051241300606752
2022-01-26 15:30:00,1.051241300606752
2022-01-26 16:30:00,1.051241300606752
2022-01-26 17:30:00,1.051241300606752
2022-01-26 18:30:00,1.051241300606752
2022-01-26 19:30:00,1.051241300606752
2022-01-26 20:30:00,1.051241300606752
2022-01-27 14:30:00,1.051241300606752
2022-01-27 15:30:00,1.051241300606752
2022-01-27 16:30:00,1.051241300606752
2022-01-27 17:30:00,1.051241300606752
2022-01-27 18:30:00,1.051241300606752
2022-01-27 19:30:00,1.051241300606752
2022-01-27 20:30:00,1.051241300606752
2022-01-28 14:30:00,1.051241300606752
2022-01-28 15:30:00,1.051241300606752
2022-01-28 16:30:00,1.051241300606752
2022-01-28 17:30:00,1.051241300606752
2022-01-28 18:30:00,1.051241300606752
2022-01-28 19:30:00,1.051241300606752
2022-01-28 20:30:00,1.051241300606752
2022-01-31 14:30:00,1.051241300606752
2022-01-31 15:30:00,1.051241300606752
2022-01-31 16:30:00,1.051241300606752
2022-01-31 17:30:00,1.051241300606752
2022-01-31 18:30:00,1.051241300606752
2022-01-31 19:30:00,1.051241300606752
2022-01-31 20:30:00,1.051241300606752
2022-02-01 14:30:00,1.051241300606752
2022-02-01 15:30:00,1.051241300606752
2022-02-01 16:30:00,1.051241300606752
2022-02-01 17:30:00,1.051241300606752
2022-02-01 18:30:00,1.051241300606752
2022-02-01 19:30:00,1.051241300606752
2022-02-01 20:30:00,1.051241300606752
2022-02-02 14:30:00,1.051241300606752
2022-02-02 15:30:00,1.051241300606752
2022-02-02 16:30:00,1.051241300606752
2022-02-02 17:30:00,1.051241300606752
2022-02-02 18:30:00,1.051241300606752
2022-02-02 19:30:00,1.051241300606752
2022-02-02 20:30:00,1.051241300606752
2022-02-03 14:30:00,1.051241300606752
2022-02-03 15:30:00,1.051241300606752
2022-02-03 16:30:00,1.051241300606752
2022-02-03 17:30:00,1.051241300606752
2022-02-03 18:30:00,1.051241300606752
2022-02-03 19:30:00,1.051241300606752
2022-02-03 20:30:00,1.051241300606752
2022-02-04 14:30:00,1.051241300606752
2022-02-04 15:30:00,1.051241300606752
2022-02-04 16:30:00,1.051241300606752
2022-02-04 17:30:00,1.051241300606752
2022-02-04 18:30:00,1.051241300606752
2022-02-04 19:30:00,1.051241300606752
2022-02-04 20:30:00,1.051241300606752
2022-02-07 14:30:00,1.051241300606752
2022-02-07 15:30:00,1.051241300606752
2022-02-07 16:30:00,1.051241300606752
2022-02-07 17:30:00,1.051241300606752
2022-02-07 18:30:00,1.051241300606752
2022-02-07 19:30:00,1.051241300606752
2022-02-07 20:30:00,1.051241300606752
2022-02-08 14:30:00,1.051241300606752
2022-02-08 15:30:00,1.051241300606752
2022-02-08 16:30:00,1.051241300606752
2022-02-08 17:30:00,1.051241300606752
2022-02-08 18:30:00,1.051241300606752
2022-02-08 19:30:00,1.051241300606752
2022-02-08 20:30:00,1.051241300606752
2022-02-09 14:30:00,1.051241300606752
2022-02-09 15:30:00,1.051241300606752
2022-02-09 16:30:00,1.051241300606752
2022-02-09 17:30:00,1.051241300606752
2022-02-09 18:30:00,1.051241300606752
2022-02-09 19:30:00,1.051241300606752
2022-02-09 20:30:00,1.0498697014512066
2022-02-10 14:30:00,1.0498697014512066
2022-02-10 15:30:00,1.0498697014512066
2022-02-10 16:30:00,1.0498697014512066
2022-02-10 17:30:00,1.0498697014512066
2022-02-10 18:30:00,1.0498697014512066
2022-02-10 19:30:00,1.0498697014512066
2022-02-10 20:30:00,1.0498697014512066
2022-02-11 14:30:00,1.0498697014512066
2022-02-11 15:30:00,1.0498697014512066
2022-02-11 16:30:00,1.0498697014512066
2022-02-11 17:30:00,1.0498697014512066
2022-02-11 18:30:00,1.0498697014512066
2022-02-11 19:30:00,1.0498697014512066
2022-02-11 20:30:00,1.0498697014512066
2022-02-14 14:30:00,1.0498697014512066
2022-02-14 15:30:00,1.0498697014512066
2022-02-14 16:30:00,1.0498697014512066
2022-02-14 17:30:00,1.0498697014512066
2022-02-14 18:30:00,1.0498697014512066
2022-02-14 19:30:00,1.0498697014512066
2022-02-14 20:30:00,1.0609097365504125
2022-02-15 14:30:00,1.0609097365504125
2022-02-15 15:30:00,1.0609097365504125
2022-02-15 16:30:00,1.0609097365504125
2022-02-15 17:30:00,1.0609097365504125
2022-02-15 18:30:00,1.0609097365504125
2022-02-15 19:30:00,1.0609097365504125
2022-02-15 20:30:00,1.0609097365504125
2022-02-16 14:30:00,1.0609097365504125
2022-02-16 15:30:00,1.0609097365504125
2022-02-16 16:30:00,1.0609097365504125
2022-02-16 17:30:00,1.0609097365504125
2022-02-16 18:30:00,1.0609097365504125
2022-02-16 19:30:00,1.0609097365504125
2022-02-16 20:30:00,1.0609097365504125
2022-02-17 14:30:00,1.0609097365504125
2022-02-17 15:30:00,1.0609097365504125
2022-02-17 16:30:00,1.0609097365504125
2022-02-17 17:30:00,1.0609097365504125
2022-02-17 18:30:00,1.0609097365504125
2022-02-17 19:30:00,1.0609097365504125
2022-02-17 20:30:00,1.0609097365504125
2022-02-18 14:30:00,1.0609097365504125
2022-02-18 15:30:00,1.0609097365504125
2022-02-18 16:30:00,1.0609097365504125
2022-02-18 17:30:00,1.0609097365504125
2022-02-18 18:30:00,1.0609097365504125
2022-02-18 19:30:00,1.0609097365504125
2022-02-18 20:30:00,1.0609097365504125
2022-02-22 14:30:00,1.0609097365504125
2022-02-22 15:30:00,1.0609097365504125
2022-02-22 16:30:00,1.0609097365504125
2022-02-22 17:30:00,1.0609097365504125
2022-02-22 18:30:00,1.0609097365504125
2022-02-22 19:30:00,1.0609097365504125
2022-02-22 20:30:00,1.0567298885157554
2022-02-23 14:30:00,1.0567298885157554
2022-02-23 15:30:00,1.0567298885157554
2022-02-23 16:30:00,1.0567298885157554
2022-02-23 17:30:00,1.0567298885157554
2022-02-23 18:30:00,1.0567298885157554
2022-02-23 19:30:00,1.0567298885157554
2022-02-23 20:30:00,1.0567298885157554
2022-02-24 14:30:00,1.0567298885157554
2022-02-24 15:30:00,1.0567298885157554
2022-02-24 16:30:00,1.0567298885157554
2022-02-24 17:30:00,1.0567298885157554
2022-02-24 18:30:00,1.0567298885157554
2022-02-24 19:30:00,1.0567298885157554
2022-02-24 20:30:00,1.1273032111266845
2022-02-25 14:30:00,1.1273032111266845
2022-02-25 15:30:00,1.1273032111266845
2022-02-25 16:30:00,1.1273032111266845
2022-02-25 17:30:00,1.1273032111266845
2022-02-25 18:30:00,1.1273032111266845
2022-02-25 19:30:00,1.1273032111266845
2022-02-25 20:30:00,1.1202605574755624
2022-02-28 14:30:00,1.1202605574755624
2022-02-28 15:30:00,1.1202605574755624
2022-02-28 16:30:00,1.1202605574755624
2022-02-28 17:30:00,1.1202605574755624
2022-02-28 18:30:00,1.1202605574755624
2022-02-28 19:30:00,1.1202605574755624
2022-02-28 20:30:00,1.1202605574755624
2022-03-01 14:30:00,1.1202605574755624
2022-03-01 15:30:00,1.1202605574755624
2022-03-01 16:30:00,1.1202605574755624
2022-03-01 17:30:00,1.1202605574755624
2022-03-01 18:30:00,1.1202605574755624
2022-03-01 19:30:00,1.1202605574755624
2022-03-01 20:30:00,1.1202605574755624
2022-03-02 14:30:00,1.1202605574755624
2022-03-02 15:30:00,1.1202605574755624
2022-03-02 16:30:00,1.1202605574755624
2022-03-02 17:30:00,1.1202605574755624
2022-03-02 18:30:00,1.1202605574755624
2022-03-02 19:30:00,1.1202605574755624
2022-03-03 14:30:00,1.1202605574755624
2022-03-03 15:30:00,1.1202605574755624
2022-03-03 16:30:00,1.1202605574755624
2022-03-03 17:30:00,1.1202605574755624
2022-03-03 18:30:00,1.1202605574755624
2022-03-03 19:30:00,1.1202605574755624
2022-03-03 20:30:00,1.134554898242981
2022-03-04 14:30:00,1.134554898242981
2022-03-04 15:30:00,1.134554898242981
2022-03-04 16:30:00,1.134554898242981
2022-03-04 17:30:00,1.134554898242981
2022-03-04 18:30:00,1.134554898242981
2022-03-04 19:30:00,1.134554898242981
2022-03-04 20:30:00,1.1250427657399253
2022-03-07 14:30:00,1.1250427657399253
2022-03-07 15:30:00,1.1250427657399253
2022-03-07 16:30:00,1.1250427657399253
2022-03-07 17:30:00,1.1250427657399253
2022-03-07 18:30:00,1.1250427657399253
2022-03-07 19:30:00,1.1250427657399253
2022-03-07 20:30:00,1.1250427657399253
2022-03-08 14:30:00,1.1250427657399253
2022-03-08 15:30:00,1.1250427657399253
2022-03-08 16:30:00,1.1250427657399253
2022-03-08 17:30:00,1.1250427657399253
2022-03-08 18:30:00,1.1250427657399253
2022-03-08 19:30:00,1.1250427657399253
2022-03-08 20:30:00,1.1250427657399253
2022-03-09 14:30:00,1.1250427657399253
2022-03-09 15:30:00,1.1250427657399253
2022-03-09 16:30:00,1.1250427657399253
2022-03-09 17:30:00,1.1250427657399253
2022-03-09 18:30:00,1.1250427657399253
2022-03-09 19:30:00,1.1250427657399253
2022-03-09 20:30:00,1.1250427657399253
2022-03-10 14:30:00,1.1250427657399253
2022-03-10 15:30:00,1.1250427657399253
2022-03-10 16:30:00,1.1250427657399253
2022-03-10 17:30:00,1.1250427657399253
2022-03-10 18:30:00,1.1250427657399253
2022-03-10 19:30:00,1.1250427657399253
2022-03-10 20:30:00,1.1250427657399253
2022-03-11 14:30:00,1.1250427657399253
2022-03-11 15:30:00,1.1250427657399253
2022-03-11 16:30:00,1.1250427657399253
2022-03-11 17:30:00,1.1250427657399253
2022-03-11 18:30:00,1.1250427657399253
2022-03-11 19:30:00,1.1250427657399253
2022-03-11 20:30:00,1.1250427657399253
2022-03-14 13:30:00,1.1250427657399253
2022-03-14 14:30:00,1.1250427657399253
2022-03-14 15:30:00,1.1250427657399253
2022-03-14 16:30:00,1.1250427657399253
2022-03-14 17:30:00,1.1250427657399253
2022-03-14 18:30:00,1.1250427657399253
2022-03-14 19:30:00,1.1190256997759152
2022-03-15 13:30:00,1.1190256997759152
2022-03-15 14:30:00,1.1190256997759152
2022-03-15 15:30:00,1.1190256997759152
2022-03-15 16:30:00,1.1190256997759152
2022-03-15 17:30:00,1.1190256997759152
2022-03-15 18:30:00,1.1190256997759152
2022-03-15 19:30:00,1.1190256997759152
2022-03-16 13:30:00,1.1190256997759152
2022-03-16 14:30:00,1.1190256997759152
2022-03-16 15:30:00,1.1190256997759152
2022-03-16 16:30:00,1.1190256997759152
2022-03-16 17:30:00,1.1190256997759152
2022-03-16 18:30:00,1.1190256997759152
2022-03-16 19:30:00,1.1007671926955465
2022-03-17 13:30:00,1.1007671926955465
2022-03-17 14:30:00,1.1007671926955465
2022-03-17 15:30:00,1.1007671926955465
2022-03-17 16:30:00,1.1007671926955465
2022-03-17 17:30:00,1.1007671926955465
2022-03-17 18:30:00,1.1007671926955465
2022-03-17 19:30:00,1.1007671926955465
2022-03-18 13:30:00,1.1007671926955465
2022-03-18 14:30:00,1.1007671926955465
2022-03-18 15:30:00,1.1007671926955465
2022-03-18 16:30:00,1.1007671926955465
2022-03-18 17:30:00,1.1007671926955465
2022-03-21 13:30:00,1.1007671926955465
2022-03-21 14:30:00,1.1007671926955465
2022-03-21 15:30:00,1.1007671926955465
2022-03-21 16:30:00,1.1007671926955465
2022-03-21 17:30:00,1.1007671926955465
2022-03-21 18:30:00,1.1007671926955465
2022-03-21 19:30:00,1.1007671926955465
2022-03-22 13:30:00,1.1007671926955465
2022-03-22 14:30:00,1.1007671926955465
2022-03-22 15:30:00,1.1007671926955465
2022-03-22 16:30:00,1.1007671926955465
2022-03-22 17:30:00,1.1007671926955465
2022-03-22 18:30:00,1.1007671926955465
2022-03-22 19:30:00,1.1007671926955465
2022-03-23 13:30:00,1.1007671926955465
2022-03-23 14:30:00,1.1007671926955465
2022-03-23 15:30:00,1.1007671926955465
2022-03-23 16:30:00,1.1007671926955465
2022-03-23 17:30:00,1.1007671926955465
2022-03-23 18:30:00,1.1007671926955465
2022-03-23 19:30:00,1.1007671926955465
2022-03-24 13:30:00,1.1007671926955465
2022-03-24 14:30:00,1.1007671926955465
2022-03-24 15:30:00,1.1007671926955465
2022-03-24 16:30:00,1.1007671926955465
2022-03-24 17:30:00,1.1007671926955465
2022-03-24 18:30:00,1.1007671926955465
2022-03-24 19:30:00,1.1007671926955465
2022-03-25 13:30:00,1.1007671926955465
2022-03-25 14:30:00,1.1007671926955465
2022-03-25 15:30:00,1.1007671926955465
2022-03-25 16:30:00,1.1007671926955465
2022-03-25 17:30:00,1.1007671926955465
2022-03-25 18:30:00,1.1007671926955465
2022-03-25 19:30:00,1.1007671926955465
2022-03-28 13:30:00,1.1007671926955465
2022-03-28 14:30:00,1.1007671926955465
2022-03-28 15:30:00,1.1007671926955465
2022-03-28 16:30:00,1.1007671926955465
2022-03-28 17:30:00,1.1007671926955465
2022-03-28 18:30:00,1.1007671926955465
2022-03-28 19:30:00,1.1007671926955465
2022-03-29 13:30:00,1.1007671926955465
2022-03-29 14:30:00,1.1007671926955465
2022-03-29 15:30:00,1.1007671926955465
2022-03-29 16:30:00,1.1007671926955465
2022-03-29 17:30:00,1.1007671926955465
2022-03-29 18:30:00,1.1007671926955465
2022-03-29 19:30:00,1.0874219517619919
2022-03-30 13:30:00,1.0874219517619919
2022-03-30 14:30:00,1.0874219517619919
2022-03-30 15:30:00,1.0874219517619919
2022-03-30 16:30:00,1.0874219517619919
2022-03-30 17:30:00,1.0874219517619919
2022-03-30 18:30:00,1.0874219517619919
2022-03-30 19:30:00,1.0874219517619919
2022-03-31 13:30:00,1.0874219517619919
2022-03-31 14:30:00,1.0874219517619919
2022-03-31 15:30:00,1.0874219517619919
2022-03-31 16:30:00,1.0874219517619919
2022-03-31 17:30:00,1.0874219517619919
2022-03-31 18:30:00,1.0874219517619919
2022-03-31 19:30:00,1.0874219517619919
2022-04-01 13:30:00,1.0874219517619919
2022-04-01 14:30:00,1.0874219517619919
2022-04-01 15:30:00,1.0874219517619919
2022-04-01 16:30:00,1.0874219517619919
2022-04-01 17:30:00,1.0874219517619919
2022-04-01 18:30:00,1.0874219517619919
2022-04-01 19:30:00,1.0874219517619919
2022-04-04 13:30:00,1.0874219517619919
2022-04-04 14:30:00,1.0874219517619919
2022-04-04 15:30:00,1.0874219517619919
2022-04-04 16:30:00,1.0874219517619919
2022-04-04 17:30:00,1.0874219517619919
2022-04-04 18:30:00,1.0874219517619919
2022-04-04 19:30:00,1.0874219517619919
2022-04-05 13:30:00,1.0874219517619919
2022-04-05 14:30:00,1.0874219517619919
2022-04-05 15:30:00,1.0874219517619919
2022-04-05 16:30:00,1.0874219517619919
2022-04-05 17:30:00,1.0874219517619919
2022-04-05 18:30:00,1.0874219517619919
2022-04-05 19:30:00,1.0874219517619919
2022-04-06 13:30:00,1.0874219517619919
2022-04-06 14:30:00,1.0874219517619919
2022-04-06 15:30:00,1.0874219517619919
2022-04-06 16:30:00,1.0874219517619919
2022-04-06 17:30:00,1.0874219517619919
2022-04-06 18:30:00,1.0874219517619919
2022-04-06 19:30:00,1.0821223785461642
2022-04-07 13:30:00,1.0821223785461642
2022-04-07 14:30:00,1.0821223785461642
2022-04-07 15:30:00,1.0821223785461642
2022-04-07 16:30:00,1.0821223785461642
2022-04-07 17:30:00,1.0821223785461642
2022-04-07 18:30:00,1.0821223785461642
2022-04-07 19:30:00,1.0821223785461642
2022-04-08 13:30:00,1.0821223785461642
2022-04-08 14:30:00,1.0821223785461642
2022-04-08 15:30:00,1.0821223785461642
2022-04-08 16:30:00,1.0821223785461642
2022-04-08 17:30:00,1.0821223785461642
2022-04-08 18:30:00,1.0821223785461642
2022-04-08 19:30:00,1.0821223785461642
2022-04-11 13:30:00,1.0821223785461642
2022-04-11 14:30:00,1.0821223785461642
2022-04-11 15:30:00,1.0821223785461642
2022-04-11 16:30:00,1.0821223785461642
2022-04-11 17:30:00,1.0821223785461642
2022-04-11 18:30:00,1.0821223785461642
2022-04-11 19:30:00,1.0633290100295951
2022-04-12 13:30:00,1.0633290100295951
2022-04-12 14:30:00,1.0633290100295951
2022-04-12 15:30:00,1.0633290100295951
2022-04-12 16:30:00,1.0633290100295951
2022-04-12 17:30:00,1.0633290100295951
2022-04-12 18:30:00,1.0633290100295951
2022-04-12 19:30:00,1.0633290100295951
2022-04-13 13:30:00,1.0633290100295951
2022-04-13 14:30:00,1.0633290100295951
2022-04-13 15:30:00,1.0633290100295951
2022-04-13 16:30:00,1.0633290100295951
2022-04-13 17:30:00,1.0633290100295951
2022-04-13 18:30:00,1.0633290100295951
2022-04-13 19:30:00,1.0633290100295951
2022-04-14 13:30:00,1.0633290100295951
2022-04-14 14:30:00,1.0633290100295951
2022-04-14 15:30:00,1.0633290100295951
2022-04-14 16:30:00,1.0633290100295951
2022-04-14 17:30:00,1.0633290100295951
2022-04-14 18:30:00,1.0633290100295951
2022-04-14 19:30:00,1.0633290100295951
2022-04-18 13:30:00,1.0633290100295951
2022-04-18 14:30:00,1.0633290100295951
2022-04-18 15:30:00,1.0633290100295951
2022-04-18 16:30:00,1.0633290100295951
2022-04-18 17:30:00,1.0633290100295951
2022-04-18 18:30:00,1.0633290100295951
2022-04-18 19:30:00,1.0710483946192442
2022-04-19 13:30:00,1.0710483946192442
2022-04-19 14:30:00,1.0710483946192442
2022-04-19 15:30:00,1.0710483946192442
2022-04-19 16:30:00,1.0710483946192442
2022-04-19 17:30:00,1.0710483946192442
2022-04-19 18:30:00,1.0710483946192442
2022-04-19 19:30:00,1.0710483946192442
2022-04-20 13:30:00,1.0710483946192442
2022-04-20 14:30:00,1.0710483946192442
2022-04-20 15:30:00,1.0710483946192442
2022-04-20 16:30:00,1.0710483946192442
2022-04-20 17:30:00,1.0710483946192442
2022-04-20 18:30:00,1.0710483946192442
2022-04-20 19:30:00,1.0808474338662901
2022-04-21 13:30:00,1.0808474338662901
2022-04-21 14:30:00,1.0808474338662901
2022-04-21 15:30:00,1.0808474338662901
2022-04-21 16:30:00,1.0808474338662901
2022-04-21 17:30:00,1.0905644398575614
2022-04-22 17:30:00,1.0905644398575614
2022-04-22 18:30:00,1.0905644398575614
2022-04-22 19:30:00,1.0905644398575614
2022-04-25 13:30:00,1.0905644398575614
2022-04-25 14:30:00,1.0905644398575614
2022-04-25 15:30:00,1.0905644398575614
2022-04-25 16:30:00,1.0905644398575614
2022-04-25 17:30:00,1.0905644398575614
2022-04-25 18:30:00,1.0905644398575614
2022-04-25 19:30:00,1.1022742672321764
2022-04-26 13:30:00,1.1022742672321764
2022-04-26 14:30:00,1.1022742672321764
2022-04-26 15:30:00,1.1022742672321764
2022-04-26 16:30:00,1.1022742672321764
2022-04-26 17:30:00,1.1022742672321764
2022-04-26 18:30:00,1.1022742672321764
2022-04-26 19:30:00,1.1022742672321764
2022-04-27 13:30:00,1.1022742672321764
2022-04-27 14:30:00,1.1022742672321764
2022-04-27 15:30:00,1.1022742672321764
2022-04-27 16:30:00,1.1022742672321764
2022-04-27 17:30:00,1.1022742672321764
2022-04-27 18:30:00,1.1022742672321764
2022-04-27 19:30:00,1.1071525961856294
2022-04-28 13:30:00,1.1071525961856294
2022-04-28 14:30:00,1.1071525961856294
2022-04-28 15:30:00,1.1071525961856294
2022-04-28 16:30:00,1.1071525961856294
2022-04-28 17:30:00,1.1071525961856294
2022-04-28 18:30:00,1.1071525961856294
2022-04-28 19:30:00,1.1071525961856294
2022-04-29 13:30:00,1.1071525961856294
2022-04-29 14:30:00,1.1071525961856294
2022-04-29 15:30:00,1.1071525961856294
2022-04-29 16:30:00,1.1071525961856294
2022-04-29 17:30:00,1.1071525961856294
2022-04-29 18:30:00,1.1071525961856294
2022-04-29 19:30:00,1.1071525961856294
2022-05-02 13:30:00,1.1071525961856294
2022-05-02 14:30:00,1.1071525961856294
2022-05-02 15:30:00,1.1071525961856294
2022-05-02 16:30:00,1.1071525961856294
2022-05-02 17:30:00,1.1071525961856294
2022-05-02 18:30:00,1.1071525961856294
2022-05-02 19:30:00,1.1157011475503995
2022-05-03 13:30:00,1.1157011475503995
2022-05-03 14:30:00,1.1157011475503995
2022-05-03 15:30:00,1.1157011475503995
2022-05-03 16:30:00,1.1157011475503995
2022-05-03 17:30:00,1.1157011475503995
2022-05-03 18:30:00,1.1157011475503995
2022-05-03 19:30:00,1.1157011475503995
2022-05-04 13:30:00,1.1157011475503995
2022-05-04 14:30:00,1.1157011475503995
2022-05-04 15:30:00,1.1157011475503995
2022-05-04 16:30:00,1.1157011475503995
2022-05-04 17:30:00,1.1157011475503995
2022-05-04 18:30:00,1.1157011475503995
2022-05-04 19:30:00,1.1157011475503995
2022-05-05 13:30:00,1.1157011475503995
2022-05-05 14:30:00,1.1157011475503995
2022-05-05 15:30:00,1.1157011475503995
2022-05-05 16:30:00,1.1157011475503995
2022-05-05 17:30:00,1.1157011475503995
2022-05-05 18:30:00,1.1157011475503995
2022-05-05 19:30:00,1.1157011475503995
2022-05-06 13:30:00,1.1157011475503995
2022-05-06 14:30:00,1.1157011475503995
2022-05-06 15:30:00,1.1157011475503995
2022-05-06 16:30:00,1.1157011475503995
2022-05-06 17:30:00,1.1157011475503995
2022-05-06 18:30:00,1.1157011475503995
2022-05-06 19:30:00,1.1157011475503995
2022-05-09 13:30:00,1.1157011475503995
2022-05-09 14:30:00,1.1157011475503995
2022-05-09 15:30:00,1.1157011475503995
2022-05-09 16:30:00,1.1157011475503995
2022-05-09 17:30:00,1.1157011475503995
2022-05-09 18:30:00,1.1157011475503995
2022-05-09 19:30:00,1.09571675612575
2022-05-10 13:30:00,1.09571675612575
2022-05-10 14:30:00,1.09571675612575
2022-05-10 15:30:00,1.09571675612575
2022-05-10 16:30:00,1.09571675612575
2022-05-10 17:30:00,1.09571675612575
2022-05-10 18:30:00,1.09571675612575
2022-05-10 19:30:00,1.09571675612575
2022-05-11 13:30:00,1.09571675612575
2022-05-11 14:30:00,1.09571675612575
2022-05-11 15:30:00,1.09571675612575
2022-05-11 16:30:00,1.09571675612575
2022-05-11 17:30:00,1.09571675612575
2022-05-11 18:30:00,1.09571675612575
2022-05-11 19:30:00,1.0468553418577629
2022-05-12 13:30:00,1.0468553418577629
2022-05-12 14:30:00,1.0468553418577629
2022-05-12 15:30:00,1.0468553418577629
2022-05-12 16:30:00,1.0468553418577629
2022-05-12 17:30:00,1.0468553418577629
2022-05-12 18:30:00,1.0468553418577629
2022-05-12 19:30:00,1.0401443355650601
2022-05-13 13:30:00,1.0401443355650601
2022-05-13 14:30:00,1.0401443355650601
2022-05-13 15:30:00,1.0401443355650601
2022-05-13 16:30:00,1.0401443355650601
2022-05-13 18:30:00,1.0401443355650601
2022-05-13 19:30:00,1.0401443355650601
2022-05-16 13:30:00,1.0401443355650601
2022-05-16 14:30:00,1.0401443355650601
2022-05-16 15:30:00,1.0401443355650601
2022-05-16 16:30:00,1.0401443355650601
2022-05-16 17:30:00,1.0401443355650601
2022-05-16 18:30:00,1.0401443355650601
2022-05-16 19:30:00,1.0400728010765747
2022-05-17 13:30:00,1.0400728010765747
2022-05-17 14:30:00,1.0400728010765747
2022-05-17 15:30:00,1.0400728010765747
2022-05-17 16:30:00,1.0400728010765747
2022-05-17 17:30:00,1.0400728010765747
2022-05-17 18:30:00,1.0400728010765747
2022-05-17 19:30:00,1.0373550229029074
2022-05-18 13:30:00,1.0373550229029074
2022-05-18 14:30:00,1.0133302071545611
2022-05-18 19:30:00,1.0133302071545611
2022-05-19 13:30:00,1.0133302071545611
2022-05-19 14:30:00,1.0133302071545611
2022-05-19 15:30:00,1.0133302071545611
2022-05-19 16:30:00,1.0133302071545611
2022-05-19 17:30:00,1.0133302071545611
2022-05-19 18:30:00,1.0133302071545611
2022-05-19 19:30:00,0.9949297301301646
2022-05-20 13:30:00,0.9949297301301646
2022-05-20 14:30:00,0.9949297301301646
2022-05-20 15:30:00,0.9949297301301646
2022-05-20 16:30:00,0.9949297301301646
2022-05-20 17:30:00,0.9949297301301646
2022-05-20 18:30:00,0.9949297301301646
2022-05-20 19:30:00,0.9949297301301646
2022-05-23 13:30:00,0.9949297301301646
2022-05-23 14:30:00,0.9949297301301646
2022-05-23 15:30:00,0.9949297301301646
2022-05-23 16:30:00,0.9949297301301646
2022-05-23 17:30:00,0.9949297301301646
2022-05-23 18:30:00,0.9949297301301646
2022-05-23 19:30:00,0.9949297301301646
2022-05-24 13:30:00,0.9949297301301646
2022-05-24 14:30:00,0.9949297301301646
2022-05-24 15:30:00,0.9949297301301646
2022-05-24 16:30:00,0.9949297301301646
2022-05-24 17:30:00,0.9949297301301646
2022-05-24 18:30:00,0.9949297301301646
2022-05-24 19:30:00,0.9949297301301646
2022-05-25 13:30:00,0.9949297301301646
2022-05-25 14:30:00,1.0080105810218982
2022-05-26 15:30:00,1.0080105810218982
2022-05-26 16:30:00,1.0080105810218982
2022-05-26 17:30:00,1.0080105810218982
2022-05-26 18:30:00,1.0080105810218982
2022-05-26 19:30:00,1.0080105810218982
2022-05-27 13:30:00,1.0080105810218982
2022-05-27 14:30:00,1.0080105810218982
2022-05-27 15:30:00,1.0080105810218982
2022-05-27 16:30:00,1.0080105810218982
2022-05-27 17:30:00,1.0080105810218982
2022-05-27 18:30:00,1.0080105810218982
2022-05-27 19:30:00,0.9798531755917612
2022-05-31 13:30:00,0.9798531755917612
2022-05-31 14:30:00,0.9798531755917612
2022-05-31 15:30:00,0.9798531755917612
2022-05-31 16:30:00,0.9798531755917612
2022-05-31 17:30:00,0.9798531755917612
2022-05-31 18:30:00,0.9798531755917612
2022-05-31 19:30:00,0.9798531755917612
2022-06-01 13:30:00,0.9798531755917612
2022-06-01 14:30:00,0.9798531755917612
2022-06-01 15:30:00,0.9798531755917612
2022-06-01 16:30:00,0.9798531755917612
2022-06-01 17:30:00,0.9798531755917612
2022-06-01 18:30:00,0.9798531755917612
2022-06-01 19:30:00,0.9798531755917612
2022-06-02 13:30:00,0.9798531755917612
2022-06-02 14:30:00,0.9798531755917612
2022-06-02 15:30:00,0.9798531755917612
2022-06-02 16:30:00,0.9798531755917612
2022-06-02 17:30:00,0.9798531755917612
2022-06-02 18:30:00,0.9798531755917612
2022-06-02 19:30:00,1.0019148462737695
2022-06-03 13:30:00,1.0019148462737695
2022-06-03 14:30:00,1.0019148462737695
2022-06-03 15:30:00,1.0019148462737695
2022-06-03 16:30:00,1.0019148462737695
2022-06-03 17:30:00,1.0019148462737695
2022-06-03 18:30:00,1.0019148462737695
2022-06-03 19:30:00,0.9916161294479553
2022-06-06 13:30:00,0.9916161294479553
2022-06-06 14:30:00,0.9916161294479553
2022-06-06 15:30:00,0.9916161294479553
2022-06-06 16:30:00,0.9916161294479553
2022-06-06 17:30:00,0.9916161294479553
2022-06-06 18:30:00,0.9916161294479553
2022-06-06 19:30:00,0.9916161294479553
2022-06-07 13:30:00,0.9916161294479553
2022-06-07 14:30:00,0.9916161294479553
2022-06-07 15:30:00,0.9916161294479553
2022-06-07 16:30:00,0.9916161294479553
2022-06-07 17:30:00,0.9916161294479553
2022-06-07 18:30:00,0.9916161294479553
2022-06-07 19:30:00,1.0214652553785477
2022-06-08 13:30:00,1.0214652553785477
2022-06-08 14:30:00,1.0214652553785477
2022-06-08 15:30:00,1.0214652553785477
2022-06-08 16:30:00,1.0214652553785477
2022-06-08 17:30:00,1.0214652553785477
2022-06-08 18:30:00,1.0214652553785477
2022-06-08 19:30:00,1.0214652553785477
2022-06-09 13:30:00,1.0214652553785477
2022-06-09 14:30:00,1.0214652553785477
2022-06-09 15:30:00,1.0214652553785477
2022-06-09 16:30:00,1.0214652553785477
2022-06-09 17:30:00,1.0214652553785477
2022-06-09 18:30:00,1.0214652553785477
2022-06-09 19:30:00,0.9903518876232896
2022-06-10 13:30:00,0.9903518876232896
2022-06-10 14:30:00,0.9903518876232896
2022-06-10 15:30:00,0.9903518876232896
2022-06-10 16:30:00,0.9903518876232896
2022-06-10 17:30:00,0.9903518876232896
2022-06-10 18:30:00,0.9903518876232896
2022-06-10 19:30:00,0.9687334892155826
2022-06-13 13:30:00,0.9687334892155826
2022-06-13 14:30:00,0.9687334892155826
2022-06-13 15:30:00,0.9687334892155826
2022-06-13 16:30:00,0.9687334892155826
2022-06-13 17:30:00,0.9687334892155826
2022-06-13 18:30:00,0.9687334892155826
2022-06-13 19:30:00,0.9615155607567625
2022-06-14 13:30:00,0.9615155607567625
2022-06-14 14:30:00,0.9615155607567625
2022-06-14 15:30:00,0.9615155607567625
2022-06-14 16:30:00,0.9615155607567625
2022-06-14 17:30:00,0.9615155607567625
2022-06-14 18:30:00,0.9615155607567625
2022-06-14 19:30:00,0.9615155607567625
2022-06-15 13:30:00,0.9615155607567625
2022-06-15 14:30:00,0.9615155607567625
2022-06-15 15:30:00,0.9615155607567625
2022-06-15 16:30:00,0.9615155607567625
2022-06-15 17:30:00,0.9615155607567625
2022-06-15 18:30:00,0.9615155607567625
2022-06-15 19:30:00,0.9615155607567625
2022-06-16 13:30:00,0.9615155607567625
2022-06-16 14:30:00,0.9615155607567625
2022-06-16 15:30:00,0.9615155607567625
2022-06-16 16:30:00,0.9615155607567625
2022-06-16 17:30:00,0.9615155607567625
2022-06-16 18:30:00,0.9615155607567625
2022-06-16 19:30:00,0.9615155607567625
2022-06-17 13:30:00,0.9615155607567625
2022-06-17 14:30:00,0.9615155607567625
2022-06-17 15:30:00,0.9615155607567625
2022-06-17 16:30:00,0.9615155607567625
2022-06-17 17:30:00,0.9615155607567625
2022-06-17 18:30:00,0.9615155607567625
2022-06-17 19:30:00,0.9615155607567625
2022-06-21 13:30:00,0.9615155607567625
2022-06-21 14:30:00,0.9615155607567625
2022-06-21 15:30:00,0.9615155607567625
2022-06-21 16:30:00,0.9615155607567625
2022-06-21 17:30:00,0.9615155607567625
2022-06-21 18:30:00,0.9615155607567625
2022-06-21 19:30:00,0.9615155607567625
2022-06-22 13:30:00,0.9615155607567625
2022-06-22 14:30:00,0.9615155607567625
2022-06-22 15:30:00,0.9615155607567625
2022-06-22 16:30:00,0.9615155607567625
2022-06-22 17:30:00,0.9615155607567625
2022-06-22 18:30:00,0.9615155607567625
2022-06-22 19:30:00,0.9615155607567625
2022-06-23 13:30:00,0.9615155607567625
2022-06-23 14:30:00,0.9615155607567625
2022-06-23 15:30:00,0.9615155607567625
2022-06-23 16:30:00,0.9615155607567625
2022-06-23 17:30:00,0.9615155607567625
2022-06-23 18:30:00,0.9615155607567625
2022-06-23 19:30:00,0.9615155607567625
2022-06-24 13:30:00,0.9615155607567625
2022-06-24 14:30:00,0.9615155607567625
2022-06-24 15:30:00,0.9615155607567625
2022-06-24 16:30:00,0.9615155607567625
2022-06-24 17:30:00,0.9615155607567625
2022-06-24 18:30:00,0.9615155607567625
2022-06-24 19:30:00,0.9495017068633594
2022-06-27 13:30:00,0.9495017068633594
2022-06-27 14:30:00,0.9495017068633594
2022-06-27 15:30:00,0.9495017068633594
2022-06-27 16:30:00,0.9495017068633594
2022-06-27 17:30:00,0.9495017068633594
2022-06-27 18:30:00,0.9495017068633594
2022-06-27 19:30:00,0.9561015171467713
2022-06-28 13:30:00,0.9561015171467713
2022-06-28 14:30:00,0.9561015171467713
2022-06-28 15:30:00,0.9561015171467713
2022-06-28 16:30:00,0.9561015171467713
2022-06-28 17:30:00,0.9561015171467713
2022-06-28 18:30:00,0.9561015171467713
2022-06-28 19:30:00,0.9561015171467713
2022-06-29 13:30:00,0.9561015171467713
2022-06-29 14:30:00,0.9561015171467713
2022-06-29 15:30:00,0.9561015171467713
2022-06-29 16:30:00,0.9561015171467713
2022-06-29 17:30:00,0.9561015171467713
2022-06-29 18:30:00,0.9561015171467713
2022-06-29 19:30:00,0.9561015171467713
2022-06-30 13:30:00,0.9561015171467713
2022-06-30 14:30:00,0.9561015171467713
2022-06-30 15:30:00,0.9561015171467713
2022-06-30 16:30:00,0.9561015171467713
2022-06-30 17:30:00,0.9561015171467713
2022-06-30 18:30:00,0.9561015171467713
2022-06-30 19:30:00,0.9526176900182668
2022-07-01 13:30:00,0.9526176900182668
2022-07-01 14:30:00,0.9526176900182668
2022-07-01 15:30:00,0.9526176900182668
2022-07-01 16:30:00,0.9526176900182668
2022-07-01 17:30:00,0.9526176900182668
2022-07-01 18:30:00,0.9526176900182668
2022-07-01 19:30:00,0.9526176900182668
2022-07-05 13:30:00,0.9526176900182668
2022-07-05 14:30:00,0.9526176900182668
2022-07-05 15:30:00,0.9526176900182668
2022-07-05 16:30:00,0.9526176900182668
2022-07-05 17:30:00,0.9526176900182668
2022-07-05 18:30:00,0.9526176900182668
2022-07-05 19:30:00,0.9526176900182668
2022-07-06 13:30:00,0.9526176900182668
2022-07-06 14:30:00,0.9526176900182668
2022-07-06 15:30:00,0.9526176900182668
2022-07-06 16:30:00,0.9526176900182668
2022-07-06 17:30:00,0.9526176900182668
2022-07-06 18:30:00,0.9526176900182668
2022-07-06 19:30:00,0.9526176900182668
2022-07-07 13:30:00,0.9526176900182668
2022-07-07 14:30:00,0.9526176900182668
2022-07-07 15:30:00,0.9526176900182668
2022-07-07 16:30:00,0.9526176900182668
2022-07-07 17:30:00,0.9526176900182668
2022-07-07 18:30:00,0.9526176900182668
2022-07-07 19:30:00,0.9526176900182668
2022-07-08 13:30:00,0.9526176900182668
2022-07-08 14:30:00,0.9526176900182668
2022-07-08 15:30:00,0.9526176900182668
2022-07-08 16:30:00,0.9526176900182668
2022-07-08 17:30:00,0.9526176900182668
2022-07-08 18:30:00,0.9526176900182668
2022-07-08 19:30:00,0.9649551916100099
2022-07-11 13:30:00,0.9649551916100099
2022-07-11 14:30:00,0.9649551916100099
2022-07-11 15:30:00,0.9649551916100099
2022-07-11 16:30:00,0.9649551916100099
2022-07-11 17:30:00,0.9649551916100099
2022-07-11 18:30:00,0.9649551916100099
2022-07-11 19:30:00,0.9649551916100099
2022-07-12 13:30:00,0.9649551916100099
2022-07-12 14:30:00,0.9649551916100099
2022-07-12 15:30:00,0.9649551916100099
2022-07-12 16:30:00,0.9649551916100099
2022-07-12 17:30:00,0.9649551916100099
2022-07-12 18:30:00,0.9649551916100099
2022-07-12 19:30:00,0.9649551916100099
2022-07-13 13:30:00,0.9649551916100099
2022-07-13 14:30:00,0.9649551916100099
2022-07-13 15:30:00,0.9649551916100099
2022-07-13 16:30:00,0.9649551916100099
2022-07-13 17:30:00,0.9649551916100099
2022-07-13 18:30:00,0.9649551916100099
2022-07-13 19:30:00,0.9828573262173919
2022-07-14 13:30:00,0.9828573262173919
2022-07-14 14:30:00,0.9828573262173919
2022-07-14 15:30:00,0.9828573262173919
2022-07-14 16:30:00,0.9828573262173919
2022-07-14 17:30:00,0.9828573262173919
2022-07-14 18:30:00,0.9828573262173919
2022-07-14 19:30:00,1.0133668557187234
2022-07-15 13:30:00,1.0133668557187234
2022-07-15 14:30:00,1.0133668557187234
2022-07-15 15:30:00,1.0133668557187234
2022-07-15 16:30:00,1.0133668557187234
2022-07-15 17:30:00,1.0133668557187234
2022-07-15 18:30:00,1.0133668557187234
2022-07-15 19:30:00,1.0121522595919286
2022-07-18 13:30:00,1.0121522595919286
2022-07-18 14:30:00,1.0121522595919286
2022-07-18 15:30:00,1.0121522595919286
2022-07-18 16:30:00,1.0121522595919286
2022-07-18 17:30:00,1.0121522595919286
2022-07-18 18:30:00,1.0121522595919286
2022-07-18 19:30:00,1.0380977524707213
2022-07-19 13:30:00,1.0380977524707213
2022-07-19 14:30:00,1.0380977524707213
2022-07-19 15:30:00,1.0380977524707213
2022-07-19 16:30:00,1.0380977524707213
2022-07-19 17:30:00,1.0380977524707213
2022-07-19 18:30:00,1.0380977524707213
2022-07-19 19:30:00,1.0380977524707213
2022-07-20 16:30:00,1.0380977524707213
2022-07-20 17:30:00,1.0380977524707213
2022-07-20 18:30:00,1.0380977524707213
2022-07-20 19:30:00,1.0380977524707213
2022-07-21 13:30:00,1.0380977524707213
2022-07-21 14:30:00,1.0380977524707213
2022-07-21 15:30:00,1.0380977524707213
2022-07-21 16:30:00,1.0380977524707213
2022-07-21 17:30:00,1.0380977524707213
2022-07-21 18:30:00,1.0380977524707213
2022-07-21 19:30:00,1.0337541806866997
2022-07-22 13:30:00,1.0337541806866997
2022-07-22 14:30:00,1.0337541806866997
2022-07-22 15:30:00,1.0337541806866997
2022-07-22 16:30:00,1.0337541806866997
2022-07-22 17:30:00,1.0337541806866997
2022-07-22 18:30:00,1.0337541806866997
2022-07-22 19:30:00,1.0337541806866997
2022-07-25 14:30:00,1.0337541806866997
2022-07-27 14:30:00,1.0337541806866997
2022-07-27 15:30:00,1.0337541806866997
2022-07-27 16:30:00,1.0337541806866997
2022-07-27 17:30:00,1.0337541806866997
2022-07-27 18:30:00,1.0337541806866997
2022-07-27 19:30:00,1.0337541806866997
2022-07-28 13:30:00,1.0337541806866997
2022-07-28 14:30:00,1.0337541806866997
2022-07-28 15:30:00,1.0337541806866997
2022-07-28 16:30:00,1.0337541806866997
2022-07-28 17:30:00,1.0337541806866997
2022-07-28 18:30:00,1.0337541806866997
2022-07-28 19:30:00,1.0337541806866997
2022-07-29 13:30:00,1.0337541806866997
2022-07-29 14:30:00,1.0337541806866997
2022-07-29 15:30:00,1.0337541806866997
2022-07-29 16:30:00,1.0337541806866997
2022-07-29 17:30:00,1.0337541806866997
2022-07-29 18:30:00,1.0337541806866997
2022-07-29 19:30:00,1.0279004609462445
2022-08-01 13:30:00,1.0279004609462445
2022-08-01 14:30:00,1.0279004609462445
2022-08-01 15:30:00,1.0279004609462445
2022-08-01 16:30:00,1.0279004609462445
2022-08-01 17:30:00,1.0279004609462445
2022-08-01 18:30:00,1.0279004609462445
2022-08-01 19:30:00,1.0279004609462445
2022-08-02 13:30:00,1.0279004609462445
2022-08-02 14:30:00,1.0279004609462445
2022-08-02 15:30:00,1.0279004609462445
2022-08-02 16:30:00,1.0279004609462445
2022-08-02 17:30:00,1.0279004609462445
2022-08-02 18:30:00,1.0279004609462445
2022-08-02 19:30:00,1.0279004609462445
2022-08-03 13:30:00,1.0279004609462445
2022-08-03 14:30:00,1.0279004609462445
2022-08-03 15:30:00,1.0279004609462445
2022-08-03 16:30:00,1.0279004609462445
2022-08-03 17:30:00,1.0279004609462445
2022-08-03 18:30:00,1.0279004609462445
2022-08-03 19:30:00,1.0279004609462445
2022-08-04 13:30:00,1.0279004609462445
2022-08-04 14:30:00,1.0279004609462445
2022-08-04 15:30:00,1.0279004609462445
2022-08-04 16:30:00,1.0279004609462445
2022-08-04 17:30:00,1.0279004609462445
2022-08-04 18:30:00,1.0279004609462445
2022-08-04 19:30:00,1.0279004609462445
2022-08-05 13:30:00,1.0279004609462445
2022-08-05 14:30:00,1.0279004609462445
2022-08-05 15:30:00,1.0279004609462445
2022-08-05 16:30:00,1.0279004609462445
2022-08-05 17:30:00,1.0279004609462445
2022-08-05 18:30:00,1.0279004609462445
2022-08-05 19:30:00,1.0420167463458165
2022-08-08 13:30:00,1.0420167463458165
2022-08-08 14:30:00,1.0420167463458165
2022-08-08 15:30:00,1.0420167463458165
2022-08-08 16:30:00,1.0420167463458165
2022-08-08 17:30:00,1.0420167463458165
2022-08-08 18:30:00,1.0420167463458165
2022-08-08 19:30:00,1.0521291184823682
2022-08-09 13:30:00,1.0521291184823682
2022-08-09 14:30:00,1.0521291184823682
2022-08-09 15:30:00,1.0521291184823682
2022-08-09 16:30:00,1.0521291184823682
2022-08-09 17:30:00,1.0521291184823682
2022-08-09 18:30:00,1.0521291184823682
2022-08-09 19:30:00,1.0586769054721246
2022-08-10 13:30:00,1.0586769054721246
2022-08-10 14:30:00,1.0586769054721246
2022-08-10 15:30:00,1.0586769054721246
2022-08-10 16:30:00,1.0586769054721246
2022-08-10 17:30:00,1.0586769054721246
2022-08-10 18:30:00,1.0586769054721246
2022-08-10 19:30:00,1.0501068401118951
2022-08-11 15:30:00,1.0501068401118951
2022-08-11 16:30:00,1.0501068401118951
2022-08-11 17:30:00,1.0501068401118951
2022-08-11 18:30:00,1.0501068401118951
2022-08-11 19:30:00,1.0501068401118951
2022-08-12 13:30:00,1.0501068401118951
2022-08-12 14:30:00,1.0501068401118951
2022-08-12 15:30:00,1.0501068401118951
2022-08-12 16:30:00,1.0501068401118951
2022-08-12 17:30:00,1.0501068401118951
2022-08-12 18:30:00,1.0501068401118951
2022-08-12 19:30:00,1.037172686608309
2022-08-15 13:30:00,1.037172686608309
2022-08-15 14:30:00,1.037172686608309
2022-08-15 15:30:00,1.037172686608309
2022-08-15 16:30:00,1.037172686608309
2022-08-15 17:30:00,1.037172686608309
2022-08-15 18:30:00,1.037172686608309
2022-08-15 19:30:00,1.037172686608309
2022-08-16 13:30:00,1.037172686608309
2022-08-16 14:30:00,1.037172686608309
2022-08-16 15:30:00,1.037172686608309
2022-08-16 16:30:00,1.037172686608309
2022-08-16 17:30:00,1.037172686608309
2022-08-16 18:30:00,1.037172686608309
2022-08-16 19:30:00,1.037172686608309
2022-08-17 13:30:00,1.037172686608309
2022-08-17 14:30:00,1.037172686608309
2022-08-17 15:30:00,1.037172686608309
2022-08-17 16:30:00,1.037172686608309
2022-08-17 17:30:00,1.037172686608309
2022-08-17 18:30:00,1.037172686608309
2022-08-17 19:30:00,1.037172686608309
2022-08-18 13:30:00,1.037172686608309
2022-08-18 14:30:00,1.037172686608309
2022-08-18 15:30:00,1.037172686608309
2022-08-18 16:30:00,1.037172686608309
2022-08-18 17:30:00,1.037172686608309
2022-08-18 18:30:00,1.037172686608309
2022-08-18 19:30:00,1.037172686608309
2022-08-19 13:30:00,1.037172686608309
2022-08-19 14:30:00,1.037172686608309
2022-08-19 15:30:00,1.037172686608309
2022-08-19 16:30:00,1.037172686608309
2022-08-19 17:30:00,1.037172686608309
2022-08-19 18:30:00,1.037172686608309
2022-08-19 19:30:00,1.0269344755934722
2022-08-22 13:30:00,1.0269344755934722
2022-08-22 14:30:00,1.0269344755934722
2022-08-22 15:30:00,1.0269344755934722
2022-08-22 16:30:00,1.0269344755934722
2022-08-22 17:30:00,1.0269344755934722
2022-08-22 18:30:00,1.0269344755934722
2022-08-22 19:30:00,1.0162606764574669
2022-08-23 13:30:00,1.0162606764574669
2022-08-23 14:30:00,1.0162606764574669
2022-08-23 15:30:00,1.0162606764574669
2022-08-23 16:30:00,1.0162606764574669
2022-08-23 17:30:00,1.0162606764574669
2022-08-23 18:30:00,1.0162606764574669
2022-08-23 19:30:00,1.0162606764574669
2022-08-24 13:30:00,1.0162606764574669
2022-08-24 14:30:00,1.0162606764574669
2022-08-24 15:30:00,1.0162606764574669
2022-08-24 16:30:00,1.0162606764574669
2022-08-24 17:30:00,1.0162606764574669
2022-08-24 18:30:00,1.0162606764574669
2022-08-24 19:30:00,1.0162606764574669
2022-08-25 13:30:00,1.0162606764574669
2022-08-25 14:30:00,1.0162606764574669
2022-08-25 15:30:00,1.0162606764574669
2022-08-25 16:30:00,1.0162606764574669
2022-08-25 17:30:00,1.0162606764574669
2022-08-25 18:30:00,1.0162606764574669
2022-08-25 19:30:00,1.0162606764574669
2022-08-26 13:30:00,1.0162606764574669
2022-08-26 14:30:00,1.0162606764574669
2022-08-26 15:30:00,1.0162606764574669
2022-08-26 16:30:00,1.0162606764574669
2022-08-26 17:30:00,1.0162606764574669
2022-08-26 18:30:00,1.0162606764574669
2022-08-26 19:30:00,1.0162606764574669
2022-08-29 13:30:00,1.0162606764574669
2022-08-29 14:30:00,1.0162606764574669
2022-08-29 15:30:00,1.0162606764574669
2022-08-29 16:30:00,1.0162606764574669
2022-08-29 17:30:00,1.0162606764574669
2022-08-29 18:30:00,1.0162606764574669
2022-08-29 19:30:00,1.018975756239242
2022-08-30 13:30:00,1.018975756239242
2022-08-30 14:30:00,1.018975756239242
2022-08-30 15:30:00,1.018975756239242
2022-08-30 16:30:00,1.018975756239242
2022-08-30 17:30:00,1.018975756239242
2022-08-30 18:30:00,1.018975756239242
2022-08-30 19:30:00,1.018975756239242
2022-08-31 13:30:00,1.018975756239242
2022-08-31 14:30:00,1.018975756239242
2022-08-31 15:30:00,1.018975756239242
2022-08-31 16:30:00,1.018975756239242
2022-08-31 17:30:00,1.018975756239242
2022-08-31 18:30:00,1.018975756239242
2022-08-31 19:30:00,1.018975756239242
2022-09-01 13:30:00,1.018975756239242
2022-09-01 14:30:00,1.018975756239242
2022-09-01 15:30:00,1.018975756239242
2022-09-01 16:30:00,1.018975756239242
2022-09-01 17:30:00,1.018975756239242
2022-09-01 18:30:00,1.018975756239242
2022-09-01 19:30:00,1.018975756239242
2022-09-02 13:30:00,1.018975756239242
2022-09-02 14:30:00,1.018975756239242
2022-09-02 15:30:00,1.018975756239242
2022-09-02 16:30:00,1.018975756239242
2022-09-02 17:30:00,1.018975756239242
2022-09-02 18:30:00,1.018975756239242
2022-09-02 19:30:00,1.018975756239242
2022-09-06 13:30:00,1.018975756239242
2022-09-06 14:30:00,1.018975756239242
2022-09-06 15:30:00,1.018975756239242
2022-09-06 16:30:00,1.018975756239242
2022-09-06 17:30:00,1.018975756239242
2022-09-06 18:30:00,1.018975756239242
2022-09-06 19:30:00,1.018975756239242
2022-09-07 13:30:00,1.018975756239242
2022-09-07 14:30:00,1.018975756239242
2022-09-07 15:30:00,1.018975756239242
2022-09-07 16:30:00,1.018975756239242
2022-09-07 17:30:00,1.018975756239242
2022-09-07 18:30:00,1.018975756239242
2022-09-07 19:30:00,1.018975756239242
2022-09-08 13:30:00,1.018975756239242
2022-09-08 14:30:00,1.018975756239242
2022-09-08 15:30:00,1.018975756239242
2022-09-08 16:30:00,1.018975756239242
2022-09-08 17:30:00,1.018975756239242
2022-09-08 19:30:00,1.018975756239242
2022-09-09 13:30:00,1.018975756239242
2022-09-09 14:30:00,1.018975756239242
2022-09-09 15:30:00,1.018975756239242
2022-09-09 16:30:00,1.018975756239242
2022-09-09 17:30:00,1.018975756239242
2022-09-09 18:30:00,1.018975756239242
2022-09-09 19:30:00,1.018975756239242
2022-09-12 13:30:00,1.018975756239242
2022-09-12 14:30:00,1.018975756239242
2022-09-12 15:30:00,1.018975756239242
2022-09-12 16:30:00,1.018975756239242
2022-09-12 17:30:00,1.018975756239242
2022-09-12 18:30:00,1.018975756239242
2022-09-12 19:30:00,0.9946595627451625
2022-09-13 13:30:00,0.9946595627451625
2022-09-13 14:30:00,0.9946595627451625
2022-09-13 15:30:00,0.9946595627451625
2022-09-13 16:30:00,0.9946595627451625
2022-09-13 17:30:00,0.9946595627451625
2022-09-13 18:30:00,0.9946595627451625
2022-09-13 19:30:00,0.9946595627451625
2022-09-14 13:30:00,0.9946595627451625
2022-09-14 14:30:00,0.9946595627451625
2022-09-14 15:30:00,0.9946595627451625
2022-09-14 16:30:00,0.9946595627451625
2022-09-14 17:30:00,0.9946595627451625
2022-09-14 18:30:00,0.9946595627451625
2022-09-14 19:30:00,0.9946595627451625
2022-09-15 13:30:00,0.9946595627451625
2022-09-15 14:30:00,0.9946595627451625
2022-09-15 15:30:00,0.9946595627451625
2022-09-15 16:30:00,0.9946595627451625
2022-09-15 17:30:00,0.9946595627451625
2022-09-15 18:30:00,0.9946595627451625
2022-09-15 19:30:00,0.9946595627451625
2022-09-16 13:30:00,0.9946595627451625
2022-09-16 14:30:00,0.9946595627451625
2022-09-16 15:30:00,0.9946595627451625
2022-09-16 16:30:00,0.9946595627451625
2022-09-16 17:30:00,0.9946595627451625
2022-09-16 18:30:00,0.9946595627451625
2022-09-16 19:30:00,0.9946595627451625
2022-09-19 13:30:00,0.9946595627451625
2022-09-19 14:30:00,0.9946595627451625
2022-09-19 15:30:00,0.9946595627451625
2022-09-19 16:30:00,0.9946595627451625
2022-09-19 17:30:00,0.9946595627451625
2022-09-19 18:30:00,0.9946595627451625
2022-09-19 19:30:00,0.9946595627451625
2022-09-20 13:30:00,0.9946595627451625
2022-09-20 14:30:00,0.9946595627451625
2022-09-20 15:30:00,0.9946595627451625
2022-09-20 16:30:00,0.9946595627451625
2022-09-20 17:30:00,0.9946595627451625
2022-09-20 18:30:00,0.9946595627451625
2022-09-20 19:30:00,0.9946595627451625
2022-09-21 13:30:00,0.9946595627451625
2022-09-21 14:30:00,0.9946595627451625
2022-09-21 15:30:00,0.9946595627451625
2022-09-21 16:30:00,0.9946595627451625
2022-09-21 17:30:00,0.9946595627451625
2022-09-21 18:30:00,0.9946595627451625
2022-09-21 19:30:00,0.9946595627451625
2022-09-22 13:30:00,0.9946595627451625
2022-09-22 14:30:00,0.9946595627451625
2022-09-22 15:30:00,0.9946595627451625
2022-09-22 16:30:00,0.9946595627451625
2022-09-22 17:30:00,0.9946595627451625
2022-09-22 18:30:00,0.9946595627451625
2022-09-22 19:30:00,0.9982542319488256
2022-09-23 13:30:00,0.9982542319488256
2022-09-23 14:30:00,0.9982542319488256
2022-09-23 15:30:00,0.9982542319488256
2022-09-23 16:30:00,0.9982542319488256
2022-09-23 17:30:00,0.9982542319488256
2022-09-23 18:30:00,0.9982542319488256
2022-09-23 19:30:00,0.9982542319488256
2022-09-26 13:30:00,0.9982542319488256
2022-09-26 14:30:00,0.9982542319488256
2022-09-26 15:30:00,0.9982542319488256
2022-09-26 16:30:00,0.9982542319488256
2022-09-26 17:30:00,0.9982542319488256
2022-09-26 18:30:00,0.9982542319488256
2022-09-26 19:30:00,0.9982542319488256
2022-09-27 13:30:00,0.9982542319488256
2022-09-27 14:30:00,0.9982542319488256
2022-09-27 15:30:00,0.9982542319488256
2022-09-27 16:30:00,0.9982542319488256
2022-09-27 17:30:00,0.9982542319488256
2022-09-27 18:30:00,0.9982542319488256
2022-09-27 19:30:00,0.9982542319488256
2022-09-28 13:30:00,0.9982542319488256
2022-09-28 14:30:00,0.9982542319488256
2022-09-28 15:30:00,0.9982542319488256
2022-09-28 16:30:00,0.9982542319488256
2022-09-28 17:30:00,0.9982542319488256
2022-09-28 18:30:00,0.9982542319488256
2022-09-28 19:30:00,0.9982542319488256
2022-09-29 13:30:00,0.9982542319488256
2022-09-29 14:30:00,0.9982542319488256
2022-09-29 15:30:00,0.9982542319488256
2022-09-29 16:30:00,0.9982542319488256
2022-09-29 17:30:00,0.9982542319488256
2022-09-29 18:30:00,0.9982542319488256
2022-09-29 19:30:00,0.9982542319488256
2022-09-30 13:30:00,0.9982542319488256
2022-09-30 14:30:00,0.9982542319488256
2022-09-30 15:30:00,0.9982542319488256
2022-09-30 16:30:00,0.9982542319488256
2022-09-30 17:30:00,0.9982542319488256
2022-09-30 18:30:00,0.9982542319488256
2022-09-30 19:30:00,0.9769756043167739
2022-10-03 13:30:00,0.9769756043167739
2022-10-03 14:30:00,0.9769756043167739
2022-10-03 15:30:00,0.9769756043167739
2022-10-03 16:30:00,0.9769756043167739
2022-10-03 17:30:00,0.9769756043167739
2022-10-03 18:30:00,0.9769756043167739
2022-10-03 19:30:00,0.9769756043167739
2022-10-04 13:30:00,0.9769756043167739
2022-10-04 14:30:00,0.9769756043167739
2022-10-04 15:30:00,0.9769756043167739
2022-10-04 16:30:00,0.9769756043167739
2022-10-04 17:30:00,0.9769756043167739
2022-10-04 18:30:00,0.9769756043167739
2022-10-04 19:30:00,0.9696198010248748
2022-10-05 13:30:00,0.9696198010248748
2022-10-05 14:30:00,0.9696198010248748
2022-10-05 15:30:00,0.9696198010248748
2022-10-05 16:30:00,0.9696198010248748
2022-10-05 17:30:00,0.9696198010248748
2022-10-05 18:30:00,0.9696198010248748
2022-10-05 19:30:00,0.9696198010248748
2022-10-06 13:30:00,0.9696198010248748
2022-10-06 14:30:00,0.9696198010248748
2022-10-06 15:30:00,0.9696198010248748
2022-10-06 16:30:00,0.9696198010248748
2022-10-06 17:30:00,0.9696198010248748
2022-10-06 18:30:00,0.9696198010248748
2022-10-06 19:30:00,0.9696198010248748
2022-10-07 13:30:00,0.9696198010248748
2022-10-07 14:30:00,0.9696198010248748
2022-10-07 15:30:00,0.9696198010248748
2022-10-07 16:30:00,0.9696198010248748
2022-10-07 17:30:00,0.9696198010248748
2022-10-07 18:30:00,0.9696198010248748
2022-10-07 19:30:00,0.9534888978708811
2022-10-10 13:30:00,0.9534888978708811
2022-10-10 14:30:00,0.9534888978708811
2022-10-10 15:30:00,0.9534888978708811
2022-10-10 16:30:00,0.9534888978708811
2022-10-10 17:30:00,0.9534888978708811
2022-10-10 18:30:00,0.9534888978708811
2022-10-10 19:30:00,0.9534888978708811
2022-10-11 13:30:00,0.9534888978708811
2022-10-11 14:30:00,0.9534888978708811
2022-10-11 15:30:00,0.9534888978708811
2022-10-11 16:30:00,0.9534888978708811
2022-10-11 17:30:00,0.9534888978708811
2022-10-11 18:30:00,0.9534888978708811
2022-10-11 19:30:00,0.9482353275570308
2022-10-12 13:30:00,0.9482353275570308
2022-10-12 14:30:00,0.9482353275570308
2022-10-12 15:30:00,0.9482353275570308
2022-10-12 16:30:00,0.9482353275570308
2022-10-12 17:30:00,0.9482353275570308
2022-10-12 18:30:00,0.9482353275570308
2022-10-12 19:30:00,0.9482353275570308
2022-10-13 13:30:00,0.9482353275570308
2022-10-13 14:30:00,0.9482353275570308
2022-10-13 15:30:00,0.9482353275570308
2022-10-13 16:30:00,0.9482353275570308
2022-10-13 17:30:00,0.9482353275570308
2022-10-13 18:30:00,0.9482353275570308
2022-10-13 19:30:00,1.0054740001111837
2022-10-14 13:30:00,1.0054740001111837
2022-10-14 14:30:00,1.0054740001111837
2022-10-14 15:30:00,1.0054740001111837
2022-10-14 16:30:00,1.0054740001111837
2022-10-14 17:30:00,1.0054740001111837
2022-10-14 18:30:00,1.0054740001111837
2022-10-14 19:30:00,1.050480107316978
2022-10-17 13:30:00,1.050480107316978
2022-10-17 14:30:00,1.050480107316978
2022-10-17 15:30:00,1.050480107316978
2022-10-17 16:30:00,1.050480107316978
2022-10-17 17:30:00,1.050480107316978
2022-10-17 18:30:00,1.050480107316978
2022-10-17 19:30:00,1.050480107316978
2022-10-18 13:30:00,1.050480107316978
2022-10-18 14:30:00,1.050480107316978
2022-10-18 15:30:00,1.050480107316978
2022-10-18 16:30:00,1.050480107316978
2022-10-18 17:30:00,1.050480107316978
2022-10-18 18:30:00,1.050480107316978
2022-10-18 19:30:00,1.0675070196651422
2022-10-19 13:30:00,1.0675070196651422
2022-10-19 14:30:00,1.0675070196651422
2022-10-19 15:30:00,1.0675070196651422
2022-10-19 16:30:00,1.0675070196651422
2022-10-19 17:30:00,1.0675070196651422
2022-10-19 18:30:00,1.0675070196651422
2022-10-19 19:30:00,1.0675070196651422
2022-10-20 13:30:00,1.0675070196651422
2022-10-20 14:30:00,1.0675070196651422
2022-10-20 15:30:00,1.0675070196651422
2022-10-20 16:30:00,1.0675070196651422
2022-10-20 17:30:00,1.0675070196651422
2022-10-20 18:30:00,1.0675070196651422
2022-10-20 19:30:00,1.0675070196651422
2022-10-21 13:30:00,1.0675070196651422
2022-10-21 14:30:00,1.0675070196651422
2022-10-21 15:30:00,1.0675070196651422
2022-10-21 16:30:00,1.0675070196651422
2022-10-21 17:30:00,1.0675070196651422
2022-10-21 18:30:00,1.0675070196651422
2022-10-21 19:30:00,1.0675070196651422
2022-10-24 13:30:00,1.0675070196651422
2022-10-24 14:30:00,1.0675070196651422
2022-10-24 15:30:00,1.0675070196651422
2022-10-24 16:30:00,1.0675070196651422
2022-10-24 17:30:00,1.0675070196651422
2022-10-24 18:30:00,1.0675070196651422
2022-10-24 19:30:00,1.0675070196651422
2022-10-25 13:30:00,1.0675070196651422
2022-10-25 14:30:00,1.0675070196651422
2022-10-25 15:30:00,1.0675070196651422
2022-10-25 16:30:00,1.0675070196651422
2022-10-25 17:30:00,1.0675070196651422
2022-10-25 18:30:00,1.0675070196651422
2022-10-25 19:30:00,1.0554542950109211
2022-10-26 13:30:00,1.0554542950109211
2022-10-26 14:30:00,1.0554542950109211
2022-10-26 15:30:00,1.0554542950109211
2022-10-26 16:30:00,1.0554542950109211
2022-10-26 17:30:00,1.0554542950109211
2022-10-26 18:30:00,1.0554542950109211
2022-10-26 19:30:00,1.0554542950109211
2022-10-27 13:30:00,1.0554542950109211
2022-10-27 14:30:00,1.0554542950109211
2022-10-27 15:30:00,1.0554542950109211
2022-10-27 16:30:00,1.0554542950109211
2022-10-27 17:30:00,1.0554542950109211
2022-10-27 18:30:00,1.0554542950109211
2022-10-27 19:30:00,1.0554542950109211
2022-10-28 13:30:00,1.0554542950109211
2022-10-28 14:30:00,1.0554542950109211
2022-10-28 15:30:00,1.0554542950109211
2022-10-28 16:30:00,1.0554542950109211
2022-10-28 17:30:00,1.0554542950109211
2022-10-28 18:30:00,1.0554542950109211
2022-10-28 19:30:00,1.0554542950109211
2022-10-31 13:30:00,1.0554542950109211
2022-10-31 14:30:00,1.0554542950109211
2022-10-31 15:30:00,1.0554542950109211
2022-10-31 16:30:00,1.0554542950109211
2022-10-31 17:30:00,1.0554542950109211
2022-10-31 18:30:00,1.0554542950109211
2022-10-31 19:30:00,1.0554542950109211
2022-11-01 13:30:00,1.0554542950109211
2022-11-01 14:30:00,1.0554542950109211
2022-11-01 15:30:00,1.0554542950109211
2022-11-01 16:30:00,1.0554542950109211
2022-11-01 17:30:00,1.0554542950109211
2022-11-01 18:30:00,1.0554542950109211
2022-11-01 19:30:00,1.0873210305271768
2022-11-02 13:30:00,1.0873210305271768
2022-11-02 14:30:00,1.0873210305271768
2022-11-02 15:30:00,1.0873210305271768
2022-11-02 16:30:00,1.0873210305271768
2022-11-02 17:30:00,1.0873210305271768
2022-11-02 18:30:00,1.0873210305271768
2022-11-02 19:30:00,1.0584939983187556
2022-11-03 13:30:00,1.0584939983187556
2022-11-03 14:30:00,1.0584939983187556
2022-11-03 15:30:00,1.0584939983187556
2022-11-03 16:30:00,1.0584939983187556
2022-11-03 17:30:00,1.0584939983187556
2022-11-03 18:30:00,1.0584939983187556
2022-11-03 19:30:00,1.0584939983187556
2022-11-04 13:30:00,1.0584939983187556
2022-11-04 14:30:00,1.0584939983187556
2022-11-04 15:30:00,1.0584939983187556
2022-11-04 16:30:00,1.0584939983187556
2022-11-04 17:30:00,1.0584939983187556
2022-11-04 18:30:00,1.0584939983187556
2022-11-04 19:30:00,1.0584939983187556
2022-11-07 14:30:00,1.0584939983187556
2022-11-07 15:30:00,1.0584939983187556
2022-11-07 16:30:00,1.0584939983187556
2022-11-07 17:30:00,1.0584939983187556
2022-11-07 18:30:00,1.0584939983187556
2022-11-07 19:30:00,1.0584939983187556
2022-11-07 20:30:00,1.0584939983187556
2022-11-08 14:30:00,1.0584939983187556
2022-11-08 15:30:00,1.0584939983187556
2022-11-08 16:30:00,1.0584939983187556
2022-11-08 17:30:00,1.0584939983187556
2022-11-08 18:30:00,1.0584939983187556
2022-11-08 19:30:00,1.0584939983187556
2022-11-08 20:30:00,1.0584939983187556
2022-11-09 14:30:00,1.0584939983187556
2022-11-09 15:30:00,1.0584939983187556
2022-11-09 16:30:00,1.0584939983187556
2022-11-09 17:30:00,1.0584939983187556
2022-11-09 18:30:00,1.0584939983187556
2022-11-09 19:30:00,1.0584939983187556
2022-11-09 20:30:00,1.0584939983187556
2022-11-10 14:30:00,1.0584939983187556
2022-11-10 15:30:00,1.0584939983187556
2022-11-10 16:30:00,1.0584939983187556
2022-11-10 17:30:00,1.0584939983187556
2022-11-10 18:30:00,1.0584939983187556
2022-11-10 19:30:00,1.0584939983187556
2022-11-10 20:30:00,1.0584939983187556
2022-11-11 14:30:00,1.0584939983187556
2022-11-11 15:30:00,1.0584939983187556
2022-11-11 16:30:00,1.0584939983187556
2022-11-11 17:30:00,1.0584939983187556
2022-11-11 18:30:00,1.0584939983187556
2022-11-11 19:30:00,1.0584939983187556
2022-11-11 20:30:00,1.0584939983187556
2022-11-14 14:30:00,1.0584939983187556
2022-11-14 15:30:00,1.0584939983187556
2022-11-14 16:30:00,1.0584939983187556
2022-11-14 17:30:00,1.0584939983187556
2022-11-14 18:30:00,1.0584939983187556
2022-11-14 19:30:00,1.0584939983187556
2022-11-14 20:30:00,1.0584939983187556
2022-11-15 14:30:00,1.0584939983187556
2022-11-15 15:30:00,1.0584939983187556
2022-11-15 16:30:00,1.0584939983187556
2022-11-15 17:30:00,1.0584939983187556
2022-11-15 18:30:00,1.0584939983187556
2022-11-15 19:30:00,1.0584939983187556
2022-11-15 20:30:00,1.0736949483812435
2022-11-16 14:30:00,1.0736949483812435
2022-11-16 15:30:00,1.0736949483812435
2022-11-16 16:30:00,1.0736949483812435
2022-11-16 17:30:00,1.0736949483812435
2022-11-16 18:30:00,1.0736949483812435
2022-11-16 19:30:00,1.0736949483812435
2022-11-16 20:30:00,1.0711750447271602
2022-11-17 14:30:00,1.0711750447271602
2022-11-17 15:30:00,1.0711750447271602
2022-11-17 16:30:00,1.0711750447271602
2022-11-17 17:30:00,1.0711750447271602
2022-11-17 18:30:00,1.0711750447271602
2022-11-17 19:30:00,1.0711750447271602
2022-11-17 20:30:00,1.1027770881676588
2022-11-18 14:30:00,1.1027770881676588
2022-11-18 15:30:00,1.1027770881676588
2022-11-18 16:30:00,1.1027770881676588
2022-11-18 17:30:00,1.1027770881676588
2022-11-18 18:30:00,1.1027770881676588
2022-11-18 19:30:00,1.1027770881676588
2022-11-18 20:30:00,1.110028771301331
2022-11-21 14:30:00,1.110028771301331
2022-11-21 15:30:00,1.110028771301331
2022-11-21 16:30:00,1.110028771301331
2022-11-21 17:30:00,1.110028771301331
2022-11-21 18:30:00,1.110028771301331
2022-11-21 19:30:00,1.110028771301331
2022-11-21 20:30:00,1.0942092350028172
2022-11-22 14:30:00,1.0942092350028172
2022-11-22 15:30:00,1.0942092350028172
2022-11-22 16:30:00,1.0942092350028172
2022-11-22 17:30:00,1.0942092350028172
2022-11-22 18:30:00,1.0942092350028172
2022-11-22 19:30:00,1.0942092350028172
2022-11-22 20:30:00,1.0942092350028172
2022-11-23 14:30:00,1.0942092350028172
2022-11-23 15:30:00,1.0942092350028172
2022-11-23 16:30:00,1.0942092350028172
2022-11-23 17:30:00,1.0942092350028172
2022-11-23 18:30:00,1.0942092350028172
2022-11-23 19:30:00,1.0942092350028172
2022-11-23 20:30:00,1.0942092350028172
2022-11-25 14:30:00,1.0942092350028172
2022-11-25 15:30:00,1.0942092350028172
2022-11-25 16:30:00,1.0942092350028172
2022-11-25 17:30:00,1.0930288125806986
2022-11-28 14:30:00,1.0930288125806986
2022-11-28 15:30:00,1.0930288125806986
2022-11-28 16:30:00,1.0930288125806986
2022-11-28 17:30:00,1.0930288125806986
2022-11-28 18:30:00,1.0930288125806986
2022-11-28 19:30:00,1.0930288125806986
2022-11-28 20:30:00,1.0860251894209088
2022-11-29 14:30:00,1.0860251894209088
2022-11-29 15:30:00,1.0860251894209088
2022-11-29 16:30:00,1.0860251894209088
2022-11-29 17:30:00,1.0860251894209088
2022-11-29 18:30:00,1.0860251894209088
2022-11-29 19:30:00,1.0860251894209088
2022-11-29 20:30:00,1.0860251894209088
2022-11-30 14:30:00,1.0860251894209088
2022-11-30 15:30:00,1.0860251894209088
2022-11-30 16:30:00,1.0860251894209088
2022-11-30 17:30:00,1.0860251894209088
2022-11-30 18:30:00,1.0860251894209088
2022-11-30 19:30:00,1.0860251894209088
2022-11-30 20:30:00,1.0860251894209088
2022-12-01 14:30:00,1.0860251894209088
2022-12-01 15:30:00,1.0860251894209088
2022-12-01 16:30:00,1.0860251894209088
2022-12-01 17:30:00,1.0860251894209088
2022-12-01 18:30:00,1.0860251894209088
2022-12-01 19:30:00,1.0860251894209088
2022-12-01 20:30:00,1.0860251894209088
2022-12-02 14:30:00,1.0860251894209088
2022-12-02 15:30:00,1.0860251894209088
2022-12-02 16:30:00,1.0860251894209088
2022-12-02 17:30:00,1.0860251894209088
2022-12-02 18:30:00,1.0860251894209088
2022-12-02 19:30:00,1.0860251894209088
2022-12-02 20:30:00,1.0860251894209088
2022-12-05 14:30:00,1.0860251894209088
2022-12-05 15:30:00,1.0860251894209088
2022-12-05 16:30:00,1.0860251894209088
2022-12-05 17:30:00,1.0860251894209088
2022-12-05 18:30:00,1.0860251894209088
2022-12-05 19:30:00,1.0860251894209088
2022-12-05 20:30:00,1.0860251894209088
2022-12-06 14:30:00,1.0860251894209088
2022-12-06 15:30:00,1.0860251894209088
2022-12-06 16:30:00,1.0860251894209088
2022-12-06 17:30:00,1.0860251894209088
2022-12-06 18:30:00,1.0860251894209088
2022-12-06 19:30:00,1.0860251894209088
2022-12-06 20:30:00,1.0860251894209088
2022-12-07 14:30:00,1.0860251894209088
2022-12-07 15:30:00,1.0860251894209088
2022-12-07 16:30:00,1.0860251894209088
2022-12-07 17:30:00,1.0860251894209088
2022-12-07 18:30:00,1.0860251894209088
2022-12-07 19:30:00,1.0860251894209088
2022-12-07 20:30:00,1.0860251894209088
2022-12-08 14:30:00,1.0860251894209088
2022-12-08 15:30:00,1.0860251894209088
2022-12-08 16:30:00,1.0860251894209088
2022-12-08 17:30:00,1.0860251894209088
2022-12-08 18:30:00,1.0860251894209088
2022-12-08 19:30:00,1.0860251894209088
2022-12-08 20:30:00,1.0860251894209088
2022-12-09 14:30:00,1.0860251894209088
2022-12-09 15:30:00,1.0860251894209088
2022-12-09 16:30:00,1.0860251894209088
2022-12-09 17:30:00,1.0860251894209088
2022-12-09 18:30:00,1.0860251894209088
2022-12-09 19:30:00,1.0860251894209088
2022-12-09 20:30:00,1.0860251894209088
2022-12-12 14:30:00,1.0860251894209088
2022-12-12 15:30:00,1.0860251894209088
2022-12-12 16:30:00,1.0860251894209088
2022-12-12 17:30:00,1.0860251894209088
2022-12-12 18:30:00,1.0860251894209088
2022-12-12 19:30:00,1.0860251894209088
2022-12-12 20:30:00,1.0860251894209088
2022-12-13 14:30:00,1.0860251894209088
2022-12-13 15:30:00,1.0860251894209088
2022-12-13 16:30:00,1.0860251894209088
2022-12-13 17:30:00,1.0860251894209088
2022-12-13 18:30:00,1.0860251894209088
2022-12-13 19:30:00,1.0860251894209088
2022-12-13 20:30:00,1.1161116781358758
2022-12-14 14:30:00,1.1161116781358758
2022-12-14 15:30:00,1.1161116781358758
2022-12-14 16:30:00,1.1161116781358758
2022-12-14 17:30:00,1.1161116781358758
2022-12-14 18:30:00,1.1161116781358758
2022-12-14 19:30:00,1.1161116781358758
2022-12-14 20:30:00,1.1161116781358758
2022-12-15 14:30:00,1.1161116781358758
2022-12-15 15:30:00,1.1161116781358758
2022-12-15 16:30:00,1.1161116781358758
2022-12-15 17:30:00,1.1161116781358758
2022-12-15 18:30:00,1.1161116781358758
2022-12-15 19:30:00,1.1161116781358758
2022-12-15 20:30:00,1.1161116781358758
2022-12-16 14:30:00,1.1161116781358758
2022-12-16 15:30:00,1.1161116781358758
2022-12-16 16:30:00,1.1161116781358758
2022-12-16 17:30:00,1.1161116781358758
2022-12-16 18:30:00,1.1161116781358758
2022-12-16 19:30:00,1.1161116781358758
2022-12-16 20:30:00,1.1161116781358758
2022-12-19 14:30:00,1.1161116781358758
2022-12-19 15:30:00,1.1161116781358758
2022-12-19 16:30:00,1.1161116781358758
2022-12-19 17:30:00,1.1161116781358758
2022-12-19 18:30:00,1.1161116781358758
2022-12-19 19:30:00,1.1161116781358758
2022-12-19 20:30:00,1.1161116781358758
2022-12-20 14:30:00,1.1161116781358758
2022-12-20 15:30:00,1.1161116781358758
2022-12-20 16:30:00,1.1161116781358758
2022-12-20 17:30:00,1.1161116781358758
2022-12-20 18:30:00,1.1161116781358758
2022-12-20 19:30:00,1.1161116781358758
2022-12-20 20:30:00,1.1161116781358758
2022-12-21 14:30:00,1.1161116781358758
2022-12-21 15:30:00,1.1161116781358758
2022-12-21 16:30:00,1.1161116781358758
2022-12-21 17:30:00,1.1161116781358758
2022-12-21 18:30:00,1.1161116781358758
2022-12-21 19:30:00,1.1161116781358758
2022-12-21 20:30:00,1.1161116781358758
2022-12-22 14:30:00,1.1161116781358758
2022-12-22 15:30:00,1.1161116781358758
2022-12-22 16:30:00,1.1161116781358758
2022-12-22 17:30:00,1.1161116781358758
2022-12-22 18:30:00,1.1161116781358758
2022-12-22 19:30:00,1.1161116781358758
2022-12-22 20:30:00,1.1161116781358758
2022-12-23 14:30:00,1.1161116781358758
2022-12-23 15:30:00,1.1161116781358758
2022-12-23 16:30:00,1.1161116781358758
2022-12-23 17:30:00,1.1161116781358758
2022-12-23 18:30:00,1.1161116781358758
2022-12-23 19:30:00,1.1161116781358758
2022-12-23 20:30:00,1.1161116781358758
2022-12-27 14:30:00,1.1161116781358758
2022-12-27 15:30:00,1.1161116781358758
2022-12-27 16:30:00,1.1161116781358758
2022-12-27 17:30:00,1.1161116781358758
2022-12-27 18:30:00,1.1161116781358758
2022-12-27 19:30:00,1.1161116781358758
2022-12-27 20:30:00,1.1161116781358758
2022-12-28 14:30:00,1.1161116781358758
2022-12-28 15:30:00,1.1161116781358758
2022-12-28 16:30:00,1.1161116781358758
2022-12-28 17:30:00,1.1161116781358758
2022-12-28 18:30:00,1.1161116781358758
2022-12-28 19:30:00,1.1161116781358758
2022-12-28 20:30:00,1.1161116781358758
2022-12-29 14:30:00,1.1161116781358758
2022-12-29 15:30:00,1.1161116781358758
2022-12-29 16:30:00,1.1161116781358758
2022-12-29 17:30:00,1.1161116781358758
2022-12-29 18:30:00,1.1161116781358758
2022-12-29 19:30:00,1.1161116781358758
2022-12-29 20:30:00,1.1161116781358758
2022-12-30 14:30:00,1.1161116781358758
2022-12-30 15:30:00,1.1161116781358758
2022-12-30 16:30:00,1.1161116781358758
2022-12-30 17:30:00,1.1161116781358758
2022-12-30 18:30:00,1.1161116781358758
2022-12-30 19:30:00,1.1161116781358758
2022-12-30 20:30:00,1.1294970218344136
2023-01-03 14:30:00,1.1294970218344136
2023-01-03 15:30:00,1.1294970218344136
2023-01-03 16:30:00,1.1294970218344136
2023-01-03 17:30:00,1.1294970218344136
2023-01-03 18:30:00,1.1294970218344136
2023-01-03 19:30:00,1.1294970218344136
2023-01-03 20:30:00,1.1767362815240896
2023-01-04 14:30:00,1.1767362815240896
2023-01-04 15:30:00,1.1767362815240896
2023-01-04 16:30:00,1.1767362815240896
2023-01-04 17:30:00,1.1767362815240896
2023-01-04 18:30:00,1.1767362815240896
2023-01-04 19:30:00,1.1767362815240896
2023-01-04 20:30:00,1.1767362815240896
2023-01-05 14:30:00,1.1767362815240896
2023-01-05 15:30:00,1.1767362815240896
2023-01-05 16:30:00,1.1767362815240896
2023-01-05 17:30:00,1.1767362815240896
2023-01-05 18:30:00,1.1767362815240896
2023-01-05 19:30:00,1.1767362815240896
2023-01-05 20:30:00,1.1767362815240896
2023-01-06 14:30:00,1.1767362815240896
2023-01-06 15:30:00,1.1767362815240896
2023-01-06 16:30:00,1.1767362815240896
2023-01-06 17:30:00,1.1767362815240896
2023-01-06 18:30:00,1.1767362815240896
2023-01-06 19:30:00,1.1767362815240896
2023-01-06 20:30:00,1.1767362815240896
2023-01-09 14:30:00,1.1767362815240896
2023-01-09 15:30:00,1.1767362815240896
2023-01-09 16:30:00,1.1767362815240896
2023-01-09 17:30:00,1.1767362815240896
2023-01-09 18:30:00,1.1767362815240896
2023-01-09 19:30:00,1.1767362815240896
2023-01-09 20:30:00,1.1792218985255423
2023-01-10 14:30:00,1.1792218985255423
2023-01-10 15:30:00,1.1792218985255423
2023-01-10 16:30:00,1.1792218985255423
2023-01-10 17:30:00,1.1792218985255423
2023-01-10 18:30:00,1.1792218985255423
2023-01-10 19:30:00,1.1792218985255423
2023-01-10 20:30:00,1.1792218985255423
2023-01-11 14:30:00,1.1792218985255423
2023-01-11 15:30:00,1.1792218985255423
2023-01-11 16:30:00,1.1792218985255423
2023-01-11 17:30:00,1.1792218985255423
2023-01-11 18:30:00,1.1792218985255423
2023-01-11 19:30:00,1.1792218985255423
2023-01-11 20:30:00,1.1595210831695941
2023-01-12 14:30:00,1.1595210831695941
2023-01-12 15:30:00,1.1595210831695941
2023-01-12 16:30:00,1.1595210831695941
2023-01-12 17:30:00,1.1595210831695941
2023-01-12 18:30:00,1.1595210831695941
2023-01-12 19:30:00,1.1595210831695941
2023-01-12 20:30:00,1.1595210831695941
2023-01-13 14:30:00,1.1595210831695941
2023-01-13 15:30:00,1.1595210831695941
2023-01-13 16:30:00,1.1595210831695941
2023-01-13 17:30:00,1.1595210831695941
2023-01-13 18:30:00,1.1595210831695941
2023-01-13 19:30:00,1.1595210831695941
2023-01-13 20:30:00,1.182969703120081
2023-01-17 14:30:00,1.182969703120081
2023-01-17 15:30:00,1.182969703120081
2023-01-17 16:30:00,1.182969703120081
2023-01-17 17:30:00,1.182969703120081
2023-01-17 18:30:00,1.182969703120081
2023-01-17 19:30:00,1.182969703120081
2023-01-17 20:30:00,1.182969703120081
2023-01-18 14:30:00,1.182969703120081
2023-01-18 15:30:00,1.182969703120081
2023-01-18 16:30:00,1.182969703120081
2023-01-18 17:30:00,1.182969703120081
2023-01-18 18:30:00,1.182969703120081
2023-01-18 19:30:00,1.182969703120081
2023-01-18 20:30:00,1.1970119662913556
2023-01-19 14:30:00,1.1970119662913556
2023-01-19 15:30:00,1.1970119662913556
2023-01-19 16:30:00,1.1970119662913556
2023-01-19 17:30:00,1.1970119662913556
2023-01-19 18:30:00,1.1970119662913556
2023-01-19 19:30:00,1.1970119662913556
2023-01-19 20:30:00,1.2079036324524195
2023-01-20 14:30:00,1.2079036324524195
2023-01-20 15:30:00,1.2079036324524195
2023-01-20 16:30:00,1.2079036324524195
2023-01-20 17:30:00,1.2079036324524195
2023-01-20 18:30:00,1.2079036324524195
2023-01-20 19:30:00,1.2079036324524195
2023-01-20 20:30:00,1.2079036324524195
2023-01-23 14:30:00,1.2079036324524195
2023-01-23 18:30:00,1.2079036324524195
2023-01-23 19:30:00,1.2079036324524195
2023-01-23 20:30:00,1.1823091893864939
2023-01-24 14:30:00,1.1823091893864939
2023-01-24 15:30:00,1.1823091893864939
2023-01-24 16:30:00,1.1823091893864939
2023-01-24 17:30:00,1.1823091893864939
2023-01-24 18:30:00,1.1823091893864939
2023-01-24 19:30:00,1.1823091893864939
2023-01-24 20:30:00,1.2010586990758987
2023-01-25 14:30:00,1.2010586990758987
2023-01-25 15:30:00,1.2010586990758987
2023-01-25 16:30:00,1.2010586990758987
2023-01-25 17:30:00,1.2010586990758987
2023-01-25 18:30:00,1.2010586990758987
2023-01-25 19:30:00,1.2010586990758987
2023-01-25 20:30:00,1.209242589782832
2023-01-26 14:30:00,1.209242589782832
2023-01-26 16:30:00,1.209242589782832
2023-01-26 17:30:00,1.209242589782832
2023-01-26 18:30:00,1.209242589782832
2023-01-26 19:30:00,1.209242589782832
2023-01-26 20:30:00,1.2027738056079482
2023-01-27 14:30:00,1.2027738056079482
2023-01-27 15:30:00,1.2027738056079482
2023-01-27 16:30:00,1.2027738056079482
2023-01-27 17:30:00,1.2027738056079482
2023-01-27 18:30:00,1.2027738056079482
2023-01-27 19:30:00,1.2027738056079482
2023-01-27 20:30:00,1.2027738056079482
2023-01-30 14:30:00,1.2027738056079482
2023-01-30 15:30:00,1.2027738056079482
2023-01-30 16:30:00,1.2027738056079482
2023-01-30 17:30:00,1.2027738056079482
2023-01-30 18:30:00,1.2027738056079482
2023-01-30 19:30:00,1.2027738056079482
2023-01-30 20:30:00,1.1866349550705708
2023-01-31 14:30:00,1.1866349550705708
2023-01-31 15:30:00,1.1866349550705708
2023-01-31 16:30:00,1.1866349550705708
2023-01-31 17:30:00,1.1866349550705708
2023-01-31 18:30:00,1.1866349550705708
2023-01-31 19:30:00,1.1866349550705708
2023-01-31 20:30:00,1.19985666293471
2023-02-01 14:30:00,1.19985666293471
2023-02-01 15:30:00,1.19985666293471
2023-02-01 16:30:00,1.19985666293471
2023-02-01 17:30:00,1.19985666293471
2023-02-01 18:30:00,1.19985666293471
2023-02-01 19:30:00,1.19985666293471
2023-02-01 20:30:00,1.19985666293471
2023-02-02 14:30:00,1.19985666293471
2023-02-02 15:30:00,1.19985666293471
2023-02-02 16:30:00,1.19985666293471
2023-02-02 17:30:00,1.19985666293471
2023-02-02 18:30:00,1.19985666293471
2023-02-02 19:30:00,1.19985666293471
2023-02-02 20:30:00,1.19985666293471
2023-02-03 14:30:00,1.19985666293471
2023-02-03 15:30:00,1.19985666293471
2023-02-03 16:30:00,1.19985666293471
2023-02-03 17:30:00,1.19985666293471
2023-02-03 18:30:00,1.19985666293471
2023-02-03 19:30:00,1.19985666293471
2023-02-03 20:30:00,1.19985666293471
2023-02-06 14:30:00,1.19985666293471
2023-02-06 15:30:00,1.19985666293471
2023-02-06 16:30:00,1.19985666293471
2023-02-06 17:30:00,1.19985666293471
2023-02-06 18:30:00,1.19985666293471
2023-02-06 19:30:00,1.19985666293471
2023-02-06 20:30:00,1.19985666293471
2023-02-07 14:30:00,1.19985666293471
2023-02-07 15:30:00,1.19985666293471
2023-02-07 16:30:00,1.19985666293471
2023-02-07 17:30:00,1.19985666293471
2023-02-07 18:30:00,1.19985666293471
2023-02-07 19:30:00,1.19985666293471
2023-02-07 20:30:00,1.19985666293471
2023-02-08 14:30:00,1.19985666293471
2023-02-08 15:30:00,1.19985666293471
2023-02-08 16:30:00,1.19985666293471
2023-02-08 17:30:00,1.19985666293471
2023-02-08 18:30:00,1.19985666293471
2023-02-08 19:30:00,1.19985666293471
2023-02-08 20:30:00,1.19985666293471
2023-02-09 14:30:00,1.19985666293471
2023-02-09 15:30:00,1.19985666293471
2023-02-09 16:30:00,1.19985666293471
2023-02-09 17:30:00,1.19985666293471
2023-02-09 18:30:00,1.19985666293471
2023-02-09 19:30:00,1.19985666293471
2023-02-09 20:30:00,1.2228787536069619
2023-02-10 14:30:00,1.2228787536069619
2023-02-10 15:30:00,1.2228787536069619
2023-02-10 16:30:00,1.2228787536069619
2023-02-10 17:30:00,1.2228787536069619
2023-02-10 18:30:00,1.2228787536069619
2023-02-10 19:30:00,1.2228787536069619
2023-02-10 20:30:00,1.2356425599712149
2023-02-13 14:30:00,1.2356425599712149
2023-02-13 15:30:00,1.2356425599712149
2023-02-13 16:30:00,1.2356425599712149
2023-02-13 17:30:00,1.2356425599712149
2023-02-13 18:30:00,1.2356425599712149
2023-02-13 19:30:00,1.2356425599712149
2023-02-13 20:30:00,1.2356425599712149
2023-02-14 14:30:00,1.2356425599712149
2023-02-14 15:30:00,1.2356425599712149
2023-02-14 16:30:00,1.2356425599712149
2023-02-14 17:30:00,1.2356425599712149
2023-02-14 18:30:00,1.2356425599712149
2023-02-14 19:30:00,1.2356425599712149
2023-02-14 20:30:00,1.2356425599712149
2023-02-15 14:30:00,1.2356425599712149
2023-02-15 15:30:00,1.2356425599712149
2023-02-15 16:30:00,1.2356425599712149
2023-02-15 17:30:00,1.2356425599712149
2023-02-15 18:30:00,1.2356425599712149
2023-02-15 19:30:00,1.2356425599712149
2023-02-15 20:30:00,1.2356425599712149
2023-02-16 14:30:00,1.2356425599712149
2023-02-16 15:30:00,1.2356425599712149
2023-02-16 16:30:00,1.2356425599712149
2023-02-16 17:30:00,1.2356425599712149
2023-02-16 18:30:00,1.2356425599712149
2023-02-16 19:30:00,1.2356425599712149
2023-02-16 20:30:00,1.2370915081290543
2023-02-17 14:30:00,1.2370915081290543
2023-02-17 15:30:00,1.2370915081290543
2023-02-17 16:30:00,1.2370915081290543
2023-02-17 17:30:00,1.2370915081290543
2023-02-17 18:30:00,1.2370915081290543
2023-02-17 19:30:00,1.2370915081290543
2023-02-17 20:30:00,1.2386341574844062
2023-02-21 14:30:00,1.2386341574844062
2023-02-21 15:30:00,1.2386341574844062
2023-02-21 16:30:00,1.2386341574844062
2023-02-24 15:30:00,1.2386341574844062
2023-02-24 16:30:00,1.2386341574844062
2023-02-24 17:30:00,1.2386341574844062
2023-02-24 18:30:00,1.2386341574844062
2023-02-24 19:30:00,1.2386341574844062
2023-02-24 20:30:00,1.2386341574844062
2023-02-27 14:30:00,1.2386341574844062
2023-02-27 15:30:00,1.2386341574844062
2023-02-27 16:30:00,1.2386341574844062
2023-02-27 17:30:00,1.2386341574844062
2023-02-27 18:30:00,1.2386341574844062
2023-02-27 19:30:00,1.2386341574844062
2023-02-27 20:30:00,1.2386341574844062
2023-02-28 14:30:00,1.2386341574844062
2023-02-28 15:30:00,1.2386341574844062
2023-02-28 16:30:00,1.2386341574844062
2023-02-28 17:30:00,1.2386341574844062
2023-02-28 18:30:00,1.2386341574844062
2023-02-28 19:30:00,1.2386341574844062
2023-02-28 20:30:00,1.2415821994346132
2023-03-01 14:30:00,1.2415821994346132
2023-03-01 15:30:00,1.2415821994346132
2023-03-01 16:30:00,1.2415821994346132
2023-03-01 17:30:00,1.2415821994346132
2023-03-01 18:30:00,1.2415821994346132
2023-03-01 19:30:00,1.2415821994346132
2023-03-01 20:30:00,1.2288138502871346
2023-03-02 14:30:00,1.2288138502871346
2023-03-02 15:30:00,1.2288138502871346
2023-03-02 16:30:00,1.2288138502871346
2023-03-02 17:30:00,1.2288138502871346
2023-03-02 18:30:00,1.2288138502871346
2023-03-02 19:30:00,1.2288138502871346
2023-03-02 20:30:00,1.2419207441051299
2023-03-03 14:30:00,1.2419207441051299
2023-03-03 15:30:00,1.2419207441051299
2023-03-03 16:30:00,1.2419207441051299
2023-03-03 17:30:00,1.2419207441051299
2023-03-03 18:30:00,1.2419207441051299
2023-03-03 19:30:00,1.2419207441051299
2023-03-03 20:30:00,1.2419207441051299
2023-03-06 14:30:00,1.2419207441051299
2023-03-06 15:30:00,1.2291339944318462
2023-03-06 18:30:00,1.2291339944318462
2023-03-06 19:30:00,1.2291339944318462
2023-03-06 20:30:00,1.2291339944318462
2023-03-07 14:30:00,1.2291339944318462
2023-03-07 15:30:00,1.2291339944318462
2023-03-07 16:30:00,1.2291339944318462
2023-03-07 17:30:00,1.2291339944318462
2023-03-07 18:30:00,1.2291339944318462
2023-03-07 19:30:00,1.2291339944318462
2023-03-07 20:30:00,1.2291339944318462
2023-03-08 14:30:00,1.2291339944318462
2023-03-08 15:30:00,1.2291339944318462
2023-03-08 16:30:00,1.2291339944318462
2023-03-08 17:30:00,1.2291339944318462
2023-03-08 18:30:00,1.2291339944318462
2023-03-08 19:30:00,1.2291339944318462
2023-03-08 20:30:00,1.2291339944318462
2023-03-09 14:30:00,1.2291339944318462
2023-03-09 15:30:00,1.2291339944318462
2023-03-09 16:30:00,1.2291339944318462
2023-03-09 17:30:00,1.2291339944318462
2023-03-09 18:30:00,1.2291339944318462
2023-03-09 19:30:00,1.2291339944318462
2023-03-09 20:30:00,1.2537004273815995
2023-03-10 14:30:00,1.2537004273815995
2023-03-10 15:30:00,1.2537004273815995
2023-03-10 16:30:00,1.2537004273815995
2023-03-10 17:30:00,1.2537004273815995
2023-03-10 18:30:00,1.2537004273815995
2023-03-10 19:30:00,1.2537004273815995
2023-03-10 20:30:00,1.2537004273815995
2023-03-13 13:30:00,1.2537004273815995
2023-03-13 14:30:00,1.2537004273815995
2023-03-13 15:30:00,1.2537004273815995
2023-03-13 16:30:00,1.2537004273815995
2023-03-13 17:30:00,1.2537004273815995
2023-03-13 18:30:00,1.2537004273815995
2023-03-13 19:30:00,1.2537004273815995
2023-03-14 13:30:00,1.2537004273815995
2023-03-14 14:30:00,1.2537004273815995
2023-03-14 15:30:00,1.2537004273815995
2023-03-14 16:30:00,1.2537004273815995
2023-03-14 17:30:00,1.2537004273815995
2023-03-14 18:30:00,1.2537004273815995
2023-03-14 19:30:00,1.2537004273815995
2023-03-15 13:30:00,1.2537004273815995
2023-03-15 14:30:00,1.2537004273815995
2023-03-15 15:30:00,1.2537004273815995
2023-03-15 16:30:00,1.2537004273815995
2023-03-15 17:30:00,1.2537004273815995
2023-03-15 18:30:00,1.2537004273815995
2023-03-15 19:30:00,1.2537004273815995
2023-03-16 13:30:00,1.2537004273815995
2023-03-16 14:30:00,1.2537004273815995
2023-03-16 15:30:00,1.2537004273815995
2023-03-17 13:30:00,1.2537004273815995
2023-03-17 14:30:00,1.2537004273815995
2023-03-17 15:30:00,1.2537004273815995
2023-03-17 16:30:00,1.2537004273815995
2023-03-17 17:30:00,1.2537004273815995
2023-03-17 18:30:00,1.2537004273815995
2023-03-17 19:30:00,1.2537004273815995
2023-03-20 13:30:00,1.2537004273815995
2023-03-20 14:30:00,1.2537004273815995
2023-03-20 15:30:00,1.2537004273815995
2023-03-20 16:30:00,1.2537004273815995
2023-03-20 17:30:00,1.2537004273815995
2023-03-20 18:30:00,1.2537004273815995
2023-03-20 19:30:00,1.2537004273815995
2023-03-21 13:30:00,1.2537004273815995
2023-03-21 14:30:00,1.2537004273815995
2023-03-21 15:30:00,1.2537004273815995
2023-03-21 16:30:00,1.2537004273815995
2023-03-21 17:30:00,1.2537004273815995
2023-03-21 18:30:00,1.2537004273815995
2023-03-21 19:30:00,1.2537004273815995
2023-03-22 13:30:00,1.2537004273815995
2023-03-22 14:30:00,1.2537004273815995
2023-03-22 15:30:00,1.2537004273815995
2023-03-22 16:30:00,1.2537004273815995
2023-03-22 17:30:00,1.2537004273815995
2023-03-22 18:30:00,1.2537004273815995
2023-03-22 19:30:00,1.2537004273815995
2023-03-23 13:30:00,1.2537004273815995
2023-03-23 14:30:00,1.2537004273815995
2023-03-23 15:30:00,1.2537004273815995
2023-03-23 16:30:00,1.2537004273815995
2023-03-23 17:30:00,1.2537004273815995
2023-03-23 18:30:00,1.2537004273815995
2023-03-23 19:30:00,1.2537004273815995
2023-03-24 13:30:00,1.2537004273815995
2023-03-24 14:30:00,1.2537004273815995
2023-03-24 15:30:00,1.2537004273815995
2023-03-24 16:30:00,1.2537004273815995
2023-03-24 17:30:00,1.2537004273815995
2023-03-24 18:30:00,1.2537004273815995
2023-03-24 19:30:00,1.2537004273815995
2023-03-27 13:30:00,1.2537004273815995
2023-03-27 14:30:00,1.2537004273815995
2023-03-27 15:30:00,1.2537004273815995
2023-03-27 16:30:00,1.2537004273815995
2023-03-27 17:30:00,1.2537004273815995
2023-03-27 18:30:00,1.2537004273815995
2023-03-27 19:30:00,1.2537004273815995
2023-03-28 13:30:00,1.2537004273815995
2023-03-28 14:30:00,1.2537004273815995
2023-03-28 15:30:00,1.2537004273815995
2023-03-28 16:30:00,1.2537004273815995
2023-03-28 17:30:00,1.2537004273815995
2023-03-28 18:30:00,1.2537004273815995
2023-03-28 19:30:00,1.2537004273815995
2023-03-29 13:30:00,1.2537004273815995
2023-03-29 14:30:00,1.2537004273815995
2023-03-29 15:30:00,1.2537004273815995
2023-03-29 16:30:00,1.2537004273815995
2023-03-29 18:30:00,1.2537004273815995
2023-03-29 19:30:00,1.2427057912166035
2023-03-30 13:30:00,1.2427057912166035
2023-03-30 14:30:00,1.2427057912166035
2023-03-30 15:30:00,1.2427057912166035
2023-03-30 16:30:00,1.2427057912166035
2023-03-30 17:30:00,1.2427057912166035
2023-03-30 18:30:00,1.2427057912166035
2023-03-30 19:30:00,1.2427057912166035
2023-03-31 13:30:00,1.2427057912166035
2023-03-31 14:30:00,1.2427057912166035
2023-03-31 15:30:00,1.2427057912166035
2023-03-31 16:30:00,1.2427057912166035
2023-03-31 17:30:00,1.2427057912166035
2023-03-31 18:30:00,1.2427057912166035
2023-03-31 19:30:00,1.2427057912166035
2023-04-03 13:30:00,1.2427057912166035
2023-04-03 14:30:00,1.2427057912166035
2023-04-03 15:30:00,1.2427057912166035
2023-04-03 16:30:00,1.2427057912166035
2023-04-03 17:30:00,1.2427057912166035
2023-04-03 18:30:00,1.2427057912166035
2023-04-03 19:30:00,1.2427057912166035
2023-04-04 13:30:00,1.2427057912166035
2023-04-04 14:30:00,1.2427057912166035
2023-04-04 15:30:00,1.2427057912166035
2023-04-04 16:30:00,1.2427057912166035
2023-04-04 17:30:00,1.2427057912166035
2023-04-04 18:30:00,1.2427057912166035
2023-04-04 19:30:00,1.2497197349253293
2023-04-05 13:30:00,1.2497197349253293
2023-04-05 14:30:00,1.2497197349253293
2023-04-05 15:30:00,1.2497197349253293
2023-04-05 16:30:00,1.2497197349253293
2023-04-05 17:30:00,1.2497197349253293
2023-04-05 18:30:00,1.2497197349253293
2023-04-05 19:30:00,1.2497197349253293
2023-04-06 13:30:00,1.2497197349253293
2023-04-06 14:30:00,1.2497197349253293
2023-04-06 15:30:00,1.2497197349253293
2023-04-06 16:30:00,1.2497197349253293
2023-04-06 17:30:00,1.2497197349253293
2023-04-06 18:30:00,1.2497197349253293
2023-04-06 19:30:00,1.2497197349253293
2023-04-10 13:30:00,1.2497197349253293
2023-04-10 14:30:00,1.2497197349253293
2023-04-10 15:30:00,1.2497197349253293
2023-04-10 16:30:00,1.2497197349253293
2023-04-10 17:30:00,1.2497197349253293
2023-04-10 18:30:00,1.2497197349253293
2023-04-10 19:30:00,1.2544423779578189
2023-04-11 13:30:00,1.2544423779578189
2023-04-11 14:30:00,1.2544423779578189
2023-04-11 15:30:00,1.2544423779578189
2023-04-11 16:30:00,1.2544423779578189
2023-04-11 17:30:00,1.2544423779578189
2023-04-11 18:30:00,1.2544423779578189
2023-04-11 19:30:00,1.2544423779578189
2023-04-12 13:30:00,1.2544423779578189
2023-04-12 14:30:00,1.2544423779578189
2023-04-12 15:30:00,1.2544423779578189
2023-04-12 16:30:00,1.2544423779578189
2023-04-12 17:30:00,1.2544423779578189
2023-04-12 18:30:00,1.2544423779578189
2023-04-12 19:30:00,1.2544423779578189
2023-04-13 13:30:00,1.2544423779578189
2023-04-13 14:30:00,1.2544423779578189
2023-04-13 15:30:00,1.2544423779578189
2023-04-13 16:30:00,1.2544423779578189
2023-04-13 17:30:00,1.2544423779578189
2023-04-13 18:30:00,1.2544423779578189
2023-04-13 19:30:00,1.2544423779578189
2023-04-14 13:30:00,1.2544423779578189
2023-04-14 14:30:00,1.2544423779578189
2023-04-14 15:30:00,1.2544423779578189
2023-04-14 16:30:00,1.2544423779578189
2023-04-14 17:30:00,1.2544423779578189
2023-04-14 18:30:00,1.2544423779578189
2023-04-14 19:30:00,1.2544423779578189
2023-04-17 13:30:00,1.2544423779578189
2023-04-17 14:30:00,1.2544423779578189
2023-04-17 15:30:00,1.2544423779578189
2023-04-17 16:30:00,1.2544423779578189
2023-04-17 17:30:00,1.2544423779578189
2023-04-17 18:30:00,1.2544423779578189
2023-04-17 19:30:00,1.2544423779578189
2023-04-18 13:30:00,1.2544423779578189
2023-04-18 14:30:00,1.2544423779578189
2023-04-18 15:30:00,1.2544423779578189
2023-04-18 16:30:00,1.2544423779578189
2023-04-18 17:30:00,1.2544423779578189
2023-04-18 18:30:00,1.2544423779578189
2023-04-18 19:30:00,1.2514101562438837
2023-04-19 13:30:00,1.2514101562438837
2023-04-19 14:30:00,1.2514101562438837
2023-04-19 15:30:00,1.2514101562438837
2023-04-19 16:30:00,1.2514101562438837
2023-04-19 17:30:00,1.2514101562438837
2023-04-19 18:30:00,1.2514101562438837
2023-04-19 19:30:00,1.2651469866682739
2023-04-20 13:30:00,1.2651469866682739
2023-04-20 14:30:00,1.2651469866682739
2023-04-20 15:30:00,1.2651469866682739
2023-04-20 16:30:00,1.2651469866682739
2023-04-20 17:30:00,1.2651469866682739
2023-04-20 18:30:00,1.2651469866682739
2023-04-20 19:30:00,1.2665195195318066
2023-04-21 13:30:00,1.2665195195318066
2023-04-21 14:30:00,1.2665195195318066
2023-04-21 15:30:00,1.2665195195318066
2023-04-21 16:30:00,1.2665195195318066
2023-04-21 17:30:00,1.2665195195318066
2023-04-21 18:30:00,1.2665195195318066
2023-04-21 19:30:00,1.2646036855638576
2023-04-24 13:30:00,1.2646036855638576
2023-04-24 14:30:00,1.2646036855638576
2023-04-24 15:30:00,1.2646036855638576
2023-04-24 16:30:00,1.2646036855638576
2023-04-24 17:30:00,1.2646036855638576
2023-04-24 18:30:00,1.2646036855638576
2023-04-24 19:30:00,1.2646036855638576
2023-04-25 13:30:00,1.2646036855638576
2023-04-25 14:30:00,1.2646036855638576
2023-04-25 15:30:00,1.2646036855638576
2023-04-25 16:30:00,1.2646036855638576
2023-04-25 17:30:00,1.2646036855638576
2023-04-25 18:30:00,1.2646036855638576
2023-04-25 19:30:00,1.2646036855638576
2023-04-26 13:30:00,1.2646036855638576
2023-04-26 14:30:00,1.2646036855638576
2023-04-26 15:30:00,1.2646036855638576
2023-04-26 16:30:00,1.2646036855638576
2023-04-26 17:30:00,1.2646036855638576
2023-04-26 18:30:00,1.2646036855638576
2023-04-26 19:30:00,1.2698388527537268
2023-04-27 13:30:00,1.2698388527537268
2023-04-27 14:30:00,1.2698388527537268
2023-04-27 15:30:00,1.2698388527537268
2023-04-27 16:30:00,1.2698388527537268
2023-04-27 17:30:00,1.2698388527537268
2023-04-27 18:30:00,1.2698388527537268
2023-04-28 15:30:00,1.2698388527537268
2023-04-28 16:30:00,1.2698388527537268
2023-04-28 17:30:00,1.2698388527537268
2023-04-28 18:30:00,1.2698388527537268
2023-04-28 19:30:00,1.2698388527537268
2023-05-01 13:30:00,1.2698388527537268
2023-05-01 14:30:00,1.2698388527537268
2023-05-01 15:30:00,1.2698388527537268
2023-05-01 16:30:00,1.2698388527537268
2023-05-01 17:30:00,1.2698388527537268
2023-05-01 18:30:00,1.2698388527537268
2023-05-01 19:30:00,1.2698388527537268
2023-05-02 13:30:00,1.2698388527537268
2023-05-02 14:30:00,1.2698388527537268
2023-05-02 15:30:00,1.2698388527537268
2023-05-02 16:30:00,1.2698388527537268
2023-05-02 17:30:00,1.2698388527537268
2023-05-02 18:30:00,1.2698388527537268
2023-05-02 19:30:00,1.2698388527537268
2023-05-03 13:30:00,1.2698388527537268
2023-05-03 14:30:00,1.2698388527537268
2023-05-03 15:30:00,1.2698388527537268
2023-05-03 16:30:00,1.2698388527537268
2023-05-03 17:30:00,1.2698388527537268
2023-05-03 18:30:00,1.2698388527537268
2023-05-03 19:30:00,1.2853079701939385
2023-05-04 13:30:00,1.2853079701939385
2023-05-04 14:30:00,1.2853079701939385
2023-05-04 15:30:00,1.2853079701939385
2023-05-04 16:30:00,1.2853079701939385
2023-05-04 17:30:00,1.2853079701939385
2023-05-04 18:30:00,1.2853079701939385
2023-05-04 19:30:00,1.2853079701939385
2023-05-05 13:30:00,1.2853079701939385
2023-05-05 14:30:00,1.2853079701939385
2023-05-05 15:30:00,1.2853079701939385
2023-05-05 16:30:00,1.2853079701939385
2023-05-05 17:30:00,1.2853079701939385
2023-05-05 18:30:00,1.2853079701939385
2023-05-05 19:30:00,1.2853079701939385
2023-05-08 13:30:00,1.2853079701939385
2023-05-08 14:30:00,1.2853079701939385
2023-05-08 15:30:00,1.2853079701939385
2023-05-08 16:30:00,1.2853079701939385
2023-05-08 17:30:00,1.2853079701939385
2023-05-08 18:30:00,1.2853079701939385
2023-05-08 19:30:00,1.2853079701939385
2023-05-09 13:30:00,1.2853079701939385
2023-05-09 14:30:00,1.2853079701939385
2023-05-09 15:30:00,1.2853079701939385
2023-05-09 16:30:00,1.2853079701939385
2023-05-09 17:30:00,1.2853079701939385
2023-05-09 18:30:00,1.2853079701939385
2023-05-09 19:30:00,1.2853079701939385
2023-05-10 13:30:00,1.2853079701939385
2023-05-10 14:30:00,1.2853079701939385
2023-05-10 15:30:00,1.2853079701939385
2023-05-10 16:30:00,1.2853079701939385
2023-05-10 17:30:00,1.2853079701939385
2023-05-10 18:30:00,1.2853079701939385
2023-05-10 19:30:00,1.2853079701939385
2023-05-11 13:30:00,1.2853079701939385
2023-05-11 14:30:00,1.2853079701939385
2023-05-11 15:30:00,1.2853079701939385
2023-05-11 16:30:00,1.2853079701939385
2023-05-11 17:30:00,1.2853079701939385
2023-05-11 18:30:00,1.2853079701939385
2023-05-11 19:30:00,1.2853079701939385
2023-05-12 13:30:00,1.2853079701939385
2023-05-12 14:30:00,1.2853079701939385
2023-05-12 15:30:00,1.2853079701939385
2023-05-12 16:30:00,1.2853079701939385
2023-05-12 17:30:00,1.2853079701939385
2023-05-12 18:30:00,1.2853079701939385
2023-05-12 19:30:00,1.2853079701939385
2023-05-15 13:30:00,1.2853079701939385
2023-05-15 14:30:00,1.2853079701939385
2023-05-15 15:30:00,1.2853079701939385
2023-05-15 16:30:00,1.2853079701939385
2023-05-15 17:30:00,1.2853079701939385
2023-05-15 18:30:00,1.2853079701939385
2023-05-15 19:30:00,1.2929990595409424
2023-05-16 13:30:00,1.2929990595409424
2023-05-16 14:30:00,1.2929990595409424
2023-05-16 15:30:00,1.2929990595409424
2023-05-16 16:30:00,1.2929990595409424
2023-05-16 17:30:00,1.2929990595409424
2023-05-16 18:30:00,1.2929990595409424
2023-05-16 19:30:00,1.2929990595409424
2023-05-17 13:30:00,1.2929990595409424
2023-05-17 14:30:00,1.2929990595409424
2023-05-17 15:30:00,1.2929990595409424
2023-05-17 16:30:00,1.2929990595409424
2023-05-17 17:30:00,1.2929990595409424
2023-05-17 18:30:00,1.2929990595409424
2023-05-17 19:30:00,1.2996989269721846
2023-05-18 13:30:00,1.2996989269721846
2023-05-18 14:30:00,1.2996989269721846
2023-05-18 15:30:00,1.2996989269721846
2023-05-18 16:30:00,1.2996989269721846
2023-05-18 17:30:00,1.2996989269721846
2023-05-18 18:30:00,1.2996989269721846
2023-05-18 19:30:00,1.2996989269721846
2023-05-19 13:30:00,1.2996989269721846
2023-05-19 14:30:00,1.2996989269721846
2023-05-19 15:30:00,1.2996989269721846
2023-05-19 16:30:00,1.2996989269721846
2023-05-19 17:30:00,1.3058388021214755
2023-05-22 18:30:00,1.3058388021214755
2023-05-22 19:30:00,1.3058388021214755
2023-05-23 13:30:00,1.3058388021214755
2023-05-23 14:30:00,1.3058388021214755
2023-05-23 15:30:00,1.3058388021214755
2023-05-23 16:30:00,1.3058388021214755
2023-05-23 17:30:00,1.3058388021214755
2023-05-23 18:30:00,1.3058388021214755
2023-05-23 19:30:00,1.293921599398944
2023-05-24 13:30:00,1.293921599398944
2023-05-24 14:30:00,1.293921599398944
2023-05-24 15:30:00,1.293921599398944
2023-05-24 16:30:00,1.293921599398944
2023-05-24 17:30:00,1.293921599398944
2023-05-24 18:30:00,1.293921599398944
2023-05-24 19:30:00,1.2995180806868931
2023-05-25 13:30:00,1.2995180806868931
2023-05-25 14:30:00,1.2995180806868931
2023-05-25 15:30:00,1.2995180806868931
2023-05-25 16:30:00,1.2995180806868931
2023-05-25 17:30:00,1.2995180806868931
2023-05-25 18:30:00,1.2995180806868931
2023-05-25 19:30:00,1.2995180806868931
2023-05-26 13:30:00,1.2995180806868931
2023-05-26 14:30:00,1.2995180806868931
2023-05-26 15:30:00,1.2995180806868931
2023-05-26 16:30:00,1.2995180806868931
2023-05-26 17:30:00,1.2995180806868931
2023-05-30 13:30:00,1.2995180806868931
2023-05-30 14:30:00,1.2995180806868931
2023-05-30 15:30:00,1.2995180806868931
2023-05-30 16:30:00,1.2995180806868931
2023-05-30 17:30:00,1.2995180806868931
2023-05-30 18:30:00,1.2995180806868931
2023-05-30 19:30:00,1.2949012849341566
2023-05-31 13:30:00,1.2949012849341566
2023-05-31 14:30:00,1.2949012849341566
2023-05-31 15:30:00,1.2949012849341566
2023-05-31 16:30:00,1.2949012849341566
2023-05-31 17:30:00,1.2949012849341566
2023-05-31 18:30:00,1.2949012849341566
2023-05-31 19:30:00,1.2949012849341566
2023-06-01 13:30:00,1.2949012849341566
2023-06-01 14:30:00,1.2949012849341566
2023-06-01 15:30:00,1.2949012849341566
2023-06-01 16:30:00,1.2949012849341566
2023-06-01 17:30:00,1.2949012849341566
2023-06-01 18:30:00,1.2949012849341566
2023-06-01 19:30:00,1.2949012849341566
2023-06-02 13:30:00,1.2949012849341566
2023-06-02 14:30:00,1.2949012849341566
2023-06-02 15:30:00,1.2949012849341566
2023-06-02 16:30:00,1.2949012849341566
2023-06-02 17:30:00,1.2949012849341566
2023-06-02 18:30:00,1.2949012849341566
2023-06-02 19:30:00,1.2954021145977521
2023-06-05 13:30:00,1.2954021145977521
2023-06-05 14:30:00,1.2954021145977521
2023-06-05 15:30:00,1.2954021145977521
2023-06-05 16:30:00,1.2954021145977521
2023-06-05 17:30:00,1.2954021145977521
2023-06-05 18:30:00,1.2954021145977521
2023-06-05 19:30:00,1.3151648575952426
2023-06-06 13:30:00,1.3151648575952426
2023-06-06 14:30:00,1.3151648575952426
2023-06-06 15:30:00,1.3151648575952426
2023-06-06 16:30:00,1.3151648575952426
2023-06-06 17:30:00,1.3151648575952426
2023-06-06 18:30:00,1.3151648575952426
2023-06-06 19:30:00,1.3151648575952426
2023-06-07 13:30:00,1.3151648575952426
2023-06-07 14:30:00,1.3151648575952426
2023-06-07 15:30:00,1.3151648575952426
2023-06-07 16:30:00,1.3151648575952426
2023-06-07 17:30:00,1.3151648575952426
2023-06-07 18:30:00,1.3151648575952426
2023-06-07 19:30:00,1.3151648575952426
2023-06-08 13:30:00,1.3151648575952426
2023-06-08 14:30:00,1.3151648575952426
2023-06-08 15:30:00,1.3151648575952426
2023-06-08 16:30:00,1.3151648575952426
2023-06-08 17:30:00,1.3151648575952426
2023-06-08 18:30:00,1.3151648575952426
2023-06-08 19:30:00,1.3151648575952426
2023-06-09 13:30:00,1.3151648575952426
2023-06-09 14:30:00,1.3151648575952426
2023-06-09 15:30:00,1.3151648575952426
2023-06-09 16:30:00,1.3151648575952426
2023-06-09 17:30:00,1.3151648575952426
2023-06-09 18:30:00,1.3151648575952426
2023-06-09 19:30:00,1.3185065998597136
2023-06-12 13:30:00,1.3185065998597136
2023-06-12 14:30:00,1.3185065998597136
2023-06-12 15:30:00,1.3185065998597136
2023-06-12 16:30:00,1.3185065998597136
2023-06-12 17:30:00,1.3185065998597136
2023-06-12 18:30:00,1.3185065998597136
2023-06-12 19:30:00,1.3185065998597136
2023-06-13 14:30:00,1.3185065998597136
2023-06-13 15:30:00,1.3185065998597136
2023-06-13 16:30:00,1.3185065998597136
2023-06-13 17:30:00,1.3185065998597136
2023-06-13 18:30:00,1.3185065998597136
2023-06-13 19:30:00,1.3185065998597136
2023-06-14 13:30:00,1.3185065998597136
2023-06-14 14:30:00,1.3185065998597136
2023-06-14 15:30:00,1.3185065998597136
2023-06-14 16:30:00,1.3185065998597136
2023-06-14 17:30:00,1.3185065998597136
2023-06-14 18:30:00,1.3185065998597136
2023-06-14 19:30:00,1.3185065998597136
2023-06-15 13:30:00,1.3185065998597136
2023-06-15 14:30:00,1.3185065998597136
2023-06-15 15:30:00,1.3185065998597136
2023-06-15 16:30:00,1.3185065998597136
2023-06-15 17:30:00,1.3185065998597136
2023-06-15 18:30:00,1.3185065998597136
2023-06-15 19:30:00,1.3185065998597136
2023-06-16 13:30:00,1.3185065998597136
2023-06-16 14:30:00,1.3185065998597136
2023-06-16 15:30:00,1.3185065998597136
2023-06-16 16:30:00,1.3185065998597136
2023-06-16 17:30:00,1.3185065998597136
2023-06-16 18:30:00,1.3185065998597136
2023-06-16 19:30:00,1.330692559678977
2023-06-20 13:30:00,1.330692559678977
2023-06-20 14:30:00,1.330692559678977
2023-06-20 15:30:00,1.330692559678977
2023-06-20 16:30:00,1.330692559678977
2023-06-20 17:30:00,1.330692559678977
2023-06-20 18:30:00,1.330692559678977
2023-06-20 19:30:00,1.330692559678977
2023-06-21 13:30:00,1.330692559678977
2023-06-21 14:30:00,1.330692559678977
2023-06-21 15:30:00,1.330692559678977
2023-06-21 16:30:00,1.330692559678977
2023-06-21 17:30:00,1.330692559678977
2023-06-21 18:30:00,1.330692559678977
2023-06-21 19:30:00,1.330692559678977
2023-06-22 13:30:00,1.330692559678977
2023-06-22 14:30:00,1.330692559678977
2023-06-22 15:30:00,1.330692559678977
2023-06-22 16:30:00,1.330692559678977
2023-06-22 17:30:00,1.330692559678977
2023-06-22 18:30:00,1.330692559678977
2023-06-22 19:30:00,1.330692559678977
2023-06-23 13:30:00,1.330692559678977
2023-06-23 14:30:00,1.330692559678977
2023-06-23 15:30:00,1.330692559678977
2023-06-23 16:30:00,1.330692559678977
2023-06-23 17:30:00,1.330692559678977
2023-06-23 18:30:00,1.330692559678977
2023-06-23 19:30:00,1.3388681970706988
2023-06-26 13:30:00,1.3388681970706988
2023-06-26 14:30:00,1.3388681970706988
2023-06-26 15:30:00,1.3388681970706988
2023-06-26 16:30:00,1.3388681970706988
2023-06-26 17:30:00,1.3388681970706988
2023-06-26 18:30:00,1.3388681970706988
2023-06-26 19:30:00,1.3388681970706988
2023-06-27 13:30:00,1.3388681970706988
2023-06-27 14:30:00,1.3388681970706988
2023-06-27 15:30:00,1.3388681970706988
2023-06-27 16:30:00,1.3388681970706988
2023-06-27 17:30:00,1.3388681970706988
2023-06-27 18:30:00,1.3388681970706988
2023-06-27 19:30:00,1.3388681970706988
2023-06-28 13:30:00,1.3388681970706988
2023-06-28 14:30:00,1.3388681970706988
2023-06-28 15:30:00,1.3388681970706988
2023-06-28 16:30:00,1.3388681970706988
2023-06-28 17:30:00,1.3388681970706988
2023-06-28 18:30:00,1.3388681970706988
2023-06-28 19:30:00,1.3388681970706988
2023-06-29 13:30:00,1.3388681970706988
2023-06-29 14:30:00,1.3388681970706988
2023-06-29 15:30:00,1.3388681970706988
2023-06-29 16:30:00,1.3388681970706988
2023-06-29 17:30:00,1.3388681970706988
2023-06-29 18:30:00,1.3388681970706988
2023-06-29 19:30:00,1.3388681970706988
2023-06-30 13:30:00,1.3388681970706988
2023-06-30 14:30:00,1.3388681970706988
2023-06-30 15:30:00,1.3388681970706988
2023-06-30 16:30:00,1.3388681970706988
2023-06-30 17:30:00,1.3388681970706988
2023-06-30 18:30:00,1.3388681970706988
2023-06-30 19:30:00,1.3388681970706988
2023-07-03 13:30:00,1.3388681970706988
2023-07-03 14:30:00,1.3388681970706988
2023-07-03 15:30:00,1.3388681970706988
2023-07-03 16:30:00,1.3388681970706988
2023-07-03 17:30:00,1.3388681970706988
2023-07-03 18:30:00,1.3388681970706988
2023-07-03 19:30:00,1.3388681970706988
2023-07-05 13:30:00,1.3388681970706988
2023-07-05 14:30:00,1.3388681970706988
2023-07-05 15:30:00,1.3388681970706988
2023-07-05 16:30:00,1.3388681970706988
2023-07-05 17:30:00,1.3388681970706988
2023-07-05 18:30:00,1.3388681970706988
2023-07-05 19:30:00,1.334473961199521
2023-07-06 13:30:00,1.334473961199521
2023-07-06 14:30:00,1.334473961199521
2023-07-06 15:30:00,1.334473961199521
2023-07-06 16:30:00,1.334473961199521
2023-07-06 17:30:00,1.334473961199521
2023-07-06 18:30:00,1.334473961199521
2023-07-06 19:30:00,1.3481111266268655
2023-07-07 13:30:00,1.3481111266268655
2023-07-07 14:30:00,1.3481111266268655
2023-07-07 15:30:00,1.3481111266268655
2023-07-07 16:30:00,1.3481111266268655
2023-07-07 17:30:00,1.3481111266268655
2023-07-07 18:30:00,1.3481111266268655
2023-07-07 19:30:00,1.3481111266268655
2023-07-10 13:30:00,1.3481111266268655
2023-07-10 14:30:00,1.3481111266268655
2023-07-10 15:30:00,1.3481111266268655
2023-07-10 16:30:00,1.3481111266268655
2023-07-10 17:30:00,1.3481111266268655
2023-07-10 18:30:00,1.3481111266268655
2023-07-10 19:30:00,1.343623667187268
2023-07-11 13:30:00,1.343623667187268
2023-07-11 14:30:00,1.343623667187268
2023-07-11 15:30:00,1.343623667187268
2023-07-11 16:30:00,1.343623667187268
2023-07-11 17:30:00,1.343623667187268
2023-07-11 18:30:00,1.343623667187268
2023-07-11 19:30:00,1.343623667187268
2023-07-12 13:30:00,1.343623667187268
2023-07-12 14:30:00,1.343623667187268
2023-07-12 15:30:00,1.343623667187268
2023-07-12 16:30:00,1.343623667187268
2023-07-12 17:30:00,1.343623667187268
2023-07-12 18:30:00,1.343623667187268
2023-07-12 19:30:00,1.343623667187268
2023-07-13 13:30:00,1.343623667187268
2023-07-13 14:30:00,1.343623667187268
2023-07-13 15:30:00,1.343623667187268
2023-07-13 16:30:00,1.343623667187268
2023-07-13 17:30:00,1.343623667187268
2023-07-13 18:30:00,1.343623667187268
2023-07-13 19:30:00,1.343623667187268
2023-07-14 13:30:00,1.343623667187268
2023-07-14 14:30:00,1.343623667187268
2023-07-14 15:30:00,1.343623667187268
2023-07-14 16:30:00,1.343623667187268
2023-07-14 17:30:00,1.343623667187268
2023-07-14 18:30:00,1.343623667187268
2023-07-14 19:30:00,1.3471552438765053
2023-07-17 13:30:00,1.3471552438765053
2023-07-17 14:30:00,1.3471552438765053
2023-07-17 15:30:00,1.3471552438765053
2023-07-17 16:30:00,1.3471552438765053
2023-07-17 17:30:00,1.3471552438765053
2023-07-17 18:30:00,1.3471552438765053
2023-07-17 19:30:00,1.3327099589047786
2023-07-18 13:30:00,1.3327099589047786
2023-07-18 14:30:00,1.3327099589047786
2023-07-18 15:30:00,1.3327099589047786
2023-07-18 16:30:00,1.3327099589047786
2023-07-18 17:30:00,1.3327099589047786
2023-07-18 18:30:00,1.3327099589047786
2023-07-18 19:30:00,1.3327099589047786
2023-07-19 13:30:00,1.3327099589047786
2023-07-19 14:30:00,1.3327099589047786
2023-07-19 15:30:00,1.3327099589047786
2023-07-19 16:30:00,1.3327099589047786
2023-07-19 17:30:00,1.3327099589047786
2023-07-19 18:30:00,1.3327099589047786
2023-07-19 19:30:00,1.3464097472601804
2023-07-20 13:30:00,1.3464097472601804
2023-07-20 14:30:00,1.3464097472601804
2023-07-20 15:30:00,1.3464097472601804
2023-07-20 16:30:00,1.3464097472601804
2023-07-20 17:30:00,1.3464097472601804
2023-07-20 18:30:00,1.3464097472601804
2023-07-20 19:30:00,1.3464097472601804
2023-07-21 13:30:00,1.3464097472601804
2023-07-21 14:30:00,1.3464097472601804
2023-07-21 15:30:00,1.3464097472601804
2023-07-21 16:30:00,1.3464097472601804
2023-07-21 17:30:00,1.3464097472601804
2023-07-21 18:30:00,1.3464097472601804
2023-07-21 19:30:00,1.3464097472601804
2023-07-24 13:30:00,1.3464097472601804
2023-07-24 14:30:00,1.3464097472601804
2023-07-24 15:30:00,1.3464097472601804
2023-07-24 16:30:00,1.3464097472601804
2023-07-24 17:30:00,1.3464097472601804
2023-07-24 18:30:00,1.3464097472601804
2023-07-24 19:30:00,1.3464097472601804
2023-07-25 13:30:00,1.3464097472601804
2023-07-25 14:30:00,1.3464097472601804
2023-07-25 15:30:00,1.3464097472601804
2023-07-25 16:30:00,1.3464097472601804
2023-07-25 17:30:00,1.3464097472601804
2023-07-25 18:30:00,1.3464097472601804
2023-07-25 19:30:00,1.3464097472601804
2023-07-26 13:30:00,1.3464097472601804
2023-07-26 14:30:00,1.3464097472601804
2023-07-26 15:30:00,1.3464097472601804
2023-07-26 16:30:00,1.3464097472601804
2023-07-26 17:30:00,1.3464097472601804
2023-07-26 18:30:00,1.3464097472601804
2023-07-26 19:30:00,1.3464097472601804
2023-07-27 13:30:00,1.3464097472601804
2023-07-27 14:30:00,1.3464097472601804
2023-07-27 15:30:00,1.3464097472601804
2023-07-27 16:30:00,1.3464097472601804
2023-07-27 17:30:00,1.3464097472601804
2023-07-27 18:30:00,1.3464097472601804
2023-07-27 19:30:00,1.365850223350104
2023-07-28 13:30:00,1.365850223350104
2023-07-28 14:30:00,1.365850223350104
2023-07-28 15:30:00,1.365850223350104
2023-07-28 16:30:00,1.365850223350104
2023-07-28 17:30:00,1.365850223350104
2023-07-28 18:30:00,1.365850223350104
2023-07-28 19:30:00,1.365850223350104
2023-07-31 13:30:00,1.365850223350104
2023-07-31 14:30:00,1.365850223350104
2023-07-31 15:30:00,1.365850223350104
2023-07-31 16:30:00,1.365850223350104
2023-07-31 17:30:00,1.365850223350104
2023-07-31 18:30:00,1.365850223350104
2023-07-31 19:30:00,1.365850223350104
2023-08-01 13:30:00,1.365850223350104
2023-08-01 14:30:00,1.365850223350104
2023-08-01 15:30:00,1.365850223350104
2023-08-01 16:30:00,1.365850223350104
2023-08-01 17:30:00,1.365850223350104
2023-08-01 18:30:00,1.365850223350104
2023-08-01 19:30:00,1.365850223350104
2023-08-02 13:30:00,1.365850223350104
2023-08-02 14:30:00,1.365850223350104
2023-08-02 15:30:00,1.365850223350104
2023-08-02 16:30:00,1.365850223350104
2023-08-02 17:30:00,1.365850223350104
2023-08-02 18:30:00,1.365850223350104
2023-08-02 19:30:00,1.365850223350104
2023-08-03 13:30:00,1.365850223350104
2023-08-03 14:30:00,1.365850223350104
2023-08-03 15:30:00,1.365850223350104
2023-08-03 16:30:00,1.365850223350104
2023-08-03 17:30:00,1.365850223350104
2023-08-03 18:30:00,1.365850223350104
2023-08-03 19:30:00,1.365850223350104
2023-08-04 13:30:00,1.365850223350104
2023-08-04 14:30:00,1.365850223350104
2023-08-04 15:30:00,1.365850223350104
2023-08-04 16:30:00,1.365850223350104
2023-08-04 17:30:00,1.365850223350104
2023-08-04 18:30:00,1.365850223350104
2023-08-04 19:30:00,1.3464305519280646
2023-08-07 13:30:00,1.3464305519280646
2023-08-07 14:30:00,1.3464305519280646
2023-08-07 15:30:00,1.3464305519280646
2023-08-07 16:30:00,1.3464305519280646
2023-08-07 17:30:00,1.3464305519280646
2023-08-07 18:30:00,1.3464305519280646
2023-08-07 19:30:00,1.3464305519280646
2023-08-08 13:30:00,1.3464305519280646
2023-08-08 14:30:00,1.3464305519280646
2023-08-08 15:30:00,1.3464305519280646
2023-08-08 16:30:00,1.3464305519280646
2023-08-08 17:30:00,1.3464305519280646
2023-08-08 18:30:00,1.3464305519280646
2023-08-08 19:30:00,1.3464305519280646
2023-08-09 13:30:00,1.3464305519280646
2023-08-09 14:30:00,1.3464305519280646
2023-08-09 15:30:00,1.3464305519280646
2023-08-09 16:30:00,1.3464305519280646
2023-08-09 17:30:00,1.3464305519280646
2023-08-09 18:30:00,1.3464305519280646
2023-08-09 19:30:00,1.3464305519280646
2023-08-10 13:30:00,1.3464305519280646
2023-08-10 14:30:00,1.3464305519280646
2023-08-10 15:30:00,1.3464305519280646
2023-08-10 16:30:00,1.3464305519280646
2023-08-10 17:30:00,1.3464305519280646
2023-08-10 18:30:00,1.3464305519280646
2023-08-10 19:30:00,1.3464305519280646
2023-08-11 13:30:00,1.3464305519280646
2023-08-11 14:30:00,1.3464305519280646
2023-08-11 15:30:00,1.3464305519280646
2023-08-11 16:30:00,1.3464305519280646
2023-08-11 17:30:00,1.3464305519280646
2023-08-11 18:30:00,1.3464305519280646
2023-08-11 19:30:00,1.3505308169446053
2023-08-14 13:30:00,1.3505308169446053
2023-08-14 14:30:00,1.3505308169446053
2023-08-14 15:30:00,1.3505308169446053
2023-08-14 16:30:00,1.3505308169446053
2023-08-14 17:30:00,1.3505308169446053
2023-08-14 18:30:00,1.3505308169446053
2023-08-14 19:30:00,1.3505308169446053
2023-08-15 13:30:00,1.3505308169446053
2023-08-15 14:30:00,1.3505308169446053
2023-08-15 15:30:00,1.3505308169446053
2023-08-15 16:30:00,1.3505308169446053
2023-08-15 17:30:00,1.3505308169446053
2023-08-15 18:30:00,1.3505308169446053
2023-08-15 19:30:00,1.3505308169446053
2023-08-16 13:30:00,1.3505308169446053
2023-08-16 14:30:00,1.3505308169446053
2023-08-16 15:30:00,1.3505308169446053
2023-08-16 16:30:00,1.3505308169446053
2023-08-16 17:30:00,1.3505308169446053
2023-08-16 18:30:00,1.3505308169446053
2023-08-16 19:30:00,1.3505308169446053
2023-08-17 13:30:00,1.3505308169446053
2023-08-17 14:30:00,1.3505308169446053
2023-08-17 15:30:00,1.3505308169446053
2023-08-17 16:30:00,1.3505308169446053
2023-08-17 17:30:00,1.3505308169446053
2023-08-17 18:30:00,1.3505308169446053
2023-08-17 19:30:00,1.3505308169446053
2023-08-18 13:30:00,1.3505308169446053
2023-08-18 14:30:00,1.3505308169446053
2023-08-18 15:30:00,1.3505308169446053
2023-08-18 16:30:00,1.3505308169446053
2023-08-18 17:30:00,1.3505308169446053
2023-08-18 18:30:00,1.3505308169446053
2023-08-18 19:30:00,1.367696667173374
2023-08-21 13:30:00,1.367696667173374
2023-08-21 14:30:00,1.367696667173374
2023-08-21 15:30:00,1.367696667173374
2023-08-21 16:30:00,1.367696667173374
2023-08-21 17:30:00,1.367696667173374
2023-08-21 18:30:00,1.367696667173374
2023-08-21 19:30:00,1.367696667173374
2023-08-22 13:30:00,1.367696667173374
2023-08-22 14:30:00,1.367696667173374
2023-08-22 16:30:00,1.367696667173374
2023-08-22 17:30:00,1.367696667173374
2023-08-22 18:30:00,1.367696667173374
2023-08-22 19:30:00,1.367696667173374
2023-08-23 13:30:00,1.367696667173374
2023-08-23 14:30:00,1.367696667173374
2023-08-23 15:30:00,1.367696667173374
2023-08-23 16:30:00,1.367696667173374
2023-08-23 17:30:00,1.367696667173374
2023-08-23 18:30:00,1.367696667173374
2023-08-23 19:30:00,1.3479143702318137
2023-08-24 13:30:00,1.3479143702318137
2023-08-24 14:30:00,1.3479143702318137
2023-08-24 15:30:00,1.3479143702318137
2023-08-24 16:30:00,1.3479143702318137
2023-08-24 17:30:00,1.3479143702318137
2023-08-24 18:30:00,1.3479143702318137
2023-08-24 19:30:00,1.3479143702318137
2023-08-25 13:30:00,1.3479143702318137
2023-08-25 14:30:00,1.3479143702318137
2023-08-25 15:30:00,1.3479143702318137
2023-08-25 16:30:00,1.3479143702318137
2023-08-25 17:30:00,1.3479143702318137
2023-08-25 18:30:00,1.3479143702318137
2023-08-25 19:30:00,1.3479143702318137
2023-08-28 13:30:00,1.3479143702318137
2023-08-28 14:30:00,1.3479143702318137
2023-08-28 15:30:00,1.3479143702318137
2023-08-28 16:30:00,1.3479143702318137
2023-08-28 17:30:00,1.3479143702318137
2023-08-28 18:30:00,1.3479143702318137
2023-08-28 19:30:00,1.3470167330607623
2023-08-29 13:30:00,1.3470167330607623
2023-08-29 14:30:00,1.3470167330607623
2023-08-29 15:30:00,1.3470167330607623
2023-08-29 16:30:00,1.3470167330607623
2023-08-29 17:30:00,1.3470167330607623
2023-08-30 13:30:00,1.3470167330607623
2023-08-30 14:30:00,1.3470167330607623
2023-08-30 15:30:00,1.3470167330607623
2023-08-30 16:30:00,1.3470167330607623
2023-08-30 17:30:00,1.3470167330607623
2023-08-30 18:30:00,1.3470167330607623
2023-08-30 19:30:00,1.3274219353772974
2023-08-31 13:30:00,1.3274219353772974
2023-08-31 14:30:00,1.3274219353772974
2023-08-31 15:30:00,1.3274219353772974
2023-08-31 16:30:00,1.3274219353772974
2023-08-31 17:30:00,1.3274219353772974
2023-08-31 18:30:00,1.3274219353772974
2023-08-31 19:30:00,1.3274219353772974
2023-09-01 13:30:00,1.3274219353772974
2023-09-01 14:30:00,1.3274219353772974
2023-09-01 15:30:00,1.3274219353772974
2023-09-01 16:30:00,1.3274219353772974
2023-09-01 17:30:00,1.3274219353772974
2023-09-01 18:30:00,1.3274219353772974
2023-09-01 19:30:00,1.3275270249905906
2023-09-05 13:30:00,1.3275270249905906
2023-09-05 14:30:00,1.3275270249905906
2023-09-05 15:30:00,1.3275270249905906
2023-09-05 16:30:00,1.3275270249905906
2023-09-05 17:30:00,1.3275270249905906
2023-09-05 18:30:00,1.3275270249905906
2023-09-05 19:30:00,1.3374686709712402
2023-09-06 13:30:00,1.3374686709712402
2023-09-06 14:30:00,1.3374686709712402
2023-09-06 15:30:00,1.3374686709712402
2023-09-06 16:30:00,1.3374686709712402
2023-09-06 17:30:00,1.3374686709712402
2023-09-06 18:30:00,1.3374686709712402
2023-09-06 19:30:00,1.2975262318795358
2023-09-07 13:30:00,1.2975262318795358
2023-09-07 14:30:00,1.2975262318795358
2023-09-07 15:30:00,1.2975262318795358
2023-09-07 16:30:00,1.2975262318795358
2023-09-07 17:30:00,1.2975262318795358
2023-09-07 18:30:00,1.2975262318795358
2023-09-07 19:30:00,1.3151545318191327
2023-09-08 13:30:00,1.3151545318191327
2023-09-08 14:30:00,1.3151545318191327
2023-09-08 15:30:00,1.3151545318191327
2023-09-08 16:30:00,1.3151545318191327
2023-09-08 17:30:00,1.3151545318191327
2023-09-08 18:30:00,1.3151545318191327
2023-09-08 19:30:00,1.3151545318191327
2023-09-11 13:30:00,1.3151545318191327
2023-09-11 14:30:00,1.3151545318191327
2023-09-11 15:30:00,1.3151545318191327
2023-09-11 16:30:00,1.3151545318191327
2023-09-11 17:30:00,1.3151545318191327
2023-09-11 18:30:00,1.3151545318191327
2023-09-11 19:30:00,1.3151545318191327
2023-09-12 13:30:00,1.3151545318191327
2023-09-12 14:30:00,1.3151545318191327
2023-09-12 15:30:00,1.3151545318191327
2023-09-12 16:30:00,1.3151545318191327
2023-09-12 17:30:00,1.3151545318191327
2023-09-12 18:30:00,1.3151545318191327
2023-09-12 19:30:00,1.3151545318191327
2023-09-13 13:30:00,1.3151545318191327
2023-09-13 14:30:00,1.3151545318191327
2023-09-13 15:30:00,1.3151545318191327
2023-09-13 16:30:00,1.3151545318191327
2023-09-13 17:30:00,1.3151545318191327
2023-09-13 18:30:00,1.3151545318191327
2023-09-13 19:30:00,1.3151545318191327
2023-09-14 13:30:00,1.3151545318191327
2023-09-14 14:30:00,1.3151545318191327
2023-09-14 15:30:00,1.3151545318191327
2023-09-14 16:30:00,1.3151545318191327
2023-09-14 17:30:00,1.3151545318191327
2023-09-14 18:30:00,1.3151545318191327
2023-09-14 19:30:00,1.3151545318191327
2023-09-15 13:30:00,1.3151545318191327
2023-09-15 14:30:00,1.3151545318191327
2023-09-15 15:30:00,1.3151545318191327
2023-09-15 16:30:00,1.3151545318191327
2023-09-15 17:30:00,1.3151545318191327
2023-09-15 18:30:00,1.3151545318191327
2023-09-15 19:30:00,1.3151545318191327
2023-09-18 13:30:00,1.3151545318191327
2023-09-18 14:30:00,1.3151545318191327
2023-09-18 15:30:00,1.3151545318191327
2023-09-18 16:30:00,1.3151545318191327
2023-09-18 18:30:00,1.3151545318191327
2023-09-18 19:30:00,1.3040705235163532
2023-09-19 13:30:00,1.3040705235163532
2023-09-19 14:30:00,1.3040705235163532
2023-09-19 15:30:00,1.3040705235163532
2023-09-19 16:30:00,1.3040705235163532
2023-09-19 17:30:00,1.3040705235163532
2023-09-19 18:30:00,1.3040705235163532
2023-09-19 19:30:00,1.3040705235163532
2023-09-20 13:30:00,1.3040705235163532
2023-09-20 14:30:00,1.3040705235163532
2023-09-20 15:30:00,1.3040705235163532
2023-09-20 16:30:00,1.3040705235163532
2023-09-20 17:30:00,1.3040705235163532
2023-09-20 18:30:00,1.3040705235163532
2023-09-20 19:30:00,1.3040705235163532
2023-09-21 13:30:00,1.3040705235163532
2023-09-21 14:30:00,1.3040705235163532
2023-09-21 15:30:00,1.3040705235163532
2023-09-21 16:30:00,1.3040705235163532
2023-09-21 17:30:00,1.3040705235163532
2023-09-21 18:30:00,1.3040705235163532
2023-09-21 19:30:00,1.2948391454843529
2023-09-22 13:30:00,1.2948391454843529
2023-09-22 14:30:00,1.2948391454843529
2023-09-22 15:30:00,1.2948391454843529
2023-09-22 16:30:00,1.2948391454843529
2023-09-22 17:30:00,1.2948391454843529
2023-09-22 18:30:00,1.2948391454843529
2023-09-22 19:30:00,1.2948391454843529
2023-09-25 13:30:00,1.2948391454843529
2023-09-25 14:30:00,1.2948391454843529
2023-09-25 15:30:00,1.2948391454843529
2023-09-25 16:30:00,1.2948391454843529
2023-09-25 17:30:00,1.2948391454843529
2023-09-25 18:30:00,1.2948391454843529
2023-09-25 19:30:00,1.3088876298986205
2023-09-26 13:30:00,1.3088876298986205
2023-09-26 14:30:00,1.3088876298986205
2023-09-26 15:30:00,1.3088876298986205
2023-09-26 16:30:00,1.3088876298986205
2023-09-26 17:30:00,1.3088876298986205
2023-09-26 18:30:00,1.3088876298986205
2023-09-26 19:30:00,1.2870252695369173
2023-09-27 13:30:00,1.2870252695369173
2023-09-27 14:30:00,1.2870252695369173
2023-09-27 15:30:00,1.2870252695369173
2023-09-27 16:30:00,1.2870252695369173
2023-09-27 17:30:00,1.2870252695369173
2023-09-27 18:30:00,1.2870252695369173
2023-09-27 19:30:00,1.2870252695369173
2023-09-28 13:30:00,1.2870252695369173
2023-09-28 14:30:00,1.2870252695369173
2023-09-28 15:30:00,1.2870252695369173
2023-09-28 16:30:00,1.2870252695369173
2023-09-28 17:30:00,1.2870252695369173
2023-09-28 18:30:00,1.2870252695369173
2023-09-28 19:30:00,1.2972855985429101
2023-09-29 13:30:00,1.2972855985429101
2023-09-29 14:30:00,1.2972855985429101
2023-09-29 15:30:00,1.2972855985429101
2023-09-29 16:30:00,1.2972855985429101
2023-09-29 17:30:00,1.2972855985429101
2023-09-29 18:30:00,1.2972855985429101
2023-09-29 19:30:00,1.2972855985429101
2023-10-02 13:30:00,1.2972855985429101
2023-10-02 14:30:00,1.2972855985429101
2023-10-02 15:30:00,1.2972855985429101
2023-10-02 16:30:00,1.2972855985429101
2023-10-02 17:30:00,1.2972855985429101
2023-10-02 18:30:00,1.2972855985429101
2023-10-02 19:30:00,1.2972855985429101
2023-10-03 13:30:00,1.2972855985429101
2023-10-03 14:30:00,1.2972855985429101
2023-10-03 15:30:00,1.2972855985429101
2023-10-03 16:30:00,1.2972855985429101
2023-10-03 17:30:00,1.2972855985429101
2023-10-03 18:30:00,1.2972855985429101
2023-10-03 19:30:00,1.2988295683583426
2023-10-04 13:30:00,1.2988295683583426
2023-10-04 14:30:00,1.2988295683583426
2023-10-04 15:30:00,1.2988295683583426
2023-10-04 16:30:00,1.2988295683583426
2023-10-04 17:30:00,1.2988295683583426
2023-10-04 18:30:00,1.2988295683583426
2023-10-04 19:30:00,1.3181878908746425
2023-10-05 13:30:00,1.3181878908746425
2023-10-05 14:30:00,1.3181878908746425
2023-10-05 15:30:00,1.3181878908746425
2023-10-05 16:30:00,1.3181878908746425
2023-10-05 17:30:00,1.3181878908746425
2023-10-05 18:30:00,1.3181878908746425
2023-10-05 19:30:00,1.3181878908746425
2023-10-06 13:30:00,1.3181878908746425
2023-10-06 14:30:00,1.3181878908746425
2023-10-06 15:30:00,1.3181878908746425
2023-10-06 16:30:00,1.3181878908746425
2023-10-06 17:30:00,1.3181878908746425
2023-10-06 18:30:00,1.3181878908746425
2023-10-06 19:30:00,1.346174809742343
2023-10-09 13:30:00,1.346174809742343
2023-10-09 14:30:00,1.346174809742343
2023-10-09 15:30:00,1.346174809742343
2023-10-09 16:30:00,1.346174809742343
2023-10-09 17:30:00,1.346174809742343
2023-10-09 18:30:00,1.346174809742343
2023-10-09 19:30:00,1.346174809742343
2023-10-10 13:30:00,1.346174809742343
2023-10-10 17:30:00,1.346174809742343
2023-10-10 18:30:00,1.346174809742343
2023-10-10 19:30:00,1.346174809742343
2023-10-11 13:30:00,1.346174809742343
2023-10-11 14:30:00,1.346174809742343
2023-10-11 15:30:00,1.346174809742343
2023-10-11 16:30:00,1.346174809742343
2023-10-11 17:30:00,1.346174809742343
2023-10-11 18:30:00,1.346174809742343
2023-10-11 19:30:00,1.346174809742343
2023-10-12 13:30:00,1.346174809742343
2023-10-12 14:30:00,1.346174809742343
2023-10-12 15:30:00,1.346174809742343
2023-10-12 17:30:00,1.346174809742343
2023-10-12 18:30:00,1.346174809742343
2023-10-12 19:30:00,1.3414072161915755
2023-10-13 13:30:00,1.3414072161915755
2023-10-13 14:30:00,1.3414072161915755
2023-10-13 15:30:00,1.3414072161915755
2023-10-13 16:30:00,1.3414072161915755
2023-10-13 17:30:00,1.3414072161915755
2023-10-13 18:30:00,1.3414072161915755
2023-10-13 19:30:00,1.3414072161915755
2023-10-16 13:30:00,1.3414072161915755
2023-10-16 14:30:00,1.3414072161915755
2023-10-16 15:30:00,1.3414072161915755
2023-10-16 16:30:00,1.3414072161915755
2023-10-16 17:30:00,1.3414072161915755
2023-10-16 18:30:00,1.3414072161915755
2023-10-16 19:30:00,1.3414072161915755
2023-10-17 13:30:00,1.3414072161915755
2023-10-17 14:30:00,1.3414072161915755
2023-10-17 15:30:00,1.3414072161915755
2023-10-17 16:30:00,1.3414072161915755
2023-10-17 17:30:00,1.3414072161915755
2023-10-17 18:30:00,1.3414072161915755
2023-10-17 19:30:00,1.3414072161915755
2023-10-18 13:30:00,1.3414072161915755
2023-10-18 14:30:00,1.3414072161915755
2023-10-18 15:30:00,1.3414072161915755
2023-10-18 16:30:00,1.3414072161915755
2023-10-18 17:30:00,1.3414072161915755
2023-10-18 18:30:00,1.3414072161915755
2023-10-18 19:30:00,1.34294290513409
2023-10-19 13:30:00,1.34294290513409
2023-10-19 14:30:00,1.34294290513409
2023-10-19 15:30:00,1.34294290513409
2023-10-19 16:30:00,1.34294290513409
2023-10-19 17:30:00,1.34294290513409
2023-10-19 18:30:00,1.34294290513409
2023-10-19 19:30:00,1.34294290513409
2023-10-20 13:30:00,1.34294290513409
2023-10-20 14:30:00,1.34294290513409
2023-10-20 15:30:00,1.34294290513409
2023-10-20 16:30:00,1.34294290513409
2023-10-20 17:30:00,1.34294290513409
2023-10-20 18:30:00,1.34294290513409
2023-10-20 19:30:00,1.34294290513409
2023-10-23 13:30:00,1.34294290513409
2023-10-23 14:30:00,1.34294290513409
2023-10-23 15:30:00,1.34294290513409
2023-10-23 16:30:00,1.34294290513409
2023-10-23 17:30:00,1.34294290513409
2023-10-23 18:30:00,1.34294290513409
2023-10-23 19:30:00,1.34294290513409
2023-10-24 13:30:00,1.34294290513409
2023-10-24 14:30:00,1.34294290513409
2023-10-24 15:30:00,1.34294290513409
2023-10-24 16:30:00,1.34294290513409
2023-10-24 17:30:00,1.34294290513409
2023-10-24 18:30:00,1.34294290513409
2023-10-24 19:30:00,1.34294290513409
2023-10-25 13:30:00,1.34294290513409
2023-10-25 14:30:00,1.34294290513409
2023-10-25 15:30:00,1.34294290513409
2023-10-25 16:30:00,1.34294290513409
2023-10-25 17:30:00,1.34294290513409
2023-10-25 18:30:00,1.34294290513409
2023-10-25 19:30:00,1.33677043076211
2023-10-26 13:30:00,1.33677043076211
2023-10-26 14:30:00,1.33677043076211
2023-10-26 15:30:00,1.33677043076211
2023-10-26 16:30:00,1.33677043076211
2023-10-26 17:30:00,1.33677043076211
2023-10-26 18:30:00,1.33677043076211
2023-10-26 19:30:00,1.308445287704321
2023-10-27 13:30:00,1.308445287704321
2023-10-27 14:30:00,1.308445287704321
2023-10-27 15:30:00,1.308445287704321
2023-10-27 16:30:00,1.308445287704321
2023-10-27 17:30:00,1.308445287704321
2023-10-27 18:30:00,1.308445287704321
2023-10-27 19:30:00,1.308445287704321
2023-10-30 13:30:00,1.308445287704321
2023-10-30 14:30:00,1.308445287704321
2023-10-30 15:30:00,1.308445287704321
2023-10-30 16:30:00,1.308445287704321
2023-10-30 17:30:00,1.308445287704321
2023-10-30 18:30:00,1.308445287704321
2023-10-30 19:30:00,1.308445287704321
2023-10-31 13:30:00,1.308445287704321
2023-10-31 14:30:00,1.308445287704321
2023-10-31 15:30:00,1.308445287704321
2023-10-31 16:30:00,1.308445287704321
2023-10-31 17:30:00,1.308445287704321
2023-10-31 18:30:00,1.308445287704321
2023-10-31 19:30:00,1.3195709737635566
2023-11-01 13:30:00,1.3195709737635566
2023-11-01 14:30:00,1.3195709737635566
2023-11-01 15:30:00,1.3195709737635566
2023-11-01 18:30:00,1.3195709737635566
2023-11-01 19:30:00,1.3195709737635566
2023-11-02 13:30:00,1.3195709737635566
2023-11-02 14:30:00,1.3195709737635566
2023-11-02 15:30:00,1.3195709737635566
2023-11-02 16:30:00,1.3195709737635566
2023-11-02 17:30:00,1.3195709737635566
2023-11-02 18:30:00,1.3195709737635566
2023-11-02 19:30:00,1.3027961374450414
2023-11-03 13:30:00,1.3027961374450414
2023-11-03 14:30:00,1.3027961374450414
2023-11-03 15:30:00,1.3027961374450414
2023-11-03 16:30:00,1.3027961374450414
2023-11-03 17:30:00,1.3027961374450414
2023-11-03 18:30:00,1.3027961374450414
2023-11-03 19:30:00,1.3206661418173566
2023-11-06 14:30:00,1.3206661418173566
2023-11-06 15:30:00,1.3206661418173566
2023-11-06 16:30:00,1.3206661418173566
2023-11-06 17:30:00,1.3206661418173566
2023-11-06 18:30:00,1.3206661418173566
2023-11-06 19:30:00,1.3206661418173566
2023-11-06 20:30:00,1.3206661418173566
2023-11-07 14:30:00,1.3206661418173566
2023-11-07 15:30:00,1.3206661418173566
2023-11-07 16:30:00,1.3206661418173566
2023-11-07 17:30:00,1.3206661418173566
2023-11-07 18:30:00,1.3206661418173566
2023-11-07 19:30:00,1.3206661418173566
2023-11-07 20:30:00,1.3206661418173566
2023-11-08 14:30:00,1.3206661418173566
2023-11-08 15:30:00,1.3206661418173566
2023-11-08 16:30:00,1.3206661418173566
2023-11-08 17:30:00,1.3206661418173566
2023-11-08 18:30:00,1.3206661418173566
2023-11-08 19:30:00,1.3206661418173566
2023-11-08 20:30:00,1.3206661418173566
2023-11-09 14:30:00,1.3206661418173566
2023-11-09 15:30:00,1.3206661418173566
2023-11-09 16:30:00,1.3206661418173566
2023-11-09 17:30:00,1.3206661418173566
2023-11-09 18:30:00,1.3206661418173566
2023-11-09 19:30:00,1.3206661418173566
2023-11-09 20:30:00,1.3206661418173566
2023-11-10 14:30:00,1.3206661418173566
2023-11-10 15:30:00,1.3206661418173566
2023-11-10 16:30:00,1.3206661418173566
2023-11-10 17:30:00,1.3206661418173566
2023-11-10 18:30:00,1.3206661418173566
2023-11-10 19:30:00,1.3035724133860327
2023-11-13 15:30:00,1.3035724133860327
2023-11-13 16:30:00,1.3035724133860327
2023-11-13 17:30:00,1.3035724133860327
2023-11-13 18:30:00,1.3035724133860327
2023-11-13 19:30:00,1.3035724133860327
2023-11-13 20:30:00,1.3035724133860327
2023-11-14 14:30:00,1.3035724133860327
2023-11-14 15:30:00,1.3035724133860327
2023-11-14 16:30:00,1.3035724133860327
2023-11-14 17:30:00,1.3035724133860327
2023-11-14 18:30:00,1.3035724133860327
2023-11-14 19:30:00,1.3035724133860327
2023-11-14 20:30:00,1.3028769522179864
2023-11-15 14:30:00,1.3028769522179864
2023-11-15 15:30:00,1.3028769522179864
2023-11-15 16:30:00,1.3028769522179864
2023-11-15 17:30:00,1.3028769522179864
2023-11-15 18:30:00,1.3028769522179864
2023-11-15 19:30:00,1.3028769522179864
2023-11-15 20:30:00,1.3028769522179864
2023-11-16 14:30:00,1.3028769522179864
2023-11-16 15:30:00,1.3028769522179864
2023-11-16 16:30:00,1.3028769522179864
2023-11-16 17:30:00,1.3028769522179864
2023-11-16 18:30:00,1.3028769522179864
2023-11-16 19:30:00,1.3028769522179864
2023-11-16 20:30:00,1.3028769522179864
2023-11-17 14:30:00,1.3028769522179864
2023-11-17 15:30:00,1.3028769522179864
2023-11-17 16:30:00,1.3028769522179864
2023-11-17 17:30:00,1.3028769522179864
2023-11-17 18:30:00,1.3028769522179864
2023-11-17 19:30:00,1.3028769522179864
2023-11-17 20:30:00,1.306585457243252
2023-11-20 14:30:00,1.306585457243252
2023-11-20 15:30:00,1.306585457243252
2023-11-20 16:30:00,1.306585457243252
2023-11-20 17:30:00,1.306585457243252
2023-11-20 18:30:00,1.306585457243252
2023-11-20 19:30:00,1.306585457243252
2023-11-20 20:30:00,1.306585457243252
2023-11-21 14:30:00,1.306585457243252
2023-11-21 15:30:00,1.306585457243252
2023-11-21 16:30:00,1.306585457243252
2023-11-21 17:30:00,1.306585457243252
2023-11-21 18:30:00,1.306585457243252
2023-11-21 19:30:00,1.306585457243252
2023-11-21 20:30:00,1.306585457243252
2023-11-22 14:30:00,1.306585457243252
2023-11-22 15:30:00,1.306585457243252
2023-11-22 16:30:00,1.306585457243252
2023-11-22 17:30:00,1.306585457243252
2023-11-22 18:30:00,1.306585457243252
2023-11-22 19:30:00,1.306585457243252
2023-11-22 20:30:00,1.313825293023063
2023-11-24 14:30:00,1.313825293023063
2023-11-24 15:30:00,1.313825293023063
2023-11-24 16:30:00,1.313825293023063
2023-11-24 17:30:00,1.3054964377573957
2023-11-27 14:30:00,1.3054964377573957
2023-11-27 15:30:00,1.3054964377573957
2023-11-27 16:30:00,1.3054964377573957
2023-11-27 17:30:00,1.3054964377573957
2023-11-27 18:30:00,1.3054964377573957
2023-11-27 19:30:00,1.3054964377573957
2023-11-27 20:30:00,1.3054964377573957
2023-11-28 14:30:00,1.3054964377573957
2023-11-28 15:30:00,1.3054964377573957
2023-11-28 16:30:00,1.3054964377573957
2023-11-28 17:30:00,1.3054964377573957
2023-11-28 18:30:00,1.3054964377573957
2023-11-28 19:30:00,1.3054964377573957
2023-11-28 20:30:00,1.3054964377573957
2023-11-29 14:30:00,1.3054964377573957
2023-11-29 15:30:00,1.3054964377573957
2023-11-29 16:30:00,1.3054964377573957
2023-11-29 17:30:00,1.3054964377573957
2023-11-29 18:30:00,1.3054964377573957
2023-11-29 19:30:00,1.3054964377573957
2023-11-29 20:30:00,1.3054964377573957
2023-11-30 14:30:00,1.3054964377573957
2023-11-30 15:30:00,1.3054964377573957
2023-11-30 16:30:00,1.3054964377573957
2023-11-30 17:30:00,1.3054964377573957
2023-11-30 18:30:00,1.3054964377573957
2023-11-30 19:30:00,1.3054964377573957
2023-11-30 20:30:00,1.3054964377573957
2023-12-01 14:30:00,1.3054964377573957
2023-12-01 15:30:00,1.3054964377573957
2023-12-01 16:30:00,1.3054964377573957
2023-12-01 17:30:00,1.3054964377573957
2023-12-01 18:30:00,1.3054964377573957
2023-12-01 19:30:00,1.3054964377573957
2023-12-01 20:30:00,1.3054964377573957
2023-12-04 14:30:00,1.3054964377573957
2023-12-04 15:30:00,1.3054964377573957
2023-12-04 16:30:00,1.3054964377573957
2023-12-04 17:30:00,1.3054964377573957
2023-12-04 18:30:00,1.3054964377573957
2023-12-04 19:30:00,1.3054964377573957
2023-12-04 20:30:00,1.302917424644481
2023-12-05 14:30:00,1.302917424644481
2023-12-05 15:30:00,1.302917424644481
2023-12-05 16:30:00,1.302917424644481
2023-12-05 17:30:00,1.302917424644481
2023-12-05 18:30:00,1.302917424644481
2023-12-05 19:30:00,1.302917424644481
2023-12-05 20:30:00,1.302917424644481
2023-12-06 14:30:00,1.302917424644481
2023-12-06 15:30:00,1.302917424644481
2023-12-06 16:30:00,1.302917424644481
2023-12-06 17:30:00,1.302917424644481
2023-12-06 18:30:00,1.302917424644481
2023-12-06 19:30:00,1.302917424644481
2023-12-06 20:30:00,1.3174161157616313
2023-12-07 14:30:00,1.3174161157616313
2023-12-07 15:30:00,1.3174161157616313
2023-12-07 16:30:00,1.3174161157616313
2023-12-07 17:30:00,1.3174161157616313
2023-12-07 18:30:00,1.3174161157616313
2023-12-07 19:30:00,1.3174161157616313
2023-12-07 20:30:00,1.3174161157616313
2023-12-08 14:30:00,1.3174161157616313
2023-12-08 15:30:00,1.3174161157616313
2023-12-08 16:30:00,1.3174161157616313
2023-12-08 17:30:00,1.3174161157616313
2023-12-08 18:30:00,1.3174161157616313
2023-12-08 19:30:00,1.3174161157616313
2023-12-11 14:30:00,1.3174161157616313
2023-12-11 15:30:00,1.3174161157616313
2023-12-11 16:30:00,1.3174161157616313
2023-12-11 17:30:00,1.3174161157616313
2023-12-11 18:30:00,1.3174161157616313
2023-12-11 19:30:00,1.3174161157616313
2023-12-11 20:30:00,1.3171502038628335
2023-12-12 14:30:00,1.3171502038628335
2023-12-12 15:30:00,1.3171502038628335
2023-12-12 16:30:00,1.3171502038628335
2023-12-12 17:30:00,1.3171502038628335
2023-12-12 18:30:00,1.3171502038628335
2023-12-12 19:30:00,1.3171502038628335
2023-12-12 20:30:00,1.3171502038628335
2023-12-13 14:30:00,1.3171502038628335
2023-12-13 16:30:00,1.3171502038628335
2023-12-13 17:30:00,1.3171502038628335
2023-12-13 18:30:00,1.3171502038628335
2023-12-13 19:30:00,1.3171502038628335
2023-12-13 20:30:00,1.3171502038628335
2023-12-14 14:30:00,1.3171502038628335
2023-12-14 15:30:00,1.3171502038628335
2023-12-14 16:30:00,1.3171502038628335
2023-12-14 17:30:00,1.3171502038628335
2023-12-14 18:30:00,1.3171502038628335
2023-12-14 19:30:00,1.3171502038628335
2023-12-14 20:30:00,1.3207398270514068
2023-12-15 14:30:00,1.3207398270514068
2023-12-15 15:30:00,1.3207398270514068
2023-12-15 16:30:00,1.3207398270514068
2023-12-15 17:30:00,1.3207398270514068
2023-12-15 18:30:00,1.3207398270514068
2023-12-15 19:30:00,1.3207398270514068
2023-12-15 20:30:00,1.3207398270514068
2023-12-18 14:30:00,1.3207398270514068
2023-12-18 15:30:00,1.3207398270514068
2023-12-18 16:30:00,1.3207398270514068
2023-12-18 17:30:00,1.3207398270514068
2023-12-18 18:30:00,1.3207398270514068
2023-12-18 19:30:00,1.3207398270514068
2023-12-18 20:30:00,1.319206181997505
2023-12-19 14:30:00,1.319206181997505
2023-12-19 15:30:00,1.319206181997505
2023-12-19 16:30:00,1.319206181997505
2023-12-19 17:30:00,1.319206181997505
2023-12-19 18:30:00,1.319206181997505
2023-12-19 19:30:00,1.319206181997505
2023-12-19 20:30:00,1.319206181997505
2023-12-20 14:30:00,1.319206181997505
2023-12-20 15:30:00,1.319206181997505
2023-12-20 16:30:00,1.319206181997505
2023-12-20 17:30:00,1.319206181997505
2023-12-20 18:30:00,1.319206181997505
2023-12-20 19:30:00,1.319206181997505
2023-12-20 20:30:00,1.319206181997505
2023-12-21 14:30:00,1.319206181997505
2023-12-21 15:30:00,1.319206181997505
2023-12-21 16:30:00,1.319206181997505
2023-12-21 17:30:00,1.319206181997505
2023-12-21 18:30:00,1.319206181997505
2023-12-21 19:30:00,1.319206181997505
2023-12-21 20:30:00,1.319206181997505
2023-12-22 14:30:00,1.319206181997505
2023-12-22 15:30:00,1.319206181997505
2023-12-22 16:30:00,1.319206181997505
2023-12-22 17:30:00,1.319206181997505
2023-12-22 18:30:00,1.319206181997505
2023-12-22 19:30:00,1.319206181997505
2023-12-22 20:30:00,1.319206181997505
2023-12-26 14:30:00,1.319206181997505
2023-12-26 15:30:00,1.319206181997505
2023-12-26 16:30:00,1.319206181997505
2023-12-26 17:30:00,1.319206181997505
2023-12-26 18:30:00,1.319206181997505
2023-12-26 19:30:00,1.319206181997505
2023-12-26 20:30:00,1.319206181997505
2023-12-27 14:30:00,1.319206181997505
2023-12-27 15:30:00,1.319206181997505
2023-12-27 16:30:00,1.319206181997505
2023-12-27 17:30:00,1.319206181997505
2023-12-27 18:30:00,1.319206181997505
2023-12-27 19:30:00,1.319206181997505
2023-12-27 20:30:00,1.319206181997505
2023-12-28 14:30:00,1.319206181997505
2023-12-28 15:30:00,1.319206181997505
2023-12-28 16:30:00,1.319206181997505
2023-12-28 17:30:00,1.319206181997505
2023-12-28 18:30:00,1.319206181997505
2023-12-28 19:30:00,1.319206181997505
2023-12-28 20:30:00,1.319206181997505
2023-12-29 14:30:00,1.319206181997505
2023-12-29 15:30:00,1.319206181997505
2023-12-29 16:30:00,1.319206181997505
2023-12-29 17:30:00,1.319206181997505
2023-12-29 18:30:00,1.319206181997505
2023-12-29 19:30:00,1.319206181997505
2023-12-29 20:30:00,1.319206181997505
2024-01-02 14:30:00,1.319206181997505
2024-01-02 15:30:00,1.319206181997505
2024-01-02 16:30:00,1.319206181997505
2024-01-02 17:30:00,1.319206181997505
2024-01-02 18:30:00,1.319206181997505
2024-01-02 19:30:00,1.319206181997505
2024-01-02 20:30:00,1.319206181997505
2024-01-03 14:30:00,1.319206181997505
2024-01-03 15:30:00,1.319206181997505
2024-01-03 16:30:00,1.319206181997505
2024-01-03 17:30:00,1.319206181997505
2024-01-03 18:30:00,1.319206181997505
2024-01-03 19:30:00,1.319206181997505
2024-01-03 20:30:00,1.319206181997505
2024-01-04 14:30:00,1.319206181997505
2024-01-04 15:30:00,1.319206181997505
2024-01-04 16:30:00,1.319206181997505
2024-01-04 17:30:00,1.319206181997505
2024-01-04 18:30:00,1.319206181997505
2024-01-04 19:30:00,1.319206181997505
2024-01-04 20:30:00,1.319206181997505
2024-01-05 14:30:00,1.319206181997505
2024-01-05 15:30:00,1.319206181997505
2024-01-05 16:30:00,1.319206181997505
2024-01-05 17:30:00,1.319206181997505
2024-01-05 18:30:00,1.319206181997505
2024-01-05 19:30:00,1.319206181997505
2024-01-05 20:30:00,1.319206181997505
2024-01-08 14:30:00,1.319206181997505
2024-01-08 15:30:00,1.319206181997505
2024-01-08 16:30:00,1.319206181997505
2024-01-08 17:30:00,1.319206181997505
2024-01-08 18:30:00,1.319206181997505
2024-01-08 19:30:00,1.319206181997505
2024-01-08 20:30:00,1.319206181997505
2024-01-09 14:30:00,1.319206181997505
2024-01-09 15:30:00,1.319206181997505
2024-01-09 16:30:00,1.319206181997505
2024-01-09 17:30:00,1.319206181997505
2024-01-09 18:30:00,1.319206181997505
2024-01-09 19:30:00,1.319206181997505
2024-01-09 20:30:00,1.319206181997505
2024-01-10 14:30:00,1.319206181997505
2024-01-10 15:30:00,1.319206181997505
2024-01-10 16:30:00,1.319206181997505
2024-01-10 17:30:00,1.319206181997505
2024-01-10 18:30:00,1.319206181997505
2024-01-10 19:30:00,1.319206181997505
2024-01-10 20:30:00,1.319206181997505
2024-01-11 14:30:00,1.319206181997505
2024-01-11 15:30:00,1.319206181997505
2024-01-11 16:30:00,1.319206181997505
2024-01-11 17:30:00,1.319206181997505
2024-01-11 18:30:00,1.319206181997505
2024-01-11 19:30:00,1.319206181997505
2024-01-11 20:30:00,1.319206181997505
2024-01-12 14:30:00,1.319206181997505
2024-01-12 15:30:00,1.319206181997505
2024-01-12 16:30:00,1.319206181997505
2024-01-12 17:30:00,1.319206181997505
2024-01-12 18:30:00,1.319206181997505
2024-01-12 19:30:00,1.319206181997505
2024-01-12 20:30:00,1.319206181997505
2024-01-16 14:30:00,1.319206181997505
2024-01-16 15:30:00,1.319206181997505
2024-01-16 16:30:00,1.319206181997505
2024-01-16 17:30:00,1.319206181997505
2024-01-16 18:30:00,1.319206181997505
2024-01-16 19:30:00,1.319206181997505
2024-01-16 20:30:00,1.3272298469948598
2024-01-17 14:30:00,1.3272298469948598
2024-01-17 15:30:00,1.3272298469948598
2024-01-17 16:30:00,1.3272298469948598
2024-01-17 17:30:00,1.3272298469948598
2024-01-17 18:30:00,1.3272298469948598
2024-01-17 19:30:00,1.3272298469948598
2024-01-17 20:30:00,1.3272298469948598
2024-01-18 14:30:00,1.3272298469948598
2024-01-18 15:30:00,1.3272298469948598
2024-01-18 16:30:00,1.3272298469948598
2024-01-18 17:30:00,1.3272298469948598
2024-01-18 18:30:00,1.3272298469948598
2024-01-18 19:30:00,1.3272298469948598
2024-01-18 20:30:00,1.3086642411236873
2024-01-19 14:30:00,1.3086642411236873
2024-01-19 15:30:00,1.3086642411236873
2024-01-19 16:30:00,1.3086642411236873
2024-01-19 17:30:00,1.3086642411236873
2024-01-19 18:30:00,1.3086642411236873
2024-01-19 19:30:00,1.3086642411236873
2024-01-19 20:30:00,1.3086642411236873
2024-01-22 14:30:00,1.3086642411236873
2024-01-22 15:30:00,1.3086642411236873
2024-01-22 16:30:00,1.3086642411236873
2024-01-22 17:30:00,1.3086642411236873
2024-01-22 18:30:00,1.3086642411236873
2024-01-22 19:30:00,1.3086642411236873
2024-01-22 20:30:00,1.298943863582755
2024-01-23 14:30:00,1.298943863582755
2024-01-23 15:30:00,1.298943863582755
2024-01-23 16:30:00,1.298943863582755
2024-01-23 17:30:00,1.298943863582755
2024-01-23 18:30:00,1.298943863582755
2024-01-23 19:30:00,1.298943863582755
2024-01-23 20:30:00,1.2980120530636858
2024-01-24 14:30:00,1.2980120530636858
2024-01-24 15:30:00,1.2980120530636858
2024-01-24 16:30:00,1.2980120530636858
2024-01-24 17:30:00,1.2980120530636858
2024-01-24 18:30:00,1.2980120530636858
2024-01-24 19:30:00,1.2980120530636858
2024-01-24 20:30:00,1.2980120530636858
2024-01-25 14:30:00,1.2980120530636858
2024-01-25 15:30:00,1.2980120530636858
2024-01-25 16:30:00,1.2980120530636858
2024-01-25 17:30:00,1.2980120530636858
2024-01-25 18:30:00,1.2980120530636858
2024-01-25 19:30:00,1.2980120530636858
2024-01-25 20:30:00,1.2980120530636858
2024-01-26 14:30:00,1.2980120530636858
2024-01-26 15:30:00,1.2980120530636858
2024-01-26 16:30:00,1.2980120530636858
2024-01-26 17:30:00,1.2980120530636858
2024-01-26 18:30:00,1.2980120530636858
2024-01-26 19:30:00,1.2980120530636858
2024-01-26 20:30:00,1.2980120530636858
2024-01-29 14:30:00,1.2980120530636858
2024-01-29 15:30:00,1.2980120530636858
2024-01-29 16:30:00,1.2980120530636858
2024-01-29 17:30:00,1.2980120530636858
2024-01-29 18:30:00,1.2980120530636858
2024-01-29 19:30:00,1.2980120530636858
2024-01-29 20:30:00,1.2980120530636858
2024-01-30 14:30:00,1.2980120530636858
2024-01-30 15:30:00,1.2980120530636858
2024-01-30 16:30:00,1.2980120530636858
2024-01-30 17:30:00,1.2980120530636858
2024-01-30 18:30:00,1.2980120530636858
2024-01-30 19:30:00,1.2980120530636858
2024-01-30 20:30:00,1.2778899430968453
2024-01-31 14:30:00,1.2778899430968453
2024-01-31 15:30:00,1.2778899430968453
2024-01-31 16:30:00,1.2778899430968453
2024-01-31 17:30:00,1.2778899430968453
2024-01-31 18:30:00,1.2778899430968453
2024-01-31 19:30:00,1.2778899430968453
2024-01-31 20:30:00,1.2778899430968453
2024-02-01 14:30:00,1.2778899430968453
2024-02-01 15:30:00,1.2778899430968453
2024-02-01 16:30:00,1.2778899430968453
2024-02-01 17:30:00,1.2778899430968453
2024-02-01 18:30:00,1.2778899430968453
2024-02-01 19:30:00,1.2778899430968453
2024-02-01 20:30:00,1.2778899430968453
2024-02-02 14:30:00,1.2778899430968453
2024-02-02 15:30:00,1.2778899430968453
2024-02-02 16:30:00,1.2778899430968453
2024-02-02 17:30:00,1.2778899430968453
2024-02-02 18:30:00,1.2778899430968453
2024-02-02 19:30:00,1.2778899430968453
2024-02-02 20:30:00,1.2778899430968453
2024-02-05 14:30:00,1.2778899430968453
2024-02-05 15:30:00,1.2778899430968453
2024-02-05 16:30:00,1.2778899430968453
2024-02-05 17:30:00,1.2778899430968453
2024-02-05 18:30:00,1.2778899430968453
2024-02-05 19:30:00,1.2778899430968453
2024-02-05 20:30:00,1.2778899430968453
2024-02-06 14:30:00,1.2778899430968453
2024-02-06 15:30:00,1.2778899430968453
2024-02-06 16:30:00,1.2778899430968453
2024-02-06 17:30:00,1.2778899430968453
2024-02-06 18:30:00,1.2778899430968453
2024-02-06 19:30:00,1.2778899430968453
2024-02-06 20:30:00,1.294508051749451
2024-02-07 14:30:00,1.294508051749451
2024-02-07 15:30:00,1.294508051749451
2024-02-07 16:30:00,1.294508051749451
2024-02-07 17:30:00,1.294508051749451
2024-02-07 18:30:00,1.294508051749451
2024-02-07 19:30:00,1.294508051749451
2024-02-07 20:30:00,1.3029143919830806
2024-02-08 14:30:00,1.3029143919830806
2024-02-08 15:30:00,1.3029143919830806
2024-02-08 16:30:00,1.3029143919830806
2024-02-08 17:30:00,1.3029143919830806
2024-02-08 18:30:00,1.3029143919830806
2024-02-08 19:30:00,1.3029143919830806
2024-02-08 20:30:00,1.3029143919830806
2024-02-09 14:30:00,1.3029143919830806
2024-02-09 15:30:00,1.3029143919830806
2024-02-09 16:30:00,1.3029143919830806
2024-02-09 17:30:00,1.3029143919830806
2024-02-09 18:30:00,1.3029143919830806
2024-02-09 19:30:00,1.3029143919830806
2024-02-09 20:30:00,1.3029143919830806
2024-02-12 14:30:00,1.3029143919830806
2024-02-12 15:30:00,1.3029143919830806
2024-02-12 16:30:00,1.3029143919830806
2024-02-12 17:30:00,1.3029143919830806
2024-02-12 18:30:00,1.3029143919830806
2024-02-12 19:30:00,1.3029143919830806
2024-02-12 20:30:00,1.2943742048456395
2024-02-13 14:30:00,1.2943742048456395
2024-02-13 15:30:00,1.2943742048456395
2024-02-13 16:30:00,1.2943742048456395
2024-02-13 17:30:00,1.2943742048456395
2024-02-13 18:30:00,1.2943742048456395
2024-02-13 19:30:00,1.2943742048456395
2024-02-13 20:30:00,1.28921816828653
2024-02-14 14:30:00,1.28921816828653
2024-02-14 15:30:00,1.28921816828653
2024-02-14 16:30:00,1.28921816828653
2024-02-14 17:30:00,1.28921816828653
2024-02-14 18:30:00,1.28921816828653
2024-02-14 19:30:00,1.28921816828653
2024-02-14 20:30:00,1.28921816828653
2024-02-15 14:30:00,1.28921816828653
2024-02-15 15:30:00,1.28921816828653
2024-02-15 16:30:00,1.28921816828653
2024-02-15 17:30:00,1.28921816828653
2024-02-15 18:30:00,1.28921816828653
2024-02-15 19:30:00,1.28921816828653
2024-02-15 20:30:00,1.28921816828653
2024-02-16 14:30:00,1.28921816828653
2024-02-16 15:30:00,1.28921816828653
2024-02-16 16:30:00,1.28921816828653
2024-02-16 17:30:00,1.28921816828653
2024-02-16 18:30:00,1.28921816828653
2024-02-16 19:30:00,1.28921816828653
2024-02-16 20:30:00,1.28921816828653
2024-02-20 14:30:00,1.28921816828653
2024-02-20 15:30:00,1.28921816828653
2024-02-20 16:30:00,1.28921816828653
2024-02-20 17:30:00,1.28921816828653
2024-02-20 18:30:00,1.28921816828653
2024-02-20 19:30:00,1.28921816828653
2024-02-20 20:30:00,1.28921816828653
2024-02-21 14:30:00,1.28921816828653
2024-02-21 15:30:00,1.28921816828653
2024-02-21 16:30:00,1.28921816828653
2024-02-21 17:30:00,1.28921816828653
2024-02-21 18:30:00,1.28921816828653
2024-02-21 19:30:00,1.28921816828653
2024-02-21 20:30:00,1.28921816828653
2024-02-22 14:30:00,1.28921816828653
2024-02-22 15:30:00,1.28921816828653
2024-02-22 16:30:00,1.28921816828653
2024-02-22 17:30:00,1.28921816828653
2024-02-22 18:30:00,1.28921816828653
2024-02-22 19:30:00,1.28921816828653
2024-02-22 20:30:00,1.2855121118283652
2024-02-23 14:30:00,1.2855121118283652
2024-02-23 15:30:00,1.2855121118283652
2024-02-23 16:30:00,1.2855121118283652
2024-02-23 17:30:00,1.2855121118283652
2024-02-23 18:30:00,1.2855121118283652
2024-02-23 19:30:00,1.2855121118283652
2024-02-23 20:30:00,1.2855121118283652
2024-02-26 14:30:00,1.2855121118283652
2024-02-26 15:30:00,1.2855121118283652
2024-02-26 16:30:00,1.2855121118283652
2024-02-26 17:30:00,1.2855121118283652
2024-02-26 18:30:00,1.2855121118283652
2024-02-26 19:30:00,1.2855121118283652
2024-02-26 20:30:00,1.2855121118283652
2024-02-27 14:30:00,1.2855121118283652
2024-02-27 15:30:00,1.2855121118283652
2024-02-27 16:30:00,1.2855121118283652
2024-02-27 17:30:00,1.2855121118283652
2024-02-27 18:30:00,1.2855121118283652
2024-02-27 19:30:00,1.2855121118283652
2024-02-27 20:30:00,1.2855121118283652
2024-02-28 14:30:00,1.2855121118283652
2024-02-28 15:30:00,1.2855121118283652
2024-02-28 16:30:00,1.2855121118283652
2024-02-28 17:30:00,1.2855121118283652
2024-02-28 18:30:00,1.2855121118283652
2024-02-28 19:30:00,1.2855121118283652
2024-02-28 20:30:00,1.2855121118283652
2024-02-29 14:30:00,1.2855121118283652
2024-02-29 15:30:00,1.2855121118283652
2024-02-29 16:30:00,1.2855121118283652
2024-02-29 17:30:00,1.2855121118283652
2024-02-29 18:30:00,1.2855121118283652
2024-02-29 19:30:00,1.2855121118283652
2024-02-29 20:30:00,1.2855121118283652
2024-03-01 14:30:00,1.2855121118283652
2024-03-01 15:30:00,1.2855121118283652
2024-03-01 16:30:00,1.2855121118283652
2024-03-01 17:30:00,1.2855121118283652
2024-03-01 18:30:00,1.2855121118283652
2024-03-01 19:30:00,1.2855121118283652
2024-03-01 20:30:00,1.2855121118283652
2024-03-04 14:30:00,1.2855121118283652
2024-03-04 15:30:00,1.2855121118283652
2024-03-04 16:30:00,1.2855121118283652
2024-03-04 17:30:00,1.2855121118283652
2024-03-04 18:30:00,1.2855121118283652
2024-03-04 19:30:00,1.2855121118283652
2024-03-04 20:30:00,1.2855121118283652
2024-03-05 14:30:00,1.2855121118283652
2024-03-05 15:30:00,1.2855121118283652
2024-03-05 16:30:00,1.2855121118283652
2024-03-05 17:30:00,1.2855121118283652
2024-03-05 18:30:00,1.2855121118283652
2024-03-05 19:30:00,1.2855121118283652
2024-03-05 20:30:00,1.2792724916364497
2024-03-06 14:30:00,1.2792724916364497
2024-03-06 15:30:00,1.2792724916364497
2024-03-06 16:30:00,1.2792724916364497
2024-03-06 17:30:00,1.2792724916364497
2024-03-06 18:30:00,1.2792724916364497
2024-03-06 19:30:00,1.2792724916364497
2024-03-06 20:30:00,1.2792724916364497
2024-03-07 14:30:00,1.2792724916364497
2024-03-07 15:30:00,1.2792724916364497
2024-03-07 16:30:00,1.2792724916364497
2024-03-07 17:30:00,1.2792724916364497
2024-03-07 18:30:00,1.2792724916364497
2024-03-07 19:30:00,1.2792724916364497
2024-03-07 20:30:00,1.2792724916364497
2024-03-08 14:30:00,1.2792724916364497
2024-03-08 15:30:00,1.2792724916364497
2024-03-08 16:30:00,1.2792724916364497
2024-03-08 17:30:00,1.2792724916364497
2024-03-08 18:30:00,1.2792724916364497
2024-03-08 19:30:00,1.2792724916364497
2024-03-08 20:30:00,1.2792724916364497
2024-03-11 13:30:00,1.2792724916364497
2024-03-11 14:30:00,1.2792724916364497
2024-03-11 15:30:00,1.2792724916364497
2024-03-11 16:30:00,1.2792724916364497
2024-03-11 17:30:00,1.2792724916364497
2024-03-11 18:30:00,1.2792724916364497
2024-03-11 19:30:00,1.2792724916364497
2024-03-12 13:30:00,1.2792724916364497
2024-03-12 14:30:00,1.2792724916364497
2024-03-12 15:30:00,1.2792724916364497
2024-03-12 16:30:00,1.2792724916364497
2024-03-12 17:30:00,1.2792724916364497
2024-03-12 18:30:00,1.2792724916364497
2024-03-12 19:30:00,1.2792724916364497
2024-03-13 13:30:00,1.2792724916364497
2024-03-13 14:30:00,1.2792724916364497
2024-03-13 15:30:00,1.2792724916364497
2024-03-13 16:30:00,1.2792724916364497
2024-03-13 17:30:00,1.2792724916364497
2024-03-13 18:30:00,1.2792724916364497
2024-03-13 19:30:00,1.2792724916364497
2024-03-14 13:30:00,1.2792724916364497
2024-03-14 14:30:00,1.2792724916364497
2024-03-14 15:30:00,1.2792724916364497
2024-03-14 16:30:00,1.2792724916364497
2024-03-14 17:30:00,1.2792724916364497
2024-03-14 18:30:00,1.2792724916364497
2024-03-14 19:30:00,1.2792724916364497
2024-03-15 13:30:00,1.2792724916364497
2024-03-15 14:30:00,1.2792724916364497
2024-03-15 15:30:00,1.2792724916364497
2024-03-15 16:30:00,1.2792724916364497
2024-03-15 17:30:00,1.2792724916364497
2024-03-15 18:30:00,1.2792724916364497
2024-03-15 19:30:00,1.2910179337685792
2024-03-18 13:30:00,1.2910179337685792
2024-03-18 14:30:00,1.2910179337685792
2024-03-18 15:30:00,1.2910179337685792
2024-03-18 16:30:00,1.2910179337685792
2024-03-18 17:30:00,1.2910179337685792
2024-03-18 18:30:00,1.2910179337685792
2024-03-18 19:30:00,1.3051396780652957
2024-03-19 13:30:00,1.3051396780652957
2024-03-19 14:30:00,1.3051396780652957
2024-03-19 15:30:00,1.3051396780652957
2024-03-19 16:30:00,1.3051396780652957
2024-03-19 17:30:00,1.3051396780652957
2024-03-19 18:30:00,1.3051396780652957
2024-03-19 19:30:00,1.3051396780652957
2024-03-20 13:30:00,1.3051396780652957
2024-03-20 14:30:00,1.3051396780652957
2024-03-20 15:30:00,1.3051396780652957
2024-03-20 16:30:00,1.3051396780652957
2024-03-20 17:30:00,1.3051396780652957
2024-03-20 18:30:00,1.3051396780652957
2024-03-20 19:30:00,1.3051396780652957
2024-03-21 13:30:00,1.3051396780652957
2024-03-21 14:30:00,1.3051396780652957
2024-03-21 15:30:00,1.3051396780652957
2024-03-21 16:30:00,1.3051396780652957
2024-03-21 17:30:00,1.3051396780652957
2024-03-21 18:30:00,1.3051396780652957
2024-03-21 19:30:00,1.3051396780652957
2024-03-22 13:30:00,1.3051396780652957
2024-03-22 14:30:00,1.3051396780652957
2024-03-22 15:30:00,1.3051396780652957
2024-03-22 16:30:00,1.3051396780652957
2024-03-22 17:30:00,1.3051396780652957
2024-03-25 13:30:00,1.3051396780652957
2024-03-25 14:30:00,1.3051396780652957
2024-03-25 15:30:00,1.3051396780652957
2024-03-25 16:30:00,1.3051396780652957
2024-03-25 17:30:00,1.3051396780652957
2024-03-25 18:30:00,1.3051396780652957
2024-03-25 19:30:00,1.3051396780652957
2024-03-26 13:30:00,1.3051396780652957
2024-03-26 14:30:00,1.3051396780652957
2024-03-26 15:30:00,1.3051396780652957
2024-03-26 16:30:00,1.3051396780652957
2024-03-26 17:30:00,1.3051396780652957
2024-03-26 18:30:00,1.3051396780652957
2024-03-26 19:30:00,1.3051396780652957
2024-03-27 13:30:00,1.3051396780652957
2024-03-27 14:30:00,1.3051396780652957
2024-03-27 15:30:00,1.3051396780652957
2024-03-27 16:30:00,1.3051396780652957
2024-03-27 17:30:00,1.3051396780652957
2024-03-27 18:30:00,1.3051396780652957
2024-03-27 19:30:00,1.3051396780652957
2024-03-28 13:30:00,1.3051396780652957
2024-03-28 14:30:00,1.3051396780652957
2024-03-28 15:30:00,1.3051396780652957
2024-03-28 16:30:00,1.3051396780652957
2024-03-28 17:30:00,1.3051396780652957
2024-03-28 18:30:00,1.3051396780652957
2024-03-28 19:30:00,1.3051396780652957
2024-04-01 13:30:00,1.3051396780652957
2024-04-01 14:30:00,1.3051396780652957
2024-04-01 15:30:00,1.3051396780652957
2024-04-01 16:30:00,1.3051396780652957
2024-04-01 17:30:00,1.3051396780652957
2024-04-01 18:30:00,1.3051396780652957
2024-04-01 19:30:00,1.3051396780652957
2024-04-02 13:30:00,1.3051396780652957
2024-04-02 14:30:00,1.3051396780652957
2024-04-02 15:30:00,1.3051396780652957
2024-04-02 16:30:00,1.3051396780652957
2024-04-02 17:30:00,1.3051396780652957
2024-04-02 18:30:00,1.3051396780652957
2024-04-02 19:30:00,1.3051396780652957
2024-04-03 13:30:00,1.3051396780652957
2024-04-03 14:30:00,1.3051396780652957
2024-04-03 15:30:00,1.3051396780652957
2024-04-03 16:30:00,1.3051396780652957
2024-04-03 17:30:00,1.3051396780652957
2024-04-03 18:30:00,1.3051396780652957
2024-04-03 19:30:00,1.3051396780652957
2024-04-04 13:30:00,1.3051396780652957
2024-04-04 14:30:00,1.3051396780652957
2024-04-04 15:30:00,1.3051396780652957
2024-04-04 16:30:00,1.3051396780652957
2024-04-04 17:30:00,1.3051396780652957
2024-04-04 18:30:00,1.3051396780652957
2024-04-04 19:30:00,1.3051396780652957
2024-04-05 13:30:00,1.3051396780652957
2024-04-05 14:30:00,1.3051396780652957
2024-04-05 15:30:00,1.3051396780652957
2024-04-05 16:30:00,1.3051396780652957
2024-04-05 17:30:00,1.3051396780652957
2024-04-05 18:30:00,1.3051396780652957
2024-04-05 19:30:00,1.3051396780652957
2024-04-08 13:30:00,1.3051396780652957
2024-04-08 14:30:00,1.3051396780652957
2024-04-08 15:30:00,1.3051396780652957
2024-04-08 16:30:00,1.3051396780652957
2024-04-08 17:30:00,1.3051396780652957
2024-04-08 18:30:00,1.3051396780652957
2024-04-08 19:30:00,1.3051396780652957
2024-04-09 13:30:00,1.3051396780652957
2024-04-09 14:30:00,1.3051396780652957
2024-04-09 15:30:00,1.3051396780652957
2024-04-09 16:30:00,1.3051396780652957
2024-04-09 17:30:00,1.3051396780652957
2024-04-09 18:30:00,1.3051396780652957
2024-04-09 19:30:00,1.3051396780652957
2024-04-10 13:30:00,1.3051396780652957
2024-04-10 14:30:00,1.3051396780652957
2024-04-10 15:30:00,1.3051396780652957
2024-04-10 16:30:00,1.3051396780652957
2024-04-10 17:30:00,1.3051396780652957
2024-04-10 18:30:00,1.3051396780652957
2024-04-10 19:30:00,1.3051396780652957
2024-04-11 13:30:00,1.3051396780652957
2024-04-11 14:30:00,1.3051396780652957
2024-04-11 15:30:00,1.3051396780652957
2024-04-11 16:30:00,1.3051396780652957
2024-04-11 17:30:00,1.3051396780652957
2024-04-11 18:30:00,1.3051396780652957
2024-04-11 19:30:00,1.3051396780652957
2024-04-12 15:30:00,1.3051396780652957
2024-04-12 16:30:00,1.3051396780652957
2024-04-12 17:30:00,1.3051396780652957
2024-04-12 18:30:00,1.3051396780652957
2024-04-12 19:30:00,1.3051396780652957
2024-04-15 13:30:00,1.3051396780652957
2024-04-15 14:30:00,1.3051396780652957
2024-04-15 15:30:00,1.3051396780652957
2024-04-15 16:30:00,1.3051396780652957
2024-04-15 17:30:00,1.3051396780652957
2024-04-15 18:30:00,1.3051396780652957
2024-04-15 19:30:00,1.285084076329716
2024-04-16 13:30:00,1.285084076329716
2024-04-16 14:30:00,1.285084076329716
2024-04-16 15:30:00,1.285084076329716
2024-04-16 16:30:00,1.285084076329716
2024-04-16 17:30:00,1.285084076329716
2024-04-16 18:30:00,1.285084076329716
2024-04-16 19:30:00,1.2646062974195407
2024-04-17 13:30:00,1.2646062974195407
2024-04-17 14:30:00,1.2646062974195407
2024-04-17 15:30:00,1.2646062974195407
2024-04-17 16:30:00,1.2646062974195407
2024-04-17 17:30:00,1.2646062974195407
2024-04-17 18:30:00,1.2646062974195407
2024-04-17 19:30:00,1.2646062974195407
2024-04-18 13:30:00,1.2646062974195407
2024-04-18 14:30:00,1.2646062974195407
2024-04-18 15:30:00,1.2646062974195407
2024-04-18 16:30:00,1.2646062974195407
2024-04-18 17:30:00,1.2646062974195407
2024-04-18 18:30:00,1.2646062974195407
2024-04-18 19:30:00,1.2646062974195407
2024-04-19 13:30:00,1.2646062974195407
2024-04-19 14:30:00,1.2646062974195407
2024-04-19 15:30:00,1.2646062974195407
2024-04-19 16:30:00,1.2646062974195407
2024-04-19 17:30:00,1.2646062974195407
2024-04-19 18:30:00,1.2646062974195407
2024-04-19 19:30:00,1.255547218801721
2024-04-22 13:30:00,1.255547218801721
2024-04-22 14:30:00,1.255547218801721
2024-04-22 15:30:00,1.255547218801721
2024-04-22 16:30:00,1.255547218801721
2024-04-22 17:30:00,1.255547218801721
2024-04-22 18:30:00,1.255547218801721
2024-04-22 19:30:00,1.255547218801721
2024-04-23 13:30:00,1.255547218801721
2024-04-23 14:30:00,1.255547218801721
2024-04-23 15:30:00,1.255547218801721
2024-04-23 16:30:00,1.255547218801721
2024-04-23 17:30:00,1.255547218801721
2024-04-23 18:30:00,1.255547218801721
2024-04-23 19:30:00,1.255547218801721
2024-04-24 13:30:00,1.255547218801721
2024-04-24 14:30:00,1.255547218801721
2024-04-24 15:30:00,1.255547218801721
2024-04-24 16:30:00,1.255547218801721
2024-04-24 17:30:00,1.255547218801721
2024-04-24 18:30:00,1.255547218801721
2024-04-24 19:30:00,1.2747879529112396
2024-04-25 13:30:00,1.2747879529112396
2024-04-25 14:30:00,1.2747879529112396
2024-04-25 15:30:00,1.2747879529112396
2024-04-25 16:30:00,1.2747879529112396
2024-04-25 17:30:00,1.2747879529112396
2024-04-25 18:30:00,1.2747879529112396
2024-04-25 19:30:00,1.2725371529546632
2024-04-26 13:30:00,1.2725371529546632
2024-04-26 14:30:00,1.2725371529546632
2024-04-26 15:30:00,1.2725371529546632
2024-04-26 16:30:00,1.2725371529546632
2024-04-26 17:30:00,1.2725371529546632
2024-04-26 18:30:00,1.2725371529546632
2024-04-26 19:30:00,1.2725371529546632
2024-04-29 13:30:00,1.2725371529546632
2024-04-29 14:30:00,1.2725371529546632
2024-04-29 15:30:00,1.2725371529546632
2024-04-29 16:30:00,1.2725371529546632
2024-04-29 17:30:00,1.2725371529546632
2024-04-29 18:30:00,1.2725371529546632
2024-04-29 19:30:00,1.2718035865627595
2024-04-30 13:30:00,1.2718035865627595
2024-04-30 14:30:00,1.2718035865627595
2024-04-30 15:30:00,1.2718035865627595
2024-04-30 16:30:00,1.2718035865627595
2024-04-30 17:30:00,1.2718035865627595
2024-04-30 18:30:00,1.2718035865627595
2024-04-30 19:30:00,1.2718035865627595
2024-05-01 13:30:00,1.2718035865627595
2024-05-01 14:30:00,1.2718035865627595
2024-05-01 15:30:00,1.2718035865627595
2024-05-01 16:30:00,1.2718035865627595
2024-05-01 17:30:00,1.2718035865627595
2024-05-01 18:30:00,1.2718035865627595
2024-05-01 19:30:00,1.2718035865627595
2024-05-02 13:30:00,1.2718035865627595
2024-05-02 14:30:00,1.2718035865627595
2024-05-02 15:30:00,1.2718035865627595
2024-05-02 16:30:00,1.2718035865627595
2024-05-02 17:30:00,1.2718035865627595
2024-05-02 18:30:00,1.2718035865627595
2024-05-02 19:30:00,1.2718035865627595
2024-05-03 13:30:00,1.2718035865627595
2024-05-03 14:30:00,1.2718035865627595
2024-05-03 15:30:00,1.2718035865627595
2024-05-03 16:30:00,1.2718035865627595
2024-05-03 17:30:00,1.2718035865627595
2024-05-03 18:30:00,1.2718035865627595
2024-05-03 19:30:00,1.294550278115875
2024-05-06 13:30:00,1.294550278115875
2024-05-06 14:30:00,1.294550278115875
2024-05-06 15:30:00,1.294550278115875
2024-05-06 16:30:00,1.294550278115875
2024-05-06 17:30:00,1.294550278115875
2024-05-06 18:30:00,1.294550278115875
2024-05-06 19:30:00,1.294550278115875
2024-05-07 13:30:00,1.294550278115875
2024-05-07 14:30:00,1.294550278115875
2024-05-07 15:30:00,1.294550278115875
2024-05-07 16:30:00,1.294550278115875
2024-05-07 17:30:00,1.294550278115875
2024-05-07 18:30:00,1.294550278115875
2024-05-07 19:30:00,1.294550278115875
2024-05-08 13:30:00,1.294550278115875
2024-05-08 14:30:00,1.294550278115875
2024-05-08 15:30:00,1.294550278115875
2024-05-08 16:30:00,1.294550278115875
2024-05-08 17:30:00,1.294550278115875
2024-05-08 18:30:00,1.294550278115875
2024-05-08 19:30:00,1.294550278115875
2024-05-09 13:30:00,1.294550278115875
2024-05-09 14:30:00,1.294550278115875
2024-05-09 15:30:00,1.294550278115875
2024-05-09 16:30:00,1.294550278115875
2024-05-09 17:30:00,1.294550278115875
2024-05-09 18:30:00,1.294550278115875
2024-05-09 19:30:00,1.294550278115875
2024-05-10 13:30:00,1.294550278115875
2024-05-10 14:30:00,1.294550278115875
2024-05-10 15:30:00,1.294550278115875
2024-05-10 16:30:00,1.294550278115875
2024-05-10 17:30:00,1.294550278115875
2024-05-10 18:30:00,1.294550278115875
2024-05-10 19:30:00,1.294550278115875
2024-05-13 13:30:00,1.294550278115875
2024-05-13 14:30:00,1.294550278115875
2024-05-13 15:30:00,1.294550278115875
2024-05-13 16:30:00,1.294550278115875
2024-05-13 18:30:00,1.294550278115875
2024-05-13 19:30:00,1.294550278115875
2024-05-14 13:30:00,1.294550278115875
2024-05-14 14:30:00,1.294550278115875
2024-05-14 15:30:00,1.294550278115875
2024-05-14 16:30:00,1.294550278115875
2024-05-14 17:30:00,1.294550278115875
2024-05-14 18:30:00,1.294550278115875
2024-05-14 19:30:00,1.296346372500887
2024-05-15 13:30:00,1.296346372500887
2024-05-15 14:30:00,1.296346372500887
2024-05-15 15:30:00,1.296346372500887
2024-05-15 16:30:00,1.296346372500887
2024-05-15 17:30:00,1.296346372500887
2024-05-15 18:30:00,1.296346372500887
2024-05-15 19:30:00,1.296346372500887
2024-05-16 13:30:00,1.296346372500887
2024-05-16 14:30:00,1.296346372500887
2024-05-16 15:30:00,1.296346372500887
2024-05-16 16:30:00,1.296346372500887
2024-05-16 17:30:00,1.296346372500887
2024-05-16 18:30:00,1.296346372500887
2024-05-16 19:30:00,1.3005516138618158
2024-05-17 13:30:00,1.3005516138618158
2024-05-17 14:30:00,1.3005516138618158
2024-05-17 15:30:00,1.3005516138618158
2024-05-17 16:30:00,1.3005516138618158
2024-05-17 17:30:00,1.3005516138618158
2024-05-17 18:30:00,1.3005516138618158
2024-05-17 19:30:00,1.3005516138618158
2024-05-20 13:30:00,1.3005516138618158
2024-05-20 14:30:00,1.3005516138618158
2024-05-20 15:30:00,1.3005516138618158
2024-05-20 16:30:00,1.3005516138618158
2024-05-20 17:30:00,1.3005516138618158
2024-05-20 18:30:00,1.3005516138618158
2024-05-20 19:30:00,1.3138219165473695
2024-05-21 13:30:00,1.3138219165473695
2024-05-21 14:30:00,1.3138219165473695
2024-05-21 15:30:00,1.3138219165473695
2024-05-21 16:30:00,1.3138219165473695
2024-05-21 17:30:00,1.3138219165473695
2024-05-21 18:30:00,1.3138219165473695
2024-05-21 19:30:00,1.3138219165473695
2024-05-22 13:30:00,1.3138219165473695
2024-05-22 14:30:00,1.3138219165473695
2024-05-22 15:30:00,1.3138219165473695
2024-05-22 16:30:00,1.3138219165473695
2024-05-22 17:30:00,1.3138219165473695
2024-05-22 18:30:00,1.3138219165473695
2024-05-22 19:30:00,1.3138219165473695
2024-05-23 13:30:00,1.3138219165473695
2024-05-23 14:30:00,1.3138219165473695
2024-05-23 15:30:00,1.3138219165473695
2024-05-23 16:30:00,1.3138219165473695
2024-05-23 17:30:00,1.3138219165473695
2024-05-23 18:30:00,1.3138219165473695
2024-05-23 19:30:00,1.3138219165473695
2024-05-24 13:30:00,1.3138219165473695
2024-05-24 14:30:00,1.3138219165473695
2024-05-24 15:30:00,1.3138219165473695
2024-05-24 16:30:00,1.3138219165473695
2024-05-24 17:30:00,1.3138219165473695
2024-05-24 18:30:00,1.3138219165473695
2024-05-24 19:30:00,1.3138219165473695
2024-05-28 13:30:00,1.3138219165473695
2024-05-28 14:30:00,1.3138219165473695
2024-05-28 15:30:00,1.3138219165473695
2024-05-28 16:30:00,1.3138219165473695
2024-05-28 17:30:00,1.3138219165473695
2024-05-28 18:30:00,1.3138219165473695
2024-05-28 19:30:00,1.3237187063806612
2024-05-29 13:30:00,1.3237187063806612
2024-05-29 14:30:00,1.3237187063806612
2024-05-29 15:30:00,1.3237187063806612
2024-05-29 16:30:00,1.3237187063806612
2024-05-29 17:30:00,1.3237187063806612
2024-05-29 18:30:00,1.3237187063806612
2024-05-29 19:30:00,1.3237187063806612
2024-05-30 13:30:00,1.3237187063806612
2024-05-30 14:30:00,1.3237187063806612
2024-05-30 15:30:00,1.3237187063806612
2024-05-30 16:30:00,1.3237187063806612
2024-05-30 17:30:00,1.3237187063806612
2024-05-30 18:30:00,1.3237187063806612
2024-05-30 19:30:00,1.3237187063806612
2024-05-31 13:30:00,1.3237187063806612
2024-05-31 14:30:00,1.3237187063806612
2024-05-31 15:30:00,1.3237187063806612
2024-05-31 16:30:00,1.3237187063806612
2024-05-31 17:30:00,1.3237187063806612
2024-05-31 18:30:00,1.3237187063806612
2024-05-31 19:30:00,1.3237187063806612
2024-06-03 13:30:00,1.3237187063806612
2024-06-03 14:30:00,1.3237187063806612
2024-06-03 15:30:00,1.3237187063806612
2024-06-03 16:30:00,1.3237187063806612
2024-06-03 17:30:00,1.3237187063806612
2024-06-03 18:30:00,1.3237187063806612
2024-06-03 19:30:00,1.3161483639411613
2024-06-04 13:30:00,1.3161483639411613
2024-06-04 14:30:00,1.3161483639411613
2024-06-04 15:30:00,1.3161483639411613
2024-06-04 16:30:00,1.3161483639411613
2024-06-04 17:30:00,1.3161483639411613
2024-06-04 18:30:00,1.3161483639411613
2024-06-04 19:30:00,1.3161483639411613
2024-06-05 13:30:00,1.3161483639411613
2024-06-05 14:30:00,1.3161483639411613
2024-06-05 15:30:00,1.3161483639411613
2024-06-05 16:30:00,1.3161483639411613
2024-06-05 17:30:00,1.3161483639411613
2024-06-05 18:30:00,1.3161483639411613
2024-06-05 19:30:00,1.3129235651384246
2024-06-06 13:30:00,1.3129235651384246
2024-06-06 14:30:00,1.3129235651384246
2024-06-06 15:30:00,1.3129235651384246
2024-06-06 16:30:00,1.3129235651384246
2024-06-06 17:30:00,1.3129235651384246
2024-06-06 18:30:00,1.3129235651384246
2024-06-06 19:30:00,1.3129235651384246
2024-06-07 13:30:00,1.3129235651384246
2024-06-07 14:30:00,1.3129235651384246
2024-06-07 15:30:00,1.3129235651384246
2024-06-07 16:30:00,1.3129235651384246
2024-06-07 17:30:00,1.3129235651384246
2024-06-07 18:30:00,1.3129235651384246
2024-06-07 19:30:00,1.3129235651384246
2024-06-10 13:30:00,1.3129235651384246
2024-06-10 14:30:00,1.3129235651384246
2024-06-10 15:30:00,1.3129235651384246
2024-06-10 16:30:00,1.3129235651384246
2024-06-10 17:30:00,1.3129235651384246
2024-06-10 18:30:00,1.3129235651384246
2024-06-10 19:30:00,1.3129235651384246
2024-06-11 13:30:00,1.3129235651384246
2024-06-11 14:30:00,1.3129235651384246
2024-06-11 15:30:00,1.3129235651384246
2024-06-11 16:30:00,1.3129235651384246
2024-06-11 17:30:00,1.3129235651384246
2024-06-11 18:30:00,1.3129235651384246
2024-06-11 19:30:00,1.3129235651384246
2024-06-12 13:30:00,1.3129235651384246
2024-06-12 14:30:00,1.3129235651384246
2024-06-12 15:30:00,1.3129235651384246
2024-06-12 16:30:00,1.3129235651384246
2024-06-12 17:30:00,1.3129235651384246
2024-06-12 18:30:00,1.3129235651384246
2024-06-12 19:30:00,1.2798916411272778
2024-06-13 13:30:00,1.2798916411272778
2024-06-13 14:30:00,1.2798916411272778
2024-06-13 15:30:00,1.2798916411272778
2024-06-13 16:30:00,1.2798916411272778
2024-06-13 17:30:00,1.2798916411272778
2024-06-13 18:30:00,1.2798916411272778
2024-06-13 19:30:00,1.2798916411272778
2024-06-14 13:30:00,1.2798916411272778
2024-06-14 14:30:00,1.2798916411272778
2024-06-14 15:30:00,1.2798916411272778
2024-06-14 16:30:00,1.2798916411272778
2024-06-14 17:30:00,1.2798916411272778
2024-06-14 18:30:00,1.2798916411272778
2024-06-14 19:30:00,1.2798916411272778
2024-06-17 13:30:00,1.2798916411272778
2024-06-17 14:30:00,1.2798916411272778
2024-06-17 15:30:00,1.2798916411272778
2024-06-17 19:30:00,1.2798916411272778
2024-06-18 13:30:00,1.2798916411272778
2024-06-18 14:30:00,1.2798916411272778
2024-06-18 15:30:00,1.2798916411272778
2024-06-18 16:30:00,1.2798916411272778
2024-06-18 17:30:00,1.2798916411272778
2024-06-18 18:30:00,1.2798916411272778
2024-06-18 19:30:00,1.2798916411272778
2024-06-20 13:30:00,1.2798916411272778
2024-06-20 14:30:00,1.2798916411272778
2024-06-20 15:30:00,1.2798916411272778
2024-06-20 16:30:00,1.2798916411272778
2024-06-20 17:30:00,1.2798916411272778
2024-06-20 18:30:00,1.2798916411272778
2024-06-20 19:30:00,1.2798916411272778
2024-06-21 13:30:00,1.2798916411272778
2024-06-21 14:30:00,1.2798916411272778
2024-06-21 15:30:00,1.2798916411272778
2024-06-21 16:30:00,1.2798916411272778
2024-06-21 17:30:00,1.2798916411272778
2024-06-21 18:30:00,1.2798916411272778
2024-06-21 19:30:00,1.2798916411272778
2024-06-24 13:30:00,1.2798916411272778
2024-06-24 14:30:00,1.2798916411272778
2024-06-24 15:30:00,1.2798916411272778
2024-06-24 16:30:00,1.2798916411272778
2024-06-24 17:30:00,1.2798916411272778
2024-06-24 18:30:00,1.2798916411272778
2024-06-24 19:30:00,1.2798916411272778
2024-06-25 13:30:00,1.2798916411272778
2024-06-25 14:30:00,1.2798916411272778
2024-06-25 15:30:00,1.2798916411272778
2024-06-25 16:30:00,1.2798916411272778
2024-06-25 17:30:00,1.2798916411272778
2024-06-25 18:30:00,1.2798916411272778
2024-06-25 19:30:00,1.2798916411272778
2024-06-26 13:30:00,1.2798916411272778
2024-06-26 14:30:00,1.2798916411272778
2024-06-26 15:30:00,1.2798916411272778
2024-06-26 16:30:00,1.2798916411272778
2024-06-26 17:30:00,1.2798916411272778
2024-06-26 18:30:00,1.2798916411272778
2024-06-26 19:30:00,1.2798916411272778
2024-06-27 13:30:00,1.2798916411272778
2024-06-27 14:30:00,1.2798916411272778
2024-06-27 15:30:00,1.2798916411272778
2024-06-27 16:30:00,1.2798916411272778
2024-06-27 17:30:00,1.2798916411272778
2024-06-27 18:30:00,1.2798916411272778
2024-06-27 19:30:00,1.2831794261432017
2024-06-28 13:30:00,1.2831794261432017
2024-06-28 14:30:00,1.2831794261432017
2024-06-28 15:30:00,1.2831794261432017
2024-06-28 16:30:00,1.2831794261432017
2024-06-28 17:30:00,1.2831794261432017
2024-06-28 18:30:00,1.2831794261432017
2024-06-28 19:30:00,1.3148308400695095
2024-07-01 13:30:00,1.3148308400695095
2024-07-01 14:30:00,1.3148308400695095
2024-07-01 15:30:00,1.3148308400695095
2024-07-01 16:30:00,1.3148308400695095
2024-07-01 17:30:00,1.3148308400695095
2024-07-01 18:30:00,1.3148308400695095
2024-07-01 19:30:00,1.3148308400695095
2024-07-02 13:30:00,1.3148308400695095
2024-07-02 14:30:00,1.3148308400695095
2024-07-02 15:30:00,1.3148308400695095
2024-07-02 16:30:00,1.3148308400695095
2024-07-02 17:30:00,1.3148308400695095
2024-07-02 18:30:00,1.3148308400695095
2024-07-02 19:30:00,1.3148308400695095
2024-07-03 13:30:00,1.3148308400695095
2024-07-03 14:30:00,1.3148308400695095
2024-07-03 15:30:00,1.3148308400695095
2024-07-03 16:30:00,1.3148308400695095
2024-07-05 13:30:00,1.3148308400695095
2024-07-05 14:30:00,1.3148308400695095
2024-07-05 15:30:00,1.3148308400695095
2024-07-05 16:30:00,1.3148308400695095
2024-07-05 17:30:00,1.3148308400695095
2024-07-05 18:30:00,1.3148308400695095
2024-07-05 19:30:00,1.3148308400695095
2024-07-08 13:30:00,1.3148308400695095
2024-07-08 14:30:00,1.3148308400695095
2024-07-08 15:30:00,1.3148308400695095
2024-07-08 16:30:00,1.3148308400695095
2024-07-08 17:30:00,1.3148308400695095
2024-07-08 18:30:00,1.3148308400695095
2024-07-08 19:30:00,1.3107328159411102
2024-07-09 13:30:00,1.3107328159411102
2024-07-09 14:30:00,1.3107328159411102
2024-07-09 15:30:00,1.3107328159411102
2024-07-09 16:30:00,1.3107328159411102
2024-07-09 17:30:00,1.3107328159411102
2024-07-09 18:30:00,1.3107328159411102
2024-07-09 19:30:00,1.3107328159411102
2024-07-10 13:30:00,1.3107328159411102
2024-07-10 14:30:00,1.3107328159411102
2024-07-10 15:30:00,1.3107328159411102
2024-07-10 16:30:00,1.3107328159411102
2024-07-10 17:30:00,1.3107328159411102
2024-07-10 18:30:00,1.3107328159411102
2024-07-10 19:30:00,1.2912049173050892
2024-07-11 13:30:00,1.2912049173050892
2024-07-11 14:30:00,1.2912049173050892
2024-07-11 15:30:00,1.2912049173050892
2024-07-11 16:30:00,1.2912049173050892
2024-07-11 17:30:00,1.2912049173050892
2024-07-11 18:30:00,1.2912049173050892
2024-07-11 19:30:00,1.2912049173050892
2024-07-12 13:30:00,1.2912049173050892
2024-07-12 14:30:00,1.2912049173050892
2024-07-12 15:30:00,1.2912049173050892
2024-07-12 16:30:00,1.2912049173050892
2024-07-12 17:30:00,1.2912049173050892
2024-07-12 18:30:00,1.2912049173050892
2024-07-12 19:30:00,1.2912049173050892
2024-07-15 13:30:00,1.2912049173050892
2024-07-15 14:30:00,1.2912049173050892
2024-07-15 15:30:00,1.2912049173050892
2024-07-15 16:30:00,1.2912049173050892
2024-07-15 17:30:00,1.2912049173050892
2024-07-15 18:30:00,1.2912049173050892
2024-07-15 19:30:00,1.3028379895060462
2024-07-16 13:30:00,1.3028379895060462
2024-07-16 14:30:00,1.3028379895060462
2024-07-16 15:30:00,1.3028379895060462
2024-07-16 16:30:00,1.3028379895060462
2024-07-16 17:30:00,1.3028379895060462
2024-07-16 18:30:00,1.3028379895060462
2024-07-16 19:30:00,1.3050296380979074
2024-07-17 13:30:00,1.3050296380979074
2024-07-17 14:30:00,1.3050296380979074
2024-07-17 15:30:00,1.3050296380979074
2024-07-17 16:30:00,1.3050296380979074
2024-07-17 17:30:00,1.3050296380979074
2024-07-17 18:30:00,1.3050296380979074
2024-07-17 19:30:00,1.3016458761798115
2024-07-18 13:30:00,1.3016458761798115
2024-07-18 14:30:00,1.3016458761798115
2024-07-18 15:30:00,1.3016458761798115
2024-07-18 16:30:00,1.3016458761798115
2024-07-18 17:30:00,1.3016458761798115
2024-07-18 18:30:00,1.3016458761798115
2024-07-18 19:30:00,1.3373817714823975
2024-07-19 13:30:00,1.3373817714823975
2024-07-19 14:30:00,1.3373817714823975
2024-07-19 15:30:00,1.3373817714823975
2024-07-19 16:30:00,1.3373817714823975
2024-07-19 17:30:00,1.3373817714823975
2024-07-19 18:30:00,1.3373817714823975
2024-07-19 19:30:00,1.3373817714823975
2024-07-22 13:30:00,1.3373817714823975
2024-07-22 14:30:00,1.3373817714823975
2024-07-22 15:30:00,1.3373817714823975
2024-07-22 16:30:00,1.3373817714823975
2024-07-22 17:30:00,1.3373817714823975
2024-07-22 18:30:00,1.3373817714823975
2024-07-22 19:30:00,1.3573293831916147
2024-07-23 13:30:00,1.3573293831916147
2024-07-23 14:30:00,1.3573293831916147
2024-07-23 15:30:00,1.3573293831916147
2024-07-23 16:30:00,1.3573293831916147
2024-07-23 17:30:00,1.3573293831916147
2024-07-23 18:30:00,1.3573293831916147
2024-07-23 19:30:00,1.3573293831916147
2024-07-24 13:30:00,1.3573293831916147
2024-07-24 14:30:00,1.3573293831916147
2024-07-24 15:30:00,1.3573293831916147
2024-07-24 16:30:00,1.3573293831916147
2024-07-24 17:30:00,1.3573293831916147
2024-07-24 18:30:00,1.3573293831916147
2024-07-24 19:30:00,1.3244263252566297
2024-07-25 13:30:00,1.3244263252566297
2024-07-25 14:30:00,1.3244263252566297
2024-07-25 15:30:00,1.3244263252566297
2024-07-25 16:30:00,1.3244263252566297
2024-07-25 17:30:00,1.3244263252566297
2024-07-25 18:30:00,1.3244263252566297
2024-07-25 19:30:00,1.3244263252566297
2024-07-26 13:30:00,1.3244263252566297
2024-07-26 14:30:00,1.3244263252566297
2024-07-26 15:30:00,1.3244263252566297
2024-07-26 16:30:00,1.3244263252566297
2024-07-26 17:30:00,1.3244263252566297
2024-07-26 18:30:00,1.3244263252566297
2024-07-26 19:30:00,1.3244263252566297
2024-07-29 13:30:00,1.3244263252566297
2024-07-29 14:30:00,1.3244263252566297
2024-07-29 15:30:00,1.3244263252566297
2024-07-29 16:30:00,1.3244263252566297
2024-07-29 17:30:00,1.3244263252566297
2024-07-29 18:30:00,1.3244263252566297
2024-07-29 19:30:00,1.3244263252566297
2024-07-30 13:30:00,1.3244263252566297
2024-07-30 14:30:00,1.3244263252566297
2024-07-30 15:30:00,1.3244263252566297
2024-07-30 16:30:00,1.3244263252566297
2024-07-30 17:30:00,1.3244263252566297
2024-07-30 18:30:00,1.3244263252566297
2024-07-30 19:30:00,1.3244263252566297
2024-07-31 13:30:00,1.3244263252566297
2024-07-31 14:30:00,1.3244263252566297
2024-07-31 15:30:00,1.3244263252566297
2024-07-31 16:30:00,1.3244263252566297
2024-07-31 17:30:00,1.3244263252566297
2024-07-31 18:30:00,1.3244263252566297
2024-07-31 19:30:00,1.3216818352956565
2024-08-01 13:30:00,1.3216818352956565
2024-08-01 14:30:00,1.3216818352956565
2024-08-01 15:30:00,1.3216818352956565
2024-08-01 16:30:00,1.3216818352956565
2024-08-01 17:30:00,1.3216818352956565
2024-08-01 18:30:00,1.3216818352956565
2024-08-01 19:30:00,1.3585566858406013
2024-08-02 13:30:00,1.3585566858406013
2024-08-02 14:30:00,1.3585566858406013
2024-08-02 15:30:00,1.3585566858406013
2024-08-02 16:30:00,1.3585566858406013
2024-08-02 17:30:00,1.3585566858406013
2024-08-02 18:30:00,1.3585566858406013
2024-08-02 19:30:00,1.3585566858406013
2024-08-05 13:30:00,1.3585566858406013
2024-08-05 14:30:00,1.3585566858406013
2024-08-05 15:30:00,1.3585566858406013
2024-08-05 16:30:00,1.3585566858406013
2024-08-05 17:30:00,1.3585566858406013
2024-08-05 18:30:00,1.3585566858406013
2024-08-05 19:30:00,1.4271189771567512
2024-08-06 13:30:00,1.4271189771567512
2024-08-06 14:30:00,1.4271189771567512
2024-08-06 15:30:00,1.4271189771567512
2024-08-06 16:30:00,1.4271189771567512
2024-08-06 17:30:00,1.4271189771567512
2024-08-06 18:30:00,1.4271189771567512
2024-08-06 19:30:00,1.439174342195784
2024-08-07 13:30:00,1.439174342195784
2024-08-07 14:30:00,1.439174342195784
2024-08-07 15:30:00,1.439174342195784
2024-08-07 16:30:00,1.439174342195784
2024-08-07 17:30:00,1.439174342195784
2024-08-07 18:30:00,1.439174342195784
2024-08-07 19:30:00,1.439174342195784
2024-08-08 13:30:00,1.439174342195784
2024-08-08 14:30:00,1.439174342195784
2024-08-08 15:30:00,1.439174342195784
2024-08-08 16:30:00,1.439174342195784
2024-08-08 17:30:00,1.439174342195784
2024-08-08 18:30:00,1.439174342195784
2024-08-08 19:30:00,1.439174342195784
2024-08-09 13:30:00,1.439174342195784
2024-08-09 14:30:00,1.439174342195784
2024-08-09 15:30:00,1.439174342195784
2024-08-09 16:30:00,1.439174342195784
2024-08-09 17:30:00,1.439174342195784
2024-08-09 18:30:00,1.439174342195784
2024-08-09 19:30:00,1.439174342195784
2024-08-12 13:30:00,1.439174342195784
2024-08-12 14:30:00,1.439174342195784
2024-08-12 15:30:00,1.439174342195784
2024-08-12 16:30:00,1.439174342195784
2024-08-12 17:30:00,1.439174342195784
2024-08-12 18:30:00,1.439174342195784
2024-08-12 19:30:00,1.439174342195784
2024-08-13 13:30:00,1.439174342195784
2024-08-13 14:30:00,1.439174342195784
2024-08-13 15:30:00,1.439174342195784
2024-08-13 16:30:00,1.439174342195784
2024-08-13 17:30:00,1.439174342195784
2024-08-13 18:30:00,1.439174342195784
2024-08-13 19:30:00,1.4250928469598556
2024-08-14 13:30:00,1.4250928469598556
2024-08-14 14:30:00,1.4250928469598556
2024-08-14 15:30:00,1.4250928469598556
2024-08-14 16:30:00,1.4250928469598556
2024-08-14 17:30:00,1.4250928469598556
2024-08-14 18:30:00,1.4250928469598556
2024-08-14 19:30:00,1.4250928469598556
2024-08-15 13:30:00,1.4250928469598556
2024-08-15 14:30:00,1.4250928469598556
2024-08-15 15:30:00,1.4250928469598556
2024-08-15 16:30:00,1.4250928469598556
2024-08-15 17:30:00,1.4250928469598556
2024-08-15 18:30:00,1.4250928469598556
2024-08-15 19:30:00,1.4240780763831373
2024-08-16 13:30:00,1.4240780763831373
2024-08-16 14:30:00,1.4240780763831373
2024-08-16 15:30:00,1.4240780763831373
2024-08-16 16:30:00,1.4240780763831373
2024-08-16 17:30:00,1.4240780763831373
2024-08-16 18:30:00,1.4240780763831373
2024-08-16 19:30:00,1.4240780763831373
2024-08-19 13:30:00,1.4240780763831373
2024-08-19 14:30:00,1.4240780763831373
2024-08-19 15:30:00,1.4240780763831373
2024-08-19 16:30:00,1.4240780763831373
2024-08-19 17:30:00,1.4240780763831373
2024-08-19 18:30:00,1.4240780763831373
2024-08-19 19:30:00,1.4240780763831373
2024-08-20 13:30:00,1.4240780763831373
2024-08-20 14:30:00,1.4240780763831373
2024-08-20 15:30:00,1.4240780763831373
2024-08-20 16:30:00,1.4240780763831373
2024-08-20 17:30:00,1.4240780763831373
2024-08-20 18:30:00,1.4240780763831373
2024-08-20 19:30:00,1.4240780763831373
2024-08-21 13:30:00,1.4240780763831373
2024-08-21 14:30:00,1.4240780763831373
2024-08-21 15:30:00,1.4240780763831373
2024-08-21 16:30:00,1.4240780763831373
2024-08-21 17:30:00,1.4240780763831373
2024-08-21 18:30:00,1.4240780763831373
2024-08-21 19:30:00,1.4240780763831373
2024-08-22 13:30:00,1.4240780763831373
2024-08-22 14:30:00,1.4240780763831373
2024-08-22 15:30:00,1.4240780763831373
2024-08-22 16:30:00,1.4240780763831373
2024-08-22 17:30:00,1.4240780763831373
2024-08-22 18:30:00,1.4240780763831373
2024-08-22 19:30:00,1.4435495676550252
2024-08-23 13:30:00,1.4435495676550252
2024-08-23 14:30:00,1.4435495676550252
2024-08-23 15:30:00,1.4435495676550252
2024-08-23 16:30:00,1.4435495676550252
2024-08-23 17:30:00,1.4435495676550252
2024-08-23 18:30:00,1.4435495676550252
2024-08-23 19:30:00,1.4435495676550252
2024-08-26 13:30:00,1.4435495676550252
2024-08-26 14:30:00,1.4435495676550252
2024-08-26 15:30:00,1.4435495676550252
2024-08-26 16:30:00,1.4435495676550252
2024-08-26 17:30:00,1.4435495676550252
2024-08-26 18:30:00,1.4435495676550252
2024-08-26 19:30:00,1.4435495676550252
2024-08-27 13:30:00,1.4435495676550252
2024-08-27 14:30:00,1.4435495676550252
2024-08-27 15:30:00,1.4435495676550252
2024-08-27 16:30:00,1.4435495676550252
2024-08-27 17:30:00,1.4435495676550252
2024-08-27 18:30:00,1.4435495676550252
2024-08-27 19:30:00,1.4435495676550252
2024-08-28 13:30:00,1.4435495676550252
2024-08-28 14:30:00,1.4435495676550252
2024-08-28 15:30:00,1.4435495676550252
2024-08-28 16:30:00,1.4435495676550252
2024-08-28 17:30:00,1.4435495676550252
2024-08-28 18:30:00,1.4435495676550252
2024-08-28 19:30:00,1.4435495676550252
2024-08-29 13:30:00,1.4435495676550252
2024-08-29 14:30:00,1.4435495676550252
2024-08-29 15:30:00,1.4435495676550252
2024-08-29 16:30:00,1.4435495676550252
2024-08-29 17:30:00,1.4435495676550252
2024-08-29 18:30:00,1.4435495676550252
2024-08-29 19:30:00,1.446501868672378
2024-08-30 13:30:00,1.446501868672378
2024-08-30 14:30:00,1.446501868672378
2024-08-30 15:30:00,1.446501868672378
2024-08-30 16:30:00,1.446501868672378
2024-08-30 17:30:00,1.446501868672378
2024-08-30 18:30:00,1.446501868672378
2024-08-30 19:30:00,1.446501868672378
2024-09-03 13:30:00,1.446501868672378
2024-09-03 14:30:00,1.446501868672378
2024-09-03 15:30:00,1.446501868672378
2024-09-03 16:30:00,1.446501868672378
2024-09-03 17:30:00,1.446501868672378
2024-09-03 18:30:00,1.446501868672378
2024-09-03 19:30:00,1.446501868672378
2024-09-04 13:30:00,1.446501868672378
2024-09-04 14:30:00,1.446501868672378
2024-09-04 15:30:00,1.446501868672378
2024-09-04 16:30:00,1.446501868672378
2024-09-04 17:30:00,1.446501868672378
2024-09-04 18:30:00,1.446501868672378
2024-09-04 19:30:00,1.446501868672378
2024-09-05 13:30:00,1.446501868672378
2024-09-05 14:30:00,1.446501868672378
2024-09-05 15:30:00,1.446501868672378
2024-09-05 16:30:00,1.446501868672378
2024-09-05 17:30:00,1.446501868672378
2024-09-05 18:30:00,1.446501868672378
2024-09-05 19:30:00,1.4471523392586667
2024-09-06 13:30:00,1.4471523392586667
2024-09-06 14:30:00,1.4471523392586667
2024-09-06 15:30:00,1.4471523392586667
2024-09-06 16:30:00,1.4471523392586667
2024-09-06 17:30:00,1.4471523392586667
2024-09-06 18:30:00,1.4471523392586667
2024-09-06 19:30:00,1.4673945226288596
2024-09-09 13:30:00,1.4673945226288596
2024-09-09 14:30:00,1.4673945226288596
2024-09-09 15:30:00,1.4673945226288596
2024-09-09 16:30:00,1.4673945226288596
2024-09-09 17:30:00,1.4673945226288596
2024-09-09 18:30:00,1.4673945226288596
2024-09-09 19:30:00,1.4673945226288596
2024-09-10 13:30:00,1.4673945226288596
2024-09-10 14:30:00,1.4673945226288596
2024-09-10 15:30:00,1.4673945226288596
2024-09-10 16:30:00,1.4673945226288596
2024-09-10 17:30:00,1.4673945226288596
2024-09-10 18:30:00,1.4673945226288596
2024-09-10 19:30:00,1.4673945226288596
2024-09-11 13:30:00,1.4673945226288596
2024-09-11 14:30:00,1.4673945226288596
2024-09-11 15:30:00,1.4673945226288596
2024-09-11 16:30:00,1.4673945226288596
2024-09-11 17:30:00,1.4673945226288596
2024-09-11 18:30:00,1.4673945226288596
2024-09-11 19:30:00,1.4673945226288596
2024-09-12 13:30:00,1.4673945226288596
2024-09-12 14:30:00,1.4673945226288596
2024-09-12 15:30:00,1.4673945226288596
2024-09-12 16:30:00,1.4673945226288596
2024-09-12 17:30:00,1.4673945226288596
2024-09-12 18:30:00,1.4673945226288596
2024-09-12 19:30:00,1.4673945226288596
2024-09-13 13:30:00,1.4673945226288596
2024-09-13 14:30:00,1.4673945226288596
2024-09-13 15:30:00,1.4673945226288596
2024-09-13 16:30:00,1.4673945226288596
2024-09-13 17:30:00,1.4673945226288596
2024-09-13 19:30:00,1.4673945226288596
2024-09-16 14:30:00,1.4673945226288596
2024-09-16 15:30:00,1.4673945226288596
2024-09-16 16:30:00,1.4673945226288596
2024-09-16 17:30:00,1.4673945226288596
2024-09-16 18:30:00,1.4673945226288596
2024-09-16 19:30:00,1.4673945226288596
2024-09-17 13:30:00,1.4673945226288596
2024-09-17 14:30:00,1.4673945226288596
2024-09-17 15:30:00,1.4673945226288596
2024-09-17 16:30:00,1.4673945226288596
2024-09-17 17:30:00,1.4673945226288596
2024-09-17 18:30:00,1.4673945226288596
2024-09-17 19:30:00,1.476587085410735
2024-09-18 13:30:00,1.476587085410735
2024-09-18 14:30:00,1.476587085410735
2024-09-18 15:30:00,1.476587085410735
2024-09-18 16:30:00,1.476587085410735
2024-09-18 17:30:00,1.476587085410735
2024-09-18 18:30:00,1.476587085410735
2024-09-18 19:30:00,1.476587085410735
2024-09-19 13:30:00,1.476587085410735
2024-09-19 14:30:00,1.476587085410735
2024-09-19 15:30:00,1.476587085410735
2024-09-19 16:30:00,1.476587085410735
2024-09-19 17:30:00,1.476587085410735
2024-09-19 18:30:00,1.476587085410735
2024-09-19 19:30:00,1.476587085410735
2024-09-20 13:30:00,1.476587085410735
2024-09-20 14:30:00,1.476587085410735
2024-09-20 15:30:00,1.476587085410735
2024-09-20 16:30:00,1.476587085410735
2024-09-20 17:30:00,1.476587085410735
2024-09-20 18:30:00,1.476587085410735
2024-09-20 19:30:00,1.4869250687680935
2024-09-23 13:30:00,1.4869250687680935
2024-09-23 14:30:00,1.4869250687680935
2024-09-23 15:30:00,1.4869250687680935
2024-09-23 16:30:00,1.4869250687680935
2024-09-23 17:30:00,1.4869250687680935
2024-09-23 18:30:00,1.4869250687680935
2024-09-23 19:30:00,1.4811039932371546
2024-09-24 13:30:00,1.4811039932371546
2024-09-24 14:30:00,1.4811039932371546
2024-09-24 15:30:00,1.4811039932371546
2024-09-24 16:30:00,1.4811039932371546
2024-09-24 17:30:00,1.4811039932371546
2024-09-24 18:30:00,1.4811039932371546
2024-09-24 19:30:00,1.4811039932371546
2024-09-25 13:30:00,1.4811039932371546
2024-09-25 14:30:00,1.4811039932371546
2024-09-25 15:30:00,1.4811039932371546
2024-09-25 16:30:00,1.4811039932371546
2024-09-25 17:30:00,1.4811039932371546
2024-09-25 18:30:00,1.4811039932371546
2024-09-25 19:30:00,1.4880738943818
2024-09-26 13:30:00,1.4880738943818
2024-09-26 14:30:00,1.4880738943818
2024-09-26 15:30:00,1.4880738943818
2024-09-26 16:30:00,1.4880738943818
2024-09-26 17:30:00,1.4880738943818
2024-09-26 18:30:00,1.4880738943818
2024-09-26 19:30:00,1.4840206221978236
2024-09-27 13:30:00,1.4840206221978236
2024-09-27 14:30:00,1.4840206221978236
2024-09-27 15:30:00,1.4840206221978236
2024-09-27 16:30:00,1.4840206221978236
2024-09-27 17:30:00,1.4840206221978236
2024-09-27 18:30:00,1.4840206221978236
2024-09-27 19:30:00,1.4840206221978236
2024-09-30 13:30:00,1.4840206221978236
2024-09-30 14:30:00,1.4840206221978236
2024-09-30 15:30:00,1.4840206221978236
2024-09-30 16:30:00,1.4840206221978236
2024-09-30 17:30:00,1.4840206221978236
2024-09-30 18:30:00,1.4840206221978236
2024-09-30 19:30:00,1.4840206221978236
2024-10-01 13:30:00,1.4840206221978236
2024-10-01 14:30:00,1.4840206221978236
2024-10-01 15:30:00,1.4840206221978236
2024-10-01 16:30:00,1.4840206221978236
2024-10-01 17:30:00,1.4840206221978236
2024-10-01 18:30:00,1.4840206221978236
2024-10-01 19:30:00,1.4694726089202335
2024-10-02 13:30:00,1.4694726089202335
2024-10-02 14:30:00,1.4694726089202335
2024-10-02 15:30:00,1.4694726089202335
2024-10-02 16:30:00,1.4694726089202335
2024-10-02 17:30:00,1.4694726089202335
2024-10-02 18:30:00,1.4694726089202335
2024-10-02 19:30:00,1.4694726089202335
2024-10-03 13:30:00,1.4694726089202335
2024-10-03 14:30:00,1.4694726089202335
2024-10-03 15:30:00,1.4694726089202335
2024-10-03 16:30:00,1.4694726089202335
2024-10-03 17:30:00,1.4694726089202335
2024-10-03 18:30:00,1.4694726089202335
2024-10-03 19:30:00,1.4722778766304843
2024-10-04 13:30:00,1.4722778766304843
2024-10-04 14:30:00,1.4722778766304843
2024-10-04 15:30:00,1.4722778766304843
2024-10-04 16:30:00,1.4722778766304843
2024-10-04 17:30:00,1.4722778766304843
2024-10-04 18:30:00,1.4722778766304843
2024-10-04 19:30:00,1.4794841048827982
2024-10-07 13:30:00,1.4794841048827982
2024-10-07 14:30:00,1.4794841048827982
2024-10-07 15:30:00,1.4794841048827982
2024-10-07 16:30:00,1.4794841048827982
2024-10-07 17:30:00,1.4794841048827982
2024-10-07 18:30:00,1.4794841048827982
2024-10-07 19:30:00,1.4794841048827982
2024-10-08 13:30:00,1.4794841048827982
2024-10-08 14:30:00,1.4794841048827982
2024-10-08 15:30:00,1.4794841048827982
2024-10-08 16:30:00,1.4794841048827982
2024-10-08 17:30:00,1.4794841048827982
2024-10-08 18:30:00,1.4794841048827982
2024-10-08 19:30:00,1.4794841048827982
2024-10-09 13:30:00,1.4794841048827982
2024-10-09 14:30:00,1.4794841048827982
2024-10-09 15:30:00,1.4794841048827982
2024-10-09 16:30:00,1.4794841048827982
2024-10-09 19:30:00,1.4794841048827982
2024-10-10 13:30:00,1.4794841048827982
2024-10-10 14:30:00,1.4794841048827982
2024-10-10 15:30:00,1.4794841048827982
2024-10-10 16:30:00,1.4794841048827982
2024-10-10 17:30:00,1.4794841048827982
2024-10-10 18:30:00,1.4794841048827982
2024-10-10 19:30:00,1.4876031457604146
2024-10-11 13:30:00,1.4876031457604146
2024-10-11 14:30:00,1.4876031457604146
2024-10-11 15:30:00,1.4876031457604146
2024-10-11 16:30:00,1.4876031457604146
2024-10-11 17:30:00,1.4876031457604146
2024-10-11 18:30:00,1.4876031457604146
2024-10-11 19:30:00,1.4825531339863316
2024-10-14 13:30:00,1.4825531339863316
2024-10-14 14:30:00,1.4825531339863316
2024-10-14 15:30:00,1.4825531339863316
2024-10-14 16:30:00,1.4825531339863316
2024-10-14 17:30:00,1.4825531339863316
2024-10-14 18:30:00,1.4825531339863316
2024-10-14 19:30:00,1.4825531339863316
2024-10-15 13:30:00,1.4825531339863316
2024-10-15 14:30:00,1.4825531339863316
2024-10-15 15:30:00,1.4825531339863316
2024-10-15 16:30:00,1.4825531339863316
2024-10-15 17:30:00,1.4825531339863316
2024-10-15 18:30:00,1.4825531339863316
2024-10-15 19:30:00,1.4812214994348467
2024-10-16 13:30:00,1.4812214994348467
2024-10-16 14:30:00,1.4812214994348467
2024-10-16 15:30:00,1.4812214994348467
2024-10-16 16:30:00,1.4812214994348467
2024-10-16 17:30:00,1.4812214994348467
2024-10-16 18:30:00,1.4812214994348467
2024-10-16 19:30:00,1.4820528559451935
2024-10-17 13:30:00,1.4820528559451935
2024-10-17 14:30:00,1.4820528559451935
2024-10-17 15:30:00,1.4820528559451935
2024-10-17 16:30:00,1.4820528559451935
2024-10-17 17:30:00,1.4820528559451935
2024-10-17 18:30:00,1.4820528559451935
2024-10-17 19:30:00,1.4895825092037849
2024-10-18 13:30:00,1.4895825092037849
2024-10-18 14:30:00,1.4895825092037849
2024-10-18 15:30:00,1.4895825092037849
2024-10-18 16:30:00,1.4895825092037849
2024-10-18 17:30:00,1.4895825092037849
2024-10-18 18:30:00,1.4895825092037849
2024-10-18 19:30:00,1.4952877788364491
2024-10-21 13:30:00,1.4952877788364491
2024-10-21 14:30:00,1.4952877788364491
2024-10-21 15:30:00,1.4952877788364491
2024-10-21 16:30:00,1.4952877788364491
2024-10-21 17:30:00,1.4952877788364491
2024-10-21 18:30:00,1.4952877788364491
2024-10-21 19:30:00,1.4952877788364491
2024-10-22 13:30:00,1.4952877788364491
2024-10-22 14:30:00,1.4952877788364491
2024-10-22 15:30:00,1.4952877788364491
2024-10-22 16:30:00,1.4952877788364491
2024-10-22 17:30:00,1.4952877788364491
2024-10-22 18:30:00,1.4952877788364491
2024-10-22 19:30:00,1.5122141133537643
2024-10-23 13:30:00,1.5122141133537643
2024-10-23 14:30:00,1.5122141133537643
2024-10-23 15:30:00,1.5122141133537643
2024-10-23 16:30:00,1.5122141133537643
2024-10-23 17:30:00,1.5122141133537643
2024-10-23 18:30:00,1.5122141133537643
2024-10-23 19:30:00,1.4891745978347353
2024-10-24 13:30:00,1.4891745978347353
2024-10-24 14:30:00,1.4891745978347353
2024-10-24 15:30:00,1.4891745978347353
2024-10-24 16:30:00,1.4891745978347353
2024-10-24 17:30:00,1.4891745978347353
2024-10-24 18:30:00,1.4891745978347353
2024-10-24 19:30:00,1.4891745978347353
2024-10-25 13:30:00,1.4891745978347353
2024-10-25 14:30:00,1.4891745978347353
2024-10-25 15:30:00,1.4891745978347353
2024-10-25 17:30:00,1.4891745978347353
2024-10-25 18:30:00,1.4891745978347353
2024-10-25 19:30:00,1.4999345871326972
2024-10-28 13:30:00,1.4999345871326972
2024-10-28 14:30:00,1.4999345871326972
2024-10-28 15:30:00,1.4999345871326972
2024-10-28 16:30:00,1.4999345871326972
2024-10-28 17:30:00,1.4999345871326972
2024-10-28 18:30:00,1.4999345871326972
2024-10-28 19:30:00,1.4988103268181163
2024-10-29 13:30:00,1.4988103268181163
2024-10-29 14:30:00,1.4988103268181163
2024-10-29 15:30:00,1.4988103268181163
2024-10-29 16:30:00,1.4988103268181163
2024-10-29 17:30:00,1.4988103268181163
2024-10-29 18:30:00,1.4988103268181163
2024-10-29 19:30:00,1.4988103268181163
2024-10-30 13:30:00,1.4988103268181163
2024-10-30 14:30:00,1.4988103268181163
2024-10-30 15:30:00,1.4988103268181163
2024-10-30 16:30:00,1.4988103268181163
2024-10-30 17:30:00,1.4988103268181163
2024-10-30 18:30:00,1.4988103268181163
2024-10-30 19:30:00,1.4828312639236576
2024-10-31 13:30:00,1.4828312639236576
2024-10-31 14:30:00,1.4828312639236576
2024-10-31 15:30:00,1.4828312639236576
2024-10-31 16:30:00,1.4828312639236576
2024-10-31 17:30:00,1.4828312639236576
2024-10-31 18:30:00,1.4828312639236576
2024-10-31 19:30:00,1.457991268925329
2024-11-01 13:30:00,1.457991268925329
2024-11-01 14:30:00,1.457991268925329
2024-11-01 15:30:00,1.457991268925329
2024-11-01 16:30:00,1.457991268925329
2024-11-01 17:30:00,1.457991268925329
2024-11-01 18:30:00,1.457991268925329
2024-11-01 19:30:00,1.470395840430476
2024-11-04 14:30:00,1.470395840430476
2024-11-04 15:30:00,1.470395840430476
2024-11-04 16:30:00,1.470395840430476
2024-11-04 17:30:00,1.470395840430476
2024-11-04 18:30:00,1.470395840430476
2024-11-04 19:30:00,1.470395840430476
2024-11-04 20:30:00,1.470395840430476
2024-11-05 14:30:00,1.470395840430476
2024-11-05 15:30:00,1.470395840430476
2024-11-05 16:30:00,1.470395840430476
2024-11-05 17:30:00,1.470395840430476
2024-11-05 18:30:00,1.470395840430476
2024-11-05 19:30:00,1.470395840430476
2024-11-05 20:30:00,1.470395840430476
2024-11-06 14:30:00,1.470395840430476
2024-11-06 15:30:00,1.470395840430476
2024-11-06 16:30:00,1.470395840430476
2024-11-06 17:30:00,1.470395840430476
2024-11-06 18:30:00,1.470395840430476
2024-11-06 19:30:00,1.470395840430476
2024-11-06 20:30:00,1.4802664993959136
2024-11-07 14:30:00,1.4802664993959136
2024-11-07 15:30:00,1.4802664993959136
2024-11-07 16:30:00,1.4802664993959136
2024-11-07 17:30:00,1.4802664993959136
2024-11-07 18:30:00,1.4802664993959136
2024-11-07 19:30:00,1.4802664993959136
2024-11-07 20:30:00,1.4802664993959136
2024-11-08 14:30:00,1.4802664993959136
2024-11-08 15:30:00,1.4802664993959136
2024-11-08 16:30:00,1.4802664993959136
2024-11-08 17:30:00,1.4802664993959136
2024-11-08 18:30:00,1.4802664993959136
2024-11-08 19:30:00,1.4802664993959136
2024-11-08 20:30:00,1.4802664993959136
2024-11-11 14:30:00,1.4802664993959136
2024-11-11 15:30:00,1.4802664993959136
2024-11-11 16:30:00,1.4802664993959136
2024-11-11 17:30:00,1.4802664993959136
2024-11-11 18:30:00,1.4802664993959136
2024-11-11 19:30:00,1.4802664993959136
2024-11-11 20:30:00,1.4749717946246543
2024-11-12 14:30:00,1.4749717946246543
2024-11-12 15:30:00,1.4749717946246543
2024-11-12 16:30:00,1.4749717946246543
2024-11-12 17:30:00,1.4749717946246543
2024-11-12 18:30:00,1.4749717946246543
2024-11-12 19:30:00,1.4749717946246543
2024-11-12 20:30:00,1.4749717946246543
2024-11-13 14:30:00,1.4749717946246543
2024-11-13 15:30:00,1.4749717946246543
2024-11-13 16:30:00,1.4749717946246543
2024-11-13 17:30:00,1.4749717946246543
2024-11-13 18:30:00,1.4749717946246543
2024-11-13 19:30:00,1.4749717946246543
2024-11-13 20:30:00,1.4749717946246543
2024-11-14 14:30:00,1.4749717946246543
2024-11-14 15:30:00,1.4749717946246543
2024-11-14 16:30:00,1.4749717946246543
2024-11-14 17:30:00,1.4749717946246543
2024-11-14 18:30:00,1.4749717946246543
2024-11-14 19:30:00,1.4749717946246543
2024-11-14 20:30:00,1.4749717946246543
2024-11-15 14:30:00,1.4749717946246543
2024-11-15 15:30:00,1.4749717946246543
2024-11-15 16:30:00,1.4749717946246543
2024-11-15 17:30:00,1.4749717946246543
2024-11-15 18:30:00,1.4749717946246543
2024-11-15 19:30:00,1.4749717946246543
2024-11-15 20:30:00,1.4684430596980225
2024-11-18 14:30:00,1.4684430596980225
2024-11-18 15:30:00,1.4684430596980225
2024-11-18 16:30:00,1.4684430596980225
2024-11-18 17:30:00,1.4684430596980225
2024-11-18 18:30:00,1.4684430596980225
2024-11-18 19:30:00,1.4684430596980225
2024-11-18 20:30:00,1.4684430596980225
2024-11-19 14:30:00,1.4684430596980225
2024-11-19 15:30:00,1.4684430596980225
2024-11-19 16:30:00,1.4684430596980225
2024-11-19 17:30:00,1.4684430596980225
2024-11-19 18:30:00,1.4684430596980225
2024-11-19 19:30:00,1.4684430596980225
2024-11-19 20:30:00,1.4784465629817523
2024-11-20 14:30:00,1.4784465629817523
2024-11-20 15:30:00,1.4784465629817523
2024-11-20 16:30:00,1.4784465629817523
2024-11-20 17:30:00,1.4784465629817523
2024-11-20 18:30:00,1.4784465629817523
2024-11-20 19:30:00,1.4784465629817523
2024-11-20 20:30:00,1.4784465629817523
2024-11-21 14:30:00,1.4784465629817523
2024-11-21 15:30:00,1.4784465629817523
2024-11-21 16:30:00,1.4784465629817523
2024-11-21 17:30:00,1.4784465629817523
2024-11-21 18:30:00,1.4784465629817523
2024-11-21 19:30:00,1.4784465629817523
2024-11-21 20:30:00,1.4784465629817523
2024-11-22 14:30:00,1.4784465629817523
2024-11-22 15:30:00,1.4784465629817523
2024-11-22 16:30:00,1.4784465629817523
2024-11-22 17:30:00,1.4784465629817523
2024-11-22 18:30:00,1.4784465629817523
2024-11-22 19:30:00,1.4784465629817523
2024-11-22 20:30:00,1.48946710307034
2024-11-25 14:30:00,1.48946710307034
2024-11-25 15:30:00,1.48946710307034
2024-11-25 16:30:00,1.48946710307034
2024-11-25 17:30:00,1.48946710307034
2024-11-25 18:30:00,1.48946710307034
2024-11-25 19:30:00,1.48946710307034
2024-11-25 20:30:00,1.4828154121256767
2024-11-26 14:30:00,1.4828154121256767
2024-11-26 15:30:00,1.4828154121256767
2024-11-26 16:30:00,1.4828154121256767
2024-11-26 17:30:00,1.4828154121256767
2024-11-26 18:30:00,1.4828154121256767
2024-11-26 19:30:00,1.4828154121256767
2024-11-26 20:30:00,1.4828154121256767
2024-11-27 14:30:00,1.4828154121256767
2024-11-27 15:30:00,1.4828154121256767
2024-11-27 16:30:00,1.4828154121256767
2024-11-27 17:30:00,1.4828154121256767
2024-11-27 18:30:00,1.4828154121256767
2024-11-27 19:30:00,1.4828154121256767
2024-11-27 20:30:00,1.4828154121256767
2024-11-29 14:30:00,1.4828154121256767
2024-11-29 15:30:00,1.4828154121256767
2024-11-29 16:30:00,1.4828154121256767
2024-11-29 17:30:00,1.4828154121256767
2024-11-29 20:30:00,1.4828154121256767
2024-12-02 14:30:00,1.4828154121256767
2024-12-02 15:30:00,1.4828154121256767
2024-12-02 16:30:00,1.4828154121256767
2024-12-02 17:30:00,1.4828154121256767
2024-12-02 18:30:00,1.4828154121256767
2024-12-02 19:30:00,1.4828154121256767
2024-12-02 20:30:00,1.4828154121256767
2024-12-03 14:30:00,1.4828154121256767
2024-12-03 15:30:00,1.4828154121256767
2024-12-03 16:30:00,1.4828154121256767
2024-12-03 17:30:00,1.4828154121256767
2024-12-03 18:30:00,1.4828154121256767
2024-12-03 19:30:00,1.4828154121256767
2024-12-03 20:30:00,1.4828154121256767
2024-12-04 14:30:00,1.4828154121256767
2024-12-04 15:30:00,1.4828154121256767
2024-12-04 16:30:00,1.4828154121256767
2024-12-04 17:30:00,1.4828154121256767
2024-12-04 18:30:00,1.4828154121256767
2024-12-04 19:30:00,1.4828154121256767
2024-12-04 20:30:00,1.4828154121256767
2024-12-05 14:30:00,1.4828154121256767
2024-12-05 15:30:00,1.4828154121256767
2024-12-05 16:30:00,1.4828154121256767
2024-12-05 17:30:00,1.4828154121256767
2024-12-05 18:30:00,1.4828154121256767
2024-12-05 19:30:00,1.4828154121256767
2024-12-05 20:30:00,1.4828154121256767
2024-12-06 14:30:00,1.4828154121256767
2024-12-06 15:30:00,1.4828154121256767
2024-12-06 16:30:00,1.4828154121256767
2024-12-06 17:30:00,1.4828154121256767
2024-12-06 18:30:00,1.4828154121256767
2024-12-06 19:30:00,1.4828154121256767
2024-12-06 20:30:00,1.4828154121256767
2024-12-09 14:30:00,1.4828154121256767
2024-12-09 15:30:00,1.4828154121256767
2024-12-09 16:30:00,1.4828154121256767
2024-12-09 17:30:00,1.4828154121256767
2024-12-09 18:30:00,1.4828154121256767
2024-12-09 19:30:00,1.4828154121256767
2024-12-09 20:30:00,1.5133509980843494
2024-12-10 14:30:00,1.5133509980843494
2024-12-10 15:30:00,1.5133509980843494
2024-12-10 16:30:00,1.5133509980843494
2024-12-10 17:30:00,1.5133509980843494
2024-12-10 18:30:00,1.5133509980843494
2024-12-10 19:30:00,1.5133509980843494
2024-12-10 20:30:00,1.5133509980843494
2024-12-11 14:30:00,1.5133509980843494
2024-12-11 15:30:00,1.5133509980843494
2024-12-11 17:30:00,1.5133509980843494
2024-12-11 18:30:00,1.5133509980843494
2024-12-11 19:30:00,1.5133509980843494
2024-12-11 20:30:00,1.5133509980843494
2024-12-12 14:30:00,1.5133509980843494
2024-12-12 15:30:00,1.5133509980843494
2024-12-12 16:30:00,1.5133509980843494
2024-12-12 17:30:00,1.5133509980843494
2024-12-12 18:30:00,1.5133509980843494
2024-12-12 19:30:00,1.5133509980843494
2024-12-12 20:30:00,1.5133509980843494
2024-12-13 14:30:00,1.5133509980843494
2024-12-13 15:30:00,1.5133509980843494
2024-12-13 16:30:00,1.5133509980843494
2024-12-13 17:30:00,1.5133509980843494
2024-12-13 18:30:00,1.5133509980843494
2024-12-13 19:30:00,1.5133509980843494
2024-12-13 20:30:00,1.5133509980843494
2024-12-16 14:30:00,1.5133509980843494
2024-12-16 15:30:00,1.5133509980843494
2024-12-16 16:30:00,1.5133509980843494
2024-12-16 19:30:00,1.5133509980843494
2024-12-16 20:30:00,1.5133509980843494
2024-12-17 14:30:00,1.5133509980843494
2024-12-17 15:30:00,1.5133509980843494
2024-12-17 16:30:00,1.5133509980843494
2024-12-17 17:30:00,1.5133509980843494
2024-12-17 18:30:00,1.5133509980843494
2024-12-17 19:30:00,1.5133509980843494
2024-12-17 20:30:00,1.5133509980843494
2024-12-18 14:30:00,1.5133509980843494
2024-12-18 15:30:00,1.5133509980843494
2024-12-18 16:30:00,1.5133509980843494
2024-12-18 17:30:00,1.5133509980843494
2024-12-18 18:30:00,1.5133509980843494
2024-12-18 19:30:00,1.5133509980843494
2024-12-18 20:30:00,1.487190462236091
2024-12-19 14:30:00,1.487190462236091
2024-12-19 15:30:00,1.487190462236091
2024-12-19 16:30:00,1.487190462236091
2024-12-19 17:30:00,1.487190462236091
2024-12-19 18:30:00,1.487190462236091
2024-12-19 19:30:00,1.487190462236091
2024-12-19 20:30:00,1.5015539353675447
2024-12-20 14:30:00,1.5015539353675447
2024-12-20 15:30:00,1.5015539353675447
2024-12-20 16:30:00,1.5015539353675447
2024-12-20 17:30:00,1.5015539353675447
2024-12-20 18:30:00,1.5015539353675447
2024-12-20 19:30:00,1.5015539353675447
2024-12-20 20:30:00,1.5407085942496501
2024-12-23 14:30:00,1.5407085942496501
2024-12-23 15:30:00,1.5407085942496501
2024-12-23 16:30:00,1.5407085942496501
2024-12-23 17:30:00,1.5407085942496501
2024-12-23 18:30:00,1.5407085942496501
2024-12-23 19:30:00,1.5407085942496501
2024-12-23 20:30:00,1.5407085942496501
2024-12-24 14:30:00,1.5407085942496501
2024-12-24 15:30:00,1.5407085942496501
2024-12-24 16:30:00,1.5407085942496501
2024-12-24 17:30:00,1.5407085942496501
2024-12-26 18:30:00,1.5407085942496501
2024-12-26 19:30:00,1.5407085942496501
2024-12-26 20:30:00,1.5407085942496501
2024-12-27 14:30:00,1.5407085942496501
2024-12-27 15:30:00,1.5407085942496501
2024-12-27 16:30:00,1.5407085942496501
2024-12-27 17:30:00,1.5407085942496501
2024-12-27 18:30:00,1.5407085942496501
2024-12-27 19:30:00,1.5407085942496501
2024-12-27 20:30:00,1.5276852151933797
2024-12-30 14:30:00,1.5276852151933797
2024-12-30 15:30:00,1.5276852151933797
2024-12-30 16:30:00,1.5276852151933797
2024-12-30 17:30:00,1.5276852151933797
2024-12-30 18:30:00,1.5276852151933797
2024-12-30 19:30:00,1.5276852151933797
2024-12-30 20:30:00,1.5276852151933797
2024-12-31 14:30:00,1.5276852151933797
2024-12-31 15:30:00,1.5276852151933797
2024-12-31 16:30:00,1.5276852151933797
2024-12-31 17:30:00,1.5276852151933797
2024-12-31 18:30:00,1.5276852151933797
2024-12-31 19:30:00,1.5276852151933797
2024-12-31 20:30:00,1.5276852151933797
2025-01-02 14:30:00,1.5276852151933797
2025-01-02 15:30:00,1.5276852151933797
2025-01-02 16:30:00,1.5276852151933797
2025-01-02 17:30:00,1.5276852151933797
2025-01-02 18:30:00,1.5276852151933797
2025-01-02 19:30:00,1.5276852151933797
2025-01-02 20:30:00,1.4963252296169778
2025-01-03 14:30:00,1.4963252296169778
2025-01-03 15:30:00,1.4963252296169778
2025-01-03 16:30:00,1.4963252296169778
2025-01-03 17:30:00,1.4963252296169778
2025-01-03 18:30:00,1.4963252296169778
2025-01-03 19:30:00,1.4963252296169778
2025-01-03 20:30:00,1.4963252296169778
2025-01-06 14:30:00,1.4963252296169778
2025-01-06 15:30:00,1.4963252296169778
2025-01-06 16:30:00,1.4963252296169778
2025-01-06 17:30:00,1.4963252296169778
2025-01-06 18:30:00,1.4963252296169778
2025-01-06 19:30:00,1.4963252296169778
2025-01-06 20:30:00,1.4963252296169778
2025-01-07 14:30:00,1.4963252296169778
2025-01-07 15:30:00,1.4963252296169778
2025-01-07 16:30:00,1.4963252296169778
2025-01-07 17:30:00,1.4963252296169778
2025-01-07 18:30:00,1.4963252296169778
2025-01-07 19:30:00,1.4963252296169778
2025-01-07 20:30:00,1.4914602327802118
2025-01-08 14:30:00,1.4914602327802118
2025-01-08 15:30:00,1.4914602327802118
2025-01-08 16:30:00,1.4914602327802118
2025-01-08 17:30:00,1.4914602327802118
2025-01-08 18:30:00,1.4914602327802118
2025-01-08 19:30:00,1.4914602327802118
2025-01-08 20:30:00,1.4914602327802118
2025-01-10 14:30:00,1.4914602327802118
2025-01-10 15:30:00,1.4914602327802118
2025-01-10 16:30:00,1.4914602327802118
2025-01-10 17:30:00,1.4914602327802118
2025-01-10 18:30:00,1.4914602327802118
2025-01-10 19:30:00,1.4914602327802118
2025-01-10 20:30:00,1.4914602327802118
2025-01-13 14:30:00,1.4914602327802118
2025-01-13 15:30:00,1.4914602327802118
2025-01-13 16:30:00,1.4914602327802118
2025-01-13 17:30:00,1.4914602327802118
2025-01-13 18:30:00,1.4914602327802118
2025-01-13 19:30:00,1.4914602327802118
2025-01-13 20:30:00,1.4914602327802118
2025-01-14 14:30:00,1.4914602327802118
2025-01-14 16:30:00,1.4914602327802118
2025-01-14 17:30:00,1.4914602327802118
2025-01-14 18:30:00,1.4914602327802118
2025-01-14 19:30:00,1.4914602327802118
2025-01-14 20:30:00,1.4914602327802118
2025-01-15 14:30:00,1.4914602327802118
2025-01-15 15:30:00,1.4914602327802118
2025-01-15 16:30:00,1.4914602327802118
2025-01-15 17:30:00,1.4914602327802118
2025-01-15 18:30:00,1.4914602327802118
2025-01-15 19:30:00,1.4914602327802118
2025-01-15 20:30:00,1.4914602327802118
2025-01-16 14:30:00,1.4914602327802118
2025-01-16 15:30:00,1.4914602327802118
2025-01-16 16:30:00,1.4914602327802118
2025-01-16 17:30:00,1.4914602327802118
2025-01-16 18:30:00,1.4914602327802118
2025-01-16 19:30:00,1.4914602327802118
2025-01-16 20:30:00,1.4914602327802118
2025-01-17 14:30:00,1.4914602327802118
2025-01-17 15:30:00,1.4914602327802118
2025-01-17 16:30:00,1.4914602327802118
2025-01-17 17:30:00,1.4914602327802118
2025-01-17 18:30:00,1.4914602327802118
2025-01-17 19:30:00,1.4914602327802118
2025-01-17 20:30:00,1.4914602327802118
2025-01-21 14:30:00,1.4914602327802118
2025-01-21 15:30:00,1.4914602327802118
2025-01-21 16:30:00,1.4914602327802118
2025-01-21 17:30:00,1.4914602327802118
2025-01-21 18:30:00,1.4914602327802118
2025-01-21 19:30:00,1.4914602327802118
2025-01-21 20:30:00,1.482538104601973
2025-01-22 14:30:00,1.482538104601973
2025-01-22 15:30:00,1.482538104601973
2025-01-22 16:30:00,1.482538104601973
2025-01-22 17:30:00,1.482538104601973
2025-01-22 18:30:00,1.482538104601973
2025-01-22 19:30:00,1.482538104601973
2025-01-22 20:30:00,1.482538104601973
2025-01-23 14:30:00,1.482538104601973
2025-01-23 15:30:00,1.482538104601973
2025-01-23 16:30:00,1.482538104601973
2025-01-23 17:30:00,1.482538104601973
2025-01-23 18:30:00,1.482538104601973
2025-01-23 19:30:00,1.482538104601973
2025-01-23 20:30:00,1.482538104601973
2025-01-24 14:30:00,1.482538104601973
2025-01-24 15:30:00,1.482538104601973
2025-01-24 16:30:00,1.482538104601973
2025-01-24 17:30:00,1.482538104601973
2025-01-24 18:30:00,1.482538104601973
2025-01-24 19:30:00,1.482538104601973
2025-01-24 20:30:00,1.482538104601973
2025-01-27 14:30:00,1.482538104601973
2025-01-27 15:30:00,1.482538104601973
2025-01-27 16:30:00,1.482538104601973
2025-01-27 17:30:00,1.482538104601973
2025-01-27 18:30:00,1.482538104601973
2025-01-27 19:30:00,1.482538104601973
2025-01-27 20:30:00,1.4444333807688092
2025-01-28 14:30:00,1.4444333807688092
2025-01-28 15:30:00,1.4444333807688092
2025-01-28 16:30:00,1.4444333807688092
2025-01-28 17:30:00,1.4444333807688092
2025-01-28 18:30:00,1.4444333807688092
2025-01-28 19:30:00,1.4444333807688092
2025-01-28 20:30:00,1.4444333807688092
2025-01-29 14:30:00,1.4444333807688092
2025-01-29 15:30:00,1.4444333807688092
2025-01-29 16:30:00,1.4444333807688092
2025-01-29 17:30:00,1.4444333807688092
2025-01-29 18:30:00,1.4444333807688092
2025-01-29 19:30:00,1.4444333807688092
2025-01-29 20:30:00,1.4765114622953788
2025-01-30 14:30:00,1.4765114622953788
2025-01-30 15:30:00,1.4765114622953788
2025-01-30 16:30:00,1.4765114622953788
2025-01-30 17:30:00,1.4765114622953788
2025-01-30 18:30:00,1.4765114622953788
2025-01-30 19:30:00,1.4765114622953788
2025-01-30 20:30:00,1.4765114622953788
2025-01-31 14:30:00,1.4765114622953788
2025-01-31 15:30:00,1.4765114622953788
2025-01-31 16:30:00,1.4765114622953788
2025-01-31 17:30:00,1.4765114622953788
2025-01-31 18:30:00,1.4765114622953788
2025-01-31 19:30:00,1.4765114622953788
2025-01-31 20:30:00,1.4765114622953788
2025-02-03 14:30:00,1.4765114622953788
2025-02-03 15:30:00,1.4765114622953788
2025-02-03 16:30:00,1.4765114622953788
2025-02-03 17:30:00,1.4765114622953788
2025-02-03 18:30:00,1.4765114622953788
2025-02-03 19:30:00,1.4765114622953788
2025-02-03 20:30:00,1.4671159482832132
2025-02-04 14:30:00,1.4671159482832132
2025-02-04 15:30:00,1.4671159482832132
2025-02-04 16:30:00,1.4671159482832132
2025-02-04 17:30:00,1.4671159482832132
2025-02-04 18:30:00,1.4671159482832132
2025-02-04 19:30:00,1.4671159482832132
2025-02-04 20:30:00,1.503212618528564
2025-02-05 14:30:00,1.503212618528564
2025-02-05 15:30:00,1.503212618528564
2025-02-05 16:30:00,1.503212618528564
2025-02-05 17:30:00,1.503212618528564
2025-02-05 18:30:00,1.503212618528564
2025-02-05 19:30:00,1.503212618528564
2025-02-05 20:30:00,1.5232955320716313
2025-02-06 14:30:00,1.5232955320716313
2025-02-06 15:30:00,1.5232955320716313
2025-02-06 16:30:00,1.5232955320716313
2025-02-06 17:30:00,1.5232955320716313
2025-02-06 18:30:00,1.5232955320716313
2025-02-06 19:30:00,1.5232955320716313
2025-02-06 20:30:00,1.5232955320716313
2025-02-07 14:30:00,1.5232955320716313
2025-02-07 15:30:00,1.5232955320716313
2025-02-07 16:30:00,1.5232955320716313
2025-02-07 17:30:00,1.5232955320716313
2025-02-07 18:30:00,1.5232955320716313
2025-02-07 19:30:00,1.5232955320716313
2025-02-07 20:30:00,1.5232955320716313
2025-02-10 14:30:00,1.5232955320716313
2025-02-10 15:30:00,1.5232955320716313
2025-02-10 16:30:00,1.5232955320716313
2025-02-10 17:30:00,1.5232955320716313
2025-02-10 18:30:00,1.5232955320716313
2025-02-10 19:30:00,1.5232955320716313
2025-02-10 20:30:00,1.5232955320716313
2025-02-11 14:30:00,1.5232955320716313
2025-02-11 15:30:00,1.5232955320716313
2025-02-11 16:30:00,1.5232955320716313
2025-02-11 17:30:00,1.5232955320716313
2025-02-11 18:30:00,1.5232955320716313
2025-02-11 19:30:00,1.5232955320716313
2025-02-11 20:30:00,1.5232955320716313
2025-02-12 14:30:00,1.5232955320716313
2025-02-12 15:30:00,1.5232955320716313
2025-02-12 16:30:00,1.5232955320716313
2025-02-12 17:30:00,1.5232955320716313
2025-02-12 18:30:00,1.5232955320716313
2025-02-12 19:30:00,1.5232955320716313
2025-02-12 20:30:00,1.5602788636698188
2025-02-13 17:30:00,1.5602788636698188
2025-02-13 18:30:00,1.5602788636698188
2025-02-13 19:30:00,1.5602788636698188
2025-02-13 20:30:00,1.5602788636698188
2025-02-14 14:30:00,1.5602788636698188
2025-02-14 15:30:00,1.5602788636698188
2025-02-14 16:30:00,1.5602788636698188
2025-02-14 17:30:00,1.5602788636698188
2025-02-14 18:30:00,1.5602788636698188
2025-02-14 19:30:00,1.5602788636698188
2025-02-14 20:30:00,1.5602788636698188
2025-02-18 14:30:00,1.5602788636698188
2025-02-18 15:30:00,1.5602788636698188
2025-02-18 16:30:00,1.5602788636698188
2025-02-18 17:30:00,1.5602788636698188
2025-02-18 18:30:00,1.5602788636698188
2025-02-18 19:30:00,1.5602788636698188
2025-02-18 20:30:00,1.5602788636698188
2025-02-19 14:30:00,1.5602788636698188
2025-02-19 15:30:00,1.5602788636698188
2025-02-19 16:30:00,1.5602788636698188
2025-02-19 17:30:00,1.5602788636698188
2025-02-19 18:30:00,1.5602788636698188
2025-02-19 19:30:00,1.5602788636698188
2025-02-19 20:30:00,1.5602788636698188
2025-02-20 14:30:00,1.5602788636698188
2025-02-20 15:30:00,1.5602788636698188
2025-02-20 16:30:00,1.5602788636698188
2025-02-20 17:30:00,1.5602788636698188
2025-02-20 18:30:00,1.5602788636698188
2025-02-20 19:30:00,1.5602788636698188
2025-02-20 20:30:00,1.5602788636698188
2025-02-21 14:30:00,1.5602788636698188
2025-02-21 15:30:00,1.5602788636698188
2025-02-21 16:30:00,1.5602788636698188
2025-02-21 17:30:00,1.5602788636698188
2025-02-21 18:30:00,1.5602788636698188
2025-02-21 19:30:00,1.5602788636698188
2025-02-21 20:30:00,1.5602788636698188
2025-02-24 14:30:00,1.5602788636698188
2025-02-24 15:30:00,1.5602788636698188
2025-02-24 16:30:00,1.5602788636698188
2025-02-24 17:30:00,1.5602788636698188
2025-02-24 18:30:00,1.5602788636698188
2025-02-24 19:30:00,1.5602788636698188
2025-02-24 20:30:00,1.5757154319511182
2025-02-25 14:30:00,1.5757154319511182
2025-02-25 15:30:00,1.5757154319511182
2025-02-25 16:30:00,1.5757154319511182
2025-02-25 17:30:00,1.5757154319511182
2025-02-25 18:30:00,1.5757154319511182
2025-02-25 19:30:00,1.5757154319511182
2025-02-25 20:30:00,1.5817746493579328
2025-02-26 14:30:00,1.5817746493579328
2025-02-26 15:30:00,1.5817746493579328
2025-02-26 16:30:00,1.5817746493579328
2025-02-26 17:30:00,1.5817746493579328
2025-02-26 18:30:00,1.5817746493579328
2025-02-26 19:30:00,1.5817746493579328
2025-02-26 20:30:00,1.5557494617411076
2025-02-27 14:30:00,1.5557494617411076
2025-02-27 15:30:00,1.5557494617411076
2025-02-27 16:30:00,1.5557494617411076
2025-02-27 17:30:00,1.5557494617411076
2025-02-27 18:30:00,1.5557494617411076
2025-02-27 19:30:00,1.5557494617411076
2025-02-27 20:30:00,1.5429769045858661
2025-02-28 14:30:00,1.5429769045858661
2025-02-28 15:30:00,1.5429769045858661
2025-02-28 16:30:00,1.5429769045858661
2025-02-28 17:30:00,1.5429769045858661
2025-02-28 18:30:00,1.5429769045858661
2025-02-28 19:30:00,1.5429769045858661
2025-02-28 20:30:00,1.5748197282339982
2025-03-03 14:30:00,1.5748197282339982
2025-03-03 15:30:00,1.5748197282339982
2025-03-03 16:30:00,1.5748197282339982
2025-03-03 17:30:00,1.5748197282339982
2025-03-03 18:30:00,1.5748197282339982
2025-03-03 19:30:00,1.5748197282339982
2025-03-03 20:30:00,1.5748197282339982
2025-03-04 14:30:00,1.5748197282339982
2025-03-04 15:30:00,1.5748197282339982
2025-03-04 16:30:00,1.5748197282339982
2025-03-04 17:30:00,1.5748197282339982
2025-03-04 18:30:00,1.5748197282339982
2025-03-04 19:30:00,1.5748197282339982
2025-03-04 20:30:00,1.5748197282339982
2025-03-05 14:30:00,1.5748197282339982
2025-03-05 15:30:00,1.5748197282339982
2025-03-05 16:30:00,1.5748197282339982
2025-03-05 17:30:00,1.5748197282339982
2025-03-05 18:30:00,1.5748197282339982
2025-03-05 19:30:00,1.5748197282339982
2025-03-05 20:30:00,1.5748197282339982
2025-03-06 14:30:00,1.5748197282339982
2025-03-06 15:30:00,1.5748197282339982
2025-03-06 16:30:00,1.5748197282339982
2025-03-06 17:30:00,1.5748197282339982
2025-03-06 18:30:00,1.5748197282339982
2025-03-06 19:30:00,1.5748197282339982
2025-03-06 20:30:00,1.5807647927835935
2025-03-07 14:30:00,1.5807647927835935
2025-03-07 15:30:00,1.5807647927835935
2025-03-07 16:30:00,1.5807647927835935
2025-03-07 17:30:00,1.5807647927835935
2025-03-07 18:30:00,1.5807647927835935
2025-03-07 19:30:00,1.5807647927835935
2025-03-07 20:30:00,1.5807647927835935
2025-03-10 13:30:00,1.5807647927835935
2025-03-10 14:30:00,1.5807647927835935
2025-03-10 15:30:00,1.5807647927835935
2025-03-10 16:30:00,1.5807647927835935
2025-03-10 17:30:00,1.5807647927835935
2025-03-10 18:30:00,1.5807647927835935
2025-03-10 19:30:00,1.5807647927835935
2025-03-11 13:30:00,1.5807647927835935
2025-03-11 14:30:00,1.5807647927835935
2025-03-11 15:30:00,1.5807647927835935
2025-03-11 16:30:00,1.5807647927835935
2025-03-11 17:30:00,1.5807647927835935
2025-03-11 18:30:00,1.5807647927835935
2025-03-11 19:30:00,1.559080485751218
2025-03-12 13:30:00,1.559080485751218
2025-03-12 14:30:00,1.559080485751218
2025-03-12 15:30:00,1.559080485751218
2025-03-12 16:30:00,1.559080485751218
2025-03-12 17:30:00,1.559080485751218
2025-03-12 18:30:00,1.559080485751218
2025-03-12 19:30:00,1.559080485751218
2025-03-13 13:30:00,1.559080485751218
2025-03-13 14:30:00,1.559080485751218
2025-03-13 15:30:00,1.559080485751218
2025-03-13 16:30:00,1.559080485751218
2025-03-13 17:30:00,1.559080485751218
2025-03-13 18:30:00,1.559080485751218
2025-03-13 19:30:00,1.559080485751218
2025-03-14 13:30:00,1.559080485751218
2025-03-14 14:30:00,1.559080485751218
2025-03-14 15:30:00,1.559080485751218
2025-03-14 16:30:00,1.559080485751218
2025-03-14 17:30:00,1.559080485751218
2025-03-14 18:30:00,1.559080485751218
2025-03-14 19:30:00,1.559080485751218
2025-03-17 13:30:00,1.559080485751218
2025-03-17 14:30:00,1.559080485751218
2025-03-17 15:30:00,1.559080485751218
2025-03-17 16:30:00,1.559080485751218
2025-03-17 17:30:00,1.559080485751218
2025-03-17 18:30:00,1.559080485751218
2025-03-17 19:30:00,1.559080485751218
2025-03-18 13:30:00,1.559080485751218
2025-03-18 14:30:00,1.559080485751218
2025-03-18 15:30:00,1.559080485751218
2025-03-18 16:30:00,1.559080485751218
2025-03-18 17:30:00,1.559080485751218
2025-03-18 18:30:00,1.559080485751218
2025-03-18 19:30:00,1.559080485751218
2025-03-19 13:30:00,1.559080485751218
2025-03-19 14:30:00,1.559080485751218
2025-03-19 15:30:00,1.559080485751218
2025-03-19 16:30:00,1.559080485751218
2025-03-19 17:30:00,1.559080485751218
2025-03-19 18:30:00,1.559080485751218
2025-03-19 19:30:00,1.559080485751218
2025-03-20 13:30:00,1.559080485751218
2025-03-20 14:30:00,1.559080485751218
2025-03-20 15:30:00,1.559080485751218
2025-03-20 16:30:00,1.559080485751218
2025-03-20 17:30:00,1.559080485751218
2025-03-20 18:30:00,1.559080485751218
2025-03-20 19:30:00,1.5602460621073782
2025-03-21 13:30:00,1.5602460621073782
2025-03-21 14:30:00,1.5602460621073782
2025-03-21 15:30:00,1.5602460621073782
2025-03-21 16:30:00,1.5602460621073782
2025-03-21 17:30:00,1.5602460621073782
2025-03-21 18:30:00,1.5602460621073782
2025-03-21 19:30:00,1.5602460621073782
2025-03-24 13:30:00,1.5602460621073782
2025-03-24 14:30:00,1.5602460621073782
2025-03-24 15:30:00,1.5602460621073782
2025-03-24 16:30:00,1.5602460621073782
2025-03-24 17:30:00,1.5602460621073782
2025-03-24 18:30:00,1.5602460621073782
2025-03-24 19:30:00,1.5602460621073782
2025-03-25 13:30:00,1.5602460621073782
2025-03-25 14:30:00,1.5602460621073782
2025-03-25 15:30:00,1.5602460621073782
2025-03-25 16:30:00,1.5602460621073782
2025-03-25 17:30:00,1.5602460621073782
2025-03-25 18:30:00,1.5602460621073782
2025-03-25 19:30:00,1.5602460621073782
2025-03-26 13:30:00,1.5602460621073782
2025-03-26 14:30:00,1.5602460621073782
2025-03-26 15:30:00,1.5602460621073782
2025-03-26 16:30:00,1.5602460621073782
2025-03-26 17:30:00,1.5602460621073782
2025-03-26 18:30:00,1.5602460621073782
2025-03-26 19:30:00,1.5602460621073782
2025-03-27 13:30:00,1.5602460621073782
2025-03-27 14:30:00,1.5602460621073782
2025-03-27 15:30:00,1.5602460621073782
2025-03-27 16:30:00,1.5602460621073782
2025-03-27 17:30:00,1.5602460621073782
2025-03-27 18:30:00,1.5602460621073782
2025-03-27 19:30:00,1.5602460621073782
2025-03-28 13:30:00,1.5602460621073782
2025-03-28 14:30:00,1.5602460621073782
2025-03-28 15:30:00,1.5602460621073782
2025-03-28 16:30:00,1.5602460621073782
2025-03-28 17:30:00,1.5602460621073782
2025-03-28 18:30:00,1.5602460621073782
2025-03-28 19:30:00,1.5602460621073782
2025-03-31 13:30:00,1.5602460621073782
2025-03-31 14:30:00,1.5602460621073782
2025-03-31 15:30:00,1.5602460621073782
2025-03-31 16:30:00,1.5602460621073782
2025-03-31 17:30:00,1.5602460621073782
2025-03-31 18:30:00,1.5602460621073782
2025-03-31 19:30:00,1.5602460621073782
2025-04-01 13:30:00,1.5602460621073782
2025-04-01 14:30:00,1.5602460621073782
2025-04-01 15:30:00,1.5602460621073782
2025-04-01 16:30:00,1.5602460621073782
2025-04-01 17:30:00,1.5602460621073782
2025-04-01 18:30:00,1.5602460621073782
2025-04-01 19:30:00,1.5602460621073782
2025-04-02 13:30:00,1.5602460621073782
2025-04-02 14:30:00,1.5602460621073782
2025-04-02 15:30:00,1.5602460621073782
2025-04-02 16:30:00,1.5602460621073782
2025-04-02 17:30:00,1.5602460621073782
2025-04-02 18:30:00,1.5602460621073782
2025-04-02 19:30:00,1.5602460621073782
2025-04-03 13:30:00,1.5602460621073782
2025-04-03 14:30:00,1.5602460621073782
2025-04-03 15:30:00,1.5602460621073782
2025-04-03 16:30:00,1.5602460621073782
2025-04-03 17:30:00,1.5602460621073782
2025-04-03 18:30:00,1.5602460621073782
2025-04-03 19:30:00,1.5602460621073782
2025-04-04 13:30:00,1.5602460621073782
2025-04-04 14:30:00,1.5602460621073782
2025-04-04 15:30:00,1.5602460621073782
2025-04-04 16:30:00,1.5602460621073782
2025-04-04 17:30:00,1.5602460621073782
2025-04-04 18:30:00,1.5602460621073782
2025-04-04 19:30:00,1.5602460621073782
2025-04-07 13:30:00,1.5602460621073782
2025-04-07 14:30:00,1.5602460621073782
2025-04-07 15:30:00,1.5602460621073782
2025-04-07 16:30:00,1.5602460621073782
2025-04-07 17:30:00,1.5602460621073782
2025-04-07 18:30:00,1.5602460621073782
2025-04-07 19:30:00,1.5602460621073782
2025-04-08 13:30:00,1.5602460621073782
2025-04-08 14:30:00,1.5602460621073782
2025-04-08 15:30:00,1.5602460621073782
2025-04-08 16:30:00,1.5602460621073782
2025-04-08 17:30:00,1.5602460621073782
2025-04-08 18:30:00,1.5602460621073782
2025-04-08 19:30:00,1.5602460621073782
2025-04-09 13:30:00,1.5602460621073782
2025-04-09 14:30:00,1.5602460621073782
2025-04-09 15:30:00,1.5602460621073782
2025-04-09 16:30:00,1.5602460621073782
2025-04-09 17:30:00,1.5602460621073782
2025-04-09 18:30:00,1.5602460621073782
2025-04-09 19:30:00,1.5602460621073782
2025-04-10 13:30:00,1.5602460621073782
2025-04-10 14:30:00,1.5602460621073782
2025-04-10 15:30:00,1.5602460621073782
2025-04-10 16:30:00,1.5602460621073782
2025-04-10 17:30:00,1.5602460621073782
2025-04-10 18:30:00,1.5602460621073782
2025-04-10 19:30:00,1.5602460621073782
2025-04-11 13:30:00,1.5602460621073782
2025-04-11 14:30:00,1.5602460621073782
2025-04-11 15:30:00,1.5602460621073782
2025-04-11 16:30:00,1.5602460621073782
2025-04-11 17:30:00,1.5602460621073782
2025-04-11 18:30:00,1.5602460621073782
2025-04-11 19:30:00,1.5602460621073782
2025-04-14 13:30:00,1.5602460621073782
2025-04-14 14:30:00,1.5602460621073782
2025-04-14 15:30:00,1.5602460621073782
2025-04-14 16:30:00,1.5602460621073782
2025-04-14 17:30:00,1.5602460621073782
2025-04-14 18:30:00,1.5602460621073782
2025-04-14 19:30:00,1.5602460621073782
2025-04-15 13:30:00,1.5602460621073782
2025-04-15 14:30:00,1.5602460621073782
2025-04-15 15:30:00,1.5602460621073782
2025-04-15 16:30:00,1.5602460621073782
2025-04-15 17:30:00,1.5602460621073782
2025-04-15 18:30:00,1.5602460621073782
2025-04-15 19:30:00,1.5602460621073782
2025-04-16 13:30:00,1.5602460621073782
2025-04-16 14:30:00,1.5602460621073782
2025-04-16 15:30:00,1.5602460621073782
2025-04-16 16:30:00,1.5602460621073782
2025-04-16 17:30:00,1.5602460621073782
2025-04-16 18:30:00,1.5602460621073782
2025-04-16 19:30:00,1.5602460621073782
2025-04-17 13:30:00,1.5602460621073782
2025-04-17 14:30:00,1.5602460621073782
2025-04-17 15:30:00,1.5602460621073782
2025-04-17 16:30:00,1.5602460621073782
2025-04-17 17:30:00,1.5602460621073782
2025-04-17 18:30:00,1.5602460621073782
2025-04-17 19:30:00,1.5602460621073782
2025-04-21 13:30:00,1.5602460621073782
2025-04-21 14:30:00,1.5602460621073782
2025-04-21 15:30:00,1.5602460621073782
2025-04-21 16:30:00,1.5602460621073782
2025-04-21 17:30:00,1.5602460621073782
2025-04-21 18:30:00,1.5602460621073782
2025-04-21 19:30:00,1.5602460621073782
2025-04-22 13:30:00,1.5602460621073782
2025-04-22 14:30:00,1.5602460621073782
2025-04-22 15:30:00,1.5602460621073782
2025-04-22 16:30:00,1.5602460621073782
2025-04-22 17:30:00,1.5602460621073782
2025-04-22 18:30:00,1.5602460621073782
2025-04-22 19:30:00,1.5602460621073782
2025-04-23 13:30:00,1.5602460621073782
2025-04-23 14:30:00,1.5602460621073782
2025-04-23 15:30:00,1.5602460621073782
2025-04-23 16:30:00,1.5602460621073782
2025-04-23 17:30:00,1.5602460621073782
2025-04-23 18:30:00,1.5602460621073782
2025-04-23 19:30:00,1.5602460621073782
2025-04-24 13:30:00,1.5602460621073782
2025-04-24 14:30:00,1.5602460621073782
2025-04-24 15:30:00,1.5602460621073782
2025-04-24 16:30:00,1.5602460621073782
2025-04-24 17:30:00,1.5602460621073782
2025-04-24 18:30:00,1.5602460621073782
2025-04-24 19:30:00,1.5602460621073782
2025-04-25 13:30:00,1.5602460621073782
2025-04-25 14:30:00,1.5602460621073782
2025-04-25 15:30:00,1.5602460621073782
2025-04-25 16:30:00,1.5602460621073782
2025-04-25 17:30:00,1.5602460621073782
2025-04-25 18:30:00,1.5602460621073782
2025-04-25 19:30:00,1.5602460621073782
2025-04-28 13:30:00,1.5602460621073782
2025-04-28 14:30:00,1.5602460621073782
2025-04-28 15:30:00,1.5602460621073782
2025-04-28 16:30:00,1.5602460621073782
2025-04-28 17:30:00,1.5602460621073782
2025-04-28 18:30:00,1.5602460621073782
2025-04-28 19:30:00,1.5602460621073782
2025-04-29 13:30:00,1.5602460621073782
2025-04-29 14:30:00,1.5602460621073782
2025-04-29 15:30:00,1.5602460621073782
2025-04-29 16:30:00,1.5602460621073782
2025-04-29 17:30:00,1.5602460621073782
2025-04-29 18:30:00,1.5602460621073782
2025-04-29 19:30:00,1.5602460621073782
2025-04-30 13:30:00,1.5602460621073782
2025-04-30 14:30:00,1.5602460621073782
2025-04-30 15:30:00,1.5602460621073782
2025-04-30 16:30:00,1.5602460621073782
2025-04-30 17:30:00,1.5602460621073782
2025-04-30 18:30:00,1.5602460621073782
2025-04-30 19:30:00,1.5602460621073782
2025-05-01 13:30:00,1.5602460621073782
2025-05-01 14:30:00,1.5602460621073782
2025-05-01 15:30:00,1.5602460621073782
2025-05-01 16:30:00,1.5602460621073782
2025-05-01 17:30:00,1.5602460621073782
2025-05-01 18:30:00,1.5602460621073782
2025-05-01 19:30:00,1.5602460621073782
2025-05-02 13:30:00,1.5602460621073782
2025-05-02 14:30:00,1.5602460621073782
2025-05-02 15:30:00,1.5602460621073782
2025-05-02 16:30:00,1.5602460621073782
2025-05-02 17:30:00,1.5602460621073782
2025-05-02 18:30:00,1.5602460621073782
2025-05-02 19:30:00,1.5602460621073782
2025-05-05 13:30:00,1.5602460621073782
2025-05-05 14:30:00,1.5602460621073782
2025-05-05 15:30:00,1.5602460621073782
2025-05-05 16:30:00,1.5602460621073782
2025-05-05 17:30:00,1.5602460621073782
2025-05-05 18:30:00,1.5602460621073782
2025-05-05 19:30:00,1.5602460621073782
2025-05-06 13:30:00,1.5602460621073782
2025-05-06 14:30:00,1.5602460621073782
2025-05-06 15:30:00,1.5602460621073782
2025-05-06 16:30:00,1.5602460621073782
2025-05-06 17:30:00,1.5602460621073782
2025-05-06 18:30:00,1.5602460621073782
2025-05-06 19:30:00,1.5602460621073782
2025-05-07 13:30:00,1.5602460621073782
2025-05-07 14:30:00,1.5602460621073782
2025-05-07 15:30:00,1.5602460621073782
2025-05-07 16:30:00,1.5602460621073782
2025-05-07 17:30:00,1.5602460621073782
2025-05-07 18:30:00,1.5602460621073782
2025-05-07 19:30:00,1.5602460621073782
2025-05-08 13:30:00,1.5602460621073782
2025-05-08 14:30:00,1.5602460621073782
2025-05-08 15:30:00,1.5602460621073782
2025-05-08 16:30:00,1.5602460621073782
2025-05-08 17:30:00,1.5602460621073782
2025-05-08 18:30:00,1.5602460621073782
2025-05-08 19:30:00,1.5602460621073782
2025-05-09 13:30:00,1.5602460621073782
2025-05-09 14:30:00,1.5602460621073782
2025-05-09 15:30:00,1.5602460621073782
2025-05-09 16:30:00,1.5602460621073782
2025-05-09 17:30:00,1.5602460621073782
2025-05-09 18:30:00,1.5602460621073782
2025-05-09 19:30:00,1.5602460621073782
2025-05-12 13:30:00,1.5602460621073782
2025-05-12 14:30:00,1.5602460621073782
2025-05-12 15:30:00,1.5602460621073782
2025-05-12 16:30:00,1.5602460621073782
2025-05-12 17:30:00,1.5602460621073782
2025-05-12 18:30:00,1.5602460621073782
2025-05-12 19:30:00,1.5602460621073782
2025-05-13 13:30:00,1.5602460621073782
2025-05-13 14:30:00,1.5602460621073782
2025-05-13 15:30:00,1.5602460621073782
2025-05-13 16:30:00,1.5602460621073782
2025-05-13 17:30:00,1.5602460621073782
2025-05-13 18:30:00,1.5602460621073782
2025-05-13 19:30:00,1.5602460621073782
2025-05-14 13:30:00,1.5602460621073782
2025-05-14 14:30:00,1.5602460621073782
2025-05-14 15:30:00,1.5602460621073782
2025-05-14 16:30:00,1.5602460621073782
2025-05-14 17:30:00,1.5602460621073782
2025-05-14 18:30:00,1.5602460621073782
2025-05-14 19:30:00,1.5602460621073782
2025-05-15 13:30:00,1.5602460621073782
2025-05-15 14:30:00,1.5602460621073782
2025-05-15 15:30:00,1.5602460621073782
2025-05-15 16:30:00,1.5602460621073782
2025-05-15 17:30:00,1.5602460621073782
2025-05-15 18:30:00,1.5602460621073782
2025-05-15 19:30:00,1.5602460621073782
2025-05-16 13:30:00,1.5602460621073782
2025-05-16 14:30:00,1.5602460621073782
2025-05-16 15:30:00,1.5602460621073782
2025-05-16 16:30:00,1.5602460621073782
2025-05-16 17:30:00,1.5602460621073782
2025-05-16 18:30:00,1.5602460621073782
2025-05-16 19:30:00,1.5602460621073782
2025-05-19 13:30:00,1.5602460621073782
2025-05-19 14:30:00,1.5602460621073782
2025-05-19 15:30:00,1.5602460621073782
2025-05-19 16:30:00,1.5602460621073782
2025-05-19 17:30:00,1.5602460621073782
2025-05-19 18:30:00,1.5602460621073782
2025-05-19 19:30:00,1.5602460621073782
2025-05-20 13:30:00,1.5602460621073782
2025-05-20 14:30:00,1.5602460621073782
2025-05-20 15:30:00,1.5602460621073782
2025-05-20 16:30:00,1.5602460621073782
2025-05-20 17:30:00,1.5602460621073782
2025-05-20 18:30:00,1.5602460621073782
2025-05-20 19:30:00,1.5602460621073782
2025-05-21 13:30:00,1.5602460621073782
2025-05-21 14:30:00,1.5602460621073782
2025-05-21 15:30:00,1.5602460621073782
2025-05-21 16:30:00,1.5602460621073782
2025-05-21 17:30:00,1.5602460621073782
2025-05-21 18:30:00,1.5602460621073782
2025-05-21 19:30:00,1.5602460621073782
2025-05-22 13:30:00,1.5602460621073782
2025-05-22 14:30:00,1.5602460621073782
2025-05-22 15:30:00,1.5602460621073782
2025-05-22 16:30:00,1.5602460621073782
2025-05-22 17:30:00,1.5602460621073782
2025-05-22 18:30:00,1.5602460621073782
2025-05-22 19:30:00,1.5602460621073782
2025-05-23 13:30:00,1.5602460621073782
2025-05-23 14:30:00,1.5602460621073782
2025-05-23 15:30:00,1.5602460621073782
2025-05-23 16:30:00,1.5602460621073782
2025-05-23 17:30:00,1.5602460621073782
2025-05-23 18:30:00,1.5602460621073782
2025-05-23 19:30:00,1.5602460621073782
2025-05-27 13:30:00,1.5602460621073782
2025-05-27 14:30:00,1.5602460621073782
2025-05-27 15:30:00,1.5602460621073782
2025-05-27 16:30:00,1.5602460621073782
2025-05-27 17:30:00,1.5602460621073782
2025-05-27 18:30:00,1.5602460621073782
2025-05-27 19:30:00,1.5602460621073782
2025-05-28 13:30:00,1.5602460621073782
2025-05-28 14:30:00,1.5602460621073782
2025-05-28 15:30:00,1.5602460621073782
2025-05-28 16:30:00,1.5602460621073782
2025-05-28 17:30:00,1.5602460621073782
2025-05-28 18:30:00,1.5602460621073782
2025-05-28 19:30:00,1.5602460621073782
2025-05-29 13:30:00,1.5602460621073782
2025-05-29 14:30:00,1.5602460621073782
2025-05-29 15:30:00,1.5602460621073782
2025-05-29 16:30:00,1.5602460621073782
2025-05-29 17:30:00,1.5602460621073782
2025-05-29 18:30:00,1.5602460621073782
2025-05-29 19:30:00,1.5602460621073782
2025-05-30 13:30:00,1.5602460621073782
2025-05-30 14:30:00,1.5602460621073782
2025-05-30 15:30:00,1.5602460621073782
2025-05-30 16:30:00,1.5602460621073782
2025-05-30 17:30:00,1.5602460621073782
2025-05-30 18:30:00,1.5602460621073782
2025-05-30 19:30:00,1.5602460621073782
2025-06-02 13:30:00,1.5602460621073782
2025-06-02 14:30:00,1.5602460621073782
2025-06-02 15:30:00,1.5602460621073782
2025-06-02 16:30:00,1.5602460621073782
2025-06-02 17:30:00,1.5602460621073782
2025-06-02 18:30:00,1.5602460621073782
2025-06-02 19:30:00,1.5602460621073782
2025-06-03 13:30:00,1.5602460621073782
2025-06-03 14:30:00,1.5602460621073782
2025-06-03 15:30:00,1.5602460621073782
2025-06-03 16:30:00,1.5602460621073782
2025-06-03 17:30:00,1.5602460621073782
2025-06-03 18:30:00,1.5602460621073782
2025-06-03 19:30:00,1.5602460621073782
2025-06-04 13:30:00,1.5602460621073782
2025-06-04 14:30:00,1.5602460621073782
2025-06-04 15:30:00,1.5602460621073782
2025-06-04 16:30:00,1.5602460621073782
2025-06-04 17:30:00,1.5602460621073782
2025-06-04 18:30:00,1.5602460621073782
2025-06-04 19:30:00,1.5602460621073782
2025-06-05 13:30:00,1.5602460621073782
2025-06-05 14:30:00,1.5602460621073782
2025-06-05 15:30:00,1.5602460621073782
2025-06-05 16:30:00,1.5602460621073782
2025-06-05 17:30:00,1.5602460621073782
2025-06-05 18:30:00,1.5602460621073782
2025-06-05 19:30:00,1.5602460621073782
2025-06-06 13:30:00,1.5602460621073782
2025-06-06 14:30:00,1.5602460621073782
2025-06-06 15:30:00,1.5602460621073782
2025-06-06 16:30:00,1.5602460621073782
2025-06-06 17:30:00,1.5602460621073782
2025-06-06 18:30:00,1.5602460621073782
2025-06-06 19:30:00,1.5602460621073782
2025-06-09 13:30:00,1.5602460621073782
2025-06-09 14:30:00,1.5602460621073782
2025-06-09 15:30:00,1.5602460621073782
2025-06-09 16:30:00,1.5602460621073782
2025-06-09 17:30:00,1.5602460621073782
2025-06-09 18:30:00,1.5602460621073782
2025-06-09 19:30:00,1.5602460621073782
2025-06-10 13:30:00,1.5602460621073782
2025-06-10 14:30:00,1.5602460621073782
2025-06-10 15:30:00,1.5602460621073782
2025-06-10 16:30:00,1.5602460621073782
2025-06-10 17:30:00,1.5602460621073782
2025-06-10 18:30:00,1.5602460621073782
2025-06-10 19:30:00,1.5602460621073782
2025-06-11 13:30:00,1.5602460621073782
2025-06-11 14:30:00,1.5602460621073782
2025-06-11 15:30:00,1.5602460621073782
2025-06-11 16:30:00,1.5602460621073782
2025-06-11 17:30:00,1.5602460621073782
2025-06-11 18:30:00,1.5602460621073782
2025-06-11 19:30:00,1.5602460621073782
2025-06-12 13:30:00,1.5602460621073782
2025-06-12 14:30:00,1.5602460621073782
2025-06-12 15:30:00,1.5602460621073782
2025-06-12 16:30:00,1.5602460621073782
2025-06-12 17:30:00,1.5602460621073782
2025-06-12 18:30:00,1.5602460621073782
2025-06-12 19:30:00,1.5602460621073782
2025-06-13 13:30:00,1.5602460621073782
2025-06-13 14:30:00,1.5602460621073782
2025-06-13 15:30:00,1.5602460621073782
2025-06-13 16:30:00,1.5602460621073782
2025-06-13 17:30:00,1.5602460621073782
2025-06-13 18:30:00,1.5602460621073782
2025-06-13 19:30:00,1.5602460621073782
2025-06-16 13:30:00,1.5602460621073782
2025-06-16 14:30:00,1.5602460621073782
2025-06-16 15:30:00,1.5602460621073782
2025-06-16 16:30:00,1.5602460621073782
2025-06-16 17:30:00,1.5602460621073782
2025-06-16 18:30:00,1.5602460621073782
2025-06-16 19:30:00,1.5602460621073782
2025-06-17 13:30:00,1.5602460621073782
2025-06-17 14:30:00,1.5602460621073782
2025-06-17 15:30:00,1.5602460621073782
2025-06-17 16:30:00,1.5602460621073782
2025-06-17 17:30:00,1.5602460621073782
2025-06-18 14:30:00,1.5602460621073782
2025-06-18 15:30:00,1.5602460621073782
2025-06-18 16:30:00,1.5602460621073782
2025-06-18 17:30:00,1.5602460621073782
2025-06-18 18:30:00,1.5602460621073782
2025-06-18 19:30:00,1.5602460621073782
2025-06-20 13:30:00,1.5602460621073782
2025-06-20 14:30:00,1.5602460621073782
2025-06-20 15:30:00,1.5602460621073782
2025-06-20 16:30:00,1.5602460621073782
2025-06-20 17:30:00,1.5602460621073782
2025-06-20 18:30:00,1.5602460621073782
2025-06-20 19:30:00,1.5602460621073782
2025-06-23 13:30:00,1.5602460621073782
2025-06-23 14:30:00,1.5602460621073782
2025-06-23 15:30:00,1.5602460621073782
2025-06-23 16:30:00,1.5602460621073782
2025-06-23 17:30:00,1.5602460621073782
2025-06-23 18:30:00,1.5602460621073782
2025-06-23 19:30:00,1.5602460621073782
2025-06-24 13:30:00,1.5602460621073782
2025-06-24 14:30:00,1.5602460621073782
2025-06-24 15:30:00,1.5602460621073782
2025-06-24 16:30:00,1.5602460621073782
2025-06-24 17:30:00,1.5602460621073782
2025-06-24 18:30:00,1.5602460621073782
2025-06-24 19:30:00,1.5602460621073782
2025-06-25 13:30:00,1.5602460621073782
2025-06-25 14:30:00,1.5602460621073782
2025-06-25 15:30:00,1.5602460621073782
2025-06-25 16:30:00,1.5602460621073782
2025-06-25 17:30:00,1.5602460621073782
2025-06-25 18:30:00,1.5602460621073782
2025-06-25 19:30:00,1.5602460621073782
2025-06-26 13:30:00,1.5602460621073782
2025-06-26 14:30:00,1.5602460621073782
2025-06-26 15:30:00,1.5602460621073782
2025-06-26 16:30:00,1.5602460621073782
2025-06-26 17:30:00,1.5602460621073782
2025-06-26 18:30:00,1.5602460621073782
2025-06-26 19:30:00,1.5602460621073782
2025-06-27 13:30:00,1.5602460621073782
2025-06-27 14:30:00,1.5602460621073782
2025-06-27 15:30:00,1.5602460621073782
2025-06-27 16:30:00,1.5602460621073782
2025-06-27 17:30:00,1.5602460621073782
2025-06-27 18:30:00,1.5602460621073782
2025-06-27 19:30:00,1.5602460621073782
2025-06-30 13:30:00,1.5602460621073782
2025-06-30 14:30:00,1.5602460621073782
2025-06-30 15:30:00,1.5602460621073782
2025-06-30 16:30:00,1.5602460621073782
2025-06-30 17:30:00,1.5602460621073782
2025-06-30 18:30:00,1.5602460621073782
2025-06-30 19:30:00,1.5602460621073782
2025-07-01 13:30:00,1.5602460621073782
2025-07-01 14:30:00,1.5602460621073782
2025-07-01 15:30:00,1.5602460621073782
2025-07-01 16:30:00,1.5602460621073782
2025-07-01 17:30:00,1.5602460621073782
2025-07-01 18:30:00,1.5602460621073782
2025-07-01 19:30:00,1.5602460621073782
2025-07-02 13:30:00,1.5602460621073782
2025-07-02 14:30:00,1.5602460621073782
2025-07-02 15:30:00,1.5602460621073782
2025-07-02 16:30:00,1.5602460621073782
2025-07-02 17:30:00,1.5602460621073782
2025-07-02 18:30:00,1.5602460621073782
2025-07-02 19:30:00,1.5602460621073782
2025-07-03 13:30:00,1.5602460621073782
2025-07-03 14:30:00,1.5602460621073782
2025-07-03 15:30:00,1.5602460621073782
2025-07-03 16:30:00,1.5602460621073782
2025-07-07 13:30:00,1.5602460621073782
2025-07-07 14:30:00,1.5602460621073782
2025-07-07 15:30:00,1.5602460621073782
2025-07-07 16:30:00,1.5602460621073782
2025-07-07 17:30:00,1.5602460621073782
2025-07-07 18:30:00,1.5602460621073782
2025-07-07 19:30:00,1.5602460621073782
2025-07-08 13:30:00,1.5602460621073782
2025-07-08 14:30:00,1.5602460621073782
2025-07-08 15:30:00,1.5602460621073782
2025-07-08 16:30:00,1.5602460621073782
2025-07-08 17:30:00,1.5602460621073782
2025-07-08 18:30:00,1.5602460621073782
2025-07-08 19:30:00,1.5602460621073782
2025-07-09 13:30:00,1.5602460621073782
2025-07-09 14:30:00,1.5602460621073782
2025-07-09 15:30:00,1.5602460621073782
2025-07-09 16:30:00,1.5602460621073782
2025-07-09 17:30:00,1.5602460621073782
2025-07-09 18:30:00,1.5602460621073782
2025-07-09 19:30:00,1.5602460621073782
2025-07-10 13:30:00,1.5602460621073782
2025-07-10 14:30:00,1.5602460621073782
2025-07-10 15:30:00,1.5602460621073782
2025-07-10 16:30:00,1.5602460621073782
2025-07-10 17:30:00,1.5602460621073782
2025-07-10 18:30:00,1.5602460621073782
2025-07-10 19:30:00,1.5602460621073782
2025-07-11 13:30:00,1.5602460621073782
2025-07-11 14:30:00,1.5602460621073782
2025-07-11 15:30:00,1.5602460621073782
2025-07-11 16:30:00,1.5602460621073782
2025-07-11 17:30:00,1.5602460621073782
2025-07-11 18:30:00,1.5602460621073782
2025-07-11 19:30:00,1.5602460621073782
2025-07-14 13:30:00,1.5602460621073782
2025-07-14 14:30:00,1.5602460621073782
2025-07-14 15:30:00,1.5602460621073782
2025-07-14 16:30:00,1.5602460621073782
2025-07-14 17:30:00,1.5602460621073782
2025-07-14 18:30:00,1.5602460621073782
2025-07-14 19:30:00,1.5602460621073782
2025-07-15 13:30:00,1.5602460621073782
2025-07-15 14:30:00,1.5602460621073782
2025-07-15 15:30:00,1.5602460621073782
2025-07-15 16:30:00,1.5602460621073782
2025-07-15 17:30:00,1.5602460621073782
2025-07-15 18:30:00,1.5602460621073782
2025-07-15 19:30:00,1.5602460621073782
2025-07-16 13:30:00,1.5602460621073782
2025-07-16 14:30:00,1.5602460621073782
2025-07-16 15:30:00,1.5602460621073782
2025-07-16 16:30:00,1.5602460621073782
2025-07-16 17:30:00,1.5602460621073782
2025-07-16 18:30:00,1.5602460621073782
2025-07-16 19:30:00,1.5602460621073782
2025-07-17 13:30:00,1.5602460621073782
2025-07-17 14:30:00,1.5602460621073782
2025-07-17 15:30:00,1.5602460621073782
2025-07-17 16:30:00,1.5602460621073782
2025-07-17 17:30:00,1.5602460621073782
2025-07-17 18:30:00,1.5602460621073782
2025-07-17 19:30:00,1.5602460621073782
2025-07-18 13:30:00,1.5602460621073782
2025-07-18 14:30:00,1.5602460621073782
2025-07-18 15:30:00,1.5602460621073782
2025-07-18 16:30:00,1.5602460621073782
2025-07-18 17:30:00,1.5602460621073782
2025-07-18 18:30:00,1.5602460621073782
2025-07-18 19:30:00,1.5602460621073782
2025-07-21 13:30:00,1.5602460621073782
2025-07-21 14:30:00,1.5602460621073782
2025-07-21 15:30:00,1.5602460621073782
2025-07-21 16:30:00,1.5602460621073782
2025-07-21 17:30:00,1.5602460621073782
2025-07-21 18:30:00,1.5602460621073782
2025-07-21 19:30:00,1.5602460621073782
2025-07-22 13:30:00,1.5602460621073782
2025-07-22 14:30:00,1.5602460621073782
2025-07-22 15:30:00,1.5602460621073782
2025-07-22 16:30:00,1.5602460621073782
2025-07-22 17:30:00,1.5602460621073782
2025-07-22 18:30:00,1.5602460621073782
2025-07-22 19:30:00,1.5602460621073782
2025-07-23 13:30:00,1.5602460621073782
2025-07-23 14:30:00,1.5602460621073782
2025-07-23 15:30:00,1.5602460621073782
2025-07-23 16:30:00,1.5602460621073782
2025-07-23 17:30:00,1.5602460621073782
2025-07-23 18:30:00,1.5602460621073782
2025-07-23 19:30:00,1.5602460621073782
2025-07-24 13:30:00,1.5602460621073782
2025-07-24 14:30:00,1.5602460621073782
2025-07-24 15:30:00,1.5602460621073782
2025-07-24 16:30:00,1.5602460621073782
2025-07-24 17:30:00,1.5602460621073782
2025-07-24 18:30:00,1.5602460621073782
2025-07-24 19:30:00,1.5602460621073782
2025-07-25 13:30:00,1.5602460621073782
2025-07-25 14:30:00,1.5602460621073782
2025-07-25 15:30:00,1.5602460621073782
2025-07-25 16:30:00,1.5602460621073782
2025-07-25 17:30:00,1.5602460621073782
2025-07-25 18:30:00,1.5602460621073782
2025-07-25 19:30:00,1.5602460621073782
2025-07-28 13:30:00,1.5602460621073782
2025-07-28 14:30:00,1.5602460621073782
2025-07-28 15:30:00,1.5602460621073782
2025-07-28 16:30:00,1.5602460621073782
2025-07-28 17:30:00,1.5602460621073782
2025-07-28 18:30:00,1.5602460621073782
2025-07-28 19:30:00,1.5602460621073782
2025-07-29 13:30:00,1.5602460621073782
2025-07-29 14:30:00,1.5602460621073782
2025-07-29 15:30:00,1.5602460621073782
2025-07-29 16:30:00,1.5602460621073782
2025-07-29 17:30:00,1.5602460621073782
2025-07-29 18:30:00,1.5602460621073782
2025-07-29 19:30:00,1.5602460621073782
2025-07-30 13:30:00,1.5602460621073782
2025-07-30 14:30:00,1.5602460621073782
2025-07-30 15:30:00,1.5602460621073782
2025-07-30 16:30:00,1.5602460621073782
2025-07-30 17:30:00,1.5602460621073782
2025-07-30 18:30:00,1.5602460621073782
2025-07-30 19:30:00,1.5602460621073782
2025-07-31 13:30:00,1.5602460621073782
2025-07-31 14:30:00,1.5602460621073782
2025-07-31 15:30:00,1.5602460621073782
2025-07-31 16:30:00,1.5602460621073782
2025-07-31 17:30:00,1.5602460621073782
2025-07-31 18:30:00,1.5602460621073782
2025-07-31 19:30:00,1.5602460621073782
2025-08-01 13:30:00,1.5602460621073782
2025-08-01 14:30:00,1.5602460621073782
2025-08-01 15:30:00,1.5602460621073782
2025-08-01 16:30:00,1.5602460621073782
2025-08-01 17:30:00,1.5602460621073782
2025-08-01 18:30:00,1.5602460621073782
2025-08-01 19:30:00,1.5602460621073782
2025-08-04 13:30:00,1.5602460621073782
2025-08-04 14:30:00,1.5602460621073782
2025-08-04 15:30:00,1.5602460621073782
2025-08-04 16:30:00,1.5602460621073782
2025-08-04 17:30:00,1.5602460621073782
2025-08-04 18:30:00,1.5602460621073782
2025-08-04 19:30:00,1.5602460621073782
2025-08-05 13:30:00,1.5602460621073782
2025-08-05 14:30:00,1.5602460621073782
2025-08-05 15:30:00,1.5602460621073782
2025-08-05 16:30:00,1.5602460621073782
2025-08-05 17:30:00,1.5602460621073782
2025-08-05 18:30:00,1.5602460621073782
2025-08-05 19:30:00,1.5602460621073782
2025-08-06 13:30:00,1.5602460621073782
2025-08-06 14:30:00,1.5602460621073782
2025-08-06 15:30:00,1.5602460621073782
2025-08-06 16:30:00,1.5602460621073782
2025-08-06 17:30:00,1.5602460621073782
2025-08-06 18:30:00,1.5602460621073782
2025-08-06 19:30:00,1.5602460621073782
2025-08-07 13:30:00,1.5602460621073782
2025-08-07 14:30:00,1.5602460621073782
2025-08-07 15:30:00,1.5602460621073782
2025-08-07 16:30:00,1.5602460621073782
2025-08-07 17:30:00,1.5602460621073782
2025-08-07 18:30:00,1.5602460621073782
2025-08-07 19:30:00,1.5602460621073782
2025-08-08 13:30:00,1.5602460621073782
2025-08-08 14:30:00,1.5602460621073782
2025-08-08 15:30:00,1.5602460621073782
2025-08-08 16:30:00,1.5602460621073782
2025-08-08 17:30:00,1.5602460621073782
2025-08-08 18:30:00,1.5602460621073782
2025-08-08 19:30:00,1.5602460621073782
2025-08-11 13:30:00,1.5602460621073782
2025-08-11 14:30:00,1.5602460621073782
2025-08-11 15:30:00,1.5602460621073782
2025-08-11 16:30:00,1.5602460621073782
2025-08-11 17:30:00,1.5602460621073782
2025-08-11 18:30:00,1.5602460621073782
2025-08-11 19:30:00,1.5602460621073782
2025-08-12 13:30:00,1.5602460621073782
2025-08-12 14:30:00,1.5602460621073782
2025-08-12 15:30:00,1.5602460621073782
2025-08-12 16:30:00,1.5602460621073782
2025-08-12 17:30:00,1.5602460621073782
2025-08-12 18:30:00,1.5602460621073782
2025-08-12 19:30:00,1.5602460621073782
2025-08-13 13:30:00,1.5602460621073782
2025-08-13 14:30:00,1.5602460621073782
2025-08-13 15:30:00,1.5602460621073782
2025-08-13 16:30:00,1.5602460621073782
2025-08-13 17:30:00,1.5602460621073782
2025-08-13 18:30:00,1.5602460621073782
2025-08-13 19:30:00,1.5602460621073782
2025-08-14 13:30:00,1.5602460621073782
2025-08-14 14:30:00,1.5602460621073782
2025-08-14 15:30:00,1.5602460621073782
2025-08-14 16:30:00,1.5602460621073782
2025-08-14 17:30:00,1.5602460621073782
2025-08-14 18:30:00,1.5602460621073782
2025-08-14 19:30:00,1.5602460621073782
2025-08-15 13:30:00,1.5602460621073782
2025-08-15 14:30:00,1.5602460621073782
2025-08-15 15:30:00,1.5602460621073782
2025-08-15 16:30:00,1.5602460621073782
2025-08-15 17:30:00,1.5602460621073782
2025-08-15 18:30:00,1.5602460621073782
2025-08-15 19:30:00,1.5602460621073782
2025-08-18 13:30:00,1.5602460621073782
2025-08-18 14:30:00,1.5602460621073782
2025-08-18 15:30:00,1.5602460621073782
2025-08-18 16:30:00,1.5602460621073782
2025-08-18 17:30:00,1.5602460621073782
2025-08-18 18:30:00,1.5602460621073782
2025-08-18 19:30:00,1.5602460621073782
2025-08-19 13:30:00,1.5602460621073782
2025-08-19 14:30:00,1.5602460621073782
2025-08-19 15:30:00,1.5602460621073782
2025-08-19 16:30:00,1.5602460621073782
2025-08-19 17:30:00,1.5602460621073782
2025-08-19 18:30:00,1.5602460621073782
2025-08-19 19:30:00,1.5602460621073782
2025-08-20 13:30:00,1.5602460621073782
2025-08-20 14:30:00,1.5602460621073782
2025-08-20 15:30:00,1.5602460621073782
2025-08-20 16:30:00,1.5602460621073782
2025-08-20 17:30:00,1.5602460621073782
2025-08-20 18:30:00,1.5602460621073782
2025-08-20 19:30:00,1.5602460621073782
2025-08-21 13:30:00,1.5602460621073782
2025-08-21 14:30:00,1.5602460621073782
2025-08-21 15:30:00,1.5602460621073782
2025-08-21 16:30:00,1.5602460621073782
2025-08-21 17:30:00,1.5602460621073782
2025-08-21 18:30:00,1.5602460621073782
2025-08-21 19:30:00,1.5602460621073782
2025-08-22 13:30:00,1.5602460621073782
2025-08-22 14:30:00,1.5602460621073782
2025-08-22 15:30:00,1.5602460621073782
2025-08-22 16:30:00,1.5602460621073782
2025-08-22 17:30:00,1.5602460621073782
2025-08-22 18:30:00,1.5602460621073782
2025-08-22 19:30:00,1.5602460621073782
2025-08-25 13:30:00,1.5602460621073782
2025-08-25 14:30:00,1.5602460621073782
2025-08-25 15:30:00,1.5602460621073782
2025-08-25 16:30:00,1.5602460621073782
2025-08-25 17:30:00,1.5602460621073782
2025-08-25 18:30:00,1.5602460621073782
2025-08-25 19:30:00,1.5602460621073782
2025-08-26 13:30:00,1.5602460621073782
2025-08-26 14:30:00,1.5602460621073782
2025-08-26 15:30:00,1.5602460621073782
2025-08-26 16:30:00,1.5602460621073782
2025-08-26 17:30:00,1.5602460621073782
2025-08-26 18:30:00,1.5602460621073782
2025-08-26 19:30:00,1.5602460621073782
2025-08-27 13:30:00,1.5602460621073782
2025-08-27 15:30:00,1.5602460621073782
2025-08-27 16:30:00,1.5602460621073782
2025-08-27 17:30:00,1.5602460621073782
2025-08-27 18:30:00,1.5602460621073782
2025-08-27 19:30:00,1.5602460621073782
2025-08-28 13:30:00,1.5602460621073782
2025-08-28 14:30:00,1.5602460621073782
2025-08-28 15:30:00,1.5602460621073782
2025-08-28 16:30:00,1.5602460621073782
2025-08-28 17:30:00,1.5602460621073782
2025-08-28 18:30:00,1.5602460621073782
2025-08-28 19:30:00,1.5602460621073782
2025-08-29 13:30:00,1.5602460621073782
2025-08-29 14:30:00,1.5602460621073782
2025-08-29 15:30:00,1.5602460621073782
2025-08-29 16:30:00,1.5602460621073782
2025-08-29 17:30:00,1.5602460621073782
2025-08-29 18:30:00,1.5602460621073782
2025-08-29 19:30:00,1.5602460621073782
2025-09-02 13:30:00,1.5602460621073782
2025-09-02 14:30:00,1.5602460621073782
2025-09-02 15:30:00,1.5602460621073782
2025-09-02 16:30:00,1.5602460621073782
2025-09-02 17:30:00,1.5602460621073782
2025-09-02 18:30:00,1.5602460621073782
2025-09-02 19:30:00,1.5602460621073782
2025-09-03 13:30:00,1.5602460621073782
2025-09-03 14:30:00,1.5602460621073782
2025-09-03 15:30:00,1.5602460621073782
2025-09-03 16:30:00,1.5602460621073782
2025-09-03 17:30:00,1.5602460621073782
2025-09-03 18:30:00,1.5602460621073782
2025-09-03 19:30:00,1.5602460621073782
2025-09-04 13:30:00,1.5602460621073782
2025-09-04 14:30:00,1.5602460621073782
2025-09-04 15:30:00,1.5602460621073782
2025-09-04 16:30:00,1.5602460621073782
2025-09-04 17:30:00,1.5602460621073782
2025-09-04 18:30:00,1.5602460621073782
2025-09-04 19:30:00,1.5602460621073782
2025-09-05 13:30:00,1.5602460621073782
2025-09-05 14:30:00,1.5602460621073782
2025-09-05 15:30:00,1.5602460621073782
2025-09-05 16:30:00,1.5602460621073782
2025-09-05 17:30:00,1.5602460621073782
2025-09-05 18:30:00,1.5602460621073782
2025-09-05 19:30:00,1.5602460621073782
2025-09-08 13:30:00,1.5602460621073782
2025-09-08 14:30:00,1.5602460621073782
2025-09-08 15:30:00,1.5602460621073782
2025-09-08 16:30:00,1.5602460621073782
2025-09-08 17:30:00,1.5602460621073782
2025-09-08 18:30:00,1.5602460621073782
2025-09-08 19:30:00,1.5602460621073782
2025-09-09 13:30:00,1.5602460621073782
2025-09-09 14:30:00,1.5602460621073782
2025-09-09 15:30:00,1.5602460621073782
2025-09-09 16:30:00,1.5602460621073782
2025-09-09 17:30:00,1.5602460621073782
2025-09-09 18:30:00,1.5602460621073782
2025-09-09 19:30:00,1.5602460621073782
2025-09-10 13:30:00,1.5602460621073782
2025-09-10 14:30:00,1.5602460621073782
2025-09-10 15:30:00,1.5602460621073782
2025-09-10 16:30:00,1.5602460621073782
2025-09-10 17:30:00,1.5602460621073782
2025-09-10 18:30:00,1.5602460621073782
2025-09-10 19:30:00,1.5602460621073782
2025-09-11 13:30:00,1.5602460621073782
2025-09-11 14:30:00,1.5602460621073782
2025-09-11 15:30:00,1.5602460621073782
2025-09-11 16:30:00,1.5602460621073782
2025-09-11 17:30:00,1.5602460621073782
2025-09-11 18:30:00,1.5602460621073782
2025-09-11 19:30:00,1.5602460621073782
2025-09-12 13:30:00,1.5602460621073782
2025-09-12 14:30:00,1.5602460621073782
2025-09-12 15:30:00,1.5602460621073782
2025-09-12 16:30:00,1.5602460621073782
2025-09-12 17:30:00,1.5602460621073782
2025-09-12 18:30:00,1.5602460621073782
2025-09-12 19:30:00,1.5602460621073782
2025-09-15 13:30:00,1.5602460621073782
2025-09-15 14:30:00,1.5602460621073782
2025-09-15 15:30:00,1.5602460621073782
2025-09-15 16:30:00,1.5602460621073782
2025-09-15 17:30:00,1.5602460621073782
2025-09-15 18:30:00,1.5602460621073782
2025-09-15 19:30:00,1.5602460621073782
2025-09-16 13:30:00,1.5602460621073782
2025-09-16 14:30:00,1.5602460621073782
2025-09-16 15:30:00,1.5602460621073782
2025-09-16 16:30:00,1.5602460621073782
2025-09-16 17:30:00,1.5602460621073782
2025-09-16 18:30:00,1.5602460621073782
2025-09-16 19:30:00,1.5602460621073782
2025-09-17 13:30:00,1.5602460621073782
2025-09-17 14:30:00,1.5602460621073782
2025-09-17 15:30:00,1.5602460621073782
2025-09-17 16:30:00,1.5602460621073782
2025-09-17 17:30:00,1.5602460621073782
2025-09-17 18:30:00,1.5602460621073782
2025-09-17 19:30:00,1.5602460621073782
2025-09-18 13:30:00,1.5602460621073782
2025-09-18 14:30:00,1.5602460621073782
2025-09-18 15:30:00,1.5602460621073782
2025-09-18 16:30:00,1.5602460621073782
2025-09-18 17:30:00,1.5602460621073782
2025-09-18 18:30:00,1.5602460621073782
2025-09-18 19:30:00,1.5602460621073782
2025-09-19 13:30:00,1.5602460621073782
2025-09-19 14:30:00,1.5602460621073782
2025-09-19 15:30:00,1.5602460621073782
2025-09-19 16:30:00,1.5602460621073782
2025-09-19 17:30:00,1.5602460621073782
2025-09-19 18:30:00,1.5602460621073782
2025-09-22 13:30:00,1.5602460621073782
2025-09-22 14:30:00,1.5602460621073782
2025-09-22 15:30:00,1.5602460621073782
2025-09-22 16:30:00,1.5602460621073782
2025-09-22 17:30:00,1.5602460621073782
2025-09-22 18:30:00,1.5602460621073782
2025-09-22 19:30:00,1.5602460621073782
2025-09-23 13:30:00,1.5602460621073782
2025-09-23 14:30:00,1.5602460621073782
2025-09-23 15:30:00,1.5602460621073782
2025-09-23 16:30:00,1.5602460621073782
2025-09-23 17:30:00,1.5602460621073782
2025-09-23 18:30:00,1.5602460621073782
2025-09-23 19:30:00,1.5602460621073782
2025-09-24 13:30:00,1.5602460621073782
2025-09-24 14:30:00,1.5602460621073782
2025-09-24 15:30:00,1.5602460621073782
2025-09-24 16:30:00,1.5602460621073782
2025-09-24 17:30:00,1.5602460621073782
2025-09-24 18:30:00,1.5602460621073782
2025-09-24 19:30:00,1.5602460621073782
2025-09-25 13:30:00,1.5602460621073782
2025-09-25 14:30:00,1.5602460621073782
2025-09-25 15:30:00,1.5602460621073782
2025-09-25 16:30:00,1.5602460621073782
2025-09-25 17:30:00,1.5602460621073782
2025-09-25 18:30:00,1.5602460621073782
2025-09-25 19:30:00,1.5602460621073782
2025-09-26 13:30:00,1.5602460621073782
2025-09-26 14:30:00,1.5602460621073782
2025-09-26 15:30:00,1.5602460621073782
2025-09-26 16:30:00,1.5602460621073782
2025-09-26 17:30:00,1.5602460621073782
2025-09-26 18:30:00,1.5602460621073782
2025-09-26 19:30:00,1.5602460621073782
2025-09-29 13:30:00,1.5602460621073782
2025-09-29 14:30:00,1.5602460621073782
2025-09-29 15:30:00,1.5602460621073782
2025-09-29 16:30:00,1.5602460621073782
2025-09-29 17:30:00,1.5602460621073782
2025-09-29 18:30:00,1.5602460621073782
2025-09-29 19:30:00,1.5602460621073782
2025-09-30 13:30:00,1.5602460621073782
2025-09-30 14:30:00,1.5602460621073782
2025-09-30 15:30:00,1.5602460621073782
2025-09-30 16:30:00,1.5602460621073782
2025-09-30 17:30:00,1.5602460621073782
2025-09-30 18:30:00,1.5602460621073782
2025-09-30 19:30:00,1.5602460621073782
2025-10-01 13:30:00,1.5602460621073782
2025-10-01 14:30:00,1.5602460621073782
2025-10-01 15:30:00,1.5602460621073782
2025-10-01 16:30:00,1.5602460621073782
2025-10-01 17:30:00,1.5602460621073782
2025-10-01 18:30:00,1.5602460621073782
2025-10-01 19:30:00,1.5602460621073782
2025-10-02 13:30:00,1.5602460621073782
2025-10-02 14:30:00,1.5602460621073782
2025-10-02 15:30:00,1.5602460621073782
2025-10-02 16:30:00,1.5602460621073782
2025-10-02 17:30:00,1.5602460621073782
2025-10-02 18:30:00,1.5602460621073782
2025-10-02 19:30:00,1.5602460621073782
2025-10-03 13:30:00,1.5602460621073782
2025-10-03 14:30:00,1.5602460621073782
2025-10-03 15:30:00,1.5602460621073782
2025-10-03 16:30:00,1.5602460621073782
2025-10-03 17:30:00,1.5602460621073782
2025-10-03 18:30:00,1.5602460621073782
2025-10-03 19:30:00,1.5602460621073782
2025-10-06 13:30:00,1.5602460621073782
2025-10-06 14:30:00,1.5602460621073782
2025-10-06 15:30:00,1.5602460621073782
2025-10-06 16:30:00,1.5602460621073782
2025-10-06 17:30:00,1.5602460621073782
2025-10-06 18:30:00,1.5602460621073782
2025-10-06 19:30:00,1.5602460621073782
2025-10-07 13:30:00,1.5602460621073782
2025-10-07 14:30:00,1.5602460621073782
2025-10-07 15:30:00,1.5602460621073782
2025-10-07 16:30:00,1.5602460621073782
2025-10-07 17:30:00,1.5602460621073782
2025-10-07 18:30:00,1.5602460621073782
2025-10-07 19:30:00,1.5602460621073782
2025-10-08 13:30:00,1.5602460621073782
2025-10-08 14:30:00,1.5602460621073782
2025-10-08 15:30:00,1.5602460621073782
2025-10-08 16:30:00,1.5602460621073782
2025-10-08 17:30:00,1.5602460621073782
2025-10-08 18:30:00,1.5602460621073782
2025-10-08 19:30:00,1.5602460621073782
2025-10-09 13:30:00,1.5602460621073782
2025-10-09 14:30:00,1.5602460621073782
2025-10-09 15:30:00,1.5602460621073782
2025-10-09 16:30:00,1.5602460621073782
2025-10-09 17:30:00,1.5602460621073782
2025-10-09 18:30:00,1.5602460621073782
2025-10-09 19:30:00,1.5602460621073782
2025-10-10 13:30:00,1.5602460621073782
2025-10-10 14:30:00,1.5602460621073782
2025-10-10 15:30:00,1.5602460621073782
2025-10-10 16:30:00,1.5602460621073782
2025-10-10 17:30:00,1.5602460621073782
2025-10-10 18:30:00,1.5602460621073782
2025-10-10 19:30:00,1.5602460621073782
2025-10-13 13:30:00,1.5602460621073782
2025-10-13 14:30:00,1.5602460621073782
2025-10-13 15:30:00,1.5602460621073782
2025-10-13 16:30:00,1.5602460621073782
2025-10-13 17:30:00,1.5602460621073782
2025-10-13 18:30:00,1.5602460621073782
2025-10-13 19:30:00,1.5602460621073782
2025-10-14 13:30:00,1.5602460621073782
2025-10-14 14:30:00,1.5602460621073782
2025-10-14 15:30:00,1.5602460621073782
2025-10-14 16:30:00,1.5602460621073782
2025-10-14 17:30:00,1.5602460621073782
2025-10-14 18:30:00,1.5602460621073782
2025-10-14 19:30:00,1.5602460621073782
2025-10-15 13:30:00,1.5602460621073782
2025-10-15 14:30:00,1.5602460621073782
2025-10-15 15:30:00,1.5602460621073782
2025-10-15 16:30:00,1.5602460621073782
2025-10-15 17:30:00,1.5602460621073782
2025-10-15 18:30:00,1.5602460621073782
2025-10-15 19:30:00,1.5602460621073782
2025-10-16 13:30:00,1.5602460621073782
2025-10-16 14:30:00,1.5602460621073782
2025-10-16 15:30:00,1.5602460621073782
2025-10-16 16:30:00,1.5602460621073782
2025-10-16 17:30:00,1.5602460621073782
2025-10-16 18:30:00,1.5602460621073782
2025-10-16 19:30:00,1.5602460621073782
2025-10-17 13:30:00,1.5602460621073782
2025-10-17 14:30:00,1.5602460621073782
2025-10-17 15:30:00,1.5602460621073782
2025-10-17 16:30:00,1.5602460621073782
2025-10-17 17:30:00,1.5602460621073782
2025-10-17 18:30:00,1.5602460621073782
2025-10-17 19:30:00,1.5602460621073782
2025-10-20 13:30:00,1.5602460621073782
2025-10-20 14:30:00,1.5602460621073782
2025-10-20 15:30:00,1.5602460621073782
2025-10-20 16:30:00,1.5602460621073782
2025-10-20 17:30:00,1.5602460621073782
2025-10-20 18:30:00,1.5602460621073782
2025-10-20 19:30:00,1.5602460621073782
2025-10-21 13:30:00,1.5602460621073782
2025-10-21 14:30:00,1.5602460621073782
2025-10-21 15:30:00,1.5602460621073782
2025-10-21 16:30:00,1.5602460621073782
2025-10-21 17:30:00,1.5602460621073782
2025-10-21 18:30:00,1.5602460621073782
2025-10-21 19:30:00,1.5602460621073782
2025-10-22 13:30:00,1.5602460621073782
2025-10-22 14:30:00,1.5602460621073782
2025-10-22 15:30:00,1.5602460621073782
2025-10-22 16:30:00,1.5602460621073782
2025-10-22 17:30:00,1.5602460621073782
2025-10-22 18:30:00,1.5602460621073782
2025-10-22 19:30:00,1.5602460621073782
2025-10-23 13:30:00,1.5602460621073782
2025-10-23 14:30:00,1.5602460621073782
2025-10-23 15:30:00,1.5602460621073782
2025-10-23 16:30:00,1.5602460621073782
2025-10-23 17:30:00,1.5602460621073782
2025-10-23 18:30:00,1.5602460621073782
2025-10-23 19:30:00,1.5602460621073782
2025-10-24 13:30:00,1.5602460621073782
2025-10-24 14:30:00,1.5602460621073782
2025-10-24 15:30:00,1.5602460621073782
2025-10-24 16:30:00,1.5602460621073782
2025-10-24 17:30:00,1.5602460621073782
2025-10-24 18:30:00,1.5602460621073782
2025-10-24 19:30:00,1.5602460621073782
2025-10-27 13:30:00,1.5602460621073782
2025-10-27 14:30:00,1.5602460621073782
2025-10-27 15:30:00,1.5602460621073782
2025-10-27 16:30:00,1.5602460621073782
2025-10-27 17:30:00,1.5602460621073782
2025-10-27 18:30:00,1.5602460621073782
2025-10-27 19:30:00,1.5602460621073782
2025-10-28 13:30:00,1.5602460621073782
2025-10-28 14:30:00,1.5602460621073782
2025-10-28 15:30:00,1.5602460621073782
2025-10-28 16:30:00,1.5602460621073782
2025-10-28 17:30:00,1.5602460621073782
2025-10-28 18:30:00,1.5602460621073782
2025-10-28 19:30:00,1.5602460621073782
2025-10-29 13:30:00,1.5602460621073782
2025-10-29 14:30:00,1.5602460621073782
2025-10-29 15:30:00,1.5602460621073782
2025-10-29 16:30:00,1.5602460621073782
2025-10-29 17:30:00,1.5602460621073782
2025-10-29 18:30:00,1.5602460621073782
2025-10-29 19:30:00,1.5602460621073782
2025-10-30 13:30:00,1.5602460621073782
2025-10-30 14:30:00,1.5602460621073782
2025-10-30 15:30:00,1.5602460621073782
2025-10-30 16:30:00,1.5602460621073782
2025-10-30 17:30:00,1.5602460621073782
2025-10-30 18:30:00,1.5602460621073782
2025-10-30 19:30:00,1.5602460621073782
2025-10-31 13:30:00,1.5602460621073782
2025-10-31 14:30:00,1.5602460621073782
2025-10-31 15:30:00,1.5602460621073782
2025-10-31 16:30:00,1.5602460621073782
2025-10-31 17:30:00,1.5602460621073782
2025-10-31 18:30:00,1.5602460621073782
2025-10-31 19:30:00,1.5602460621073782
2025-11-03 14:30:00,1.5602460621073782
2025-11-03 15:30:00,1.5602460621073782
2025-11-03 16:30:00,1.5602460621073782
2025-11-03 17:30:00,1.5602460621073782
2025-11-03 18:30:00,1.5602460621073782
2025-11-03 19:30:00,1.5602460621073782
2025-11-03 20:30:00,1.5602460621073782
2025-11-04 14:30:00,1.5602460621073782
2025-11-04 15:30:00,1.5602460621073782
2025-11-04 16:30:00,1.5602460621073782
2025-11-04 17:30:00,1.5602460621073782
2025-11-04 18:30:00,1.5602460621073782
2025-11-04 19:30:00,1.5602460621073782
2025-11-04 20:30:00,1.5602460621073782
2025-11-05 14:30:00,1.5602460621073782
2025-11-05 15:30:00,1.5602460621073782
2025-11-05 16:30:00,1.5602460621073782
2025-11-05 17:30:00,1.5602460621073782
2025-11-05 18:30:00,1.5602460621073782
2025-11-05 19:30:00,1.5602460621073782
2025-11-05 20:30:00,1.5602460621073782
2025-11-06 14:30:00,1.5602460621073782
2025-11-06 15:30:00,1.5602460621073782
2025-11-06 16:30:00,1.5602460621073782
2025-11-06 17:30:00,1.5602460621073782
2025-11-06 18:30:00,1.5602460621073782
2025-11-06 19:30:00,1.5602460621073782
2025-11-06 20:30:00,1.5602460621073782
2025-11-07 14:30:00,1.5602460621073782
2025-11-07 15:30:00,1.5602460621073782
2025-11-07 16:30:00,1.5602460621073782
2025-11-07 17:30:00,1.5602460621073782
2025-11-07 18:30:00,1.5602460621073782
2025-11-07 19:30:00,1.5602460621073782
2025-11-07 20:30:00,1.5602460621073782
2025-11-10 14:30:00,1.5602460621073782
2025-11-10 15:30:00,1.5602460621073782
2025-11-10 16:30:00,1.5602460621073782
2025-11-10 17:30:00,1.5602460621073782
2025-11-10 18:30:00,1.5602460621073782
2025-11-10 19:30:00,1.5602460621073782
2025-11-10 20:30:00,1.5602460621073782
2025-11-11 14:30:00,1.5602460621073782
2025-11-11 15:30:00,1.5602460621073782
2025-11-11 16:30:00,1.5602460621073782
2025-11-11 17:30:00,1.5602460621073782
2025-11-11 18:30:00,1.5602460621073782
2025-11-11 19:30:00,1.5602460621073782
2025-11-11 20:30:00,1.5602460621073782
2025-11-12 14:30:00,1.5602460621073782
2025-11-12 15:30:00,1.5602460621073782
2025-11-12 16:30:00,1.5602460621073782
2025-11-12 17:30:00,1.5602460621073782
2025-11-12 18:30:00,1.5602460621073782
2025-11-12 19:30:00,1.5602460621073782
2025-11-12 20:30:00,1.5602460621073782
2025-11-13 14:30:00,1.5602460621073782
2025-11-13 15:30:00,1.5602460621073782
2025-11-13 16:30:00,1.5602460621073782
2025-11-13 17:30:00,1.5602460621073782
2025-11-13 18:30:00,1.5602460621073782
2025-11-13 19:30:00,1.5602460621073782
2025-11-13 20:30:00,1.5602460621073782
2025-11-14 14:30:00,1.5602460621073782
2025-11-14 15:30:00,1.5602460621073782
2025-11-14 16:30:00,1.5602460621073782
2025-11-14 17:30:00,1.5602460621073782
2025-11-14 18:30:00,1.5602460621073782
2025-11-14 19:30:00,1.5602460621073782
2025-11-14 20:30:00,1.5602460621073782
2025-11-17 14:30:00,1.5602460621073782
2025-11-17 15:30:00,1.5602460621073782
2025-11-17 16:30:00,1.5602460621073782
2025-11-17 17:30:00,1.5602460621073782
2025-11-17 18:30:00,1.5602460621073782
2025-11-17 19:30:00,1.5602460621073782
2025-11-17 20:30:00,1.5602460621073782
2025-11-18 14:30:00,1.5602460621073782
2025-11-18 15:30:00,1.5602460621073782
2025-11-18 16:30:00,1.5602460621073782
2025-11-18 17:30:00,1.5602460621073782
2025-11-18 18:30:00,1.5602460621073782
2025-11-18 19:30:00,1.5602460621073782
2025-11-18 20:30:00,1.5602460621073782
2025-11-19 14:30:00,1.5602460621073782
2025-11-19 15:30:00,1.5602460621073782
2025-11-19 16:30:00,1.5602460621073782
2025-11-19 17:30:00,1.5602460621073782
2025-11-19 18:30:00,1.5602460621073782
2025-11-19 19:30:00,1.5602460621073782
2025-11-19 20:30:00,1.5602460621073782
2025-11-20 14:30:00,1.5602460621073782
2025-11-20 15:30:00,1.5602460621073782
2025-11-20 16:30:00,1.5602460621073782
2025-11-20 17:30:00,1.5602460621073782
2025-11-20 18:30:00,1.5602460621073782
2025-11-20 19:30:00,1.5602460621073782
2025-11-20 20:30:00,1.5602460621073782
2025-11-21 14:30:00,1.5602460621073782
2025-11-21 15:30:00,1.5602460621073782
2025-11-21 16:30:00,1.5602460621073782
2025-11-21 17:30:00,1.5602460621073782
2025-11-21 18:30:00,1.5602460621073782
2025-11-21 19:30:00,1.5602460621073782
2025-11-21 20:30:00,1.5602460621073782
2025-11-24 14:30:00,1.5602460621073782
2025-11-24 15:30:00,1.5602460621073782
2025-11-24 16:30:00,1.5602460621073782
2025-11-24 17:30:00,1.5602460621073782
2025-11-24 18:30:00,1.5602460621073782
2025-11-24 19:30:00,1.5602460621073782
2025-11-24 20:30:00,1.5602460621073782
2025-11-25 14:30:00,1.5602460621073782
2025-11-25 15:30:00,1.5602460621073782
2025-11-25 16:30:00,1.5602460621073782
2025-11-25 17:30:00,1.5602460621073782
2025-11-25 18:30:00,1.5602460621073782
2025-11-25 19:30:00,1.5602460621073782
2025-11-25 20:30:00,1.5602460621073782
2025-11-26 14:30:00,1.5602460621073782
2025-11-26 15:30:00,1.5602460621073782
2025-11-26 16:30:00,1.5602460621073782
2025-11-26 17:30:00,1.5602460621073782
2025-11-26 18:30:00,1.5602460621073782
2025-11-26 19:30:00,1.5602460621073782
2025-11-26 20:30:00,1.5602460621073782
2025-11-28 14:30:00,1.5602460621073782
2025-11-28 15:30:00,1.5602460621073782
2025-11-28 16:30:00,1.5602460621073782
2025-11-28 17:30:00,1.5602460621073782
2025-12-01 14:30:00,1.5602460621073782
2025-12-01 15:30:00,1.5602460621073782
2025-12-01 16:30:00,1.5602460621073782
2025-12-01 17:30:00,1.5602460621073782
2025-12-01 18:30:00,1.5602460621073782
2025-12-01 19:30:00,1.5602460621073782
2025-12-01 20:30:00,1.5602460621073782
2025-12-02 14:30:00,1.5602460621073782
2025-12-02 15:30:00,1.5602460621073782
2025-12-02 18:30:00,1.5602460621073782
2025-12-02 19:30:00,1.5602460621073782
2025-12-02 20:30:00,1.5602460621073782
2025-12-03 14:30:00,1.5602460621073782
2025-12-03 15:30:00,1.5602460621073782
2025-12-03 16:30:00,1.5602460621073782
2025-12-03 17:30:00,1.5602460621073782
2025-12-03 18:30:00,1.5602460621073782
2025-12-03 19:30:00,1.5602460621073782
2025-12-03 20:30:00,1.5602460621073782
2025-12-04 14:30:00,1.5602460621073782
2025-12-04 15:30:00,1.5602460621073782
2025-12-04 16:30:00,1.5602460621073782
2025-12-04 17:30:00,1.5602460621073782
2025-12-04 18:30:00,1.5602460621073782
2025-12-04 19:30:00,1.5602460621073782
2025-12-04 20:30:00,1.5602460621073782
2025-12-05 14:30:00,1.5602460621073782
2025-12-05 15:30:00,1.5602460621073782
2025-12-05 16:30:00,1.5602460621073782
2025-12-05 17:30:00,1.5602460621073782
2025-12-05 18:30:00,1.5602460621073782
2025-12-05 19:30:00,1.5602460621073782
2025-12-05 20:30:00,1.5602460621073782
2025-12-08 14:30:00,1.5602460621073782
2025-12-08 15:30:00,1.5602460621073782
2025-12-08 16:30:00,1.5602460621073782
2025-12-08 17:30:00,1.5602460621073782
2025-12-08 18:30:00,1.5602460621073782
2025-12-08 19:30:00,1.5602460621073782
2025-12-08 20:30:00,1.5602460621073782
2025-12-09 14:30:00,1.5602460621073782
2025-12-09 15:30:00,1.5602460621073782
2025-12-09 16:30:00,1.5602460621073782
2025-12-09 17:30:00,1.5602460621073782
2025-12-09 18:30:00,1.5602460621073782
2025-12-09 19:30:00,1.5602460621073782
2025-12-09 20:30:00,1.5602460621073782
2025-12-10 14:30:00,1.5602460621073782
2025-12-10 15:30:00,1.5602460621073782
2025-12-10 16:30:00,1.5602460621073782
2025-12-10 17:30:00,1.5602460621073782
2025-12-10 18:30:00,1.5602460621073782
2025-12-10 19:30:00,1.5602460621073782
2025-12-10 20:30:00,1.5602460621073782
2025-12-11 14:30:00,1.5602460621073782
2025-12-11 15:30:00,1.5602460621073782
2025-12-11 16:30:00,1.5602460621073782
2025-12-11 17:30:00,1.5602460621073782
2025-12-11 18:30:00,1.5602460621073782
2025-12-11 19:30:00,1.5602460621073782
2025-12-11 20:30:00,1.5602460621073782
2025-12-12 14:30:00,1.5602460621073782
2025-12-12 15:30:00,1.5602460621073782
2025-12-12 16:30:00,1.5602460621073782
2025-12-12 17:30:00,1.5602460621073782
2025-12-12 18:30:00,1.5602460621073782
2025-12-12 19:30:00,1.5602460621073782
2025-12-12 20:30:00,1.5602460621073782
2025-12-15 14:30:00,1.5602460621073782
2025-12-15 15:30:00,1.5602460621073782
2025-12-15 16:30:00,1.5602460621073782
2025-12-15 17:30:00,1.5602460621073782
2025-12-15 18:30:00,1.5602460621073782
2025-12-15 19:30:00,1.5602460621073782
2025-12-15 20:30:00,1.5602460621073782
2025-12-16 14:30:00,1.5602460621073782
2025-12-16 15:30:00,1.5602460621073782
2025-12-16 16:30:00,1.5602460621073782
2025-12-16 17:30:00,1.5602460621073782
2025-12-16 18:30:00,1.5602460621073782
2025-12-16 19:30:00,1.5602460621073782
2025-12-16 20:30:00,1.5602460621073782
2025-12-17 14:30:00,1.5602460621073782
2025-12-17 15:30:00,1.5602460621073782
2025-12-17 16:30:00,1.5602460621073782
2025-12-17 17:30:00,1.5602460621073782
2025-12-17 18:30:00,1.5602460621073782
2025-12-17 19:30:00,1.5602460621073782
2025-12-17 20:30:00,1.5602460621073782
2025-12-18 14:30:00,1.5602460621073782
2025-12-18 15:30:00,1.5602460621073782
2025-12-18 16:30:00,1.5602460621073782
2025-12-18 17:30:00,1.5602460621073782
2025-12-18 18:30:00,1.5602460621073782
2025-12-18 19:30:00,1.5602460621073782
2025-12-18 20:30:00,1.5602460621073782
2025-12-19 14:30:00,1.5602460621073782
2025-12-19 15:30:00,1.5602460621073782
2025-12-19 16:30:00,1.5602460621073782
2025-12-19 17:30:00,1.5602460621073782
2025-12-19 18:30:00,1.5602460621073782
2025-12-19 19:30:00,1.5602460621073782
2025-12-19 20:30:00,1.5602460621073782
2025-12-22 14:30:00,1.5602460621073782
2025-12-22 15:30:00,1.5602460621073782
2025-12-22 16:30:00,1.5602460621073782
2025-12-22 17:30:00,1.5602460621073782
2025-12-22 18:30:00,1.5602460621073782
2025-12-22 19:30:00,1.5602460621073782
2025-12-22 20:30:00,1.5602460621073782
2025-12-23 14:30:00,1.5602460621073782
2025-12-23 15:30:00,1.5602460621073782
2025-12-23 16:30:00,1.5602460621073782
2025-12-23 17:30:00,1.5602460621073782
2025-12-23 18:30:00,1.5602460621073782
2025-12-23 19:30:00,1.5602460621073782
2025-12-23 20:30:00,1.5602460621073782
2025-12-24 14:30:00,1.5602460621073782
2025-12-24 15:30:00,1.5602460621073782
2025-12-24 16:30:00,1.5602460621073782
2025-12-26 14:30:00,1.5602460621073782
2025-12-26 15:30:00,1.5602460621073782
2025-12-26 16:30:00,1.5602460621073782
2025-12-26 17:30:00,1.5602460621073782
2025-12-26 18:30:00,1.5602460621073782
2025-12-26 19:30:00,1.5602460621073782
2025-12-26 20:30:00,1.5602460621073782
2025-12-29 14:30:00,1.5602460621073782
2025-12-29 15:30:00,1.5602460621073782
2025-12-29 16:30:00,1.5602460621073782
2025-12-29 17:30:00,1.5602460621073782
2025-12-29 18:30:00,1.5602460621073782
2025-12-29 19:30:00,1.5602460621073782
2025-12-29 20:30:00,1.5602460621073782
2025-12-30 14:30:00,1.5602460621073782
2025-12-30 15:30:00,1.5602460621073782
2025-12-30 16:30:00,1.5602460621073782
2025-12-30 17:30:00,1.5602460621073782
2025-12-30 18:30:00,1.5602460621073782
2025-12-30 19:30:00,1.5602460621073782
2025-12-30 20:30:00,1.5602460621073782
2025-12-31 14:30:00,1.5602460621073782
2025-12-31 15:30:00,1.5602460621073782
2025-12-31 16:30:00,1.5602460621073782
2025-12-31 17:30:00,1.5602460621073782
2025-12-31 18:30:00,1.5602460621073782
2025-12-31 19:30:00,1.5602460621073782
2025-12-31 20:30:00,1.5602460621073782
2026-01-02 14:30:00,1.5602460621073782
2026-01-02 15:30:00,1.5602460621073782
2026-01-02 16:30:00,1.5602460621073782
2026-01-02 17:30:00,1.5602460621073782
2026-01-02 18:30:00,1.5602460621073782
2026-01-02 19:30:00,1.5602460621073782
2026-01-02 20:30:00,1.5602460621073782
2026-01-05 14:30:00,1.5602460621073782
2026-01-05 15:30:00,1.5602460621073782
2026-01-05 16:30:00,1.5602460621073782
2026-01-05 17:30:00,1.5602460621073782
2026-01-05 18:30:00,1.5602460621073782
2026-01-05 19:30:00,1.5602460621073782
2026-01-05 20:30:00,1.5602460621073782
2026-01-06 14:30:00,1.5602460621073782
2026-01-06 15:30:00,1.5602460621073782
2026-01-06 16:30:00,1.5602460621073782
2026-01-06 17:30:00,1.5602460621073782
2026-01-06 18:30:00,1.5602460621073782
2026-01-06 19:30:00,1.5602460621073782
2026-01-06 20:30:00,1.5602460621073782
2026-01-07 14:30:00,1.5602460621073782
2026-01-07 15:30:00,1.5602460621073782
2026-01-07 16:30:00,1.5602460621073782
2026-01-07 17:30:00,1.5602460621073782
2026-01-07 18:30:00,1.5602460621073782
2026-01-07 19:30:00,1.5602460621073782
2026-01-07 20:30:00,1.5602460621073782
2026-01-08 14:30:00,1.5602460621073782
2026-01-08 15:30:00,1.5602460621073782
2026-01-08 16:30:00,1.5602460621073782
2026-01-08 17:30:00,1.5602460621073782
2026-01-08 18:30:00,1.5602460621073782
2026-01-08 19:30:00,1.5602460621073782
2026-01-08 20:30:00,1.5602460621073782
2026-01-09 14:30:00,1.5602460621073782
2026-01-09 15:30:00,1.5602460621073782
2026-01-09 16:30:00,1.5602460621073782
2026-01-09 17:30:00,1.5602460621073782
2026-01-09 18:30:00,1.5602460621073782
2026-01-09 19:30:00,1.5602460621073782
2026-01-09 20:30:00,1.5602460621073782
2026-01-12 14:30:00,1.5602460621073782
2026-01-12 15:30:00,1.5602460621073782
2026-01-12 16:30:00,1.5602460621073782
2026-01-12 17:30:00,1.5602460621073782
2026-01-12 18:30:00,1.5602460621073782
2026-01-12 19:30:00,1.5602460621073782
2026-01-12 20:30:00,1.5602460621073782
2026-01-13 14:30:00,1.5602460621073782
2026-01-13 15:30:00,1.5602460621073782
2026-01-13 16:30:00,1.5602460621073782
2026-01-13 17:30:00,1.5602460621073782
2026-01-13 18:30:00,1.5602460621073782
2026-01-13 19:30:00,1.5602460621073782
2026-01-13 20:30:00,1.5602460621073782
2026-01-14 14:30:00,1.5602460621073782
2026-01-14 15:30:00,1.5602460621073782
2026-01-14 16:30:00,1.5602460621073782
2026-01-14 17:30:00,1.5602460621073782
2026-01-14 18:30:00,1.5602460621073782
2026-01-14 19:30:00,1.5602460621073782
2026-01-14 20:30:00,1.5602460621073782
2026-01-15 14:30:00,1.5602460621073782
2026-01-15 15:30:00,1.5602460621073782
2026-01-15 16:30:00,1.5602460621073782
2026-01-15 17:30:00,1.5602460621073782
2026-01-15 18:30:00,1.5602460621073782
2026-01-15 19:30:00,1.5602460621073782
2026-01-20 15:30:00,1.5602460621073782
2026-01-20 20:30:00,1.5602460621073782
2026-01-21 14:30:00,1.5602460621073782
2026-01-21 15:30:00,1.5602460621073782
2026-01-21 16:30:00,1.5602460621073782
2026-01-21 17:30:00,1.5602460621073782
2026-01-21 18:30:00,1.5602460621073782
2026-01-21 19:30:00,1.5602460621073782
2026-01-21 20:30:00,1.5602460621073782
2026-01-22 14:30:00,1.5602460621073782
2026-01-22 15:30:00,1.5602460621073782
2026-01-22 16:30:00,1.5602460621073782
2026-01-22 17:30:00,1.5602460621073782
2026-01-22 18:30:00,1.5602460621073782
2026-01-22 19:30:00,1.5602460621073782
2026-01-22 20:30:00,1.5602460621073782
2026-01-23 14:30:00,1.5602460621073782
2026-01-23 15:30:00,1.5602460621073782
2026-01-23 16:30:00,1.5602460621073782
2026-01-23 17:30:00,1.5602460621073782
2026-01-23 18:30:00,1.5602460621073782
2026-01-23 19:30:00,1.5602460621073782
2026-01-23 20:30:00,1.5602460621073782
2026-01-26 14:30:00,1.5602460621073782
2026-01-26 15:30:00,1.5602460621073782
2026-01-26 16:30:00,1.5602460621073782
2026-01-26 17:30:00,1.5602460621073782
2026-01-26 18:30:00,1.5602460621073782
2026-01-26 19:30:00,1.5602460621073782
2026-01-26 20:30:00,1.5602460621073782
2026-01-27 14:30:00,1.5602460621073782
2026-01-27 15:30:00,1.5602460621073782
2026-01-27 16:30:00,1.5602460621073782
2026-01-27 17:30:00,1.5602460621073782
2026-01-27 18:30:00,1.5602460621073782
2026-01-27 19:30:00,1.5602460621073782
2026-01-27 20:30:00,1.5602460621073782
2026-01-28 14:30:00,1.5602460621073782
2026-01-28 15:30:00,1.5602460621073782
2026-01-28 16:30:00,1.5602460621073782
2026-01-28 17:30:00,1.5602460621073782
2026-01-28 18:30:00,1.5602460621073782
2026-01-28 19:30:00,1.5602460621073782
2026-01-28 20:30:00,1.5602460621073782
2026-01-29 14:30:00,1.5602460621073782
2026-01-29 15:30:00,1.5602460621073782
2026-01-29 16:30:00,1.5602460621073782
2026-01-29 17:30:00,1.5602460621073782
2026-01-29 18:30:00,1.5602460621073782
2026-01-29 19:30:00,1.5602460621073782
2026-01-29 20:30:00,1.5602460621073782
2026-01-30 14:30:00,1.5602460621073782
2026-01-30 15:30:00,1.5602460621073782
2026-01-30 16:30:00,1.5602460621073782
2026-01-30 17:30:00,1.5602460621073782
2026-01-30 18:30:00,1.5602460621073782
2026-01-30 19:30:00,1.5602460621073782
2026-01-30 20:30:00,1.5602460621073782
2026-02-02 14:30:00,1.5602460621073782
2026-02-02 15:30:00,1.5602460621073782
2026-02-02 16:30:00,1.5602460621073782
2026-02-02 17:30:00,1.5602460621073782
2026-02-02 18:30:00,1.5602460621073782
2026-02-02 19:30:00,1.5602460621073782
2026-02-02 20:30:00,1.5602460621073782
2026-02-03 14:30:00,1.5602460621073782
2026-02-03 15:30:00,1.5602460621073782
2026-02-03 16:30:00,1.5602460621073782
2026-02-03 17:30:00,1.5602460621073782
2026-02-03 18:30:00,1.5602460621073782
2026-02-03 19:30:00,1.5602460621073782
2026-02-03 20:30:00,1.5602460621073782
2026-02-04 14:30:00,1.5602460621073782
2026-02-04 15:30:00,1.5602460621073782
2026-02-04 16:30:00,1.5602460621073782
2026-02-04 17:30:00,1.5602460621073782
2026-02-04 18:30:00,1.5602460621073782
2026-02-04 19:30:00,1.5602460621073782
2026-02-04 20:30:00,1.5602460621073782
2026-02-05 14:30:00,1.5602460621073782
2026-02-05 15:30:00,1.5602460621073782
2026-02-05 16:30:00,1.5602460621073782
2026-02-05 17:30:00,1.5602460621073782
2026-02-05 18:30:00,1.5602460621073782
2026-02-05 19:30:00,1.5602460621073782
2026-02-05 20:30:00,1.5602460621073782
2026-02-06 14:30:00,1.5602460621073782
2026-02-06 15:30:00,1.5602460621073782
2026-02-06 16:30:00,1.5602460621073782
2026-02-06 17:30:00,1.5602460621073782
2026-02-06 18:30:00,1.5602460621073782
2026-02-06 19:30:00,1.5602460621073782
2026-02-06 20:30:00,1.5602460621073782
2026-02-09 14:30:00,1.5602460621073782
2026-02-09 15:30:00,1.5602460621073782
2026-02-09 16:30:00,1.5602460621073782
2026-02-09 17:30:00,1.5602460621073782
2026-02-09 18:30:00,1.5602460621073782
2026-02-09 19:30:00,1.5602460621073782
2026-02-09 20:30:00,1.5602460621073782
2026-02-10 14:30:00,1.5602460621073782
2026-02-10 15:30:00,1.5602460621073782
2026-02-10 16:30:00,1.5602460621073782
2026-02-10 17:30:00,1.5602460621073782
2026-02-10 18:30:00,1.5602460621073782
2026-02-10 19:30:00,1.5602460621073782
2026-02-10 20:30:00,1.5602460621073782
2026-02-11 14:30:00,1.5602460621073782
2026-02-11 15:30:00,1.5602460621073782
2026-02-11 16:30:00,1.5602460621073782
2026-02-11 17:30:00,1.5602460621073782
2026-02-11 18:30:00,1.5602460621073782
2026-02-11 19:30:00,1.5602460621073782
2026-02-11 20:30:00,1.5602460621073782
2026-02-12 14:30:00,1.5602460621073782
2026-02-12 15:30:00,1.5602460621073782
2026-02-12 16:30:00,1.5602460621073782
2026-02-12 17:30:00,1.5602460621073782
2026-02-12 18:30:00,1.5602460621073782
2026-02-12 19:30:00,1.5602460621073782
2026-02-12 20:30:00,1.5602460621073782
2026-02-13 14:30:00,1.5602460621073782
2026-02-13 15:30:00,1.5602460621073782
2026-02-13 16:30:00,1.5602460621073782
2026-02-13 17:30:00,1.5602460621073782
2026-02-13 18:30:00,1.5602460621073782
2026-02-13 19:30:00,1.5602460621073782
2026-02-13 20:30:00,1.5602460621073782
