datetime,open,high,low,close,volume,is_min,is_max
2025-08-11 19:10:00,227.625,227.8,227.5701,227.765,869070,0,0
2025-08-11 19:15:00,227.75999,227.94,227.59,227.82001,372122,0,0
2025-08-11 19:20:00,227.86,227.8699,227.6055,227.67999,2348148,0,0
2025-08-11 19:25:00,227.67999,227.73,227.53,227.64999,288464,0,0
2025-08-11 19:30:00,227.65919,227.69,227.3701,227.66,404591,0,0
2025-08-11 19:35:00,227.66499,227.69501,227.30099,227.39999,399704,0,0
2025-08-11 19:40:00,227.39999,227.42999,227.161,227.295,517946,0,0
2025-08-11 19:45:00,227.30499,227.35001,227.11,227.32001,523411,0,0
2025-08-11 19:50:00,227.33971,227.39999,226.6422,226.81,1108366,0,0
2025-08-11 19:55:00,226.78999,227.3,226.64,227.205,2895039,1,0
2025-08-12 13:30:00,228.005,229.92999,227.92,229.8299,3698984,0,0
2025-08-12 13:35:00,229.83,229.9399,228.39999,228.55,1178023,0,1
2025-08-12 13:40:00,228.5647,228.58,227.33,227.375,1070238,0,0
2025-08-12 13:45:00,227.36,227.86,227.24001,227.39999,879317,0,0
2025-08-12 13:50:00,227.405,228.33971,227.10001,228.33971,867081,0,0
2025-08-12 13:55:00,228.313,228.5999,227.8,227.875,948483,0,0
2025-08-12 14:00:00,227.875,227.88499,227.32001,227.60001,715598,0,0
2025-08-12 14:05:00,227.5954,228.5251,227.38,228.09,656205,0,0
2025-08-12 14:10:00,228.1116,228.84,228.02,228.75999,594196,0,0
2025-08-12 14:15:00,228.75999,229.03999,228.59,228.98,712535,0,0
2025-08-12 14:20:00,228.97,229.46001,228.9082,228.96001,665273,0,0
2025-08-12 14:25:00,228.96001,229.14,228.37,228.57001,621010,0,0
2025-08-12 14:30:00,228.59,228.84,228.45,228.53999,580553,0,0
2025-08-12 14:35:00,228.57001,228.83,228.38,228.70351,448676,0,0
2025-08-12 14:40:00,228.71741,228.78,228.35001,228.625,339528,0,0
2025-08-12 14:45:00,228.63,228.77,228.42,228.47,295533,0,0
2025-08-12 14:50:00,228.47,228.87,228.25999,228.8,1484452,0,0
2025-08-12 14:55:00,228.78999,229.72,228.70711,229.50031,697003,0,0
2025-08-12 15:00:00,229.5273,229.92509,229.4761,229.78999,2149572,0,0
2025-08-12 15:05:00,229.785,230.14999,229.6402,230.03999,1112740,0,0
2025-08-12 15:10:00,230.02,230.5865,229.8201,229.96001,1119025,0,0
2025-08-12 15:15:00,229.965,230.35001,229.81,230.03,737287,0,0
2025-08-12 15:20:00,230.05,230.06,229.58,229.591,543169,0,1
2025-08-12 15:25:00,229.59,229.86501,229.429,229.73,584961,0,0
2025-08-12 15:30:00,229.7299,229.791,228.32001,229.53999,1434237,0,0
2025-08-12 15:35:00,229.545,229.74001,229.2901,229.33501,400065,0,0
2025-08-12 15:40:00,229.34,229.48959,229.145,229.19501,334624,0,0
2025-08-12 15:45:00,229.2,229.6348,229.10001,229.6348,358927,0,0
2025-08-12 15:50:00,229.629,229.8455,229.545,229.6386,346744,0,0
2025-08-12 15:55:00,229.66,229.87,229.63,229.71001,297095,0,0
2025-08-12 16:00:00,229.71001,229.99001,229.6301,229.97,292268,0,0
2025-08-12 16:05:00,229.97549,230.11,229.88,229.91901,418753,0,0
2025-08-12 16:10:00,229.9265,230.0,229.72,229.91499,270312,0,0
2025-08-12 16:15:00,229.91499,230.08,229.81,230.05,255296,0,0
2025-08-12 16:20:00,230.02859,230.075,229.8502,229.88499,182859,0,0
2025-08-12 16:25:00,229.88,229.91,229.47,229.78,277194,0,0
2025-08-12 16:30:00,229.78,229.98,229.66,229.965,274110,0,0
2025-08-12 16:35:00,229.965,230.091,229.82001,230.05499,250896,0,0
2025-08-12 16:40:00,230.05,230.48,229.86,230.46001,549414,0,0
2025-08-12 16:45:00,230.47,230.5755,230.11,230.487,1560584,0,0
2025-08-12 16:50:00,230.47009,230.78,230.36,230.57001,458194,0,0
2025-08-12 16:55:00,230.57001,230.73,230.36,230.39,383281,0,1
2025-08-12 17:00:00,230.39999,230.71001,230.28,230.44501,332694,0,0
2025-08-12 17:05:00,230.44,230.48,230.07001,230.25999,343359,0,0
2025-08-12 17:10:00,230.255,230.42999,230.14999,230.35001,223133,0,0
2025-08-12 17:15:00,230.32001,230.455,230.2,230.28,207753,0,0
2025-08-12 17:20:00,230.28,230.3898,230.13,230.2601,197383,0,0
2025-08-12 17:25:00,230.25999,230.34,229.7701,229.77499,291800,0,0
2025-08-12 17:30:00,229.7701,229.94,229.62,229.645,388908,0,0
2025-08-12 17:35:00,229.645,229.99001,229.52499,229.96001,394073,1,0
2025-08-12 17:40:00,229.95,230.49001,229.91,230.48,468616,0,0
2025-08-12 17:45:00,230.49001,230.55,230.23,230.31,399225,0,0
2025-08-12 17:50:00,230.31,230.395,230.08,230.185,266886,0,0
2025-08-12 17:55:00,230.17999,230.1801,229.87,229.94501,200746,0,0
2025-08-12 18:00:00,229.9462,230.1097,229.87,229.91,199576,0,0
2025-08-12 18:05:00,229.89999,230.03,229.72,229.77,229504,0,0
2025-08-12 18:10:00,229.77,229.8,229.56,229.67,253071,0,0
2025-08-12 18:15:00,229.66,229.75,229.625,229.7216,218102,0,0
2025-08-12 18:20:00,229.7157,229.795,229.45,229.661,327741,0,0
2025-08-12 18:25:00,229.66,229.67999,229.4593,229.57001,246952,0,0
2025-08-12 18:30:00,229.58,229.61,229.2301,229.33501,258450,0,0
2025-08-12 18:35:00,229.325,229.41,229.05051,229.08701,314966,0,0
2025-08-12 18:40:00,229.08,229.24001,229.02,229.2298,251011,0,0
2025-08-12 18:45:00,229.22,229.46001,229.1301,229.37,298855,0,0
2025-08-12 18:50:00,229.35001,229.47501,229.2802,229.35001,206164,0,0
2025-08-12 18:55:00,229.35001,229.42,229.21001,229.2901,250887,0,0
2025-08-12 19:00:00,229.30499,229.31081,229.11,229.17999,219216,0,0
2025-08-12 19:05:00,229.1757,229.24001,228.97,229.21001,318504,0,0
2025-08-12 19:10:00,229.21539,229.21539,228.92,229.1414,272422,0,0
2025-08-12 19:15:00,229.14,229.3,229.1001,229.25,394489,0,0
2025-08-12 19:20:00,229.25999,229.32001,229.06,229.17999,284079,0,0
2025-08-12 19:25:00,229.17,229.2,229.09,229.183,258828,0,0
2025-08-12 19:30:00,229.17,229.58,229.07001,229.56,404321,0,0
2025-08-12 19:35:00,229.565,229.64999,229.392,229.429,509049,0,0
2025-08-12 19:40:00,229.42,229.42999,229.19,229.265,424838,0,0
2025-08-12 19:45:00,229.25999,229.46001,229.17,229.4454,452756,0,0
2025-08-12 19:50:00,229.42999,230.10001,229.06,229.88,1042059,0,0
2025-08-12 19:55:00,229.86,229.91,229.58,229.64999,1901684,0,0
2025-08-13 13:30:00,231.07001,232.1899,230.84,231.17999,3659135,0,0
2025-08-13 13:35:00,231.17,232.03999,230.48,230.48,1129007,0,0
2025-08-13 13:40:00,230.47,231.11,230.42999,231.08,946630,0,0
2025-08-13 13:45:00,231.08,231.2,230.45,230.755,953002,0,0
2025-08-13 13:50:00,230.755,231.77499,230.73,231.74001,1013132,0,0
2025-08-13 13:55:00,231.74989,231.91,231.3205,231.7775,1171937,0,0
2025-08-13 14:00:00,231.75,232.05,231.16,231.6868,1064545,0,0
2025-08-13 14:05:00,231.6879,231.96001,231.4202,231.95,618690,0,0
2025-08-13 14:10:00,231.94,232.58,231.6701,232.425,1650858,0,0
2025-08-13 14:15:00,232.39,232.67,232.00999,232.5507,961697,0,0
2025-08-13 14:20:00,232.56,232.72,232.00999,232.14,724418,0,0
2025-08-13 14:25:00,232.14999,232.17999,231.55,231.81,845605,0,0
2025-08-13 14:30:00,231.81,232.42,231.77,232.28,770687,0,0
2025-08-13 14:35:00,232.285,233.17999,232.25,233.09081,1251518,0,0
2025-08-13 14:40:00,233.0955,233.4299,232.83,233.28999,969731,0,0
2025-08-13 14:45:00,233.285,234.105,233.11,234.05,1220947,0,0
2025-08-13 14:50:00,234.05,234.5386,233.85001,234.3,1331555,0,0
2025-08-13 14:55:00,234.32001,234.55,233.22,233.60001,1253668,0,1
2025-08-13 15:00:00,233.53,233.91499,232.9201,232.94501,956090,0,0
2025-08-13 15:05:00,232.94,233.0,232.55,232.56,904665,0,0
2025-08-13 15:10:00,232.565,232.735,231.78,231.85001,1067093,0,0
2025-08-13 15:15:00,231.845,232.62,231.67999,232.42909,946014,1,0
2025-08-13 15:20:00,232.41,232.57001,232.28999,232.31,549954,0,0
2025-08-13 15:25:00,232.3,232.48,232.06261,232.28999,383654,0,0
2025-08-13 15:30:00,232.28,232.49001,232.14999,232.16499,475169,0,0
2025-08-13 15:35:00,232.16451,232.63499,232.0302,232.60139,360413,0,0
2025-08-13 15:40:00,232.63,233.3186,232.53011,232.97,713300,0,0
2025-08-13 15:45:00,232.96001,232.97,232.53011,232.77,386930,0,0
2025-08-13 15:50:00,232.78,233.1299,232.77,233.05701,419862,0,0
2025-08-13 15:55:00,233.05,233.2,232.64999,232.66499,388846,0,0
2025-08-13 16:00:00,232.67999,232.85989,232.345,232.53999,395532,0,0
2025-08-13 16:05:00,232.53999,232.95,232.50999,232.92999,417708,1,0
2025-08-13 16:10:00,232.92999,232.94,232.69009,232.88499,241514,0,0
2025-08-13 16:15:00,232.88,233.0,232.72501,232.87,1341690,0,0
2025-08-13 16:20:00,232.86501,233.2,232.86501,232.88,312040,0,0
2025-08-13 16:25:00,232.8703,233.39729,232.8703,233.095,513240,0,0
2025-08-13 16:30:00,233.07001,233.17999,232.87,232.94,323822,0,0
2025-08-13 16:35:00,232.94,233.17999,232.81709,233.045,359911,0,0
2025-08-13 16:40:00,233.045,233.0499,232.75999,232.94,355440,0,0
2025-08-13 16:45:00,232.94501,233.36,232.85001,233.06,360908,0,0
2025-08-13 16:50:00,233.05,233.05499,232.39,232.57001,409056,0,0
2025-08-13 16:55:00,232.57001,232.67999,232.07001,232.1068,488584,0,0
2025-08-13 17:00:00,232.09869,232.3275,231.89999,232.05499,534934,0,0
2025-08-13 17:05:00,232.05499,232.06979,231.75,231.81,413677,0,0
2025-08-13 17:10:00,231.814,231.94501,231.61,231.66499,1099986,0,0
2025-08-13 17:15:00,231.66589,232.17,231.5601,232.1412,469077,0,0
2025-08-13 17:20:00,232.14999,232.28,232.07001,232.19749,303652,0,0
2025-08-13 17:25:00,232.18559,232.47,232.11501,232.455,298177,0,0
2025-08-13 17:30:00,232.45,232.53999,232.12,232.21001,292435,0,0
2025-08-13 17:35:00,232.19,232.30991,232.02,232.30991,218964,0,0
2025-08-13 17:40:00,232.3,232.55,232.27,232.55,327869,0,0
2025-08-13 17:45:00,232.56,232.61,232.4222,232.46449,317395,0,0
2025-08-13 17:50:00,232.47501,232.7746,232.39,232.765,307928,0,0
2025-08-13 17:55:00,232.78,233.19,232.71001,233.11,512755,0,0
2025-08-13 18:00:00,233.1001,233.1969,232.97369,233.02,283451,0,0
2025-08-13 18:05:00,233.02119,233.02119,232.82001,232.91,229141,0,0
2025-08-13 18:10:00,232.91,234.99001,232.53999,234.39,2806584,0,0
2025-08-13 18:15:00,234.42,234.539,232.64999,232.85001,1599068,0,1
2025-08-13 18:20:00,232.85001,233.11,232.48,232.94,785628,0,0
2025-08-13 18:25:00,232.97501,233.31,232.881,232.925,456129,0,0
2025-08-13 18:30:00,232.94,233.36,232.94,233.23711,307228,0,0
2025-08-13 18:35:00,233.24001,233.3885,230.8,232.35001,2281060,0,0
2025-08-13 18:40:00,232.355,233.13,232.14999,232.78011,947948,0,0
2025-08-13 18:45:00,232.80499,233.17,232.73,232.94501,424002,0,0
2025-08-13 18:50:00,232.94,233.28999,232.64999,233.17,462171,0,0
2025-08-13 18:55:00,233.14999,233.25999,233.0401,233.12,311088,0,0
2025-08-13 19:00:00,233.12,233.46001,233.06,233.37,328532,0,0
2025-08-13 19:05:00,233.37,233.74001,233.16,233.67999,1461240,0,0
2025-08-13 19:10:00,233.66451,233.84,233.64,233.8197,925489,0,0
2025-08-13 19:15:00,233.81,233.85629,233.35001,233.5,617250,0,0
2025-08-13 19:20:00,233.5,233.91,233.435,233.48,592253,0,0
2025-08-13 19:25:00,233.48,233.74001,233.31,233.58501,534587,0,0
2025-08-13 19:30:00,233.58501,233.98,233.50999,233.87,593140,0,0
2025-08-13 19:35:00,233.875,234.08,233.83009,233.92,633157,0,0
2025-08-13 19:40:00,233.92,234.33,233.84,234.015,807017,0,0
2025-08-13 19:45:00,234.00999,234.13,233.87,233.91,606236,0,0
2025-08-13 19:50:00,233.92,233.98,233.42,233.52,1173796,0,0
2025-08-13 19:55:00,233.5,233.63,233.11,233.33,1925006,0,0
2025-08-14 13:30:00,234.05499,235.11,232.89,233.56,7361598,0,0
2025-08-14 13:35:00,233.57001,234.83,233.37,234.19,1248288,0,0
2025-08-14 13:40:00,234.19,234.19,233.34,233.905,991162,0,1
2025-08-14 13:45:00,233.89,234.19,233.60001,234.07001,612979,0,0
2025-08-14 13:50:00,234.08,234.6096,233.25,233.56,917293,0,0
2025-08-14 13:55:00,233.53999,233.84,233.2498,233.41,629251,0,0
2025-08-14 14:00:00,233.395,233.42,233.00999,233.13,499419,0,0
2025-08-14 14:05:00,233.1102,233.2,232.36,232.39999,671832,0,0
2025-08-14 14:10:00,232.40199,232.53999,231.6702,231.74001,903470,0,0
2025-08-14 14:15:00,231.77,232.33,231.73,231.7966,899725,0,0
2025-08-14 14:20:00,231.82001,232.25,231.765,232.23,634246,0,0
2025-08-14 14:25:00,232.22,232.28,231.73,232.21001,683678,0,0
2025-08-14 14:30:00,232.205,232.405,232.117,232.2,442969,0,0
2025-08-14 14:35:00,232.21001,232.46001,232.05,232.285,489570,0,0
2025-08-14 14:40:00,232.3,232.41,231.8277,232.09061,678352,0,1
2025-08-14 14:45:00,232.10001,232.35001,231.97501,232.03709,392837,0,0
2025-08-14 14:50:00,232.035,232.10001,231.75,231.88,520345,0,0
2025-08-14 14:55:00,231.88,232.09,231.545,231.64999,494454,0,0
2025-08-14 15:00:00,231.655,231.71001,231.0,231.0,748123,0,0
2025-08-14 15:05:00,231.0,231.22,230.85001,230.9377,526425,0,0
2025-08-14 15:10:00,230.935,231.1855,230.935,231.12,647268,1,0
2025-08-14 15:15:00,231.11,231.75,231.09,231.73,684393,0,0
2025-08-14 15:20:00,231.735,231.84,231.52,231.58,383882,0,0
2025-08-14 15:25:00,231.58,231.84,231.14011,231.7402,616058,0,0
2025-08-14 15:30:00,231.75,232.295,231.75,231.92,585141,0,0
2025-08-14 15:35:00,231.92979,232.02589,231.62,231.74001,339156,0,1
2025-08-14 15:40:00,231.75,231.75,231.22,231.23,350693,0,0
2025-08-14 15:45:00,231.2,231.455,230.91,231.3699,573655,1,0
2025-08-14 15:50:00,231.36501,231.595,231.16991,231.315,318881,0,0
2025-08-14 15:55:00,231.3,231.41,231.17,231.32001,296700,0,0
2025-08-14 16:00:00,231.325,231.58,231.31,231.52,281701,0,0
2025-08-14 16:05:00,231.5199,231.7,231.38,231.575,407803,0,0
2025-08-14 16:10:00,231.55679,231.62,231.35001,231.44,312916,0,0
2025-08-14 16:15:00,231.44,231.87,231.42999,231.73,356151,0,0
2025-08-14 16:20:00,231.72,232.015,231.67999,231.99001,289796,0,0
2025-08-14 16:25:00,231.98,232.1496,231.911,232.00999,211104,0,0
2025-08-14 16:30:00,232.02,232.19,232.00011,232.19,199036,0,0
2025-08-14 16:35:00,232.1832,232.28149,231.9688,232.125,221941,0,0
2025-08-14 16:40:00,232.12,232.22,231.98,232.09,149762,0,0
2025-08-14 16:45:00,232.08279,232.25999,232.02,232.2314,205363,0,0
2025-08-14 16:50:00,232.23981,232.39,232.1788,232.3101,288881,0,0
2025-08-14 16:55:00,232.32001,232.53999,232.25,232.4906,296860,0,0
2025-08-14 17:00:00,232.495,232.8,232.48,232.72,348867,0,0
2025-08-14 17:05:00,232.72501,232.88,232.5891,232.81261,360998,0,0
2025-08-14 17:10:00,232.81,232.89999,232.6102,232.71001,248841,0,0
2025-08-14 17:15:00,232.7,233.14,232.6902,233.08,353033,0,0
2025-08-14 17:20:00,233.08,233.08839,232.75999,233.0043,279403,0,0
2025-08-14 17:25:00,233.0,233.1358,232.895,232.92731,256388,0,0
2025-08-14 17:30:00,232.92999,233.03,232.88,232.95,203929,0,0
2025-08-14 17:35:00,232.96001,233.0199,232.89,233.0199,938345,0,0
2025-08-14 17:40:00,233.015,233.03999,232.86,233.0,193357,0,0
2025-08-14 17:45:00,232.9812,233.13,232.8302,232.89,228059,0,0
2025-08-14 17:50:00,232.89,232.89,232.57001,232.7401,266622,0,0
2025-08-14 17:55:00,232.75,232.85001,232.4584,232.705,311322,0,0
2025-08-14 18:00:00,232.72501,232.72501,232.44009,232.6767,229587,0,0
2025-08-14 18:05:00,232.67999,232.71989,232.55,232.7,274722,0,0
2025-08-14 18:10:00,232.69,232.74001,232.49001,232.52,237120,0,0
2025-08-14 18:15:00,232.53,232.73,232.32001,232.675,276440,0,0
2025-08-14 18:20:00,232.675,232.8,232.55009,232.735,280385,0,0
2025-08-14 18:25:00,232.745,232.75,232.62,232.73,194331,0,0
2025-08-14 18:30:00,232.71001,232.73,232.465,232.58,264755,0,0
2025-08-14 18:35:00,232.58,232.60001,232.44009,232.455,303887,0,0
2025-08-14 18:40:00,232.45,232.60001,232.44,232.59,315040,0,0
2025-08-14 18:45:00,232.59,233.17,232.53999,233.16499,385022,0,0
2025-08-14 18:50:00,233.16,233.37,233.05991,233.0899,451547,0,0
2025-08-14 18:55:00,233.0899,233.17,232.89,232.99001,317522,0,0
2025-08-14 19:00:00,232.9893,233.295,232.92979,233.2693,401380,0,0
2025-08-14 19:05:00,233.25999,233.44,233.09,233.325,416067,0,0
2025-08-14 19:10:00,233.33,233.35001,233.03999,233.09911,338556,0,0
2025-08-14 19:15:00,233.11,233.47,233.05499,233.4301,387966,0,0
2025-08-14 19:20:00,233.4398,233.49001,233.10941,233.1653,467620,0,1
2025-08-14 19:25:00,233.16,233.23,232.88,232.94501,473816,0,0
2025-08-14 19:30:00,232.92999,232.96001,232.69,232.745,529470,0,0
2025-08-14 19:35:00,232.745,232.9612,232.73,232.8799,512192,0,0
2025-08-14 19:40:00,232.875,233.0799,232.735,233.0,497210,0,0
2025-08-14 19:45:00,233.00999,233.21001,232.88,232.895,394784,0,0
2025-08-14 19:50:00,232.89999,233.50999,232.82001,233.32001,1270886,0,0
2025-08-14 19:55:00,233.31,233.315,232.73,232.83,1338001,0,0
2025-08-15 13:30:00,233.73,234.22141,233.02,233.67,5771028,0,1
2025-08-15 13:35:00,233.7,233.78999,232.9425,233.22,691462,0,0
2025-08-15 13:40:00,233.25,233.35001,232.81,232.86,431094,0,0
2025-08-15 13:45:00,232.83,233.08,232.10001,232.16,759132,0,0
2025-08-15 13:50:00,232.16991,232.53,232.05,232.42,492599,0,0
2025-08-15 13:55:00,232.42,232.46001,231.8,232.06,484437,0,0
2025-08-15 14:00:00,232.0,232.35001,231.55009,232.31,669846,1,0
2025-08-15 14:05:00,232.27,232.3596,231.616,232.181,547819,0,0
2025-08-15 14:10:00,232.19501,232.4166,232.065,232.25,419069,0,0
2025-08-15 14:15:00,232.27,232.685,232.27,232.35001,556063,0,0
2025-08-15 14:20:00,232.3799,232.50999,232.06,232.42,410545,0,0
2025-08-15 14:25:00,232.42999,232.66,232.17,232.17,370188,0,0
2025-08-15 14:30:00,232.16141,232.28999,231.83,231.92999,383833,0,0
2025-08-15 14:35:00,231.92999,232.16,231.8,231.81,349894,0,0
2025-08-15 14:40:00,231.82001,231.855,231.431,231.66,458087,0,0
2025-08-15 14:45:00,231.66,231.66,231.14,231.16499,492999,0,0
2025-08-15 14:50:00,231.16499,231.31,230.91,231.25,511959,0,0
2025-08-15 14:55:00,231.245,231.2599,230.75,230.87,477926,0,0
2025-08-15 15:00:00,230.87,231.2318,230.66499,230.97,506795,0,0
2025-08-15 15:05:00,230.95,230.95,230.47,230.72009,611627,0,0
2025-08-15 15:10:00,230.7225,231.39,230.7225,231.35001,544487,0,0
2025-08-15 15:15:00,231.36,231.41,231.17999,231.32001,372895,0,0
2025-08-15 15:20:00,231.34,231.55499,231.13,231.16,342817,0,0
2025-08-15 15:25:00,231.16,231.33,231.0312,231.07001,266105,0,0
2025-08-15 15:30:00,231.07001,231.19,230.95,231.12,369400,0,0
2025-08-15 15:35:00,231.13,231.17,230.94,230.955,327330,0,0
2025-08-15 15:40:00,230.95,230.9913,230.63,230.66,411422,0,0
2025-08-15 15:45:00,230.67,231.0699,230.61971,231.0314,314365,0,0
2025-08-15 15:50:00,231.03999,231.455,230.97,231.3557,473320,0,0
2025-08-15 15:55:00,231.36,231.45,230.9894,231.02,411194,0,0
2025-08-15 16:00:00,231.02,231.035,230.82001,230.89,303438,0,0
2025-08-15 16:05:00,230.89,231.2984,230.89,231.25999,369287,0,0
2025-08-15 16:10:00,231.25999,231.36,231.14,231.2849,273385,0,0
2025-08-15 16:15:00,231.28,231.28,230.995,231.08,244389,0,0
2025-08-15 16:20:00,231.0701,231.13,230.92,230.9471,218334,0,0
2025-08-15 16:25:00,230.95,231.02991,230.7301,230.74001,241417,0,0
2025-08-15 16:30:00,230.7442,230.84,230.59,230.675,834126,0,0
2025-08-15 16:35:00,230.675,230.7663,230.55,230.59,1116241,0,0
2025-08-15 16:40:00,230.58,230.6799,230.47369,230.55,241576,0,0
2025-08-15 16:45:00,230.5528,230.75,230.5528,230.75,230440,0,0
2025-08-15 16:50:00,230.75,230.86501,230.71001,230.81,265864,0,0
2025-08-15 16:55:00,230.81,231.08,230.7,230.91,309026,0,0
2025-08-15 17:00:00,230.91,231.22501,230.87061,231.12,276235,0,0
2025-08-15 17:05:00,231.125,231.19501,230.89,230.91,243183,0,1
2025-08-15 17:10:00,230.90491,230.92999,230.64,230.7,1667312,0,0
2025-08-15 17:15:00,230.71001,230.755,230.49001,230.5,284176,0,0
2025-08-15 17:20:00,230.5016,230.53999,230.25011,230.4706,398503,0,0
2025-08-15 17:25:00,230.48,230.655,230.23,230.57001,271284,0,0
2025-08-15 17:30:00,230.56,230.795,230.56,230.71001,378470,0,0
2025-08-15 17:35:00,230.72501,230.75,230.5,230.73,289832,0,0
2025-08-15 17:40:00,230.73,230.82001,230.58,230.5999,222102,0,0
2025-08-15 17:45:00,230.61,230.63,230.49001,230.58,189283,0,0
2025-08-15 17:50:00,230.56371,230.67999,230.53999,230.61,138484,0,0
2025-08-15 17:55:00,230.605,230.91,230.605,230.89,297584,0,0
2025-08-15 18:00:00,230.88499,230.9706,229.36,230.46001,1570208,0,0
2025-08-15 18:05:00,230.4471,231.16,230.44,231.125,450557,0,0
2025-08-15 18:10:00,231.125,231.2899,230.92999,231.02,324879,0,1
2025-08-15 18:15:00,231.00999,231.07001,230.71001,230.86,285871,0,0
2025-08-15 18:20:00,230.8699,230.88499,230.64999,230.765,153790,0,0
2025-08-15 18:25:00,230.75,230.99001,230.63,230.85001,234612,0,0
2025-08-15 18:30:00,230.86,230.98,230.78999,230.82001,202459,0,0
2025-08-15 18:35:00,230.81,230.92,230.64999,230.845,700334,0,0
2025-08-15 18:40:00,230.8698,230.959,230.685,230.69,183089,0,0
2025-08-15 18:45:00,230.69,230.785,230.485,230.49001,254530,0,0
2025-08-15 18:50:00,230.5,230.82001,230.48,230.77499,193686,0,0
2025-08-15 18:55:00,230.77,230.97,230.58,230.7697,1513193,0,0
2025-08-15 19:00:00,230.77,230.83501,230.5905,230.81,205288,0,0
2025-08-15 19:05:00,230.81,231.17999,230.7401,231.14999,339980,0,0
2025-08-15 19:10:00,231.16499,231.36,231.10001,231.35001,272562,0,0
2025-08-15 19:15:00,231.34,231.42,231.103,231.215,333778,0,0
2025-08-15 19:20:00,231.21001,231.3817,231.149,231.25999,235074,0,0
2025-08-15 19:25:00,231.2892,231.5,231.23,231.36,1736781,0,0
2025-08-15 19:30:00,231.37,231.42,231.1235,231.19991,396827,0,0
2025-08-15 19:35:00,231.205,231.53999,231.205,231.4572,325326,0,0
2025-08-15 19:40:00,231.46001,231.7,231.4547,231.655,501494,0,0
2025-08-15 19:45:00,231.655,231.73,231.46001,231.5201,362862,0,0
2025-08-15 19:50:00,231.53,231.57001,231.02,231.4445,1180707,0,0
2025-08-15 19:55:00,231.42999,231.77,231.31,231.64999,1928880,0,0
2025-08-18 13:30:00,231.78,232.55,231.37,231.95309,2357577,0,0
2025-08-18 13:35:00,231.935,232.13831,231.34,232.0442,531048,0,0
2025-08-18 13:40:00,232.05,232.245,231.44,232.05,550916,0,0
2025-08-18 13:45:00,232.0,232.73,231.83,232.27679,586548,0,0
2025-08-18 13:50:00,232.25751,232.36,231.89999,231.99989,571217,0,0
2025-08-18 13:55:00,231.99001,232.49879,231.95,232.35001,544269,0,0
2025-08-18 14:00:00,232.35001,233.0,232.14999,232.82001,791104,0,0
2025-08-18 14:05:00,232.83,233.12,232.42,232.42,522665,0,1
2025-08-18 14:10:00,232.41,232.41,231.50999,231.55,815301,0,0
2025-08-18 14:15:00,231.575,231.67999,231.07449,231.14,716540,0,0
2025-08-18 14:20:00,231.14,231.73,231.02,231.6895,737961,0,0
2025-08-18 14:25:00,231.685,231.743,230.61,230.66,653374,0,0
2025-08-18 14:30:00,230.62,231.14999,230.37,231.05009,557257,1,0
2025-08-18 14:35:00,231.03999,231.08,230.58,230.625,437212,0,0
2025-08-18 14:40:00,230.625,230.87,230.5201,230.73,469039,0,0
2025-08-18 14:45:00,230.73,230.96001,230.5002,230.81,520149,0,0
2025-08-18 14:50:00,230.82001,230.96001,230.64,230.87621,346637,0,0
2025-08-18 14:55:00,230.89,230.91,230.5,230.50999,434544,0,0
2025-08-18 15:00:00,230.5305,230.6869,230.47,230.64999,544020,0,0
2025-08-18 15:05:00,230.63,231.2197,230.61,231.13499,511867,0,0
2025-08-18 15:10:00,231.1599,231.2,230.83,230.83501,244435,0,1
2025-08-18 15:15:00,230.84,231.14,230.78999,231.13499,277012,0,0
2025-08-18 15:20:00,231.13,231.22,230.86501,230.96001,184895,0,0
2025-08-18 15:25:00,230.96001,231.08501,230.78999,230.86,211419,0,0
2025-08-18 15:30:00,230.86501,230.895,230.60001,230.8,358037,0,0
2025-08-18 15:35:00,230.8,230.98,230.69,230.765,319972,0,0
2025-08-18 15:40:00,230.75999,230.7816,230.5,230.72501,251739,0,0
2025-08-18 15:45:00,230.71581,231.03999,230.71001,230.91,346996,1,0
2025-08-18 15:50:00,230.92,230.985,230.78999,230.84,182995,0,0
2025-08-18 15:55:00,230.83,231.00999,230.81,230.905,209844,0,0
2025-08-18 16:00:00,230.89999,231.07001,230.81,230.89,180030,0,0
2025-08-18 16:05:00,230.8898,231.08,230.87,231.036,225942,0,0
2025-08-18 16:10:00,231.045,231.10001,230.755,230.76849,212546,0,0
2025-08-18 16:15:00,230.75999,231.03,230.75999,231.005,204079,0,0
2025-08-18 16:20:00,231.005,231.10001,230.75,230.75101,241144,0,0
2025-08-18 16:25:00,230.75,230.82001,230.655,230.67999,225707,0,0
2025-08-18 16:30:00,230.67999,230.75999,230.47,230.48,266207,0,0
2025-08-18 16:35:00,230.47,230.53999,230.2803,230.35001,312781,0,0
2025-08-18 16:40:00,230.34,230.42,230.159,230.245,301560,0,0
2025-08-18 16:45:00,230.25,230.28,230.11,230.2484,329615,0,0
2025-08-18 16:50:00,230.25,230.455,230.1384,230.28999,288597,0,0
2025-08-18 16:55:00,230.3013,230.61,230.3013,230.595,183166,0,0
2025-08-18 17:00:00,230.595,230.7899,230.59,230.75999,237973,0,0
2025-08-18 17:05:00,230.77499,230.86501,230.72,230.795,210245,0,0
2025-08-18 17:10:00,230.7935,230.94991,230.755,230.84,192597,0,0
2025-08-18 17:15:00,230.85001,231.02,230.84,231.00999,192721,0,0
2025-08-18 17:20:00,231.00999,231.045,230.89,231.0,267482,0,0
2025-08-18 17:25:00,231.0,231.14999,230.98,231.07001,161893,0,0
2025-08-18 17:30:00,231.08,231.67,231.08,231.33,475044,0,0
2025-08-18 17:35:00,231.33,231.45,231.2045,231.24001,205958,0,1
2025-08-18 17:40:00,231.23,231.3,231.02,231.03,225118,0,0
2025-08-18 17:45:00,231.02,231.0498,230.89999,230.98,172196,0,0
2025-08-18 17:50:00,230.98,231.03931,230.9003,231.0072,135873,0,0
2025-08-18 17:55:00,231.015,231.17,230.97,231.08,914246,0,0
2025-08-18 18:00:00,231.09,231.14999,230.94,231.1084,203383,0,0
2025-08-18 18:05:00,231.11,231.31,231.067,231.255,200915,0,0
2025-08-18 18:10:00,231.25999,231.33,231.14999,231.16,182946,0,0
2025-08-18 18:15:00,231.16161,231.22009,231.0,231.11099,194711,0,0
2025-08-18 18:20:00,231.11501,231.2316,231.0533,231.11,193902,0,0
2025-08-18 18:25:00,231.11571,231.24001,231.0929,231.145,166199,0,0
2025-08-18 18:30:00,231.14999,231.285,231.10001,231.19,179109,0,0
2025-08-18 18:35:00,231.17999,231.32001,231.13499,231.24001,180741,0,0
2025-08-18 18:40:00,231.24001,231.31,231.16341,231.235,176604,0,0
2025-08-18 18:45:00,231.24001,231.2885,231.11459,231.14,157265,0,0
2025-08-18 18:50:00,231.14999,231.47501,231.13,231.45,222464,0,0
2025-08-18 18:55:00,231.45,231.57001,231.41,231.46001,264722,0,0
2025-08-18 19:00:00,231.47,231.653,231.4102,231.64999,254973,0,0
2025-08-18 19:05:00,231.655,231.675,231.46001,231.491,429384,0,1
2025-08-18 19:10:00,231.50999,231.50999,231.23,231.27499,237205,0,0
2025-08-18 19:15:00,231.2701,231.41,231.16,231.3801,281958,0,0
2025-08-18 19:20:00,231.38499,231.49989,231.32001,231.39999,273587,0,0
2025-08-18 19:25:00,231.39999,231.39999,231.19,231.22501,228438,0,0
2025-08-18 19:30:00,231.22,231.31,231.09,231.3,290216,1,0
2025-08-18 19:35:00,231.3,231.5314,231.3,231.4006,273176,0,0
2025-08-18 19:40:00,231.396,231.48,231.2,231.36501,399650,0,0
2025-08-18 19:45:00,231.37,231.47,231.27499,231.35001,259063,0,0
2025-08-18 19:50:00,231.3463,231.55,231.28999,231.495,518853,0,0
2025-08-18 19:55:00,231.48,231.485,230.88,230.88,1101617,0,0
2025-08-19 13:30:00,231.27499,231.58,230.62,230.7238,1867203,0,0
2025-08-19 13:35:00,230.71941,231.10989,230.59,230.95,506376,1,0
2025-08-19 13:40:00,230.97501,232.045,230.96001,231.23,695469,0,0
2025-08-19 13:45:00,231.24001,231.8999,231.0,231.88989,453569,0,0
2025-08-19 13:50:00,231.89,232.21989,231.575,232.10001,624002,0,0
2025-08-19 13:55:00,232.095,232.28999,231.9276,232.07001,459313,0,0
2025-08-19 14:00:00,232.03999,232.82001,231.96001,232.67999,588811,0,0
2025-08-19 14:05:00,232.67999,232.825,232.44,232.71001,489038,0,0
2025-08-19 14:10:00,232.72501,232.86501,232.44,232.63,559397,0,1
2025-08-19 14:15:00,232.63,232.64999,232.1628,232.175,402762,0,0
2025-08-19 14:20:00,232.17999,232.31,231.97,231.99001,350405,0,0
2025-08-19 14:25:00,232.0062,232.02,231.59,231.83,593593,0,0
2025-08-19 14:30:00,231.82001,232.245,231.6409,232.175,455503,0,0
2025-08-19 14:35:00,232.175,232.27,231.3801,231.465,487082,0,0
2025-08-19 14:40:00,231.485,231.66,231.31,231.39999,378703,0,0
2025-08-19 14:45:00,231.37,231.38,230.96001,231.005,492116,0,0
2025-08-19 14:50:00,231.0,231.175,230.78999,231.08839,873967,0,0
2025-08-19 14:55:00,231.09,231.13499,230.83,230.86,325792,0,0
2025-08-19 15:00:00,230.88,231.0499,230.58,230.96001,409014,0,0
2025-08-19 15:05:00,230.97,231.17999,230.84,230.94,414105,0,0
2025-08-19 15:10:00,230.94,231.0,230.47,230.995,446631,0,0
2025-08-19 15:15:00,230.99001,231.00999,230.72031,230.83,263945,0,0
2025-08-19 15:20:00,230.87,230.92,230.58501,230.65919,248553,0,0
2025-08-19 15:25:00,230.67,231.34,230.66,231.3226,535954,0,0
2025-08-19 15:30:00,231.32001,231.485,231.14,231.485,376151,0,0
2025-08-19 15:35:00,231.489,231.58,231.285,231.53,291852,0,0
2025-08-19 15:40:00,231.5284,231.66,231.4301,231.53999,419013,0,0
2025-08-19 15:45:00,231.55,231.59,231.28,231.28,220296,0,1
2025-08-19 15:50:00,231.28,231.455,231.14999,231.39,258900,0,0
2025-08-19 15:55:00,231.39,231.49989,231.31,231.395,166760,0,0
2025-08-19 16:00:00,231.3912,231.53999,231.37,231.42999,162644,0,0
2025-08-19 16:05:00,231.435,231.48,231.05499,231.27,215160,0,0
2025-08-19 16:10:00,231.27499,231.32001,231.16,231.28,210369,0,0
2025-08-19 16:15:00,231.28,231.44,231.22,231.24001,654557,0,0
2025-08-19 16:20:00,231.235,231.5336,231.17999,231.41,170085,0,0
2025-08-19 16:25:00,231.42,231.5,231.16,231.30991,171949,0,0
2025-08-19 16:30:00,231.28,231.31,231.14,231.30499,161681,0,0
2025-08-19 16:35:00,231.31,231.33,230.94501,231.045,212025,0,0
2025-08-19 16:40:00,231.03999,231.06,230.73,230.96001,406577,0,0
2025-08-19 16:45:00,230.9493,231.02,230.81,230.92,306731,0,0
2025-08-19 16:50:00,230.91,231.02,230.795,230.795,143780,0,0
2025-08-19 16:55:00,230.81329,230.895,230.7,230.715,311624,0,0
2025-08-19 17:00:00,230.715,230.75,230.485,230.63,497881,0,0
2025-08-19 17:05:00,230.62,230.71001,230.3,230.319,401486,0,0
2025-08-19 17:10:00,230.31,230.59,230.3,230.526,258975,0,0
2025-08-19 17:15:00,230.53,230.545,230.06,230.17999,287477,0,0
2025-08-19 17:20:00,230.175,230.5208,230.16,230.48,183645,1,0
2025-08-19 17:25:00,230.49001,230.64999,230.42999,230.625,154272,0,0
2025-08-19 17:30:00,230.62,230.71001,230.5542,230.55499,164356,0,0
2025-08-19 17:35:00,230.56,230.875,230.56,230.795,256790,0,0
2025-08-19 17:40:00,230.78999,230.84,230.64,230.71001,206733,0,0
2025-08-19 17:45:00,230.71001,230.8799,230.66,230.713,169819,0,0
2025-08-19 17:50:00,230.72,230.8999,230.72,230.8,150126,0,0
2025-08-19 17:55:00,230.8084,230.89999,230.7,230.78999,153602,0,1
2025-08-19 18:00:00,230.78999,230.78999,230.39,230.58,219334,0,0
2025-08-19 18:05:00,230.58,230.7599,230.39999,230.6916,246489,0,0
2025-08-19 18:10:00,230.67999,230.69501,230.0899,230.21001,304638,0,0
2025-08-19 18:15:00,230.19,230.272,230.09309,230.185,179478,0,0
2025-08-19 18:20:00,230.17999,230.22,229.87,230.11,867578,0,0
2025-08-19 18:25:00,230.09,230.21001,229.88029,230.05,244931,0,0
2025-08-19 18:30:00,230.02499,230.09,229.87,229.99001,243959,0,0
2025-08-19 18:35:00,229.9825,230.05,229.78,229.83,249521,0,0
2025-08-19 18:40:00,229.82001,229.91,229.62,229.75999,299272,0,0
2025-08-19 18:45:00,229.75999,229.7943,229.62,229.705,278946,0,0
2025-08-19 18:50:00,229.69,229.78,229.58,229.75,270571,0,0
2025-08-19 18:55:00,229.755,230.00999,229.69501,229.75,345255,0,0
2025-08-19 19:00:00,229.75999,229.78,229.35001,229.75,448751,0,0
2025-08-19 19:05:00,229.75,229.96001,229.72,229.8,242998,0,0
2025-08-19 19:10:00,229.8,229.89999,229.64,229.7,285632,0,0
2025-08-19 19:15:00,229.7,229.85001,229.59,229.825,324621,0,0
2025-08-19 19:20:00,229.82001,230.0598,229.77,230.05,272391,0,0
2025-08-19 19:25:00,230.045,230.19,229.99001,230.185,273942,0,0
2025-08-19 19:30:00,230.185,230.31509,230.175,230.22,309322,0,0
2025-08-19 19:35:00,230.22,230.28999,230.14,230.28999,338300,0,0
2025-08-19 19:40:00,230.31,230.38499,230.23,230.38,379369,0,0
2025-08-19 19:45:00,230.38541,230.39,230.22,230.25,336055,0,0
2025-08-19 19:50:00,230.25,230.44501,229.99001,230.23711,605498,0,0
2025-08-19 19:55:00,230.24001,230.69,230.17,230.53999,2012013,0,0
2025-08-20 13:30:00,229.97,230.46989,228.66,228.75999,2123936,0,0
2025-08-20 13:35:00,228.78461,228.78999,227.35001,227.85001,1165925,0,0
2025-08-20 13:40:00,227.86501,228.0825,227.37,227.735,744620,0,0
2025-08-20 13:45:00,227.71001,228.27,227.2915,228.05,838885,0,0
2025-08-20 13:50:00,228.03,228.12,226.5,226.52499,1309726,0,0
2025-08-20 13:55:00,226.57001,227.45,226.55,227.31,812044,0,0
2025-08-20 14:00:00,227.285,227.78,227.11,227.55119,697317,0,0
2025-08-20 14:05:00,227.52,227.6862,227.0,227.08,628296,0,0
2025-08-20 14:10:00,227.09,227.49001,227.02,227.36501,765735,0,0
2025-08-20 14:15:00,227.36501,227.53999,227.11,227.46001,601737,0,0
2025-08-20 14:20:00,227.48,227.72,227.16499,227.4874,422433,0,0
2025-08-20 14:25:00,227.47,227.575,226.69501,226.72009,543492,0,0
2025-08-20 14:30:00,226.74001,226.994,226.48,226.965,533051,0,0
2025-08-20 14:35:00,226.98,227.0432,226.73,226.77,399111,0,0
2025-08-20 14:40:00,226.78,226.86,226.53999,226.8,420178,0,0
2025-08-20 14:45:00,226.78999,226.87,226.22,226.39619,555953,0,0
2025-08-20 14:50:00,226.39729,226.7,226.30881,226.465,354883,0,0
2025-08-20 14:55:00,226.47,226.6499,226.28999,226.57001,358827,0,0
2025-08-20 15:00:00,226.53999,226.63,226.11,226.27,454784,0,0
2025-08-20 15:05:00,226.25999,226.81,226.17999,226.7924,422618,1,0
2025-08-20 15:10:00,226.78,226.92999,226.64999,226.7374,378420,0,0
2025-08-20 15:15:00,226.72501,227.34,226.72,227.14999,362700,0,0
2025-08-20 15:20:00,227.16499,227.37,227.14,227.345,319634,0,0
2025-08-20 15:25:00,227.355,227.55,227.21001,227.33501,295434,0,1
2025-08-20 15:30:00,227.33,227.34,227.075,227.23,361234,0,0
2025-08-20 15:35:00,227.22,227.37,226.89999,227.11,332576,0,0
2025-08-20 15:40:00,227.13,227.25,226.83,227.0826,297370,0,0
2025-08-20 15:45:00,227.09,227.2299,226.825,226.86,217670,0,0
2025-08-20 15:50:00,226.86501,226.86501,226.49001,226.5681,276799,0,0
2025-08-20 15:55:00,226.58,226.71001,226.41,226.5598,240862,0,0
2025-08-20 16:00:00,226.55,226.85001,226.5249,226.71001,226394,1,0
2025-08-20 16:05:00,226.7,226.8443,226.64999,226.8,570055,0,0
2025-08-20 16:10:00,226.82001,227.0251,226.78999,227.0,353367,0,0
2025-08-20 16:15:00,226.98,227.08,226.78999,226.83,279095,0,0
2025-08-20 16:20:00,226.83,227.125,226.73,226.94,232670,0,0
2025-08-20 16:25:00,226.94,227.14,226.89,227.1346,211887,0,0
2025-08-20 16:30:00,227.13,227.16,226.75,226.82001,229113,0,0
2025-08-20 16:35:00,226.81799,226.86,226.6297,226.73,206981,0,0
2025-08-20 16:40:00,226.755,226.783,226.50999,226.595,250347,0,0
2025-08-20 16:45:00,226.605,226.605,226.36,226.52991,263766,0,0
2025-08-20 16:50:00,226.53,226.625,226.34,226.345,252281,0,0
2025-08-20 16:55:00,226.33,226.33,225.89,226.27,524111,0,0
2025-08-20 17:00:00,226.2601,226.67,226.18201,226.60001,339637,0,0
2025-08-20 17:05:00,226.60001,226.8,226.5103,226.75999,235688,0,0
2025-08-20 17:10:00,226.75,226.83,226.55,226.57001,239994,0,0
2025-08-20 17:15:00,226.58,226.85001,226.515,226.60001,220283,0,0
2025-08-20 17:20:00,226.59,226.73,226.30009,226.3114,203146,0,0
2025-08-20 17:25:00,226.31,226.37,226.14,226.295,206221,0,0
2025-08-20 17:30:00,226.3,226.7502,226.23,226.74001,222500,0,0
2025-08-20 17:35:00,226.74001,226.78,226.5601,226.63,178542,0,0
2025-08-20 17:40:00,226.63499,226.685,226.55,226.64999,177308,0,0
2025-08-20 17:45:00,226.66499,226.83,226.62,226.67,217984,0,0
2025-08-20 17:50:00,226.66499,226.73,226.52,226.64,205803,0,0
2025-08-20 17:55:00,226.623,226.64,226.33369,226.38,211935,0,0
2025-08-20 18:00:00,226.38,226.53999,225.77,226.035,372061,0,0
2025-08-20 18:05:00,226.03999,226.39999,225.98,226.38,263773,0,0
2025-08-20 18:10:00,226.3999,226.435,226.16,226.2784,240068,0,0
2025-08-20 18:15:00,226.27499,226.37,226.02,226.03999,189146,0,0
2025-08-20 18:20:00,226.05,226.145,225.91451,226.07001,219130,0,0
2025-08-20 18:25:00,226.08,226.21001,225.99001,225.9901,198761,0,0
2025-08-20 18:30:00,225.99001,226.1922,225.99001,226.1424,184752,0,0
2025-08-20 18:35:00,226.13,226.25,226.07001,226.25,162563,0,0
2025-08-20 18:40:00,226.25999,226.339,226.17999,226.185,174460,0,0
2025-08-20 18:45:00,226.18069,226.37869,226.14999,226.36,181469,0,0
2025-08-20 18:50:00,226.34,226.3573,226.11099,226.11501,184675,0,0
2025-08-20 18:55:00,226.12,226.185,225.87,226.08,264146,0,0
2025-08-20 19:00:00,226.10001,226.14999,225.99001,226.03999,207258,0,0
2025-08-20 19:05:00,226.02499,226.33,226.0,226.30499,211443,0,0
2025-08-20 19:10:00,226.3,226.61,226.28,226.50999,664808,0,0
2025-08-20 19:15:00,226.52,226.59,226.39999,226.42,241506,0,0
2025-08-20 19:20:00,226.42,226.73,226.3914,226.67,619942,0,0
2025-08-20 19:25:00,226.6601,226.6601,226.36,226.44501,291665,0,0
2025-08-20 19:30:00,226.44,226.59509,226.31,226.59,278479,0,0
2025-08-20 19:35:00,226.59,226.64751,226.42999,226.44009,324540,0,0
2025-08-20 19:40:00,226.45,226.62,226.42999,226.61501,336873,0,0
2025-08-20 19:45:00,226.61,226.73,226.52499,226.6236,318912,0,0
2025-08-20 19:50:00,226.605,227.0,226.25,226.589,1197584,0,0
2025-08-20 19:55:00,226.595,226.7,225.92999,225.96001,2048569,0,0
2025-08-21 13:30:00,226.28,226.52,225.23,225.46001,1589045,0,0
2025-08-21 13:35:00,225.495,225.85001,224.67999,225.81,795787,0,0
2025-08-21 13:40:00,225.78999,225.89,225.47,225.71001,365258,0,0
2025-08-21 13:45:00,225.72,226.33,225.3,226.2514,586111,0,0
2025-08-21 13:50:00,226.257,226.31,225.48,225.9426,387405,0,0
2025-08-21 13:55:00,225.96001,225.97,225.1942,225.2,377758,0,0
2025-08-21 14:00:00,225.2,226.0,225.02,225.8163,442556,1,0
2025-08-21 14:05:00,225.832,225.92999,225.66,225.7,328690,0,0
2025-08-21 14:10:00,225.72501,225.85001,225.45,225.77,357216,0,0
2025-08-21 14:15:00,225.77,226.02,225.72009,225.78,357720,0,0
2025-08-21 14:20:00,225.77,225.82001,225.3232,225.455,338981,0,0
2025-08-21 14:25:00,225.47,225.60001,225.11,225.5799,336733,0,0
2025-08-21 14:30:00,225.5273,225.58501,225.17,225.41,246204,0,0
2025-08-21 14:35:00,225.39999,225.5,225.12,225.17,276997,0,0
2025-08-21 14:40:00,225.16,225.34,225.10001,225.32001,250570,0,0
2025-08-21 14:45:00,225.31,225.48421,225.16,225.31,253736,0,0
2025-08-21 14:50:00,225.32001,225.42,225.25,225.41,202254,0,0
2025-08-21 14:55:00,225.4101,225.4101,225.17,225.28999,272607,0,0
2025-08-21 15:00:00,225.28999,225.4801,225.0,225.12,326023,0,0
2025-08-21 15:05:00,225.13,225.295,224.99001,225.2,315962,0,0
2025-08-21 15:10:00,225.19,225.2,224.64,224.67999,428666,0,0
2025-08-21 15:15:00,224.67,225.07001,224.64,224.73,365352,1,0
2025-08-21 15:20:00,224.73,225.1586,224.5101,225.0798,423351,0,0
2025-08-21 15:25:00,225.0714,225.1702,224.97971,225.13,266243,0,0
2025-08-21 15:30:00,225.13499,225.53619,225.11501,225.505,299774,0,0
2025-08-21 15:35:00,225.50999,225.7,225.46001,225.7,318363,0,0
2025-08-21 15:40:00,225.7,225.84,225.6801,225.75999,253302,0,0
2025-08-21 15:45:00,225.765,225.77,225.495,225.56,215312,0,1
2025-08-21 15:50:00,225.545,225.55,225.27,225.35001,247125,0,0
2025-08-21 15:55:00,225.35001,225.45,225.23,225.25999,192294,0,0
2025-08-21 16:00:00,225.25999,225.27499,225.071,225.08501,205885,0,0
2025-08-21 16:05:00,225.07001,225.185,225.02,225.02,173969,0,0
2025-08-21 16:10:00,225.00999,225.145,224.99001,224.995,185355,0,0
2025-08-21 16:15:00,224.98,225.075,224.89999,224.92999,229266,0,0
2025-08-21 16:20:00,224.92,225.08,224.8,224.985,239433,0,0
2025-08-21 16:25:00,224.98241,225.05,224.8,224.83,196508,0,0
2025-08-21 16:30:00,224.83,224.95,224.7,224.7614,203773,0,0
2025-08-21 16:35:00,224.75999,224.99631,224.69,224.965,192570,0,0
2025-08-21 16:40:00,224.96001,224.97,224.71001,224.7251,184600,0,0
2025-08-21 16:45:00,224.7285,224.8284,224.7,224.81,200985,0,0
2025-08-21 16:50:00,224.81,225.00999,224.78,224.94,205891,0,0
2025-08-21 16:55:00,224.92999,224.9642,224.53999,224.61,237417,0,0
2025-08-21 17:00:00,224.62,224.645,224.42,224.64,278167,0,0
2025-08-21 17:05:00,224.63989,224.82001,224.60001,224.605,221717,0,0
2025-08-21 17:10:00,224.60001,224.60001,224.315,224.36,351207,0,0
2025-08-21 17:15:00,224.35001,224.37,224.05499,224.11,413441,0,0
2025-08-21 17:20:00,224.11,224.13,223.7804,223.9446,532455,0,0
2025-08-21 17:25:00,223.955,224.22,223.89999,224.175,305662,0,0
2025-08-21 17:30:00,224.17081,224.50999,224.16,224.48,267430,0,0
2025-08-21 17:35:00,224.49001,224.7,224.46001,224.69009,292153,0,0
2025-08-21 17:40:00,224.7,224.7785,224.53,224.55499,251247,0,0
2025-08-21 17:45:00,224.53999,224.75,224.53999,224.675,196291,0,0
2025-08-21 17:50:00,224.67,224.74001,224.55,224.64,161233,0,0
2025-08-21 17:55:00,224.64,224.70509,224.55,224.56,131737,0,0
2025-08-21 18:00:00,224.55,224.56,224.41,224.48,205436,0,0
2025-08-21 18:05:00,224.47,224.53,224.37,224.42,160743,0,0
2025-08-21 18:10:00,224.42,224.535,224.34,224.49001,173359,0,0
2025-08-21 18:15:00,224.46001,224.59,224.41,224.545,168343,0,0
2025-08-21 18:20:00,224.55721,224.56,224.3454,224.42841,171782,0,0
2025-08-21 18:25:00,224.42999,224.42999,224.19,224.23,248963,0,0
2025-08-21 18:30:00,224.2235,224.31,224.09419,224.23019,213348,0,0
2025-08-21 18:35:00,224.24001,224.47,224.23,224.42999,208570,0,0
2025-08-21 18:40:00,224.4136,224.45,224.2601,224.27499,217240,0,0
2025-08-21 18:45:00,224.28,224.33929,224.16,224.32001,182959,0,0
2025-08-21 18:50:00,224.33,224.45,224.23,224.42999,170668,0,0
2025-08-21 18:55:00,224.42,224.5899,224.32001,224.50999,219838,0,0
2025-08-21 19:00:00,224.5,224.69501,224.48,224.67,184174,0,0
2025-08-21 19:05:00,224.67999,224.87,224.66161,224.80499,260264,0,0
2025-08-21 19:10:00,224.8049,224.89999,224.71001,224.80161,204054,0,0
2025-08-21 19:15:00,224.80499,224.88499,224.7,224.78999,235744,0,0
2025-08-21 19:20:00,224.7851,225.05499,224.7701,225.035,276222,0,0
2025-08-21 19:25:00,225.02,225.05,224.86011,224.88,331501,0,0
2025-08-21 19:30:00,224.89999,224.92,224.61,224.61,323581,0,0
2025-08-21 19:35:00,224.62,224.6342,224.3884,224.47501,281858,0,0
2025-08-21 19:40:00,224.47,224.78,224.45,224.755,843942,1,0
2025-08-21 19:45:00,224.7588,224.82001,224.66,224.81,472075,0,0
2025-08-21 19:50:00,224.82001,225.25,224.81,225.05,694109,0,0
2025-08-21 19:55:00,225.05,225.16,224.71001,224.91,1361811,0,0
2025-08-22 13:30:00,226.17,226.96001,225.66499,225.7,1727587,0,0
2025-08-22 13:35:00,225.685,226.22,225.41,225.98,438604,0,0
2025-08-22 13:40:00,225.955,226.89,225.955,226.78,452801,0,0
2025-08-22 13:45:00,226.77499,226.9855,226.13,226.25,521094,0,0
2025-08-22 13:50:00,226.21001,226.425,226.02,226.27969,368323,0,0
2025-08-22 13:55:00,226.265,226.47,225.77,225.98,372009,0,0
2025-08-22 14:00:00,225.97,228.19,225.97,227.00999,1290947,0,0
2025-08-22 14:05:00,227.0,227.74989,227.0,227.65041,635591,0,0
2025-08-22 14:10:00,227.69,227.8999,227.23,227.60989,503701,0,0
2025-08-22 14:15:00,227.59,228.1599,227.34,227.49001,618455,0,0
2025-08-22 14:20:00,227.48,227.86,227.35001,227.735,787403,0,0
2025-08-22 14:25:00,227.77,228.07899,227.69521,227.95,524483,0,0
2025-08-22 14:30:00,227.97,228.67,227.89999,228.60651,793734,0,0
2025-08-22 14:35:00,228.63,228.66,227.96001,228.02,470142,0,1
2025-08-22 14:40:00,228.015,228.245,227.8,228.09,539224,0,0
2025-08-22 14:45:00,228.11,228.59,228.03999,228.52499,599380,0,0
2025-08-22 14:50:00,228.52,228.5699,227.97099,228.36259,448604,0,0
2025-08-22 14:55:00,228.35001,228.60001,228.13,228.22501,439583,0,0
2025-08-22 15:00:00,228.22,228.66991,228.00929,228.62,392677,0,0
2025-08-22 15:05:00,228.61501,228.63,228.3298,228.595,364699,0,0
2025-08-22 15:10:00,228.58,228.72,228.405,228.46001,374402,0,0
2025-08-22 15:15:00,228.47,228.48,228.2,228.2381,303688,0,0
2025-08-22 15:20:00,228.23,228.38,228.155,228.21001,275020,0,0
2025-08-22 15:25:00,228.235,228.35001,228.03,228.06,231974,0,0
2025-08-22 15:30:00,228.03999,228.435,228.03,228.36,265206,0,0
2025-08-22 15:35:00,228.36,228.42,228.0,228.06,262331,0,0
2025-08-22 15:40:00,228.07001,228.09,227.81,227.95,232615,0,0
2025-08-22 15:45:00,227.96001,228.2,227.7,227.72,287015,0,0
2025-08-22 15:50:00,227.715,227.77,227.435,227.55,312960,0,0
2025-08-22 15:55:00,227.5424,227.653,227.31,227.355,239212,0,0
2025-08-22 16:00:00,227.35001,227.41,227.11,227.33501,388043,0,0
2025-08-22 16:05:00,227.3416,227.39,227.11481,227.364,186808,0,0
2025-08-22 16:10:00,227.36501,227.38879,227.08,227.24001,218722,0,0
2025-08-22 16:15:00,227.25,227.274,226.925,227.2,283042,0,0
2025-08-22 16:20:00,227.19,227.42,227.07001,227.245,235885,0,0
2025-08-22 16:25:00,227.24001,227.24001,226.94,227.1693,268616,0,0
2025-08-22 16:30:00,227.17,227.315,227.145,227.22,169419,0,0
2025-08-22 16:35:00,227.22501,227.37,227.12,227.3,175295,0,0
2025-08-22 16:40:00,227.31,227.48,227.22501,227.2804,202840,0,0
2025-08-22 16:45:00,227.28,227.4016,227.28,227.3,127562,0,0
2025-08-22 16:50:00,227.31,227.38,227.17,227.28,186551,0,0
2025-08-22 16:55:00,227.265,227.32001,227.07001,227.24001,187688,0,0
2025-08-22 17:00:00,227.23,227.44,227.16499,227.41,169465,0,0
2025-08-22 17:05:00,227.41,227.42,227.25999,227.355,170396,0,0
2025-08-22 17:10:00,227.34,229.0,227.3,228.3,1635850,0,0
2025-08-22 17:15:00,228.3,228.47,227.89999,228.46001,510354,0,0
2025-08-22 17:20:00,228.44,229.0,228.24001,228.97,869734,0,0
2025-08-22 17:25:00,228.97,229.09,228.5,228.61,542223,0,1
2025-08-22 17:30:00,228.6274,228.6274,228.12,228.22,353689,0,0
2025-08-22 17:35:00,228.22501,228.4371,228.07001,228.17999,334852,0,0
2025-08-22 17:40:00,228.17,228.22,228.0201,228.10001,220831,0,0
2025-08-22 17:45:00,228.11501,228.21001,227.91,227.91499,267034,0,0
2025-08-22 17:50:00,227.89999,228.10989,227.88,227.97,189457,0,0
2025-08-22 17:55:00,227.97,228.084,227.78,227.88499,314959,0,0
2025-08-22 18:00:00,227.89999,228.36,227.89011,228.3401,1475191,0,0
2025-08-22 18:05:00,228.35001,228.399,228.10001,228.10699,254387,0,1
2025-08-22 18:10:00,228.11,228.28999,227.9301,228.2388,259610,0,0
2025-08-22 18:15:00,228.23,228.28999,228.12,228.185,187619,0,0
2025-08-22 18:20:00,228.19,228.495,228.09,228.14,528534,0,0
2025-08-22 18:25:00,228.14,228.14999,227.78999,227.87,267458,0,0
2025-08-22 18:30:00,227.88,228.24001,227.825,228.24001,283310,0,0
2025-08-22 18:35:00,228.23,228.42999,228.10001,228.19,244752,0,0
2025-08-22 18:40:00,228.19,228.45,228.14999,228.42,1396596,0,0
2025-08-22 18:45:00,228.41,228.51981,228.22,228.3893,286236,0,0
2025-08-22 18:50:00,228.39799,228.39799,228.25999,228.355,171470,0,0
2025-08-22 18:55:00,228.36,228.38,228.1684,228.2,179008,0,0
2025-08-22 19:00:00,228.2,228.375,228.17999,228.2438,364254,0,0
2025-08-22 19:05:00,228.245,228.27,227.995,228.03,224515,0,0
2025-08-22 19:10:00,228.03999,228.14,227.965,228.12,248350,0,0
2025-08-22 19:15:00,228.11,228.12981,227.94009,228.06,183504,0,0
2025-08-22 19:20:00,228.05,228.08,227.9151,228.07001,208821,0,0
2025-08-22 19:25:00,228.06,228.11,227.785,227.85001,260704,0,0
2025-08-22 19:30:00,227.84,228.0499,227.82001,227.895,350139,0,0
2025-08-22 19:35:00,227.89,227.89,227.44,227.7101,382739,0,0
2025-08-22 19:40:00,227.71001,227.95,227.59,227.94,392436,0,0
2025-08-22 19:45:00,227.92999,228.0999,227.7,228.065,426721,0,0
2025-08-22 19:50:00,228.09,228.31,227.59,227.64999,850812,0,0
2025-08-22 19:55:00,227.63,227.875,227.47,227.75,1736225,0,0
2025-08-25 13:30:00,226.405,227.38,226.24001,226.88,1744161,1,0
2025-08-25 13:35:00,226.86,227.28999,226.56,227.1808,535003,0,0
2025-08-25 13:40:00,227.185,228.07001,227.11,228.0399,810880,0,0
2025-08-25 13:45:00,228.02,228.58501,227.735,228.4899,699106,0,0
2025-08-25 13:50:00,228.48,229.05,228.32001,228.44,724220,0,0
2025-08-25 13:55:00,228.42,229.0,228.37,228.565,593820,0,0
2025-08-25 14:00:00,228.57001,228.81,228.25,228.58009,583242,0,0
2025-08-25 14:05:00,228.58,229.12,228.5,228.87,574039,0,0
2025-08-25 14:10:00,228.87,228.92,228.27,228.3334,396741,0,0
2025-08-25 14:15:00,228.315,228.64,228.09,228.37939,592424,0,0
2025-08-25 14:20:00,228.37,229.08,228.33,229.03999,396608,0,0
2025-08-25 14:25:00,229.03,229.03,228.64999,228.81,350591,0,0
2025-08-25 14:30:00,228.77,228.77,228.42999,228.59,698220,0,0
2025-08-25 14:35:00,228.5701,228.72,228.395,228.44,316570,0,0
2025-08-25 14:40:00,228.42999,228.6396,228.3,228.355,385442,0,0
2025-08-25 14:45:00,228.35001,229.24001,228.28999,229.22501,515366,1,0
2025-08-25 14:50:00,229.22,229.22,228.91119,228.9556,327655,0,0
2025-08-25 14:55:00,228.94,229.05,228.7106,228.92999,318997,0,0
2025-08-25 15:00:00,228.92999,229.0163,228.81,229.0163,297047,0,0
2025-08-25 15:05:00,229.02,229.17,228.4601,228.75,506955,0,0
2025-08-25 15:10:00,228.7401,229.19,228.63,228.81,364713,0,0
2025-08-25 15:15:00,228.81,228.88989,228.62,228.88499,191625,0,0
2025-08-25 15:20:00,228.89,229.0201,228.7701,228.78999,184595,0,0
2025-08-25 15:25:00,228.78,228.81,228.55,228.565,211071,0,0
2025-08-25 15:30:00,228.57001,228.63499,228.50011,228.59,213474,0,0
2025-08-25 15:35:00,228.575,228.81979,228.52,228.81689,184006,0,0
2025-08-25 15:40:00,228.81,229.06,228.67,229.05,295186,0,0
2025-08-25 15:45:00,229.05,229.09,228.94,228.99001,188524,0,0
2025-08-25 15:50:00,228.99001,229.285,228.97501,229.0645,237355,0,0
2025-08-25 15:55:00,229.05009,229.3,229.03999,229.16,194093,0,0
2025-08-25 16:00:00,229.14999,229.17999,228.955,229.002,199464,0,0
2025-08-25 16:05:00,229.00999,229.05499,228.86,228.89,200004,0,0
2025-08-25 16:10:00,228.87,228.89,228.63,228.67,179470,0,0
2025-08-25 16:15:00,228.67,228.75,228.55,228.60899,193292,0,0
2025-08-25 16:20:00,228.61,228.64999,228.55499,228.59,141784,0,0
2025-08-25 16:25:00,228.58,228.755,228.515,228.53999,200579,0,0
2025-08-25 16:30:00,228.53999,228.545,228.35001,228.39,217717,0,0
2025-08-25 16:35:00,228.41,228.53,228.3477,228.455,150254,0,0
2025-08-25 16:40:00,228.465,228.52,228.41,228.5199,162961,0,0
2025-08-25 16:45:00,228.52,228.62,228.47,228.505,169789,0,0
2025-08-25 16:50:00,228.5,228.53,228.38499,228.4528,173438,0,0
2025-08-25 16:55:00,228.45,228.6483,228.40669,228.505,173954,0,0
2025-08-25 17:00:00,228.505,228.6299,228.44,228.55,211419,0,0
2025-08-25 17:05:00,228.545,228.6351,228.39999,228.6351,190387,0,0
2025-08-25 17:10:00,228.63,228.685,228.60001,228.63499,178098,0,0
2025-08-25 17:15:00,228.63,228.73,228.56,228.73,163582,0,0
2025-08-25 17:20:00,228.73,228.75999,228.47,228.59,316521,0,0
2025-08-25 17:25:00,228.57001,228.59,228.32001,228.435,247407,0,0
2025-08-25 17:30:00,228.435,228.61,228.42,228.595,371817,0,0
2025-08-25 17:35:00,228.595,228.63,228.36,228.6105,194371,0,0
2025-08-25 17:40:00,228.57001,228.575,228.42,228.50999,159457,0,0
2025-08-25 17:45:00,228.53999,228.655,228.42,228.48289,188937,0,0
2025-08-25 17:50:00,228.48,228.55,228.44,228.49001,191533,0,0
2025-08-25 17:55:00,228.485,228.49001,228.265,228.30499,191558,0,0
2025-08-25 18:00:00,228.31,228.37109,228.1402,228.155,266320,0,0
2025-08-25 18:05:00,228.155,228.19501,228.08,228.19501,211144,0,0
2025-08-25 18:10:00,228.1797,228.25999,228.12,228.1499,248817,0,0
2025-08-25 18:15:00,228.14999,228.155,227.89999,227.9299,241240,0,0
2025-08-25 18:20:00,227.92,227.96001,227.83,227.91991,220743,0,0
2025-08-25 18:25:00,227.92,227.94501,227.74001,227.88499,198966,0,0
2025-08-25 18:30:00,227.875,227.905,227.6236,227.655,189826,0,0
2025-08-25 18:35:00,227.65021,227.715,227.58,227.62,252529,0,0
2025-08-25 18:40:00,227.63,227.64999,227.47,227.52499,245940,0,0
2025-08-25 18:45:00,227.52,227.63,227.44501,227.63,223962,1,0
2025-08-25 18:50:00,227.62,227.7,227.5,227.53,236978,0,0
2025-08-25 18:55:00,227.54581,227.655,227.495,227.55,192147,0,0
2025-08-25 19:00:00,227.545,227.67999,227.53999,227.59,160493,0,0
2025-08-25 19:05:00,227.59,227.8,227.58,227.8,218298,0,0
2025-08-25 19:10:00,227.795,227.8358,227.715,227.72,231929,0,0
2025-08-25 19:15:00,227.71001,227.7224,227.52,227.59,265536,0,0
2025-08-25 19:20:00,227.58501,227.6299,227.53999,227.59019,230815,0,0
2025-08-25 19:25:00,227.595,227.69501,227.57001,227.5984,213532,0,0
2025-08-25 19:30:00,227.60001,227.63499,227.5,227.565,245450,0,0
2025-08-25 19:35:00,227.56,227.61,227.50999,227.605,271671,0,0
2025-08-25 19:40:00,227.60001,227.7,227.5602,227.7,307618,0,0
2025-08-25 19:45:00,227.71001,227.72,227.53999,227.60001,273438,0,0
2025-08-25 19:50:00,227.60001,227.69,227.42999,227.49001,598981,0,0
2025-08-25 19:55:00,227.495,227.62,227.12,227.14999,1565306,0,0
2025-08-26 13:30:00,226.87,227.05,225.97501,226.61501,1295597,0,0
2025-08-26 13:35:00,226.61,226.64,225.69,225.7641,605904,0,0
2025-08-26 13:40:00,225.75999,226.145,225.25999,225.30969,688109,0,0
2025-08-26 13:45:00,225.28,225.36,224.72,224.745,887282,0,0
2025-08-26 13:50:00,224.73199,225.35001,224.69,225.215,686727,1,0
2025-08-26 13:55:00,225.2007,225.4799,224.97009,225.25999,481011,0,0
2025-08-26 14:00:00,225.28999,225.8,224.8866,225.425,841051,0,0
2025-08-26 14:05:00,225.42,225.57001,225.14999,225.5,585606,0,0
2025-08-26 14:10:00,225.5,225.7357,225.285,225.72,436872,0,0
2025-08-26 14:15:00,225.72,226.17999,225.69,226.0415,571556,0,0
2025-08-26 14:20:00,226.05,226.3799,225.92999,226.35001,381796,0,0
2025-08-26 14:25:00,226.34,226.5,226.23,226.5,338060,0,0
2025-08-26 14:30:00,226.50999,226.55,226.28999,226.395,319468,0,0
2025-08-26 14:35:00,226.39999,226.74001,226.39,226.67,379443,0,0
2025-08-26 14:40:00,226.655,226.92,226.45,226.89,339570,0,0
2025-08-26 14:45:00,226.89,226.91,226.60001,226.73,256123,0,0
2025-08-26 14:50:00,226.745,227.03999,226.72,226.97,737785,0,0
2025-08-26 14:55:00,226.97,227.08,226.60001,226.61501,357532,0,0
2025-08-26 15:00:00,226.63,226.91,226.60001,226.88,205877,0,0
2025-08-26 15:05:00,226.875,227.11,226.84,227.03999,234326,0,0
2025-08-26 15:10:00,227.03,227.10001,226.83,226.86,245891,0,0
2025-08-26 15:15:00,226.86,226.99001,226.74001,226.91499,192412,0,0
2025-08-26 15:20:00,226.91499,227.16,226.91,227.13499,218969,0,0
2025-08-26 15:25:00,227.14,227.2999,226.95,226.96159,297935,0,0
2025-08-26 15:30:00,226.965,227.00999,226.74001,226.88,216205,0,0
2025-08-26 15:35:00,226.88,227.2899,226.88,227.19,223056,0,0
2025-08-26 15:40:00,227.2,227.28,227.0407,227.0407,159540,0,0
2025-08-26 15:45:00,227.06,227.08,226.64011,226.685,213936,0,0
2025-08-26 15:50:00,226.69971,226.78,226.55,226.655,255358,0,0
2025-08-26 15:55:00,226.67999,226.84061,226.58,226.69501,671615,0,0
2025-08-26 16:00:00,226.71001,227.42,226.71001,227.38,492346,0,0
2025-08-26 16:05:00,227.39,227.48,227.02,227.31,454260,0,0
2025-08-26 16:10:00,227.339,227.46001,227.09,227.28,770177,0,0
2025-08-26 16:15:00,227.28999,227.67,227.1855,227.60001,648398,0,0
2025-08-26 16:20:00,227.61,227.7,227.52,227.53999,215902,0,0
2025-08-26 16:25:00,227.53,227.5816,227.48,227.5705,198361,0,0
2025-08-26 16:30:00,227.56,227.94,227.53999,227.9399,264917,0,0
2025-08-26 16:35:00,227.935,227.97,227.57001,227.57899,261708,0,0
2025-08-26 16:40:00,227.56,227.64,227.4601,227.605,481244,0,0
2025-08-26 16:45:00,227.605,227.69,227.42,227.6326,184551,0,0
2025-08-26 16:50:00,227.63499,227.78999,227.61,227.71001,287830,0,0
2025-08-26 16:55:00,227.71001,227.82001,227.675,227.7,139352,0,0
2025-08-26 17:00:00,227.71001,227.85001,227.69009,227.78,155066,0,0
2025-08-26 17:05:00,227.81,227.86,227.7048,227.72211,126603,0,0
2025-08-26 17:10:00,227.72141,227.845,227.64,227.845,162684,0,0
2025-08-26 17:15:00,227.845,227.985,227.78011,227.91,172510,0,0
2025-08-26 17:20:00,227.91,228.03,227.85001,228.005,219491,0,0
2025-08-26 17:25:00,228.0,228.17,228.0,228.1116,228611,0,0
2025-08-26 17:30:00,228.11,228.13,227.84,227.85001,246739,0,0
2025-08-26 17:35:00,227.84,227.94,227.8,227.875,125452,0,0
2025-08-26 17:40:00,227.8797,227.939,227.74001,227.87,153864,0,0
2025-08-26 17:45:00,227.85001,227.87,227.767,227.78999,122259,0,0
2025-08-26 17:50:00,227.78999,227.94,227.75,227.75999,202407,0,0
2025-08-26 17:55:00,227.78,228.03,227.735,227.9957,197556,0,0
2025-08-26 18:00:00,227.99001,228.14999,227.97,228.09,182053,0,0
2025-08-26 18:05:00,228.08,228.08,227.92,227.99989,188911,0,0
2025-08-26 18:10:00,227.99001,228.09979,227.92,227.99001,165103,0,0
2025-08-26 18:15:00,227.9901,228.45,227.9901,228.39,375371,0,0
2025-08-26 18:20:00,228.39,228.50999,228.31,228.38,244161,0,1
2025-08-26 18:25:00,228.38499,228.46001,228.27,228.35921,195740,0,0
2025-08-26 18:30:00,228.36,228.52901,228.22,228.2394,211921,0,0
2025-08-26 18:35:00,228.255,228.3,228.14999,228.23,159870,0,0
2025-08-26 18:40:00,228.2316,228.27,228.0701,228.12,174410,0,0
2025-08-26 18:45:00,228.12,228.1373,228.02,228.05,147611,0,0
2025-08-26 18:50:00,228.03999,228.065,227.9057,227.95,222597,0,0
2025-08-26 18:55:00,227.94971,228.09,227.94971,227.97,245325,0,0
2025-08-26 19:00:00,227.98,227.98421,227.81,227.86,186057,0,0
2025-08-26 19:05:00,227.86,227.8699,227.77,227.84171,177451,0,0
2025-08-26 19:10:00,227.845,228.23,227.8309,228.23,242758,0,0
2025-08-26 19:15:00,228.22,228.27,228.14,228.2402,208958,0,0
2025-08-26 19:20:00,228.25,228.60001,228.24001,228.42,320057,0,0
2025-08-26 19:25:00,228.41,228.62,228.36,228.56821,307746,0,0
2025-08-26 19:30:00,228.57001,228.72,228.39999,228.575,406646,0,0
2025-08-26 19:35:00,228.58,228.60001,228.36,228.41,579128,0,0
2025-08-26 19:40:00,228.41991,228.435,228.23,228.35001,296013,0,0
2025-08-26 19:45:00,228.35001,228.57001,228.3,228.565,408957,0,0
2025-08-26 19:50:00,228.56,228.61,227.72501,227.96001,1183599,0,0
2025-08-26 19:55:00,227.97,229.49001,227.97,229.3,2277125,0,0
2025-08-27 13:30:00,228.58,229.23,228.295,229.21001,1877437,0,0
2025-08-27 13:35:00,229.22,230.25,228.94501,230.22,944199,0,0
2025-08-27 13:40:00,230.1642,230.24001,229.1301,229.24989,668097,0,0
2025-08-27 13:45:00,229.2,229.25,228.75,229.12,725760,0,0
2025-08-27 13:50:00,229.10001,229.825,228.8,229.66,456291,0,0
2025-08-27 13:55:00,229.66,229.8,229.46001,229.795,538668,0,0
2025-08-27 14:00:00,229.74001,229.86501,229.4501,229.61,529839,0,0
2025-08-27 14:05:00,229.62,230.05,229.47,229.97,521877,0,0
2025-08-27 14:10:00,229.955,229.97,229.4601,229.55,395953,0,0
2025-08-27 14:15:00,229.56,229.85001,229.28999,229.5351,383818,0,0
2025-08-27 14:20:00,229.55,229.89999,229.55,229.825,330206,0,0
2025-08-27 14:25:00,229.84,230.093,229.7832,230.015,467956,0,0
2025-08-27 14:30:00,230.03,230.32001,229.98,230.03999,449056,0,0
2025-08-27 14:35:00,230.07001,230.62,230.02499,230.575,529801,0,0
2025-08-27 14:40:00,230.57001,230.7,230.2,230.20731,443540,0,0
2025-08-27 14:45:00,230.21001,230.22,229.82001,230.015,620255,0,0
2025-08-27 14:50:00,230.0079,230.13989,229.83,230.05,388699,0,0
2025-08-27 14:55:00,230.05,230.28979,230.00999,230.17999,327607,0,0
2025-08-27 15:00:00,230.17999,230.34,230.1017,230.12,256115,0,0
2025-08-27 15:05:00,230.1299,230.25,229.96001,229.9684,243196,0,0
2025-08-27 15:10:00,229.97,230.17,229.955,230.02,287690,0,0
2025-08-27 15:15:00,230.00999,230.065,229.895,229.895,273140,0,0
2025-08-27 15:20:00,229.895,230.05,229.84,229.845,196945,0,0
2025-08-27 15:25:00,229.82001,229.82359,229.48,229.5741,429121,0,0
2025-08-27 15:30:00,229.57001,229.78,229.45,229.53999,304829,0,0
2025-08-27 15:35:00,229.55,229.84,229.54269,229.82001,214273,0,0
2025-08-27 15:40:00,229.82001,229.84,229.31,229.785,520326,0,0
2025-08-27 15:45:00,229.77,230.0598,229.72501,230.05,192621,0,0
2025-08-27 15:50:00,230.06,230.06,229.7502,229.83,175161,0,0
2025-08-27 15:55:00,229.8399,229.955,229.8,229.91499,130235,0,0
2025-08-27 16:00:00,229.92,230.06,229.88499,229.96159,150144,0,0
2025-08-27 16:05:00,229.97,230.088,229.92261,230.00999,136928,0,0
2025-08-27 16:10:00,230.005,230.06,229.89999,229.93221,151819,0,0
2025-08-27 16:15:00,229.94,229.95,229.78,229.79131,189667,0,0
2025-08-27 16:20:00,229.795,229.86,229.74001,229.78,146515,0,0
2025-08-27 16:25:00,229.765,229.89999,229.67999,229.87,177653,0,0
2025-08-27 16:30:00,229.89,229.9882,229.8,229.80499,202183,0,0
2025-08-27 16:35:00,229.8,229.88,229.66,229.735,176196,0,0
2025-08-27 16:40:00,229.72,229.86,229.64999,229.6601,144297,0,0
2025-08-27 16:45:00,229.66,229.8248,229.60001,229.8248,133066,0,0
2025-08-27 16:50:00,229.83501,229.895,229.78999,229.86,161977,0,0
2025-08-27 16:55:00,229.8698,229.88499,229.78,229.78,157883,0,0
2025-08-27 17:00:00,229.77,229.86971,229.67,229.8443,217341,0,0
2025-08-27 17:05:00,229.8302,230.06,229.82001,230.05499,156610,0,0
2025-08-27 17:10:00,230.05,230.09,229.96001,229.99159,167270,0,0
2025-08-27 17:15:00,230.0,230.03,229.845,229.87,161508,0,0
2025-08-27 17:20:00,229.88989,230.0,229.85001,229.9883,107705,0,0
2025-08-27 17:25:00,229.985,229.995,229.8,229.84,133000,0,0
2025-08-27 17:30:00,229.84,229.92,229.8,229.855,143436,0,0
2025-08-27 17:35:00,229.86,229.96001,229.855,229.91,123845,0,0
2025-08-27 17:40:00,229.92,229.99001,229.85001,229.97501,149492,0,0
2025-08-27 17:45:00,229.98,230.06,229.92999,229.98,139474,0,0
2025-08-27 17:50:00,229.99001,230.075,229.895,230.06,190817,0,0
2025-08-27 17:55:00,230.05499,230.07001,229.97,229.985,97715,0,0
2025-08-27 18:00:00,229.97,230.075,229.93269,229.94009,132147,0,0
2025-08-27 18:05:00,229.95,230.06,229.91,230.03101,110530,0,0
2025-08-27 18:10:00,230.03819,230.32001,229.89,230.2516,256482,0,0
2025-08-27 18:15:00,230.25999,230.325,230.16,230.2601,183314,0,0
2025-08-27 18:20:00,230.25999,230.56,230.21001,230.5,334085,0,0
2025-08-27 18:25:00,230.50169,230.67999,230.48,230.625,407247,0,0
2025-08-27 18:30:00,230.62,230.63499,230.395,230.41,225669,0,0
2025-08-27 18:35:00,230.41499,230.47501,230.315,230.43221,226875,0,0
2025-08-27 18:40:00,230.44,230.4799,230.235,230.24001,149920,0,0
2025-08-27 18:45:00,230.235,230.32001,230.21001,230.22501,154423,0,0
2025-08-27 18:50:00,230.24001,230.28999,230.0923,230.11,144958,0,0
2025-08-27 18:55:00,230.105,230.19501,230.08,230.14999,149119,0,0
2025-08-27 19:00:00,230.155,230.155,230.045,230.07001,139224,0,0
2025-08-27 19:05:00,230.06,230.11,229.97,230.045,200985,0,0
2025-08-27 19:10:00,230.03999,230.03999,229.72,229.7601,281530,0,0
2025-08-27 19:15:00,229.77,230.07809,229.7601,230.05499,189461,0,0
2025-08-27 19:20:00,230.0484,230.125,229.97501,230.05,165083,0,0
2025-08-27 19:25:00,230.03999,230.16,230.0,230.13251,229025,0,0
2025-08-27 19:30:00,230.125,230.3799,230.12,230.34,425749,0,0
2025-08-27 19:35:00,230.33,230.42,230.21021,230.36,253610,0,0
2025-08-27 19:40:00,230.355,230.5766,230.355,230.55499,350428,0,0
2025-08-27 19:45:00,230.55499,230.75999,230.45,230.7482,901461,0,0
2025-08-27 19:50:00,230.81,230.89999,230.67,230.825,687899,0,0
2025-08-27 19:55:00,230.8242,230.86,230.42999,230.44,1182361,0,0
2025-08-28 13:30:00,230.81,230.85001,229.33501,230.715,3686594,0,0
2025-08-28 13:35:00,230.715,230.7191,230.10001,230.2674,551193,0,0
2025-08-28 13:40:00,230.28999,230.88,230.0699,230.41051,496336,0,0
2025-08-28 13:45:00,230.44,230.69,230.24001,230.38499,345509,0,0
2025-08-28 13:50:00,230.36099,230.42,229.67999,230.09,650227,0,0
2025-08-28 13:55:00,230.08501,230.49001,229.88,230.47,386824,0,0
2025-08-28 14:00:00,230.42999,230.60001,230.03999,230.03999,472435,0,0
2025-08-28 14:05:00,230.05,230.7995,230.02,230.67999,335330,0,0
2025-08-28 14:10:00,230.675,230.89999,230.59,230.69,307078,0,0
2025-08-28 14:15:00,230.705,230.75,230.35001,230.64999,303771,0,0
2025-08-28 14:20:00,230.66949,230.7399,230.4375,230.535,186106,0,0
2025-08-28 14:25:00,230.52,230.575,230.28,230.4158,296118,0,0
2025-08-28 14:30:00,230.4301,230.84,230.35001,230.58,278198,0,0
2025-08-28 14:35:00,230.595,230.76601,230.37,230.75999,200876,0,0
2025-08-28 14:40:00,230.78999,230.99001,230.66,230.97501,306860,0,0
2025-08-28 14:45:00,231.0,231.67999,230.95,231.44,793810,0,0
2025-08-28 14:50:00,231.46001,231.88,231.41499,231.72009,418177,0,0
2025-08-28 14:55:00,231.73,231.89999,231.33,231.35989,386124,0,1
2025-08-28 15:00:00,231.37,231.5,231.1424,231.32761,265910,0,0
2025-08-28 15:05:00,231.32001,231.325,231.09,231.14,212753,0,0
2025-08-28 15:10:00,231.14011,231.46001,231.1364,231.4201,214366,0,0
2025-08-28 15:15:00,231.4511,231.59,231.37,231.4381,349558,0,0
2025-08-28 15:20:00,231.435,231.44,230.94501,230.955,245658,0,0
2025-08-28 15:25:00,230.95,230.9724,230.71001,230.95,246780,1,0
2025-08-28 15:30:00,230.96001,231.405,230.9482,231.38,354798,0,0
2025-08-28 15:35:00,231.37,231.52,231.23,231.2897,221037,0,0
2025-08-28 15:40:00,231.28999,231.42999,231.28,231.31,210317,0,0
2025-08-28 15:45:00,231.32001,231.55991,231.28999,231.48,176172,0,0
2025-08-28 15:50:00,231.5,231.785,231.45,231.6423,338948,0,0
2025-08-28 15:55:00,231.64999,231.6599,231.52,231.55499,137749,0,0
2025-08-28 16:00:00,231.55,231.60001,231.41,231.5892,155300,0,0
2025-08-28 16:05:00,231.59,231.66,231.53,231.66,184608,0,0
2025-08-28 16:10:00,231.67999,231.83,231.61,231.815,151005,0,0
2025-08-28 16:15:00,231.8185,231.95,231.78999,231.88,234348,0,0
2025-08-28 16:20:00,231.89079,232.05,231.815,231.925,504630,0,0
2025-08-28 16:25:00,231.925,232.355,231.905,232.28999,448258,0,0
2025-08-28 16:30:00,232.28,232.3683,232.08,232.09,528450,0,0
2025-08-28 16:35:00,232.10091,232.465,232.08,232.44501,322659,0,0
2025-08-28 16:40:00,232.44,232.5,232.3175,232.36,259381,0,0
2025-08-28 16:45:00,232.355,232.48,232.3407,232.355,208504,0,0
2025-08-28 16:50:00,232.355,232.44501,232.30029,232.41499,332848,0,0
2025-08-28 16:55:00,232.41499,232.59,232.33,232.42999,334161,0,0
2025-08-28 17:00:00,232.4603,232.75999,232.39,232.74001,264050,0,0
2025-08-28 17:05:00,232.7368,232.985,232.55499,232.9819,343907,0,0
2025-08-28 17:10:00,232.98,232.9877,232.73,232.80499,338346,0,0
2025-08-28 17:15:00,232.8163,233.02,232.73,232.8,360076,0,0
2025-08-28 17:20:00,232.7982,232.97,232.7982,232.92999,186909,0,0
2025-08-28 17:25:00,232.94,233.12,232.905,233.0,294701,0,0
2025-08-28 17:30:00,233.00999,233.19501,233.0054,233.14999,270485,0,0
2025-08-28 17:35:00,233.16,233.224,232.925,232.9514,293733,0,0
2025-08-28 17:40:00,232.95,233.11,232.92999,233.09,222406,0,0
2025-08-28 17:45:00,233.12,233.24001,233.1142,233.17,199088,0,0
2025-08-28 17:50:00,233.16,233.38,233.13499,233.34,249847,0,0
2025-08-28 17:55:00,233.33749,233.33749,233.14,233.16499,183082,0,0
2025-08-28 18:00:00,233.16,233.37,233.105,233.334,319593,0,0
2025-08-28 18:05:00,233.33501,233.41,233.16,233.16,344802,0,0
2025-08-28 18:10:00,233.14999,233.16,232.86,233.125,330526,0,0
2025-08-28 18:15:00,233.121,233.14999,232.995,233.005,221591,0,0
2025-08-28 18:20:00,233.0,233.05499,232.83009,232.86,221737,0,0
2025-08-28 18:25:00,232.85921,233.07001,232.855,232.9192,188966,0,0
2025-08-28 18:30:00,232.92,233.17,232.8701,233.16499,219732,0,0
2025-08-28 18:35:00,233.17,233.17,232.95,233.02,210379,0,0
2025-08-28 18:40:00,233.02589,233.02969,232.83,232.963,185855,0,0
2025-08-28 18:45:00,232.96001,232.96001,232.69,232.69,227351,0,0
2025-08-28 18:50:00,232.71001,232.83501,232.7057,232.78,159381,0,0
2025-08-28 18:55:00,232.78371,232.97,232.73,232.87,274193,0,0
2025-08-28 19:00:00,232.87,232.92,232.75,232.82581,206451,0,0
2025-08-28 19:05:00,232.825,232.85001,232.72,232.8102,160665,0,0
2025-08-28 19:10:00,232.81149,232.84,232.72,232.825,197807,0,0
2025-08-28 19:15:00,232.83,233.03,232.77,232.98,308011,0,0
2025-08-28 19:20:00,232.98,233.06,232.92,232.97501,296170,0,0
2025-08-28 19:25:00,232.97,233.02,232.85001,232.97501,294383,0,0
2025-08-28 19:30:00,232.97501,232.99001,232.74,232.82001,358587,0,0
2025-08-28 19:35:00,232.82001,232.83,232.6404,232.765,309012,0,0
2025-08-28 19:40:00,232.765,232.965,232.715,232.965,307714,0,0
2025-08-28 19:45:00,232.97,233.1559,232.86,233.075,477324,0,0
2025-08-28 19:50:00,233.08,233.33,232.89999,233.28,940325,0,0
2025-08-28 19:55:00,233.27,233.27,232.48,232.49001,2520641,0,0
2025-08-29 13:30:00,232.56,233.3613,231.92059,231.98,2814557,0,0
2025-08-29 13:35:00,231.97,232.78999,231.83,232.5,604831,1,0
2025-08-29 13:40:00,232.51489,232.9299,232.28,232.59,428564,0,0
2025-08-29 13:45:00,232.545,232.99001,232.35001,232.60001,439536,0,0
2025-08-29 13:50:00,232.58031,233.0499,232.45,232.895,434442,0,0
2025-08-29 13:55:00,232.92999,233.2688,232.56,232.575,693762,0,1
2025-08-29 14:00:00,232.56,232.78,232.06,232.2657,646193,0,0
2025-08-29 14:05:00,232.28999,232.35001,231.37,231.69679,938376,0,0
2025-08-29 14:10:00,231.69679,232.44,231.67,232.33,524250,1,0
2025-08-29 14:15:00,232.32001,232.32001,231.63,231.855,419881,0,0
2025-08-29 14:20:00,231.8699,232.425,231.83,232.39999,453918,0,0
2025-08-29 14:25:00,232.39999,232.89999,232.23,232.8096,396697,0,0
2025-08-29 14:30:00,232.80499,232.98,232.5,232.98,352517,0,0
2025-08-29 14:35:00,232.9863,233.155,232.819,233.14999,351233,0,0
2025-08-29 14:40:00,233.14,233.16,232.7,232.7,390621,0,0
2025-08-29 14:45:00,232.7001,232.995,232.7,232.84,256711,0,0
2025-08-29 14:50:00,232.83,233.05,232.73,232.91991,297494,0,0
2025-08-29 14:55:00,232.94,233.03951,232.57069,232.875,347815,0,0
2025-08-29 15:00:00,232.86,233.03999,232.8,233.03,255325,0,0
2025-08-29 15:05:00,233.03,233.11,232.88029,233.02,239651,0,0
2025-08-29 15:10:00,233.00999,233.05,232.82001,232.82001,235003,0,0
2025-08-29 15:15:00,232.825,232.92,232.67999,232.7316,337976,0,0
2025-08-29 15:20:00,232.73,232.89729,232.62,232.84,252648,0,0
2025-08-29 15:25:00,232.845,233.05499,232.83,232.96001,282992,0,0
2025-08-29 15:30:00,232.985,233.03,232.03,232.14,488981,0,0
2025-08-29 15:35:00,232.17,232.67,232.02,232.1201,753112,0,0
2025-08-29 15:40:00,232.14,232.31,231.94,232.14,422870,0,0
2025-08-29 15:45:00,232.145,232.145,231.73,231.825,481603,0,0
2025-08-29 15:50:00,231.8362,232.04401,231.61501,231.75999,313790,0,0
2025-08-29 15:55:00,231.75999,231.81,231.39999,231.77319,463510,1,0
2025-08-29 16:00:00,231.7625,232.0329,231.73,231.92,262463,0,0
2025-08-29 16:05:00,231.92999,232.17999,231.8,232.065,300027,0,0
2025-08-29 16:10:00,232.07001,232.375,232.06,232.36591,245017,0,0
2025-08-29 16:15:00,232.355,232.5499,232.28011,232.52,215543,0,0
2025-08-29 16:20:00,232.53,232.62,232.42,232.60001,203593,0,0
2025-08-29 16:25:00,232.60989,232.61,232.35001,232.5,264313,0,0
2025-08-29 16:30:00,232.50999,232.89,232.50999,232.8,311740,0,0
2025-08-29 16:35:00,232.8,232.94679,232.6301,232.7235,191094,0,0
2025-08-29 16:40:00,232.72,232.82001,232.69,232.77,157254,0,0
2025-08-29 16:45:00,232.77,232.89,232.7,232.77299,196878,0,0
2025-08-29 16:50:00,232.75999,232.91,232.745,232.89,127861,0,0
2025-08-29 16:55:00,232.89,232.96001,232.86,232.86,225789,0,0
2025-08-29 17:00:00,232.85001,232.86,232.42081,232.42081,376696,0,0
2025-08-29 17:05:00,232.44501,232.59,232.32001,232.49969,174407,0,0
2025-08-29 17:10:00,232.50011,232.50999,232.21021,232.25999,218778,0,0
2025-08-29 17:15:00,232.25999,232.2999,231.99001,231.9969,319043,0,0
2025-08-29 17:20:00,231.995,232.17,231.98,232.08501,239437,0,0
2025-08-29 17:25:00,232.07001,232.155,232.03,232.03,138576,0,0
2025-08-29 17:30:00,232.0325,232.22,232.02,232.17999,1114400,0,0
2025-08-29 17:35:00,232.211,232.27,232.09,232.22501,146272,0,0
2025-08-29 17:40:00,232.22,232.38499,232.1501,232.21001,165678,0,0
2025-08-29 17:45:00,232.24001,232.44009,232.22009,232.34,202503,0,0
2025-08-29 17:50:00,232.35001,232.56,232.32001,232.4883,241653,0,0
2025-08-29 17:55:00,232.48,232.575,232.19,232.33,251956,0,0
2025-08-29 18:00:00,232.33,232.33,232.02,232.06,158139,0,0
2025-08-29 18:05:00,232.06,232.38,232.02,232.34,237468,0,0
2025-08-29 18:10:00,232.32001,232.41499,232.28011,232.3699,230048,0,0
2025-08-29 18:15:00,232.36,232.47,232.23,232.34,192917,0,0
2025-08-29 18:20:00,232.33,232.42999,231.97,232.28999,344366,0,0
2025-08-29 18:25:00,232.28999,232.34,232.14,232.17999,130496,0,0
2025-08-29 18:30:00,232.19,232.41499,232.17,232.3157,146001,0,0
2025-08-29 18:35:00,232.3101,232.395,232.2,232.2009,146178,0,0
2025-08-29 18:40:00,232.21001,232.265,232.08,232.11819,161129,0,0
2025-08-29 18:45:00,232.13,232.27,232.1169,232.17999,243690,0,0
2025-08-29 18:50:00,232.17999,232.2,232.0,232.11,206233,0,0
2025-08-29 18:55:00,232.10001,232.175,232.05,232.14999,148039,0,0
2025-08-29 19:00:00,232.1499,232.52991,232.1102,232.48,261442,0,0
2025-08-29 19:05:00,232.47501,232.75,232.47,232.6601,225782,0,0
2025-08-29 19:10:00,232.67,232.67999,232.39,232.44,300631,0,0
2025-08-29 19:15:00,232.42999,232.55,232.41141,232.55,203331,0,0
2025-08-29 19:20:00,232.55,232.62,232.425,232.47501,200335,0,0
2025-08-29 19:25:00,232.47,232.52251,232.3,232.35429,190912,0,0
2025-08-29 19:30:00,232.35001,232.55499,232.33,232.515,298539,0,0
2025-08-29 19:35:00,232.52499,232.66,232.25011,232.64,284252,0,0
2025-08-29 19:40:00,232.66,232.83771,232.6001,232.7003,395624,0,0
2025-08-29 19:45:00,232.7,232.73,232.27,232.33501,367638,0,0
2025-08-29 19:50:00,232.33,232.46001,231.67,231.72099,815076,0,0
2025-08-29 19:55:00,231.71001,232.27,231.48,232.27,2512530,0,0
2025-09-02 13:30:00,229.7,229.7,227.69,227.94501,2932568,0,0
2025-09-02 13:35:00,228.565,229.49001,228.32001,229.28,1407739,0,0
2025-09-02 13:40:00,229.28999,229.53,228.77,229.39,677010,0,0
2025-09-02 13:45:00,229.37,229.87,229.0,229.379,649580,0,0
2025-09-02 13:50:00,229.3732,230.31,229.3,230.28999,648222,0,0
2025-09-02 13:55:00,230.27499,230.455,229.98,230.19,512545,0,0
2025-09-02 14:00:00,230.13,230.69,230.03,230.27,566652,0,0
2025-09-02 14:05:00,230.3,230.69501,230.27,230.36,521506,0,0
2025-09-02 14:10:00,230.37,230.5999,230.07001,230.17,422665,0,0
2025-09-02 14:15:00,230.16,230.59,229.99001,230.22501,455426,0,0
2025-09-02 14:20:00,230.235,230.78,230.175,230.23,469493,0,0
2025-09-02 14:25:00,230.2,230.6725,230.07001,230.60001,423935,0,0
2025-09-02 14:30:00,230.60001,230.75,230.24001,230.6246,352725,0,0
2025-09-02 14:35:00,230.62,230.62,230.08,230.105,336176,0,0
2025-09-02 14:40:00,230.12,230.14,229.31,229.37,441992,0,0
2025-09-02 14:45:00,229.41,229.46001,228.55,228.565,513215,0,0
2025-09-02 14:50:00,228.5699,228.8699,228.265,228.32001,544840,0,0
2025-09-02 14:55:00,228.28999,228.37,228.0,228.10001,533878,0,0
2025-09-02 15:00:00,228.095,228.43739,228.02,228.175,424110,0,0
2025-09-02 15:05:00,228.177,228.27,227.96001,228.10001,352720,0,0
2025-09-02 15:10:00,228.11,228.22,227.9115,227.94,357661,0,0
2025-09-02 15:15:00,227.935,228.1499,227.83,227.97,400922,0,0
2025-09-02 15:20:00,227.97,227.97,227.5284,227.60001,429579,0,0
2025-09-02 15:25:00,227.60001,227.95,227.55,227.82899,437136,0,0
2025-09-02 15:30:00,227.82001,228.00999,227.7348,227.86,355613,0,0
2025-09-02 15:35:00,227.85001,227.86,227.32001,227.35001,347750,0,0
2025-09-02 15:40:00,227.36,227.69,227.36,227.46001,306629,0,0
2025-09-02 15:45:00,227.45,227.67999,227.44991,227.64999,283709,0,0
2025-09-02 15:50:00,227.63,227.63,227.37,227.5,303286,0,0
2025-09-02 15:55:00,227.52,227.69501,227.17,227.41541,250076,0,0
2025-09-02 16:00:00,227.39999,227.69,227.39619,227.46001,201857,0,0
2025-09-02 16:05:00,227.45,227.78,227.38,227.62,249236,0,0
2025-09-02 16:10:00,227.62,227.8799,227.595,227.86,237535,0,0
2025-09-02 16:15:00,227.84019,228.1254,227.83,228.1254,249307,0,0
2025-09-02 16:20:00,228.125,228.1469,227.9045,227.99001,185191,0,0
2025-09-02 16:25:00,227.98,228.03,227.77499,227.85001,166189,0,0
2025-09-02 16:30:00,227.8437,228.00999,227.7,227.785,376673,0,0
2025-09-02 16:35:00,227.78999,227.97,227.67,227.83,181117,0,0
2025-09-02 16:40:00,227.8284,228.14999,227.82001,228.02,193739,0,0
2025-09-02 16:45:00,228.02631,228.03,227.64999,227.75,169634,0,0
2025-09-02 16:50:00,227.75,227.95,227.685,227.91,185109,0,0
2025-09-02 16:55:00,227.91499,228.14999,227.91499,228.0172,209046,0,0
2025-09-02 17:00:00,228.02,228.14999,227.94,228.093,171646,0,0
2025-09-02 17:05:00,228.10001,228.21989,228.02499,228.05,192294,0,0
2025-09-02 17:10:00,228.05,228.13,227.87,227.965,206190,0,0
2025-09-02 17:15:00,227.95,228.10001,227.85001,228.00999,173417,0,0
2025-09-02 17:20:00,228.02,228.28999,227.93629,228.2354,222990,0,0
2025-09-02 17:25:00,228.235,228.54539,228.22501,228.41,248588,0,0
2025-09-02 17:30:00,228.42,228.85001,228.38,228.81,255887,0,0
2025-09-02 17:35:00,228.8,229.02,228.78,228.995,268922,0,0
2025-09-02 17:40:00,228.99001,229.08,228.92,228.9507,181034,0,0
2025-09-02 17:45:00,228.95,229.11,228.89999,229.10001,178583,0,0
2025-09-02 17:50:00,229.0802,229.34,228.77,228.8,292410,0,0
2025-09-02 17:55:00,228.8,228.84,228.61,228.61,157940,0,0
2025-09-02 18:00:00,228.59,228.78,228.541,228.69,165899,0,0
2025-09-02 18:05:00,228.7,228.74001,228.58,228.58,170511,0,0
2025-09-02 18:10:00,228.59,228.69,228.53999,228.59,198665,0,0
2025-09-02 18:15:00,228.60001,228.645,228.345,228.35001,167325,0,0
2025-09-02 18:20:00,228.36501,228.535,228.33,228.4819,153646,0,0
2025-09-02 18:25:00,228.48,228.50999,228.33,228.39999,156070,0,0
2025-09-02 18:30:00,228.39999,228.5943,228.35001,228.52,167895,0,0
2025-09-02 18:35:00,228.50999,228.5442,228.42999,228.48,160377,0,0
2025-09-02 18:40:00,228.485,228.56,228.38,228.505,177472,0,0
2025-09-02 18:45:00,228.505,228.73,228.42,228.535,204434,0,0
2025-09-02 18:50:00,228.535,228.8999,228.535,228.75011,192674,0,0
2025-09-02 18:55:00,228.76421,228.78999,228.505,228.5715,180329,0,0
2025-09-02 19:00:00,228.57001,228.86,226.97,228.59,1112147,0,0
2025-09-02 19:05:00,228.58,228.82001,228.41,228.64,296722,0,0
2025-09-02 19:10:00,228.67,228.89999,228.64,228.85001,243920,0,0
2025-09-02 19:15:00,228.85001,229.0,228.78999,228.94,292731,0,0
2025-09-02 19:20:00,228.94,229.08,228.75,228.82001,252286,0,0
2025-09-02 19:25:00,228.82001,228.97,228.75,228.94,223402,0,0
2025-09-02 19:30:00,228.9247,229.06,228.9247,228.994,274831,0,0
2025-09-02 19:35:00,228.995,229.13,228.95,229.03,273859,0,0
2025-09-02 19:40:00,229.03999,229.2,228.925,229.145,400354,0,0
2025-09-02 19:45:00,229.14,229.14999,228.895,229.10001,457316,0,0
2025-09-02 19:50:00,229.08,229.86,228.96001,229.73,1034195,0,0
2025-09-02 19:55:00,229.75999,230.0,229.36,229.71001,2246763,0,0
2025-09-03 13:30:00,237.2,237.97,235.58,235.60001,6818130,0,1
2025-09-03 13:35:00,235.63,235.96001,234.9166,235.3,1988999,0,0
2025-09-03 13:40:00,235.28999,235.39999,234.49001,234.505,1473248,0,0
2025-09-03 13:45:00,234.4908,235.33,234.37,235.28999,3993449,0,0
2025-09-03 13:50:00,235.28999,236.48,235.22,236.39,1617699,0,0
2025-09-03 13:55:00,236.39,236.3958,235.23,235.69,1337904,0,0
2025-09-03 14:00:00,235.63,236.10001,235.23,235.64,1103584,0,0
2025-09-03 14:05:00,235.67,236.10001,235.465,235.6916,976340,0,0
2025-09-03 14:10:00,235.7,236.16,235.11,235.8,1109432,0,0
2025-09-03 14:15:00,235.78,237.03999,235.78,236.995,1294565,0,0
2025-09-03 14:20:00,237.00999,237.27,236.88499,236.94,1094892,0,0
2025-09-03 14:25:00,236.95,237.2498,236.745,236.83,1099750,0,0
2025-09-03 14:30:00,236.8139,237.32001,236.67999,237.175,982658,0,0
2025-09-03 14:35:00,237.17,237.49001,237.11,237.14999,977129,0,0
2025-09-03 14:40:00,237.14,237.367,237.00999,237.095,668724,0,0
2025-09-03 14:45:00,237.09,237.60001,236.9201,237.47,848752,0,0
2025-09-03 14:50:00,237.485,237.52,236.85001,236.99001,802577,0,1
2025-09-03 14:55:00,236.98421,237.095,236.84019,237.00999,593180,0,0
2025-09-03 15:00:00,237.02,237.175,236.265,236.3,726685,0,0
2025-09-03 15:05:00,236.31,236.57001,236.07001,236.13,673867,0,0
2025-09-03 15:10:00,236.12,236.71001,236.05,236.27,614679,0,0
2025-09-03 15:15:00,236.28,236.54581,236.1501,236.48,448152,0,0
2025-09-03 15:20:00,236.435,236.5799,235.99001,236.17,453606,0,0
2025-09-03 15:25:00,236.16,236.48,235.99001,236.011,494894,0,0
2025-09-03 15:30:00,236.02,236.125,235.66,236.02139,590588,0,0
2025-09-03 15:35:00,236.0358,236.33,235.94,236.25,421317,0,0
2025-09-03 15:40:00,236.245,236.34,236.11,236.24001,431448,0,0
2025-09-03 15:45:00,236.23,236.34,235.91,236.13499,301717,0,0
2025-09-03 15:50:00,236.1384,236.35001,235.97,236.02,300444,0,0
2025-09-03 15:55:00,236.0,236.0,235.49001,235.61501,556461,0,0
2025-09-03 16:00:00,235.61,235.785,235.52,235.6501,289283,1,0
2025-09-03 16:05:00,235.67,236.1142,235.6306,236.0,527680,0,0
2025-09-03 16:10:00,236.00999,236.28999,235.92,236.28,442735,0,0
2025-09-03 16:15:00,236.28,236.60001,236.13,236.59,324287,0,0
2025-09-03 16:20:00,236.58,236.82001,236.31,236.35001,332796,0,0
2025-09-03 16:25:00,236.37,236.63,236.28,236.49001,311992,0,0
2025-09-03 16:30:00,236.4998,236.75,236.44,236.75,237301,0,0
2025-09-03 16:35:00,236.745,236.98,236.66,236.94501,367552,0,0
2025-09-03 16:40:00,236.94,237.1095,236.7,236.955,416644,0,0
2025-09-03 16:45:00,236.95,237.16991,236.78011,236.84,338261,0,0
2025-09-03 16:50:00,236.84,237.16,236.72,237.14999,368522,0,0
2025-09-03 16:55:00,237.155,237.35001,237.05499,237.05499,345778,0,0
2025-09-03 17:00:00,237.03999,237.47,236.99001,237.42,415133,0,0
2025-09-03 17:05:00,237.41499,237.60001,237.34,237.58,437501,0,0
2025-09-03 17:10:00,237.5807,237.89999,237.535,237.77,594534,0,0
2025-09-03 17:15:00,237.75999,237.8385,237.55499,237.60001,367825,0,0
2025-09-03 17:20:00,237.595,237.67999,237.39999,237.60001,449231,0,0
2025-09-03 17:25:00,237.5899,237.59,237.34,237.4272,313561,0,0
2025-09-03 17:30:00,237.425,237.44,237.0601,237.1102,371233,0,0
2025-09-03 17:35:00,237.11,237.32001,236.95,237.17,480071,0,0
2025-09-03 17:40:00,237.17,237.24001,236.84,236.89,341992,0,0
2025-09-03 17:45:00,236.89,237.27161,236.63,237.25999,457365,0,0
2025-09-03 17:50:00,237.27499,237.39,237.03999,237.05,403296,0,0
2025-09-03 17:55:00,237.05,237.11,236.85001,237.06,314398,0,0
2025-09-03 18:00:00,237.06,237.12,236.75999,236.9301,398324,0,0
2025-09-03 18:05:00,236.92999,237.03999,236.7601,236.85001,315687,0,0
2025-09-03 18:10:00,236.85001,237.09,236.77499,237.03,303304,0,0
2025-09-03 18:15:00,237.03,237.065,236.785,236.83,308216,0,0
2025-09-03 18:20:00,236.83,236.94009,236.75999,236.84,321330,0,0
2025-09-03 18:25:00,236.83501,236.96001,236.78011,236.91,329434,0,0
2025-09-03 18:30:00,236.89999,237.05,236.77,237.03999,337526,0,0
2025-09-03 18:35:00,237.03999,237.10001,236.87,236.89,409815,0,0
2025-09-03 18:40:00,236.89999,237.25,236.78,237.17999,407086,0,0
2025-09-03 18:45:00,237.175,237.27,236.90421,236.92,369122,0,0
2025-09-03 18:50:00,236.9301,237.0,236.7916,236.80499,279937,0,0
2025-09-03 18:55:00,236.80499,236.96001,236.78999,236.94141,282515,0,0
2025-09-03 19:00:00,236.94,237.3,236.8,237.25999,464411,0,0
2025-09-03 19:05:00,237.27,237.39999,237.09,237.095,500686,0,0
2025-09-03 19:10:00,237.08501,237.2,236.96001,237.09,404460,0,0
2025-09-03 19:15:00,237.08,237.23,236.89,237.22501,407205,0,0
2025-09-03 19:20:00,237.22,237.2699,237.0587,237.24699,420730,0,0
2025-09-03 19:25:00,237.255,237.45,237.14,237.155,550869,0,0
2025-09-03 19:30:00,237.15581,237.44,237.15041,237.44,454549,0,0
2025-09-03 19:35:00,237.44501,237.66,237.42999,237.53,729496,0,0
2025-09-03 19:40:00,237.53,237.8,237.53,237.69501,657102,0,0
2025-09-03 19:45:00,237.69,237.8699,237.62,237.8699,633363,0,0
2025-09-03 19:50:00,237.86,237.95,237.57001,237.64999,1411058,0,0
2025-09-03 19:55:00,237.64,238.71001,237.41,238.49001,5006067,0,0
2025-09-04 13:30:00,238.45,239.36,237.11,237.8558,2631631,0,0
2025-09-04 13:35:00,237.87,238.3475,237.03999,237.5345,1021147,0,0
2025-09-04 13:40:00,237.50999,238.37,237.33,238.3438,814367,1,0
2025-09-04 13:45:00,238.32001,239.5486,238.28889,239.5,1506261,0,0
2025-09-04 13:50:00,239.505,239.8932,238.80409,239.11501,1353428,0,0
2025-09-04 13:55:00,239.12,239.74001,238.98,239.52,892048,0,0
2025-09-04 14:00:00,239.53999,239.59,238.44,238.465,944396,0,1
2025-09-04 14:05:00,238.5,238.5,238.05,238.235,626704,0,0
2025-09-04 14:10:00,238.24001,238.49001,238.05,238.05009,464629,0,0
2025-09-04 14:15:00,238.06,238.22,237.6712,238.08501,652437,0,0
2025-09-04 14:20:00,238.09,238.23,237.66,237.92999,526385,0,0
2025-09-04 14:25:00,237.92,238.1597,237.61,237.69,582698,0,0
2025-09-04 14:30:00,237.67999,238.10001,237.58,237.89999,567067,0,0
2025-09-04 14:35:00,237.88,237.92,237.63499,237.75,367980,0,0
2025-09-04 14:40:00,237.75,237.86,237.36,237.38499,432688,0,0
2025-09-04 14:45:00,237.3781,237.57001,237.2301,237.3399,551184,0,0
2025-09-04 14:50:00,237.31,237.78,237.17,237.6405,541522,0,0
2025-09-04 14:55:00,237.64,237.6599,237.32001,237.4716,307613,0,0
2025-09-04 15:00:00,237.47,238.03999,237.465,237.905,474412,0,0
2025-09-04 15:05:00,237.91,238.10001,237.63,237.78999,401819,0,1
2025-09-04 15:10:00,237.755,237.8374,237.44,237.48,336179,0,0
2025-09-04 15:15:00,237.48,237.5768,237.28,237.36,320686,0,0
2025-09-04 15:20:00,237.36,237.49001,237.075,237.24001,580144,0,0
2025-09-04 15:25:00,237.22,237.49001,237.16,237.39999,342015,0,0
2025-09-04 15:30:00,237.39,237.49001,237.16,237.23,296265,0,0
2025-09-04 15:35:00,237.23,237.42999,236.84,236.96001,618475,0,0
2025-09-04 15:40:00,236.97,237.02,236.74001,236.985,392767,0,0
2025-09-04 15:45:00,236.96001,237.27,236.89999,237.1601,306419,1,0
2025-09-04 15:50:00,237.1701,237.3197,237.07001,237.3197,266579,0,0
2025-09-04 15:55:00,237.31239,237.48,237.12,237.41,351863,0,0
2025-09-04 16:00:00,237.4184,237.495,237.07001,237.265,321656,0,0
2025-09-04 16:05:00,237.25999,237.61,237.22,237.58,248739,0,0
2025-09-04 16:10:00,237.575,237.575,237.41,237.5218,197919,0,0
2025-09-04 16:15:00,237.50999,237.56,237.36,237.46001,200039,0,0
2025-09-04 16:20:00,237.47,237.67461,237.42999,237.575,196772,0,0
2025-09-04 16:25:00,237.60001,237.6273,237.14,237.16,281446,0,1
2025-09-04 16:30:00,237.14999,237.25999,237.08459,237.25,166197,0,0
2025-09-04 16:35:00,237.23,237.35001,237.1154,237.21919,195171,0,0
2025-09-04 16:40:00,237.21001,237.2269,237.02,237.03,148534,0,0
2025-09-04 16:45:00,237.05,237.285,236.97,237.17,289279,0,0
2025-09-04 16:50:00,237.17999,237.52499,237.1355,237.5,303816,0,0
2025-09-04 16:55:00,237.51579,237.63,237.42999,237.50999,354412,0,0
2025-09-04 17:00:00,237.5101,237.83501,237.5,237.7563,279697,0,0
2025-09-04 17:05:00,237.75,237.86,237.675,237.815,322933,0,0
2025-09-04 17:10:00,237.82001,238.03999,237.78999,237.795,349334,0,0
2025-09-04 17:15:00,237.78999,238.07001,237.78011,237.965,218549,0,0
2025-09-04 17:20:00,237.96001,238.09,237.95,238.065,235238,0,0
2025-09-04 17:25:00,238.075,238.08501,237.9234,238.03999,208362,0,0
2025-09-04 17:30:00,238.0401,238.11,237.74001,237.80969,309412,0,0
2025-09-04 17:35:00,237.8,237.85001,237.52,237.52699,300915,0,0
2025-09-04 17:40:00,237.53,237.75,237.50999,237.69,1243417,0,0
2025-09-04 17:45:00,237.69,237.87,237.62,237.8515,1077421,0,0
2025-09-04 17:50:00,237.85001,238.22,237.78,238.02,377229,0,0
2025-09-04 17:55:00,238.02499,238.16,237.89,238.145,186640,0,0
2025-09-04 18:00:00,238.14999,238.3118,238.00999,238.10001,246510,0,0
2025-09-04 18:05:00,238.08,238.13,237.88,238.095,269602,0,0
2025-09-04 18:10:00,238.091,238.31,238.08,238.31,403044,0,0
2025-09-04 18:15:00,238.3116,238.39,238.02,238.03,287432,0,1
2025-09-04 18:20:00,238.03999,238.08,237.89,237.97,207038,0,0
2025-09-04 18:25:00,237.97501,238.14,237.94,238.06,184759,0,0
2025-09-04 18:30:00,238.07001,238.14999,237.94,238.00999,210584,0,0
2025-09-04 18:35:00,238.02,238.03999,237.88,237.97,210758,0,0
2025-09-04 18:40:00,237.97,238.23151,237.96001,237.99001,186356,0,0
2025-09-04 18:45:00,238.00259,238.44,237.97,238.39,326441,0,0
2025-09-04 18:50:00,238.39301,238.7115,238.3838,238.49001,459264,0,0
2025-09-04 18:55:00,238.515,238.7,238.4303,238.47501,346575,0,0
2025-09-04 19:00:00,238.49001,238.59,238.33,238.52499,265864,0,0
2025-09-04 19:05:00,238.53,238.72,238.3501,238.67,354036,0,0
2025-09-04 19:10:00,238.67999,238.83,238.59,238.815,329707,0,0
2025-09-04 19:15:00,238.82001,238.85001,238.64999,238.67999,271562,0,0
2025-09-04 19:20:00,238.67281,238.98,238.67,238.875,338858,0,0
2025-09-04 19:25:00,238.88699,238.97,238.66299,238.7045,514919,0,0
2025-09-04 19:30:00,238.7,238.9062,238.64,238.78,298802,0,0
2025-09-04 19:35:00,238.75999,238.87,238.49001,238.83,502011,0,0
2025-09-04 19:40:00,238.83,238.92999,238.67,238.89999,433490,0,0
2025-09-04 19:45:00,238.89999,238.95,238.8058,238.89,371200,0,0
2025-09-04 19:50:00,238.88,239.75,238.87,239.72839,1361012,0,0
2025-09-04 19:55:00,239.72,239.8999,239.64,239.71001,2975733,0,0
2025-09-05 13:30:00,239.99001,240.62,239.17999,240.07001,5975998,0,0
2025-09-05 13:35:00,240.05,240.48,239.42,240.00999,1708653,0,0
2025-09-05 13:40:00,240.00999,240.61,239.52,239.64999,1242259,0,0
2025-09-05 13:45:00,239.64,240.5603,239.52,240.50999,904280,0,0
2025-09-05 13:50:00,240.50999,240.64999,239.88,240.16,747867,0,0
2025-09-05 13:55:00,240.17,240.24271,239.67,240.0742,646218,0,0
2025-09-05 14:00:00,240.08501,240.755,239.84,240.685,924496,0,0
2025-09-05 14:05:00,240.67999,241.18671,240.60001,241.05499,1136121,0,0
2025-09-05 14:10:00,241.07001,241.32001,240.67999,240.72,994622,0,1
2025-09-05 14:15:00,240.73,240.815,239.17,239.21001,1350279,0,0
2025-09-05 14:20:00,239.2,239.91,239.12,239.74001,1065755,0,0
2025-09-05 14:25:00,239.77,240.0,239.25999,239.285,802722,0,0
2025-09-05 14:30:00,239.25,239.63989,238.95,239.05499,864600,0,0
2025-09-05 14:35:00,239.07001,239.3,238.83,239.03571,476449,0,0
2025-09-05 14:40:00,239.05,239.24001,238.81,239.00999,420032,0,0
2025-09-05 14:45:00,239.005,239.03999,238.72,238.87891,510724,0,0
2025-09-05 14:50:00,238.8683,239.4299,238.64,239.3716,540323,1,0
2025-09-05 14:55:00,239.37,239.38451,238.78999,238.99001,623226,0,0
2025-09-05 15:00:00,238.99001,239.10001,238.86,239.00999,405361,0,0
2025-09-05 15:05:00,239.00999,239.24001,238.8,239.03999,512770,0,0
2025-09-05 15:10:00,239.0262,239.5,238.87,239.4101,541192,0,0
2025-09-05 15:15:00,239.425,239.73,239.39,239.51939,418024,0,0
2025-09-05 15:20:00,239.5,239.96001,239.47,239.9201,448798,0,0
2025-09-05 15:25:00,239.92,240.17,239.66,239.80499,776704,0,0
2025-09-05 15:30:00,239.82001,240.11951,239.81,239.9828,384626,0,0
2025-09-05 15:35:00,239.99001,240.28999,239.96001,240.07001,620220,0,0
2025-09-05 15:40:00,240.05499,240.315,239.96001,240.0401,356076,0,0
2025-09-05 15:45:00,240.03999,240.05,239.34,239.42,430256,0,0
2025-09-05 15:50:00,239.44,239.44,239.06,239.14999,335100,0,0
2025-09-05 15:55:00,239.15269,239.36,238.92,238.9946,406372,0,0
2025-09-05 16:00:00,238.99001,239.08,238.7242,238.89,269180,0,0
2025-09-05 16:05:00,238.91,239.0,238.71001,238.955,240415,0,0
2025-09-05 16:10:00,238.95,239.265,238.88,239.08,390068,0,0
2025-09-05 16:15:00,239.07001,239.13,238.61,238.8392,311152,0,0
2025-09-05 16:20:00,238.84,239.0,238.52,238.9895,244662,0,0
2025-09-05 16:25:00,238.98,239.0,238.7,238.77,231743,0,0
2025-09-05 16:30:00,238.78,238.89999,238.4901,238.53999,183364,0,0
2025-09-05 16:35:00,238.53999,239.08,238.53999,239.03,343864,1,0
2025-09-05 16:40:00,239.02991,239.44,238.99001,239.4109,492189,0,0
2025-09-05 16:45:00,239.41,239.61,239.23,239.3873,555873,0,0
2025-09-05 16:50:00,239.395,239.72,238.9052,239.039,537665,0,0
2025-09-05 16:55:00,239.03999,239.35989,238.98,239.33,214456,0,0
2025-09-05 17:00:00,239.3,239.52,239.16499,239.36,405724,0,0
2025-09-05 17:05:00,239.35139,239.545,239.14999,239.52,307497,0,0
2025-09-05 17:10:00,239.515,239.72501,239.41,239.57001,255244,0,0
2025-09-05 17:15:00,239.58,239.67999,239.38499,239.53999,231331,0,0
2025-09-05 17:20:00,239.53,239.5799,239.3428,239.455,223325,0,0
2025-09-05 17:25:00,239.47,239.645,239.42,239.625,242827,0,0
2025-09-05 17:30:00,239.6485,239.64999,239.39,239.505,186202,0,0
2025-09-05 17:35:00,239.50011,239.53,239.35001,239.41499,196738,0,0
2025-09-05 17:40:00,239.39999,239.431,238.91,239.0,395907,0,0
2025-09-05 17:45:00,238.99001,239.10001,238.81,238.85001,295289,0,0
2025-09-05 17:50:00,238.85001,239.015,238.73,238.96001,191962,0,0
2025-09-05 17:55:00,238.955,238.955,238.765,238.86501,287424,0,0
2025-09-05 18:00:00,238.87,239.05,238.85001,239.01421,296929,0,0
2025-09-05 18:05:00,239.00999,239.0899,238.91,238.97,185831,0,0
2025-09-05 18:10:00,238.97,239.03999,238.91,239.03,187021,0,0
2025-09-05 18:15:00,239.02,239.24001,239.005,239.0399,185120,0,0
2025-09-05 18:20:00,239.03,239.13181,238.955,239.0,202689,0,0
2025-09-05 18:25:00,239.0,239.13499,238.9613,239.12,173431,0,0
2025-09-05 18:30:00,239.12,239.52499,239.10001,239.4984,418422,0,0
2025-09-05 18:35:00,239.50999,239.67999,239.44,239.6599,450601,0,0
2025-09-05 18:40:00,239.67,239.78,239.595,239.78,450318,0,0
2025-09-05 18:45:00,239.77859,239.92999,239.75999,239.8591,376920,0,0
2025-09-05 18:50:00,239.86,239.89999,239.48,239.6212,327667,0,0
2025-09-05 18:55:00,239.62869,239.98,239.58,239.955,304344,0,0
2025-09-05 19:00:00,239.95,239.99001,239.8,239.89999,550670,0,0
2025-09-05 19:05:00,239.905,240.03,239.75999,239.88,459582,0,0
2025-09-05 19:10:00,239.87,240.02,239.8,239.98,391009,0,0
2025-09-05 19:15:00,239.98,240.13,239.84,239.88,673036,0,0
2025-09-05 19:20:00,239.87,239.985,239.75999,239.98,307970,0,0
2025-09-05 19:25:00,239.97501,240.05499,239.9101,239.925,486554,0,0
2025-09-05 19:30:00,239.92999,239.9698,239.53999,239.825,508175,0,0
2025-09-05 19:35:00,239.81,240.0,239.81,239.95,363907,0,0
2025-09-05 19:40:00,239.96001,240.015,239.87,239.92931,313605,0,0
2025-09-05 19:45:00,239.925,239.99001,239.8,239.86011,339568,0,0
2025-09-05 19:50:00,239.86,239.94,239.06,239.2025,1034548,0,0
2025-09-05 19:55:00,239.21001,239.71001,239.06,239.67,2314431,0,0
2025-09-08 13:30:00,239.3,239.8,238.74001,239.745,2982053,0,0
2025-09-08 13:35:00,239.73,240.14999,239.37,239.6601,1398156,0,0
2025-09-08 13:40:00,239.66,239.7,239.25,239.565,764310,0,0
2025-09-08 13:45:00,239.56,239.88,238.92,239.25,847637,0,0
2025-09-08 13:50:00,239.28,239.7399,239.25,239.535,792910,0,0
2025-09-08 13:55:00,239.52,239.60001,239.23,239.35001,581555,0,0
2025-09-08 14:00:00,239.32001,239.41,239.0,239.405,1973369,0,0
2025-09-08 14:05:00,239.39999,239.53999,239.3,239.45,536277,0,0
2025-09-08 14:10:00,239.42999,239.82001,239.41499,239.67999,715816,0,0
2025-09-08 14:15:00,239.6842,239.84,239.50999,239.64999,520631,0,0
2025-09-08 14:20:00,239.63,239.6525,239.2,239.22501,377075,0,0
2025-09-08 14:25:00,239.24001,239.45,239.05,239.23,395599,0,0
2025-09-08 14:30:00,239.22,239.49001,239.17999,239.22,519139,0,0
2025-09-08 14:35:00,239.23,239.358,239.07001,239.12,299849,0,0
2025-09-08 14:40:00,239.14,239.28,239.0602,239.09,374809,0,0
2025-09-08 14:45:00,239.10001,239.28,238.97,239.09,459023,0,0
2025-09-08 14:50:00,239.075,239.13499,238.83501,239.06,352283,0,0
2025-09-08 14:55:00,239.06,239.28,239.0101,239.14999,522497,0,0
2025-09-08 15:00:00,239.14,239.3716,239.1084,239.28,433227,0,0
2025-09-08 15:05:00,239.28999,239.57001,239.02,239.06,647395,0,0
2025-09-08 15:10:00,239.075,239.38,239.05,239.09,333355,0,0
2025-09-08 15:15:00,239.08009,239.10001,238.73,238.815,503961,0,0
2025-09-08 15:20:00,238.81,238.96001,238.61501,238.785,478759,0,0
2025-09-08 15:25:00,238.785,238.8327,238.6301,238.7,324459,0,0
2025-09-08 15:30:00,238.69501,238.7883,238.43201,238.515,454876,0,0
2025-09-08 15:35:00,238.5195,238.59,238.35001,238.42999,337534,0,0
2025-09-08 15:40:00,238.42999,238.63,238.42999,238.55,273967,0,0
2025-09-08 15:45:00,238.53999,238.53999,237.98,238.14,497173,0,0
2025-09-08 15:50:00,238.13,238.2999,238.07001,238.22,402585,0,0
2025-09-08 15:55:00,238.2,238.42999,238.10001,238.28,393211,0,0
2025-09-08 16:00:00,238.27,238.375,237.985,238.00999,447245,0,0
2025-09-08 16:05:00,238.0,238.09,237.84,237.95,381491,0,0
2025-09-08 16:10:00,237.94991,238.0799,237.8028,237.89999,283770,0,0
2025-09-08 16:15:00,237.89,237.89,237.72,237.78,270164,0,0
2025-09-08 16:20:00,237.78,237.7899,237.60001,237.69501,456689,0,0
2025-09-08 16:25:00,237.7,237.81,237.61011,237.73,250148,0,0
2025-09-08 16:30:00,237.72,237.7897,237.36,237.5,398632,0,0
2025-09-08 16:35:00,237.505,237.54021,237.36,237.36,237871,0,0
2025-09-08 16:40:00,237.36,237.52,237.27499,237.45,313474,0,0
2025-09-08 16:45:00,237.44501,237.45,236.93449,237.19,465192,0,0
2025-09-08 16:50:00,237.2,237.285,236.97,237.205,332561,0,0
2025-09-08 16:55:00,237.205,237.2299,236.86,236.98,315381,0,0
2025-09-08 17:00:00,236.98,237.089,236.57001,236.63499,395253,0,0
2025-09-08 17:05:00,236.63499,236.78999,236.4184,236.61,456822,0,0
2025-09-08 17:10:00,236.61501,236.77,236.34,236.42,349571,0,0
2025-09-08 17:15:00,236.42,237.08,236.36501,237.045,441439,1,0
2025-09-08 17:20:00,237.05,237.52,237.03999,237.4501,513337,0,0
2025-09-08 17:25:00,237.46001,237.8799,237.46001,237.8058,497574,0,0
2025-09-08 17:30:00,237.80991,237.91,237.59,237.64,425409,0,0
2025-09-08 17:35:00,237.621,237.83,237.6077,237.67,254287,0,0
2025-09-08 17:40:00,237.66,237.88,237.5,237.86,350869,0,0
2025-09-08 17:45:00,237.8528,237.95,237.57001,237.625,255087,0,0
2025-09-08 17:50:00,237.63,237.89999,237.61,237.87,447108,0,0
2025-09-08 17:55:00,237.88,237.955,237.6701,237.75,288145,0,1
2025-09-08 18:00:00,237.75,237.8,237.55499,237.73,343628,0,0
2025-09-08 18:05:00,237.71001,237.74001,237.4501,237.58,538117,0,0
2025-09-08 18:10:00,237.57001,237.85001,237.44501,237.78999,439745,0,0
2025-09-08 18:15:00,237.78,237.78,237.25999,237.34,267256,0,0
2025-09-08 18:20:00,237.35001,237.39999,237.26421,237.265,210068,0,0
2025-09-08 18:25:00,237.265,237.3942,237.105,237.16499,294560,0,0
2025-09-08 18:30:00,237.155,237.19501,236.92999,237.035,291745,0,0
2025-09-08 18:35:00,237.03,237.04781,236.80499,236.81,271753,0,0
2025-09-08 18:40:00,236.82001,236.89999,236.64999,236.87,403680,0,0
2025-09-08 18:45:00,236.87,237.02991,236.78349,236.845,329815,0,0
2025-09-08 18:50:00,236.85001,236.86,236.61,236.66,266898,0,0
2025-09-08 18:55:00,236.655,236.88499,236.63,236.875,395447,1,0
2025-09-08 19:00:00,236.87,236.91499,236.7901,236.85001,228447,0,0
2025-09-08 19:05:00,236.855,237.09509,236.855,236.97,263622,0,0
2025-09-08 19:10:00,236.9678,237.02,236.75,236.80499,271480,0,0
2025-09-08 19:15:00,236.80499,237.11,236.75,237.09419,323896,0,0
2025-09-08 19:20:00,237.095,237.24989,236.84,237.00999,425972,0,0
2025-09-08 19:25:00,237.02,237.145,236.96001,237.11,288660,0,0
2025-09-08 19:30:00,237.11501,237.33,237.01019,237.02,363397,0,0
2025-09-08 19:35:00,237.02,237.22,236.90421,237.2001,351002,0,0
2025-09-08 19:40:00,237.205,237.50999,237.06841,237.495,540738,0,0
2025-09-08 19:45:00,237.495,237.75999,237.49001,237.745,506802,0,0
2025-09-08 19:50:00,237.75,237.87,237.56,237.59,795942,0,0
2025-09-08 19:55:00,237.58,238.00999,237.45,237.92,2619318,0,0
2025-09-09 13:30:00,237.0,238.0,236.73,237.785,1967001,0,0
2025-09-09 13:35:00,237.785,237.85001,236.46001,236.47141,754152,0,0
2025-09-09 13:40:00,236.485,236.97,236.35001,236.67,653085,0,0
2025-09-09 13:45:00,236.67999,236.85001,236.4184,236.465,642920,0,0
2025-09-09 13:50:00,236.46001,236.5938,236.22,236.53,541352,0,0
2025-09-09 13:55:00,236.5233,237.00999,236.45,236.8,589525,0,0
2025-09-09 14:00:00,236.84,236.91,236.34,236.72501,558677,0,1
2025-09-09 14:05:00,236.71001,236.88,236.42,236.64,416640,0,0
2025-09-09 14:10:00,236.64,236.78,236.42,236.42999,578686,0,0
2025-09-09 14:15:00,236.42999,236.58501,236.075,236.328,535646,0,0
2025-09-09 14:20:00,236.325,236.60001,236.12,236.545,384874,0,0
2025-09-09 14:25:00,236.55,236.58,236.3,236.3101,268194,0,0
2025-09-09 14:30:00,236.31,236.345,236.03,236.045,370097,0,0
2025-09-09 14:35:00,236.03999,236.17999,235.91,235.9201,463713,0,0
2025-09-09 14:40:00,235.92,236.03999,235.78999,235.88,518910,0,0
2025-09-09 14:45:00,235.86,236.49001,235.78,236.42999,432005,0,0
2025-09-09 14:50:00,236.4201,236.67,236.2175,236.565,364181,0,0
2025-09-09 14:55:00,236.56,236.6785,236.45,236.545,269154,0,0
2025-09-09 15:00:00,236.545,236.67999,236.295,236.53999,305671,0,0
2025-09-09 15:05:00,236.539,236.55,235.935,236.09,403113,0,0
2025-09-09 15:10:00,236.08321,236.16,236.03,236.149,272992,0,0
2025-09-09 15:15:00,236.1543,236.33,236.0,236.26131,369869,0,0
2025-09-09 15:20:00,236.265,236.42,236.17999,236.37,273830,0,0
2025-09-09 15:25:00,236.38499,236.39999,236.1501,236.22501,233940,0,0
2025-09-09 15:30:00,236.23,236.25999,236.00999,236.09,285383,0,0
2025-09-09 15:35:00,236.105,236.21001,236.02,236.16,213753,0,0
2025-09-09 15:40:00,236.1601,236.17999,235.92,235.94,268081,0,0
2025-09-09 15:45:00,235.94501,236.101,235.7614,235.785,289743,0,0
2025-09-09 15:50:00,235.8,236.14999,235.8,236.09,450971,0,0
2025-09-09 15:55:00,236.10001,236.1461,235.55,235.67999,700122,0,0
2025-09-09 16:00:00,235.67999,235.86,235.56,235.78999,377446,0,0
2025-09-09 16:05:00,235.8,235.98,235.71671,235.96001,226616,0,0
2025-09-09 16:10:00,235.97,236.10001,235.82001,236.0428,516821,0,0
2025-09-09 16:15:00,236.05,236.24001,235.907,235.96001,360907,0,0
2025-09-09 16:20:00,235.94991,235.9599,235.6702,235.83,322340,0,0
2025-09-09 16:25:00,235.8316,236.06,235.83,236.0,287947,0,0
2025-09-09 16:30:00,236.0,236.12,235.825,236.11,222621,0,0
2025-09-09 16:35:00,236.105,236.12,235.85001,235.89999,194848,0,0
2025-09-09 16:40:00,235.89999,235.99989,235.84,235.98,214477,0,0
2025-09-09 16:45:00,235.99001,236.39999,235.95,236.3501,355336,0,0
2025-09-09 16:50:00,236.37,236.4274,236.22501,236.25,319329,0,0
2025-09-09 16:55:00,236.25,236.64999,236.25,236.6196,410884,0,0
2025-09-09 17:00:00,236.62,237.14999,236.62,236.98,1025426,0,0
2025-09-09 17:05:00,236.98,237.4025,236.7401,237.3999,1226466,0,0
2025-09-09 17:10:00,237.395,238.58,237.32001,238.05,2324360,0,0
2025-09-09 17:15:00,238.049,238.7805,237.89,238.0188,1421764,0,0
2025-09-09 17:20:00,238.015,238.2,237.34,237.7099,1128704,0,0
2025-09-09 17:25:00,237.7003,238.23,237.6201,237.75,830489,0,0
2025-09-09 17:30:00,237.75999,238.10001,236.85001,237.1579,1505612,0,0
2025-09-09 17:35:00,237.14999,237.67,236.89999,237.08,1255752,0,0
2025-09-09 17:40:00,237.07001,237.44,236.32001,236.83,1517616,0,0
2025-09-09 17:45:00,236.8174,237.50999,236.45,236.55,883738,0,0
2025-09-09 17:50:00,236.545,237.0,236.41,236.63,705233,0,0
2025-09-09 17:55:00,236.62849,236.89999,236.49001,236.53,492076,0,0
2025-09-09 18:00:00,236.53999,236.7899,236.25,236.28,457059,0,0
2025-09-09 18:05:00,236.28,236.34,235.7601,235.7901,901793,0,0
2025-09-09 18:10:00,235.81,235.97,233.67,235.07001,4546571,0,0
2025-09-09 18:15:00,235.03461,235.10001,233.82001,234.42999,1976577,0,0
2025-09-09 18:20:00,234.42999,234.92999,234.2003,234.82001,889672,0,0
2025-09-09 18:25:00,234.82001,234.959,234.35001,234.52859,942977,0,0
2025-09-09 18:30:00,234.55,234.69,234.03999,234.23,843866,0,0
2025-09-09 18:35:00,234.23,234.4099,233.88,233.89999,887608,0,0
2025-09-09 18:40:00,233.89999,234.3511,233.78,233.80499,903054,0,0
2025-09-09 18:45:00,233.82001,233.88,233.38,233.72,1214243,0,0
2025-09-09 18:50:00,233.7298,233.95,233.61,233.645,803129,0,0
2025-09-09 18:55:00,233.645,233.80499,233.37,233.7399,800940,1,0
2025-09-09 19:00:00,233.72,234.04,233.56,233.75121,1009731,0,0
2025-09-09 19:05:00,233.735,234.0,233.69,233.9509,753881,0,0
2025-09-09 19:10:00,233.97,234.2769,233.87,234.23,672092,0,0
2025-09-09 19:15:00,234.24001,234.48,234.22,234.3,706423,0,0
2025-09-09 19:20:00,234.32001,234.49001,234.28529,234.38499,519118,0,0
2025-09-09 19:25:00,234.38499,234.49001,234.28999,234.31,439737,0,1
2025-09-09 19:30:00,234.31,234.42999,234.1601,234.3201,561192,0,0
2025-09-09 19:35:00,234.32001,234.37,234.09,234.27,499307,0,0
2025-09-09 19:40:00,234.285,234.285,233.515,233.57001,912958,0,0
2025-09-09 19:45:00,233.57001,233.995,233.52,233.96001,882274,0,0
2025-09-09 19:50:00,233.98,234.63499,233.98,234.5,1387974,0,0
2025-09-09 19:55:00,234.50999,234.60561,234.255,234.35001,2073474,0,0
2025-09-10 13:30:00,232.02499,232.34,230.39999,230.645,5253318,0,0
2025-09-10 13:35:00,230.655,230.83,229.69,229.8139,2613727,0,0
2025-09-10 13:40:00,229.77,230.17,228.84,229.22,2003111,0,0
2025-09-10 13:45:00,229.22501,230.14999,229.14999,229.94,1416102,0,0
2025-09-10 13:50:00,229.95,230.53,229.59,230.17999,1415209,0,0
2025-09-10 13:55:00,230.16,230.30499,229.375,229.54961,1165826,0,0
2025-09-10 14:00:00,229.53259,229.8,228.67,228.9084,1478087,0,0
2025-09-10 14:05:00,228.91,229.14999,228.74001,228.97,1091340,0,0
2025-09-10 14:10:00,228.97,229.64999,228.9545,229.24001,1120757,0,0
2025-09-10 14:15:00,229.24001,229.39999,228.34,228.5858,1413460,0,0
2025-09-10 14:20:00,228.59,228.59,227.64,227.7697,1777026,0,0
2025-09-10 14:25:00,227.78,228.42,227.55,228.108,1419272,0,0
2025-09-10 14:30:00,228.11,228.34641,227.85001,228.065,844110,0,0
2025-09-10 14:35:00,228.07001,228.255,227.71001,228.1328,964012,0,0
2025-09-10 14:40:00,228.1301,228.24001,227.72,227.81,871851,0,0
2025-09-10 14:45:00,227.78,227.8799,227.35001,227.3642,1187227,0,0
2025-09-10 14:50:00,227.37,228.0699,227.37,228.03,981741,0,0
2025-09-10 14:55:00,228.02,228.25999,227.72009,227.73,1005187,0,0
2025-09-10 15:00:00,227.73,227.8,227.58,227.625,749733,0,0
2025-09-10 15:05:00,227.63,227.8295,227.425,227.81,945564,0,0
2025-09-10 15:10:00,227.8,228.0999,227.8,227.86501,1132568,0,0
2025-09-10 15:15:00,227.86501,227.89999,227.131,227.1581,1140762,0,0
2025-09-10 15:20:00,227.14999,227.67261,227.05,227.3342,968201,0,0
2025-09-10 15:25:00,227.33,227.36,227.02,227.03999,769590,0,0
2025-09-10 15:30:00,227.03999,227.10001,226.545,226.66,1320413,0,0
2025-09-10 15:35:00,226.66991,226.74001,226.37,226.45,1115448,0,0
2025-09-10 15:40:00,226.4574,226.895,226.2401,226.765,1034840,0,0
2025-09-10 15:45:00,226.765,227.2298,226.72749,227.2,807035,0,0
2025-09-10 15:50:00,227.21001,227.22,226.74001,227.00999,849216,0,0
2025-09-10 15:55:00,226.995,227.35989,226.985,227.25999,775666,0,0
2025-09-10 16:00:00,227.255,227.47,227.21001,227.255,701526,0,0
2025-09-10 16:05:00,227.255,227.3,226.985,227.28,727110,0,0
2025-09-10 16:10:00,227.2858,227.785,227.175,227.74001,708786,0,0
2025-09-10 16:15:00,227.745,227.86,227.53999,227.81,715135,0,0
2025-09-10 16:20:00,227.81,228.05499,227.61349,227.96159,708472,0,0
2025-09-10 16:25:00,227.95,228.03999,227.685,227.7386,693214,0,0
2025-09-10 16:30:00,227.745,227.7899,227.31,227.32001,558267,0,0
2025-09-10 16:35:00,227.325,227.355,226.97,227.0,523850,0,0
2025-09-10 16:40:00,227.0199,227.11,226.82001,227.00999,1555520,0,0
2025-09-10 16:45:00,227.02499,227.33,226.99001,227.10001,527243,0,0
2025-09-10 16:50:00,227.10001,227.32001,227.04131,227.17999,482326,0,0
2025-09-10 16:55:00,227.1899,227.42,227.095,227.41,360399,0,0
2025-09-10 17:00:00,227.405,227.58,227.315,227.55499,453024,0,0
2025-09-10 17:05:00,227.56,227.64,227.3812,227.63,377374,0,0
2025-09-10 17:10:00,227.63,227.745,227.4301,227.49001,355921,0,1
2025-09-10 17:15:00,227.49001,227.65981,227.21001,227.235,356323,0,0
2025-09-10 17:20:00,227.24001,227.2699,226.82001,226.89999,580890,0,0
2025-09-10 17:25:00,226.895,226.905,226.62,226.80499,448114,0,0
2025-09-10 17:30:00,226.8,227.065,226.8,226.9697,454066,0,0
2025-09-10 17:35:00,226.97,227.08,226.60001,226.7,611940,0,0
2025-09-10 17:40:00,226.69501,226.86501,226.63,226.67999,369381,0,0
2025-09-10 17:45:00,226.6884,226.94991,226.645,226.825,366566,0,0
2025-09-10 17:50:00,226.825,226.9998,226.78999,226.91,359164,0,0
2025-09-10 17:55:00,226.89999,226.905,226.58859,226.68761,499335,0,0
2025-09-10 18:00:00,226.675,226.715,226.52,226.69,446996,0,0
2025-09-10 18:05:00,226.69,226.745,226.35001,226.73,646381,0,0
2025-09-10 18:10:00,226.75,226.92999,226.72,226.9099,399506,0,0
2025-09-10 18:15:00,226.905,226.98689,226.62,226.675,1313641,0,0
2025-09-10 18:20:00,226.675,227.02,226.64,226.98,347972,0,0
2025-09-10 18:25:00,226.98,227.08501,226.88499,227.06,399695,0,0
2025-09-10 18:30:00,227.05499,227.35001,227.05499,227.26601,526431,0,0
2025-09-10 18:35:00,227.25999,227.28,226.94,226.99719,520897,0,0
2025-09-10 18:40:00,226.995,227.05,226.8,226.815,308464,0,0
2025-09-10 18:45:00,226.82001,226.88,226.41499,226.5358,530852,0,0
2025-09-10 18:50:00,226.53,226.7,226.46001,226.655,347356,0,0
2025-09-10 18:55:00,226.66,226.92999,226.60001,226.89,585077,0,0
2025-09-10 19:00:00,226.89,227.047,226.5601,226.625,641415,0,0
2025-09-10 19:05:00,226.625,226.71001,226.48,226.48,458244,0,0
2025-09-10 19:10:00,226.4801,226.63499,226.25999,226.28,590767,0,0
2025-09-10 19:15:00,226.28999,226.60001,226.28,226.4601,471603,0,0
2025-09-10 19:20:00,226.46001,226.57001,226.25,226.4424,595691,0,0
2025-09-10 19:25:00,226.44,226.5123,226.17999,226.185,589253,0,0
2025-09-10 19:30:00,226.185,226.36501,225.96001,226.155,1074225,0,0
2025-09-10 19:35:00,226.155,226.28,225.95219,226.0399,633200,0,0
2025-09-10 19:40:00,226.03999,226.5,225.96001,226.47,930500,0,0
2025-09-10 19:45:00,226.46001,226.6799,226.38,226.61,798981,0,0
2025-09-10 19:50:00,226.61,227.10001,226.59,226.7,1587755,0,0
2025-09-10 19:55:00,226.7,227.05499,226.495,226.78,2702830,0,0
2025-09-11 13:30:00,226.875,227.77,226.64999,227.4926,4302578,0,0
2025-09-11 13:35:00,227.47,228.25999,227.42,228.22,1210155,0,0
2025-09-11 13:40:00,228.23,228.42999,227.61,227.94,950610,0,0
2025-09-11 13:45:00,227.935,228.41,227.91,228.095,870193,0,0
2025-09-11 13:50:00,228.10001,228.52,227.89,228.50999,733958,0,0
2025-09-11 13:55:00,228.50999,229.14999,228.34,229.045,1176000,0,0
2025-09-11 14:00:00,229.0201,229.10001,228.78,228.99001,935214,0,0
2025-09-11 14:05:00,229.0,229.185,228.75999,229.08501,894052,0,0
2025-09-11 14:10:00,229.11,229.17999,228.89,228.9969,939889,0,0
2025-09-11 14:15:00,229.0,229.11,228.52,228.89,743494,0,0
2025-09-11 14:20:00,228.89,229.08,228.78,228.84,546664,0,0
2025-09-11 14:25:00,228.85001,228.96001,228.36,228.94,518284,0,0
2025-09-11 14:30:00,228.94,229.2,228.8,229.16,452733,0,0
2025-09-11 14:35:00,229.14999,229.3,229.02,229.17909,409249,0,0
2025-09-11 14:40:00,229.19,229.19,228.50999,228.645,447842,0,0
2025-09-11 14:45:00,228.64999,228.72749,228.32021,228.47,441978,0,0
2025-09-11 14:50:00,228.46001,228.82001,228.45,228.77,2032337,1,0
2025-09-11 14:55:00,228.75,229.073,228.60001,229.035,415855,0,0
2025-09-11 15:00:00,229.03641,229.32001,228.95,229.155,390425,0,0
2025-09-11 15:05:00,229.13,229.21001,228.7,228.72009,380667,0,0
2025-09-11 15:10:00,228.71001,228.89,228.61,228.7,364659,0,0
2025-09-11 15:15:00,228.7,228.83,228.41,228.69501,506344,0,0
2025-09-11 15:20:00,228.7,228.81,228.45,228.72,505155,0,0
2025-09-11 15:25:00,228.71001,228.78,228.46001,228.74001,374484,0,0
2025-09-11 15:30:00,228.75,228.75999,228.52,228.545,350085,0,0
2025-09-11 15:35:00,228.55,228.56,228.33,228.425,356846,0,0
2025-09-11 15:40:00,228.4201,228.6973,228.37,228.67,342604,0,0
2025-09-11 15:45:00,228.67,228.75999,228.5784,228.7338,237155,0,0
2025-09-11 15:50:00,228.73,228.78,228.36501,228.42,355488,0,0
2025-09-11 15:55:00,228.395,228.49001,228.189,228.41,355715,0,0
2025-09-11 16:00:00,228.41,228.52,228.25999,228.38,275768,0,0
2025-09-11 16:05:00,228.3801,228.38989,228.03,228.21001,292757,0,0
2025-09-11 16:10:00,228.2,228.29539,228.14011,228.285,255892,1,0
2025-09-11 16:15:00,228.2851,228.61,228.24001,228.60001,277365,0,0
2025-09-11 16:20:00,228.5901,228.72,228.53999,228.64841,204466,0,0
2025-09-11 16:25:00,228.64,228.75999,228.60001,228.61,209827,0,0
2025-09-11 16:30:00,228.60001,228.675,228.53999,228.6185,191919,0,0
2025-09-11 16:35:00,228.61501,228.61501,228.38,228.38499,161060,0,0
2025-09-11 16:40:00,228.39,228.655,228.39,228.59,263638,0,0
2025-09-11 16:45:00,228.59821,228.72,228.55,228.67999,247682,0,0
2025-09-11 16:50:00,228.67999,228.7,228.31,228.645,211191,0,0
2025-09-11 16:55:00,228.645,228.78999,228.58,228.75,219327,0,0
2025-09-11 17:00:00,228.75999,228.96989,228.64481,228.96001,411143,0,0
2025-09-11 17:05:00,228.96001,229.10001,228.78,229.09,365217,0,0
2025-09-11 17:10:00,229.09711,229.3264,229.06,229.17999,412891,0,0
2025-09-11 17:15:00,229.1801,229.37,229.14999,229.215,301791,0,0
2025-09-11 17:20:00,229.22,229.38,229.03999,229.30499,315301,0,0
2025-09-11 17:25:00,229.30499,229.53999,229.30499,229.4725,415239,0,0
2025-09-11 17:30:00,229.47,229.67999,229.39,229.5264,346630,0,0
2025-09-11 17:35:00,229.53,229.64,229.46001,229.52251,242617,0,0
2025-09-11 17:40:00,229.53,229.81,229.53,229.77,311387,0,0
2025-09-11 17:45:00,229.78,229.83,229.5714,229.8,313191,0,0
2025-09-11 17:50:00,229.8,229.95,229.62,229.94,340774,0,0
2025-09-11 17:55:00,229.94,230.16,229.8801,230.06,627109,0,0
2025-09-11 18:00:00,230.06,230.08,229.69,229.72,483766,0,1
2025-09-11 18:05:00,229.72,230.03999,229.72,229.88,464576,0,0
2025-09-11 18:10:00,229.86501,229.86501,229.52,229.55499,328911,0,0
2025-09-11 18:15:00,229.56,229.61501,229.41,229.5,483086,0,0
2025-09-11 18:20:00,229.50999,229.56,229.17999,229.35001,413021,0,0
2025-09-11 18:25:00,229.34,229.50999,229.31,229.46001,308437,1,0
2025-09-11 18:30:00,229.465,229.74001,229.44,229.72,249162,0,0
2025-09-11 18:35:00,229.71899,229.9286,229.71001,229.9286,374746,0,0
2025-09-11 18:40:00,229.92,229.99001,229.84,229.965,209275,0,0
2025-09-11 18:45:00,229.96001,230.14,229.86121,230.08501,366839,0,0
2025-09-11 18:50:00,230.08501,230.1508,229.90421,229.99001,287914,0,1
2025-09-11 18:55:00,229.985,229.985,229.75,229.8575,347361,0,0
2025-09-11 19:00:00,229.87,230.065,229.86501,230.0312,332053,0,0
2025-09-11 19:05:00,230.03,230.0499,229.7,229.73,302632,0,0
2025-09-11 19:10:00,229.72,229.75999,229.41,229.64,492713,0,0
2025-09-11 19:15:00,229.655,229.72,229.53999,229.605,304807,0,0
2025-09-11 19:20:00,229.60001,229.8286,229.55499,229.8,316494,1,0
2025-09-11 19:25:00,229.795,229.91,229.795,229.85001,300810,0,0
2025-09-11 19:30:00,229.84,230.09,229.83501,230.08,579373,0,0
2025-09-11 19:35:00,230.07111,230.185,230.02499,230.09,472365,0,0
2025-09-11 19:40:00,230.0901,230.13989,230.02,230.03999,496894,0,0
2025-09-11 19:45:00,230.03999,230.37,230.03999,230.355,636513,0,0
2025-09-11 19:50:00,230.35001,230.42999,229.91,230.39999,1199345,0,0
2025-09-11 19:55:00,230.39999,230.45,229.94,230.02,2243509,0,1
2025-09-12 13:30:00,230.0,230.94,229.92,230.38,4178856,0,0
2025-09-12 13:35:00,230.325,230.451,229.19,229.5,966002,0,0
2025-09-12 13:40:00,229.52451,229.6425,229.02,229.17999,688382,0,0
2025-09-12 13:45:00,229.16,230.03999,229.10001,229.8,853423,1,0
2025-09-12 13:50:00,229.78,230.42999,229.74001,230.39,672728,0,0
2025-09-12 13:55:00,230.38499,231.2204,230.2345,231.214,668665,0,0
2025-09-12 14:00:00,231.17,231.63,230.92999,231.52,900158,0,0
2025-09-12 14:05:00,231.52,232.75,231.48,232.69,1626882,0,0
2025-09-12 14:10:00,232.66,232.78999,232.13,232.3801,1099100,0,0
2025-09-12 14:15:00,232.39999,232.84,232.32001,232.74361,851509,0,0
2025-09-12 14:20:00,232.75999,233.79849,232.53999,233.66,1208901,0,0
2025-09-12 14:25:00,233.6635,234.078,233.50999,234.07001,1273686,0,0
2025-09-12 14:30:00,234.08,234.48,233.52499,234.24001,1159636,0,0
2025-09-12 14:35:00,234.22501,234.35001,233.67999,233.98,876166,0,0
2025-09-12 14:40:00,233.98,234.50999,233.83,233.9003,879842,0,0
2025-09-12 14:45:00,233.91,234.17999,233.77,233.8273,542061,0,0
2025-09-12 14:50:00,233.84,233.87,233.47,233.715,675375,0,0
2025-09-12 14:55:00,233.72,234.13,233.67999,233.94,563205,0,0
2025-09-12 15:00:00,233.95,234.28999,233.8727,233.94,689999,0,0
2025-09-12 15:05:00,233.94,234.2399,233.56,233.74001,651440,0,0
2025-09-12 15:10:00,233.72659,233.97,233.58,233.89999,405298,0,0
2025-09-12 15:15:00,233.89999,234.09,233.53,233.56,611659,0,0
2025-09-12 15:20:00,233.55,233.97501,233.36,233.955,475600,1,0
2025-09-12 15:25:00,233.955,234.22,233.8725,234.095,514595,0,0
2025-09-12 15:30:00,234.09,234.27,233.92999,234.0901,434098,0,0
2025-09-12 15:35:00,234.095,234.13,233.621,233.74519,382564,0,0
2025-09-12 15:40:00,233.7397,234.11,233.66,233.86,311167,0,0
2025-09-12 15:45:00,233.85001,234.32001,233.85001,234.28999,798392,0,0
2025-09-12 15:50:00,234.285,234.49001,234.2,234.38499,402735,0,0
2025-09-12 15:55:00,234.371,234.38,233.97,233.97,332019,0,0
2025-09-12 16:00:00,233.9855,234.11,233.83,233.91,433938,0,0
2025-09-12 16:05:00,233.905,234.13989,233.765,234.06,446399,0,0
2025-09-12 16:10:00,234.05321,234.17999,233.98,234.08,361141,0,0
2025-09-12 16:15:00,234.09,234.265,234.00999,234.03419,306995,0,0
2025-09-12 16:20:00,234.02,234.0999,233.94,234.00999,247170,0,0
2025-09-12 16:25:00,234.0132,234.06,233.9328,233.96941,254163,0,0
2025-09-12 16:30:00,233.9637,233.9642,233.61,233.82001,351554,0,0
2025-09-12 16:35:00,233.82001,233.965,233.75999,233.85001,240346,0,0
2025-09-12 16:40:00,233.85001,233.87,233.71001,233.73,274774,0,0
2025-09-12 16:45:00,233.74001,233.845,233.6501,233.7516,197753,0,0
2025-09-12 16:50:00,233.75,233.77,233.425,233.435,388776,0,0
2025-09-12 16:55:00,233.42999,233.42999,233.125,233.1385,1424620,0,0
2025-09-12 17:00:00,233.125,233.21001,233.0,233.08,797302,0,0
2025-09-12 17:05:00,233.08,233.2299,233.07001,233.16679,200900,0,0
2025-09-12 17:10:00,233.16,233.28999,233.14,233.14,220708,0,0
2025-09-12 17:15:00,233.14,233.42,233.045,233.2,380409,0,0
2025-09-12 17:20:00,233.2,233.46001,233.06,233.3848,241901,0,0
2025-09-12 17:25:00,233.38,233.45,233.22,233.235,250361,0,0
2025-09-12 17:30:00,233.22,233.36099,233.21851,233.325,202262,0,0
2025-09-12 17:35:00,233.3215,233.62,233.30251,233.545,325548,0,0
2025-09-12 17:40:00,233.545,233.59,233.4184,233.425,255990,0,0
2025-09-12 17:45:00,233.42999,233.53,233.375,233.495,228264,0,0
2025-09-12 17:50:00,233.5,233.87,233.5,233.625,345123,0,0
2025-09-12 17:55:00,233.63,233.78999,233.63,233.66,241604,0,0
2025-09-12 18:00:00,233.67999,233.705,233.22,233.41,273034,0,0
2025-09-12 18:05:00,233.39999,233.50999,233.3325,233.38499,245882,0,0
2025-09-12 18:10:00,233.38,233.56,233.31419,233.53,268752,0,0
2025-09-12 18:15:00,233.5255,233.71159,233.45,233.645,363200,0,0
2025-09-12 18:20:00,233.645,233.685,233.37,233.45,256719,0,0
2025-09-12 18:25:00,233.47,233.55499,233.42999,233.53999,197501,0,0
2025-09-12 18:30:00,233.53999,233.75999,233.44,233.73,349055,0,0
2025-09-12 18:35:00,233.73,233.94991,233.625,233.94501,996845,0,0
2025-09-12 18:40:00,233.94,234.19,233.89999,234.16499,450553,0,0
2025-09-12 18:45:00,234.16499,234.22,233.03,233.4129,1237301,0,0
2025-09-12 18:50:00,233.42,233.78,233.42,233.74001,1141845,0,0
2025-09-12 18:55:00,233.755,234.06,233.64999,234.0,489594,0,0
2025-09-12 19:00:00,234.00999,234.42999,234.00999,234.39,454856,0,0
2025-09-12 19:05:00,234.38,234.3999,234.12,234.14,339578,0,0
2025-09-12 19:10:00,234.1445,234.45,234.06,234.39169,494088,0,0
2025-09-12 19:15:00,234.39999,234.42,233.99001,234.189,401011,0,1
2025-09-12 19:20:00,234.19,234.2,233.99001,234.015,295285,0,0
2025-09-12 19:25:00,234.015,234.075,233.73,233.7755,320840,0,0
2025-09-12 19:30:00,233.78,233.89011,233.61,233.86,556623,0,0
2025-09-12 19:35:00,233.85001,233.88989,233.69501,233.765,397547,0,0
2025-09-12 19:40:00,233.77,233.95551,233.50999,233.75999,576911,0,0
2025-09-12 19:45:00,233.75999,233.88,233.74001,233.845,449032,1,0
2025-09-12 19:50:00,233.85001,234.17,233.72,234.08501,917106,0,0
2025-09-12 19:55:00,234.08,234.28999,233.995,234.06,2977514,0,0
2025-09-15 13:30:00,237.0,238.02,236.78,237.215,4769892,0,0
2025-09-15 13:35:00,237.23,238.19,237.2,237.36,1593815,0,0
2025-09-15 13:40:00,237.37,237.37,235.66,235.6825,1460331,0,1
2025-09-15 13:45:00,235.685,235.94,235.0728,235.185,1214946,0,0
2025-09-15 13:50:00,235.19,235.78999,235.158,235.53,826128,0,0
2025-09-15 13:55:00,235.52499,235.60001,235.03,235.35989,868529,0,0
2025-09-15 14:00:00,235.34,235.67,235.3,235.4026,640927,0,0
2025-09-15 14:05:00,235.39999,235.61501,235.05499,235.39999,601768,0,0
2025-09-15 14:10:00,235.4019,235.472,235.14,235.36,443983,0,0
2025-09-15 14:15:00,235.37,235.48,235.285,235.345,381741,0,0
2025-09-15 14:20:00,235.345,235.8,235.2534,235.7299,572669,0,0
2025-09-15 14:25:00,235.72,236.3,235.72,236.215,759488,0,0
2025-09-15 14:30:00,236.21001,236.28,235.92,236.02,436759,0,0
2025-09-15 14:35:00,236.02,236.05,235.66,235.9836,427688,0,0
2025-09-15 14:40:00,235.97,236.62,235.92999,236.47,616177,0,0
2025-09-15 14:45:00,236.46001,236.46001,236.22,236.28,359924,0,0
2025-09-15 14:50:00,236.28,236.77,236.25,236.71001,583955,0,0
2025-09-15 14:55:00,236.71001,237.02,236.67,236.97501,534615,0,0
2025-09-15 15:00:00,236.95,237.0,236.56,236.75301,487155,0,0
2025-09-15 15:05:00,236.7646,236.7646,236.42,236.60001,345506,0,0
2025-09-15 15:10:00,236.60001,236.8,236.59,236.63,306249,0,0
2025-09-15 15:15:00,236.63499,236.69,236.53,236.58,283101,0,0
2025-09-15 15:20:00,236.57001,236.8593,236.51151,236.55,321794,0,0
2025-09-15 15:25:00,236.56,236.89,236.55,236.82001,316831,0,0
2025-09-15 15:30:00,236.815,237.12,236.78,236.925,525277,0,0
2025-09-15 15:35:00,236.925,237.05,236.74001,236.983,323421,0,0
2025-09-15 15:40:00,237.0,237.3,236.88,236.89999,471246,0,0
2025-09-15 15:45:00,236.895,237.14,236.75999,237.09,358713,0,0
2025-09-15 15:50:00,237.09,237.19,236.9501,237.0755,297647,0,0
2025-09-15 15:55:00,237.11,237.27,237.0157,237.065,256535,0,0
2025-09-15 16:00:00,237.065,237.065,236.7,236.925,331314,0,0
2025-09-15 16:05:00,236.92999,237.0,236.76579,236.78999,232302,0,0
2025-09-15 16:10:00,236.7881,236.8943,236.705,236.78,205604,0,0
2025-09-15 16:15:00,236.78999,236.84,236.62,236.63,248326,0,0
2025-09-15 16:20:00,236.62,236.6693,236.55,236.575,227660,0,0
2025-09-15 16:25:00,236.57001,236.62,236.47,236.57001,208458,0,0
2025-09-15 16:30:00,236.5649,236.5905,236.42,236.43491,197543,0,0
2025-09-15 16:35:00,236.435,236.50549,236.203,236.50549,308279,0,0
2025-09-15 16:40:00,236.52,236.53,236.355,236.425,238096,0,0
2025-09-15 16:45:00,236.42,236.4464,236.3,236.39861,199925,0,0
2025-09-15 16:50:00,236.39,236.45,236.08,236.145,219702,0,0
2025-09-15 16:55:00,236.145,236.32001,236.13,236.24001,218391,0,0
2025-09-15 17:00:00,236.23,236.35001,236.13499,236.27,215894,0,0
2025-09-15 17:05:00,236.2717,236.37,236.14,236.16499,180722,0,0
2025-09-15 17:10:00,236.14999,236.22,236.03,236.11,374610,0,0
2025-09-15 17:15:00,236.11,236.22141,235.825,235.84,297118,0,0
2025-09-15 17:20:00,235.8401,235.92101,235.7,235.87,314368,0,0
2025-09-15 17:25:00,235.875,235.97,235.75999,235.75999,199800,0,0
2025-09-15 17:30:00,235.75,235.8,235.62,235.69,249003,0,0
2025-09-15 17:35:00,235.685,235.75999,235.58,235.7299,282143,1,0
2025-09-15 17:40:00,235.71001,235.855,235.705,235.71001,241044,0,0
2025-09-15 17:45:00,235.7099,235.9248,235.64,235.88029,285259,0,0
2025-09-15 17:50:00,235.8858,236.12,235.87,235.92999,330874,0,0
2025-09-15 17:55:00,235.935,236.12,235.87,236.02,239311,0,0
2025-09-15 18:00:00,236.02,236.11,235.89999,236.08,232304,0,0
2025-09-15 18:05:00,236.08,236.10001,235.92999,236.10001,215282,0,0
2025-09-15 18:10:00,236.12,236.14,235.8215,235.995,246435,0,0
2025-09-15 18:15:00,235.99001,235.99001,235.87,235.92,204135,0,0
2025-09-15 18:20:00,235.91,235.91,235.69,235.7728,221251,0,0
2025-09-15 18:25:00,235.7755,235.89999,235.6324,235.64,206713,0,0
2025-09-15 18:30:00,235.63499,235.74001,235.59,235.63499,247837,0,0
2025-09-15 18:35:00,235.63,235.82001,235.62,235.71001,210319,0,0
2025-09-15 18:40:00,235.72,235.745,235.27,235.3381,358811,0,0
2025-09-15 18:45:00,235.345,235.74609,235.33501,235.72501,283548,0,0
2025-09-15 18:50:00,235.73,235.89999,235.73,235.86,259473,0,0
2025-09-15 18:55:00,235.87,236.17,235.83501,236.17,400707,0,0
2025-09-15 19:00:00,236.175,236.2793,236.08,236.23,335739,0,0
2025-09-15 19:05:00,236.23,236.34,236.1507,236.24001,307117,0,0
2025-09-15 19:10:00,236.24001,236.25,235.84,235.87,287220,0,0
2025-09-15 19:15:00,235.841,235.91,235.71001,235.8799,273494,0,0
2025-09-15 19:20:00,235.8799,236.05499,235.82001,236.00999,263432,0,0
2025-09-15 19:25:00,236.0,236.03,235.875,235.97,342789,0,0
2025-09-15 19:30:00,235.97,236.11,235.83,236.01579,456750,0,0
2025-09-15 19:35:00,236.015,236.13,235.89149,235.935,342493,0,0
2025-09-15 19:40:00,235.9332,236.0157,235.73,235.7617,427803,0,0
2025-09-15 19:45:00,235.75999,235.97501,235.67999,235.94501,415395,1,0
2025-09-15 19:50:00,235.94501,235.96001,235.69,235.96001,657099,0,0
2025-09-15 19:55:00,235.95,236.78999,235.86,236.75999,2432989,0,0
2025-09-16 13:30:00,237.0,237.33,236.69,236.99001,2953084,0,0
2025-09-16 13:35:00,237.00999,237.39,236.3235,237.03,806745,0,0
2025-09-16 13:40:00,237.03,238.34,237.03,238.30499,1062593,0,0
2025-09-16 13:45:00,238.285,239.14999,238.02,239.13,1360736,0,0
2025-09-16 13:50:00,239.13,239.85001,238.8,239.85001,1312800,0,0
2025-09-16 13:55:00,239.84,240.56,239.5,240.36,1693218,0,0
2025-09-16 14:00:00,240.375,241.22,240.3712,240.98,1456049,0,0
2025-09-16 14:05:00,240.99001,241.06,240.3412,240.61,863968,0,1
2025-09-16 14:10:00,240.58,240.77499,240.17,240.66,783416,0,0
2025-09-16 14:15:00,240.67999,240.99001,240.66,240.85001,754673,0,0
2025-09-16 14:20:00,240.86,240.97,239.82001,240.205,752134,0,0
2025-09-16 14:25:00,240.22,240.35001,239.48,239.53,619861,0,0
2025-09-16 14:30:00,239.53,239.73,239.17,239.36279,595091,0,0
2025-09-16 14:35:00,239.38,239.69,239.17999,239.45,576201,0,0
2025-09-16 14:40:00,239.46001,239.62,239.17999,239.24001,347522,0,0
2025-09-16 14:45:00,239.23,239.28999,238.8372,238.9254,438336,0,0
2025-09-16 14:50:00,238.935,239.17999,238.73,238.985,406309,0,0
2025-09-16 14:55:00,238.98,239.24001,238.80859,238.98,395495,0,0
2025-09-16 15:00:00,238.99001,239.05,238.25999,238.405,399553,0,0
2025-09-16 15:05:00,238.405,238.87,238.245,238.77,449969,1,0
2025-09-16 15:10:00,238.7655,239.36681,238.69,239.3593,491709,0,0
2025-09-16 15:15:00,239.35001,239.62,239.00999,239.56,503021,0,0
2025-09-16 15:20:00,239.56,239.85001,239.48039,239.62,462328,0,0
2025-09-16 15:25:00,239.61,239.73,239.44009,239.5929,272744,0,0
2025-09-16 15:30:00,239.58009,239.58009,239.10001,239.23,274967,0,0
2025-09-16 15:35:00,239.25,239.28999,238.69839,238.82001,341929,0,0
2025-09-16 15:40:00,238.83,238.92999,238.465,238.67999,358806,0,0
2025-09-16 15:45:00,238.67,239.03,238.67,238.94501,235791,0,0
2025-09-16 15:50:00,238.96001,239.02499,238.6207,238.765,229672,0,0
2025-09-16 15:55:00,238.78,238.97501,238.64999,238.655,217521,0,0
2025-09-16 16:00:00,238.66499,238.8788,238.63,238.84,243572,0,0
2025-09-16 16:05:00,238.845,238.92,238.75,238.86,255837,0,0
2025-09-16 16:10:00,238.86,239.10001,238.75011,239.0688,216390,0,0
2025-09-16 16:15:00,239.05,239.31,238.98,239.17999,339729,0,0
2025-09-16 16:20:00,239.185,239.4142,239.12,239.35069,188553,0,0
2025-09-16 16:25:00,239.355,239.36,239.03999,239.19501,197790,0,0
2025-09-16 16:30:00,239.2,239.2699,239.0,239.21001,159055,0,0
2025-09-16 16:35:00,239.21001,239.22,238.89999,239.11501,233995,0,0
2025-09-16 16:40:00,239.11501,239.343,239.06,239.25841,178739,0,0
2025-09-16 16:45:00,239.265,239.3,239.0303,239.14011,159466,0,0
2025-09-16 16:50:00,239.1407,239.35001,239.03999,239.0795,185410,0,0
2025-09-16 16:55:00,239.08501,239.3,239.02,239.14,201128,0,0
2025-09-16 17:00:00,239.14999,239.39999,239.14,239.17999,172402,0,0
2025-09-16 17:05:00,239.1875,239.22,238.98,239.00999,183656,0,0
2025-09-16 17:10:00,239.015,239.21001,239.0,239.14,195878,0,0
2025-09-16 17:15:00,239.14999,239.39,239.07001,239.2,232856,0,0
2025-09-16 17:20:00,239.2,239.36,239.11,239.2207,172122,0,0
2025-09-16 17:25:00,239.22,239.24001,239.03999,239.0856,149973,0,0
2025-09-16 17:30:00,239.10001,239.11,238.67,238.72839,316150,0,0
2025-09-16 17:35:00,238.74001,238.78,238.58,238.61501,185589,0,0
2025-09-16 17:40:00,238.60001,238.64999,238.31,238.395,245014,0,0
2025-09-16 17:45:00,238.38499,238.42,238.22,238.36,235094,0,0
2025-09-16 17:50:00,238.36501,238.479,238.13,238.47009,264186,0,0
2025-09-16 17:55:00,238.47,238.47,238.23,238.32001,167001,0,0
2025-09-16 18:00:00,238.32001,238.485,238.2099,238.485,183071,1,0
2025-09-16 18:05:00,238.4899,238.88,238.46001,238.85001,266807,0,0
2025-09-16 18:10:00,238.845,238.96001,238.7101,238.78,252568,0,0
2025-09-16 18:15:00,238.785,238.88,238.7043,238.8,186876,0,0
2025-09-16 18:20:00,238.82001,238.87,238.66,238.85001,180503,0,0
2025-09-16 18:25:00,238.855,239.03,238.81441,238.92999,234245,0,0
2025-09-16 18:30:00,238.94,239.0,238.81,238.935,213106,0,0
2025-09-16 18:35:00,238.935,238.955,238.815,238.95,182250,0,0
2025-09-16 18:40:00,238.95,239.08,238.94501,239.00999,228300,0,0
2025-09-16 18:45:00,239.02,239.095,239.0,239.015,155721,0,0
2025-09-16 18:50:00,239.02,239.08,238.92999,238.96001,199419,0,0
2025-09-16 18:55:00,238.955,239.11,238.89999,239.06,189172,0,0
2025-09-16 19:00:00,239.06,239.25999,239.05,239.205,294282,0,0
2025-09-16 19:05:00,239.2,239.39,239.19,239.25,282719,0,0
2025-09-16 19:10:00,239.2477,239.5865,239.19,239.545,422975,0,0
2025-09-16 19:15:00,239.535,239.60001,239.2907,239.325,327142,0,0
2025-09-16 19:20:00,239.33,239.33501,238.91,239.14999,400811,0,0
2025-09-16 19:25:00,239.14,239.14999,238.86,238.93829,249396,0,0
2025-09-16 19:30:00,238.94,239.08,238.80499,239.0,197455,0,0
2025-09-16 19:35:00,238.985,239.089,238.9075,239.005,346997,0,0
2025-09-16 19:40:00,239.0,239.1799,238.89,238.94,409467,0,0
2025-09-16 19:45:00,238.95,239.16,238.88,239.00999,314284,0,0
2025-09-16 19:50:00,239.02,239.42,238.61,238.7001,813254,0,0
2025-09-16 19:55:00,238.72,238.75999,238.08009,238.14,18370035,0,0
2025-09-17 13:30:00,238.97,240.10001,238.78999,239.47501,2915952,0,0
2025-09-17 13:35:00,239.5,239.96001,239.31,239.6122,975142,0,0
2025-09-17 13:40:00,239.63969,240.00999,239.37,239.83369,965453,0,0
2025-09-17 13:45:00,239.83,239.84,239.38,239.6729,667184,0,0
2025-09-17 13:50:00,239.6786,239.86,239.45,239.5486,547400,0,0
2025-09-17 13:55:00,239.56,239.75,238.935,239.215,970406,0,0
2025-09-17 14:00:00,239.23,239.71001,239.0675,239.69,649674,0,0
2025-09-17 14:05:00,239.675,239.94,239.42,239.5,555106,0,0
2025-09-17 14:10:00,239.50999,239.72,239.47,239.53,323404,0,0
2025-09-17 14:15:00,239.53,239.89,239.485,239.84,412939,0,0
2025-09-17 14:20:00,239.83,240.00999,239.7,239.75,526900,0,0
2025-09-17 14:25:00,239.74001,239.96001,239.605,239.63,417124,0,0
2025-09-17 14:30:00,239.64,239.84,239.53,239.56911,355888,0,0
2025-09-17 14:35:00,239.56911,239.75999,239.44,239.5901,382462,0,0
2025-09-17 14:40:00,239.59,239.62,239.38,239.47501,255430,0,0
2025-09-17 14:45:00,239.48,239.675,239.46001,239.6615,284142,0,0
2025-09-17 14:50:00,239.66141,239.99001,239.58,239.95,478036,0,0
2025-09-17 14:55:00,239.94,240.00999,239.5235,239.535,405603,0,0
2025-09-17 15:00:00,239.53999,239.63,239.311,239.50999,315075,0,0
2025-09-17 15:05:00,239.5101,239.575,239.42999,239.52499,315037,0,0
2025-09-17 15:10:00,239.5249,239.53,239.25,239.3423,286941,0,0
2025-09-17 15:15:00,239.33501,239.47,239.2,239.3537,275844,0,0
2025-09-17 15:20:00,239.355,239.57001,239.25,239.52,385438,0,0
2025-09-17 15:25:00,239.53,239.62,239.41,239.48,262414,0,0
2025-09-17 15:30:00,239.485,239.78,239.42,239.72549,267928,0,0
2025-09-17 15:35:00,239.7207,239.7357,239.44501,239.50591,208249,0,0
2025-09-17 15:40:00,239.49001,239.55499,239.35001,239.5535,215286,0,0
2025-09-17 15:45:00,239.55,239.60001,239.46519,239.52,500843,0,0
2025-09-17 15:50:00,239.52499,239.52991,239.38,239.45,246056,0,0
2025-09-17 15:55:00,239.44501,239.69,239.42999,239.5527,348729,0,0
2025-09-17 16:00:00,239.56,239.6199,239.31,239.35001,237742,0,0
2025-09-17 16:05:00,239.345,239.46001,239.28,239.38499,246661,0,0
2025-09-17 16:10:00,239.38,239.515,239.28,239.515,177003,0,0
2025-09-17 16:15:00,239.50999,239.66499,239.495,239.535,276525,0,0
2025-09-17 16:20:00,239.535,239.59,239.505,239.55,245728,0,0
2025-09-17 16:25:00,239.55499,239.69,239.52,239.6743,199921,0,0
2025-09-17 16:30:00,239.67999,239.7683,239.60001,239.63,360473,0,0
2025-09-17 16:35:00,239.6342,239.77,239.59,239.61501,200142,0,0
2025-09-17 16:40:00,239.61501,239.62,239.41,239.52,304149,0,0
2025-09-17 16:45:00,239.52,239.5455,239.35001,239.505,229689,0,0
2025-09-17 16:50:00,239.5,239.7,239.4149,239.44501,254447,0,0
2025-09-17 16:55:00,239.45,239.60001,239.435,239.58501,445477,0,0
2025-09-17 17:00:00,239.58501,239.62,239.49899,239.565,182367,0,0
2025-09-17 17:05:00,239.565,239.62,239.495,239.57001,171211,0,0
2025-09-17 17:10:00,239.575,239.58,239.465,239.496,193805,0,0
2025-09-17 17:15:00,239.5,239.565,239.46001,239.56,153442,0,0
2025-09-17 17:20:00,239.565,239.605,239.45,239.4642,197749,0,0
2025-09-17 17:25:00,239.47,239.57001,239.39999,239.52,199672,0,0
2025-09-17 17:30:00,239.52,239.62,239.48,239.56,188258,0,0
2025-09-17 17:35:00,239.56,239.60001,239.32671,239.33,207845,0,0
2025-09-17 17:40:00,239.32001,239.36,238.97,239.0,487308,0,0
2025-09-17 17:45:00,239.0,239.21001,238.99001,239.11031,271718,0,0
2025-09-17 17:50:00,239.11501,239.27,238.925,238.98,351711,0,0
2025-09-17 17:55:00,238.9828,239.48,238.95,239.44,283386,0,0
2025-09-17 18:00:00,239.42999,239.82001,239.21001,239.56,529302,0,0
2025-09-17 18:05:00,239.56,239.67,239.37,239.4554,385093,0,0
2025-09-17 18:10:00,239.47,239.58,238.86,238.875,524706,0,0
2025-09-17 18:15:00,238.8701,238.9019,238.52,238.53011,528082,0,0
2025-09-17 18:20:00,238.53999,239.35001,238.45,239.25,483970,0,0
2025-09-17 18:25:00,239.2572,239.60001,239.2572,239.56,328670,0,0
2025-09-17 18:30:00,239.55,239.63,239.00999,239.07001,374758,0,0
2025-09-17 18:35:00,239.08501,239.25,238.58,238.61,527314,0,0
2025-09-17 18:40:00,238.60001,239.0699,238.33,238.56509,623195,0,0
2025-09-17 18:45:00,238.62,238.64,237.89,238.30679,609500,0,0
2025-09-17 18:50:00,238.28999,238.36,237.7301,237.9044,561808,0,0
2025-09-17 18:55:00,237.92999,238.63,237.89999,238.58099,538855,0,0
2025-09-17 19:00:00,238.58,239.03999,238.52,238.92999,477725,0,0
2025-09-17 19:05:00,238.98,239.38989,238.85001,239.25,494506,0,0
2025-09-17 19:10:00,239.27,239.46001,238.74001,238.85001,462012,0,1
2025-09-17 19:15:00,238.86,239.2999,238.83,239.03,471768,0,0
2025-09-17 19:20:00,239.02499,239.30499,238.89999,239.14011,388833,0,0
2025-09-17 19:25:00,239.17,239.39,239.0,239.26289,379945,0,0
2025-09-17 19:30:00,239.27,239.28,238.765,238.89,446639,0,0
2025-09-17 19:35:00,238.91,239.24001,238.88451,239.03999,420957,0,0
2025-09-17 19:40:00,239.05,239.1165,238.83,238.95,442298,0,0
2025-09-17 19:45:00,238.92999,239.0201,238.66,238.8376,429087,0,0
2025-09-17 19:50:00,238.84,238.96001,238.48,238.71001,699569,0,0
2025-09-17 19:55:00,238.71001,239.02,238.64999,238.97,1787645,0,0
2025-09-18 13:30:00,239.95,241.2,239.11,239.17999,3253004,0,1
2025-09-18 13:35:00,239.19,239.77,238.95,239.48,770616,0,0
2025-09-18 13:40:00,239.46001,239.7,238.065,238.0762,842559,0,0
2025-09-18 13:45:00,238.10001,238.34,237.63,238.05299,902126,0,0
2025-09-18 13:50:00,238.05,238.42,237.92,238.06,633874,0,0
2025-09-18 13:55:00,238.06,238.59,237.92,238.44501,643610,0,0
2025-09-18 14:00:00,238.42999,238.42999,237.88,238.14,604153,0,0
2025-09-18 14:05:00,238.145,238.32001,237.61011,237.69501,637121,0,0
2025-09-18 14:10:00,237.71001,237.85069,236.64999,237.00999,1108219,0,0
2025-09-18 14:15:00,237.00999,237.55499,236.7731,237.25,737884,1,0
2025-09-18 14:20:00,237.25999,237.38879,236.98,237.22,689822,0,0
2025-09-18 14:25:00,237.21001,237.6268,237.19,237.56,630476,0,0
2025-09-18 14:30:00,237.565,237.785,237.315,237.4072,561955,0,0
2025-09-18 14:35:00,237.42999,237.81,237.42999,237.7699,474160,0,0
2025-09-18 14:40:00,237.77,238.14999,237.67999,237.94,480872,0,0
2025-09-18 14:45:00,237.92999,238.27,237.8201,238.22,425621,0,0
2025-09-18 14:50:00,238.22,238.39,238.03999,238.1631,416355,0,0
2025-09-18 14:55:00,238.16,238.3,238.09,238.235,317756,0,0
2025-09-18 15:00:00,238.25,238.795,238.2104,238.64999,508017,0,0
2025-09-18 15:05:00,238.66,238.72,238.39,238.5956,363483,0,1
2025-09-18 15:10:00,238.605,238.62,238.31,238.39,245095,0,0
2025-09-18 15:15:00,238.39999,238.46001,238.1293,238.425,328153,0,0
2025-09-18 15:20:00,238.42599,238.57001,238.33,238.42,224922,0,0
2025-09-18 15:25:00,238.405,238.48,238.10001,238.19,241510,0,0
2025-09-18 15:30:00,238.21001,238.44501,238.21001,238.34,217382,0,0
2025-09-18 15:35:00,238.33,238.42,238.30009,238.35001,232788,0,0
2025-09-18 15:40:00,238.34,238.53999,238.23,238.325,450247,0,0
2025-09-18 15:45:00,238.33,238.47009,238.09,238.22,301004,0,0
2025-09-18 15:50:00,238.22,238.23,237.63,237.64011,452159,0,0
2025-09-18 15:55:00,237.64999,237.69501,237.35001,237.61,389250,0,0
2025-09-18 16:00:00,237.59,237.78,237.5,237.68021,296089,0,0
2025-09-18 16:05:00,237.687,237.82001,237.57001,237.58,235773,0,0
2025-09-18 16:10:00,237.58,237.81,237.45,237.77,270620,0,0
2025-09-18 16:15:00,237.77499,238.17999,237.73,238.05569,393842,0,0
2025-09-18 16:20:00,238.07001,238.09241,237.91,237.9245,199109,0,0
2025-09-18 16:25:00,237.94,238.03999,237.91,237.94,170880,0,0
2025-09-18 16:30:00,237.95,237.985,237.64999,237.66,307283,0,0
2025-09-18 16:35:00,237.66,237.995,237.64,237.95,280426,0,0
2025-09-18 16:40:00,237.965,238.11,237.94031,238.08,207082,0,0
2025-09-18 16:45:00,238.08,238.13499,237.98,238.09,326438,0,0
2025-09-18 16:50:00,238.0999,238.105,237.89999,238.02,208201,0,0
2025-09-18 16:55:00,238.00999,238.05,237.86011,237.955,227421,0,0
2025-09-18 17:00:00,237.95,238.065,237.8325,237.86,219752,0,0
2025-09-18 17:05:00,237.88,238.125,237.845,238.00999,283473,0,0
2025-09-18 17:10:00,238.0,238.2,237.925,238.0,240261,0,0
2025-09-18 17:15:00,238.005,238.12,237.9301,237.96001,258684,0,0
2025-09-18 17:20:00,237.96001,238.02,237.75999,237.77499,763737,0,0
2025-09-18 17:25:00,237.78,238.0,237.755,237.88,233350,0,0
2025-09-18 17:30:00,237.87,238.10001,237.86,237.965,197305,0,0
2025-09-18 17:35:00,237.965,238.02,237.67999,238.02,306802,0,0
2025-09-18 17:40:00,238.005,238.02,237.495,237.52,256688,0,0
2025-09-18 17:45:00,237.52,237.605,237.37,237.41,188531,0,0
2025-09-18 17:50:00,237.42999,237.5,237.32001,237.4101,220576,0,0
2025-09-18 17:55:00,237.41499,237.46001,237.21021,237.39,279722,0,0
2025-09-18 18:00:00,237.38,237.67999,237.313,237.59,259695,1,0
2025-09-18 18:05:00,237.6055,237.88,237.5636,237.869,307908,0,0
2025-09-18 18:10:00,237.86,237.99001,237.75,237.88,331207,0,0
2025-09-18 18:15:00,237.88,238.02,237.71001,237.73,236280,0,0
2025-09-18 18:20:00,237.72501,237.81,237.64999,237.7693,204598,0,0
2025-09-18 18:25:00,237.78,237.965,237.75,237.8018,220976,0,0
2025-09-18 18:30:00,237.81,237.9464,237.795,237.83501,214086,0,0
2025-09-18 18:35:00,237.84,237.91,237.69,237.78,251399,0,0
2025-09-18 18:40:00,237.78999,237.85001,237.66499,237.705,240363,0,0
2025-09-18 18:45:00,237.705,237.75,237.6107,237.6107,207173,0,0
2025-09-18 18:50:00,237.63,237.73,237.57001,237.67,254366,0,0
2025-09-18 18:55:00,237.66499,237.80099,237.655,237.69,315051,0,0
2025-09-18 19:00:00,237.69,237.8,237.651,237.75999,213763,0,0
2025-09-18 19:05:00,237.75999,237.78,237.515,237.57001,274658,0,0
2025-09-18 19:10:00,237.565,237.655,237.52,237.62,329625,0,0
2025-09-18 19:15:00,237.61,237.72501,237.5,237.53999,388825,0,0
2025-09-18 19:20:00,237.545,237.61,237.3026,237.33839,504051,0,0
2025-09-18 19:25:00,237.33501,237.50999,237.25011,237.45,347341,1,0
2025-09-18 19:30:00,237.455,237.7,237.435,237.689,307635,0,0
2025-09-18 19:35:00,237.685,237.905,237.685,237.83,354680,0,0
2025-09-18 19:40:00,237.83,237.91431,237.5062,237.78999,400899,0,0
2025-09-18 19:45:00,237.78999,237.8,237.545,237.62,333690,0,0
2025-09-18 19:50:00,237.62,237.96001,237.46001,237.89,849856,0,0
2025-09-18 19:55:00,237.89,238.11,237.74001,237.85001,1802623,0,0
2025-09-19 13:30:00,241.175,242.59,240.97,241.69501,16075909,0,0
2025-09-19 13:35:00,241.67,242.34,240.8,241.2525,1817413,0,0
2025-09-19 13:40:00,241.21001,241.37,240.42,240.94839,1313098,0,0
2025-09-19 13:45:00,240.95,241.3,240.35001,241.25999,3889800,0,0
2025-09-19 13:50:00,241.28999,241.73,240.64999,241.23,1097601,0,0
2025-09-19 13:55:00,241.23,241.3199,240.71001,240.88499,703661,0,0
2025-09-19 14:00:00,240.88499,241.3,240.62,240.78999,867006,0,0
2025-09-19 14:05:00,240.8,240.95,240.55,240.94501,613901,0,0
2025-09-19 14:10:00,240.92999,241.50999,240.89,241.3212,957249,0,0
2025-09-19 14:15:00,241.285,241.36,240.2106,240.5399,958727,0,0
2025-09-19 14:20:00,240.55,241.09,240.45,240.84,686856,0,0
2025-09-19 14:25:00,240.85989,241.24001,240.78999,241.14999,641270,0,0
2025-09-19 14:30:00,241.14999,241.71001,241.06,241.69501,700172,0,0
2025-09-19 14:35:00,241.6992,241.83,241.41,241.71001,657640,0,0
2025-09-19 14:40:00,241.71001,242.08,241.48,241.91,1078279,0,0
2025-09-19 14:45:00,241.92,242.23,241.82001,242.21001,807753,0,0
2025-09-19 14:50:00,242.22,243.14999,242.22,243.09,1675104,0,0
2025-09-19 14:55:00,243.09,243.16,242.53,242.84,1173549,0,1
2025-09-19 15:00:00,242.855,243.0,242.56,242.62,690080,0,0
2025-09-19 15:05:00,242.62,243.0,242.35001,242.62,937376,0,0
2025-09-19 15:10:00,242.63,242.88,242.17,242.22,591020,0,0
2025-09-19 15:15:00,242.215,242.22,241.995,242.08501,655070,0,0
2025-09-19 15:20:00,242.08501,242.25999,241.8,241.9231,704808,0,0
2025-09-19 15:25:00,241.9115,242.28,241.82001,242.28,472507,1,0
2025-09-19 15:30:00,242.2737,242.8,242.04919,242.78,702373,0,0
2025-09-19 15:35:00,242.77499,242.85001,242.34,242.39999,497574,0,0
2025-09-19 15:40:00,242.39999,242.8669,242.3401,242.645,503319,0,0
2025-09-19 15:45:00,242.64,242.70711,242.33,242.60001,380479,0,0
2025-09-19 15:50:00,242.61,242.94,242.57001,242.91499,407150,0,0
2025-09-19 15:55:00,242.91,243.39,242.64999,243.28999,738286,0,0
2025-09-19 16:00:00,243.27,243.46001,243.17,243.395,575563,0,0
2025-09-19 16:05:00,243.39,243.6799,243.37,243.6385,483963,0,0
2025-09-19 16:10:00,243.64,244.2751,243.63,244.2751,1155047,0,0
2025-09-19 16:15:00,244.28,244.39,243.83,244.08,2142619,0,0
2025-09-19 16:20:00,244.11,244.5,244.00011,244.2901,878050,0,0
2025-09-19 16:25:00,244.28999,244.56911,244.2101,244.52,566682,0,0
2025-09-19 16:30:00,244.5125,244.71001,244.26871,244.66,1800837,0,0
2025-09-19 16:35:00,244.66,245.13,244.66,244.82001,1512063,0,0
2025-09-19 16:40:00,244.82001,245.8,244.78,245.5426,1474934,0,0
2025-09-19 16:45:00,245.5415,245.92,245.431,245.46629,2715743,0,0
2025-09-19 16:50:00,245.4601,245.55299,245.10001,245.435,935924,0,0
2025-09-19 16:55:00,245.435,245.435,245.12,245.155,596059,0,0
2025-09-19 17:00:00,245.16,245.39999,244.89999,245.02,719380,0,0
2025-09-19 17:05:00,245.02,245.42,245.00999,245.30991,515114,0,0
2025-09-19 17:10:00,245.3,245.5,245.11,245.175,490475,0,0
2025-09-19 17:15:00,245.175,245.3101,245.03281,245.095,447650,0,0
2025-09-19 17:20:00,245.09509,245.2636,245.03,245.19,425375,0,0
2025-09-19 17:25:00,245.17999,245.41,245.03,245.2438,636278,0,0
2025-09-19 17:30:00,245.24001,245.31,244.89999,244.92,557079,0,0
2025-09-19 17:35:00,244.9213,245.47,244.91,245.39999,555017,0,0
2025-09-19 17:40:00,245.42,245.52,245.21001,245.36501,472873,0,0
2025-09-19 17:45:00,245.37,245.5,245.28,245.44,350287,0,0
2025-09-19 17:50:00,245.44,245.46001,245.06,245.12,484555,0,0
2025-09-19 17:55:00,245.11,245.87,245.0475,245.39999,857948,0,0
2025-09-19 18:00:00,245.405,245.63,244.95,245.45,704379,0,0
2025-09-19 18:05:00,245.465,245.9698,245.465,245.8199,1677860,0,0
2025-09-19 18:10:00,245.81,246.13,245.5876,246.12621,907129,0,0
2025-09-19 18:15:00,246.13,246.2699,245.7321,245.8658,1908481,0,0
2025-09-19 18:20:00,245.86501,246.08,245.627,245.6779,570363,0,0
2025-09-19 18:25:00,245.67999,245.69,245.39999,245.48849,700996,0,0
2025-09-19 18:30:00,245.485,245.8199,245.34,245.6154,564462,0,0
2025-09-19 18:35:00,245.62,246.10001,245.57001,245.96001,558301,0,0
2025-09-19 18:40:00,245.965,246.03,245.7924,245.82001,518732,0,0
2025-09-19 18:45:00,245.81,245.91,245.66,245.72,420171,0,0
2025-09-19 18:50:00,245.73,245.735,245.44,245.46001,553352,0,0
2025-09-19 18:55:00,245.46001,245.5499,245.19099,245.50999,590311,0,0
2025-09-19 19:00:00,245.5,245.7,245.44099,245.577,428716,0,0
2025-09-19 19:05:00,245.575,245.78999,245.53,245.64999,1237430,0,0
2025-09-19 19:10:00,245.64999,245.78,245.52,245.69501,618391,0,0
2025-09-19 19:15:00,245.69031,245.72,245.47,245.56,498425,0,0
2025-09-19 19:20:00,245.565,245.74001,245.565,245.735,550574,0,0
2025-09-19 19:25:00,245.73,245.89,245.55,245.61,951546,0,0
2025-09-19 19:30:00,245.60001,245.9368,245.505,245.625,1007225,0,0
2025-09-19 19:35:00,245.625,245.64,245.0,245.09,1168887,0,0
2025-09-19 19:40:00,245.09,245.10001,244.81,244.85001,994791,0,0
2025-09-19 19:45:00,244.86,245.08121,244.74001,244.94,1196655,0,0
2025-09-19 19:50:00,244.96001,246.3,244.74001,245.62,3935183,0,0
2025-09-19 19:55:00,245.61,245.63,245.17999,245.28999,4683787,0,0
2025-09-22 13:30:00,248.34,250.98,248.17,249.97,9674900,0,0
2025-09-22 13:35:00,249.985,251.28,249.77,250.35001,3395642,0,0
2025-09-22 13:40:00,250.345,250.67999,249.73019,250.6602,1886210,0,0
2025-09-22 13:45:00,250.64999,250.71001,250.02,250.1553,1733514,0,0
2025-09-22 13:50:00,250.16,250.95309,250.06,250.92281,1257136,0,0
2025-09-22 13:55:00,250.92999,251.3443,250.84,251.095,1531729,0,0
2025-09-22 14:00:00,251.11,252.23,250.78999,251.73,2216398,0,0
2025-09-22 14:05:00,251.745,251.78999,251.03,251.32001,1121242,0,0
2025-09-22 14:10:00,251.32001,251.67,251.10001,251.56509,1168002,0,0
2025-09-22 14:15:00,251.565,252.3999,251.47,251.78,1457450,0,0
2025-09-22 14:20:00,251.78999,252.66,251.785,252.59,1206653,0,0
2025-09-22 14:25:00,252.58501,252.735,252.12849,252.6716,1176246,0,0
2025-09-22 14:30:00,252.66,252.9299,252.53999,252.6501,1095171,0,0
2025-09-22 14:35:00,252.66,252.69501,252.08,252.28,977631,0,0
2025-09-22 14:40:00,252.27,252.61,252.14011,252.455,798621,0,0
2025-09-22 14:45:00,252.44501,253.1244,252.35001,252.98,1048317,0,0
2025-09-22 14:50:00,252.99001,253.285,252.9494,253.1301,1156023,0,0
2025-09-22 14:55:00,253.145,253.6898,253.125,253.60001,1107317,0,0
2025-09-22 15:00:00,253.62,253.745,253.38499,253.73,1173643,0,0
2025-09-22 15:05:00,253.715,254.495,253.64,254.425,2011464,0,0
2025-09-22 15:10:00,254.425,254.73,254.13,254.64,1680965,0,0
2025-09-22 15:15:00,254.64,254.9798,254.58,254.8421,1556068,0,0
2025-09-22 15:20:00,254.84,255.47,254.72,255.459,2349540,0,0
2025-09-22 15:25:00,255.45,256.07999,255.25999,255.78979,2029016,0,0
2025-09-22 15:30:00,255.77,255.82001,255.22,255.22,1304483,0,0
2025-09-22 15:35:00,255.22,255.35001,254.92,255.2,1671013,0,0
2025-09-22 15:40:00,255.2,255.4086,254.7,255.07001,1244353,0,0
2025-09-22 15:45:00,255.07001,255.5777,255.03,255.5,965425,0,0
2025-09-22 15:50:00,255.515,256.22,255.35001,256.19,1254556,0,0
2025-09-22 15:55:00,256.19501,256.63,255.95,256.0531,1723112,0,1
2025-09-22 16:00:00,256.07001,256.31,255.11,255.2,1508656,0,0
2025-09-22 16:05:00,255.20239,255.505,254.91,254.98,1168497,0,0
2025-09-22 16:10:00,254.97,255.55,254.75,255.465,1587359,0,0
2025-09-22 16:15:00,255.465,255.50999,254.3502,254.437,1228411,0,0
2025-09-22 16:20:00,254.435,254.4675,253.83031,253.99001,1362900,0,0
2025-09-22 16:25:00,253.99001,254.05,253.58,253.72,1028929,0,0
2025-09-22 16:30:00,253.73,254.08,253.59,253.8199,1166092,0,0
2025-09-22 16:35:00,253.80499,253.92999,253.16,253.7,922349,0,0
2025-09-22 16:40:00,253.7,253.98,253.49001,253.8484,822581,0,0
2025-09-22 16:45:00,253.85001,253.87,253.41,253.52,665771,0,0
2025-09-22 16:50:00,253.52499,253.8699,253.4236,253.86501,585309,0,0
2025-09-22 16:55:00,253.875,254.215,253.7,254.21001,675766,0,0
2025-09-22 17:00:00,254.205,254.38,253.52,253.603,697305,0,0
2025-09-22 17:05:00,253.62,254.25999,253.59,254.05499,658025,0,0
2025-09-22 17:10:00,254.05499,254.24001,253.94,254.0099,549555,0,0
2025-09-22 17:15:00,254.00999,254.3799,253.99001,254.34,564180,0,0
2025-09-22 17:20:00,254.34,254.42999,254.24001,254.2876,450914,0,0
2025-09-22 17:25:00,254.3,254.73,253.93401,254.5929,696145,0,0
2025-09-22 17:30:00,254.58,254.75,254.47,254.545,463805,0,0
2025-09-22 17:35:00,254.55,254.78,254.24001,254.72009,531455,0,0
2025-09-22 17:40:00,254.72,254.94,254.425,254.58,552549,0,0
2025-09-22 17:45:00,254.58,254.62,254.02,254.10001,528012,0,0
2025-09-22 17:50:00,254.10001,254.2588,253.89999,254.2325,338083,1,0
2025-09-22 17:55:00,254.21001,254.23,253.98,254.1067,280502,0,0
2025-09-22 18:00:00,254.10001,254.455,254.02,254.3844,499371,1,0
2025-09-22 18:05:00,254.39,254.64999,254.31,254.60001,379935,0,0
2025-09-22 18:10:00,254.60001,254.83,254.48,254.765,378272,0,0
2025-09-22 18:15:00,254.7614,254.9299,254.73,254.73,387450,0,0
2025-09-22 18:20:00,254.72,254.78999,254.61,254.64,288368,0,0
2025-09-22 18:25:00,254.642,255.25999,254.63499,255.24001,614327,0,0
2025-09-22 18:30:00,255.245,255.245,254.7347,254.91,503815,0,0
2025-09-22 18:35:00,254.92,255.625,254.90871,255.57001,749320,0,0
2025-09-22 18:40:00,255.58,255.7666,255.3,255.39,843481,0,0
2025-09-22 18:45:00,255.38499,255.69,255.37,255.64999,529175,0,0
2025-09-22 18:50:00,255.64999,255.7,255.2,255.38,678175,0,0
2025-09-22 18:55:00,255.36,255.46001,255.09,255.39999,527422,0,0
2025-09-22 19:00:00,255.39999,255.73,255.34,255.45,726276,0,0
2025-09-22 19:05:00,255.45,255.67,255.4201,255.50999,518705,0,0
2025-09-22 19:10:00,255.52,255.62,255.31,255.45,651838,0,0
2025-09-22 19:15:00,255.45,255.825,255.39999,255.78,648101,0,0
2025-09-22 19:20:00,255.78,256.06,255.63,255.8493,903884,0,0
2025-09-22 19:25:00,255.8499,255.92999,255.64,255.78999,934781,0,0
2025-09-22 19:30:00,255.80499,256.04001,255.77,255.84531,871503,0,0
2025-09-22 19:35:00,255.855,256.04001,255.735,255.845,801688,0,0
2025-09-22 19:40:00,255.84,255.985,255.61501,255.83,752277,0,0
2025-09-22 19:45:00,255.82001,256.10999,255.7719,256.04999,847740,0,0
2025-09-22 19:50:00,256.04001,256.22989,255.75,256.16,1886790,0,0
2025-09-22 19:55:00,256.17999,256.26001,255.855,256.09,3931928,0,0
2025-09-23 13:30:00,256.5,257.19,255.78999,256.87839,4117272,0,0
2025-09-23 13:35:00,256.875,257.34,255.89,256.51001,1086831,0,0
2025-09-23 13:40:00,256.5271,256.5271,255.28,255.50999,822623,0,0
2025-09-23 13:45:00,255.5,256.31989,255.485,255.97,671816,1,0
2025-09-23 13:50:00,255.97,256.16501,255.64999,256.01999,390105,0,0
2025-09-23 13:55:00,256.01999,256.655,255.92,256.20001,766528,0,0
2025-09-23 14:00:00,256.20999,256.44,255.75,255.75999,762812,0,0
2025-09-23 14:05:00,255.75999,255.96001,255.52,255.875,428193,0,0
2025-09-23 14:10:00,255.89,256.45001,255.72,256.25061,519790,0,0
2025-09-23 14:15:00,256.23001,256.60501,256.0,256.1272,606710,0,0
2025-09-23 14:20:00,256.12,256.39001,255.75,256.29501,519516,0,0
2025-09-23 14:25:00,256.29999,257.0,256.2901,256.61731,571446,0,0
2025-09-23 14:30:00,256.60999,256.70001,256.22,256.23001,460779,0,0
2025-09-23 14:35:00,256.25,256.375,256.07999,256.21869,322392,0,0
2025-09-23 14:40:00,256.23499,256.41,255.64999,255.74001,454364,0,0
2025-09-23 14:45:00,255.77,255.78999,255.00999,255.08,887291,0,0
2025-09-23 14:50:00,255.0831,255.68539,255.0831,255.60001,435654,0,0
2025-09-23 14:55:00,255.60001,255.6064,255.22,255.28999,520005,0,0
2025-09-23 15:00:00,255.31,255.60001,255.22,255.5351,326610,0,0
2025-09-23 15:05:00,255.53999,255.645,255.23,255.62,326287,0,0
2025-09-23 15:10:00,255.62,255.85001,255.489,255.845,472188,0,0
2025-09-23 15:15:00,255.841,256.17001,255.8,256.01501,560338,0,0
2025-09-23 15:20:00,256.01501,256.38,256.0,256.23001,369445,0,0
2025-09-23 15:25:00,256.23001,256.25,255.86,256.10001,354708,0,1
2025-09-23 15:30:00,256.13,256.14999,255.75011,255.75011,313137,0,0
2025-09-23 15:35:00,255.75,255.83,255.5614,255.67,357085,0,0
2025-09-23 15:40:00,255.68269,255.69,255.35001,255.47,244445,0,0
2025-09-23 15:45:00,255.48,255.625,255.46001,255.53,296236,0,0
2025-09-23 15:50:00,255.52319,255.9787,255.48489,255.9787,316899,0,0
2025-09-23 15:55:00,255.9601,256.10001,255.95,255.96561,292812,0,0
2025-09-23 16:00:00,255.965,256.19,255.83009,256.19,248127,0,0
2025-09-23 16:05:00,256.20001,256.20999,255.75,255.85001,222434,0,1
2025-09-23 16:10:00,255.8401,255.85001,255.60001,255.7299,200885,0,0
2025-09-23 16:15:00,255.7186,256.05899,255.56599,255.9037,272034,0,0
2025-09-23 16:20:00,255.91,256.08701,255.56,255.625,232638,0,0
2025-09-23 16:25:00,255.64,255.827,255.58,255.7269,235795,0,0
2025-09-23 16:30:00,255.72009,255.8,255.50999,255.755,218249,0,0
2025-09-23 16:35:00,255.7,255.85001,255.45,255.66991,237467,0,0
2025-09-23 16:40:00,255.67,255.71001,255.52,255.69,157987,0,0
2025-09-23 16:45:00,255.69009,255.7751,255.60001,255.7,129789,0,0
2025-09-23 16:50:00,255.7,255.74001,255.09,255.125,201835,0,0
2025-09-23 16:55:00,255.14,255.22,254.67999,255.093,360298,0,0
2025-09-23 17:00:00,255.08,255.16991,255.0,255.03,193476,0,0
2025-09-23 17:05:00,255.03999,255.23,255.00999,255.16,226408,0,0
2025-09-23 17:10:00,255.155,255.16,254.86,254.935,200533,0,0
2025-09-23 17:15:00,254.935,254.98,254.66701,254.67,240511,0,0
2025-09-23 17:20:00,254.67999,254.89,254.39999,254.855,351468,0,0
2025-09-23 17:25:00,254.855,255.03999,254.57719,254.67,329416,0,0
2025-09-23 17:30:00,254.66,254.88499,254.57001,254.77499,224941,0,0
2025-09-23 17:35:00,254.78999,254.87,254.53,254.64,345474,0,0
2025-09-23 17:40:00,254.63,254.705,254.21001,254.45799,445719,0,0
2025-09-23 17:45:00,254.49001,254.60001,254.32001,254.5587,400716,0,0
2025-09-23 17:50:00,254.56689,254.64,253.92999,254.0,370648,0,0
2025-09-23 17:55:00,253.97,254.424,253.97,254.32761,11320727,1,0
2025-09-23 18:00:00,254.33501,254.38,254.02499,254.02499,375718,0,0
2025-09-23 18:05:00,254.05,254.17999,253.97,254.05499,290016,0,0
2025-09-23 18:10:00,254.06,254.53999,254.06,254.47,313418,0,0
2025-09-23 18:15:00,254.46001,254.6299,254.3,254.37,1419603,0,0
2025-09-23 18:20:00,254.38,254.71001,254.3226,254.7009,295723,0,0
2025-09-23 18:25:00,254.703,254.961,254.6102,254.64,478232,0,0
2025-09-23 18:30:00,254.64,254.84,254.62,254.71001,443487,0,0
2025-09-23 18:35:00,254.71671,254.8067,254.57001,254.705,360340,0,1
2025-09-23 18:40:00,254.705,254.7574,254.3356,254.35001,261321,0,0
2025-09-23 18:45:00,254.3448,254.53,254.23,254.27,398878,0,0
2025-09-23 18:50:00,254.27,254.44,254.17999,254.22,337348,0,0
2025-09-23 18:55:00,254.21001,254.39,254.10001,254.125,554929,0,0
2025-09-23 19:00:00,254.12,254.24001,253.78,253.795,474825,0,0
2025-09-23 19:05:00,253.795,253.9287,253.59,253.83141,496701,1,0
2025-09-23 19:10:00,253.83,253.99001,253.74001,253.85001,353423,0,0
2025-09-23 19:15:00,253.83501,254.21001,253.785,254.17999,355822,0,0
2025-09-23 19:20:00,254.175,254.17999,253.92999,254.12,342128,0,0
2025-09-23 19:25:00,254.1194,254.17999,253.97121,254.16991,313352,0,0
2025-09-23 19:30:00,254.16,254.255,254.0849,254.14,346769,0,0
2025-09-23 19:35:00,254.13,254.13,253.75999,254.02,639275,0,0
2025-09-23 19:40:00,254.02499,254.22,253.995,254.21001,430008,0,0
2025-09-23 19:45:00,254.2049,254.25,254.0132,254.16071,475921,0,0
2025-09-23 19:50:00,254.17,254.175,253.67,253.95,1283305,0,0
2025-09-23 19:55:00,253.95,254.53,253.91,254.53,1901357,0,0
2025-09-24 13:30:00,255.0,255.37,253.5,253.554,1739331,0,1
2025-09-24 13:35:00,253.53,254.075,252.62,252.715,713677,0,0
2025-09-24 13:40:00,252.77,253.05499,252.565,252.78,498333,0,0
2025-09-24 13:45:00,252.78999,252.935,252.28,252.485,526231,0,0
2025-09-24 13:50:00,252.47,253.03909,252.47,252.955,435853,0,0
2025-09-24 13:55:00,252.97,253.41,252.87019,253.25,423721,0,0
2025-09-24 14:00:00,253.28,253.2995,252.41,252.52,519510,0,1
2025-09-24 14:05:00,252.53999,252.58,252.08,252.3,432031,0,0
2025-09-24 14:10:00,252.3,252.66499,252.14999,252.49001,422695,0,0
2025-09-24 14:15:00,252.48,253.0497,252.44,252.87,348334,0,0
2025-09-24 14:20:00,252.87,252.87,252.42,252.485,233344,0,0
2025-09-24 14:25:00,252.5,252.86,252.5,252.62199,209898,0,0
2025-09-24 14:30:00,252.625,252.99001,251.91,251.99001,404833,0,0
2025-09-24 14:35:00,252.0,252.25,251.83,251.91,519695,0,0
2025-09-24 14:40:00,251.88,252.26151,251.72,252.175,336016,0,0
2025-09-24 14:45:00,252.17999,252.35001,252.05,252.175,255125,0,0
2025-09-24 14:50:00,252.19,252.38,251.95,251.97,191662,0,0
2025-09-24 14:55:00,251.97,252.32001,251.88,252.2101,207277,0,0
2025-09-24 15:00:00,252.215,252.31,251.9509,251.961,202241,0,0
2025-09-24 15:05:00,251.96001,251.99001,251.595,251.655,233483,0,0
2025-09-24 15:10:00,251.64999,251.99001,251.53999,251.77,259084,1,0
2025-09-24 15:15:00,251.77,252.0,251.75999,251.96001,180079,0,0
2025-09-24 15:20:00,251.96001,252.161,251.92999,252.105,208787,0,0
2025-09-24 15:25:00,252.10001,252.24001,251.99001,252.12,293446,0,0
2025-09-24 15:30:00,252.12,252.21001,251.98,252.01981,189795,0,1
2025-09-24 15:35:00,252.00999,252.11501,251.83,252.0094,4706619,0,0
2025-09-24 15:40:00,252.0,252.11,251.88,252.00591,142495,0,0
2025-09-24 15:45:00,251.99001,252.05,251.55,251.71001,293904,0,0
2025-09-24 15:50:00,251.7099,251.77,251.38,251.7,292351,0,0
2025-09-24 15:55:00,251.69,251.71001,251.28,251.41,269058,0,0
2025-09-24 16:00:00,251.42,251.58,251.0506,251.13251,298544,0,0
2025-09-24 16:05:00,251.09,251.53,251.03999,251.50999,308152,1,0
2025-09-24 16:10:00,251.52721,251.63499,251.31,251.4614,253939,0,0
2025-09-24 16:15:00,251.46001,251.60001,251.19,251.37,265885,0,0
2025-09-24 16:20:00,251.37,251.8801,251.315,251.8,273619,0,0
2025-09-24 16:25:00,251.78999,252.25999,251.6344,252.16499,266857,0,0
2025-09-24 16:30:00,252.1714,252.25999,251.7233,251.77499,239791,0,1
2025-09-24 16:35:00,251.78,251.91991,251.71001,251.7901,146394,0,0
2025-09-24 16:40:00,251.78,251.8399,251.5601,251.77499,160796,0,0
2025-09-24 16:45:00,251.77,251.7999,251.5752,251.605,130770,0,0
2025-09-24 16:50:00,251.59,251.60001,251.39999,251.46001,139780,0,0
2025-09-24 16:55:00,251.46001,251.62,251.45,251.5397,118079,0,0
2025-09-24 17:00:00,251.53999,251.61,251.46001,251.53,107008,0,0
2025-09-24 17:05:00,251.53,251.595,251.48,251.526,119369,0,0
2025-09-24 17:10:00,251.52,251.83,251.48,251.61,164593,0,0
2025-09-24 17:15:00,251.60001,251.69,251.42999,251.42999,100446,0,0
2025-09-24 17:20:00,251.42,251.49001,251.34,251.49001,86407,0,0
2025-09-24 17:25:00,251.47,251.595,251.41,251.49001,123888,0,0
2025-09-24 17:30:00,251.515,252.03999,251.49001,251.9913,150720,0,0
2025-09-24 17:35:00,251.99001,252.11,251.7401,251.75999,103995,0,0
2025-09-24 17:40:00,251.75011,251.84,251.72,251.72,104935,0,0
2025-09-24 17:45:00,251.72501,251.7599,251.4736,251.48,128340,0,0
2025-09-24 17:50:00,251.47,251.5,251.375,251.47,103158,0,0
2025-09-24 17:55:00,251.48,251.545,251.32001,251.5,132843,0,0
2025-09-24 18:00:00,251.4938,251.5199,251.28,251.34,109670,0,0
2025-09-24 18:05:00,251.34,251.50999,251.285,251.3998,144557,1,0
2025-09-24 18:10:00,251.39,251.49001,251.3403,251.39999,109901,0,0
2025-09-24 18:15:00,251.4016,251.72,251.4016,251.71001,163386,0,0
2025-09-24 18:20:00,251.7,251.84,251.55,251.765,191136,0,0
2025-09-24 18:25:00,251.75999,251.78,251.6225,251.765,180083,0,0
2025-09-24 18:30:00,251.75,251.78999,251.5822,251.705,109469,0,0
2025-09-24 18:35:00,251.7,251.74001,251.63,251.64,85586,0,0
2025-09-24 18:40:00,251.64,251.715,251.36011,251.44,132736,0,0
2025-09-24 18:45:00,251.44501,251.57001,251.2655,251.315,129430,0,0
2025-09-24 18:50:00,251.315,251.67999,251.25,251.63,157173,0,0
2025-09-24 18:55:00,251.64,251.735,251.59,251.72501,139324,0,0
2025-09-24 19:00:00,251.72,251.765,251.42999,251.505,160219,0,0
2025-09-24 19:05:00,251.505,251.545,251.42999,251.485,142000,0,0
2025-09-24 19:10:00,251.49001,251.58,251.3,251.33501,176117,0,0
2025-09-24 19:15:00,251.33,251.48,251.24001,251.435,149155,0,0
2025-09-24 19:20:00,251.44501,251.50999,251.375,251.425,157953,0,0
2025-09-24 19:25:00,251.42101,251.465,251.3,251.39,141754,0,0
2025-09-24 19:30:00,251.39,251.45,251.3,251.444,170655,0,0
2025-09-24 19:35:00,251.4301,251.45,251.28999,251.33501,142416,0,0
2025-09-24 19:40:00,251.33501,251.53999,251.325,251.53999,186726,0,0
2025-09-24 19:45:00,251.535,251.96001,251.48399,251.931,348951,0,0
2025-09-24 19:50:00,251.92,252.46001,251.92,252.31,685609,0,0
2025-09-24 19:55:00,252.31,252.49001,252.03,252.24001,9924255,0,0
2025-09-25 13:30:00,253.0,253.03999,251.97,252.02,2272970,0,0
2025-09-25 13:35:00,252.03011,253.34,251.71201,252.89999,1081619,0,0
2025-09-25 13:40:00,252.89529,252.96001,251.8401,252.71001,714553,0,0
2025-09-25 13:45:00,252.7025,253.42999,252.50999,253.14,734065,0,0
2025-09-25 13:50:00,253.14999,253.92,252.78011,252.84,616789,0,0
2025-09-25 13:55:00,252.84,252.89,251.97,252.31,491571,0,0
2025-09-25 14:00:00,252.31,253.22,252.12,253.11501,719169,1,0
2025-09-25 14:05:00,253.12,253.8369,253.1015,253.465,443105,0,0
2025-09-25 14:10:00,253.47881,253.83,253.293,253.59,3281575,0,0
2025-09-25 14:15:00,253.60001,253.75,253.08,253.45,321497,0,0
2025-09-25 14:20:00,253.49001,254.08,253.45,253.99001,386287,0,0
2025-09-25 14:25:00,253.99989,254.12,253.7386,254.0,378644,0,0
2025-09-25 14:30:00,254.00011,254.13879,253.69,254.00999,293408,0,0
2025-09-25 14:35:00,254.00999,254.00999,253.61,253.66,237667,0,1
2025-09-25 14:40:00,253.655,253.66991,253.12,253.26401,286256,0,0
2025-09-25 14:45:00,253.25999,253.4899,253.05,253.44009,264067,0,0
2025-09-25 14:50:00,253.46989,253.46989,253.03,253.27361,235104,0,0
2025-09-25 14:55:00,253.25,253.7933,253.2365,253.67999,307130,0,0
2025-09-25 15:00:00,253.69,253.84,253.33,253.58,4760937,0,0
2025-09-25 15:05:00,253.58501,253.64999,253.1409,253.2401,227360,0,0
2025-09-25 15:10:00,253.25999,253.67,253.1105,253.60001,220751,0,0
2025-09-25 15:15:00,253.605,254.00999,253.52,253.97,321979,0,0
2025-09-25 15:20:00,253.9716,254.13,253.8401,253.91,290717,0,0
2025-09-25 15:25:00,253.9183,253.9183,253.27,253.50011,252546,0,0
2025-09-25 15:30:00,253.50011,253.7256,253.42999,253.61,162884,0,0
2025-09-25 15:35:00,253.61501,253.64999,253.22,253.3,190456,0,0
2025-09-25 15:40:00,253.3,253.91,253.2,253.86,234098,0,0
2025-09-25 15:45:00,253.855,253.87199,253.35001,253.395,181610,0,0
2025-09-25 15:50:00,253.38,253.4726,253.11,253.11,215735,0,0
2025-09-25 15:55:00,253.12,253.265,252.83,252.88499,242999,0,0
2025-09-25 16:00:00,252.8756,252.99001,252.7,252.84,234829,0,0
2025-09-25 16:05:00,252.81,252.85001,252.58,252.60001,165926,0,0
2025-09-25 16:10:00,252.60001,252.74001,252.53,252.55499,5855529,0,0
2025-09-25 16:15:00,252.55499,252.75999,252.36,252.44,213801,0,0
2025-09-25 16:20:00,252.42,252.52499,252.3,252.4705,204143,1,0
2025-09-25 16:25:00,252.47,252.7,252.41,252.5303,208552,0,0
2025-09-25 16:30:00,252.53999,252.96001,252.5,252.91,236130,0,0
2025-09-25 16:35:00,252.9007,253.10001,252.8842,252.96021,208868,0,0
2025-09-25 16:40:00,252.96001,253.35271,252.8,253.269,197530,0,0
2025-09-25 16:45:00,253.255,253.36,253.04469,253.105,170793,0,0
2025-09-25 16:50:00,253.095,253.2294,252.9976,253.08,136630,0,0
2025-09-25 16:55:00,253.11549,253.36,253.0887,253.23,174638,0,0
2025-09-25 17:00:00,253.23,253.6499,253.23,253.6226,235168,0,0
2025-09-25 17:05:00,253.61,253.88,253.57001,253.75349,300490,0,0
2025-09-25 17:10:00,253.75,253.78999,253.54311,253.73,218491,0,0
2025-09-25 17:15:00,253.73,253.875,253.55499,253.56,7081138,0,0
2025-09-25 17:20:00,253.55499,253.5699,253.12,253.2,247071,0,0
2025-09-25 17:25:00,253.2,253.59019,253.17,253.5,200016,1,0
2025-09-25 17:30:00,253.49001,253.605,253.375,253.53999,158589,0,0
2025-09-25 17:35:00,253.5201,253.5464,253.27499,253.315,116262,0,0
2025-09-25 17:40:00,253.31,253.49001,253.255,253.33,135579,0,0
2025-09-25 17:45:00,253.34,253.7,253.28999,253.5294,145914,0,0
2025-09-25 17:50:00,253.52,253.685,253.47,253.5762,147200,0,0
2025-09-25 17:55:00,253.5701,253.63,253.1601,253.21001,177666,0,0
2025-09-25 18:00:00,253.21001,253.22501,252.85001,252.89,221149,0,0
2025-09-25 18:05:00,252.87,253.64,252.86501,253.62,334026,1,0
2025-09-25 18:10:00,253.625,253.92999,253.58,253.87,283760,0,0
2025-09-25 18:15:00,253.855,254.36,253.83,254.25999,384785,0,0
2025-09-25 18:20:00,254.25999,254.369,254.08,254.35001,206860,0,0
2025-09-25 18:25:00,254.36,254.59,254.35001,254.56,323005,0,0
2025-09-25 18:30:00,254.55,254.7,254.23,254.58501,269945,0,0
2025-09-25 18:35:00,254.58369,255.13,254.58,255.0728,669537,0,0
2025-09-25 18:40:00,255.07001,256.10001,255.07001,255.7514,1119152,0,0
2025-09-25 18:45:00,255.77,255.92999,255.19501,255.41,656849,0,0
2025-09-25 18:50:00,255.41,255.46001,254.98,255.0,286803,0,0
2025-09-25 18:55:00,255.03,256.09,255.0201,256.0,513654,0,0
2025-09-25 19:00:00,255.99001,256.35001,255.87,256.22751,609486,0,0
2025-09-25 19:05:00,256.23001,256.39999,255.96001,256.35999,532957,0,0
2025-09-25 19:10:00,256.37,256.38,256.065,256.28259,377905,0,0
2025-09-25 19:15:00,256.285,256.85999,256.20999,256.77011,710633,0,0
2025-09-25 19:20:00,256.78,257.14999,256.68369,256.845,813391,0,0
2025-09-25 19:25:00,256.845,257.17001,256.845,256.95999,547427,0,0
2025-09-25 19:30:00,256.95001,257.10999,256.44,256.44,490500,0,0
2025-09-25 19:35:00,256.44,256.48999,255.99001,256.10999,12240036,0,0
2025-09-25 19:40:00,256.10999,256.3399,255.9601,256.10001,326190,0,0
2025-09-25 19:45:00,256.10172,256.19989,255.71001,255.73,403631,0,0
2025-09-25 19:50:00,255.73,256.20001,255.42,256.04001,797514,0,0
2025-09-25 19:55:00,256.03,256.98001,256.0,256.94,14165992,0,0
2025-09-26 13:30:00,254.0,255.05991,253.78,254.58,2418796,1,0
2025-09-26 13:35:00,254.55,255.285,253.98,255.2701,1011057,0,0
2025-09-26 13:40:00,255.27,256.04001,255.08,255.72,790100,0,0
2025-09-26 13:45:00,255.735,256.20401,255.60001,255.74001,587222,0,0
2025-09-26 13:50:00,255.74001,256.07999,255.60001,256.07999,439930,0,0
2025-09-26 13:55:00,256.0704,256.34,255.91,256.2886,387687,0,0
2025-09-26 14:00:00,256.26501,256.60001,256.0,256.09,498480,0,0
2025-09-26 14:05:00,256.10001,256.25,255.17,255.46001,468385,0,0
2025-09-26 14:10:00,255.46001,255.56,254.83009,254.955,394386,0,0
2025-09-26 14:15:00,254.96001,255.23,254.72,254.955,316878,0,0
2025-09-26 14:20:00,254.955,254.955,254.57001,254.6205,354346,0,0
2025-09-26 14:25:00,254.63499,255.039,254.3401,255.02,367231,0,0
2025-09-26 14:30:00,255.02,255.02,254.64999,254.86,259003,0,0
2025-09-26 14:35:00,254.85001,255.02499,254.5712,255.0,776918,0,0
2025-09-26 14:40:00,255.0,255.67999,254.89999,255.50999,332080,0,0
2025-09-26 14:45:00,255.52,255.6301,254.97009,254.995,267319,0,0
2025-09-26 14:50:00,254.98531,255.27,254.82001,255.07001,282006,0,0
2025-09-26 14:55:00,255.06,255.29131,254.97,255.02499,212251,0,0
2025-09-26 15:00:00,255.02,255.41,254.92,255.25999,254413,0,0
2025-09-26 15:05:00,255.27,255.50999,254.96001,255.27991,343807,0,0
2025-09-26 15:10:00,255.27499,255.4698,255.09,255.185,200560,0,0
2025-09-26 15:15:00,255.17999,255.86,255.071,255.78,282224,0,0
2025-09-26 15:20:00,255.78999,255.92,255.507,255.56,226782,0,0
2025-09-26 15:25:00,255.56,255.99001,255.55,255.97009,277478,0,0
2025-09-26 15:30:00,255.97,256.04001,255.6794,255.75,206460,0,0
2025-09-26 15:35:00,255.74001,255.86,255.21001,255.27,224336,0,0
2025-09-26 15:40:00,255.265,255.31,254.86,254.93201,226027,0,0
2025-09-26 15:45:00,254.92999,255.5,254.87,255.49001,280576,0,0
2025-09-26 15:50:00,255.5,255.53,255.1331,255.23,160148,0,0
2025-09-26 15:55:00,255.23,255.39999,255.05,255.06,160316,0,0
2025-09-26 16:00:00,255.07001,255.17,254.92999,255.06,155498,0,0
2025-09-26 16:05:00,255.07001,255.2399,254.92,255.16,163704,0,0
2025-09-26 16:10:00,255.17,255.33,255.11,255.14259,149986,0,0
2025-09-26 16:15:00,255.16,255.27859,254.9762,255.26871,141045,0,0
2025-09-26 16:20:00,255.27,255.63,255.2094,255.61,234163,0,0
2025-09-26 16:25:00,255.62,255.71001,255.42999,255.66499,174515,0,0
2025-09-26 16:30:00,255.66,255.86,255.48,255.69,168403,0,0
2025-09-26 16:35:00,255.7,255.9362,255.63,255.78999,122678,0,0
2025-09-26 16:40:00,255.8,255.845,255.64999,255.74001,93608,0,0
2025-09-26 16:45:00,255.72,255.82449,255.64999,255.8,107724,0,0
2025-09-26 16:50:00,255.78999,256.04999,255.729,256.02499,189699,0,0
2025-09-26 16:55:00,256.01999,256.39999,255.99001,256.34,246284,0,0
2025-09-26 17:00:00,256.32999,256.42999,256.20001,256.23999,169217,0,0
2025-09-26 17:05:00,256.23999,256.53,256.20999,256.5,163362,0,0
2025-09-26 17:10:00,256.495,256.97501,256.48999,256.89499,317963,0,0
2025-09-26 17:15:00,256.89499,256.95999,256.495,256.64999,211798,0,1
2025-09-26 17:20:00,256.66,256.66,256.38,256.42471,163652,0,0
2025-09-26 17:25:00,256.42999,256.59879,256.42001,256.51999,131654,0,0
2025-09-26 17:30:00,256.51999,256.54501,256.32001,256.35501,146887,0,0
2025-09-26 17:35:00,256.3598,257.35999,256.26999,256.63,420885,0,0
2025-09-26 17:40:00,256.63,257.10361,256.45001,256.75,416774,0,0
2025-09-26 17:45:00,256.74979,256.81,256.42999,256.47,214654,0,0
2025-09-26 17:50:00,256.45999,256.45999,255.89,255.89011,211487,0,0
2025-09-26 17:55:00,255.91499,256.23999,255.86,256.10001,192969,0,0
2025-09-26 18:00:00,256.09,256.39999,256.04001,256.38,161768,0,0
2025-09-26 18:05:00,256.38,256.44,256.16,256.26001,149651,0,0
2025-09-26 18:10:00,256.26001,256.42001,256.22501,256.38501,145075,0,0
2025-09-26 18:15:00,256.39001,256.70999,256.39001,256.67001,234265,0,0
2025-09-26 18:20:00,256.66,256.76999,256.51001,256.76001,145100,0,0
2025-09-26 18:25:00,256.76999,256.78,256.53009,256.55499,213998,0,1
2025-09-26 18:30:00,256.565,256.62,256.35501,256.44199,149134,0,0
2025-09-26 18:35:00,256.44,256.72989,256.41,256.64001,148439,0,0
2025-09-26 18:40:00,256.64011,256.67001,256.32001,256.32001,166217,0,0
2025-09-26 18:45:00,256.32999,256.34,255.9655,256.22,183256,0,0
2025-09-26 18:50:00,256.23001,256.23001,256.04999,256.19,123603,0,0
2025-09-26 18:55:00,256.19,256.33011,256.14999,256.20001,146337,0,0
2025-09-26 19:00:00,256.20001,256.22,256.01999,256.04999,157513,0,0
2025-09-26 19:05:00,256.04999,256.17499,255.71001,255.75929,224297,0,0
2025-09-26 19:10:00,255.75,255.7999,255.5201,255.53,203497,0,0
2025-09-26 19:15:00,255.53,255.69,255.49001,255.64999,222438,0,0
2025-09-26 19:20:00,255.64,255.7,255.565,255.59,170492,0,0
2025-09-26 19:25:00,255.591,255.83,255.56,255.645,194092,0,0
2025-09-26 19:30:00,255.64,255.6498,255.2,255.21001,315257,0,0
2025-09-26 19:35:00,255.22,255.27,254.98,255.12,313289,0,0
2025-09-26 19:40:00,255.12,255.24001,254.96001,255.16499,299190,0,0
2025-09-26 19:45:00,255.17,255.35001,255.11,255.28999,234862,0,0
2025-09-26 19:50:00,255.28,255.32001,254.89999,255.24001,551900,0,0
2025-09-26 19:55:00,255.25,255.52991,254.92999,255.46001,1307017,0,0
2025-09-29 13:30:00,254.0,254.39,253.5,253.63989,1908625,0,0
2025-09-29 13:35:00,253.60001,253.67999,253.00999,253.33,732225,0,0
2025-09-29 13:40:00,253.323,254.07001,253.25999,253.965,556923,0,0
2025-09-29 13:45:00,253.97,254.2,253.87,254.06,473921,0,0
2025-09-29 13:50:00,254.06,254.34,253.72,253.78999,364894,0,0
2025-09-29 13:55:00,253.78,254.22,253.67999,253.705,368847,0,0
2025-09-29 14:00:00,253.705,253.88049,253.2709,253.50999,445126,0,0
2025-09-29 14:05:00,253.52,254.23,253.49001,254.17,352794,0,0
2025-09-29 14:10:00,254.175,254.45,253.82001,254.4221,330204,0,0
2025-09-29 14:15:00,254.42979,254.5,253.91499,253.96001,290103,0,1
2025-09-29 14:20:00,253.97,254.28999,253.8287,254.21001,278995,0,0
2025-09-29 14:25:00,254.2,254.27,254.07001,254.21989,203405,0,0
2025-09-29 14:30:00,254.205,254.24001,254.00369,254.09,186433,0,0
2025-09-29 14:35:00,254.10001,254.17999,253.82001,253.929,344624,0,0
2025-09-29 14:40:00,253.92979,254.155,253.7,254.12,269450,0,0
2025-09-29 14:45:00,254.13,254.23981,253.95,253.97501,277792,0,0
2025-09-29 14:50:00,253.98,254.03999,253.87,253.96001,248850,0,0
2025-09-29 14:55:00,253.98,254.037,253.7641,253.92999,229883,0,0
2025-09-29 15:00:00,253.95,254.155,253.88,254.00999,251278,0,0
2025-09-29 15:05:00,254.02499,254.17,254.0112,254.12,188954,0,0
2025-09-29 15:10:00,254.13,254.16,253.8425,253.8425,177277,0,0
2025-09-29 15:15:00,253.85001,253.92999,253.58,253.71001,195849,0,0
2025-09-29 15:20:00,253.69501,253.74001,253.425,253.46001,199294,0,0
2025-09-29 15:25:00,253.45351,253.56,253.31,253.47,265180,0,0
2025-09-29 15:30:00,253.46651,253.61,253.39,253.53,229317,0,0
2025-09-29 15:35:00,253.53999,253.64861,253.12,253.35001,268478,0,0
2025-09-29 15:40:00,253.36,253.57001,253.25,253.49001,188009,0,0
2025-09-29 15:45:00,253.48,253.63,253.32001,253.39999,192132,0,0
2025-09-29 15:50:00,253.39999,253.53,253.24001,253.48,183214,0,0
2025-09-29 15:55:00,253.52,253.58211,253.33,253.535,196478,0,0
2025-09-29 16:00:00,253.53,253.77499,253.53,253.69,202360,0,0
2025-09-29 16:05:00,253.67999,253.83,253.5701,253.7872,175220,0,0
2025-09-29 16:10:00,253.7701,254.07001,253.7701,254.005,221886,0,0
2025-09-29 16:15:00,254.0051,254.06,253.75,253.84,164948,0,1
2025-09-29 16:20:00,253.85001,253.905,253.75,253.85001,124634,0,0
2025-09-29 16:25:00,253.85001,253.88,253.64,253.66,128566,0,0
2025-09-29 16:30:00,253.67,253.77,253.63029,253.71001,148492,0,0
2025-09-29 16:35:00,253.69,253.705,253.53,253.64,139098,0,0
2025-09-29 16:40:00,253.64,253.77991,253.52,253.5394,154796,0,0
2025-09-29 16:45:00,253.53,253.58,253.38,253.4498,162781,0,0
2025-09-29 16:50:00,253.43871,253.4668,253.27,253.28,131995,0,0
2025-09-29 16:55:00,253.27499,253.4099,253.25,253.34,198723,0,0
2025-09-29 17:00:00,253.35001,253.465,253.24319,253.31,168512,0,0
2025-09-29 17:05:00,253.3,253.38,253.255,253.32001,120692,0,0
2025-09-29 17:10:00,253.32001,253.39,253.2701,253.31509,126158,0,0
2025-09-29 17:15:00,253.31,253.455,253.27,253.32001,132443,0,0
2025-09-29 17:20:00,253.31,253.41,253.21001,253.375,145984,0,0
2025-09-29 17:25:00,253.375,253.46001,253.32001,253.39999,115180,0,0
2025-09-29 17:30:00,253.39,253.47,253.17,253.42999,165674,0,0
2025-09-29 17:35:00,253.42999,253.5,253.30499,253.4713,165192,0,0
2025-09-29 17:40:00,253.4631,253.48,253.17999,253.21001,164951,0,0
2025-09-29 17:45:00,253.2,253.295,253.13,253.24139,149522,0,0
2025-09-29 17:50:00,253.24001,253.46001,253.21001,253.33,165982,0,0
2025-09-29 17:55:00,253.32001,253.4187,253.25,253.36,103437,0,0
2025-09-29 18:00:00,253.355,253.69,253.3412,253.6703,132740,0,0
2025-09-29 18:05:00,253.67,254.0471,253.6519,253.94,346442,0,0
2025-09-29 18:10:00,253.92999,254.0406,253.82001,254.03,223714,0,0
2025-09-29 18:15:00,254.03999,254.30991,254.03,254.27,215562,0,0
2025-09-29 18:20:00,254.27,254.515,254.16,254.41,237819,0,0
2025-09-29 18:25:00,254.4053,254.61501,254.39,254.57001,226017,0,0
2025-09-29 18:30:00,254.57001,254.60001,254.35001,254.485,208117,0,1
2025-09-29 18:35:00,254.485,254.5,254.05,254.05,138791,0,0
2025-09-29 18:40:00,254.06,254.065,253.895,254.065,176358,0,0
2025-09-29 18:45:00,254.06,254.1113,253.92,253.98,165077,0,0
2025-09-29 18:50:00,253.97,254.12,253.9001,254.03,128962,0,0
2025-09-29 18:55:00,254.03,254.07001,253.94,254.06,145164,0,0
2025-09-29 19:00:00,254.05499,254.05499,253.755,253.86,163482,0,0
2025-09-29 19:05:00,253.855,253.95,253.70621,253.78,196022,0,0
2025-09-29 19:10:00,253.78999,253.83,253.7,253.77499,150982,0,0
2025-09-29 19:15:00,253.77271,253.87,253.61,253.84,215551,1,0
2025-09-29 19:20:00,253.85001,254.02,253.8101,253.95,191586,0,0
2025-09-29 19:25:00,253.94,254.13,253.94,253.99001,177706,0,0
2025-09-29 19:30:00,253.99001,254.2,253.94,254.19,178594,0,0
2025-09-29 19:35:00,254.19501,254.41,254.19,254.31,278940,0,0
2025-09-29 19:40:00,254.315,254.45,254.16,254.23,303032,0,0
2025-09-29 19:45:00,254.205,254.39999,254.17,254.27,241062,0,0
2025-09-29 19:50:00,254.25999,254.83,254.25,254.39999,511555,0,0
2025-09-29 19:55:00,254.39999,254.49001,254.185,254.35001,999888,0,0
2025-09-30 13:30:00,255.0,255.59,254.52,255.2498,1335300,0,0
2025-09-30 13:35:00,255.245,255.28,254.2,254.28999,653439,0,0
2025-09-30 13:40:00,254.2901,254.77,253.96001,254.31,1140552,0,0
2025-09-30 13:45:00,254.33,255.2204,254.2,255.19,358263,0,0
2025-09-30 13:50:00,255.185,255.39,254.60001,254.83,350741,0,0
2025-09-30 13:55:00,254.82001,255.64,254.75,255.53,353613,0,0
2025-09-30 14:00:00,255.48,255.91901,255.39,255.53999,433190,0,0
2025-09-30 14:05:00,255.55,255.819,255.05,255.12,305963,0,1
2025-09-30 14:10:00,255.14,255.19,254.62,254.73,329800,0,0
2025-09-30 14:15:00,254.755,254.97,254.58,254.8853,223359,0,0
2025-09-30 14:20:00,254.89999,255.17,254.87,255.0168,211236,0,0
2025-09-30 14:25:00,255.0,255.02,254.72,254.8862,206076,0,0
2025-09-30 14:30:00,254.91,255.13,254.78,255.07001,186067,0,0
2025-09-30 14:35:00,255.08,255.1499,254.8,254.8737,160297,0,0
2025-09-30 14:40:00,254.86,255.38699,254.77,255.36,262345,0,0
2025-09-30 14:45:00,255.345,255.52,255.14,255.355,206802,0,0
2025-09-30 14:50:00,255.3568,255.45,255.0,255.09,156780,0,0
2025-09-30 14:55:00,255.07001,255.505,255.05,255.5,187186,0,0
2025-09-30 15:00:00,255.5,255.675,255.23,255.33,160406,0,1
2025-09-30 15:05:00,255.31,255.42999,255.09,255.11,138901,0,0
2025-09-30 15:10:00,255.11,255.11,254.495,254.495,288287,0,0
2025-09-30 15:15:00,254.48,254.67999,254.46001,254.50999,189185,0,0
2025-09-30 15:20:00,254.49001,254.577,254.175,254.21831,210679,0,0
2025-09-30 15:25:00,254.23,254.33,253.8201,254.22,318229,0,0
2025-09-30 15:30:00,254.21001,254.81,254.1601,254.78999,230688,1,0
2025-09-30 15:35:00,254.76981,254.8,254.5296,254.64,153076,0,0
2025-09-30 15:40:00,254.64999,254.85001,254.46001,254.5432,148559,0,0
2025-09-30 15:45:00,254.55499,254.63,254.36,254.515,116469,0,0
2025-09-30 15:50:00,254.52,254.7616,254.4337,254.71001,101825,0,0
2025-09-30 15:55:00,254.7,254.875,254.61,254.71001,120300,0,0
2025-09-30 16:00:00,254.69,254.78,254.50999,254.6087,84511,0,0
2025-09-30 16:05:00,254.60001,254.69501,254.49001,254.595,82111,0,0
2025-09-30 16:10:00,254.59,254.61,254.38,254.48,101351,0,0
2025-09-30 16:15:00,254.49001,254.64999,254.4837,254.55499,155917,0,0
2025-09-30 16:20:00,254.57001,254.97,254.57001,254.66,142405,0,0
2025-09-30 16:25:00,254.655,254.7,254.48199,254.5351,94268,0,0
2025-09-30 16:30:00,254.5506,254.67,254.55,254.61,77082,0,0
2025-09-30 16:35:00,254.61,254.62,254.48,254.524,100971,0,0
2025-09-30 16:40:00,254.52,254.57001,254.3501,254.48,103375,0,0
2025-09-30 16:45:00,254.48,254.50999,254.2646,254.3069,98710,0,0
2025-09-30 16:50:00,254.30499,254.36,254.1201,254.13,124271,0,0
2025-09-30 16:55:00,254.14,254.2,254.035,254.0799,114065,0,0
2025-09-30 17:00:00,254.065,254.25,254.0,254.10001,136163,0,0
2025-09-30 17:05:00,254.105,254.19859,254.0,254.05,106037,0,0
2025-09-30 17:10:00,254.03999,254.03999,253.45,253.565,222187,0,0
2025-09-30 17:15:00,253.55499,253.55499,253.35001,253.375,209841,0,0
2025-09-30 17:20:00,253.36,253.50999,253.31171,253.41969,158018,1,0
2025-09-30 17:25:00,253.42,253.785,253.4156,253.735,172613,0,0
2025-09-30 17:30:00,253.75999,253.87,253.60001,253.815,143430,0,0
2025-09-30 17:35:00,253.815,253.88499,253.67,253.67999,121849,0,0
2025-09-30 17:40:00,253.67999,253.89,253.67999,253.8,94725,0,0
2025-09-30 17:45:00,253.8,253.94,253.8,253.91,100983,0,0
2025-09-30 17:50:00,253.91,253.99001,253.8351,253.89,105927,0,0
2025-09-30 17:55:00,253.88499,253.9299,253.69,253.72501,105325,0,0
2025-09-30 18:00:00,253.72,253.7746,253.55,253.57001,105448,0,0
2025-09-30 18:05:00,253.59,253.8,253.53,253.7037,130643,0,0
2025-09-30 18:10:00,253.72,253.91499,253.71001,253.8,106496,0,0
2025-09-30 18:15:00,253.8,253.94991,253.58659,253.66251,134644,0,0
2025-09-30 18:20:00,253.64999,253.64999,253.11,253.2731,309023,0,0
2025-09-30 18:25:00,253.28999,253.47,253.22099,253.34,205795,0,0
2025-09-30 18:30:00,253.34,253.5,253.271,253.46001,132692,0,0
2025-09-30 18:35:00,253.45,253.56,253.345,253.50999,133008,0,0
2025-09-30 18:40:00,253.50999,253.85001,253.505,253.8372,138138,0,0
2025-09-30 18:45:00,253.8297,254.075,253.7226,254.05,6420836,0,0
2025-09-30 18:50:00,254.03999,254.12,253.97501,254.05,159425,0,0
2025-09-30 18:55:00,254.06,254.24001,254.02831,254.19,196919,0,0
2025-09-30 19:00:00,254.19501,254.2325,254.03999,254.14999,156121,0,1
2025-09-30 19:05:00,254.14999,254.14999,253.97,253.9922,139908,0,0
2025-09-30 19:10:00,253.98,254.07001,253.6501,253.675,201793,0,0
2025-09-30 19:15:00,253.69,253.7298,253.53,253.60001,225575,0,0
2025-09-30 19:20:00,253.59,253.9059,253.5,253.85001,203051,1,0
2025-09-30 19:25:00,253.855,254.02,253.83,253.95,162432,0,0
2025-09-30 19:30:00,253.96001,253.98,253.81,253.93381,204185,0,0
2025-09-30 19:35:00,253.92,254.21001,253.905,254.1599,249846,0,0
2025-09-30 19:40:00,254.14999,254.14999,253.92,254.06,220926,0,0
2025-09-30 19:45:00,254.06,254.48,254.03,254.47501,287656,0,0
2025-09-30 19:50:00,254.45,255.17999,254.213,254.96899,701622,0,0
2025-09-30 19:55:00,254.96001,255.09129,254.53999,254.56,1366446,0,0
2025-10-01 13:30:00,255.25,256.79999,255.05,256.51749,2273358,0,0
2025-10-01 13:35:00,256.48999,258.79001,256.41,258.04999,2000386,0,0
2025-10-01 13:40:00,258.04001,258.44,257.35999,257.67001,761885,0,0
2025-10-01 13:45:00,257.64999,257.67911,255.42999,255.45,895502,0,0
2025-10-01 13:50:00,255.41,256.29999,255.28,256.25,685963,0,0
2025-10-01 13:55:00,256.23999,256.55991,255.86501,256.505,526245,0,0
2025-10-01 14:00:00,256.51501,256.73999,256.03009,256.42999,388662,0,0
2025-10-01 14:05:00,256.42001,256.42001,255.73,255.8501,399986,0,0
2025-10-01 14:10:00,255.88,256.0799,255.435,255.98,361414,0,0
2025-10-01 14:15:00,255.9875,257.03,255.94,256.98001,455803,0,0
2025-10-01 14:20:00,256.9855,257.32999,256.625,256.72269,401460,0,1
2025-10-01 14:25:00,256.72849,256.82001,256.16141,256.16141,526779,0,0
2025-10-01 14:30:00,256.17999,256.259,255.39999,255.8459,414047,0,0
2025-10-01 14:35:00,255.83501,255.99001,255.61011,255.83,268056,0,0
2025-10-01 14:40:00,255.82001,255.84,255.5,255.55,255297,0,0
2025-10-01 14:45:00,255.56,255.94501,255.50999,255.81,228872,0,0
2025-10-01 14:50:00,255.81,255.92999,255.53,255.8,234250,0,0
2025-10-01 14:55:00,255.8,255.9437,255.53,255.53,177761,0,0
2025-10-01 15:00:00,255.53,255.64,255.38,255.4549,243837,0,0
2025-10-01 15:05:00,255.46001,255.62,255.3,255.3866,291876,0,0
2025-10-01 15:10:00,255.375,255.6353,255.2,255.55,236103,0,0
2025-10-01 15:15:00,255.53841,255.58,255.22,255.42,220967,0,0
2025-10-01 15:20:00,255.41,255.50999,255.21001,255.23,216608,0,0
2025-10-01 15:25:00,255.27,255.545,255.10001,255.52451,184400,0,0
2025-10-01 15:30:00,255.53011,255.8297,255.515,255.56599,248644,0,0
2025-10-01 15:35:00,255.545,255.86,255.50999,255.83,146762,0,0
2025-10-01 15:40:00,255.84,255.89,255.69,255.795,134969,0,0
2025-10-01 15:45:00,255.795,256.04001,255.62,255.685,210543,0,0
2025-10-01 15:50:00,255.68559,255.78999,255.55,255.78999,176698,0,0
2025-10-01 15:55:00,255.78999,256.12,255.72,256.10001,218806,0,0
2025-10-01 16:00:00,256.10001,256.47,256.09,256.35999,214298,0,0
2025-10-01 16:05:00,256.35501,256.56,256.3085,256.48999,216299,0,0
2025-10-01 16:10:00,256.45999,256.92001,256.45001,256.64001,261809,0,0
2025-10-01 16:15:00,256.64001,256.64001,256.20001,256.20001,195398,0,0
2025-10-01 16:20:00,256.20001,256.20999,255.93761,256.065,159436,0,0
2025-10-01 16:25:00,256.07999,256.276,256.06,256.16,155080,0,0
2025-10-01 16:30:00,256.1636,256.38989,256.06,256.07001,189622,0,0
2025-10-01 16:35:00,256.0701,256.51001,256.03,256.48001,191862,0,0
2025-10-01 16:40:00,256.465,256.63,256.25,256.26001,143744,0,0
2025-10-01 16:45:00,256.25,256.56,256.12,256.42499,132146,0,0
2025-10-01 16:50:00,256.42499,256.565,256.2901,256.405,118888,0,0
2025-10-01 16:55:00,256.39011,256.49869,256.34,256.45319,117691,0,0
2025-10-01 17:00:00,256.45999,256.8298,256.45999,256.60001,187273,0,0
2025-10-01 17:05:00,256.59839,256.64999,256.48999,256.54001,147231,0,0
2025-10-01 17:10:00,256.51501,256.53,256.02499,256.04001,162005,0,0
2025-10-01 17:15:00,256.04001,256.23001,255.983,256.095,170392,0,0
2025-10-01 17:20:00,256.095,256.22,256.021,256.03,115842,0,0
2025-10-01 17:25:00,256.01001,256.185,255.855,256.14041,149991,1,0
2025-10-01 17:30:00,256.16501,256.22,256.06,256.06839,8096483,0,0
2025-10-01 17:35:00,256.08801,256.45999,256.0784,256.34,204746,0,0
2025-10-01 17:40:00,256.36499,256.5,256.26501,256.35999,195739,0,0
2025-10-01 17:45:00,256.37,256.41,256.215,256.315,163940,0,0
2025-10-01 17:50:00,256.30011,256.45001,256.245,256.41071,154779,0,0
2025-10-01 17:55:00,256.4014,256.56,256.34131,256.45609,177929,0,0
2025-10-01 18:00:00,256.4512,256.67001,256.42001,256.54999,242398,0,0
2025-10-01 18:05:00,256.57999,256.64999,256.48001,256.53,195597,0,0
2025-10-01 18:10:00,256.52509,256.64999,256.39999,256.59,173547,0,0
2025-10-01 18:15:00,256.57001,256.68591,256.56839,256.60001,154457,0,0
2025-10-01 18:20:00,256.60001,256.64999,256.47,256.54999,184892,0,0
2025-10-01 18:25:00,256.54001,256.64499,256.45001,256.48499,171419,0,0
2025-10-01 18:30:00,256.48001,256.54001,256.30011,256.39011,158187,0,0
2025-10-01 18:35:00,256.39499,256.47009,256.26501,256.37,194277,0,0
2025-10-01 18:40:00,256.35001,256.54001,256.29999,256.32501,154085,0,0
2025-10-01 18:45:00,256.32199,256.39999,256.23499,256.39499,152785,0,0
2025-10-01 18:50:00,256.39999,256.48141,256.29999,256.39001,179369,0,0
2025-10-01 18:55:00,256.39001,256.75,256.37,256.73999,225481,0,0
2025-10-01 19:00:00,256.73441,256.94,256.53299,256.66,351372,0,0
2025-10-01 19:05:00,256.64999,256.84,256.60001,256.79999,194207,0,0
2025-10-01 19:10:00,256.80499,256.80499,256.62,256.66,221328,0,1
2025-10-01 19:15:00,256.64999,256.69,256.51999,256.54001,219265,0,0
2025-10-01 19:20:00,256.54999,256.60999,255.9101,255.92999,354383,0,0
2025-10-01 19:25:00,255.92999,256.08499,255.87,255.94,346876,0,0
2025-10-01 19:30:00,255.94,256.14001,255.92999,256.0123,928539,0,0
2025-10-01 19:35:00,256.01501,256.01501,255.42999,255.49471,493717,0,0
2025-10-01 19:40:00,255.495,255.62,255.32001,255.35001,489635,0,0
2025-10-01 19:45:00,255.36,255.77699,255.28,255.77,491764,0,0
2025-10-01 19:50:00,255.78,255.91,255.39999,255.605,770815,0,0
2025-10-01 19:55:00,255.61,255.77,255.36,255.41,1704692,0,0
2025-10-02 13:30:00,256.59,257.29999,255.836,255.89999,4742595,0,1
2025-10-02 13:35:00,255.89,256.14001,254.5,254.55499,1196179,0,0
2025-10-02 13:40:00,254.53,254.96001,254.14999,254.755,964827,1,0
2025-10-02 13:45:00,254.75999,255.41991,254.52499,255.14,697571,0,0
2025-10-02 13:50:00,255.13,255.97501,254.92999,255.675,732733,0,0
2025-10-02 13:55:00,255.67,256.07999,255.53,256.035,595972,0,0
2025-10-02 14:00:00,256.02499,256.14999,255.69,256.10001,528604,0,0
2025-10-02 14:05:00,256.07999,256.10849,255.64999,256.0351,431039,0,0
2025-10-02 14:10:00,256.01999,256.26001,255.88,256.23129,458054,0,0
2025-10-02 14:15:00,256.23001,256.685,255.995,256.39999,477641,0,0
2025-10-02 14:20:00,256.41089,256.60001,256.26999,256.505,374535,0,0
2025-10-02 14:25:00,256.505,256.64999,256.07101,256.22009,370419,0,0
2025-10-02 14:30:00,256.23001,256.47009,256.09,256.38,349441,0,0
2025-10-02 14:35:00,256.38,256.58499,256.31009,256.55499,371984,0,0
2025-10-02 14:40:00,256.57001,256.67001,256.38,256.61499,330857,0,0
2025-10-02 14:45:00,256.63,256.79001,256.2644,256.28,376690,0,0
2025-10-02 14:50:00,256.26999,256.30481,255.98,256.245,391263,0,0
2025-10-02 14:55:00,256.245,256.54001,256.20001,256.26001,361266,0,0
2025-10-02 15:00:00,256.25,256.285,256.01501,256.08499,291793,0,0
2025-10-02 15:05:00,256.10999,256.28,255.97,256.0,328289,0,0
2025-10-02 15:10:00,256.0,256.62,255.99001,256.58331,427238,1,0
2025-10-02 15:15:00,256.57999,256.63,256.21851,256.23499,228445,0,0
2025-10-02 15:20:00,256.20999,256.3999,256.10001,256.37,208274,0,0
2025-10-02 15:25:00,256.37,257.64001,256.35001,257.16501,1134765,0,0
2025-10-02 15:30:00,257.14999,257.22,256.72101,257.07999,379440,0,0
2025-10-02 15:35:00,257.09,257.67029,257.04559,257.41,736807,0,0
2025-10-02 15:40:00,257.41501,257.60501,257.20499,257.48001,385780,0,0
2025-10-02 15:45:00,257.45001,257.73999,256.8541,256.95999,441350,0,0
2025-10-02 15:50:00,256.94501,257.29001,256.92999,257.26001,182972,0,0
2025-10-02 15:55:00,257.26001,257.98999,257.25,257.77271,424521,0,0
2025-10-02 16:00:00,257.76999,258.17999,257.69,257.995,576282,0,0
2025-10-02 16:05:00,258.01999,258.10999,257.7164,258.095,378859,0,0
2025-10-02 16:10:00,258.07001,258.095,257.70001,257.79001,261441,0,0
2025-10-02 16:15:00,257.79001,257.875,257.51999,257.82059,238634,0,0
2025-10-02 16:20:00,257.815,257.83499,257.45001,257.53,203521,0,0
2025-10-02 16:25:00,257.5,257.54999,257.31,257.345,178799,0,0
2025-10-02 16:30:00,257.345,257.39001,257.17001,257.315,222720,0,0
2025-10-02 16:35:00,257.31,257.57001,257.29999,257.39999,217188,0,0
2025-10-02 16:40:00,257.39999,257.41501,257.117,257.2099,152164,0,0
2025-10-02 16:45:00,257.23999,257.39001,257.11389,257.25,145807,0,0
2025-10-02 16:50:00,257.24951,257.39001,257.1571,257.35999,152872,0,0
2025-10-02 16:55:00,257.39001,257.56531,257.25,257.51501,181277,0,0
2025-10-02 17:00:00,257.495,257.52509,257.35001,257.51001,160182,0,0
2025-10-02 17:05:00,257.5,257.57071,257.37,257.39001,128522,0,0
2025-10-02 17:10:00,257.38,257.81909,257.34,257.76999,338490,0,0
2025-10-02 17:15:00,257.79001,257.8226,257.34,257.35999,240355,0,1
2025-10-02 17:20:00,257.36011,257.45001,257.20999,257.34421,150474,0,0
2025-10-02 17:25:00,257.35501,257.53,257.29999,257.41,200268,0,0
2025-10-02 17:30:00,257.39001,257.56,257.32999,257.51999,161677,0,0
2025-10-02 17:35:00,257.51999,257.59991,257.31,257.51999,178105,0,0
2025-10-02 17:40:00,257.51999,257.75,257.42001,257.42001,181755,0,0
2025-10-02 17:45:00,257.42001,257.5007,257.35001,257.35001,166493,0,0
2025-10-02 17:50:00,257.34,257.35999,257.10999,257.12,187493,0,0
2025-10-02 17:55:00,257.12,257.28,257.05801,257.12,169896,1,0
2025-10-02 18:00:00,257.12,257.45999,257.03,257.33499,316119,1,0
2025-10-02 18:05:00,257.32999,257.57001,257.31,257.35999,281138,0,0
2025-10-02 18:10:00,257.34,257.51001,257.23999,257.3913,178679,0,0
2025-10-02 18:15:00,257.39001,257.51999,257.34,257.5,166429,0,0
2025-10-02 18:20:00,257.5,257.70001,257.48001,257.62,262382,0,0
2025-10-02 18:25:00,257.60999,257.91,257.565,257.88,226466,0,0
2025-10-02 18:30:00,257.87,258.01001,257.745,257.94281,302549,0,0
2025-10-02 18:35:00,257.94,258.16,257.87869,258.147,328508,0,0
2025-10-02 18:40:00,258.14499,258.14499,257.70999,257.98001,1591549,0,0
2025-10-02 18:45:00,257.97,258.07999,257.93301,257.98499,277068,0,0
2025-10-02 18:50:00,257.97501,257.98999,257.73999,257.85999,220101,0,0
2025-10-02 18:55:00,257.87,258.01001,257.78,257.92999,198806,0,0
2025-10-02 19:00:00,257.92999,257.95099,257.79999,257.92999,179778,0,0
2025-10-02 19:05:00,257.92499,257.94501,257.67899,257.685,223451,0,0
2025-10-02 19:10:00,257.67001,257.67999,257.5,257.60001,335062,0,0
2025-10-02 19:15:00,257.60001,257.60001,257.375,257.5087,338362,0,0
2025-10-02 19:20:00,257.51999,257.66,257.48001,257.64001,288948,0,0
2025-10-02 19:25:00,257.64499,257.67999,257.51001,257.51001,328520,0,0
2025-10-02 19:30:00,257.51001,257.875,257.51001,257.815,601953,0,0
2025-10-02 19:35:00,257.815,257.84,257.5,257.56,260761,0,0
2025-10-02 19:40:00,257.54999,257.60999,257.33499,257.37,320814,0,0
2025-10-02 19:45:00,257.37,257.48999,257.125,257.44,530978,0,0
2025-10-02 19:50:00,257.42999,257.60001,257.10001,257.20999,1075792,0,0
2025-10-02 19:55:00,257.23999,257.45001,256.88,257.14001,2310693,0,0
2025-10-03 13:30:00,254.66499,256.73999,253.96001,256.715,4396864,1,0
2025-10-03 13:35:00,256.72,258.16,256.70001,257.88,2027405,0,0
2025-10-03 13:40:00,257.87,258.20001,257.48999,257.89499,1517846,0,0
2025-10-03 13:45:00,257.92999,258.64999,257.63,258.63,1452443,0,0
2025-10-03 13:50:00,258.62,259.04001,258.29999,258.98001,1500974,0,0
2025-10-03 13:55:00,258.97501,259.0,258.01001,258.05161,1339265,0,0
2025-10-03 14:00:00,258.04001,258.26001,257.34,258.10001,1133691,0,0
2025-10-03 14:05:00,258.09,258.62,258.005,258.47,705829,0,0
2025-10-03 14:10:00,258.47,258.79001,258.38,258.65649,582046,0,0
2025-10-03 14:15:00,258.6586,258.73001,258.20001,258.39001,556677,0,0
2025-10-03 14:20:00,258.38,258.63,258.065,258.10501,516870,0,0
2025-10-03 14:25:00,258.11209,258.38,257.81,257.85001,600400,0,0
2025-10-03 14:30:00,257.85999,258.08521,257.51999,257.97501,655153,0,0
2025-10-03 14:35:00,257.97,258.28,257.88,258.23001,465345,0,0
2025-10-03 14:40:00,258.22,258.73999,258.17001,258.1701,586779,0,0
2025-10-03 14:45:00,258.17999,258.37,257.97,258.13,307253,0,0
2025-10-03 14:50:00,258.12,258.36331,257.89001,258.35001,311343,0,0
2025-10-03 14:55:00,258.35999,258.42999,258.14999,258.17499,305456,0,0
2025-10-03 15:00:00,258.17001,258.20001,257.94,258.065,325147,0,0
2025-10-03 15:05:00,258.065,258.37,257.89499,258.25,296337,0,0
2025-10-03 15:10:00,258.23999,258.41,258.06,258.3894,229781,0,0
2025-10-03 15:15:00,258.38,258.53259,258.31,258.38501,267686,0,0
2025-10-03 15:20:00,258.39801,258.65381,258.29999,258.64999,266787,0,0
2025-10-03 15:25:00,258.64001,258.73001,258.39999,258.51001,435881,0,0
2025-10-03 15:30:00,258.49301,258.83481,258.42499,258.70001,416376,0,0
2025-10-03 15:35:00,258.69501,259.01999,258.54999,258.84729,693355,0,0
2025-10-03 15:40:00,258.84,259.23999,258.57001,258.76999,1091474,0,0
2025-10-03 15:45:00,258.79941,258.84,258.29999,258.48001,507452,0,0
2025-10-03 15:50:00,258.47,258.60001,258.31,258.42999,381644,0,0
2025-10-03 15:55:00,258.42999,258.47299,258.26001,258.405,248594,0,0
2025-10-03 16:00:00,258.41309,258.48001,258.2605,258.2605,281042,0,0
2025-10-03 16:05:00,258.25711,258.60001,258.25711,258.48499,250627,1,0
2025-10-03 16:10:00,258.51501,258.54001,258.3186,258.37,229576,0,0
2025-10-03 16:15:00,258.41,258.85999,258.39999,258.74301,331051,0,0
2025-10-03 16:20:00,258.73999,258.81,258.41,258.465,195536,0,0
2025-10-03 16:25:00,258.45999,258.57999,258.35501,258.54871,202003,0,0
2025-10-03 16:30:00,258.54001,258.64001,258.47,258.54999,182345,0,0
2025-10-03 16:35:00,258.54999,258.59,258.19,258.42001,285268,0,0
2025-10-03 16:40:00,258.42001,258.62,258.32001,258.62,267525,0,0
2025-10-03 16:45:00,258.63501,258.67001,258.54999,258.60999,227015,0,0
2025-10-03 16:50:00,258.60001,258.89999,258.60001,258.8887,327476,0,0
2025-10-03 16:55:00,258.88,258.92999,258.78,258.79501,273702,0,0
2025-10-03 17:00:00,258.80991,258.80991,258.23499,258.34,473366,0,0
2025-10-03 17:05:00,258.32999,258.5,258.12,258.36499,413304,0,0
2025-10-03 17:10:00,258.35001,258.64999,258.32001,258.54001,292218,0,0
2025-10-03 17:15:00,258.54001,258.56,258.35001,258.36789,219047,0,0
2025-10-03 17:20:00,258.35999,258.63,258.32999,258.38,219043,0,0
2025-10-03 17:25:00,258.41501,258.45999,258.23001,258.31,228432,0,0
2025-10-03 17:30:00,258.29999,258.3288,258.0145,258.01501,346364,0,0
2025-10-03 17:35:00,258.01459,258.19659,257.9101,258.13,364946,0,0
2025-10-03 17:40:00,258.12,258.12,257.76999,257.81,389074,0,0
2025-10-03 17:45:00,257.81,257.82501,257.45001,257.595,367619,0,0
2025-10-03 17:50:00,257.60141,257.6171,257.12,257.16,898212,0,0
2025-10-03 17:55:00,257.17001,257.69,257.13,257.43719,378358,0,0
2025-10-03 18:00:00,257.436,257.5,257.10001,257.16,248665,0,0
2025-10-03 18:05:00,257.16501,257.34,256.95999,257.20001,402683,0,0
2025-10-03 18:10:00,257.20001,257.62,257.0701,257.595,399268,0,0
2025-10-03 18:15:00,257.57999,258.0,257.54001,257.82999,671860,0,0
2025-10-03 18:20:00,257.82999,258.2395,257.82001,258.20001,447792,0,0
2025-10-03 18:25:00,258.20001,258.59,258.19,258.37,544398,0,0
2025-10-03 18:30:00,258.37,258.44009,258.09,258.20999,339864,0,0
2025-10-03 18:35:00,258.20999,258.30069,258.0477,258.255,197567,0,0
2025-10-03 18:40:00,258.23721,258.51999,258.18011,258.4729,338056,0,0
2025-10-03 18:45:00,258.48001,258.58499,258.35001,258.3826,314083,0,1
2025-10-03 18:50:00,258.38,258.51001,258.31009,258.45001,243702,0,0
2025-10-03 18:55:00,258.45999,258.52499,258.32999,258.33029,220812,0,0
2025-10-03 19:00:00,258.35001,258.4126,258.12,258.25,235471,0,0
2025-10-03 19:05:00,258.22,258.23999,258.0,258.07779,265503,0,0
2025-10-03 19:10:00,258.07999,258.22,258.01001,258.03,241071,0,0
2025-10-03 19:15:00,258.01001,258.16901,257.92001,258.0639,188955,0,0
2025-10-03 19:20:00,258.07001,258.10001,257.85001,257.88,222415,0,0
2025-10-03 19:25:00,257.88,258.0,257.86499,257.92001,242828,0,0
2025-10-03 19:30:00,257.92001,258.05011,257.87,258.02509,401496,0,0
2025-10-03 19:35:00,258.01999,258.01999,257.85001,257.91501,302755,0,0
2025-10-03 19:40:00,257.91,258.26001,257.90771,257.98999,434908,0,0
2025-10-03 19:45:00,257.98499,258.20001,257.89999,257.98001,435428,0,0
2025-10-03 19:50:00,257.95001,257.95001,257.4035,257.68259,857447,0,0
2025-10-03 19:55:00,257.70001,258.07001,257.60001,258.01501,2036020,0,0
2025-10-06 13:30:00,257.94501,259.07001,257.23001,257.91,1921173,0,0
2025-10-06 13:35:00,258.005,258.03,256.34,256.44,522441,0,0
2025-10-06 13:40:00,256.42999,256.78,255.63,255.75999,755379,0,0
2025-10-06 13:45:00,255.755,258.14999,255.05,256.2226,2878140,1,0
2025-10-06 13:50:00,256.215,256.42001,255.8,256.04501,689852,0,0
2025-10-06 13:55:00,256.07999,256.48999,255.83,256.27499,761497,0,0
2025-10-06 14:00:00,256.26999,257.17001,256.19,256.97119,752982,0,0
2025-10-06 14:05:00,257.0,257.77011,256.85999,257.73999,669359,0,0
2025-10-06 14:10:00,257.73999,258.62,257.63,258.39999,776084,0,0
2025-10-06 14:15:00,258.39001,258.75,258.04001,258.09,595435,0,0
2025-10-06 14:20:00,258.07999,258.4646,257.95001,258.01501,512901,0,0
2025-10-06 14:25:00,258.04001,258.33249,257.76001,257.78,833915,0,0
2025-10-06 14:30:00,257.79999,257.91,257.42001,257.4465,366954,0,0
2025-10-06 14:35:00,257.435,257.94,257.28,257.77991,503379,1,0
2025-10-06 14:40:00,257.75,257.97491,257.37,257.92001,375636,0,0
2025-10-06 14:45:00,257.91,257.98001,257.51999,257.59,322831,0,0
2025-10-06 14:50:00,257.58499,257.98001,257.58499,257.785,291099,0,0
2025-10-06 14:55:00,257.785,257.91,257.56,257.84,231165,0,0
2025-10-06 15:00:00,257.845,257.95499,257.61499,257.78,240448,0,0
2025-10-06 15:05:00,257.79001,257.89499,257.62,257.64999,221532,0,0
2025-10-06 15:10:00,257.62,257.70001,257.51999,257.51999,219199,0,0
2025-10-06 15:15:00,257.53,257.64969,257.39999,257.64001,241423,0,0
2025-10-06 15:20:00,257.63501,257.69751,257.375,257.51001,237709,0,0
2025-10-06 15:25:00,257.48001,257.69,257.44,257.5513,196025,0,0
2025-10-06 15:30:00,257.565,257.67001,257.32001,257.39499,234713,0,0
2025-10-06 15:35:00,257.38,257.42999,257.02499,257.07999,271526,0,0
2025-10-06 15:40:00,257.07999,257.07999,256.82999,257.04999,333745,0,0
2025-10-06 15:45:00,257.0401,257.3923,257.01999,257.32001,488554,0,0
2025-10-06 15:50:00,257.32001,257.42999,257.04001,257.375,371007,0,0
2025-10-06 15:55:00,257.375,257.53,257.01001,257.17001,296447,0,0
2025-10-06 16:00:00,257.15009,257.53,257.01001,257.4588,197480,0,0
2025-10-06 16:05:00,257.45999,257.57001,257.14999,257.16,221985,0,1
2025-10-06 16:10:00,257.14999,257.20999,256.8252,256.86499,253990,0,0
2025-10-06 16:15:00,256.85999,257.14999,256.76999,257.10501,329579,1,0
2025-10-06 16:20:00,257.10999,257.34,257.06,257.08099,187414,0,0
2025-10-06 16:25:00,257.07501,257.20001,256.85001,257.13,315393,0,0
2025-10-06 16:30:00,257.13,257.16,256.92499,256.98929,254925,0,0
2025-10-06 16:35:00,256.97501,257.23999,256.92349,257.14999,191126,0,0
2025-10-06 16:40:00,257.14999,257.31989,257.11499,257.17001,156148,0,0
2025-10-06 16:45:00,257.16,257.48001,257.16,257.27499,197476,0,0
2025-10-06 16:50:00,257.26001,257.38,257.0,257.28,189483,0,0
2025-10-06 16:55:00,257.28,257.35519,257.17001,257.33499,151422,0,0
2025-10-06 17:00:00,257.33011,257.39999,257.22,257.28009,176940,0,0
2025-10-06 17:05:00,257.28448,257.30499,257.0,257.07999,151667,0,0
2025-10-06 17:10:00,257.09,257.14001,256.84021,257.11499,280300,0,0
2025-10-06 17:15:00,257.10001,257.13,256.13049,256.64001,567860,0,0
2025-10-06 17:20:00,256.64001,256.98001,256.38,256.89999,316487,0,0
2025-10-06 17:25:00,256.91501,257.05399,256.48999,256.56,243388,0,0
2025-10-06 17:30:00,256.54999,256.68121,256.39001,256.539,266058,0,0
2025-10-06 17:35:00,256.56,256.64001,256.32001,256.39999,306309,0,0
2025-10-06 17:40:00,256.41,256.41,255.855,255.86,503440,0,0
2025-10-06 17:45:00,255.87,256.04999,255.84,255.91879,343750,0,0
2025-10-06 17:50:00,255.92,256.23999,255.5921,255.60001,668330,0,0
2025-10-06 17:55:00,255.59,255.71001,255.5,255.61501,380315,1,0
2025-10-06 18:00:00,255.61099,256.2438,255.61099,256.2316,355041,0,0
2025-10-06 18:05:00,256.25,256.32999,255.88,255.99001,298820,0,0
2025-10-06 18:10:00,255.98759,256.03,255.67999,255.78999,2035147,0,0
2025-10-06 18:15:00,255.78,256.16,255.78,256.14499,257294,0,0
2025-10-06 18:20:00,256.14001,256.23999,256.01999,256.07999,294592,0,0
2025-10-06 18:25:00,256.09,256.23999,256.065,256.185,213440,0,0
2025-10-06 18:30:00,256.18021,256.57999,256.18021,256.41,284186,0,0
2025-10-06 18:35:00,256.35999,256.47,256.12,256.13,203300,0,0
2025-10-06 18:40:00,256.13501,256.26001,256.065,256.17999,188938,0,0
2025-10-06 18:45:00,256.17001,256.29001,256.10501,256.22,191045,0,0
2025-10-06 18:50:00,256.22,256.45999,256.22,256.31,197032,0,0
2025-10-06 18:55:00,256.315,256.45999,256.17801,256.22,154997,0,0
2025-10-06 19:00:00,256.20999,256.39999,256.13501,256.37009,213821,0,0
2025-10-06 19:05:00,256.37,256.48999,256.35001,256.41,208767,0,0
2025-10-06 19:10:00,256.405,256.66,256.38,256.60001,267826,0,0
2025-10-06 19:15:00,256.61499,256.64001,256.38,256.41,307352,0,0
2025-10-06 19:20:00,256.4101,256.56,256.29999,256.42001,254037,0,0
2025-10-06 19:25:00,256.42001,256.62,256.42001,256.51001,222423,0,0
2025-10-06 19:30:00,256.51001,256.69,256.51001,256.54999,242304,0,0
2025-10-06 19:35:00,256.54001,256.63,256.45999,256.625,271678,0,0
2025-10-06 19:40:00,256.63,256.97,256.54001,256.92499,455935,0,0
2025-10-06 19:45:00,256.92001,257.09,256.76999,257.07999,527679,0,0
2025-10-06 19:50:00,257.07999,257.25,256.92999,256.98001,696061,0,0
2025-10-06 19:55:00,256.98999,257.06,256.60999,256.64999,1384085,0,0
2025-10-07 13:30:00,256.82001,257.39999,256.82001,257.00961,1661714,0,0
2025-10-07 13:35:00,257.01999,257.3512,256.66681,257.14999,464990,0,0
2025-10-07 13:40:00,257.16,257.39001,256.28,256.535,503383,0,0
2025-10-07 13:45:00,256.54999,257.29999,256.41,257.28,548200,0,0
2025-10-07 13:50:00,257.29001,257.35999,256.97,257.23999,433921,0,0
2025-10-07 13:55:00,257.25,257.39999,257.04999,257.16351,371446,0,0
2025-10-07 14:00:00,257.155,257.24051,256.67999,256.72501,548951,0,0
2025-10-07 14:05:00,256.73001,257.01001,256.66199,256.73001,401423,0,0
2025-10-07 14:10:00,256.73999,257.20001,256.64639,257.17001,375669,0,0
2025-10-07 14:15:00,257.185,257.22,256.65759,256.905,321110,0,0
2025-10-07 14:20:00,256.92999,256.92999,256.51999,256.57501,365018,0,0
2025-10-07 14:25:00,256.57501,256.78421,256.47,256.67999,429532,0,0
2025-10-07 14:30:00,256.67001,256.79001,256.32999,256.56,339275,0,0
2025-10-07 14:35:00,256.54001,256.72989,256.32001,256.35001,301471,0,0
2025-10-07 14:40:00,256.32001,256.32001,255.96001,255.96001,397367,0,0
2025-10-07 14:45:00,255.95,256.12,255.60001,255.99001,648064,0,0
2025-10-07 14:50:00,255.995,256.02499,255.69,255.88499,393823,0,0
2025-10-07 14:55:00,255.85001,256.1088,255.77499,255.91,281461,1,0
2025-10-07 15:00:00,255.89,256.29999,255.89,256.26001,324253,0,0
2025-10-07 15:05:00,256.26999,256.57999,256.10001,256.39001,566968,0,0
2025-10-07 15:10:00,256.38,257.10791,256.26999,256.94,563939,0,0
2025-10-07 15:15:00,256.92001,256.935,256.39001,256.495,237409,0,0
2025-10-07 15:20:00,256.51001,256.64999,256.44,256.53,219665,0,0
2025-10-07 15:25:00,256.51999,256.57999,256.29001,256.379,261291,0,0
2025-10-07 15:30:00,256.39001,256.62,256.31,256.54999,303601,0,0
2025-10-07 15:35:00,256.54001,256.59,256.19,256.45999,314618,0,0
2025-10-07 15:40:00,256.47,256.84979,256.42999,256.69501,295366,0,0
2025-10-07 15:45:00,256.70999,256.70999,256.3703,256.565,236883,0,0
2025-10-07 15:50:00,256.57001,256.685,256.18719,256.3428,394228,0,0
2025-10-07 15:55:00,256.35001,256.39999,256.19501,256.29999,199768,0,0
2025-10-07 16:00:00,256.29401,256.56989,256.24051,256.51999,633128,0,0
2025-10-07 16:05:00,256.51001,256.64999,256.32999,256.4599,272627,0,0
2025-10-07 16:10:00,256.44,256.45999,255.94009,256.03,325939,0,0
2025-10-07 16:15:00,256.01001,256.09,255.89,256.01001,270024,1,0
2025-10-07 16:20:00,256.01999,256.4126,256.0,256.31,216442,0,0
2025-10-07 16:25:00,256.32001,256.4899,256.15109,256.33841,231148,0,0
2025-10-07 16:30:00,256.32999,256.57501,256.32999,256.44,234642,0,0
2025-10-07 16:35:00,256.45999,256.64001,256.42499,256.45001,219276,0,0
2025-10-07 16:40:00,256.44501,256.66,256.41,256.60999,306196,0,0
2025-10-07 16:45:00,256.59,256.64828,256.30499,256.31369,142832,0,0
2025-10-07 16:50:00,256.31,256.38,256.14001,256.17999,227719,0,0
2025-10-07 16:55:00,256.19,256.26001,255.905,256.07999,165107,0,0
2025-10-07 17:00:00,256.08499,256.08499,255.89,256.01001,184279,0,0
2025-10-07 17:05:00,256.0,256.13,255.93021,256.1001,150774,0,0
2025-10-07 17:10:00,256.10999,256.22,255.96001,256.01001,148053,0,0
2025-10-07 17:15:00,256.01999,256.17999,255.8201,255.88499,152220,0,0
2025-10-07 17:20:00,255.87,256.03,255.86,255.905,203272,0,0
2025-10-07 17:25:00,255.89,255.9377,255.7543,255.89,201323,0,0
2025-10-07 17:30:00,255.86,256.06329,255.80009,256.01999,200575,0,0
2025-10-07 17:35:00,256.01999,256.04999,255.83,255.95,128801,0,0
2025-10-07 17:40:00,255.935,255.96001,255.84,255.92,140736,0,0
2025-10-07 17:45:00,255.92999,256.05499,255.845,256.02841,113136,0,0
2025-10-07 17:50:00,256.01999,256.04999,255.54021,255.57001,202152,0,0
2025-10-07 17:55:00,255.58,255.955,255.42999,255.84,234797,0,0
2025-10-07 18:00:00,255.84,255.85001,255.565,255.755,250475,0,0
2025-10-07 18:05:00,255.755,256.03,255.73,255.97,180637,0,0
2025-10-07 18:10:00,255.98,256.13,255.97,256.04001,186913,0,0
2025-10-07 18:15:00,256.01999,256.095,255.97,256.04501,193629,0,0
2025-10-07 18:20:00,256.03201,256.10501,256.01501,256.03009,165726,0,0
2025-10-07 18:25:00,256.04001,256.14999,255.96001,256.06989,296856,0,0
2025-10-07 18:30:00,256.07001,256.11499,256.005,256.04999,161151,0,0
2025-10-07 18:35:00,256.04999,256.20999,256.04999,256.155,161360,0,0
2025-10-07 18:40:00,256.155,256.16989,256.04999,256.13831,132488,0,0
2025-10-07 18:45:00,256.14001,256.20001,256.04001,256.07999,160590,0,0
2025-10-07 18:50:00,256.07199,256.1785,256.0,256.12,166784,0,0
2025-10-07 18:55:00,256.12,256.15509,256.04001,256.155,200117,0,0
2025-10-07 19:00:00,256.15991,256.29999,256.13,256.17499,241406,0,0
2025-10-07 19:05:00,256.17999,256.255,256.069,256.20999,198557,0,0
2025-10-07 19:10:00,256.215,256.30151,256.19699,256.26999,209124,0,0
2025-10-07 19:15:00,256.28,256.28711,255.99001,256.01749,279166,0,0
2025-10-07 19:20:00,256.01001,256.09,255.9101,255.9642,201336,0,0
2025-10-07 19:25:00,255.9622,256.07001,255.94,256.01999,249395,0,0
2025-10-07 19:30:00,256.01999,256.07501,255.92,256.01999,292398,0,0
2025-10-07 19:35:00,256.01501,256.125,255.98,256.07999,294848,0,0
2025-10-07 19:40:00,256.07999,256.57999,256.07449,256.54001,511012,0,0
2025-10-07 19:45:00,256.5401,256.60989,256.41,256.44,378751,0,0
2025-10-07 19:50:00,256.45001,256.59,256.35001,256.54001,788932,0,0
2025-10-07 19:55:00,256.54999,256.62,256.23999,256.48999,1712575,0,0
2025-10-08 13:30:00,256.53,257.6799,256.35999,256.625,2446571,0,0
2025-10-08 13:35:00,256.66,256.89001,256.10999,256.28,865891,0,0
2025-10-08 13:40:00,256.28339,257.435,256.23999,256.92001,762656,0,0
2025-10-08 13:45:00,256.89499,257.57001,256.82999,257.33499,507868,0,0
2025-10-08 13:50:00,257.33499,257.89001,257.31,257.34201,571027,0,0
2025-10-08 13:55:00,257.32001,257.34,257.01999,257.22,434709,0,0
2025-10-08 14:00:00,257.22,257.76999,257.17001,257.345,549545,0,0
2025-10-08 14:05:00,257.34601,257.78,257.25,257.69,441873,0,0
2025-10-08 14:10:00,257.70999,258.1196,257.6879,257.78,814050,0,0
2025-10-08 14:15:00,257.80499,258.19,257.70001,257.85999,410346,0,0
2025-10-08 14:20:00,257.84,258.07251,257.70001,257.86499,351212,0,0
2025-10-08 14:25:00,257.85001,257.931,257.62,257.84,303529,0,0
2025-10-08 14:30:00,257.85999,257.85999,257.54001,257.62,420978,0,0
2025-10-08 14:35:00,257.62,257.67001,257.20001,257.4375,390735,0,0
2025-10-08 14:40:00,257.42001,257.56461,257.32001,257.38,230024,0,0
2025-10-08 14:45:00,257.39499,257.57999,257.29999,257.46509,197936,0,0
2025-10-08 14:50:00,257.48001,257.70999,257.2901,257.67999,329860,0,0
2025-10-08 14:55:00,257.67999,257.67999,257.39001,257.60999,299398,0,0
2025-10-08 15:00:00,257.60001,258.17999,257.57501,258.12509,1067782,0,0
2025-10-08 15:05:00,258.12119,258.39999,258.12,258.32001,444442,0,0
2025-10-08 15:10:00,258.16,258.383,258.11121,258.20001,320362,0,0
2025-10-08 15:15:00,258.20001,258.23001,257.95001,257.965,242832,0,0
2025-10-08 15:20:00,257.97,258.32001,257.95001,258.31241,265547,0,0
2025-10-08 15:25:00,258.30719,258.45499,258.01001,258.04001,217381,0,0
2025-10-08 15:30:00,258.05499,258.10999,257.70999,257.78,283005,0,0
2025-10-08 15:35:00,257.76999,257.9668,257.73999,257.94,200984,0,0
2025-10-08 15:40:00,257.94501,257.94501,257.56,257.70499,199528,0,0
2025-10-08 15:45:00,257.72,257.87,257.69,257.82001,152706,0,0
2025-10-08 15:50:00,257.82999,258.04001,257.81,258.0,284469,0,0
2025-10-08 15:55:00,258.01999,258.07001,257.91,257.95499,195911,0,0
2025-10-08 16:00:00,257.95499,257.98001,257.78,257.79251,208480,0,0
2025-10-08 16:05:00,257.79999,258.06,257.78,258.03,251204,0,0
2025-10-08 16:10:00,258.04999,258.51999,258.04001,258.3501,385671,0,0
2025-10-08 16:15:00,258.34,258.37,258.14999,258.16,226603,0,0
2025-10-08 16:20:00,258.16,258.27991,258.05011,258.2262,251874,0,0
2025-10-08 16:25:00,258.2301,258.35001,258.13,258.20001,191799,0,0
2025-10-08 16:30:00,258.19,258.32501,258.17001,258.23199,177597,0,0
2025-10-08 16:35:00,258.22,258.29999,258.0,258.10001,154629,0,0
2025-10-08 16:40:00,258.12,258.12,257.97,258.01999,156220,0,0
2025-10-08 16:45:00,258.01001,258.01001,257.75,257.85001,179129,0,0
2025-10-08 16:50:00,257.85501,257.92099,257.625,257.64999,158659,0,0
2025-10-08 16:55:00,257.64999,257.8252,257.63,257.79999,193756,0,0
2025-10-08 17:00:00,257.79501,257.98499,257.75,257.905,244316,0,0
2025-10-08 17:05:00,257.89001,257.92001,257.79501,257.9101,178405,0,0
2025-10-08 17:10:00,257.9111,258.08099,257.84079,258.06,163005,0,0
2025-10-08 17:15:00,258.06,258.0907,257.79129,257.82999,151909,0,0
2025-10-08 17:20:00,257.82001,257.95001,257.78009,257.92999,143035,0,0
2025-10-08 17:25:00,257.92001,257.95999,257.8501,257.92499,199295,0,0
2025-10-08 17:30:00,257.92499,258.20001,257.91,258.14999,202567,0,0
2025-10-08 17:35:00,258.14001,258.17999,257.87009,257.94,159224,0,0
2025-10-08 17:40:00,257.95001,258.01999,257.71011,257.73001,203118,0,0
2025-10-08 17:45:00,257.73999,257.91,257.69519,257.7515,187835,0,0
2025-10-08 17:50:00,257.75,257.95999,257.66,257.85999,163683,0,0
2025-10-08 17:55:00,257.84,257.841,257.70999,257.815,151877,0,0
2025-10-08 18:00:00,257.81,257.89999,257.67999,257.73001,193365,0,0
2025-10-08 18:05:00,257.745,258.07999,257.64999,257.995,212725,0,0
2025-10-08 18:10:00,257.98999,258.0437,257.85999,257.91,212434,0,0
2025-10-08 18:15:00,257.89999,258.19,257.89999,258.01999,282871,0,0
2025-10-08 18:20:00,258.01999,258.04999,257.92999,257.995,167521,0,0
2025-10-08 18:25:00,257.99069,258.07001,257.89001,257.91501,143405,0,0
2025-10-08 18:30:00,257.89999,257.98499,257.86411,257.94019,130619,0,0
2025-10-08 18:35:00,257.94,257.995,257.87,257.91,146833,0,0
2025-10-08 18:40:00,257.91,257.98999,257.82001,257.91,131575,0,0
2025-10-08 18:45:00,257.92001,257.96011,257.84,257.89999,134942,0,0
2025-10-08 18:50:00,257.92001,257.94,257.85001,257.88,165018,0,0
2025-10-08 18:55:00,257.88599,257.92999,257.7605,257.79999,185139,0,0
2025-10-08 19:00:00,257.81,258.01999,257.73999,258.0,190056,0,0
2025-10-08 19:05:00,258.03,258.04001,257.87,257.965,154751,0,0
2025-10-08 19:10:00,257.965,258.12,257.88,258.11951,294939,0,0
2025-10-08 19:15:00,258.12,258.13,257.9101,257.98999,152546,0,0
2025-10-08 19:20:00,257.98099,258.32001,257.97,258.28,567968,0,0
2025-10-08 19:25:00,258.28,258.42999,258.23001,258.25,310083,0,0
2025-10-08 19:30:00,258.23999,258.38,258.1301,258.38,299177,0,0
2025-10-08 19:35:00,258.36499,258.48999,258.32501,258.39001,330600,0,0
2025-10-08 19:40:00,258.38,258.42001,258.27011,258.345,344147,0,0
2025-10-08 19:45:00,258.34,258.34,258.0,258.08359,598882,0,0
2025-10-08 19:50:00,258.095,258.39761,258.07001,258.38989,762394,0,0
2025-10-08 19:55:00,258.37,258.38,257.88,258.03,1878918,0,0
2025-10-09 13:30:00,257.775,258.0,256.37,256.56,1522185,0,0
2025-10-09 13:35:00,256.60999,257.01,256.525,256.92,1656210,0,0
2025-10-09 13:40:00,257.02,257.06,255.5,255.50079,887962,0,0
2025-10-09 13:45:00,255.725,255.98,255.37,255.8,367839,0,0
2025-10-09 13:50:00,256.035,256.035,255.23,255.23,784823,0,0
2025-10-09 13:55:00,254.87,255.28,254.78,255.2,963591,1,0
2025-10-09 14:00:00,255.185,255.55,255.18,255.5,495275,0,0
2025-10-09 14:05:00,255.525,255.615,255.19,255.2831,457450,0,0
2025-10-09 14:10:00,255.41,255.48,255.175,255.47501,1159999,0,0
2025-10-09 14:15:00,255.565,255.83,255.29,255.37,39280,0,1
2025-10-09 14:20:00,255.38,255.55,255.15,255.17999,138954,0,0
2025-10-09 14:25:00,255.05,255.125,254.91,254.98,426795,0,0
2025-10-09 14:30:00,254.89,255.11501,254.5701,254.895,819799,0,0
2025-10-09 14:35:00,254.895,254.97,254.75,254.95,450827,0,0
2025-10-09 14:40:00,255.005,255.1,254.86,254.9,379204,0,0
2025-10-09 14:45:00,254.88,255.07,254.75,255.02,529178,0,0
2025-10-09 14:50:00,255.05,255.19,254.99,255.02,17170,0,0
2025-10-09 14:55:00,255.04,255.17,254.91,254.935,494421,0,0
2025-10-09 15:00:00,254.95,255.23,254.95,255.06,19954,0,0
2025-10-09 15:05:00,255.06,255.13,254.72,254.95,285961,0,0
2025-10-09 15:10:00,254.945,255.16,254.92,255.07,139991,0,0
2025-10-09 15:15:00,255.07,255.12,254.8,254.92,25372,0,0
2025-10-09 15:20:00,254.895,255.09,254.75,254.78,1470548,0,0
2025-10-09 15:25:00,254.83,254.84,254.64,254.65,37162,0,0
2025-10-09 15:30:00,254.62,254.62,254.33,254.43,1702970,0,0
2025-10-09 15:35:00,254.43,254.44,254.22,254.245,13068,0,0
2025-10-09 15:40:00,254.19,254.225,253.82,254.155,51916,0,0
2025-10-09 15:45:00,254.18,254.3,254.18,254.22,539268,0,0
2025-10-09 15:50:00,254.335,254.37,254.04781,254.08,568812,0,0
2025-10-09 15:55:00,254.31,254.34,254.085,254.1,24396,0,0
2025-10-09 16:00:00,254.11,254.415,254.11,254.28999,385721,0,0
2025-10-09 16:05:00,254.39,254.75,254.365,254.595,510872,0,0
2025-10-09 16:10:00,254.62,254.63,254.35,254.37,20438,0,1
2025-10-09 16:15:00,254.35,254.435,254.24001,254.2699,600310,0,0
2025-10-09 16:20:00,254.355,254.355,253.785,253.97,27264,0,0
2025-10-09 16:25:00,253.97,254.01,253.77,253.99,252589,0,0
2025-10-09 16:30:00,253.985,253.985,253.84,253.85001,167140,0,0
2025-10-09 16:35:00,253.95,253.99,253.89,253.92,45020,0,0
2025-10-09 16:40:00,253.92,253.92,253.55,253.79,423118,0,0
2025-10-09 16:45:00,253.765,253.94,253.61,253.92149,297446,0,0
2025-10-09 16:50:00,253.985,254.04,253.85,253.85,225049,0,0
2025-10-09 16:55:00,253.83,253.85,253.63989,253.63989,150807,0,0
2025-10-09 17:00:00,253.74,253.83,253.54,253.62,479078,0,0
2025-10-09 17:05:00,253.64,253.88,253.56,253.81,12972,0,0
2025-10-09 17:10:00,253.81,253.825,253.23,253.27,17244,0,0
2025-10-09 17:15:00,253.33,253.38,253.19,253.3,490415,0,0
2025-10-09 17:20:00,253.3,253.50999,253.3,253.39,204587,0,0
2025-10-09 17:25:00,253.38,253.47,253.2,253.4576,328805,0,0
2025-10-09 17:30:00,253.41,253.43,253.14,253.325,23116,0,0
2025-10-09 17:35:00,253.325,253.74,253.28,253.725,20102,0,0
2025-10-09 17:40:00,253.73,253.73,253.36,253.47,696079,0,0
2025-10-09 17:45:00,253.47,253.58,253.365,253.55,15264,0,0
2025-10-09 17:50:00,253.535,253.68,253.43,253.45,276257,0,0
2025-10-09 17:55:00,253.44,253.7,253.43,253.62,453128,0,0
2025-10-09 18:00:00,253.62,253.81,253.62,253.64,23602,0,0
2025-10-09 18:05:00,253.64,253.68,253.485,253.53,236343,0,0
2025-10-09 18:10:00,253.535,253.75,253.47,253.71,119310,0,0
2025-10-09 18:15:00,253.71001,253.84,253.7,253.7,268585,0,0
2025-10-09 18:20:00,253.685,253.78,253.545,253.56841,229402,0,0
2025-10-09 18:25:00,253.565,253.66,253.425,253.435,175884,0,0
2025-10-09 18:30:00,253.42,253.58,253.395,253.58,154775,0,0
2025-10-09 18:35:00,253.575,253.65,253.5,253.62,138698,0,0
2025-10-09 18:40:00,253.61,253.655,253.44501,253.45,1728684,0,0
2025-10-09 18:45:00,253.41,253.515,253.32,253.515,17178,0,0
2025-10-09 18:50:00,253.52,253.725,253.515,253.63,22928,0,0
2025-10-09 18:55:00,253.66,253.82,253.63,253.8,20902,0,0
2025-10-09 19:00:00,253.81,253.88,253.72,253.76,587218,0,0
2025-10-09 19:05:00,253.76,254.01,253.65,254.01,20700,0,0
2025-10-09 19:10:00,254.02,254.11,253.92,253.952,658361,0,0
2025-10-09 19:15:00,253.995,254.04,253.87,253.87,22678,0,0
2025-10-09 19:20:00,253.855,254.09,253.8,254.03,25198,0,0
2025-10-09 19:25:00,253.99,254.0,253.78,253.78,737231,0,0
2025-10-09 19:30:00,253.77,253.82,253.64,253.675,348471,0,0
2025-10-09 19:35:00,253.655,253.77,253.56,253.705,25171,0,0
2025-10-09 19:40:00,253.705,253.74,253.67,253.685,823968,0,0
2025-10-09 19:45:00,253.675,253.71,253.595,253.645,18204,0,0
2025-10-09 19:50:00,253.96561,254.27,253.95,254.25,1099170,0,0
2025-10-09 19:55:00,254.25999,254.25999,253.89,254.03,1072533,0,0
2025-10-10 13:30:00,254.87,255.55,254.44,255.326,3790667,0,0
2025-10-10 13:35:00,255.32001,255.99001,254.9303,255.91499,902635,0,0
2025-10-10 13:40:00,256.13501,256.37,255.425,255.425,1295838,0,1
2025-10-10 13:45:00,255.45,255.8499,255.3,255.48,1283004,0,0
2025-10-10 13:50:00,255.44,255.46001,255.0303,255.1875,469253,0,0
2025-10-10 13:55:00,255.17999,255.58,254.92,255.47501,964808,0,0
2025-10-10 14:00:00,255.58,255.86,255.175,255.265,1218300,0,0
2025-10-10 14:05:00,255.25,255.59,255.035,255.55,494684,0,0
2025-10-10 14:10:00,255.59,255.9489,255.03999,255.065,597931,0,0
2025-10-10 14:15:00,255.08501,255.24001,254.88,255.12,327233,0,0
2025-10-10 14:20:00,255.17999,255.53799,255.17999,255.46001,1412628,0,0
2025-10-10 14:25:00,255.49001,255.675,255.075,255.088,250416,0,0
2025-10-10 14:30:00,255.03999,255.24879,255.03,255.095,278870,0,0
2025-10-10 14:35:00,255.13,255.16,255.00999,255.12,224381,0,0
2025-10-10 14:40:00,255.11819,255.3,255.065,255.09,264679,0,0
2025-10-10 14:45:00,255.10339,255.34,255.09,255.27,856559,0,0
2025-10-10 14:50:00,255.28,255.3,254.84,254.87,287209,0,0
2025-10-10 14:55:00,254.88,254.88699,253.07001,253.09,933665,0,0
2025-10-10 15:00:00,253.05,253.05,251.09,251.62,2439670,0,0
2025-10-10 15:05:00,251.50999,251.722,250.5,250.61501,2043427,0,0
2025-10-10 15:10:00,250.23,251.765,250.23,251.45,1744532,0,0
2025-10-10 15:15:00,251.44,251.44,250.30499,250.30499,1086766,0,0
2025-10-10 15:20:00,250.17419,250.188,248.95,249.065,2234788,0,0
2025-10-10 15:25:00,249.05499,250.13789,249.03,249.41,1756570,0,0
2025-10-10 15:30:00,249.125,249.125,248.42,248.87,1647148,0,0
2025-10-10 15:35:00,248.95551,249.28999,248.675,248.77,1312984,0,0
2025-10-10 15:40:00,248.75,249.63,248.605,249.58,1272874,0,0
2025-10-10 15:45:00,249.68311,249.94501,249.215,249.39999,1232389,0,1
2025-10-10 15:50:00,249.45,249.78751,249.14999,249.46001,988341,0,0
2025-10-10 15:55:00,249.43871,249.43871,248.56,248.78999,547731,0,0
2025-10-10 16:00:00,248.77,248.78999,247.78999,247.83,786363,0,0
2025-10-10 16:05:00,247.81,248.70779,247.75999,248.53,463856,1,0
2025-10-10 16:10:00,248.52499,249.02,248.17999,248.85001,417182,0,0
2025-10-10 16:15:00,248.85001,248.96001,248.32001,248.52,347132,0,0
2025-10-10 16:20:00,248.52,248.85001,248.265,248.58,353578,0,0
2025-10-10 16:25:00,248.53999,248.8199,248.41229,248.61,272881,0,0
2025-10-10 16:30:00,248.59,249.06,248.42,248.48,422882,0,0
2025-10-10 16:35:00,248.47501,248.7599,248.2601,248.49001,221217,0,0
2025-10-10 16:40:00,248.46001,248.535,247.94,247.94,343914,0,0
2025-10-10 16:45:00,247.94,248.42999,247.81,247.82001,365405,0,0
2025-10-10 16:50:00,247.825,247.87,247.32001,247.53999,513536,0,0
2025-10-10 16:55:00,247.54601,247.89999,247.4101,247.49001,401228,0,0
2025-10-10 17:00:00,247.5,247.66,247.06,247.25999,472837,0,0
2025-10-10 17:05:00,247.3,247.45,247.13,247.33,322940,0,0
2025-10-10 17:10:00,247.325,247.7,247.07001,247.1543,442610,0,0
2025-10-10 17:15:00,247.2,247.62,247.11,247.34,316753,0,0
2025-10-10 17:20:00,247.33,247.75,247.19299,247.60001,302258,0,0
2025-10-10 17:25:00,247.61,247.88,247.56,247.81,269415,0,0
2025-10-10 17:30:00,247.77,248.08701,247.67999,248.05431,322256,0,0
2025-10-10 17:35:00,248.05,248.30099,247.91,247.985,325801,0,0
2025-10-10 17:40:00,247.985,248.42,247.985,248.22,445167,0,0
2025-10-10 17:45:00,248.2093,248.57001,248.03,248.25999,476851,0,0
2025-10-10 17:50:00,248.25,248.295,248.05,248.16,277003,0,0
2025-10-10 17:55:00,248.145,248.38,247.73,248.00999,989417,0,0
2025-10-10 18:00:00,248.03999,248.05,247.4501,247.59,408439,0,0
2025-10-10 18:05:00,247.605,247.71001,247.42,247.46001,297326,0,0
2025-10-10 18:10:00,247.465,247.72,247.30119,247.6301,351540,0,0
2025-10-10 18:15:00,247.64,247.8,247.11501,247.28999,330550,0,0
2025-10-10 18:20:00,247.283,247.61,247.27,247.52,321249,0,0
2025-10-10 18:25:00,247.52,247.569,247.08,247.16,337383,0,0
2025-10-10 18:30:00,247.1371,247.31,246.56,246.56,581729,0,0
2025-10-10 18:35:00,246.56,246.72,246.46001,246.58501,469838,0,0
2025-10-10 18:40:00,246.58,246.59,246.13,246.16,427085,0,0
2025-10-10 18:45:00,246.17,246.55,246.03999,246.22501,422373,0,0
2025-10-10 18:50:00,246.24001,246.27499,245.83,245.89999,493344,0,0
2025-10-10 18:55:00,245.905,246.2379,245.815,245.9995,454997,0,0
2025-10-10 19:00:00,246.0,246.4001,245.98,246.25999,390957,0,0
2025-10-10 19:05:00,246.27,246.3,246.097,246.155,311868,0,0
2025-10-10 19:10:00,246.17,246.25999,245.89,246.116,483766,0,0
2025-10-10 19:15:00,246.12,246.35001,246.0,246.16,425640,0,0
2025-10-10 19:20:00,246.14999,246.23,246.00999,246.05,415825,0,0
2025-10-10 19:25:00,246.05,246.23,245.92999,246.16499,549417,0,0
2025-10-10 19:30:00,246.17,246.49001,246.05,246.09,572538,0,0
2025-10-10 19:35:00,246.10159,246.105,245.88,245.955,679480,0,0
2025-10-10 19:40:00,245.94,246.99001,245.92,246.89,873271,0,0
2025-10-10 19:45:00,246.91,246.98,246.21001,246.23,693630,0,0
2025-10-10 19:50:00,246.25,246.25,245.246,245.245,1505173,0,0
2025-10-10 19:55:00,245.03,245.5401,244.7,245.31,4186159,1,0
2025-10-13 13:30:00,249.38,249.49001,246.64,246.78,3019677,0,1
2025-10-13 13:35:00,246.78,247.23,245.56,247.14,1061798,0,0
2025-10-13 13:40:00,247.1611,247.33279,246.67,246.8,798028,0,0
2025-10-13 13:45:00,246.8,247.06889,246.10001,246.91,701103,0,0
2025-10-13 13:50:00,246.935,247.59,246.50999,246.59,505474,0,0
2025-10-13 13:55:00,246.62,247.10001,246.565,246.62,459221,0,0
2025-10-13 14:00:00,246.63499,247.28999,246.52,247.2103,720980,0,0
2025-10-13 14:05:00,247.25,247.6283,247.11011,247.55,522136,0,0
2025-10-13 14:10:00,247.545,247.60001,247.08,247.36,437362,0,0
2025-10-13 14:15:00,247.39,247.52,246.64999,246.7,399995,0,0
2025-10-13 14:20:00,246.67999,246.825,246.10001,246.72,412044,0,0
2025-10-13 14:25:00,246.72,246.75999,246.2605,246.37601,321564,0,0
2025-10-13 14:30:00,246.37,246.72,246.23,246.675,378133,1,0
2025-10-13 14:35:00,246.67,247.41,246.66499,247.35741,337647,0,0
2025-10-13 14:40:00,247.35001,247.45,246.98,246.99001,338687,0,0
2025-10-13 14:45:00,246.99001,247.59,246.98,247.3,341496,0,0
2025-10-13 14:50:00,247.32001,247.50999,247.05,247.28999,276433,0,0
2025-10-13 14:55:00,247.28999,247.28999,246.75,246.94,264869,0,0
2025-10-13 15:00:00,246.94,247.25,246.66,247.065,323098,1,0
2025-10-13 15:05:00,247.03999,247.50999,246.96001,247.425,334873,0,0
2025-10-13 15:10:00,247.42999,247.85001,247.36,247.53,799595,0,0
2025-10-13 15:15:00,247.53,247.69501,247.21001,247.69,1655595,0,0
2025-10-13 15:20:00,247.69,247.97,247.69,247.85001,302592,0,0
2025-10-13 15:25:00,247.86,248.6599,247.825,248.5903,463772,0,0
2025-10-13 15:30:00,248.62,248.7,248.36,248.60001,364542,0,0
2025-10-13 15:35:00,248.62,248.92,248.60001,248.7399,341106,0,0
2025-10-13 15:40:00,248.71001,248.99001,248.47,248.55499,310946,0,0
2025-10-13 15:45:00,248.55499,248.88,248.52,248.85001,224576,0,0
2025-10-13 15:50:00,248.85001,248.94,248.66,248.7494,184233,0,0
2025-10-13 15:55:00,248.78999,248.87,248.6703,248.78,188832,0,0
2025-10-13 16:00:00,248.78999,249.2,248.7401,249.09,338104,0,0
2025-10-13 16:05:00,249.125,249.17999,248.75999,248.905,203104,0,0
2025-10-13 16:10:00,248.91,249.14999,248.83,249.119,172308,0,0
2025-10-13 16:15:00,249.14,249.3688,249.03999,249.28999,250205,0,0
2025-10-13 16:20:00,249.3,249.62,248.98,249.25999,336358,0,1
2025-10-13 16:25:00,249.2919,249.3,249.05,249.17999,201273,0,0
2025-10-13 16:30:00,249.17,249.22,249.00999,249.10001,236991,0,0
2025-10-13 16:35:00,249.105,249.19,248.85001,248.89999,182711,0,0
2025-10-13 16:40:00,248.91,248.91,248.62,248.6745,221564,0,0
2025-10-13 16:45:00,248.685,249.0,248.55,248.95,311482,0,0
2025-10-13 16:50:00,248.95,249.2798,248.849,249.245,193582,0,0
2025-10-13 16:55:00,249.245,249.60001,249.2,249.55,191030,0,0
2025-10-13 17:00:00,249.56,249.6893,249.47,249.52,155529,0,1
2025-10-13 17:05:00,249.52299,249.645,249.47501,249.52,231484,0,0
2025-10-13 17:10:00,249.52,249.55569,248.985,249.05,194314,0,0
2025-10-13 17:15:00,249.04919,249.09,248.89,249.015,127239,0,0
2025-10-13 17:20:00,249.0,249.3,248.97501,249.16,143436,0,0
2025-10-13 17:25:00,249.14,249.14439,248.97,249.1042,108902,0,0
2025-10-13 17:30:00,249.09,249.14999,249.02,249.14,110511,0,0
2025-10-13 17:35:00,249.14,249.179,248.9633,249.05,136082,0,0
2025-10-13 17:40:00,249.05,249.12,248.89,248.895,215196,0,0
2025-10-13 17:45:00,248.87,249.07001,248.84,248.99001,132288,0,0
2025-10-13 17:50:00,248.98,248.9801,248.78,248.92999,139282,0,0
2025-10-13 17:55:00,248.91451,249.0585,248.688,249.03999,130023,0,0
2025-10-13 18:00:00,249.03999,249.125,248.84,248.91,359500,0,0
2025-10-13 18:05:00,248.92,249.02499,248.89,248.97,160601,0,0
2025-10-13 18:10:00,248.9601,249.02,248.81,248.82001,131390,0,0
2025-10-13 18:15:00,248.83,248.98,248.83,248.88,164027,0,0
2025-10-13 18:20:00,248.877,249.3,248.87,249.27,247627,0,0
2025-10-13 18:25:00,249.25999,249.32001,249.11,249.14619,249221,0,0
2025-10-13 18:30:00,249.14,249.24001,248.9201,249.045,185564,0,0
2025-10-13 18:35:00,249.03999,249.16,248.71001,248.7166,204337,0,0
2025-10-13 18:40:00,248.72,248.89999,248.46001,248.61,236616,0,0
2025-10-13 18:45:00,248.64999,248.69,248.47951,248.58,155469,0,0
2025-10-13 18:50:00,248.575,248.71001,248.45,248.4801,150668,0,0
2025-10-13 18:55:00,248.49001,248.59,248.32001,248.46001,160938,0,0
2025-10-13 19:00:00,248.46001,248.52991,248.16,248.17999,174919,0,0
2025-10-13 19:05:00,248.17999,248.55,248.13,248.52,222437,0,0
2025-10-13 19:10:00,248.5164,248.64,248.3401,248.41,181329,0,0
2025-10-13 19:15:00,248.42999,248.6485,248.34,248.53,196500,0,0
2025-10-13 19:20:00,248.5305,248.7115,248.47,248.55,220255,0,0
2025-10-13 19:25:00,248.55,248.55499,248.25,248.32001,221677,0,1
2025-10-13 19:30:00,248.32001,248.375,248.145,248.35001,251782,0,0
2025-10-13 19:35:00,248.36,248.38699,248.2,248.37,226227,0,0
2025-10-13 19:40:00,248.375,248.59,248.37,248.52,262881,0,0
2025-10-13 19:45:00,248.53,248.5365,248.05,248.2,329936,0,0
2025-10-13 19:50:00,248.19,248.41,248.00999,248.03,625981,0,0
2025-10-13 19:55:00,248.00999,248.03,247.33,247.59,2089915,0,0
2025-10-14 13:30:00,246.61501,247.14,245.50011,246.505,2003514,0,0
2025-10-14 13:35:00,246.42999,246.88,245.95,246.1597,591489,0,0
2025-10-14 13:40:00,246.13499,246.21001,244.7,245.0508,610844,0,0
2025-10-14 13:45:00,245.05,245.57001,244.78999,245.19,448567,1,0
2025-10-14 13:50:00,245.17999,245.84,245.0,245.36,431284,0,0
2025-10-14 13:55:00,245.38499,246.3345,245.38499,246.24001,445634,0,0
2025-10-14 14:00:00,246.24001,246.52,245.86749,246.47,409891,0,0
2025-10-14 14:05:00,246.50999,246.78999,246.19,246.42999,460447,0,0
2025-10-14 14:10:00,246.45,246.60001,245.9626,246.41,363518,0,0
2025-10-14 14:15:00,246.405,247.08,246.31,246.66,377462,0,0
2025-10-14 14:20:00,246.69,247.10001,246.64999,247.07001,351007,0,0
2025-10-14 14:25:00,247.09,247.23,246.77,247.02,407492,0,0
2025-10-14 14:30:00,247.0,247.44,246.97,247.31,407322,0,0
2025-10-14 14:35:00,247.33,247.5,247.05,247.065,304418,0,0
2025-10-14 14:40:00,247.065,247.39999,246.9501,247.185,196920,0,0
2025-10-14 14:45:00,247.185,247.575,247.17,247.57001,287209,0,0
2025-10-14 14:50:00,247.58,247.7,247.0903,247.315,309865,0,1
2025-10-14 14:55:00,247.2901,247.36,247.0,247.25999,277676,0,0
2025-10-14 15:00:00,247.25999,247.45,247.25999,247.45,206403,0,0
2025-10-14 15:05:00,247.44,247.74989,246.97,246.97,289601,0,0
2025-10-14 15:10:00,247.0,247.05499,246.63499,246.7,239723,0,0
2025-10-14 15:15:00,246.7,246.7,246.25999,246.41,327060,0,0
2025-10-14 15:20:00,246.38499,246.5674,246.32201,246.545,257862,0,0
2025-10-14 15:25:00,246.56,246.58,246.12,246.214,188371,0,0
2025-10-14 15:30:00,246.23,246.49001,246.17,246.42,280736,0,0
2025-10-14 15:35:00,246.405,247.00999,246.2803,246.42,552801,0,0
2025-10-14 15:40:00,246.459,247.17,246.3656,246.97,251573,0,0
2025-10-14 15:45:00,246.99001,247.1899,246.94009,247.035,145322,0,0
2025-10-14 15:50:00,247.02,247.45,247.00999,247.27991,218354,0,0
2025-10-14 15:55:00,247.25999,247.46001,247.17,247.38,145796,0,0
2025-10-14 16:00:00,247.36,247.41071,247.08501,247.1799,147620,0,0
2025-10-14 16:05:00,247.16,247.255,246.85001,246.87399,174641,0,0
2025-10-14 16:10:00,246.88,247.14999,246.87061,247.05499,147175,0,0
2025-10-14 16:15:00,247.06,247.55051,247.06,247.5,259169,0,0
2025-10-14 16:20:00,247.49001,247.75,247.36501,247.41,250248,0,0
2025-10-14 16:25:00,247.39,247.46001,247.25,247.39,150578,0,0
2025-10-14 16:30:00,247.39,247.64,247.39,247.575,166368,0,0
2025-10-14 16:35:00,247.55499,247.67,247.38499,247.52,161587,0,0
2025-10-14 16:40:00,247.56,247.71001,247.52,247.64999,152192,0,0
2025-10-14 16:45:00,247.66,248.0354,247.66,247.89841,233359,0,0
2025-10-14 16:50:00,247.905,248.0,247.77,247.89999,201581,0,1
2025-10-14 16:55:00,247.895,247.92999,247.57001,247.58,201241,0,0
2025-10-14 17:00:00,247.595,247.75,247.465,247.71001,142020,0,0
2025-10-14 17:05:00,247.71001,247.785,247.62,247.75,125489,0,0
2025-10-14 17:10:00,247.75,247.85001,247.47,247.49001,199344,0,0
2025-10-14 17:15:00,247.5,247.67999,247.49001,247.56,185910,0,0
2025-10-14 17:20:00,247.57001,247.825,247.57001,247.75999,112127,0,0
2025-10-14 17:25:00,247.755,247.89999,247.688,247.798,167548,0,0
2025-10-14 17:30:00,247.81,247.82001,247.46001,247.53,208271,0,0
2025-10-14 17:35:00,247.53,247.58,247.17999,247.22,262802,0,0
2025-10-14 17:40:00,247.21001,247.61,247.2,247.61,142487,0,0
2025-10-14 17:45:00,247.605,247.7748,247.54961,247.5663,151180,0,0
2025-10-14 17:50:00,247.5838,247.73669,247.425,247.61,147958,0,0
2025-10-14 17:55:00,247.61,247.64,247.40021,247.595,153974,0,0
2025-10-14 18:00:00,247.58,247.705,247.38499,247.4404,162513,0,0
2025-10-14 18:05:00,247.44501,247.55,247.35001,247.36,135079,0,0
2025-10-14 18:10:00,247.32001,247.59,247.3082,247.435,212030,0,0
2025-10-14 18:15:00,247.42999,247.5025,247.36,247.377,142027,0,0
2025-10-14 18:20:00,247.38,247.41,247.255,247.255,253122,0,0
2025-10-14 18:25:00,247.25,247.535,247.19,247.485,161153,0,0
2025-10-14 18:30:00,247.49001,247.61349,247.485,247.53999,140078,0,0
2025-10-14 18:35:00,247.53,247.53999,247.17,247.2164,164919,0,0
2025-10-14 18:40:00,247.2,247.528,247.14439,247.49001,206694,0,0
2025-10-14 18:45:00,247.48,247.545,247.35001,247.53999,164354,0,0
2025-10-14 18:50:00,247.53999,247.64999,247.48,247.56,160080,0,0
2025-10-14 18:55:00,247.56,247.96001,247.485,247.94,500891,0,0
2025-10-14 19:00:00,247.94,248.75,247.925,248.50999,997056,0,0
2025-10-14 19:05:00,248.485,248.67,248.19009,248.28,304069,0,0
2025-10-14 19:10:00,248.265,248.35001,247.97501,248.045,246943,0,0
2025-10-14 19:15:00,248.045,248.06,247.89999,247.99001,243780,0,0
2025-10-14 19:20:00,248.0,248.35001,247.995,248.27,389177,0,0
2025-10-14 19:25:00,248.26151,248.42999,248.095,248.42,304689,0,0
2025-10-14 19:30:00,248.42999,248.78999,248.39,248.7,508500,0,0
2025-10-14 19:35:00,248.7,248.845,247.87,248.47009,965485,0,1
2025-10-14 19:40:00,248.45,248.48,246.77,247.09,486216,0,0
2025-10-14 19:45:00,247.06,247.42,246.89999,247.2,428119,1,0
2025-10-14 19:50:00,247.21001,247.64999,246.73,247.41499,587039,0,0
2025-10-14 19:55:00,247.39999,248.02,247.13,247.85001,1506900,0,0
2025-10-15 13:30:00,249.38,250.25,248.64,249.11501,2987027,0,0
2025-10-15 13:35:00,249.11501,249.64999,249.035,249.45,487259,0,0
2025-10-15 13:40:00,249.5,250.63499,249.395,249.56,658170,0,0
2025-10-15 13:45:00,249.55,250.12,249.39999,249.66,529538,0,0
2025-10-15 13:50:00,249.715,250.205,249.3275,249.83,282642,0,0
2025-10-15 13:55:00,249.83501,250.75,249.8096,250.7112,397080,0,0
2025-10-15 14:00:00,250.77,251.72881,250.77,251.714,746239,0,0
2025-10-15 14:05:00,251.72,251.81,251.2,251.39,680886,0,1
2025-10-15 14:10:00,251.42,251.82001,250.77,250.845,443249,0,0
2025-10-15 14:15:00,250.87,251.50999,250.853,251.42999,340500,0,0
2025-10-15 14:20:00,251.45,251.47,251.14,251.2,270442,0,0
2025-10-15 14:25:00,251.22,251.37,250.77,250.85001,361719,0,0
2025-10-15 14:30:00,250.87,251.19,250.85001,251.19,316445,0,0
2025-10-15 14:35:00,251.17999,251.46919,250.86,250.8688,309674,0,0
2025-10-15 14:40:00,250.86,250.925,250.64,250.82001,350298,0,0
2025-10-15 14:45:00,250.82001,250.855,250.42999,250.46001,238044,0,0
2025-10-15 14:50:00,250.46001,250.60001,250.30499,250.38,249447,0,0
2025-10-15 14:55:00,250.37711,250.64,250.28,250.5378,252681,0,0
2025-10-15 15:00:00,250.55,250.8499,250.55,250.82001,247042,0,0
2025-10-15 15:05:00,250.83,250.83,250.53,250.5899,206422,0,0
2025-10-15 15:10:00,250.56599,250.69,250.38,250.42,323190,0,0
2025-10-15 15:15:00,250.39999,250.5899,250.30499,250.42999,242933,0,0
2025-10-15 15:20:00,250.41,250.47,250.10001,250.17999,209731,0,0
2025-10-15 15:25:00,250.14999,250.42999,249.8,249.85989,484912,0,0
2025-10-15 15:30:00,249.82001,249.87,249.38,249.565,267800,0,0
2025-10-15 15:35:00,249.55,249.7,249.17999,249.60001,272988,0,0
2025-10-15 15:40:00,249.62,249.62,249.0601,249.44,258192,0,0
2025-10-15 15:45:00,249.44,249.44,249.11011,249.36,201922,0,0
2025-10-15 15:50:00,249.34,249.36,248.72,248.82001,333527,0,0
2025-10-15 15:55:00,248.795,249.28,248.795,248.97,280822,1,0
2025-10-15 16:00:00,248.955,249.7,248.91,249.4314,295175,0,0
2025-10-15 16:05:00,249.44,249.78999,249.22,249.74001,145115,0,0
2025-10-15 16:10:00,249.715,249.85001,249.49001,249.85001,172292,0,0
2025-10-15 16:15:00,249.855,249.935,249.65401,249.75999,170353,0,0
2025-10-15 16:20:00,249.75999,249.95129,249.7005,249.9072,143871,0,0
2025-10-15 16:25:00,249.89999,250.0497,249.66,249.77499,337453,0,0
2025-10-15 16:30:00,249.78,249.94991,249.64,249.72,146012,0,0
2025-10-15 16:35:00,249.72,249.895,249.62,249.735,139524,0,0
2025-10-15 16:40:00,249.7485,249.75,249.45,249.47749,168285,0,0
2025-10-15 16:45:00,249.47501,249.49001,249.0141,249.075,205331,0,0
2025-10-15 16:50:00,249.07001,249.07001,248.71001,248.821,200351,0,0
2025-10-15 16:55:00,248.815,249.0799,248.73,248.95,138196,0,0
2025-10-15 17:00:00,248.96001,249.02,248.33,248.66,238498,0,0
2025-10-15 17:05:00,248.67,248.9299,248.5125,248.64999,123139,0,0
2025-10-15 17:10:00,248.67999,248.6842,247.83,247.84,291238,0,0
2025-10-15 17:15:00,247.81171,248.1017,247.48,247.94501,281780,1,0
2025-10-15 17:20:00,247.89999,248.2328,247.72,248.2,139568,0,0
2025-10-15 17:25:00,248.27,248.325,247.89999,248.0905,218369,0,0
2025-10-15 17:30:00,248.105,248.64,248.05,248.57001,205947,0,0
2025-10-15 17:35:00,248.58,249.0643,248.58,248.98,235019,0,0
2025-10-15 17:40:00,248.96001,249.14999,248.89,249.12,162437,0,0
2025-10-15 17:45:00,249.14999,249.3996,249.11,249.255,186551,0,0
2025-10-15 17:50:00,249.23,249.55,249.22501,249.49001,196478,0,0
2025-10-15 17:55:00,249.48,249.72,249.36099,249.48,151119,0,0
2025-10-15 18:00:00,249.51041,249.62939,249.22,249.27,143391,0,0
2025-10-15 18:05:00,249.27,249.53999,249.20799,249.52,135899,0,0
2025-10-15 18:10:00,249.50999,249.63499,249.31,249.41,153293,0,0
2025-10-15 18:15:00,249.42999,249.61,249.40669,249.485,93448,0,0
2025-10-15 18:20:00,249.46001,249.8,249.42,249.62,160709,0,0
2025-10-15 18:25:00,249.60001,249.7325,249.53999,249.647,109921,0,0
2025-10-15 18:30:00,249.64999,249.82581,249.55,249.82001,138373,0,0
2025-10-15 18:35:00,249.78,249.78999,249.48,249.55499,127949,0,0
2025-10-15 18:40:00,249.53999,249.86,249.5,249.718,124395,0,0
2025-10-15 18:45:00,249.705,249.78,249.63,249.757,104207,0,0
2025-10-15 18:50:00,249.75,249.98,249.75,249.8571,162524,0,0
2025-10-15 18:55:00,249.86,249.99001,249.75,249.94501,186926,0,0
2025-10-15 19:00:00,249.96001,250.0,249.69,249.75,268307,0,0
2025-10-15 19:05:00,249.75,249.82001,249.59,249.655,205097,0,0
2025-10-15 19:10:00,249.66479,249.75999,249.49001,249.75999,172111,0,0
2025-10-15 19:15:00,249.75079,250.10001,249.75,249.99989,236452,0,0
2025-10-15 19:20:00,249.98,250.07001,249.84,249.91,231987,0,0
2025-10-15 19:25:00,249.91499,250.05,249.86,249.92,181131,0,0
2025-10-15 19:30:00,249.92999,250.07001,249.8,249.83,183447,0,0
2025-10-15 19:35:00,249.83,249.8428,249.23,249.27,255052,0,0
2025-10-15 19:40:00,249.265,249.49001,249.09,249.49001,286904,0,0
2025-10-15 19:45:00,249.491,249.491,249.121,249.265,272873,0,0
2025-10-15 19:50:00,249.25,249.3,248.23,248.34,783315,0,0
2025-10-15 19:55:00,248.35001,249.4301,248.17,249.42999,2447582,0,0
2025-10-16 13:30:00,248.27,248.38,246.17999,247.49001,3144837,0,0
2025-10-16 13:35:00,247.50999,248.22,247.49001,248.07001,933588,0,0
2025-10-16 13:40:00,248.06,248.28,247.5,248.11099,648480,0,0
2025-10-16 13:45:00,248.12,248.34,247.5,247.59,756167,0,0
2025-10-16 13:50:00,247.625,247.92,247.31,247.53,757699,0,0
2025-10-16 13:55:00,247.53,247.83,247.35001,247.5,492685,0,0
2025-10-16 14:00:00,247.5,247.67999,247.07001,247.19,604448,0,0
2025-10-16 14:05:00,247.17999,247.47,247.03999,247.215,528480,0,0
2025-10-16 14:10:00,247.23,247.28999,246.92,247.14999,544609,0,0
2025-10-16 14:15:00,247.145,247.64999,246.86,247.17999,516474,1,0
2025-10-16 14:20:00,247.19051,247.58,247.17999,247.28,307668,0,0
2025-10-16 14:25:00,247.28,247.73,247.0101,247.50999,328922,0,0
2025-10-16 14:30:00,247.49001,248.05,247.4817,247.964,559013,0,0
2025-10-16 14:35:00,247.97,248.67999,247.92999,248.3801,484241,0,0
2025-10-16 14:40:00,248.38,248.78999,248.3,248.545,400812,0,0
2025-10-16 14:45:00,248.57001,248.91,248.125,248.22,453737,0,0
2025-10-16 14:50:00,248.16,248.6554,247.9698,248.57001,483645,0,0
2025-10-16 14:55:00,248.584,248.8,248.52,248.60001,331019,0,0
2025-10-16 15:00:00,248.62,248.77499,248.09,248.14,313197,0,0
2025-10-16 15:05:00,248.14,248.78999,248.02,248.73,425641,0,0
2025-10-16 15:10:00,248.73531,248.94991,248.5,248.94991,304959,0,0
2025-10-16 15:15:00,248.92,248.935,248.45,248.80499,321368,0,0
2025-10-16 15:20:00,248.8,249.03999,248.4501,248.49001,401485,0,0
2025-10-16 15:25:00,248.52,248.52,247.89,248.235,347815,0,0
2025-10-16 15:30:00,248.17,248.32001,247.7901,248.295,272769,0,0
2025-10-16 15:35:00,248.299,248.6631,248.2601,248.44,245998,0,0
2025-10-16 15:40:00,248.42999,248.4575,247.81,247.99001,239016,0,0
2025-10-16 15:45:00,247.99001,248.19,247.71001,248.07001,205915,0,0
2025-10-16 15:50:00,248.08,248.34,247.87,247.91679,182419,0,0
2025-10-16 15:55:00,247.91499,248.03011,247.50169,247.97,350484,0,0
2025-10-16 16:00:00,247.96001,247.98,247.66,247.92999,212269,0,0
2025-10-16 16:05:00,247.96001,248.2,247.87019,247.9726,174059,0,0
2025-10-16 16:10:00,247.98,248.14,247.75,247.99001,177726,0,0
2025-10-16 16:15:00,247.97,247.99001,247.14,247.19501,336351,0,0
2025-10-16 16:20:00,247.22,247.52,247.035,247.49071,311811,0,0
2025-10-16 16:25:00,247.53,247.92999,247.44,247.72,597177,0,0
2025-10-16 16:30:00,247.7001,247.71001,246.4101,246.56,605492,0,0
2025-10-16 16:35:00,246.55,246.97,246.48,246.74001,278949,1,0
2025-10-16 16:40:00,246.755,247.1665,246.56,246.7941,255292,0,0
2025-10-16 16:45:00,246.77499,246.77499,246.03999,246.72099,865100,0,0
2025-10-16 16:50:00,246.7,247.293,246.67999,247.22501,393226,0,0
2025-10-16 16:55:00,247.2101,247.67999,247.21001,247.64999,252593,0,0
2025-10-16 17:00:00,247.64999,247.77209,246.91,247.12,250372,0,1
2025-10-16 17:05:00,247.1001,247.37,246.87,247.0945,283404,0,0
2025-10-16 17:10:00,247.08389,247.41,246.98,247.06,184478,0,0
2025-10-16 17:15:00,247.0,247.5,246.89999,247.25,228417,0,0
2025-10-16 17:20:00,247.22,247.28999,246.58,246.7126,262347,0,0
2025-10-16 17:25:00,246.72,247.3499,246.63,247.22,185538,0,0
2025-10-16 17:30:00,247.22,247.42,246.98,246.98,191576,0,0
2025-10-16 17:35:00,246.94,247.13,246.75,246.8,200941,0,0
2025-10-16 17:40:00,246.79131,246.85001,246.31,246.4686,688271,0,0
2025-10-16 17:45:00,246.47,246.67999,246.235,246.61,254025,0,0
2025-10-16 17:50:00,246.62,246.6405,246.2,246.24001,209558,0,0
2025-10-16 17:55:00,246.31551,246.64999,246.31551,246.565,229826,0,0
2025-10-16 18:00:00,246.55,246.67,245.86,245.89,288232,0,0
2025-10-16 18:05:00,245.8737,246.07001,245.55,245.82001,354270,0,0
2025-10-16 18:10:00,245.87,245.98,245.368,245.61,305162,0,0
2025-10-16 18:15:00,245.56,245.9062,245.25999,245.4035,419854,0,0
2025-10-16 18:20:00,245.37,245.83,245.28999,245.67999,270455,0,0
2025-10-16 18:25:00,245.71001,245.85001,245.3,245.66,583576,0,0
2025-10-16 18:30:00,245.64,245.82001,245.13,245.205,275239,0,0
2025-10-16 18:35:00,245.22,245.92999,245.14,245.72,307755,0,0
2025-10-16 18:40:00,245.74001,246.91,245.64,246.32001,500571,0,0
2025-10-16 18:45:00,246.36,246.7099,246.27,246.35001,315750,0,0
2025-10-16 18:50:00,246.3602,246.44,246.17999,246.425,231333,0,0
2025-10-16 18:55:00,246.45,246.64,246.33,246.605,239872,0,0
2025-10-16 19:00:00,246.605,246.75999,246.41051,246.73,222219,0,0
2025-10-16 19:05:00,246.73,246.85001,246.58749,246.8,206812,0,0
2025-10-16 19:10:00,246.78,247.02,246.56,246.67,308502,0,0
2025-10-16 19:15:00,246.67999,246.77991,246.485,246.53999,267517,0,0
2025-10-16 19:20:00,246.55,246.96001,246.28999,246.91499,393633,0,0
2025-10-16 19:25:00,246.8903,246.94501,246.515,246.55,334062,0,0
2025-10-16 19:30:00,246.56,246.7,246.35001,246.66,258466,0,0
2025-10-16 19:35:00,246.675,247.045,246.515,246.7,278394,0,0
2025-10-16 19:40:00,246.71001,247.05,246.7,247.005,311694,0,0
2025-10-16 19:45:00,246.99001,247.19,246.71001,247.19,372999,0,0
2025-10-16 19:50:00,247.17999,247.78,247.06,247.67999,709581,0,0
2025-10-16 19:55:00,247.7,247.91,247.21001,247.42999,1803815,0,0
2025-10-17 13:30:00,248.02,249.14,247.37,248.38,4358671,0,0
2025-10-17 13:35:00,248.35001,249.19,247.71001,247.7932,560732,0,0
2025-10-17 13:40:00,247.77499,248.10001,247.34,247.5699,898212,0,0
2025-10-17 13:45:00,247.5,248.47,247.27,248.245,914619,0,0
2025-10-17 13:50:00,248.24001,248.88989,248.17999,248.63,552001,0,0
2025-10-17 13:55:00,248.60001,248.89,248.3201,248.41,467344,0,0
2025-10-17 14:00:00,248.41,249.31,248.25999,248.92999,465231,0,0
2025-10-17 14:05:00,248.92999,249.12,248.42999,248.53461,319522,0,0
2025-10-17 14:10:00,248.61,249.88,248.53999,249.81,515715,0,0
2025-10-17 14:15:00,249.82001,250.32001,249.2746,249.4389,862927,0,1
2025-10-17 14:20:00,249.42,249.73,249.1701,249.72881,342818,0,0
2025-10-17 14:25:00,249.7101,249.92,249.515,249.5601,885201,0,0
2025-10-17 14:30:00,249.644,249.715,249.34,249.60001,363383,0,0
2025-10-17 14:35:00,249.67999,249.705,249.0417,249.08,361557,0,0
2025-10-17 14:40:00,249.10001,249.65401,248.95,249.2001,384885,0,0
2025-10-17 14:45:00,249.21651,249.86,249.05,249.72,229840,0,0
2025-10-17 14:50:00,249.75,249.85001,249.22,249.239,216330,0,0
2025-10-17 14:55:00,249.24001,249.245,248.66521,248.87399,261613,0,0
2025-10-17 15:00:00,248.89,249.5,248.78999,249.35001,280598,0,0
2025-10-17 15:05:00,249.34,249.582,249.215,249.23,217364,0,0
2025-10-17 15:10:00,249.22,249.53999,248.69501,248.69501,227622,0,0
2025-10-17 15:15:00,248.74001,249.03999,248.67,248.75,279341,0,0
2025-10-17 15:20:00,248.75,248.8,248.23,248.53999,381330,0,0
2025-10-17 15:25:00,248.53999,248.8,248.3338,248.48,255468,0,0
2025-10-17 15:30:00,248.48,248.74001,248.36,248.63,258374,1,0
2025-10-17 15:35:00,248.61,248.78,248.0972,248.55499,375220,0,0
2025-10-17 15:40:00,248.56,249.11,248.53999,249.0899,725718,0,0
2025-10-17 15:45:00,249.078,249.53,248.95,249.45,280570,0,0
2025-10-17 15:50:00,249.45,249.67999,249.28999,249.55,362767,0,0
2025-10-17 15:55:00,249.55,249.78,249.44,249.5775,285968,0,0
2025-10-17 16:00:00,249.53999,250.0999,249.53999,249.91,438429,0,0
2025-10-17 16:05:00,249.91499,250.21001,249.84,250.17,313879,0,0
2025-10-17 16:10:00,250.17999,250.17999,249.67,249.78,282583,0,0
2025-10-17 16:15:00,249.78999,250.02,249.4502,249.661,304826,0,0
2025-10-17 16:20:00,249.66,250.175,249.63,250.03,346088,0,0
2025-10-17 16:25:00,250.021,250.35001,249.96001,250.29649,303292,0,0
2025-10-17 16:30:00,250.2933,250.77,250.27521,250.50999,489840,0,0
2025-10-17 16:35:00,250.52,250.85001,250.39999,250.75,460571,0,0
2025-10-17 16:40:00,250.73,250.86,250.53,250.61639,385423,0,0
2025-10-17 16:45:00,250.64,251.062,250.44,250.97,603410,0,0
2025-10-17 16:50:00,251.0,251.36,250.86,250.965,423895,0,0
2025-10-17 16:55:00,250.974,251.28999,250.84,251.13,340600,0,0
2025-10-17 17:00:00,251.1321,251.14931,250.36,250.505,1513236,0,1
2025-10-17 17:05:00,250.52,250.86,250.416,250.5526,281137,0,0
2025-10-17 17:10:00,250.55,251.33,250.47,251.11,369079,0,0
2025-10-17 17:15:00,251.10001,251.13,250.6817,250.7352,225844,0,0
2025-10-17 17:20:00,250.73511,251.07001,250.61659,250.83,262146,0,0
2025-10-17 17:25:00,250.84,251.08,250.77,250.815,708779,0,0
2025-10-17 17:30:00,250.8,250.89999,250.41,250.89,214764,0,0
2025-10-17 17:35:00,250.86,251.00999,250.60001,250.705,208839,0,0
2025-10-17 17:40:00,250.69,250.83,250.35001,250.5,204799,0,0
2025-10-17 17:45:00,250.50011,250.72,250.245,250.72,250353,0,0
2025-10-17 17:50:00,250.72639,251.34641,250.71001,251.297,507591,0,0
2025-10-17 17:55:00,251.27,251.37,250.96001,251.3,275894,0,0
2025-10-17 18:00:00,251.319,251.71001,251.319,251.46001,394645,0,0
2025-10-17 18:05:00,251.465,251.94,251.45,251.92999,371723,0,0
2025-10-17 18:10:00,251.9209,252.03,251.66499,251.83299,409069,0,0
2025-10-17 18:15:00,251.825,252.179,251.80119,252.09,353716,0,0
2025-10-17 18:20:00,252.11,252.535,252.11,252.34,475310,0,0
2025-10-17 18:25:00,252.35001,252.3898,252.14999,252.3,286281,0,1
2025-10-17 18:30:00,252.28239,252.44,252.03999,252.17,286866,0,0
2025-10-17 18:35:00,252.1805,252.34,251.80009,251.8165,296310,0,0
2025-10-17 18:40:00,251.815,251.94,251.75,251.75,257765,0,0
2025-10-17 18:45:00,251.77,251.99001,251.7,251.98,279070,0,0
2025-10-17 18:50:00,251.96001,252.255,251.92999,252.12691,261284,0,0
2025-10-17 18:55:00,252.11,252.31,252.015,252.2735,230253,0,0
2025-10-17 19:00:00,252.28,252.495,252.25999,252.485,387404,0,0
2025-10-17 19:05:00,252.48,252.5499,252.1001,252.34,353891,0,0
2025-10-17 19:10:00,252.345,252.64,252.32001,252.6254,414710,0,0
2025-10-17 19:15:00,252.62,252.67999,252.36,252.556,328779,0,0
2025-10-17 19:20:00,252.55499,252.82001,252.44,252.6841,448914,0,0
2025-10-17 19:25:00,252.685,252.765,252.63499,252.75999,437409,0,0
2025-10-17 19:30:00,252.75,252.7899,252.42,252.75,652336,0,0
2025-10-17 19:35:00,252.75999,253.32001,252.75999,253.31,812521,0,0
2025-10-17 19:40:00,253.28,253.38,253.095,253.215,687200,0,0
2025-10-17 19:45:00,253.22,253.3418,253.08,253.3,832757,0,0
2025-10-17 19:50:00,253.28,253.28999,252.12,252.12,2379160,0,0
2025-10-17 19:55:00,252.13,252.5499,252.12,252.3,1883814,0,0
2025-10-20 13:30:00,255.88499,259.20001,255.63,258.39999,6569717,0,0
2025-10-20 13:35:00,258.39999,258.70001,257.7301,258.29999,1457843,0,0
2025-10-20 13:40:00,258.35999,258.95001,258.26999,258.45999,1210370,0,0
2025-10-20 13:45:00,258.47,258.62,257.73999,258.095,915799,0,0
2025-10-20 13:50:00,258.14001,259.12,258.01001,258.89001,1264115,0,0
2025-10-20 13:55:00,258.91,259.87,258.42001,258.97751,2325593,0,0
2025-10-20 14:00:00,258.89001,259.56989,258.4201,258.88,1331709,0,0
2025-10-20 14:05:00,258.88,258.98999,258.45999,258.48001,936030,0,0
2025-10-20 14:10:00,258.48001,258.82001,258.07019,258.66,955871,0,0
2025-10-20 14:15:00,258.67999,258.75,258.40009,258.45999,661299,0,0
2025-10-20 14:20:00,258.45001,258.98001,258.45001,258.86499,778286,1,0
2025-10-20 14:25:00,258.88,259.76999,258.81,259.505,1120099,0,0
2025-10-20 14:30:00,259.48999,260.20001,259.07001,259.60001,2662575,0,0
2025-10-20 14:35:00,259.61371,260.38,259.20999,259.58499,1613025,0,0
2025-10-20 14:40:00,259.57001,260.06,259.48999,259.70001,874013,0,0
2025-10-20 14:45:00,259.71991,260.53,259.64999,260.47,1030202,0,0
2025-10-20 14:50:00,260.47,261.25,260.12729,261.20999,1419555,0,0
2025-10-20 14:55:00,261.20999,261.63,261.13,261.57999,1208613,0,0
2025-10-20 15:00:00,261.57999,263.0499,261.51999,262.70999,4391207,0,0
2025-10-20 15:05:00,262.70999,262.78,262.17001,262.51999,1268588,0,0
2025-10-20 15:10:00,262.54999,263.47,262.54999,262.76999,2031915,0,0
2025-10-20 15:15:00,262.79001,263.14001,262.23999,263.14001,1635669,0,0
2025-10-20 15:20:00,263.13,263.48999,263.11041,263.25,1176645,0,0
2025-10-20 15:25:00,263.26999,263.54999,262.45999,262.57001,1378042,0,0
2025-10-20 15:30:00,262.54999,263.09,262.41751,263.04999,766822,0,0
2025-10-20 15:35:00,263.07001,263.54999,262.86441,263.4201,957638,0,0
2025-10-20 15:40:00,263.45001,263.59,262.91,263.5488,962460,0,0
2025-10-20 15:45:00,263.54999,264.35999,263.42999,264.20001,1487527,0,0
2025-10-20 15:50:00,264.20999,264.375,263.62,264.04999,1656975,0,1
2025-10-20 15:55:00,264.06,264.07999,263.04999,263.31,1085954,0,0
2025-10-20 16:00:00,263.34,263.73001,263.04001,263.45999,1017701,0,0
2025-10-20 16:05:00,263.45999,264.23001,263.45499,263.63101,1924808,0,0
2025-10-20 16:10:00,263.64001,263.9899,263.04999,263.11639,983868,0,0
2025-10-20 16:15:00,263.10001,263.47,263.03,263.26001,1596013,0,0
2025-10-20 16:20:00,263.22049,263.28,262.81009,263.07001,672537,0,0
2025-10-20 16:25:00,263.03,263.64999,262.95999,263.48999,652506,0,0
2025-10-20 16:30:00,263.48001,263.70001,263.36011,263.46011,560785,0,0
2025-10-20 16:35:00,263.4501,263.62979,263.23001,263.29001,743675,0,0
2025-10-20 16:40:00,263.29999,263.32001,262.73001,262.79999,740085,0,0
2025-10-20 16:45:00,262.82001,262.95001,262.64999,262.91,665836,0,0
2025-10-20 16:50:00,262.92999,263.56,262.92001,263.45001,828904,0,0
2025-10-20 16:55:00,263.47,263.67001,263.35141,263.62,619520,0,0
2025-10-20 17:00:00,263.61011,263.95001,263.51999,263.94501,584277,0,0
2025-10-20 17:05:00,263.94501,264.17001,263.67999,264.14001,990910,0,0
2025-10-20 17:10:00,264.16,264.20999,263.26001,263.3497,902836,0,1
2025-10-20 17:15:00,263.32199,263.48999,263.03,263.42999,771821,0,0
2025-10-20 17:20:00,263.44199,263.57001,263.17001,263.25,345197,0,0
2025-10-20 17:25:00,263.25,263.26001,262.88089,263.16501,335671,0,0
2025-10-20 17:30:00,263.17999,263.20999,263.04001,263.04999,298842,0,0
2025-10-20 17:35:00,263.04999,263.20001,262.97,263.0687,344047,0,0
2025-10-20 17:40:00,263.07999,263.17001,263.0032,263.035,292690,0,0
2025-10-20 17:45:00,263.035,263.37,262.91,263.34,383451,0,0
2025-10-20 17:50:00,263.34,263.34,262.95999,262.98999,383593,0,0
2025-10-20 17:55:00,263.0,263.04999,262.82599,262.92499,593689,0,0
2025-10-20 18:00:00,262.92001,263.375,262.79001,263.35001,436976,0,0
2025-10-20 18:05:00,263.35001,263.41501,263.12,263.20001,337762,0,0
2025-10-20 18:10:00,263.20001,263.67999,263.20001,263.6702,560377,0,0
2025-10-20 18:15:00,263.6799,263.73001,263.35999,263.53,444293,0,0
2025-10-20 18:20:00,263.53101,263.80499,263.5,263.73001,322400,0,0
2025-10-20 18:25:00,263.73001,263.82999,263.67001,263.73001,358679,0,0
2025-10-20 18:30:00,263.73999,263.755,263.34,263.54501,629310,0,1
2025-10-20 18:35:00,263.5481,263.67001,263.435,263.5,334802,0,0
2025-10-20 18:40:00,263.495,263.495,263.25,263.37,442386,0,0
2025-10-20 18:45:00,263.37,263.42999,263.04001,263.23999,385980,0,0
2025-10-20 18:50:00,263.25,263.32999,263.06,263.17001,291295,0,0
2025-10-20 18:55:00,263.17981,263.36151,263.12,263.28,296093,0,0
2025-10-20 19:00:00,263.29999,263.67429,263.20059,263.5882,428285,0,0
2025-10-20 19:05:00,263.57001,263.81,263.47281,263.73999,782797,0,0
2025-10-20 19:10:00,263.75,263.763,263.4101,263.5,431480,0,0
2025-10-20 19:15:00,263.5,263.5,263.22,263.44,391047,0,0
2025-10-20 19:20:00,263.45499,263.45499,263.20999,263.41,487546,0,0
2025-10-20 19:25:00,263.41989,263.60001,263.245,263.42001,561889,0,0
2025-10-20 19:30:00,263.44,263.79001,263.38,263.70999,588654,0,0
2025-10-20 19:35:00,263.70999,263.85001,263.59601,263.79001,678477,0,0
2025-10-20 19:40:00,263.79999,263.82001,263.53,263.535,709494,0,1
2025-10-20 19:45:00,263.53,263.70001,263.39999,263.64499,731447,0,0
2025-10-20 19:50:00,263.64001,263.76999,262.69,262.81009,1606785,0,0
2025-10-20 19:55:00,262.82999,262.82999,261.92999,262.23001,3706610,0,0
2025-10-21 13:30:00,261.88,263.31,261.88,263.31,4187969,1,0
2025-10-21 13:35:00,263.29001,264.82001,263.10999,264.73999,2362753,0,0
2025-10-21 13:40:00,264.73999,265.0,263.51001,264.39999,2024773,0,1
2025-10-21 13:45:00,264.42001,264.52051,263.26001,263.67499,1124030,0,0
2025-10-21 13:50:00,263.67609,265.29001,263.54999,263.573,1984381,0,0
2025-10-21 13:55:00,263.6499,264.04001,262.94,263.80499,1136614,0,0
2025-10-21 14:00:00,263.79001,264.60001,263.5401,264.21011,1029508,0,0
2025-10-21 14:05:00,264.22,264.60001,263.79999,264.5,691944,0,0
2025-10-21 14:10:00,264.48001,264.64001,263.62,263.79001,754290,0,0
2025-10-21 14:15:00,263.79001,264.19,263.22,263.85001,763185,0,0
2025-10-21 14:20:00,263.84,264.25,263.57999,264.0,429858,0,0
2025-10-21 14:25:00,263.96011,264.02811,263.41,263.49991,514275,0,0
2025-10-21 14:30:00,263.45999,263.67001,263.07001,263.39001,632901,0,0
2025-10-21 14:35:00,263.35141,263.82999,263.32999,263.45999,324010,0,0
2025-10-21 14:40:00,263.47989,263.64001,262.76999,262.91,406121,0,0
2025-10-21 14:45:00,262.92999,263.19,262.70999,263.035,439956,0,0
2025-10-21 14:50:00,263.0351,263.23999,262.53,262.72,453467,0,0
2025-10-21 14:55:00,262.70999,263.10501,262.7001,263.0499,411293,0,0
2025-10-21 15:00:00,263.07999,263.17999,262.72501,262.914,303440,0,0
2025-10-21 15:05:00,262.92999,263.35989,262.70001,263.22009,339254,0,0
2025-10-21 15:10:00,263.22,263.42001,262.87,262.98499,384324,0,0
2025-10-21 15:15:00,263.0,263.12,262.51001,262.90271,337535,0,0
2025-10-21 15:20:00,262.91989,262.95999,262.70001,262.75,246340,0,0
2025-10-21 15:25:00,262.73001,263.75299,262.70001,263.66199,442624,0,0
2025-10-21 15:30:00,263.67001,264.021,263.67001,263.87991,440995,0,0
2025-10-21 15:35:00,263.815,264.28,263.79999,264.21011,546704,0,0
2025-10-21 15:40:00,264.22501,264.535,263.78,263.90851,565724,0,0
2025-10-21 15:45:00,263.91,264.19989,263.8067,263.95001,332748,0,0
2025-10-21 15:50:00,263.93231,264.17001,263.92001,263.92999,246228,0,0
2025-10-21 15:55:00,263.91,264.26999,263.82999,264.12,1294770,0,0
2025-10-21 16:00:00,264.10999,264.38699,263.95001,264.01999,363244,0,0
2025-10-21 16:05:00,264.00009,264.03,263.56,263.72,303591,0,0
2025-10-21 16:10:00,263.69,263.70001,263.5,263.62491,261293,0,0
2025-10-21 16:15:00,263.63,263.77301,263.33099,263.345,297819,0,0
2025-10-21 16:20:00,263.3414,263.57001,263.17999,263.25,621756,0,0
2025-10-21 16:25:00,263.23999,263.29999,263.08011,263.17001,239381,0,0
2025-10-21 16:30:00,263.16,263.40991,263.10001,263.20499,201051,0,0
2025-10-21 16:35:00,263.20001,263.35001,263.09,263.31989,215854,0,0
2025-10-21 16:40:00,263.31,263.39771,263.17999,263.2341,139018,0,0
2025-10-21 16:45:00,263.23999,263.37,263.10001,263.1499,317701,0,0
2025-10-21 16:50:00,263.14999,263.29501,262.85001,262.88,301052,0,0
2025-10-21 16:55:00,262.87,263.19879,262.85999,263.07001,203995,1,0
2025-10-21 17:00:00,263.065,263.28851,262.8475,263.25,236582,0,0
2025-10-21 17:05:00,263.26999,263.67001,263.2319,263.60001,300385,0,0
2025-10-21 17:10:00,263.62,263.6799,263.51501,263.55499,174421,0,0
2025-10-21 17:15:00,263.54001,263.55991,263.32101,263.39999,220867,0,0
2025-10-21 17:20:00,263.41,263.47531,263.19,263.42999,205434,0,0
2025-10-21 17:25:00,263.431,263.45999,263.121,263.32651,155246,0,0
2025-10-21 17:30:00,263.32581,263.53,263.29001,263.47,194812,1,0
2025-10-21 17:35:00,263.47,263.60001,263.37,263.48999,164761,0,0
2025-10-21 17:40:00,263.48871,263.80991,263.47,263.6825,223017,0,0
2025-10-21 17:45:00,263.68179,263.74991,263.53,263.729,150270,0,0
2025-10-21 17:50:00,263.73999,263.8093,263.63501,263.75,323745,0,0
2025-10-21 17:55:00,263.75,263.89999,263.69,263.76001,410931,0,0
2025-10-21 18:00:00,263.77829,263.95499,263.73999,263.87,182190,0,0
2025-10-21 18:05:00,263.87,264.04999,263.87,263.95499,282132,0,0
2025-10-21 18:10:00,263.95999,264.03,263.83499,263.83499,216376,0,0
2025-10-21 18:15:00,263.83401,263.85449,263.625,263.72,198608,0,0
2025-10-21 18:20:00,263.72,263.80991,262.14999,263.48999,1064914,0,0
2025-10-21 18:25:00,263.51999,263.70001,263.32999,263.44989,306339,0,0
2025-10-21 18:30:00,263.44958,263.70001,263.41,263.5625,211180,0,0
2025-10-21 18:35:00,263.565,263.57999,263.39001,263.42001,168584,0,0
2025-10-21 18:40:00,263.41501,263.42999,263.245,263.28,216547,0,0
2025-10-21 18:45:00,263.29001,263.73819,263.26999,263.67001,405360,0,0
2025-10-21 18:50:00,263.67999,263.72,263.35519,263.4892,227640,0,0
2025-10-21 18:55:00,263.45999,263.54001,263.37,263.42001,208431,0,0
2025-10-21 19:00:00,263.435,263.54999,263.345,263.45999,226838,0,0
2025-10-21 19:05:00,263.465,263.54999,263.37009,263.53,259476,0,0
2025-10-21 19:10:00,263.53,263.57001,263.2225,263.33499,429635,0,0
2025-10-21 19:15:00,263.33499,263.5,263.29001,263.35999,265707,0,0
2025-10-21 19:20:00,263.35501,263.45001,263.14001,263.17001,417540,0,0
2025-10-21 19:25:00,263.17001,263.29999,262.95001,263.08499,394042,0,0
2025-10-21 19:30:00,263.095,263.14999,262.87,262.95999,328840,0,0
2025-10-21 19:35:00,262.95999,263.1582,262.91,263.07001,287746,0,0
2025-10-21 19:40:00,263.06,263.20999,262.94,262.98001,362128,0,0
2025-10-21 19:45:00,262.98001,263.07999,262.82999,262.91,347712,0,0
2025-10-21 19:50:00,262.92001,263.14001,262.51999,262.63,675381,0,0
2025-10-21 19:55:00,262.62,263.16,262.47,262.84,1491211,0,0
2025-10-22 13:30:00,262.79001,262.85001,260.26001,260.29999,2457163,0,0
2025-10-22 13:35:00,260.31,260.80679,260.03,260.76001,730916,0,0
2025-10-22 13:40:00,260.76001,261.28851,260.37299,260.55499,712158,0,0
2025-10-22 13:45:00,260.55499,260.98999,260.20999,260.29501,1616644,0,0
2025-10-22 13:50:00,260.28769,261.10999,260.16,260.44501,585476,0,0
2025-10-22 13:55:00,260.41,260.64999,259.92999,260.39999,984602,0,0
2025-10-22 14:00:00,260.41251,260.45999,259.89001,259.95001,571259,0,0
2025-10-22 14:05:00,259.93219,260.73499,259.72,260.31,660715,0,0
2025-10-22 14:10:00,260.31,261.32001,260.25,261.03879,570496,0,0
2025-10-22 14:15:00,261.03,261.35999,260.92001,261.25,356367,0,0
2025-10-22 14:20:00,261.25021,261.3201,260.89999,261.10999,397841,0,1
2025-10-22 14:25:00,261.19,261.37,259.92068,260.0499,641833,0,0
2025-10-22 14:30:00,260.0,260.28,259.745,260.09,592263,1,0
2025-10-22 14:35:00,260.10989,260.63989,259.92999,260.54999,395888,0,0
2025-10-22 14:40:00,260.56,260.76001,260.39001,260.64999,375920,0,0
2025-10-22 14:45:00,260.59,261.07001,260.17001,261.0686,474226,0,0
2025-10-22 14:50:00,261.07001,261.13,260.51901,260.97,299673,0,1
2025-10-22 14:55:00,260.97,261.10501,260.64999,260.73999,240633,0,0
2025-10-22 15:00:00,260.75,260.76001,260.27011,260.31219,345598,0,0
2025-10-22 15:05:00,260.32001,260.4299,260.04001,260.14999,304753,0,0
2025-10-22 15:10:00,260.14001,260.14001,259.39001,259.67499,602932,0,0
2025-10-22 15:15:00,259.66,259.70999,259.17499,259.39999,429752,0,0
2025-10-22 15:20:00,259.39001,259.42999,257.64011,258.51999,1274269,0,0
2025-10-22 15:25:00,258.51999,258.79001,258.14001,258.4299,594307,0,0
2025-10-22 15:30:00,258.45001,258.76501,258.10001,258.54999,541142,0,0
2025-10-22 15:35:00,258.59,258.73999,258.10001,258.66501,429051,0,0
2025-10-22 15:40:00,258.67999,258.99911,258.56091,258.57999,364515,0,0
2025-10-22 15:45:00,258.60001,259.17969,258.57111,259.15939,401345,0,0
2025-10-22 15:50:00,259.17001,259.38,259.0,259.25,312798,0,0
2025-10-22 15:55:00,259.26001,259.48999,259.14001,259.30499,231995,0,0
2025-10-22 16:00:00,259.30499,259.41,258.73999,259.13,230888,0,1
2025-10-22 16:05:00,259.14499,259.32501,258.7692,258.79001,226493,0,0
2025-10-22 16:10:00,258.77499,258.79001,258.53,258.57001,277211,0,0
2025-10-22 16:15:00,258.56,258.74881,258.51001,258.51001,195077,0,0
2025-10-22 16:20:00,258.5,258.57999,258.04999,258.17999,307920,0,0
2025-10-22 16:25:00,258.17999,258.57999,258.14001,258.54999,245486,0,0
2025-10-22 16:30:00,258.54999,258.76999,256.375,258.03201,1381627,0,0
2025-10-22 16:35:00,258.04001,258.23999,257.79999,257.9888,452512,0,0
2025-10-22 16:40:00,258.01999,258.285,257.58011,257.66,278250,0,0
2025-10-22 16:45:00,257.67499,257.8299,257.4201,257.595,282086,0,0
2025-10-22 16:50:00,257.56049,257.98999,257.09,257.84052,346659,0,0
2025-10-22 16:55:00,257.89999,258.20999,257.57999,257.67001,226372,0,0
2025-10-22 17:00:00,257.64001,257.70001,257.37,257.45001,179150,0,0
2025-10-22 17:05:00,257.47501,257.79001,257.3707,257.79001,221813,0,0
2025-10-22 17:10:00,257.76999,257.8204,257.16,257.17001,242227,0,0
2025-10-22 17:15:00,257.19,257.23999,256.98001,257.09451,273532,0,0
2025-10-22 17:20:00,257.10999,257.17999,256.47009,256.80499,412714,0,0
2025-10-22 17:25:00,256.81,256.85001,256.29999,256.69141,382199,0,0
2025-10-22 17:30:00,256.67001,256.71841,255.78999,256.42001,598550,0,0
2025-10-22 17:35:00,256.39999,256.78711,256.10001,256.125,456726,0,0
2025-10-22 17:40:00,256.19,256.20001,255.67999,255.7496,466778,0,0
2025-10-22 17:45:00,255.73,256.10999,255.71001,255.9901,424059,0,0
2025-10-22 17:50:00,255.99001,256.035,255.42999,255.5051,380870,0,0
2025-10-22 17:55:00,255.5,256.35001,255.49001,256.35001,366278,1,0
2025-10-22 18:00:00,256.31,256.64001,256.22009,256.29749,320253,0,0
2025-10-22 18:05:00,256.28,256.84,256.28,256.70001,256902,0,0
2025-10-22 18:10:00,256.70001,256.81,256.44,256.51001,211538,0,0
2025-10-22 18:15:00,256.5,256.5564,256.26001,256.47031,198778,0,0
2025-10-22 18:20:00,256.47,257.0798,256.47,257.01001,302965,0,0
2025-10-22 18:25:00,257.01999,257.05301,256.27399,256.55099,237346,0,1
2025-10-22 18:30:00,256.54999,256.63,256.14001,256.39511,289745,0,0
2025-10-22 18:35:00,256.3923,256.745,256.37,256.73999,239058,0,0
2025-10-22 18:40:00,256.73999,256.87,256.42999,256.67999,266680,0,0
2025-10-22 18:45:00,256.69,256.92001,256.62,256.70999,208499,0,0
2025-10-22 18:50:00,256.70001,256.70999,256.41,256.465,213407,0,0
2025-10-22 18:55:00,256.48001,257.01901,256.47,256.97,221969,0,0
2025-10-22 19:00:00,256.95999,257.05991,256.5,256.9422,298104,0,0
2025-10-22 19:05:00,256.9418,257.57001,256.85001,257.48001,315541,0,0
2025-10-22 19:10:00,257.48001,257.62,257.38501,257.48499,311452,0,0
2025-10-22 19:15:00,257.48499,257.67999,257.34,257.5,258442,0,0
2025-10-22 19:20:00,257.51501,257.56,257.14001,257.28,312500,0,0
2025-10-22 19:25:00,257.31,257.60001,257.285,257.51001,259744,0,0
2025-10-22 19:30:00,257.51999,257.6915,257.42999,257.60001,356602,0,0
2025-10-22 19:35:00,257.59,257.98999,257.5,257.91,488012,0,0
2025-10-22 19:40:00,257.91,257.935,257.51001,257.60001,376929,0,0
2025-10-22 19:45:00,257.60999,257.89999,257.53,257.89001,310447,0,0
2025-10-22 19:50:00,257.91,258.69989,257.91,258.47,817737,0,0
2025-10-22 19:55:00,258.48001,258.81,258.22,258.42999,1913795,0,0
2025-10-23 13:30:00,259.89001,260.1799,258.70499,259.17999,1675929,0,1
2025-10-23 13:35:00,259.1564,259.31,258.37799,258.70999,519755,0,0
2025-10-23 13:40:00,258.7374,258.90991,258.12,258.5,460021,0,0
2025-10-23 13:45:00,258.48499,259.07001,258.48499,258.745,438348,0,0
2025-10-23 13:50:00,258.73999,259.12,258.54999,258.60999,526774,0,0
2025-10-23 13:55:00,258.6105,259.14001,258.0101,258.35001,484646,0,0
2025-10-23 14:00:00,258.39001,258.85001,258.39001,258.48999,375323,0,0
2025-10-23 14:05:00,258.51001,258.51999,258.20349,258.255,380053,0,0
2025-10-23 14:10:00,258.26001,259.22989,258.12,259.20001,333343,0,0
2025-10-23 14:15:00,259.17169,259.33041,258.67001,258.76501,468157,0,0
2025-10-23 14:20:00,258.76001,259.38,258.72,259.35501,273041,0,0
2025-10-23 14:25:00,259.38,259.63,259.26999,259.47989,315617,0,0
2025-10-23 14:30:00,259.42001,259.42001,259.01999,259.2637,235746,0,0
2025-10-23 14:35:00,259.28,259.59,259.12,259.31,205893,0,0
2025-10-23 14:40:00,259.33499,259.44,259.203,259.32501,171278,0,0
2025-10-23 14:45:00,259.32501,259.5011,259.13,259.32999,189090,0,0
2025-10-23 14:50:00,259.32999,259.42999,258.73001,258.76001,342925,0,0
2025-10-23 14:55:00,258.755,259.66,258.73001,259.62219,389311,1,0
2025-10-23 15:00:00,259.60999,259.67999,259.25,259.29001,295597,0,0
2025-10-23 15:05:00,259.28,259.41,259.22,259.34009,153385,0,0
2025-10-23 15:10:00,259.38,259.41949,258.95999,259.09,191901,0,0
2025-10-23 15:15:00,259.08499,259.19,258.95001,259.09,317571,0,0
2025-10-23 15:20:00,259.095,259.39499,259.07001,259.38501,180026,0,0
2025-10-23 15:25:00,259.38229,259.42999,259.19,259.39999,180067,0,0
2025-10-23 15:30:00,259.39999,259.76999,259.38,259.75,271098,0,0
2025-10-23 15:35:00,259.759,259.85699,259.0834,259.315,448194,0,0
2025-10-23 15:40:00,259.28,259.70001,259.23999,259.23999,333034,0,0
2025-10-23 15:45:00,259.23999,259.97,259.14999,259.91,278689,0,0
2025-10-23 15:50:00,259.88,260.38,259.88,260.35999,432943,0,0
2025-10-23 15:55:00,260.35001,260.53,260.17001,260.25,316775,0,0
2025-10-23 16:00:00,260.20499,260.45001,260.17059,260.39999,187892,0,0
2025-10-23 16:05:00,260.39999,260.6199,260.23999,260.409,202931,0,0
2025-10-23 16:10:00,260.39999,260.54001,260.20001,260.39001,167459,0,0
2025-10-23 16:15:00,260.3765,260.51001,260.23999,260.35001,136096,0,0
2025-10-23 16:20:00,260.35001,260.54001,260.03,260.12,203272,0,0
2025-10-23 16:25:00,260.14001,260.17001,259.92499,260.04001,189738,0,0
2025-10-23 16:30:00,260.04999,260.39001,260.01001,260.20001,213080,0,0
2025-10-23 16:35:00,260.20999,260.23999,260.05011,260.07501,152575,0,0
2025-10-23 16:40:00,260.04501,260.26001,259.95001,260.20001,194807,0,0
2025-10-23 16:45:00,260.23001,260.29999,260.0567,260.09,188735,0,0
2025-10-23 16:50:00,260.07001,260.23999,260.07001,260.17999,132160,0,0
2025-10-23 16:55:00,260.17001,260.29001,260.04001,260.26001,179790,0,0
2025-10-23 17:00:00,260.25,260.54999,259.51999,260.37,511241,0,0
2025-10-23 17:05:00,260.35999,260.40799,259.62,259.94,404223,0,0
2025-10-23 17:10:00,259.95001,260.30499,259.935,260.02509,165877,0,0
2025-10-23 17:15:00,260.02499,260.10999,259.66501,259.755,149575,0,0
2025-10-23 17:20:00,259.79001,259.88989,259.70001,259.76379,123797,0,0
2025-10-23 17:25:00,259.7623,259.90991,259.72699,259.85999,158349,0,0
2025-10-23 17:30:00,259.88,260.22,259.82999,259.935,187201,0,0
2025-10-23 17:35:00,259.94,260.42499,259.92001,260.3226,231013,0,0
2025-10-23 17:40:00,260.32999,260.38,260.12,260.23001,151301,0,0
2025-10-23 17:45:00,260.23999,260.32001,260.17999,260.23001,171637,0,0
2025-10-23 17:50:00,260.23001,260.29999,260.14999,260.20999,123966,0,0
2025-10-23 17:55:00,260.23999,260.32001,260.19,260.20999,1472123,0,0
2025-10-23 18:00:00,260.20999,260.35001,260.10999,260.31,138255,0,0
2025-10-23 18:05:00,260.31,260.42001,260.17999,260.26099,148191,0,0
2025-10-23 18:10:00,260.26001,260.28,259.84299,260.14999,216205,0,0
2025-10-23 18:15:00,260.125,260.125,259.87,259.94,184384,0,0
2025-10-23 18:20:00,259.92999,260.10001,259.89011,259.98001,172831,0,0
2025-10-23 18:25:00,259.97501,260.01999,259.89499,259.97,123085,0,0
2025-10-23 18:30:00,259.97,260.01999,259.88,259.89001,174756,0,0
2025-10-23 18:35:00,259.89001,259.92999,259.79001,259.8107,212101,0,0
2025-10-23 18:40:00,259.845,259.95999,259.845,259.91501,159015,0,0
2025-10-23 18:45:00,259.91501,259.96552,259.66,259.76501,209773,0,0
2025-10-23 18:50:00,259.76001,259.875,259.76001,259.77499,122117,0,0
2025-10-23 18:55:00,259.76999,259.91,259.75,259.85001,154058,0,0
2025-10-23 19:00:00,259.85999,259.90799,259.73999,259.875,194210,0,0
2025-10-23 19:05:00,259.88,259.88,259.72,259.73001,167397,0,0
2025-10-23 19:10:00,259.73001,259.85999,259.73001,259.785,154122,0,0
2025-10-23 19:15:00,259.785,259.7999,259.62,259.70999,266181,0,0
2025-10-23 19:20:00,259.70999,259.85999,259.69,259.76001,218754,0,0
2025-10-23 19:25:00,259.76001,259.9136,259.73999,259.89999,204687,0,0
2025-10-23 19:30:00,259.91,259.91,259.71011,259.79001,216369,0,0
2025-10-23 19:35:00,259.79001,259.94,259.69,259.875,285007,0,0
2025-10-23 19:40:00,259.85999,260.01999,259.81,259.82001,264786,0,0
2025-10-23 19:45:00,259.82819,260.04999,259.78,259.79501,277283,0,0
2025-10-23 19:50:00,259.78,259.78,259.07999,259.63,760036,0,0
2025-10-23 19:55:00,259.62,259.69,259.25821,259.57999,1340375,0,0
2025-10-24 13:30:00,261.19,261.62,259.69,260.10999,1799788,0,1
2025-10-24 13:35:00,260.116,260.60001,259.59,259.62,859822,0,0
2025-10-24 13:40:00,259.59,260.35001,259.39499,260.32001,550994,0,0
2025-10-24 13:45:00,260.32001,260.51999,259.17999,259.32001,553979,0,0
2025-10-24 13:50:00,259.31,259.84,259.22,259.79001,519246,1,0
2025-10-24 13:55:00,259.7775,260.32999,259.54999,260.17001,439333,0,0
2025-10-24 14:00:00,260.23999,260.37,259.88,260.26001,625798,0,0
2025-10-24 14:05:00,260.28,260.31961,260.03,260.17001,341560,0,0
2025-10-24 14:10:00,260.16,260.64999,260.01001,260.56,420783,0,0
2025-10-24 14:15:00,260.59,260.91989,260.41,260.8797,384448,0,0
2025-10-24 14:20:00,260.87,261.20999,260.67001,261.04999,426370,0,0
2025-10-24 14:25:00,261.09,261.29999,260.82001,260.94141,365406,0,0
2025-10-24 14:30:00,260.94,261.2999,260.79001,261.27499,316665,0,0
2025-10-24 14:35:00,261.285,261.39999,261.04999,261.21729,310823,0,0
2025-10-24 14:40:00,261.22,261.64001,261.20999,261.54001,363179,0,0
2025-10-24 14:45:00,261.54999,262.35001,261.53009,262.06989,906150,0,0
2025-10-24 14:50:00,262.05499,262.19489,261.60001,261.82501,388217,0,0
2025-10-24 14:55:00,261.81,261.84,261.34,261.83099,417546,0,0
2025-10-24 15:00:00,261.85001,262.13971,261.76001,262.10001,338910,0,0
2025-10-24 15:05:00,262.10999,262.37,261.97,262.35999,333292,0,0
2025-10-24 15:10:00,262.345,262.92499,262.23001,262.88,605854,0,0
2025-10-24 15:15:00,262.88,263.12,262.73001,262.78,681155,0,0
2025-10-24 15:20:00,262.785,263.20999,262.78,263.17999,429482,0,0
2025-10-24 15:25:00,263.185,263.35999,263.10999,263.28,399647,0,0
2025-10-24 15:30:00,263.29001,263.78,263.28,263.76001,569549,0,0
2025-10-24 15:35:00,263.73999,263.76001,263.22,263.45001,608762,0,0
2025-10-24 15:40:00,263.42999,263.42999,263.04501,263.315,321491,0,0
2025-10-24 15:45:00,263.28,263.46701,263.16,263.31,303698,0,0
2025-10-24 15:50:00,263.29999,263.54999,263.17001,263.23001,328347,0,0
2025-10-24 15:55:00,263.23999,263.35999,262.95001,263.33719,386721,0,0
2025-10-24 16:00:00,263.345,263.60501,263.345,263.48001,275828,0,0
2025-10-24 16:05:00,263.47,263.63,263.3002,263.47989,300978,0,0
2025-10-24 16:10:00,263.48999,263.69,263.46021,263.60001,275855,0,0
2025-10-24 16:15:00,263.57239,263.8631,263.5,263.79999,392784,0,0
2025-10-24 16:20:00,263.8501,264.03,263.42001,263.5517,438333,0,1
2025-10-24 16:25:00,263.57999,263.76999,263.4404,263.57999,256320,0,0
2025-10-24 16:30:00,263.59,263.6084,263.17001,263.18011,272006,0,0
2025-10-24 16:35:00,263.17169,263.37,263.03,263.25,286192,0,0
2025-10-24 16:40:00,263.23221,263.25,262.85001,263.06021,252427,0,0
2025-10-24 16:45:00,263.03,263.34,262.95999,263.20001,253339,1,0
2025-10-24 16:50:00,263.23001,263.29501,263.10999,263.2049,198283,0,0
2025-10-24 16:55:00,263.17001,263.19,262.92999,263.10989,154037,0,0
2025-10-24 17:00:00,263.10001,263.41,263.09,263.29291,278646,0,0
2025-10-24 17:05:00,263.29999,263.51999,263.20999,263.39999,294799,0,0
2025-10-24 17:10:00,263.41,263.70999,263.37,263.57001,332350,0,0
2025-10-24 17:15:00,263.565,263.63,263.34,263.48001,210451,0,0
2025-10-24 17:20:00,263.48999,263.64001,263.20001,263.64001,213565,0,0
2025-10-24 17:25:00,263.63019,263.67999,263.53,263.60999,184361,0,0
2025-10-24 17:30:00,263.60999,263.72,263.41,263.64999,165752,0,0
2025-10-24 17:35:00,263.64001,263.91501,263.54001,263.8342,315646,0,0
2025-10-24 17:40:00,263.845,263.95001,263.75,263.88,230257,0,0
2025-10-24 17:45:00,263.86499,264.06,263.80701,263.98499,284103,0,0
2025-10-24 17:50:00,263.98001,263.98001,263.85001,263.91501,198700,0,0
2025-10-24 17:55:00,263.905,264.09,263.85501,263.90009,252311,0,0
2025-10-24 18:00:00,263.89001,263.931,263.70999,263.71011,196039,0,0
2025-10-24 18:05:00,263.73999,263.87009,263.70999,263.79999,198670,0,0
2025-10-24 18:10:00,263.80029,263.815,263.66,263.66409,198943,0,0
2025-10-24 18:15:00,263.66461,263.91501,263.60001,263.84,201340,0,0
2025-10-24 18:20:00,263.85001,264.09,263.85001,264.06,282783,0,0
2025-10-24 18:25:00,264.07001,264.13,263.91,264.01999,319324,0,0
2025-10-24 18:30:00,264.02499,264.10001,263.89001,264.07001,205271,0,0
2025-10-24 18:35:00,264.06,264.07999,263.85999,263.89001,238101,0,0
2025-10-24 18:40:00,263.89999,263.905,263.64999,263.79059,278325,0,0
2025-10-24 18:45:00,263.81,263.87,263.53,263.815,272870,0,0
2025-10-24 18:50:00,263.81,263.9429,263.53,263.54999,203909,0,0
2025-10-24 18:55:00,263.54001,263.5799,263.42001,263.51999,341295,0,0
2025-10-24 19:00:00,263.51001,263.53,263.20999,263.405,294701,0,0
2025-10-24 19:05:00,263.39999,263.565,263.35999,263.48999,265408,0,0
2025-10-24 19:10:00,263.48999,263.51999,263.32501,263.37201,257470,0,0
2025-10-24 19:15:00,263.39001,263.44,263.14999,263.26019,284754,0,0
2025-10-24 19:20:00,263.2608,263.48251,263.16501,263.40161,244667,0,0
2025-10-24 19:25:00,263.4101,263.51999,263.34,263.5,300778,0,0
2025-10-24 19:30:00,263.51001,263.66,263.48001,263.51001,335331,0,0
2025-10-24 19:35:00,263.5,263.54501,263.435,263.48999,291519,0,0
2025-10-24 19:40:00,263.4895,263.53,263.32501,263.32999,403188,0,0
2025-10-24 19:45:00,263.34,263.42999,263.23001,263.40201,414415,0,0
2025-10-24 19:50:00,263.39999,263.41,262.61499,262.63501,887589,0,0
2025-10-24 19:55:00,262.64001,262.94,262.13,262.73999,2410442,0,0
2025-10-27 13:30:00,264.88,266.66,264.715,266.09,3235932,0,0
2025-10-27 13:35:00,266.09,266.20001,265.14001,265.435,705356,0,0
2025-10-27 13:40:00,265.4382,265.8399,264.65009,265.76501,723279,0,0
2025-10-27 13:45:00,265.76001,266.23999,265.64999,266.20999,669876,0,0
2025-10-27 13:50:00,266.19,266.57999,265.81,266.46909,663664,0,0
2025-10-27 13:55:00,266.39999,266.5,266.09,266.25,430999,0,0
2025-10-27 14:00:00,266.23999,266.79999,266.23499,266.67001,693003,0,0
2025-10-27 14:05:00,266.685,267.04999,266.36499,266.48001,784135,0,1
2025-10-27 14:10:00,266.48999,266.625,266.20999,266.23969,420980,0,0
2025-10-27 14:15:00,266.23999,266.34839,265.98999,266.25,372022,0,0
2025-10-27 14:20:00,266.23999,266.36841,265.85999,265.91,322270,0,0
2025-10-27 14:25:00,265.90009,265.98001,265.66,265.73001,297995,0,0
2025-10-27 14:30:00,265.73999,265.85001,265.41,265.57001,386136,0,0
2025-10-27 14:35:00,265.54999,265.729,265.41,265.57999,271671,0,0
2025-10-27 14:40:00,265.56,265.98001,265.54999,265.94,417372,0,0
2025-10-27 14:45:00,265.95001,266.42001,265.5701,265.5997,480451,0,0
2025-10-27 14:50:00,265.58499,265.78,265.20001,265.7565,409313,0,0
2025-10-27 14:55:00,265.73999,265.84,265.35999,265.38501,295493,0,0
2025-10-27 15:00:00,265.39999,265.72,265.38,265.39001,278038,0,0
2025-10-27 15:05:00,265.405,265.54999,265.19501,265.22,331154,0,0
2025-10-27 15:10:00,265.20999,265.70999,265.19501,265.67499,319184,1,0
2025-10-27 15:15:00,265.67999,265.77011,265.57999,265.71011,245747,0,0
2025-10-27 15:20:00,265.70999,266.04999,265.6842,266.035,286240,0,0
2025-10-27 15:25:00,266.01999,266.10001,265.64499,265.70999,330053,0,0
2025-10-27 15:30:00,265.70999,265.78,265.65509,265.72,227962,0,0
2025-10-27 15:35:00,265.70999,265.70999,265.29999,265.38,311109,0,0
2025-10-27 15:40:00,265.39499,265.62979,265.38019,265.47,250507,0,0
2025-10-27 15:45:00,265.45001,265.45001,265.20001,265.29501,304132,0,0
2025-10-27 15:50:00,265.29501,265.39001,265.04999,265.35001,344296,1,0
2025-10-27 15:55:00,265.35501,265.56,265.285,265.41019,303795,0,0
2025-10-27 16:00:00,265.42001,266.01001,265.23999,265.91641,527853,0,0
2025-10-27 16:05:00,265.94,266.0,265.82999,265.92001,203032,0,0
2025-10-27 16:10:00,265.91,266.09,265.867,265.95499,308714,0,0
2025-10-27 16:15:00,265.95999,266.0,265.84,265.8515,238704,0,0
2025-10-27 16:20:00,265.84219,265.96811,265.72,265.88,255264,0,0
2025-10-27 16:25:00,265.89401,265.95001,265.77499,265.92999,242527,0,0
2025-10-27 16:30:00,265.94,266.09,265.82999,265.94,236024,0,0
2025-10-27 16:35:00,265.91,265.99991,265.84,265.84,142240,0,0
2025-10-27 16:40:00,265.85999,266.07819,265.82001,265.98001,262698,0,0
2025-10-27 16:45:00,265.97501,266.03009,265.87,265.97,242988,0,0
2025-10-27 16:50:00,265.98001,266.125,265.85001,265.85779,207957,0,0
2025-10-27 16:55:00,265.85449,265.89999,265.56,265.59,238015,0,0
2025-10-27 17:00:00,265.59201,265.73999,265.56,265.685,180642,0,0
2025-10-27 17:05:00,265.685,265.76001,265.63,265.73001,164662,0,0
2025-10-27 17:10:00,265.73499,265.8299,265.68011,265.82651,182423,0,0
2025-10-27 17:15:00,265.82999,265.8855,265.595,265.6882,152297,0,0
2025-10-27 17:20:00,265.70001,265.72,265.51001,265.59021,1165028,0,0
2025-10-27 17:25:00,265.60999,265.70499,265.54999,265.62,156173,0,0
2025-10-27 17:30:00,265.63,265.83099,265.51001,265.81,222706,0,0
2025-10-27 17:35:00,265.80011,265.85999,265.69,265.75,165780,0,0
2025-10-27 17:40:00,265.73999,266.01501,265.73001,265.979,287354,0,0
2025-10-27 17:45:00,265.97,265.98999,265.80499,265.94501,186002,0,0
2025-10-27 17:50:00,265.94,265.98001,265.69,265.73001,225963,0,0
2025-10-27 17:55:00,265.72,265.89499,265.67841,265.86011,148900,0,0
2025-10-27 18:00:00,265.85999,265.85999,265.70001,265.75,153654,0,0
2025-10-27 18:05:00,265.73999,265.78,265.655,265.72,118279,0,0
2025-10-27 18:10:00,265.71011,265.71759,265.60001,265.64499,137338,0,0
2025-10-27 18:15:00,265.64499,265.70999,265.60001,265.61499,154602,0,0
2025-10-27 18:20:00,265.62,265.70511,265.58179,265.60501,192355,0,0
2025-10-27 18:25:00,265.60999,265.63501,265.52151,265.595,178822,0,0
2025-10-27 18:30:00,265.59,265.73001,265.47,265.72,220468,0,0
2025-10-27 18:35:00,265.72031,265.88,265.6582,265.785,211767,0,0
2025-10-27 18:40:00,265.78,265.92001,265.76501,265.86499,216929,0,0
2025-10-27 18:45:00,265.87,266.06,265.86499,266.04001,243944,0,0
2025-10-27 18:50:00,266.04999,266.19,266.04999,266.18011,345687,0,0
2025-10-27 18:55:00,266.17999,266.32999,266.12,266.23499,343330,0,0
2025-10-27 19:00:00,266.23499,266.31,266.03021,266.31,337837,0,0
2025-10-27 19:05:00,266.32001,266.64999,266.31,266.625,383033,0,0
2025-10-27 19:10:00,266.625,266.73999,266.56009,266.61499,336348,0,0
2025-10-27 19:15:00,266.61499,267.25,266.60001,267.22501,668468,0,0
2025-10-27 19:20:00,267.22,267.39999,267.10999,267.23999,543073,0,0
2025-10-27 19:25:00,267.23001,267.35999,267.08011,267.27499,408305,0,0
2025-10-27 19:30:00,267.26999,267.42001,267.20999,267.41,448221,0,0
2025-10-27 19:35:00,267.41501,267.60999,267.35001,267.54999,685879,0,0
2025-10-27 19:40:00,267.55499,267.76001,267.50009,267.73999,486486,0,0
2025-10-27 19:45:00,267.7301,267.9184,267.69,267.91,718456,0,0
2025-10-27 19:50:00,267.91,268.92001,267.91,268.815,1782193,0,0
2025-10-27 19:55:00,268.82999,269.07999,268.54999,268.73999,2874857,0,0
2025-10-28 13:30:00,269.13501,269.87,268.89999,269.185,3617005,0,0
2025-10-28 13:35:00,269.18619,269.35999,268.26001,268.29849,1265782,0,0
2025-10-28 13:40:00,268.3107,269.75,268.27499,269.48999,957479,0,0
2025-10-28 13:45:00,269.51999,269.75,268.75009,269.10999,1029456,0,1
2025-10-28 13:50:00,269.10001,269.39999,268.31961,268.48001,840130,0,0
2025-10-28 13:55:00,268.48001,269.25,268.44,268.98999,587590,0,0
2025-10-28 14:00:00,268.98001,269.06,268.29999,268.70001,620703,0,0
2025-10-28 14:05:00,268.70001,268.82999,268.34,268.73999,414738,0,0
2025-10-28 14:10:00,268.73001,268.8483,268.29001,268.64001,586490,0,0
2025-10-28 14:15:00,268.66,268.78,268.42999,268.5957,1108204,0,0
2025-10-28 14:20:00,268.60989,268.78,268.435,268.57001,480459,0,0
2025-10-28 14:25:00,268.57001,268.73999,268.25,268.64999,324730,0,0
2025-10-28 14:30:00,268.6423,268.64999,268.35501,268.41501,359077,0,0
2025-10-28 14:35:00,268.39029,268.60001,268.24011,268.31,310948,0,0
2025-10-28 14:40:00,268.315,268.45001,268.14999,268.28,280083,0,0
2025-10-28 14:45:00,268.29001,269.01501,268.25,268.94501,376842,0,0
2025-10-28 14:50:00,268.95001,269.14001,268.73999,269.03,367538,0,0
2025-10-28 14:55:00,269.01501,269.04999,268.75,268.82001,338215,0,0
2025-10-28 15:00:00,268.87,269.07001,268.76001,268.85001,272659,0,0
2025-10-28 15:05:00,268.82999,268.85999,268.56009,268.64001,206827,0,0
2025-10-28 15:10:00,268.63501,268.67001,268.31,268.36499,280876,0,0
2025-10-28 15:15:00,268.36499,268.52051,268.34,268.44049,214045,1,0
2025-10-28 15:20:00,268.46881,268.67001,268.31,268.63,280346,0,0
2025-10-28 15:25:00,268.62,268.78,268.53,268.6972,262928,0,0
2025-10-28 15:30:00,268.69501,268.82001,268.35001,268.70999,451162,0,0
2025-10-28 15:35:00,268.70999,268.9678,268.57999,268.935,200896,0,0
2025-10-28 15:40:00,268.92999,269.01999,268.7001,268.79001,323329,0,0
2025-10-28 15:45:00,268.79001,269.01999,268.7182,268.875,248842,0,0
2025-10-28 15:50:00,268.875,269.07581,268.84,269.0116,224400,0,0
2025-10-28 15:55:00,269.0,269.01001,268.73019,268.91,189851,0,0
2025-10-28 16:00:00,268.9119,268.98001,268.85001,268.88779,196936,0,0
2025-10-28 16:05:00,268.88,269.01001,268.88,268.98001,159684,0,0
2025-10-28 16:10:00,268.98001,268.9899,268.81,268.88,185288,0,0
2025-10-28 16:15:00,268.88019,269.01001,268.79501,268.92001,176465,0,0
2025-10-28 16:20:00,268.91,268.91,268.66,268.84,200100,0,0
2025-10-28 16:25:00,268.85999,269.06,268.85999,268.995,201099,0,0
2025-10-28 16:30:00,268.98001,269.39999,268.82001,268.948,391534,0,0
2025-10-28 16:35:00,268.92001,269.01999,268.82001,268.98001,196651,0,0
2025-10-28 16:40:00,268.95999,269.0,268.82001,268.94,147726,0,0
2025-10-28 16:45:00,268.95001,269.36429,268.89999,269.31,300814,0,0
2025-10-28 16:50:00,269.31,269.87,269.29001,269.78,524855,0,0
2025-10-28 16:55:00,269.78,269.85001,269.51999,269.59,383373,0,0
2025-10-28 17:00:00,269.60001,269.73999,269.52521,269.59,247833,0,0
2025-10-28 17:05:00,269.57999,269.60001,269.35001,269.41989,265145,0,0
2025-10-28 17:10:00,269.41,269.5275,268.94501,269.00699,322648,0,0
2025-10-28 17:15:00,269.01001,269.56,269.00009,269.54739,244174,0,0
2025-10-28 17:20:00,269.52011,269.69,269.44,269.67001,240594,0,0
2025-10-28 17:25:00,269.67001,269.67001,269.35001,269.495,238517,0,0
2025-10-28 17:30:00,269.495,269.495,269.13,269.26001,244287,0,0
2025-10-28 17:35:00,269.245,269.37,269.19501,269.26511,318896,0,0
2025-10-28 17:40:00,269.26501,269.34,268.98999,269.065,315195,0,0
2025-10-28 17:45:00,269.04999,269.0625,268.79999,268.92999,270546,0,0
2025-10-28 17:50:00,268.92999,269.01999,268.92999,268.97501,224013,0,0
2025-10-28 17:55:00,268.97501,269.04001,268.89999,268.92999,197244,0,0
2025-10-28 18:00:00,268.90341,269.10001,268.86499,269.0,226678,0,0
2025-10-28 18:05:00,269.005,269.20001,268.965,269.13,237840,0,0
2025-10-28 18:10:00,269.14301,269.20001,269.03049,269.10281,226828,0,0
2025-10-28 18:15:00,269.10001,269.29999,269.04001,269.19009,339859,0,0
2025-10-28 18:20:00,269.20001,269.25,269.01999,269.14999,330677,0,0
2025-10-28 18:25:00,269.14999,269.15121,269.05011,269.09021,249607,0,0
2025-10-28 18:30:00,269.10501,269.16,268.94,268.95001,267991,0,0
2025-10-28 18:35:00,268.95001,269.03,268.78,268.85001,246207,0,0
2025-10-28 18:40:00,268.86499,269.04501,268.85001,268.97,327708,0,0
2025-10-28 18:45:00,268.97409,269.14999,268.9501,269.125,284481,0,0
2025-10-28 18:50:00,269.125,269.23499,269.065,269.07999,257638,0,0
2025-10-28 18:55:00,269.07999,269.14999,268.97,269.11499,278281,0,0
2025-10-28 19:00:00,269.11499,269.26001,269.03009,269.22501,304934,0,0
2025-10-28 19:05:00,269.22501,269.41,269.17001,269.28009,380921,0,0
2025-10-28 19:10:00,269.29001,269.37,269.10001,269.22,318636,0,0
2025-10-28 19:15:00,269.20999,269.20999,268.94,268.95001,351189,0,0
2025-10-28 19:20:00,268.95001,269.25,268.92001,269.23999,504387,0,0
2025-10-28 19:25:00,269.25,269.44,269.06,269.20001,597976,0,0
2025-10-28 19:30:00,269.20001,269.20001,268.81949,268.85001,479650,0,0
2025-10-28 19:35:00,268.84619,269.01001,268.76999,268.79001,306655,0,0
2025-10-28 19:40:00,268.79999,268.82999,268.68839,268.82431,465069,0,0
2025-10-28 19:45:00,268.82001,269.04999,268.82001,268.92499,416482,0,0
2025-10-28 19:50:00,268.89999,269.10999,268.60001,269.10999,955023,0,0
2025-10-28 19:55:00,269.13,269.35501,268.70999,269.03,2716774,0,0
2025-10-29 13:30:00,269.27499,269.78,268.70001,269.63,3401481,0,0
2025-10-29 13:35:00,269.60001,270.85999,269.10999,270.72769,1948124,0,0
2025-10-29 13:40:00,270.72,271.20001,270.0,270.04999,797400,0,0
2025-10-29 13:45:00,270.07999,270.64001,269.86011,270.20001,569429,0,0
2025-10-29 13:50:00,270.17999,270.94,270.07999,270.92499,437698,0,0
2025-10-29 13:55:00,270.92499,271.29001,270.8201,270.89001,487233,0,0
2025-10-29 14:00:00,270.94,271.41,270.82001,271.16,449753,0,0
2025-10-29 14:05:00,271.17001,271.28,270.64001,270.67001,375144,0,1
2025-10-29 14:10:00,270.64999,271.05899,270.45001,270.82501,560169,0,0
2025-10-29 14:15:00,270.82999,270.85999,270.32999,270.6712,479318,0,0
2025-10-29 14:20:00,270.69,270.72,270.17999,270.48001,413513,0,0
2025-10-29 14:25:00,270.4722,270.48001,270.25,270.42001,289968,0,0
2025-10-29 14:30:00,270.41,270.44501,269.83759,269.91,521821,0,0
2025-10-29 14:35:00,269.89999,270.03989,269.66,269.76999,349060,0,0
2025-10-29 14:40:00,269.78,269.81,269.41,269.75,473009,0,0
2025-10-29 14:45:00,269.763,269.92999,269.16,269.34,632543,0,0
2025-10-29 14:50:00,269.35889,269.67999,269.20001,269.35001,369375,0,0
2025-10-29 14:55:00,269.35999,269.37,268.61499,268.85001,903739,0,0
2025-10-29 15:00:00,268.84,269.20999,268.39999,268.5101,619325,0,0
2025-10-29 15:05:00,268.53989,268.85989,268.48059,268.75,479536,0,0
2025-10-29 15:10:00,268.76001,268.89001,268.51001,268.76999,580038,0,0
2025-10-29 15:15:00,268.78,268.78,268.48999,268.58511,299782,0,0
2025-10-29 15:20:00,268.5885,268.625,268.25,268.315,438929,0,0
2025-10-29 15:25:00,268.31729,268.32999,267.51221,267.63,580682,0,0
2025-10-29 15:30:00,267.60999,267.63,267.17999,267.58011,496300,0,0
2025-10-29 15:35:00,267.57999,267.72,267.10999,267.60999,411422,0,0
2025-10-29 15:40:00,267.62,267.95001,267.57001,267.9227,459739,0,0
2025-10-29 15:45:00,267.91,268.11969,267.87,268.07199,304984,0,0
2025-10-29 15:50:00,268.05951,268.17001,267.952,267.97,210518,0,0
2025-10-29 15:55:00,267.95999,268.01999,267.72,267.76999,961605,0,0
2025-10-29 16:00:00,267.78,268.28,267.70001,268.07501,226177,0,0
2025-10-29 16:05:00,268.095,268.67001,267.97699,268.60999,291954,0,0
2025-10-29 16:10:00,268.6153,268.82001,268.48001,268.66,250907,0,0
2025-10-29 16:15:00,268.664,268.74991,268.42999,268.67999,618326,0,0
2025-10-29 16:20:00,268.69,268.85999,268.431,268.64001,164063,0,0
2025-10-29 16:25:00,268.64499,268.81,268.47,268.62,199126,0,0
2025-10-29 16:30:00,268.603,268.78821,268.47009,268.76001,178615,0,0
2025-10-29 16:35:00,268.76999,269.0,268.75,268.79999,216389,0,0
2025-10-29 16:40:00,268.82999,269.06,268.81,268.92999,194243,0,0
2025-10-29 16:45:00,268.93591,269.10999,268.81,268.94101,218767,0,0
2025-10-29 16:50:00,268.92999,269.03989,268.84,268.95001,180540,0,0
2025-10-29 16:55:00,268.97,269.02499,268.63,268.87,259655,0,0
2025-10-29 17:00:00,268.86829,269.25,268.86829,269.20209,299330,0,0
2025-10-29 17:05:00,269.20999,269.32999,269.07999,269.07999,256207,0,0
2025-10-29 17:10:00,269.07501,269.29999,269.0,269.25,192379,0,0
2025-10-29 17:15:00,269.26999,269.42999,269.22351,269.26999,186902,0,0
2025-10-29 17:20:00,269.2709,269.76999,269.05539,269.7182,461130,0,0
2025-10-29 17:25:00,269.72,269.93011,269.51001,269.93011,421924,0,0
2025-10-29 17:30:00,269.89001,270.31821,269.82501,270.23001,579216,0,0
2025-10-29 17:35:00,270.255,270.48001,269.93011,270.2478,491135,0,0
2025-10-29 17:40:00,270.23499,270.3316,269.79001,270.17499,360065,0,0
2025-10-29 17:45:00,270.16299,270.66,269.79999,270.57999,477642,0,0
2025-10-29 17:50:00,270.57999,270.66,270.17001,270.39001,418270,0,0
2025-10-29 17:55:00,270.38,270.66,270.24701,270.44501,330345,0,0
2025-10-29 18:00:00,270.47,270.76999,270.23001,270.67999,465459,0,0
2025-10-29 18:05:00,270.67999,270.69,270.14999,270.39499,500961,0,0
2025-10-29 18:10:00,270.405,270.72989,270.39841,270.66,375626,0,0
2025-10-29 18:15:00,270.64001,270.64001,270.06161,270.41,220664,0,0
2025-10-29 18:20:00,270.39999,270.44901,270.23001,270.39001,209468,0,0
2025-10-29 18:25:00,270.39499,270.85001,270.34869,270.81,534327,0,0
2025-10-29 18:30:00,270.785,270.92999,270.70001,270.85999,340375,0,0
2025-10-29 18:35:00,270.85999,270.89001,269.35999,269.42999,838822,0,0
2025-10-29 18:40:00,269.44,269.54001,268.70001,268.70999,556811,0,0
2025-10-29 18:45:00,268.72,269.32001,268.60001,269.14001,467693,0,0
2025-10-29 18:50:00,269.14001,269.79999,269.12,269.51001,445803,0,0
2025-10-29 18:55:00,269.54999,269.92999,269.35999,269.51001,631617,0,0
2025-10-29 19:00:00,269.52991,269.63,268.26001,268.39349,379695,0,0
2025-10-29 19:05:00,268.38,269.09,268.38,268.65369,320561,0,0
2025-10-29 19:10:00,268.64999,268.82001,268.47501,268.64001,268114,0,0
2025-10-29 19:15:00,268.66,268.79001,268.36499,268.77499,284777,0,0
2025-10-29 19:20:00,268.75,268.95999,268.40009,268.44501,328342,0,0
2025-10-29 19:25:00,268.45001,268.80499,268.2991,268.31,293493,0,0
2025-10-29 19:30:00,268.32001,268.39001,267.87,267.95001,358498,0,0
2025-10-29 19:35:00,267.95001,268.57999,267.79999,268.54501,337442,1,0
2025-10-29 19:40:00,268.54501,269.20999,268.5329,269.20001,574809,0,0
2025-10-29 19:45:00,269.19409,269.70001,269.19409,269.60001,444262,0,0
2025-10-29 19:50:00,269.60999,270.38,269.60999,269.82001,986326,0,0
2025-10-29 19:55:00,269.82999,270.01999,269.0433,269.73001,1624567,0,0
2025-10-30 13:30:00,271.98999,274.14001,271.2377,271.35999,3290005,0,1
2025-10-30 13:35:00,271.39999,271.41,270.655,271.23999,707556,0,0
2025-10-30 13:40:00,271.21579,271.73001,270.60999,271.215,626395,0,0
2025-10-30 13:45:00,271.21509,271.70999,270.82999,271.31909,454079,0,0
2025-10-30 13:50:00,271.29999,271.8699,271.04001,271.39999,498051,0,0
2025-10-30 13:55:00,271.405,271.62,270.98999,271.06,383934,0,0
2025-10-30 14:00:00,271.10941,271.37991,270.30499,270.315,506061,0,0
2025-10-30 14:05:00,270.26999,270.82999,270.13901,270.17001,364036,0,0
2025-10-30 14:10:00,270.20511,270.54379,270.01001,270.285,387110,0,0
2025-10-30 14:15:00,270.31,270.51001,269.95999,270.22501,358016,0,0
2025-10-30 14:20:00,270.22501,270.4245,269.39001,269.45001,401186,0,0
2025-10-30 14:25:00,269.435,269.64499,268.98999,269.09,411411,0,0
2025-10-30 14:30:00,269.09,269.71481,269.03,269.42001,370014,0,0
2025-10-30 14:35:00,269.4599,269.61829,269.07999,269.10001,230203,0,0
2025-10-30 14:40:00,269.10999,269.75,269.10999,269.57001,304527,0,0
2025-10-30 14:45:00,269.54999,269.62,269.04501,269.31,253664,0,0
2025-10-30 14:50:00,269.32999,269.38,268.48001,268.9068,335172,0,0
2025-10-30 14:55:00,268.92001,269.06,268.7301,268.89999,252102,0,0
2025-10-30 15:00:00,268.89999,269.78781,268.89001,269.69501,355230,0,0
2025-10-30 15:05:00,269.69009,270.39999,269.56,270.39999,394239,0,0
2025-10-30 15:10:00,270.42001,270.92999,270.26001,270.92001,358819,0,0
2025-10-30 15:15:00,270.89999,270.98001,270.57999,270.95999,403444,0,0
2025-10-30 15:20:00,270.98001,271.17001,270.54031,270.64001,433136,0,0
2025-10-30 15:25:00,270.64331,270.89001,270.57999,270.79001,196194,0,0
2025-10-30 15:30:00,270.78,270.84,270.45001,270.54001,214972,0,0
2025-10-30 15:35:00,270.54501,270.92001,270.42999,270.54501,334637,0,0
2025-10-30 15:40:00,270.5556,270.76001,270.26309,270.7504,208065,0,0
2025-10-30 15:45:00,270.75,271.0394,270.57999,270.92001,291487,0,0
2025-10-30 15:50:00,270.8942,271.54999,270.88,271.48999,351884,0,0
2025-10-30 15:55:00,271.5,271.74799,271.14001,271.17499,399726,0,0
2025-10-30 16:00:00,271.17001,271.79999,271.17001,271.625,358527,0,0
2025-10-30 16:05:00,271.6333,271.91,271.51999,271.56,305330,0,0
2025-10-30 16:10:00,271.57001,271.97,271.55991,271.95999,357009,0,0
2025-10-30 16:15:00,271.95999,272.10999,271.81009,272.02499,399580,0,0
2025-10-30 16:20:00,272.01831,272.28,271.94089,272.27219,350379,0,0
2025-10-30 16:25:00,272.26001,272.39001,272.01001,272.01001,298190,0,0
2025-10-30 16:30:00,272.0,272.06781,271.64999,271.70001,290979,0,0
2025-10-30 16:35:00,271.6803,271.73999,271.44,271.73499,255632,0,0
2025-10-30 16:40:00,271.73999,271.87,271.67999,271.815,203453,0,0
2025-10-30 16:45:00,271.815,271.92001,271.31,271.42999,272364,0,0
2025-10-30 16:50:00,271.44,271.505,271.32001,271.45001,164120,0,0
2025-10-30 16:55:00,271.44,271.57001,271.25,271.29999,153944,0,0
2025-10-30 17:00:00,271.30991,271.43701,271.15701,271.35751,158535,0,0
2025-10-30 17:05:00,271.37549,271.42999,271.07999,271.26501,169746,0,0
2025-10-30 17:10:00,271.2699,271.44,271.04001,271.39001,179405,0,0
2025-10-30 17:15:00,271.39001,271.5,271.29669,271.41501,146764,0,0
2025-10-30 17:20:00,271.4299,271.54999,271.19,271.47049,177398,0,0
2025-10-30 17:25:00,271.48001,271.98001,271.47131,271.95001,237208,0,0
2025-10-30 17:30:00,271.95001,271.98999,271.57001,271.67001,232931,0,0
2025-10-30 17:35:00,271.655,271.67999,271.30109,271.39001,159647,0,0
2025-10-30 17:40:00,271.39999,271.47,271.28,271.42001,162272,0,0
2025-10-30 17:45:00,271.41,271.75,271.4039,271.67001,269182,0,0
2025-10-30 17:50:00,271.67001,271.88,271.60999,271.82999,267061,0,0
2025-10-30 17:55:00,271.85001,272.07001,271.82001,272.0,336837,0,0
2025-10-30 18:00:00,272.0,272.1452,271.95001,272.10501,358050,0,0
2025-10-30 18:05:00,272.10989,272.20001,271.67999,271.92499,297604,0,0
2025-10-30 18:10:00,271.92499,272.29999,271.84,272.17999,386126,0,0
2025-10-30 18:15:00,272.17001,272.17999,271.70999,271.76999,345107,0,0
2025-10-30 18:20:00,271.76181,271.76999,271.47,271.67999,369852,0,0
2025-10-30 18:25:00,271.70001,271.87,271.52991,271.75,250386,0,0
2025-10-30 18:30:00,271.76001,272.008,271.60999,271.63,235895,0,0
2025-10-30 18:35:00,271.64001,271.64999,271.28,271.39999,261116,0,0
2025-10-30 18:40:00,271.41,271.76001,271.34009,271.755,270760,0,0
2025-10-30 18:45:00,271.755,271.78,271.42999,271.42999,253113,0,0
2025-10-30 18:50:00,271.42001,271.45999,271.17999,271.35999,288279,0,0
2025-10-30 18:55:00,271.35989,271.45999,271.22,271.35999,243884,0,0
2025-10-30 19:00:00,271.34,271.62991,271.21619,271.48999,304644,0,0
2025-10-30 19:05:00,271.48001,271.54999,271.26999,271.42999,299143,0,0
2025-10-30 19:10:00,271.42999,271.48499,271.20999,271.35999,290882,0,0
2025-10-30 19:15:00,271.36499,271.60001,271.19,271.59,379266,0,0
2025-10-30 19:20:00,271.57999,271.59,270.995,271.06,532730,0,0
2025-10-30 19:25:00,271.06,271.41,271.01999,271.34,471637,0,0
2025-10-30 19:30:00,271.34,271.48001,271.04999,271.10001,431233,0,0
2025-10-30 19:35:00,271.10999,271.45999,271.10001,271.39001,414029,0,0
2025-10-30 19:40:00,271.39499,271.45001,271.14999,271.38,449498,0,0
2025-10-30 19:45:00,271.37271,271.45499,271.13,271.26959,549083,0,0
2025-10-30 19:50:00,271.26001,271.67001,271.16,271.60001,1022554,0,0
2025-10-30 19:55:00,271.59,271.60999,271.09,271.29001,2311043,0,0
2025-10-31 13:30:00,276.98999,277.32001,272.39999,273.0,6514494,0,1
2025-10-31 13:35:00,272.97501,273.31,269.16,270.03,2427076,0,0
2025-10-31 13:40:00,270.0329,271.07999,269.17999,270.70499,1557009,0,0
2025-10-31 13:45:00,270.72,272.05991,269.76999,271.98999,1369451,0,0
2025-10-31 13:50:00,272.02011,272.06,270.79999,271.28,896034,0,0
2025-10-31 13:55:00,271.29999,271.32001,270.07001,270.43701,662189,0,0
2025-10-31 14:00:00,270.435,270.57999,269.79001,269.905,687014,0,0
2025-10-31 14:05:00,269.905,270.70999,269.85999,270.26361,580125,0,0
2025-10-31 14:10:00,270.26001,270.28,269.29999,269.3501,922987,0,0
2025-10-31 14:15:00,269.41,270.27899,269.16,269.97,611971,0,0
2025-10-31 14:20:00,270.03,270.63989,269.67001,270.44449,599084,0,0
2025-10-31 14:25:00,270.45999,270.60999,270.26999,270.38,400744,0,0
2025-10-31 14:30:00,270.42999,270.79001,270.1001,270.57001,434915,0,0
2025-10-31 14:35:00,270.57999,271.23001,270.35001,271.08231,506258,0,0
2025-10-31 14:40:00,271.10501,271.55991,270.51999,270.71301,623853,0,0
2025-10-31 14:45:00,270.70999,271.0,270.58011,270.79001,378357,0,0
2025-10-31 14:50:00,270.79001,270.93951,270.42001,270.5,327768,0,0
2025-10-31 14:55:00,270.52499,270.79999,270.28,270.59,319863,0,0
2025-10-31 15:00:00,270.625,271.04999,270.39999,270.91,330463,0,0
2025-10-31 15:05:00,270.92001,271.17999,270.48001,271.13699,389901,0,0
2025-10-31 15:10:00,271.125,271.22,270.64999,270.94031,320451,0,0
2025-10-31 15:15:00,270.92499,271.35001,270.87,271.26001,296761,0,0
2025-10-31 15:20:00,271.29999,271.38,270.7428,271.3432,328496,0,0
2025-10-31 15:25:00,271.37,271.51999,271.14999,271.29999,337980,0,1
2025-10-31 15:30:00,271.2999,271.36499,270.87399,271.14999,350952,0,0
2025-10-31 15:35:00,271.14001,271.14551,270.22,270.39999,372240,0,0
2025-10-31 15:40:00,270.41,271.07001,270.28009,271.01999,347321,0,0
2025-10-31 15:45:00,271.01999,271.25,270.59,270.685,342841,0,0
2025-10-31 15:50:00,270.70999,271.14999,270.60001,271.04001,294946,0,0
2025-10-31 15:55:00,271.02499,271.54001,270.92999,271.45999,282641,0,0
2025-10-31 16:00:00,271.44,271.5,270.73999,271.14481,336164,0,0
2025-10-31 16:05:00,271.14999,271.76001,271.10599,271.13,332377,0,0
2025-10-31 16:10:00,271.14999,271.60001,271.0,271.52051,246119,0,0
2025-10-31 16:15:00,271.53079,272.06,271.41,271.48001,575227,0,0
2025-10-31 16:20:00,271.4758,272.47,271.4201,272.42999,404851,0,0
2025-10-31 16:25:00,272.41,272.85849,272.33231,272.435,415563,0,0
2025-10-31 16:30:00,272.42999,272.98001,272.17999,272.76001,501641,0,0
2025-10-31 16:35:00,272.73001,273.14301,272.64999,273.04001,361191,0,0
2025-10-31 16:40:00,273.04501,273.17001,272.39001,272.63,470387,0,1
2025-10-31 16:45:00,272.64001,272.79999,272.35999,272.68951,274709,0,0
2025-10-31 16:50:00,272.64999,272.67001,272.0,272.17999,263434,0,0
2025-10-31 16:55:00,272.17999,272.32001,271.48001,271.62,286499,0,0
2025-10-31 17:00:00,271.64001,271.79001,271.04001,271.23001,391707,0,0
2025-10-31 17:05:00,271.23001,271.45551,271.03,271.30109,300629,0,0
2025-10-31 17:10:00,271.32501,271.3999,270.92999,271.14999,327116,0,0
2025-10-31 17:15:00,271.16,271.39001,270.91,271.04501,240392,0,0
2025-10-31 17:20:00,271.03,271.10999,270.28,270.56,327707,0,0
2025-10-31 17:25:00,270.58499,270.755,270.14999,270.34879,260115,0,0
2025-10-31 17:30:00,270.32999,270.841,270.10999,270.38501,303613,1,0
2025-10-31 17:35:00,270.38681,270.73999,270.26001,270.64001,210155,0,0
2025-10-31 17:40:00,270.67999,271.04999,270.59,271.04999,196272,0,0
2025-10-31 17:45:00,271.03,271.45999,270.98999,271.22,168680,0,0
2025-10-31 17:50:00,271.23999,271.59,271.19,271.405,168124,0,0
2025-10-31 17:55:00,271.405,271.5047,271.23001,271.37,170359,0,0
2025-10-31 18:00:00,271.35999,272.05991,271.35999,271.79001,204444,0,0
2025-10-31 18:05:00,271.78,271.79999,271.39001,271.5,185958,0,0
2025-10-31 18:10:00,271.53,271.60001,271.37,271.42999,132194,0,0
2025-10-31 18:15:00,271.39999,271.5,271.22049,271.48999,189111,0,0
2025-10-31 18:20:00,271.44,271.85001,271.44,271.64999,194541,0,0
2025-10-31 18:25:00,271.67001,271.82999,271.5,271.81,273209,0,0
2025-10-31 18:30:00,271.79001,272.12,271.66,271.98001,213205,0,0
2025-10-31 18:35:00,271.98001,272.06,271.82999,271.9339,150954,0,1
2025-10-31 18:40:00,271.98001,272.03,271.70999,271.85559,155873,0,1
2025-10-31 18:45:00,271.85501,271.92499,271.53,271.68741,190101,0,0
2025-10-31 18:50:00,271.70499,271.79999,271.26999,271.26999,207163,0,0
2025-10-31 18:55:00,271.32001,271.79999,271.26999,271.67001,287671,0,0
2025-10-31 19:00:00,271.70001,271.84991,271.3931,271.539,212769,0,0
2025-10-31 19:05:00,271.52621,271.66,271.38,271.42999,186612,0,0
2025-10-31 19:10:00,271.42999,271.95999,271.42999,271.89999,291853,0,0
2025-10-31 19:15:00,271.89999,272.0,271.42999,271.625,401601,0,0
2025-10-31 19:20:00,271.625,272.05499,271.59,272.0,302997,0,0
2025-10-31 19:25:00,272.03,272.17499,271.94,272.10501,300934,0,0
2025-10-31 19:30:00,272.13,272.59,272.01001,272.51999,448187,0,0
2025-10-31 19:35:00,272.51999,272.64999,272.32999,272.461,397262,0,1
2025-10-31 19:40:00,272.47,272.505,272.22,272.32001,384372,0,0
2025-10-31 19:45:00,272.32001,272.35001,271.62,271.685,582954,0,0
2025-10-31 19:50:00,271.70001,272.59,270.42999,270.505,1115543,0,0
2025-10-31 19:55:00,270.46649,270.92999,269.95999,270.25,3672760,0,0
2025-11-03 14:30:00,270.42001,270.78,269.25,269.25,3800289,0,0
2025-11-03 14:35:00,269.2601,269.32001,267.62,267.96951,887133,0,0
2025-11-03 14:40:00,267.94,267.94,267.2301,267.505,669169,0,0
2025-11-03 14:45:00,267.45999,267.45999,266.5,266.57999,789351,0,0
2025-11-03 14:50:00,266.57001,267.13901,266.35501,267.095,629876,1,0
2025-11-03 14:55:00,267.1199,267.51999,266.97,267.28,526683,0,0
2025-11-03 15:00:00,267.37,267.54501,266.6203,266.73499,588845,0,0
2025-11-03 15:05:00,266.70999,267.26001,266.25,267.20999,510406,0,0
2025-11-03 15:10:00,267.23999,268.04999,267.0025,267.76511,615891,0,0
2025-11-03 15:15:00,267.73141,268.4299,267.45001,268.32999,389391,0,0
2025-11-03 15:20:00,268.32999,268.70001,268.23871,268.315,452745,0,1
2025-11-03 15:25:00,268.29001,268.29001,267.48001,267.63,363738,0,0
2025-11-03 15:30:00,267.64001,268.2056,267.51001,268.17001,350324,0,0
2025-11-03 15:35:00,268.17001,268.28,267.905,268.09009,214562,0,0
2025-11-03 15:40:00,268.10501,268.25989,267.69009,267.69009,277284,0,0
2025-11-03 15:45:00,267.70001,267.845,267.2601,267.70999,279399,0,0
2025-11-03 15:50:00,267.70001,268.09,267.70001,267.89001,184477,0,0
2025-11-03 15:55:00,267.87021,268.0199,267.39999,267.5499,195225,0,0
2025-11-03 16:00:00,267.52499,267.60001,267.0712,267.17001,263226,0,0
2025-11-03 16:05:00,267.23999,267.32999,267.07001,267.1604,230791,0,0
2025-11-03 16:10:00,267.20001,267.32999,266.85999,267.24301,350818,0,0
2025-11-03 16:15:00,267.29001,267.34,266.95999,267.29001,256370,0,0
2025-11-03 16:20:00,267.28,267.33951,266.8801,266.8931,201828,0,0
2025-11-03 16:25:00,266.89999,267.0097,266.5,266.64001,298242,0,0
2025-11-03 16:30:00,266.65991,267.29999,266.52231,267.17001,257682,0,0
2025-11-03 16:35:00,267.17999,267.44,266.84009,267.38,210720,0,0
2025-11-03 16:40:00,267.38,267.62,267.07001,267.59,273331,0,0
2025-11-03 16:45:00,267.59,267.89001,267.57001,267.83499,214873,0,0
2025-11-03 16:50:00,267.79059,268.0,267.70001,267.82999,161052,0,0
2025-11-03 16:55:00,267.82001,267.98001,267.57001,267.84,356182,0,0
2025-11-03 17:00:00,267.85001,267.85001,267.36011,267.45001,198870,0,0
2025-11-03 17:05:00,267.45999,267.875,267.45419,267.81,251250,0,0
2025-11-03 17:10:00,267.81,267.92001,267.67999,267.88821,173837,0,0
2025-11-03 17:15:00,267.88,268.12399,267.6705,268.065,347557,0,0
2025-11-03 17:20:00,268.07999,268.14999,267.97,268.06,188459,0,0
2025-11-03 17:25:00,268.04999,268.12,267.44189,267.535,187886,0,0
2025-11-03 17:30:00,267.51999,267.60999,267.29001,267.33011,139040,0,0
2025-11-03 17:35:00,267.33011,267.62,267.28,267.39999,219618,0,0
2025-11-03 17:40:00,267.40051,267.57001,267.32999,267.48901,141535,0,0
2025-11-03 17:45:00,267.51999,267.87,267.50009,267.78,157190,0,0
2025-11-03 17:50:00,267.785,267.785,267.45999,267.48999,103094,0,0
2025-11-03 17:55:00,267.47,267.53,267.32999,267.423,112435,0,0
2025-11-03 18:00:00,267.45001,267.54999,267.38,267.48499,168846,0,0
2025-11-03 18:05:00,267.47501,267.60001,267.25,267.45001,155758,0,0
2025-11-03 18:10:00,267.535,267.85999,267.48999,267.60999,211369,0,0
2025-11-03 18:15:00,267.60999,267.7099,267.31,267.62,207566,0,0
2025-11-03 18:20:00,267.60999,267.89999,267.45999,267.88501,177522,0,0
2025-11-03 18:25:00,267.89001,268.0,267.60199,267.67801,240136,0,0
2025-11-03 18:30:00,267.7099,268.39999,267.67999,268.26501,168920,0,0
2025-11-03 18:35:00,268.29431,268.62,268.2301,268.33499,184172,0,0
2025-11-03 18:40:00,268.33499,268.54999,268.23001,268.535,115305,0,0
2025-11-03 18:45:00,268.535,268.57999,268.32001,268.35999,110585,0,1
2025-11-03 18:50:00,268.375,268.44,268.06,268.14999,152212,0,0
2025-11-03 18:55:00,268.15509,268.34,268.01999,268.13,140624,0,0
2025-11-03 19:00:00,268.14001,268.29999,267.75,267.85501,212500,0,0
2025-11-03 19:05:00,267.85501,267.94,267.51001,267.60001,292341,0,0
2025-11-03 19:10:00,267.59,267.74991,267.37,267.63559,153948,0,0
2025-11-03 19:15:00,267.62259,267.76999,267.39001,267.44,170292,0,0
2025-11-03 19:20:00,267.42001,267.64001,267.39001,267.61169,187214,0,0
2025-11-03 19:25:00,267.63,267.6586,267.31,267.31,187155,0,0
2025-11-03 19:30:00,267.32001,267.53,267.17001,267.32999,160540,0,0
2025-11-03 19:35:00,267.31781,267.35999,267.10999,267.12991,183174,0,0
2025-11-03 19:40:00,267.10001,267.14999,266.91,267.07999,186090,0,0
2025-11-03 19:45:00,267.08499,267.2778,267.08499,267.245,150715,0,0
2025-11-03 19:50:00,267.24011,267.38,267.13461,267.34,151195,0,0
2025-11-03 19:55:00,267.3327,267.38361,267.18219,267.19501,156006,0,0
2025-11-03 20:00:00,267.20999,267.23999,266.95221,267.06,166115,0,0
2025-11-03 20:05:00,267.06,267.32999,266.97101,267.31,210423,0,0
2025-11-03 20:10:00,267.29999,267.39001,267.0401,267.29001,217442,0,0
2025-11-03 20:15:00,267.29999,267.44,267.18039,267.38861,203424,0,0
2025-11-03 20:20:00,267.40131,267.76999,267.38641,267.66,267304,0,0
2025-11-03 20:25:00,267.64999,267.79001,267.53101,267.62,191006,0,0
2025-11-03 20:30:00,267.63,267.97,267.63,267.73999,354946,0,0
2025-11-03 20:35:00,267.73999,268.035,267.73499,267.73999,303473,0,0
2025-11-03 20:40:00,267.73999,268.09,267.62,268.06,251231,0,0
2025-11-03 20:45:00,268.09,268.10001,267.76999,267.84009,254652,0,0
2025-11-03 20:50:00,267.84,267.97,267.45999,267.66,579145,0,0
2025-11-03 20:55:00,267.67001,269.10999,267.64999,269.06,1639691,0,0
2025-11-04 14:30:00,268.24249,269.0,267.61499,268.58499,5841793,0,0
2025-11-04 14:35:00,268.58499,269.13,268.31,268.35999,636568,0,0
2025-11-04 14:40:00,268.38501,269.5,268.13501,269.42999,511766,0,0
2025-11-04 14:45:00,269.39001,269.59,268.702,269.065,535182,0,0
2025-11-04 14:50:00,269.07401,269.54001,268.10999,268.4801,390367,0,0
2025-11-04 14:55:00,268.51001,268.73001,267.95999,268.3002,352142,0,0
2025-11-04 15:00:00,268.33499,268.5,268.12,268.33231,2325069,0,0
2025-11-04 15:05:00,268.32001,268.798,268.28,268.4201,296944,0,0
2025-11-04 15:10:00,268.42999,268.42999,267.89001,268.26001,270871,0,0
2025-11-04 15:15:00,268.26999,268.79999,268.13,268.70001,199873,0,0
2025-11-04 15:20:00,268.70999,269.04999,268.57001,268.81229,212055,0,0
2025-11-04 15:25:00,268.82501,269.009,268.38,268.42999,138842,0,1
2025-11-04 15:30:00,268.42999,268.7095,268.2901,268.56171,168439,0,0
2025-11-04 15:35:00,268.54999,268.67999,268.37,268.57999,142715,0,0
2025-11-04 15:40:00,268.53448,268.91,268.42999,268.655,151458,0,0
2025-11-04 15:45:00,268.67999,268.70001,268.19,268.23001,138984,0,0
2025-11-04 15:50:00,268.22449,268.31,267.85001,267.85999,181734,0,0
2025-11-04 15:55:00,267.8501,268.39001,267.70999,268.2735,219793,1,0
2025-11-04 16:00:00,268.2742,269.04999,268.2702,268.95999,239671,0,0
2025-11-04 16:05:00,268.95999,269.45999,268.75,269.39999,205473,0,0
2025-11-04 16:10:00,269.38501,269.67001,269.26001,269.54001,326921,0,0
2025-11-04 16:15:00,269.54001,270.17001,269.41,270.0101,518279,0,0
2025-11-04 16:20:00,270.02179,270.95001,269.98221,270.89001,509755,0,0
2025-11-04 16:25:00,270.87051,271.0,270.54999,270.60999,475132,0,0
2025-11-04 16:30:00,270.64001,270.81,270.35999,270.81,387957,0,0
2025-11-04 16:35:00,270.7901,271.48599,270.67001,271.31,402431,0,0
2025-11-04 16:40:00,271.31989,271.42999,271.04001,271.0452,408658,0,1
2025-11-04 16:45:00,271.04001,271.17999,270.75,270.8252,280522,0,0
2025-11-04 16:50:00,270.82999,270.82999,270.35999,270.56,573165,0,0
2025-11-04 16:55:00,270.565,270.79001,270.10001,270.54999,350967,0,0
2025-11-04 17:00:00,270.57001,270.59271,270.01999,270.09,241394,0,0
2025-11-04 17:05:00,270.07001,270.38501,270.0,270.22021,178054,0,0
2025-11-04 17:10:00,270.211,270.211,269.75,269.82001,251235,0,0
2025-11-04 17:15:00,269.82599,269.90009,269.29999,269.33261,224416,0,0
2025-11-04 17:20:00,269.3201,269.81409,268.98001,269.767,333285,1,0
2025-11-04 17:25:00,269.78989,270.04501,269.70999,270.01001,214742,0,0
2025-11-04 17:30:00,270.005,270.14999,269.89001,270.0,168670,0,0
2025-11-04 17:35:00,270.0,270.48001,269.98499,270.2099,186471,0,0
2025-11-04 17:40:00,270.19,270.33859,270.04001,270.22,160410,0,0
2025-11-04 17:45:00,270.23499,270.60001,270.20999,270.54199,177001,0,0
2025-11-04 17:50:00,270.54001,270.92999,270.39999,270.62,211368,0,0
2025-11-04 17:55:00,270.6001,270.85001,270.53,270.76999,243712,0,0
2025-11-04 18:00:00,270.745,270.7789,270.42001,270.535,156151,0,0
2025-11-04 18:05:00,270.48001,270.54001,270.39999,270.42001,132005,0,0
2025-11-04 18:10:00,270.44,270.76999,270.44,270.73001,168688,0,0
2025-11-04 18:15:00,270.73001,270.85999,270.39999,270.44019,175248,0,0
2025-11-04 18:20:00,270.42499,270.72,270.39999,270.57001,171937,0,0
2025-11-04 18:25:00,270.5899,270.78,270.57001,270.6384,120792,0,0
2025-11-04 18:30:00,270.60999,270.82001,270.41,270.41,200755,0,0
2025-11-04 18:35:00,270.42999,270.54999,270.2301,270.4006,255790,0,0
2025-11-04 18:40:00,270.39999,270.63,270.1456,270.62549,257028,0,0
2025-11-04 18:45:00,270.62,270.64999,270.17001,270.21509,232409,0,0
2025-11-04 18:50:00,270.215,270.57999,270.07001,270.35999,332063,0,0
2025-11-04 18:55:00,270.35999,270.5799,270.31,270.48999,106839,0,0
2025-11-04 19:00:00,270.48001,270.7999,270.465,270.685,186664,0,0
2025-11-04 19:05:00,270.67001,270.79999,270.51001,270.62,164824,0,0
2025-11-04 19:10:00,270.61292,270.76999,270.245,270.29001,186284,0,0
2025-11-04 19:15:00,270.28,270.44501,269.92001,269.94,195694,0,0
2025-11-04 19:20:00,269.9201,270.56979,269.87,270.5188,308771,1,0
2025-11-04 19:25:00,270.5,270.67999,270.4339,270.51041,135411,0,0
2025-11-04 19:30:00,270.53,270.60999,270.31009,270.51001,168115,0,0
2025-11-04 19:35:00,270.51001,270.51999,270.06,270.31,220537,0,0
2025-11-04 19:40:00,270.32999,270.44989,270.1203,270.34451,207391,0,0
2025-11-04 19:45:00,270.34,270.42001,270.12,270.3269,171790,0,0
2025-11-04 19:50:00,270.31949,270.55991,270.29001,270.37,186728,0,0
2025-11-04 19:55:00,270.35001,270.57999,270.30011,270.39999,180346,0,0
2025-11-04 20:00:00,270.42001,270.48999,270.22,270.23999,154137,0,0
2025-11-04 20:05:00,270.25,270.31,269.97,270.01001,221794,0,0
2025-11-04 20:10:00,270.0,270.20001,269.64999,269.79999,356485,0,0
2025-11-04 20:15:00,269.79999,269.88501,269.54001,269.58841,192793,0,0
2025-11-04 20:20:00,269.57999,269.62,269.28271,269.48999,237380,0,0
2025-11-04 20:25:00,269.48499,270.10001,269.48001,270.09052,296692,1,0
2025-11-04 20:30:00,270.10001,270.31,269.93011,270.16501,276819,0,0
2025-11-04 20:35:00,270.19,270.32001,270.10999,270.13,178200,0,0
2025-11-04 20:40:00,270.12,270.31,270.01001,270.06,193208,0,0
2025-11-04 20:45:00,270.07001,270.34,270.04001,270.04001,270486,0,0
2025-11-04 20:50:00,270.04001,270.405,269.79999,269.815,627029,0,0
2025-11-04 20:55:00,269.82001,270.28,269.5,270.20999,1976619,0,0
2025-11-05 14:30:00,268.59,269.14999,267.12,267.20999,4514256,0,0
2025-11-05 14:35:00,267.21661,268.13,266.92999,267.67499,538881,0,0
2025-11-05 14:40:00,267.65399,268.10001,266.95001,267.89999,451939,0,0
2025-11-05 14:45:00,267.875,268.31,267.69,268.02499,369658,0,0
2025-11-05 14:50:00,268.035,268.70999,267.95001,268.52509,309135,0,0
2025-11-05 14:55:00,268.5,269.57001,268.44,269.23499,355341,0,0
2025-11-05 15:00:00,269.20001,269.51999,268.69,269.07501,302141,0,0
2025-11-05 15:05:00,269.12,269.5899,268.98999,269.10999,250685,0,0
2025-11-05 15:10:00,269.13,269.315,268.85001,268.88,256145,0,0
2025-11-05 15:15:00,268.8855,269.08621,268.55499,269.04001,260560,0,0
2025-11-05 15:20:00,269.01001,269.25,268.625,269.06,223684,0,0
2025-11-05 15:25:00,269.09991,269.37991,269.00201,269.0101,163128,0,0
2025-11-05 15:30:00,268.98999,269.34,268.95999,269.13,164930,0,0
2025-11-05 15:35:00,269.13,269.35001,269.06,269.34,123245,0,0
2025-11-05 15:40:00,269.32001,269.73999,269.28,269.31839,225957,0,0
2025-11-05 15:45:00,269.3067,269.34,268.85001,269.0,164428,0,0
2025-11-05 15:50:00,269.01999,269.10999,268.76001,269.09839,200165,0,0
2025-11-05 15:55:00,269.0748,269.39001,268.89999,269.37091,149314,0,0
2025-11-05 16:00:00,269.39999,269.41,268.92999,269.08499,170004,0,0
2025-11-05 16:05:00,269.09,269.42001,268.95999,269.215,193719,0,0
2025-11-05 16:10:00,269.23999,269.44,269.10001,269.20001,103865,0,0
2025-11-05 16:15:00,269.23001,269.41,269.16,269.19,141253,0,0
2025-11-05 16:20:00,269.20001,269.85999,269.08011,269.82999,183286,0,0
2025-11-05 16:25:00,269.8475,270.38,269.79999,270.29001,349269,0,0
2025-11-05 16:30:00,270.28,270.44391,270.17999,270.3873,139497,0,0
2025-11-05 16:35:00,270.37,270.46179,270.17999,270.38,164326,0,0
2025-11-05 16:40:00,270.39001,270.42999,270.10001,270.33499,128908,0,1
2025-11-05 16:45:00,270.3494,270.47,270.18301,270.35999,109831,0,0
2025-11-05 16:50:00,270.33499,270.39001,270.07001,270.19,125366,0,0
2025-11-05 16:55:00,270.185,270.31,269.97501,269.99091,158478,0,0
2025-11-05 17:00:00,270.01001,270.01001,269.63,269.724,155808,0,0
2025-11-05 17:05:00,269.755,269.98001,269.5,269.56,133746,0,0
2025-11-05 17:10:00,269.54001,269.84,269.54001,269.70779,121823,1,0
2025-11-05 17:15:00,269.70001,269.76999,269.60999,269.6875,101611,0,0
2025-11-05 17:20:00,269.70499,269.81,269.59,269.80499,105881,0,0
2025-11-05 17:25:00,269.79999,270.09,269.78,269.97,186566,0,0
2025-11-05 17:30:00,269.97,270.29849,269.92999,270.26001,114996,0,0
2025-11-05 17:35:00,270.26001,270.76001,270.25,270.53561,215906,0,0
2025-11-05 17:40:00,270.595,270.76999,270.45001,270.69501,111226,0,0
2025-11-05 17:45:00,270.69,270.79001,270.47,270.59,107420,0,0
2025-11-05 17:50:00,270.56,270.60001,270.45999,270.48001,115986,0,0
2025-11-05 17:55:00,270.48001,270.60999,270.43149,270.54001,74252,0,0
2025-11-05 18:00:00,270.54001,270.67001,270.32999,270.34,91510,0,0
2025-11-05 18:05:00,270.33041,270.38,270.20401,270.2851,77256,0,0
2025-11-05 18:10:00,270.26001,270.42999,270.17001,270.38,78874,0,0
2025-11-05 18:15:00,270.37,270.63,270.08179,270.10001,160210,0,0
2025-11-05 18:20:00,270.07999,270.29501,270.04001,270.07001,162296,0,0
2025-11-05 18:25:00,270.06,270.12,269.97,270.12,116660,0,0
2025-11-05 18:30:00,270.10999,270.13,269.85001,269.98499,110908,0,0
2025-11-05 18:35:00,269.98499,270.10001,269.82999,269.853,104025,0,0
2025-11-05 18:40:00,269.84009,270.19,269.82001,270.116,119498,0,0
2025-11-05 18:45:00,270.13,270.35001,270.07999,270.20999,126061,0,0
2025-11-05 18:50:00,270.23801,270.28,269.9798,270.255,115404,0,0
2025-11-05 18:55:00,270.245,270.32999,270.04001,270.07001,75273,0,0
2025-11-05 19:00:00,270.04999,270.04999,269.8801,269.93301,4893518,0,0
2025-11-05 19:05:00,269.94,270.06,269.76999,270.04001,110216,0,0
2025-11-05 19:10:00,270.035,271.70001,270.035,270.60001,6293086,0,0
2025-11-05 19:15:00,270.58499,270.95999,270.39719,270.75,208929,0,0
2025-11-05 19:20:00,270.75,270.76999,270.32999,270.70001,267871,0,0
2025-11-05 19:25:00,270.67068,270.75,270.34,270.42999,165257,0,0
2025-11-05 19:30:00,270.41,271.5,270.41,270.85999,472683,0,0
2025-11-05 19:35:00,270.8699,271.09,270.81,271.02991,167324,0,0
2025-11-05 19:40:00,271.01001,271.0217,270.07999,270.095,284074,0,0
2025-11-05 19:45:00,270.07999,270.19,269.98001,270.09439,170138,0,0
2025-11-05 19:50:00,270.07001,270.18991,269.97,270.01501,163603,0,0
2025-11-05 19:55:00,270.035,270.1004,269.64001,269.66641,176216,0,0
2025-11-05 20:00:00,269.64001,270.0,269.64001,269.79999,172983,0,0
2025-11-05 20:05:00,269.79999,269.91,269.59,269.8201,6510391,0,0
2025-11-05 20:10:00,269.83499,270.0,269.63,269.67499,130535,0,0
2025-11-05 20:15:00,269.67499,269.88,269.53,269.82999,136618,0,0
2025-11-05 20:20:00,269.815,269.95001,269.73001,269.84619,144396,0,0
2025-11-05 20:25:00,269.85999,269.89001,269.60001,269.60001,136987,0,0
2025-11-05 20:30:00,269.60999,269.64001,269.13,269.20999,225441,0,0
2025-11-05 20:35:00,269.20001,269.35999,269.20001,269.29001,234974,0,0
2025-11-05 20:40:00,269.28,269.37,269.03119,269.22,236114,0,0
2025-11-05 20:45:00,269.22,269.35999,268.995,269.13,275950,0,0
2025-11-05 20:50:00,269.14001,270.12,269.06,270.07001,761716,0,0
2025-11-05 20:55:00,270.04001,270.39999,269.92001,270.10999,9286388,0,0
2025-11-06 14:30:00,267.89001,268.92999,267.89001,268.75,1391977,1,0
2025-11-06 14:35:00,268.78,269.5,268.51999,268.92999,551605,0,0
2025-11-06 14:40:00,268.92761,269.06,267.95999,268.73001,906060,0,0
2025-11-06 14:45:00,268.75,269.5,268.73999,269.04501,446578,0,0
2025-11-06 14:50:00,269.03,269.10999,268.34,268.95001,327123,0,0
2025-11-06 14:55:00,268.92999,270.01001,268.91501,269.94101,501497,0,0
2025-11-06 15:00:00,269.94,269.98001,269.4404,269.57999,381438,0,0
2025-11-06 15:05:00,269.57999,270.0899,269.14999,269.39999,387313,0,0
2025-11-06 15:10:00,269.42999,269.92999,269.0914,269.905,291311,0,0
2025-11-06 15:15:00,269.89001,271.60999,269.72,271.60999,605136,0,0
2025-11-06 15:20:00,271.64001,272.3862,271.3288,272.26999,822601,0,0
2025-11-06 15:25:00,272.26999,272.82001,272.04001,272.82001,680648,0,0
2025-11-06 15:30:00,272.828,273.06,272.45999,272.91,565900,0,0
2025-11-06 15:35:00,272.89001,272.9136,271.67999,272.23999,551317,0,0
2025-11-06 15:40:00,272.22989,272.44,271.55011,272.32001,482037,0,0
2025-11-06 15:45:00,272.32001,273.17999,272.31009,273.17001,4533907,0,0
2025-11-06 15:50:00,273.14999,273.39999,272.85001,272.89001,558168,0,0
2025-11-06 15:55:00,272.85001,272.85989,272.16,272.28,465285,0,0
2025-11-06 16:00:00,272.285,272.6593,271.9501,272.07001,368769,0,0
2025-11-06 16:05:00,272.09,272.14999,271.67001,272.01999,242815,0,0
2025-11-06 16:10:00,272.0,272.38989,271.82999,272.38989,265604,0,0
2025-11-06 16:15:00,272.38,272.63361,271.63,271.75,414682,0,0
2025-11-06 16:20:00,271.76999,272.35001,271.6445,272.20001,317361,0,0
2025-11-06 16:25:00,272.19,272.5,272.08011,272.18149,468538,0,0
2025-11-06 16:30:00,272.17999,272.22,271.66,271.98001,312356,0,0
2025-11-06 16:35:00,271.961,272.07001,271.64001,271.755,298915,0,0
2025-11-06 16:40:00,271.75229,271.78,270.92001,271.24261,397468,0,0
2025-11-06 16:45:00,271.23001,271.23941,270.60999,270.66,290085,0,0
2025-11-06 16:50:00,270.67001,271.20001,270.60001,271.04001,238793,0,0
2025-11-06 16:55:00,271.04001,271.07001,270.54001,270.57999,343223,0,0
2025-11-06 17:00:00,270.60001,271.16,270.42999,271.07999,244645,0,0
2025-11-06 17:05:00,271.06,271.35001,270.85999,271.29999,206166,0,0
2025-11-06 17:10:00,271.29001,271.39999,270.70999,270.72501,275226,0,0
2025-11-06 17:15:00,270.73999,270.81,270.39001,270.78,182679,0,0
2025-11-06 17:20:00,270.77841,270.95001,270.64151,270.82001,194068,0,0
2025-11-06 17:25:00,270.79001,271.45001,270.565,271.42499,214409,0,0
2025-11-06 17:30:00,271.42001,271.92001,271.33041,271.63,309554,0,0
2025-11-06 17:35:00,271.64001,272.20001,271.64001,272.04599,239463,0,0
2025-11-06 17:40:00,272.04999,272.25,271.94,272.1084,172027,0,0
2025-11-06 17:45:00,272.10999,272.46979,272.06009,272.14001,345303,0,0
2025-11-06 17:50:00,272.12,272.26001,271.92001,272.12,273015,0,0
2025-11-06 17:55:00,272.1304,272.29999,272.04001,272.27499,150001,0,0
2025-11-06 18:00:00,272.27499,272.45001,271.94,271.95999,223448,0,0
2025-11-06 18:05:00,271.95999,271.95999,271.38,271.41501,243118,0,0
2025-11-06 18:10:00,271.39999,271.45999,271.15009,271.22,153179,0,0
2025-11-06 18:15:00,271.20001,271.22989,270.92001,271.17999,187080,0,0
2025-11-06 18:20:00,271.17999,271.39001,271.13,271.32999,152252,0,0
2025-11-06 18:25:00,271.3302,271.56,271.29999,271.35001,173399,0,0
2025-11-06 18:30:00,271.37,271.5,271.02039,271.10999,163661,0,0
2025-11-06 18:35:00,271.12,271.31989,271.07999,271.229,114407,0,0
2025-11-06 18:40:00,271.22,271.48999,271.22,271.39499,120616,0,0
2025-11-06 18:45:00,271.405,271.72,271.28,271.70999,159956,0,0
2025-11-06 18:50:00,271.70999,271.77631,271.58841,271.69,169454,0,0
2025-11-06 18:55:00,271.70499,271.72501,271.26001,271.39539,137361,0,0
2025-11-06 19:00:00,271.41,271.62,271.34,271.55499,138222,0,0
2025-11-06 19:05:00,271.54651,271.87,271.54651,271.642,143510,0,0
2025-11-06 19:10:00,271.64999,271.98001,271.64999,271.9418,148887,0,0
2025-11-06 19:15:00,271.95001,271.95999,271.63,271.67001,171032,0,0
2025-11-06 19:20:00,271.64999,271.89001,271.64999,271.85001,138743,0,0
2025-11-06 19:25:00,271.85999,272.16,271.77451,271.99011,177637,0,0
2025-11-06 19:30:00,272.005,272.19,271.64999,272.10999,174727,0,0
2025-11-06 19:35:00,272.11731,272.20001,271.70999,271.755,141993,0,0
2025-11-06 19:40:00,271.73999,271.755,270.73499,270.98001,350590,0,0
2025-11-06 19:45:00,270.98999,271.16,270.92001,271.10999,187627,0,0
2025-11-06 19:50:00,271.10999,271.14001,270.91,271.0,156270,0,0
2025-11-06 19:55:00,270.98999,271.39999,270.98999,271.2356,178611,0,0
2025-11-06 20:00:00,271.23001,271.33511,271.04999,271.23001,160891,0,0
2025-11-06 20:05:00,271.2417,271.405,271.17999,271.405,126751,0,0
2025-11-06 20:10:00,271.39001,271.67001,271.38,271.62851,149117,0,0
2025-11-06 20:15:00,271.63,271.64331,271.14151,271.19501,235959,0,1
2025-11-06 20:20:00,271.19501,271.345,271.09,271.33371,8875821,0,0
2025-11-06 20:25:00,271.32999,271.60101,271.20001,271.20999,202580,0,0
2025-11-06 20:30:00,271.20001,271.42099,271.13,271.34,219680,0,0
2025-11-06 20:35:00,271.32999,271.45999,271.07999,271.17001,206787,0,0
2025-11-06 20:40:00,271.17001,271.5202,271.09,271.10001,374929,0,0
2025-11-06 20:45:00,271.09,271.10001,270.42001,270.70999,270373,0,0
2025-11-06 20:50:00,270.70999,271.23999,269.82999,270.09,545902,0,0
2025-11-06 20:55:00,270.10001,270.14999,269.595,269.64001,2207862,0,0
2025-11-07 14:30:00,269.79501,270.5,267.26999,268.10001,1757318,0,0
2025-11-07 14:35:00,268.06,269.87,267.82999,269.87,921400,1,0
2025-11-07 14:40:00,269.84341,269.89001,268.34,268.34009,640948,0,0
2025-11-07 14:45:00,268.32999,269.5,268.06,269.07001,572813,0,0
2025-11-07 14:50:00,269.03,269.92999,269.01001,269.84,423236,0,0
2025-11-07 14:55:00,269.87,270.20001,269.31,270.0,422392,0,0
2025-11-07 15:00:00,269.92999,270.9599,269.81329,270.73999,419850,0,0
2025-11-07 15:05:00,270.76001,270.88,269.845,270.67999,458229,0,0
2025-11-07 15:10:00,270.73999,271.45001,270.66,271.19,543586,0,0
2025-11-07 15:15:00,271.20001,272.01999,271.20001,271.89999,658751,0,0
2025-11-07 15:20:00,271.892,272.26501,271.54999,271.64001,564205,0,0
2025-11-07 15:25:00,271.62,272.29001,271.35999,271.57999,472662,0,0
2025-11-07 15:30:00,271.56,271.97,271.20001,271.23999,325800,0,0
2025-11-07 15:35:00,271.22,271.82999,271.09,271.23819,303184,0,0
2025-11-07 15:40:00,271.26001,271.64001,271.22,271.35999,264053,0,0
2025-11-07 15:45:00,271.37,271.42001,270.63,271.26999,415511,0,0
2025-11-07 15:50:00,271.26999,271.39999,270.64001,270.9725,371327,0,0
2025-11-07 15:55:00,270.98001,271.0314,270.61179,270.67001,251536,0,0
2025-11-07 16:00:00,270.655,271.03,270.58359,270.70999,230906,0,0
2025-11-07 16:05:00,270.73001,271.20999,270.73001,270.97,325294,0,0
2025-11-07 16:10:00,270.98001,271.14001,270.20999,270.35001,429176,0,0
2025-11-07 16:15:00,270.35001,270.42999,269.52499,269.82999,475259,0,0
2025-11-07 16:20:00,269.832,270.20001,269.76999,269.82999,297471,0,0
2025-11-07 16:25:00,269.82001,269.85999,269.48001,269.53,301688,0,0
2025-11-07 16:30:00,269.51999,269.66,269.19,269.45499,228679,0,0
2025-11-07 16:35:00,269.45001,269.54449,269.23999,269.28989,197759,0,0
2025-11-07 16:40:00,269.28851,269.89001,269.27499,269.565,271325,0,0
2025-11-07 16:45:00,269.56,269.79001,269.32999,269.35999,202680,0,0
2025-11-07 16:50:00,269.35001,269.6041,268.95001,269.0,238614,0,0
2025-11-07 16:55:00,269.01999,269.04999,268.56,268.89499,395862,0,0
2025-11-07 17:00:00,268.88,268.95999,268.67499,268.73001,453744,0,0
2025-11-07 17:05:00,268.73001,269.04999,268.67999,268.74289,242326,0,0
2025-11-07 17:10:00,268.73999,268.78,268.32001,268.57001,309179,0,0
2025-11-07 17:15:00,268.56,269.17001,268.51501,268.95001,267853,0,0
2025-11-07 17:20:00,268.9696,269.47,268.91501,269.29001,230402,0,0
2025-11-07 17:25:00,269.26999,269.37,268.82001,269.10999,237840,0,0
2025-11-07 17:30:00,269.11499,269.11499,268.73999,268.82001,216830,0,0
2025-11-07 17:35:00,268.82001,269.14001,268.53,268.53,258503,0,0
2025-11-07 17:40:00,268.52499,268.60999,268.29999,268.51001,175938,0,0
2025-11-07 17:45:00,268.505,268.66,268.29999,268.42001,173570,0,0
2025-11-07 17:50:00,268.41,268.93161,268.27011,268.76999,165488,0,0
2025-11-07 17:55:00,268.76779,268.92001,268.69501,268.79129,115901,0,0
2025-11-07 18:00:00,268.79999,269.04501,268.48999,268.655,120543,0,0
2025-11-07 18:05:00,268.63,268.70001,268.38,268.43289,95845,0,0
2025-11-07 18:10:00,268.45999,268.64001,268.12,268.39999,185252,0,0
2025-11-07 18:15:00,268.4101,268.42999,268.05881,268.37,143815,0,0
2025-11-07 18:20:00,268.3645,268.72,268.14999,268.72,146355,0,0
2025-11-07 18:25:00,268.73999,268.97,268.36011,268.45001,243650,0,0
2025-11-07 18:30:00,268.45001,268.60501,268.42001,268.48001,151119,0,0
2025-11-07 18:35:00,268.48999,268.60001,268.1301,268.57999,136909,0,0
2025-11-07 18:40:00,268.565,268.66,268.32999,268.405,139442,0,0
2025-11-07 18:45:00,268.42001,268.53,267.75,267.81,241266,0,0
2025-11-07 18:50:00,267.82001,267.97,267.64001,267.95291,239635,0,0
2025-11-07 18:55:00,267.94321,268.39001,267.94321,268.13,211667,0,0
2025-11-07 19:00:00,268.06,268.3504,268.0,268.10001,136615,0,0
2025-11-07 19:05:00,268.06,268.16,267.75,267.76501,149229,0,0
2025-11-07 19:10:00,267.75,267.85001,267.45999,267.60001,192035,0,0
2025-11-07 19:15:00,267.59451,267.79001,267.42999,267.45001,154151,0,0
2025-11-07 19:20:00,267.45001,267.55981,267.27899,267.28,225296,0,0
2025-11-07 19:25:00,267.28,267.34,267.095,267.25,240184,0,0
2025-11-07 19:30:00,267.26001,267.69,267.26001,267.6716,212064,0,0
2025-11-07 19:35:00,267.64999,268.04999,267.51999,267.92001,234834,0,0
2025-11-07 19:40:00,267.92001,268.5,267.9101,268.08499,846745,0,0
2025-11-07 19:45:00,268.07001,268.09,267.75,267.88,297418,0,0
2025-11-07 19:50:00,267.88501,267.98001,267.36499,267.56,392018,0,0
2025-11-07 19:55:00,267.59009,267.64999,267.26001,267.6232,259165,0,0
2025-11-07 20:00:00,267.60001,267.76999,267.01999,267.155,294644,0,0
2025-11-07 20:05:00,267.14001,267.26999,266.78,267.035,338869,0,0
2025-11-07 20:10:00,267.04999,267.505,266.875,267.20499,258140,0,0
2025-11-07 20:15:00,267.23001,267.37,267.09,267.35001,264114,0,0
2025-11-07 20:20:00,267.35999,267.54001,267.10999,267.4325,255775,0,0
2025-11-07 20:25:00,267.44,267.85999,267.29001,267.75989,267541,0,0
2025-11-07 20:30:00,267.76001,268.26999,267.73001,268.1358,383134,0,0
2025-11-07 20:35:00,268.14001,268.39001,268.09009,268.12,344872,0,0
2025-11-07 20:40:00,268.12,268.5,267.92999,268.5,335252,0,0
2025-11-07 20:45:00,268.5325,268.57001,267.87,267.91,338933,0,0
2025-11-07 20:50:00,267.95001,268.37,267.69,267.82999,591614,0,0
2025-11-07 20:55:00,267.84,268.57999,267.79999,268.42001,1283016,0,0
2025-11-10 14:30:00,268.95001,271.85699,268.95001,271.5495,2023593,0,0
2025-11-10 14:35:00,271.51001,272.22,271.29999,271.76001,696432,0,0
2025-11-10 14:40:00,271.82001,272.28,271.20999,272.19,657222,0,0
2025-11-10 14:45:00,272.16,272.95999,272.04999,272.79999,588056,0,0
2025-11-10 14:50:00,272.76001,273.73001,272.60999,273.59,776700,0,0
2025-11-10 14:55:00,273.57999,273.61499,272.79651,273.27499,458958,0,0
2025-11-10 15:00:00,273.255,273.29001,272.45001,272.47061,398161,0,0
2025-11-10 15:05:00,272.45999,272.81,272.14999,272.64999,325219,0,0
2025-11-10 15:10:00,272.64999,273.03,272.51099,272.59,311155,0,0
2025-11-10 15:15:00,272.60501,272.75,272.04001,272.23001,260123,0,0
2025-11-10 15:20:00,272.26001,272.28989,271.92001,272.11499,272978,0,0
2025-11-10 15:25:00,272.10999,272.14001,271.54001,271.85699,262384,0,0
2025-11-10 15:30:00,271.82999,271.98999,271.67999,271.73999,307516,0,0
2025-11-10 15:35:00,271.78,271.97,271.25,271.26001,278299,0,0
2025-11-10 15:40:00,271.29001,271.45001,271.14999,271.23999,285766,0,0
2025-11-10 15:45:00,271.23001,271.81161,271.16,271.5802,295169,0,0
2025-11-10 15:50:00,271.57001,271.57001,270.81009,270.92999,245900,0,0
2025-11-10 15:55:00,270.91,270.974,270.57999,270.75989,197828,0,0
2025-11-10 16:00:00,270.73001,270.79001,270.03,270.13989,241620,0,0
2025-11-10 16:05:00,270.12,270.13,269.47,269.60001,351089,0,0
2025-11-10 16:10:00,269.60001,270.10849,269.51001,270.07001,283167,0,0
2025-11-10 16:15:00,270.08499,270.09,269.54999,269.69,189266,0,0
2025-11-10 16:20:00,269.67999,269.67999,269.14511,269.48001,219688,0,0
2025-11-10 16:25:00,269.45001,269.51501,269.04999,269.06641,188368,0,0
2025-11-10 16:30:00,269.04001,269.2558,269.01001,269.09,199667,0,0
2025-11-10 16:35:00,269.06,269.06,268.6795,268.80499,248751,0,0
2025-11-10 16:40:00,268.78,268.79999,268.5,268.70001,184253,0,0
2025-11-10 16:45:00,268.69,269.17001,268.48999,269.03,262668,1,0
2025-11-10 16:50:00,269.01001,269.13,268.75,268.85379,224508,0,0
2025-11-10 16:55:00,268.85001,269.35001,268.75,269.31,198203,0,0
2025-11-10 17:00:00,269.32501,269.45001,269.14001,269.39999,204431,0,0
2025-11-10 17:05:00,269.39999,269.75879,269.23999,269.54999,222420,0,0
2025-11-10 17:10:00,269.54001,269.57001,269.20999,269.25,227363,0,0
2025-11-10 17:15:00,269.23001,269.45001,269.16,269.25,144390,0,0
2025-11-10 17:20:00,269.26999,269.32999,268.98999,269.12,117983,0,0
2025-11-10 17:25:00,269.09,269.32999,269.06,269.07999,111576,0,0
2025-11-10 17:30:00,269.07001,269.35001,269.03,269.125,164152,1,0
2025-11-10 17:35:00,269.11011,269.29999,269.01001,269.23001,126474,0,0
2025-11-10 17:40:00,269.23001,269.47,269.12,269.17499,214484,0,0
2025-11-10 17:45:00,269.16,269.60999,269.10001,269.51999,135238,0,0
2025-11-10 17:50:00,269.51001,269.73001,269.44,269.67001,132996,0,0
2025-11-10 17:55:00,269.66,269.77499,269.51999,269.54999,129308,0,0
2025-11-10 18:00:00,269.54999,269.82001,269.51001,269.67999,136710,0,0
2025-11-10 18:05:00,269.70969,269.88,269.64001,269.77499,133177,0,0
2025-11-10 18:10:00,269.75,270.19971,269.69,270.12601,181191,0,0
2025-11-10 18:15:00,270.10001,270.23001,270.05011,270.10999,156183,0,0
2025-11-10 18:20:00,270.10001,270.10999,269.84,269.97,146937,0,0
2025-11-10 18:25:00,269.965,269.965,269.70001,269.73001,150592,0,0
2025-11-10 18:30:00,269.70999,269.94,269.69,269.77011,129815,0,0
2025-11-10 18:35:00,269.785,269.92999,269.60001,269.64001,141125,0,0
2025-11-10 18:40:00,269.64001,269.87991,269.63,269.85999,146484,1,0
2025-11-10 18:45:00,269.85999,270.0799,269.72101,270.0799,136778,0,0
2025-11-10 18:50:00,270.07001,270.14999,270.0,270.10001,148261,0,0
2025-11-10 18:55:00,270.09,270.09,269.89999,269.98999,139740,0,0
2025-11-10 19:00:00,269.995,270.30771,269.98001,270.20001,172981,0,0
2025-11-10 19:05:00,270.17001,270.26001,269.92999,270.01999,182045,0,0
2025-11-10 19:10:00,270.01001,270.04999,267.45499,269.18839,1262257,0,0
2025-11-10 19:15:00,269.17001,269.48999,269.01999,269.25009,285771,1,0
2025-11-10 19:20:00,269.25,269.87,269.10999,269.6499,269247,0,0
2025-11-10 19:25:00,269.62,269.785,269.461,269.66,174163,0,0
2025-11-10 19:30:00,269.63,269.81,269.56,269.76001,176397,0,0
2025-11-10 19:35:00,269.75,269.79999,269.57001,269.685,142977,0,0
2025-11-10 19:40:00,269.67999,269.73001,269.47,269.60999,205967,0,0
2025-11-10 19:45:00,269.62,269.62,269.39001,269.465,168112,0,0
2025-11-10 19:50:00,269.45999,269.69989,269.41,269.62,147316,0,0
2025-11-10 19:55:00,269.62,269.78,269.45001,269.51999,296211,0,0
2025-11-10 20:00:00,269.51999,269.63,269.26001,269.42001,177888,0,0
2025-11-10 20:05:00,269.42001,269.42001,269.22,269.245,206967,0,0
2025-11-10 20:10:00,269.245,269.41159,269.17999,269.34,187839,0,0
2025-11-10 20:15:00,269.32999,269.38989,269.20001,269.32999,184316,0,0
2025-11-10 20:20:00,269.34,269.35999,269.17499,269.32001,150737,0,0
2025-11-10 20:25:00,269.31,269.32001,269.04999,269.11859,203483,0,0
2025-11-10 20:30:00,269.10001,269.20001,268.95001,269.02499,231103,0,0
2025-11-10 20:35:00,269.01999,269.29999,268.92001,269.19,261502,0,0
2025-11-10 20:40:00,269.17999,269.17999,268.80499,269.005,298826,0,0
2025-11-10 20:45:00,269.0,269.32001,268.76001,269.30011,301425,1,0
2025-11-10 20:50:00,269.32001,269.5383,268.88,269.51999,465840,0,0
2025-11-10 20:55:00,269.51001,269.60001,268.935,269.35999,1334198,0,0
2025-11-11 14:30:00,269.81,271.5,269.79999,270.73999,1384132,0,0
2025-11-11 14:35:00,270.67999,271.51999,270.51001,271.22009,498828,0,0
2025-11-11 14:40:00,271.26999,273.20999,271.23999,273.15509,1120783,0,0
2025-11-11 14:45:00,273.14999,274.37,272.97,274.07999,1243075,0,0
2025-11-11 14:50:00,274.06021,274.29999,273.37,273.91501,1132261,0,0
2025-11-11 14:55:00,273.9039,274.0,273.39001,273.84,528686,0,0
2025-11-11 15:00:00,273.83499,273.845,272.60001,272.77499,507073,0,0
2025-11-11 15:05:00,272.76001,273.0,272.51999,272.88,426525,1,0
2025-11-11 15:10:00,272.85001,273.51001,272.7301,273.38501,556888,0,0
2025-11-11 15:15:00,273.37,273.38,272.77011,273.14001,382198,0,0
2025-11-11 15:20:00,273.13,273.85999,272.97769,273.85001,673077,0,0
2025-11-11 15:25:00,273.85001,274.73999,273.82999,274.10001,791182,0,0
2025-11-11 15:30:00,274.10001,274.14499,273.715,274.13,439531,0,0
2025-11-11 15:35:00,274.12,274.3461,273.64999,273.82999,288252,0,0
2025-11-11 15:40:00,273.82999,273.82999,273.01001,273.19821,456808,0,0
2025-11-11 15:45:00,273.20999,273.39001,273.03,273.34,291743,0,0
2025-11-11 15:50:00,273.34009,273.38501,273.04001,273.19,203184,0,0
2025-11-11 15:55:00,273.19,273.19,272.61499,272.9617,451689,0,0
2025-11-11 16:00:00,272.98001,273.38,272.88,273.24011,230367,0,0
2025-11-11 16:05:00,273.24429,273.45001,273.14001,273.39001,163249,0,0
2025-11-11 16:10:00,273.42001,273.57999,273.1701,273.20071,213252,0,0
2025-11-11 16:15:00,273.19,273.19,272.85999,273.04001,201085,0,0
2025-11-11 16:20:00,273.03,273.19101,272.88,273.03,208248,0,0
2025-11-11 16:25:00,273.04001,273.06,272.42999,272.5,305088,0,0
2025-11-11 16:30:00,272.51001,272.5325,272.07999,272.41769,285294,0,0
2025-11-11 16:35:00,272.41,272.46991,271.92999,271.97809,182834,0,0
2025-11-11 16:40:00,271.97,271.98999,271.78,271.875,206171,0,0
2025-11-11 16:45:00,271.88,272.20999,271.81781,272.08511,218917,0,0
2025-11-11 16:50:00,272.08499,272.25,271.87,272.07901,164289,0,0
2025-11-11 16:55:00,272.06,272.22,271.82501,271.95001,146203,0,0
2025-11-11 17:00:00,271.92999,272.63,271.8718,272.57721,240480,0,0
2025-11-11 17:05:00,272.58499,272.81,272.42001,272.45001,175225,0,0
2025-11-11 17:10:00,272.45999,272.5799,272.20999,272.57559,158354,0,0
2025-11-11 17:15:00,272.57001,272.92001,272.50739,272.90509,169002,0,0
2025-11-11 17:20:00,272.9035,273.59,272.83499,273.57001,336833,0,0
2025-11-11 17:25:00,273.5701,273.61499,273.25562,273.315,242012,0,0
2025-11-11 17:30:00,273.32999,273.45001,273.03,273.414,204484,0,0
2025-11-11 17:35:00,273.39999,273.47,273.07001,273.09,165445,0,0
2025-11-11 17:40:00,273.10001,273.57999,273.04999,273.57999,165131,0,0
2025-11-11 17:45:00,273.57901,273.6199,273.345,273.57999,177669,0,0
2025-11-11 17:50:00,273.58499,273.73999,273.51001,273.56,207827,0,0
2025-11-11 17:55:00,273.57999,273.89999,273.55011,273.82999,339317,0,0
2025-11-11 18:00:00,273.82999,274.13501,273.7999,273.82001,317259,0,0
2025-11-11 18:05:00,273.845,274.23999,273.70001,274.18069,187001,0,0
2025-11-11 18:10:00,274.20001,274.32999,274.10999,274.12701,184864,0,0
2025-11-11 18:15:00,274.13,274.47,274.04999,274.45001,216584,0,0
2025-11-11 18:20:00,274.45499,274.48001,274.32001,274.38,207795,0,0
2025-11-11 18:25:00,274.37,274.70001,274.37,274.48001,261390,0,0
2025-11-11 18:30:00,274.48999,274.87,274.32999,274.87,367780,0,0
2025-11-11 18:35:00,274.85999,274.98001,274.26001,274.37,387424,0,0
2025-11-11 18:40:00,274.35999,274.4801,274.16,274.45001,245377,0,0
2025-11-11 18:45:00,274.44,274.55499,274.285,274.54001,141123,0,0
2025-11-11 18:50:00,274.54001,274.68909,274.453,274.49829,170324,0,0
2025-11-11 18:55:00,274.54001,274.57999,274.383,274.45999,169080,0,0
2025-11-11 19:00:00,274.45001,274.45001,274.19,274.311,151748,0,0
2025-11-11 19:05:00,274.3288,274.66,274.31009,274.64999,7028494,0,0
2025-11-11 19:10:00,274.64441,275.12,274.64441,274.89499,719499,0,0
2025-11-11 19:15:00,274.89001,275.26999,274.88,275.20001,338024,0,0
2025-11-11 19:20:00,275.21701,275.66,275.14001,275.38,306242,0,0
2025-11-11 19:25:00,275.38501,275.47,275.1893,275.32001,241248,0,0
2025-11-11 19:30:00,275.32999,275.48001,275.13,275.19,198485,0,0
2025-11-11 19:35:00,275.17999,275.35001,275.07999,275.18201,206464,0,0
2025-11-11 19:40:00,275.18909,275.31989,275.06039,275.10999,184502,0,0
2025-11-11 19:45:00,275.10901,275.35501,275.04999,275.28,171076,1,0
2025-11-11 19:50:00,275.27829,275.39499,275.17999,275.34,165186,0,0
2025-11-11 19:55:00,275.32999,275.54999,275.28,275.54999,245191,0,0
2025-11-11 20:00:00,275.54001,275.70999,275.45999,275.66501,285967,0,0
2025-11-11 20:05:00,275.6799,275.76001,275.44,275.47,288860,0,1
2025-11-11 20:10:00,275.47,275.67999,275.39999,275.42181,205303,0,0
2025-11-11 20:15:00,275.42999,275.48999,275.29999,275.33099,210004,0,0
2025-11-11 20:20:00,275.33591,275.54001,275.33591,275.45999,253179,0,0
2025-11-11 20:25:00,275.4599,275.47,275.22,275.25,239214,0,0
2025-11-11 20:30:00,275.23999,275.54999,275.07001,275.45999,299422,0,0
2025-11-11 20:35:00,275.44,275.45499,275.16,275.30499,230639,0,0
2025-11-11 20:40:00,275.29001,275.45001,275.01001,275.45001,317278,0,0
2025-11-11 20:45:00,275.47,275.67999,275.45419,275.63,342257,0,0
2025-11-11 20:50:00,275.63,275.845,275.25,275.26999,619783,0,1
2025-11-11 20:55:00,275.26999,275.41,274.79999,275.29999,2230334,0,0
2025-11-12 14:30:00,275.07501,275.23999,272.97,273.14001,5430202,0,0
2025-11-12 14:35:00,273.09,273.57999,272.66,273.39001,694683,0,0
2025-11-12 14:40:00,273.35999,273.55991,272.04999,272.29779,954785,0,0
2025-11-12 14:45:00,272.31,272.65302,271.89999,271.95999,570390,0,0
2025-11-12 14:50:00,271.97,272.75,271.89001,272.51819,491850,0,0
2025-11-12 14:55:00,272.51001,272.54001,271.87,272.16,408556,0,0
2025-11-12 15:00:00,272.16,273.2276,272.0,273.17001,436282,0,0
2025-11-12 15:05:00,273.17999,273.41,272.82001,273.315,329066,0,0
2025-11-12 15:10:00,273.34,273.34,272.7001,272.89999,302404,0,0
2025-11-12 15:15:00,272.9068,273.44989,272.89999,273.065,399035,0,0
2025-11-12 15:20:00,273.07001,273.42001,272.97,273.35999,280825,0,0
2025-11-12 15:25:00,273.35001,273.41071,272.66,272.94,420347,0,0
2025-11-12 15:30:00,272.91,273.35999,272.54999,273.26999,385530,0,0
2025-11-12 15:35:00,273.22,274.26999,273.17001,274.23999,470872,0,0
2025-11-12 15:40:00,274.20001,274.39899,273.75,273.89499,311910,0,0
2025-11-12 15:45:00,273.89001,273.89001,273.59119,273.64999,240844,0,0
2025-11-12 15:50:00,273.66,274.19,273.57001,273.82001,334583,0,0
2025-11-12 15:55:00,273.8497,274.23999,273.79001,274.13251,262920,0,0
2025-11-12 16:00:00,274.10999,274.32001,274.065,274.07999,302355,0,0
2025-11-12 16:05:00,274.07999,274.23001,273.81,274.03,201446,0,0
2025-11-12 16:10:00,274.01999,274.23999,273.94009,274.20999,213084,0,0
2025-11-12 16:15:00,274.20999,274.4299,274.07001,274.20999,214190,0,0
2025-11-12 16:20:00,274.215,274.27499,274.04999,274.06,171670,0,0
2025-11-12 16:25:00,274.07001,274.60999,274.01999,274.60001,218761,0,0
2025-11-12 16:30:00,274.59,274.60999,274.20999,274.25021,192572,0,0
2025-11-12 16:35:00,274.271,274.70001,274.271,274.53,307236,0,0
2025-11-12 16:40:00,274.54999,274.85001,274.47,274.76999,382513,0,0
2025-11-12 16:45:00,274.77499,274.85001,274.10999,274.1622,196661,0,1
2025-11-12 16:50:00,274.1622,274.26001,273.87,274.07999,188731,0,0
2025-11-12 16:55:00,274.10001,274.45001,274.10001,274.1701,141651,0,0
2025-11-12 17:00:00,274.20001,274.20999,273.98001,274.17001,106562,0,0
2025-11-12 17:05:00,274.20999,274.25989,273.95499,274.01999,136525,0,0
2025-11-12 17:10:00,274.01999,274.01999,273.72501,273.94,110223,0,0
2025-11-12 17:15:00,273.95001,274.14001,273.85001,274.01001,113500,0,0
2025-11-12 17:20:00,274.01001,274.35999,273.98001,274.14719,122521,0,0
2025-11-12 17:25:00,274.14999,274.4599,274.10999,274.39001,105646,0,0
2025-11-12 17:30:00,274.38,274.57001,274.35999,274.48001,106772,0,0
2025-11-12 17:35:00,274.5,274.70999,274.45999,274.61801,121268,0,0
2025-11-12 17:40:00,274.63,274.79999,274.44,274.44,120646,0,0
2025-11-12 17:45:00,274.42001,274.57999,274.31,274.35989,128730,0,0
2025-11-12 17:50:00,274.34,274.34,274.12,274.28,97975,0,0
2025-11-12 17:55:00,274.28,274.62,274.1601,274.56,110931,0,0
2025-11-12 18:00:00,274.57999,274.95001,274.5,274.94,190194,0,0
2025-11-12 18:05:00,274.94,275.14001,274.81,274.8515,290196,0,0
2025-11-12 18:10:00,274.85999,275.09979,274.84,275.04999,100520,0,0
2025-11-12 18:15:00,275.04999,275.12,274.76999,274.82999,150572,0,0
2025-11-12 18:20:00,274.79999,275.0,274.75,274.95499,92545,0,0
2025-11-12 18:25:00,274.97,275.09,274.92001,274.98001,131778,0,0
2025-11-12 18:30:00,274.98999,275.17001,274.82001,274.82501,118717,0,0
2025-11-12 18:35:00,274.82501,275.17999,274.73911,275.12,143507,0,0
2025-11-12 18:40:00,275.10001,275.35001,275.07999,275.20999,225876,0,0
2025-11-12 18:45:00,275.20001,275.45999,275.03,275.04999,207562,0,0
2025-11-12 18:50:00,275.035,275.29001,274.95361,275.185,106582,0,0
2025-11-12 18:55:00,275.17001,275.45999,275.125,275.41,116410,0,0
2025-11-12 19:00:00,275.44,275.73001,275.315,275.73001,179588,0,0
2025-11-12 19:05:00,275.72101,275.72101,274.97,275.10501,311434,0,0
2025-11-12 19:10:00,275.10001,275.12,274.95999,274.95999,184178,0,0
2025-11-12 19:15:00,274.97,275.10449,274.70001,274.72,162468,0,0
2025-11-12 19:20:00,274.715,274.95999,274.64001,274.84,131073,0,0
2025-11-12 19:25:00,274.83899,274.97,274.42999,274.45001,126172,0,0
2025-11-12 19:30:00,274.45001,274.48001,274.14001,274.4003,160162,0,0
2025-11-12 19:35:00,274.38031,274.49039,274.23001,274.39001,181154,0,0
2025-11-12 19:40:00,274.39999,274.44,274.22,274.36011,119972,0,0
2025-11-12 19:45:00,274.35001,274.69,274.26001,274.41,170973,0,0
2025-11-12 19:50:00,274.39011,274.5256,274.32001,274.48001,119274,0,0
2025-11-12 19:55:00,274.5,274.54581,274.14001,274.34,197916,0,0
2025-11-12 20:00:00,274.33499,274.41101,273.92001,274.32001,248285,0,0
2025-11-12 20:05:00,274.32001,274.32001,273.70001,273.755,200892,0,0
2025-11-12 20:10:00,273.73999,273.89001,273.53009,273.60001,190836,0,0
2025-11-12 20:15:00,273.59,273.92001,273.5,273.92001,145906,0,0
2025-11-12 20:20:00,273.91,274.01001,273.79001,273.97501,162362,0,0
2025-11-12 20:25:00,273.97501,274.10001,273.84,274.04999,161768,0,0
2025-11-12 20:30:00,274.04999,274.25,273.90009,274.01999,275303,0,1
2025-11-12 20:35:00,274.01001,274.04001,273.61499,273.83539,183675,0,0
2025-11-12 20:40:00,273.849,274.02951,273.7565,273.94,288256,0,0
2025-11-12 20:45:00,273.94,273.94,273.54999,273.685,479479,0,0
2025-11-12 20:50:00,273.685,274.39999,273.35999,273.42999,606541,0,0
2025-11-12 20:55:00,273.45001,273.57001,272.97,273.47,10262159,0,0
2025-11-13 14:30:00,274.26999,274.87,273.59,274.2579,4516387,0,0
2025-11-13 14:35:00,274.28,275.45999,274.23001,275.45901,997602,0,0
2025-11-13 14:40:00,275.45499,276.69901,275.1517,276.32999,1116839,0,0
2025-11-13 14:45:00,276.32999,276.34,274.47,274.48999,595667,0,1
2025-11-13 14:50:00,274.48999,275.5,274.30011,275.08578,505229,0,0
2025-11-13 14:55:00,275.09,275.20001,274.79999,275.147,262031,0,0
2025-11-13 15:00:00,275.13,275.13171,274.54999,274.81,340342,0,0
2025-11-13 15:05:00,274.80499,275.16,274.62289,274.84119,299312,0,0
2025-11-13 15:10:00,274.84,274.85001,274.03,274.13,340517,0,0
2025-11-13 15:15:00,274.13,274.52701,273.94,273.95999,333375,0,0
2025-11-13 15:20:00,273.97,273.98001,273.29001,273.77271,433156,0,0
2025-11-13 15:25:00,273.79001,274.05499,273.57999,273.70999,274263,0,0
2025-11-13 15:30:00,273.7001,273.72501,272.76999,272.79501,456160,0,0
2025-11-13 15:35:00,272.79099,273.20001,272.69,272.89511,325799,0,0
2025-11-13 15:40:00,272.88,272.92999,272.42999,272.57501,260870,0,0
2025-11-13 15:45:00,272.565,272.61499,272.23001,272.4101,260629,0,0
2025-11-13 15:50:00,272.4288,272.685,272.17999,272.6532,309197,0,0
2025-11-13 15:55:00,272.67001,273.12,272.17999,272.92999,437065,0,0
2025-11-13 16:00:00,272.94501,273.07999,272.38,272.5,226923,0,0
2025-11-13 16:05:00,272.505,272.88,272.41,272.79001,288102,0,0
2025-11-13 16:10:00,272.79501,273.17499,272.56,273.12079,237811,0,0
2025-11-13 16:15:00,273.10999,273.73999,273.07999,273.715,315982,0,0
2025-11-13 16:20:00,273.67499,274.16,273.54999,273.67999,509426,0,0
2025-11-13 16:25:00,273.64001,274.19,273.63501,274.03711,303542,0,0
2025-11-13 16:30:00,274.03,274.35999,273.94,274.28,269824,0,0
2025-11-13 16:35:00,274.32001,274.4899,273.57999,273.59,222304,0,1
2025-11-13 16:40:00,273.57999,273.87,273.45001,273.51001,189296,0,0
2025-11-13 16:45:00,273.505,273.57001,273.14999,273.28,191642,0,0
2025-11-13 16:50:00,273.25,273.53,273.04999,273.47781,187669,0,0
2025-11-13 16:55:00,273.45999,273.89001,273.35001,273.73001,240826,0,0
2025-11-13 17:00:00,273.73001,274.04001,273.16501,273.63,164017,0,0
2025-11-13 17:05:00,273.60999,273.78,272.89999,272.89999,135097,0,0
2025-11-13 17:10:00,272.91501,272.98001,272.45999,272.54001,211562,0,0
2025-11-13 17:15:00,272.56,272.92001,272.51001,272.78,202150,0,0
2025-11-13 17:20:00,272.79001,273.04001,272.62,272.73001,163987,0,0
2025-11-13 17:25:00,272.70001,272.9895,272.67001,272.85999,161470,0,0
2025-11-13 17:30:00,272.84,273.03931,272.77121,272.81,138876,0,0
2025-11-13 17:35:00,272.79041,272.84,272.5,272.76999,163917,0,0
2025-11-13 17:40:00,272.78,272.98999,272.5701,272.5701,154007,0,0
2025-11-13 17:45:00,272.60001,272.85001,272.51001,272.75,216518,0,0
2025-11-13 17:50:00,272.76001,272.81,272.51999,272.73499,122698,0,0
2025-11-13 17:55:00,272.73001,272.81,272.5,272.60989,144376,0,0
2025-11-13 18:00:00,272.60999,272.70001,272.5,272.63,122237,0,0
2025-11-13 18:05:00,272.64999,273.15601,272.62,272.8606,162118,0,0
2025-11-13 18:10:00,272.85501,273.2699,272.78,273.22021,4650806,0,0
2025-11-13 18:15:00,273.20999,273.32001,272.88,273.09,143154,0,0
2025-11-13 18:20:00,273.10999,273.2785,273.0,273.05499,154037,0,0
2025-11-13 18:25:00,273.06,273.07001,272.5,272.5701,218791,0,0
2025-11-13 18:30:00,272.56,272.60999,272.10001,272.20999,296426,0,0
2025-11-13 18:35:00,272.22,272.45001,272.10001,272.41971,307463,0,0
2025-11-13 18:40:00,272.42001,273.22879,272.42001,273.215,333393,0,0
2025-11-13 18:45:00,273.215,273.72,273.13181,273.6799,356267,0,0
2025-11-13 18:50:00,273.67001,273.85001,273.55499,273.58499,276731,0,0
2025-11-13 18:55:00,273.58499,273.66501,273.20999,273.43921,217973,0,0
2025-11-13 19:00:00,273.45999,273.51001,272.95001,273.06821,201005,0,0
2025-11-13 19:05:00,273.04999,273.33279,272.87,273.25989,188194,0,0
2025-11-13 19:10:00,273.25,273.35001,273.12021,273.23001,197934,0,0
2025-11-13 19:15:00,273.25,273.48999,273.1301,273.32999,267323,0,0
2025-11-13 19:20:00,273.35001,273.78989,273.33011,273.57999,214220,0,0
2025-11-13 19:25:00,273.59,273.79999,273.4595,273.53,203971,0,1
2025-11-13 19:30:00,273.535,273.67001,273.20001,273.59,193094,0,0
2025-11-13 19:35:00,273.57999,273.69,273.155,273.25,212501,0,0
2025-11-13 19:40:00,273.25,273.25,272.67001,272.95001,206607,0,0
2025-11-13 19:45:00,272.97,273.0,272.63,272.70001,163368,0,0
2025-11-13 19:50:00,272.7001,273.0,272.7001,272.91,177106,0,0
2025-11-13 19:55:00,272.89999,273.12,272.54999,272.98001,234467,0,0
2025-11-13 20:00:00,272.98001,273.04999,272.70679,272.70679,168263,0,0
2025-11-13 20:05:00,272.73001,272.957,272.54501,272.905,293132,0,0
2025-11-13 20:10:00,272.89001,272.98001,272.57999,272.73001,287325,0,0
2025-11-13 20:15:00,272.72501,273.12,272.70001,272.78,211746,0,0
2025-11-13 20:20:00,272.78,272.9899,272.67999,272.88,209586,0,0
2025-11-13 20:25:00,272.89001,273.07999,272.84,273.03961,245849,0,0
2025-11-13 20:30:00,273.03,273.14999,272.73999,273.07001,325876,0,0
2025-11-13 20:35:00,273.08499,273.39001,273.01001,273.22,767127,0,0
2025-11-13 20:40:00,273.23981,273.42999,272.94,273.155,322192,0,1
2025-11-13 20:45:00,273.14999,273.58499,273.13,273.19501,340177,0,0
2025-11-13 20:50:00,273.20001,273.60001,272.5,272.64001,614182,0,0
2025-11-13 20:55:00,272.64999,273.19,272.5,273.04001,8655799,0,0
2025-11-14 14:30:00,271.04999,272.0,269.60001,269.93521,5099819,0,0
2025-11-14 14:35:00,269.89999,271.72931,269.72601,271.17001,749384,1,0
2025-11-14 14:40:00,271.17001,271.85001,270.81,270.88,524461,0,0
2025-11-14 14:45:00,270.89999,271.3855,270.48001,271.3855,552874,0,0
2025-11-14 14:50:00,271.37,272.63501,271.23999,272.58011,683223,0,0
2025-11-14 14:55:00,272.56,273.0817,272.32999,273.0,624957,0,0
2025-11-14 15:00:00,273.01001,273.20001,272.16,272.405,421597,0,0
2025-11-14 15:05:00,272.42001,273.22,272.25,273.01001,419895,0,0
2025-11-14 15:10:00,273.03,273.14301,272.5,272.9613,368459,0,0
2025-11-14 15:15:00,272.94,273.57001,272.89001,273.42001,433335,0,0
2025-11-14 15:20:00,273.39001,273.79001,272.96509,273.20999,366093,0,0
2025-11-14 15:25:00,273.20499,273.89001,272.84,273.75919,373725,0,0
2025-11-14 15:30:00,273.76999,273.90829,273.20001,273.35999,278689,0,0
2025-11-14 15:35:00,273.35501,273.98999,273.32001,273.84,255702,0,0
2025-11-14 15:40:00,273.85599,274.14999,273.69,274.10999,312939,0,0
2025-11-14 15:45:00,274.10001,274.4599,273.97,274.3045,447141,0,0
2025-11-14 15:50:00,274.32999,274.53,274.04999,274.31,339642,0,1
2025-11-14 15:55:00,274.2905,274.39999,274.01001,274.24551,226987,0,0
2025-11-14 16:00:00,274.259,274.35999,273.86639,273.965,215605,0,0
2025-11-14 16:05:00,273.95001,274.04999,273.52731,274.01999,321213,0,0
2025-11-14 16:10:00,274.005,274.14001,273.82999,273.84,224341,0,0
2025-11-14 16:15:00,273.84,274.23001,273.72,274.20001,234532,0,0
2025-11-14 16:20:00,274.17999,274.54501,273.98999,274.47,409837,0,0
2025-11-14 16:25:00,274.48001,274.64999,274.26001,274.64999,303275,0,0
2025-11-14 16:30:00,274.64499,274.64999,273.67999,273.76001,440123,0,0
2025-11-14 16:35:00,273.76999,273.98999,273.54999,273.98999,494044,0,0
2025-11-14 16:40:00,274.02979,274.29001,273.98001,274.23001,213391,0,0
2025-11-14 16:45:00,274.20999,274.255,273.91,274.13501,176143,0,0
2025-11-14 16:50:00,274.13501,274.54999,274.13501,274.47501,255998,0,0
2025-11-14 16:55:00,274.48001,274.94989,274.42999,274.82999,623093,0,0
2025-11-14 17:00:00,274.79999,274.85999,274.56,274.6575,208668,0,0
2025-11-14 17:05:00,274.62,275.09,274.57999,275.01999,305192,0,0
2025-11-14 17:10:00,275.04001,275.66199,275.01001,275.6499,497573,0,0
2025-11-14 17:15:00,275.63,275.92001,275.54001,275.75,313709,0,0
2025-11-14 17:20:00,275.75,275.88,275.51001,275.57999,237737,0,0
2025-11-14 17:25:00,275.57001,275.73001,275.39011,275.70499,486322,0,0
2025-11-14 17:30:00,275.70999,275.70999,275.42001,275.595,166486,0,0
2025-11-14 17:35:00,275.60001,275.95831,275.54999,275.84,189726,0,0
2025-11-14 17:40:00,275.81,275.81,275.42999,275.54999,125069,0,0
2025-11-14 17:45:00,275.54001,275.69,275.16,275.20999,246970,0,0
2025-11-14 17:50:00,275.23999,275.26001,274.84979,275.11499,210895,0,0
2025-11-14 17:55:00,275.10001,275.38,274.98001,275.13,220334,0,0
2025-11-14 18:00:00,275.12,275.12,274.26999,274.30951,177286,0,0
2025-11-14 18:05:00,274.28,274.70001,274.23001,274.64999,146485,1,0
2025-11-14 18:10:00,274.66049,275.0166,274.48999,274.95801,133385,0,0
2025-11-14 18:15:00,274.965,274.97,274.29999,274.375,107330,0,0
2025-11-14 18:20:00,274.39001,274.4816,274.28,274.465,103730,0,0
2025-11-14 18:25:00,274.5,274.67999,274.32501,274.58499,136061,0,0
2025-11-14 18:30:00,274.57001,274.76001,274.42679,274.62,107832,0,0
2025-11-14 18:35:00,274.67999,274.69,274.14001,274.23499,122037,0,0
2025-11-14 18:40:00,274.25,274.29001,273.94,274.0,167752,0,0
2025-11-14 18:45:00,274.0,274.20999,273.84,273.98999,118524,0,0
2025-11-14 18:50:00,274.0,274.48001,273.94,274.46509,122144,0,0
2025-11-14 18:55:00,274.47,274.5799,274.03,274.14999,154517,0,0
2025-11-14 19:00:00,274.16681,274.42001,274.09,274.19101,108678,0,0
2025-11-14 19:05:00,274.20499,274.25,273.85001,273.9733,114329,0,0
2025-11-14 19:10:00,274.01001,274.14999,273.98001,274.14999,145211,0,0
2025-11-14 19:15:00,274.14999,274.22,273.95999,274.01999,129256,0,0
2025-11-14 19:20:00,274.04501,274.39001,274.04001,274.22501,171246,0,0
2025-11-14 19:25:00,274.22,274.23999,273.91,273.95999,132325,0,0
2025-11-14 19:30:00,273.97,274.17999,273.89001,273.9501,146372,0,0
2025-11-14 19:35:00,273.95001,274.13641,273.92001,274.07001,118134,0,0
2025-11-14 19:40:00,274.07001,274.10999,273.901,273.91699,135126,0,0
2025-11-14 19:45:00,273.92999,274.25,273.79999,273.89999,160687,0,0
2025-11-14 19:50:00,273.88,274.07999,273.85001,273.935,123345,0,0
2025-11-14 19:55:00,273.95001,274.117,273.92001,274.01999,143456,0,0
2025-11-14 20:00:00,274.01999,274.23999,273.92999,274.04001,141646,0,0
2025-11-14 20:05:00,274.03,274.06,273.76001,273.82999,163849,0,0
2025-11-14 20:10:00,273.8201,273.95999,273.66,273.75,256563,0,0
2025-11-14 20:15:00,273.73001,273.82001,273.42999,273.44559,181242,0,0
2025-11-14 20:20:00,273.45001,273.54001,272.95999,273.23001,299783,0,0
2025-11-14 20:25:00,273.23001,273.26999,272.89001,272.98999,236133,0,0
2025-11-14 20:30:00,272.97,273.17999,272.87,273.17001,227647,0,0
2025-11-14 20:35:00,273.17001,273.26001,273.01001,273.17001,279820,0,0
2025-11-14 20:40:00,273.16,273.16,272.63,272.91501,319250,0,0
2025-11-14 20:45:00,272.90411,273.0455,272.51999,272.61499,239287,0,0
2025-11-14 20:50:00,272.63,272.75,272.23999,272.44,581975,0,0
2025-11-14 20:55:00,272.435,272.54999,272.17001,272.54999,1562910,0,0
2025-11-17 14:30:00,268.72,269.35999,267.0,267.54901,4029592,0,0
2025-11-17 14:35:00,267.60999,268.85321,267.245,268.45999,751042,0,0
2025-11-17 14:40:00,268.465,269.69,268.465,269.39999,628219,0,0
2025-11-17 14:45:00,269.38,270.065,269.10001,269.67999,445625,0,0
2025-11-17 14:50:00,269.67001,270.35999,269.62,270.134,468016,0,0
2025-11-17 14:55:00,270.12,270.48999,269.75,270.04001,478292,0,0
2025-11-17 15:00:00,270.01001,270.32001,269.39001,269.42041,395389,0,0
2025-11-17 15:05:00,269.45001,269.84,269.04199,269.10611,241443,0,0
2025-11-17 15:10:00,269.17999,269.87,268.83719,269.76501,290140,0,0
2025-11-17 15:15:00,269.76999,269.80499,269.01001,269.10999,235754,0,0
2025-11-17 15:20:00,269.07001,269.47,268.89001,269.17999,220995,0,0
2025-11-17 15:25:00,269.20001,269.67499,269.039,269.28,325299,0,0
2025-11-17 15:30:00,269.23001,269.39001,268.79999,268.86459,317827,0,0
2025-11-17 15:35:00,268.85501,269.10501,268.36499,268.37009,310745,0,0
2025-11-17 15:40:00,268.37,268.57999,268.06,268.5441,262887,0,0
2025-11-17 15:45:00,268.5,268.6991,268.07001,268.13501,273965,0,0
2025-11-17 15:50:00,268.14999,268.35001,267.85001,268.23099,272961,0,0
2025-11-17 15:55:00,268.20001,268.42001,267.76001,268.0,250568,0,0
2025-11-17 16:00:00,268.0,268.19,267.67001,267.91,224433,0,0
2025-11-17 16:05:00,267.89999,268.0499,267.36801,267.60999,215364,0,0
2025-11-17 16:10:00,267.64001,267.73999,267.20001,267.25,306660,0,0
2025-11-17 16:15:00,267.25,267.26001,266.64999,266.785,373444,0,0
2025-11-17 16:20:00,266.785,266.98999,266.69,266.95001,245386,1,0
2025-11-17 16:25:00,266.94,267.88501,266.7901,267.87991,325521,0,0
2025-11-17 16:30:00,267.85001,268.31,267.82001,268.10001,268817,0,0
2025-11-17 16:35:00,268.10001,268.48001,268.01999,268.42001,224876,0,0
2025-11-17 16:40:00,268.435,268.76001,268.4234,268.668,210521,0,0
2025-11-17 16:45:00,268.67499,268.78,268.62,268.73499,150663,0,0
2025-11-17 16:50:00,268.76001,269.26999,268.76001,269.23999,218830,0,0
2025-11-17 16:55:00,269.22,269.54999,269.00281,269.52991,196515,0,0
2025-11-17 17:00:00,269.51001,269.51999,269.17001,269.23999,157933,0,0
2025-11-17 17:05:00,269.23499,269.32999,269.07999,269.25439,143447,0,0
2025-11-17 17:10:00,269.26999,269.37,269.14981,269.23001,143283,0,0
2025-11-17 17:15:00,269.20001,269.34991,268.8902,268.98001,119186,0,0
2025-11-17 17:20:00,268.9697,269.03,268.76999,268.85999,140726,0,0
2025-11-17 17:25:00,268.85999,268.952,268.67999,268.92001,115200,0,0
2025-11-17 17:30:00,268.94,269.14999,268.78,269.14999,215180,0,0
2025-11-17 17:35:00,269.14001,269.35001,268.85999,268.92001,178106,0,0
2025-11-17 17:40:00,268.9184,269.0618,268.63,268.66,209807,0,0
2025-11-17 17:45:00,268.64499,268.70999,268.32999,268.54999,167359,0,0
2025-11-17 17:50:00,268.56491,268.5701,268.07001,268.07001,152363,0,0
2025-11-17 17:55:00,268.10001,268.23001,267.87,267.88501,109625,0,0
2025-11-17 18:00:00,267.92999,267.96219,267.57999,267.63641,178904,0,0
2025-11-17 18:05:00,267.66,267.75,267.44,267.5401,166836,0,0
2025-11-17 18:10:00,267.53,267.98999,267.53,267.93329,165720,0,0
2025-11-17 18:15:00,267.91,268.12,267.76001,267.95999,136606,0,0
2025-11-17 18:20:00,267.98001,268.04501,267.76001,267.76001,119612,0,0
2025-11-17 18:25:00,267.76999,267.86499,267.69,267.78,123324,0,0
2025-11-17 18:30:00,267.76999,267.81,267.60001,267.70001,105087,0,0
2025-11-17 18:35:00,267.70001,267.90421,267.60001,267.63989,120169,0,0
2025-11-17 18:40:00,267.64001,268.0,267.60001,267.9599,130760,0,0
2025-11-17 18:45:00,267.94,268.34,267.94,268.03009,157421,0,0
2025-11-17 18:50:00,268.04999,268.10999,267.48999,267.54001,175504,0,1
2025-11-17 18:55:00,267.51999,267.52509,267.17639,267.28,230242,0,0
2025-11-17 19:00:00,267.26999,267.47,267.06,267.32001,173037,0,0
2025-11-17 19:05:00,267.31,267.505,267.13,267.38,175645,0,0
2025-11-17 19:10:00,267.38,267.45999,267.22501,267.3075,165063,0,0
2025-11-17 19:15:00,267.34,267.46899,267.20999,267.38501,175276,0,0
2025-11-17 19:20:00,267.39999,267.42999,267.16461,267.22,203765,0,0
2025-11-17 19:25:00,267.22,267.29001,266.85999,267.29001,219022,0,0
2025-11-17 19:30:00,267.29501,267.38,267.07999,267.17999,171417,0,0
2025-11-17 19:35:00,267.17999,267.34,266.73001,266.76999,179646,0,0
2025-11-17 19:40:00,266.73001,266.98001,266.64001,266.87,213772,0,0
2025-11-17 19:45:00,266.89999,266.89999,266.45001,266.63501,194004,0,0
2025-11-17 19:50:00,266.63,266.79001,266.45001,266.51999,158720,0,0
2025-11-17 19:55:00,266.54999,266.54999,265.84399,265.85049,266872,0,0
2025-11-17 20:00:00,265.84,266.17001,265.73001,266.12,304383,1,0
2025-11-17 20:05:00,266.125,266.41,266.08499,266.16,245354,0,0
2025-11-17 20:10:00,266.16,266.42999,266.13,266.29001,246917,0,0
2025-11-17 20:15:00,266.29999,266.57001,266.25,266.28949,273387,0,0
2025-11-17 20:20:00,266.29001,266.47021,266.23001,266.39011,242339,0,0
2025-11-17 20:25:00,266.38,266.58499,266.32001,266.44,241177,0,0
2025-11-17 20:30:00,266.44,266.72989,266.19,266.23999,365575,0,0
2025-11-17 20:35:00,266.23999,266.57999,266.20001,266.26001,256148,0,0
2025-11-17 20:40:00,266.25,266.64001,266.25,266.62,407088,0,0
2025-11-17 20:45:00,266.60999,266.95001,266.60999,266.95001,357188,0,0
2025-11-17 20:50:00,266.95001,267.29001,266.31,266.755,614336,0,0
2025-11-17 20:55:00,266.73999,267.57999,266.737,267.45999,1487481,0,0
2025-11-18 14:30:00,269.91501,270.70499,269.0,269.13,2060462,0,1
2025-11-18 14:35:00,269.14001,269.72,268.41,268.51999,565911,0,0
2025-11-18 14:40:00,268.5,268.78,267.63,267.79999,626120,0,0
2025-11-18 14:45:00,267.79999,268.72629,266.70999,266.815,667323,0,0
2025-11-18 14:50:00,266.82999,267.35001,266.45001,266.76541,523769,0,0
2025-11-18 14:55:00,266.73999,267.2399,266.54001,266.73001,554370,0,0
2025-11-18 15:00:00,266.72501,267.29001,266.37,266.54999,696657,0,0
2025-11-18 15:05:00,266.54999,266.94501,265.76001,266.82999,597975,0,0
2025-11-18 15:10:00,266.79001,266.97,266.1377,266.53,371949,0,0
2025-11-18 15:15:00,266.53,266.54001,265.32001,266.10721,668092,0,0
2025-11-18 15:20:00,266.10001,267.73001,266.01001,267.465,534673,1,0
2025-11-18 15:25:00,267.45001,267.95001,267.42999,267.64999,352684,0,0
2025-11-18 15:30:00,267.66501,268.12,267.54999,267.89001,260268,0,0
2025-11-18 15:35:00,267.89999,267.92999,267.04001,267.29999,249998,0,1
2025-11-18 15:40:00,267.32999,267.70001,266.86499,267.56,276880,0,0
2025-11-18 15:45:00,267.54999,267.76001,267.17999,267.20001,284924,0,0
2025-11-18 15:50:00,267.20001,267.20001,266.73001,266.87,250841,0,0
2025-11-18 15:55:00,266.85001,267.16,266.45999,266.54999,277014,0,0
2025-11-18 16:00:00,266.54001,266.70999,266.02802,266.19,250933,0,0
2025-11-18 16:05:00,266.22,266.79001,266.04999,266.57001,368323,0,0
2025-11-18 16:10:00,266.5899,267.35501,266.53,267.01501,396470,0,0
2025-11-18 16:15:00,267.0,267.35999,266.81,267.28,312747,0,0
2025-11-18 16:20:00,267.26999,267.82001,267.26999,267.535,280895,0,0
2025-11-18 16:25:00,267.535,268.12,267.42999,267.84,312519,0,0
2025-11-18 16:30:00,267.84,267.98001,267.38,267.38,352510,0,0
2025-11-18 16:35:00,267.36011,267.79501,267.27341,267.38,167792,0,0
2025-11-18 16:40:00,267.41,268.07999,267.26999,268.06,291628,0,0
2025-11-18 16:45:00,268.07001,268.33801,267.586,267.87,362907,0,0
2025-11-18 16:50:00,267.87,268.02499,267.51999,267.79999,187361,0,0
2025-11-18 16:55:00,267.81,268.23001,267.54999,267.70001,242129,0,0
2025-11-18 17:00:00,267.70001,268.14999,267.64001,267.72,137699,0,0
2025-11-18 17:05:00,267.73999,268.03,267.595,267.84,191002,0,0
2025-11-18 17:10:00,267.79999,268.20999,267.48999,267.51001,172942,0,0
2025-11-18 17:15:00,267.51001,267.78,267.35999,267.42001,206640,0,0
2025-11-18 17:20:00,267.45999,267.95999,267.26001,267.27499,192130,0,0
2025-11-18 17:25:00,267.26001,267.48999,267.14001,267.16501,237717,0,0
2025-11-18 17:30:00,267.16,267.17499,266.42999,266.85001,217936,0,0
2025-11-18 17:35:00,266.82999,267.89499,266.81,267.88,212912,1,0
2025-11-18 17:40:00,267.92001,268.57001,267.92001,268.44,237859,0,0
2025-11-18 17:45:00,268.42001,268.48001,267.98999,268.32999,146545,0,0
2025-11-18 17:50:00,268.32999,268.64981,268.12,268.59641,159034,0,0
2025-11-18 17:55:00,268.57999,268.79001,268.35001,268.56,243146,0,0
2025-11-18 18:00:00,268.57861,268.82999,268.19,268.28,144742,0,0
2025-11-18 18:05:00,268.28,268.52991,268.20999,268.32001,122611,0,0
2025-11-18 18:10:00,268.37,268.57501,268.14999,268.51999,235891,0,0
2025-11-18 18:15:00,268.54501,268.57999,268.01999,268.48499,243296,0,0
2025-11-18 18:20:00,268.48001,268.79001,268.26999,268.69019,159232,0,0
2025-11-18 18:25:00,268.69,268.92999,268.41,268.45001,159315,0,0
2025-11-18 18:30:00,268.45001,269.13641,268.45001,269.04001,249686,0,0
2025-11-18 18:35:00,269.04999,269.11499,268.36499,268.52509,157317,0,1
2025-11-18 18:40:00,268.54001,268.91,268.42001,268.57001,241542,0,0
2025-11-18 18:45:00,268.56,268.94,268.48999,268.905,152276,0,0
2025-11-18 18:50:00,268.91,269.22,268.79001,269.0,119648,0,0
2025-11-18 18:55:00,269.0,269.0,268.17001,268.26999,177186,0,0
2025-11-18 19:00:00,268.26999,268.73001,268.10999,268.32001,225103,0,0
2025-11-18 19:05:00,268.315,268.67999,268.31,268.63,157871,0,0
2025-11-18 19:10:00,268.64001,268.64001,268.23999,268.48499,214426,0,0
2025-11-18 19:15:00,268.48999,268.5,268.09,268.42999,158670,0,0
2025-11-18 19:20:00,268.42999,268.51999,267.97009,268.07999,165048,0,0
2025-11-18 19:25:00,268.10999,268.32001,267.95999,268.03448,157787,0,0
2025-11-18 19:30:00,268.04999,268.06,267.67999,267.87,199652,0,0
2025-11-18 19:35:00,267.89999,268.59991,267.79001,268.58499,193004,0,0
2025-11-18 19:40:00,268.57001,268.72,268.0,268.10001,174978,0,0
2025-11-18 19:45:00,268.12,268.57999,268.04001,268.32999,249620,0,0
2025-11-18 19:50:00,268.32001,268.47501,268.12,268.12,118806,0,0
2025-11-18 19:55:00,268.12,268.79999,268.04001,268.79001,179211,0,0
2025-11-18 20:00:00,268.79001,268.92499,268.37,268.39499,138041,0,0
2025-11-18 20:05:00,268.4473,268.48001,268.17999,268.23999,137764,0,0
2025-11-18 20:10:00,268.23999,268.44,268.1087,268.28,161058,0,0
2025-11-18 20:15:00,268.26999,268.5,268.12009,268.12009,164141,0,0
2025-11-18 20:20:00,268.16,268.48581,268.12,268.38,169590,0,0
2025-11-18 20:25:00,268.38501,268.39001,267.98001,268.28021,229272,0,0
2025-11-18 20:30:00,268.29999,268.38,267.94,267.9447,200598,0,0
2025-11-18 20:35:00,267.97,268.35999,267.94,268.28,246691,0,0
2025-11-18 20:40:00,268.26999,268.42999,267.89001,267.89001,258367,0,0
2025-11-18 20:45:00,267.94,268.01999,267.57001,267.66,263115,0,0
2025-11-18 20:50:00,267.66,268.20999,267.53,267.70999,514838,0,0
2025-11-18 20:55:00,267.64001,267.905,267.32999,267.51001,1644180,0,0
2025-11-19 14:30:00,265.52499,267.20999,265.5,266.70999,1718624,1,0
2025-11-19 14:35:00,266.6601,268.121,266.54999,267.85999,591841,0,0
2025-11-19 14:40:00,267.85001,269.45001,267.31,269.45001,574659,0,0
2025-11-19 14:45:00,269.44,269.78,269.07001,269.17999,405008,0,0
2025-11-19 14:50:00,269.22,270.07999,268.75,270.07001,408522,0,0
2025-11-19 14:55:00,270.01999,270.91,269.88,270.88501,651510,0,0
2025-11-19 15:00:00,270.92001,271.12,270.44,270.66501,522337,0,0
2025-11-19 15:05:00,270.6665,270.92001,270.5,270.82999,230585,0,0
2025-11-19 15:10:00,270.83499,271.48001,270.7301,271.11499,377371,0,0
2025-11-19 15:15:00,271.10001,271.56,270.81,271.48099,425582,0,0
2025-11-19 15:20:00,271.53,272.06,271.23999,272.01999,490082,0,0
2025-11-19 15:25:00,272.03,272.20999,271.44,271.85001,382441,0,1
2025-11-19 15:30:00,271.8501,272.01001,271.34,271.63,278938,0,0
2025-11-19 15:35:00,271.61499,271.61499,271.03629,271.32001,222879,0,0
2025-11-19 15:40:00,271.315,271.32999,270.935,271.2785,234285,0,0
2025-11-19 15:45:00,271.28,271.39001,270.97,271.1767,230877,0,0
2025-11-19 15:50:00,271.17001,271.215,270.73999,270.85999,222456,0,0
2025-11-19 15:55:00,270.85001,270.87,270.0585,270.26999,297681,0,0
2025-11-19 16:00:00,270.23001,270.57001,270.16,270.41,197274,0,0
2025-11-19 16:05:00,270.39011,270.39359,269.45001,269.59,246789,0,0
2025-11-19 16:10:00,269.57999,269.70999,269.3201,269.64499,301678,0,0
2025-11-19 16:15:00,269.63,269.81,269.39001,269.70001,162450,0,0
2025-11-19 16:20:00,269.69,270.13501,269.45001,269.4899,251337,0,0
2025-11-19 16:25:00,269.45001,269.73001,269.37,269.73001,145702,1,0
2025-11-19 16:30:00,269.75,270.04999,269.53,270.02649,193271,0,0
2025-11-19 16:35:00,270.01999,270.19,269.76999,269.995,192368,0,0
2025-11-19 16:40:00,269.98999,270.29001,269.82999,270.21991,188337,0,0
2025-11-19 16:45:00,270.20999,270.22,269.85889,270.04501,179894,0,0
2025-11-19 16:50:00,270.07501,270.54999,269.95001,270.28,150531,0,0
2025-11-19 16:55:00,270.26999,270.59,270.129,270.56,139659,0,0
2025-11-19 17:00:00,270.5618,270.655,269.84,269.905,276376,0,1
2025-11-19 17:05:00,269.89999,270.03989,269.72,269.828,171726,0,0
2025-11-19 17:10:00,269.82001,270.07999,269.72,270.04999,109700,0,0
2025-11-19 17:15:00,270.04001,270.16611,269.81,269.81,112362,0,0
2025-11-19 17:20:00,269.82001,270.10001,269.78,270.07001,123668,0,0
2025-11-19 17:25:00,270.07999,270.51999,269.94,270.39999,163138,0,0
2025-11-19 17:30:00,270.45999,270.505,269.92001,270.16919,167098,0,0
2025-11-19 17:35:00,270.17261,270.20499,269.73001,269.73499,202537,0,0
2025-11-19 17:40:00,269.715,270.60999,269.62,270.39999,250713,0,0
2025-11-19 17:45:00,270.39001,270.52991,270.01999,270.01999,121246,0,0
2025-11-19 17:50:00,270.01999,270.74179,270.01999,270.68701,172701,0,0
2025-11-19 17:55:00,270.655,271.0,270.60641,270.845,121268,0,0
2025-11-19 18:00:00,270.845,271.13,270.70001,271.11499,149034,0,0
2025-11-19 18:05:00,271.10999,271.22,270.85001,271.04001,129521,0,0
2025-11-19 18:10:00,271.035,271.31,270.93011,271.06,157664,0,0
2025-11-19 18:15:00,271.06,271.11499,270.26001,270.39999,215768,0,0
2025-11-19 18:20:00,270.39001,270.59,270.285,270.45999,193721,0,0
2025-11-19 18:25:00,270.45499,270.61459,270.01001,270.03,168491,0,0
2025-11-19 18:30:00,270.01001,270.39999,269.95001,270.39999,171751,0,0
2025-11-19 18:35:00,270.39001,271.01001,270.29999,270.70001,205027,0,0
2025-11-19 18:40:00,270.73499,270.76999,270.26001,270.32001,100332,0,0
2025-11-19 18:45:00,270.32999,270.35001,269.95001,269.97,145707,0,0
2025-11-19 18:50:00,269.97,270.63,269.97,270.57001,150430,0,0
2025-11-19 18:55:00,270.57001,270.92001,270.54999,270.79999,112530,0,0
2025-11-19 19:00:00,270.88,270.94,270.5,270.54999,194340,0,0
2025-11-19 19:05:00,270.54501,270.73999,270.41,270.53,127009,0,0
2025-11-19 19:10:00,270.5,270.76001,270.39999,270.76001,97216,0,0
2025-11-19 19:15:00,270.79001,270.82001,270.38,270.49741,104755,0,0
2025-11-19 19:20:00,270.505,270.54001,270.23001,270.28,91989,0,0
2025-11-19 19:25:00,270.26999,270.26999,269.63,269.67001,143040,0,0
2025-11-19 19:30:00,269.67001,269.76999,269.47,269.51001,133354,0,0
2025-11-19 19:35:00,269.48999,269.64001,269.34,269.5,117044,0,0
2025-11-19 19:40:00,269.48999,269.69,269.42001,269.62,96400,0,0
2025-11-19 19:45:00,269.60001,269.70499,269.29999,269.33011,175761,0,0
2025-11-19 19:50:00,269.32001,269.84009,269.17001,269.84009,224056,1,0
2025-11-19 19:55:00,269.84,270.10999,269.48001,269.76999,172657,0,0
2025-11-19 20:00:00,269.70001,269.89999,269.66,269.755,142441,0,0
2025-11-19 20:05:00,269.75,269.90991,269.71011,269.79999,114759,0,0
2025-11-19 20:10:00,269.84,270.07999,269.83499,270.01001,123250,0,0
2025-11-19 20:15:00,270.0,270.73499,269.85999,270.60999,282451,0,0
2025-11-19 20:20:00,270.63,270.72501,270.0,270.1532,238380,0,1
2025-11-19 20:25:00,270.14001,270.17999,269.94,270.035,317306,0,0
2025-11-19 20:30:00,270.0,270.07001,269.70001,269.85999,274694,0,0
2025-11-19 20:35:00,269.91,270.32999,269.88,269.95001,372846,0,0
2025-11-19 20:40:00,269.98999,270.03,269.66,269.76001,6492134,0,0
2025-11-19 20:45:00,269.76001,269.76001,269.10999,269.125,259515,0,0
2025-11-19 20:50:00,269.14001,269.20999,268.53,268.60001,670542,0,0
2025-11-19 20:55:00,268.63,268.84,268.14001,268.54999,1671682,0,0
2025-11-20 14:30:00,270.81,273.6442,270.81,272.54501,2226763,0,0
2025-11-20 14:35:00,272.54999,273.57999,272.18839,273.42081,850286,0,0
2025-11-20 14:40:00,273.48999,274.89929,273.48999,274.86459,1145549,0,0
2025-11-20 14:45:00,274.85001,275.42999,274.66,275.04501,854991,0,0
2025-11-20 14:50:00,275.05499,275.42001,274.73999,274.8175,543532,0,1
2025-11-20 14:55:00,274.76999,275.0,274.17001,274.94,469699,0,0
2025-11-20 15:00:00,274.95499,275.10001,274.17001,274.35001,311290,0,0
2025-11-20 15:05:00,274.35501,274.45001,273.57001,273.88501,321466,0,0
2025-11-20 15:10:00,273.89001,274.25,273.60001,273.73999,264023,0,0
2025-11-20 15:15:00,273.73999,273.75,273.16,273.44501,320408,0,0
2025-11-20 15:20:00,273.45499,274.23001,273.095,273.89001,298611,0,0
2025-11-20 15:25:00,273.87,274.06,273.67001,273.905,263269,0,0
2025-11-20 15:30:00,273.91,274.42001,273.76001,274.3165,346381,0,0
2025-11-20 15:35:00,274.30011,274.73001,274.23001,274.44,226260,0,0
2025-11-20 15:40:00,274.45999,274.64001,273.95001,274.12021,203891,0,1
2025-11-20 15:45:00,274.16,274.32001,273.40701,273.57999,211445,0,0
2025-11-20 15:50:00,273.60001,273.75,273.26999,273.35001,207027,0,0
2025-11-20 15:55:00,273.37,273.64001,273.19,273.54001,223011,0,0
2025-11-20 16:00:00,273.60001,273.60001,272.95001,272.98999,222470,0,0
2025-11-20 16:05:00,272.98001,273.17001,272.70001,272.79001,196969,0,0
2025-11-20 16:10:00,272.79001,272.95999,272.44501,272.47,189627,0,0
2025-11-20 16:15:00,272.47,272.48999,271.88,272.10999,283802,0,0
2025-11-20 16:20:00,272.09,272.29999,271.67999,271.94,222999,0,0
2025-11-20 16:25:00,271.92999,272.5,271.62,271.78,323043,0,0
2025-11-20 16:30:00,271.78,271.78,271.10999,271.25,250420,0,0
2025-11-20 16:35:00,271.22,271.48001,270.89999,271.32999,294589,0,0
2025-11-20 16:40:00,271.34,271.34,270.6922,270.79501,249533,0,0
2025-11-20 16:45:00,270.79501,270.98569,270.38,270.60999,261439,0,0
2025-11-20 16:50:00,270.59,271.10001,270.04059,270.23001,249127,0,0
2025-11-20 16:55:00,270.28,270.28,269.0,269.349,441331,0,0
2025-11-20 17:00:00,269.32001,269.94,269.035,269.53,320807,0,0
2025-11-20 17:05:00,269.51199,270.0,268.5101,269.32999,422325,0,0
2025-11-20 17:10:00,269.23001,269.35001,268.44,269.02509,435814,0,0
2025-11-20 17:15:00,269.01501,269.06,268.04999,268.76999,378620,0,0
2025-11-20 17:20:00,268.70999,269.14001,268.20999,268.69,420131,0,0
2025-11-20 17:25:00,268.67001,269.44,268.39999,268.94,331970,0,0
2025-11-20 17:30:00,268.87,269.25,268.47,268.64001,207649,0,0
2025-11-20 17:35:00,268.67001,269.06,268.13,268.87,353637,0,0
2025-11-20 17:40:00,268.85001,268.92999,268.14001,268.16,184829,0,0
2025-11-20 17:45:00,268.14001,268.69,268.03,268.0784,211078,0,0
2025-11-20 17:50:00,268.06,268.42999,267.34201,267.42001,255594,0,0
2025-11-20 17:55:00,267.4165,267.66501,267.02011,267.51999,359087,1,0
2025-11-20 18:00:00,267.51001,267.92999,267.31,267.63,277063,0,0
2025-11-20 18:05:00,267.66,268.3078,267.57999,268.27499,245946,0,0
2025-11-20 18:10:00,268.28,269.17499,268.14999,269.16,303477,0,0
2025-11-20 18:15:00,269.17529,269.20999,268.04999,268.60999,272583,0,1
2025-11-20 18:20:00,268.62,268.89999,268.25,268.38,182413,0,0
2025-11-20 18:25:00,268.35001,268.95999,268.28009,268.81,128581,0,0
2025-11-20 18:30:00,268.79001,268.92999,268.13,268.59,145934,0,0
2025-11-20 18:35:00,268.56,268.59,267.57001,267.8006,148750,0,0
2025-11-20 18:40:00,267.76001,267.88,267.44,267.46329,149819,0,0
2025-11-20 18:45:00,267.45001,267.561,267.04999,267.10999,177124,0,0
2025-11-20 18:50:00,267.12,267.12,266.59,266.98001,190221,0,0
2025-11-20 18:55:00,266.95999,267.28,266.51999,266.94,419402,0,0
2025-11-20 19:00:00,266.98001,267.07001,266.66,266.73001,185500,0,0
2025-11-20 19:05:00,266.76001,266.98001,266.35999,266.95941,179806,0,0
2025-11-20 19:10:00,267.01291,267.13501,266.60001,266.905,215511,0,0
2025-11-20 19:15:00,266.89001,267.51999,266.7403,267.04999,199287,0,0
2025-11-20 19:20:00,267.07999,267.51001,266.95001,266.98999,178671,0,0
2025-11-20 19:25:00,266.98199,268.07001,266.98111,267.79501,202364,0,0
2025-11-20 19:30:00,267.78,267.78,267.01999,267.29999,157506,0,0
2025-11-20 19:35:00,267.29999,267.51999,267.03,267.07001,114632,0,0
2025-11-20 19:40:00,267.06,267.79999,267.01999,267.54001,168482,0,0
2025-11-20 19:45:00,267.55499,267.59,267.14001,267.32999,100748,0,0
2025-11-20 19:50:00,267.35999,267.81,267.32001,267.6886,118916,0,0
2025-11-20 19:55:00,267.69,267.91,267.47,267.80499,199185,0,0
2025-11-20 20:00:00,267.81,267.88,267.04999,267.14999,203114,0,1
2025-11-20 20:05:00,267.09,267.63,267.07001,267.45999,168062,0,0
2025-11-20 20:10:00,267.48001,267.495,267.14011,267.42099,183875,0,0
2025-11-20 20:15:00,267.41,267.76999,267.34,267.491,226608,0,0
2025-11-20 20:20:00,267.48001,267.81,267.17499,267.23001,222018,0,0
2025-11-20 20:25:00,267.245,267.45999,267.0,267.32001,231302,0,0
2025-11-20 20:30:00,267.32001,267.57999,267.04999,267.13,220608,0,0
2025-11-20 20:35:00,267.13,267.25,266.63,266.67999,310449,0,0
2025-11-20 20:40:00,266.67001,267.0,266.38,266.60001,421447,0,0
2025-11-20 20:45:00,266.60001,266.83499,266.35999,266.41,333306,0,0
2025-11-20 20:50:00,266.44,266.78,265.92001,266.255,744191,0,0
2025-11-20 20:55:00,266.23001,266.84,265.98999,266.38,1459585,0,0
2025-11-21 14:30:00,265.88,268.28,265.82001,267.95001,4499867,1,0
2025-11-21 14:35:00,267.94,268.67001,266.81,268.28,579912,0,0
2025-11-21 14:40:00,268.32001,269.4299,268.01001,269.32501,784172,0,0
2025-11-21 14:45:00,269.35001,269.61609,268.66,268.94,821294,0,0
2025-11-21 14:50:00,268.92499,268.9913,267.98001,268.26999,449607,0,0
2025-11-21 14:55:00,268.26001,268.67999,268.10001,268.29001,353566,0,0
2025-11-21 15:00:00,268.32999,269.20001,267.81021,269.04001,548012,0,0
2025-11-21 15:05:00,269.04999,269.57001,268.91,269.10999,530458,0,0
2025-11-21 15:10:00,269.09,269.67999,268.64001,269.22009,419830,0,0
2025-11-21 15:15:00,269.20001,269.47131,268.73999,269.31921,422110,0,0
2025-11-21 15:20:00,269.35001,270.28,269.06,270.19501,757501,0,0
2025-11-21 15:25:00,270.23001,270.45001,269.4501,269.85001,492329,0,0
2025-11-21 15:30:00,269.79001,270.14999,269.22,269.79999,416148,0,0
2025-11-21 15:35:00,269.78,270.26999,269.39001,269.94,672813,0,0
2025-11-21 15:40:00,269.89999,270.44,269.54001,269.595,412711,0,0
2025-11-21 15:45:00,269.595,270.57001,269.44,270.51999,484081,1,0
2025-11-21 15:50:00,270.51001,271.47,270.17999,271.19501,587704,0,0
2025-11-21 15:55:00,271.185,271.45001,270.51001,270.88,445588,0,0
2025-11-21 16:00:00,270.85999,271.04001,270.01999,270.13,263975,0,0
2025-11-21 16:05:00,269.98859,270.35999,269.67001,270.32999,420941,0,0
2025-11-21 16:10:00,270.3396,270.56,269.92001,270.36499,239717,0,0
2025-11-21 16:15:00,270.32001,270.66,270.1701,270.37,287758,0,0
2025-11-21 16:20:00,270.35999,271.14001,270.29501,270.8905,317889,0,0
2025-11-21 16:25:00,270.90509,270.98999,270.48001,270.89999,280669,0,1
2025-11-21 16:30:00,270.89001,271.07999,270.13,270.13,289405,0,0
2025-11-21 16:35:00,270.14999,270.98999,270.07001,270.59,294616,0,0
2025-11-21 16:40:00,270.60999,270.70999,270.10999,270.31,194499,0,0
2025-11-21 16:45:00,270.26999,270.51999,269.81,270.383,208276,0,0
2025-11-21 16:50:00,270.37,270.73001,270.22,270.35999,225646,0,0
2025-11-21 16:55:00,270.35999,270.85999,270.27499,270.84,310297,0,0
2025-11-21 17:00:00,270.89999,270.95001,270.54999,270.76001,286837,0,0
2025-11-21 17:05:00,270.76001,270.87,270.56,270.73001,262413,0,0
2025-11-21 17:10:00,270.70999,271.12,270.63,271.0101,266720,0,0
2025-11-21 17:15:00,271.04999,271.095,270.76001,270.78,204386,0,0
2025-11-21 17:20:00,270.77899,270.79999,270.39951,270.72,8919264,0,0
2025-11-21 17:25:00,270.75,270.85999,270.48999,270.54999,173344,0,0
2025-11-21 17:30:00,270.63,271.32999,270.63,271.32001,280653,0,0
2025-11-21 17:35:00,271.26999,271.60001,271.03,271.10999,271266,0,0
2025-11-21 17:40:00,271.13,271.17499,270.76001,271.10999,169525,0,0
2025-11-21 17:45:00,271.12,271.32001,270.76001,271.14249,138227,0,0
2025-11-21 17:50:00,271.13,271.22,270.935,271.18631,128880,0,0
2025-11-21 17:55:00,271.22,271.39999,270.95999,271.23999,139278,0,0
2025-11-21 18:00:00,271.245,271.44821,270.82001,270.85999,186590,0,0
2025-11-21 18:05:00,270.84,271.065,270.62,270.77499,150120,0,0
2025-11-21 18:10:00,270.79001,270.79001,270.45001,270.57001,127251,0,0
2025-11-21 18:15:00,270.55499,270.57999,270.20001,270.45001,170375,0,0
2025-11-21 18:20:00,270.45999,270.76999,270.38,270.599,132974,0,0
2025-11-21 18:25:00,270.61011,270.98959,270.5708,270.98001,128681,0,0
2025-11-21 18:30:00,270.98001,271.45999,270.86499,271.32501,174911,0,0
2025-11-21 18:35:00,271.34,271.97,271.285,271.89999,250807,0,0
2025-11-21 18:40:00,271.89999,272.0,271.75,271.92999,214235,0,0
2025-11-21 18:45:00,271.92001,272.50989,271.48001,272.39999,446282,0,0
2025-11-21 18:50:00,272.47,273.07001,272.42999,272.785,474666,0,0
2025-11-21 18:55:00,272.79001,272.92001,272.22,272.48001,319422,0,0
2025-11-21 19:00:00,272.45999,272.57999,272.315,272.45999,246814,0,0
2025-11-21 19:05:00,272.44699,273.13,272.38,272.92499,326406,0,0
2025-11-21 19:10:00,272.92499,273.1076,272.76001,272.89999,290742,0,0
2025-11-21 19:15:00,272.91,273.0,272.72,272.89001,190882,0,0
2025-11-21 19:20:00,272.87,273.315,272.85999,273.04999,333329,0,0
2025-11-21 19:25:00,273.07999,273.16,272.57999,272.60999,294350,0,0
2025-11-21 19:30:00,272.57501,272.76999,272.38,272.54999,248073,0,0
2025-11-21 19:35:00,272.57001,273.28,272.57001,273.19,401987,0,0
2025-11-21 19:40:00,273.19,273.26001,272.48999,272.64499,252869,0,1
2025-11-21 19:45:00,272.67999,272.70001,272.32001,272.32999,192671,0,0
2025-11-21 19:50:00,272.34,272.69,272.065,272.13,258051,0,0
2025-11-21 19:55:00,272.13,272.39999,271.92999,272.19,377207,0,0
2025-11-21 20:00:00,272.14001,272.23999,271.92001,271.95001,210070,0,0
2025-11-21 20:05:00,271.95001,272.20001,271.819,272.19,221900,0,0
2025-11-21 20:10:00,272.19,272.31,272.01999,272.19901,223660,0,0
2025-11-21 20:15:00,272.19,272.25,271.98001,271.995,206829,0,0
2025-11-21 20:20:00,271.98999,272.12,271.66,271.84,234974,0,0
2025-11-21 20:25:00,271.84,271.94,271.35001,271.37,307675,0,0
2025-11-21 20:30:00,271.35001,271.72601,270.98001,271.48001,505563,0,0
2025-11-21 20:35:00,271.47,272.13,271.45001,271.76001,355805,0,0
2025-11-21 20:40:00,271.76001,271.81,271.32999,271.47699,529155,0,0
2025-11-21 20:45:00,271.45999,272.04999,271.37,271.88019,13555920,0,0
2025-11-21 20:50:00,271.87,271.95001,270.59,271.41501,751805,0,0
2025-11-21 20:55:00,271.41,271.67999,270.62,271.5,1744895,0,0
2025-11-24 14:30:00,270.89999,275.41501,270.89999,275.04999,3310693,1,0
2025-11-24 14:35:00,275.06,275.92001,274.79999,275.07001,766341,0,0
2025-11-24 14:40:00,275.13,275.26999,274.39011,274.75,491345,0,1
2025-11-24 14:45:00,274.72,274.72519,273.98001,274.1456,432238,0,0
2025-11-24 14:50:00,274.16,274.17999,273.48001,273.54251,473122,0,0
2025-11-24 14:55:00,273.53,273.67761,272.76001,273.505,512508,0,0
2025-11-24 15:00:00,273.48001,273.79999,272.97,273.12,432542,0,0
2025-11-24 15:05:00,273.11499,273.26001,272.35001,272.57999,337147,0,0
2025-11-24 15:10:00,272.59,273.82001,272.39999,273.79999,454009,0,0
2025-11-24 15:15:00,273.7699,273.84,272.73129,272.75311,303558,0,0
2025-11-24 15:20:00,272.76999,273.2067,272.67999,273.12,241216,0,0
2025-11-24 15:25:00,273.10001,273.45419,272.84,273.095,240974,0,0
2025-11-24 15:30:00,273.07999,273.35999,272.64999,273.35999,242898,0,0
2025-11-24 15:35:00,273.37,273.59991,273.10999,273.35999,284108,0,0
2025-11-24 15:40:00,273.39999,274.0116,273.32001,273.67999,315568,0,0
2025-11-24 15:45:00,273.67499,274.16,273.5,274.09,3941613,0,0
2025-11-24 15:50:00,274.07001,274.26999,273.70001,273.965,254810,0,0
2025-11-24 15:55:00,273.95001,274.04999,273.70999,273.79001,246198,0,0
2025-11-24 16:00:00,273.79999,274.45999,273.75,274.42001,228613,0,0
2025-11-24 16:05:00,274.42999,275.10999,274.32001,275.0,433085,0,0
2025-11-24 16:10:00,275.0,275.21881,274.85001,275.08499,373698,0,0
2025-11-24 16:15:00,275.09009,275.38959,275.0,275.07999,290335,0,0
2025-11-24 16:20:00,275.091,275.32999,274.98999,275.10999,261251,0,0
2025-11-24 16:25:00,275.09,275.17001,274.89001,275.0,360370,0,0
2025-11-24 16:30:00,274.97,275.17001,274.88501,275.14999,275575,0,0
2025-11-24 16:35:00,275.14499,275.26999,274.91,275.06,242570,0,0
2025-11-24 16:40:00,275.07001,275.13,274.87,274.92001,266221,0,0
2025-11-24 16:45:00,274.91,275.17001,274.70999,275.03,241635,0,0
2025-11-24 16:50:00,274.995,274.995,274.44,274.85001,277506,0,0
2025-11-24 16:55:00,274.84,275.03,274.73999,275.01001,197401,0,0
2025-11-24 17:00:00,275.01001,275.20001,274.73999,274.82001,222615,0,0
2025-11-24 17:05:00,274.85001,275.03,274.73999,274.73999,159453,0,0
2025-11-24 17:10:00,274.73001,274.95001,274.70999,274.85001,176357,0,0
2025-11-24 17:15:00,274.84,275.10001,274.82001,275.01999,223576,0,0
2025-11-24 17:20:00,275.01001,275.20999,275.01001,275.07001,141995,0,0
2025-11-24 17:25:00,275.07001,275.07001,274.815,274.85001,158185,0,0
2025-11-24 17:30:00,274.85001,274.91,274.75,274.76999,234279,0,0
2025-11-24 17:35:00,274.78,275.04999,274.75,275.0,217136,0,0
2025-11-24 17:40:00,275.01999,275.13699,274.82001,275.0,208745,0,0
2025-11-24 17:45:00,274.995,275.095,274.92999,274.99179,183420,0,0
2025-11-24 17:50:00,274.95001,275.20999,274.91,275.16,214364,0,0
2025-11-24 17:55:00,275.16,275.35001,275.11829,275.19,265495,0,0
2025-11-24 18:00:00,275.20511,275.39999,275.14999,275.36951,222534,0,0
2025-11-24 18:05:00,275.37,275.75,275.37,275.56,485206,0,0
2025-11-24 18:10:00,275.54999,276.29001,275.53,276.17001,451916,0,0
2025-11-24 18:15:00,276.19,276.20209,275.78,276.10999,311396,0,0
2025-11-24 18:20:00,276.12,276.51001,276.10999,276.22,379688,0,0
2025-11-24 18:25:00,276.20001,276.25,275.97009,276.12,230053,0,0
2025-11-24 18:30:00,276.12,276.17001,275.85001,276.10999,216219,0,0
2025-11-24 18:35:00,276.07001,276.19,276.01999,276.10001,204088,0,0
2025-11-24 18:40:00,276.09,276.37,275.98999,276.33841,306659,0,0
2025-11-24 18:45:00,276.32999,276.35001,276.09,276.12991,217740,0,0
2025-11-24 18:50:00,276.13,276.26001,276.07999,276.185,132830,0,0
2025-11-24 18:55:00,276.1853,276.20999,276.0,276.03,215319,0,0
2025-11-24 19:00:00,276.01999,276.23999,275.995,276.035,161676,0,0
2025-11-24 19:05:00,276.03,276.20779,275.89999,276.14999,231880,0,0
2025-11-24 19:10:00,276.15421,276.34,276.13,276.17001,202418,0,0
2025-11-24 19:15:00,276.19,276.37,276.14999,276.29001,174239,0,0
2025-11-24 19:20:00,276.2998,276.45001,276.07001,276.10901,210626,0,1
2025-11-24 19:25:00,276.10999,276.31989,276.09,276.21951,166427,0,0
2025-11-24 19:30:00,276.23001,276.26001,276.03,276.10001,166078,0,0
2025-11-24 19:35:00,276.10001,276.13989,275.35501,276.04001,537146,0,0
2025-11-24 19:40:00,276.03,276.155,275.92001,275.98599,228530,0,0
2025-11-24 19:45:00,275.98001,276.10999,275.82999,275.82999,230201,0,0
2025-11-24 19:50:00,275.82001,275.94,275.70999,275.935,157327,1,0
2025-11-24 19:55:00,275.92999,276.10999,275.88,276.09,192171,0,0
2025-11-24 20:00:00,276.10001,276.5,275.98,276.48001,314372,0,0
2025-11-24 20:05:00,276.47,276.5,276.26001,276.29999,185355,0,0
2025-11-24 20:10:00,276.29001,276.3425,276.20999,276.29001,181072,0,0
2025-11-24 20:15:00,276.29001,276.59,276.23999,276.55841,277801,0,0
2025-11-24 20:20:00,276.56,276.655,276.47,276.53,256731,0,0
2025-11-24 20:25:00,276.51999,276.62,276.41,276.47501,272149,0,0
2025-11-24 20:30:00,276.47,276.62,276.44,276.60001,491279,0,0
2025-11-24 20:35:00,276.60001,276.91501,276.60001,276.85501,382601,0,0
2025-11-24 20:40:00,276.85999,276.98001,276.62,276.79999,371556,0,0
2025-11-24 20:45:00,276.79001,276.91501,276.62,276.91501,308525,0,0
2025-11-24 20:50:00,276.91,276.95001,275.10999,275.48999,1207177,0,0
2025-11-24 20:55:00,275.88,276.42999,275.57001,275.98001,2142901,0,0
2025-11-25 14:30:00,275.29999,279.35001,275.26999,278.54501,3002771,1,0
2025-11-25 14:35:00,278.53,280.38,278.1701,279.82001,1565557,0,0
2025-11-25 14:40:00,279.84,279.95001,278.94,279.94989,844851,0,0
2025-11-25 14:45:00,279.92001,279.92001,278.28,278.44,680983,0,0
2025-11-25 14:50:00,278.375,279.26999,277.91,279.04999,806389,0,0
2025-11-25 14:55:00,279.065,279.70999,278.67001,279.38,494335,0,0
2025-11-25 15:00:00,279.39999,279.42001,277.66,277.92001,600479,0,0
2025-11-25 15:05:00,277.92001,279.29999,277.70001,279.26501,397134,1,0
2025-11-25 15:10:00,279.27881,279.40851,278.76001,278.86499,417978,0,0
2025-11-25 15:15:00,278.85001,279.25,278.76999,279.10999,379517,0,0
2025-11-25 15:20:00,279.07001,279.10751,278.4101,278.41589,262628,0,0
2025-11-25 15:25:00,278.39999,278.92001,278.19,278.905,270986,0,0
2025-11-25 15:30:00,278.89001,279.63,278.88,279.50009,352833,0,0
2025-11-25 15:35:00,279.5,279.5,278.75,278.85001,243903,0,0
2025-11-25 15:40:00,278.88,279.56049,278.79999,279.56049,252562,0,0
2025-11-25 15:45:00,279.54999,279.60999,278.82999,278.92542,219644,0,0
2025-11-25 15:50:00,278.89999,278.91309,278.54001,278.67001,233788,0,0
2025-11-25 15:55:00,278.69,278.89401,278.51999,278.83899,212197,0,0
2025-11-25 16:00:00,278.83499,279.03,278.69,278.95001,192172,0,0
2025-11-25 16:05:00,278.92999,279.04999,278.66,278.82501,224139,0,0
2025-11-25 16:10:00,278.84,278.89001,278.3334,278.35001,234361,0,0
2025-11-25 16:15:00,278.35001,278.64001,278.22501,278.37811,196805,0,0
2025-11-25 16:20:00,278.36099,278.70001,278.16,278.26999,226678,0,0
2025-11-25 16:25:00,278.26001,278.315,277.78,277.82999,251351,0,0
2025-11-25 16:30:00,277.82001,278.03,277.73001,277.81,206140,0,0
2025-11-25 16:35:00,277.82001,277.87781,277.60001,277.70261,210316,0,0
2025-11-25 16:40:00,277.75,277.98001,277.66,277.8699,263242,0,0
2025-11-25 16:45:00,277.88501,278.10001,277.5,278.10001,172921,0,0
2025-11-25 16:50:00,278.09,278.51099,278.09,278.45999,273907,0,0
2025-11-25 16:55:00,278.45999,278.73999,278.41,278.66,217646,0,0
2025-11-25 17:00:00,278.64999,278.89001,278.32001,278.51999,226062,0,0
2025-11-25 17:05:00,278.54001,278.81,278.54001,278.73999,184278,0,0
2025-11-25 17:10:00,278.76001,279.01001,278.72501,278.92999,220740,0,0
2025-11-25 17:15:00,278.92999,278.95001,278.78,278.92999,161297,0,0
2025-11-25 17:20:00,278.94,279.1485,278.91,279.12,167281,0,0
2025-11-25 17:25:00,279.13,279.31,279.04999,279.0701,200849,0,0
2025-11-25 17:30:00,279.09,279.37,279.04001,279.14001,199277,0,0
2025-11-25 17:35:00,279.14999,279.28,278.91501,279.20001,208707,0,0
2025-11-25 17:40:00,279.20999,279.26501,278.92999,279.06009,186546,0,0
2025-11-25 17:45:00,279.06,279.20001,278.92001,278.95001,173068,0,0
2025-11-25 17:50:00,278.94,279.01999,278.79001,278.85501,160204,0,0
2025-11-25 17:55:00,278.85999,278.90009,278.40451,278.53,154441,0,0
2025-11-25 18:00:00,278.53,278.73001,278.36499,278.38,159485,0,0
2025-11-25 18:05:00,278.37009,278.59,278.23001,278.59,180572,1,0
2025-11-25 18:10:00,278.58011,278.75,278.5,278.64499,136589,0,0
2025-11-25 18:15:00,278.64499,278.81,278.42999,278.60001,143037,0,0
2025-11-25 18:20:00,278.595,278.78,278.48001,278.70001,114936,0,0
2025-11-25 18:25:00,278.70001,278.76001,278.57001,278.76001,108251,0,0
2025-11-25 18:30:00,278.76501,278.78,278.54999,278.61499,116480,0,0
2025-11-25 18:35:00,278.60999,278.75201,278.51999,278.63,151043,0,0
2025-11-25 18:40:00,278.60999,278.72,278.54999,278.6391,145777,0,0
2025-11-25 18:45:00,278.64511,278.70001,278.51001,278.63,137689,0,0
2025-11-25 18:50:00,278.63,278.66,278.41,278.42001,146593,0,0
2025-11-25 18:55:00,278.41,278.44,278.26999,278.29999,151760,0,0
2025-11-25 19:00:00,278.28,278.31,277.89999,277.91,193551,0,0
2025-11-25 19:05:00,277.92001,278.0466,277.88,278.01001,124479,0,0
2025-11-25 19:10:00,278.0,278.37,277.98001,278.34,129505,0,0
2025-11-25 19:15:00,278.34,278.35001,277.82001,277.92001,165464,0,0
2025-11-25 19:20:00,277.92999,278.17001,277.79001,278.09,151938,0,0
2025-11-25 19:25:00,278.10001,278.14999,277.92001,278.035,113448,0,0
2025-11-25 19:30:00,278.04001,278.06,277.81,277.82001,137261,0,0
2025-11-25 19:35:00,277.82001,277.88,277.69,277.8399,146974,0,0
2025-11-25 19:40:00,277.82001,278.03,277.73999,277.98499,105667,0,0
2025-11-25 19:45:00,277.98001,278.04001,277.79001,277.89001,119943,0,0
2025-11-25 19:50:00,277.89001,278.14499,277.82999,277.93399,158164,0,0
2025-11-25 19:55:00,277.935,277.94501,277.51001,277.51001,171452,0,0
2025-11-25 20:00:00,277.51999,277.98999,277.4975,277.95001,220448,0,0
2025-11-25 20:05:00,277.94241,278.06,277.745,277.745,190520,0,0
2025-11-25 20:10:00,277.75,277.85501,277.70001,277.745,119326,0,0
2025-11-25 20:15:00,277.76001,277.89499,277.76001,277.82001,142111,0,0
2025-11-25 20:20:00,277.81,277.85999,277.67999,277.70499,169061,0,0
2025-11-25 20:25:00,277.70999,277.715,277.5,277.565,228868,0,0
2025-11-25 20:30:00,277.56,277.715,277.42001,277.435,192461,0,0
2025-11-25 20:35:00,277.42999,277.69,277.31,277.69,219535,0,0
2025-11-25 20:40:00,277.67999,277.8699,277.29999,277.35001,245447,0,0
2025-11-25 20:45:00,277.37,277.70999,277.29999,277.51501,239963,0,0
2025-11-25 20:50:00,277.5,278.0,277.29999,277.42999,488173,0,0
2025-11-25 20:55:00,277.48001,277.64999,276.85999,276.95001,1062626,0,0
2025-11-26 14:30:00,276.95999,279.04749,276.95999,278.58499,1755300,0,0
2025-11-26 14:35:00,278.61511,278.73001,277.70001,277.95471,455749,0,1
2025-11-26 14:40:00,277.95001,278.19,277.09,277.28,381101,0,0
2025-11-26 14:45:00,277.285,277.98001,277.285,277.81,347153,0,0
2025-11-26 14:50:00,277.83801,278.36621,277.07999,277.10001,346965,0,0
2025-11-26 14:55:00,277.1123,277.41,276.85001,277.10239,325029,0,0
2025-11-26 15:00:00,277.01001,277.2399,276.63,276.745,424586,0,0
2025-11-26 15:05:00,276.75,277.67999,276.67001,277.41,306994,0,0
2025-11-26 15:10:00,277.41501,277.63,277.16751,277.42499,192271,0,0
2025-11-26 15:15:00,277.39999,277.5,276.96219,277.155,166671,0,0
2025-11-26 15:20:00,277.19,277.67999,277.17999,277.67999,173963,0,0
2025-11-26 15:25:00,277.64999,277.9299,277.57999,277.81,210325,0,0
2025-11-26 15:30:00,277.79001,277.87,277.23999,277.39609,191684,0,0
2025-11-26 15:35:00,277.435,277.60501,277.32901,277.32999,155010,0,0
2025-11-26 15:40:00,277.32001,277.35999,277.08081,277.20999,207348,0,0
2025-11-26 15:45:00,277.22021,277.23999,276.81,276.92511,171184,0,0
2025-11-26 15:50:00,276.92999,277.9101,276.91,277.88,252524,0,0
2025-11-26 15:55:00,277.88181,278.23999,277.88,278.07999,252318,0,0
2025-11-26 16:00:00,278.11011,278.27179,277.86609,278.01001,181141,0,0
2025-11-26 16:05:00,278.021,278.35001,278.01999,278.29001,195839,0,0
2025-11-26 16:10:00,278.31,278.64999,278.23999,278.59,207926,0,0
2025-11-26 16:15:00,278.62,278.70999,278.47781,278.66,177841,0,0
2025-11-26 16:20:00,278.66501,279.13,278.64001,279.03821,304307,0,0
2025-11-26 16:25:00,279.04999,279.14001,278.99899,279.0101,213489,0,0
2025-11-26 16:30:00,279.03,279.0759,278.87,279.04999,159806,0,0
2025-11-26 16:35:00,279.06,279.26999,278.97,279.14999,262750,0,0
2025-11-26 16:40:00,279.17001,279.5,279.14001,279.43011,251329,0,0
2025-11-26 16:45:00,279.44,279.53,279.39499,279.5184,202912,0,0
2025-11-26 16:50:00,279.53,279.53,279.29999,279.44,272124,0,1
2025-11-26 16:55:00,279.45999,279.51001,279.26999,279.29999,409924,0,0
2025-11-26 17:00:00,279.32001,279.4299,279.10999,279.14999,224667,0,0
2025-11-26 17:05:00,279.14999,279.35001,279.14999,279.22,162914,0,0
2025-11-26 17:10:00,279.23001,279.26001,278.89001,279.14001,184907,0,0
2025-11-26 17:15:00,279.16,279.16,278.93341,278.95999,137793,0,0
2025-11-26 17:20:00,278.9819,279.22009,278.965,279.20999,164676,0,0
2025-11-26 17:25:00,279.20981,279.23001,278.89001,279.07901,152552,0,0
2025-11-26 17:30:00,279.07001,279.20001,279.03,279.16501,107506,0,0
2025-11-26 17:35:00,279.16,279.20999,278.95999,279.04001,164821,0,0
2025-11-26 17:40:00,279.04001,279.13,278.57999,279.10919,219207,0,0
2025-11-26 17:45:00,279.10999,279.29001,279.09,279.1553,238548,0,0
2025-11-26 17:50:00,279.19,279.22,278.87,278.87,140968,0,0
2025-11-26 17:55:00,278.84,278.94,278.76999,278.88,126823,0,0
2025-11-26 18:00:00,278.87,279.07501,278.82001,279.04001,90248,0,0
2025-11-26 18:05:00,279.01001,279.07001,278.32999,278.5,187207,0,0
2025-11-26 18:10:00,278.48999,278.59549,278.095,278.54999,192658,0,0
2025-11-26 18:15:00,278.57999,278.70999,278.19,278.22501,131321,0,0
2025-11-26 18:20:00,278.25,278.7355,278.245,278.6554,155531,0,0
2025-11-26 18:25:00,278.64999,278.79999,278.54001,278.54999,116441,0,0
2025-11-26 18:30:00,278.56,278.58179,278.20001,278.23999,105697,0,0
2025-11-26 18:35:00,278.245,278.33951,278.09,278.29001,152278,0,0
2025-11-26 18:40:00,278.28,278.50009,278.035,278.07001,126018,0,0
2025-11-26 18:45:00,278.06,278.29001,278.01001,278.25,98813,0,0
2025-11-26 18:50:00,278.25,278.35001,278.07001,278.12,78285,0,0
2025-11-26 18:55:00,278.12,278.1788,277.98001,278.12,112549,0,0
2025-11-26 19:00:00,278.10999,278.44,278.07001,278.12,146600,0,0
2025-11-26 19:05:00,278.12,278.20001,277.92499,278.06,109068,0,0
2025-11-26 19:10:00,278.06989,278.34,278.0351,278.27499,151700,0,0
2025-11-26 19:15:00,278.26001,278.41,278.22,278.3418,128917,0,0
2025-11-26 19:20:00,278.35001,278.39999,278.26001,278.30499,82216,0,0
2025-11-26 19:25:00,278.33,278.405,278.23999,278.26001,140823,0,0
2025-11-26 19:30:00,278.2601,278.41,278.23001,278.35999,112830,0,0
2025-11-26 19:35:00,278.35999,278.43179,278.09,278.23999,109606,0,0
2025-11-26 19:40:00,278.23001,278.45999,278.10999,278.16,119694,0,0
2025-11-26 19:45:00,278.17001,278.31,278.14001,278.26001,78800,0,0
2025-11-26 19:50:00,278.23001,278.42001,278.17999,278.35999,114113,0,0
2025-11-26 19:55:00,278.35999,278.44,278.20999,278.4101,134362,0,0
2025-11-26 20:00:00,278.43661,278.92999,278.42999,278.92499,281481,0,0
2025-11-26 20:05:00,278.9151,278.94,278.655,278.715,187808,0,0
2025-11-26 20:10:00,278.70999,278.82001,278.67499,278.70999,171622,0,0
2025-11-26 20:15:00,278.72501,278.79999,278.48999,278.54999,222091,0,0
2025-11-26 20:20:00,278.54999,278.66,278.32001,278.39001,232350,0,0
2025-11-26 20:25:00,278.38,278.38,278.01001,278.07999,188497,0,0
2025-11-26 20:30:00,278.07001,278.14999,277.91,278.03,228134,0,0
2025-11-26 20:35:00,278.01999,278.05231,277.81409,277.81409,191994,0,0
2025-11-26 20:40:00,277.82001,278.29999,277.79001,278.17999,184286,0,0
2025-11-26 20:45:00,278.17999,278.26999,277.94,278.09,150426,0,0
2025-11-26 20:50:00,278.06,278.07999,277.19,277.26001,522893,0,0
2025-11-26 20:55:00,277.25,277.89059,277.14999,277.47,7838269,0,0
2025-11-28 14:30:00,277.26001,278.2392,276.85999,277.10999,1460505,0,0
2025-11-28 14:35:00,277.1217,277.59,276.87021,277.02011,315607,0,0
2025-11-28 14:40:00,277.01999,277.04999,276.10999,276.4201,332624,0,0
2025-11-28 14:45:00,276.45001,276.85999,276.23999,276.85999,251914,0,0
2025-11-28 14:50:00,276.84,277.07999,276.285,276.39001,298436,0,0
2025-11-28 14:55:00,276.37,276.79999,276.01999,276.27011,277964,0,0
2025-11-28 15:00:00,276.32001,276.89999,276.22,276.54001,227431,0,0
2025-11-28 15:05:00,276.57999,276.92999,276.48001,276.64999,233869,0,0
2025-11-28 15:10:00,276.67001,276.84,276.39999,276.67001,174632,0,0
2025-11-28 15:15:00,276.69,276.79849,276.47501,276.5,142220,0,0
2025-11-28 15:20:00,276.48999,276.89999,276.20001,276.42001,190159,0,0
2025-11-28 15:25:00,276.42001,276.53,276.13,276.26001,135102,0,0
2025-11-28 15:30:00,276.29001,276.59,276.20001,276.47,133751,0,0
2025-11-28 15:35:00,276.48001,276.54999,276.29999,276.4794,153552,0,0
2025-11-28 15:40:00,276.45001,276.6373,276.34,276.4874,99944,0,0
2025-11-28 15:45:00,276.51001,276.63,276.37,276.58499,148029,0,0
2025-11-28 15:50:00,276.57999,276.88,276.56,276.70001,148359,0,0
2025-11-28 15:55:00,276.70001,276.70001,276.32999,276.45999,164778,0,0
2025-11-28 16:00:00,276.465,276.70001,276.23001,276.625,179621,0,0
2025-11-28 16:05:00,276.64001,276.91989,276.60001,276.67001,121648,0,0
2025-11-28 16:10:00,276.67001,276.73999,276.47,276.68549,87556,0,0
2025-11-28 16:15:00,276.69,276.715,276.51999,276.51999,98800,0,0
2025-11-28 16:20:00,276.53,276.57001,276.16501,276.21741,156534,0,0
2025-11-28 16:25:00,276.20999,276.26999,275.98999,276.25,251265,0,0
2025-11-28 16:30:00,276.245,276.40579,275.98651,276.38,156376,0,0
2025-11-28 16:35:00,276.375,276.4675,276.27011,276.45001,144130,0,0
2025-11-28 16:40:00,276.44,276.56,276.37,276.48001,112215,0,0
2025-11-28 16:45:00,276.45139,276.54999,276.35001,276.41501,110851,0,0
2025-11-28 16:50:00,276.405,276.66,276.34,276.57501,153780,0,0
2025-11-28 16:55:00,276.57501,276.79999,276.56,276.67001,156358,0,0
2025-11-28 17:00:00,276.66501,276.76999,276.53,276.72,149843,0,0
2025-11-28 17:05:00,276.715,276.73499,276.56,276.64999,155129,0,0
2025-11-28 17:10:00,276.64499,276.66,276.55499,276.565,128503,0,0
2025-11-28 17:15:00,276.56741,276.60001,276.42999,276.51999,182266,0,0
2025-11-28 17:20:00,276.51999,276.78,276.51001,276.745,129567,0,0
2025-11-28 17:25:00,276.745,277.1601,276.73999,277.04999,212388,0,0
2025-11-28 17:30:00,277.06,277.12299,276.90079,277.03,172181,0,0
2025-11-28 17:35:00,277.01999,277.22,276.92999,277.09,177743,0,0
2025-11-28 17:40:00,277.10001,277.29001,276.94,277.01001,191227,0,0
2025-11-28 17:45:00,277.0,277.64999,277.0,277.56,246173,0,0
2025-11-28 17:50:00,277.54999,278.59,277.54001,278.53,518365,0,0
2025-11-28 17:55:00,278.51999,279.0,278.51999,278.85999,1199847,0,0
2025-12-01 14:30:00,278.14999,278.76999,277.35001,277.57501,1530073,0,0
2025-12-01 14:35:00,277.565,278.17001,277.48001,277.87,334245,0,0
2025-12-01 14:40:00,277.87,277.98499,276.45001,276.4801,426628,0,0
2025-12-01 14:45:00,276.45999,276.89001,276.14001,276.78,562709,1,0
2025-12-01 14:50:00,276.75,277.38,276.6355,277.16849,302260,0,0
2025-12-01 14:55:00,277.17001,277.64001,277.14999,277.58499,330661,0,0
2025-12-01 15:00:00,277.57001,277.72,277.04001,277.125,327204,0,0
2025-12-01 15:05:00,277.125,277.25201,276.88,277.04001,250791,0,0
2025-12-01 15:10:00,277.01959,277.72,277.01001,277.71011,348627,0,0
2025-12-01 15:15:00,277.70999,278.10001,277.57001,278.07501,284337,0,0
2025-12-01 15:20:00,278.06,278.07001,277.67001,277.91,185890,0,0
2025-12-01 15:25:00,277.88,278.16,277.61499,278.14209,230948,0,0
2025-12-01 15:30:00,278.10001,278.22,277.76001,277.87,145891,0,0
2025-12-01 15:35:00,277.82999,277.97351,277.60999,277.64001,147051,0,0
2025-12-01 15:40:00,277.62021,277.77011,277.30499,277.39999,143813,0,0
2025-12-01 15:45:00,277.45001,277.7464,277.44,277.73999,129213,0,0
2025-12-01 15:50:00,277.7515,278.2699,277.67001,278.13501,177200,0,0
2025-12-01 15:55:00,278.14999,278.30499,278.06,278.06,154330,0,0
2025-12-01 16:00:00,278.06,278.4801,278.04999,278.4101,132026,0,0
2025-12-01 16:05:00,278.41,278.48001,277.84,277.89001,146876,0,0
2025-12-01 16:10:00,277.89999,278.1402,277.83499,277.91101,179660,0,0
2025-12-01 16:15:00,277.88,278.065,277.6778,277.95001,121879,0,0
2025-12-01 16:20:00,278.0,278.0705,277.79999,277.84781,109846,0,0
2025-12-01 16:25:00,277.85001,277.97,277.70999,277.92001,143347,0,0
2025-12-01 16:30:00,277.89999,278.26001,277.89001,278.20999,121455,0,0
2025-12-01 16:35:00,278.22,278.32999,278.14001,278.1499,111722,0,0
2025-12-01 16:40:00,278.14001,278.73999,278.02499,278.42099,170553,0,0
2025-12-01 16:45:00,278.35001,278.82999,278.35001,278.75,203751,0,0
2025-12-01 16:50:00,278.76001,278.97,278.7504,278.85101,210445,0,0
2025-12-01 16:55:00,278.85001,279.28989,278.76999,278.82501,301305,0,0
2025-12-01 17:00:00,278.79999,279.29001,278.75,279.26001,207054,0,0
2025-12-01 17:05:00,279.26349,279.43781,279.25961,279.26001,149968,0,0
2025-12-01 17:10:00,279.26999,279.35651,279.19,279.23001,89221,0,0
2025-12-01 17:15:00,279.23001,279.3002,278.94,279.20499,152886,0,0
2025-12-01 17:20:00,279.19,279.44,279.10001,279.39999,135871,0,0
2025-12-01 17:25:00,279.39001,279.89001,279.35999,279.77051,237688,0,0
2025-12-01 17:30:00,279.77499,279.85989,279.53519,279.66,141689,0,0
2025-12-01 17:35:00,279.67001,279.70001,279.4801,279.53,91005,0,0
2025-12-01 17:40:00,279.56,279.85001,279.51001,279.82001,134806,0,0
2025-12-01 17:45:00,279.81,279.94,279.75,279.75,170689,0,0
2025-12-01 17:50:00,279.75,279.92001,279.70999,279.76001,162867,0,0
2025-12-01 17:55:00,279.76999,279.79999,279.45999,279.51001,178036,0,0
2025-12-01 18:00:00,279.48999,280.23999,279.48999,280.21991,420175,0,0
2025-12-01 18:05:00,280.23001,280.29001,279.70001,279.72,216659,0,0
2025-12-01 18:10:00,279.73499,280.0733,279.72861,280.03931,126672,0,0
2025-12-01 18:15:00,280.03949,280.22,279.965,280.17499,124434,0,0
2025-12-01 18:20:00,280.16,280.41101,280.11499,280.36221,191048,0,0
2025-12-01 18:25:00,280.35501,280.64001,280.32999,280.5882,264267,0,0
2025-12-01 18:30:00,280.59009,280.78,280.45001,280.48001,210109,0,0
2025-12-01 18:35:00,280.47501,280.79999,280.45999,280.74799,173493,0,0
2025-12-01 18:40:00,280.73199,280.92001,280.6778,280.82999,244216,0,0
2025-12-01 18:45:00,280.83499,280.91,280.64999,280.86011,170754,0,0
2025-12-01 18:50:00,280.89999,281.04001,280.85001,280.95999,333567,0,0
2025-12-01 18:55:00,280.95001,281.03,280.88,280.9194,175494,0,0
2025-12-01 19:00:00,280.92001,281.05499,280.73001,280.89001,294649,0,0
2025-12-01 19:05:00,280.88501,281.04999,280.76001,280.89999,227462,0,0
2025-12-01 19:10:00,280.89999,281.0799,280.78,281.01501,203112,0,0
2025-12-01 19:15:00,281.01001,281.22,280.97,281.20001,399699,0,0
2025-12-01 19:20:00,281.20001,281.20999,280.91,281.03,267497,0,0
2025-12-01 19:25:00,281.03,281.10001,280.82999,280.89001,219813,0,0
2025-12-01 19:30:00,280.88,281.069,280.70999,281.03,279757,0,0
2025-12-01 19:35:00,281.03,281.6597,280.92599,281.62,310069,0,0
2025-12-01 19:40:00,281.64001,281.64001,281.33249,281.53,240616,0,0
2025-12-01 19:45:00,281.5499,281.66,281.48001,281.50821,216464,0,0
2025-12-01 19:50:00,281.50421,281.685,281.47,281.60999,203292,0,0
2025-12-01 19:55:00,281.60999,281.72,281.5,281.51999,240879,0,0
2025-12-01 20:00:00,281.5,281.70999,281.45999,281.54001,225976,0,0
2025-12-01 20:05:00,281.51999,281.87,281.495,281.79001,248252,0,0
2025-12-01 20:10:00,281.79999,281.92999,281.75,281.9241,229626,0,0
2025-12-01 20:15:00,281.92001,281.94,281.56,281.78,270180,0,0
2025-12-01 20:20:00,281.76999,281.85999,281.70001,281.83981,223356,0,0
2025-12-01 20:25:00,281.82999,281.92999,281.785,281.91,228229,0,0
2025-12-01 20:30:00,281.92001,281.97,281.73999,281.91,254489,0,0
2025-12-01 20:35:00,281.92001,281.94,281.73001,281.85999,328309,0,0
2025-12-01 20:40:00,281.87,282.45999,281.82001,282.45001,684570,0,0
2025-12-01 20:45:00,282.45001,282.54999,282.23999,282.2998,545752,0,0
2025-12-01 20:50:00,282.315,282.82999,282.20001,282.51999,963758,0,0
2025-12-01 20:55:00,282.54001,283.41,282.51999,283.32001,2580995,0,0
2025-12-02 14:30:00,283.0,284.25,282.73001,283.59061,2375878,0,0
2025-12-02 14:35:00,283.63,284.685,283.51999,283.92499,724451,0,0
2025-12-02 14:40:00,283.9469,284.68991,283.66,284.54001,428957,0,0
2025-12-02 14:45:00,284.51001,284.51999,283.70901,284.4682,475027,0,0
2025-12-02 14:50:00,284.45999,285.04999,283.84,283.85501,822975,0,0
2025-12-02 14:55:00,283.84,284.29999,283.07999,283.39001,527714,0,0
2025-12-02 15:00:00,283.39499,284.35999,283.26001,284.20999,412550,0,0
2025-12-02 15:05:00,284.19,284.72,284.07999,284.53,414979,0,0
2025-12-02 15:10:00,284.51001,284.95001,284.39001,284.76001,342422,0,0
2025-12-02 15:15:00,284.75,285.073,284.48001,285.01501,426150,0,0
2025-12-02 15:20:00,285.01001,285.26999,284.51001,285.12009,459784,0,0
2025-12-02 15:25:00,285.12,285.30899,284.51999,284.57001,467286,0,0
2025-12-02 15:30:00,284.54001,285.14001,284.14999,284.60501,404006,0,0
2025-12-02 15:35:00,284.57999,284.98001,284.48499,284.94601,214935,0,0
2025-12-02 15:40:00,284.95999,285.95001,284.89999,285.935,879351,0,0
2025-12-02 15:45:00,285.95001,286.45001,285.81,286.14999,726838,0,0
2025-12-02 15:50:00,286.14999,286.31,285.76001,286.06009,578537,0,0
2025-12-02 15:55:00,286.10001,286.98001,286.01001,286.95551,802158,0,0
2025-12-02 16:00:00,286.94,287.39999,286.70001,287.10999,726713,0,0
2025-12-02 16:05:00,287.10001,287.14999,286.375,286.51099,495008,0,0
2025-12-02 16:10:00,286.48999,286.84,285.94501,286.04999,422201,0,0
2025-12-02 16:15:00,286.04001,286.32281,285.91,286.03061,311570,0,0
2025-12-02 16:20:00,286.03,286.17999,285.56,285.56,333220,0,0
2025-12-02 16:25:00,285.57101,285.82999,285.37,285.54001,327075,0,0
2025-12-02 16:30:00,285.54001,285.655,284.89001,285.42001,416607,0,0
2025-12-02 16:35:00,285.41,285.48999,284.82999,284.98001,346603,0,0
2025-12-02 16:40:00,285.03,285.88,285.01999,285.8064,299039,0,0
2025-12-02 16:45:00,285.81,285.90991,285.63,285.77679,188104,0,0
2025-12-02 16:50:00,285.79001,285.94,285.57001,285.67001,175938,0,0
2025-12-02 16:55:00,285.67499,285.75989,285.14999,285.14999,186013,0,0
2025-12-02 17:00:00,285.15131,285.29999,285.04999,285.10501,286424,0,0
2025-12-02 17:05:00,285.10999,285.26501,284.89999,284.89999,195860,0,0
2025-12-02 17:10:00,284.87,285.22,284.82999,285.22,168363,1,0
2025-12-02 17:15:00,285.23001,285.78,285.17999,285.7265,274480,0,0
2025-12-02 17:20:00,285.77609,285.85999,285.42999,285.75,178145,0,0
2025-12-02 17:25:00,285.75,285.99991,285.7496,285.87,131480,0,0
2025-12-02 17:30:00,285.88,286.29001,285.88,286.16,211821,0,0
2025-12-02 17:35:00,286.16,286.34,285.91,286.28,226818,0,0
2025-12-02 17:40:00,286.29001,286.29001,285.98999,286.15689,131946,0,1
2025-12-02 17:45:00,286.17001,286.20499,285.94,286.09,326813,0,0
2025-12-02 17:50:00,286.09,286.125,285.54999,285.6001,155179,0,0
2025-12-02 17:55:00,285.60001,285.67001,285.16,285.16351,126772,0,0
2025-12-02 18:00:00,285.14999,285.41,285.04999,285.29321,569486,0,0
2025-12-02 18:05:00,285.29001,285.47,285.20999,285.20999,142523,0,0
2025-12-02 18:10:00,285.19,285.25,285.06,285.17001,156846,0,0
2025-12-02 18:15:00,285.17999,285.32999,284.98999,285.02011,358060,0,0
2025-12-02 18:20:00,285.0,285.39001,284.94,285.26059,190955,0,0
2025-12-02 18:25:00,285.29001,285.32999,285.01999,285.215,128439,0,0
2025-12-02 18:30:00,285.20001,285.32999,285.14999,285.23001,113995,0,0
2025-12-02 18:35:00,285.22,285.32001,285.13,285.20001,152039,0,0
2025-12-02 18:40:00,285.19901,285.31,285.01501,285.22,128393,0,0
2025-12-02 18:45:00,285.22,285.39999,285.14001,285.26999,150068,0,0
2025-12-02 18:50:00,285.25,285.35999,285.14999,285.20999,174910,0,0
2025-12-02 18:55:00,285.22,285.27469,285.01501,285.13989,115236,0,0
2025-12-02 19:00:00,285.12,285.77499,285.10999,285.69,172061,0,0
2025-12-02 19:05:00,285.70999,285.8475,285.57999,285.82001,220420,0,0
2025-12-02 19:10:00,285.79999,286.09,285.75,285.98499,330734,0,0
2025-12-02 19:15:00,285.98999,286.13,285.73001,285.73999,224090,0,0
2025-12-02 19:20:00,285.72,285.79999,285.42001,285.51001,175438,0,0
2025-12-02 19:25:00,285.51999,285.66,285.47,285.625,189564,0,0
2025-12-02 19:30:00,285.60001,286.02179,285.58011,285.9422,252299,0,0
2025-12-02 19:35:00,285.92999,286.35001,285.91,286.31,180827,0,0
2025-12-02 19:40:00,286.33881,286.38,286.03781,286.13,151194,0,0
2025-12-02 19:45:00,286.14001,286.38,286.04999,286.29999,148642,0,0
2025-12-02 19:50:00,286.31,286.64001,286.29001,286.59,327149,0,0
2025-12-02 19:55:00,286.60001,286.64999,286.35999,286.40811,243394,0,0
2025-12-02 20:00:00,286.41,286.47,286.20001,286.2886,172807,0,0
2025-12-02 20:05:00,286.26001,286.51001,286.21719,286.505,177141,0,0
2025-12-02 20:10:00,286.505,286.77991,286.44,286.73999,10589022,0,0
2025-12-02 20:15:00,286.75,286.82001,286.32001,286.32999,244560,0,0
2025-12-02 20:20:00,286.32001,286.46991,286.25009,286.29001,388744,0,0
2025-12-02 20:25:00,286.29501,286.32999,286.1001,286.23999,228288,0,0
2025-12-02 20:30:00,286.23999,286.45999,286.19009,286.42001,320575,0,0
2025-12-02 20:35:00,286.435,286.4664,286.20001,286.23499,262448,0,0
2025-12-02 20:40:00,286.23001,286.47,286.20499,286.42999,388804,0,0
2025-12-02 20:45:00,286.45001,286.57001,286.29001,286.48001,308518,0,0
2025-12-02 20:50:00,286.47,286.60999,285.70999,285.82001,695949,0,0
2025-12-02 20:55:00,285.79999,286.285,285.79999,286.23001,1156358,1,0
2025-12-03 14:30:00,286.20001,288.28,285.89999,287.57001,2256559,0,0
2025-12-03 14:35:00,287.56,288.60999,287.06,288.22009,705325,0,0
2025-12-03 14:40:00,288.22,288.42001,287.10999,287.72559,614172,0,0
2025-12-03 14:45:00,287.70001,288.11951,287.04999,287.155,519502,0,0
2025-12-03 14:50:00,287.14001,287.70999,286.98999,287.37,432213,0,0
2025-12-03 14:55:00,287.39001,287.94,287.17001,287.85001,340655,0,0
2025-12-03 15:00:00,287.845,288.23999,287.54001,287.88,407559,0,0
2025-12-03 15:05:00,287.87,288.04999,287.42001,287.42999,348949,0,0
2025-12-03 15:10:00,287.39999,287.89001,287.34,287.76999,308670,0,0
2025-12-03 15:15:00,287.78,287.87,287.51999,287.55499,223506,0,0
2025-12-03 15:20:00,287.54999,287.63,287.32999,287.51001,227078,0,0
2025-12-03 15:25:00,287.48999,287.70001,287.29999,287.34052,243040,0,0
2025-12-03 15:30:00,287.32001,287.59,286.76999,287.32001,536710,0,0
2025-12-03 15:35:00,287.315,287.315,286.64001,286.79001,304159,0,0
2025-12-03 15:40:00,286.82001,286.88,286.19,286.23999,428144,0,0
2025-12-03 15:45:00,286.26001,286.75201,286.20001,286.32001,341894,0,0
2025-12-03 15:50:00,286.29001,286.51541,286.23999,286.45511,216442,0,0
2025-12-03 15:55:00,286.45999,286.59991,286.03,286.04001,255293,0,0
2025-12-03 16:00:00,286.01999,286.44,285.75,286.315,353852,0,0
2025-12-03 16:05:00,286.29999,286.57001,286.07001,286.45901,255820,0,0
2025-12-03 16:10:00,286.46469,286.6499,286.26001,286.41,280996,0,0
2025-12-03 16:15:00,286.41,286.73999,286.35999,286.47,235252,0,0
2025-12-03 16:20:00,286.48001,286.5,285.95001,286.27499,220740,0,0
2025-12-03 16:25:00,286.26999,286.48001,286.23999,286.41,152291,0,0
2025-12-03 16:30:00,286.42001,286.72,286.29999,286.64499,218685,0,0
2025-12-03 16:35:00,286.64999,286.70001,286.44,286.67999,135069,0,0
2025-12-03 16:40:00,286.685,286.82001,286.52011,286.72409,195394,0,0
2025-12-03 16:45:00,286.70999,286.71509,286.4201,286.5777,165314,0,0
2025-12-03 16:50:00,286.59,286.60001,285.98999,286.01999,173332,0,0
2025-12-03 16:55:00,286.0,286.01001,285.64001,285.84,275756,0,0
2025-12-03 17:00:00,285.82999,285.905,285.5,285.73001,191052,0,0
2025-12-03 17:05:00,285.70999,285.88,285.54001,285.60001,134608,0,0
2025-12-03 17:10:00,285.62,285.94,285.59,285.91409,125515,0,0
2025-12-03 17:15:00,285.92001,286.04999,285.8501,285.97,125959,0,0
2025-12-03 17:20:00,285.98001,286.25,285.98001,286.18741,157798,0,0
2025-12-03 17:25:00,286.17999,286.45499,286.14499,286.38501,228477,0,0
2025-12-03 17:30:00,286.35001,286.44,286.14001,286.16,146402,0,0
2025-12-03 17:35:00,286.13,286.20001,285.97,285.97,120082,0,0
2025-12-03 17:40:00,285.98001,286.01001,285.70999,285.91501,150187,0,0
2025-12-03 17:45:00,285.92999,286.01001,285.85001,285.94501,119462,0,0
2025-12-03 17:50:00,285.95001,285.97,285.72,285.87,157290,0,0
2025-12-03 17:55:00,285.87,286.12,285.82101,285.86551,128787,0,0
2025-12-03 18:00:00,285.88,285.88251,285.67999,285.85001,158839,0,0
2025-12-03 18:05:00,285.85999,286.09,285.45999,285.45999,169505,0,0
2025-12-03 18:10:00,285.45999,285.69879,285.44,285.57001,143090,1,0
2025-12-03 18:15:00,285.57001,285.67999,285.34,285.6485,151093,0,0
2025-12-03 18:20:00,285.63501,285.89999,285.56451,285.82001,599636,0,0
2025-12-03 18:25:00,285.81,285.815,285.66501,285.67929,83013,0,0
2025-12-03 18:30:00,285.67999,285.8699,285.67999,285.76999,101013,0,0
2025-12-03 18:35:00,285.77499,285.91,285.76999,285.77509,112427,0,0
2025-12-03 18:40:00,285.76941,285.91,285.63501,285.89001,107366,0,0
2025-12-03 18:45:00,285.89999,285.94,285.66,285.74899,96960,0,0
2025-12-03 18:50:00,285.76001,285.83511,285.67999,285.79999,96610,0,0
2025-12-03 18:55:00,285.79999,285.83499,285.44019,285.48001,134951,0,0
2025-12-03 19:00:00,285.45999,285.63,285.39001,285.4122,139897,0,0
2025-12-03 19:05:00,285.39999,285.54001,285.32001,285.34,141179,0,0
2025-12-03 19:10:00,285.33621,285.35999,285.10999,285.34,163166,0,0
2025-12-03 19:15:00,285.34,285.51749,285.15009,285.17999,172289,0,0
2025-12-03 19:20:00,285.14828,285.14999,284.88431,285.06,214844,0,0
2025-12-03 19:25:00,285.06549,285.22021,285.06,285.20999,137901,0,0
2025-12-03 19:30:00,285.23001,285.24991,284.5701,284.67999,448153,0,0
2025-12-03 19:35:00,284.67999,284.95999,284.45001,284.66,287838,0,0
2025-12-03 19:40:00,284.67001,284.73001,284.53,284.64001,164702,0,0
2025-12-03 19:45:00,284.63,284.66501,284.37,284.47,190066,0,0
2025-12-03 19:50:00,284.45999,285.10001,284.45999,285.04001,234957,0,0
2025-12-03 19:55:00,285.04001,285.09451,284.73001,284.76981,169329,0,1
2025-12-03 20:00:00,284.76001,284.79001,284.5,284.62,249331,0,0
2025-12-03 20:05:00,284.64001,284.77991,284.45999,284.57999,221483,0,0
2025-12-03 20:10:00,284.58499,284.82999,284.58499,284.63,175877,0,0
2025-12-03 20:15:00,284.62,284.69299,284.27499,284.315,264375,0,0
2025-12-03 20:20:00,284.32001,284.51001,284.31,284.47,214887,0,0
2025-12-03 20:25:00,284.44449,284.62549,284.32001,284.55499,8537333,0,0
2025-12-03 20:30:00,284.54999,284.54999,283.92999,284.0015,247939,0,0
2025-12-03 20:35:00,284.0,284.22449,283.89001,284.14999,331820,0,0
2025-12-03 20:40:00,284.13501,284.60999,284.07999,284.48001,350716,0,0
2025-12-03 20:45:00,284.48001,284.70001,284.185,284.28,254090,0,0
2025-12-03 20:50:00,284.26999,284.4899,283.61011,283.81,615687,0,0
2025-12-03 20:55:00,283.79001,284.57999,283.54001,284.14999,1925300,0,0
2025-12-04 14:30:00,284.10999,284.73001,283.16,283.20499,1571217,0,0
2025-12-04 14:35:00,283.20499,283.98001,282.70499,283.03751,483726,0,0
2025-12-04 14:40:00,283.07001,283.29639,282.3201,282.76999,571594,0,0
2025-12-04 14:45:00,282.76999,282.76999,281.8501,281.96011,584067,0,0
2025-12-04 14:50:00,281.97009,282.0799,281.39999,281.54001,444832,0,0
2025-12-04 14:55:00,281.54999,281.81,281.19501,281.44,445627,0,0
2025-12-04 15:00:00,281.42999,281.79999,281.06,281.78,460166,0,0
2025-12-04 15:05:00,281.75,282.0,281.53079,281.76999,383126,0,0
2025-12-04 15:10:00,281.76001,281.94,281.45999,281.8699,270938,0,0
2025-12-04 15:15:00,281.82001,282.07999,281.69,281.89499,281433,0,0
2025-12-04 15:20:00,281.89499,281.92999,281.09,281.13,360801,0,1
2025-12-04 15:25:00,281.14001,281.31,280.26999,281.22501,553316,0,0
2025-12-04 15:30:00,281.20999,281.60001,281.125,281.48999,315661,0,0
2025-12-04 15:35:00,281.47,281.56,281.31229,281.48901,262616,0,0
2025-12-04 15:40:00,281.5,281.535,281.23999,281.34,204372,0,0
2025-12-04 15:45:00,281.34,281.54999,280.70001,280.98001,306410,0,0
2025-12-04 15:50:00,280.98001,281.04999,280.44,280.64999,278511,0,0
2025-12-04 15:55:00,280.66,280.84,280.495,280.76999,218894,0,0
2025-12-04 16:00:00,280.78,281.02,280.48001,280.63,237213,0,0
2025-12-04 16:05:00,280.60001,280.60001,280.14001,280.45999,267803,0,0
2025-12-04 16:10:00,280.465,280.68481,280.29999,280.35001,180992,0,0
2025-12-04 16:15:00,280.32999,280.32999,279.81,280.16501,379471,0,0
2025-12-04 16:20:00,280.16,280.54501,280.15009,280.32999,184967,0,0
2025-12-04 16:25:00,280.35001,280.44,280.14001,280.28,155544,0,0
2025-12-04 16:30:00,280.285,280.76999,280.14001,280.5,250431,0,0
2025-12-04 16:35:00,280.51001,280.73999,280.48001,280.54001,180145,0,0
2025-12-04 16:40:00,280.53,280.54999,280.18271,280.23999,221044,0,0
2025-12-04 16:45:00,280.25,280.76001,280.25,280.73001,181283,0,0
2025-12-04 16:50:00,280.72,280.9335,280.66,280.74011,178384,0,0
2025-12-04 16:55:00,280.73001,280.82999,280.28,280.3429,178078,0,0
2025-12-04 17:00:00,280.32999,280.67471,280.25,280.64001,165069,0,0
2025-12-04 17:05:00,280.625,280.73999,280.35001,280.37,160088,0,0
2025-12-04 17:10:00,280.375,280.39999,280.01999,280.2757,257852,0,0
2025-12-04 17:15:00,280.28448,280.31,280.02661,280.04001,182148,0,0
2025-12-04 17:20:00,280.035,280.16989,279.95001,280.01001,199214,0,0
2025-12-04 17:25:00,280.03,280.17001,279.93781,280.11499,131658,0,0
2025-12-04 17:30:00,280.13,280.14001,279.81,280.07501,169260,0,0
2025-12-04 17:35:00,280.07001,280.34,279.82501,279.84,208071,0,0
2025-12-04 17:40:00,279.82001,280.07001,279.82001,280.06921,147474,0,0
2025-12-04 17:45:00,280.09,280.42001,280.03,280.215,162087,0,0
2025-12-04 17:50:00,280.23001,280.48669,280.20001,280.431,127124,0,0
2025-12-04 17:55:00,280.47,280.47,280.25,280.31961,106003,0,1
2025-12-04 18:00:00,280.29999,280.31989,280.07001,280.24411,131733,0,0
2025-12-04 18:05:00,280.25,280.26001,279.82001,279.85001,131700,0,0
2025-12-04 18:10:00,279.85001,279.92999,279.64001,279.91,185740,0,0
2025-12-04 18:15:00,279.91,280.14001,279.81,279.94501,167036,0,0
2025-12-04 18:20:00,279.95001,280.09,279.94,280.07971,134917,0,0
2025-12-04 18:25:00,280.07501,280.10999,279.94,280.005,135084,0,0
2025-12-04 18:30:00,279.98999,280.10001,279.91,279.92099,162258,0,0
2025-12-04 18:35:00,279.91501,279.92999,279.78,279.79999,143594,0,0
2025-12-04 18:40:00,279.80411,279.85999,279.60001,279.81,237262,0,0
2025-12-04 18:45:00,279.82001,280.03,279.79181,279.89011,164037,0,0
2025-12-04 18:50:00,279.89999,279.94,279.69019,279.69501,146526,0,0
2025-12-04 18:55:00,279.69,279.71991,279.38,279.38,286238,0,0
2025-12-04 19:00:00,279.38,279.57001,279.21881,279.23999,251834,0,0
2025-12-04 19:05:00,279.25,279.34,279.13,279.26001,243132,0,0
2025-12-04 19:10:00,279.25,279.48001,279.10999,279.42001,5404732,0,0
2025-12-04 19:15:00,279.42001,279.45001,278.9313,278.97,218481,0,0
2025-12-04 19:20:00,278.95999,278.98001,278.59,278.9501,292420,0,0
2025-12-04 19:25:00,278.95999,279.06,278.82001,278.85999,214635,0,0
2025-12-04 19:30:00,278.85999,279.17999,278.82001,279.17999,235802,1,0
2025-12-04 19:35:00,279.19,279.84,279.19,279.64999,303963,0,0
2025-12-04 19:40:00,279.655,279.97,279.60001,279.97,158876,0,0
2025-12-04 19:45:00,279.97,280.04999,279.89001,279.95001,206027,0,0
2025-12-04 19:50:00,279.95001,280.17999,279.94,280.17999,195436,0,0
2025-12-04 19:55:00,280.19,280.35001,280.12,280.34,252822,0,0
2025-12-04 20:00:00,280.32999,280.73001,280.26999,280.47,310881,0,0
2025-12-04 20:05:00,280.47,280.53,280.16,280.29999,310264,0,0
2025-12-04 20:10:00,280.31,280.45001,280.20999,280.34009,165471,0,0
2025-12-04 20:15:00,280.34,280.51001,280.22,280.48801,203854,0,0
2025-12-04 20:20:00,280.51001,280.54999,280.293,280.29999,244540,0,0
2025-12-04 20:25:00,280.32001,280.39001,280.09,280.125,220060,0,0
2025-12-04 20:30:00,280.12,280.20999,280.09,280.13,202417,0,0
2025-12-04 20:35:00,280.13989,280.14999,279.89999,280.14999,284939,0,0
2025-12-04 20:40:00,280.14999,280.23999,279.89999,280.13,243009,0,0
2025-12-04 20:45:00,280.14001,280.19,279.95001,280.04001,302688,0,0
2025-12-04 20:50:00,280.07001,280.17999,279.57999,279.655,635769,0,0
2025-12-04 20:55:00,279.67001,280.69,279.67001,280.64999,1496686,0,0
2025-12-05 14:30:00,280.54001,281.04999,279.48001,279.5,1229740,0,0
2025-12-05 14:35:00,279.51001,280.6199,279.26999,280.349,473984,0,0
2025-12-05 14:40:00,280.35501,280.535,279.39499,279.5,337934,0,0
2025-12-05 14:45:00,279.5,279.8266,279.29999,279.76501,341060,0,0
2025-12-05 14:50:00,279.78,280.0,279.57999,279.83099,244983,0,0
2025-12-05 14:55:00,279.85001,280.26001,279.84,280.17999,196139,0,0
2025-12-05 15:00:00,280.20999,280.60999,279.87,279.87,295748,0,0
2025-12-05 15:05:00,279.88501,280.17001,279.67999,279.92999,245650,0,0
2025-12-05 15:10:00,279.92899,280.70001,279.85001,280.6701,253425,0,0
2025-12-05 15:15:00,280.69,281.05499,280.54001,280.845,261706,0,0
2025-12-05 15:20:00,280.89001,281.14001,280.50449,280.51999,287474,0,1
2025-12-05 15:25:00,280.53,280.62,280.31,280.45511,225302,0,0
2025-12-05 15:30:00,280.45999,280.98001,280.44,280.82999,251927,0,0
2025-12-05 15:35:00,280.84,280.8945,280.44,280.45499,205450,0,0
2025-12-05 15:40:00,280.45001,280.48999,280.20999,280.32501,274155,0,0
2025-12-05 15:45:00,280.33279,280.4765,280.16,280.41,166121,0,0
2025-12-05 15:50:00,280.41,280.51001,279.81,279.94049,186896,0,0
2025-12-05 15:55:00,279.95001,280.13989,279.81039,280.07501,170711,0,0
2025-12-05 16:00:00,280.07999,280.32001,279.98499,280.10999,132201,0,0
2025-12-05 16:05:00,280.10001,280.25,279.79001,279.95999,178334,0,0
2025-12-05 16:10:00,279.94,280.16989,279.78,279.85001,146503,0,0
2025-12-05 16:15:00,279.85001,279.94,279.57999,279.655,1543509,0,0
2025-12-05 16:20:00,279.655,279.73651,279.54901,279.565,155543,0,0
2025-12-05 16:25:00,279.57999,279.83969,279.29001,279.29501,167897,0,0
2025-12-05 16:30:00,279.29999,279.32999,278.79001,278.89801,325520,0,0
2025-12-05 16:35:00,278.89999,279.31,278.85001,279.28,86658,0,0
2025-12-05 16:40:00,279.26,279.26,279.03,279.04999,237389,0,0
2025-12-05 16:45:00,279.03,279.17999,278.92999,279.17999,176705,0,0
2025-12-05 16:50:00,279.15439,279.17999,278.81,278.8559,191192,0,0
2025-12-05 16:55:00,278.85999,279.04999,278.76001,278.78,198923,0,0
2025-12-05 17:00:00,278.76999,278.85001,278.45001,278.45001,235425,0,0
2025-12-05 17:05:00,278.45001,278.51651,278.12,278.44449,222132,0,0
2025-12-05 17:10:00,278.45001,278.47,278.12,278.12,194886,0,0
2025-12-05 17:15:00,278.12,278.35999,278.11499,278.25989,154111,1,0
2025-12-05 17:20:00,278.2522,278.54001,278.14,278.45999,167686,0,0
2025-12-05 17:25:00,278.48499,278.52499,278.31,278.315,135041,0,0
2025-12-05 17:30:00,278.315,278.35391,278.04999,278.19,156127,0,0
2025-12-05 17:35:00,278.17999,278.67001,278.05499,278.66699,149293,0,0
2025-12-05 17:40:00,278.67291,279.0798,278.54999,279.03351,219969,0,0
2025-12-05 17:45:00,279.03,279.19,278.82001,278.82001,155464,0,0
2025-12-05 17:50:00,278.81,279.4118,278.80411,279.4118,161637,0,0
2025-12-05 17:55:00,279.42001,279.45001,279.26999,279.39001,118164,0,1
2025-12-05 18:00:00,279.38,279.45001,279.17001,279.27499,123454,0,0
2025-12-05 18:05:00,279.28,279.29999,279.04001,279.22,102963,0,0
2025-12-05 18:10:00,279.25,279.26001,279.01901,279.14001,111556,0,0
2025-12-05 18:15:00,279.14001,279.14999,278.98001,279.01001,120018,0,0
2025-12-05 18:20:00,279.0,279.13,278.89001,278.92999,152994,0,0
2025-12-05 18:25:00,278.94,279.4801,278.94,279.44,121666,0,0
2025-12-05 18:30:00,279.48001,279.57001,279.37,279.38501,150719,0,0
2025-12-05 18:35:00,279.39999,279.39999,279.20999,279.23001,100267,0,0
2025-12-05 18:40:00,279.23499,279.23499,279.07001,279.17969,145543,0,0
2025-12-05 18:45:00,279.17999,279.28,279.125,279.26001,79520,0,0
2025-12-05 18:50:00,279.24719,279.28,278.82001,278.98981,141729,0,0
2025-12-05 18:55:00,278.98001,278.98001,278.58499,278.70001,136889,0,0
2025-12-05 19:00:00,278.69,279.13,278.64999,279.07501,120398,1,0
2025-12-05 19:05:00,279.10001,279.375,279.01001,279.35999,132554,0,0
2025-12-05 19:10:00,279.34,279.44589,279.29099,279.42001,119697,0,0
2025-12-05 19:15:00,279.42999,279.42999,279.17999,279.20001,131263,0,1
2025-12-05 19:20:00,279.19,279.315,279.14999,279.18149,122250,0,0
2025-12-05 19:25:00,279.17999,279.32001,279.10999,279.2338,173003,0,0
2025-12-05 19:30:00,279.23001,279.29001,279.01001,279.2735,166778,0,0
2025-12-05 19:35:00,279.26999,279.29999,278.98001,279.02499,141173,0,0
2025-12-05 19:40:00,279.01999,279.01999,278.73999,278.87451,155185,0,0
2025-12-05 19:45:00,278.88,279.013,278.75,278.76999,138531,0,0
2025-12-05 19:50:00,278.76999,278.89001,278.72839,278.86591,240887,0,0
2025-12-05 19:55:00,278.88,279.01999,278.84,278.88321,125907,0,0
2025-12-05 20:00:00,278.89001,278.92999,278.60001,278.60999,174140,0,0
2025-12-05 20:05:00,278.60999,278.75,278.59509,278.685,135492,0,0
2025-12-05 20:10:00,278.67999,278.94501,278.64001,278.8634,176847,0,0
2025-12-05 20:15:00,278.85999,278.90991,278.73999,278.76999,137529,0,0
2025-12-05 20:20:00,278.78,278.80991,278.54001,278.64999,195352,0,0
2025-12-05 20:25:00,278.65509,278.82001,278.59,278.80139,149417,0,0
2025-12-05 20:30:00,278.79999,279.0,278.79001,278.94989,209334,0,0
2025-12-05 20:35:00,278.94501,279.02499,278.85999,278.92499,191661,0,0
2025-12-05 20:40:00,278.92999,278.95999,278.83499,278.92999,180254,0,0
2025-12-05 20:45:00,278.92001,278.95999,278.44501,278.56009,310051,0,0
2025-12-05 20:50:00,278.56,278.89001,278.26999,278.375,522584,0,0
2025-12-05 20:55:00,278.39999,278.89499,278.19,278.79001,1305586,0,0
2025-12-08 14:30:00,278.16849,279.66931,277.85001,279.13,2586767,0,0
2025-12-08 14:35:00,279.10999,279.1535,277.64001,277.67999,520238,0,0
2025-12-08 14:40:00,277.69501,277.98999,277.45001,277.89001,487059,0,0
2025-12-08 14:45:00,277.88501,278.37,277.63,277.82999,281849,0,0
2025-12-08 14:50:00,277.82999,277.95499,277.57001,277.73999,248534,0,0
2025-12-08 14:55:00,277.73999,278.10999,277.5,277.953,290259,0,0
2025-12-08 15:00:00,277.95499,278.26001,277.54999,277.64499,407448,0,0
2025-12-08 15:05:00,277.64011,278.09,277.64011,278.05499,252866,0,0
2025-12-08 15:10:00,278.04001,278.32001,277.84,278.04999,277393,0,0
2025-12-08 15:15:00,278.01999,278.12,277.69501,277.935,322693,0,0
2025-12-08 15:20:00,277.95001,278.5199,277.72,277.91251,298467,0,0
2025-12-08 15:25:00,277.89999,277.92999,277.48999,277.56,312353,0,0
2025-12-08 15:30:00,277.54999,277.85999,277.34,277.81,268896,0,0
2025-12-08 15:35:00,277.79999,277.85999,277.20999,277.31,263233,0,0
2025-12-08 15:40:00,277.29999,277.44501,277.13,277.37,286187,0,0
2025-12-08 15:45:00,277.39001,277.53,277.29999,277.38,203629,0,0
2025-12-08 15:50:00,277.38501,277.51999,277.23999,277.32001,212862,0,0
2025-12-08 15:55:00,277.32001,277.41501,277.04999,277.33499,298308,0,0
2025-12-08 16:00:00,277.33499,277.88,276.91861,277.535,634231,0,0
2025-12-08 16:05:00,277.535,277.76999,277.32001,277.5563,239764,0,0
2025-12-08 16:10:00,277.57001,277.57001,277.13,277.26001,180341,0,0
2025-12-08 16:15:00,277.25,277.32999,276.81,276.8461,249719,0,0
2025-12-08 16:20:00,276.84,277.0,276.70499,276.88599,225399,1,0
2025-12-08 16:25:00,276.88101,277.57999,276.76999,277.45999,263757,0,0
2025-12-08 16:30:00,277.47,277.51001,277.10999,277.14001,159975,0,0
2025-12-08 16:35:00,277.13,277.20001,277.00009,277.01999,132766,0,0
2025-12-08 16:40:00,277.02499,277.5,277.01001,277.4968,146597,0,0
2025-12-08 16:45:00,277.48999,277.57999,277.38,277.48001,127823,0,0
2025-12-08 16:50:00,277.47,277.70001,277.39279,277.50681,212697,0,0
2025-12-08 16:55:00,277.51999,277.60001,277.38501,277.48499,152586,0,0
2025-12-08 17:00:00,277.48999,277.54001,277.10999,277.14999,174479,0,0
2025-12-08 17:05:00,277.14001,277.29001,277.04999,277.2504,140634,0,0
2025-12-08 17:10:00,277.2699,277.26999,277.06,277.19,155649,0,0
2025-12-08 17:15:00,277.22,277.819,277.215,277.59,180624,0,0
2025-12-08 17:20:00,277.59,277.73001,277.42001,277.42999,145610,0,0
2025-12-08 17:25:00,277.42999,277.4899,277.19,277.23001,167041,0,0
2025-12-08 17:30:00,277.20999,277.35999,277.04999,277.23999,216828,0,0
2025-12-08 17:35:00,277.24649,277.39999,277.20001,277.23001,159146,0,0
2025-12-08 17:40:00,277.22,277.3291,277.08011,277.14011,125308,0,0
2025-12-08 17:45:00,277.16,277.54001,277.14499,277.54001,105983,0,0
2025-12-08 17:50:00,277.53,277.53,277.34,277.34,163459,0,0
2025-12-08 17:55:00,277.37,277.38681,276.87,277.32999,260734,0,0
2025-12-08 18:00:00,277.32001,277.82001,277.09,277.70999,276317,0,0
2025-12-08 18:05:00,277.72501,277.84991,277.396,277.52499,180952,0,1
2025-12-08 18:10:00,277.53,277.72501,277.28009,277.31,176551,0,0
2025-12-08 18:15:00,277.32001,277.44501,277.22,277.42001,116788,0,0
2025-12-08 18:20:00,277.41,277.48001,277.23999,277.35529,106724,0,0
2025-12-08 18:25:00,277.37,277.41,276.92001,276.97,110234,0,0
2025-12-08 18:30:00,276.94949,276.94949,276.54001,276.66,151559,0,0
2025-12-08 18:35:00,276.64999,276.69,276.39999,276.42999,174597,0,0
2025-12-08 18:40:00,276.45999,276.63571,276.42499,276.5,142225,0,0
2025-12-08 18:45:00,276.48999,276.54999,276.32999,276.54999,154402,0,0
2025-12-08 18:50:00,276.54001,276.57999,276.29999,276.42999,158772,0,0
2025-12-08 18:55:00,276.42001,276.46201,276.20001,276.37,133839,0,0
2025-12-08 19:00:00,276.35999,276.51001,276.20999,276.48001,201289,0,0
2025-12-08 19:05:00,276.49039,276.73999,276.45999,276.62,171554,0,0
2025-12-08 19:10:00,276.62,276.63,276.28751,276.34,127130,0,0
2025-12-08 19:15:00,276.34,276.5784,276.26999,276.52499,124459,0,0
2025-12-08 19:20:00,276.54501,276.55499,276.35001,276.35999,126655,0,0
2025-12-08 19:25:00,276.37,276.45001,276.26999,276.35999,158627,0,0
2025-12-08 19:30:00,276.37,276.5,276.20999,276.34,170930,0,0
2025-12-08 19:35:00,276.32501,276.5871,276.32001,276.48999,111908,0,0
2025-12-08 19:40:00,276.50989,276.50989,276.14999,276.35999,194845,0,0
2025-12-08 19:45:00,276.37,276.39999,276.20169,276.30499,153563,0,0
2025-12-08 19:50:00,276.29999,276.53,276.25369,276.42001,140881,0,0
2025-12-08 19:55:00,276.42001,276.47,276.23001,276.31,123836,0,0
2025-12-08 20:00:00,276.32001,276.47501,276.29999,276.435,1138261,0,0
2025-12-08 20:05:00,276.42999,276.591,276.35999,276.39999,150272,0,0
2025-12-08 20:10:00,276.41,276.70001,276.31821,276.67999,174541,0,0
2025-12-08 20:15:00,276.67999,276.815,276.62,276.815,6486227,0,0
2025-12-08 20:20:00,276.82001,276.94,276.67001,276.91,120407,0,0
2025-12-08 20:25:00,276.91501,276.97,276.81,276.92499,180384,0,0
2025-12-08 20:30:00,276.92999,277.01871,276.7074,276.84,241603,0,0
2025-12-08 20:35:00,276.845,277.01001,276.66,276.88,185237,0,0
2025-12-08 20:40:00,276.88,277.23001,276.85001,277.22501,191047,0,0
2025-12-08 20:45:00,277.23001,277.51181,277.19,277.26001,339950,0,0
2025-12-08 20:50:00,277.26001,277.72,277.14001,277.35999,441541,0,0
2025-12-08 20:55:00,277.38,277.98499,277.32999,277.95999,1214522,0,0
2025-12-09 14:30:00,277.89001,279.26929,277.89001,278.89999,1527978,0,0
2025-12-09 14:35:00,278.89999,280.03,278.62,279.91071,576007,0,0
2025-12-09 14:40:00,279.91071,279.95999,278.66,279.04001,558917,0,1
2025-12-09 14:45:00,279.04001,279.30399,278.755,279.27509,365086,0,0
2025-12-09 14:50:00,279.29001,279.67001,279.17001,279.51001,337849,0,0
2025-12-09 14:55:00,279.59,279.59,278.41,278.565,311215,0,0
2025-12-09 15:00:00,278.54999,278.54999,277.7001,277.92001,411887,0,0
2025-12-09 15:05:00,277.92001,278.04999,277.70001,277.89001,217917,0,0
2025-12-09 15:10:00,277.89001,278.0,277.57999,277.57999,264952,0,0
2025-12-09 15:15:00,277.57999,277.88,277.35001,277.845,362178,0,0
2025-12-09 15:20:00,277.845,278.01981,277.71011,277.79999,240285,0,0
2025-12-09 15:25:00,277.79999,277.875,277.63,277.70001,167233,0,0
2025-12-09 15:30:00,277.70001,277.755,277.45999,277.60001,235731,0,0
2025-12-09 15:35:00,277.60001,277.64001,277.22,277.48001,216279,0,0
2025-12-09 15:40:00,277.48001,277.92999,277.3064,277.89099,240613,0,0
2025-12-09 15:45:00,277.89099,277.91,277.48001,277.54999,160972,0,0
2025-12-09 15:50:00,277.54999,277.85999,277.52261,277.79501,149677,0,0
2025-12-09 15:55:00,277.79501,278.0,277.76001,277.82501,188294,0,0
2025-12-09 16:00:00,277.82501,277.98999,277.39999,277.465,240656,0,0
2025-12-09 16:05:00,277.465,277.51999,277.04999,277.14999,219368,0,0
2025-12-09 16:10:00,277.14999,277.53,277.03,277.5101,211892,1,0
2025-12-09 16:15:00,277.5101,277.70999,277.48001,277.60001,161214,0,0
2025-12-09 16:20:00,277.60001,277.61499,277.29999,277.33499,155344,0,0
2025-12-09 16:25:00,277.33499,277.47031,277.23001,277.41,110111,0,0
2025-12-09 16:30:00,277.41,277.76001,277.41,277.75,129410,0,0
2025-12-09 16:35:00,277.76001,277.79001,277.32001,277.38,142452,0,0
2025-12-09 16:40:00,277.38,277.46649,277.20001,277.38339,143902,0,0
2025-12-09 16:45:00,277.38339,277.73001,277.35001,277.63501,110357,0,0
2025-12-09 16:50:00,277.63501,277.87,277.58661,277.79999,134812,0,0
2025-12-09 16:55:00,277.76999,278.01999,277.75,277.98499,155165,0,0
2025-12-09 17:00:00,277.98499,278.12,277.89999,277.97,172291,0,1
2025-12-09 17:05:00,277.97,278.09,277.85001,277.92001,136093,0,0
2025-12-09 17:10:00,277.92001,278.0192,277.69,277.858,121830,0,0
2025-12-09 17:15:00,277.858,277.95001,277.64001,277.64001,103324,0,0
2025-12-09 17:20:00,277.64001,277.65839,277.38,277.57999,200594,0,0
2025-12-09 17:25:00,277.57999,278.06,277.57001,277.875,146699,1,0
2025-12-09 17:30:00,277.875,278.13,277.79999,278.11011,117298,0,0
2025-12-09 17:35:00,278.11011,278.60001,278.10501,278.53,198488,0,0
2025-12-09 17:40:00,278.53,278.53009,277.98999,278.13,256763,0,0
2025-12-09 17:45:00,278.13,278.13,277.94009,278.0,82492,0,0
2025-12-09 17:50:00,278.0,278.09,277.84009,277.98001,103295,0,0
2025-12-09 17:55:00,277.98001,278.37,277.92999,278.32001,120165,0,0
2025-12-09 18:00:00,278.32001,278.57001,278.17001,278.51999,166855,0,0
2025-12-09 18:05:00,278.51999,278.5639,278.32001,278.51999,154689,0,0
2025-12-09 18:10:00,278.51999,278.55161,278.40009,278.51001,141104,0,0
2025-12-09 18:15:00,278.51001,278.73999,278.5,278.59991,138459,0,0
2025-12-09 18:20:00,278.59,278.59,278.25,278.39999,432128,0,0
2025-12-09 18:25:00,278.39999,278.42499,278.29999,278.38501,76719,0,0
2025-12-09 18:30:00,278.38501,278.51001,278.35999,278.39999,84909,0,0
2025-12-09 18:35:00,278.39999,278.39999,278.22,278.34,108855,0,0
2025-12-09 18:40:00,278.34,278.39999,278.25,278.31,63815,0,0
2025-12-09 18:45:00,278.30881,278.47,278.12,278.47,91547,0,0
2025-12-09 18:50:00,278.47,278.69,278.41669,278.60999,128613,0,0
2025-12-09 18:55:00,278.60999,278.69901,278.47,278.66,98225,0,0
2025-12-09 19:00:00,278.66,278.89001,278.63501,278.69,191731,0,0
2025-12-09 19:05:00,278.69,278.82999,278.51501,278.51501,121436,0,0
2025-12-09 19:10:00,278.51501,278.70999,278.48001,278.70999,98925,0,0
2025-12-09 19:15:00,278.70999,278.82001,278.67999,278.70999,103441,0,0
2025-12-09 19:20:00,278.70999,278.745,278.62,278.72009,93484,0,0
2025-12-09 19:25:00,278.72009,278.73001,278.62,278.69,77912,0,0
2025-12-09 19:30:00,278.69,278.75,278.57999,278.58951,98341,0,0
2025-12-09 19:35:00,278.59,278.59,278.35001,278.41919,97291,0,0
2025-12-09 19:40:00,278.41919,278.46249,278.10001,278.125,112456,0,0
2025-12-09 19:45:00,278.14001,278.14999,278.04001,278.07001,151887,0,0
2025-12-09 19:50:00,278.07001,278.07999,277.92001,277.95999,213550,0,0
2025-12-09 19:55:00,277.95999,278.0,277.7601,277.82999,160393,0,0
2025-12-09 20:00:00,277.82999,277.92001,277.64999,277.755,222735,0,0
2025-12-09 20:05:00,277.755,277.85999,277.73999,277.78,118941,0,0
2025-12-09 20:10:00,277.78,277.92001,277.66,277.785,265566,0,0
2025-12-09 20:15:00,277.785,278.06,277.75,277.9682,166517,0,0
2025-12-09 20:20:00,277.9682,278.13501,277.89999,277.99771,145507,0,0
2025-12-09 20:25:00,277.99771,278.0,277.76999,277.86499,153354,0,0
2025-12-09 20:30:00,277.86499,277.86499,277.72,277.76001,151275,0,0
2025-12-09 20:35:00,277.76001,277.845,277.6806,277.84009,5577578,0,0
2025-12-09 20:40:00,277.84,277.92999,277.64001,277.77499,205511,0,0
2025-12-09 20:45:00,277.76999,277.89481,277.63,277.76999,242261,0,0
2025-12-09 20:50:00,277.76999,278.25,277.26999,277.89001,785053,0,0
2025-12-09 20:55:00,277.10999,277.32999,276.92001,277.23001,1196782,1,0
2025-12-10 14:30:00,277.87,278.29999,277.17001,277.23499,1119927,0,0
2025-12-10 14:35:00,277.20999,277.7999,276.58499,277.52499,414959,0,0
2025-12-10 14:40:00,277.48999,277.85999,277.20999,277.82999,184276,0,0
2025-12-10 14:45:00,277.815,278.5,277.79001,278.20999,290161,0,0
2025-12-10 14:50:00,278.17999,278.793,278.03,278.17999,277143,0,0
2025-12-10 14:55:00,278.14749,278.23999,277.60001,277.88,278534,0,0
2025-12-10 15:00:00,277.875,277.97501,277.2341,277.42999,284220,0,0
2025-12-10 15:05:00,277.39999,277.59,277.14999,277.41501,268092,0,0
2025-12-10 15:10:00,277.39001,277.45001,276.92999,277.25009,252132,0,0
2025-12-10 15:15:00,277.26001,277.56,277.20001,277.49759,224552,0,0
2025-12-10 15:20:00,277.45001,277.64999,277.37,277.60019,116874,0,0
2025-12-10 15:25:00,277.60999,277.70999,277.42001,277.45001,157295,0,0
2025-12-10 15:30:00,277.45499,277.54001,277.22,277.26001,169706,0,0
2025-12-10 15:35:00,277.26001,277.26001,276.79999,277.19,256405,0,0
2025-12-10 15:40:00,277.17999,277.185,276.95499,277.04501,130513,0,0
2025-12-10 15:45:00,277.01999,277.17001,276.89999,277.0838,97817,0,0
2025-12-10 15:50:00,277.07999,277.14999,276.69,276.82001,156680,0,0
2025-12-10 15:55:00,276.79001,276.82001,276.59,276.75,135994,0,0
2025-12-10 16:00:00,276.72299,276.77499,276.44,276.60999,174055,0,0
2025-12-10 16:05:00,276.7457,277.17001,276.70999,277.07101,130825,0,0
2025-12-10 16:10:00,277.08569,277.23999,277.04001,277.155,109584,0,0
2025-12-10 16:15:00,277.16,277.435,277.06,277.41501,126967,0,0
2025-12-10 16:20:00,277.42001,277.88,277.38,277.87,179852,0,0
2025-12-10 16:25:00,277.88,278.28,277.75681,278.25769,211642,0,0
2025-12-10 16:30:00,278.23001,278.42999,278.13,278.41,138065,0,0
2025-12-10 16:35:00,278.42001,278.60001,278.39999,278.49969,136544,0,0
2025-12-10 16:40:00,278.48999,278.51099,278.1701,278.25,166312,0,0
2025-12-10 16:45:00,278.2301,278.29999,277.97501,278.29999,121618,0,0
2025-12-10 16:50:00,278.29501,278.5791,278.2001,278.57001,121981,0,0
2025-12-10 16:55:00,278.57001,278.89001,278.48349,278.75,150787,0,0
2025-12-10 17:00:00,278.73999,278.75,278.48999,278.5,106821,0,0
2025-12-10 17:05:00,278.53,278.54501,278.26001,278.47,123666,0,0
2025-12-10 17:10:00,278.48001,278.54001,278.26001,278.51001,133298,0,0
2025-12-10 17:15:00,278.47,278.77991,278.3201,278.57001,185627,0,0
2025-12-10 17:20:00,278.57999,278.67001,278.31,278.67001,141393,0,0
2025-12-10 17:25:00,278.67569,278.68289,278.51001,278.52649,85806,0,0
2025-12-10 17:30:00,278.51999,278.54001,278.29001,278.48499,84560,0,0
2025-12-10 17:35:00,278.46011,278.64001,278.35999,278.48001,63215,0,0
2025-12-10 17:40:00,278.45999,278.54001,278.23999,278.32001,80520,0,0
2025-12-10 17:45:00,278.29999,278.698,278.28,278.67581,101824,1,0
2025-12-10 17:50:00,278.67999,279.14291,278.67499,279.12,171383,0,0
2025-12-10 17:55:00,279.14999,279.28,278.70999,278.70999,156525,0,1
2025-12-10 18:00:00,278.66,278.81,278.57001,278.67001,123961,0,0
2025-12-10 18:05:00,278.70001,278.85999,278.69,278.815,128514,0,0
2025-12-10 18:10:00,278.81,278.97501,278.78,278.84009,119385,0,0
2025-12-10 18:15:00,278.84,278.98001,278.62,278.72,127227,0,0
2025-12-10 18:20:00,278.715,278.76001,278.56,278.57999,84248,0,0
2025-12-10 18:25:00,278.5415,278.5423,278.08499,278.12,132913,0,0
2025-12-10 18:30:00,278.12,278.29001,278.06,278.23001,110146,0,0
2025-12-10 18:35:00,278.23001,278.42999,278.17001,278.37,86756,0,0
2025-12-10 18:40:00,278.45651,278.45999,278.10049,278.14999,88398,0,0
2025-12-10 18:45:00,278.14999,278.38,278.11771,278.38,92021,0,0
2025-12-10 18:50:00,278.39001,278.39001,278.10501,278.14001,69587,0,0
2025-12-10 18:55:00,278.14999,278.45001,278.09,278.39001,92666,0,0
2025-12-10 19:00:00,278.35999,279.22,278.28,278.4906,287128,0,0
2025-12-10 19:05:00,278.51001,279.14001,278.44,278.92001,162904,0,0
2025-12-10 19:10:00,278.98001,279.08511,278.62,278.79001,159607,0,0
2025-12-10 19:15:00,278.79001,279.13,278.57001,278.655,172593,0,0
2025-12-10 19:20:00,278.67001,278.67001,278.07999,278.10999,133817,0,0
2025-12-10 19:25:00,278.06,278.23001,277.91,278.22,176167,1,0
2025-12-10 19:30:00,278.22,278.94,277.95999,278.76999,213428,0,0
2025-12-10 19:35:00,278.79001,279.20999,278.47,278.95959,254553,0,0
2025-12-10 19:40:00,278.95499,279.04999,277.70001,278.37,4815586,0,0
2025-12-10 19:45:00,278.37,278.89011,278.37,278.82001,173398,0,0
2025-12-10 19:50:00,278.81,279.48999,278.70001,279.26999,221527,0,0
2025-12-10 19:55:00,279.27991,279.5925,279.27991,279.38,185072,0,0
2025-12-10 20:00:00,279.39999,279.67001,279.29501,279.62,212709,0,0
2025-12-10 20:05:00,279.60001,279.75,279.37,279.47501,174739,0,0
2025-12-10 20:10:00,279.495,279.56,279.32001,279.47,184532,0,0
2025-12-10 20:15:00,279.48001,279.48999,279.17999,279.29999,277710,0,0
2025-12-10 20:20:00,279.31,279.53,278.94,279.03,199649,0,0
2025-12-10 20:25:00,279.04501,279.26999,278.95001,278.98001,199156,0,0
2025-12-10 20:30:00,278.98999,279.23001,278.95001,279.14001,215044,0,0
2025-12-10 20:35:00,279.13,279.185,278.86011,279.03,176466,0,0
2025-12-10 20:40:00,279.01999,279.12,278.89999,279.09,241668,0,0
2025-12-10 20:45:00,279.07999,279.37,279.04999,279.14001,255351,0,0
2025-12-10 20:50:00,279.13,279.35999,278.85999,278.95001,298532,0,0
2025-12-10 20:55:00,279.0,279.06,278.59,278.72,1055590,0,0
2025-12-11 14:30:00,279.095,279.57999,278.10001,278.14999,1226094,0,0
2025-12-11 14:35:00,278.18729,278.53,277.42001,277.51001,425235,0,0
2025-12-11 14:40:00,277.5,277.70001,275.03,275.30551,702205,0,0
2025-12-11 14:45:00,275.31741,275.35901,274.32999,274.78,766368,0,0
2025-12-11 14:50:00,274.79971,274.99991,274.23999,274.67999,486010,0,0
2025-12-11 14:55:00,274.67999,274.88,273.81,274.20999,571400,0,0
2025-12-11 15:00:00,274.20001,274.69,274.01001,274.69,540119,1,0
2025-12-11 15:05:00,274.69,275.47501,274.29999,275.43771,462444,0,0
2025-12-11 15:10:00,275.45001,276.23999,275.22009,276.17999,653956,0,0
2025-12-11 15:15:00,276.20001,276.27991,275.6593,275.95999,479849,0,0
2025-12-11 15:20:00,276.0,276.20001,275.56,276.19,310916,0,0
2025-12-11 15:25:00,276.17499,276.54999,275.95001,276.12,262612,0,0
2025-12-11 15:30:00,276.11499,276.173,275.34,275.66,233630,0,0
2025-12-11 15:35:00,275.66,276.20001,275.51001,276.14999,177834,0,0
2025-12-11 15:40:00,276.14999,276.29001,275.85001,276.20999,183324,0,0
2025-12-11 15:45:00,276.20999,276.29221,275.45999,275.52951,206721,0,0
2025-12-11 15:50:00,275.51999,275.67001,275.20001,275.67001,233321,1,0
2025-12-11 15:55:00,275.6774,276.0365,275.54999,275.92999,184199,0,0
2025-12-11 16:00:00,275.94,276.41,275.63,276.34,205995,0,0
2025-12-11 16:05:00,276.35999,276.44,276.02179,276.17001,230351,0,0
2025-12-11 16:10:00,276.22,276.56799,276.07999,276.45999,224997,0,0
2025-12-11 16:15:00,276.44,276.48499,276.2601,276.37,138494,0,0
2025-12-11 16:20:00,276.37,276.57999,276.14999,276.55261,151894,0,0
2025-12-11 16:25:00,276.56,276.59,275.75,275.82501,172847,0,0
2025-12-11 16:30:00,275.82001,276.81,275.81,276.7901,179211,1,0
2025-12-11 16:35:00,276.79999,277.20001,276.70999,277.17999,191356,0,0
2025-12-11 16:40:00,277.17001,277.57999,277.13,277.47,181799,0,0
2025-12-11 16:45:00,277.46579,277.72,277.23001,277.25101,230617,0,0
2025-12-11 16:50:00,277.26001,277.26389,276.5,276.5274,185881,0,0
2025-12-11 16:55:00,276.54999,276.7493,276.3501,276.73001,176701,0,0
2025-12-11 17:00:00,276.72,277.005,276.66,276.875,202327,0,0
2025-12-11 17:05:00,276.91,277.12,276.79639,276.98001,184041,0,0
2025-12-11 17:10:00,277.03,277.56,276.98001,277.44,215102,0,0
2025-12-11 17:15:00,277.42999,277.6,277.37009,277.48499,153134,0,0
2025-12-11 17:20:00,277.47,277.98001,277.4635,277.98001,179629,0,0
2025-12-11 17:25:00,277.98999,278.17999,277.845,277.905,334342,0,0
2025-12-11 17:30:00,277.92001,278.26001,277.92001,278.16,155258,0,0
2025-12-11 17:35:00,278.17001,278.17999,277.94,278.07001,177114,0,0
2025-12-11 17:40:00,278.0751,278.35001,278.07001,278.25,118639,0,0
2025-12-11 17:45:00,278.23001,278.29001,277.76999,277.81021,165641,0,0
2025-12-11 17:50:00,277.82999,277.97989,277.70001,277.78009,98869,0,0
2025-12-11 17:55:00,277.79501,277.85001,277.47,277.59,111776,0,0
2025-12-11 18:00:00,277.57999,277.81,277.5,277.57999,130193,0,0
2025-12-11 18:05:00,277.57501,277.91989,277.56,277.85999,114652,0,0
2025-12-11 18:10:00,277.89001,277.95999,277.51999,277.60001,118390,0,0
2025-12-11 18:15:00,277.60999,277.76001,277.59,277.69501,85842,0,0
2025-12-11 18:20:00,277.67999,277.73999,277.62,277.69,84860,0,0
2025-12-11 18:25:00,277.65231,277.70001,277.38,277.52261,112424,0,0
2025-12-11 18:30:00,277.52499,278.01001,277.51001,277.98651,125022,0,0
2025-12-11 18:35:00,278.0,278.20999,277.92001,278.06,150321,0,0
2025-12-11 18:40:00,278.06,278.10999,277.89001,277.94,90487,0,0
2025-12-11 18:45:00,277.9523,278.20999,277.90259,277.97,108315,0,0
2025-12-11 18:50:00,277.98001,278.13,277.84,277.84109,113387,0,0
2025-12-11 18:55:00,277.85501,277.965,277.67001,277.70499,115311,0,0
2025-12-11 19:00:00,277.70001,277.98001,277.66,277.83649,108493,0,0
2025-12-11 19:05:00,277.82001,277.82001,277.54999,277.56,115210,0,0
2025-12-11 19:10:00,277.57001,277.76999,277.52499,277.70001,141625,0,0
2025-12-11 19:15:00,277.70001,277.94501,277.6272,277.94501,125125,0,0
2025-12-11 19:20:00,277.94,277.9809,277.87,277.95001,104190,0,0
2025-12-11 19:25:00,277.935,277.98999,277.75,277.76001,134831,0,0
2025-12-11 19:30:00,277.76001,277.82999,277.65961,277.72501,132423,0,0
2025-12-11 19:35:00,277.73999,277.98499,277.72681,277.89001,119657,0,0
2025-12-11 19:40:00,277.89999,278.01999,277.85999,277.89999,164948,0,0
2025-12-11 19:45:00,277.91,277.92001,277.63,277.72,166480,0,0
2025-12-11 19:50:00,277.715,277.89999,277.70499,277.84,189173,0,0
2025-12-11 19:55:00,277.85001,277.85999,277.59131,277.63,136220,0,0
2025-12-11 20:00:00,277.64001,277.94,277.60999,277.85001,126373,0,0
2025-12-11 20:05:00,277.85001,278.04001,277.78,277.905,169973,0,0
2025-12-11 20:10:00,277.91,278.04999,277.85501,278.04001,159397,0,0
2025-12-11 20:15:00,278.04001,278.1658,277.87,277.88,131008,0,0
2025-12-11 20:20:00,277.88,278.20001,277.82999,278.20001,169950,0,0
2025-12-11 20:25:00,278.20999,278.215,278.03,278.095,152032,0,1
2025-12-11 20:30:00,278.09,278.10501,277.94,278.07999,182209,0,0
2025-12-11 20:35:00,278.07999,278.20999,277.97,277.97,162201,0,0
2025-12-11 20:40:00,277.97,278.04999,277.76999,277.89999,248995,0,0
2025-12-11 20:45:00,277.88,278.0,277.54999,277.62,219234,0,0
2025-12-11 20:50:00,277.63,277.87,277.47,277.57501,309473,0,0
2025-12-11 20:55:00,277.59,278.10999,277.56,278.06,863240,0,0
2025-12-12 14:30:00,277.79501,279.01999,276.82001,278.92499,1088246,0,0
2025-12-12 14:35:00,278.92999,279.1908,278.45999,278.95999,312851,0,0
2025-12-12 14:40:00,278.95001,279.01501,278.10999,278.60999,260959,0,0
2025-12-12 14:45:00,278.60999,279.10999,278.01999,278.23999,246608,0,0
2025-12-12 14:50:00,278.2204,279.10001,278.20499,279.095,235616,0,0
2025-12-12 14:55:00,279.10001,279.22,278.72,278.95499,220926,0,0
2025-12-12 15:00:00,278.94,278.99091,278.35919,278.6308,240558,0,0
2025-12-12 15:05:00,278.66,279.15991,278.42999,278.44501,219417,0,0
2025-12-12 15:10:00,278.42999,279.0,278.39999,278.63,260561,0,0
2025-12-12 15:15:00,278.64999,278.70511,278.20001,278.25,359598,0,0
2025-12-12 15:20:00,278.29999,278.48499,277.89999,278.18991,237189,0,0
2025-12-12 15:25:00,278.16,278.30081,277.82001,277.87,224799,0,0
2025-12-12 15:30:00,277.88,278.29999,277.54001,278.16,291219,0,0
2025-12-12 15:35:00,278.17999,278.85999,278.11499,278.685,371429,0,0
2025-12-12 15:40:00,278.73999,278.82999,278.27328,278.56,259769,0,1
2025-12-12 15:45:00,278.57001,278.69,278.30499,278.42999,190791,0,0
2025-12-12 15:50:00,278.47,278.67001,278.26999,278.285,198140,0,0
2025-12-12 15:55:00,278.26999,278.56,277.70999,277.85001,302702,0,0
2025-12-12 16:00:00,277.79999,278.38,277.62,278.07501,287697,0,0
2025-12-12 16:05:00,278.04501,278.14389,277.72,277.85001,307526,0,0
2025-12-12 16:10:00,277.87,278.1076,277.51001,277.67001,350073,0,0
2025-12-12 16:15:00,277.64001,278.01001,277.44,277.48001,265825,0,0
2025-12-12 16:20:00,277.51001,277.82001,277.4679,277.80499,352016,0,0
2025-12-12 16:25:00,277.82001,278.17999,277.51999,277.73999,308358,0,0
2025-12-12 16:30:00,277.76999,277.89001,277.52499,277.82999,176617,0,0
2025-12-12 16:35:00,277.84,278.0032,277.29001,277.49051,250616,0,0
2025-12-12 16:40:00,277.51001,278.01999,277.28079,277.95999,243831,0,0
2025-12-12 16:45:00,277.95001,278.03,277.69,277.82999,169133,0,0
2025-12-12 16:50:00,277.815,277.815,277.46011,277.7832,133680,0,0
2025-12-12 16:55:00,277.73001,277.79999,277.54501,277.73001,118095,0,0
2025-12-12 17:00:00,277.70001,277.95999,277.64001,277.73499,160665,0,0
2025-12-12 17:05:00,277.70999,278.215,277.67999,277.92999,250622,0,0
2025-12-12 17:10:00,277.89099,277.98001,277.78009,277.82019,151454,0,0
2025-12-12 17:15:00,277.82999,278.26001,277.82999,278.25739,134785,0,0
2025-12-12 17:20:00,278.26001,278.44,278.14999,278.25009,126552,0,0
2025-12-12 17:25:00,278.24011,278.26501,277.81,277.85501,180082,0,0
2025-12-12 17:30:00,277.83499,278.56,277.83499,278.51999,368159,0,0
2025-12-12 17:35:00,278.53,278.8999,278.3175,278.8999,322316,0,0
2025-12-12 17:40:00,278.89001,279.19,278.84009,278.85001,282531,0,0
2025-12-12 17:45:00,278.82001,279.01001,278.81,278.83499,121811,0,0
2025-12-12 17:50:00,278.84,278.95999,278.60001,278.685,133078,0,0
2025-12-12 17:55:00,278.70001,278.88959,278.60999,278.76999,172314,0,0
2025-12-12 18:00:00,278.79001,278.95001,278.76001,278.8501,146194,0,0
2025-12-12 18:05:00,278.85001,278.92001,278.70999,278.70999,139414,0,0
2025-12-12 18:10:00,278.72,279.19,278.64001,278.95999,252127,0,0
2025-12-12 18:15:00,278.965,279.07001,278.72,278.79999,223976,0,0
2025-12-12 18:20:00,278.81,278.81,278.5,278.60999,222388,0,0
2025-12-12 18:25:00,278.64001,279.10999,278.64001,279.04999,180417,0,0
2025-12-12 18:30:00,279.04001,279.04999,278.7005,278.82001,217624,0,0
2025-12-12 18:35:00,278.82999,278.98001,278.51501,278.84,217777,0,0
2025-12-12 18:40:00,278.84,278.92001,278.53,278.67499,241077,0,0
2025-12-12 18:45:00,278.69,278.76001,278.5184,278.6409,217983,0,0
2025-12-12 18:50:00,278.6301,278.73999,278.48999,278.54999,173630,0,0
2025-12-12 18:55:00,278.55499,278.63,278.32001,278.35999,155010,0,0
2025-12-12 19:00:00,278.35999,278.42999,278.10999,278.20999,236283,0,0
2025-12-12 19:05:00,278.20999,278.32501,278.01999,278.035,203620,0,0
2025-12-12 19:10:00,278.04001,278.26999,278.04001,278.10001,198723,0,0
2025-12-12 19:15:00,278.07639,278.16,277.88,278.0,172440,0,0
2025-12-12 19:20:00,278.0,278.01001,277.81,277.82001,165105,0,0
2025-12-12 19:25:00,277.858,277.96991,277.73001,277.95001,155193,0,0
2025-12-12 19:30:00,277.95001,278.22,277.94,278.12021,174450,0,0
2025-12-12 19:35:00,278.12,278.1976,277.89169,277.89499,141260,0,0
2025-12-12 19:40:00,277.89499,278.20001,277.81,277.89999,124569,0,0
2025-12-12 19:45:00,277.89499,278.10999,277.86029,278.07999,152398,0,0
2025-12-12 19:50:00,278.07001,278.24991,277.98999,278.18011,180786,0,0
2025-12-12 19:55:00,278.19,278.44479,278.134,278.38,173413,0,0
2025-12-12 20:00:00,278.37,278.60001,278.245,278.57001,178220,0,0
2025-12-12 20:05:00,278.54999,278.75,278.53,278.685,153811,0,0
2025-12-12 20:10:00,278.69,278.82,278.35501,278.39999,257771,0,1
2025-12-12 20:15:00,278.39999,278.44101,278.17999,278.19,293595,0,0
2025-12-12 20:20:00,278.20001,278.32999,278.0,278.29999,272429,0,0
2025-12-12 20:25:00,278.29999,278.32001,277.90009,278.05499,294507,0,0
2025-12-12 20:30:00,278.04999,278.12,277.63,278.04001,328140,0,0
2025-12-12 20:35:00,278.03,278.04001,276.94501,277.23999,420127,0,0
2025-12-12 20:40:00,277.28,277.71289,277.28,277.67331,314252,0,0
2025-12-12 20:45:00,277.67999,278.20999,277.625,277.90201,397931,0,0
2025-12-12 20:50:00,277.92001,278.5,277.13,277.85999,491294,0,0
2025-12-12 20:55:00,277.87,278.38,277.76999,278.37,836127,0,0
2025-12-15 14:30:00,280.0,280.04999,277.95999,278.01001,1713184,0,1
2025-12-15 14:35:00,278.01001,278.0593,276.51999,276.64999,676654,0,0
2025-12-15 14:40:00,276.655,276.992,274.70499,274.95999,818920,0,0
2025-12-15 14:45:00,274.95999,275.10999,274.16,274.88,945236,0,0
2025-12-15 14:50:00,274.88,274.97,274.29999,274.73999,577044,0,0
2025-12-15 14:55:00,274.755,275.10999,274.38,274.85001,741778,0,0
2025-12-15 15:00:00,274.82001,275.59,274.32001,274.34,625701,0,0
2025-12-15 15:05:00,274.31,274.79001,274.0,274.54001,552256,0,0
2025-12-15 15:10:00,274.54501,274.75,274.07001,274.26999,339459,0,0
2025-12-15 15:15:00,274.25,274.34,273.64001,273.70999,417617,0,0
2025-12-15 15:20:00,273.76001,274.29001,273.62,273.73499,383608,0,0
2025-12-15 15:25:00,273.72,274.26501,273.68011,274.14499,322505,0,0
2025-12-15 15:30:00,274.17001,274.81,274.08231,274.3801,380145,0,0
2025-12-15 15:35:00,274.35999,274.53,274.06,274.14001,294315,0,0
2025-12-15 15:40:00,274.16,274.6499,273.91501,274.55499,542774,0,0
2025-12-15 15:45:00,274.55499,274.63,273.7511,274.27499,493742,0,0
2025-12-15 15:50:00,274.285,274.29999,273.72,274.04999,240980,0,0
2025-12-15 15:55:00,274.01999,274.47,273.92999,274.37,180016,1,0
2025-12-15 16:00:00,274.39001,274.41,274.0946,274.20999,151721,0,0
2025-12-15 16:05:00,274.25,274.50549,274.08499,274.39001,238526,0,0
2025-12-15 16:10:00,274.38,274.48999,274.04001,274.185,206447,0,0
2025-12-15 16:15:00,274.1875,275.14999,274.17999,275.13,273602,0,0
2025-12-15 16:20:00,275.14001,275.26999,274.84,275.11499,4150213,0,0
2025-12-15 16:25:00,275.10001,275.64041,275.10001,275.51001,251513,0,0
2025-12-15 16:30:00,275.54001,275.69501,275.02011,275.04001,193537,0,1
2025-12-15 16:35:00,275.0235,275.0235,274.37,274.67499,204475,0,0
2025-12-15 16:40:00,274.67499,274.88,274.20999,274.22,175762,0,0
2025-12-15 16:45:00,274.23001,274.59,274.14999,274.54999,186043,0,0
2025-12-15 16:50:00,274.53,274.94,274.53,274.92499,218160,0,0
2025-12-15 16:55:00,274.91101,275.20001,274.64999,274.95001,193640,0,0
2025-12-15 17:00:00,274.95001,275.17999,274.62909,274.79001,204314,0,0
2025-12-15 17:05:00,274.79919,274.82999,274.53,274.70999,132693,0,0
2025-12-15 17:10:00,274.70001,274.85999,274.51999,274.75,136760,0,0
2025-12-15 17:15:00,274.72,275.0,274.56009,274.56241,180713,0,0
2025-12-15 17:20:00,274.56,274.92001,274.48999,274.81961,142087,1,0
2025-12-15 17:25:00,274.79001,275.16,274.78,274.92001,168100,0,0
2025-12-15 17:30:00,274.92499,275.10001,274.54001,274.67001,164607,0,0
2025-12-15 17:35:00,274.69,274.92001,274.64999,274.85321,161949,0,0
2025-12-15 17:40:00,274.85001,275.10001,274.8418,274.9545,136633,0,0
2025-12-15 17:45:00,274.97,275.07999,274.64001,274.69,169643,0,0
2025-12-15 17:50:00,274.685,274.73999,274.38,274.63,172880,0,0
2025-12-15 17:55:00,274.64001,274.82001,274.44,274.70001,171464,0,0
2025-12-15 18:00:00,274.69501,274.78,274.37201,274.66,167430,0,0
2025-12-15 18:05:00,274.70001,274.81,274.38,274.41,142342,0,0
2025-12-15 18:10:00,274.42001,274.51999,274.25,274.47269,171022,0,0
2025-12-15 18:15:00,274.47769,274.51999,274.09,274.12,159768,0,0
2025-12-15 18:20:00,274.11499,274.32001,273.97,273.97,201768,0,0
2025-12-15 18:25:00,273.98001,274.07999,273.73001,274.04001,173182,0,0
2025-12-15 18:30:00,274.01999,274.25,273.79999,274.11121,144688,0,0
2025-12-15 18:35:00,274.07501,274.19,273.82001,273.82999,143933,0,0
2025-12-15 18:40:00,273.82001,274.03,273.44,273.69501,253385,0,0
2025-12-15 18:45:00,273.70331,274.01999,273.67001,274.01999,204596,0,0
2025-12-15 18:50:00,273.995,274.07999,273.79001,273.79001,149859,0,0
2025-12-15 18:55:00,273.79001,274.03,273.73999,273.91,173822,0,0
2025-12-15 19:00:00,273.905,274.14999,273.70499,273.85999,246444,0,0
2025-12-15 19:05:00,273.85999,273.95999,273.69,273.73001,202544,0,0
2025-12-15 19:10:00,273.72,273.89001,273.51001,273.51999,161677,0,0
2025-12-15 19:15:00,273.51001,273.53,273.14999,273.38,293043,0,0
2025-12-15 19:20:00,273.38,273.4101,273.07999,273.25,185302,0,0
2025-12-15 19:25:00,273.23001,273.42981,273.07999,273.37,270860,0,0
2025-12-15 19:30:00,273.38,273.44,273.22,273.31,199402,0,0
2025-12-15 19:35:00,273.29999,273.44,273.05789,273.09341,188298,0,0
2025-12-15 19:40:00,273.10001,273.33011,272.84,273.1799,289641,0,0
2025-12-15 19:45:00,273.17999,273.25,273.09,273.19,213951,0,0
2025-12-15 19:50:00,273.20001,273.3299,273.07501,273.22,244568,0,0
2025-12-15 19:55:00,273.23001,273.57999,273.16,273.5405,211375,0,0
2025-12-15 20:00:00,273.54001,273.56,273.23001,273.53,212075,0,0
2025-12-15 20:05:00,273.53,273.64001,273.51001,273.5777,220193,0,0
2025-12-15 20:10:00,273.57001,273.67999,273.44,273.48001,252554,0,0
2025-12-15 20:15:00,273.48499,273.79001,273.39001,273.48999,286918,0,0
2025-12-15 20:20:00,273.48999,273.67999,273.39001,273.62,249178,0,0
2025-12-15 20:25:00,273.6001,273.8425,273.57001,273.80499,236463,0,0
2025-12-15 20:30:00,273.81,273.89999,273.51999,273.64001,279179,0,0
2025-12-15 20:35:00,273.64999,273.89001,273.54999,273.73001,281322,0,0
2025-12-15 20:40:00,273.75,273.80499,273.52499,273.67899,308313,0,0
2025-12-15 20:45:00,273.67001,273.98999,273.64001,273.79001,367218,0,0
2025-12-15 20:50:00,273.79001,274.51001,273.69,274.04999,822089,0,0
2025-12-15 20:55:00,274.07001,274.72,273.57001,274.11499,2046309,0,0
2025-12-16 14:30:00,272.82001,273.92999,272.64001,272.67499,2002856,0,0
2025-12-16 14:35:00,272.67749,272.86499,271.79001,272.435,478870,0,0
2025-12-16 14:40:00,272.41,272.5275,271.85999,272.375,301484,0,0
2025-12-16 14:45:00,272.38,273.69501,272.20001,273.48999,303687,0,0
2025-12-16 14:50:00,273.48999,274.03,272.98001,273.22,263359,0,0
2025-12-16 14:55:00,273.26001,273.76999,273.07999,273.60999,329972,0,0
2025-12-16 15:00:00,273.70999,273.88989,272.54999,272.8013,335896,0,1
2025-12-16 15:05:00,272.82999,273.94,272.63,273.63501,283539,0,0
2025-12-16 15:10:00,273.63501,273.755,272.98001,273.25519,228425,0,0
2025-12-16 15:15:00,273.255,273.42999,272.94501,273.23001,212961,0,0
2025-12-16 15:20:00,273.20999,273.37,272.81,272.88501,220011,0,0
2025-12-16 15:25:00,272.87,273.34991,272.54999,273.17001,253246,0,0
2025-12-16 15:30:00,273.17001,273.57001,273.03,273.07001,241253,0,0
2025-12-16 15:35:00,273.06,273.20001,272.64999,272.92389,243785,0,0
2025-12-16 15:40:00,272.92899,273.39001,272.5,273.3299,206165,0,0
2025-12-16 15:45:00,273.32999,273.77802,273.29999,273.64001,195626,0,0
2025-12-16 15:50:00,273.63501,273.82001,273.20001,273.76999,160099,0,0
2025-12-16 15:55:00,273.75,273.82001,273.31,273.42001,146721,0,0
2025-12-16 16:00:00,273.42001,273.73999,273.35999,273.51999,159246,0,0
2025-12-16 16:05:00,273.51001,273.67001,273.29999,273.48999,222136,0,0
2025-12-16 16:10:00,273.53,273.57999,273.10999,273.1799,138106,0,0
2025-12-16 16:15:00,273.16,273.21011,272.8017,272.85001,193907,0,0
2025-12-16 16:20:00,272.84,272.94501,272.60001,272.7962,178711,0,0
2025-12-16 16:25:00,272.79001,272.86081,272.57001,272.81,196304,1,0
2025-12-16 16:30:00,272.79999,273.07291,272.69,273.0217,155836,0,0
2025-12-16 16:35:00,272.99899,273.29001,272.70001,273.28,183728,0,0
2025-12-16 16:40:00,273.28,273.44,272.94,273.32001,158907,0,0
2025-12-16 16:45:00,273.35999,273.5,273.07999,273.44,170299,0,0
2025-12-16 16:50:00,273.45001,273.6499,273.32501,273.5,131005,0,0
2025-12-16 16:55:00,273.53,273.94,273.51501,273.91,145808,0,0
2025-12-16 17:00:00,273.89001,274.28,273.73999,274.17001,235677,0,0
2025-12-16 17:05:00,274.16,274.23001,273.67499,273.68021,242541,0,0
2025-12-16 17:10:00,273.67999,274.0,273.47,273.85501,156807,0,0
2025-12-16 17:15:00,273.84,274.04001,273.79999,273.94,109972,0,0
2025-12-16 17:20:00,273.95499,273.98001,273.6001,273.715,97364,0,0
2025-12-16 17:25:00,273.73001,273.73001,273.16,273.20001,141860,0,0
2025-12-16 17:30:00,273.19989,273.47,273.12,273.37,146250,0,0
2025-12-16 17:35:00,273.38,273.48999,272.7901,272.92999,139669,0,0
2025-12-16 17:40:00,272.935,272.9762,272.64001,272.71841,165379,0,0
2025-12-16 17:45:00,272.72,272.84,272.56009,272.60599,151757,0,0
2025-12-16 17:50:00,272.60001,272.64999,272.38,272.54001,163890,0,0
2025-12-16 17:55:00,272.56,272.63,272.10001,272.17999,3969160,0,0
2025-12-16 18:00:00,272.17001,272.29999,271.82999,272.12,314692,0,0
2025-12-16 18:05:00,272.125,272.53,271.79999,272.38,198384,0,0
2025-12-16 18:10:00,272.38,272.39999,271.95499,272.26999,149390,0,0
2025-12-16 18:15:00,272.26999,272.29999,272.06061,272.2139,140075,0,0
2025-12-16 18:20:00,272.23001,272.45999,272.08011,272.40509,173828,0,0
2025-12-16 18:25:00,272.42001,272.54001,272.07001,272.13,159469,0,0
2025-12-16 18:30:00,272.13501,272.79501,272.13501,272.70511,260017,0,0
2025-12-16 18:35:00,272.70499,273.07251,272.60999,273.035,225484,0,0
2025-12-16 18:40:00,273.03,273.42999,273.03,273.42001,133621,0,0
2025-12-16 18:45:00,273.42999,273.73001,273.42001,273.66,228038,0,0
2025-12-16 18:50:00,273.67999,273.91,273.60001,273.67999,145910,0,0
2025-12-16 18:55:00,273.67001,273.80991,273.60999,273.70999,137432,0,0
2025-12-16 19:00:00,273.70001,273.76001,273.07999,273.09,222188,0,0
2025-12-16 19:05:00,273.07001,273.37,273.04999,273.32999,135425,0,0
2025-12-16 19:10:00,273.29999,273.37,273.01999,273.13,133560,0,0
2025-12-16 19:15:00,273.125,273.22,272.98999,273.02499,119365,0,0
2025-12-16 19:20:00,273.03061,273.29001,273.0,273.17999,125364,0,0
2025-12-16 19:25:00,273.17499,273.5755,273.04001,273.565,141634,0,0
2025-12-16 19:30:00,273.565,273.92001,273.54001,273.87479,150110,0,0
2025-12-16 19:35:00,273.89001,274.13,273.84,273.965,161047,0,0
2025-12-16 19:40:00,273.95001,274.10001,273.79001,274.01999,142487,0,0
2025-12-16 19:45:00,274.03,274.13,273.88,274.10001,145646,0,0
2025-12-16 19:50:00,274.10999,274.42001,274.07001,274.16821,196805,0,0
2025-12-16 19:55:00,274.17001,274.23999,274.04709,274.12,138374,0,0
2025-12-16 20:00:00,274.09,274.64001,274.01999,274.61011,179634,0,0
2025-12-16 20:05:00,274.625,274.64999,274.38,274.535,149494,0,0
2025-12-16 20:10:00,274.57001,274.64001,274.32999,274.34,144371,0,0
2025-12-16 20:15:00,274.34,274.67999,274.34,274.64499,202344,0,0
2025-12-16 20:20:00,274.64499,274.79999,274.54999,274.655,158153,0,0
2025-12-16 20:25:00,274.64001,274.67999,274.48001,274.56,144124,0,0
2025-12-16 20:30:00,274.54999,275.03,274.54001,274.92999,216050,0,0
2025-12-16 20:35:00,274.94,275.35501,274.94,275.14999,245729,0,0
2025-12-16 20:40:00,275.14999,275.26501,274.95001,275.13501,212305,0,0
2025-12-16 20:45:00,275.14001,275.22,274.76999,274.89001,174751,0,0
2025-12-16 20:50:00,274.91,275.5,274.85001,275.20001,404917,0,0
2025-12-16 20:55:00,275.20999,275.37,274.45001,274.47,1108095,0,0
2025-12-17 14:30:00,275.01001,276.09,274.82999,275.73999,1465094,0,0
2025-12-17 14:35:00,275.76999,275.97,275.19,275.73001,323286,0,0
2025-12-17 14:40:00,275.80569,276.16,275.43201,275.61011,324274,0,1
2025-12-17 14:45:00,275.60999,275.7699,275.12,275.63,306301,0,0
2025-12-17 14:50:00,275.64999,275.98999,274.97,275.16501,279423,0,0
2025-12-17 14:55:00,275.1568,275.655,275.07001,275.31,382375,1,0
2025-12-17 15:00:00,275.35999,275.85999,275.207,275.345,258301,0,0
2025-12-17 15:05:00,275.29999,275.505,275.0,275.25,256967,0,0
2025-12-17 15:10:00,275.255,275.60001,275.13,275.39499,230557,0,0
2025-12-17 15:15:00,275.39499,275.60001,275.25,275.48499,252003,0,0
2025-12-17 15:20:00,275.4769,275.85999,275.435,275.54999,283864,0,0
2025-12-17 15:25:00,275.535,275.73001,275.26999,275.495,212405,0,0
2025-12-17 15:30:00,275.47,275.73001,275.17001,275.4162,254242,0,0
2025-12-17 15:35:00,275.41,275.535,275.16,275.39999,284500,0,0
2025-12-17 15:40:00,275.37,275.59,274.94,275.01511,332825,0,0
2025-12-17 15:45:00,275.0,275.095,274.64999,274.85999,226513,0,0
2025-12-17 15:50:00,274.82001,274.89999,274.31,274.62,250412,0,0
2025-12-17 15:55:00,274.64001,274.76999,274.53,274.61499,225065,0,0
2025-12-17 16:00:00,274.60001,275.0,274.57181,274.89011,2693719,0,0
2025-12-17 16:05:00,274.91599,275.06,274.53,274.73999,277959,0,0
2025-12-17 16:10:00,274.70499,274.85001,273.79999,273.85001,334675,0,0
2025-12-17 16:15:00,273.84729,273.92001,273.465,273.51501,349851,0,0
2025-12-17 16:20:00,273.51001,273.62,273.04501,273.345,311964,0,0
2025-12-17 16:25:00,273.345,273.79001,273.26999,273.48999,239564,0,0
2025-12-17 16:30:00,273.48999,273.48999,272.97,273.12,257452,0,0
2025-12-17 16:35:00,273.10001,273.23499,272.79001,272.91501,215784,0,0
2025-12-17 16:40:00,272.91,273.17999,272.7301,272.91,178032,0,0
2025-12-17 16:45:00,272.89001,273.07999,272.45999,272.6127,178844,0,0
2025-12-17 16:50:00,272.60999,272.79999,272.32001,272.60999,232286,0,0
2025-12-17 16:55:00,272.6199,272.63989,272.31,272.63989,154680,0,0
2025-12-17 17:00:00,272.61139,272.75,272.31,272.42999,189548,0,0
2025-12-17 17:05:00,272.44,272.76999,272.34,272.405,232566,0,0
2025-12-17 17:10:00,272.4075,272.66989,272.28,272.35999,170222,0,0
2025-12-17 17:15:00,272.35999,273.12991,272.35001,272.95999,210280,0,0
2025-12-17 17:20:00,272.92999,273.05499,272.74481,272.98001,197433,0,0
2025-12-17 17:25:00,272.995,273.07001,272.72,272.87,155682,0,0
2025-12-17 17:30:00,272.88,273.51001,272.85999,273.28,231780,0,0
2025-12-17 17:35:00,273.23999,273.29999,273.0,273.0,118128,0,0
2025-12-17 17:40:00,272.95999,273.2294,272.85001,272.97,127426,0,0
2025-12-17 17:45:00,272.97,273.29001,272.94,273.23001,111191,0,0
2025-12-17 17:50:00,273.20999,273.5499,273.20999,273.23999,143583,0,0
2025-12-17 17:55:00,273.26001,273.63,273.26001,273.38,119411,0,0
2025-12-17 18:00:00,273.38,273.69,273.35999,273.5,127995,0,0
2025-12-17 18:05:00,273.47809,273.59,273.20001,273.255,127440,0,0
2025-12-17 18:10:00,273.23999,273.23999,272.81,272.82001,117106,0,0
2025-12-17 18:15:00,272.81,273.10001,272.64999,273.03,190387,0,0
2025-12-17 18:20:00,273.02011,273.17999,272.92001,273.06,119080,0,0
2025-12-17 18:25:00,273.04001,273.2189,273.0,273.01999,165595,0,0
2025-12-17 18:30:00,272.99011,273.09009,272.78,272.97501,108898,0,0
2025-12-17 18:35:00,272.97,273.01999,272.70499,272.72,143123,0,0
2025-12-17 18:40:00,272.70001,272.93991,272.44,272.88989,167409,1,0
2025-12-17 18:45:00,272.85999,273.01001,272.70001,272.98499,212248,0,0
2025-12-17 18:50:00,272.99991,273.0499,272.82001,272.94,139664,0,0
2025-12-17 18:55:00,272.94,273.12,272.87,272.98999,136990,0,0
2025-12-17 19:00:00,272.97,273.07001,272.79999,273.0,166878,0,0
2025-12-17 19:05:00,273.00351,273.30499,272.95001,273.26001,162321,0,0
2025-12-17 19:10:00,273.23999,273.44,273.07999,273.375,142587,0,0
2025-12-17 19:15:00,273.35001,273.84,273.35001,273.69,193584,0,0
2025-12-17 19:20:00,273.715,273.9501,273.48999,273.94501,256920,0,0
2025-12-17 19:25:00,273.94,273.97,273.59,273.785,215741,0,0
2025-12-17 19:30:00,273.76999,274.01001,273.75,273.78,180363,0,0
2025-12-17 19:35:00,273.76001,273.95999,273.69,273.95001,152690,0,0
2025-12-17 19:40:00,273.95999,274.10999,273.87,273.89001,168410,0,0
2025-12-17 19:45:00,273.91,274.03,273.79999,273.89001,189050,0,0
2025-12-17 19:50:00,273.89001,273.95001,273.59,273.64481,282558,0,0
2025-12-17 19:55:00,273.64001,273.90439,273.595,273.64999,222717,0,0
2025-12-17 20:00:00,273.66,273.94,273.66,273.89001,129042,0,0
2025-12-17 20:05:00,273.89999,273.95001,273.57001,273.75,149756,0,0
2025-12-17 20:10:00,273.76999,273.89999,273.67999,273.79999,142903,0,0
2025-12-17 20:15:00,273.79001,273.935,273.70001,273.82999,187357,0,0
2025-12-17 20:20:00,273.845,273.92999,273.70001,273.79001,175284,0,0
2025-12-17 20:25:00,273.78,273.78,273.57501,273.65009,187350,0,0
2025-12-17 20:30:00,273.67001,273.79001,273.54999,273.76001,224131,0,0
2025-12-17 20:35:00,273.78,273.87,273.45999,273.47501,274816,0,0
2025-12-17 20:40:00,273.47,273.72,273.4101,273.5,349696,0,0
2025-12-17 20:45:00,273.5,273.57999,273.23999,273.29001,431281,0,0
2025-12-17 20:50:00,273.31,273.31,272.56009,272.72,630456,0,0
2025-12-17 20:55:00,272.72,272.85999,271.69,271.85999,3220356,0,0
2025-12-18 14:30:00,273.60501,273.62,269.84,269.88,1735025,0,0
2025-12-18 14:35:00,269.88,270.09,267.685,268.07501,1397183,0,0
2025-12-18 14:40:00,268.07001,268.45999,266.95999,268.168,1200315,1,0
2025-12-18 14:45:00,268.20999,269.63,268.20999,269.26001,1153863,0,0
2025-12-18 14:50:00,269.24741,269.36499,268.44,268.51089,732800,0,0
2025-12-18 14:55:00,268.51999,269.04999,268.07001,268.82001,945472,0,0
2025-12-18 15:00:00,268.82001,269.04001,268.38,268.87,475028,0,0
2025-12-18 15:05:00,268.88,269.54999,268.79001,268.95001,440537,0,0
2025-12-18 15:10:00,268.95001,269.45999,268.51999,269.41,531080,0,0
2025-12-18 15:15:00,269.39999,269.39999,268.70999,268.89499,452846,0,0
2025-12-18 15:20:00,268.92001,270.34009,268.89999,270.33499,485321,0,0
2025-12-18 15:25:00,270.35001,271.065,270.17001,270.89999,577616,0,0
2025-12-18 15:30:00,270.862,271.62,270.81,271.44501,436739,0,0
2025-12-18 15:35:00,271.44501,272.22501,271.17999,272.13,438991,0,0
2025-12-18 15:40:00,272.16,272.17999,271.42899,271.67001,308836,0,0
2025-12-18 15:45:00,271.67001,271.815,271.18091,271.53,343614,0,0
2025-12-18 15:50:00,271.54001,272.07001,271.35999,271.91,255517,0,0
2025-12-18 15:55:00,271.91,272.1105,271.75,272.01999,203937,0,0
2025-12-18 16:00:00,272.0,272.37,271.92999,272.25,404669,0,0
2025-12-18 16:05:00,272.25,272.43021,271.97,272.41,240619,0,0
2025-12-18 16:10:00,272.39001,272.66,272.35999,272.48999,210522,0,0
2025-12-18 16:15:00,272.48999,272.72,272.25171,272.48001,296135,0,0
2025-12-18 16:20:00,272.48001,272.59,272.0,272.12,228915,0,0
2025-12-18 16:25:00,272.125,272.5899,272.1214,272.29999,290741,0,0
2025-12-18 16:30:00,272.29001,272.72,272.26001,272.54501,211921,0,0
2025-12-18 16:35:00,272.57001,272.845,272.51001,272.69,232182,0,0
2025-12-18 16:40:00,272.72,273.164,272.69,273.04971,181857,0,0
2025-12-18 16:45:00,273.04001,273.10001,272.69,272.89001,237418,0,0
2025-12-18 16:50:00,272.88,273.14999,272.755,272.95999,1483259,0,0
2025-12-18 16:55:00,272.95999,273.02991,272.66,272.85999,158163,0,0
2025-12-18 17:00:00,272.85501,272.85999,272.56,272.60001,145768,0,0
2025-12-18 17:05:00,272.57001,272.60001,271.32001,271.32001,224459,0,0
2025-12-18 17:10:00,271.29999,271.42001,270.92999,271.02499,5714396,0,0
2025-12-18 17:15:00,270.98999,270.98999,270.29999,270.47,205990,0,0
2025-12-18 17:20:00,270.47,270.76001,269.97,270.01999,228805,0,0
2025-12-18 17:25:00,270.06,270.37991,269.94,270.25,191371,0,0
2025-12-18 17:30:00,270.20001,271.14001,270.12,271.05679,331969,0,0
2025-12-18 17:35:00,271.0723,271.39301,270.84,271.35501,144258,0,0
2025-12-18 17:40:00,271.39999,271.98999,271.39999,271.95999,155205,0,0
2025-12-18 17:45:00,271.98001,272.42001,271.98001,272.2706,194043,0,0
2025-12-18 17:50:00,272.25,272.35999,272.10001,272.26001,137382,0,0
2025-12-18 17:55:00,272.20999,272.4198,272.0,272.38989,159820,0,0
2025-12-18 18:00:00,272.35999,272.39999,271.85999,271.88351,132648,0,0
2025-12-18 18:05:00,271.89139,272.45001,271.89001,272.38,110993,0,0
2025-12-18 18:10:00,272.38,272.45999,272.07001,272.07001,135749,0,0
2025-12-18 18:15:00,272.07001,272.35999,272.07001,272.32501,109381,0,0
2025-12-18 18:20:00,272.34,272.56,272.29001,272.55499,163457,0,0
2025-12-18 18:25:00,272.54999,272.75,272.48999,272.64999,145607,0,0
2025-12-18 18:30:00,272.67001,272.95999,272.67001,272.88,151923,0,0
2025-12-18 18:35:00,272.88,272.92999,272.5,272.5101,136242,0,1
2025-12-18 18:40:00,272.51999,272.7305,272.42001,272.655,155836,0,0
2025-12-18 18:45:00,272.64499,272.66501,272.06,272.10999,169336,0,0
2025-12-18 18:50:00,272.10501,272.108,271.60999,271.68799,181617,0,0
2025-12-18 18:55:00,271.68411,271.92999,271.64001,271.75,139732,0,0
2025-12-18 19:00:00,271.715,271.89999,271.20999,271.345,181756,0,0
2025-12-18 19:05:00,271.31,271.69,271.10001,271.64001,223657,0,0
2025-12-18 19:10:00,271.6124,271.73001,271.14999,271.35001,209909,0,0
2025-12-18 19:15:00,271.35001,271.35001,271.09,271.20999,140932,0,0
2025-12-18 19:20:00,271.20001,271.53,271.16,271.29501,235134,0,0
2025-12-18 19:25:00,271.28,271.45001,271.14999,271.37,182771,0,0
2025-12-18 19:30:00,271.37,271.39001,270.95001,271.04999,200355,0,0
2025-12-18 19:35:00,271.04001,271.12,270.89999,271.01999,130049,0,0
2025-12-18 19:40:00,271.04001,271.10001,270.64001,270.75,211387,0,0
2025-12-18 19:45:00,270.73001,270.92999,270.66,270.91501,8455873,1,0
2025-12-18 19:50:00,270.92001,271.04999,270.63,270.77499,223987,0,0
2025-12-18 19:55:00,270.78,270.97989,270.5,270.86499,283549,0,0
2025-12-18 20:00:00,270.875,271.09698,270.67001,271.065,294209,0,0
2025-12-18 20:05:00,271.07001,271.25,271.0,271.17499,248519,0,0
2025-12-18 20:10:00,271.17999,271.60001,271.17499,271.57001,220811,0,0
2025-12-18 20:15:00,271.57501,271.89999,271.5,271.72,270206,0,0
2025-12-18 20:20:00,271.70999,271.85999,271.60001,271.845,203907,0,0
2025-12-18 20:25:00,271.84,271.96991,271.69,271.84,206837,0,0
2025-12-18 20:30:00,271.85001,272.35999,271.785,272.31,284758,0,0
2025-12-18 20:35:00,272.32999,272.39999,272.14999,272.26001,291508,0,0
2025-12-18 20:40:00,272.25,272.60001,272.16,272.58499,254664,0,0
2025-12-18 20:45:00,272.56,272.67001,272.39029,272.625,454913,0,0
2025-12-18 20:50:00,272.60999,273.20001,272.37,272.48001,687205,0,0
2025-12-18 20:55:00,272.5,272.54001,272.10001,272.16,983718,0,0
2025-12-19 14:30:00,272.14499,272.79001,271.57001,272.26999,14899329,0,0
2025-12-19 14:35:00,272.32501,272.80249,271.85001,272.47,418769,0,0
2025-12-19 14:40:00,272.60001,272.66,271.64999,272.63629,421650,0,0
2025-12-19 14:45:00,272.67999,272.92001,271.45471,271.60001,383896,0,0
2025-12-19 14:50:00,271.67999,272.25,271.57501,271.95999,244242,0,0
2025-12-19 14:55:00,271.98999,272.13,271.565,271.70001,290214,0,0
2025-12-19 15:00:00,271.69,272.17999,271.10999,271.39999,525511,0,0
2025-12-19 15:05:00,271.37,271.53,270.95001,271.51001,386737,1,0
2025-12-19 15:10:00,271.48999,271.83499,271.32999,271.83499,286138,0,0
2025-12-19 15:15:00,271.85001,271.9899,271.26361,271.60999,283734,0,0
2025-12-19 15:20:00,271.60001,271.93991,271.5,271.80499,201819,0,0
2025-12-19 15:25:00,271.79001,271.79001,271.26001,271.73499,232727,0,0
2025-12-19 15:30:00,271.72009,272.29999,271.45001,272.28,303842,0,0
2025-12-19 15:35:00,272.2991,272.82001,272.289,272.6601,259313,0,0
2025-12-19 15:40:00,272.67001,272.75,271.84,271.8876,264044,0,1
2025-12-19 15:45:00,271.85999,271.90961,271.25,271.25,317264,0,0
2025-12-19 15:50:00,271.26001,271.6799,271.23001,271.48499,294259,0,0
2025-12-19 15:55:00,271.47,271.57001,271.17001,271.20999,264471,0,0
2025-12-19 16:00:00,271.20999,271.73499,270.995,271.73001,247583,0,0
2025-12-19 16:05:00,271.73001,271.81,271.48001,271.67999,218818,0,0
2025-12-19 16:10:00,271.70499,271.95999,271.34,271.35001,184391,0,0
2025-12-19 16:15:00,271.35001,271.54001,271.28,271.42999,192939,0,0
2025-12-19 16:20:00,271.43991,271.60501,271.29999,271.35001,201840,0,0
2025-12-19 16:25:00,271.35001,271.62,271.20999,271.2608,170782,0,0
2025-12-19 16:30:00,271.2623,271.41,271.19901,271.3591,184442,0,0
2025-12-19 16:35:00,271.35999,271.45999,271.17001,271.17999,167987,0,0
2025-12-19 16:40:00,271.17999,271.28,270.965,270.965,229217,0,0
2025-12-19 16:45:00,270.98001,271.09,270.845,270.89011,190298,0,0
2025-12-19 16:50:00,270.92001,271.41,270.91751,271.38,187144,0,0
2025-12-19 16:55:00,271.39001,271.42001,270.94,270.98999,227660,0,0
2025-12-19 17:00:00,271.0,271.17001,270.95999,271.03,152849,0,0
2025-12-19 17:05:00,271.03,271.06,270.85001,270.98001,214454,0,0
2025-12-19 17:10:00,270.9704,270.97751,270.66699,270.69,237600,0,0
2025-12-19 17:15:00,270.69,270.94861,270.69,270.88,215804,0,0
2025-12-19 17:20:00,270.87,270.87,270.26999,270.4404,346711,0,0
2025-12-19 17:25:00,270.44501,270.70999,270.26999,270.655,275399,0,0
2025-12-19 17:30:00,270.66,270.84,270.45001,270.51001,256187,0,0
2025-12-19 17:35:00,270.5,270.76999,270.34,270.76999,187165,0,0
2025-12-19 17:40:00,270.78,271.35001,270.755,271.34,319556,0,0
2025-12-19 17:45:00,271.35001,271.38989,271.04999,271.25,176388,0,0
2025-12-19 17:50:00,271.26999,271.5433,271.23001,271.53,224886,0,0
2025-12-19 17:55:00,271.5401,271.63,271.31,271.44009,247002,0,0
2025-12-19 18:00:00,271.45001,271.67999,271.26999,271.31,670617,0,0
2025-12-19 18:05:00,271.3187,271.36499,271.005,271.04999,222985,0,0
2025-12-19 18:10:00,271.03,271.285,270.98001,271.22501,164496,0,0
2025-12-19 18:15:00,271.23001,271.80951,271.23001,271.51001,222824,0,0
2025-12-19 18:20:00,271.51001,271.51999,271.07001,271.07999,169229,0,0
2025-12-19 18:25:00,271.08011,271.14001,270.73999,270.75,224279,0,0
2025-12-19 18:30:00,270.76001,270.84,270.39999,270.56,240972,0,0
2025-12-19 18:35:00,270.56,270.79001,270.54001,270.75009,193053,1,0
2025-12-19 18:40:00,270.75,271.07001,270.54999,271.04001,210497,0,0
2025-12-19 18:45:00,271.035,271.035,270.81,270.87,179942,0,0
2025-12-19 18:50:00,270.89001,271.07001,270.67999,270.97009,257197,0,0
2025-12-19 18:55:00,270.98279,271.03009,270.75,270.85999,200855,0,0
2025-12-19 19:00:00,270.85001,270.85001,270.60001,270.63,248951,0,0
2025-12-19 19:05:00,270.62,270.89001,270.56,270.82501,282742,1,0
2025-12-19 19:10:00,270.82001,271.26001,270.82001,271.20999,236495,0,0
2025-12-19 19:15:00,271.20001,271.33499,271.13,271.32501,155981,0,0
2025-12-19 19:20:00,271.32001,271.46011,271.31,271.4501,156467,0,0
2025-12-19 19:25:00,271.45999,271.50989,271.34,271.37,181786,0,0
2025-12-19 19:30:00,271.38,271.42999,271.345,271.41,214043,0,0
2025-12-19 19:35:00,271.40009,271.61929,271.35999,271.57501,178111,0,0
2025-12-19 19:40:00,271.57999,271.64999,271.47,271.48999,155800,0,0
2025-12-19 19:45:00,271.5,271.57999,271.41,271.57999,179694,0,0
2025-12-19 19:50:00,271.60001,271.73999,271.56,271.70001,181417,0,0
2025-12-19 19:55:00,271.69501,271.73999,271.47,271.47,178944,0,0
2025-12-19 20:00:00,271.45999,271.56,271.31229,271.44,300001,0,0
2025-12-19 20:05:00,271.42999,271.51999,271.28,271.4238,194577,0,0
2025-12-19 20:10:00,271.42001,271.53009,271.10501,271.20001,245023,0,0
2025-12-19 20:15:00,271.20001,271.38681,271.0,271.04501,271978,0,0
2025-12-19 20:20:00,271.04501,271.07999,270.17499,270.19,532198,0,0
2025-12-19 20:25:00,270.17999,270.85999,270.17999,270.79999,476333,1,0
2025-12-19 20:30:00,270.81,271.07001,270.64999,270.85999,381281,0,0
2025-12-19 20:35:00,270.87,270.87,270.32001,270.43011,365327,0,0
2025-12-19 20:40:00,270.42999,270.745,270.41,270.59,414026,0,0
2025-12-19 20:45:00,270.59,270.849,270.41,270.45999,402180,0,0
2025-12-19 20:50:00,270.42999,271.36499,269.89999,271.22,1160893,1,0
2025-12-19 20:55:00,271.79999,274.57629,271.26001,273.67001,5469602,0,0
2025-12-22 14:30:00,272.85999,273.88,272.72,272.85001,1673204,0,0
2025-12-22 14:35:00,273.44,273.53,272.32,272.93,546033,0,0
2025-12-22 14:40:00,272.91,273.21,272.51999,272.78311,677473,0,0
2025-12-22 14:45:00,272.78,272.85999,272.07001,272.19501,366307,0,0
2025-12-22 14:50:00,272.19501,273.02249,272.19501,272.78241,433944,0,0
2025-12-22 14:55:00,272.77499,272.97,272.47,272.48001,294118,0,0
2025-12-22 15:00:00,272.47,272.63,272.04459,272.51001,704130,0,0
2025-12-22 15:05:00,272.48999,272.75,272.01999,272.14499,308965,0,0
2025-12-22 15:10:00,272.12,272.32001,271.94,272.03,275423,0,0
2025-12-22 15:15:00,272.01001,272.19989,271.92999,272.09,313661,0,0
2025-12-22 15:20:00,272.1058,272.4899,271.70999,271.73999,249621,0,0
2025-12-22 15:25:00,271.72,272.0799,271.57001,272.01501,268029,0,0
2025-12-22 15:30:00,272.03,272.17001,271.73999,271.78299,270959,0,0
2025-12-22 15:35:00,271.79001,271.85001,271.51001,271.69,232776,0,0
2025-12-22 15:40:00,271.70001,272.05991,271.51999,272.01501,307035,0,0
2025-12-22 15:45:00,272.03009,272.32999,271.98001,272.22,236715,0,0
2025-12-22 15:50:00,272.20001,272.42001,272.13,272.20999,213609,0,0
2025-12-22 15:55:00,272.215,272.41,272.10001,272.32999,176097,0,0
2025-12-22 16:00:00,272.3399,272.42001,272.25,272.34921,144375,0,0
2025-12-22 16:05:00,272.34,272.76999,272.34,272.755,206451,0,0
2025-12-22 16:10:00,272.75,272.79999,272.34,272.35001,217236,0,0
2025-12-22 16:15:00,272.35999,272.68121,272.31,272.57999,150440,0,0
2025-12-22 16:20:00,272.56,272.60999,272.39001,272.39001,157634,0,0
2025-12-22 16:25:00,272.39999,272.48761,272.20001,272.44,154583,0,0
2025-12-22 16:30:00,272.42001,272.51001,272.23001,272.31,133493,0,0
2025-12-22 16:35:00,272.29999,272.36499,272.14001,272.22,180853,0,0
2025-12-22 16:40:00,272.20999,272.255,272.10501,272.14001,148972,0,0
2025-12-22 16:45:00,272.13,272.13,271.95001,272.11649,175262,0,0
2025-12-22 16:50:00,272.10001,272.23099,271.98001,272.04999,156518,0,0
2025-12-22 16:55:00,272.065,272.24829,271.92999,272.19061,178267,0,0
2025-12-22 17:00:00,272.20999,272.29999,271.82001,271.88,208499,0,0
2025-12-22 17:05:00,271.88391,271.9552,271.76001,271.78448,190876,0,0
2025-12-22 17:10:00,271.78,271.92001,271.63,271.75,179227,0,0
2025-12-22 17:15:00,271.75,271.89001,271.51999,271.87,218106,0,0
2025-12-22 17:20:00,271.85999,271.98999,271.85001,271.89001,177834,0,0
2025-12-22 17:25:00,271.88,271.98749,271.85001,271.94,167026,0,0
2025-12-22 17:30:00,271.92001,272.14001,271.89001,271.92499,193426,0,0
2025-12-22 17:35:00,271.91559,272.04999,271.87,271.98999,153538,0,0
2025-12-22 17:40:00,271.98001,272.0,271.80011,271.98999,204822,0,0
2025-12-22 17:45:00,271.98059,272.14001,271.94,271.94989,154022,0,0
2025-12-22 17:50:00,271.94,272.01929,271.64011,271.64011,195580,0,0
2025-12-22 17:55:00,271.64999,271.72,271.39999,271.47009,215342,0,0
2025-12-22 18:00:00,271.49179,271.50681,271.19501,271.28,213490,0,0
2025-12-22 18:05:00,271.26999,271.3299,271.06131,271.1658,150779,0,0
2025-12-22 18:10:00,271.16,271.17999,270.91,270.94,216557,0,0
2025-12-22 18:15:00,270.9353,271.009,270.75,270.84,202858,0,0
2025-12-22 18:20:00,270.82999,270.94101,270.78,270.79501,150664,0,0
2025-12-22 18:25:00,270.79999,270.94,270.73999,270.93991,175569,0,0
2025-12-22 18:30:00,270.935,270.9577,270.81,270.91,160912,0,0
2025-12-22 18:35:00,270.89999,271.10001,270.75,271.06,160415,0,0
2025-12-22 18:40:00,271.07001,271.14001,270.81,270.935,177582,0,0
2025-12-22 18:45:00,270.92999,270.95001,270.76999,270.79001,173723,0,0
2025-12-22 18:50:00,270.80029,270.80499,270.62949,270.64001,192028,0,0
2025-12-22 18:55:00,270.62,270.82001,270.51001,270.76501,283772,0,0
2025-12-22 19:00:00,270.76001,270.92001,270.70999,270.7999,140736,0,0
2025-12-22 19:05:00,270.79999,270.84,270.69,270.815,137832,0,0
2025-12-22 19:10:00,270.81,270.84,270.72501,270.83011,122273,0,0
2025-12-22 19:15:00,270.85999,270.92001,270.64999,270.8201,117531,0,0
2025-12-22 19:20:00,270.82999,270.92001,270.75,270.92001,159644,0,0
2025-12-22 19:25:00,270.9288,271.01999,270.84,270.86499,133631,0,0
2025-12-22 19:30:00,270.87,271.04999,270.8602,270.97879,165923,0,0
2025-12-22 19:35:00,270.98001,270.98001,270.76001,270.88501,187053,0,0
2025-12-22 19:40:00,270.89001,270.95999,270.85001,270.92001,126867,0,0
2025-12-22 19:45:00,270.92001,271.04001,270.88,270.95999,148304,0,0
2025-12-22 19:50:00,270.95999,271.07999,270.85999,271.00089,134539,0,0
2025-12-22 19:55:00,271.005,271.065,270.89001,270.92499,122914,0,0
2025-12-22 20:00:00,270.92499,270.98001,270.82999,270.95499,183225,0,0
2025-12-22 20:05:00,270.95001,271.0,270.88,270.94971,137059,0,0
2025-12-22 20:10:00,270.94,271.05499,270.92001,270.995,167623,0,0
2025-12-22 20:15:00,270.995,271.04999,270.88,271.04559,191604,0,0
2025-12-22 20:20:00,271.04001,271.10999,270.92999,271.01999,244598,0,0
2025-12-22 20:25:00,271.04001,271.05991,270.715,270.72,190084,0,0
2025-12-22 20:30:00,270.715,270.73499,270.505,270.55399,274792,0,0
2025-12-22 20:35:00,270.56,270.64999,270.51999,270.58499,240844,0,0
2025-12-22 20:40:00,270.59,270.69,270.53,270.62,266506,0,0
2025-12-22 20:45:00,270.62,270.79001,270.57999,270.60999,243129,0,0
2025-12-22 20:50:00,270.59,271.19989,270.57999,271.07001,551682,0,0
2025-12-22 20:55:00,271.04999,271.04999,270.57999,270.82001,1023018,0,0
2025-12-23 14:30:00,270.35999,270.95999,269.56,270.17001,1238257,0,0
2025-12-23 14:35:00,270.11011,270.7926,270.08011,270.76001,398078,1,0
2025-12-23 14:40:00,270.76001,271.26999,270.37,271.19,393660,0,0
2025-12-23 14:45:00,271.20001,271.48001,271.07001,271.39999,361902,0,0
2025-12-23 14:50:00,271.39001,271.92999,271.34,271.9166,428406,0,0
2025-12-23 14:55:00,271.91,271.91,271.14001,271.23001,445818,0,0
2025-12-23 15:00:00,271.22501,271.25,270.73001,270.82999,310894,0,0
2025-12-23 15:05:00,270.79999,271.53,270.70001,271.33499,579877,0,0
2025-12-23 15:10:00,271.35001,271.375,270.92001,271.28,171170,0,0
2025-12-23 15:15:00,271.26999,271.60999,271.04001,271.50201,160726,0,0
2025-12-23 15:20:00,271.51001,271.54999,271.0,271.01999,256274,0,1
2025-12-23 15:25:00,271.04999,271.06,270.56,270.84,359700,0,0
2025-12-23 15:30:00,270.84,270.95499,270.70001,270.78,144789,0,0
2025-12-23 15:35:00,270.79001,271.20001,270.76999,271.12,235576,0,0
2025-12-23 15:40:00,271.12,271.17001,270.91,271.17001,173780,0,0
2025-12-23 15:45:00,271.17999,271.45,271.10999,271.405,165235,0,0
2025-12-23 15:50:00,271.39999,271.53,271.31049,271.45999,170525,0,0
2025-12-23 15:55:00,271.44,271.57001,271.26999,271.45999,125868,0,0
2025-12-23 16:00:00,271.44,271.89999,271.43011,271.81,376475,0,0
2025-12-23 16:05:00,271.82999,271.89999,271.5,271.62,226795,0,0
2025-12-23 16:10:00,271.62,271.81,271.62,271.75,149757,0,0
2025-12-23 16:15:00,271.77011,271.95001,271.70001,271.89999,165655,0,0
2025-12-23 16:20:00,271.90009,271.91,271.67499,271.72,141562,0,0
2025-12-23 16:25:00,271.70999,271.79001,271.51999,271.7814,167783,0,0
2025-12-23 16:30:00,271.815,271.92999,271.76001,271.88,145575,0,0
2025-12-23 16:35:00,271.88,271.94,271.72,271.94,134847,0,0
2025-12-23 16:40:00,271.92999,272.17001,271.85999,271.98499,264817,0,0
2025-12-23 16:45:00,271.98999,272.09,271.97,272.09,118434,0,0
2025-12-23 16:50:00,272.10251,272.31119,272.02499,272.2399,215920,0,0
2025-12-23 16:55:00,272.23001,272.26999,272.10001,272.159,113855,0,0
2025-12-23 17:00:00,272.14499,272.23151,271.84201,271.87,274632,0,0
2025-12-23 17:05:00,271.88,271.97,271.73999,271.815,193132,0,0
2025-12-23 17:10:00,271.82999,271.89279,271.685,271.78,208711,0,0
2025-12-23 17:15:00,271.76999,271.85001,271.60001,271.60999,171320,0,0
2025-12-23 17:20:00,271.60999,271.73581,271.57999,271.69,125411,0,0
2025-12-23 17:25:00,271.70001,271.70999,271.47299,271.53,119665,0,0
2025-12-23 17:30:00,271.54001,271.60999,271.10999,271.23001,182897,0,0
2025-12-23 17:35:00,271.23499,271.39001,271.20001,271.37381,93413,0,0
2025-12-23 17:40:00,271.3725,271.44,271.27499,271.435,103155,0,0
2025-12-23 17:45:00,271.43359,271.45999,271.31,271.34,91059,0,0
2025-12-23 17:50:00,271.32999,271.53,271.26999,271.49991,116419,0,0
2025-12-23 17:55:00,271.48001,271.64999,271.42999,271.60999,123428,0,0
2025-12-23 18:00:00,271.60001,271.72,271.56,271.67001,121073,0,0
2025-12-23 18:05:00,271.68399,271.70999,271.60999,271.64999,74102,0,0
2025-12-23 18:10:00,271.64999,271.755,271.63501,271.655,126053,0,0
2025-12-23 18:15:00,271.66,271.66,271.5,271.57001,86997,0,0
2025-12-23 18:20:00,271.59,271.73001,271.57001,271.67999,114845,0,0
2025-12-23 18:25:00,271.67999,271.81,271.67001,271.70001,77292,0,0
2025-12-23 18:30:00,271.70001,271.87,271.69,271.84,82187,0,0
2025-12-23 18:35:00,271.84799,271.97,271.82999,271.89999,90800,0,0
2025-12-23 18:40:00,271.90991,272.12,271.79999,272.07999,104798,0,0
2025-12-23 18:45:00,272.09,272.09,271.74011,271.8501,157408,0,1
2025-12-23 18:50:00,271.85001,272.0228,271.85001,271.89999,105967,0,0
2025-12-23 18:55:00,271.89001,271.89001,271.64001,271.70001,116647,0,0
2025-12-23 19:00:00,271.70001,271.72,271.53729,271.62,117521,0,0
2025-12-23 19:05:00,271.62,271.62,271.5,271.56,126424,0,0
2025-12-23 19:10:00,271.56,271.61279,271.5,271.57001,123145,1,0
2025-12-23 19:15:00,271.57001,271.7536,271.56,271.64001,144327,0,0
2025-12-23 19:20:00,271.64001,271.70499,271.54999,271.63,123490,0,0
2025-12-23 19:25:00,271.625,271.81,271.54001,271.81,149414,0,0
2025-12-23 19:30:00,271.81,272.0304,271.78091,271.9393,152894,0,0
2025-12-23 19:35:00,271.92999,271.96771,271.81,271.82999,104707,0,0
2025-12-23 19:40:00,271.82001,272.21579,271.76001,272.17001,224924,0,0
2025-12-23 19:45:00,272.14999,272.35001,272.10999,272.31,190809,0,0
2025-12-23 19:50:00,272.32001,272.44,272.14001,272.20001,168883,0,1
2025-12-23 19:55:00,272.215,272.215,272.04999,272.08499,118220,0,0
2025-12-23 20:00:00,272.09,272.16,272.035,272.12711,124150,0,0
2025-12-23 20:05:00,272.12,272.14999,271.98001,272.01001,134142,0,0
2025-12-23 20:10:00,272.005,272.1799,272.005,272.02499,162264,0,0
2025-12-23 20:15:00,272.01999,272.03,271.92999,272.01999,183708,0,0
2025-12-23 20:20:00,272.02499,272.04501,271.92999,272.03,172130,0,0
2025-12-23 20:25:00,272.03,272.12,272.005,272.10699,120291,0,0
2025-12-23 20:30:00,272.10001,272.17001,272.03,272.16501,142939,0,0
2025-12-23 20:35:00,272.16,272.17499,272.01999,272.04999,131639,0,0
2025-12-23 20:40:00,272.06,272.0936,271.84009,271.94501,179712,0,0
2025-12-23 20:45:00,271.965,272.03,271.84,271.94,181680,0,0
2025-12-23 20:50:00,271.95001,272.42999,271.85001,272.35001,583304,0,0
2025-12-23 20:55:00,272.35999,272.45001,272.20999,272.23999,1068435,0,0
2025-12-24 14:30:00,273.25,274.30499,273.09,273.87,1656353,0,0
2025-12-24 14:35:00,273.91,274.73999,273.88,274.39499,522404,0,0
2025-12-24 14:40:00,274.39001,274.54999,274.04501,274.13501,361939,0,0
2025-12-24 14:45:00,274.11499,274.42599,273.57269,273.6312,347305,0,0
2025-12-24 14:50:00,273.64001,274.17001,273.63,274.10999,219763,0,0
2025-12-24 14:55:00,274.14001,274.23001,273.92999,274.19501,272506,0,0
2025-12-24 15:00:00,274.17542,274.29999,273.76001,273.88,302531,0,0
2025-12-24 15:05:00,273.92001,274.09039,273.70001,273.88501,170807,0,0
2025-12-24 15:10:00,273.90991,274.19,273.89001,274.04501,155568,0,0
2025-12-24 15:15:00,274.03,274.45001,273.79999,274.37,231049,0,0
2025-12-24 15:20:00,274.35999,274.38,274.01001,274.10001,201845,0,0
2025-12-24 15:25:00,274.12711,274.13,273.9201,274.0351,147553,0,0
2025-12-24 15:30:00,274.04001,274.20999,273.91,274.12,168058,0,0
2025-12-24 15:35:00,274.17999,274.34,274.065,274.1199,163126,0,0
2025-12-24 15:40:00,274.12,274.34,274.095,274.24899,155338,0,0
2025-12-24 15:45:00,274.25,274.35001,274.20999,274.26929,129924,0,0
2025-12-24 15:50:00,274.26001,274.44,274.17999,274.35001,177150,0,0
2025-12-24 15:55:00,274.35001,274.56909,274.185,274.56909,148646,0,0
2025-12-24 16:00:00,274.5625,274.70999,274.48999,274.70001,152755,0,0
2025-12-24 16:05:00,274.69,274.92001,274.67899,274.81,215112,0,0
2025-12-24 16:10:00,274.82001,275.04999,274.76999,274.98981,279206,0,0
2025-12-24 16:15:00,274.98999,275.04001,274.69,274.78,196836,0,0
2025-12-24 16:20:00,274.78009,274.91,274.70999,274.89001,141906,0,0
2025-12-24 16:25:00,274.89001,274.98999,274.77499,274.85101,168176,0,0
2025-12-24 16:30:00,274.85999,275.155,274.82999,275.13,202479,0,0
2025-12-24 16:35:00,275.13,275.20999,274.94,274.95999,221429,0,0
2025-12-24 16:40:00,274.95001,275.16,274.88,275.16,197070,0,0
2025-12-24 16:45:00,275.17999,275.31,275.13,275.26999,177227,0,0
2025-12-24 16:50:00,275.28,275.34,275.12,275.15991,169043,0,0
2025-12-24 16:55:00,275.14899,275.25751,275.10999,275.14999,118225,0,0
2025-12-24 17:00:00,275.17001,275.2374,275.09,275.13,160533,0,0
2025-12-24 17:05:00,275.12,275.14499,274.97,275.09,141892,0,0
2025-12-24 17:10:00,275.09,275.29001,275.04999,275.22,197347,0,0
2025-12-24 17:15:00,275.22,275.35001,275.12009,275.19,146647,0,0
2025-12-24 17:20:00,275.19,275.38,275.16751,275.27499,144464,0,0
2025-12-24 17:25:00,275.26999,275.42999,275.17001,275.35999,178799,0,0
2025-12-24 17:30:00,275.35501,275.39001,275.17871,275.26001,202096,0,0
2025-12-24 17:35:00,275.25269,275.26001,274.995,275.00009,174881,0,0
2025-12-24 17:40:00,275.01001,275.09,274.85001,274.89001,204109,0,0
2025-12-24 17:45:00,274.8501,274.92499,274.01999,274.23001,355544,0,0
2025-12-24 17:50:00,274.22501,274.27371,273.98999,274.125,304502,0,0
2025-12-24 17:55:00,274.10999,274.10999,273.56,273.85001,712520,0,0
2025-12-26 14:30:00,274.25,275.07999,274.06,274.89639,787087,0,0
2025-12-26 14:35:00,274.92999,275.31,274.66,275.04999,304456,0,0
2025-12-26 14:40:00,275.04999,275.25,274.897,275.09,207765,0,0
2025-12-26 14:45:00,275.10999,275.37,274.88,274.89999,252314,0,1
2025-12-26 14:50:00,274.92001,275.0,274.51501,274.685,199163,0,0
2025-12-26 14:55:00,274.685,274.75,274.34,274.45999,179303,0,0
2025-12-26 15:00:00,274.465,274.51001,274.13501,274.19501,175979,0,0
2025-12-26 15:05:00,274.20999,274.67999,274.14499,274.64679,165697,0,0
2025-12-26 15:10:00,274.63,274.73999,274.22,274.34,159872,0,0
2025-12-26 15:15:00,274.38,274.56509,274.28,274.5,154577,0,0
2025-12-26 15:20:00,274.5,274.685,274.41,274.64999,169176,0,0
2025-12-26 15:25:00,274.64999,274.82999,274.44,274.8248,144597,0,0
2025-12-26 15:30:00,274.815,274.95999,274.67001,274.87,160257,0,0
2025-12-26 15:35:00,274.89999,274.935,274.70001,274.76001,120652,0,0
2025-12-26 15:40:00,274.76001,274.82791,274.66,274.67001,109584,0,0
2025-12-26 15:45:00,274.64001,274.66531,274.5,274.59,112298,0,0
2025-12-26 15:50:00,274.56,274.78751,274.45999,274.77499,95420,0,0
2025-12-26 15:55:00,274.77869,274.89001,274.51999,274.72409,117918,0,0
2025-12-26 16:00:00,274.70999,274.98001,274.70999,274.94958,140077,0,0
2025-12-26 16:05:00,274.95499,274.98001,274.76001,274.76001,136494,0,0
2025-12-26 16:10:00,274.75,274.78,274.42999,274.435,144736,0,0
2025-12-26 16:15:00,274.45001,274.64041,274.37,274.62,103476,0,0
2025-12-26 16:20:00,274.63,274.92001,274.60001,274.92001,102331,0,0
2025-12-26 16:25:00,274.91,274.94,274.82001,274.88,91640,0,0
2025-12-26 16:30:00,274.88,274.935,274.82999,274.85001,94065,0,0
2025-12-26 16:35:00,274.84,274.8588,274.68701,274.70001,89400,0,0
2025-12-26 16:40:00,274.69,274.73999,274.60001,274.60001,65194,0,0
2025-12-26 16:45:00,274.62,274.69,274.53,274.65259,79913,0,0
2025-12-26 16:50:00,274.64999,274.73001,274.62,274.67001,81545,0,0
2025-12-26 16:55:00,274.67001,274.67999,274.56,274.57999,68806,0,0
2025-12-26 17:00:00,274.59,274.60999,274.41,274.5907,97767,0,0
2025-12-26 17:05:00,274.60999,274.75,274.56,274.69,68726,0,0
2025-12-26 17:10:00,274.67999,274.68991,274.48999,274.53,206719,0,0
2025-12-26 17:15:00,274.509,274.60001,274.48001,274.54999,75134,0,0
2025-12-26 17:20:00,274.54999,274.6799,274.47,274.655,69360,0,0
2025-12-26 17:25:00,274.655,274.69,274.62,274.64001,82471,0,0
2025-12-26 17:30:00,274.63,274.64001,274.37,274.37,77804,0,0
2025-12-26 17:35:00,274.37119,274.45001,274.29001,274.38,102286,0,0
2025-12-26 17:40:00,274.39001,274.39001,274.22501,274.36319,68820,0,0
2025-12-26 17:45:00,274.35001,274.50009,274.33011,274.45001,66947,0,0
2025-12-26 17:50:00,274.44791,274.47989,274.36499,274.45999,51687,0,0
2025-12-26 17:55:00,274.47,274.5,274.42999,274.5,67579,0,0
2025-12-26 18:00:00,274.48001,274.6199,274.45999,274.60999,76208,0,0
2025-12-26 18:05:00,274.60001,274.60901,274.53049,274.55499,57355,0,0
2025-12-26 18:10:00,274.54999,274.64999,274.5,274.59009,94477,0,0
2025-12-26 18:15:00,274.57999,274.63,274.5,274.56,70790,0,0
2025-12-26 18:20:00,274.54999,274.57001,274.42749,274.51501,85520,0,0
2025-12-26 18:25:00,274.51999,274.53,274.42999,274.51999,83774,0,0
2025-12-26 18:30:00,274.52499,274.625,274.38,274.625,316910,0,0
2025-12-26 18:35:00,274.625,274.92001,274.60999,274.92001,178621,0,0
2025-12-26 18:40:00,274.91501,274.95001,274.71579,274.73529,83743,0,0
2025-12-26 18:45:00,274.73999,274.88989,274.67001,274.85999,68548,0,0
2025-12-26 18:50:00,274.89999,274.98499,274.82999,274.98001,74569,0,0
2025-12-26 18:55:00,274.98001,274.98499,274.72,274.73001,89698,0,1
2025-12-26 19:00:00,274.73001,274.7399,274.51999,274.58011,158674,0,0
2025-12-26 19:05:00,274.59,274.66,274.56699,274.66,91698,0,0
2025-12-26 19:10:00,274.66,274.77011,274.60001,274.60999,98508,0,0
2025-12-26 19:15:00,274.62,274.67679,274.59,274.62,73221,0,0
2025-12-26 19:20:00,274.62,274.74799,274.57999,274.715,133905,0,0
2025-12-26 19:25:00,274.73001,274.814,274.67999,274.7601,79246,0,0
2025-12-26 19:30:00,274.76501,274.82999,274.70001,274.70999,88875,0,0
2025-12-26 19:35:00,274.715,274.8252,274.62,274.62,72135,0,0
2025-12-26 19:40:00,274.625,274.67001,274.51001,274.5199,122342,0,0
2025-12-26 19:45:00,274.51001,274.60001,274.47,274.51999,106253,0,0
2025-12-26 19:50:00,274.53,274.59991,274.53,274.54999,81950,0,0
2025-12-26 19:55:00,274.56,274.59,274.48001,274.49921,87725,0,0
2025-12-26 20:00:00,274.48999,274.54001,274.32999,274.32999,112088,0,0
2025-12-26 20:05:00,274.32001,274.32999,274.11011,274.20001,189998,0,0
2025-12-26 20:10:00,274.20999,274.23999,274.10999,274.14499,120415,0,0
2025-12-26 20:15:00,274.14011,274.17999,274.01999,274.04001,114603,0,0
2025-12-26 20:20:00,274.04001,274.10001,273.94,274.01999,186519,0,0
2025-12-26 20:25:00,274.0112,274.10001,273.87009,273.98001,180644,0,0
2025-12-26 20:30:00,273.98001,273.98999,273.80499,273.91,207580,0,0
2025-12-26 20:35:00,273.89001,273.89001,273.60001,273.76001,284398,0,0
2025-12-26 20:40:00,273.76999,273.82001,273.64001,273.72,237392,0,0
2025-12-26 20:45:00,273.73001,273.73999,273.48999,273.5,244082,0,0
2025-12-26 20:50:00,273.5,273.54999,272.87,273.01001,472955,0,0
2025-12-26 20:55:00,273.04999,273.45999,272.88,273.25,1116844,0,0
2025-12-29 14:30:00,272.69,274.20001,272.39001,273.37,1175115,1,0
2025-12-29 14:35:00,273.39999,274.35999,273.10001,274.11401,367741,0,0
2025-12-29 14:40:00,274.14001,274.35001,273.53,273.66501,283460,0,1
2025-12-29 14:45:00,273.69,273.97,273.48999,273.89499,219129,0,0
2025-12-29 14:50:00,273.88641,274.07001,273.5618,274.0,202191,0,0
2025-12-29 14:55:00,274.005,274.01001,273.73999,273.85999,145984,0,0
2025-12-29 15:00:00,273.87,273.98901,273.45001,273.54999,204775,0,0
2025-12-29 15:05:00,273.55011,273.67999,273.25,273.25,256183,0,0
2025-12-29 15:10:00,273.246,273.375,272.92001,273.10999,188960,0,0
2025-12-29 15:15:00,273.12,273.42001,273.11151,273.29001,189906,0,0
2025-12-29 15:20:00,273.29999,273.78989,273.23999,273.76999,238151,0,0
2025-12-29 15:25:00,273.76001,274.0199,273.76001,273.95432,233476,0,0
2025-12-29 15:30:00,273.95001,273.97,273.79001,273.89999,147201,0,0
2025-12-29 15:35:00,273.91,274.03,273.85001,273.89499,179376,0,0
2025-12-29 15:40:00,273.89499,273.98999,273.73999,273.76001,141201,0,0
2025-12-29 15:45:00,273.76501,273.79999,273.38,273.41501,158382,0,0
2025-12-29 15:50:00,273.39999,273.42001,272.98999,273.39999,166748,0,0
2025-12-29 15:55:00,273.39249,273.505,273.26001,273.26001,136193,0,0
2025-12-29 16:00:00,273.25,273.41,273.20999,273.20999,92040,0,0
2025-12-29 16:05:00,273.23999,273.44,273.13501,273.20001,117096,0,0
2025-12-29 16:10:00,273.215,273.45001,273.13,273.29999,110879,0,0
2025-12-29 16:15:00,273.285,273.31,273.16,273.26001,90135,0,0
2025-12-29 16:20:00,273.26999,273.29001,273.07001,273.28,96975,0,0
2025-12-29 16:25:00,273.29999,273.35999,273.13879,273.22,97153,0,0
2025-12-29 16:30:00,273.21881,273.29001,272.97,273.01001,105582,0,0
2025-12-29 16:35:00,273.0,273.13,272.88,272.95999,101853,0,0
2025-12-29 16:40:00,272.95001,273.04999,272.82999,273.01999,125296,0,0
2025-12-29 16:45:00,273.02499,273.13,272.95999,273.11499,111206,0,0
2025-12-29 16:50:00,273.10959,273.25,273.07001,273.23999,107736,0,0
2025-12-29 16:55:00,273.25,273.26999,273.10001,273.14999,102059,0,0
2025-12-29 17:00:00,273.14999,273.285,273.10999,273.1799,85379,0,0
2025-12-29 17:05:00,273.16,273.20999,273.0701,273.10001,91408,0,0
2025-12-29 17:10:00,273.10001,273.19,273.01001,273.10999,105312,0,0
2025-12-29 17:15:00,273.10501,273.28,273.06,273.09009,89552,0,0
2025-12-29 17:20:00,273.10001,273.23001,273.09009,273.20999,52783,0,0
2025-12-29 17:25:00,273.20001,273.215,272.97,273.04001,125201,0,0
2025-12-29 17:30:00,273.04001,273.14011,272.95029,273.04501,99520,0,0
2025-12-29 17:35:00,273.04001,273.13,272.98999,273.02499,81322,0,0
2025-12-29 17:40:00,273.01721,273.12,273.01001,273.08499,83002,0,0
2025-12-29 17:45:00,273.09091,273.10999,273.02011,273.02011,84157,0,0
2025-12-29 17:50:00,273.04001,273.23001,273.04001,273.19211,138886,0,0
2025-12-29 17:55:00,273.20001,273.26999,273.17499,273.17999,120972,0,0
2025-12-29 18:00:00,273.16,273.17999,273.08011,273.14001,87540,0,0
2025-12-29 18:05:00,273.14001,273.39001,273.12,273.30881,92269,0,0
2025-12-29 18:10:00,273.31,273.48999,273.23999,273.45999,113323,0,0
2025-12-29 18:15:00,273.47,273.57999,273.44,273.51001,126760,0,0
2025-12-29 18:20:00,273.51001,273.67001,273.465,273.6315,128595,0,0
2025-12-29 18:25:00,273.63,273.67001,273.5,273.64001,2078206,0,0
2025-12-29 18:30:00,273.63,273.79999,273.56,273.76019,2079091,0,0
2025-12-29 18:35:00,273.7601,273.97,273.7601,273.89001,145805,0,0
2025-12-29 18:40:00,273.89999,274.0,273.85001,273.9639,140978,0,0
2025-12-29 18:45:00,273.98001,273.98001,273.828,273.85001,92671,0,1
2025-12-29 18:50:00,273.85001,273.89001,273.75,273.85001,75071,0,0
2025-12-29 18:55:00,273.82999,273.901,273.763,273.8956,81621,0,0
2025-12-29 19:00:00,273.89999,273.9101,273.56,273.57999,107013,0,0
2025-12-29 19:05:00,273.57999,273.67999,273.51599,273.6608,116411,0,0
2025-12-29 19:10:00,273.64999,273.707,273.54001,273.54581,71527,0,0
2025-12-29 19:15:00,273.5401,273.54999,273.44,273.48999,87129,0,0
2025-12-29 19:20:00,273.5,273.64001,273.5,273.62,97534,0,0
2025-12-29 19:25:00,273.62,273.79001,273.60999,273.67999,93705,0,0
2025-12-29 19:30:00,273.67999,273.87,273.67001,273.79001,122910,0,0
2025-12-29 19:35:00,273.79001,273.84,273.75,273.75,84335,0,0
2025-12-29 19:40:00,273.76001,273.88,273.76001,273.79999,114392,0,0
2025-12-29 19:45:00,273.79999,273.98001,273.77011,273.89679,117231,0,0
2025-12-29 19:50:00,273.88,273.95001,273.82001,273.8548,114451,0,0
2025-12-29 19:55:00,273.85001,274.0,273.85001,273.91,130199,0,0
2025-12-29 20:00:00,273.91,274.0,273.89999,273.95999,87557,0,0
2025-12-29 20:05:00,273.95499,273.995,273.935,273.98001,85696,0,0
2025-12-29 20:10:00,273.98499,274.0,273.8201,273.88559,3138037,0,0
2025-12-29 20:15:00,273.88501,273.94989,273.73001,273.75,131907,0,0
2025-12-29 20:20:00,273.76001,273.91,273.75009,273.87,133833,0,0
2025-12-29 20:25:00,273.87,273.92001,273.80499,273.9028,93352,0,0
2025-12-29 20:30:00,273.91,273.94,273.73001,273.73999,146936,0,0
2025-12-29 20:35:00,273.73001,273.79001,273.56,273.60001,164431,0,0
2025-12-29 20:40:00,273.60999,273.70001,273.54001,273.64999,136079,0,0
2025-12-29 20:45:00,273.67001,273.74991,273.45999,273.5,173977,0,0
2025-12-29 20:50:00,273.51001,273.86499,273.51001,273.685,276126,0,0
2025-12-29 20:55:00,273.70001,273.88,273.63159,273.79901,555264,0,0
2025-12-30 14:30:00,274.0,274.07001,272.79001,272.81851,1047835,0,1
2025-12-30 14:35:00,272.815,273.44,272.47,273.16,331428,1,0
2025-12-30 14:40:00,273.17001,273.79999,273.04999,273.32001,273344,0,0
2025-12-30 14:45:00,273.31,273.70001,273.0,273.60001,215321,0,0
2025-12-30 14:50:00,273.60001,273.63501,273.405,273.63,145665,0,0
2025-12-30 14:55:00,273.6217,273.85001,273.54999,273.64001,185801,0,0
2025-12-30 15:00:00,273.62,273.70001,273.20999,273.28,177962,0,0
2025-12-30 15:05:00,273.28,273.32669,272.89999,272.92999,204206,0,0
2025-12-30 15:10:00,272.92001,273.09,272.51999,272.60999,206902,0,0
2025-12-30 15:15:00,272.60999,273.0,272.59,272.87,181281,0,0
2025-12-30 15:20:00,272.85999,272.89001,272.54999,272.66,187568,0,0
2025-12-30 15:25:00,272.66,272.69,272.39481,272.59,178520,0,0
2025-12-30 15:30:00,272.57999,272.78,272.53,272.715,140482,0,0
2025-12-30 15:35:00,272.715,272.8299,272.63,272.70999,131667,0,0
2025-12-30 15:40:00,272.70999,272.73999,272.42001,272.5,182841,0,0
2025-12-30 15:45:00,272.51511,272.73001,272.45001,272.70999,176589,0,0
2025-12-30 15:50:00,272.70999,272.97,272.64999,272.79001,158229,0,0
2025-12-30 15:55:00,272.79819,273.04999,272.72821,272.85999,151965,0,0
2025-12-30 16:00:00,272.85999,273.215,272.82001,273.16,181132,0,0
2025-12-30 16:05:00,273.16,273.31989,273.13049,273.14001,124569,0,1
2025-12-30 16:10:00,273.12009,273.22,273.07999,273.095,107357,0,0
2025-12-30 16:15:00,273.08011,273.12,272.95999,273.04999,102308,0,0
2025-12-30 16:20:00,273.0509,273.32001,273.04999,273.16,126382,0,0
2025-12-30 16:25:00,273.16,273.16,272.78,272.8598,127700,0,0
2025-12-30 16:30:00,272.82999,272.92001,272.75,272.78,98964,0,0
2025-12-30 16:35:00,272.76999,272.8399,272.5,272.62,169500,0,0
2025-12-30 16:40:00,272.60999,272.70999,272.5,272.69,146661,0,0
2025-12-30 16:45:00,272.70001,272.72,272.45999,272.47,137159,0,0
2025-12-30 16:50:00,272.48001,272.56,272.31,272.42999,179695,0,0
2025-12-30 16:55:00,272.44,272.45999,272.35001,272.38,110911,0,0
2025-12-30 17:00:00,272.37,272.43539,272.28,272.34,119240,0,0
2025-12-30 17:05:00,272.345,272.48999,272.28,272.44269,104355,0,0
2025-12-30 17:10:00,272.44501,272.48001,272.29001,272.42999,118870,0,0
2025-12-30 17:15:00,272.42081,272.55011,272.35721,272.50479,168426,0,0
2025-12-30 17:20:00,272.51001,272.6265,272.45001,272.53,134465,0,0
2025-12-30 17:25:00,272.52011,272.63,272.48001,272.59,94442,0,0
2025-12-30 17:30:00,272.59,272.85999,272.56,272.76999,127127,0,0
2025-12-30 17:35:00,272.77499,272.83121,272.73999,272.81,80689,0,0
2025-12-30 17:40:00,272.82001,272.849,272.67001,272.76001,87194,0,0
2025-12-30 17:45:00,272.76501,272.9198,272.69,272.89999,68282,0,0
2025-12-30 17:50:00,272.89001,272.97501,272.87,272.94,82215,0,0
2025-12-30 17:55:00,272.92999,272.92999,272.82001,272.89001,75233,0,0
2025-12-30 18:00:00,272.8949,272.92001,272.73001,272.92001,91493,0,0
2025-12-30 18:05:00,272.91,273.07001,272.91,273.0401,140267,0,0
2025-12-30 18:10:00,273.06,273.13721,273.04819,273.07001,103039,0,0
2025-12-30 18:15:00,273.06,273.19,273.06,273.17999,78212,0,0
2025-12-30 18:20:00,273.17999,273.17999,273.06,273.09,77037,0,0
2025-12-30 18:25:00,273.07999,273.16,273.06009,273.10001,126584,0,0
2025-12-30 18:30:00,273.10001,273.19,273.10001,273.18091,182669,0,0
2025-12-30 18:35:00,273.17999,273.20999,273.0401,273.06,98411,0,0
2025-12-30 18:40:00,273.07001,273.26999,273.0101,273.23499,125380,0,0
2025-12-30 18:45:00,273.23999,273.37991,273.17999,273.31,105195,0,0
2025-12-30 18:50:00,273.29999,273.35999,273.25,273.34991,100930,0,0
2025-12-30 18:55:00,273.34991,273.37,273.20999,273.23001,103404,0,0
2025-12-30 19:00:00,273.22,273.32001,273.17999,273.20999,106552,0,0
2025-12-30 19:05:00,273.20001,273.47501,273.19,273.42789,113167,0,0
2025-12-30 19:10:00,273.42999,273.435,273.22,273.39001,112070,0,0
2025-12-30 19:15:00,273.38,273.51999,273.37,273.48999,156689,0,0
2025-12-30 19:20:00,273.5,273.52179,273.35001,273.38,96671,0,1
2025-12-30 19:25:00,273.37009,273.4877,273.31009,273.39001,95165,0,0
2025-12-30 19:30:00,273.38,273.45001,273.32001,273.35501,107824,0,0
2025-12-30 19:35:00,273.35989,273.37,273.20001,273.24011,102437,0,0
2025-12-30 19:40:00,273.23999,273.29999,273.20001,273.22,85864,0,0
2025-12-30 19:45:00,273.22,273.245,273.155,273.19,112509,0,0
2025-12-30 19:50:00,273.20001,273.20499,273.09,273.17999,100428,0,0
2025-12-30 19:55:00,273.20001,273.29999,273.17001,273.29001,127617,0,0
2025-12-30 20:00:00,273.29001,273.35001,273.24011,273.28,109664,0,0
2025-12-30 20:05:00,273.27499,273.39001,273.23001,273.36929,133234,0,0
2025-12-30 20:10:00,273.37,273.38,273.23871,273.26999,155327,0,0
2025-12-30 20:15:00,273.26999,273.41129,273.255,273.35999,108362,0,0
2025-12-30 20:20:00,273.37,273.47449,273.32501,273.345,119123,0,0
2025-12-30 20:25:00,273.34,273.37991,273.16,273.16501,133916,0,0
2025-12-30 20:30:00,273.16,273.255,273.06,273.16,212687,0,0
2025-12-30 20:35:00,273.16501,273.20999,273.12,273.17499,166177,0,0
2025-12-30 20:40:00,273.17999,273.22,273.09,273.14999,215074,0,0
2025-12-30 20:45:00,273.14999,273.17001,273.03009,273.07999,178273,0,0
2025-12-30 20:50:00,273.09,273.19119,272.73999,273.01999,376177,0,0
2025-12-30 20:55:00,273.01001,273.19,272.88,272.98999,973585,0,0
2025-12-31 14:30:00,273.35999,273.67999,272.5,272.67001,821192,0,0
2025-12-31 14:35:00,272.69,272.97,272.54501,272.85001,548306,0,0
2025-12-31 14:40:00,272.87161,272.87161,272.29001,272.38501,202058,0,0
2025-12-31 14:45:00,272.37,272.67001,272.23181,272.67001,152090,1,0
2025-12-31 14:50:00,272.69,273.091,272.63,273.04999,184634,0,0
2025-12-31 14:55:00,273.07501,273.12,272.85999,273.06,133867,0,0
2025-12-31 15:00:00,273.07999,273.10999,272.8725,273.04001,195737,0,0
2025-12-31 15:05:00,273.04999,273.06,272.86981,272.89999,114231,0,0
2025-12-31 15:10:00,272.92001,273.0899,272.85001,273.07071,113664,0,0
2025-12-31 15:15:00,273.10001,273.10999,272.54001,272.54999,129916,0,0
2025-12-31 15:20:00,272.56,272.60999,272.39999,272.42999,164507,0,0
2025-12-31 15:25:00,272.42999,272.53,272.38501,272.48999,183781,0,0
2025-12-31 15:30:00,272.495,272.58499,272.34009,272.41,166851,0,0
2025-12-31 15:35:00,272.39001,272.46991,272.24969,272.32999,137033,0,0
2025-12-31 15:40:00,272.32999,272.42911,272.28,272.418,119995,0,0
2025-12-31 15:45:00,272.40231,272.40231,272.10999,272.19,142337,0,0
2025-12-31 15:50:00,272.19,272.20001,272.01999,272.14999,150207,0,0
2025-12-31 15:55:00,272.16,272.16,271.76001,271.89001,255526,0,0
2025-12-31 16:00:00,271.92001,272.26999,271.90491,272.10001,200070,0,0
2025-12-31 16:05:00,272.104,272.26001,272.04999,272.16,151381,0,0
2025-12-31 16:10:00,272.16,272.23001,272.07001,272.14401,104503,0,0
2025-12-31 16:15:00,272.16,272.34,272.10001,272.34,149732,0,0
2025-12-31 16:20:00,272.35001,272.46991,272.31,272.41501,176275,0,0
2025-12-31 16:25:00,272.42999,272.5,272.34,272.48999,132803,0,0
2025-12-31 16:30:00,272.48999,272.54999,272.26999,272.45999,143124,0,0
2025-12-31 16:35:00,272.45001,272.62,272.405,272.61499,147694,0,0
2025-12-31 16:40:00,272.60999,272.63,272.37009,272.40991,133699,0,0
2025-12-31 16:45:00,272.39499,272.5,272.29001,272.45999,96573,0,0
2025-12-31 16:50:00,272.45001,272.68991,272.45001,272.57999,129217,0,0
2025-12-31 16:55:00,272.57999,272.76999,272.57999,272.76141,86407,0,0
2025-12-31 17:00:00,272.76001,272.79001,272.57999,272.57999,111928,0,0
2025-12-31 17:05:00,272.57999,272.62,272.3277,272.33899,1739962,0,0
2025-12-31 17:10:00,272.34,272.54001,272.30499,272.51999,98447,0,0
2025-12-31 17:15:00,272.52499,272.79001,272.51001,272.76999,94910,0,0
2025-12-31 17:20:00,272.76999,272.79999,272.67999,272.70999,86835,0,0
2025-12-31 17:25:00,272.70999,272.79901,272.64999,272.67001,87855,0,0
2025-12-31 17:30:00,272.66,272.79001,272.64001,272.77011,98350,0,0
2025-12-31 17:35:00,272.76999,272.79001,272.58499,272.60999,102667,0,0
2025-12-31 17:40:00,272.60501,272.81,272.57001,272.7901,104909,0,0
2025-12-31 17:45:00,272.785,272.88,272.755,272.81,113614,0,0
2025-12-31 17:50:00,272.81,272.85001,272.73001,272.785,105938,0,0
2025-12-31 17:55:00,272.78,272.79999,272.66,272.76999,100545,0,0
2025-12-31 18:00:00,272.76599,272.85989,272.715,272.82999,87423,0,0
2025-12-31 18:05:00,272.85989,272.95999,272.70999,272.95499,132433,0,0
2025-12-31 18:10:00,272.95001,273.09,272.85999,273.09,186241,0,0
2025-12-31 18:15:00,273.09,273.10001,272.6301,272.66501,172660,0,1
2025-12-31 18:20:00,272.66501,272.69,272.59,272.67999,101543,0,0
2025-12-31 18:25:00,272.69,272.76001,272.54999,272.625,139348,0,0
2025-12-31 18:30:00,272.625,272.77499,272.60001,272.77499,112711,1,0
2025-12-31 18:35:00,272.79001,272.867,272.57999,272.66,116485,0,0
2025-12-31 18:40:00,272.66,272.95001,272.66,272.94,97986,0,0
2025-12-31 18:45:00,272.95001,273.13989,272.92999,273.07999,144721,0,0
2025-12-31 18:50:00,273.10001,273.32999,273.10001,273.31,116853,0,0
2025-12-31 18:55:00,273.29001,273.32999,273.22009,273.29501,117564,0,0
2025-12-31 19:00:00,273.28,273.42999,273.27899,273.31,120467,0,0
2025-12-31 19:05:00,273.29999,273.32999,273.14001,273.26001,194019,0,0
2025-12-31 19:10:00,273.26999,273.29001,273.11499,273.23001,129355,0,0
2025-12-31 19:15:00,273.23999,273.23999,273.04001,273.07999,98602,0,0
2025-12-31 19:20:00,273.07999,273.20819,272.95999,273.155,117477,0,0
2025-12-31 19:25:00,273.14999,273.16,272.95999,272.96091,90050,0,0
2025-12-31 19:30:00,272.97021,273.00681,272.62,272.62,106013,0,0
2025-12-31 19:35:00,272.64001,272.97,272.60339,272.845,126358,0,0
2025-12-31 19:40:00,272.85001,272.95001,272.79999,272.94,94667,0,0
2025-12-31 19:45:00,272.92001,272.94,272.82999,272.85001,64273,0,0
2025-12-31 19:50:00,272.86499,272.91989,272.62,272.70001,96150,0,0
2025-12-31 19:55:00,272.6893,272.76999,272.67001,272.70999,131760,0,0
2025-12-31 20:00:00,272.70999,272.73001,272.34061,272.42001,2877613,0,0
2025-12-31 20:05:00,272.44,272.57999,272.26999,272.32999,112467,0,0
2025-12-31 20:10:00,272.31,272.36139,272.17999,272.32999,140180,0,0
2025-12-31 20:15:00,272.32001,272.48999,272.31,272.44,127891,0,0
2025-12-31 20:20:00,272.42999,272.42999,271.95999,272.14999,159617,0,0
2025-12-31 20:25:00,272.14999,272.17001,272.01001,272.07999,118262,0,0
2025-12-31 20:30:00,272.09,272.56,272.01999,272.53,149991,0,0
2025-12-31 20:35:00,272.53009,272.73999,272.48999,272.48999,152683,0,0
2025-12-31 20:40:00,272.48001,272.715,272.39999,272.70999,197674,0,0
2025-12-31 20:45:00,272.70999,272.75,272.42999,272.48999,171220,0,0
2025-12-31 20:50:00,272.44,272.67499,272.28,272.38,3598729,0,0
2025-12-31 20:55:00,272.375,272.48999,271.75,271.84,1448658,0,0
2026-01-02 14:30:00,272.0,273.39001,272.0,273.19,1791014,0,0
2026-01-02 14:35:00,273.16,274.42999,272.92001,273.98999,613743,0,0
2026-01-02 14:40:00,274.01999,275.54999,273.95801,275.54999,765889,0,0
2026-01-02 14:45:00,275.57001,277.49841,275.52899,277.41849,954179,0,0
2026-01-02 14:50:00,277.42499,277.8248,276.875,277.07501,753600,0,1
2026-01-02 14:55:00,277.07861,277.27991,276.61899,276.95499,431058,0,0
2026-01-02 15:00:00,276.95499,277.75,276.89999,277.17999,583223,0,0
2026-01-02 15:05:00,277.181,277.22,276.28,276.2901,370284,0,0
2026-01-02 15:10:00,276.32001,276.45999,275.51001,275.51001,341789,0,0
2026-01-02 15:15:00,275.51001,275.51001,274.85999,274.95999,325861,0,0
2026-01-02 15:20:00,275.01001,275.01001,273.70999,273.73999,411831,0,0
2026-01-02 15:25:00,273.76001,273.88,273.37009,273.39001,343052,0,0
2026-01-02 15:30:00,273.37,273.39001,272.9101,273.10999,412445,0,0
2026-01-02 15:35:00,273.10001,273.17999,272.35999,272.565,289003,0,0
2026-01-02 15:40:00,272.565,272.98999,272.38,272.75,300974,0,0
2026-01-02 15:45:00,272.76001,273.29001,272.56,272.64801,312074,0,0
2026-01-02 15:50:00,272.66,272.73001,271.70001,271.966,456754,0,0
2026-01-02 15:55:00,271.97198,272.20999,270.60001,270.64999,479356,0,0
2026-01-02 16:00:00,270.64999,270.68991,270.13,270.42999,470258,0,0
2026-01-02 16:05:00,270.42001,270.70041,270.03,270.68961,299934,0,0
2026-01-02 16:10:00,270.67999,270.73801,269.82999,270.625,355347,0,0
2026-01-02 16:15:00,270.625,270.84839,270.13,270.23999,262594,0,0
2026-01-02 16:20:00,270.23001,270.66,270.01001,270.53,228520,0,0
2026-01-02 16:25:00,270.51999,270.57791,270.26999,270.32458,211225,0,0
2026-01-02 16:30:00,270.29999,270.95999,270.17999,270.89001,221586,0,0
2026-01-02 16:35:00,270.88501,270.95999,270.48001,270.59,190255,0,0
2026-01-02 16:40:00,270.58499,270.60001,270.14999,270.14999,188709,0,0
2026-01-02 16:45:00,270.14001,270.32001,270.01999,270.10001,205337,0,0
2026-01-02 16:50:00,270.09,270.10989,269.58011,269.70001,274360,0,0
2026-01-02 16:55:00,269.70001,269.875,269.60001,269.64999,148834,0,0
2026-01-02 17:00:00,269.64001,269.70999,269.10999,269.23001,304978,0,0
2026-01-02 17:05:00,269.22,269.73999,269.22,269.67001,200291,1,0
2026-01-02 17:10:00,269.67499,270.24991,269.66,270.23001,202260,0,0
2026-01-02 17:15:00,270.22501,270.27499,269.92249,269.9325,157506,0,0
2026-01-02 17:20:00,269.92001,270.14001,269.78,269.995,154622,0,0
2026-01-02 17:25:00,269.98999,270.14999,269.84451,270.14999,183135,0,0
2026-01-02 17:30:00,270.17999,270.26999,269.95001,270.02679,173400,0,0
2026-01-02 17:35:00,270.02509,270.22,270.01001,270.1091,180320,0,0
2026-01-02 17:40:00,270.10001,270.20001,269.91,270.13501,134225,0,0
2026-01-02 17:45:00,270.14999,270.29999,269.76501,269.85999,4950767,0,0
2026-01-02 17:50:00,269.85001,270.12,269.73001,270.10699,219245,0,0
2026-01-02 17:55:00,270.10001,270.23001,270.01501,270.14001,127422,0,0
2026-01-02 18:00:00,270.11731,270.48001,270.11731,270.23999,156953,0,0
2026-01-02 18:05:00,270.24109,270.34,270.07999,270.23001,122326,0,0
2026-01-02 18:10:00,270.23999,270.35999,269.94,269.95001,126963,0,0
2026-01-02 18:15:00,269.94,270.23001,269.89001,270.16,114731,0,0
2026-01-02 18:20:00,270.17001,270.26999,269.98001,270.0,111194,0,0
2026-01-02 18:25:00,269.99481,270.19,269.91251,270.07999,128247,0,0
2026-01-02 18:30:00,270.09,270.14999,269.70999,269.82501,132960,0,0
2026-01-02 18:35:00,269.81,269.88989,269.66,269.78,110892,0,0
2026-01-02 18:40:00,269.76999,269.94989,269.66,269.92999,124424,0,0
2026-01-02 18:45:00,269.92999,270.07999,269.26001,269.26959,176560,0,0
2026-01-02 18:50:00,269.26001,269.59851,269.01999,269.565,193748,1,0
2026-01-02 18:55:00,269.57999,269.59,269.26999,269.40009,175249,0,0
2026-01-02 19:00:00,269.40729,269.76001,269.29999,269.73001,181036,0,0
2026-01-02 19:05:00,269.72009,269.95999,269.67999,269.93091,154141,0,0
2026-01-02 19:10:00,269.92999,270.24991,269.84,269.91501,231006,0,0
2026-01-02 19:15:00,269.92999,269.95999,269.60001,269.64499,206375,0,0
2026-01-02 19:20:00,269.64999,270.04001,269.4801,270.02011,201749,0,0
2026-01-02 19:25:00,270.04001,270.17999,269.89999,270.13,132690,0,0
2026-01-02 19:30:00,270.14001,270.56,270.09,270.54999,191844,0,0
2026-01-02 19:35:00,270.54001,270.70999,270.42999,270.56,244541,0,0
2026-01-02 19:40:00,270.54999,270.66,270.35001,270.4986,149679,0,0
2026-01-02 19:45:00,270.48999,270.59,270.35001,270.4097,178811,0,0
2026-01-02 19:50:00,270.42999,270.45999,270.26001,270.41,132199,0,0
2026-01-02 19:55:00,270.42001,270.465,270.23001,270.35999,154901,0,0
2026-01-02 20:00:00,270.35999,270.64001,270.29999,270.57001,183579,0,0
2026-01-02 20:05:00,270.57001,270.64999,270.44,270.59009,158285,0,0
2026-01-02 20:10:00,270.603,270.79001,270.59,270.66,206715,0,0
2026-01-02 20:15:00,270.66,270.7999,270.44989,270.77499,166303,0,0
2026-01-02 20:20:00,270.76001,270.84,270.48999,270.51999,179638,0,0
2026-01-02 20:25:00,270.53,270.60999,270.21661,270.51001,160992,0,0
2026-01-02 20:30:00,270.53,270.57999,270.35001,270.46991,185784,0,0
2026-01-02 20:35:00,270.45999,270.66,270.45999,270.56,168087,0,0
2026-01-02 20:40:00,270.54001,270.78,270.53,270.60999,287141,0,0
2026-01-02 20:45:00,270.60999,270.70999,270.36499,270.48001,220874,0,0
2026-01-02 20:50:00,270.44,270.85001,270.42999,270.64001,416506,0,0
2026-01-02 20:55:00,270.60999,271.04999,270.5712,270.98001,1372512,0,0
2026-01-05 14:30:00,270.63501,270.85999,268.10001,268.27301,2127172,0,0
2026-01-05 14:35:00,268.20999,269.06531,267.85999,268.07001,773756,0,0
2026-01-05 14:40:00,268.14001,269.26001,267.89001,269.17999,665899,0,0
2026-01-05 14:45:00,269.20001,270.14499,269.07999,269.345,503388,0,0
2026-01-05 14:50:00,269.39999,269.84641,268.72009,269.84641,337576,0,0
2026-01-05 14:55:00,269.82001,269.92999,269.34,269.38501,328397,0,0
2026-01-05 15:00:00,269.44,270.26859,269.29999,270.17999,572537,0,0
2026-01-05 15:05:00,270.16,271.17999,270.07999,271.10001,575610,0,0
2026-01-05 15:10:00,271.10001,271.14001,270.22,270.31,310105,0,1
2026-01-05 15:15:00,270.31021,270.465,269.73001,270.0,364603,0,0
2026-01-05 15:20:00,270.04001,270.07001,269.70001,269.91,191855,0,0
2026-01-05 15:25:00,269.89999,270.10001,269.60001,269.81,438438,0,0
2026-01-05 15:30:00,269.79999,270.22,269.73001,270.035,312848,0,0
2026-01-05 15:35:00,270.04001,270.10001,269.44,269.48999,294981,0,0
2026-01-05 15:40:00,269.45999,269.65991,268.97,269.12,337316,0,0
2026-01-05 15:45:00,269.12,269.20999,268.87,269.17999,308267,0,0
2026-01-05 15:50:00,269.17999,269.32999,269.01999,269.12,211654,0,0
2026-01-05 15:55:00,269.12,269.25,268.91,269.01999,231923,0,0
2026-01-05 16:00:00,269.01999,269.07001,268.80499,268.87,253525,0,0
2026-01-05 16:05:00,268.87,269.185,268.79999,269.06989,202192,0,0
2026-01-05 16:10:00,269.07001,269.12,268.73999,268.73999,234111,0,0
2026-01-05 16:15:00,268.73999,269.20999,268.72,269.18301,244933,0,0
2026-01-05 16:20:00,269.185,269.35001,268.8866,268.96991,199377,0,0
2026-01-05 16:25:00,268.95499,269.06,268.70001,268.79001,288849,0,0
2026-01-05 16:30:00,268.78,268.85001,268.45001,268.45001,305064,0,0
2026-01-05 16:35:00,268.44,268.56,268.29999,268.39969,212735,0,0
2026-01-05 16:40:00,268.39999,268.73001,268.25,268.4201,273786,0,0
2026-01-05 16:45:00,268.44,268.72,268.42999,268.64999,184546,0,0
2026-01-05 16:50:00,268.67001,268.70001,268.10001,268.16501,238506,0,0
2026-01-05 16:55:00,268.17001,268.20001,267.98001,268.01999,283557,0,0
2026-01-05 17:00:00,268.035,268.28,267.89001,268.20999,230766,0,0
2026-01-05 17:05:00,268.22,268.22,267.85999,267.98999,255458,0,0
2026-01-05 17:10:00,268.01001,268.02499,267.64001,267.81,305524,0,0
2026-01-05 17:15:00,267.81,267.92001,267.72,267.72879,197821,0,0
2026-01-05 17:20:00,267.73999,267.82501,267.42001,267.505,216051,0,0
2026-01-05 17:25:00,267.5,267.5058,266.92001,266.97,381284,0,0
2026-01-05 17:30:00,266.98999,267.04929,266.77011,266.88,262090,0,0
2026-01-05 17:35:00,266.875,267.03,266.79999,266.87,256261,0,0
2026-01-05 17:40:00,266.88,267.26999,266.87009,267.19,251560,0,0
2026-01-05 17:45:00,267.17001,267.47,267.17001,267.39001,228872,0,0
2026-01-05 17:50:00,267.41,267.45831,267.25,267.37,163168,0,0
2026-01-05 17:55:00,267.36499,267.64001,267.32001,267.56839,171914,0,0
2026-01-05 18:00:00,267.57001,267.88,267.5,267.84,240028,0,0
2026-01-05 18:05:00,267.85001,267.89001,267.6149,267.77011,199405,0,1
2026-01-05 18:10:00,267.76999,267.81,267.51001,267.59,156568,0,0
2026-01-05 18:15:00,267.59,267.64999,267.35999,267.63501,155653,0,0
2026-01-05 18:20:00,267.63501,267.70001,267.4101,267.60999,181736,0,0
2026-01-05 18:25:00,267.62991,267.62991,267.255,267.42001,229200,0,0
2026-01-05 18:30:00,267.41,267.66501,267.35999,267.491,187688,0,0
2026-01-05 18:35:00,267.48999,267.53,267.09,267.20001,198168,0,0
2026-01-05 18:40:00,267.20999,267.42001,267.19,267.26999,164786,0,0
2026-01-05 18:45:00,267.26999,267.48001,267.25,267.35999,171832,0,0
2026-01-05 18:50:00,267.35999,267.37,267.13501,267.14999,146352,0,0
2026-01-05 18:55:00,267.14001,267.21991,267.0,267.01999,181808,0,0
2026-01-05 19:00:00,267.03,267.215,266.97,267.17001,213115,0,0
2026-01-05 19:05:00,267.17001,267.28281,266.97,267.28,193774,0,0
2026-01-05 19:10:00,267.26001,267.35001,267.10001,267.16,156334,0,0
2026-01-05 19:15:00,267.14099,267.16,266.73001,266.7413,262487,0,0
2026-01-05 19:20:00,266.73001,266.73001,266.35001,266.38,299031,0,0
2026-01-05 19:25:00,266.38501,266.48001,266.14001,266.2699,339116,0,0
2026-01-05 19:30:00,266.26999,266.71359,266.20001,266.67001,331158,0,0
2026-01-05 19:35:00,266.67001,266.76999,266.56,266.62,226469,0,0
2026-01-05 19:40:00,266.60999,266.67999,266.45001,266.63,173742,0,0
2026-01-05 19:45:00,266.63,266.66,266.47,266.57999,168606,0,0
2026-01-05 19:50:00,266.57999,266.57999,266.39001,266.4101,171515,0,0
2026-01-05 19:55:00,266.41699,266.45999,266.25,266.25,207674,0,0
2026-01-05 20:00:00,266.25,266.62,266.23999,266.54999,268579,1,0
2026-01-05 20:05:00,266.56,266.85999,266.47,266.76001,206415,0,0
2026-01-05 20:10:00,266.75,266.97,266.72,266.8804,220962,0,0
2026-01-05 20:15:00,266.89999,267.01999,266.85999,266.98001,211742,0,0
2026-01-05 20:20:00,266.98999,266.98999,266.85501,266.87,220431,0,0
2026-01-05 20:25:00,266.87,267.04001,266.71201,267.01901,279259,0,0
2026-01-05 20:30:00,267.03,267.32999,266.98999,267.29501,340312,0,0
2026-01-05 20:35:00,267.29999,267.48999,267.26501,267.42001,309250,0,0
2026-01-05 20:40:00,267.42499,267.44,267.20999,267.28,257657,0,1
2026-01-05 20:45:00,267.28,267.42999,267.25,267.345,248180,0,0
2026-01-05 20:50:00,267.35001,267.73999,266.53,266.54501,595812,0,0
2026-01-05 20:55:00,266.51001,267.32999,266.45001,267.26001,1143411,0,0
2026-01-06 14:30:00,267.008,267.008,264.54999,264.62,2091231,0,0
2026-01-06 14:35:00,264.61499,264.81989,263.35001,263.95999,999331,0,0
2026-01-06 14:40:00,263.97449,264.16,263.03,263.82,291668,0,0
2026-01-06 14:45:00,263.8,264.3147,263.42999,263.905,1050393,1,0
2026-01-06 14:50:00,264.12,264.14001,263.59,263.8801,884294,0,0
2026-01-06 14:55:00,263.92081,264.69,263.57001,264.45621,567390,0,0
2026-01-06 15:00:00,264.48001,265.13,264.41,265.10101,457601,0,0
2026-01-06 15:05:00,265.1293,265.69,264.95001,264.95001,477144,0,1
2026-01-06 15:10:00,264.94501,265.20999,264.63101,264.755,430708,0,0
2026-01-06 15:15:00,264.73999,264.79999,264.22,264.23499,344558,0,0
2026-01-06 15:20:00,264.23499,264.42001,264.04001,264.41559,257124,0,0
2026-01-06 15:25:00,264.42001,264.47,263.87,264.03,328391,0,0
2026-01-06 15:30:00,264.03,264.60959,263.95001,264.20001,322761,1,0
2026-01-06 15:35:00,264.22,264.84079,264.20001,264.6601,195372,0,0
2026-01-06 15:40:00,264.75,265.10001,264.75,265.05499,248454,0,0
2026-01-06 15:45:00,264.92999,265.04999,264.67001,264.78,314624,0,0
2026-01-06 15:50:00,264.76999,264.84,264.32999,264.32999,219482,0,0
2026-01-06 15:55:00,264.39011,264.41989,263.79001,263.85501,410496,0,0
2026-01-06 16:00:00,263.85001,263.85001,263.01001,263.16,406422,0,0
2026-01-06 16:05:00,262.80991,262.97,262.53329,262.97,790738,0,0
2026-01-06 16:10:00,262.98001,263.23001,262.70999,262.70999,436742,0,0
2026-01-06 16:15:00,262.79999,262.89,262.42999,262.87,376501,0,0
2026-01-06 16:20:00,262.83,263.04001,262.78,262.98999,469630,0,0
2026-01-06 16:25:00,262.48001,262.77,262.29999,262.41989,683918,0,0
2026-01-06 16:30:00,262.42001,262.55,262.2,262.48001,377103,0,0
2026-01-06 16:35:00,262.75,262.75,262.53,262.64999,481864,0,0
2026-01-06 16:40:00,262.64999,262.81,262.20999,262.78,356264,0,0
2026-01-06 16:45:00,262.76999,263.01,262.60999,262.75,56149,0,0
2026-01-06 16:50:00,262.79001,262.98001,262.54901,262.92001,378100,0,0
2026-01-06 16:55:00,262.91,262.92041,262.57001,262.72,130436,0,0
2026-01-06 17:00:00,262.66,263.0,262.60999,262.73001,280232,0,0
2026-01-06 17:05:00,262.95,263.01,262.5722,262.6673,224567,0,0
2026-01-06 17:10:00,262.66501,262.67499,262.45,262.63641,245264,0,0
2026-01-06 17:15:00,262.625,262.73001,262.35999,262.35999,220148,0,0
2026-01-06 17:20:00,262.49869,263.01,262.47,262.96,169422,0,0
2026-01-06 17:25:00,262.935,262.96991,262.73999,262.88461,329405,0,0
2026-01-06 17:30:00,262.89001,263.01,262.82001,262.98,139565,0,0
2026-01-06 17:35:00,262.97,263.01,262.88,262.979,196415,0,0
2026-01-06 17:40:00,262.98999,263.45999,262.96,263.39001,335166,0,0
2026-01-06 17:45:00,263.48,263.79999,263.295,263.33,228360,0,1
2026-01-06 17:50:00,263.17001,263.17001,262.8,262.825,253656,0,0
2026-01-06 17:55:00,262.76999,263.03,262.73999,262.86151,258258,0,0
2026-01-06 18:00:00,262.87,262.9704,262.76001,262.82,129256,0,0
2026-01-06 18:05:00,262.79001,262.97,262.75,262.85999,264713,0,0
2026-01-06 18:10:00,262.85001,263.07999,262.8486,263.01001,254903,0,0
2026-01-06 18:15:00,263.01501,263.125,262.96,263.125,155961,0,0
2026-01-06 18:20:00,263.24,263.24,262.915,262.945,200493,0,1
2026-01-06 18:25:00,262.87,262.88,262.49011,262.845,215130,0,0
2026-01-06 18:30:00,262.92999,263.06812,262.88,262.94,214387,0,0
2026-01-06 18:35:00,262.94,262.95001,262.76001,262.78,124902,0,0
2026-01-06 18:40:00,262.78,263.06,262.78,262.94989,176058,0,0
2026-01-06 18:45:00,262.94501,263.07001,262.89999,262.95999,180239,0,0
2026-01-06 18:50:00,262.94,262.94,262.66,262.67,95186,0,0
2026-01-06 18:55:00,262.60999,262.89499,262.54001,262.89001,222432,1,0
2026-01-06 19:00:00,262.92001,263.01501,262.78,262.883,174493,0,0
2026-01-06 19:05:00,262.89999,262.89999,262.73001,262.79999,95744,0,0
2026-01-06 19:10:00,262.92,262.93,262.63501,262.73,155080,0,0
2026-01-06 19:15:00,262.76001,262.96,262.72501,262.92999,266761,0,0
2026-01-06 19:20:00,262.94,262.98001,262.81,262.9101,176269,0,0
2026-01-06 19:25:00,262.91,262.96991,262.85999,262.87701,160210,0,0
2026-01-06 19:30:00,262.84,262.86871,262.69,262.835,202659,0,0
2026-01-06 19:35:00,262.97159,263.01501,262.7901,262.89999,286089,0,0
2026-01-06 19:40:00,262.91,263.0,262.87,262.88,198545,0,0
2026-01-06 19:45:00,262.89001,262.95,262.84,262.85001,149203,0,0
2026-01-06 19:50:00,262.88,262.91,262.695,262.71,136702,0,0
2026-01-06 19:55:00,262.69839,262.70001,262.54,262.64999,390156,0,0
2026-01-06 20:00:00,262.655,262.8165,262.59,262.76001,315907,0,0
2026-01-06 20:05:00,262.76999,262.76999,262.56,262.60999,230648,0,0
2026-01-06 20:10:00,262.60999,262.85999,262.15,262.18,264520,0,0
2026-01-06 20:15:00,262.37,262.565,262.26001,262.42001,541000,0,0
2026-01-06 20:20:00,262.42001,262.64001,262.3541,262.57001,198917,0,0
2026-01-06 20:25:00,262.62,262.82999,262.60001,262.82001,323098,0,0
2026-01-06 20:30:00,262.82999,262.89001,262.62,262.67499,288946,0,0
2026-01-06 20:35:00,262.67999,262.96,262.61499,262.94,72168,0,0
2026-01-06 20:40:00,262.82999,262.94989,262.79999,262.85999,613619,0,0
2026-01-06 20:45:00,262.97,263.0,262.695,262.73,340385,0,0
2026-01-06 20:50:00,262.677,262.815,262.44,262.45499,866853,0,0
2026-01-06 20:55:00,262.45999,262.75,262.22,262.22,314976,0,0
2026-01-07 14:30:00,263.26999,263.67999,262.04999,262.42001,1951019,0,1
2026-01-07 14:35:00,262.42001,262.5899,261.23999,261.92001,646471,0,0
2026-01-07 14:40:00,261.905,262.48001,261.23499,262.435,649249,0,0
2026-01-07 14:45:00,262.42499,262.85001,262.0,262.23001,623878,0,0
2026-01-07 14:50:00,262.20001,262.28,261.66949,261.9364,472446,0,0
2026-01-07 14:55:00,262.0,262.17001,261.41,261.41,455699,0,0
2026-01-07 15:00:00,261.44,261.82999,261.2825,261.52499,664286,0,0
2026-01-07 15:05:00,261.51999,261.7388,261.20999,261.37909,361606,0,0
2026-01-07 15:10:00,261.42999,262.13,261.37,262.03989,462250,0,0
2026-01-07 15:15:00,262.02499,262.3988,261.78009,262.36499,399979,0,0
2026-01-07 15:20:00,262.375,262.42999,261.85999,261.965,397055,0,1
2026-01-07 15:25:00,262.01999,262.09,261.66,262.03,284760,0,0
2026-01-07 15:30:00,262.01999,262.26999,261.89999,262.17999,498751,0,0
2026-01-07 15:35:00,262.17001,262.28,261.34,261.54999,311976,0,0
2026-01-07 15:40:00,261.56,261.73999,261.32501,261.62,280618,0,0
2026-01-07 15:45:00,261.63,262.14999,261.60001,261.95001,335016,0,0
2026-01-07 15:50:00,261.97321,262.29001,261.94431,262.23999,226566,0,0
2026-01-07 15:55:00,262.23499,262.23499,261.97,261.9899,236148,0,0
2026-01-07 16:00:00,261.98999,262.04001,261.79999,262.0,186322,0,0
2026-01-07 16:05:00,262.0,262.20999,261.80011,261.89999,229272,0,0
2026-01-07 16:10:00,261.89001,262.01001,261.61499,261.64001,189281,0,0
2026-01-07 16:15:00,261.62781,261.642,261.38501,261.56,293289,0,0
2026-01-07 16:20:00,261.56,261.56699,261.13,261.26001,390763,0,0
2026-01-07 16:25:00,261.26999,261.3656,260.91,261.08371,387597,0,0
2026-01-07 16:30:00,261.08499,261.84,261.07001,261.76999,440309,0,0
2026-01-07 16:35:00,261.76999,261.91,261.48999,261.51001,269626,0,0
2026-01-07 16:40:00,261.48999,262.10001,261.48999,262.00009,271087,0,0
2026-01-07 16:45:00,262.0,262.26999,261.89999,262.03,356529,0,0
2026-01-07 16:50:00,262.04169,262.26999,261.97,262.26001,223627,0,0
2026-01-07 16:55:00,262.26001,262.35999,261.98001,262.17999,262850,0,0
2026-01-07 17:00:00,262.17999,262.505,262.17899,262.40649,264038,0,0
2026-01-07 17:05:00,262.41,262.57001,262.32999,262.41,293378,0,0
2026-01-07 17:10:00,262.41501,262.44,262.23001,262.34,182996,0,0
2026-01-07 17:15:00,262.34,262.34,261.98999,262.14001,234555,0,0
2026-01-07 17:20:00,262.13,262.38989,262.12,262.35001,320096,0,0
2026-01-07 17:25:00,262.34,262.48001,262.26001,262.35999,216924,0,0
2026-01-07 17:30:00,262.37,262.51999,262.26001,262.315,225013,0,0
2026-01-07 17:35:00,262.31,262.31,262.155,262.31,142831,0,0
2026-01-07 17:40:00,262.31,262.39999,262.27499,262.35999,175609,0,0
2026-01-07 17:45:00,262.36499,262.51999,262.31,262.465,205294,0,0
2026-01-07 17:50:00,262.45999,262.57639,262.41,262.48001,208243,0,0
2026-01-07 17:55:00,262.47,262.70001,262.31,262.315,246701,0,0
2026-01-07 18:00:00,262.315,262.32001,261.44,261.48999,388827,0,0
2026-01-07 18:05:00,261.4801,261.84,261.30969,261.72,380206,0,0
2026-01-07 18:10:00,261.72,261.78,261.47,261.69,185621,0,0
2026-01-07 18:15:00,261.67999,261.70999,261.26001,261.37,236449,0,0
2026-01-07 18:20:00,261.37,261.39999,261.16,261.19,272964,0,0
2026-01-07 18:25:00,261.20001,261.30991,261.07999,261.22,222906,0,0
2026-01-07 18:30:00,261.245,261.54999,261.13,261.43011,361506,0,0
2026-01-07 18:35:00,261.42999,261.5,261.32001,261.45999,172073,0,0
2026-01-07 18:40:00,261.48999,261.87,261.47,261.85001,323016,0,0
2026-01-07 18:45:00,261.85001,261.92001,261.70999,261.89999,212096,0,0
2026-01-07 18:50:00,261.89499,262.14999,261.89499,261.97501,169089,0,0
2026-01-07 18:55:00,261.95999,262.09,261.85031,262.01001,170677,0,0
2026-01-07 19:00:00,262.02499,262.20001,261.89999,261.936,236914,0,0
2026-01-07 19:05:00,261.94,262.181,261.84,262.04999,201832,0,0
2026-01-07 19:10:00,262.04001,262.04999,261.70001,261.76501,228922,0,0
2026-01-07 19:15:00,261.7601,261.77499,261.4801,261.53,165114,0,0
2026-01-07 19:20:00,261.52499,261.5325,261.26651,261.38159,155057,0,0
2026-01-07 19:25:00,261.38501,261.64999,261.35999,261.59,178066,0,0
2026-01-07 19:30:00,261.59,261.9101,261.5101,261.88501,169151,0,0
2026-01-07 19:35:00,261.88,262.39999,261.78,262.35999,252176,0,0
2026-01-07 19:40:00,262.35001,262.51999,262.29001,262.32501,208500,0,0
2026-01-07 19:45:00,262.32001,262.32999,261.95001,261.95001,211948,0,0
2026-01-07 19:50:00,261.95999,262.07001,261.85501,262.01999,188868,0,0
2026-01-07 19:55:00,262.01999,262.04001,261.76999,261.84,188206,0,0
2026-01-07 20:00:00,261.85001,261.85001,261.57199,261.75,256613,0,0
2026-01-07 20:05:00,261.73001,261.97,261.72,261.81,225697,0,0
2026-01-07 20:10:00,261.79001,261.80621,261.39999,261.49799,205011,0,0
2026-01-07 20:15:00,261.48001,261.66,261.3248,261.57999,262470,0,0
2026-01-07 20:20:00,261.57001,261.595,261.28,261.34119,250419,0,0
2026-01-07 20:25:00,261.34,261.48999,261.26001,261.32999,308847,0,0
2026-01-07 20:30:00,261.32999,261.32999,260.70999,260.79501,598898,0,0
2026-01-07 20:35:00,260.79001,260.95001,260.64999,260.89001,438087,0,0
2026-01-07 20:40:00,260.87,260.94,260.60001,260.685,377479,0,0
2026-01-07 20:45:00,260.68149,260.79001,260.20001,260.30499,465191,0,0
2026-01-07 20:50:00,260.31,260.52499,259.82001,259.98001,1058548,0,0
2026-01-07 20:55:00,259.95001,260.41,259.82001,260.35999,1609573,0,0
2026-01-08 14:30:00,256.375,257.76999,256.25009,257.35001,3344081,0,0
2026-01-08 14:35:00,257.31,257.38,256.5,257.02499,814191,0,0
2026-01-08 14:40:00,257.0,257.29001,255.89999,256.10001,914168,0,0
2026-01-08 14:45:00,256.12,257.06,255.85001,256.54001,753187,0,0
2026-01-08 14:50:00,256.53,257.04001,256.35999,256.63,607723,0,0
2026-01-08 14:55:00,256.63,256.73001,256.17999,256.29001,572350,0,0
2026-01-08 15:00:00,256.28,256.5,255.7,256.14999,750015,0,0
2026-01-08 15:05:00,256.12009,256.815,256.01001,256.73001,508014,0,0
2026-01-08 15:10:00,256.72,256.97,256.48999,256.92999,573611,0,0
2026-01-08 15:15:00,256.92999,256.92999,256.13501,256.39999,499193,0,0
2026-01-08 15:20:00,256.39999,256.67999,256.14999,256.61499,360939,0,0
2026-01-08 15:25:00,256.60001,257.01999,256.56009,256.745,486207,0,0
2026-01-08 15:30:00,256.72009,257.01999,256.67001,256.84,357606,0,0
2026-01-08 15:35:00,256.82999,257.06,256.51001,256.97501,345703,0,0
2026-01-08 15:40:00,256.98999,257.19,256.5101,256.73999,544231,0,1
2026-01-08 15:45:00,256.75,256.89999,256.32001,256.37,369450,0,0
2026-01-08 15:50:00,256.38,256.62,256.25,256.29001,279495,0,0
2026-01-08 15:55:00,256.29001,256.76999,255.95,256.69,463376,0,0
2026-01-08 16:00:00,256.70001,256.95999,256.57001,256.72699,313397,0,0
2026-01-08 16:05:00,256.70999,256.97,256.38,256.48499,314195,0,0
2026-01-08 16:10:00,256.54501,256.5799,256.07999,256.14001,283734,0,0
2026-01-08 16:15:00,256.12,256.25,256.0,256.10001,258426,0,0
2026-01-08 16:20:00,256.10999,256.45999,256.06,256.31,315908,0,0
2026-01-08 16:25:00,256.315,256.38,256.0,256.10999,321572,0,0
2026-01-08 16:30:00,256.10999,256.45001,255.97,256.32999,268426,0,0
2026-01-08 16:35:00,256.31,256.97501,256.10999,256.875,352162,0,0
2026-01-08 16:40:00,256.89001,257.95001,256.87,257.89001,619639,0,0
2026-01-08 16:45:00,257.90799,258.60001,257.8501,258.28101,674698,0,0
2026-01-08 16:50:00,258.27499,258.38,257.19009,257.35001,476883,0,0
2026-01-08 16:55:00,257.367,257.87,257.26001,257.69501,242768,0,0
2026-01-08 17:00:00,257.70499,257.85999,257.34,257.45999,205107,0,0
2026-01-08 17:05:00,257.45999,257.60001,257.20001,257.38889,200580,0,0
2026-01-08 17:10:00,257.37991,257.54001,257.06,257.27499,231295,0,0
2026-01-08 17:15:00,257.25,257.444,257.12,257.39001,224548,0,0
2026-01-08 17:20:00,257.39001,257.39999,256.94,257.02011,186529,0,0
2026-01-08 17:25:00,257.01999,257.03989,256.67999,256.70901,209849,0,0
2026-01-08 17:30:00,256.69009,257.04999,256.59799,257.03,236239,1,0
2026-01-08 17:35:00,257.02499,257.04999,256.72,256.89001,232467,0,0
2026-01-08 17:40:00,256.89999,257.35001,256.85999,257.15991,303206,0,0
2026-01-08 17:45:00,257.16,257.26001,257.04999,257.25,197515,0,0
2026-01-08 17:50:00,257.25931,257.57001,257.25,257.42001,206326,0,0
2026-01-08 17:55:00,257.42001,257.63,257.35001,257.39001,164190,0,0
2026-01-08 18:00:00,257.39029,257.62,257.26001,257.57999,159100,0,0
2026-01-08 18:05:00,257.56,257.56,256.94,257.04999,172053,0,0
2026-01-08 18:10:00,257.07001,257.07001,256.69,256.70001,132516,0,0
2026-01-08 18:15:00,256.70499,257.0,256.67999,256.9845,152687,0,0
2026-01-08 18:20:00,256.98999,257.25,256.98001,257.22,195341,0,0
2026-01-08 18:25:00,257.23001,257.57001,257.07001,257.48001,296678,0,0
2026-01-08 18:30:00,257.51001,257.51999,257.06,257.14999,206234,0,1
2026-01-08 18:35:00,257.12,257.42001,257.12,257.26001,142990,0,0
2026-01-08 18:40:00,257.26001,257.35999,257.23001,257.32999,119477,0,0
2026-01-08 18:45:00,257.328,257.5,257.32501,257.42999,131329,0,0
2026-01-08 18:50:00,257.44,257.45001,257.16,257.17001,159733,0,0
2026-01-08 18:55:00,257.14011,257.20001,256.84,256.935,165617,0,0
2026-01-08 19:00:00,256.92001,257.12,256.89001,256.9892,186189,0,0
2026-01-08 19:05:00,256.98001,257.20251,256.9075,257.04999,187727,0,0
2026-01-08 19:10:00,257.04999,257.04999,256.67999,256.69,219014,0,0
2026-01-08 19:15:00,256.69,256.73001,256.29999,256.57999,484999,0,0
2026-01-08 19:20:00,256.59,256.76999,256.42999,256.73999,222038,0,0
2026-01-08 19:25:00,256.73901,256.85001,256.52499,256.60001,174008,0,0
2026-01-08 19:30:00,256.60501,256.66501,256.38,256.51001,204808,0,0
2026-01-08 19:35:00,256.53,256.64999,256.44,256.60999,158189,0,0
2026-01-08 19:40:00,256.62,257.06,256.59,257.01999,277238,0,0
2026-01-08 19:45:00,257.035,257.10999,256.89999,257.07501,355422,0,0
2026-01-08 19:50:00,257.08011,257.32999,257.01001,257.14999,204912,0,0
2026-01-08 19:55:00,257.14001,257.245,256.92999,257.23001,200586,0,0
2026-01-08 20:00:00,257.22,257.48999,257.20001,257.48999,281910,0,0
2026-01-08 20:05:00,257.48999,257.535,257.22501,257.48001,305241,0,0
2026-01-08 20:10:00,257.47,257.62,257.26999,257.42001,434881,0,0
2026-01-08 20:15:00,257.44,257.57001,257.39011,257.41,233844,0,0
2026-01-08 20:20:00,257.405,258.04001,257.405,258.01001,547550,0,0
2026-01-08 20:25:00,258.01999,258.32999,258.01501,258.28,338967,0,0
2026-01-08 20:30:00,258.28,258.60999,258.01001,258.57999,397791,0,0
2026-01-08 20:35:00,258.60001,258.91,258.53979,258.57001,435190,0,0
2026-01-08 20:40:00,258.60001,258.73001,257.96011,258.31009,382889,0,0
2026-01-08 20:45:00,258.32001,258.72,258.29999,258.57999,292057,0,0
2026-01-08 20:50:00,258.57999,259.1799,258.32999,258.94,534649,0,0
2026-01-08 20:55:00,258.91,259.28,258.78009,259.06,1171109,0,0
2026-01-09 14:30:00,259.07501,260.0,258.60999,258.60999,1792271,0,1
2026-01-09 14:35:00,258.64511,258.82971,257.91,258.08499,586810,0,0
2026-01-09 14:40:00,258.09,258.48001,257.70001,258.29001,561841,0,0
2026-01-09 14:45:00,258.125,258.32001,256.91,257.04001,554481,0,0
2026-01-09 14:50:00,257.03,257.16989,256.465,256.73001,612701,0,0
2026-01-09 14:55:00,256.73999,257.09,256.38,256.935,542165,0,0
2026-01-09 15:00:00,256.88,257.70001,256.22009,257.60001,506565,0,0
2026-01-09 15:05:00,257.59369,257.60999,256.92999,257.405,438462,0,0
2026-01-09 15:10:00,257.405,258.39999,257.35001,258.29001,438214,0,0
2026-01-09 15:15:00,258.29349,258.67001,258.01001,258.39001,372444,0,0
2026-01-09 15:20:00,258.41,258.47,257.89999,257.97,313899,0,0
2026-01-09 15:25:00,257.97,258.5,257.685,258.45999,500200,0,0
2026-01-09 15:30:00,258.45999,258.75,258.20001,258.70999,322816,0,0
2026-01-09 15:35:00,258.70999,258.75,258.23001,258.53,241992,0,1
2026-01-09 15:40:00,258.53,258.53,257.755,257.8306,254064,0,0
2026-01-09 15:45:00,257.82999,258.0,257.64001,257.73001,266844,0,0
2026-01-09 15:50:00,257.73001,258.14001,257.64999,257.905,208669,1,0
2026-01-09 15:55:00,257.91,257.93399,257.54999,257.76999,224583,0,0
2026-01-09 16:00:00,257.77499,258.26001,257.70999,258.21899,234861,0,0
2026-01-09 16:05:00,258.22,258.54999,258.09,258.48999,224339,0,0
2026-01-09 16:10:00,258.48499,258.60001,258.12,258.19,235528,0,0
2026-01-09 16:15:00,258.17999,258.26999,257.64999,257.78,261984,0,0
2026-01-09 16:20:00,257.78,257.85501,257.51001,257.60999,346131,0,0
2026-01-09 16:25:00,257.63,257.63,256.88,256.95999,390508,0,0
2026-01-09 16:30:00,256.95129,257.17999,256.81461,257.035,371924,0,0
2026-01-09 16:35:00,257.02499,257.16,256.82999,256.98001,250616,0,0
2026-01-09 16:40:00,256.97,257.09,256.76639,256.935,264854,0,0
2026-01-09 16:45:00,256.92929,257.39999,256.85001,257.29001,341270,1,0
2026-01-09 16:50:00,257.29001,257.47501,257.26999,257.45999,238235,0,0
2026-01-09 16:55:00,257.4567,257.68771,257.32999,257.67999,301543,0,0
2026-01-09 17:00:00,257.67499,258.39999,257.54999,258.39001,345230,0,0
2026-01-09 17:05:00,258.4101,258.60001,258.23001,258.58359,341242,0,0
2026-01-09 17:10:00,258.57001,258.64999,258.345,258.57999,219069,0,0
2026-01-09 17:15:00,258.57999,258.60001,258.16,258.29001,234485,0,0
2026-01-09 17:20:00,258.29999,258.92001,258.29999,258.82999,201121,0,0
2026-01-09 17:25:00,258.82999,259.05499,258.78009,258.92999,235507,0,0
2026-01-09 17:30:00,258.91,259.01501,258.7601,258.95999,174587,0,0
2026-01-09 17:35:00,258.95999,258.98999,258.67999,258.88,167761,0,0
2026-01-09 17:40:00,258.88,258.88,258.53,258.64001,195317,0,0
2026-01-09 17:45:00,258.67001,259.07999,258.66,259.01999,287669,0,0
2026-01-09 17:50:00,259.03,259.16,258.75,258.87,228217,0,0
2026-01-09 17:55:00,258.87,258.95999,258.75,258.76071,157230,0,0
2026-01-09 18:00:00,258.76001,258.875,258.5,258.60001,186680,0,0
2026-01-09 18:05:00,258.60001,258.70999,258.35001,258.37,164428,0,0
2026-01-09 18:10:00,258.3855,258.45999,258.24011,258.29001,154171,0,0
2026-01-09 18:15:00,258.32001,258.60001,258.2662,258.59009,163176,0,0
2026-01-09 18:20:00,258.59131,258.69,258.51001,258.64999,116238,0,0
2026-01-09 18:25:00,258.64499,259.14999,258.57999,259.12,178296,0,0
2026-01-09 18:30:00,259.13,259.25,259.01001,259.1738,216104,0,0
2026-01-09 18:35:00,259.16,259.35999,259.13501,259.31,182008,0,0
2026-01-09 18:40:00,259.32001,259.5,259.09,259.19,184371,0,0
2026-01-09 18:45:00,259.23999,259.39499,259.16,259.25,109847,0,0
2026-01-09 18:50:00,259.26001,259.51001,259.14001,259.17001,139692,0,0
2026-01-09 18:55:00,259.17001,259.54001,259.10001,259.48001,129230,0,0
2026-01-09 19:00:00,259.47501,259.604,259.38,259.41,147734,0,0
2026-01-09 19:05:00,259.41501,259.62,259.39001,259.62,150040,0,0
2026-01-09 19:10:00,259.60999,259.63101,259.42001,259.48001,131868,0,0
2026-01-09 19:15:00,259.48001,259.75,259.48001,259.72,168119,0,0
2026-01-09 19:20:00,259.73499,259.95001,259.69,259.92001,196066,0,0
2026-01-09 19:25:00,259.92001,259.94,259.64001,259.73001,216889,0,0
2026-01-09 19:30:00,259.73001,259.88699,259.67999,259.82001,211027,0,0
2026-01-09 19:35:00,259.8176,259.95999,259.80011,259.89499,146862,0,0
2026-01-09 19:40:00,259.89999,260.0,259.76999,259.82001,230026,0,0
2026-01-09 19:45:00,259.81,259.97989,259.67999,259.965,209301,0,0
2026-01-09 19:50:00,259.97,260.20001,259.95499,260.155,346258,0,0
2026-01-09 19:55:00,260.155,260.155,259.73001,259.97009,231827,0,0
2026-01-09 20:00:00,259.95999,260.20999,259.86011,259.9306,287496,0,0
2026-01-09 20:05:00,259.94,259.94,259.80099,259.89499,164723,0,0
2026-01-09 20:10:00,259.89999,259.98001,259.84,259.98001,172171,0,0
2026-01-09 20:15:00,259.98001,260.12,259.89999,259.95001,229196,0,0
2026-01-09 20:20:00,259.95001,260.17999,259.94,260.04001,301754,0,0
2026-01-09 20:25:00,260.01001,260.065,259.82001,259.965,201413,0,0
2026-01-09 20:30:00,259.95001,260.05499,259.82001,260.01001,251916,0,0
2026-01-09 20:35:00,260.0,260.035,259.88,259.905,229342,0,0
2026-01-09 20:40:00,259.909,259.91101,259.62,259.77701,258356,0,0
2026-01-09 20:45:00,259.76999,259.89001,259.63,259.745,210162,0,0
2026-01-09 20:50:00,259.73999,259.73999,259.07001,259.26001,534781,0,0
2026-01-09 20:55:00,259.23999,259.57999,258.95001,259.35001,819130,0,0
2026-01-12 14:30:00,259.41,260.26999,257.92001,258.03,2124779,0,0
2026-01-12 14:35:00,258.0296,258.47989,257.09,257.30139,709104,0,0
2026-01-12 14:40:00,257.26999,257.66,256.79999,257.54999,662598,1,0
2026-01-12 14:45:00,257.75,258.54001,257.75,258.29999,699501,0,0
2026-01-12 14:50:00,258.32999,258.64001,258.0708,258.14999,354780,0,0
2026-01-12 14:55:00,258.13,258.72,258.07999,258.32999,764775,0,0
2026-01-12 15:00:00,258.26999,258.82001,258.14999,258.60999,345576,0,0
2026-01-12 15:05:00,258.59,259.66,258.505,259.34,452668,0,0
2026-01-12 15:10:00,259.35999,259.87,259.32999,259.63,324874,0,0
2026-01-12 15:15:00,259.60999,259.60999,259.06,259.10001,336018,0,0
2026-01-12 15:20:00,259.09799,259.57999,258.89001,259.07001,496760,0,0
2026-01-12 15:25:00,259.07001,261.29999,258.92999,260.35001,1234186,0,0
2026-01-12 15:30:00,260.36499,260.43231,259.04999,259.17001,422448,0,1
2026-01-12 15:35:00,259.1698,259.76999,259.16,259.72,326809,0,0
2026-01-12 15:40:00,259.79001,260.04001,259.64999,259.69,372646,0,0
2026-01-12 15:45:00,259.67999,259.7399,259.41501,259.522,213032,0,0
2026-01-12 15:50:00,259.48999,259.59,259.23001,259.57999,227088,0,0
2026-01-12 15:55:00,259.57999,259.64999,259.31,259.39001,200944,0,0
2026-01-12 16:00:00,259.39999,259.78,259.16,259.64999,231322,0,0
2026-01-12 16:05:00,259.65121,259.85999,259.54999,259.79001,212082,0,0
2026-01-12 16:10:00,259.79001,260.32999,259.75,260.315,358448,0,0
2026-01-12 16:15:00,260.315,260.39999,259.97501,260.12009,277764,0,1
2026-01-12 16:20:00,260.12,260.26999,260.06009,260.26001,179491,0,0
2026-01-12 16:25:00,260.28,260.45001,260.20001,260.23001,257941,0,0
2026-01-12 16:30:00,260.23001,260.5,259.95999,260.267,228685,0,0
2026-01-12 16:35:00,260.26001,260.33511,259.73001,259.94,227076,0,0
2026-01-12 16:40:00,259.94,260.07001,259.70999,259.76001,223812,0,0
2026-01-12 16:45:00,259.75,260.27011,259.72,260.27011,241171,1,0
2026-01-12 16:50:00,260.26999,261.01999,260.03671,260.92831,327475,0,0
2026-01-12 16:55:00,260.92001,261.10999,260.82999,261.0,333795,0,0
2026-01-12 17:00:00,260.98999,261.07999,260.655,260.76001,234924,0,0
2026-01-12 17:05:00,260.76001,260.87,260.41,260.51501,205961,0,0
2026-01-12 17:10:00,260.53,260.64001,260.43369,260.58499,133747,0,0
2026-01-12 17:15:00,260.57001,260.60001,260.29999,260.33011,152881,0,0
2026-01-12 17:20:00,260.32999,260.48999,260.23499,260.32999,216524,0,0
2026-01-12 17:25:00,260.32999,260.66,260.29999,260.60931,183422,1,0
2026-01-12 17:30:00,260.60001,260.67001,260.48001,260.535,188095,0,0
2026-01-12 17:35:00,260.51999,260.51999,260.35001,260.35999,129814,0,0
2026-01-12 17:40:00,260.37,260.54999,260.35999,260.53,158320,0,0
2026-01-12 17:45:00,260.53,261.10999,260.42999,260.79001,261451,0,0
2026-01-12 17:50:00,260.79349,260.89999,260.41,260.89999,269002,0,0
2026-01-12 17:55:00,260.89001,261.0,260.61371,260.67499,149949,0,0
2026-01-12 18:00:00,260.66,261.0,260.64001,260.97501,175318,0,0
2026-01-12 18:05:00,260.98691,261.29999,260.97,261.02591,240208,0,0
2026-01-12 18:10:00,261.04001,261.04001,260.72,260.75,176389,0,0
2026-01-12 18:15:00,260.73999,260.84,260.67999,260.78,134541,0,0
2026-01-12 18:20:00,260.76999,261.10999,260.76999,261.01151,144140,0,0
2026-01-12 18:25:00,261.01001,261.03,260.86011,260.89001,133125,0,0
2026-01-12 18:30:00,260.89099,260.91,260.7601,260.82001,120875,0,0
2026-01-12 18:35:00,260.82999,260.94,260.78,260.91501,161977,0,0
2026-01-12 18:40:00,260.89999,260.92499,260.63,260.67999,143855,0,0
2026-01-12 18:45:00,260.67001,260.81989,260.51999,260.53,5669883,0,0
2026-01-12 18:50:00,260.51999,260.56,260.29999,260.45499,140442,0,0
2026-01-12 18:55:00,260.45999,260.51001,260.35001,260.41,121238,0,0
2026-01-12 19:00:00,260.39999,260.54001,260.37,260.51501,122056,0,0
2026-01-12 19:05:00,260.51999,260.51999,260.19,260.32501,190405,0,0
2026-01-12 19:10:00,260.32001,260.41,260.20999,260.26001,170155,0,0
2026-01-12 19:15:00,260.26999,260.56,260.26999,260.54999,194911,0,0
2026-01-12 19:20:00,260.56,260.88,260.56,260.82501,241703,0,0
2026-01-12 19:25:00,260.82001,260.84,260.62,260.64001,213515,0,0
2026-01-12 19:30:00,260.64999,260.88,260.59,260.81,209162,0,0
2026-01-12 19:35:00,260.82001,261.01999,260.70999,260.73001,184705,0,0
2026-01-12 19:40:00,260.73001,260.73911,260.48529,260.56,149367,0,0
2026-01-12 19:45:00,260.54999,260.76501,260.53,260.60999,173687,1,0
2026-01-12 19:50:00,260.60999,260.91,260.5025,260.901,203223,0,0
2026-01-12 19:55:00,260.89999,261.17001,260.89001,261.13,197852,0,0
2026-01-12 20:00:00,261.12,261.19,260.95999,261.07001,185233,0,0
2026-01-12 20:05:00,261.07999,261.16,260.97501,261.09,251410,0,0
2026-01-12 20:10:00,261.07501,261.19,260.935,261.04001,367362,0,0
2026-01-12 20:15:00,261.04001,261.10999,260.73999,260.78,246454,0,0
2026-01-12 20:20:00,260.78,260.84,260.73001,260.79999,206757,0,0
2026-01-12 20:25:00,260.79001,261.01181,260.76999,260.97,279335,0,0
2026-01-12 20:30:00,260.95999,261.13,260.87,261.065,207776,0,0
2026-01-12 20:35:00,261.06,261.0687,260.82999,260.88,231746,0,0
2026-01-12 20:40:00,260.89001,261.07001,260.58499,260.93771,298293,0,0
2026-01-12 20:45:00,260.94,260.965,260.67001,260.72,281333,0,0
2026-01-12 20:50:00,260.70001,260.70001,260.07001,260.32501,581529,0,0
2026-01-12 20:55:00,260.29001,260.41,260.01001,260.20999,8201231,0,0
2026-01-13 14:30:00,258.72,260.13,258.39001,259.73001,4069633,1,0
2026-01-13 14:35:00,259.73999,261.81,259.73999,261.62,721806,0,0
2026-01-13 14:40:00,261.62,261.62,259.95999,260.215,553187,0,1
2026-01-13 14:45:00,260.215,260.33249,259.73999,260.29999,413128,0,0
2026-01-13 14:50:00,260.34,260.54001,259.51999,259.98499,450244,0,0
2026-01-13 14:55:00,260.01001,260.32001,259.79999,259.91,274921,0,0
2026-01-13 15:00:00,259.89999,260.28,259.28,259.92001,510269,0,0
2026-01-13 15:05:00,259.98001,260.48999,259.9201,260.23499,302965,0,0
2026-01-13 15:10:00,260.23999,260.4299,259.92999,260.03,267593,0,0
2026-01-13 15:15:00,260.04001,260.04001,259.60101,259.73999,236337,0,0
2026-01-13 15:20:00,259.79001,259.84,259.42001,259.66,261048,0,0
2026-01-13 15:25:00,259.66809,260.285,259.56,260.09009,417436,0,0
2026-01-13 15:30:00,260.14001,260.1799,259.65009,259.85999,248463,0,0
2026-01-13 15:35:00,259.85999,260.04001,259.70999,259.75009,247842,0,0
2026-01-13 15:40:00,259.73999,259.89999,259.62,259.82999,182463,0,0
2026-01-13 15:45:00,259.82001,260.0,259.48999,259.6001,198890,0,0
2026-01-13 15:50:00,259.60001,260.19,259.565,260.13,324429,1,0
2026-01-13 15:55:00,260.10999,260.12,259.6701,259.92999,270461,0,0
2026-01-13 16:00:00,259.94,260.07999,259.76501,259.80499,213846,0,0
2026-01-13 16:05:00,259.82001,260.09,259.76999,260.06989,146844,0,0
2026-01-13 16:10:00,260.04999,260.27991,259.98721,260.0,264481,0,0
2026-01-13 16:15:00,260.005,260.12,259.94,260.07501,155120,0,0
2026-01-13 16:20:00,260.07001,260.14001,259.92999,259.95001,170831,0,0
2026-01-13 16:25:00,259.94,260.04999,259.62,259.91,185138,0,0
2026-01-13 16:30:00,259.89999,260.42999,259.85001,260.38,270329,0,0
2026-01-13 16:35:00,260.39999,260.76001,260.32059,260.73499,275129,0,0
2026-01-13 16:40:00,260.73999,261.01999,260.70499,260.82001,265977,0,0
2026-01-13 16:45:00,260.82001,260.95999,260.62,260.88031,231396,0,0
2026-01-13 16:50:00,260.91,261.01001,260.76001,260.98001,212838,0,0
2026-01-13 16:55:00,260.98999,261.03,260.79999,260.89999,216711,0,1
2026-01-13 17:00:00,260.89001,261.01001,260.815,260.98999,150896,0,0
2026-01-13 17:05:00,260.98499,261.01001,260.8703,260.95001,126762,0,0
2026-01-13 17:10:00,260.95999,261.16,260.72,260.73999,196318,0,0
2026-01-13 17:15:00,260.745,260.79999,260.17999,260.48001,221133,0,0
2026-01-13 17:20:00,260.48001,260.9346,260.35999,260.91,160668,1,0
2026-01-13 17:25:00,260.91,260.97,260.70999,260.84,155780,0,0
2026-01-13 17:30:00,260.85001,261.07001,260.72,261.06,295704,0,0
2026-01-13 17:35:00,261.06351,261.38,261.04999,261.23999,168068,0,0
2026-01-13 17:40:00,261.27991,261.44,261.01321,261.13,150759,0,1
2026-01-13 17:45:00,261.13,261.20001,260.905,261.07999,122290,0,0
2026-01-13 17:50:00,261.07001,261.07001,260.57999,260.62549,134778,0,0
2026-01-13 17:55:00,260.625,260.651,260.41,260.51999,221009,0,0
2026-01-13 18:00:00,260.5,260.52991,260.2301,260.32999,188347,0,0
2026-01-13 18:05:00,260.34,260.64999,260.22,260.29001,155934,0,0
2026-01-13 18:10:00,260.29999,260.87,260.23999,260.85001,195454,0,0
2026-01-13 18:15:00,260.85999,260.92999,260.76999,260.79001,147104,0,0
2026-01-13 18:20:00,260.79001,260.83011,260.16,260.20999,139331,0,0
2026-01-13 18:25:00,260.23999,260.25989,259.98999,259.98999,141092,0,0
2026-01-13 18:30:00,259.98001,260.44,259.965,260.40991,175478,0,0
2026-01-13 18:35:00,260.39999,260.67361,260.38031,260.54001,138988,0,0
2026-01-13 18:40:00,260.53,260.5351,260.16,260.18079,201768,0,0
2026-01-13 18:45:00,260.185,260.48999,260.17001,260.315,193219,0,0
2026-01-13 18:50:00,260.315,260.315,260.04001,260.0777,154306,0,0
2026-01-13 18:55:00,260.06,260.19989,259.76001,259.95999,190653,0,0
2026-01-13 19:00:00,259.95999,260.09,259.85501,259.87,170685,0,0
2026-01-13 19:05:00,259.85999,259.89999,259.54501,259.59,207831,0,0
2026-01-13 19:10:00,259.60999,259.73001,259.20999,259.25,5769685,0,0
2026-01-13 19:15:00,259.25,259.784,259.14999,259.67999,222461,1,0
2026-01-13 19:20:00,259.67999,259.91,259.45001,259.67001,192374,0,0
2026-01-13 19:25:00,259.64499,259.75,259.48499,259.73999,198054,0,0
2026-01-13 19:30:00,259.7399,259.79999,259.56,259.62,170684,0,0
2026-01-13 19:35:00,259.62,259.76001,259.39999,259.56,124782,0,0
2026-01-13 19:40:00,259.57501,259.70001,259.49011,259.51999,122477,0,0
2026-01-13 19:45:00,259.5,259.64099,259.42001,259.47,123938,0,0
2026-01-13 19:50:00,259.465,259.73999,259.44,259.715,150348,0,0
2026-01-13 19:55:00,259.69,259.75,259.29001,259.45999,138157,0,0
2026-01-13 20:00:00,259.465,259.465,259.12,259.23001,125705,0,0
2026-01-13 20:05:00,259.22,259.3699,259.17001,259.26999,144200,0,0
2026-01-13 20:10:00,259.26001,259.26001,258.92999,258.95999,311806,0,0
2026-01-13 20:15:00,258.965,259.01999,258.88,258.965,164575,0,0
2026-01-13 20:20:00,258.95999,259.23001,258.7601,259.20081,201980,0,0
2026-01-13 20:25:00,259.20001,259.2955,258.92001,259.01999,181996,0,0
2026-01-13 20:30:00,259.01001,259.06409,258.84,258.875,179270,0,0
2026-01-13 20:35:00,258.88,259.31989,258.85999,259.26001,227019,0,0
2026-01-13 20:40:00,259.27991,259.54001,259.215,259.44,223416,0,0
2026-01-13 20:45:00,259.42999,259.74301,259.37,259.70999,211675,0,0
2026-01-13 20:50:00,259.67999,260.85001,259.67999,260.85001,9216193,0,0
2026-01-13 20:55:00,260.82999,261.20001,260.67001,261.04999,11506856,0,0
2026-01-14 14:30:00,259.48999,261.81,259.23999,261.69,1628976,0,0
2026-01-14 14:35:00,261.70001,261.715,260.10001,260.51999,362351,0,1
2026-01-14 14:40:00,260.5141,261.04971,259.82999,259.95001,376274,0,0
2026-01-14 14:45:00,259.94,260.19,259.57999,259.95999,293557,0,0
2026-01-14 14:50:00,259.94,259.94,259.13,259.40909,313930,0,0
2026-01-14 14:55:00,259.38449,259.87,259.04999,259.10001,284067,0,0
2026-01-14 15:00:00,259.17999,259.64001,258.82001,259.25,395199,0,0
2026-01-14 15:05:00,259.25,260.03,259.185,259.95999,324192,0,0
2026-01-14 15:10:00,259.97,260.39999,259.76001,260.35001,337797,0,0
2026-01-14 15:15:00,260.37,260.95001,260.32001,260.405,352870,0,0
2026-01-14 15:20:00,260.41,260.67001,260.05499,260.17001,251689,0,1
2026-01-14 15:25:00,260.22,260.25,259.54001,259.75,226866,0,0
2026-01-14 15:30:00,259.755,259.79001,259.26999,259.535,264173,0,0
2026-01-14 15:35:00,259.53,259.85999,259.53,259.84,177075,0,0
2026-01-14 15:40:00,259.82001,260.0,259.29999,259.48499,209820,0,0
2026-01-14 15:45:00,259.48001,259.57001,258.14001,258.17999,419887,0,0
2026-01-14 15:50:00,258.17001,258.47,258.03,258.14001,345684,0,0
2026-01-14 15:55:00,258.17999,258.32001,257.85999,258.07101,284174,0,0
2026-01-14 16:00:00,258.07001,258.72,258.07001,258.70999,300382,1,0
2026-01-14 16:05:00,258.76001,258.81,257.97,258.12,224824,0,0
2026-01-14 16:10:00,258.10999,258.23001,257.89999,258.09,176303,0,0
2026-01-14 16:15:00,258.07999,258.30991,258.07999,258.14001,147989,0,0
2026-01-14 16:20:00,258.1499,258.63101,258.07001,258.61499,175142,0,0
2026-01-14 16:25:00,258.61499,258.95001,258.392,258.73999,253008,0,0
2026-01-14 16:30:00,258.73999,258.81,258.39499,258.54001,185338,0,1
2026-01-14 16:35:00,258.54999,258.54999,257.965,258.19,201788,0,0
2026-01-14 16:40:00,258.17999,258.185,257.79001,257.88049,178854,0,0
2026-01-14 16:45:00,257.89001,257.9317,257.48999,257.5,207452,0,0
2026-01-14 16:50:00,257.53,257.57999,257.25,257.42499,218706,0,0
2026-01-14 16:55:00,257.42499,257.78439,257.32001,257.72,144630,0,0
2026-01-14 17:00:00,257.72,257.92999,257.63751,257.75,167120,0,0
2026-01-14 17:05:00,257.76001,258.04999,257.73001,257.94901,158922,0,0
2026-01-14 17:10:00,257.94,257.9425,257.44,257.48999,173549,0,0
2026-01-14 17:15:00,257.5,257.51001,256.98001,257.07999,227556,0,0
2026-01-14 17:20:00,257.09,257.32999,256.70999,257.28,312686,0,0
2026-01-14 17:25:00,257.28,257.54001,257.23999,257.38,157327,0,0
2026-01-14 17:30:00,257.39001,257.42001,257.14999,257.20001,150264,0,0
2026-01-14 17:35:00,257.20999,257.37,257.08499,257.26001,139538,0,0
2026-01-14 17:40:00,257.25,257.26001,257.04001,257.23001,118891,0,0
2026-01-14 17:45:00,257.23001,257.715,257.20001,257.5,141963,0,0
2026-01-14 17:50:00,257.5,257.5,257.11499,257.16,117752,0,0
2026-01-14 17:55:00,257.16501,257.28,257.12,257.26001,136465,0,0
2026-01-14 18:00:00,257.23001,257.42001,257.20001,257.32001,110671,0,0
2026-01-14 18:05:00,257.31,257.35001,257.095,257.1413,119755,0,0
2026-01-14 18:10:00,257.13501,257.31,257.09,257.17999,149732,0,0
2026-01-14 18:15:00,257.1702,257.1799,256.91,256.98999,151704,0,0
2026-01-14 18:20:00,257.0,257.26999,256.98001,257.26999,137300,0,0
2026-01-14 18:25:00,257.2699,257.53,257.18719,257.53,130926,0,0
2026-01-14 18:30:00,257.53,257.67001,257.32001,257.435,180923,0,0
2026-01-14 18:35:00,257.45001,257.47961,257.05499,257.29999,134990,0,0
2026-01-14 18:40:00,257.315,257.85999,257.29999,257.85999,121168,0,0
2026-01-14 18:45:00,257.87,258.01999,257.56,257.72,151063,0,0
2026-01-14 18:50:00,257.70999,258.10001,257.69,258.03,145350,0,0
2026-01-14 18:55:00,258.01999,258.09,257.87,258.0,132504,0,0
2026-01-14 19:00:00,257.98999,258.0,257.76001,257.82999,170112,0,0
2026-01-14 19:05:00,257.82001,257.82001,257.53,257.64709,181734,0,0
2026-01-14 19:10:00,257.63,257.67999,257.51001,257.62,138847,0,0
2026-01-14 19:15:00,257.61499,257.76501,257.565,257.75989,157673,1,0
2026-01-14 19:20:00,257.75,257.89999,257.70999,257.745,135958,0,0
2026-01-14 19:25:00,257.73999,257.94031,257.72,257.79999,126903,0,0
2026-01-14 19:30:00,257.79999,258.23999,257.79001,258.07001,231602,0,0
2026-01-14 19:35:00,258.07999,258.29001,258.04999,258.22,146463,0,0
2026-01-14 19:40:00,258.25,258.4317,258.23001,258.32001,198162,0,0
2026-01-14 19:45:00,258.31,258.41129,258.20999,258.35001,129824,0,0
2026-01-14 19:50:00,258.34811,258.48001,258.23999,258.29471,120277,0,0
2026-01-14 19:55:00,258.29999,258.32001,258.10001,258.26001,189842,0,0
2026-01-14 20:00:00,258.26501,259.0,258.1134,258.74951,318325,0,0
2026-01-14 20:05:00,258.71021,259.54001,258.67999,259.31,244500,0,0
2026-01-14 20:10:00,259.29999,259.67181,259.26501,259.4201,233500,0,0
2026-01-14 20:15:00,259.41,259.60999,259.20001,259.39001,231386,0,0
2026-01-14 20:20:00,259.39999,259.78,259.37,259.76001,8312119,0,0
2026-01-14 20:25:00,259.75,259.98001,259.68011,259.97,201652,0,0
2026-01-14 20:30:00,259.98001,260.47,259.95999,260.35501,330673,0,0
2026-01-14 20:35:00,260.3566,260.60001,260.14001,260.22,312704,0,1
2026-01-14 20:40:00,260.22989,260.41501,259.97,260.07999,266050,0,0
2026-01-14 20:45:00,260.07999,260.23999,259.79001,259.845,313171,0,0
2026-01-14 20:50:00,259.85001,259.95999,258.68411,259.10999,700950,0,0
2026-01-14 20:55:00,259.16,260.19,259.16,259.95001,23396820,0,0
2026-01-15 14:30:00,260.64999,261.01999,260.12,260.62,1421174,0,0
2026-01-15 14:35:00,260.67001,261.03,260.29001,260.465,453589,0,0
2026-01-15 14:40:00,260.39999,260.72009,259.78,260.69,624809,0,0
2026-01-15 14:45:00,260.69501,260.98001,259.95999,260.35999,365294,0,1
2026-01-15 14:50:00,260.38,260.54001,259.62,259.92001,346157,0,0
2026-01-15 14:55:00,259.95999,260.41989,259.91,260.17999,281315,0,0
2026-01-15 15:00:00,260.09,260.53,259.89999,260.4899,367268,0,0
2026-01-15 15:05:00,260.5,260.57001,260.14059,260.22,291070,0,0
2026-01-15 15:10:00,260.23001,260.5,260.0824,260.23999,262575,0,0
2026-01-15 15:15:00,260.29001,260.44,259.89999,260.32001,257713,0,0
2026-01-15 15:20:00,260.35001,260.48001,260.12,260.255,184287,0,0
2026-01-15 15:25:00,260.23999,260.67999,260.1001,260.1001,190889,0,0
2026-01-15 15:30:00,260.14001,260.64001,260.04999,260.64001,211058,0,0
2026-01-15 15:35:00,260.6301,260.67999,260.20999,260.29001,205129,0,0
2026-01-15 15:40:00,260.26501,260.7851,259.91,259.95499,325840,0,0
2026-01-15 15:45:00,259.92999,259.98999,259.53,259.57999,226333,0,0
2026-01-15 15:50:00,259.59,259.74521,259.29999,259.56,240911,0,0
2026-01-15 15:55:00,259.59,259.965,259.19,259.92999,284776,0,0
2026-01-15 16:00:00,259.95999,260.20001,259.73999,260.19989,277238,0,0
2026-01-15 16:05:00,260.23001,260.23999,259.92999,260.12079,245465,0,0
2026-01-15 16:10:00,260.10999,260.17999,259.85001,259.88,185578,0,0
2026-01-15 16:15:00,259.87,260.29999,259.79001,260.14001,240683,0,0
2026-01-15 16:20:00,260.14999,260.56,260.06,260.3501,174959,0,0
2026-01-15 16:25:00,260.37,260.60001,260.26001,260.495,177274,0,0
2026-01-15 16:30:00,260.5,260.56,260.32001,260.35001,159541,0,0
2026-01-15 16:35:00,260.35001,260.6199,260.29001,260.42999,156262,0,0
2026-01-15 16:40:00,260.44501,260.63,260.39999,260.54001,189436,0,0
2026-01-15 16:45:00,260.54001,260.54999,260.32001,260.35001,172370,0,0
2026-01-15 16:50:00,260.35001,260.54001,260.26501,260.35001,161111,0,0
2026-01-15 16:55:00,260.34,260.34,259.92001,259.98499,227023,0,0
2026-01-15 17:00:00,259.97,260.18781,259.94,260.04999,236483,0,0
2026-01-15 17:05:00,260.04501,260.285,259.97198,260.17001,181358,0,0
2026-01-15 17:10:00,260.17001,260.20001,259.99301,260.01999,129250,0,0
2026-01-15 17:15:00,260.0192,260.20001,260.01001,260.1427,122591,0,0
2026-01-15 17:20:00,260.14499,260.14499,259.92001,260.01999,125583,0,0
2026-01-15 17:25:00,260.01001,260.06,259.29999,259.32999,261650,0,0
2026-01-15 17:30:00,259.34,259.39999,258.95999,258.965,462595,0,0
2026-01-15 17:35:00,258.97,259.25,258.0,259.20999,587731,0,0
2026-01-15 17:40:00,259.19,259.19,258.73999,258.99011,4384598,0,0
2026-01-15 17:45:00,258.98999,259.13501,258.84,258.92999,159973,0,0
2026-01-15 17:50:00,258.89999,259.13,258.85999,259.065,139036,1,0
2026-01-15 17:55:00,259.06,259.17999,258.89999,258.94,160522,0,0
2026-01-15 18:00:00,258.92001,259.07999,258.89999,259.0,103290,0,0
2026-01-15 18:05:00,258.98999,259.17999,258.935,259.13,120393,0,0
2026-01-15 18:10:00,259.14001,259.28,259.06,259.16,170614,0,0
2026-01-15 18:15:00,259.17999,259.34,259.07999,259.32999,123607,0,0
2026-01-15 18:20:00,259.33499,259.48001,259.26999,259.44,145451,0,0
2026-01-15 18:25:00,259.44501,259.565,259.31,259.53,130179,0,0
2026-01-15 18:30:00,259.54999,259.60001,259.47,259.54501,154270,0,0
2026-01-15 18:35:00,259.56,259.75,259.51999,259.61011,157420,0,0
2026-01-15 18:40:00,259.62051,259.73001,259.54001,259.66,126603,0,0
2026-01-15 18:45:00,259.64999,259.66,259.5,259.60999,118390,0,0
2026-01-15 18:50:00,259.59,259.59,259.45001,259.52499,124344,0,0
2026-01-15 18:55:00,259.52011,259.54001,259.22,259.23001,133037,0,0
2026-01-15 19:00:00,259.22,259.22,258.67499,258.76501,198404,0,0
2026-01-15 19:05:00,258.75,258.76001,258.45999,258.685,195290,0,0
2026-01-15 19:10:00,258.69989,258.88,258.60001,258.64001,143961,0,0
2026-01-15 19:15:00,258.64001,258.70001,258.38,258.42001,235071,0,0
2026-01-15 19:20:00,258.39999,258.7399,258.32999,258.56,203568,0,0
2026-01-15 19:25:00,258.56,258.59,258.26001,258.32001,213490,0,0
2026-01-15 19:30:00,258.34341,258.45001,258.06,258.26001,310229,0,0
2026-01-15 19:35:00,258.28,258.34,257.72,257.815,275250,0,0
2026-01-15 19:40:00,257.81,257.92499,257.6601,257.69989,264975,0,0
2026-01-15 19:45:00,257.69,258.01001,257.51999,257.92001,350540,0,0
2026-01-15 19:50:00,257.92001,258.125,257.8233,257.98499,210420,0,0
2026-01-15 19:55:00,257.9765,257.98001,257.5,257.60999,235818,0,0
2026-01-15 20:00:00,257.60001,257.78989,257.39001,257.63,251815,0,0
2026-01-15 20:05:00,257.64999,257.79999,257.59,257.67999,179029,0,0
2026-01-15 20:10:00,257.67999,257.78,257.40921,257.40921,207494,0,0
2026-01-15 20:15:00,257.38,257.56,257.27539,257.28,254330,0,0
2026-01-15 20:20:00,257.26999,257.39001,257.04999,257.23499,300882,0,0
2026-01-15 20:25:00,257.23999,257.67001,257.10999,257.67001,317484,0,0
2026-01-15 20:30:00,257.6575,257.67001,257.35001,257.4921,273169,0,0
2026-01-15 20:35:00,257.48001,257.51999,257.23499,257.37,262861,0,0
2026-01-15 20:40:00,257.38,257.64999,257.35001,257.4512,263673,0,0
2026-01-15 20:45:00,257.45999,257.64999,257.34,257.35999,252838,0,0
2026-01-15 20:50:00,257.37,257.905,257.10999,257.89999,557567,0,0
2026-01-15 20:55:00,257.87,258.38,257.85001,258.32999,1123803,0,0
2026-01-16 14:30:00,257.88,258.89999,257.88,258.32999,7501002,0,0
2026-01-16 14:35:00,258.345,258.38,257.98001,258.07001,384854,0,1
2026-01-16 14:40:00,258.07999,258.14001,257.49469,257.56,399230,0,0
2026-01-16 14:45:00,257.57999,257.79999,257.0,257.31,683064,0,0
2026-01-16 14:50:00,257.30011,257.54999,256.95001,257.13,361456,0,0
2026-01-16 14:55:00,257.14001,257.34991,256.76999,256.85001,377547,0,0
2026-01-16 15:00:00,256.85001,257.13,256.62,256.879,338178,0,0
2026-01-16 15:05:00,256.8999,257.25,256.75,257.0,284136,0,0
2026-01-16 15:10:00,257.01501,257.03,256.6701,256.88,264554,0,0
2026-01-16 15:15:00,256.89001,257.01999,256.51999,256.565,230173,0,0
2026-01-16 15:20:00,256.55521,256.94,256.46011,256.82999,224155,0,0
2026-01-16 15:25:00,256.82999,256.85001,256.5,256.81,230456,0,0
2026-01-16 15:30:00,256.81,256.92001,256.54999,256.63,218220,0,0
2026-01-16 15:35:00,256.63,256.63,256.23001,256.29001,265641,0,0
2026-01-16 15:40:00,256.28,256.44,256.06,256.35999,302814,1,0
2026-01-16 15:45:00,256.35999,256.52499,256.24011,256.51001,180770,0,0
2026-01-16 15:50:00,256.5,256.54999,256.28,256.50009,180716,0,0
2026-01-16 15:55:00,256.51999,256.63,256.32501,256.57999,176323,0,0
2026-01-16 16:00:00,256.57001,256.76999,256.48999,256.62,200120,0,0
2026-01-16 16:05:00,256.63,256.75,256.36499,256.67099,238449,0,0
2026-01-16 16:10:00,256.67999,256.87,256.64999,256.7294,224740,0,0
2026-01-16 16:15:00,256.72,256.73999,256.48001,256.655,264766,0,0
2026-01-16 16:20:00,256.64999,256.73999,256.23001,256.23999,248891,0,0
2026-01-16 16:25:00,256.25,256.5,256.13,256.43991,289383,0,0
2026-01-16 16:30:00,256.42651,256.60999,256.23099,256.2558,216973,0,0
2026-01-16 16:35:00,256.22,256.35001,256.22,256.26569,210894,0,0
2026-01-16 16:40:00,256.26001,256.54999,256.22501,256.54999,227922,0,0
2026-01-16 16:45:00,256.54999,256.63,256.23001,256.35651,202030,0,1
2026-01-16 16:50:00,256.35999,256.53,256.23999,256.2597,257303,0,0
2026-01-16 16:55:00,256.26001,256.26971,255.95,256.16699,268132,0,0
2026-01-16 17:00:00,256.17999,256.435,256.06,256.271,290248,0,0
2026-01-16 17:05:00,256.27011,256.54999,256.06,256.14011,223915,0,0
2026-01-16 17:10:00,256.14001,256.30499,256.13,256.28,172838,0,0
2026-01-16 17:15:00,256.26999,256.37,256.01001,256.03,236566,0,0
2026-01-16 17:20:00,256.01999,256.22501,255.98,256.04001,224236,0,0
2026-01-16 17:25:00,256.04001,256.14001,255.82001,255.83,265660,0,0
2026-01-16 17:30:00,255.83,255.88,255.4012,255.7001,472601,0,0
2026-01-16 17:35:00,255.7,255.7,255.14999,255.24001,432813,0,0
2026-01-16 17:40:00,255.24001,255.53951,255.22,255.3999,271706,0,0
2026-01-16 17:45:00,255.3804,255.41,255.06,255.11,309601,0,0
2026-01-16 17:50:00,255.11,255.34,254.92999,255.21001,427016,1,0
2026-01-16 17:55:00,255.2,255.33,255.08,255.17,209171,0,0
2026-01-16 18:00:00,255.18649,255.47,255.09,255.3,334055,0,0
2026-01-16 18:05:00,255.28,255.55,255.17,255.50999,224901,0,0
2026-01-16 18:10:00,255.53,255.60001,255.3802,255.4805,173137,0,0
2026-01-16 18:15:00,255.49001,255.84,255.49001,255.71001,266301,0,0
2026-01-16 18:20:00,255.7,255.75,255.56,255.7,203139,0,0
2026-01-16 18:25:00,255.7,256.0899,255.7,256.03,281703,0,0
2026-01-16 18:30:00,256.03,256.51999,255.92,256.5,309257,0,0
2026-01-16 18:35:00,256.48999,256.54999,256.42001,256.5,220925,0,0
2026-01-16 18:40:00,256.48001,256.741,256.47,256.70999,332186,0,0
2026-01-16 18:45:00,256.70999,256.83499,256.60001,256.6907,203391,0,0
2026-01-16 18:50:00,256.69501,256.77011,256.48499,256.6637,198631,0,0
2026-01-16 18:55:00,256.66,256.85001,256.521,256.54999,173018,0,0
2026-01-16 19:00:00,256.54001,257.06,256.52499,257.01001,257442,0,0
2026-01-16 19:05:00,257.01001,257.14999,256.85999,257.0,234519,0,1
2026-01-16 19:10:00,256.98999,256.98999,256.26001,256.26999,232731,0,0
2026-01-16 19:15:00,256.26999,256.42001,255.97,256.0,227993,0,0
2026-01-16 19:20:00,256.0,256.23999,255.92999,256.185,221155,1,0
2026-01-16 19:25:00,256.17001,256.17999,255.91499,256.0,200732,0,0
2026-01-16 19:30:00,256.0,256.53851,255.94,256.26999,236726,1,0
2026-01-16 19:35:00,256.26001,256.57001,256.19,256.51999,195006,0,0
2026-01-16 19:40:00,256.53,256.75,256.45001,256.56,176973,0,0
2026-01-16 19:45:00,256.595,256.85999,256.57999,256.85001,166557,0,0
2026-01-16 19:50:00,256.85001,256.97,256.7301,256.80399,247551,0,1
2026-01-16 19:55:00,256.82001,256.82001,256.53,256.59,212622,0,0
2026-01-16 20:00:00,256.57999,256.82001,256.54001,256.76001,175168,0,0
2026-01-16 20:05:00,256.78,256.85001,256.35999,256.38,164290,0,0
2026-01-16 20:10:00,256.37,256.39999,256.10999,256.155,271153,0,0
2026-01-16 20:15:00,256.1701,256.35001,256.10001,256.16101,313030,0,0
2026-01-16 20:20:00,256.17001,256.3299,256.01001,256.31989,232137,0,0
2026-01-16 20:25:00,256.31,256.32401,255.97501,256.17999,257605,0,0
2026-01-16 20:30:00,256.17001,256.26001,256.04999,256.19501,244233,0,0
2026-01-16 20:35:00,256.19501,256.4725,256.1601,256.37,289381,0,0
2026-01-16 20:40:00,256.37,256.38,255.64,255.64999,439286,0,0
2026-01-16 20:45:00,255.64999,255.74001,255.32001,255.35001,370000,0,0
2026-01-16 20:50:00,255.37,255.7,255.13,255.49699,750889,0,0
2026-01-16 20:55:00,255.39999,255.88,255.33,255.48,1417770,0,0
2026-01-20 14:30:00,252.50999,254.78999,252.36,254.07001,3456679,0,0
2026-01-20 14:35:00,254.02,254.16,252.47,253.08,727981,0,0
2026-01-20 14:40:00,253.09,253.14,252.47,253.07001,590597,0,0
2026-01-20 14:45:00,253.08,253.17999,251.86,252.21001,595067,0,0
2026-01-20 14:50:00,252.17,252.8315,251.91,252.33501,512594,0,0
2026-01-20 14:55:00,252.32001,253.0,252.0,252.58,564112,0,0
2026-01-20 15:00:00,252.47,252.75999,251.49001,251.56,481677,0,0
2026-01-20 15:05:00,251.57001,251.75999,251.0201,251.39011,562199,0,0
2026-01-20 15:10:00,251.41,251.5,251.02,251.14,370857,0,0
2026-01-20 15:15:00,251.17,251.49001,250.88,250.94,393221,0,0
2026-01-20 15:20:00,250.92,251.67,250.85001,251.57001,469162,1,0
2026-01-20 15:25:00,251.56441,251.74001,251.28,251.61571,363407,0,0
2026-01-20 15:30:00,251.64,251.7,251.33,251.39999,373975,0,0
2026-01-20 15:35:00,251.395,251.46001,251.07001,251.215,308492,0,0
2026-01-20 15:40:00,251.22,251.56,251.0,251.53999,349861,0,0
2026-01-20 15:45:00,251.53999,251.69,251.10001,251.36591,326314,0,0
2026-01-20 15:50:00,251.3324,251.53,250.94,251.35001,316188,0,0
2026-01-20 15:55:00,251.34,251.55,250.89999,251.55,256861,0,0
2026-01-20 16:00:00,251.57001,252.13,251.5,251.89999,290908,0,0
2026-01-20 16:05:00,251.89999,251.925,251.4501,251.5995,224533,0,1
2026-01-20 16:10:00,251.62,251.9099,251.59,251.67999,176430,0,0
2026-01-20 16:15:00,251.67,251.67999,251.34,251.48,176945,0,0
2026-01-20 16:20:00,251.48,251.55,251.03,251.08,230061,0,0
2026-01-20 16:25:00,251.05,251.32001,250.69,251.30499,336566,0,0
2026-01-20 16:30:00,251.3,251.32001,251.00999,251.32001,278059,0,0
2026-01-20 16:35:00,251.34,251.59,251.3,251.50999,182189,0,0
2026-01-20 16:40:00,251.50841,251.55,250.82001,250.8503,245090,0,0
2026-01-20 16:45:00,250.88,250.9599,250.67,250.81,305600,0,0
2026-01-20 16:50:00,250.83,251.07001,250.35001,250.53999,393583,0,0
2026-01-20 16:55:00,250.53999,251.25999,250.505,251.2,202480,0,0
2026-01-20 17:00:00,251.2,251.28,251.02,251.05,171059,0,0
2026-01-20 17:05:00,251.03999,251.185,250.89,250.94,180022,0,0
2026-01-20 17:10:00,250.92,250.92999,250.66,250.75999,186124,0,0
2026-01-20 17:15:00,250.77,250.81,250.5,250.52991,161759,0,0
2026-01-20 17:20:00,250.53999,250.75999,250.50999,250.64999,183744,0,0
2026-01-20 17:25:00,250.67,250.89,250.55,250.56,187548,0,0
2026-01-20 17:30:00,250.52,250.52,250.21001,250.3299,244627,0,0
2026-01-20 17:35:00,250.31,250.64,250.25011,250.37,202441,0,0
2026-01-20 17:40:00,250.379,250.7,250.33,250.3302,149217,0,0
2026-01-20 17:45:00,250.35001,250.37,250.09,250.3362,200520,0,0
2026-01-20 17:50:00,250.33501,250.44501,250.175,250.31,203968,0,0
2026-01-20 17:55:00,250.31,250.37,250.08,250.27,280969,0,0
2026-01-20 18:00:00,250.24001,250.5,250.03,250.0699,261559,0,0
2026-01-20 18:05:00,250.05499,250.17,249.88,249.895,493380,0,0
2026-01-20 18:10:00,249.92,250.05,249.56,249.71001,329314,0,0
2026-01-20 18:15:00,249.72,249.92,249.67,249.77,159742,0,0
2026-01-20 18:20:00,249.76871,249.76871,249.45,249.455,183706,0,0
2026-01-20 18:25:00,249.4463,249.46001,249.08,249.19501,269793,0,0
2026-01-20 18:30:00,249.17999,249.23,248.80499,248.96001,353428,0,0
2026-01-20 18:35:00,248.955,249.21001,248.53,248.57001,296974,0,0
2026-01-20 18:40:00,248.57001,248.72,248.5,248.62,252489,0,0
2026-01-20 18:45:00,248.61,248.6665,248.44,248.5107,240144,0,0
2026-01-20 18:50:00,248.50999,248.50999,248.2412,248.28,222985,0,0
2026-01-20 18:55:00,248.28999,248.60001,248.28,248.53,296506,0,0
2026-01-20 19:00:00,248.53999,248.67999,248.25,248.2892,282617,0,0
2026-01-20 19:05:00,248.31,248.35989,248.06,248.13,232333,0,0
2026-01-20 19:10:00,248.13,248.2399,248.0401,248.13,273372,0,0
2026-01-20 19:15:00,248.13,248.22,247.78999,247.92,302442,0,0
2026-01-20 19:20:00,247.93491,247.95,247.71001,247.81,283423,0,0
2026-01-20 19:25:00,247.8,247.8,247.42,247.4525,315271,0,0
2026-01-20 19:30:00,247.45,247.55499,247.25999,247.3,354347,0,0
2026-01-20 19:35:00,247.28999,248.05099,247.28,248.05,390993,0,0
2026-01-20 19:40:00,248.045,248.17999,247.6701,247.703,306394,0,0
2026-01-20 19:45:00,247.7,247.71001,247.32001,247.37,278249,0,0
2026-01-20 19:50:00,247.41,247.42,247.00999,247.13499,365453,0,0
2026-01-20 19:55:00,247.13,247.16,246.8091,246.955,461547,0,0
2026-01-20 20:00:00,246.95,247.11,246.82001,246.94501,397221,0,0
2026-01-20 20:05:00,246.94501,247.22,246.73,246.86,546611,0,0
2026-01-20 20:10:00,246.86,247.0,246.71001,246.74001,372426,0,0
2026-01-20 20:15:00,246.75,247.02499,246.50999,246.67101,564644,0,0
2026-01-20 20:20:00,246.64999,246.64999,245.99001,246.14,717203,0,0
2026-01-20 20:25:00,246.14999,246.17999,245.08,245.46001,1201239,0,0
2026-01-20 20:30:00,245.46001,245.52679,245.0,245.0625,883829,0,0
2026-01-20 20:35:00,245.07001,245.39,244.89999,244.91,712224,0,0
2026-01-20 20:40:00,244.91,245.08,244.2701,244.49001,870286,0,0
2026-01-20 20:45:00,244.5,244.75,244.06,244.12,867397,0,0
2026-01-20 20:50:00,244.12,244.95,243.42,244.95,1796725,1,0
2026-01-20 20:55:00,244.89999,246.92999,244.87,246.69,4929135,0,0
2026-01-21 14:30:00,248.71001,248.75,246.53999,246.99001,2484550,0,1
2026-01-21 14:35:00,247.28999,247.62,246.7,246.89999,531830,0,0
2026-01-21 14:40:00,246.9052,246.92,246.08,246.77,505330,0,0
2026-01-21 14:45:00,246.77,247.47,246.315,247.215,458058,0,0
2026-01-21 14:50:00,247.22,247.52,246.83,247.10001,479316,0,0
2026-01-21 14:55:00,247.09,247.35001,246.81,246.89999,322363,0,0
2026-01-21 15:00:00,246.89999,247.36,246.62,246.67,484557,0,0
2026-01-21 15:05:00,246.67999,247.14999,246.3501,246.39999,423472,0,0
2026-01-21 15:10:00,246.42,246.95,246.28999,246.91,488594,0,0
2026-01-21 15:15:00,246.91499,247.60001,246.91499,247.105,392679,0,0
2026-01-21 15:20:00,247.11,247.86,246.87,247.72,387865,0,0
2026-01-21 15:25:00,247.715,248.0,247.47,247.57001,347056,0,0
2026-01-21 15:30:00,247.57001,248.0,247.47,247.78999,353541,0,0
2026-01-21 15:35:00,247.78999,248.315,247.78,248.07001,315756,0,0
2026-01-21 15:40:00,248.09,248.50999,247.95,248.48,324312,0,0
2026-01-21 15:45:00,248.49001,248.63,248.31,248.45,317442,0,1
2026-01-21 15:50:00,248.46001,248.72,248.31,248.39,294142,0,0
2026-01-21 15:55:00,248.39999,248.46001,247.925,248.145,309634,0,0
2026-01-21 16:00:00,248.16991,248.28999,247.89,247.99969,288380,0,0
2026-01-21 16:05:00,247.97,247.98,247.28999,247.45,422916,0,0
2026-01-21 16:10:00,247.48,247.655,247.25,247.26109,284367,0,0
2026-01-21 16:15:00,247.25999,247.52,247.10001,247.13499,277095,0,0
2026-01-21 16:20:00,247.16,247.2,246.83,247.1512,358943,0,0
2026-01-21 16:25:00,247.13,247.5,247.045,247.3,256117,0,0
2026-01-21 16:30:00,247.31,247.36,246.74001,246.81,265613,0,0
2026-01-21 16:35:00,246.8,246.89999,246.11,246.18269,390347,0,0
2026-01-21 16:40:00,246.17999,246.36,245.97,245.995,360271,0,0
2026-01-21 16:45:00,246.005,246.325,245.8913,246.145,286312,0,0
2026-01-21 16:50:00,246.14999,246.22,245.87,245.99001,219247,0,0
2026-01-21 16:55:00,246.0,246.06,245.71091,245.78,345004,0,0
2026-01-21 17:00:00,245.78,246.03999,245.72,245.72501,220193,0,0
2026-01-21 17:05:00,245.7115,245.75,245.34,245.64,345578,0,0
2026-01-21 17:10:00,245.63,245.75,245.2,245.28999,230117,0,0
2026-01-21 17:15:00,245.295,245.7173,245.19,245.63,203969,0,0
2026-01-21 17:20:00,245.61,246.05991,245.48,246.045,413583,0,0
2026-01-21 17:25:00,246.03,246.16631,245.65559,245.83,241977,0,0
2026-01-21 17:30:00,245.8201,245.89,245.58,245.84,173549,0,0
2026-01-21 17:35:00,245.86,246.00999,245.60001,245.94189,184418,0,0
2026-01-21 17:40:00,245.955,246.16,245.88,245.9501,152120,0,0
2026-01-21 17:45:00,245.965,246.23,245.88,246.22,143924,0,0
2026-01-21 17:50:00,246.21001,246.46001,245.99001,246.33,162164,0,0
2026-01-21 17:55:00,246.33,246.47,246.17999,246.22009,174396,0,0
2026-01-21 18:00:00,246.235,246.2843,245.62,245.73,181941,0,0
2026-01-21 18:05:00,245.77,246.1393,245.72501,246.05,170907,0,0
2026-01-21 18:10:00,246.05,246.42,246.03999,246.2,271063,0,0
2026-01-21 18:15:00,246.2,246.27,246.0,246.12,156991,0,0
2026-01-21 18:20:00,246.12,246.17751,245.98,246.0199,128192,0,0
2026-01-21 18:25:00,246.02,246.02,245.86,245.88,115133,0,0
2026-01-21 18:30:00,245.88,245.99001,245.81,245.92821,136945,0,0
2026-01-21 18:35:00,245.89999,245.9099,245.5,245.89011,206544,0,0
2026-01-21 18:40:00,245.83,246.0,245.8,245.86,108550,0,0
2026-01-21 18:45:00,245.87,246.25999,245.74001,246.19501,198949,0,0
2026-01-21 18:50:00,246.17999,246.375,246.125,246.19,139667,0,0
2026-01-21 18:55:00,246.17999,246.19,245.88,246.125,185371,0,0
2026-01-21 19:00:00,246.12,246.17999,245.8501,245.94009,163315,0,0
2026-01-21 19:05:00,245.86,246.00999,245.74001,245.995,185231,0,0
2026-01-21 19:10:00,245.98,246.10001,245.85001,245.895,158641,0,0
2026-01-21 19:15:00,245.89999,245.9427,245.75999,245.89,126365,0,0
2026-01-21 19:20:00,245.89999,245.89999,245.67,245.85001,137478,0,0
2026-01-21 19:25:00,245.84,247.34,245.58,247.11031,610375,0,0
2026-01-21 19:30:00,247.13,247.785,247.10001,247.73,465635,0,0
2026-01-21 19:35:00,247.77,248.60181,247.71001,248.515,561627,0,0
2026-01-21 19:40:00,248.55,249.34,248.2684,249.13989,537144,0,0
2026-01-21 19:45:00,249.17,250.83,249.11,249.87,1718692,0,0
2026-01-21 19:50:00,249.86,250.41499,249.3,249.53999,576521,0,0
2026-01-21 19:55:00,249.58,250.83,249.5,250.71001,698362,0,0
2026-01-21 20:00:00,250.72,251.56,250.59,250.82001,1060079,0,0
2026-01-21 20:05:00,250.82539,250.92,250.31,250.7,468642,0,1
2026-01-21 20:10:00,250.67999,250.86099,250.31,250.35001,347883,0,0
2026-01-21 20:15:00,250.33,250.39,249.23,249.28,566299,0,0
2026-01-21 20:20:00,249.28999,249.5,248.85001,248.935,609315,0,0
2026-01-21 20:25:00,248.92,248.99989,248.3828,248.3828,288154,0,0
2026-01-21 20:30:00,248.39,248.44,247.58,248.125,585282,0,0
2026-01-21 20:35:00,248.13,248.50999,248.13,248.42999,288118,0,0
2026-01-21 20:40:00,248.4399,248.58,248.14,248.16,315098,0,0
2026-01-21 20:45:00,248.14,248.2,247.815,247.84509,402634,0,0
2026-01-21 20:50:00,247.81,247.81,246.84,247.3,1125027,0,0
2026-01-21 20:55:00,247.28,247.92,247.21001,247.63,1629061,1,0
2026-01-22 14:30:00,249.36,250.23,248.8,250.00999,1937377,0,0
2026-01-22 14:35:00,250.0,250.77991,249.39999,249.89,689937,0,0
2026-01-22 14:40:00,249.89481,250.39,249.17,249.73,716446,0,0
2026-01-22 14:45:00,249.74001,249.91,248.38499,248.50999,619703,0,0
2026-01-22 14:50:00,248.48,249.38,248.39999,248.84,582866,1,0
2026-01-22 14:55:00,248.83,249.99001,248.66,249.855,658018,0,0
2026-01-22 15:00:00,249.87,250.3,249.67999,250.02499,746669,0,0
2026-01-22 15:05:00,250.03,250.2,249.61,249.81,340108,0,0
2026-01-22 15:10:00,249.815,250.23,249.57001,249.86,249641,0,0
2026-01-22 15:15:00,249.86,250.08,249.69,249.85001,234171,0,0
2026-01-22 15:20:00,249.85001,250.25999,249.315,249.36,269881,0,0
2026-01-22 15:25:00,249.355,250.2,249.3,250.13,255813,0,0
2026-01-22 15:30:00,250.14999,250.16,249.64999,249.94,232845,0,1
2026-01-22 15:35:00,249.96001,250.07001,249.64999,249.77,248498,0,0
2026-01-22 15:40:00,249.77499,250.05,249.57001,249.73,234220,0,0
2026-01-22 15:45:00,249.739,249.83,249.42999,249.42999,319900,0,0
2026-01-22 15:50:00,249.405,249.67,249.0,249.315,415197,0,0
2026-01-22 15:55:00,249.32961,249.39,249.06,249.0892,242312,0,0
2026-01-22 16:00:00,249.10001,249.44,249.05,249.33,265196,0,0
2026-01-22 16:05:00,249.34,249.75,249.2,249.67,269378,0,0
2026-01-22 16:10:00,249.7,249.82001,249.33,249.52,315450,0,0
2026-01-22 16:15:00,249.49001,250.0,249.46001,249.53999,263192,0,0
2026-01-22 16:20:00,249.53999,249.89999,249.5,249.69,166939,0,0
2026-01-22 16:25:00,249.73,249.86,249.66,249.69991,192616,0,0
2026-01-22 16:30:00,249.69501,249.81,249.25999,249.3999,161443,0,0
2026-01-22 16:35:00,249.38,249.73,249.3006,249.6301,151183,0,0
2026-01-22 16:40:00,249.63,249.73,249.56,249.67999,146552,0,0
2026-01-22 16:45:00,249.7,249.89999,249.61,249.75999,239919,0,0
2026-01-22 16:50:00,249.765,249.8,249.63,249.715,154546,0,0
2026-01-22 16:55:00,249.71001,249.72501,249.57001,249.59,110670,0,0
2026-01-22 17:00:00,249.58,249.8,249.44,249.78,155600,0,0
2026-01-22 17:05:00,249.785,249.8,249.5713,249.69,187303,0,0
2026-01-22 17:10:00,249.7,249.77,249.58,249.66,159710,0,0
2026-01-22 17:15:00,249.66,249.78999,249.61,249.735,122542,0,0
2026-01-22 17:20:00,249.735,249.88,249.64,249.74001,142478,0,0
2026-01-22 17:25:00,249.745,249.8,249.63,249.74001,152471,0,0
2026-01-22 17:30:00,249.75,250.07001,249.7301,250.02,144378,0,0
2026-01-22 17:35:00,250.035,250.3533,250.035,250.21001,200376,0,0
2026-01-22 17:40:00,250.2,250.5275,250.2,250.27,157771,0,0
2026-01-22 17:45:00,250.27,250.28,250.06,250.13,150384,0,0
2026-01-22 17:50:00,250.12,250.27,250.10001,250.19501,120200,0,0
2026-01-22 17:55:00,250.19,250.22,250.03999,250.14999,138896,0,0
2026-01-22 18:00:00,250.12,250.28,249.73,249.9473,218656,0,0
2026-01-22 18:05:00,249.9425,250.22,249.9001,250.14999,130088,1,0
2026-01-22 18:10:00,250.14999,250.17999,249.92999,250.007,113435,0,0
2026-01-22 18:15:00,250.00999,250.14,249.99001,250.1152,113399,0,0
2026-01-22 18:20:00,250.11,250.55,250.09509,250.535,157131,0,0
2026-01-22 18:25:00,250.535,250.82001,250.46001,250.67999,188895,0,0
2026-01-22 18:30:00,250.67,250.6825,250.35001,250.36501,168968,0,0
2026-01-22 18:35:00,250.35001,250.425,250.1344,250.2,174159,0,0
2026-01-22 18:40:00,250.19991,250.34,250.10001,250.2,108120,0,0
2026-01-22 18:45:00,250.19,250.28999,250.12,250.21001,103427,1,0
2026-01-22 18:50:00,250.2162,250.38,250.2,250.37,97751,0,0
2026-01-22 18:55:00,250.36,250.39999,249.75011,250.22,260268,0,0
2026-01-22 19:00:00,250.2399,250.7999,250.22,250.7299,183463,0,0
2026-01-22 19:05:00,250.70441,250.78999,250.61,250.71001,189943,0,0
2026-01-22 19:10:00,250.72,251.0,250.64,250.845,275424,0,0
2026-01-22 19:15:00,250.8246,250.88,250.685,250.7,165237,0,0
2026-01-22 19:20:00,250.71001,250.94,250.685,250.92,121986,0,0
2026-01-22 19:25:00,250.91,250.92,250.45,250.52,199145,0,0
2026-01-22 19:30:00,250.50999,250.625,250.38,250.39999,157595,0,0
2026-01-22 19:35:00,250.39999,250.495,249.75999,249.92,374407,0,0
2026-01-22 19:40:00,249.89999,249.97,249.52,249.53,259242,0,0
2026-01-22 19:45:00,249.52,249.60001,249.22501,249.24001,359506,0,0
2026-01-22 19:50:00,249.24001,249.39999,249.14,249.175,302602,0,0
2026-01-22 19:55:00,249.17,249.26981,248.76981,248.88,304725,0,0
2026-01-22 20:00:00,248.86,249.17,248.81,249.03011,275423,0,0
2026-01-22 20:05:00,249.0,249.0999,248.96001,249.02499,189297,0,0
2026-01-22 20:10:00,249.035,249.21989,249.0,249.06,200513,0,0
2026-01-22 20:15:00,249.084,249.17,248.95,248.96001,231645,0,0
2026-01-22 20:20:00,248.96001,249.03,248.62,248.67999,370590,0,0
2026-01-22 20:25:00,248.67,248.67,248.26511,248.37,329664,0,0
2026-01-22 20:30:00,248.34,248.85001,248.31,248.67999,238932,0,0
2026-01-22 20:35:00,248.67841,248.67999,248.39,248.53999,225756,0,0
2026-01-22 20:40:00,248.53999,248.78,248.38,248.63,277885,0,0
2026-01-22 20:45:00,248.60989,248.82001,248.58,248.75,188191,0,0
2026-01-22 20:50:00,248.75,248.92,248.535,248.565,419518,0,1
2026-01-22 20:55:00,248.58,248.75,248.17999,248.34,9762520,0,0
2026-01-23 14:30:00,245.75,246.48,245.63,246.315,2036329,0,0
2026-01-23 14:35:00,246.30499,246.33,245.33411,245.45,609009,0,0
2026-01-23 14:40:00,245.67999,245.89999,245.41,245.83009,642740,0,0
2026-01-23 14:45:00,245.83,245.95,244.67999,244.72,1007464,0,0
2026-01-23 14:50:00,244.7,246.03999,244.7,246.035,538325,1,0
2026-01-23 14:55:00,246.03999,246.27361,245.55,245.89,477651,0,0
2026-01-23 15:00:00,245.92,246.45,245.85001,246.30499,418634,0,0
2026-01-23 15:05:00,246.4301,246.45,246.06,246.25,375931,0,0
2026-01-23 15:10:00,246.23,246.27,245.81,245.95,327190,0,0
2026-01-23 15:15:00,245.94,246.09,245.71001,245.925,311785,0,0
2026-01-23 15:20:00,245.95,247.10001,245.87,247.05,548971,0,0
2026-01-23 15:25:00,247.06,247.24001,246.91,247.0101,307161,0,0
2026-01-23 15:30:00,247.02,247.39,246.97,247.17,245938,0,0
2026-01-23 15:35:00,247.1701,248.23,247.17,248.14,359402,0,0
2026-01-23 15:40:00,248.16,248.33501,247.78,248.03999,327262,0,0
2026-01-23 15:45:00,248.061,248.69,247.85001,248.66,346234,0,0
2026-01-23 15:50:00,248.645,249.22,248.5101,249.19,283278,0,0
2026-01-23 15:55:00,249.215,249.3,248.8,248.98,314938,0,1
2026-01-23 16:00:00,248.98,249.41,248.97,249.08,258621,0,0
2026-01-23 16:05:00,249.10001,249.19,248.64011,249.175,265271,0,0
2026-01-23 16:10:00,249.19,249.19501,248.8,248.83,193316,0,0
2026-01-23 16:15:00,248.8284,248.935,248.62,248.66,203599,0,0
2026-01-23 16:20:00,248.64999,248.77,248.325,248.53,283293,0,0
2026-01-23 16:25:00,248.53999,248.60001,248.28,248.35001,197665,0,0
2026-01-23 16:30:00,248.37,248.5,247.88,248.06,241399,0,0
2026-01-23 16:35:00,248.09,248.70689,248.00999,248.64,243939,0,0
2026-01-23 16:40:00,248.515,248.69,248.3,248.31,208324,0,0
2026-01-23 16:45:00,248.31,248.5,248.03999,248.44,157939,0,0
2026-01-23 16:50:00,248.42999,248.63,248.2101,248.50999,206981,0,0
2026-01-23 16:55:00,248.50999,248.55,248.05,248.24001,171443,0,0
2026-01-23 17:00:00,248.24001,248.24001,247.88,248.155,186253,0,0
2026-01-23 17:05:00,248.2,248.23,248.0,248.14999,123381,0,0
2026-01-23 17:10:00,248.17,248.25999,248.02,248.05,191866,0,0
2026-01-23 17:15:00,248.125,248.35921,247.95,248.33,183305,0,0
2026-01-23 17:20:00,248.31,248.75,248.25999,248.50999,212359,0,0
2026-01-23 17:25:00,248.63,248.8,248.53,248.7399,137888,0,0
2026-01-23 17:30:00,248.72,248.78,248.55,248.60001,114742,0,0
2026-01-23 17:35:00,248.595,248.80991,248.595,248.67,114196,0,0
2026-01-23 17:40:00,248.66,248.66,247.89301,248.08,219372,0,0
2026-01-23 17:45:00,248.08,248.21989,247.78,247.94501,253742,0,0
2026-01-23 17:50:00,247.95,247.99001,247.61,247.88,168441,0,0
2026-01-23 17:55:00,247.8819,248.03,247.69,247.78999,128231,0,0
2026-01-23 18:00:00,247.77,247.95,247.7,247.88499,207085,0,0
2026-01-23 18:05:00,247.89999,247.94,247.64999,247.92999,116288,0,0
2026-01-23 18:10:00,247.92999,248.06,247.69009,247.69769,197723,0,0
2026-01-23 18:15:00,247.705,248.10001,247.696,248.02,153413,0,0
2026-01-23 18:20:00,248.0,248.12,247.88,248.03,133688,0,0
2026-01-23 18:25:00,248.015,248.16,247.89,247.92999,110594,0,0
2026-01-23 18:30:00,247.96001,248.02991,247.64,247.7384,146810,0,0
2026-01-23 18:35:00,247.75,247.85001,247.59,247.64999,191303,0,0
2026-01-23 18:40:00,247.64999,247.715,247.34,247.39,185104,0,0
2026-01-23 18:45:00,247.38,247.38,247.03999,247.13,200437,0,0
2026-01-23 18:50:00,247.13499,247.36,246.97,247.185,215668,0,0
2026-01-23 18:55:00,247.19,247.56,247.16,247.52,157713,0,0
2026-01-23 19:00:00,247.53,247.66,247.23,247.295,197459,0,0
2026-01-23 19:05:00,247.31,247.64,247.27,247.53011,218665,0,0
2026-01-23 19:10:00,247.55499,247.88,247.31,247.77,248244,0,0
2026-01-23 19:15:00,247.755,247.81,247.53999,247.64999,163000,0,0
2026-01-23 19:20:00,247.67,247.98,247.64,247.98,166855,0,0
2026-01-23 19:25:00,247.99001,248.00999,247.47,247.47501,197638,0,0
2026-01-23 19:30:00,247.47,247.8,247.405,247.72,164409,0,0
2026-01-23 19:35:00,247.73,247.87,247.61,247.73,107360,0,0
2026-01-23 19:40:00,247.74001,248.194,247.69,248.151,169768,0,0
2026-01-23 19:45:00,248.14999,248.22,248.06,248.06,134881,0,0
2026-01-23 19:50:00,248.05,248.13,247.91,247.96001,156340,0,0
2026-01-23 19:55:00,247.96001,248.25,247.96001,248.17,119569,0,0
2026-01-23 20:00:00,248.17,248.215,248.005,248.045,137262,0,0
2026-01-23 20:05:00,248.05,248.12019,247.97,247.97,142847,0,0
2026-01-23 20:10:00,247.99001,248.25999,247.96001,248.1855,170780,0,0
2026-01-23 20:15:00,248.215,248.44,248.175,248.31,218016,0,0
2026-01-23 20:20:00,248.3,248.39999,248.2,248.3,197648,0,0
2026-01-23 20:25:00,248.29919,248.47,248.14999,248.19,222445,0,0
2026-01-23 20:30:00,248.19,248.3707,248.11501,248.205,200057,0,0
2026-01-23 20:35:00,248.17,248.28,248.06,248.17,188723,0,0
2026-01-23 20:40:00,248.17,248.73,248.16499,248.71001,10077540,0,0
2026-01-23 20:45:00,248.71001,248.85001,248.61,248.785,233710,0,0
2026-01-23 20:50:00,248.77,248.77,247.88,247.99899,592973,0,0
2026-01-23 20:55:00,247.97,248.21001,247.745,247.97,1082929,0,0
2026-01-26 14:30:00,251.48,251.88,249.8,251.185,2734584,0,0
2026-01-26 14:35:00,251.19501,252.73,250.625,252.6348,928933,0,0
2026-01-26 14:40:00,252.63,253.25,251.95,252.71001,1087845,0,0
2026-01-26 14:45:00,252.73,253.19,252.41,252.83501,614721,0,0
2026-01-26 14:50:00,252.89999,253.21001,252.27,253.0,417993,0,0
2026-01-26 14:55:00,253.005,253.7869,252.71001,252.75999,671281,0,0
2026-01-26 15:00:00,252.74001,253.7007,252.62,253.68941,569831,0,0
2026-01-26 15:05:00,253.71001,254.10001,253.39999,253.73,578669,0,0
2026-01-26 15:10:00,253.75999,253.78,252.8,253.68201,610595,0,0
2026-01-26 15:15:00,253.7,254.46001,253.50999,254.46001,485396,0,0
2026-01-26 15:20:00,254.46001,254.89,254.34,254.43761,599720,0,0
2026-01-26 15:25:00,254.45,254.72,253.77,254.03999,511038,0,0
2026-01-26 15:30:00,254.03999,254.75,253.92,254.69501,500245,0,0
2026-01-26 15:35:00,254.69,255.34,254.53,254.75,685803,0,0
2026-01-26 15:40:00,254.75,255.3,254.57001,254.951,463325,0,0
2026-01-26 15:45:00,254.965,255.23,254.87,255.2,324081,0,0
2026-01-26 15:50:00,255.21001,255.5,255.03,255.25999,442632,0,0
2026-01-26 15:55:00,255.25999,255.3,254.67,254.8,351329,0,1
2026-01-26 16:00:00,254.80901,255.2,254.56,254.96001,478305,0,0
2026-01-26 16:05:00,254.98,255.07001,254.63499,254.73,265354,0,0
2026-01-26 16:10:00,254.72,255.32001,254.66499,255.1201,452341,0,0
2026-01-26 16:15:00,255.13499,255.17,254.46001,254.46001,314585,0,0
2026-01-26 16:20:00,254.47,254.67999,254.23,254.67999,368378,0,0
2026-01-26 16:25:00,254.6924,255.21001,254.61,255.0999,294781,0,0
2026-01-26 16:30:00,255.08501,255.28,254.88,254.92999,482347,0,0
2026-01-26 16:35:00,254.9332,255.24001,254.81,255.00999,362793,0,0
2026-01-26 16:40:00,255.02,255.17,254.94,255.0,232333,0,0
2026-01-26 16:45:00,255.0099,255.25,254.83,254.86,203320,0,0
2026-01-26 16:50:00,254.85001,254.91,254.60001,254.86,239833,0,0
2026-01-26 16:55:00,254.87,255.01579,254.75999,254.86,188953,0,0
2026-01-26 17:00:00,254.87,255.3,254.87,255.23,276668,0,0
2026-01-26 17:05:00,255.23,255.42,254.81,254.81,268366,0,0
2026-01-26 17:10:00,254.8,254.88,254.25999,254.28999,273055,0,0
2026-01-26 17:15:00,254.289,254.72,254.289,254.60001,169028,1,0
2026-01-26 17:20:00,254.59,254.8499,254.5,254.72,172286,0,0
2026-01-26 17:25:00,254.7294,254.765,254.5,254.5,146244,0,0
2026-01-26 17:30:00,254.47,254.67999,254.42999,254.59,181362,0,0
2026-01-26 17:35:00,254.60001,254.74001,254.55,254.63,190160,0,0
2026-01-26 17:40:00,254.657,254.75,254.55,254.66,124202,0,0
2026-01-26 17:45:00,254.6628,254.66991,254.08,254.3316,198234,0,0
2026-01-26 17:50:00,254.33,254.55,254.25,254.50999,131053,0,0
2026-01-26 17:55:00,254.5282,254.52991,254.31,254.33,133808,0,0
2026-01-26 18:00:00,254.33,254.48,254.16,254.17,170565,0,0
2026-01-26 18:05:00,254.17,254.27,254.08,254.1275,157066,0,0
2026-01-26 18:10:00,254.19,254.36,254.09,254.24001,130792,0,0
2026-01-26 18:15:00,254.235,254.44,254.09,254.44,148706,0,0
2026-01-26 18:20:00,254.42999,254.67999,254.34,254.64999,156421,0,0
2026-01-26 18:25:00,254.6508,254.69,254.57001,254.64999,139164,0,0
2026-01-26 18:30:00,254.64,255.17,254.63,255.03,257704,0,0
2026-01-26 18:35:00,255.02,255.08,254.58,254.60001,164264,0,0
2026-01-26 18:40:00,254.58,254.62,254.32001,254.59,176787,0,0
2026-01-26 18:45:00,254.595,255.02,254.48,255.0107,221513,0,0
2026-01-26 18:50:00,255.00999,255.22,254.75999,255.17999,281976,0,0
2026-01-26 18:55:00,255.14999,255.35001,254.99001,255.11,239238,0,0
2026-01-26 19:00:00,255.10001,255.50999,255.10001,255.35001,386247,0,0
2026-01-26 19:05:00,255.35001,255.55321,255.28999,255.48,233175,0,0
2026-01-26 19:10:00,255.48,255.53,255.32001,255.435,209630,0,0
2026-01-26 19:15:00,255.4501,255.625,255.28,255.5,305081,0,0
2026-01-26 19:20:00,255.505,255.5988,255.42,255.52,215962,0,0
2026-01-26 19:25:00,255.52,255.97,255.44,255.94,322240,0,0
2026-01-26 19:30:00,255.92999,256.0401,255.71001,255.99001,309524,0,0
2026-01-26 19:35:00,256.0,256.26001,255.8801,256.17001,305541,0,0
2026-01-26 19:40:00,256.20001,256.26501,256.04999,256.13,226754,0,0
2026-01-26 19:45:00,256.14001,256.32999,256.10001,256.32001,279233,0,0
2026-01-26 19:50:00,256.32001,256.56,256.28,256.45001,316345,0,0
2026-01-26 19:55:00,256.44,256.4599,256.07501,256.10001,9104329,0,0
2026-01-26 20:00:00,256.10501,256.32001,256.04001,256.134,182813,0,0
2026-01-26 20:05:00,256.14001,256.37,256.07001,256.255,274852,0,0
2026-01-26 20:10:00,256.255,256.29001,255.73,255.8,278745,0,0
2026-01-26 20:15:00,255.81,255.96001,255.69,255.73,260622,0,0
2026-01-26 20:20:00,255.72,255.75999,255.47,255.6501,350264,0,0
2026-01-26 20:25:00,255.64999,255.7467,255.47,255.72501,316683,0,0
2026-01-26 20:30:00,255.73,255.99001,255.60001,255.64999,318827,0,0
2026-01-26 20:35:00,255.64999,255.6967,255.455,255.625,255778,0,0
2026-01-26 20:40:00,255.63499,255.73,255.485,255.505,344928,0,0
2026-01-26 20:45:00,255.50999,255.64999,255.45,255.58,346982,0,0
2026-01-26 20:50:00,255.58,255.58,254.89999,255.17999,803722,0,0
2026-01-26 20:55:00,255.17999,255.56,255.0,255.42,12148876,1,0
2026-01-27 14:30:00,259.14001,260.73999,258.66,260.19501,3411071,0,0
2026-01-27 14:35:00,260.20001,260.77249,259.57001,260.58499,1065984,0,0
2026-01-27 14:40:00,260.57971,260.72,260.01001,260.59,852155,0,0
2026-01-27 14:45:00,260.60001,261.14001,260.38,260.89001,955242,0,0
2026-01-27 14:50:00,260.87,261.73999,260.62009,261.60999,834100,0,0
2026-01-27 14:55:00,261.60001,261.95001,261.17999,261.465,788001,0,0
2026-01-27 15:00:00,261.48001,261.57999,260.89001,261.065,608327,0,0
2026-01-27 15:05:00,261.065,261.39499,260.5,260.82501,588288,0,0
2026-01-27 15:10:00,260.84,260.95001,259.95001,260.03,557248,0,0
2026-01-27 15:15:00,260.04999,260.20999,259.97,260.04999,446886,0,0
2026-01-27 15:20:00,260.03,260.20001,259.54001,259.76001,411187,0,0
2026-01-27 15:25:00,259.73999,259.98999,259.53,259.845,394284,1,0
2026-01-27 15:30:00,259.85999,260.10001,259.76001,260.01001,296761,0,0
2026-01-27 15:35:00,260.005,260.34,259.82999,260.25,259609,0,0
2026-01-27 15:40:00,260.25009,260.54999,260.20001,260.38,323691,0,0
2026-01-27 15:45:00,260.35001,260.67999,260.255,260.35999,235612,0,0
2026-01-27 15:50:00,260.38,260.435,260.01999,260.17001,262147,0,0
2026-01-27 15:55:00,260.17999,260.35999,260.03,260.34,189661,0,0
2026-01-27 16:00:00,260.35999,260.79999,260.35001,260.79999,269539,0,0
2026-01-27 16:05:00,260.79001,261.04999,260.76001,261.01999,324714,0,0
2026-01-27 16:10:00,261.03,261.23999,261.01999,261.14999,273563,0,0
2026-01-27 16:15:00,261.14499,261.39001,261.0307,261.315,222858,0,0
2026-01-27 16:20:00,261.31,261.37991,260.60999,260.63,352752,0,0
2026-01-27 16:25:00,260.64999,261.06,260.60999,260.72,251988,0,0
2026-01-27 16:30:00,260.72,260.78989,260.47,260.51001,230211,0,0
2026-01-27 16:35:00,260.51999,260.89001,260.5,260.82999,190535,0,0
2026-01-27 16:40:00,260.84,261.14999,260.76001,260.90689,190441,0,0
2026-01-27 16:45:00,260.91,261.03949,260.76001,260.95001,179869,0,0
2026-01-27 16:50:00,260.97,261.04761,260.85001,260.965,184916,0,0
2026-01-27 16:55:00,260.97,260.97,260.73001,260.78,160430,0,0
2026-01-27 17:00:00,260.76999,261.17001,260.76001,260.98001,186631,0,0
2026-01-27 17:05:00,260.97009,260.97009,260.73999,260.89999,169417,0,0
2026-01-27 17:10:00,260.90009,261.11499,260.88501,260.91,202938,0,0
2026-01-27 17:15:00,260.89001,261.16,260.82001,261.13,149765,0,0
2026-01-27 17:20:00,261.12,261.17499,260.88,261.02499,162393,0,0
2026-01-27 17:25:00,261.0274,261.35999,260.98999,261.31,168441,0,0
2026-01-27 17:30:00,261.30011,261.32001,261.16501,261.215,130901,0,0
2026-01-27 17:35:00,261.215,261.32001,261.13501,261.21649,132412,0,0
2026-01-27 17:40:00,261.23999,261.35001,260.85001,260.85001,164848,0,0
2026-01-27 17:45:00,260.85001,260.92999,260.64001,260.88,195575,0,0
2026-01-27 17:50:00,260.89011,260.92001,260.62,260.70499,175509,0,0
2026-01-27 17:55:00,260.70999,260.89001,260.67001,260.70999,116979,0,0
2026-01-27 18:00:00,260.70001,260.95999,260.54001,260.57999,176846,0,0
2026-01-27 18:05:00,260.57999,261.04999,260.51999,260.95999,220434,0,0
2026-01-27 18:10:00,260.95999,261.13,260.80011,260.9801,156968,0,0
2026-01-27 18:15:00,260.98001,260.99991,260.56,260.62,168184,0,0
2026-01-27 18:20:00,260.62,260.76001,260.51001,260.755,149931,0,0
2026-01-27 18:25:00,260.76001,260.84,260.2301,260.255,200504,0,0
2026-01-27 18:30:00,260.26999,260.35999,259.79999,259.95001,429106,0,0
2026-01-27 18:35:00,259.95499,260.13,259.84009,260.005,212509,0,0
2026-01-27 18:40:00,260.005,260.09,259.79999,259.85001,195133,0,0
2026-01-27 18:45:00,259.84839,259.92999,259.64001,259.69,168751,0,0
2026-01-27 18:50:00,259.69501,259.88,259.64001,259.70999,169777,0,0
2026-01-27 18:55:00,259.7193,259.97,259.51999,259.82001,253693,0,0
2026-01-27 19:00:00,259.84,260.01999,259.81,259.81,215239,0,0
2026-01-27 19:05:00,259.82999,259.91,259.53,259.57999,178931,0,0
2026-01-27 19:10:00,259.57999,259.87,259.55499,259.81,176210,0,0
2026-01-27 19:15:00,259.81,259.96161,259.62,259.935,162788,0,0
2026-01-27 19:20:00,259.9462,259.97,259.76501,259.88501,158362,0,0
2026-01-27 19:25:00,259.88501,259.94009,259.82501,259.875,184130,0,0
2026-01-27 19:30:00,259.875,259.89999,259.54999,259.60999,208359,0,0
2026-01-27 19:35:00,259.60501,259.73001,259.51501,259.67001,172591,0,0
2026-01-27 19:40:00,259.67001,259.67999,259.55499,259.60501,160802,0,0
2026-01-27 19:45:00,259.60999,259.64999,259.48999,259.60501,201399,0,0
2026-01-27 19:50:00,259.60001,259.61499,259.17499,259.60999,282183,0,0
2026-01-27 19:55:00,259.62,260.04001,259.60001,259.73999,304902,0,0
2026-01-27 20:00:00,259.745,259.96671,259.69,259.745,221425,0,0
2026-01-27 20:05:00,259.75,259.85001,259.64999,259.66089,180221,0,0
2026-01-27 20:10:00,259.67001,259.79999,259.45001,259.62,202285,0,0
2026-01-27 20:15:00,259.61499,259.64001,259.41,259.42999,226972,0,0
2026-01-27 20:20:00,259.42499,259.47,259.26001,259.27011,237832,0,0
2026-01-27 20:25:00,259.26999,259.39001,259.14999,259.38,203315,0,0
2026-01-27 20:30:00,259.38501,259.67499,259.31451,259.42291,394831,0,0
2026-01-27 20:35:00,259.42999,259.51001,259.23999,259.50369,220768,0,0
2026-01-27 20:40:00,259.51001,259.56,259.215,259.34,275699,0,0
2026-01-27 20:45:00,259.32999,259.54001,259.20901,259.39999,237395,0,0
2026-01-27 20:50:00,259.39001,259.39999,258.66,258.84,10102532,0,0
2026-01-27 20:55:00,258.78,258.78,258.20999,258.26999,1099765,0,0
2026-01-28 14:30:00,257.56,258.85501,257.29001,257.45001,1932188,0,0
2026-01-28 14:35:00,257.41501,257.64001,255.89,256.14999,773984,0,0
2026-01-28 14:40:00,256.14999,256.88,255.82001,256.63,483673,0,0
2026-01-28 14:45:00,256.6799,257.23999,256.29001,256.54501,466290,0,0
2026-01-28 14:50:00,256.57999,256.72501,255.73,256.07999,477700,0,0
2026-01-28 14:55:00,256.07999,256.35999,255.98,256.14499,363609,0,0
2026-01-28 15:00:00,256.14001,256.14999,255.215,255.42999,584168,0,0
2026-01-28 15:05:00,255.4201,256.75,255.4201,256.599,462364,1,0
2026-01-28 15:10:00,256.59,256.69,256.38,256.45999,243249,0,0
2026-01-28 15:15:00,256.45999,256.85001,256.39001,256.53,250443,0,0
2026-01-28 15:20:00,256.54001,257.04999,256.45001,256.48499,281908,0,0
2026-01-28 15:25:00,256.49991,256.70999,256.03,256.09,284634,0,0
2026-01-28 15:30:00,256.06,256.31,255.97,255.98,293799,0,0
2026-01-28 15:35:00,255.98,256.70999,255.89,256.57001,321061,0,0
2026-01-28 15:40:00,256.57001,256.6799,256.01999,256.0209,243341,0,0
2026-01-28 15:45:00,256.04001,256.20001,255.8101,256.12,241280,0,0
2026-01-28 15:50:00,256.10141,256.10141,255.78,256.04001,224031,0,0
2026-01-28 15:55:00,256.01999,256.22,255.72,255.84,203879,0,0
2026-01-28 16:00:00,255.84,255.99001,255.7,255.92,179003,0,0
2026-01-28 16:05:00,255.92,256.16,255.84,256.07999,181221,0,0
2026-01-28 16:10:00,256.06,256.22,255.77499,255.9062,177756,0,0
2026-01-28 16:15:00,255.89999,256.03,255.67,255.69,176030,0,0
2026-01-28 16:20:00,255.67999,255.83,255.41,255.46001,278036,0,0
2026-01-28 16:25:00,255.455,255.57001,255.25999,255.49001,226337,0,0
2026-01-28 16:30:00,255.47,255.48,254.92999,255.03751,343356,0,0
2026-01-28 16:35:00,255.03999,255.24741,254.9597,255.2025,221052,0,0
2026-01-28 16:40:00,255.21001,255.22,254.78999,254.89,245469,0,0
2026-01-28 16:45:00,254.88,255.1575,254.855,254.9599,187970,1,0
2026-01-28 16:50:00,254.94,255.13,254.74001,254.925,184543,0,0
2026-01-28 16:55:00,254.925,255.36501,254.925,255.34,170686,0,0
2026-01-28 17:00:00,255.33,255.42,255.14999,255.1993,141588,0,0
2026-01-28 17:05:00,255.21001,255.28,255.07809,255.2,111829,0,0
2026-01-28 17:10:00,255.2099,255.4026,255.14999,255.25,142356,0,0
2026-01-28 17:15:00,255.237,255.36,255.1505,255.35001,97571,0,0
2026-01-28 17:20:00,255.3584,255.39999,254.7,254.77,248700,0,0
2026-01-28 17:25:00,254.75999,254.85989,254.66,254.82001,135386,0,0
2026-01-28 17:30:00,254.8,254.851,254.56,254.6591,129523,0,0
2026-01-28 17:35:00,254.644,254.73,254.50999,254.64,139050,0,0
2026-01-28 17:40:00,254.64999,255.11,254.63,255.03,185352,0,0
2026-01-28 17:45:00,255.03,255.09,254.89999,255.05,107367,0,0
2026-01-28 17:50:00,255.03,255.11,254.75999,254.83,265679,0,0
2026-01-28 17:55:00,254.84,254.99001,254.72,254.83,242082,0,0
2026-01-28 18:00:00,254.82001,254.84,254.53999,254.8101,114907,0,0
2026-01-28 18:05:00,254.82001,255.0,254.8,254.94,124427,0,0
2026-01-28 18:10:00,254.92999,255.0,254.82001,254.955,112728,0,0
2026-01-28 18:15:00,254.95,255.315,254.95,255.28999,158988,0,0
2026-01-28 18:20:00,255.2993,255.39,255.17,255.2999,123476,0,0
2026-01-28 18:25:00,255.28999,255.34,255.23,255.255,92963,0,0
2026-01-28 18:30:00,255.25999,255.345,254.99001,255.03999,142059,0,0
2026-01-28 18:35:00,255.035,255.22,254.88,254.96001,129403,0,0
2026-01-28 18:40:00,254.98,255.32001,254.98,255.315,119900,0,0
2026-01-28 18:45:00,255.32001,255.42,255.14999,255.39999,137013,0,0
2026-01-28 18:50:00,255.39999,255.72,255.39999,255.69,186400,0,0
2026-01-28 18:55:00,255.67999,255.88,255.61,255.65649,160694,0,0
2026-01-28 19:00:00,255.66,255.86501,255.12,255.25,185470,0,0
2026-01-28 19:05:00,255.23,255.4399,255.14,255.35001,137020,0,0
2026-01-28 19:10:00,255.33,255.33,254.9301,255.00999,164348,0,0
2026-01-28 19:15:00,255.0,255.14,254.78,255.11501,179569,1,0
2026-01-28 19:20:00,255.13,255.31,254.84,255.25999,159827,0,0
2026-01-28 19:25:00,255.28,255.3694,254.97,255.11,197754,0,0
2026-01-28 19:30:00,255.08,255.89999,255.05,255.52,466354,0,0
2026-01-28 19:35:00,255.53,255.896,255.395,255.42,203093,0,0
2026-01-28 19:40:00,255.39,255.7823,255.27,255.64,163483,0,0
2026-01-28 19:45:00,255.64,256.22,255.63,255.92999,218743,0,0
2026-01-28 19:50:00,255.94,256.19,255.72,256.17001,269687,0,0
2026-01-28 19:55:00,256.17001,256.37,255.92999,256.29001,302627,0,0
2026-01-28 20:00:00,256.29001,256.64001,256.0899,256.17001,358155,0,0
2026-01-28 20:05:00,256.17001,256.26999,256.03,256.23999,274453,0,0
2026-01-28 20:10:00,256.23001,256.41,256.14499,256.20001,242645,0,0
2026-01-28 20:15:00,256.19,256.35001,255.97,256.34949,242125,0,0
2026-01-28 20:20:00,256.345,256.375,255.98,256.26001,363650,0,0
2026-01-28 20:25:00,256.26001,256.54999,256.22,256.47501,286553,0,0
2026-01-28 20:30:00,256.45999,256.51001,256.20499,256.26999,275154,0,0
2026-01-28 20:35:00,256.26501,256.64001,256.185,256.64001,276215,0,0
2026-01-28 20:40:00,256.63,256.63989,256.41501,256.53,295642,0,0
2026-01-28 20:45:00,256.51001,256.55499,256.12,256.13,345737,0,0
2026-01-28 20:50:00,256.13,256.85001,255.92999,256.82999,536932,0,0
2026-01-28 20:55:00,256.84,256.89999,256.23999,256.44,1362658,0,0
2026-01-29 14:30:00,258.07001,259.64999,257.53,257.63,1988651,0,1
2026-01-29 14:35:00,257.685,257.81,256.60001,256.82001,602173,0,0
2026-01-29 14:40:00,256.8042,257.32001,256.22,256.22,567293,0,0
2026-01-29 14:45:00,256.25,257.12399,256.07001,256.82999,550330,0,0
2026-01-29 14:50:00,256.79001,257.37,256.67999,257.37,419338,0,0
2026-01-29 14:55:00,257.35999,257.66,256.67999,256.79999,428585,0,0
2026-01-29 15:00:00,256.81,256.82001,255.86,256.27499,517549,0,0
2026-01-29 15:05:00,256.26999,256.26999,255.53999,255.84,359808,0,0
2026-01-29 15:10:00,255.86,256.51001,255.49001,256.32999,532615,0,0
2026-01-29 15:15:00,256.36499,256.95999,256.36499,256.67499,365641,0,0
2026-01-29 15:20:00,256.67999,257.42999,256.60001,257.29001,478897,0,0
2026-01-29 15:25:00,257.32001,257.69,256.85999,256.89999,471291,0,1
2026-01-29 15:30:00,256.89001,257.04001,256.07999,256.1217,343487,0,0
2026-01-29 15:35:00,256.12,256.22,255.67999,255.84,388975,0,0
2026-01-29 15:40:00,255.86,255.86,254.78999,255.14,592160,0,0
2026-01-29 15:45:00,255.14,255.34,254.61,254.72,393512,0,0
2026-01-29 15:50:00,254.71001,255.17999,254.41,255.04111,428563,1,0
2026-01-29 15:55:00,255.06,255.91,254.92999,255.455,406156,0,0
2026-01-29 16:00:00,255.45,255.56,254.89999,255.06,401987,0,0
2026-01-29 16:05:00,255.05499,255.92,255.00999,255.785,358408,0,0
2026-01-29 16:10:00,255.77,256.13,255.53999,255.86,345013,0,0
2026-01-29 16:15:00,255.88,256.01001,255.39999,255.91,344621,0,0
2026-01-29 16:20:00,255.91,256.41,255.86,256.13,456869,0,0
2026-01-29 16:25:00,256.16,256.315,255.8501,256.17001,342138,0,0
2026-01-29 16:30:00,256.13,256.32999,255.6301,255.6301,314556,0,0
2026-01-29 16:35:00,255.61,255.87,255.395,255.77,273457,0,0
2026-01-29 16:40:00,255.765,255.845,255.5,255.5901,248334,0,0
2026-01-29 16:45:00,255.64,255.77,255.38,255.5101,300674,0,0
2026-01-29 16:50:00,255.53,255.64999,255.23,255.33,222986,0,0
2026-01-29 16:55:00,255.33501,255.53,255.12,255.39,174905,0,0
2026-01-29 17:00:00,255.39999,256.28,255.345,255.96001,265785,0,0
2026-01-29 17:05:00,256.0,256.10999,255.6808,256.03,225710,0,0
2026-01-29 17:10:00,256.0,256.755,255.97501,256.54999,257827,0,0
2026-01-29 17:15:00,256.56,256.67499,256.01001,256.2926,290586,0,0
2026-01-29 17:20:00,256.35999,256.76999,256.32001,256.64999,388958,0,0
2026-01-29 17:25:00,256.66,257.41,256.66,257.22,560802,0,0
2026-01-29 17:30:00,257.20001,257.47,257.16,257.39001,366339,0,0
2026-01-29 17:35:00,257.38,257.67001,257.16,257.25,315919,0,0
2026-01-29 17:40:00,257.25,257.25,256.85001,257.06,231116,0,0
2026-01-29 17:45:00,257.06,257.20001,256.73001,256.92001,256666,0,0
2026-01-29 17:50:00,256.91,256.92999,256.54999,256.75699,405380,0,0
2026-01-29 17:55:00,256.80499,257.04001,256.73001,256.935,319949,0,0
2026-01-29 18:00:00,256.98001,257.29001,256.64001,257.05499,169449,0,0
2026-01-29 18:05:00,257.06,257.26999,256.79001,256.95999,203893,0,0
2026-01-29 18:10:00,256.95999,257.155,256.8606,256.95001,357811,0,0
2026-01-29 18:15:00,256.92999,257.04001,256.73001,256.85999,183131,0,0
2026-01-29 18:20:00,256.89001,257.10001,256.76999,257.06,188150,0,0
2026-01-29 18:25:00,257.03,257.45999,257.0,257.38,234916,0,0
2026-01-29 18:30:00,257.36499,257.57001,257.17999,257.57001,301797,0,0
2026-01-29 18:35:00,257.56,257.98999,257.53009,257.85999,325922,0,0
2026-01-29 18:40:00,257.8699,258.03,257.552,257.62009,286809,0,1
2026-01-29 18:45:00,257.63,257.64001,257.31271,257.46899,196883,0,0
2026-01-29 18:50:00,257.47,257.54001,257.17999,257.2225,236061,0,0
2026-01-29 18:55:00,257.23001,257.45001,257.16,257.32999,201666,0,0
2026-01-29 19:00:00,257.34,257.52991,257.22,257.31,277175,0,0
2026-01-29 19:05:00,257.32001,257.72,257.31,257.64001,211910,0,0
2026-01-29 19:10:00,257.64001,257.88,257.595,257.81,209646,0,0
2026-01-29 19:15:00,257.81281,258.10001,257.78,257.95999,241776,0,0
2026-01-29 19:20:00,257.95001,258.18161,257.94,258.12,301157,0,0
2026-01-29 19:25:00,258.12,258.17999,258.01999,258.14499,288224,0,0
2026-01-29 19:30:00,258.14499,258.32001,258.04001,258.29999,344061,0,0
2026-01-29 19:35:00,258.31,258.39001,257.9501,258.05081,335854,0,1
2026-01-29 19:40:00,258.09,258.14999,257.89999,258.03,263748,0,0
2026-01-29 19:45:00,258.03,258.0799,257.74011,257.89001,242013,0,0
2026-01-29 19:50:00,257.905,257.98001,257.84,257.94501,243707,0,0
2026-01-29 19:55:00,257.94,258.07501,257.87,257.92001,327402,0,0
2026-01-29 20:00:00,257.92499,258.22189,257.8399,258.04999,317405,0,0
2026-01-29 20:05:00,258.04999,258.51999,257.97,258.4899,398642,0,0
2026-01-29 20:10:00,258.48499,258.505,258.10001,258.19,418963,0,0
2026-01-29 20:15:00,258.18991,258.54001,258.14001,258.53,498519,0,0
2026-01-29 20:20:00,258.53,258.56839,258.28,258.32501,499537,0,0
2026-01-29 20:25:00,258.32999,258.47,258.26999,258.29501,350990,0,0
2026-01-29 20:30:00,258.31,258.375,257.91,258.14001,539685,0,0
2026-01-29 20:35:00,258.14499,258.45001,258.10001,258.33459,513556,0,0
2026-01-29 20:40:00,258.3399,258.54001,258.28,258.44,423169,0,0
2026-01-29 20:45:00,258.435,258.69989,258.27499,258.67001,627561,0,0
2026-01-29 20:50:00,258.67001,259.35001,258.61011,258.64001,1253564,0,1
2026-01-29 20:55:00,258.63,258.67001,257.75,258.17499,2503586,0,0
2026-01-30 14:30:00,255.16499,256.95999,252.17999,254.0,7888418,0,0
2026-01-30 14:35:00,254.0,255.57001,253.82001,255.095,1244251,0,0
2026-01-30 14:40:00,255.13901,255.2175,252.96001,253.53999,1204197,0,0
2026-01-30 14:45:00,253.5004,254.2551,252.73,254.215,1155774,1,0
2026-01-30 14:50:00,254.1628,255.14,253.61,254.965,957918,0,0
2026-01-30 14:55:00,254.95,256.39001,254.77,256.29001,962229,0,0
2026-01-30 15:00:00,256.29999,257.1886,255.94,256.005,1193753,0,0
2026-01-30 15:05:00,255.97,257.56,255.86,256.845,725544,0,0
2026-01-30 15:10:00,256.82101,258.35999,256.57999,258.26999,840012,0,0
2026-01-30 15:15:00,258.27499,258.70001,256.91,257.01001,6447849,0,1
2026-01-30 15:20:00,257.0,257.29001,256.56,256.85999,549924,0,0
2026-01-30 15:25:00,256.8251,256.95001,253.92999,254.0,844915,0,0
2026-01-30 15:30:00,254.08,255.08,253.69501,254.995,694302,0,0
2026-01-30 15:35:00,255.0,255.74001,254.94,255.35001,748261,0,0
2026-01-30 15:40:00,255.39999,255.97,255.3,255.605,662820,0,0
2026-01-30 15:45:00,255.5901,255.84,255.05,255.07001,539083,0,0
2026-01-30 15:50:00,255.075,255.31,254.84109,255.05,518228,0,0
2026-01-30 15:55:00,255.075,255.14999,254.67999,254.94,623765,0,0
2026-01-30 16:00:00,254.91499,255.50999,254.75,255.2899,628878,1,0
2026-01-30 16:05:00,255.28,256.26001,255.02,255.75999,558564,0,0
2026-01-30 16:10:00,255.75999,256.13,255.08,255.5,681279,0,0
2026-01-30 16:15:00,255.535,255.75999,255.1806,255.53,499748,0,0
2026-01-30 16:20:00,255.52,256.17001,255.47,256.14001,576331,0,0
2026-01-30 16:25:00,256.14789,256.905,256.01001,256.6875,540439,0,0
2026-01-30 16:30:00,256.69,256.98001,256.39999,256.76999,588033,0,0
2026-01-30 16:35:00,256.77499,257.04999,256.32999,256.35809,487203,0,0
2026-01-30 16:40:00,256.3363,257.14001,256.30029,256.81,641108,0,0
2026-01-30 16:45:00,256.82001,257.13,256.13501,256.33011,416726,0,1
2026-01-30 16:50:00,256.32999,256.48001,256.06,256.45001,372106,0,0
2026-01-30 16:55:00,256.41,256.58499,255.88,256.10501,336675,0,0
2026-01-30 17:00:00,256.09,256.14999,254.88,255.14,566748,0,0
2026-01-30 17:05:00,255.16499,255.17999,254.28349,254.39999,625756,0,0
2026-01-30 17:10:00,254.37,254.74001,254.32001,254.52499,411119,1,0
2026-01-30 17:15:00,254.52499,254.86,254.39,254.75,488085,0,0
2026-01-30 17:20:00,254.75999,255.25,254.57001,255.0499,550944,0,0
2026-01-30 17:25:00,255.03,255.505,255.02,255.21001,478501,0,0
2026-01-30 17:30:00,255.16,255.34,254.72,254.91969,343980,0,0
2026-01-30 17:35:00,254.895,255.27,254.53999,254.97501,359924,0,0
2026-01-30 17:40:00,254.92,255.03999,254.58299,254.71001,368888,0,0
2026-01-30 17:45:00,254.71001,255.23,254.67999,255.0,313148,1,0
2026-01-30 17:50:00,255.04601,255.22,254.69,254.71001,343951,0,0
2026-01-30 17:55:00,254.71001,255.13,254.71001,254.855,246004,0,0
2026-01-30 18:00:00,254.84,255.2,254.71001,255.10001,244204,0,0
2026-01-30 18:05:00,255.2205,255.5799,255.17,255.35001,472130,0,0
2026-01-30 18:10:00,255.35001,255.64999,255.19,255.46001,307121,0,0
2026-01-30 18:15:00,255.45,255.49001,254.91,254.94501,334868,0,0
2026-01-30 18:20:00,254.97,255.705,254.58,255.6205,621447,0,0
2026-01-30 18:25:00,255.63,256.07001,255.625,256.05499,402389,0,0
2026-01-30 18:30:00,256.05499,256.25,255.78,255.92999,298354,0,0
2026-01-30 18:35:00,255.96001,256.48999,255.88,256.26999,491573,0,0
2026-01-30 18:40:00,256.28,256.31931,255.87,256.1467,365133,0,0
2026-01-30 18:45:00,256.14001,258.28,256.10999,256.89001,272281,0,0
2026-01-30 18:50:00,256.89001,257.0,255.75,256.85001,604095,0,0
2026-01-30 18:55:00,256.89001,257.60001,256.85001,257.35001,634458,0,0
2026-01-30 19:00:00,257.375,257.76001,257.36499,257.74701,324357,0,0
2026-01-30 19:05:00,257.73001,258.07999,257.72,257.87,541651,0,0
2026-01-30 19:10:00,257.88,257.89999,257.54901,257.79001,421507,0,0
2026-01-30 19:15:00,257.76999,257.92999,257.32999,257.57001,448643,0,0
2026-01-30 19:20:00,257.55499,257.97,257.5401,257.79501,333479,0,0
2026-01-30 19:25:00,257.82999,257.97,257.45999,257.58499,436559,0,0
2026-01-30 19:30:00,257.60001,258.06,257.41,257.98999,450074,0,0
2026-01-30 19:35:00,258.01999,258.20001,257.76999,258.19,317441,0,0
2026-01-30 19:40:00,258.19,258.42999,258.095,258.095,511046,0,0
2026-01-30 19:45:00,258.09,258.28,257.95999,258.14999,319863,0,0
2026-01-30 19:50:00,258.14999,258.85001,258.14999,258.65991,556567,0,0
2026-01-30 19:55:00,258.64499,258.94,258.23001,258.26999,594719,0,0
2026-01-30 20:00:00,258.29001,258.53,257.95001,257.97,459519,0,0
2026-01-30 20:05:00,257.98001,258.48001,257.56,258.45999,483951,0,0
2026-01-30 20:10:00,258.48001,258.73999,258.44,258.64999,583563,0,0
2026-01-30 20:15:00,258.64999,259.22,258.45001,259.20001,619219,0,0
2026-01-30 20:20:00,259.19,259.45001,259.04999,259.38,739461,0,0
2026-01-30 20:25:00,259.38,259.91,259.38,259.91,961997,0,0
2026-01-30 20:30:00,259.92001,260.57999,259.82001,260.44,2133441,0,0
2026-01-30 20:35:00,260.44,260.74991,260.08499,260.70999,980767,0,0
2026-01-30 20:40:00,260.73001,261.04001,260.70001,260.98999,1089405,0,0
2026-01-30 20:45:00,260.98001,261.8999,260.95999,261.79749,2172051,0,0
2026-01-30 20:50:00,261.73999,261.73999,259.06009,259.79001,2445406,0,0
2026-01-30 20:55:00,259.79999,260.06,258.0,259.48001,4209740,0,0
2026-02-02 14:30:00,260.01999,263.97,259.60999,262.78989,3645388,0,0
2026-02-02 14:35:00,262.7001,262.7699,259.29001,259.345,1211058,0,0
2026-02-02 14:40:00,259.37,261.17999,259.20499,261.1579,754490,0,0
2026-02-02 14:45:00,261.17999,262.85001,260.92001,262.81,719816,0,0
2026-02-02 14:50:00,262.79001,263.76999,262.67001,263.29001,917526,0,0
2026-02-02 14:55:00,263.32501,263.92999,263.07999,263.32501,893148,0,0
2026-02-02 15:00:00,263.29001,264.10999,263.17999,263.69501,810700,0,0
2026-02-02 15:05:00,263.67999,264.22,263.32001,263.97,811630,0,0
2026-02-02 15:10:00,263.995,264.681,263.70001,264.655,952420,0,0
2026-02-02 15:15:00,264.63,265.20999,264.07999,264.48999,908461,0,0
2026-02-02 15:20:00,264.505,265.06,264.26999,264.54999,513330,0,0
2026-02-02 15:25:00,264.56,265.25,264.5,265.04001,586731,0,0
2026-02-02 15:30:00,265.035,265.37,264.72,264.78,477173,0,0
2026-02-02 15:35:00,264.82001,265.14999,264.57001,264.67999,420721,0,0
2026-02-02 15:40:00,264.67999,264.67999,263.595,263.95001,457793,0,0
2026-02-02 15:45:00,263.92001,263.965,263.16,263.35999,287544,0,0
2026-02-02 15:50:00,263.35999,263.63,263.23499,263.41,352670,0,0
2026-02-02 15:55:00,263.405,263.42999,262.31,262.73999,479410,0,0
2026-02-02 16:00:00,262.70001,263.10001,262.51001,262.7189,342433,1,0
2026-02-02 16:05:00,262.72,263.39859,262.72,263.285,294777,0,0
2026-02-02 16:10:00,263.29999,263.41989,262.91,263.255,288369,0,0
2026-02-02 16:15:00,263.23999,263.85001,263.13,263.76001,288340,0,0
2026-02-02 16:20:00,263.76999,264.535,263.76999,264.39999,323040,0,0
2026-02-02 16:25:00,264.39001,264.56351,264.09,264.29181,288216,0,0
2026-02-02 16:30:00,264.29501,264.60989,264.20999,264.60001,274262,0,0
2026-02-02 16:35:00,264.6113,264.73001,264.48001,264.60999,233605,0,0
2026-02-02 16:40:00,264.58499,264.73001,264.22,264.69501,181290,0,0
2026-02-02 16:45:00,264.70679,264.70679,264.02499,264.35001,196906,0,0
2026-02-02 16:50:00,264.34,264.39999,264.035,264.03699,181056,0,0
2026-02-02 16:55:00,264.065,264.67999,263.89001,264.465,293961,0,0
2026-02-02 17:00:00,264.45001,264.79001,264.35001,264.64001,206110,0,0
2026-02-02 17:05:00,264.64999,264.69,264.37,264.66119,172962,0,0
2026-02-02 17:10:00,264.66,264.85001,264.32999,264.36499,305268,0,0
2026-02-02 17:15:00,264.38,264.51001,263.97,264.07999,178092,0,0
2026-02-02 17:20:00,264.0762,264.29999,263.81,264.28,233712,0,0
2026-02-02 17:25:00,264.28,264.38,264.07999,264.17999,231079,0,0
2026-02-02 17:30:00,264.19,264.37,264.01001,264.30011,157576,0,0
2026-02-02 17:35:00,264.29001,264.4335,263.88501,263.97,222796,0,0
2026-02-02 17:40:00,263.94,264.04999,263.78,263.92999,181023,0,0
2026-02-02 17:45:00,263.92999,264.0,263.85001,263.97501,155837,1,0
2026-02-02 17:50:00,263.97501,264.29999,263.92999,264.2345,167453,0,0
2026-02-02 17:55:00,264.23001,264.42999,264.16,264.1738,150840,0,0
2026-02-02 18:00:00,264.19,265.14001,264.19,265.10999,296983,0,0
2026-02-02 18:05:00,265.11499,265.31,264.91,265.22,298115,0,0
2026-02-02 18:10:00,265.25,265.26999,264.79001,264.79001,216135,0,0
2026-02-02 18:15:00,264.78,264.94,264.69,264.82001,200558,0,0
2026-02-02 18:20:00,264.81,264.97,264.62,264.94,217219,0,0
2026-02-02 18:25:00,264.94,265.26999,264.86011,265.13,338931,0,0
2026-02-02 18:30:00,265.14499,265.26999,265.01001,265.22989,211160,0,0
2026-02-02 18:35:00,265.22,265.70001,265.22,265.42999,460490,0,0
2026-02-02 18:40:00,265.42001,265.54001,265.34,265.41,198305,0,0
2026-02-02 18:45:00,265.38,265.54999,265.34,265.54001,166806,0,0
2026-02-02 18:50:00,265.54001,265.79999,265.35999,265.79999,349909,0,0
2026-02-02 18:55:00,265.80991,266.73499,265.73001,266.70499,801526,0,0
2026-02-02 19:00:00,266.70001,267.095,266.54001,267.01001,657343,0,0
2026-02-02 19:05:00,267.01001,267.13501,266.89999,266.98499,398940,0,0
2026-02-02 19:10:00,266.98001,267.13,266.92999,267.12,303291,0,0
2026-02-02 19:15:00,267.10999,267.26999,266.82999,266.95999,450040,0,0
2026-02-02 19:20:00,266.95001,267.28,266.76001,267.20001,374401,0,0
2026-02-02 19:25:00,267.22009,267.35001,267.06,267.17999,307875,0,0
2026-02-02 19:30:00,267.125,267.44,266.91,267.10001,455187,0,0
2026-02-02 19:35:00,267.10001,267.25,266.89999,266.94,257199,0,0
2026-02-02 19:40:00,266.94,267.35001,266.82001,267.285,374026,0,0
2026-02-02 19:45:00,267.30991,267.79999,267.23001,267.73999,425664,0,0
2026-02-02 19:50:00,267.745,268.10999,267.45999,267.97009,419976,0,0
2026-02-02 19:55:00,268.0,268.28,267.92999,268.0,543683,0,0
2026-02-02 20:00:00,268.0,268.94,267.85089,268.85001,880763,0,0
2026-02-02 20:05:00,268.84241,269.56989,268.82999,269.13,891320,0,0
2026-02-02 20:10:00,269.16,269.34,268.45999,268.54999,564655,0,0
2026-02-02 20:15:00,268.54999,268.63,268.31,268.45859,331975,0,0
2026-02-02 20:20:00,268.4899,268.98999,268.34,268.98499,432588,0,0
2026-02-02 20:25:00,268.98999,269.39999,268.70001,268.98001,533132,0,0
2026-02-02 20:30:00,268.97501,269.42001,268.84,269.25,498332,0,0
2026-02-02 20:35:00,269.25,269.45001,268.94501,269.25,596445,0,0
2026-02-02 20:40:00,269.23999,269.70999,269.17999,269.45001,622566,0,0
2026-02-02 20:45:00,269.42001,270.0,269.39999,269.875,973063,0,0
2026-02-02 20:50:00,269.875,270.48999,269.57001,270.0,1437763,0,0
2026-02-02 20:55:00,269.98001,270.23001,269.875,269.95999,1903185,0,0
2026-02-03 14:30:00,269.13,270.32999,268.51001,269.47,2244722,0,0
2026-02-03 14:35:00,269.465,269.67999,268.1283,268.62,643243,0,0
2026-02-03 14:40:00,268.57999,269.06,267.69,268.20999,550976,0,0
2026-02-03 14:45:00,268.23001,269.85001,268.14001,269.76501,541198,0,0
2026-02-03 14:50:00,269.73999,270.97,269.39011,270.91821,761742,0,0
2026-02-03 14:55:00,270.95001,271.57999,270.26001,270.36069,998367,0,1
2026-02-03 15:00:00,270.38501,270.67001,269.32999,269.69,729269,0,0
2026-02-03 15:05:00,269.64001,269.94,269.04999,269.54971,500856,0,0
2026-02-03 15:10:00,269.51001,269.73001,268.70499,268.95001,373393,0,0
2026-02-03 15:15:00,268.95001,269.39999,268.38129,268.64001,530408,0,0
2026-02-03 15:20:00,268.67999,269.35999,268.45001,268.64999,411286,0,0
2026-02-03 15:25:00,268.64001,270.01001,268.6001,269.88501,810491,0,0
2026-02-03 15:30:00,269.85001,269.96552,268.35999,268.39001,467304,0,0
2026-02-03 15:35:00,268.375,268.60999,267.94,268.14001,360789,0,0
2026-02-03 15:40:00,268.10999,268.51999,267.60999,268.42001,398309,1,0
2026-02-03 15:45:00,268.41,269.13,268.29001,268.82001,380834,0,0
2026-02-03 15:50:00,268.84009,269.35001,268.67999,269.32999,425206,0,0
2026-02-03 15:55:00,269.32001,271.14001,269.31,271.07001,722631,0,0
2026-02-03 16:00:00,271.07999,271.285,270.45001,270.48001,653944,0,1
2026-02-03 16:05:00,270.48999,270.97,270.07999,270.10501,331452,0,0
2026-02-03 16:10:00,270.10999,270.64001,269.97,270.08499,433660,0,0
2026-02-03 16:15:00,270.08499,270.51001,269.79001,270.39001,605679,0,0
2026-02-03 16:20:00,270.345,270.59,269.2525,269.43399,310972,0,0
2026-02-03 16:25:00,269.47,269.48001,268.79001,268.89499,244249,0,0
2026-02-03 16:30:00,268.89999,269.60999,268.54999,269.54999,291924,0,0
2026-02-03 16:35:00,269.565,270.25,269.45151,270.22501,449417,0,0
2026-02-03 16:40:00,270.20999,270.5,269.72009,269.73499,750436,0,0
2026-02-03 16:45:00,269.76001,269.98001,269.595,269.64999,232872,0,0
2026-02-03 16:50:00,269.62,269.63,268.87,268.87,264467,0,0
2026-02-03 16:55:00,268.8501,269.0,268.7803,268.95999,172151,0,0
2026-02-03 17:00:00,268.94,269.34891,268.85001,269.28,284230,0,0
2026-02-03 17:05:00,269.2403,269.78,269.0,269.58331,343302,0,0
2026-02-03 17:10:00,269.57999,269.73999,268.64001,268.92001,354566,0,0
2026-02-03 17:15:00,268.84,269.34,268.67001,268.69,295920,0,0
2026-02-03 17:20:00,268.64999,268.82001,268.29001,268.69,270120,1,0
2026-02-03 17:25:00,268.72,269.04001,268.67001,268.89999,267623,0,0
2026-02-03 17:30:00,268.89001,269.38,268.755,268.85501,355164,0,0
2026-02-03 17:35:00,268.87,269.45499,268.79999,269.41641,471834,0,0
2026-02-03 17:40:00,269.43469,269.54501,268.98001,269.44,349808,0,0
2026-02-03 17:45:00,269.38501,269.53,269.01001,269.39999,352454,0,0
2026-02-03 17:50:00,269.39999,270.0,269.37,269.60999,274223,0,0
2026-02-03 17:55:00,269.62,269.89001,269.54001,269.63,215859,0,0
2026-02-03 18:00:00,269.67999,270.095,269.67999,269.92999,258934,0,0
2026-02-03 18:05:00,269.965,270.37,269.63,269.92999,292815,0,1
2026-02-03 18:10:00,269.92001,269.98001,269.32001,269.38501,203330,0,0
2026-02-03 18:15:00,269.35001,269.92001,269.34,269.85001,251217,0,0
2026-02-03 18:20:00,269.84,269.98001,269.51001,269.64499,267613,0,0
2026-02-03 18:25:00,269.64001,269.67999,268.94,269.34,298801,0,0
2026-02-03 18:30:00,269.33499,269.59,269.12,269.19,289913,0,0
2026-02-03 18:35:00,269.19501,269.64999,268.85001,269.64999,265402,0,0
2026-02-03 18:40:00,269.63501,269.69,269.25,269.52499,348257,0,0
2026-02-03 18:45:00,269.52499,270.2699,269.37,270.23001,261450,0,0
2026-02-03 18:50:00,270.2269,270.3446,269.95001,270.32999,306886,0,0
2026-02-03 18:55:00,270.32999,270.57001,270.03,270.25,11405453,0,0
2026-02-03 19:00:00,270.25,270.48999,270.05499,270.22672,329127,0,0
2026-02-03 19:05:00,270.20129,270.29001,269.92001,270.09,329591,0,0
2026-02-03 19:10:00,270.07001,270.98001,270.01999,270.84,650141,0,0
2026-02-03 19:15:00,270.82001,271.3699,270.60999,271.315,425192,0,0
2026-02-03 19:20:00,271.315,271.875,271.26999,271.35999,542522,0,0
2026-02-03 19:25:00,271.35999,271.59,271.215,271.48001,370113,0,0
2026-02-03 19:30:00,271.47,271.70001,271.25,271.29001,241390,0,0
2026-02-03 19:35:00,271.26999,271.48801,270.82001,270.9599,254036,0,0
2026-02-03 19:40:00,270.92001,271.17001,270.66501,270.95001,286814,0,0
2026-02-03 19:45:00,270.95999,271.04001,270.57001,270.84,273959,0,0
2026-02-03 19:50:00,270.84991,271.16,270.40009,270.565,383497,0,0
2026-02-03 19:55:00,270.56989,270.74631,269.95001,270.0,243809,0,0
2026-02-03 20:00:00,269.97,270.23999,269.28,269.31021,281647,0,0
2026-02-03 20:05:00,269.26999,269.41989,268.67001,268.94519,463752,0,0
2026-02-03 20:10:00,268.92001,269.87,268.85999,269.82999,306237,1,0
2026-02-03 20:15:00,269.84,269.84,268.95001,268.95001,280894,0,0
2026-02-03 20:20:00,268.95001,269.48999,268.81,269.20001,213458,0,0
2026-02-03 20:25:00,269.2099,269.6041,269.14999,269.20999,219277,0,0
2026-02-03 20:30:00,269.215,269.84,269.215,269.83499,354210,0,0
2026-02-03 20:35:00,269.83499,270.04999,269.53,269.60001,381498,0,0
2026-02-03 20:40:00,269.60001,269.78699,269.29999,269.41,323207,0,0
2026-02-03 20:45:00,269.42001,269.69,269.14001,269.42001,273843,0,0
2026-02-03 20:50:00,269.48999,270.0,268.84,269.07999,519154,0,0
2026-02-03 20:55:00,269.07999,269.76501,268.92001,269.45999,1196173,1,0
2026-02-04 14:30:00,272.31,274.82999,272.285,274.61499,2686140,0,0
2026-02-04 14:35:00,274.63,276.18991,274.54001,275.57501,1601827,0,0
2026-02-04 14:40:00,275.57999,277.05991,275.065,276.57999,1116810,0,0
2026-02-04 14:45:00,276.595,277.70001,276.56,277.64001,1266898,0,0
2026-02-04 14:50:00,277.64001,278.125,276.965,278.07999,1978770,0,0
2026-02-04 14:55:00,278.10999,278.81,277.32999,277.47,1260919,0,1
2026-02-04 15:00:00,277.48001,277.59,275.70181,276.28,1069885,0,0
2026-02-04 15:05:00,276.29001,277.17999,276.04999,276.66,789117,0,0
2026-02-04 15:10:00,276.67001,276.70001,274.81,274.89999,768602,0,0
2026-02-04 15:15:00,274.89999,275.76001,274.55011,275.67001,721985,1,0
2026-02-04 15:20:00,275.66,275.92001,275.32001,275.73999,551733,0,0
2026-02-04 15:25:00,275.73999,276.27991,275.29001,276.10001,550483,0,0
2026-02-04 15:30:00,276.125,276.48001,275.59,276.23999,536317,0,0
2026-02-04 15:35:00,276.23999,276.56,275.67001,275.72,648742,0,0
2026-02-04 15:40:00,275.66,276.13,275.29999,275.82001,549320,0,0
2026-02-04 15:45:00,275.79501,276.62,275.57999,276.42001,427092,0,0
2026-02-04 15:50:00,276.39999,277.0,276.0,276.98001,523166,0,0
2026-02-04 15:55:00,276.98001,277.39001,276.5,277.10999,627334,0,0
2026-02-04 16:00:00,277.095,277.30969,276.23001,276.33011,424631,0,0
2026-02-04 16:05:00,276.34,276.51999,275.95999,276.09,464381,0,0
2026-02-04 16:10:00,276.04999,276.85001,276.0,276.64999,454949,0,0
2026-02-04 16:15:00,276.64499,276.88501,275.995,276.07001,356621,0,0
2026-02-04 16:20:00,276.04999,276.79501,276.04001,276.785,422638,0,0
2026-02-04 16:25:00,276.79001,277.29999,276.73999,277.21381,465857,0,0
2026-02-04 16:30:00,277.19351,277.26001,276.29501,276.32001,335257,0,0
2026-02-04 16:35:00,276.32999,276.75,276.07999,276.12,331467,0,0
2026-02-04 16:40:00,276.12009,276.22,275.29001,275.51999,354653,0,0
2026-02-04 16:45:00,275.53,275.70001,274.37,274.57001,752338,0,0
2026-02-04 16:50:00,274.57999,274.79999,274.13751,274.32001,764081,0,0
2026-02-04 16:55:00,274.32999,274.98999,273.89999,274.965,409314,0,0
2026-02-04 17:00:00,274.95001,276.37,274.901,276.12,593523,0,0
2026-02-04 17:05:00,276.12,276.3699,275.79001,275.89001,385877,0,0
2026-02-04 17:10:00,275.85999,276.57999,275.78,276.48999,396181,0,0
2026-02-04 17:15:00,276.5199,276.60001,275.89999,275.95999,285952,0,1
2026-02-04 17:20:00,275.95999,276.125,275.67999,275.88,280557,0,0
2026-02-04 17:25:00,275.89499,275.95001,274.54501,275.25,768704,0,0
2026-02-04 17:30:00,275.26999,276.11499,274.84711,274.85001,684607,0,0
2026-02-04 17:35:00,274.8475,274.85001,274.03,274.10999,436378,0,0
2026-02-04 17:40:00,274.125,274.92999,273.89001,274.85001,640215,0,0
2026-02-04 17:45:00,274.82999,274.95001,273.75,274.0,458365,0,0
2026-02-04 17:50:00,273.97,274.47,273.685,274.47,345011,0,0
2026-02-04 17:55:00,274.5,274.94,274.01999,274.08499,263659,0,0
2026-02-04 18:00:00,274.09,274.14001,273.14001,273.36499,389622,0,0
2026-02-04 18:05:00,273.37,275.07999,273.34,274.80499,810469,0,0
2026-02-04 18:10:00,274.75,275.35501,274.73999,275.10001,320079,0,0
2026-02-04 18:15:00,275.10159,275.38989,274.97,275.1701,194355,0,0
2026-02-04 18:20:00,275.20001,275.5,275.03,275.35999,239210,0,0
2026-02-04 18:25:00,275.37,275.70001,275.36499,275.60001,290292,0,0
2026-02-04 18:30:00,275.62,275.76001,274.97,275.06,334035,0,0
2026-02-04 18:35:00,275.12,275.25989,274.91,275.245,211557,0,0
2026-02-04 18:40:00,275.21439,275.64001,275.01001,275.26001,200978,0,0
2026-02-04 18:45:00,275.16501,275.5,274.98999,275.0,202437,0,0
2026-02-04 18:50:00,274.98999,275.56549,274.84,275.42001,263051,0,0
2026-02-04 18:55:00,275.3989,275.73999,275.30011,275.38989,201670,0,0
2026-02-04 19:00:00,275.41,275.48001,274.79999,274.935,282508,0,0
2026-02-04 19:05:00,274.91251,275.1683,274.35001,275.07001,460534,0,0
2026-02-04 19:10:00,275.07001,275.39999,275.03,275.15729,191258,0,0
2026-02-04 19:15:00,275.14011,275.54999,274.98001,275.375,184686,0,0
2026-02-04 19:20:00,275.35001,275.57999,274.98999,275.07001,199813,0,0
2026-02-04 19:25:00,275.065,275.37,274.60001,274.91,396013,0,0
2026-02-04 19:30:00,274.90021,275.23999,274.90009,275.00079,267400,0,0
2026-02-04 19:35:00,275.01001,275.20001,274.95999,275.09,171050,0,0
2026-02-04 19:40:00,275.095,275.45999,275.04999,275.345,228662,0,0
2026-02-04 19:45:00,275.35999,275.70001,275.17999,275.32999,428267,0,0
2026-02-04 19:50:00,275.37,275.78,275.14001,275.375,302661,0,0
2026-02-04 19:55:00,275.35001,275.534,274.89999,275.14499,21579572,0,0
2026-02-04 20:00:00,275.14001,275.26999,274.82999,275.04001,388878,0,0
2026-02-04 20:05:00,275.04001,275.45999,274.94,275.25,418989,1,0
2026-02-04 20:10:00,275.26999,275.685,275.23999,275.685,415064,0,0
2026-02-04 20:15:00,275.69,276.17999,275.6001,276.09,600491,0,0
2026-02-04 20:20:00,276.09369,277.26999,275.97,277.255,679694,0,0
2026-02-04 20:25:00,277.26999,278.07999,277.20001,277.60999,963389,0,0
2026-02-04 20:30:00,277.60999,277.75,277.01999,277.29001,841094,0,0
2026-02-04 20:35:00,277.285,277.79001,277.0,277.375,687014,0,0
2026-02-04 20:40:00,277.39899,277.45001,276.85001,276.92999,487657,0,0
2026-02-04 20:45:00,276.95001,278.31,276.94,278.29999,893051,0,0
2026-02-04 20:50:00,278.32001,278.95001,277.29999,277.29999,1796455,0,1
2026-02-04 20:55:00,277.29999,277.35001,276.35999,276.45999,2607651,0,0
2026-02-05 14:30:00,278.01999,279.44,275.70999,276.32001,2663840,0,0
2026-02-05 14:35:00,276.22,276.29999,274.5,274.97501,710597,0,0
2026-02-05 14:40:00,274.97,275.17999,273.5401,273.66,686482,0,0
2026-02-05 14:45:00,273.655,275.98001,273.23001,275.94501,697185,1,0
2026-02-05 14:50:00,275.87,276.69,274.39999,274.48001,635793,0,0
2026-02-05 14:55:00,274.48001,274.48001,273.64999,274.36499,602590,0,0
2026-02-05 15:00:00,274.35999,275.64999,273.62,275.5,579199,0,0
2026-02-05 15:05:00,275.57001,275.60001,274.54001,274.54001,616338,0,0
2026-02-05 15:10:00,274.5116,275.31949,274.35999,274.53,334859,0,0
2026-02-05 15:15:00,274.51001,275.67999,274.45761,275.655,3697382,0,0
2026-02-05 15:20:00,275.69,276.84,275.47,275.875,703911,0,0
2026-02-05 15:25:00,275.84,276.84,275.34,276.785,554846,0,0
2026-02-05 15:30:00,276.79001,277.39999,276.35101,276.42001,568694,0,1
2026-02-05 15:35:00,276.44501,276.57999,275.51001,276.12009,437196,0,0
2026-02-05 15:40:00,276.12,276.31,275.23001,275.98001,325282,0,0
2026-02-05 15:45:00,275.95999,276.07999,274.69,274.76001,331874,0,0
2026-02-05 15:50:00,274.7601,275.13,273.91199,274.17801,494923,0,0
2026-02-05 15:55:00,274.17001,274.60001,273.95999,274.45001,378748,0,0
2026-02-05 16:00:00,274.45001,274.94,273.63,273.66,432423,0,0
2026-02-05 16:05:00,273.67499,273.98001,273.37,273.39001,276171,0,0
2026-02-05 16:10:00,273.35999,273.84,273.29001,273.34,236776,0,0
2026-02-05 16:15:00,273.34,275.48999,273.34,275.25,364972,1,0
2026-02-05 16:20:00,275.32001,276.2204,275.14001,275.37,366102,0,0
2026-02-05 16:25:00,275.367,275.70001,274.97751,275.22,313188,0,0
2026-02-05 16:30:00,275.29001,275.35001,274.79501,275.07001,247378,0,0
2026-02-05 16:35:00,275.07999,275.17001,274.81009,274.81009,291710,0,0
2026-02-05 16:40:00,274.85001,275.07001,274.60999,274.66501,177032,0,0
2026-02-05 16:45:00,274.67999,275.2182,274.47501,275.2182,191571,0,0
2026-02-05 16:50:00,275.20999,275.45001,275.03,275.29999,237987,0,0
2026-02-05 16:55:00,275.39499,275.5,274.92999,275.23999,213872,0,1
2026-02-05 17:00:00,275.19,275.20001,274.31,274.42001,241263,0,0
2026-02-05 17:05:00,274.42001,274.54111,274.13,274.29001,158385,0,0
2026-02-05 17:10:00,274.28,274.34,274.01001,274.07001,170552,0,0
2026-02-05 17:15:00,274.09,274.138,273.57999,273.73361,180565,0,0
2026-02-05 17:20:00,273.71011,274.39001,273.52499,274.39001,215343,1,0
2026-02-05 17:25:00,274.39999,274.95999,274.39001,274.73999,206162,0,0
2026-02-05 17:30:00,274.72,274.98001,274.26001,274.31,177096,0,0
2026-02-05 17:35:00,274.315,274.51999,274.16,274.48001,150895,0,0
2026-02-05 17:40:00,274.4899,274.72,274.32001,274.44,126777,0,0
2026-02-05 17:45:00,274.45999,274.95001,274.16,274.2449,140188,0,0
2026-02-05 17:50:00,274.23499,274.64001,274.07001,274.45999,134912,0,0
2026-02-05 17:55:00,274.45999,274.60999,274.31,274.595,169912,0,0
2026-02-05 18:00:00,274.595,274.94,274.19,274.19,163616,0,0
2026-02-05 18:05:00,274.17999,274.26999,273.91,274.2518,133096,0,0
2026-02-05 18:10:00,274.26001,274.505,274.04501,274.06,140649,0,0
2026-02-05 18:15:00,274.065,274.25,273.98001,274.14999,102446,0,0
2026-02-05 18:20:00,274.14999,274.32999,274.01999,274.26001,149196,0,0
2026-02-05 18:25:00,274.29999,274.54999,274.20001,274.32001,175987,0,0
2026-02-05 18:30:00,274.26001,274.62,274.12,274.32999,175536,0,0
2026-02-05 18:35:00,274.33899,274.41,274.11499,274.35999,156118,0,0
2026-02-05 18:40:00,274.38,274.88,274.3284,274.57999,243090,0,0
2026-02-05 18:45:00,274.56,274.91,274.5,274.73001,166277,0,0
2026-02-05 18:50:00,274.67001,274.67999,274.1973,274.41,175292,0,0
2026-02-05 18:55:00,274.39499,275.0,274.29361,274.98001,234496,0,0
2026-02-05 19:00:00,274.98999,275.66,274.92001,275.48499,324016,0,0
2026-02-05 19:05:00,275.48499,275.85001,275.33011,275.82999,272585,0,0
2026-02-05 19:10:00,275.82999,276.69,275.82001,276.67999,259804,0,0
2026-02-05 19:15:00,276.67001,277.20001,276.64499,277.17001,347012,0,0
2026-02-05 19:20:00,277.17999,277.57001,276.9101,277.16501,333791,0,1
2026-02-05 19:25:00,277.14999,277.29999,276.73999,277.04501,307475,0,0
2026-02-05 19:30:00,277.065,277.45999,276.13501,276.75,361231,0,0
2026-02-05 19:35:00,276.79999,276.95999,276.34,276.42001,211819,0,0
2026-02-05 19:40:00,276.39999,276.48001,276.08569,276.42001,159345,1,0
2026-02-05 19:45:00,276.405,276.60501,276.28329,276.47,161170,0,0
2026-02-05 19:50:00,276.45999,276.78,276.3161,276.48999,223875,0,0
2026-02-05 19:55:00,276.53,276.76999,276.32001,276.70999,233300,0,0
2026-02-05 20:00:00,276.72,277.10999,276.54001,277.09991,201158,0,0
2026-02-05 20:05:00,277.06,277.72,276.91,277.57101,375563,0,0
2026-02-05 20:10:00,277.57999,277.67999,276.51001,276.58011,360380,0,1
2026-02-05 20:15:00,276.61401,276.67001,276.10999,276.48001,288303,0,0
2026-02-05 20:20:00,276.4325,276.57001,276.14999,276.14999,272387,0,0
2026-02-05 20:25:00,276.17999,276.64001,276.14999,276.63,238590,0,0
2026-02-05 20:30:00,276.63,276.91,276.23001,276.29001,340462,0,0
2026-02-05 20:35:00,276.29999,276.64999,275.94,276.56,303344,0,0
2026-02-05 20:40:00,276.5799,276.79999,275.35001,275.45001,543037,0,0
2026-02-05 20:45:00,275.39499,276.37,275.38,276.29001,369259,1,0
2026-02-05 20:50:00,276.31,276.57999,275.39001,276.17999,560247,0,0
2026-02-05 20:55:00,276.17499,276.47,275.60001,275.92001,1874364,0,0
2026-02-06 14:30:00,277.16,279.47,277.0,278.53,2514707,0,0
2026-02-06 14:35:00,278.57001,279.92499,277.64999,279.28,985859,0,0
2026-02-06 14:40:00,279.25,279.92999,278.82639,279.17001,606491,0,0
2026-02-06 14:45:00,279.23999,279.82999,278.95999,279.48001,975406,0,0
2026-02-06 14:50:00,279.49249,280.48999,279.49249,279.965,1161049,0,0
2026-02-06 14:55:00,279.98999,280.73999,279.32001,280.52499,1083830,0,0
2026-02-06 15:00:00,280.54001,280.905,279.59,280.35001,644814,0,1
2026-02-06 15:05:00,280.37,280.56,279.48001,279.56,625712,0,0
2026-02-06 15:10:00,279.56,280.25,279.04001,279.14001,666538,0,0
2026-02-06 15:15:00,279.14001,279.26001,278.51001,279.03009,752598,0,0
2026-02-06 15:20:00,279.04999,279.32001,278.85001,278.8541,373960,0,0
2026-02-06 15:25:00,278.89499,279.89999,278.74011,279.29001,386801,0,0
2026-02-06 15:30:00,279.29999,279.95001,279.16,279.56,501012,0,0
2026-02-06 15:35:00,279.56,279.94,279.47,279.73001,252727,0,0
2026-02-06 15:40:00,279.73999,279.88,279.48999,279.51001,203938,0,1
2026-02-06 15:45:00,279.50681,279.76999,279.32001,279.32001,241673,0,0
2026-02-06 15:50:00,279.32999,279.35999,278.57999,278.58011,505046,0,0
2026-02-06 15:55:00,278.60999,279.07999,278.35001,278.815,1258985,0,0
2026-02-06 16:00:00,278.81,279.37,278.53021,279.246,298684,0,0
2026-02-06 16:05:00,279.26001,279.44,279.0,279.13501,262021,0,0
2026-02-06 16:10:00,279.14001,279.215,278.48999,278.95999,756747,0,0
2026-02-06 16:15:00,278.98001,279.35999,278.81,279.285,572791,0,0
2026-02-06 16:20:00,279.60681,279.66,279.04999,279.64001,318012,0,0
2026-02-06 16:25:00,279.60999,279.64999,278.98999,279.11499,325406,0,0
2026-02-06 16:30:00,279.10001,279.5488,279.0,279.25009,254489,0,0
2026-02-06 16:35:00,279.28,279.72369,279.16,279.64999,256348,0,0
2026-02-06 16:40:00,279.64999,279.67001,279.20999,279.34,283715,0,0
2026-02-06 16:45:00,279.37,279.465,279.14499,279.41,245752,0,0
2026-02-06 16:50:00,279.42001,279.75,279.39999,279.685,383948,0,0
2026-02-06 16:55:00,279.67999,279.77499,278.87,279.08499,400865,0,0
2026-02-06 17:00:00,279.04999,279.45999,278.95999,279.41501,155167,0,0
2026-02-06 17:05:00,279.45499,279.47,279.14999,279.26999,173102,0,0
2026-02-06 17:10:00,279.26999,279.42999,278.94,279.09009,241066,0,0
2026-02-06 17:15:00,279.09,279.23679,278.793,279.06,241320,0,0
2026-02-06 17:20:00,279.06,279.06,278.51999,278.5499,177922,0,0
2026-02-06 17:25:00,278.5401,278.75989,278.23999,278.67999,225886,0,0
2026-02-06 17:30:00,278.70999,278.79999,278.23001,278.24091,213674,0,0
2026-02-06 17:35:00,278.22,278.25,277.89999,278.23499,293877,0,0
2026-02-06 17:40:00,278.23999,278.32999,278.04001,278.32999,167985,0,0
2026-02-06 17:45:00,278.32999,278.47,278.22,278.38,195529,0,0
2026-02-06 17:50:00,278.37881,278.44,278.17999,278.19501,249464,0,0
2026-02-06 17:55:00,278.19501,278.31,278.11499,278.29501,174148,0,0
2026-02-06 18:00:00,278.29501,278.63501,278.254,278.57941,218715,0,0
2026-02-06 18:05:00,278.5799,278.68619,278.27011,278.37,197530,0,0
2026-02-06 18:10:00,278.345,278.64999,278.23999,278.34,249276,0,0
2026-02-06 18:15:00,278.32001,278.48001,278.1601,278.4101,395941,0,0
2026-02-06 18:20:00,278.41,278.52499,277.98001,278.04001,224838,0,0
2026-02-06 18:25:00,278.0322,278.185,277.49011,277.77499,234793,0,0
2026-02-06 18:30:00,277.79999,277.815,277.31,277.35999,231360,0,0
2026-02-06 18:35:00,277.37,277.38,277.04999,277.06,189956,0,0
2026-02-06 18:40:00,277.05042,277.67999,277.04001,277.6235,309287,1,0
2026-02-06 18:45:00,277.61499,277.76001,277.14911,277.22009,220115,0,0
2026-02-06 18:50:00,277.22989,277.45999,276.92499,277.09,255474,0,0
2026-02-06 18:55:00,277.07001,277.48999,277.0,277.48001,231333,0,0
2026-02-06 19:00:00,277.48999,277.73999,277.38,277.53,231885,0,0
2026-02-06 19:05:00,277.505,277.95999,277.505,277.69,186091,0,0
2026-02-06 19:10:00,277.70001,277.785,277.34,277.44,171419,0,0
2026-02-06 19:15:00,277.44,277.92999,277.42001,277.79001,207919,0,0
2026-02-06 19:20:00,277.81,277.89999,277.45999,277.62,150773,0,1
2026-02-06 19:25:00,277.62,277.63501,277.13,277.13,162974,0,0
2026-02-06 19:30:00,277.13,277.20999,276.995,277.0903,174994,0,0
2026-02-06 19:35:00,277.0903,277.42001,277.0701,277.26999,142741,1,0
2026-02-06 19:40:00,277.26999,277.34,277.17001,277.23001,140041,0,0
2026-02-06 19:45:00,277.23999,277.94,277.22,277.73999,215132,0,0
2026-02-06 19:50:00,277.72501,278.31,277.72501,278.26999,350858,0,0
2026-02-06 19:55:00,278.26999,278.64499,278.26999,278.57999,322102,0,0
2026-02-06 20:00:00,278.565,278.75,278.48001,278.68689,246132,0,0
2026-02-06 20:05:00,278.69,278.72,278.065,278.06909,254521,0,1
2026-02-06 20:10:00,278.06,278.3331,277.85001,277.85001,271297,0,0
2026-02-06 20:15:00,277.85001,278.07999,277.70001,277.84,383907,0,0
2026-02-06 20:20:00,277.82999,278.32999,277.67999,278.09,346592,0,0
2026-02-06 20:25:00,278.10001,278.10001,277.56,277.66,338182,0,0
2026-02-06 20:30:00,277.655,278.16989,277.57001,277.89999,495463,1,0
2026-02-06 20:35:00,277.89001,277.98001,277.64999,277.85001,197153,0,0
2026-02-06 20:40:00,277.85001,278.315,277.79001,278.10001,264009,0,0
2026-02-06 20:45:00,278.10001,278.57999,278.07001,278.155,269446,0,0
2026-02-06 20:50:00,278.16,278.92999,278.07001,278.79001,541384,0,0
2026-02-06 20:55:00,278.79999,279.01001,278.04001,278.07999,1487868,0,1
2026-02-09 14:30:00,277.905,278.04001,274.35999,274.84,1466421,0,0
2026-02-09 14:35:00,274.64001,274.82001,273.48999,274.35989,787476,0,0
2026-02-09 14:40:00,274.32999,274.79001,273.82001,274.3114,501601,0,0
2026-02-09 14:45:00,274.345,274.94,273.47,273.63501,620501,0,0
2026-02-09 14:50:00,273.64001,274.45749,273.16,274.45749,505898,0,0
2026-02-09 14:55:00,274.45999,274.77991,273.62,273.95999,361245,0,0
2026-02-09 15:00:00,273.95999,274.07999,273.04999,273.715,486005,0,0
2026-02-09 15:05:00,273.66501,274.07001,273.37,273.54999,328106,0,0
2026-02-09 15:10:00,273.5,273.89001,273.20001,273.51501,325134,0,0
2026-02-09 15:15:00,273.51999,274.01001,273.35001,274.0,312293,0,0
2026-02-09 15:20:00,274.04999,274.26001,273.70001,273.75,334127,0,0
2026-02-09 15:25:00,273.79001,273.82001,273.06,273.0827,305737,0,0
2026-02-09 15:30:00,273.09,273.60001,273.06,273.48499,252957,0,0
2026-02-09 15:35:00,273.48499,273.54999,273.12,273.1384,190367,0,0
2026-02-09 15:40:00,273.14999,273.75,273.14999,273.42999,205815,0,0
2026-02-09 15:45:00,273.42999,273.52499,273.0,273.20999,242678,0,0
2026-02-09 15:50:00,273.22,273.375,272.76999,273.3399,334615,0,0
2026-02-09 15:55:00,273.35999,273.45001,273.10001,273.25,289928,0,0
2026-02-09 16:00:00,273.2681,273.5,273.07999,273.41989,259651,0,0
2026-02-09 16:05:00,273.39001,273.70001,273.10999,273.26001,228521,0,0
2026-02-09 16:10:00,273.26001,273.57999,273.18729,273.32001,153588,0,0
2026-02-09 16:15:00,273.35001,273.44,272.91,272.98999,201662,0,0
2026-02-09 16:20:00,273.0,273.13,272.85001,273.07999,196965,0,0
2026-02-09 16:25:00,273.07001,273.47,272.94,273.39819,235825,0,0
2026-02-09 16:30:00,273.37,273.79999,273.26001,273.57001,277257,0,0
2026-02-09 16:35:00,273.59,273.67999,273.26001,273.32999,144143,0,0
2026-02-09 16:40:00,273.345,273.54999,273.31,273.42001,149936,0,0
2026-02-09 16:45:00,273.38,273.39001,273.14001,273.19,191916,0,0
2026-02-09 16:50:00,273.20999,273.45001,273.04999,273.35999,219618,0,0
2026-02-09 16:55:00,273.35001,273.44,272.75,272.79999,296517,0,0
2026-02-09 17:00:00,272.81,273.10999,272.60999,272.64001,325859,0,0
2026-02-09 17:05:00,272.64999,272.6998,272.08511,272.08511,5112024,0,0
2026-02-09 17:10:00,272.0899,272.42999,271.89999,272.35001,401995,0,0
2026-02-09 17:15:00,272.345,272.51999,272.07501,272.09,286057,0,0
2026-02-09 17:20:00,272.065,272.10001,271.70001,272.0,292555,0,0
2026-02-09 17:25:00,272.01999,272.1496,271.76999,272.01151,243250,0,0
2026-02-09 17:30:00,272.04001,272.20999,271.92001,272.01001,176876,0,0
2026-02-09 17:35:00,272.01001,272.34,271.95749,272.14001,204429,0,0
2026-02-09 17:40:00,272.14999,272.25989,271.82999,271.845,186711,0,0
2026-02-09 17:45:00,271.85001,271.97,271.76999,271.87,158108,0,0
2026-02-09 17:50:00,271.87,272.215,271.79999,272.19,170671,0,0
2026-02-09 17:55:00,272.20001,272.34,271.95999,271.965,169813,0,0
2026-02-09 18:00:00,271.965,272.19,271.82999,272.03,172253,0,0
2026-02-09 18:05:00,272.01001,272.01001,271.79001,271.98001,139691,0,0
2026-02-09 18:10:00,271.96829,272.01001,271.81,271.92999,128969,0,0
2026-02-09 18:15:00,271.92999,272.10999,271.82999,271.95999,118645,0,0
2026-02-09 18:20:00,271.97,272.26999,271.92001,272.09549,189897,0,0
2026-02-09 18:25:00,272.10999,272.25,271.89999,271.98001,121087,0,0
2026-02-09 18:30:00,271.98001,272.431,271.84,272.315,140234,0,0
2026-02-09 18:35:00,272.315,272.53,272.23001,272.51999,159604,0,0
2026-02-09 18:40:00,272.52991,273.00989,272.42001,272.935,342049,0,0
2026-02-09 18:45:00,272.92001,273.01001,272.73999,272.82001,210790,0,0
2026-02-09 18:50:00,272.84,273.065,272.82001,272.97,186885,0,0
2026-02-09 18:55:00,272.94501,273.20999,272.89999,272.89999,237498,0,0
2026-02-09 19:00:00,272.89999,273.26999,272.84,273.14001,204657,0,0
2026-02-09 19:05:00,273.16,273.203,272.92999,273.01001,194288,0,0
2026-02-09 19:10:00,273.01001,273.42999,273.0,273.26999,248518,0,0
2026-02-09 19:15:00,273.28891,273.32001,273.01001,273.14001,227880,0,0
2026-02-09 19:20:00,273.14001,273.69,273.03,273.67999,259770,0,0
2026-02-09 19:25:00,273.67001,273.70999,273.52011,273.62,154298,0,0
2026-02-09 19:30:00,273.63,273.72501,273.32001,273.32501,177626,0,0
2026-02-09 19:35:00,273.31009,273.48001,273.07999,273.41,168630,0,0
2026-02-09 19:40:00,273.39999,273.39999,273.09,273.10999,104696,0,0
2026-02-09 19:45:00,273.10999,273.29001,273.09,273.26501,112998,0,0
2026-02-09 19:50:00,273.26999,273.29001,273.13,273.17001,115197,0,0
2026-02-09 19:55:00,273.14999,273.14999,272.91501,272.95999,161836,0,0
2026-02-09 20:00:00,272.95999,273.45001,272.95999,273.35999,200469,1,0
2026-02-09 20:05:00,273.35379,273.69,273.29001,273.54199,233929,0,0
2026-02-09 20:10:00,273.53,273.67581,273.5,273.57999,175206,0,0
2026-02-09 20:15:00,273.58289,273.82001,273.55069,273.69501,272208,0,0
2026-02-09 20:20:00,273.69501,274.25,273.67001,274.10001,351234,0,0
2026-02-09 20:25:00,274.08011,274.19,273.82001,274.04001,294386,0,0
2026-02-09 20:30:00,274.03,274.20999,273.81,273.94,307111,0,0
2026-02-09 20:35:00,273.89999,274.12991,273.66,273.73999,315026,0,0
2026-02-09 20:40:00,273.74899,273.97,273.51001,273.88,348538,0,0
2026-02-09 20:45:00,273.85001,274.25,273.81,274.18921,355040,0,0
2026-02-09 20:50:00,274.17001,274.92999,273.995,274.39001,736405,0,0
2026-02-09 20:55:00,274.39001,275.12,274.32001,274.54001,1775449,0,0
2026-02-10 14:30:00,274.88501,275.28,273.30609,274.34,1430768,0,1
2026-02-10 14:35:00,274.23999,274.73999,273.60999,274.375,422658,0,0
2026-02-10 14:40:00,274.39001,274.73001,274.0,274.19501,351080,0,0
2026-02-10 14:45:00,274.20999,274.3201,273.3501,273.45499,342733,0,0
2026-02-10 14:50:00,273.45499,274.54999,273.20999,274.45001,308607,1,0
2026-02-10 14:55:00,274.41,274.95001,274.20999,274.76001,308144,0,0
2026-02-10 15:00:00,274.79999,275.03021,274.60001,274.87,275099,0,0
2026-02-10 15:05:00,274.84,275.35999,274.62,274.65991,326808,0,0
2026-02-10 15:10:00,274.65009,274.89999,273.85999,274.26001,357985,0,0
2026-02-10 15:15:00,274.25,274.47,274.11459,274.29999,227457,0,0
2026-02-10 15:20:00,274.32001,274.39999,274.07999,274.23999,186182,0,0
2026-02-10 15:25:00,274.26999,274.745,274.12,274.42001,213747,0,0
2026-02-10 15:30:00,274.39001,274.67001,274.17999,274.61499,181429,0,0
2026-02-10 15:35:00,274.63,274.64001,274.22,274.4299,187745,0,0
2026-02-10 15:40:00,274.44,274.70001,274.41501,274.655,173557,0,0
2026-02-10 15:45:00,274.69501,274.91,274.51001,274.62,201562,0,1
2026-02-10 15:50:00,274.62451,274.70999,274.51001,274.57501,116956,0,0
2026-02-10 15:55:00,274.56,274.56,274.14001,274.14001,160617,0,0
2026-02-10 16:00:00,274.14499,274.3869,274.14001,274.23001,137364,0,0
2026-02-10 16:05:00,274.23001,274.39001,274.12,274.22,126344,0,0
2026-02-10 16:10:00,274.23999,274.47989,274.17041,274.19,164453,0,0
2026-02-10 16:15:00,274.19501,274.60001,274.07999,274.28009,165718,0,0
2026-02-10 16:20:00,274.29001,274.35999,274.01001,274.13,127367,0,0
2026-02-10 16:25:00,274.17001,274.24969,273.98999,274.06,123068,0,0
2026-02-10 16:30:00,274.01999,274.0499,273.60001,273.64499,179386,0,0
2026-02-10 16:35:00,273.64001,273.67001,273.20001,273.32999,206044,0,0
2026-02-10 16:40:00,273.32001,273.51001,273.26999,273.39999,140722,0,0
2026-02-10 16:45:00,273.42001,273.59,273.14001,273.23001,162254,0,0
2026-02-10 16:50:00,273.23999,273.39999,273.10001,273.38,157008,0,0
2026-02-10 16:55:00,273.35999,273.51999,273.22501,273.2901,143530,0,0
2026-02-10 17:00:00,273.29001,273.63,273.26999,273.535,134577,0,0
2026-02-10 17:05:00,273.54001,273.72501,273.35501,273.41,174209,0,0
2026-02-10 17:10:00,273.42999,273.79999,273.42999,273.48001,165489,0,0
2026-02-10 17:15:00,273.47,273.48999,273.13971,273.17001,155882,0,0
2026-02-10 17:20:00,273.16,273.2699,272.94,273.10001,297387,0,0
2026-02-10 17:25:00,273.10001,273.39999,273.06,273.35001,134916,1,0
2026-02-10 17:30:00,273.35001,273.53,273.245,273.29999,127897,0,0
2026-02-10 17:35:00,273.29001,273.57999,273.14999,273.51999,125037,0,0
2026-02-10 17:40:00,273.53,273.70999,273.39999,273.70099,166309,0,0
2026-02-10 17:45:00,273.72,274.07001,273.68011,273.87,167035,0,0
2026-02-10 17:50:00,273.88,274.0499,273.79999,273.91,94937,0,0
2026-02-10 17:55:00,273.91,274.10999,273.88,274.09,121628,0,0
2026-02-10 18:00:00,274.10501,274.1499,273.98349,274.09,79466,0,1
2026-02-10 18:05:00,274.095,274.09851,273.79999,274.03,117318,0,0
2026-02-10 18:10:00,274.01001,274.17999,273.89999,273.98001,109686,0,0
2026-02-10 18:15:00,273.98999,274.1106,273.79001,273.79999,154932,0,0
2026-02-10 18:20:00,273.81689,273.82999,273.39999,273.76999,178257,0,0
2026-02-10 18:25:00,273.76001,274.19,273.48999,274.05499,204091,1,0
2026-02-10 18:30:00,274.05499,274.22,273.8718,274.02802,144181,0,0
2026-02-10 18:35:00,274.04001,274.20999,273.95001,274.11499,136203,0,0
2026-02-10 18:40:00,274.10001,274.26999,274.03101,274.22501,103046,0,0
2026-02-10 18:45:00,274.22,274.26001,274.06,274.13501,92588,0,0
2026-02-10 18:50:00,274.16,274.17499,273.72,273.72,138172,0,0
2026-02-10 18:55:00,273.70999,273.94989,273.6701,273.92999,108630,0,0
2026-02-10 19:00:00,273.95001,274.10999,273.79001,274.06,121856,0,0
2026-02-10 19:05:00,274.04001,274.06,273.72,273.875,123339,0,0
2026-02-10 19:10:00,273.875,274.10001,273.87,274.0,105540,0,0
2026-02-10 19:15:00,273.95999,274.06,273.66,273.72501,127764,0,0
2026-02-10 19:20:00,273.73001,274.0,273.73001,273.98001,93526,0,0
2026-02-10 19:25:00,273.97,274.03,273.81,273.965,77095,0,0
2026-02-10 19:30:00,273.97,274.07001,273.91,273.97009,103712,0,0
2026-02-10 19:35:00,273.98001,274.04999,273.79001,273.82001,101988,0,0
2026-02-10 19:40:00,273.83499,273.85001,273.60001,273.73999,156699,0,0
2026-02-10 19:45:00,273.75,273.84,273.68591,273.76999,137890,0,0
2026-02-10 19:50:00,273.76999,273.80499,273.51999,273.67999,125477,0,0
2026-02-10 19:55:00,273.67001,274.03,273.64499,274.03,120556,1,0
2026-02-10 20:00:00,274.01001,274.22,273.73999,273.7999,120070,0,0
2026-02-10 20:05:00,273.78079,274.09,273.73001,274.07999,120118,0,0
2026-02-10 20:10:00,274.0,274.22,273.89001,274.14001,121593,0,0
2026-02-10 20:15:00,274.14999,274.29999,274.0701,274.20001,146953,0,0
2026-02-10 20:20:00,274.19,274.29999,273.89001,273.98001,131436,0,0
2026-02-10 20:25:00,274.0,274.10001,273.935,274.07001,129152,0,0
2026-02-10 20:30:00,274.07999,274.17999,273.97,274.1105,132118,0,0
2026-02-10 20:35:00,274.10999,274.2699,274.0,274.13,155187,0,0
2026-02-10 20:40:00,274.14999,274.38,274.03049,274.25,150371,0,0
2026-02-10 20:45:00,274.29001,274.48999,274.23001,274.47009,203206,0,0
2026-02-10 20:50:00,274.48001,274.48001,273.32501,273.41,510795,0,0
2026-02-10 20:55:00,273.39999,274.0,273.31,273.79001,8247726,1,0
2026-02-11 14:30:00,274.69501,276.82999,274.60999,274.84,4733993,0,0
2026-02-11 14:35:00,274.79999,275.91,274.45001,275.51001,510274,0,0
2026-02-11 14:40:00,275.51001,276.45999,275.3558,275.60001,447531,0,0
2026-02-11 14:45:00,275.59,276.47,275.54001,276.25,511493,0,0
2026-02-11 14:50:00,276.26001,277.34,275.98999,277.26999,566890,0,0
2026-02-11 14:55:00,277.23001,277.44,275.98999,276.39999,403439,0,0
2026-02-11 15:00:00,276.41,277.03,276.17001,276.48999,389777,0,0
2026-02-11 15:05:00,276.44,276.57999,276.1601,276.3541,299692,0,0
2026-02-11 15:10:00,276.34,276.45999,275.76999,276.285,361257,0,0
2026-02-11 15:15:00,276.29001,277.17999,275.75,277.1001,455691,0,0
2026-02-11 15:20:00,277.14011,277.25,276.28,276.61499,395606,0,0
2026-02-11 15:25:00,276.57001,277.14999,276.32999,277.05011,421313,0,0
2026-02-11 15:30:00,277.10001,278.90991,277.04001,278.85001,782442,0,0
2026-02-11 15:35:00,278.87,279.04999,278.25,278.38501,508061,0,0
2026-02-11 15:40:00,278.39001,278.42999,277.86249,278.13,334001,0,0
2026-02-11 15:45:00,278.16501,278.66989,277.98001,278.48999,284104,0,0
2026-02-11 15:50:00,278.47,279.73001,278.45001,279.70001,457000,0,0
2026-02-11 15:55:00,279.69,279.905,279.48999,279.755,461481,0,0
2026-02-11 16:00:00,279.755,279.84991,278.81,279.19,368669,0,0
2026-02-11 16:05:00,279.20001,279.89999,279.04999,279.79999,325771,0,0
2026-02-11 16:10:00,279.785,279.98001,279.41,279.67499,376414,0,0
2026-02-11 16:15:00,279.67001,279.97,279.04999,279.11499,304493,0,0
2026-02-11 16:20:00,279.13501,279.32001,279.0,279.0,231667,0,0
2026-02-11 16:25:00,279.01001,279.04999,278.17499,278.19,262453,0,0
2026-02-11 16:30:00,278.19,278.79999,278.16,278.76501,244906,1,0
2026-02-11 16:35:00,278.76999,278.93109,278.5,278.81989,187400,0,0
2026-02-11 16:40:00,278.77499,279.20499,278.75,279.01999,206889,0,0
2026-02-11 16:45:00,279.035,279.10001,278.62,278.76999,182187,0,0
2026-02-11 16:50:00,278.76001,278.8688,278.69,278.755,118424,0,0
2026-02-11 16:55:00,278.755,278.82001,278.28,278.35001,144018,0,0
2026-02-11 17:00:00,278.34,278.54001,278.17999,278.48099,149750,1,0
2026-02-11 17:05:00,278.45999,278.75,278.23999,278.73499,202820,0,0
2026-02-11 17:10:00,278.73001,279.10999,278.54999,278.70001,271894,0,0
2026-02-11 17:15:00,278.73001,279.48999,278.715,279.36649,322419,0,0
2026-02-11 17:20:00,279.37,279.70999,279.29001,279.70001,159217,0,0
2026-02-11 17:25:00,279.73001,280.17999,279.72,279.94501,495172,0,0
2026-02-11 17:30:00,279.9104,280.14999,279.68011,279.80161,214623,0,0
2026-02-11 17:35:00,279.82001,280.09991,279.39999,279.48001,169820,0,0
2026-02-11 17:40:00,279.47,279.91501,279.47,279.76001,138922,0,0
2026-02-11 17:45:00,279.75,280.01001,279.64499,279.94,143039,0,0
2026-02-11 17:50:00,279.89999,280.10001,279.67499,279.69009,158228,0,0
2026-02-11 17:55:00,279.69501,279.715,279.35999,279.42001,168638,0,0
2026-02-11 18:00:00,279.42001,279.69,279.26999,279.26999,204037,0,0
2026-02-11 18:05:00,279.26999,279.29999,278.81,278.82999,108962,0,0
2026-02-11 18:10:00,278.82999,278.84,278.5,278.67001,167201,0,0
2026-02-11 18:15:00,278.66,278.98999,278.565,278.94,184182,0,0
2026-02-11 18:20:00,278.94,279.16501,278.74689,278.97,135948,0,0
2026-02-11 18:25:00,278.95999,279.07001,278.82001,278.95999,99497,0,0
2026-02-11 18:30:00,278.935,279.07001,278.84,278.84,119776,0,0
2026-02-11 18:35:00,278.845,279.04999,278.75009,278.92001,96125,0,0
2026-02-11 18:40:00,278.85001,278.91,278.62,278.81989,147788,0,0
2026-02-11 18:45:00,278.81921,279.01001,278.79999,278.875,118426,0,0
2026-02-11 18:50:00,278.87131,278.89819,278.67001,278.77499,121947,0,0
2026-02-11 18:55:00,278.76169,278.95001,278.69,278.89261,125396,0,0
2026-02-11 19:00:00,278.89999,279.03,278.7709,279.01501,103723,0,0
2026-02-11 19:05:00,279.01999,279.03,278.5,278.70001,241982,0,0
2026-02-11 19:10:00,278.70999,278.95999,278.51999,278.85999,178603,0,0
2026-02-11 19:15:00,278.86591,279.04999,278.85001,279.04999,124880,0,0
2026-02-11 19:20:00,279.03,279.04001,278.76001,278.9501,157454,0,0
2026-02-11 19:25:00,278.95999,279.67001,278.95999,279.57999,254151,0,0
2026-02-11 19:30:00,279.57999,279.59,278.95001,278.97,182076,0,1
2026-02-11 19:35:00,278.96011,279.095,278.82001,278.85999,133563,0,0
2026-02-11 19:40:00,278.85251,279.07999,278.57999,278.87,183682,0,0
2026-02-11 19:45:00,278.85001,278.89001,274.81061,276.29001,2311682,0,0
2026-02-11 19:50:00,276.31,277.1597,275.423,276.14001,794285,0,0
2026-02-11 19:55:00,276.14001,277.25,276.02499,276.59,715468,0,0
2026-02-11 20:00:00,276.57999,277.20001,276.17001,276.4299,517390,0,0
2026-02-11 20:05:00,276.405,277.29001,276.35999,276.60001,352166,0,0
2026-02-11 20:10:00,276.58499,277.0,276.20001,276.24271,239673,0,0
2026-02-11 20:15:00,276.23001,276.28769,275.78601,275.875,318170,0,0
2026-02-11 20:20:00,275.85999,275.87,275.10001,275.29001,482930,0,0
2026-02-11 20:25:00,275.26999,276.07999,275.01999,276.04999,368582,1,0
2026-02-11 20:30:00,276.01001,276.35001,275.85999,276.16,245803,0,0
2026-02-11 20:35:00,276.13,276.42001,276.0,276.23999,239919,0,0
2026-02-11 20:40:00,276.25,276.54999,276.22009,276.27499,258649,0,0
2026-02-11 20:45:00,276.2814,276.35001,275.94,276.05499,201723,0,1
2026-02-11 20:50:00,276.07001,276.32001,275.51001,276.28,480258,0,0
2026-02-11 20:55:00,276.28,276.28,275.45999,275.54001,1504896,0,0
2026-02-12 14:30:00,275.60001,275.72,272.03,272.55011,2239948,0,0
2026-02-12 14:35:00,272.5701,273.66,272.54001,272.85999,580604,0,0
2026-02-12 14:40:00,272.85999,273.34,271.91,272.04001,579021,0,0
2026-02-12 14:45:00,271.98001,272.92499,271.54999,272.07999,627096,0,0
2026-02-12 14:50:00,272.10001,273.0,271.82001,272.82999,353930,0,0
2026-02-12 14:55:00,272.815,272.815,271.92999,272.16,355707,0,0
2026-02-12 15:00:00,272.16,272.23001,271.10001,271.12,472574,0,0
2026-02-12 15:05:00,271.14001,271.42999,270.25,270.5,744100,0,0
2026-02-12 15:10:00,270.60001,270.69,270.06,270.255,517407,0,0
2026-02-12 15:15:00,270.26001,271.34909,270.255,270.86499,622886,0,0
2026-02-12 15:20:00,270.88,271.26001,270.62,271.08499,396086,0,0
2026-02-12 15:25:00,271.04001,271.75,270.89001,271.25,386469,0,0
2026-02-12 15:30:00,271.26001,271.61499,271.1701,271.57999,262197,0,0
2026-02-12 15:35:00,271.60001,271.73999,271.19,271.54999,300214,0,1
2026-02-12 15:40:00,271.54001,271.75,270.89999,270.9288,303234,0,0
2026-02-12 15:45:00,270.88959,271.185,270.45001,270.48001,331100,0,0
2026-02-12 15:50:00,270.44,270.44,269.35999,269.405,558487,0,0
2026-02-12 15:55:00,269.42001,269.46991,268.13,268.17999,660901,0,0
2026-02-12 16:00:00,268.173,268.23999,267.72,267.83511,596461,0,0
2026-02-12 16:05:00,267.85001,268.20999,267.54999,267.91501,411766,0,0
2026-02-12 16:10:00,267.905,268.01001,267.39001,267.95999,427242,0,0
2026-02-12 16:15:00,267.92999,267.94,267.07031,267.2601,425842,0,0
2026-02-12 16:20:00,267.28,267.39999,266.87,267.04999,446762,0,0
2026-02-12 16:25:00,267.01999,267.01999,266.14999,266.17001,681330,0,0
2026-02-12 16:30:00,266.19,266.67001,266.04999,266.20001,693523,0,0
2026-02-12 16:35:00,266.20999,267.04001,266.06,266.76999,554109,0,0
2026-02-12 16:40:00,266.75,266.95999,265.57001,265.60999,442119,0,0
2026-02-12 16:45:00,265.595,265.97,265.14999,265.17999,400340,0,0
2026-02-12 16:50:00,265.17499,265.38501,264.82999,264.82999,438026,0,0
2026-02-12 16:55:00,264.82999,265.63,264.62,265.42999,432568,0,0
2026-02-12 17:00:00,265.44421,265.56,264.92001,265.51001,264025,0,0
2026-02-12 17:05:00,265.54999,265.85001,264.98001,265.06,480503,0,0
2026-02-12 17:10:00,265.04999,265.04999,264.62,264.73999,234903,0,0
2026-02-12 17:15:00,264.73001,264.85999,264.42001,264.58499,262750,0,0
2026-02-12 17:20:00,264.54999,264.81,264.44,264.63,283088,0,0
2026-02-12 17:25:00,264.60999,264.76999,264.48001,264.60001,231447,0,0
2026-02-12 17:30:00,264.57001,264.64999,263.84009,263.92001,335972,0,0
2026-02-12 17:35:00,263.91,264.16,263.70001,263.76999,400905,0,0
2026-02-12 17:40:00,263.75,263.81,263.39999,263.54001,605480,0,0
2026-02-12 17:45:00,263.56,263.57999,262.80301,262.90891,324186,0,0
2026-02-12 17:50:00,262.905,262.905,262.23001,262.24991,544181,0,0
2026-02-12 17:55:00,262.23999,262.48999,261.53,261.77899,782141,0,0
2026-02-12 18:00:00,261.79001,262.16,261.54999,261.97,712775,0,0
2026-02-12 18:05:00,261.97,262.97989,261.85001,261.95001,958653,0,0
2026-02-12 18:10:00,261.95001,261.9599,260.86011,260.89001,760512,0,0
2026-02-12 18:15:00,260.89011,260.94,260.17999,260.32001,605170,0,0
2026-02-12 18:20:00,260.315,261.78,260.31,261.73999,549298,1,0
2026-02-12 18:25:00,261.71011,262.48001,261.63,262.32999,568033,0,0
2026-02-12 18:30:00,262.31,262.35001,261.82999,261.86499,332698,0,0
2026-02-12 18:35:00,261.86499,262.14499,261.5,262.11499,331191,0,0
2026-02-12 18:40:00,262.125,262.57501,262.04999,262.32001,359593,0,0
2026-02-12 18:45:00,262.32001,262.39001,261.73001,261.73999,304301,0,0
2026-02-12 18:50:00,261.73001,261.95001,261.42001,261.45999,305920,0,0
2026-02-12 18:55:00,261.45001,261.76001,261.23001,261.73499,406817,0,0
2026-02-12 19:00:00,261.70999,262.12,261.60001,261.76999,370668,0,0
2026-02-12 19:05:00,261.77011,261.92001,261.42999,261.57999,251019,0,0
2026-02-12 19:10:00,261.57999,261.72,261.28,261.33679,312248,0,0
2026-02-12 19:15:00,261.35999,262.0,261.35001,261.82999,302888,0,0
2026-02-12 19:20:00,261.83499,262.57999,261.57001,262.56161,365745,0,0
2026-02-12 19:25:00,262.56,262.67001,261.67999,261.78,364606,0,0
2026-02-12 19:30:00,261.76999,262.1611,261.48001,261.54001,353041,0,0
2026-02-12 19:35:00,261.5401,261.92499,261.51001,261.772,287129,0,0
2026-02-12 19:40:00,261.77499,262.01001,261.56,261.64001,263501,0,0
2026-02-12 19:45:00,261.66,262.44,261.66,261.965,330115,0,0
2026-02-12 19:50:00,261.97501,262.28021,261.51001,261.77759,315077,0,0
2026-02-12 19:55:00,261.79001,262.17001,261.75,262.04999,357580,0,0
2026-02-12 20:00:00,262.06,262.26999,261.88,262.26999,283019,0,0
2026-02-12 20:05:00,262.26001,262.48999,261.91,261.92999,327158,0,0
2026-02-12 20:10:00,261.92999,262.01001,261.60001,262.0,342409,0,0
2026-02-12 20:15:00,262.005,262.03,261.3696,261.42001,436656,0,0
2026-02-12 20:20:00,261.39001,261.51001,261.10001,261.39999,335820,0,0
2026-02-12 20:25:00,261.40411,261.64001,261.35999,261.48999,286837,0,0
2026-02-12 20:30:00,261.48001,261.72,261.13,261.306,388583,0,0
2026-02-12 20:35:00,261.32001,261.35999,260.75,260.92999,17483292,0,0
2026-02-12 20:40:00,260.91501,261.0,260.70001,260.75,494426,0,0
2026-02-12 20:45:00,260.745,260.88,260.28,260.38501,576433,0,0
2026-02-12 20:50:00,260.39999,262.48999,260.28009,262.43011,1158370,0,0
2026-02-12 20:55:00,262.45999,262.51001,261.54001,261.59,2626511,0,1
2026-02-13 14:30:00,262.01001,262.23001,258.79999,259.29999,4578357,0,0
2026-02-13 14:35:00,259.34,260.26001,258.79999,259.38501,772714,0,0
2026-02-13 14:40:00,259.35001,260.19,259.01999,259.51999,646951,0,0
2026-02-13 14:45:00,259.51001,260.98001,259.39999,260.27499,611692,0,0
2026-02-13 14:50:00,260.26999,260.32669,258.82001,259.5,564613,0,0
2026-02-13 14:55:00,259.51999,259.81,259.10001,259.32999,455113,0,0
2026-02-13 15:00:00,259.31,259.85001,259.0,259.31,499497,0,0
2026-02-13 15:05:00,259.34,259.83499,258.88,259.78,390285,0,0
2026-02-13 15:10:00,259.81,260.70001,259.41,260.01999,329068,0,0
2026-02-13 15:15:00,260.04999,260.38,259.655,259.67999,288772,0,0
2026-02-13 15:20:00,259.67999,259.95999,259.32001,259.48001,280704,0,0
2026-02-13 15:25:00,259.5,260.82001,259.44,260.595,385488,0,0
2026-02-13 15:30:00,260.57999,261.41,260.47501,261.06,412885,0,0
2026-02-13 15:35:00,261.07999,261.48999,259.95001,259.98001,363361,0,1
2026-02-13 15:40:00,259.95999,260.50989,259.45001,259.48959,264998,0,0
2026-02-13 15:45:00,259.57001,259.60999,258.37,258.56,374815,0,0
2026-02-13 15:50:00,258.64999,259.57501,258.53,259.5,287491,0,0
2026-02-13 15:55:00,259.535,259.84,259.35001,259.39001,255243,0,0
2026-02-13 16:00:00,259.42999,259.76001,259.315,259.465,185476,0,0
2026-02-13 16:05:00,259.45001,259.745,259.14001,259.45401,382855,0,0
2026-02-13 16:10:00,259.48999,259.54999,258.94,259.33499,208817,0,0
2026-02-13 16:15:00,259.345,259.78,259.17001,259.47501,161105,0,0
2026-02-13 16:20:00,259.47,259.47,258.76999,258.95999,219049,0,0
2026-02-13 16:25:00,258.94009,259.63989,258.69501,259.28751,281304,1,0
2026-02-13 16:30:00,259.29849,259.62,259.09,259.55499,223184,0,0
2026-02-13 16:35:00,259.54001,259.56,258.60001,259.35001,255780,0,0
2026-02-13 16:40:00,259.39999,259.60999,259.23999,259.45001,172959,0,0
2026-02-13 16:45:00,259.48001,259.73001,259.28,259.42999,212010,0,0
2026-02-13 16:50:00,259.4043,259.61499,259.22,259.56,166657,0,0
2026-02-13 16:55:00,259.63,259.78,259.14999,259.17999,180093,0,0
2026-02-13 17:00:00,259.20001,259.57001,258.89001,259.47,166354,0,0
2026-02-13 17:05:00,259.45001,259.75,259.42999,259.53,175188,0,0
2026-02-13 17:10:00,259.535,259.87,259.51999,259.845,157870,0,0
2026-02-13 17:15:00,259.85999,260.07999,259.76501,259.79001,223810,0,0
2026-02-13 17:20:00,259.78299,260.20999,259.66,260.09,158181,0,0
2026-02-13 17:25:00,260.10501,260.14001,259.59,259.59,223420,0,0
2026-02-13 17:30:00,259.59,260.04001,259.5,259.98999,221180,0,0
2026-02-13 17:35:00,259.98001,260.1572,259.88,260.07001,186703,0,0
2026-02-13 17:40:00,260.07501,260.26999,259.98001,260.10001,173788,0,0
2026-02-13 17:45:00,260.12,260.17999,259.34,259.505,345337,0,0
2026-02-13 17:50:00,259.51001,259.54001,259.12,259.26001,242885,0,0
2026-02-13 17:55:00,259.28,259.39001,259.02499,259.04501,243497,0,0
2026-02-13 18:00:00,259.04501,259.20001,258.79999,258.92999,218759,0,0
2026-02-13 18:05:00,258.91,259.01001,258.76999,258.85989,150052,0,0
2026-02-13 18:10:00,258.85001,259.14001,258.82999,259.06,213467,0,0
2026-02-13 18:15:00,259.04999,259.22,258.85999,258.94,6182599,0,0
2026-02-13 18:20:00,258.94,259.48999,258.92999,259.095,301334,0,0
2026-02-13 18:25:00,259.1011,259.1011,258.79999,258.91,153851,0,0
2026-02-13 18:30:00,258.94,259.07001,258.79999,258.98499,138522,0,0
2026-02-13 18:35:00,258.98001,259.20001,258.92999,259.13,234107,0,0
2026-02-13 18:40:00,259.16501,259.20001,258.94501,258.97299,132874,0,0
2026-02-13 18:45:00,258.98499,259.31,258.97,259.0,267269,0,0
2026-02-13 18:50:00,258.98001,259.03989,258.57999,258.80011,382061,0,0
2026-02-13 18:55:00,258.79999,259.0,258.625,258.70001,183176,0,0
2026-02-13 19:00:00,258.71011,258.8938,258.63,258.69,144614,0,0
2026-02-13 19:05:00,258.70999,258.95001,258.60001,258.89001,223646,0,0
2026-02-13 19:10:00,258.85999,259.01999,258.75009,258.82001,183840,0,0
2026-02-13 19:15:00,258.81009,258.95001,258.72,258.95001,133276,0,0
2026-02-13 19:20:00,258.94351,258.98001,258.75,258.76999,141094,0,0
2026-02-13 19:25:00,258.78,258.79001,258.28,258.45999,6893483,0,0
2026-02-13 19:30:00,258.48001,258.59,258.26001,258.35001,244852,0,0
2026-02-13 19:35:00,258.34311,258.47,258.20001,258.31,183101,0,0
2026-02-13 19:40:00,258.32001,258.39999,257.96011,258.0452,258267,0,0
2026-02-13 19:45:00,258.03,258.30991,257.92999,258.20001,157662,0,0
2026-02-13 19:50:00,258.20999,258.465,258.09009,258.465,187510,0,0
2026-02-13 19:55:00,258.48001,258.73001,258.04999,258.10999,284557,0,0
2026-02-13 20:00:00,258.10501,258.53989,258.08499,258.26501,271435,0,0
2026-02-13 20:05:00,258.26001,258.31,257.57501,257.73001,472059,0,0
2026-02-13 20:10:00,257.72,258.01001,257.51999,257.51999,269195,0,0
2026-02-13 20:15:00,257.54001,257.70001,257.01001,257.28989,493556,0,0
2026-02-13 20:20:00,257.28,257.32999,256.67999,256.73499,440698,0,0
2026-02-13 20:25:00,256.73141,256.79999,255.81731,255.91,716400,0,0
2026-02-13 20:30:00,255.91,256.17999,255.45,255.50999,761240,0,0
2026-02-13 20:35:00,255.53,256.07001,255.45,255.935,662997,0,0
2026-02-13 20:40:00,255.96001,256.20999,255.75,255.875,506679,0,0
2026-02-13 20:45:00,255.88,256.09,255.73,255.97,533621,0,0
2026-02-13 20:50:00,255.97,256.66,255.73,256.43341,1496727,0,0
2026-02-13 20:55:00,256.45001,256.45001,255.59,255.82001,2759662,0,0
