datetime,open,high,low,close,volume
2026-01-08 16:50:00,258.27499,258.38,257.95001,258.10999,140018
2026-01-08 16:51:00,258.10001,258.10001,257.70001,257.72,74908
2026-01-08 16:52:00,257.72,257.72,257.31,257.41501,119660
2026-01-08 16:53:00,257.4299,257.45999,257.19009,257.315,74703
2026-01-08 16:54:00,257.315,257.4599,257.26001,257.35001,67594
2026-01-08 16:55:00,257.367,257.5899,257.26001,257.56,62659
2026-01-08 16:56:00,257.54001,257.67001,257.45001,257.56,62460
2026-01-08 16:57:00,257.565,257.73001,257.51999,257.69,32723
2026-01-08 16:58:00,257.70999,257.79999,257.64001,257.67001,47312
2026-01-08 16:59:00,257.66071,257.87,257.62,257.69501,37614
2026-01-08 17:00:00,257.70499,257.85999,257.62,257.76999,36206
2026-01-08 17:01:00,257.76501,257.76651,257.49121,257.60999,51576
2026-01-08 17:02:00,257.60001,257.64001,257.42999,257.57111,25430
2026-01-08 17:03:00,257.60001,257.64999,257.48999,257.48999,37445
2026-01-08 17:04:00,257.48999,257.51999,257.34,257.45999,54450
2026-01-08 17:05:00,257.45999,257.54001,257.41,257.41,30664
2026-01-08 17:06:00,257.41,257.44,257.20001,257.41,39833
2026-01-08 17:07:00,257.38,257.48999,257.28,257.47,31113
2026-01-08 17:08:00,257.45001,257.60001,257.336,257.45999,66530
2026-01-08 17:09:00,257.47,257.51999,257.37,257.38889,32440
2026-01-08 17:10:00,257.37991,257.37991,257.23001,257.32999,41695
2026-01-08 17:11:00,257.32999,257.54001,257.315,257.39999,35823
2026-01-08 17:12:00,257.41,257.51999,257.23999,257.25,40594
2026-01-08 17:13:00,257.23999,257.23999,257.06,257.14001,66831
2026-01-08 17:14:00,257.14999,257.29999,257.10999,257.27499,46352
2026-01-08 17:15:00,257.25,257.37,257.17999,257.30991,67551
2026-01-08 17:16:00,257.28,257.444,257.23999,257.34,35513
2026-01-08 17:17:00,257.32999,257.32999,257.12,257.17001,36705
2026-01-08 17:18:00,257.17001,257.29999,257.17001,257.26001,38737
2026-01-08 17:19:00,257.255,257.39001,257.25,257.39001,46042
2026-01-08 17:20:00,257.39001,257.39999,257.23499,257.28,27854
2026-01-08 17:21:00,257.29001,257.35001,257.22,257.28,33319
2026-01-08 17:22:00,257.26999,257.32001,257.12,257.17001,36747
2026-01-08 17:23:00,257.17001,257.22,257.02039,257.0499,41345
2026-01-08 17:24:00,257.01999,257.07001,256.94,257.02011,47264
2026-01-08 17:25:00,257.01999,257.03989,256.87,256.88,37550
2026-01-08 17:26:00,256.88,256.88,256.70999,256.77911,54796
2026-01-08 17:27:00,256.78,256.94989,256.67999,256.85999,42694
2026-01-08 17:28:00,256.84,256.93991,256.73001,256.79001,39346
2026-01-08 17:29:00,256.80499,256.80499,256.67999,256.70901,35463
2026-01-08 17:30:00,256.69009,256.79001,256.59799,256.64999,51189
2026-01-08 17:31:00,256.64581,256.79999,256.64001,256.73999,38583
2026-01-08 17:32:00,256.73999,256.95999,256.70499,256.91351,67086
2026-01-08 17:33:00,256.92001,256.95999,256.82999,256.95499,37108
2026-01-08 17:34:00,256.95999,257.04999,256.86499,257.03,42273
2026-01-08 17:35:00,257.02499,257.02499,256.8501,256.95001,43410
2026-01-08 17:36:00,256.94,256.97,256.89999,256.95001,71248
2026-01-08 17:37:00,256.94,257.04999,256.89001,257.035,55016
2026-01-08 17:38:00,257.03491,257.035,256.75,256.78,26771
2026-01-08 17:39:00,256.77499,256.92999,256.72,256.89001,36022
2026-01-08 17:40:00,256.89999,257.0199,256.85999,257.0,30585
2026-01-08 17:41:00,257.0,257.35001,256.98999,257.28009,95581
2026-01-08 17:42:00,257.29999,257.29999,257.16,257.17999,34341
2026-01-08 17:43:00,257.17001,257.17499,256.89001,257.005,112664
2026-01-08 17:44:00,257.005,257.15991,256.94,257.15991,30035
2026-01-08 17:45:00,257.16,257.185,257.10999,257.14001,34540
2026-01-08 17:46:00,257.13,257.1601,257.07001,257.10001,47395
2026-01-08 17:47:00,257.10001,257.14001,257.04999,257.12,28458
2026-01-08 17:48:00,257.10999,257.20999,257.07999,257.185,43175
2026-01-08 17:49:00,257.19,257.26001,257.17599,257.25,43947
2026-01-08 17:50:00,257.25931,257.36209,257.25,257.33499,57932
2026-01-08 17:51:00,257.33499,257.5,257.31,257.5,41676
2026-01-08 17:52:00,257.495,257.52991,257.39001,257.39001,46291
2026-01-08 17:53:00,257.39999,257.53,257.3801,257.53,27923
2026-01-08 17:54:00,257.5499,257.57001,257.41,257.42001,32504
2026-01-08 17:55:00,257.42001,257.495,257.38,257.38,21327
2026-01-08 17:56:00,257.37,257.60001,257.37,257.51999,37193
2026-01-08 17:57:00,257.51999,257.63,257.51999,257.61011,45821
2026-01-08 17:58:00,257.60999,257.61151,257.42001,257.42001,30216
2026-01-08 17:59:00,257.41,257.46741,257.35001,257.39001,29633
2026-01-08 18:00:00,257.39029,257.54001,257.32001,257.51001,34987
2026-01-08 18:01:00,257.51001,257.54001,257.42001,257.45999,26077
2026-01-08 18:02:00,257.45001,257.45001,257.30899,257.31,26043
2026-01-08 18:03:00,257.29999,257.47,257.26001,257.44,40658
2026-01-08 18:04:00,257.45001,257.62,257.4407,257.57999,31335
2026-01-08 18:05:00,257.56,257.56,257.10001,257.17001,53631
2026-01-08 18:06:00,257.17001,257.21701,257.10001,257.12009,32448
2026-01-08 18:07:00,257.13501,257.172,257.07999,257.09,26948
2026-01-08 18:08:00,257.09,257.09,256.95999,257.01999,30013
2026-01-08 18:09:00,257.01041,257.07001,256.94,257.04999,29013
2026-01-08 18:10:00,257.07001,257.07001,256.98001,257.04001,18764
2026-01-08 18:11:00,257.03,257.03,256.84,256.92499,41993
2026-01-08 18:12:00,256.92499,256.94,256.82999,256.89301,23413
2026-01-08 18:13:00,256.89001,256.89001,256.75,256.78979,23725
2026-01-08 18:14:00,256.76999,256.81,256.69,256.70001,24621
2026-01-08 18:15:00,256.70499,256.82651,256.67999,256.81,25095
2026-01-08 18:16:00,256.81,256.85501,256.78,256.82999,35187
2026-01-08 18:17:00,256.81,256.87,256.7601,256.85501,32417
2026-01-08 18:18:00,256.85999,256.91,256.82001,256.88,27535
2026-01-08 18:19:00,256.88501,257.0,256.81339,256.9845,32453
2026-01-08 18:20:00,256.98999,257.06,256.98001,257.04001,55145
2026-01-08 18:21:00,257.06,257.095,257.005,257.07001,30178
2026-01-08 18:22:00,257.07251,257.14001,256.98999,257.13199,29706
2026-01-08 18:23:00,257.14001,257.25,257.12,257.215,43584
2026-01-08 18:24:00,257.20999,257.25,257.14999,257.22,36728
2026-01-08 18:25:00,257.23001,257.245,257.07001,257.15869,43469
2026-01-08 18:26:00,257.14999,257.24991,257.13501,257.16,59106
2026-01-08 18:27:00,257.16,257.44501,257.14999,257.37,110952
2026-01-08 18:28:00,257.35999,257.5,257.33499,257.48001,46503
2026-01-08 18:29:00,257.48499,257.57001,257.42999,257.48001,36648
2026-01-08 18:30:00,257.51001,257.51999,257.35999,257.51001,60054
2026-01-08 18:31:00,257.505,257.51001,257.34,257.35999,46957
2026-01-08 18:32:00,257.35999,257.37,257.1004,257.17999,43104
2026-01-08 18:33:00,257.19,257.19,257.06,257.16,25971
2026-01-08 18:34:00,257.16,257.20001,257.12,257.14999,30148
2026-01-08 18:35:00,257.12,257.34631,257.12,257.34631,51595
2026-01-08 18:36:00,257.34,257.42001,257.29501,257.39001,29935
2026-01-08 18:37:00,257.39001,257.39001,257.19,257.21509,23431
2026-01-08 18:38:00,257.22,257.22,257.14999,257.19501,18584
2026-01-08 18:39:00,257.19,257.2778,257.17001,257.26001,19445
2026-01-08 18:40:00,257.26001,257.28,257.23999,257.23999,14883
2026-01-08 18:41:00,257.25,257.3075,257.23499,257.26501,43960
2026-01-08 18:42:00,257.25,257.35001,257.23001,257.34,19501
2026-01-08 18:43:00,257.34,257.35999,257.255,257.27029,25534
2026-01-08 18:44:00,257.28,257.34,257.26999,257.32999,15599
2026-01-08 18:45:00,257.328,257.35999,257.32501,257.35001,16196
2026-01-08 18:46:00,257.34009,257.5,257.34009,257.48001,38277
2026-01-08 18:47:00,257.48001,257.48001,257.42001,257.47,39481
2026-01-08 18:48:00,257.46011,257.48001,257.39999,257.41,17246
2026-01-08 18:49:00,257.41101,257.42999,257.35999,257.42999,20129
2026-01-08 18:50:00,257.44,257.45001,257.35001,257.41501,27551
2026-01-08 18:51:00,257.41,257.42999,257.32999,257.34,25683
2026-01-08 18:52:00,257.34,257.34,257.28,257.32001,29824
2026-01-08 18:53:00,257.32001,257.32001,257.26001,257.29001,35228
2026-01-08 18:54:00,257.28,257.28699,257.16,257.17001,41447
2026-01-08 18:55:00,257.14011,257.20001,257.08499,257.14001,33800
2026-01-08 18:56:00,257.13501,257.16,257.10049,257.1142,24855
2026-01-08 18:57:00,257.10999,257.14001,257.0777,257.13,25092
2026-01-08 18:58:00,257.13,257.14001,256.85999,256.85999,50288
2026-01-08 18:59:00,256.85999,256.9852,256.84,256.935,31582
2026-01-08 19:00:00,256.92001,257.01999,256.89001,256.9404,31702
2026-01-08 19:01:00,256.95651,257.03,256.95651,256.98999,25336
2026-01-08 19:02:00,257.0,257.01501,256.965,256.965,71844
2026-01-08 19:03:00,256.97,257.12,256.965,257.10999,31064
2026-01-08 19:04:00,257.11499,257.11499,256.9892,256.9892,26243
2026-01-08 19:05:00,256.98001,257.04001,256.95999,257.01999,22345
2026-01-08 19:06:00,257.03,257.03,256.9075,256.98999,28985
2026-01-08 19:07:00,256.98611,257.07999,256.95999,257.01999,26178
2026-01-08 19:08:00,257.01001,257.14981,256.98001,257.14981,29116
2026-01-08 19:09:00,257.14001,257.20251,257.03,257.04999,81103
2026-01-08 19:10:00,257.04999,257.04999,256.89001,256.89001,43852
2026-01-08 19:11:00,256.89001,256.89001,256.73999,256.75989,72083
2026-01-08 19:12:00,256.75,256.7999,256.70999,256.77499,35310
2026-01-08 19:13:00,256.785,256.79999,256.67999,256.70999,28071
2026-01-08 19:14:00,256.71991,256.785,256.67999,256.69,39698
2026-01-08 19:15:00,256.69,256.73001,256.52011,256.66,92152
2026-01-08 19:16:00,256.64999,256.67001,256.29999,256.39999,252151
2026-01-08 19:17:00,256.39999,256.45499,256.35001,256.35001,63841
2026-01-08 19:18:00,256.36499,256.57999,256.35001,256.42999,53079
2026-01-08 19:19:00,256.41,256.59,256.39001,256.57999,23776
2026-01-08 19:20:00,256.59,256.69,256.51001,256.66,54769
2026-01-08 19:21:00,256.67001,256.69501,256.54999,256.57001,34670
2026-01-08 19:22:00,256.57999,256.64001,256.53,256.56,30658
2026-01-08 19:23:00,256.54999,256.55499,256.45001,256.5,33421
2026-01-08 19:24:00,256.47,256.76999,256.42999,256.73999,68520
2026-01-08 19:25:00,256.73901,256.76361,256.62,256.70001,39538
2026-01-08 19:26:00,256.70999,256.79959,256.69,256.79501,36869
2026-01-08 19:27:00,256.79999,256.85001,256.73999,256.745,36431
2026-01-08 19:28:00,256.745,256.75,256.57999,256.595,35027
2026-01-08 19:29:00,256.60001,256.60001,256.52499,256.60001,26143
2026-01-08 19:30:00,256.60501,256.64999,256.54001,256.64499,32780
2026-01-08 19:31:00,256.64999,256.66501,256.595,256.63,45356
2026-01-08 19:32:00,256.63,256.66,256.57999,256.57999,42020
2026-01-08 19:33:00,256.58499,256.63,256.38,256.42999,42644
2026-01-08 19:34:00,256.42999,256.54001,256.42001,256.51001,42008
2026-01-08 19:35:00,256.53,256.60999,256.53,256.56,23627
2026-01-08 19:36:00,256.52,256.56,256.49,256.5,1421
2026-01-08 19:37:00,256.5,256.54,256.44,256.515,4167
2026-01-08 19:38:00,256.58011,256.60001,256.5426,256.58499,85515
2026-01-08 19:39:00,256.57999,256.64999,256.57001,256.60999,43459
2026-01-08 19:40:00,256.62,256.92001,256.59,256.91,115368
2026-01-08 19:41:00,256.89999,256.98499,256.89001,256.92999,38642
2026-01-08 19:42:00,256.94,257.0,256.92999,256.965,33510
2026-01-08 19:43:00,256.965,256.97,256.78,256.91,41130
2026-01-08 19:44:00,256.89999,257.06,256.89001,257.01999,48588
2026-01-08 19:45:00,257.035,257.10501,257.00491,257.04999,134542
2026-01-08 19:46:00,257.04001,257.10999,256.98999,257.07999,135512
2026-01-08 19:47:00,257.078,257.078,256.94,256.95001,31733
2026-01-08 19:48:00,256.95999,257.01001,256.89999,256.96991,31200
2026-01-08 19:49:00,256.95001,257.09,256.92001,257.07501,22435
2026-01-08 19:50:00,257.08011,257.08011,257.01999,257.065,20768
2026-01-08 19:51:00,257.065,257.10001,257.01001,257.06009,42014
2026-01-08 19:52:00,257.07001,257.32001,257.07001,257.31,51415
2026-01-08 19:53:00,257.31,257.32999,257.22,257.23999,45041
2026-01-08 19:54:00,257.254,257.29001,257.13708,257.14999,45674
2026-01-08 19:55:00,257.14001,257.14001,256.92999,257.07001,75185
2026-01-08 19:56:00,257.05499,257.155,257.04001,257.10001,27850
2026-01-08 19:57:00,257.09991,257.17999,257.03009,257.11951,43657
2026-01-08 19:58:00,257.12009,257.245,257.09,257.22,26626
2026-01-08 19:59:00,257.21701,257.23999,257.17999,257.23001,27268
2026-01-08 20:00:00,257.22,257.29001,257.20001,257.2417,53297
2026-01-08 20:01:00,257.2301,257.37,257.23001,257.35999,122800
2026-01-08 20:02:00,257.35001,257.39001,257.30429,257.35999,29803
2026-01-08 20:03:00,257.35001,257.45001,257.35001,257.38699,38811
2026-01-08 20:04:00,257.38989,257.48999,257.37,257.48999,37199
2026-01-08 20:05:00,257.48999,257.53,257.38,257.39999,59256
2026-01-08 20:06:00,257.405,257.45999,257.2572,257.28,47488
2026-01-08 20:07:00,257.28,257.51001,257.22501,257.48001,90043
2026-01-08 20:08:00,257.47549,257.51001,257.39999,257.44,55324
2026-01-08 20:09:00,257.4599,257.535,257.42999,257.48001,53130
2026-01-08 20:10:00,257.47,257.62,257.45001,257.46329,171819
2026-01-08 20:11:00,257.47571,257.47571,257.345,257.38,71745
2026-01-08 20:12:00,257.37,257.44,257.26999,257.32501,75606
2026-01-08 20:13:00,257.32501,257.39999,257.26999,257.34619,43107
2026-01-08 20:14:00,257.3439,257.42999,257.32501,257.42001,72604
2026-01-08 20:15:00,257.44,257.57001,257.41,257.55499,55509
2026-01-08 20:16:00,257.54999,257.56,257.48001,257.51001,51976
2026-01-08 20:17:00,257.505,257.54001,257.45999,257.47101,43065
2026-01-08 20:18:00,257.47,257.5199,257.42001,257.495,34439
2026-01-08 20:19:00,257.48999,257.5,257.39011,257.41,48855
2026-01-08 20:20:00,257.405,257.53,257.405,257.53,38980
2026-01-08 20:21:00,257.51999,257.625,257.48001,257.62,55918
2026-01-08 20:22:00,257.62,257.78,257.59,257.66,85386
2026-01-08 20:23:00,257.67001,257.935,257.67001,257.89001,190744
2026-01-08 20:24:00,257.89999,258.04001,257.87,258.01001,176522
2026-01-08 20:25:00,258.01999,258.20499,258.01501,258.1199,106288
2026-01-08 20:26:00,258.1199,258.20999,258.10999,258.17001,65034
2026-01-08 20:27:00,258.17001,258.22,258.13,258.17001,64559
2026-01-08 20:28:00,258.16,258.32001,258.16,258.31,45616
2026-01-08 20:29:00,258.32001,258.32999,258.23999,258.28,57470
2026-01-08 20:30:00,258.28,258.37,258.17999,258.22,87284
2026-01-08 20:31:00,258.20361,258.32001,258.01001,258.31,87935
2026-01-08 20:32:00,258.31119,258.35001,258.25,258.27499,65881
2026-01-08 20:33:00,258.28,258.48001,258.2746,258.47,72234
2026-01-08 20:34:00,258.47,258.60999,258.42999,258.57999,84457
2026-01-08 20:35:00,258.60001,258.91,258.57001,258.76501,116042
2026-01-08 20:36:00,258.76001,258.785,258.69,258.72,125080
2026-01-08 20:37:00,258.72672,258.76001,258.62,258.72,59599
2026-01-08 20:38:00,258.70499,258.73999,258.60999,258.70929,63522
2026-01-08 20:39:00,258.70001,258.70099,258.53979,258.57001,70947
2026-01-08 20:40:00,258.60001,258.73001,258.47,258.48499,72932
2026-01-08 20:41:00,258.48001,258.5,258.37,258.41,52941
2026-01-08 20:42:00,258.42001,258.42001,258.13,258.19,97245
2026-01-08 20:43:00,258.20001,258.25,257.96011,258.07999,87189
2026-01-08 20:44:00,258.10501,258.39001,258.0701,258.31009,72582
2026-01-08 20:45:00,258.32001,258.45999,258.29999,258.42599,60795
2026-01-08 20:46:00,258.44,258.48999,258.38,258.47,46151
2026-01-08 20:47:00,258.45999,258.60751,258.44,258.60001,51965
2026-01-08 20:48:00,258.60001,258.72,258.53,258.70001,60781
2026-01-08 20:49:00,258.70001,258.70999,258.51999,258.57999,72365
2026-01-08 20:50:00,258.57999,258.57999,258.32999,258.35989,108508
2026-01-08 20:51:00,258.34,258.59,258.32999,258.5899,75195
2026-01-08 20:52:00,258.57999,258.67001,258.52499,258.66989,62385
2026-01-08 20:53:00,258.66,258.92499,258.64001,258.91,91646
2026-01-08 20:54:00,258.91,259.1799,258.78,258.94,196915
2026-01-08 20:55:00,258.91,259.06,258.78009,258.9834,160746
2026-01-08 20:56:00,258.98691,259.19,258.98499,259.07999,143549
2026-01-08 20:57:00,259.10999,259.25,259.005,259.20001,146214
2026-01-08 20:58:00,259.20499,259.2717,259.17001,259.22571,147324
2026-01-08 20:59:00,259.23001,259.28,259.01001,259.06,573276
2026-01-09 14:30:00,259.07501,259.72,258.97,259.2699,1142193
2026-01-09 14:31:00,259.25,259.94501,259.13,259.70001,203004
2026-01-09 14:32:00,259.72,259.89001,259.14389,259.87,132055
2026-01-09 14:33:00,259.89999,260.0,259.28,259.39499,174541
2026-01-09 14:34:00,259.42999,259.48999,258.60999,258.60999,140478
2026-01-09 14:35:00,258.64511,258.82971,258.25,258.60001,131646
2026-01-09 14:36:00,258.59,258.75,257.95001,258.07001,134075
2026-01-09 14:37:00,258.04999,258.42001,257.91,258.42001,89062
2026-01-09 14:38:00,258.44,258.66,258.0,258.13,149782
2026-01-09 14:39:00,258.14999,258.27499,258.06,258.08499,82245
2026-01-09 14:40:00,258.09,258.28,257.92001,258.27011,161063
2026-01-09 14:41:00,258.27011,258.45001,257.70001,257.70001,100985
2026-01-09 14:42:00,257.73001,258.06,257.70001,258.04501,102924
2026-01-09 14:43:00,258.07001,258.48001,258.03,258.29999,121358
2026-01-09 14:44:00,258.25,258.29001,258.23001,258.29001,75511
2026-01-09 14:45:00,258.125,258.29999,258.04001,258.10501,91820
2026-01-09 14:46:00,258.13501,258.32001,257.98001,258.07501,78175
2026-01-09 14:47:00,258.07501,258.14999,257.84,257.84,93314
2026-01-09 14:48:00,257.85999,257.88199,257.04999,257.14001,133236
2026-01-09 14:49:00,257.09,257.23001,256.91,257.04001,157936
2026-01-09 14:50:00,257.03,257.16989,256.82001,256.82001,120625
2026-01-09 14:51:00,256.82999,256.93991,256.67999,256.73499,152970
2026-01-09 14:52:00,256.70001,256.72,256.51999,256.595,108927
2026-01-09 14:53:00,256.56619,257.03,256.465,257.01501,141512
2026-01-09 14:54:00,257.01501,257.01999,256.535,256.73001,88667
2026-01-09 14:55:00,256.73999,256.73999,256.38,256.56,119600
2026-01-09 14:56:00,256.54999,256.79001,256.405,256.625,139684
2026-01-09 14:57:00,256.625,256.6662,256.45999,256.60001,76421
2026-01-09 14:58:00,256.6499,256.95001,256.60999,256.91141,95842
2026-01-09 14:59:00,256.95999,257.09,256.82169,256.935,110618
2026-01-09 15:00:00,256.88,257.03,256.22009,256.26001,124332
2026-01-09 15:01:00,256.26999,256.64001,256.23001,256.57501,84834
2026-01-09 15:02:00,256.60001,257.04999,256.60001,257.04999,79340
2026-01-09 15:03:00,257.03,257.45001,257.03,257.4006,128810
2026-01-09 15:04:00,257.45941,257.70001,257.39999,257.60001,89249
2026-01-09 15:05:00,257.59369,257.60999,257.35001,257.48001,84521
2026-01-09 15:06:00,257.47198,257.53,257.20001,257.20001,70686
2026-01-09 15:07:00,257.22,257.38,257.01999,257.31839,99318
2026-01-09 15:08:00,257.29999,257.51001,256.95001,257.082,113430
2026-01-09 15:09:00,257.07001,257.44,256.92999,257.405,70507
2026-01-09 15:10:00,257.405,257.85999,257.35001,257.79999,96580
2026-01-09 15:11:00,257.84,258.07001,257.76001,258.02499,96993
2026-01-09 15:12:00,258.03,258.35501,257.98001,258.35501,87928
2026-01-09 15:13:00,258.35999,258.39999,258.17001,258.26001,84764
2026-01-09 15:14:00,258.26999,258.32501,258.10999,258.29001,71949
2026-01-09 15:15:00,258.29349,258.435,258.1601,258.39001,51725
2026-01-09 15:16:00,258.39001,258.67001,258.22,258.28,125161
2026-01-09 15:17:00,258.29001,258.32999,258.01001,258.17999,90746
2026-01-09 15:18:00,258.17001,258.25,258.04169,258.20499,48273
2026-01-09 15:19:00,258.25,258.39001,258.14999,258.39001,56539
2026-01-09 15:20:00,258.41,258.4101,258.16,258.16,58794
2026-01-09 15:21:00,258.185,258.28989,258.09,258.14401,36152
2026-01-09 15:22:00,258.12,258.47,258.09,258.29001,68531
2026-01-09 15:23:00,258.29001,258.41501,258.13,258.19,71669
2026-01-09 15:24:00,258.19,258.19501,257.89999,257.97,78753
2026-01-09 15:25:00,257.97,258.12,257.95001,258.12,80720
2026-01-09 15:26:00,258.11499,258.17001,258.0,258.04001,66947
2026-01-09 15:27:00,258.04999,258.10999,257.70499,257.75,143253
2026-01-09 15:28:00,257.73001,258.23999,257.685,258.17999,123424
2026-01-09 15:29:00,258.185,258.5,258.14001,258.45999,85856
2026-01-09 15:30:00,258.45999,258.5799,258.245,258.30499,73584
2026-01-09 15:31:00,258.30499,258.47,258.20001,258.47,84596
2026-01-09 15:32:00,258.47,258.53,258.37009,258.48001,46143
2026-01-09 15:33:00,258.47,258.47,258.29001,258.39001,50234
2026-01-09 15:34:00,258.39001,258.75,258.31,258.70999,68259
2026-01-09 15:35:00,258.70999,258.75,258.63,258.67999,66131
2026-01-09 15:36:00,258.67999,258.69159,258.45999,258.4805,55563
2026-01-09 15:37:00,258.48001,258.53,258.23001,258.25,40887
2026-01-09 15:38:00,258.26999,258.39999,258.25,258.39999,28729
2026-01-09 15:39:00,258.39999,258.66989,258.39999,258.53,50682
2026-01-09 15:40:00,258.53,258.53,258.29001,258.41,59436
2026-01-09 15:41:00,258.38,258.38,258.09021,258.13,48799
2026-01-09 15:42:00,258.13,258.13,257.85999,257.90619,54198
2026-01-09 15:43:00,257.89001,258.01001,257.755,257.97,40694
2026-01-09 15:44:00,257.98001,257.98001,257.82999,257.8306,50937
2026-01-09 15:45:00,257.82999,257.88,257.6601,257.78619,62401
2026-01-09 15:46:00,257.76999,257.92001,257.64001,257.79999,66829
2026-01-09 15:47:00,257.79999,257.98001,257.70001,257.98001,56058
2026-01-09 15:48:00,257.98499,258.0,257.73999,257.88,52585
2026-01-09 15:49:00,257.86011,257.91,257.73001,257.73001,28971
2026-01-09 15:50:00,257.73001,258.0,257.73001,258.0,42712
2026-01-09 15:51:00,258.0,258.12,257.98999,258.0108,56585
2026-01-09 15:52:00,258.04999,258.14001,257.82999,257.85501,40177
2026-01-09 15:53:00,257.85501,257.94,257.82001,257.89001,31808
2026-01-09 15:54:00,257.89001,257.95001,257.64999,257.905,37387
2026-01-09 15:55:00,257.91,257.93399,257.54999,257.57999,49335
2026-01-09 15:56:00,257.60999,257.76001,257.57001,257.76001,45412
2026-01-09 15:57:00,257.79001,257.82001,257.69,257.75,33268
2026-01-09 15:58:00,257.75,257.79999,257.67999,257.69,42369
2026-01-09 15:59:00,257.67001,257.85001,257.625,257.76999,54199
2026-01-09 16:00:00,257.77499,257.88,257.76001,257.76999,40332
2026-01-09 16:01:00,257.7601,257.84,257.70999,257.84,40512
2026-01-09 16:02:00,257.84,258.05499,257.84,258.05499,44356
2026-01-09 16:03:00,258.07001,258.14999,257.92999,258.12,61095
2026-01-09 16:04:00,258.14001,258.26001,258.13751,258.21899,48566
2026-01-09 16:05:00,258.22,258.29999,258.09,258.20999,51609
2026-01-09 16:06:00,258.23001,258.38,258.17999,258.375,36288
2026-01-09 16:07:00,258.375,258.42999,258.23001,258.26999,37887
2026-01-09 16:08:00,258.2793,258.42999,258.22,258.42001,45622
2026-01-09 16:09:00,258.42001,258.54999,258.39001,258.48999,52933
2026-01-09 16:10:00,258.48499,258.48999,258.35001,258.44501,39833
2026-01-09 16:11:00,258.47,258.60001,258.39999,258.45001,47201
2026-01-09 16:12:00,258.45001,258.45001,258.12,258.14001,60845
2026-01-09 16:13:00,258.14999,258.32001,258.14001,258.23999,58088
2026-01-09 16:14:00,258.22009,258.29999,258.19,258.19,29561
2026-01-09 16:15:00,258.17999,258.23499,258.03,258.185,52525
2026-01-09 16:16:00,258.19501,258.26999,258.16,258.16,58481
2026-01-09 16:17:00,258.16501,258.17001,257.92001,257.92001,42413
2026-01-09 16:18:00,257.89999,257.98499,257.85001,257.875,52070
2026-01-09 16:19:00,257.87,257.89001,257.64999,257.78,56495
2026-01-09 16:20:00,257.78,257.85501,257.70999,257.73001,67487
2026-01-09 16:21:00,257.72,257.81,257.64999,257.755,62568
2026-01-09 16:22:00,257.755,257.76999,257.51001,257.51999,111267
2026-01-09 16:23:00,257.51001,257.76001,257.51001,257.63,70415
2026-01-09 16:24:00,257.63,257.73001,257.60999,257.60999,34394
2026-01-09 16:25:00,257.63,257.63,257.35999,257.45999,84261
2026-01-09 16:26:00,257.47681,257.47681,257.25,257.26999,79195
2026-01-09 16:27:00,257.26001,257.39001,257.07999,257.10999,64100
2026-01-09 16:28:00,257.10999,257.13,256.92999,256.94,87691
2026-01-09 16:29:00,256.94769,257.07999,256.88,256.95999,75261
2026-01-09 16:30:00,256.95129,257.04889,256.81461,257.04889,86800
2026-01-09 16:31:00,257.04971,257.09,256.91,256.92001,89808
2026-01-09 16:32:00,256.92999,257.07001,256.88,257.06,60127
2026-01-09 16:33:00,257.06,257.17999,257.06,257.10001,70169
2026-01-09 16:34:00,257.09,257.0976,257.0,257.035,65020
2026-01-09 16:35:00,257.02499,257.13501,257.01001,257.07001,51504
2026-01-09 16:36:00,257.07999,257.16,257.03,257.06,42081
2026-01-09 16:37:00,257.04001,257.14999,256.93759,256.93759,43444
2026-01-09 16:38:00,256.92999,257.01999,256.88,256.94,48208
2026-01-09 16:39:00,256.95999,257.10001,256.82999,256.98001,65379
2026-01-09 16:40:00,256.97,257.01001,256.85999,256.91,49834
2026-01-09 16:41:00,256.92001,256.95999,256.76639,256.82501,72372
2026-01-09 16:42:00,256.82501,257.0,256.81,256.9501,53441
2026-01-09 16:43:00,256.95999,257.01001,256.854,256.95999,40258
2026-01-09 16:44:00,256.96011,257.09,256.92999,256.935,48949
2026-01-09 16:45:00,256.92929,256.98999,256.89999,256.92999,49427
2026-01-09 16:46:00,256.9064,257.1062,256.85001,257.07001,85323
2026-01-09 16:47:00,257.10001,257.18079,256.98001,257.01001,59352
2026-01-09 16:48:00,256.9971,257.375,256.98001,257.37,90831
2026-01-09 16:49:00,257.38,257.39999,257.26099,257.29001,56337
2026-01-09 16:50:00,257.29001,257.375,257.26999,257.35999,52095
2026-01-09 16:51:00,257.37,257.46991,257.3201,257.46991,59162
2026-01-09 16:52:00,257.47,257.47,257.35001,257.45499,42826
2026-01-09 16:53:00,257.45499,257.45999,257.39999,257.42999,38859
2026-01-09 16:54:00,257.44,257.47501,257.41479,257.45999,45293
2026-01-09 16:55:00,257.4567,257.46991,257.32999,257.33661,57521
2026-01-09 16:56:00,257.32999,257.48999,257.32999,257.48001,62014
2026-01-09 16:57:00,257.48001,257.57001,257.44711,257.56,75168
2026-01-09 16:58:00,257.56,257.68771,257.54001,257.67999,58817
2026-01-09 16:59:00,257.6701,257.67999,257.57501,257.67999,48023
2026-01-09 17:00:00,257.67499,257.73001,257.54999,257.64001,45886
2026-01-09 17:01:00,257.66,257.91,257.6582,257.90601,115283
2026-01-09 17:02:00,257.91,257.98001,257.8201,257.98001,50069
2026-01-09 17:03:00,257.98001,258.28,257.97,258.23499,72486
2026-01-09 17:04:00,258.23999,258.39999,258.23999,258.39001,61506
2026-01-09 17:05:00,258.4101,258.42361,258.30991,258.42239,82030
2026-01-09 17:06:00,258.42499,258.51999,258.39999,258.5,53514
2026-01-09 17:07:00,258.5,258.51511,258.35001,258.35999,80944
2026-01-09 17:08:00,258.37,258.42001,258.23001,258.39499,87807
2026-01-09 17:09:00,258.39001,258.60001,258.36011,258.58359,36947
2026-01-09 17:10:00,258.57001,258.63,258.39999,258.47,70411
2026-01-09 17:11:00,258.48001,258.48999,258.345,258.42999,33464
2026-01-09 17:12:00,258.44501,258.45999,258.375,258.45001,35690
2026-01-09 17:13:00,258.43021,258.48999,258.38,258.42999,27171
2026-01-09 17:14:00,258.44,258.64999,258.42999,258.57999,52333
2026-01-09 17:15:00,258.57999,258.60001,258.29999,258.41,59221
2026-01-09 17:16:00,258.41501,258.45999,258.2301,258.26999,55923
2026-01-09 17:17:00,258.28,258.28299,258.20001,258.23001,57848
2026-01-09 17:18:00,258.23999,258.26999,258.16,258.20999,32252
2026-01-09 17:19:00,258.20099,258.32999,258.20001,258.29001,29241
2026-01-09 17:20:00,258.29999,258.45001,258.29999,258.435,30516
2026-01-09 17:21:00,258.44,258.46881,258.39001,258.46881,27758
2026-01-09 17:22:00,258.47079,258.69989,258.47,258.67999,41650
2026-01-09 17:23:00,258.69,258.7699,258.63,258.72,46810
2026-01-09 17:24:00,258.73001,258.92001,258.73001,258.82999,54387
2026-01-09 17:25:00,258.82999,258.95999,258.78009,258.95001,49141
2026-01-09 17:26:00,258.95001,258.95999,258.87,258.95001,36306
2026-01-09 17:27:00,258.95999,258.97,258.81,258.8887,43762
2026-01-09 17:28:00,258.88071,259.0499,258.85999,258.9801,61310
2026-01-09 17:29:00,259.0,259.05499,258.88,258.92999,44988
2026-01-09 17:30:00,258.91,258.92001,258.82999,258.8501,32633
2026-01-09 17:31:00,258.85999,258.87,258.78,258.82001,28388
2026-01-09 17:32:00,258.82999,258.92001,258.7601,258.81799,29466
2026-01-09 17:33:00,258.83011,258.95999,258.78,258.95999,43514
2026-01-09 17:34:00,258.9603,259.01501,258.89999,258.95999,40586
2026-01-09 17:35:00,258.95999,258.98999,258.92001,258.92001,21800
2026-01-09 17:36:00,258.92001,258.92001,258.79501,258.82999,29382
2026-01-09 17:37:00,258.82639,258.89001,258.67999,258.755,56341
2026-01-09 17:38:00,258.755,258.91,258.72,258.87,37523
2026-01-09 17:39:00,258.87,258.935,258.85001,258.88,22715
2026-01-09 17:40:00,258.88,258.88,258.75,258.81,33797
2026-01-09 17:41:00,258.81,258.82501,258.73999,258.7507,21887
2026-01-09 17:42:00,258.77509,258.81,258.60001,258.67001,49479
2026-01-09 17:43:00,258.67499,258.73001,258.54999,258.565,58406
2026-01-09 17:44:00,258.565,258.67001,258.53,258.64001,31748
2026-01-09 17:45:00,258.67001,258.87,258.66,258.85001,60657
2026-01-09 17:46:00,258.85501,258.89001,258.76999,258.82001,61268
2026-01-09 17:47:00,258.82999,258.94,258.82999,258.89011,37509
2026-01-09 17:48:00,258.88,259.01001,258.82999,258.98001,56742
2026-01-09 17:49:00,258.95999,259.07999,258.91,259.01999,71493
2026-01-09 17:50:00,259.03,259.07001,259.0,259.065,41821
2026-01-09 17:51:00,259.065,259.16,259.01999,259.0885,81325
2026-01-09 17:52:00,259.08499,259.09,258.75,258.75,47921
2026-01-09 17:53:00,258.76999,258.81,258.76001,258.77649,27602
2026-01-09 17:54:00,258.76001,258.91,258.75009,258.87,29548
2026-01-09 17:55:00,258.87,258.91,258.82001,258.82999,31456
2026-01-09 17:56:00,258.84,258.93011,258.81,258.89999,27647
2026-01-09 17:57:00,258.89999,258.95401,258.85999,258.905,46005
2026-01-09 17:58:00,258.89001,258.95999,258.86011,258.89771,25202
2026-01-09 17:59:00,258.89999,258.89999,258.75,258.76071,26920
2026-01-09 18:00:00,258.76001,258.78,258.70001,258.77011,39340
2026-01-09 18:01:00,258.76999,258.875,258.73999,258.76501,32382
2026-01-09 18:02:00,258.75,258.75,258.5,258.685,51053
2026-01-09 18:03:00,258.67001,258.73999,258.60999,258.70999,35690
2026-01-09 18:04:00,258.72009,258.79001,258.59,258.60001,28215
2026-01-09 18:05:00,258.60001,258.66,258.57379,258.66,35892
2026-01-09 18:06:00,258.66501,258.70999,258.63339,258.64499,32106
2026-01-09 18:07:00,258.655,258.67999,258.60001,258.61499,22383
2026-01-09 18:08:00,258.63,258.63501,258.41,258.43649,42784
2026-01-09 18:09:00,258.435,258.435,258.35001,258.37,31263
2026-01-09 18:10:00,258.3855,258.40771,258.34,258.35001,32005
2026-01-09 18:11:00,258.345,258.39999,258.34,258.375,33850
2026-01-09 18:12:00,258.39999,258.45999,258.27249,258.29999,36717
2026-01-09 18:13:00,258.32999,258.38,258.29999,258.35999,13910
2026-01-09 18:14:00,258.35999,258.39999,258.24011,258.29001,37689
2026-01-09 18:15:00,258.32001,258.51999,258.2662,258.51999,37879
2026-01-09 18:16:00,258.5213,258.57999,258.41,258.57001,40242
2026-01-09 18:17:00,258.54001,258.60001,258.48001,258.51999,28102
2026-01-09 18:18:00,258.51001,258.60001,258.5,258.59,32916
2026-01-09 18:19:00,258.57001,258.59009,258.51001,258.59009,24037
2026-01-09 18:20:00,258.59131,258.60001,258.51001,258.5238,24611
2026-01-09 18:21:00,258.52499,258.69,258.51001,258.60001,40553
2026-01-09 18:22:00,258.60501,258.61099,258.56009,258.60001,14180
2026-01-09 18:23:00,258.61938,258.63501,258.55499,258.60999,21688
2026-01-09 18:24:00,258.59,258.66,258.57999,258.64999,15206
2026-01-09 18:25:00,258.64499,258.69,258.62,258.62,20106
2026-01-09 18:26:00,258.62079,258.76999,258.57999,258.76999,43976
2026-01-09 18:27:00,258.755,258.79001,258.70001,258.75,28769
2026-01-09 18:28:00,258.73999,259.06,258.72421,259.04999,35398
2026-01-09 18:29:00,259.05701,259.14999,259.03,259.12,50047
2026-01-09 18:30:00,259.13,259.23099,259.07001,259.09,46855
2026-01-09 18:31:00,259.08621,259.14001,259.05499,259.10001,45777
2026-01-09 18:32:00,259.10001,259.10989,259.01001,259.05899,33550
2026-01-09 18:33:00,259.07001,259.14499,259.06,259.10999,38166
2026-01-09 18:34:00,259.12,259.25,259.12,259.1738,51756
2026-01-09 18:35:00,259.16,259.35999,259.13501,259.2905,34508
2026-01-09 18:36:00,259.29999,259.32999,259.20999,259.23001,40522
2026-01-09 18:37:00,259.25,259.32001,259.25,259.315,30823
2026-01-09 18:38:00,259.29999,259.32001,259.20999,259.21069,38660
2026-01-09 18:39:00,259.21921,259.31,259.21921,259.31,37495
2026-01-09 18:40:00,259.32001,259.4093,259.32001,259.34769,34108
2026-01-09 18:41:00,259.345,259.5,259.345,259.48001,29325
2026-01-09 18:42:00,259.47501,259.4899,259.28,259.30981,49425
2026-01-09 18:43:00,259.31,259.31,259.09,259.16,45402
2026-01-09 18:44:00,259.16,259.23999,259.13,259.19,26111
2026-01-09 18:45:00,259.23999,259.24991,259.17001,259.17001,19597
2026-01-09 18:46:00,259.17001,259.32181,259.16,259.30069,19215
2026-01-09 18:47:00,259.29999,259.31,259.25,259.28,19233
2026-01-09 18:48:00,259.29001,259.38589,259.28,259.38,17873
2026-01-09 18:49:00,259.39001,259.39499,259.22,259.25,33929
2026-01-09 18:50:00,259.26001,259.31,259.23499,259.29999,22971
2026-01-09 18:51:00,259.31989,259.51001,259.29999,259.39001,39274
2026-01-09 18:52:00,259.37,259.37,259.25,259.29001,20877
2026-01-09 18:53:00,259.28,259.28,259.14001,259.16,21683
2026-01-09 18:54:00,259.16,259.23999,259.14999,259.17001,34887
2026-01-09 18:55:00,259.17001,259.19989,259.10001,259.17001,21201
2026-01-09 18:56:00,259.17999,259.23999,259.1701,259.20001,24180
2026-01-09 18:57:00,259.20999,259.32181,259.20001,259.32181,29213
2026-01-09 18:58:00,259.32999,259.53,259.32999,259.47,27264
2026-01-09 18:59:00,259.47821,259.54001,259.45001,259.48001,27372
2026-01-09 19:00:00,259.47501,259.53,259.45001,259.53,28764
2026-01-09 19:01:00,259.53,259.53,259.48001,259.5,24134
2026-01-09 19:02:00,259.5,259.604,259.5,259.60001,30944
2026-01-09 19:03:00,259.59,259.59,259.41071,259.42499,42001
2026-01-09 19:04:00,259.41,259.45499,259.38,259.41,21891
2026-01-09 19:05:00,259.41501,259.51001,259.39999,259.47,37198
2026-01-09 19:06:00,259.47,259.48999,259.39001,259.45499,34757
2026-01-09 19:07:00,259.45499,259.56,259.45001,259.53,26629
2026-01-09 19:08:00,259.53,259.54001,259.48001,259.495,26560
2026-01-09 19:09:00,259.51999,259.62,259.5101,259.62,24896
2026-01-09 19:10:00,259.60999,259.62,259.54999,259.5582,28598
2026-01-09 19:11:00,259.54999,259.63101,259.47739,259.56021,29263
2026-01-09 19:12:00,259.56,259.60999,259.52011,259.55499,17772
2026-01-09 19:13:00,259.57001,259.591,259.45001,259.45001,26287
2026-01-09 19:14:00,259.47,259.5,259.42001,259.48001,29948
2026-01-09 19:15:00,259.48001,259.59,259.48001,259.57001,36757
2026-01-09 19:16:00,259.565,259.67001,259.54001,259.67001,35045
2026-01-09 19:17:00,259.66,259.73499,259.6575,259.70999,44647
2026-01-09 19:18:00,259.70511,259.73001,259.67999,259.715,19758
2026-01-09 19:19:00,259.7001,259.75,259.69,259.72,31912
2026-01-09 19:20:00,259.73499,259.75,259.70999,259.73999,18298
2026-01-09 19:21:00,259.72,259.76001,259.69,259.76001,26845
2026-01-09 19:22:00,259.76001,259.82001,259.76001,259.78,26225
2026-01-09 19:23:00,259.76999,259.85501,259.74411,259.85001,63236
2026-01-09 19:24:00,259.85501,259.95001,259.85001,259.92001,61462
2026-01-09 19:25:00,259.92001,259.92999,259.8501,259.92819,54853
2026-01-09 19:26:00,259.92999,259.94,259.78,259.81,40087
2026-01-09 19:27:00,259.80011,259.80011,259.71011,259.79999,37378
2026-01-09 19:28:00,259.79001,259.79001,259.69501,259.70081,33978
2026-01-09 19:29:00,259.70999,259.7399,259.64001,259.73001,50593
2026-01-09 19:30:00,259.73001,259.88699,259.72,259.85001,46188
2026-01-09 19:31:00,259.84,259.87,259.73999,259.7403,64135
2026-01-09 19:32:00,259.75,259.77899,259.67999,259.76001,37727
2026-01-09 19:33:00,259.7782,259.85999,259.73001,259.73999,41301
2026-01-09 19:34:00,259.73499,259.82001,259.69,259.82001,21676
2026-01-09 19:35:00,259.8176,259.95999,259.81,259.905,28651
2026-01-09 19:36:00,259.91,259.94,259.87,259.88,23469
2026-01-09 19:37:00,259.89001,259.89001,259.82001,259.84,30126
2026-01-09 19:38:00,259.83499,259.92999,259.80011,259.92999,27037
2026-01-09 19:39:00,259.92999,259.95001,259.89001,259.89499,37579
2026-01-09 19:40:00,259.89999,259.89999,259.80011,259.84,27333
2026-01-09 19:41:00,259.845,259.87,259.82999,259.85999,29334
2026-01-09 19:42:00,259.85999,259.94501,259.84,259.94,25624
2026-01-09 19:43:00,259.94,260.0,259.88,259.88,101476
2026-01-09 19:44:00,259.89001,259.89001,259.76999,259.82001,46259
2026-01-09 19:45:00,259.81,259.82999,259.76001,259.76001,30075
2026-01-09 19:46:00,259.76001,259.85989,259.67999,259.8205,33857
2026-01-09 19:47:00,259.8299,259.92999,259.79999,259.85999,54214
2026-01-09 19:48:00,259.88,259.95001,259.87,259.92001,63685
2026-01-09 19:49:00,259.90009,259.97989,259.89999,259.965,27470
2026-01-09 19:50:00,259.97,260.14331,259.95999,260.0,81408
2026-01-09 19:51:00,260.005,260.07501,259.98999,260.05991,42956
2026-01-09 19:52:00,260.07001,260.09,259.98999,259.98999,58172
2026-01-09 19:53:00,259.97,260.14999,259.95499,260.13,90256
2026-01-09 19:54:00,260.13699,260.20001,260.09,260.155,73466
2026-01-09 19:55:00,260.155,260.155,259.88,259.92001,70751
2026-01-09 19:56:00,259.92801,260.0,259.91,259.95499,35609
2026-01-09 19:57:00,259.95999,259.97989,259.85999,259.89999,37175
2026-01-09 19:58:00,259.905,259.965,259.89011,259.89011,34463
2026-01-09 19:59:00,259.89481,260.01999,259.73001,259.97009,53829
2026-01-09 20:00:00,259.95999,260.12,259.94,260.04999,40903
2026-01-09 20:01:00,260.04001,260.17499,260.03009,260.14011,73993
2026-01-09 20:02:00,260.14999,260.20999,260.00131,260.00131,53480
2026-01-09 20:03:00,260.01001,260.02631,259.94,259.95001,27848
2026-01-09 20:04:00,259.94,259.94501,259.86011,259.9306,91272
2026-01-09 20:05:00,259.94,259.94,259.82001,259.82001,39668
2026-01-09 20:06:00,259.82999,259.8418,259.80099,259.81,19337
2026-01-09 20:07:00,259.82001,259.90359,259.81,259.88501,50314
2026-01-09 20:08:00,259.8999,259.89999,259.81009,259.82999,27484
2026-01-09 20:09:00,259.84,259.89999,259.82001,259.89499,27920
2026-01-09 20:10:00,259.89999,259.94,259.85999,259.88,30638
2026-01-09 20:11:00,259.87,259.92999,259.84,259.91,27244
2026-01-09 20:12:00,259.89999,259.95001,259.84,259.89001,41753
2026-01-09 20:13:00,259.89001,259.97,259.85999,259.95001,41041
2026-01-09 20:14:00,259.95001,259.98001,259.95001,259.98001,31495
2026-01-09 20:15:00,259.98001,260.04001,259.89999,259.91681,52386
2026-01-09 20:16:00,259.92001,260.12,259.92001,259.99701,59059
2026-01-09 20:17:00,259.98999,260.00989,259.94,259.95001,46059
2026-01-09 20:18:00,259.95001,260.0,259.91,259.97,34573
2026-01-09 20:19:00,259.97,259.98999,259.94,259.95001,37119
2026-01-09 20:20:00,259.95001,259.98999,259.95001,259.97,37992
2026-01-09 20:21:00,259.98001,259.98999,259.94,259.95001,54262
2026-01-09 20:22:00,259.95001,260.14001,259.95001,260.11951,99923
2026-01-09 20:23:00,260.10999,260.17999,260.07999,260.09,67803
2026-01-09 20:24:00,260.0946,260.1499,260.01001,260.04001,41774
2026-01-09 20:25:00,260.01001,260.065,259.98999,260.01999,30834
2026-01-09 20:26:00,260.03,260.03,259.931,259.95001,37934
2026-01-09 20:27:00,259.94,259.96078,259.88,259.91,46771
2026-01-09 20:28:00,259.91,260.04001,259.91,259.91,40599
2026-01-09 20:29:00,259.89999,259.98001,259.82001,259.965,45275
2026-01-09 20:30:00,259.95001,260.05499,259.88,259.89001,76738
2026-01-09 20:31:00,259.91,259.98001,259.88,259.91,43681
2026-01-09 20:32:00,259.91,259.91501,259.87,259.8869,40309
2026-01-09 20:33:00,259.88,259.95999,259.84,259.85001,47161
2026-01-09 20:34:00,259.84,260.035,259.82001,260.01001,44027
2026-01-09 20:35:00,260.0,260.0,259.92999,259.95001,66411
2026-01-09 20:36:00,259.95001,259.98999,259.91,259.95999,37543
2026-01-09 20:37:00,259.94,259.97,259.92001,259.95001,45129
2026-01-09 20:38:00,259.95001,260.035,259.94,259.98999,38128
2026-01-09 20:39:00,260.0,260.00989,259.88,259.905,42131
2026-01-09 20:40:00,259.909,259.91101,259.76001,259.76199,61934
2026-01-09 20:41:00,259.78,259.84,259.7601,259.82001,39401
2026-01-09 20:42:00,259.81,259.81,259.64999,259.70001,46107
2026-01-09 20:43:00,259.69989,259.715,259.63879,259.6413,51538
2026-01-09 20:44:00,259.63101,259.79999,259.62,259.77701,59376
2026-01-09 20:45:00,259.76999,259.89001,259.76999,259.88019,46090
2026-01-09 20:46:00,259.88989,259.88989,259.78,259.82999,26503
2026-01-09 20:47:00,259.84,259.84,259.70999,259.745,36432
2026-01-09 20:48:00,259.75,259.793,259.65179,259.67001,57591
2026-01-09 20:49:00,259.67001,259.75,259.63,259.745,43546
2026-01-09 20:50:00,259.73999,259.73999,259.17001,259.32999,140721
2026-01-09 20:51:00,259.33499,259.38989,259.23001,259.26999,91811
2026-01-09 20:52:00,259.26999,259.34,259.18011,259.28,76877
2026-01-09 20:53:00,259.29999,259.29999,259.16,259.16,69349
2026-01-09 20:54:00,259.16,259.47,259.07001,259.26001,156023
2026-01-09 20:55:00,259.23999,259.23999,258.95001,258.95999,114827
2026-01-09 20:56:00,258.97,259.04999,258.95999,259.04001,95416
2026-01-09 20:57:00,259.04999,259.42001,259.03,259.41989,146472
2026-01-09 20:58:00,259.41501,259.57999,259.37549,259.53,144326
2026-01-09 20:59:00,259.505,259.57501,259.26001,259.35001,318089
2026-01-12 14:30:00,259.41,259.48001,259.23001,259.465,284339
2026-01-12 14:31:00,259.82999,260.26999,259.51669,259.95499,1466066
2026-01-12 14:32:00,259.04001,259.04001,259.03,259.03,103142
2026-01-12 14:33:00,259.16,259.16,258.22,258.57999,141972
2026-01-12 14:34:00,258.54001,258.66,257.92001,258.03,129260
2026-01-12 14:35:00,258.0296,258.32001,257.63,258.10999,167900
2026-01-12 14:36:00,258.07999,258.47989,257.89001,257.89001,150677
2026-01-12 14:37:00,257.92001,258.04001,257.45001,257.89001,132245
2026-01-12 14:38:00,257.85999,258.26001,257.77011,257.815,87611
2026-01-12 14:39:00,257.79999,257.89999,257.09,257.30139,170671
2026-01-12 14:40:00,257.26999,257.51001,257.06,257.51001,130836
2026-01-12 14:41:00,257.51001,257.66,257.29001,257.3399,84133
2026-01-12 14:42:00,257.32001,257.32001,256.85001,256.95499,214070
2026-01-12 14:43:00,256.95499,257.29019,256.79999,257.14001,101223
2026-01-12 14:44:00,257.125,257.54999,257.01001,257.54999,132336
2026-01-12 14:45:00,257.75,257.785,257.75,257.77499,173876
2026-01-12 14:46:00,257.88,258.30499,257.76001,258.20001,178824
2026-01-12 14:47:00,258.20001,258.22,257.97,258.10999,124252
2026-01-12 14:48:00,258.10999,258.32999,258.01999,258.32999,93393
2026-01-12 14:49:00,258.32159,258.54001,258.25,258.29999,129156
2026-01-12 14:50:00,258.32999,258.5499,258.23001,258.5,76633
2026-01-12 14:51:00,258.5,258.64001,258.22299,258.45001,85837
2026-01-12 14:52:00,258.45999,258.47,258.16,258.22501,73529
2026-01-12 14:53:00,258.22,258.35999,258.0708,258.28,70088
2026-01-12 14:54:00,258.293,258.39001,258.14001,258.14999,48693
2026-01-12 14:55:00,258.13,258.72,258.07999,258.37,235188
2026-01-12 14:56:00,258.39291,258.39291,258.10001,258.28,125647
2026-01-12 14:57:00,258.29999,258.57999,258.26001,258.46011,122404
2026-01-12 14:58:00,258.48001,258.70001,258.48001,258.64011,171815
2026-01-12 14:59:00,258.64499,258.64999,258.17999,258.32999,109721
2026-01-12 15:00:00,258.26999,258.51001,258.20001,258.5,84009
2026-01-12 15:01:00,258.45001,258.82001,258.35001,258.78,55478
2026-01-12 15:02:00,258.76001,258.82001,258.31009,258.39999,78243
2026-01-12 15:03:00,258.45001,258.56,258.14999,258.54999,53132
2026-01-12 15:04:00,258.54501,258.70999,258.4516,258.60999,74714
2026-01-12 15:05:00,258.59,258.73001,258.505,258.58499,66227
2026-01-12 15:06:00,258.62,259.10999,258.62,259.0878,118900
2026-01-12 15:07:00,259.07001,259.29999,258.98111,259.28229,83822
2026-01-12 15:08:00,259.29501,259.56,259.20999,259.54999,98524
2026-01-12 15:09:00,259.54001,259.66,259.31,259.34,85195
2026-01-12 15:10:00,259.35999,259.64999,259.32999,259.535,69924
2026-01-12 15:11:00,259.54401,259.66501,259.42999,259.465,60929
2026-01-12 15:12:00,259.45001,259.75,259.38,259.59509,68678
2026-01-12 15:13:00,259.6199,259.73999,259.57999,259.67001,55713
2026-01-12 15:14:00,259.64001,259.87,259.59,259.63,69630
2026-01-12 15:15:00,259.60999,259.60999,259.35999,259.42999,106457
2026-01-12 15:16:00,259.45999,259.45999,259.20001,259.22501,68116
2026-01-12 15:17:00,259.21609,259.405,259.20999,259.29999,57002
2026-01-12 15:18:00,259.32001,259.34,259.18011,259.23499,55113
2026-01-12 15:19:00,259.22,259.25,259.06,259.10001,49330
2026-01-12 15:20:00,259.09799,259.53,259.09799,259.29001,90588
2026-01-12 15:21:00,259.29001,259.2999,259.0,259.04999,70680
2026-01-12 15:22:00,259.06,259.57999,259.00299,259.25229,171087
2026-01-12 15:23:00,259.23999,259.23999,258.89001,259.19,82377
2026-01-12 15:24:00,259.17001,259.44,259.065,259.07001,82028
2026-01-12 15:25:00,259.07001,259.34,258.92999,259.34,65038
2026-01-12 15:26:00,259.34,259.34,259.03,259.22501,51380
2026-01-12 15:27:00,259.22501,260.98999,259.22501,260.97,363853
2026-01-12 15:28:00,260.95001,261.29999,260.35999,260.82001,446726
2026-01-12 15:29:00,260.78299,260.9299,259.63,260.35001,307189
2026-01-12 15:30:00,260.36499,260.43231,259.8317,259.92999,95674
2026-01-12 15:31:00,259.92001,260.06,259.39999,259.435,103548
2026-01-12 15:32:00,259.41,259.48999,259.23999,259.41501,82568
2026-01-12 15:33:00,259.37,259.42999,259.13,259.29001,74563
2026-01-12 15:34:00,259.245,259.29001,259.04999,259.17001,66095
2026-01-12 15:35:00,259.1698,259.57999,259.16,259.57999,69147
2026-01-12 15:36:00,259.56,259.76999,259.47,259.54001,101959
2026-01-12 15:37:00,259.54779,259.64999,259.44,259.46509,43978
2026-01-12 15:38:00,259.465,259.57999,259.39001,259.56,69349
2026-01-12 15:39:00,259.57501,259.73999,259.56009,259.72,42376
2026-01-12 15:40:00,259.79001,259.84,259.70001,259.78009,82500
2026-01-12 15:41:00,259.78,260.04001,259.78,259.86981,97706
2026-01-12 15:42:00,259.87,259.95001,259.82001,259.92999,68546
2026-01-12 15:43:00,259.92999,259.95001,259.72,259.8399,59300
2026-01-12 15:44:00,259.85001,259.88,259.64999,259.69,64594
2026-01-12 15:45:00,259.67999,259.69,259.41501,259.63,62581
2026-01-12 15:46:00,259.63,259.72,259.49011,259.63,42981
2026-01-12 15:47:00,259.60001,259.7399,259.50381,259.66,33363
2026-01-12 15:48:00,259.64999,259.67001,259.47,259.48441,41570
2026-01-12 15:49:00,259.48499,259.57001,259.45001,259.522,32537
2026-01-12 15:50:00,259.48999,259.505,259.29999,259.39001,56547
2026-01-12 15:51:00,259.38501,259.48599,259.35999,259.45999,35266
2026-01-12 15:52:00,259.47,259.51501,259.23001,259.27951,45109
2026-01-12 15:53:00,259.2999,259.54001,259.26001,259.48001,50452
2026-01-12 15:54:00,259.5,259.59,259.39999,259.57999,39714
2026-01-12 15:55:00,259.57999,259.5928,259.31,259.35999,41155
2026-01-12 15:56:00,259.36499,259.64999,259.34,259.64001,43096
2026-01-12 15:57:00,259.64001,259.64001,259.47,259.5083,48327
2026-01-12 15:58:00,259.50009,259.51999,259.42001,259.4798,33107
2026-01-12 15:59:00,259.48001,259.51001,259.37,259.39001,35259
2026-01-12 16:00:00,259.39999,259.41,259.25,259.29999,42147
2026-01-12 16:01:00,259.32999,259.35001,259.16,259.26999,42431
2026-01-12 16:02:00,259.26099,259.34,259.23001,259.32001,32002
2026-01-12 16:03:00,259.32001,259.76999,259.32001,259.76999,47869
2026-01-12 16:04:00,259.76999,259.78,259.54999,259.64999,66873
2026-01-12 16:05:00,259.65121,259.72,259.57999,259.67999,43275
2026-01-12 16:06:00,259.69,259.72,259.54999,259.67999,42869
2026-01-12 16:07:00,259.67999,259.75,259.54999,259.69009,44951
2026-01-12 16:08:00,259.69,259.69,259.565,259.64999,27770
2026-01-12 16:09:00,259.64999,259.85999,259.64389,259.79001,53217
2026-01-12 16:10:00,259.79001,259.89001,259.75,259.89001,52747
2026-01-12 16:11:00,259.87,259.89999,259.78,259.78961,44555
2026-01-12 16:12:00,259.79999,260.19,259.76501,260.19,116402
2026-01-12 16:13:00,260.23001,260.23001,260.11249,260.14499,63728
2026-01-12 16:14:00,260.14999,260.32999,260.07101,260.315,81016
2026-01-12 16:15:00,260.315,260.32999,259.97501,260.29501,72120
2026-01-12 16:16:00,260.31,260.39001,260.23001,260.32001,73589
2026-01-12 16:17:00,260.32001,260.39999,260.23999,260.25,54521
2026-01-12 16:18:00,260.23999,260.29001,260.14691,260.17001,30080
2026-01-12 16:19:00,260.1723,260.215,260.04001,260.12009,47454
2026-01-12 16:20:00,260.12,260.26001,260.06009,260.17999,58302
2026-01-12 16:21:00,260.19,260.26999,260.07999,260.16501,37494
2026-01-12 16:22:00,260.17999,260.22501,260.14001,260.16,33977
2026-01-12 16:23:00,260.14011,260.22,260.10001,260.17789,25064
2026-01-12 16:24:00,260.17999,260.26001,260.14499,260.26001,24654
2026-01-12 16:25:00,260.28,260.30011,260.20001,260.26999,39115
2026-01-12 16:26:00,260.23999,260.45001,260.23999,260.44101,96086
2026-01-12 16:27:00,260.42001,260.42999,260.26999,260.34,50096
2026-01-12 16:28:00,260.32089,260.34,260.20999,260.34,38708
2026-01-12 16:29:00,260.34,260.35501,260.20999,260.23001,33936
2026-01-12 16:30:00,260.23001,260.5,260.19,260.43399,50228
2026-01-12 16:31:00,260.4158,260.4158,260.20001,260.23599,38065
2026-01-12 16:32:00,260.23999,260.23999,259.98999,260.095,60528
2026-01-12 16:33:00,260.095,260.14001,259.95999,260.09,44090
2026-01-12 16:34:00,260.12,260.267,260.095,260.267,35774
2026-01-12 16:35:00,260.26001,260.33511,260.16,260.23999,32274
2026-01-12 16:36:00,260.23001,260.23001,260.13,260.22501,25694
2026-01-12 16:37:00,260.22501,260.23001,259.94,259.97198,55419
2026-01-12 16:38:00,259.98999,260.01001,259.73001,259.91,60705
2026-01-12 16:39:00,259.91,259.94989,259.78,259.94,52984
2026-01-12 16:40:00,259.94,260.07001,259.92001,259.97501,85995
2026-01-12 16:41:00,259.98001,259.98999,259.85999,259.98001,33740
2026-01-12 16:42:00,259.97379,260.01001,259.94101,259.94101,32353
2026-01-12 16:43:00,259.94501,260.03,259.8222,259.8399,39136
2026-01-12 16:44:00,259.845,259.845,259.70999,259.76001,32588
2026-01-12 16:45:00,259.75,259.79099,259.72,259.78,52433
2026-01-12 16:46:00,259.79001,259.98999,259.79001,259.98001,55291
2026-01-12 16:47:00,260.0,260.20999,259.94501,259.95181,53738
2026-01-12 16:48:00,259.92499,260.00101,259.91,259.9902,49638
2026-01-12 16:49:00,259.99899,260.27011,259.99899,260.27011,30071
2026-01-12 16:50:00,260.26999,260.49411,260.03671,260.45999,56676
2026-01-12 16:51:00,260.45001,260.60001,260.39001,260.59009,65660
2026-01-12 16:52:00,260.59,260.73001,260.57819,260.66,48606
2026-01-12 16:53:00,260.64999,260.89001,260.64001,260.85999,89907
2026-01-12 16:54:00,260.85001,261.01999,260.81,260.92831,66626
2026-01-12 16:55:00,260.92001,260.93991,260.85001,260.88,37668
2026-01-12 16:56:00,260.85999,261.0,260.85001,260.92999,69905
2026-01-12 16:57:00,260.94,261.09991,260.935,261.07059,105753
2026-01-12 16:58:00,261.10999,261.10999,260.879,260.91,69786
2026-01-12 16:59:00,260.905,261.0,260.82999,261.0,50683
2026-01-12 17:00:00,260.98999,261.07999,260.88501,260.89011,69239
2026-01-12 17:01:00,260.89499,261.01001,260.88,260.92499,33804
2026-01-12 17:02:00,260.93991,260.96991,260.72501,260.72501,40093
2026-01-12 17:03:00,260.72501,260.85999,260.655,260.85001,45792
2026-01-12 17:04:00,260.85001,260.85001,260.72,260.76001,45996
2026-01-12 17:05:00,260.76001,260.87,260.69,260.798,29112
2026-01-12 17:06:00,260.79501,260.82001,260.67001,260.67001,34357
2026-01-12 17:07:00,260.67999,260.67999,260.45999,260.48001,44645
2026-01-12 17:08:00,260.48499,260.59991,260.41,260.53,65203
2026-01-12 17:09:00,260.54001,260.63,260.51001,260.51501,32644
2026-01-12 17:10:00,260.53,260.61099,260.43369,260.49081,31880
2026-01-12 17:11:00,260.492,260.57001,260.47,260.54999,27041
2026-01-12 17:12:00,260.53,260.56,260.47,260.48999,22110
2026-01-12 17:13:00,260.48499,260.51501,260.47,260.47,18535
2026-01-12 17:14:00,260.48999,260.64001,260.48001,260.58499,34181
2026-01-12 17:15:00,260.57001,260.60001,260.53,260.54001,28412
2026-01-12 17:16:00,260.53119,260.57999,260.47,260.48999,26139
2026-01-12 17:17:00,260.48999,260.495,260.435,260.47,44703
2026-01-12 17:18:00,260.465,260.48999,260.37,260.3721,29751
2026-01-12 17:19:00,260.37,260.39001,260.29999,260.33011,23876
2026-01-12 17:20:00,260.32999,260.45001,260.26001,260.44501,48700
2026-01-12 17:21:00,260.45001,260.48999,260.23499,260.31,66527
2026-01-12 17:22:00,260.29999,260.32999,260.255,260.30499,26019
2026-01-12 17:23:00,260.32001,260.39001,260.29999,260.34009,40654
2026-01-12 17:24:00,260.32999,260.36499,260.28,260.32999,34624
2026-01-12 17:25:00,260.32999,260.44699,260.29999,260.39999,35851
2026-01-12 17:26:00,260.39499,260.57001,260.3501,260.56009,38013
2026-01-12 17:27:00,260.565,260.61499,260.54001,260.59,45318
2026-01-12 17:28:00,260.59,260.65991,260.57001,260.62,36459
2026-01-12 17:29:00,260.63,260.66,260.59,260.60931,27781
2026-01-12 17:30:00,260.60001,260.66,260.54999,260.65359,33994
2026-01-12 17:31:00,260.64001,260.67001,260.60989,260.60999,35320
2026-01-12 17:32:00,260.60999,260.66,260.51001,260.595,57032
2026-01-12 17:33:00,260.60001,260.60999,260.54001,260.54001,25838
2026-01-12 17:34:00,260.53,260.57999,260.48001,260.535,35911
2026-01-12 17:35:00,260.51999,260.51999,260.44,260.45999,19535
2026-01-12 17:36:00,260.46021,260.46991,260.38,260.38,28317
2026-01-12 17:37:00,260.39011,260.5,260.37,260.5,26325
2026-01-12 17:38:00,260.48001,260.48001,260.375,260.39001,28560
2026-01-12 17:39:00,260.39001,260.42999,260.35001,260.35999,27077
2026-01-12 17:40:00,260.37,260.42999,260.35999,260.42001,36214
2026-01-12 17:41:00,260.42001,260.51001,260.41,260.5,31963
2026-01-12 17:42:00,260.5,260.53,260.45499,260.47,31779
2026-01-12 17:43:00,260.47,260.51999,260.45999,260.5,18546
2026-01-12 17:44:00,260.505,260.54999,260.48001,260.53,39818
2026-01-12 17:45:00,260.53,260.54999,260.42999,260.45001,43363
2026-01-12 17:46:00,260.461,260.67001,260.461,260.6301,44741
2026-01-12 17:47:00,260.66,260.85999,260.66,260.84,30136
2026-01-12 17:48:00,260.83069,260.92999,260.79999,260.92001,34323
2026-01-12 17:49:00,260.91,261.10999,260.79001,260.79001,108888
2026-01-12 17:50:00,260.79349,260.82239,260.64999,260.69,47414
2026-01-12 17:51:00,260.67001,260.70999,260.48001,260.53,64039
2026-01-12 17:52:00,260.5,260.64999,260.41,260.64001,88722
2026-01-12 17:53:00,260.67001,260.70001,260.64999,260.69,25335
2026-01-12 17:54:00,260.67001,260.89999,260.66,260.89999,43492
2026-01-12 17:55:00,260.89001,260.95999,260.85999,260.875,32969
2026-01-12 17:56:00,260.89499,261.0,260.88199,260.89001,31043
2026-01-12 17:57:00,260.89511,260.90891,260.76999,260.76999,29461
2026-01-12 17:58:00,260.77499,260.82001,260.62,260.64999,33252
2026-01-12 17:59:00,260.64001,260.6799,260.61371,260.67499,23224
2026-01-12 18:00:00,260.66,260.82999,260.64001,260.80499,53535
2026-01-12 18:01:00,260.85001,260.8999,260.76001,260.84079,29620
2026-01-12 18:02:00,260.84,260.94,260.79001,260.94,41388
2026-01-12 18:03:00,260.92001,260.98001,260.91,260.98001,31062
2026-01-12 18:04:00,260.9899,261.0,260.94501,260.97501,19713
2026-01-12 18:05:00,260.98691,261.10999,260.97,261.04999,66280
2026-01-12 18:06:00,261.07999,261.19,261.07999,261.14301,40929
2026-01-12 18:07:00,261.17999,261.29999,261.17999,261.23349,45889
2026-01-12 18:08:00,261.23499,261.23999,261.10001,261.12,32165
2026-01-12 18:09:00,261.12991,261.13,261.02591,261.02591,54945
2026-01-12 18:10:00,261.04001,261.04001,260.82999,260.87991,33421
2026-01-12 18:11:00,260.87,260.91,260.83499,260.90009,34555
2026-01-12 18:12:00,260.9299,260.95499,260.85999,260.95499,32271
2026-01-12 18:13:00,260.97,260.97,260.73001,260.745,41477
2026-01-12 18:14:00,260.75989,260.81,260.72,260.75,34665
2026-01-12 18:15:00,260.73999,260.78,260.67999,260.76999,26846
2026-01-12 18:16:00,260.76999,260.77939,260.69559,260.73001,36905
2026-01-12 18:17:00,260.73499,260.81009,260.73499,260.79001,24219
2026-01-12 18:18:00,260.78,260.84,260.76999,260.77789,25885
2026-01-12 18:19:00,260.78201,260.79999,260.73999,260.78,20686
2026-01-12 18:20:00,260.76999,260.89001,260.76999,260.89001,28861
2026-01-12 18:21:00,260.88,260.98001,260.86499,260.89999,30665
2026-01-12 18:22:00,260.89999,260.98999,260.89001,260.95999,26456
2026-01-12 18:23:00,260.97,261.10999,260.96899,261.06,34798
2026-01-12 18:24:00,261.05869,261.06,261.01001,261.01151,23360
2026-01-12 18:25:00,261.01001,261.03,260.91,260.9516,26521
2026-01-12 18:26:00,260.95001,261.0,260.935,260.935,24143
2026-01-12 18:27:00,260.92999,261.01001,260.92999,260.94009,30512
2026-01-12 18:28:00,260.94,260.98999,260.9201,260.95001,22922
2026-01-12 18:29:00,260.95001,260.95999,260.86011,260.89001,29027
2026-01-12 18:30:00,260.89099,260.91,260.84,260.84,21419
2026-01-12 18:31:00,260.87,260.87,260.77081,260.82001,26536
2026-01-12 18:32:00,260.82501,260.8389,260.785,260.79999,25961
2026-01-12 18:33:00,260.79999,260.815,260.7601,260.76999,27810
2026-01-12 18:34:00,260.76999,260.83499,260.76141,260.82001,19149
2026-01-12 18:35:00,260.82999,260.91501,260.8201,260.89999,21465
2026-01-12 18:36:00,260.89511,260.94,260.845,260.89999,29941
2026-01-12 18:37:00,260.91501,260.935,260.86499,260.88,27703
2026-01-12 18:38:00,260.875,260.91,260.875,260.91,23690
2026-01-12 18:39:00,260.88,260.94,260.78,260.91501,59178
2026-01-12 18:40:00,260.89999,260.92499,260.7601,260.79001,32425
2026-01-12 18:41:00,260.8082,260.88501,260.80301,260.82501,28801
2026-01-12 18:42:00,260.82999,260.8331,260.69,260.70181,20268
2026-01-12 18:43:00,260.70001,260.76001,260.63,260.73999,33749
2026-01-12 18:44:00,260.75,260.75101,260.67001,260.67999,28612
2026-01-12 18:45:00,260.67001,260.78,260.66,260.76001,25896
2026-01-12 18:46:00,260.76501,260.76511,260.70001,260.76321,16275
2026-01-12 18:47:00,260.77499,260.81989,260.75,260.76599,29499
2026-01-12 18:48:00,260.76001,260.79999,260.64999,260.66,5595048
2026-01-12 18:49:00,260.67001,260.67001,260.51999,260.53,3165
2026-01-12 18:50:00,260.51999,260.56,260.51999,260.54999,22450
2026-01-12 18:51:00,260.535,260.535,260.43011,260.44,34350
2026-01-12 18:52:00,260.45001,260.465,260.29999,260.32999,37743
2026-01-12 18:53:00,260.3501,260.47501,260.3501,260.45001,23574
2026-01-12 18:54:00,260.4599,260.495,260.44,260.45499,22325
2026-01-12 18:55:00,260.45999,260.48001,260.375,260.38501,25575
2026-01-12 18:56:00,260.38,260.45999,260.375,260.40869,21101
2026-01-12 18:57:00,260.41,260.51001,260.39999,260.44,33632
2026-01-12 18:58:00,260.42999,260.44,260.35001,260.39999,26944
2026-01-12 18:59:00,260.39011,260.41501,260.35501,260.41,13986
2026-01-12 19:00:00,260.39999,260.45001,260.37,260.39001,25716
2026-01-12 19:01:00,260.39999,260.505,260.39001,260.505,19673
2026-01-12 19:02:00,260.505,260.51999,260.45999,260.495,29252
2026-01-12 19:03:00,260.5,260.52499,260.4841,260.48999,20767
2026-01-12 19:04:00,260.5,260.54001,260.47,260.51501,26648
2026-01-12 19:05:00,260.51999,260.51999,260.42001,260.42081,23069
2026-01-12 19:06:00,260.41019,260.42999,260.39001,260.39499,24351
2026-01-12 19:07:00,260.38,260.38,260.29999,260.29999,46560
2026-01-12 19:08:00,260.30081,260.32999,260.19,260.285,31630
2026-01-12 19:09:00,260.28,260.37,260.23999,260.32501,64795
2026-01-12 19:10:00,260.32001,260.38,260.31,260.34991,32202
2026-01-12 19:11:00,260.345,260.39999,260.345,260.39001,21914
2026-01-12 19:12:00,260.39001,260.41,260.34,260.39001,47132
2026-01-12 19:13:00,260.40359,260.40359,260.29001,260.29001,40979
2026-01-12 19:14:00,260.29999,260.30719,260.20999,260.26001,27928
2026-01-12 19:15:00,260.26999,260.41,260.26999,260.37,46513
2026-01-12 19:16:00,260.375,260.39999,260.32999,260.39001,29853
2026-01-12 19:17:00,260.41,260.45999,260.35001,260.41501,45593
2026-01-12 19:18:00,260.39999,260.54999,260.375,260.45999,45282
2026-01-12 19:19:00,260.48001,260.56,260.39941,260.54999,27670
2026-01-12 19:20:00,260.56,260.8425,260.56,260.83499,44511
2026-01-12 19:21:00,260.83499,260.88,260.79999,260.81,39539
2026-01-12 19:22:00,260.81,260.82001,260.67999,260.73999,67895
2026-01-12 19:23:00,260.73001,260.76999,260.62009,260.70999,65148
2026-01-12 19:24:00,260.70999,260.845,260.69,260.82501,24610
2026-01-12 19:25:00,260.82001,260.82001,260.72,260.73999,30641
2026-01-12 19:26:00,260.76001,260.76001,260.67999,260.73999,49063
2026-01-12 19:27:00,260.73001,260.84,260.73001,260.73999,42491
2026-01-12 19:28:00,260.73001,260.73999,260.64001,260.69,61670
2026-01-12 19:29:00,260.70001,260.70001,260.62,260.64001,29650
2026-01-12 19:30:00,260.64999,260.72501,260.64999,260.70001,56530
2026-01-12 19:31:00,260.70001,260.81,260.59,260.789,58234
2026-01-12 19:32:00,260.79999,260.82001,260.70001,260.82001,33089
2026-01-12 19:33:00,260.82001,260.88,260.79001,260.80981,30023
2026-01-12 19:34:00,260.80399,260.82001,260.73999,260.81,31286
2026-01-12 19:35:00,260.82001,260.84,260.75,260.79001,37175
2026-01-12 19:36:00,260.79001,260.98001,260.75,260.97,49985
2026-01-12 19:37:00,260.96011,261.01999,260.84,260.88,43227
2026-01-12 19:38:00,260.86499,260.86499,260.73999,260.73999,30284
2026-01-12 19:39:00,260.73999,260.76001,260.70999,260.73001,24034
2026-01-12 19:40:00,260.73001,260.73911,260.64499,260.69,31745
2026-01-12 19:41:00,260.67999,260.67999,260.48529,260.54001,43706
2026-01-12 19:42:00,260.51999,260.58499,260.5101,260.57001,29359
2026-01-12 19:43:00,260.57001,260.57999,260.51001,260.52499,26132
2026-01-12 19:44:00,260.51999,260.56,260.51001,260.56,18425
2026-01-12 19:45:00,260.54999,260.5899,260.53,260.54501,27593
2026-01-12 19:46:00,260.54001,260.69,260.53,260.67001,45292
2026-01-12 19:47:00,260.69,260.76501,260.66,260.66,42279
2026-01-12 19:48:00,260.655,260.65991,260.595,260.60999,25001
2026-01-12 19:49:00,260.60999,260.62,260.57001,260.60999,33522
2026-01-12 19:50:00,260.60999,260.62,260.54001,260.56,43745
2026-01-12 19:51:00,260.56,260.56,260.5025,260.50461,32943
2026-01-12 19:52:00,260.51001,260.69,260.51001,260.67999,59529
2026-01-12 19:53:00,260.6701,260.81,260.67001,260.80499,29696
2026-01-12 19:54:00,260.80991,260.91,260.78,260.901,37310
2026-01-12 19:55:00,260.89999,261.00021,260.89001,260.98001,28563
2026-01-12 19:56:00,260.98999,261.07999,260.98849,261.04001,39373
2026-01-12 19:57:00,261.04001,261.10999,261.03091,261.04999,52393
2026-01-12 19:58:00,261.04999,261.14001,261.04501,261.12729,45577
2026-01-12 19:59:00,261.125,261.17001,261.10999,261.13,31946
2026-01-12 20:00:00,261.12,261.17001,261.0401,261.1199,35286
2026-01-12 20:01:00,261.11499,261.19,261.08771,261.16501,33276
2026-01-12 20:02:00,261.17001,261.17999,260.97,261.01999,54385
2026-01-12 20:03:00,261.01001,261.03,260.95999,261.01099,36192
2026-01-12 20:04:00,261.01001,261.10999,261.0,261.07001,26094
2026-01-12 20:05:00,261.07999,261.07999,260.99991,260.99991,48140
2026-01-12 20:06:00,260.98999,261.0629,260.97501,261.05499,63102
2026-01-12 20:07:00,261.06,261.16,261.01999,261.125,27856
2026-01-12 20:08:00,261.12,261.14001,260.995,261.09,72845
2026-01-12 20:09:00,261.0892,261.13,261.03,261.09,39467
2026-01-12 20:10:00,261.07501,261.19,261.04999,261.065,50694
2026-01-12 20:11:00,261.07001,261.09,261.01001,261.06,29130
2026-01-12 20:12:00,261.07001,261.07999,261.02499,261.07999,82862
2026-01-12 20:13:00,261.07001,261.07001,260.94,260.97501,84135
2026-01-12 20:14:00,260.97,261.08499,260.935,261.04001,120541
2026-01-12 20:15:00,261.04001,261.10999,261.02499,261.04999,41773
2026-01-12 20:16:00,261.04001,261.04251,260.85001,260.85999,72893
2026-01-12 20:17:00,260.85999,260.87,260.79999,260.81,29515
2026-01-12 20:18:00,260.81,260.83871,260.73999,260.77319,57857
2026-01-12 20:19:00,260.76999,260.91501,260.7601,260.78,44416
2026-01-12 20:20:00,260.78,260.81979,260.73001,260.73999,40023
2026-01-12 20:21:00,260.745,260.82999,260.73499,260.81,46464
2026-01-12 20:22:00,260.79999,260.84,260.75,260.76999,40570
2026-01-12 20:23:00,260.76001,260.78,260.75,260.76709,41790
2026-01-12 20:24:00,260.76999,260.81989,260.76501,260.79999,37910
2026-01-12 20:25:00,260.79001,260.811,260.76999,260.785,33132
2026-01-12 20:26:00,260.77499,260.94,260.76999,260.87,95283
2026-01-12 20:27:00,260.88,260.98999,260.85999,260.95999,67907
2026-01-12 20:28:00,260.96869,260.96869,260.87,260.89999,39503
2026-01-12 20:29:00,260.89999,261.01181,260.875,260.97,43510
2026-01-12 20:30:00,260.95999,260.97101,260.87,260.92999,55338
2026-01-12 20:31:00,260.92001,261.04001,260.89001,261.03,33753
2026-01-12 20:32:00,261.03,261.13,261.01001,261.0799,49285
2026-01-12 20:33:00,261.07501,261.09,261.01001,261.09,38648
2026-01-12 20:34:00,261.08499,261.10501,261.04501,261.065,30752
2026-01-12 20:35:00,261.06,261.06,260.95001,261.03,48708
2026-01-12 20:36:00,261.03,261.0687,260.98001,261.06,46133
2026-01-12 20:37:00,261.06,261.06,260.8801,260.92001,51581
2026-01-12 20:38:00,260.92001,260.95001,260.87,260.93069,48102
2026-01-12 20:39:00,260.92999,260.92999,260.82999,260.88,37222
2026-01-12 20:40:00,260.89001,260.9201,260.75,260.76501,66902
2026-01-12 20:41:00,260.76001,260.7699,260.58499,260.62,75997
2026-01-12 20:42:00,260.62,260.84,260.62,260.8345,40017
2026-01-12 20:43:00,260.85001,260.95999,260.76819,260.94,54511
2026-01-12 20:44:00,260.94,261.07001,260.89999,260.93771,60866
2026-01-12 20:45:00,260.94,260.965,260.67999,260.70251,107994
2026-01-12 20:46:00,260.71991,260.85001,260.67001,260.84,45072
2026-01-12 20:47:00,260.84,260.92999,260.79999,260.88,55885
2026-01-12 20:48:00,260.88931,260.94,260.81,260.84,34025
2026-01-12 20:49:00,260.85001,260.85001,260.70001,260.72,38357
2026-01-12 20:50:00,260.70001,260.70001,260.26001,260.34,188730
2026-01-12 20:51:00,260.32999,260.48999,260.31,260.42001,75704
2026-01-12 20:52:00,260.42999,260.48001,260.35999,260.375,70705
2026-01-12 20:53:00,260.38,260.5,260.32999,260.37,99302
2026-01-12 20:54:00,260.37,260.57001,260.07001,260.32501,147088
2026-01-12 20:55:00,260.29001,260.41,260.09,260.09,129320
2026-01-12 20:56:00,260.07999,260.17001,260.01001,260.14999,123891
2026-01-12 20:57:00,260.14999,260.31,260.0723,260.23001,111953
2026-01-12 20:58:00,260.23001,260.32001,260.16,260.23001,7823469
2026-01-12 20:59:00,260.22,260.35001,260.19,260.20999,12598
2026-01-13 14:30:00,258.72,259.5,258.39001,259.26001,3589017
2026-01-13 14:31:00,259.26001,259.59,258.85001,259.42001,116858
2026-01-13 14:32:00,259.39001,259.98001,259.35999,259.48999,161438
2026-01-13 14:33:00,259.47,260.13,259.45001,259.746,139886
2026-01-13 14:34:00,259.70001,259.87,259.61499,259.73001,62434
2026-01-13 14:35:00,259.73999,260.45999,259.73999,260.45999,146652
2026-01-13 14:36:00,260.45999,260.98001,260.34,260.95999,132696
2026-01-13 14:37:00,260.95001,260.98999,260.41,260.54999,109933
2026-01-13 14:38:00,260.54501,261.31,260.41,261.31,98759
2026-01-13 14:39:00,261.28,261.81,260.9801,261.62,233766
2026-01-13 14:40:00,261.62,261.62,261.1713,261.27499,131821
2026-01-13 14:41:00,261.27499,261.27701,260.66,260.95999,130472
2026-01-13 14:42:00,260.98001,261.01001,260.64001,260.81,81235
2026-01-13 14:43:00,260.81,260.86771,260.20001,260.255,109903
2026-01-13 14:44:00,260.23999,260.40991,259.95999,260.215,99756
2026-01-13 14:45:00,260.215,260.245,259.73999,260.04999,107437
2026-01-13 14:46:00,260.0,260.06439,259.73999,259.84,65272
2026-01-13 14:47:00,259.88,260.23001,259.85999,260.04501,76134
2026-01-13 14:48:00,260.09,260.29999,260.03,260.10999,83098
2026-01-13 14:49:00,260.11499,260.33249,260.0,260.29999,81187
2026-01-13 14:50:00,260.34,260.54001,260.10001,260.17599,105053
2026-01-13 14:51:00,260.12,260.14499,259.76999,259.9165,90525
2026-01-13 14:52:00,259.92999,260.0,259.51999,259.87,102040
2026-01-13 14:53:00,259.87,260.21011,259.85001,260.19501,56907
2026-01-13 14:54:00,260.22,260.24991,259.95001,259.98499,95719
2026-01-13 14:55:00,260.01001,260.17999,259.875,260.02509,55740
2026-01-13 14:56:00,260.03,260.32001,259.95999,260.10501,68035
2026-01-13 14:57:00,260.10501,260.12,259.79999,259.82999,61396
2026-01-13 14:58:00,259.85001,260.078,259.81,259.98001,35548
2026-01-13 14:59:00,259.95999,260.01999,259.83499,259.91,54202
2026-01-13 15:00:00,259.89999,260.28,259.82001,259.9184,178098
2026-01-13 15:01:00,259.89999,259.97,259.39001,259.88931,91537
2026-01-13 15:02:00,259.87991,259.87991,259.31,259.32999,85935
2026-01-13 15:03:00,259.35999,259.81,259.28,259.79999,84294
2026-01-13 15:04:00,259.79001,260.04001,259.77731,259.92001,70405
2026-01-13 15:05:00,259.98001,260.48999,259.9201,260.345,95187
2026-01-13 15:06:00,260.35999,260.41,260.10999,260.32501,64672
2026-01-13 15:07:00,260.32501,260.34949,259.98999,260.07501,49356
2026-01-13 15:08:00,260.09079,260.13,260.0,260.09,29869
2026-01-13 15:09:00,260.07001,260.23499,260.06,260.23499,63881
2026-01-13 15:10:00,260.23999,260.4299,260.23999,260.29999,48574
2026-01-13 15:11:00,260.29999,260.37,260.09,260.17999,62212
2026-01-13 15:12:00,260.16,260.34009,260.10001,260.23999,51480
2026-01-13 15:13:00,260.22,260.39999,260.13,260.13,46767
2026-01-13 15:14:00,260.12,260.1601,259.92999,260.03,58560
2026-01-13 15:15:00,260.04001,260.04001,259.79001,259.88959,44420
2026-01-13 15:16:00,259.87009,259.892,259.76001,259.79999,35881
2026-01-13 15:17:00,259.845,259.87,259.72,259.82001,56778
2026-01-13 15:18:00,259.81,259.87,259.60101,259.64471,40210
2026-01-13 15:19:00,259.655,259.82999,259.62,259.73999,59048
2026-01-13 15:20:00,259.79001,259.82999,259.60999,259.63,39667
2026-01-13 15:21:00,259.60001,259.63501,259.42001,259.59,67880
2026-01-13 15:22:00,259.57501,259.72739,259.54999,259.67999,57594
2026-01-13 15:23:00,259.685,259.84,259.66409,259.71991,46486
2026-01-13 15:24:00,259.73001,259.78,259.63,259.66,49421
2026-01-13 15:25:00,259.66809,259.89001,259.56,259.89001,71397
2026-01-13 15:26:00,259.88,260.23001,259.8764,260.17001,90010
2026-01-13 15:27:00,260.185,260.285,259.88,259.89001,94321
2026-01-13 15:28:00,259.88,260.255,259.84,260.19501,88636
2026-01-13 15:29:00,260.21991,260.25,260.07001,260.09009,73072
2026-01-13 15:30:00,260.14001,260.1799,259.89001,259.89001,56891
2026-01-13 15:31:00,259.91,259.98001,259.65009,259.7066,42602
2026-01-13 15:32:00,259.69,259.85999,259.67999,259.85001,55988
2026-01-13 15:33:00,259.85001,259.965,259.76999,259.92001,43594
2026-01-13 15:34:00,259.91,260.0,259.70999,259.85999,49388
2026-01-13 15:35:00,259.85999,259.95999,259.84,259.92001,31296
2026-01-13 15:36:00,259.92499,260.04001,259.91,259.98001,75437
2026-01-13 15:37:00,260.0,260.01001,259.745,259.88501,47546
2026-01-13 15:38:00,259.89001,259.92999,259.70999,259.82001,62027
2026-01-13 15:39:00,259.85001,259.91,259.75,259.75009,31536
2026-01-13 15:40:00,259.73999,259.80661,259.62,259.73001,36511
2026-01-13 15:41:00,259.745,259.76999,259.62,259.65649,38242
2026-01-13 15:42:00,259.64301,259.85501,259.64001,259.79001,33877
2026-01-13 15:43:00,259.78,259.84,259.73001,259.76999,31759
2026-01-13 15:44:00,259.79001,259.89999,259.73999,259.82999,42074
2026-01-13 15:45:00,259.82001,260.0,259.81,259.9725,49485
2026-01-13 15:46:00,259.98001,260.0,259.88031,259.88031,29646
2026-01-13 15:47:00,259.88,259.95999,259.85001,259.91,29591
2026-01-13 15:48:00,259.89001,259.92999,259.63,259.63,36113
2026-01-13 15:49:00,259.63,259.63,259.48999,259.6001,54055
2026-01-13 15:50:00,259.60001,260.0,259.565,259.88,63927
2026-01-13 15:51:00,259.92001,260.14001,259.89999,260.11011,75113
2026-01-13 15:52:00,260.125,260.155,260.02499,260.04001,54492
2026-01-13 15:53:00,260.04999,260.04999,259.94,259.95999,41761
2026-01-13 15:54:00,259.98999,260.19,259.965,260.13,89136
2026-01-13 15:55:00,260.10999,260.12,259.98499,260.03,45663
2026-01-13 15:56:00,260.01999,260.07001,259.84,259.84,46723
2026-01-13 15:57:00,259.84,259.85001,259.6701,259.70999,47625
2026-01-13 15:58:00,259.73001,259.98001,259.73001,259.92999,56206
2026-01-13 15:59:00,259.94,260.0,259.88501,259.92999,74244
2026-01-13 16:00:00,259.94,259.98999,259.905,259.965,32184
2026-01-13 16:01:00,259.97,259.97,259.85999,259.91,39396
2026-01-13 16:02:00,259.89899,259.94,259.76501,259.8045,58012
2026-01-13 16:03:00,259.81,259.89999,259.7901,259.89001,39241
2026-01-13 16:04:00,259.89999,260.07999,259.78009,259.80499,45013
2026-01-13 16:05:00,259.82001,259.87,259.76999,259.87,21714
2026-01-13 16:06:00,259.88,260.0,259.875,259.92999,16407
2026-01-13 16:07:00,259.935,259.98999,259.88062,259.91,42775
2026-01-13 16:08:00,259.89511,259.94,259.8501,259.89001,19598
2026-01-13 16:09:00,259.89459,260.09,259.87,260.06989,46350
2026-01-13 16:10:00,260.04999,260.255,260.04999,260.19,73570
2026-01-13 16:11:00,260.17999,260.27991,260.14001,260.17499,62804
2026-01-13 16:12:00,260.17999,260.25,260.12009,260.20999,54727
2026-01-13 16:13:00,260.20001,260.25,260.07001,260.08099,27334
2026-01-13 16:14:00,260.07001,260.10989,259.98721,260.0,46046
2026-01-13 16:15:00,260.005,260.07999,259.97009,260.065,37288
2026-01-13 16:16:00,260.04999,260.12,260.01999,260.04001,30153
2026-01-13 16:17:00,260.04999,260.09,259.94,259.9903,35544
2026-01-13 16:18:00,260.0,260.04999,259.98001,260.01001,25106
2026-01-13 16:19:00,260.01999,260.07501,259.98999,260.07501,27029
2026-01-13 16:20:00,260.07001,260.125,260.03,260.0701,35141
2026-01-13 16:21:00,260.07999,260.14001,260.04001,260.10501,38059
2026-01-13 16:22:00,260.11499,260.14001,259.98001,259.98001,40331
2026-01-13 16:23:00,259.9899,260.06381,259.95999,260.04999,28259
2026-01-13 16:24:00,260.06,260.06,259.92999,259.95001,29041
2026-01-13 16:25:00,259.94,259.95001,259.78,259.95001,36081
2026-01-13 16:26:00,259.95001,259.98001,259.81,259.81601,27842
2026-01-13 16:27:00,259.82999,259.965,259.62,259.91,58865
2026-01-13 16:28:00,259.94,260.04999,259.94,260.03,30675
2026-01-13 16:29:00,260.01999,260.04999,259.86499,259.91,31675
2026-01-13 16:30:00,259.89999,259.95001,259.85001,259.91,28367
2026-01-13 16:31:00,259.92401,260.0,259.8801,260.0,31931
2026-01-13 16:32:00,260.03751,260.29999,260.0,260.21909,87523
2026-01-13 16:33:00,260.22,260.32001,260.22,260.23001,46160
2026-01-13 16:34:00,260.23999,260.42999,260.23001,260.38,76348
2026-01-13 16:35:00,260.39999,260.52499,260.32059,260.48001,56773
2026-01-13 16:36:00,260.47198,260.685,260.42001,260.66,68788
2026-01-13 16:37:00,260.66,260.72,260.57001,260.711,45731
2026-01-13 16:38:00,260.73001,260.76001,260.64999,260.64999,47141
2026-01-13 16:39:00,260.64001,260.75,260.5513,260.73499,56696
2026-01-13 16:40:00,260.73999,260.82999,260.70499,260.82001,53859
2026-01-13 16:41:00,260.79999,261.01999,260.72,260.92999,67653
2026-01-13 16:42:00,260.92999,260.931,260.84,260.89499,43726
2026-01-13 16:43:00,260.8999,260.94,260.82999,260.92001,40957
2026-01-13 16:44:00,260.91,260.91501,260.79001,260.82001,59782
2026-01-13 16:45:00,260.82001,260.82999,260.76001,260.76999,47647
2026-01-13 16:46:00,260.7702,260.78,260.64001,260.69,73763
2026-01-13 16:47:00,260.70001,260.78,260.62,260.73001,28058
2026-01-13 16:48:00,260.73001,260.82999,260.69,260.75009,30151
2026-01-13 16:49:00,260.75,260.95999,260.73001,260.88031,51777
2026-01-13 16:50:00,260.91,260.91,260.76001,260.89999,52473
2026-01-13 16:51:00,260.88,261.01001,260.85999,260.92999,58355
2026-01-13 16:52:00,260.92999,260.98001,260.88,260.97,36735
2026-01-13 16:53:00,260.97,260.98999,260.89001,260.95001,33427
2026-01-13 16:54:00,260.94,260.9873,260.92001,260.98001,31848
2026-01-13 16:55:00,260.98999,261.01001,260.92001,261.0,54132
2026-01-13 16:56:00,260.99011,261.0199,260.92999,261.01001,39314
2026-01-13 16:57:00,261.0,261.03,260.95999,260.95999,43716
2026-01-13 16:58:00,260.95999,261.0,260.89999,260.92001,33122
2026-01-13 16:59:00,260.92999,260.94,260.79999,260.89999,46427
2026-01-13 17:00:00,260.89001,260.95999,260.82999,260.85001,35385
2026-01-13 17:01:00,260.82999,260.92099,260.815,260.88699,25921
2026-01-13 17:02:00,260.88,260.95001,260.87,260.94989,29643
2026-01-13 17:03:00,260.94501,261.0,260.9201,260.98499,31777
2026-01-13 17:04:00,260.98801,261.01001,260.95001,260.98999,28170
2026-01-13 17:05:00,260.98499,261.01001,260.94,260.995,29236
2026-01-13 17:06:00,261.00159,261.00159,260.97,260.979,19506
2026-01-13 17:07:00,260.97961,261.004,260.95001,260.95001,29973
2026-01-13 17:08:00,260.95639,260.95999,260.8703,260.89001,23779
2026-01-13 17:09:00,260.89999,260.95001,260.88,260.95001,24268
2026-01-13 17:10:00,260.95999,261.02991,260.85999,261.005,44618
2026-01-13 17:11:00,261.00009,261.16,260.98001,261.01001,66520
2026-01-13 17:12:00,261.0,261.10001,260.92999,260.95001,30241
2026-01-13 17:13:00,260.965,260.97501,260.76999,260.77509,28279
2026-01-13 17:14:00,260.76001,260.82361,260.72,260.73999,26660
2026-01-13 17:15:00,260.745,260.79999,260.56,260.59,50346
2026-01-13 17:16:00,260.57001,260.60001,260.31009,260.33099,48229
2026-01-13 17:17:00,260.34,260.35001,260.20001,260.20001,48307
2026-01-13 17:18:00,260.2023,260.28,260.17999,260.27499,25650
2026-01-13 17:19:00,260.26999,260.48001,260.23999,260.48001,48601
2026-01-13 17:20:00,260.48001,260.48001,260.37,260.37,29413
2026-01-13 17:21:00,260.35999,260.54001,260.35999,260.54001,24598
2026-01-13 17:22:00,260.54999,260.84,260.54999,260.81,45628
2026-01-13 17:23:00,260.81,260.9346,260.79999,260.82001,32252
2026-01-13 17:24:00,260.82999,260.92999,260.82001,260.91,28777
2026-01-13 17:25:00,260.91,260.97,260.84,260.88,29998
2026-01-13 17:26:00,260.89999,260.89999,260.76999,260.84,45132
2026-01-13 17:27:00,260.84,260.89999,260.75,260.78,33153
2026-01-13 17:28:00,260.76999,260.79501,260.70999,260.79001,30147
2026-01-13 17:29:00,260.79001,260.85001,260.78,260.84,17350
2026-01-13 17:30:00,260.85001,261.06,260.845,261.0033,62104
2026-01-13 17:31:00,261.02499,261.02499,260.72,260.97,100784
2026-01-13 17:32:00,260.95001,261.01001,260.91,260.995,52461
2026-01-13 17:33:00,261.0,261.05499,260.95001,260.98999,50426
2026-01-13 17:34:00,260.98999,261.07001,260.97,261.06,29929
2026-01-13 17:35:00,261.06351,261.16,261.04999,261.14951,37782
2026-01-13 17:36:00,261.155,261.28009,261.14999,261.25,38688
2026-01-13 17:37:00,261.25479,261.38,261.22,261.32999,44853
2026-01-13 17:38:00,261.32001,261.35001,261.22479,261.25681,22763
2026-01-13 17:39:00,261.26001,261.29999,261.22,261.23999,23982
2026-01-13 17:40:00,261.27991,261.32999,261.22,261.25,40504
2026-01-13 17:41:00,261.25,261.345,261.14001,261.32999,29982
2026-01-13 17:42:00,261.32501,261.44,261.32001,261.35089,25858
2026-01-13 17:43:00,261.375,261.38849,261.17999,261.17999,22043
2026-01-13 17:44:00,261.17081,261.19,261.01321,261.13,32372
2026-01-13 17:45:00,261.13,261.20001,261.07001,261.08499,22590
2026-01-13 17:46:00,261.12,261.17001,261.01999,261.03,27153
2026-01-13 17:47:00,261.01999,261.03989,260.905,260.94501,25987
2026-01-13 17:48:00,260.94501,261.04501,260.9201,260.979,24955
2026-01-13 17:49:00,261.0,261.10999,260.97,261.07999,21605
2026-01-13 17:50:00,261.07001,261.07001,260.89001,260.89001,22533
2026-01-13 17:51:00,260.90009,260.99799,260.88501,260.92001,23197
2026-01-13 17:52:00,260.9194,260.92999,260.78,260.79999,21039
2026-01-13 17:53:00,260.79901,260.79901,260.63,260.63,34418
2026-01-13 17:54:00,260.63,260.64999,260.57999,260.62549,33591
2026-01-13 17:55:00,260.625,260.63989,260.56,260.60999,68250
2026-01-13 17:56:00,260.63,260.64499,260.57001,260.62,35059
2026-01-13 17:57:00,260.62,260.62,260.41,260.52499,53131
2026-01-13 17:58:00,260.54999,260.651,260.41,260.45999,33204
2026-01-13 17:59:00,260.47,260.53009,260.42001,260.51999,31365
2026-01-13 18:00:00,260.5,260.52991,260.31,260.39841,49400
2026-01-13 18:01:00,260.39001,260.39999,260.25,260.37,38028
2026-01-13 18:02:00,260.35501,260.41,260.32001,260.35001,26437
2026-01-13 18:03:00,260.37,260.39499,260.31,260.35999,32296
2026-01-13 18:04:00,260.37,260.435,260.2301,260.32999,42186
2026-01-13 18:05:00,260.34,260.41501,260.32999,260.37,21252
2026-01-13 18:06:00,260.37,260.60001,260.37,260.595,34370
2026-01-13 18:07:00,260.60001,260.64999,260.52011,260.52499,34058
2026-01-13 18:08:00,260.51999,260.51999,260.29501,260.29999,30643
2026-01-13 18:09:00,260.30499,260.31,260.22,260.29001,35611
2026-01-13 18:10:00,260.29999,260.53,260.23999,260.53,39625
2026-01-13 18:11:00,260.5,260.59009,260.48999,260.54999,24670
2026-01-13 18:12:00,260.56,260.76001,260.53,260.76001,54692
2026-01-13 18:13:00,260.76999,260.78,260.66,260.66,46442
2026-01-13 18:14:00,260.67001,260.87,260.64999,260.85001,30025
2026-01-13 18:15:00,260.85999,260.92499,260.82001,260.89001,26160
2026-01-13 18:16:00,260.89001,260.92001,260.81,260.85999,41104
2026-01-13 18:17:00,260.88501,260.89001,260.85001,260.89001,18165
2026-01-13 18:18:00,260.89999,260.92999,260.79999,260.85001,39706
2026-01-13 18:19:00,260.85001,260.85001,260.76999,260.79001,21969
2026-01-13 18:20:00,260.79001,260.83011,260.48999,260.51999,31232
2026-01-13 18:21:00,260.51999,260.51999,260.28,260.29001,31010
2026-01-13 18:22:00,260.28,260.32999,260.23001,260.2438,25474
2026-01-13 18:23:00,260.23999,260.32751,260.20001,260.26999,17019
2026-01-13 18:24:00,260.2962,260.2962,260.16,260.20999,34596
2026-01-13 18:25:00,260.23999,260.25989,260.06,260.09,31974
2026-01-13 18:26:00,260.09,260.14001,260.07001,260.14001,23962
2026-01-13 18:27:00,260.14499,260.19501,260.095,260.11499,24921
2026-01-13 18:28:00,260.13,260.17499,260.05011,260.065,24540
2026-01-13 18:29:00,260.04999,260.07001,259.98999,259.98999,35695
2026-01-13 18:30:00,259.98001,260.0325,259.965,260.01999,48871
2026-01-13 18:31:00,260.03,260.22,260.03,260.20609,28432
2026-01-13 18:32:00,260.22,260.34219,260.19,260.315,35227
2026-01-13 18:33:00,260.32001,260.39999,260.28,260.32999,26593
2026-01-13 18:34:00,260.33011,260.44,260.29001,260.40991,36355
2026-01-13 18:35:00,260.39999,260.66,260.39001,260.60999,34343
2026-01-13 18:36:00,260.60999,260.67361,260.42999,260.43011,31550
2026-01-13 18:37:00,260.45999,260.47,260.38031,260.42999,20412
2026-01-13 18:38:00,260.44,260.56,260.42001,260.45029,29770
2026-01-13 18:39:00,260.4501,260.56,260.44821,260.54001,22913
2026-01-13 18:40:00,260.53,260.5351,260.41,260.4241,35029
2026-01-13 18:41:00,260.42499,260.51651,260.41,260.4736,43735
2026-01-13 18:42:00,260.47,260.53,260.45999,260.47,22240
2026-01-13 18:43:00,260.47,260.5,260.39001,260.41,54189
2026-01-13 18:44:00,260.405,260.42999,260.16,260.18079,46575
2026-01-13 18:45:00,260.185,260.35001,260.17001,260.29501,33348
2026-01-13 18:46:00,260.28,260.39999,260.26999,260.3631,59592
2026-01-13 18:47:00,260.35501,260.45001,260.32999,260.375,47532
2026-01-13 18:48:00,260.37009,260.48999,260.37009,260.47,27508
2026-01-13 18:49:00,260.47,260.47009,260.31,260.315,25239
2026-01-13 18:50:00,260.315,260.315,260.13501,260.14001,27952
2026-01-13 18:51:00,260.12,260.125,260.04999,260.09,37647
2026-01-13 18:52:00,260.09,260.19,260.0401,260.10999,31606
2026-01-13 18:53:00,260.12,260.20001,260.10999,260.13,32663
2026-01-13 18:54:00,260.125,260.125,260.04001,260.0777,24438
2026-01-13 18:55:00,260.06,260.07999,259.82999,259.84,59980
2026-01-13 18:56:00,259.83499,259.97461,259.76001,259.965,44291
2026-01-13 18:57:00,259.95001,260.10001,259.95001,260.06,37623
2026-01-13 18:58:00,260.09,260.19989,260.0701,260.10999,27902
2026-01-13 18:59:00,260.10999,260.10999,259.95999,259.95999,20857
2026-01-13 19:00:00,259.95999,260.06,259.89999,260.0499,50864
2026-01-13 19:01:00,260.03329,260.09,259.97501,260.06,37906
2026-01-13 19:02:00,260.03,260.0365,259.95001,259.98001,23443
2026-01-13 19:03:00,259.97,260.04001,259.94,260.0,19627
2026-01-13 19:04:00,259.98001,260.01999,259.85501,259.87,38845
2026-01-13 19:05:00,259.85999,259.89999,259.67001,259.76001,71802
2026-01-13 19:06:00,259.73001,259.73001,259.61011,259.66251,36101
2026-01-13 19:07:00,259.64001,259.79001,259.63,259.66501,29554
2026-01-13 19:08:00,259.66501,259.73999,259.64999,259.64999,33292
2026-01-13 19:09:00,259.66501,259.67001,259.54501,259.59,37082
2026-01-13 19:10:00,259.60999,259.73001,259.53,259.54001,35105
2026-01-13 19:11:00,259.54501,259.57001,259.32999,259.32999,98751
2026-01-13 19:12:00,259.32001,259.41,259.26019,259.315,51726
2026-01-13 19:13:00,259.315,259.495,259.26001,259.48499,41129
2026-01-13 19:14:00,259.47,259.48999,259.20999,259.25,5542974
2026-01-13 19:15:00,259.25,259.34,259.22,259.32001,6673
2026-01-13 19:16:00,259.35501,259.64001,259.14999,259.5,70373
2026-01-13 19:17:00,259.48999,259.48999,259.29001,259.31,65143
2026-01-13 19:18:00,259.26999,259.45999,259.20001,259.42999,32281
2026-01-13 19:19:00,259.4256,259.784,259.4256,259.67999,47991
2026-01-13 19:20:00,259.67999,259.685,259.45001,259.54001,53264
2026-01-13 19:21:00,259.57001,259.79001,259.55499,259.78,32896
2026-01-13 19:22:00,259.79999,259.91,259.70001,259.70001,32220
2026-01-13 19:23:00,259.69501,259.73001,259.63,259.64499,35933
2026-01-13 19:24:00,259.64499,259.73001,259.59,259.67001,38061
2026-01-13 19:25:00,259.64499,259.64499,259.54001,259.56,18835
2026-01-13 19:26:00,259.565,259.62,259.48499,259.6001,27945
2026-01-13 19:27:00,259.60001,259.72,259.60001,259.67001,43464
2026-01-13 19:28:00,259.67001,259.70499,259.54999,259.59,80567
2026-01-13 19:29:00,259.60001,259.75,259.55499,259.73999,27243
2026-01-13 19:30:00,259.7399,259.76999,259.66,259.73001,20441
2026-01-13 19:31:00,259.73001,259.76001,259.60999,259.70499,52539
2026-01-13 19:32:00,259.70999,259.79999,259.67001,259.69,48708
2026-01-13 19:33:00,259.67999,259.72501,259.56,259.72501,31386
2026-01-13 19:34:00,259.72,259.7399,259.60999,259.62,17610
2026-01-13 19:35:00,259.62,259.64999,259.57999,259.63,18921
2026-01-13 19:36:00,259.62,259.76001,259.54001,259.70999,29182
2026-01-13 19:37:00,259.70001,259.70999,259.57999,259.57999,19234
2026-01-13 19:38:00,259.5809,259.58499,259.42001,259.45001,29516
2026-01-13 19:39:00,259.45001,259.56,259.39999,259.56,27929
2026-01-13 19:40:00,259.57501,259.60999,259.53,259.57999,21523
2026-01-13 19:41:00,259.57999,259.62,259.54999,259.60001,21649
2026-01-13 19:42:00,259.60001,259.70001,259.59,259.67499,36966
2026-01-13 19:43:00,259.67999,259.67999,259.53009,259.56,24284
2026-01-13 19:44:00,259.56,259.57001,259.49011,259.51999,18055
2026-01-13 19:45:00,259.5,259.63,259.5,259.62,25990
2026-01-13 19:46:00,259.6275,259.64099,259.5,259.53,21826
2026-01-13 19:47:00,259.53,259.60999,259.46011,259.46011,28303
2026-01-13 19:48:00,259.47,259.54999,259.45999,259.48999,27206
2026-01-13 19:49:00,259.48999,259.5,259.42001,259.47,20613
2026-01-13 19:50:00,259.465,259.57001,259.44,259.57001,40647
2026-01-13 19:51:00,259.57001,259.73999,259.56009,259.72501,41860
2026-01-13 19:52:00,259.72,259.72,259.57999,259.64999,24917
2026-01-13 19:53:00,259.66,259.73999,259.59641,259.62,25029
2026-01-13 19:54:00,259.60999,259.72009,259.60999,259.715,17895
2026-01-13 19:55:00,259.69,259.75,259.67001,259.73499,31788
2026-01-13 19:56:00,259.73001,259.73499,259.63,259.655,25218
2026-01-13 19:57:00,259.66,259.67999,259.51001,259.53,17233
2026-01-13 19:58:00,259.51999,259.52011,259.29001,259.32999,44105
2026-01-13 19:59:00,259.32999,259.45999,259.314,259.45999,19813
2026-01-13 20:00:00,259.465,259.465,259.35001,259.39001,29436
2026-01-13 20:01:00,259.37,259.39041,259.28,259.28,17736
2026-01-13 20:02:00,259.25641,259.29999,259.12,259.17001,34711
2026-01-13 20:03:00,259.16,259.22,259.13,259.20099,20257
2026-01-13 20:04:00,259.19,259.25,259.1601,259.23001,23565
2026-01-13 20:05:00,259.22,259.26569,259.17249,259.1875,32334
2026-01-13 20:06:00,259.17999,259.23001,259.17001,259.215,26205
2026-01-13 20:07:00,259.215,259.3699,259.20001,259.34,27578
2026-01-13 20:08:00,259.33499,259.35999,259.31,259.35999,25534
2026-01-13 20:09:00,259.35501,259.35989,259.26001,259.26999,32549
2026-01-13 20:10:00,259.26001,259.26001,259.01999,259.01999,60748
2026-01-13 20:11:00,259.04001,259.25,259.01999,259.09,102008
2026-01-13 20:12:00,259.07001,259.20499,259.0,259.13501,63243
2026-01-13 20:13:00,259.13199,259.16,258.92999,259.01999,62909
2026-01-13 20:14:00,259.01001,259.01999,258.95001,258.95999,22898
2026-01-13 20:15:00,258.965,259.01999,258.92001,258.94501,35458
2026-01-13 20:16:00,258.95999,259.0,258.89999,258.9819,34766
2026-01-13 20:17:00,258.98499,259.0,258.89499,258.92999,33219
2026-01-13 20:18:00,258.92999,258.96121,258.88,258.92999,31823
2026-01-13 20:19:00,258.935,259.005,258.935,258.965,29309
2026-01-13 20:20:00,258.95999,259.01001,258.91,258.91,47374
2026-01-13 20:21:00,258.91501,258.91989,258.7601,258.83801,47535
2026-01-13 20:22:00,258.82001,258.97159,258.82001,258.95999,29782
2026-01-13 20:23:00,258.95001,259.10999,258.85001,259.09009,47512
2026-01-13 20:24:00,259.09,259.23001,259.07901,259.20081,29777
2026-01-13 20:25:00,259.20001,259.2955,259.10001,259.10001,37053
2026-01-13 20:26:00,259.09,259.14099,259.01999,259.07751,28887
2026-01-13 20:27:00,259.08499,259.09,258.97101,259.04999,33712
2026-01-13 20:28:00,259.05011,259.10001,258.98001,258.98499,26094
2026-01-13 20:29:00,258.98499,259.01999,258.92001,259.01999,56250
2026-01-13 20:30:00,259.01001,259.06,258.98999,259.01001,31118
2026-01-13 20:31:00,259.03,259.06409,259.0,259.04001,24206
2026-01-13 20:32:00,259.04501,259.05499,258.97009,258.98001,35597
2026-01-13 20:33:00,259.0,259.05499,258.89999,258.935,41928
2026-01-13 20:34:00,258.9249,258.92999,258.84,258.875,46421
2026-01-13 20:35:00,258.88,258.97,258.85999,258.9501,47077
2026-01-13 20:36:00,258.97,259.0799,258.97,259.0799,63682
2026-01-13 20:37:00,259.07001,259.29001,259.07001,259.29001,42516
2026-01-13 20:38:00,259.29999,259.31989,259.20309,259.25,43094
2026-01-13 20:39:00,259.26001,259.29001,259.23999,259.26001,30650
2026-01-13 20:40:00,259.27991,259.45999,259.27991,259.45099,56324
2026-01-13 20:41:00,259.45001,259.47,259.215,259.289,53439
2026-01-13 20:42:00,259.29999,259.39999,259.29999,259.34,19226
2026-01-13 20:43:00,259.35001,259.44,259.32999,259.42999,29114
2026-01-13 20:44:00,259.44,259.54001,259.42001,259.44,65313
2026-01-13 20:45:00,259.42999,259.51999,259.37,259.49011,38257
2026-01-13 20:46:00,259.51999,259.53,259.4201,259.48001,47965
2026-01-13 20:47:00,259.48999,259.5899,259.45001,259.565,39720
2026-01-13 20:48:00,259.57001,259.62,259.5,259.60001,39498
2026-01-13 20:49:00,259.60001,259.74301,259.60001,259.70999,46235
2026-01-13 20:50:00,259.67999,260.26001,259.67999,260.22,125061
2026-01-13 20:51:00,260.23001,260.255,260.10001,260.245,62800
2026-01-13 20:52:00,260.245,260.35999,260.20999,260.35001,8873206
2026-01-13 20:53:00,260.35999,260.45999,260.32001,260.44,9179
2026-01-13 20:54:00,260.44,260.85001,260.38,260.85001,145947
2026-01-13 20:55:00,260.82999,261.20001,260.76999,260.91,284547
2026-01-13 20:56:00,260.905,261.10001,260.85001,260.98001,237056
2026-01-13 20:57:00,260.98999,261.03,260.67001,261.03,362847
2026-01-13 20:58:00,261.02499,261.06,260.92001,260.9245,273239
2026-01-13 20:59:00,260.92999,261.10001,260.89999,261.04999,10349167
2026-01-14 14:30:00,259.48999,259.89001,259.245,259.64001,1064294
2026-01-14 14:31:00,259.6001,259.85001,259.23999,259.70001,161857
2026-01-14 14:32:00,259.84,261.14001,259.84,261.03,138030
2026-01-14 14:33:00,261.03,261.32001,260.73999,261.32001,101261
2026-01-14 14:34:00,261.29001,261.81,261.26001,261.69,163534
2026-01-14 14:35:00,261.70001,261.715,260.82001,260.82001,92544
2026-01-14 14:36:00,260.85501,261.01001,260.23001,260.23001,80972
2026-01-14 14:37:00,260.23999,260.32999,260.10001,260.17001,69073
2026-01-14 14:38:00,260.13,260.57001,260.12,260.47,59657
2026-01-14 14:39:00,260.45499,260.81,260.41,260.51999,60105
2026-01-14 14:40:00,260.5141,260.82001,260.28,260.81,48311
2026-01-14 14:41:00,260.81,261.04971,260.39999,260.54999,100913
2026-01-14 14:42:00,260.54999,260.59,260.23999,260.42999,82579
2026-01-14 14:43:00,260.42981,260.43991,260.06,260.09,59229
2026-01-14 14:44:00,260.07999,260.28,259.82999,259.95001,85242
2026-01-14 14:45:00,259.94,260.155,259.57999,259.63,89645
2026-01-14 14:46:00,259.6102,259.95001,259.59,259.95001,54448
2026-01-14 14:47:00,259.95999,260.10001,259.95999,260.05499,56348
2026-01-14 14:48:00,260.04999,260.07999,259.64001,259.82501,48613
2026-01-14 14:49:00,259.8385,260.19,259.8385,259.95999,44503
2026-01-14 14:50:00,259.94,259.94,259.42001,259.42001,76926
2026-01-14 14:51:00,259.42999,259.57001,259.20471,259.26999,66219
2026-01-14 14:52:00,259.20001,259.41199,259.13,259.39001,75172
2026-01-14 14:53:00,259.39001,259.54001,259.14999,259.22501,46824
2026-01-14 14:54:00,259.29001,259.60001,259.29001,259.40909,48789
2026-01-14 14:55:00,259.38449,259.70001,259.20001,259.67001,57417
2026-01-14 14:56:00,259.66,259.87,259.63,259.78,46694
2026-01-14 14:57:00,259.7699,259.8399,259.51999,259.57999,40548
2026-01-14 14:58:00,259.60001,259.64999,259.28,259.30051,40185
2026-01-14 14:59:00,259.29001,259.35001,259.04999,259.10001,99223
2026-01-14 15:00:00,259.17999,259.34,258.82001,259.12,148943
2026-01-14 15:01:00,259.12,259.41,259.10001,259.39221,62954
2026-01-14 15:02:00,259.42999,259.5137,259.10999,259.25,50830
2026-01-14 15:03:00,259.23999,259.64001,259.22,259.37,79594
2026-01-14 15:04:00,259.42001,259.42999,259.22,259.25,52878
2026-01-14 15:05:00,259.25,259.60999,259.185,259.495,57482
2026-01-14 15:06:00,259.495,259.79999,259.435,259.69,51032
2026-01-14 15:07:00,259.73001,259.94,259.64999,259.81,69542
2026-01-14 15:08:00,259.81,259.97,259.73001,259.8988,77223
2026-01-14 15:09:00,259.88501,260.03,259.72,259.95999,68913
2026-01-14 15:10:00,259.97,260.04999,259.76001,259.79001,49760
2026-01-14 15:11:00,259.81,260.375,259.78,259.95999,84576
2026-01-14 15:12:00,259.95999,260.39999,259.89999,260.13,75225
2026-01-14 15:13:00,260.07999,260.32001,259.95001,260.14999,75092
2026-01-14 15:14:00,260.19659,260.37991,260.19,260.35001,53144
2026-01-14 15:15:00,260.37,260.5,260.32001,260.42001,74520
2026-01-14 15:16:00,260.42999,260.60989,260.35999,260.35999,80768
2026-01-14 15:17:00,260.41,260.7348,260.39001,260.67001,54885
2026-01-14 15:18:00,260.70001,260.95001,260.63,260.89499,89262
2026-01-14 15:19:00,260.88,260.88,260.36499,260.405,53435
2026-01-14 15:20:00,260.41,260.5199,260.17001,260.39999,60844
2026-01-14 15:21:00,260.38,260.47,260.241,260.36499,50823
2026-01-14 15:22:00,260.35999,260.62,260.35999,260.54999,43334
2026-01-14 15:23:00,260.57999,260.67001,260.16,260.1875,59319
2026-01-14 15:24:00,260.19009,260.26001,260.05499,260.17001,37369
2026-01-14 15:25:00,260.22,260.25,260.04001,260.14999,30284
2026-01-14 15:26:00,260.10999,260.20001,260.0,260.09,27692
2026-01-14 15:27:00,260.09,260.10001,259.97,259.98001,41450
2026-01-14 15:28:00,260.0,260.0,259.75,259.78,55942
2026-01-14 15:29:00,259.79001,259.82001,259.54001,259.75,71498
2026-01-14 15:30:00,259.755,259.79001,259.57999,259.69,57729
2026-01-14 15:31:00,259.70499,259.70999,259.26999,259.26999,69990
2026-01-14 15:32:00,259.31,259.47,259.26999,259.45999,49752
2026-01-14 15:33:00,259.42999,259.73999,259.39001,259.64001,53753
2026-01-14 15:34:00,259.64001,259.67001,259.51001,259.535,32949
2026-01-14 15:35:00,259.53,259.76999,259.53,259.76999,31162
2026-01-14 15:36:00,259.76999,259.85999,259.60501,259.755,49246
2026-01-14 15:37:00,259.75751,259.80991,259.67499,259.73001,37349
2026-01-14 15:38:00,259.70999,259.70999,259.59,259.60999,32703
2026-01-14 15:39:00,259.64001,259.85001,259.63,259.84,26615
2026-01-14 15:40:00,259.82001,259.95999,259.755,259.95001,39514
2026-01-14 15:41:00,259.95999,260.0,259.70001,259.76999,39406
2026-01-14 15:42:00,259.755,259.755,259.57999,259.67001,23524
2026-01-14 15:43:00,259.66,259.66,259.29999,259.44,68582
2026-01-14 15:44:00,259.42999,259.565,259.41,259.48499,38794
2026-01-14 15:45:00,259.48001,259.57001,259.34,259.39999,117028
2026-01-14 15:46:00,259.3967,259.435,258.94,258.97,93795
2026-01-14 15:47:00,258.97,258.98999,258.69,258.73001,56174
2026-01-14 15:48:00,258.72501,258.745,258.26001,258.28351,73657
2026-01-14 15:49:00,258.26999,258.39001,258.14001,258.17999,79233
2026-01-14 15:50:00,258.17001,258.42001,258.10999,258.38,95797
2026-01-14 15:51:00,258.37,258.47,258.21799,258.35999,53787
2026-01-14 15:52:00,258.38,258.44,258.28,258.31,48809
2026-01-14 15:53:00,258.29999,258.45001,258.25,258.34,57196
2026-01-14 15:54:00,258.35001,258.39001,258.03,258.14001,90095
2026-01-14 15:55:00,258.17999,258.32001,257.87,257.88,104337
2026-01-14 15:56:00,257.87,258.09,257.85999,257.995,54331
2026-01-14 15:57:00,258.01501,258.21799,258.01501,258.20999,41246
2026-01-14 15:58:00,258.20499,258.25,257.89999,257.931,47812
2026-01-14 15:59:00,257.95999,258.10001,257.87,258.07101,36448
2026-01-14 16:00:00,258.07001,258.25,258.07001,258.17001,40026
2026-01-14 16:01:00,258.19,258.29999,258.08499,258.20999,45460
2026-01-14 16:02:00,258.23999,258.45001,258.20999,258.45001,66748
2026-01-14 16:03:00,258.44501,258.53,258.35001,258.38,88720
2026-01-14 16:04:00,258.39999,258.72,258.39001,258.70999,59428
2026-01-14 16:05:00,258.76001,258.81,258.44,258.44501,58999
2026-01-14 16:06:00,258.42001,258.44989,258.19,258.20001,34646
2026-01-14 16:07:00,258.19,258.245,258.12,258.12,37098
2026-01-14 16:08:00,258.13,258.26001,257.97,258.095,44390
2026-01-14 16:09:00,258.09,258.20999,258.03,258.12,49691
2026-01-14 16:10:00,258.10999,258.10999,257.95999,257.98001,27132
2026-01-14 16:11:00,257.95999,258.04001,257.89999,257.98001,39395
2026-01-14 16:12:00,257.98999,258.19101,257.98499,258.19101,32342
2026-01-14 16:13:00,258.16049,258.18881,258.07501,258.17999,43761
2026-01-14 16:14:00,258.20999,258.23001,258.04001,258.09,33673
2026-01-14 16:15:00,258.07999,258.17999,258.07999,258.14001,30626
2026-01-14 16:16:00,258.09,258.20001,258.07999,258.13,25819
2026-01-14 16:17:00,258.14999,258.25,258.12,258.16,30368
2026-01-14 16:18:00,258.19,258.30991,258.10001,258.13501,36455
2026-01-14 16:19:00,258.14001,258.16,258.09009,258.14001,24721
2026-01-14 16:20:00,258.1499,258.23001,258.0719,258.0719,39798
2026-01-14 16:21:00,258.0701,258.32001,258.07001,258.31,22491
2026-01-14 16:22:00,258.31,258.45999,258.29001,258.42999,42531
2026-01-14 16:23:00,258.44,258.56,258.39828,258.54001,36556
2026-01-14 16:24:00,258.54999,258.63101,258.45999,258.61499,33766
2026-01-14 16:25:00,258.61499,258.65991,258.54501,258.57999,47571
2026-01-14 16:26:00,258.57999,258.64001,258.392,258.64001,64970
2026-01-14 16:27:00,258.67001,258.76001,258.63,258.70999,32832
2026-01-14 16:28:00,258.70999,258.95001,258.66,258.66,53318
2026-01-14 16:29:00,258.70001,258.94501,258.67001,258.73999,54317
2026-01-14 16:30:00,258.73999,258.81,258.53,258.54501,32795
2026-01-14 16:31:00,258.56,258.63,258.48999,258.54001,28910
2026-01-14 16:32:00,258.5199,258.60001,258.46341,258.48001,49700
2026-01-14 16:33:00,258.47,258.625,258.39499,258.54001,51017
2026-01-14 16:34:00,258.51999,258.62,258.45999,258.54001,22916
2026-01-14 16:35:00,258.54999,258.54999,258.10001,258.10999,37700
2026-01-14 16:36:00,258.10999,258.13,257.965,258.03,74457
2026-01-14 16:37:00,258.01501,258.22,258.01001,258.20999,42173
2026-01-14 16:38:00,258.22629,258.35001,258.19,258.19,30591
2026-01-14 16:39:00,258.19,258.25989,258.07999,258.19,16867
2026-01-14 16:40:00,258.17999,258.185,258.04999,258.09,23640
2026-01-14 16:41:00,258.10001,258.1608,258.06021,258.06021,21954
2026-01-14 16:42:00,258.07001,258.07999,257.92999,257.92999,50562
2026-01-14 16:43:00,257.94,257.98999,257.79001,257.84,53508
2026-01-14 16:44:00,257.85001,257.9787,257.82001,257.88049,29190
2026-01-14 16:45:00,257.89001,257.9317,257.75,257.82101,38031
2026-01-14 16:46:00,257.80499,257.88,257.72,257.75,25142
2026-01-14 16:47:00,257.73001,257.84,257.63,257.63,46954
2026-01-14 16:48:00,257.64001,257.67001,257.56,257.62,37720
2026-01-14 16:49:00,257.64001,257.76001,257.48999,257.5,59605
2026-01-14 16:50:00,257.53,257.57999,257.43188,257.495,50375
2026-01-14 16:51:00,257.51001,257.51999,257.25,257.32999,48374
2026-01-14 16:52:00,257.32999,257.42999,257.31,257.31,40572
2026-01-14 16:53:00,257.32001,257.57001,257.32001,257.44,50130
2026-01-14 16:54:00,257.47,257.51501,257.38,257.42499,29255
2026-01-14 16:55:00,257.42499,257.47989,257.32001,257.47,32183
2026-01-14 16:56:00,257.45001,257.55499,257.45001,257.55499,22716
2026-01-14 16:57:00,257.53101,257.60999,257.52011,257.57001,24978
2026-01-14 16:58:00,257.59,257.66,257.54999,257.64499,30618
2026-01-14 16:59:00,257.64999,257.78439,257.64999,257.72,34135
2026-01-14 17:00:00,257.72,257.8259,257.63751,257.79999,31464
2026-01-14 17:01:00,257.81,257.84,257.70999,257.7851,42368
2026-01-14 17:02:00,257.78,257.81,257.72,257.8009,23196
2026-01-14 17:03:00,257.80099,257.905,257.78,257.89999,30752
2026-01-14 17:04:00,257.92001,257.92999,257.7247,257.75,39340
2026-01-14 17:05:00,257.76001,257.88,257.73001,257.86499,27552
2026-01-14 17:06:00,257.85501,257.91,257.78,257.91,22586
2026-01-14 17:07:00,257.92001,258.01999,257.92001,257.95001,41448
2026-01-14 17:08:00,257.95001,258.01001,257.91,258.0,29921
2026-01-14 17:09:00,258.0,258.04999,257.91,257.94901,37415
2026-01-14 17:10:00,257.94,257.9425,257.66,257.67001,26972
2026-01-14 17:11:00,257.67499,257.67999,257.54999,257.64001,34067
2026-01-14 17:12:00,257.64999,257.67999,257.54999,257.565,37580
2026-01-14 17:13:00,257.54999,257.62,257.47,257.5975,44317
2026-01-14 17:14:00,257.57751,257.5975,257.44,257.48999,30613
2026-01-14 17:15:00,257.5,257.51001,257.39499,257.405,23070
2026-01-14 17:16:00,257.41,257.42001,257.09,257.18451,65108
2026-01-14 17:17:00,257.19971,257.20499,257.10501,257.17001,24394
2026-01-14 17:18:00,257.17499,257.19,256.98001,257.04001,78073
2026-01-14 17:19:00,257.04001,257.14001,256.98001,257.07999,36911
2026-01-14 17:20:00,257.09,257.14001,257.0,257.01001,50980
2026-01-14 17:21:00,257.01001,257.04001,256.70999,256.95999,109595
2026-01-14 17:22:00,256.96011,257.04999,256.85501,257.01001,56536
2026-01-14 17:23:00,257.0,257.20999,256.98999,257.1499,63396
2026-01-14 17:24:00,257.13,257.32999,257.10001,257.28,32179
2026-01-14 17:25:00,257.28,257.32999,257.23999,257.2601,29214
2026-01-14 17:26:00,257.28,257.47,257.26999,257.43011,33736
2026-01-14 17:27:00,257.42999,257.54001,257.39001,257.5,40339
2026-01-14 17:28:00,257.48999,257.5,257.32001,257.32001,29896
2026-01-14 17:29:00,257.32501,257.39001,257.26501,257.38,24142
2026-01-14 17:30:00,257.39001,257.42001,257.33011,257.35001,30987
2026-01-14 17:31:00,257.35001,257.37,257.26501,257.28,25083
2026-01-14 17:32:00,257.29001,257.35999,257.15369,257.29001,47109
2026-01-14 17:33:00,257.28,257.37,257.22,257.22,25748
2026-01-14 17:34:00,257.23001,257.23001,257.14999,257.20001,21337
2026-01-14 17:35:00,257.20999,257.37,257.19,257.2305,24969
2026-01-14 17:36:00,257.23499,257.23499,257.12,257.19,25687
2026-01-14 17:37:00,257.19,257.2377,257.08499,257.2377,25612
2026-01-14 17:38:00,257.23499,257.23749,257.17001,257.18991,35355
2026-01-14 17:39:00,257.17001,257.26749,257.12,257.26001,27915
2026-01-14 17:40:00,257.25,257.26001,257.14999,257.19,21017
2026-01-14 17:41:00,257.14001,257.17999,257.07999,257.10999,25889
2026-01-14 17:42:00,257.12,257.12,257.04001,257.07501,21213
2026-01-14 17:43:00,257.07999,257.16821,257.06,257.14001,23528
2026-01-14 17:44:00,257.14999,257.23001,257.14499,257.23001,27244
2026-01-14 17:45:00,257.23001,257.34,257.20001,257.31,25784
2026-01-14 17:46:00,257.29999,257.56699,257.28,257.51999,25429
2026-01-14 17:47:00,257.51999,257.57501,257.505,257.54999,30365
2026-01-14 17:48:00,257.56149,257.715,257.55499,257.64999,36582
2026-01-14 17:49:00,257.64499,257.64999,257.5,257.5,23803
2026-01-14 17:50:00,257.5,257.5,257.16,257.16,32483
2026-01-14 17:51:00,257.16,257.285,257.11499,257.25,19781
2026-01-14 17:52:00,257.28,257.32001,257.23999,257.31659,15767
2026-01-14 17:53:00,257.32999,257.35449,257.285,257.34,14684
2026-01-14 17:54:00,257.35001,257.37,257.14999,257.16,35037
2026-01-14 17:55:00,257.16501,257.23318,257.14999,257.20999,20362
2026-01-14 17:56:00,257.23001,257.23001,257.14001,257.19,40386
2026-01-14 17:57:00,257.22,257.27991,257.17499,257.2301,23118
2026-01-14 17:58:00,257.23001,257.25,257.12,257.22,27970
2026-01-14 17:59:00,257.22,257.28,257.20499,257.26001,24629
2026-01-14 18:00:00,257.23001,257.39999,257.20001,257.37,21840
2026-01-14 18:01:00,257.37,257.39001,257.26999,257.28,26040
2026-01-14 18:02:00,257.26001,257.42001,257.25,257.37,21215
2026-01-14 18:03:00,257.35999,257.39499,257.27011,257.315,20355
2026-01-14 18:04:00,257.29999,257.3717,257.29001,257.32001,21221
2026-01-14 18:05:00,257.31,257.31,257.20999,257.23999,22148
2026-01-14 18:06:00,257.23999,257.255,257.095,257.22,27834
2026-01-14 18:07:00,257.21011,257.35001,257.19,257.32001,19088
2026-01-14 18:08:00,257.31,257.31,257.1575,257.17999,28718
2026-01-14 18:09:00,257.17999,257.19,257.10001,257.1413,21967
2026-01-14 18:10:00,257.13501,257.19,257.12,257.17001,20411
2026-01-14 18:11:00,257.155,257.20001,257.09,257.20001,25739
2026-01-14 18:12:00,257.20001,257.31,257.16,257.25009,42762
2026-01-14 18:13:00,257.25,257.26999,257.11011,257.13,36652
2026-01-14 18:14:00,257.13,257.26001,257.10001,257.17999,24168
2026-01-14 18:15:00,257.1702,257.1799,257.0896,257.12009,24756
2026-01-14 18:16:00,257.13,257.16,257.06,257.14001,25407
2026-01-14 18:17:00,257.14001,257.14999,256.97131,257.04999,43723
2026-01-14 18:18:00,257.07001,257.07999,256.94,256.995,29590
2026-01-14 18:19:00,256.995,257.04001,256.91,256.98999,28228
2026-01-14 18:20:00,257.0,257.10001,256.98001,257.06989,26991
2026-01-14 18:21:00,257.06989,257.10999,256.995,257.0965,27771
2026-01-14 18:22:00,257.10999,257.16101,257.06949,257.12,15059
2026-01-14 18:23:00,257.10999,257.16,257.06,257.14999,23782
2026-01-14 18:24:00,257.14001,257.26999,257.12,257.26999,43697
2026-01-14 18:25:00,257.2699,257.315,257.18719,257.30319,29398
2026-01-14 18:26:00,257.31,257.37,257.29999,257.35501,25743
2026-01-14 18:27:00,257.3501,257.45999,257.3201,257.44,18945
2026-01-14 18:28:00,257.42999,257.47,257.29001,257.39261,28531
2026-01-14 18:29:00,257.39001,257.53,257.39001,257.53,28309
2026-01-14 18:30:00,257.53,257.64001,257.51501,257.59,43483
2026-01-14 18:31:00,257.60001,257.67001,257.54001,257.54001,29700
2026-01-14 18:32:00,257.56,257.56,257.37,257.38,55412
2026-01-14 18:33:00,257.38,257.40991,257.32001,257.35001,25143
2026-01-14 18:34:00,257.35999,257.4454,257.35001,257.435,27185
2026-01-14 18:35:00,257.45001,257.47961,257.28,257.29501,22475
2026-01-14 18:36:00,257.29501,257.34,257.23001,257.34,32939
2026-01-14 18:37:00,257.32501,257.32501,257.14999,257.15009,40878
2026-01-14 18:38:00,257.15649,257.23001,257.05499,257.19501,19614
2026-01-14 18:39:00,257.19,257.32999,257.155,257.29999,19084
2026-01-14 18:40:00,257.315,257.51001,257.29999,257.47,22622
2026-01-14 18:41:00,257.47,257.6701,257.44009,257.64001,25162
2026-01-14 18:42:00,257.63,257.67999,257.57001,257.67001,32547
2026-01-14 18:43:00,257.67001,257.755,257.67001,257.71771,23187
2026-01-14 18:44:00,257.72,257.85999,257.70999,257.85999,17650
2026-01-14 18:45:00,257.87,257.95001,257.84,257.92499,42133
2026-01-14 18:46:00,257.9299,258.01999,257.89001,257.89001,32100
2026-01-14 18:47:00,257.8999,257.931,257.82999,257.92999,24674
2026-01-14 18:48:00,257.92999,257.94,257.66,257.69,23263
2026-01-14 18:49:00,257.69,257.72501,257.56,257.72,28893
2026-01-14 18:50:00,257.70999,257.84,257.69,257.84,17553
2026-01-14 18:51:00,257.82999,258.0,257.79831,257.92999,33642
2026-01-14 18:52:00,257.95999,258.01999,257.91,258.01999,29208
2026-01-14 18:53:00,258.03,258.10001,257.89999,257.89999,41787
2026-01-14 18:54:00,257.87411,258.05771,257.85999,258.03,23160
2026-01-14 18:55:00,258.01999,258.03,257.88,257.9317,28713
2026-01-14 18:56:00,257.92999,258.09,257.92001,258.008,20073
2026-01-14 18:57:00,257.98999,258.0412,257.87,258.0412,28982
2026-01-14 18:58:00,258.04251,258.06,257.92999,257.95001,34508
2026-01-14 18:59:00,257.9505,258.04999,257.9505,258.0,20228
2026-01-14 19:00:00,257.98999,257.98999,257.82001,257.92001,36066
2026-01-14 19:01:00,257.935,258.0,257.91,258.0,29938
2026-01-14 19:02:00,257.98001,257.98001,257.81,257.81,43676
2026-01-14 19:03:00,257.81,257.94,257.76999,257.8201,31178
2026-01-14 19:04:00,257.85001,257.89001,257.76001,257.82999,29254
2026-01-14 19:05:00,257.82001,257.82001,257.59,257.70621,31548
2026-01-14 19:06:00,257.69,257.79999,257.67001,257.73001,37767
2026-01-14 19:07:00,257.73999,257.73999,257.60999,257.65201,39433
2026-01-14 19:08:00,257.64999,257.67999,257.57001,257.66,36990
2026-01-14 19:09:00,257.64941,257.67001,257.53,257.64709,35996
2026-01-14 19:10:00,257.63,257.64999,257.54999,257.58499,19630
2026-01-14 19:11:00,257.57999,257.64999,257.57001,257.63501,19586
2026-01-14 19:12:00,257.63,257.67999,257.59,257.63,34979
2026-01-14 19:13:00,257.60999,257.63,257.51001,257.57001,38196
2026-01-14 19:14:00,257.58499,257.62,257.55719,257.62,26456
2026-01-14 19:15:00,257.61499,257.73001,257.57001,257.67969,31228
2026-01-14 19:16:00,257.6817,257.74991,257.64999,257.72,31824
2026-01-14 19:17:00,257.72,257.76501,257.565,257.57999,37096
2026-01-14 19:18:00,257.60001,257.70001,257.57999,257.67999,24705
2026-01-14 19:19:00,257.69,257.75989,257.66501,257.75989,32820
2026-01-14 19:20:00,257.75,257.89999,257.75,257.8201,43503
2026-01-14 19:21:00,257.82001,257.82751,257.71249,257.75,25329
2026-01-14 19:22:00,257.76001,257.89001,257.76001,257.83661,22206
2026-01-14 19:23:00,257.82001,257.82001,257.73999,257.75,18796
2026-01-14 19:24:00,257.73001,257.82581,257.70999,257.745,26124
2026-01-14 19:25:00,257.73999,257.82999,257.72,257.80499,31911
2026-01-14 19:26:00,257.79999,257.79999,257.76001,257.79001,25578
2026-01-14 19:27:00,257.85001,257.94,257.81,257.94,22659
2026-01-14 19:28:00,257.94031,257.94031,257.76001,257.79999,27883
2026-01-14 19:29:00,257.81,257.86499,257.79999,257.79999,18872
2026-01-14 19:30:00,257.79999,257.92999,257.79001,257.91,30059
2026-01-14 19:31:00,257.89999,258.03,257.89999,257.94,46953
2026-01-14 19:32:00,257.94,258.19101,257.92999,258.16501,45470
2026-01-14 19:33:00,258.17001,258.23999,258.14999,258.16,46876
2026-01-14 19:34:00,258.17999,258.20001,258.04999,258.07001,62244
2026-01-14 19:35:00,258.07999,258.19,258.04999,258.14001,43578
2026-01-14 19:36:00,258.14001,258.20001,258.12601,258.155,28919
2026-01-14 19:37:00,258.16,258.19199,258.14001,258.17001,19237
2026-01-14 19:38:00,258.16879,258.20999,258.10999,258.186,23213
2026-01-14 19:39:00,258.17999,258.29001,258.17899,258.22,31516
2026-01-14 19:40:00,258.25,258.41,258.25,258.345,50293
2026-01-14 19:41:00,258.35001,258.41,258.32999,258.36011,44342
2026-01-14 19:42:00,258.3699,258.42499,258.315,258.3602,36576
2026-01-14 19:43:00,258.38,258.4317,258.32999,258.35001,34410
2026-01-14 19:44:00,258.35001,258.35001,258.23001,258.32001,32541
2026-01-14 19:45:00,258.31,258.31699,258.20999,258.23499,37624
2026-01-14 19:46:00,258.22,258.30499,258.22,258.25131,21365
2026-01-14 19:47:00,258.245,258.32001,258.23001,258.28101,24600
2026-01-14 19:48:00,258.26999,258.38,258.26999,258.38,24400
2026-01-14 19:49:00,258.38,258.41129,258.34,258.35001,21835
2026-01-14 19:50:00,258.34811,258.48001,258.32999,258.44,27447
2026-01-14 19:51:00,258.41,258.44299,258.29999,258.42499,23997
2026-01-14 19:52:00,258.41,258.41,258.25,258.32001,26663
2026-01-14 19:53:00,258.32001,258.37,258.2605,258.2605,19563
2026-01-14 19:54:00,258.26001,258.31,258.23999,258.29471,22607
2026-01-14 19:55:00,258.29999,258.32001,258.20999,258.23001,31815
2026-01-14 19:56:00,258.23001,258.23999,258.10999,258.17999,34635
2026-01-14 19:57:00,258.16,258.20999,258.10999,258.14001,36379
2026-01-14 19:58:00,258.17001,258.17001,258.10001,258.14001,41261
2026-01-14 19:59:00,258.14999,258.26999,258.10999,258.26001,45752
2026-01-14 20:00:00,258.26501,258.32999,258.1438,258.1438,36090
2026-01-14 20:01:00,258.12689,258.23999,258.1134,258.20099,54613
2026-01-14 20:02:00,258.20999,258.69,258.20001,258.61011,115736
2026-01-14 20:03:00,258.64001,258.91,258.48999,258.85999,59564
2026-01-14 20:04:00,258.85999,259.0,258.73001,258.74951,52322
2026-01-14 20:05:00,258.71021,259.14999,258.67999,259.06,50375
2026-01-14 20:06:00,259.07999,259.39999,259.07001,259.37,46179
2026-01-14 20:07:00,259.375,259.42999,259.14999,259.39011,44771
2026-01-14 20:08:00,259.41931,259.54001,259.37,259.46021,53144
2026-01-14 20:09:00,259.48001,259.48999,259.29999,259.31,50031
2026-01-14 20:10:00,259.29999,259.41,259.26501,259.41,34858
2026-01-14 20:11:00,259.39001,259.62,259.38,259.51511,66961
2026-01-14 20:12:00,259.53,259.54999,259.39001,259.42001,43849
2026-01-14 20:13:00,259.39001,259.67181,259.39001,259.54001,42072
2026-01-14 20:14:00,259.53,259.53,259.39999,259.4201,45760
2026-01-14 20:15:00,259.41,259.47,259.29999,259.40829,55552
2026-01-14 20:16:00,259.41501,259.60999,259.35999,259.48349,48089
2026-01-14 20:17:00,259.48999,259.56,259.20001,259.29001,46027
2026-01-14 20:18:00,259.2999,259.405,259.26001,259.37,46203
2026-01-14 20:19:00,259.35001,259.51999,259.35001,259.39001,35515
2026-01-14 20:20:00,259.39999,259.54999,259.37,259.51001,35455
2026-01-14 20:21:00,259.5101,259.62,259.5,259.53671,40772
2026-01-14 20:22:00,259.51999,259.60999,259.48999,259.54001,8189485
2026-01-14 20:23:00,259.54999,259.67999,259.54999,259.66,3470
2026-01-14 20:24:00,259.65521,259.78,259.63501,259.76001,42937
2026-01-14 20:25:00,259.75,259.85001,259.68011,259.81671,34711
2026-01-14 20:26:00,259.81,259.92999,259.79999,259.87,45472
2026-01-14 20:27:00,259.88,259.9064,259.75,259.78989,48211
2026-01-14 20:28:00,259.79001,259.87451,259.78,259.85999,26240
2026-01-14 20:29:00,259.87991,259.98001,259.79999,259.97,47018
2026-01-14 20:30:00,259.98001,260.09,259.95999,260.07999,72505
2026-01-14 20:31:00,260.07999,260.22,260.01501,260.13,52843
2026-01-14 20:32:00,260.13,260.37,260.13,260.3501,70369
2026-01-14 20:33:00,260.38,260.47,260.26999,260.37,78462
2026-01-14 20:34:00,260.37,260.47,260.32999,260.35501,56494
2026-01-14 20:35:00,260.3566,260.54999,260.35419,260.44,62614
2026-01-14 20:36:00,260.45001,260.60001,260.44,260.53,85742
2026-01-14 20:37:00,260.53,260.53079,260.14999,260.14999,62038
2026-01-14 20:38:00,260.17001,260.35999,260.17001,260.29001,60117
2026-01-14 20:39:00,260.29001,260.29001,260.14001,260.22,42193
2026-01-14 20:40:00,260.22989,260.41501,260.22961,260.32001,64016
2026-01-14 20:41:00,260.32501,260.39249,260.01001,260.07999,70072
2026-01-14 20:42:00,260.07001,260.14001,259.97,260.13171,56600
2026-01-14 20:43:00,260.13,260.17001,259.98999,260.01999,40699
2026-01-14 20:44:00,260.01501,260.14999,260.01001,260.07999,34663
2026-01-14 20:45:00,260.07999,260.23999,260.0,260.04999,85720
2026-01-14 20:46:00,260.02991,260.14001,259.98999,260.10999,43190
2026-01-14 20:47:00,260.07001,260.10501,260.01999,260.07001,38173
2026-01-14 20:48:00,260.0799,260.09,259.79001,259.82999,92244
2026-01-14 20:49:00,259.84,259.95999,259.81,259.845,53844
2026-01-14 20:50:00,259.85001,259.95999,259.29001,259.32999,143500
2026-01-14 20:51:00,259.31,259.48001,259.06,259.22,101895
2026-01-14 20:52:00,259.20999,259.23001,258.73499,258.745,147011
2026-01-14 20:53:00,258.76001,259.0,258.68411,258.98999,130386
2026-01-14 20:54:00,258.98001,259.38,258.89999,259.10999,178158
2026-01-14 20:55:00,259.16,259.73999,259.16,259.69009,11051208
2026-01-14 20:56:00,259.69,259.82001,259.67999,259.79001,14896
2026-01-14 20:57:00,259.78,259.98001,259.76001,259.92999,145567
2026-01-14 20:58:00,259.95001,259.97,259.82999,259.85999,226933
2026-01-14 20:59:00,259.85001,260.19,259.82999,259.95001,11958216
2026-01-15 14:30:00,260.64999,260.82001,260.38,260.43011,977295
2026-01-15 14:31:00,260.435,261.01999,260.14999,260.82001,205976
2026-01-15 14:32:00,260.78,260.82779,260.16901,260.55209,75709
2026-01-15 14:33:00,260.56,260.66,260.12,260.34851,83546
2026-01-15 14:34:00,260.345,260.67499,260.17999,260.62,78648
2026-01-15 14:35:00,260.67001,260.78,260.29001,260.64999,61900
2026-01-15 14:36:00,260.64999,261.03,260.64999,260.936,101721
2026-01-15 14:37:00,260.94,260.97,260.62,260.76001,88759
2026-01-15 14:38:00,260.78,260.9462,260.64001,260.67001,71191
2026-01-15 14:39:00,260.70999,260.75,260.465,260.465,130018
2026-01-15 14:40:00,260.39999,260.51001,259.92999,259.94489,94108
2026-01-15 14:41:00,259.97,260.03,259.85001,259.95499,95600
2026-01-15 14:42:00,259.95499,260.32999,259.78,260.16,178621
2026-01-15 14:43:00,260.17001,260.29001,260.07001,260.16,75644
2026-01-15 14:44:00,260.17001,260.72009,260.06,260.69,180836
2026-01-15 14:45:00,260.69501,260.98001,260.39999,260.42999,140659
2026-01-15 14:46:00,260.35501,260.42499,259.95999,260.01999,72707
2026-01-15 14:47:00,260.0191,260.44949,259.98001,260.42001,63183
2026-01-15 14:48:00,260.41171,260.51001,260.28,260.41919,42576
2026-01-15 14:49:00,260.41501,260.41501,260.17499,260.35999,46169
2026-01-15 14:50:00,260.38,260.54001,260.17001,260.22501,46274
2026-01-15 14:51:00,260.22,260.23001,259.98999,260.06,49751
2026-01-15 14:52:00,260.1167,260.245,259.98999,260.01001,63323
2026-01-15 14:53:00,260.0,260.16,259.92001,260.07001,81822
2026-01-15 14:54:00,260.06,260.14511,259.62,259.92001,104987
2026-01-15 14:55:00,259.95999,260.20999,259.91,260.14999,62277
2026-01-15 14:56:00,260.16,260.37,260.095,260.22,53097
2026-01-15 14:57:00,260.22,260.41989,260.14999,260.14999,52977
2026-01-15 14:58:00,260.17499,260.25,259.98001,260.10999,45927
2026-01-15 14:59:00,260.17249,260.3876,260.0,260.17999,67037
2026-01-15 15:00:00,260.09,260.32999,259.95001,260.09,83597
2026-01-15 15:01:00,260.06,260.22,259.91,259.92001,91189
2026-01-15 15:02:00,259.91501,260.14999,259.89999,260.07001,69205
2026-01-15 15:03:00,260.07001,260.20499,259.98999,260.01001,42510
2026-01-15 15:04:00,260.01001,260.53,259.98001,260.4899,80767
2026-01-15 15:05:00,260.5,260.56,260.42999,260.51001,67404
2026-01-15 15:06:00,260.48001,260.54001,260.17999,260.26001,48908
2026-01-15 15:07:00,260.25,260.47339,260.23001,260.465,43332
2026-01-15 15:08:00,260.47,260.57001,260.25,260.26001,64520
2026-01-15 15:09:00,260.29999,260.32001,260.14059,260.22,66906
2026-01-15 15:10:00,260.23001,260.5,260.20999,260.35999,76370
2026-01-15 15:11:00,260.37,260.39001,260.14999,260.35999,38771
2026-01-15 15:12:00,260.35999,260.41,260.0824,260.1308,63565
2026-01-15 15:13:00,260.14001,260.28,260.08499,260.17999,43019
2026-01-15 15:14:00,260.17001,260.35001,260.14999,260.23999,40850
2026-01-15 15:15:00,260.29001,260.29001,260.06,260.15421,45499
2026-01-15 15:16:00,260.14999,260.17001,259.89999,259.95999,73261
2026-01-15 15:17:00,259.95001,260.26999,259.91,260.14001,74529
2026-01-15 15:18:00,260.14999,260.38,260.09,260.35001,28190
2026-01-15 15:19:00,260.35501,260.44,260.31,260.32001,36234
2026-01-15 15:20:00,260.35001,260.42999,260.20999,260.29001,27170
2026-01-15 15:21:00,260.26999,260.26999,260.14001,260.14001,45522
2026-01-15 15:22:00,260.14999,260.35501,260.1366,260.26999,39326
2026-01-15 15:23:00,260.30801,260.35001,260.12,260.34,28856
2026-01-15 15:24:00,260.35999,260.48001,260.25,260.255,43413
2026-01-15 15:25:00,260.23999,260.23999,260.12,260.17999,24162
2026-01-15 15:26:00,260.17001,260.47,260.17001,260.409,26163
2026-01-15 15:27:00,260.42499,260.67001,260.41,260.64001,47924
2026-01-15 15:28:00,260.66,260.67999,260.3201,260.33499,52970
2026-01-15 15:29:00,260.30099,260.35001,260.1001,260.1001,39670
2026-01-15 15:30:00,260.14001,260.21991,260.04999,260.21991,46532
2026-01-15 15:31:00,260.215,260.47,260.215,260.41,47563
2026-01-15 15:32:00,260.4162,260.48499,260.32999,260.41,44078
2026-01-15 15:33:00,260.41,260.42001,260.29279,260.39001,34612
2026-01-15 15:34:00,260.405,260.64001,260.405,260.64001,38273
2026-01-15 15:35:00,260.6301,260.67999,260.45001,260.48999,48093
2026-01-15 15:36:00,260.44,260.54001,260.38501,260.39081,25247
2026-01-15 15:37:00,260.38501,260.42001,260.26001,260.35001,40376
2026-01-15 15:38:00,260.35001,260.41989,260.26999,260.31,51123
2026-01-15 15:39:00,260.315,260.35001,260.20999,260.29001,40290
2026-01-15 15:40:00,260.26501,260.5,260.26001,260.44,95136
2026-01-15 15:41:00,260.42999,260.69,260.39999,260.67001,63475
2026-01-15 15:42:00,260.685,260.7851,260.56,260.57001,59715
2026-01-15 15:43:00,260.54089,260.54089,260.14999,260.17999,38674
2026-01-15 15:44:00,260.16,260.17999,259.91,259.95499,68840
2026-01-15 15:45:00,259.92999,259.98999,259.85999,259.935,53603
2026-01-15 15:46:00,259.92001,259.97,259.69,259.7692,61807
2026-01-15 15:47:00,259.76999,259.90619,259.76999,259.87,28541
2026-01-15 15:48:00,259.87,259.88339,259.59,259.64001,44331
2026-01-15 15:49:00,259.64499,259.66,259.53,259.57999,38051
2026-01-15 15:50:00,259.59,259.60999,259.39999,259.42001,58291
2026-01-15 15:51:00,259.435,259.51999,259.42001,259.45999,47024
2026-01-15 15:52:00,259.44,259.51999,259.29999,259.34009,51108
2026-01-15 15:53:00,259.34,259.47,259.32999,259.47,41764
2026-01-15 15:54:00,259.48001,259.74521,259.48001,259.56,42724
2026-01-15 15:55:00,259.59,259.60999,259.44,259.45001,35200
2026-01-15 15:56:00,259.44501,259.44501,259.19,259.41,86538
2026-01-15 15:57:00,259.41,259.88,259.38129,259.67999,66719
2026-01-15 15:58:00,259.685,259.75,259.64001,259.70001,46152
2026-01-15 15:59:00,259.67001,259.965,259.655,259.92999,50167
2026-01-15 16:00:00,259.95999,259.95999,259.73999,259.78989,59299
2026-01-15 16:01:00,259.77499,259.9046,259.75,259.85999,50952
2026-01-15 16:02:00,259.9093,260.0,259.89001,259.97,41156
2026-01-15 16:03:00,260.0,260.12,259.98001,260.06,53363
2026-01-15 16:04:00,260.0625,260.20001,259.98999,260.19989,72468
2026-01-15 16:05:00,260.23001,260.23999,260.10001,260.215,32930
2026-01-15 16:06:00,260.215,260.23001,260.06,260.08499,32860
2026-01-15 16:07:00,260.0925,260.13,259.98999,260.01999,22312
2026-01-15 16:08:00,260.03,260.12,259.92999,260.10001,55748
2026-01-15 16:09:00,260.10501,260.17999,259.95999,260.12079,101615
2026-01-15 16:10:00,260.10999,260.17999,260.10001,260.14001,31718
2026-01-15 16:11:00,260.17001,260.17001,260.01999,260.01999,37445
2026-01-15 16:12:00,260.01999,260.14999,259.89499,260.10001,40885
2026-01-15 16:13:00,260.09,260.11499,259.95001,259.95001,41597
2026-01-15 16:14:00,259.95999,259.98499,259.85001,259.88,33933
2026-01-15 16:15:00,259.87,259.92001,259.79001,259.85999,62331
2026-01-15 16:16:00,259.87,260.07999,259.83499,260.04001,55702
2026-01-15 16:17:00,260.03,260.17999,260.01001,260.16,34622
2026-01-15 16:18:00,260.1637,260.29999,260.13,260.13,48791
2026-01-15 16:19:00,260.13,260.17499,260.06,260.14001,39237
2026-01-15 16:20:00,260.14999,260.19,260.06,260.13089,29408
2026-01-15 16:21:00,260.13,260.38501,260.13,260.35001,35129
2026-01-15 16:22:00,260.3381,260.39999,260.26999,260.39001,40281
2026-01-15 16:23:00,260.39099,260.56,260.38,260.47,39213
2026-01-15 16:24:00,260.45999,260.48999,260.3501,260.3501,30928
2026-01-15 16:25:00,260.37,260.405,260.31,260.39499,25222
2026-01-15 16:26:00,260.39999,260.39999,260.26001,260.33499,34512
2026-01-15 16:27:00,260.32001,260.42001,260.31,260.42001,34386
2026-01-15 16:28:00,260.45001,260.53,260.45001,260.5,37359
2026-01-15 16:29:00,260.51001,260.60001,260.47,260.495,45795
2026-01-15 16:30:00,260.5,260.53,260.32999,260.34,31077
2026-01-15 16:31:00,260.35001,260.54001,260.32999,260.48999,33841
2026-01-15 16:32:00,260.51001,260.56,260.42001,260.51001,46373
2026-01-15 16:33:00,260.51501,260.51501,260.39999,260.45999,20983
2026-01-15 16:34:00,260.465,260.48001,260.32001,260.35001,27267
2026-01-15 16:35:00,260.35001,260.47,260.29001,260.44,26217
2026-01-15 16:36:00,260.45001,260.6199,260.44,260.56,43477
2026-01-15 16:37:00,260.56,260.60501,260.45911,260.5,37221
2026-01-15 16:38:00,260.48001,260.495,260.44009,260.45001,21285
2026-01-15 16:39:00,260.45999,260.48999,260.42999,260.42999,28062
2026-01-15 16:40:00,260.44501,260.54001,260.39999,260.51999,37642
2026-01-15 16:41:00,260.52499,260.63,260.45001,260.55011,33958
2026-01-15 16:42:00,260.54999,260.57999,260.41,260.54999,39643
2026-01-15 16:43:00,260.53009,260.57001,260.45499,260.48001,44495
2026-01-15 16:44:00,260.48999,260.54999,260.44,260.54001,33698
2026-01-15 16:45:00,260.54001,260.54999,260.41,260.41,34011
2026-01-15 16:46:00,260.39999,260.45001,260.33179,260.38,43150
2026-01-15 16:47:00,260.39001,260.42029,260.35999,260.37,23837
2026-01-15 16:48:00,260.39999,260.42999,260.34,260.42999,31421
2026-01-15 16:49:00,260.41,260.41,260.32001,260.35001,39951
2026-01-15 16:50:00,260.35001,260.39999,260.26501,260.39001,28782
2026-01-15 16:51:00,260.39001,260.54001,260.39001,260.48999,48340
2026-01-15 16:52:00,260.48999,260.51501,260.42999,260.51501,25483
2026-01-15 16:53:00,260.51999,260.51999,260.34,260.42001,30033
2026-01-15 16:54:00,260.41,260.41,260.28,260.35001,28473
2026-01-15 16:55:00,260.34,260.34,260.19089,260.20999,27225
2026-01-15 16:56:00,260.22241,260.23001,260.10999,260.12,28714
2026-01-15 16:57:00,260.125,260.13,259.95999,260.02499,67273
2026-01-15 16:58:00,260.0246,260.03,259.9201,259.94751,64475
2026-01-15 16:59:00,259.98999,260.01001,259.92001,259.98499,39336
2026-01-15 17:00:00,259.97,260.17001,259.94,260.17001,63232
2026-01-15 17:01:00,260.18781,260.18781,260.07999,260.07999,59349
2026-01-15 17:02:00,260.09,260.17499,260.04999,260.07001,51405
2026-01-15 17:03:00,260.07001,260.12,260.0,260.01749,25055
2026-01-15 17:04:00,260.01999,260.05499,260.0,260.04999,37442
2026-01-15 17:05:00,260.04501,260.06,260.01001,260.04001,25083
2026-01-15 17:06:00,260.03,260.06,259.97198,260.04501,24005
2026-01-15 17:07:00,260.04999,260.1572,260.04001,260.1572,23431
2026-01-15 17:08:00,260.14999,260.23999,260.14001,260.1701,29428
2026-01-15 17:09:00,260.20001,260.285,260.17001,260.17001,79411
2026-01-15 17:10:00,260.17001,260.20001,260.07999,260.13,39993
2026-01-15 17:11:00,260.14749,260.17999,260.04999,260.07001,18933
2026-01-15 17:12:00,260.07001,260.12,260.01001,260.10999,19641
2026-01-15 17:13:00,260.13501,260.16989,260.01999,260.06,30157
2026-01-15 17:14:00,260.07001,260.09991,259.99301,260.01999,20526
2026-01-15 17:15:00,260.0192,260.07999,260.01001,260.01999,17427
2026-01-15 17:16:00,260.04001,260.07501,260.01999,260.04001,20858
2026-01-15 17:17:00,260.04001,260.12,260.04001,260.10999,28893
2026-01-15 17:18:00,260.10999,260.14999,260.04501,260.14001,30650
2026-01-15 17:19:00,260.13,260.20001,260.12,260.1427,24763
2026-01-15 17:20:00,260.14499,260.14499,260.01501,260.06,24197
2026-01-15 17:21:00,260.06,260.07001,259.98999,260.0,27772
2026-01-15 17:22:00,260.0,260.03061,259.97501,259.9758,19779
2026-01-15 17:23:00,259.97,260.03,259.95999,260.01001,18668
2026-01-15 17:24:00,260.0,260.03,259.92001,260.01999,35167
2026-01-15 17:25:00,260.01001,260.06,259.98001,260.02011,21295
2026-01-15 17:26:00,260.03,260.03091,259.80371,259.85999,56276
2026-01-15 17:27:00,259.85001,259.89999,259.73999,259.73999,43480
2026-01-15 17:28:00,259.75,259.75,259.62,259.62,40991
2026-01-15 17:29:00,259.60999,259.60999,259.29999,259.32999,99608
2026-01-15 17:30:00,259.34,259.39999,259.22,259.23001,67968
2026-01-15 17:31:00,259.23001,259.29401,259.14001,259.17999,65396
2026-01-15 17:32:00,259.17999,259.20499,259.10999,259.14999,81736
2026-01-15 17:33:00,259.14001,259.23679,259.13,259.17499,80456
2026-01-15 17:34:00,259.17499,259.19,258.95999,258.965,167039
2026-01-15 17:35:00,258.97,258.98999,258.0,258.42001,366917
2026-01-15 17:36:00,258.42499,258.79999,258.35001,258.60999,70371
2026-01-15 17:37:00,258.60999,258.73001,258.54999,258.73001,61885
2026-01-15 17:38:00,258.73999,259.04001,258.72049,258.95999,48913
2026-01-15 17:39:00,258.95999,259.25,258.95999,259.20999,39645
2026-01-15 17:40:00,259.19,259.19,259.0,259.0,4294148
2026-01-15 17:41:00,259.0,259.04999,258.89999,258.91,3348
2026-01-15 17:42:00,258.92001,258.95999,258.73999,258.83749,38110
2026-01-15 17:43:00,258.84,259.01001,258.81,258.965,22409
2026-01-15 17:44:00,258.95999,259.01001,258.89999,258.99011,26583
2026-01-15 17:45:00,258.98999,259.04001,258.89999,258.94,30932
2026-01-15 17:46:00,258.94,259.04999,258.905,259.04999,32670
2026-01-15 17:47:00,259.04999,259.06,258.94,259.04251,22201
2026-01-15 17:48:00,259.0368,259.13501,259.01001,259.04001,28945
2026-01-15 17:49:00,259.04001,259.04999,258.84,258.92999,45225
2026-01-15 17:50:00,258.89999,258.95001,258.85999,258.92499,21568
2026-01-15 17:51:00,258.95001,259.04501,258.935,258.98999,27932
2026-01-15 17:52:00,258.98181,259.04001,258.94,258.97,34890
2026-01-15 17:53:00,258.98999,259.13,258.97,259.10999,28284
2026-01-15 17:54:00,259.10001,259.12,259.06,259.065,26362
2026-01-15 17:55:00,259.06,259.15521,259.01019,259.10501,46417
2026-01-15 17:56:00,259.10501,259.17001,259.07001,259.07199,35645
2026-01-15 17:57:00,259.065,259.17001,259.06,259.13,28357
2026-01-15 17:58:00,259.14001,259.17999,259.07001,259.07959,21598
2026-01-15 17:59:00,259.0603,259.06189,258.89999,258.94,28505
2026-01-15 18:00:00,258.92001,259.03,258.89999,258.94,18856
2026-01-15 18:01:00,258.94,259.01001,258.91,258.965,28155
2026-01-15 18:02:00,258.97,259.07999,258.94,259.04001,16728
2026-01-15 18:03:00,259.04999,259.06,258.95001,259.01511,19758
2026-01-15 18:04:00,259.0,259.05499,259.0,259.0,19793
2026-01-15 18:05:00,258.98999,259.04001,258.935,259.01001,19009
2026-01-15 18:06:00,259.01251,259.13,259.01251,259.12,22925
2026-01-15 18:07:00,259.125,259.13,259.0,259.04501,31060
2026-01-15 18:08:00,259.04999,259.17999,259.03,259.13501,30946
2026-01-15 18:09:00,259.14999,259.17999,259.1001,259.13,16453
2026-01-15 18:10:00,259.14001,259.22989,259.14001,259.20001,44486
2026-01-15 18:11:00,259.20001,259.28,259.14001,259.19,38279
2026-01-15 18:12:00,259.17999,259.20999,259.10001,259.185,27613
2026-01-15 18:13:00,259.20001,259.26999,259.18011,259.23001,32062
2026-01-15 18:14:00,259.23001,259.241,259.06,259.16,28174
2026-01-15 18:15:00,259.17999,259.23999,259.07999,259.14001,25276
2026-01-15 18:16:00,259.14001,259.20999,259.09,259.2001,11621
2026-01-15 18:17:00,259.20999,259.24991,259.10999,259.10999,21529
2026-01-15 18:18:00,259.10999,259.22501,259.07999,259.215,24936
2026-01-15 18:19:00,259.25,259.34,259.215,259.32999,40245
2026-01-15 18:20:00,259.33499,259.48001,259.31,259.4458,31402
2026-01-15 18:21:00,259.44,259.44,259.35999,259.40701,25019
2026-01-15 18:22:00,259.42001,259.42999,259.26999,259.33011,25827
2026-01-15 18:23:00,259.34189,259.38501,259.31009,259.35999,31444
2026-01-15 18:24:00,259.38501,259.48001,259.38,259.44,31759
2026-01-15 18:25:00,259.44501,259.45001,259.39999,259.42001,27167
2026-01-15 18:26:00,259.44989,259.44989,259.31,259.35001,26164
2026-01-15 18:27:00,259.35001,259.42999,259.35001,259.37381,17279
2026-01-15 18:28:00,259.36011,259.54001,259.36011,259.491,33688
2026-01-15 18:29:00,259.51501,259.565,259.5,259.53,25881
2026-01-15 18:30:00,259.54999,259.57001,259.51999,259.56339,26990
2026-01-15 18:31:00,259.56,259.60001,259.505,259.52499,36107
2026-01-15 18:32:00,259.51001,259.54001,259.48792,259.5,20204
2026-01-15 18:33:00,259.495,259.56,259.47,259.53,18662
2026-01-15 18:34:00,259.53009,259.60001,259.51001,259.54501,52307
2026-01-15 18:35:00,259.56,259.625,259.56,259.60001,29486
2026-01-15 18:36:00,259.57001,259.57999,259.51999,259.53,24284
2026-01-15 18:37:00,259.51999,259.75,259.51999,259.72,47920
2026-01-15 18:38:00,259.70999,259.70999,259.62,259.62,28395
2026-01-15 18:39:00,259.62009,259.63,259.54999,259.61011,27335
2026-01-15 18:40:00,259.62051,259.655,259.59,259.63,20438
2026-01-15 18:41:00,259.62,259.62,259.54001,259.58499,29732
2026-01-15 18:42:00,259.59,259.66501,259.573,259.64999,18465
2026-01-15 18:43:00,259.66,259.73001,259.595,259.595,36566
2026-01-15 18:44:00,259.60999,259.66,259.60999,259.66,21402
2026-01-15 18:45:00,259.64999,259.66,259.5788,259.64499,20078
2026-01-15 18:46:00,259.64999,259.66,259.5,259.59,25304
2026-01-15 18:47:00,259.60001,259.65079,259.52499,259.6301,36497
2026-01-15 18:48:00,259.64001,259.65991,259.56,259.56,20435
2026-01-15 18:49:00,259.57001,259.64001,259.56009,259.60999,16076
2026-01-15 18:50:00,259.59,259.59,259.51999,259.54501,26852
2026-01-15 18:51:00,259.54001,259.54001,259.45001,259.51001,27915
2026-01-15 18:52:00,259.5,259.55331,259.5,259.51001,33167
2026-01-15 18:53:00,259.51501,259.56,259.48499,259.505,21257
2026-01-15 18:54:00,259.51001,259.54999,259.5,259.52499,15153
2026-01-15 18:55:00,259.52011,259.54001,259.46121,259.50919,21462
2026-01-15 18:56:00,259.5199,259.53,259.32001,259.32001,35181
2026-01-15 18:57:00,259.32999,259.35999,259.23001,259.26999,29291
2026-01-15 18:58:00,259.285,259.34,259.26001,259.26999,19454
2026-01-15 18:59:00,259.28,259.28,259.22,259.23001,27649
2026-01-15 19:00:00,259.22,259.22,259.14001,259.16,34842
2026-01-15 19:01:00,259.16,259.17999,259.04999,259.05499,34802
2026-01-15 19:02:00,259.04999,259.07001,258.82001,258.85999,34914
2026-01-15 19:03:00,258.87,258.87271,258.73001,258.77451,52991
2026-01-15 19:04:00,258.76999,258.80499,258.67499,258.76501,40855
2026-01-15 19:05:00,258.75,258.76001,258.45999,258.63501,62732
2026-01-15 19:06:00,258.64001,258.73001,258.53,258.57999,39072
2026-01-15 19:07:00,258.57999,258.75989,258.57999,258.63,32213
2026-01-15 19:08:00,258.629,258.72,258.60001,258.63,25613
2026-01-15 19:09:00,258.63,258.685,258.56,258.685,35660
2026-01-15 19:10:00,258.69989,258.79999,258.67279,258.755,28741
2026-01-15 19:11:00,258.76001,258.80151,258.72,258.80151,20603
2026-01-15 19:12:00,258.79999,258.88,258.75,258.77499,35384
2026-01-15 19:13:00,258.78,258.79999,258.7001,258.71991,27425
2026-01-15 19:14:00,258.70999,258.72,258.60001,258.64001,31808
2026-01-15 19:15:00,258.64001,258.66,258.51999,258.51999,43350
2026-01-15 19:16:00,258.535,258.64999,258.5,258.64999,43700
2026-01-15 19:17:00,258.64999,258.70001,258.5,258.535,32506
2026-01-15 19:18:00,258.53,258.63,258.50159,258.54001,44791
2026-01-15 19:19:00,258.53,258.54999,258.38,258.42001,70724
2026-01-15 19:20:00,258.39999,258.44,258.32999,258.44,37418
2026-01-15 19:21:00,258.44,258.7399,258.44,258.7399,48253
2026-01-15 19:22:00,258.72,258.72,258.42999,258.43079,34871
2026-01-15 19:23:00,258.42999,258.49539,258.39001,258.49539,49761
2026-01-15 19:24:00,258.5,258.56,258.47,258.56,33265
2026-01-15 19:25:00,258.56,258.59,258.5,258.51001,36663
2026-01-15 19:26:00,258.51999,258.53,258.3201,258.32999,43707
2026-01-15 19:27:00,258.32999,258.45999,258.26001,258.405,40500
2026-01-15 19:28:00,258.39999,258.41501,258.29501,258.41,30677
2026-01-15 19:29:00,258.39999,258.4606,258.29001,258.32001,61943
2026-01-15 19:30:00,258.34341,258.45001,258.26501,258.26501,72050
2026-01-15 19:31:00,258.26999,258.26999,258.09,258.13501,52240
2026-01-15 19:32:00,258.12991,258.17999,258.06,258.12991,77758
2026-01-15 19:33:00,258.10001,258.34,258.06,258.25,67870
2026-01-15 19:34:00,258.23001,258.30099,258.19031,258.26001,40311
2026-01-15 19:35:00,258.28,258.32999,258.22,258.25009,33070
2026-01-15 19:36:00,258.26001,258.34,258.16,258.19009,51877
2026-01-15 19:37:00,258.22,258.26999,258.16501,258.19501,32209
2026-01-15 19:38:00,258.17001,258.17999,257.92999,257.92999,92795
2026-01-15 19:39:00,257.92999,257.995,257.72,257.815,65299
2026-01-15 19:40:00,257.81,257.92499,257.76001,257.82999,50316
2026-01-15 19:41:00,257.82999,257.92001,257.79999,257.87061,37994
2026-01-15 19:42:00,257.87009,257.87009,257.6601,257.72,54976
2026-01-15 19:43:00,257.7045,257.78,257.69,257.72,49842
2026-01-15 19:44:00,257.715,257.76001,257.67001,257.69989,71847
2026-01-15 19:45:00,257.69,257.69,257.51999,257.65009,66455
2026-01-15 19:46:00,257.66501,257.79999,257.60999,257.78922,55862
2026-01-15 19:47:00,257.77039,257.89999,257.76001,257.89001,92622
2026-01-15 19:48:00,257.88,257.97989,257.81,257.95999,85237
2026-01-15 19:49:00,257.97,258.01001,257.90009,257.92001,50364
2026-01-15 19:50:00,257.92001,258.10001,257.8233,258.09,59127
2026-01-15 19:51:00,258.07001,258.125,258.01999,258.10999,55017
2026-01-15 19:52:00,258.09,258.1246,257.98001,257.98001,35715
2026-01-15 19:53:00,257.98001,258.06,257.98001,258.04999,29763
2026-01-15 19:54:00,258.03,258.04999,257.95001,257.98499,30798
2026-01-15 19:55:00,257.9765,257.98001,257.73999,257.75,32690
2026-01-15 19:56:00,257.77991,257.77991,257.56,257.56,61116
2026-01-15 19:57:00,257.565,257.66,257.5,257.54001,53989
2026-01-15 19:58:00,257.53,257.57999,257.51001,257.55499,45254
2026-01-15 19:59:00,257.57999,257.66,257.53,257.60999,42769
2026-01-15 20:00:00,257.60001,257.71109,257.39001,257.66,75658
2026-01-15 20:01:00,257.67001,257.69,257.60999,257.69,28311
2026-01-15 20:02:00,257.67999,257.67999,257.54001,257.60001,49847
2026-01-15 20:03:00,257.60001,257.67001,257.46921,257.66,54621
2026-01-15 20:04:00,257.69,257.78989,257.62,257.63,43378
2026-01-15 20:05:00,257.64999,257.73999,257.59,257.73999,37422
2026-01-15 20:06:00,257.75009,257.79999,257.64001,257.66,46932
2026-01-15 20:07:00,257.64999,257.70999,257.62,257.63,46314
2026-01-15 20:08:00,257.63,257.70001,257.62,257.66,23755
2026-01-15 20:09:00,257.64001,257.76501,257.64001,257.67999,24606
2026-01-15 20:10:00,257.67999,257.70001,257.51999,257.655,40605
2026-01-15 20:11:00,257.66,257.66,257.54001,257.63,28654
2026-01-15 20:12:00,257.62,257.64999,257.57999,257.63901,28226
2026-01-15 20:13:00,257.64001,257.78,257.64001,257.73001,38144
2026-01-15 20:14:00,257.72,257.72,257.40921,257.40921,71865
2026-01-15 20:15:00,257.38,257.47,257.34,257.45499,74834
2026-01-15 20:16:00,257.48999,257.56,257.42999,257.51001,28242
2026-01-15 20:17:00,257.5,257.51001,257.3566,257.42999,38959
2026-01-15 20:18:00,257.42999,257.53,257.39499,257.51999,37971
2026-01-15 20:19:00,257.5101,257.52499,257.27539,257.28,74324
2026-01-15 20:20:00,257.26999,257.29999,257.14499,257.29001,59664
2026-01-15 20:21:00,257.29001,257.32199,257.04999,257.26001,50874
2026-01-15 20:22:00,257.26001,257.39001,257.23999,257.29001,62615
2026-01-15 20:23:00,257.31,257.39001,257.20001,257.25,61085
2026-01-15 20:24:00,257.24991,257.29001,257.17001,257.23499,66644
2026-01-15 20:25:00,257.23999,257.25,257.10999,257.17001,80184
2026-01-15 20:26:00,257.17001,257.26001,257.12,257.17999,48927
2026-01-15 20:27:00,257.17001,257.37,257.14001,257.32001,35240
2026-01-15 20:28:00,257.32001,257.56,257.30011,257.53,79495
2026-01-15 20:29:00,257.53,257.67001,257.45999,257.67001,73638
2026-01-15 20:30:00,257.6575,257.67001,257.45001,257.57999,52547
2026-01-15 20:31:00,257.59,257.63,257.35001,257.39999,50842
2026-01-15 20:32:00,257.38501,257.44,257.35999,257.44,39283
2026-01-15 20:33:00,257.42969,257.4469,257.36499,257.42999,70236
2026-01-15 20:34:00,257.42999,257.51001,257.39499,257.4921,60261
2026-01-15 20:35:00,257.48001,257.5,257.41,257.44229,47801
2026-01-15 20:36:00,257.45001,257.51999,257.39999,257.41,44503
2026-01-15 20:37:00,257.39999,257.48001,257.35999,257.45251,57210
2026-01-15 20:38:00,257.44,257.44,257.285,257.285,62450
2026-01-15 20:39:00,257.28,257.41,257.23499,257.37,50897
2026-01-15 20:40:00,257.38,257.47,257.35999,257.44,93127
2026-01-15 20:41:00,257.44,257.47,257.35999,257.37991,52692
2026-01-15 20:42:00,257.375,257.595,257.35001,257.57001,47865
2026-01-15 20:43:00,257.56,257.64999,257.44009,257.44501,33667
2026-01-15 20:44:00,257.44009,257.47,257.37,257.4512,36322
2026-01-15 20:45:00,257.45999,257.59,257.44,257.54501,48722
2026-01-15 20:46:00,257.54001,257.62961,257.45001,257.60001,35211
2026-01-15 20:47:00,257.60001,257.64999,257.51501,257.57999,54438
2026-01-15 20:48:00,257.57001,257.60501,257.48001,257.48001,42921
2026-01-15 20:49:00,257.48999,257.51001,257.34,257.35999,71546
2026-01-15 20:50:00,257.37,257.64499,257.10999,257.62,126420
2026-01-15 20:51:00,257.62,257.84,257.60999,257.82999,153363
2026-01-15 20:52:00,257.82999,257.85001,257.60999,257.67001,94601
2026-01-15 20:53:00,257.67001,257.70099,257.54999,257.70001,68736
2026-01-15 20:54:00,257.70001,257.905,257.54001,257.89999,114447
2026-01-15 20:55:00,257.87,258.07001,257.85001,257.995,150287
2026-01-15 20:56:00,257.995,258.12,257.95499,258.11749,109870
2026-01-15 20:57:00,258.11499,258.16,258.04001,258.12,136736
2026-01-15 20:58:00,258.10999,258.10999,257.98001,258.04001,153127
2026-01-15 20:59:00,258.04999,258.38,257.97501,258.32999,573783
2026-01-16 14:30:00,257.88,258.64999,257.88,258.51999,7058553
2026-01-16 14:31:00,258.51001,258.82999,258.20001,258.70001,135919
2026-01-16 14:32:00,258.655,258.69,258.35001,258.38,80636
2026-01-16 14:33:00,258.35001,258.73001,258.17001,258.72,70961
2026-01-16 14:34:00,258.70999,258.89999,258.29001,258.32999,154933
2026-01-16 14:35:00,258.345,258.38,258.09,258.20999,64368
2026-01-16 14:36:00,258.20001,258.3475,258.0401,258.2399,67983
2026-01-16 14:37:00,258.20001,258.32001,257.98001,258.07001,73002
2026-01-16 14:38:00,258.07001,258.32999,258.04999,258.25,102814
2026-01-16 14:39:00,258.23611,258.26999,258.07001,258.07001,76687
2026-01-16 14:40:00,258.07999,258.14001,258.01999,258.07999,66975
2026-01-16 14:41:00,258.07901,258.10999,257.89999,258.09,83502
2026-01-16 14:42:00,258.09,258.09,257.91,257.95001,92854
2026-01-16 14:43:00,257.94,258.0,257.73001,257.73001,62705
2026-01-16 14:44:00,257.73999,257.76999,257.49469,257.56,93194
2026-01-16 14:45:00,257.57999,257.79999,257.35001,257.42999,236812
2026-01-16 14:46:00,257.45001,257.79999,257.35999,257.66989,51508
2026-01-16 14:47:00,257.64999,257.755,257.34,257.41,101319
2026-01-16 14:48:00,257.38,257.46991,257.29001,257.315,152164
2026-01-16 14:49:00,257.33499,257.35501,257.0,257.31,141261
2026-01-16 14:50:00,257.30011,257.54001,257.23001,257.37,97576
2026-01-16 14:51:00,257.38501,257.45001,257.13,257.29099,90966
2026-01-16 14:52:00,257.29501,257.54999,257.23001,257.24249,52139
2026-01-16 14:53:00,257.23401,257.32999,257.14999,257.20999,44707
2026-01-16 14:54:00,257.20499,257.25,256.95001,257.13,76068
2026-01-16 14:55:00,257.14001,257.34991,257.01001,257.21011,62473
2026-01-16 14:56:00,257.20999,257.25,256.95251,256.95499,45851
2026-01-16 14:57:00,256.95999,257.17999,256.89999,256.92001,83396
2026-01-16 14:58:00,256.92999,257.06,256.76999,257.0517,81310
2026-01-16 14:59:00,257.09,257.12,256.78,256.85001,104517
2026-01-16 15:00:00,256.85001,256.89999,256.64001,256.685,103988
2026-01-16 15:01:00,256.6701,256.98001,256.62,256.935,63864
2026-01-16 15:02:00,256.92001,256.92001,256.73001,256.88,57557
2026-01-16 15:03:00,256.88,256.94,256.80011,256.89999,50121
2026-01-16 15:04:00,256.89999,257.13,256.879,256.879,62648
2026-01-16 15:05:00,256.8999,256.98999,256.75,256.94,76358
2026-01-16 15:06:00,256.935,257.0,256.87,256.98001,37682
2026-01-16 15:07:00,257.0,257.06619,256.82001,257.035,78684
2026-01-16 15:08:00,257.04001,257.25,257.0108,257.14499,53758
2026-01-16 15:09:00,257.15991,257.185,256.98999,257.0,37654
2026-01-16 15:10:00,257.01501,257.03,256.75,256.79999,57017
2026-01-16 15:11:00,256.81,256.87,256.78,256.85001,51920
2026-01-16 15:12:00,256.85501,256.87,256.75,256.79999,79175
2026-01-16 15:13:00,256.78,256.79999,256.67999,256.69699,40956
2026-01-16 15:14:00,256.72,256.88,256.6701,256.88,35486
2026-01-16 15:15:00,256.89001,257.01999,256.82999,256.95001,52235
2026-01-16 15:16:00,256.95499,256.95499,256.78,256.82001,37838
2026-01-16 15:17:00,256.81,256.845,256.67999,256.79001,39259
2026-01-16 15:18:00,256.79501,256.84,256.73001,256.78,42166
2026-01-16 15:19:00,256.76001,256.76999,256.51999,256.565,58675
2026-01-16 15:20:00,256.55521,256.655,256.48001,256.565,76977
2026-01-16 15:21:00,256.56,256.69,256.46011,256.64001,39296
2026-01-16 15:22:00,256.64001,256.78,256.54999,256.63,32338
2026-01-16 15:23:00,256.64001,256.88,256.62,256.85001,44057
2026-01-16 15:24:00,256.8631,256.94,256.82999,256.82999,31487
2026-01-16 15:25:00,256.82999,256.83011,256.51999,256.51999,52844
2026-01-16 15:26:00,256.54999,256.67999,256.5,256.64999,43669
2026-01-16 15:27:00,256.64999,256.75,256.57501,256.70999,43125
2026-01-16 15:28:00,256.72,256.79999,256.64001,256.78,53408
2026-01-16 15:29:00,256.78,256.85001,256.70001,256.81,37410
2026-01-16 15:30:00,256.81,256.89001,256.67001,256.79501,59296
2026-01-16 15:31:00,256.815,256.89999,256.79001,256.82001,41027
2026-01-16 15:32:00,256.81699,256.92001,256.79001,256.79001,32268
2026-01-16 15:33:00,256.82999,256.85989,256.68689,256.80011,37182
2026-01-16 15:34:00,256.82001,256.82001,256.54999,256.63,48447
2026-01-16 15:35:00,256.63,256.63,256.35999,256.39001,75409
2026-01-16 15:36:00,256.37,256.44,256.23001,256.42499,65777
2026-01-16 15:37:00,256.45001,256.57001,256.38,256.39499,45851
2026-01-16 15:38:00,256.39001,256.53,256.37,256.48999,35533
2026-01-16 15:39:00,256.47,256.47,256.29001,256.29001,43071
2026-01-16 15:40:00,256.28,256.36789,256.17001,256.32001,64631
2026-01-16 15:41:00,256.32458,256.44,256.26999,256.29001,45364
2026-01-16 15:42:00,256.29999,256.32999,256.06,256.06,71724
2026-01-16 15:43:00,256.09,256.30499,256.0683,256.285,61621
2026-01-16 15:44:00,256.29999,256.39001,256.22009,256.35999,59474
2026-01-16 15:45:00,256.35999,256.39001,256.25,256.36401,36457
2026-01-16 15:46:00,256.36499,256.37991,256.26001,256.27499,28544
2026-01-16 15:47:00,256.26999,256.42499,256.24011,256.41,33772
2026-01-16 15:48:00,256.41,256.52499,256.37009,256.47,49461
2026-01-16 15:49:00,256.45999,256.51001,256.29999,256.51001,32536
2026-01-16 15:50:00,256.5,256.5,256.28,256.44501,40506
2026-01-16 15:51:00,256.44019,256.54999,256.3092,256.40851,34418
2026-01-16 15:52:00,256.42001,256.42999,256.31,256.37,33795
2026-01-16 15:53:00,256.35999,256.53,256.35001,256.51419,38974
2026-01-16 15:54:00,256.505,256.53,256.39999,256.50009,33023
2026-01-16 15:55:00,256.51999,256.53,256.42999,256.45001,40295
2026-01-16 15:56:00,256.45999,256.48999,256.35001,256.3725,28495
2026-01-16 15:57:00,256.3801,256.60999,256.32501,256.57001,34062
2026-01-16 15:58:00,256.56,256.63,256.48499,256.53,47858
2026-01-16 15:59:00,256.54999,256.60999,256.49991,256.57999,25613
2026-01-16 16:00:00,256.57001,256.625,256.48999,256.54999,45155
2026-01-16 16:01:00,256.57999,256.76999,256.56009,256.651,48890
2026-01-16 16:02:00,256.64999,256.73001,256.5603,256.70999,27527
2026-01-16 16:03:00,256.72,256.72501,256.48999,256.56,44583
2026-01-16 16:04:00,256.54001,256.63,256.51001,256.62,33965
2026-01-16 16:05:00,256.63,256.685,256.51999,256.54001,64433
2026-01-16 16:06:00,256.54559,256.64001,256.36499,256.55249,63426
2026-01-16 16:07:00,256.54999,256.56,256.42999,256.505,28744
2026-01-16 16:08:00,256.505,256.73999,256.42001,256.69,44076
2026-01-16 16:09:00,256.70001,256.75,256.62,256.67099,37770
2026-01-16 16:10:00,256.67999,256.76999,256.64999,256.70001,46724
2026-01-16 16:11:00,256.7225,256.8699,256.7225,256.80029,56614
2026-01-16 16:12:00,256.82999,256.87,256.74341,256.82999,39644
2026-01-16 16:13:00,256.79999,256.85001,256.69009,256.75,30481
2026-01-16 16:14:00,256.75909,256.84,256.70001,256.7294,51277
2026-01-16 16:15:00,256.72,256.73999,256.60999,256.63,58490
2026-01-16 16:16:00,256.63,256.63,256.48001,256.51001,59025
2026-01-16 16:17:00,256.51501,256.62,256.5,256.59,69383
2026-01-16 16:18:00,256.60001,256.69,256.5,256.69,50293
2026-01-16 16:19:00,256.69,256.72501,256.655,256.655,27575
2026-01-16 16:20:00,256.64999,256.73999,256.56,256.64001,58225
2026-01-16 16:21:00,256.63,256.63461,256.5101,256.54999,28624
2026-01-16 16:22:00,256.57999,256.63,256.39999,256.42999,33947
2026-01-16 16:23:00,256.42001,256.48499,256.41,256.41,38400
2026-01-16 16:24:00,256.41101,256.41101,256.23001,256.23999,89695
2026-01-16 16:25:00,256.25,256.255,256.14999,256.17899,54884
2026-01-16 16:26:00,256.17001,256.35999,256.13,256.31,89551
2026-01-16 16:27:00,256.315,256.42499,256.30499,256.38,76887
2026-01-16 16:28:00,256.39001,256.42999,256.35001,256.39999,30793
2026-01-16 16:29:00,256.42001,256.5,256.41,256.43991,37268
2026-01-16 16:30:00,256.42651,256.54999,256.41,256.51999,43332
2026-01-16 16:31:00,256.5134,256.54279,256.44,256.53,27877
2026-01-16 16:32:00,256.52499,256.60999,256.35999,256.35999,62893
2026-01-16 16:33:00,256.37,256.45499,256.35001,256.44501,35049
2026-01-16 16:34:00,256.44501,256.45999,256.23099,256.2558,47822
2026-01-16 16:35:00,256.22,256.32999,256.22,256.25,45551
2026-01-16 16:36:00,256.26999,256.35001,256.26999,256.33829,35953
2026-01-16 16:37:00,256.32999,256.35001,256.23999,256.34,53489
2026-01-16 16:38:00,256.345,256.35001,256.26001,256.28351,30964
2026-01-16 16:39:00,256.285,256.29999,256.23999,256.26569,44937
2026-01-16 16:40:00,256.26001,256.38,256.22501,256.26999,59600
2026-01-16 16:41:00,256.2731,256.34,256.23999,256.30011,43742
2026-01-16 16:42:00,256.315,256.42999,256.315,256.37,52635
2026-01-16 16:43:00,256.37,256.45001,256.35999,256.36499,28296
2026-01-16 16:44:00,256.375,256.54999,256.375,256.54999,43649
2026-01-16 16:45:00,256.54999,256.63,256.48001,256.49091,59846
2026-01-16 16:46:00,256.48999,256.53,256.41,256.48001,25643
2026-01-16 16:47:00,256.48621,256.51001,256.38501,256.38501,27391
2026-01-16 16:48:00,256.37851,256.41,256.26001,256.26001,51918
2026-01-16 16:49:00,256.27991,256.38,256.23001,256.35651,37232
2026-01-16 16:50:00,256.35999,256.53,256.35999,256.5,79191
2026-01-16 16:51:00,256.5,256.5,256.25,256.35001,73073
2026-01-16 16:52:00,256.35001,256.42499,256.345,256.36319,35628
2026-01-16 16:53:00,256.35999,256.37,256.29999,256.32001,31266
2026-01-16 16:54:00,256.32999,256.32999,256.23999,256.2597,38145
2026-01-16 16:55:00,256.26001,256.26971,256.1514,256.185,44067
2026-01-16 16:56:00,256.19,256.19,255.95,256.02499,120764
2026-01-16 16:57:00,256.01999,256.16,255.9727,256.13031,37543
2026-01-16 16:58:00,256.14001,256.22,256.12,256.16,31703
2026-01-16 16:59:00,256.16,256.22,256.12,256.16699,34055
2026-01-16 17:00:00,256.17999,256.23999,256.12,256.17499,29778
2026-01-16 17:01:00,256.17001,256.3009,256.06,256.3009,57148
2026-01-16 17:02:00,256.29999,256.32999,256.17999,256.22,42859
2026-01-16 17:03:00,256.23001,256.38,256.20999,256.37,77803
2026-01-16 17:04:00,256.38,256.435,256.215,256.271,82660
2026-01-16 17:05:00,256.27011,256.54999,256.27011,256.41,69279
2026-01-16 17:06:00,256.38,256.38501,256.2475,256.2475,39507
2026-01-16 17:07:00,256.255,256.35001,256.20001,256.21991,29195
2026-01-16 17:08:00,256.20999,256.20999,256.06,256.06,48007
2026-01-16 17:09:00,256.07999,256.16,256.07999,256.14011,37927
2026-01-16 17:10:00,256.14001,256.26999,256.13,256.25009,41643
2026-01-16 17:11:00,256.2536,256.28,256.14999,256.18011,36220
2026-01-16 17:12:00,256.19,256.30499,256.19,256.2475,31941
2026-01-16 17:13:00,256.23999,256.26001,256.16,256.25,33639
2026-01-16 17:14:00,256.245,256.29001,256.22,256.28,29395
2026-01-16 17:15:00,256.26999,256.35001,256.26501,256.31,65246
2026-01-16 17:16:00,256.30499,256.37,256.22,256.23999,46081
2026-01-16 17:17:00,256.245,256.29999,256.07001,256.14999,41220
2026-01-16 17:18:00,256.16,256.19171,256.09,256.10001,33044
2026-01-16 17:19:00,256.10001,256.10001,256.01001,256.03,50975
2026-01-16 17:20:00,256.01999,256.09,255.98,255.99001,71500
2026-01-16 17:21:00,255.99001,256.20001,255.99001,256.17371,53057
2026-01-16 17:22:00,256.1701,256.20001,256.10999,256.16,25457
2026-01-16 17:23:00,256.155,256.22501,256.14001,256.19989,28883
2026-01-16 17:24:00,256.20001,256.20999,256.03,256.04001,45339
2026-01-16 17:25:00,256.04001,256.07541,255.985,256.01501,53612
2026-01-16 17:26:00,256.01501,256.12,256.01501,256.12,48237
2026-01-16 17:27:00,256.13,256.14001,255.925,255.92999,53218
2026-01-16 17:28:00,255.92,255.92,255.84,255.89,59148
2026-01-16 17:29:00,255.89,255.89,255.82001,255.83,51445
2026-01-16 17:30:00,255.83,255.88,255.66,255.67999,77217
2026-01-16 17:31:00,255.67,255.6799,255.52,255.60001,127452
2026-01-16 17:32:00,255.62,255.64,255.4012,255.57001,105775
2026-01-16 17:33:00,255.565,255.67,255.44299,255.53999,90645
2026-01-16 17:34:00,255.53841,255.7299,255.535,255.7001,71512
2026-01-16 17:35:00,255.7,255.7,255.60001,255.64,63319
2026-01-16 17:36:00,255.64,255.67999,255.55,255.66,90651
2026-01-16 17:37:00,255.66,255.66,255.39999,255.4137,76733
2026-01-16 17:38:00,255.41,255.46001,255.14999,255.16,103466
2026-01-16 17:39:00,255.17,255.34,255.16,255.24001,98644
2026-01-16 17:40:00,255.24001,255.39999,255.22,255.38499,56649
2026-01-16 17:41:00,255.38499,255.53951,255.33,255.345,67813
2026-01-16 17:42:00,255.345,255.47,255.32001,255.42,56083
2026-01-16 17:43:00,255.42,255.51401,255.38,255.48,33655
2026-01-16 17:44:00,255.48,255.49001,255.3,255.3999,57506
2026-01-16 17:45:00,255.3804,255.41,255.28999,255.36,58812
2026-01-16 17:46:00,255.36011,255.37,255.19501,255.23039,72336
2026-01-16 17:47:00,255.23039,255.285,255.1701,255.28011,64126
2026-01-16 17:48:00,255.28,255.37,255.14,255.14999,63104
2026-01-16 17:49:00,255.16499,255.1898,255.06,255.11,51223
2026-01-16 17:50:00,255.11,255.1263,254.92999,255.11501,253854
2026-01-16 17:51:00,255.11501,255.28979,255.075,255.28,51410
2026-01-16 17:52:00,255.2773,255.34,255.2601,255.3176,50013
2026-01-16 17:53:00,255.32001,255.33,255.25,255.25,31761
2026-01-16 17:54:00,255.24699,255.28999,255.17,255.21001,39978
2026-01-16 17:55:00,255.2,255.27,255.08,255.25999,49614
2026-01-16 17:56:00,255.25999,255.30499,255.1701,255.21001,43471
2026-01-16 17:57:00,255.22,255.25079,255.19,255.25079,24476
2026-01-16 17:58:00,255.25,255.33,255.2007,255.24001,35817
2026-01-16 17:59:00,255.24001,255.25,255.1543,255.17,55793
2026-01-16 18:00:00,255.18649,255.25999,255.14999,255.2,93571
2026-01-16 18:01:00,255.2,255.39999,255.14999,255.315,91157
2026-01-16 18:02:00,255.326,255.34,255.09,255.17799,52209
2026-01-16 18:03:00,255.17999,255.44,255.16,255.44,45067
2026-01-16 18:04:00,255.4399,255.47,255.28,255.3,52051
2026-01-16 18:05:00,255.28,255.33,255.17,255.24001,56963
2026-01-16 18:06:00,255.255,255.38,255.23,255.35001,25316
2026-01-16 18:07:00,255.36169,255.39,255.3,255.31,32785
2026-01-16 18:08:00,255.3222,255.45,255.31,255.44,35721
2026-01-16 18:09:00,255.444,255.55,255.39549,255.50999,74116
2026-01-16 18:10:00,255.53,255.60001,255.44,255.47141,49091
2026-01-16 18:11:00,255.46001,255.5,255.395,255.455,29743
2026-01-16 18:12:00,255.45,255.47,255.41,255.41499,42568
2026-01-16 18:13:00,255.41499,255.44,255.3802,255.44,31818
2026-01-16 18:14:00,255.4493,255.4955,255.42,255.4805,19917
2026-01-16 18:15:00,255.49001,255.64999,255.49001,255.645,55901
2026-01-16 18:16:00,255.645,255.64999,255.58,255.60001,29881
2026-01-16 18:17:00,255.60001,255.84,255.59,255.70061,79666
2026-01-16 18:18:00,255.705,255.72,255.6701,255.71001,56068
2026-01-16 18:19:00,255.715,255.78,255.69501,255.71001,44785
2026-01-16 18:20:00,255.7,255.75,255.6301,255.6544,48803
2026-01-16 18:21:00,255.655,255.69,255.62,255.67999,36706
2026-01-16 18:22:00,255.69,255.72,255.57001,255.58,33363
2026-01-16 18:23:00,255.58,255.67999,255.56,255.67,44383
2026-01-16 18:24:00,255.67999,255.7,255.62,255.7,39884
2026-01-16 18:25:00,255.7,255.88,255.7,255.88,83255
2026-01-16 18:26:00,255.86501,255.98,255.86501,255.91029,50772
2026-01-16 18:27:00,255.92,255.98,255.89011,255.9509,38780
2026-01-16 18:28:00,255.98,256.0899,255.9706,256.06,56583
2026-01-16 18:29:00,256.06,256.06271,256.01001,256.03,52313
2026-01-16 18:30:00,256.03,256.03,255.92,255.995,75439
2026-01-16 18:31:00,255.99001,256.20001,255.99001,256.20001,51047
2026-01-16 18:32:00,256.20001,256.29501,256.19,256.26999,61742
2026-01-16 18:33:00,256.26999,256.41,256.23999,256.39001,66800
2026-01-16 18:34:00,256.41,256.51999,256.39999,256.5,54229
2026-01-16 18:35:00,256.48999,256.5,256.45999,256.45999,40741
2026-01-16 18:36:00,256.47,256.48001,256.44,256.45999,41151
2026-01-16 18:37:00,256.45999,256.51999,256.44501,256.45511,43849
2026-01-16 18:38:00,256.45001,256.52499,256.42001,256.45001,47934
2026-01-16 18:39:00,256.45001,256.54999,256.42999,256.5,47250
2026-01-16 18:40:00,256.48001,256.54999,256.47,256.53,32085
2026-01-16 18:41:00,256.53,256.67499,256.51999,256.63501,44244
2026-01-16 18:42:00,256.63,256.70001,256.60001,256.67001,47685
2026-01-16 18:43:00,256.66,256.70001,256.63,256.6391,116439
2026-01-16 18:44:00,256.63,256.741,256.60001,256.70999,91733
2026-01-16 18:45:00,256.70999,256.83499,256.66,256.69,75026
2026-01-16 18:46:00,256.66,256.77509,256.6525,256.75,33534
2026-01-16 18:47:00,256.73999,256.73999,256.60001,256.61899,39786
2026-01-16 18:48:00,256.63,256.69199,256.63,256.69,24322
2026-01-16 18:49:00,256.685,256.69501,256.62,256.6907,30723
2026-01-16 18:50:00,256.69501,256.77011,256.69501,256.73001,58349
2026-01-16 18:51:00,256.73001,256.73001,256.53949,256.70001,39266
2026-01-16 18:52:00,256.69,256.75,256.5,256.5,45223
2026-01-16 18:53:00,256.48499,256.65359,256.48499,256.65359,31268
2026-01-16 18:54:00,256.66,256.70001,256.64999,256.6637,24525
2026-01-16 18:55:00,256.66,256.72,256.6001,256.70001,30934
2026-01-16 18:56:00,256.6954,256.76999,256.64001,256.76001,42004
2026-01-16 18:57:00,256.76999,256.85001,256.7399,256.82999,45367
2026-01-16 18:58:00,256.82001,256.82001,256.64999,256.70999,23184
2026-01-16 18:59:00,256.70001,256.70001,256.521,256.54999,31529
2026-01-16 19:00:00,256.54001,256.79001,256.52499,256.76999,33276
2026-01-16 19:01:00,256.79001,256.91,256.79001,256.84,52637
2026-01-16 19:02:00,256.82999,256.89001,256.73001,256.79001,35120
2026-01-16 19:03:00,256.79001,256.92001,256.76001,256.89999,50131
2026-01-16 19:04:00,256.89999,257.06,256.86499,257.01001,86278
2026-01-16 19:05:00,257.01001,257.14999,257.01001,257.12,67152
2026-01-16 19:06:00,257.12,257.14001,257.01019,257.12,40554
2026-01-16 19:07:00,257.13,257.14001,257.09,257.13501,30274
2026-01-16 19:08:00,257.14001,257.14001,256.85999,256.94,58901
2026-01-16 19:09:00,256.95001,257.07001,256.89999,257.0,37638
2026-01-16 19:10:00,256.98999,256.98999,256.72,256.73999,65753
2026-01-16 19:11:00,256.73029,256.73029,256.66989,256.67999,32456
2026-01-16 19:12:00,256.69,256.76999,256.64581,256.64581,29360
2026-01-16 19:13:00,256.64001,256.64001,256.44,256.44379,47743
2026-01-16 19:14:00,256.45001,256.48001,256.26001,256.26999,57419
2026-01-16 19:15:00,256.26999,256.34,256.20001,256.34,47200
2026-01-16 19:16:00,256.35001,256.42001,256.32001,256.35001,42090
2026-01-16 19:17:00,256.3627,256.39001,256.29001,256.32999,28973
2026-01-16 19:18:00,256.32999,256.34,256.04001,256.05991,49438
2026-01-16 19:19:00,256.04999,256.05499,255.97,256.0,60292
2026-01-16 19:20:00,256.0,256.09,255.99001,256.0199,34120
2026-01-16 19:21:00,256.0,256.13,255.92999,256.04059,66120
2026-01-16 19:22:00,256.04501,256.16,256.03,256.14999,51748
2026-01-16 19:23:00,256.16,256.23001,256.14999,256.17001,33335
2026-01-16 19:24:00,256.17999,256.23999,256.12,256.185,35832
2026-01-16 19:25:00,256.17001,256.17999,256.06,256.06,33890
2026-01-16 19:26:00,256.05499,256.06,255.92999,256.01999,59097
2026-01-16 19:27:00,256.01999,256.07001,255.96021,255.98,39271
2026-01-16 19:28:00,255.9673,255.99001,255.92,255.97,37566
2026-01-16 19:29:00,255.96001,256.0,255.91499,256.0,30908
2026-01-16 19:30:00,256.0,256.1752,255.94,256.16,53080
2026-01-16 19:31:00,256.14999,256.51501,256.13,256.49341,58596
2026-01-16 19:32:00,256.495,256.53851,256.32999,256.35001,44625
2026-01-16 19:33:00,256.35501,256.41,256.32001,256.405,38939
2026-01-16 19:34:00,256.39999,256.44,256.25,256.26999,41486
2026-01-16 19:35:00,256.26001,256.37,256.26001,256.31,33983
2026-01-16 19:36:00,256.29999,256.29999,256.2063,256.2063,34102
2026-01-16 19:37:00,256.20001,256.42001,256.19,256.39999,37693
2026-01-16 19:38:00,256.41,256.44,256.34,256.44,38233
2026-01-16 19:39:00,256.45999,256.57001,256.45999,256.51999,50995
2026-01-16 19:40:00,256.53,256.63501,256.51001,256.62,39675
2026-01-16 19:41:00,256.63,256.69199,256.58499,256.67999,33225
2026-01-16 19:42:00,256.70001,256.75,256.63,256.66,36681
2026-01-16 19:43:00,256.66,256.66,256.535,256.54001,33942
2026-01-16 19:44:00,256.54001,256.56,256.45001,256.56,33450
2026-01-16 19:45:00,256.595,256.70001,256.57999,256.64001,47942
2026-01-16 19:46:00,256.63019,256.6825,256.60001,256.66,19639
2026-01-16 19:47:00,256.67001,256.8168,256.67001,256.80911,23253
2026-01-16 19:48:00,256.8045,256.81,256.66,256.76999,42071
2026-01-16 19:49:00,256.78,256.85999,256.75,256.85001,33652
2026-01-16 19:50:00,256.85001,256.91,256.81,256.81,34495
2026-01-16 19:51:00,256.79999,256.87,256.7301,256.82001,67664
2026-01-16 19:52:00,256.84,256.95999,256.84,256.92001,91386
2026-01-16 19:53:00,256.91,256.97,256.81,256.85999,33075
2026-01-16 19:54:00,256.85339,256.87009,256.79999,256.80399,20931
2026-01-16 19:55:00,256.82001,256.82001,256.70001,256.70999,51225
2026-01-16 19:56:00,256.70999,256.81,256.67001,256.72,64577
2026-01-16 19:57:00,256.73001,256.79999,256.69,256.745,28838
2026-01-16 19:58:00,256.73999,256.73999,256.60999,256.63,30157
2026-01-16 19:59:00,256.63,256.64001,256.53,256.59,37825
2026-01-16 20:00:00,256.57999,256.73001,256.54001,256.70999,29412
2026-01-16 20:01:00,256.70999,256.7699,256.67999,256.76001,30592
2026-01-16 20:02:00,256.76001,256.78021,256.70999,256.715,33875
2026-01-16 20:03:00,256.72501,256.81,256.67999,256.80011,40897
2026-01-16 20:04:00,256.79999,256.82001,256.73999,256.76001,40392
2026-01-16 20:05:00,256.78,256.85001,256.74881,256.75,38136
2026-01-16 20:06:00,256.75,256.76001,256.64999,256.70001,19131
2026-01-16 20:07:00,256.70099,256.72,256.67001,256.72,17276
2026-01-16 20:08:00,256.72339,256.72339,256.51001,256.59,35035
2026-01-16 20:09:00,256.57999,256.59,256.35999,256.38,54712
2026-01-16 20:10:00,256.37,256.39999,256.29001,256.29001,46422
2026-01-16 20:11:00,256.28,256.33969,256.22,256.28009,55716
2026-01-16 20:12:00,256.28,256.28,256.20001,256.25,43179
2026-01-16 20:13:00,256.25,256.37,256.20001,256.22,58022
2026-01-16 20:14:00,256.22,256.23999,256.10999,256.155,67814
2026-01-16 20:15:00,256.1701,256.31,256.14001,256.29001,55864
2026-01-16 20:16:00,256.29999,256.35001,256.17001,256.17999,55053
2026-01-16 20:17:00,256.17999,256.315,256.17999,256.28101,79526
2026-01-16 20:18:00,256.28,256.29001,256.19,256.23999,49268
2026-01-16 20:19:00,256.23001,256.26001,256.10001,256.16101,73319
2026-01-16 20:20:00,256.17001,256.26001,256.16,256.22501,45195
2026-01-16 20:21:00,256.22601,256.26999,256.04001,256.06,52733
2026-01-16 20:22:00,256.07999,256.19,256.01001,256.16501,62494
2026-01-16 20:23:00,256.16501,256.17001,256.0701,256.12,27148
2026-01-16 20:24:00,256.13,256.3299,256.11499,256.31989,44567
2026-01-16 20:25:00,256.31,256.32401,256.17499,256.20001,41287
2026-01-16 20:26:00,256.19,256.20001,256.04999,256.07001,42460
2026-01-16 20:27:00,256.06,256.17001,255.97501,256.14999,63418
2026-01-16 20:28:00,256.19009,256.2099,256.13,256.14499,45771
2026-01-16 20:29:00,256.1434,256.20001,256.10001,256.17999,64669
2026-01-16 20:30:00,256.17001,256.20001,256.04999,256.20001,64300
2026-01-16 20:31:00,256.17001,256.20001,256.07999,256.17999,39522
2026-01-16 20:32:00,256.17999,256.17999,256.07999,256.10001,50923
2026-01-16 20:33:00,256.095,256.26001,256.095,256.20999,53404
2026-01-16 20:34:00,256.20001,256.22501,256.16,256.19501,36084
2026-01-16 20:35:00,256.19501,256.3208,256.19501,256.23001,53591
2026-01-16 20:36:00,256.245,256.27011,256.1601,256.26999,42897
2026-01-16 20:37:00,256.26501,256.35001,256.255,256.29999,56512
2026-01-16 20:38:00,256.29501,256.47,256.29501,256.448,61242
2026-01-16 20:39:00,256.45001,256.4725,256.32999,256.37,75139
2026-01-16 20:40:00,256.37,256.38,256.09,256.125,83773
2026-01-16 20:41:00,256.14001,256.14999,255.795,255.83009,108887
2026-01-16 20:42:00,255.83,255.84,255.69,255.73,76071
2026-01-16 20:43:00,255.71001,255.8299,255.67999,255.74001,90736
2026-01-16 20:44:00,255.72,255.785,255.64,255.64999,79819
2026-01-16 20:45:00,255.64999,255.74001,255.60001,255.645,59809
2026-01-16 20:46:00,255.64,255.64,255.375,255.39,78299
2026-01-16 20:47:00,255.39999,255.48,255.345,255.345,92687
2026-01-16 20:48:00,255.3598,255.46001,255.3271,255.42,72614
2026-01-16 20:49:00,255.42,255.44,255.32001,255.35001,66591
2026-01-16 20:50:00,255.37,255.62,255.13,255.57001,206983
2026-01-16 20:51:00,255.57001,255.6768,255.48,255.62,114817
2026-01-16 20:52:00,255.63,255.67999,255.39999,255.55,141126
2026-01-16 20:53:00,255.55,255.7,255.55,255.6445,126271
2026-01-16 20:54:00,255.64,255.64169,255.41,255.49699,161692
2026-01-16 20:55:00,255.39999,255.683,255.33,255.38,263984
2026-01-16 20:56:00,255.38,255.62,255.34,255.53999,188339
2026-01-16 20:57:00,255.53,255.675,255.45,255.50999,206756
2026-01-16 20:58:00,255.52,255.83,255.47,255.77,283795
2026-01-16 20:59:00,255.83,255.88,255.45,255.48,474896
2026-01-20 14:30:00,252.50999,254.78999,252.36,254.48,2600373
2026-01-20 14:31:00,254.39,254.64,253.80901,253.89999,250428
2026-01-20 14:32:00,253.91,254.57001,253.83,254.3,232262
2026-01-20 14:33:00,254.27,254.78999,254.19,254.38,192391
2026-01-20 14:34:00,254.37,254.39,253.85001,254.07001,181225
2026-01-20 14:35:00,254.02,254.16,253.3,253.57001,186460
2026-01-20 14:36:00,253.55,253.58,252.5,252.75999,152844
2026-01-20 14:37:00,252.75999,252.99001,252.57001,252.67,121456
2026-01-20 14:38:00,252.64,253.66,252.47,253.465,142247
2026-01-20 14:39:00,253.42999,253.44,253.03,253.08,124974
2026-01-20 14:40:00,253.09,253.14,252.60001,252.74001,123556
2026-01-20 14:41:00,252.74001,252.97,252.63,252.81,92504
2026-01-20 14:42:00,252.81,253.07001,252.78,253.005,115361
2026-01-20 14:43:00,253.00999,253.03,252.48,252.645,119259
2026-01-20 14:44:00,252.60001,253.07001,252.47,253.07001,139917
2026-01-20 14:45:00,253.08,253.17999,252.755,253.00999,113636
2026-01-20 14:46:00,252.99001,253.14,252.52,252.64999,85525
2026-01-20 14:47:00,252.63,252.64999,252.4201,252.56,106298
2026-01-20 14:48:00,252.53,252.60001,252.13,252.21001,136792
2026-01-20 14:49:00,252.205,252.28999,251.86,252.21001,152816
2026-01-20 14:50:00,252.17,252.59,252.06,252.59,111253
2026-01-20 14:51:00,252.57001,252.8315,252.44,252.66,114519
2026-01-20 14:52:00,252.7,252.74001,252.2,252.21001,103181
2026-01-20 14:53:00,252.23,252.38,251.91,252.32001,114008
2026-01-20 14:54:00,252.32001,252.42,252.21001,252.33501,69633
2026-01-20 14:55:00,252.32001,252.45,252.17,252.45,93535
2026-01-20 14:56:00,252.44,252.67999,252.10001,252.2093,122224
2026-01-20 14:57:00,252.19,252.60001,252.0,252.60001,127467
2026-01-20 14:58:00,252.57001,253.0,252.4512,252.66,101972
2026-01-20 14:59:00,252.6834,252.7997,252.47,252.58,118914
2026-01-20 15:00:00,252.47,252.75999,252.3,252.53999,99715
2026-01-20 15:01:00,252.53,252.62,252.2204,252.37759,65685
2026-01-20 15:02:00,252.31,252.39999,252.0,252.16,61981
2026-01-20 15:03:00,252.14,252.3344,251.55,251.57001,125895
2026-01-20 15:04:00,251.575,251.67,251.49001,251.56,128401
2026-01-20 15:05:00,251.57001,251.75999,251.39,251.67,117840
2026-01-20 15:06:00,251.64999,251.73,251.39999,251.60001,118753
2026-01-20 15:07:00,251.59,251.66,251.3,251.355,101669
2026-01-20 15:08:00,251.35001,251.45,251.08,251.2,106213
2026-01-20 15:09:00,251.205,251.39011,251.0201,251.39011,117724
2026-01-20 15:10:00,251.41,251.5,251.2,251.24001,79157
2026-01-20 15:11:00,251.31,251.38651,251.17999,251.33,68720
2026-01-20 15:12:00,251.31,251.36,251.05,251.2,81302
2026-01-20 15:13:00,251.19501,251.34,251.05119,251.05119,66114
2026-01-20 15:14:00,251.05,251.2,251.02,251.14,75564
2026-01-20 15:15:00,251.17,251.31,251.05,251.23,56057
2026-01-20 15:16:00,251.23,251.23,250.88,251.10989,137889
2026-01-20 15:17:00,251.13,251.43179,251.08,251.395,78004
2026-01-20 15:18:00,251.395,251.49001,251.0201,251.08,69352
2026-01-20 15:19:00,251.075,251.10001,250.92999,250.94,51919
2026-01-20 15:20:00,250.92,251.10001,250.85001,251.095,89577
2026-01-20 15:21:00,251.12,251.4637,250.97,251.45,107277
2026-01-20 15:22:00,251.45,251.67,251.395,251.58,132892
2026-01-20 15:23:00,251.57001,251.66991,251.5074,251.64,64161
2026-01-20 15:24:00,251.66,251.66,251.4455,251.57001,75255
2026-01-20 15:25:00,251.56441,251.66991,251.52,251.66,81904
2026-01-20 15:26:00,251.66499,251.66499,251.46069,251.49001,60539
2026-01-20 15:27:00,251.52,251.53999,251.28,251.4201,68823
2026-01-20 15:28:00,251.42,251.5,251.3401,251.49001,52218
2026-01-20 15:29:00,251.47009,251.74001,251.44501,251.61571,99923
2026-01-20 15:30:00,251.64,251.6898,251.39999,251.44099,81834
2026-01-20 15:31:00,251.46001,251.52,251.35001,251.36,80671
2026-01-20 15:32:00,251.36571,251.7,251.33,251.63,91502
2026-01-20 15:33:00,251.62,251.64,251.33,251.33,61608
2026-01-20 15:34:00,251.34,251.45,251.33,251.39999,58360
2026-01-20 15:35:00,251.395,251.46001,251.09,251.16,74249
2026-01-20 15:36:00,251.17,251.45,251.17,251.39999,58824
2026-01-20 15:37:00,251.42,251.44,251.10001,251.11,55974
2026-01-20 15:38:00,251.11,251.37,251.07001,251.3,64554
2026-01-20 15:39:00,251.28999,251.33,251.19,251.215,54891
2026-01-20 15:40:00,251.22,251.25,251.0,251.069,75629
2026-01-20 15:41:00,251.06,251.25,251.06,251.22501,76568
2026-01-20 15:42:00,251.24001,251.39999,251.2,251.31,83033
2026-01-20 15:43:00,251.295,251.44501,251.17999,251.39,56497
2026-01-20 15:44:00,251.39,251.56,251.35001,251.53999,58134
2026-01-20 15:45:00,251.53999,251.69,251.47,251.59,63257
2026-01-20 15:46:00,251.59,251.59,251.32001,251.425,49239
2026-01-20 15:47:00,251.42619,251.5,251.21001,251.229,96627
2026-01-20 15:48:00,251.22,251.27499,251.10001,251.27,60069
2026-01-20 15:49:00,251.27,251.37,251.17999,251.36591,57122
2026-01-20 15:50:00,251.3324,251.46001,251.21001,251.24001,50379
2026-01-20 15:51:00,251.23,251.27,251.06,251.1201,57323
2026-01-20 15:52:00,251.12,251.17999,250.94,251.17,91863
2026-01-20 15:53:00,251.16,251.25,251.07001,251.2,59580
2026-01-20 15:54:00,251.2,251.53,251.19,251.35001,57043
2026-01-20 15:55:00,251.34,251.34,251.07001,251.10001,35934
2026-01-20 15:56:00,251.10001,251.10001,250.89999,251.0,49414
2026-01-20 15:57:00,251.0,251.17,250.97501,251.10001,44971
2026-01-20 15:58:00,251.11,251.21001,251.03,251.06,57927
2026-01-20 15:59:00,251.0643,251.55,250.96001,251.55,68615
2026-01-20 16:00:00,251.57001,251.81,251.5,251.78999,62108
2026-01-20 16:01:00,251.78,252.06,251.75999,252.06,79390
2026-01-20 16:02:00,252.05,252.13,252.0,252.019,47115
2026-01-20 16:03:00,252.05,252.07001,251.82001,251.83,60723
2026-01-20 16:04:00,251.83501,251.89999,251.78999,251.89999,41572
2026-01-20 16:05:00,251.89999,251.925,251.66,251.66,39401
2026-01-20 16:06:00,251.66,251.88,251.55,251.71001,51490
2026-01-20 16:07:00,251.7262,251.89,251.63,251.81,68409
2026-01-20 16:08:00,251.8,251.80499,251.58,251.60001,39830
2026-01-20 16:09:00,251.59621,251.621,251.4501,251.5995,25403
2026-01-20 16:10:00,251.62,251.83,251.59,251.825,24692
2026-01-20 16:11:00,251.82001,251.9099,251.75,251.83,42227
2026-01-20 16:12:00,251.82001,251.86,251.75,251.75,29771
2026-01-20 16:13:00,251.74159,251.85001,251.67999,251.78,40891
2026-01-20 16:14:00,251.785,251.8,251.61,251.67999,38849
2026-01-20 16:15:00,251.67,251.67999,251.5,251.595,54197
2026-01-20 16:16:00,251.595,251.64,251.4801,251.5,30164
2026-01-20 16:17:00,251.4901,251.56,251.42,251.485,32489
2026-01-20 16:18:00,251.4915,251.56,251.35001,251.36,34972
2026-01-20 16:19:00,251.37,251.50999,251.34,251.48,25123
2026-01-20 16:20:00,251.48,251.49001,251.37,251.46001,44427
2026-01-20 16:21:00,251.45,251.55,251.36,251.36,42067
2026-01-20 16:22:00,251.35001,251.41,251.25999,251.35001,62633
2026-01-20 16:23:00,251.3446,251.35001,251.19,251.24001,39052
2026-01-20 16:24:00,251.23,251.23,251.03,251.08,41882
2026-01-20 16:25:00,251.05,251.05,250.78,250.85001,81745
2026-01-20 16:26:00,250.87,250.94,250.69,250.84,67733
2026-01-20 16:27:00,250.85989,251.08,250.85001,250.97501,55114
2026-01-20 16:28:00,250.99001,251.11,250.92,251.10001,73540
2026-01-20 16:29:00,251.12,251.32001,251.12,251.30499,58434
2026-01-20 16:30:00,251.3,251.3,251.05,251.06,47671
2026-01-20 16:31:00,251.08501,251.185,251.00999,251.12,82657
2026-01-20 16:32:00,251.12,251.23,251.05,251.1601,39588
2026-01-20 16:33:00,251.19,251.297,251.17999,251.291,45520
2026-01-20 16:34:00,251.3,251.32001,251.19,251.32001,62623
2026-01-20 16:35:00,251.34,251.48,251.3,251.4601,45174
2026-01-20 16:36:00,251.5,251.50999,251.39,251.395,42963
2026-01-20 16:37:00,251.411,251.50999,251.3501,251.505,29330
2026-01-20 16:38:00,251.5,251.52,251.39011,251.50999,30015
2026-01-20 16:39:00,251.5135,251.59,251.45,251.50999,34707
2026-01-20 16:40:00,251.50841,251.55,251.42999,251.44501,48272
2026-01-20 16:41:00,251.44051,251.45,250.98,251.00999,59845
2026-01-20 16:42:00,251.00999,251.03,250.86501,250.877,49806
2026-01-20 16:43:00,250.86501,250.96001,250.82001,250.86,43792
2026-01-20 16:44:00,250.87,250.87,250.82001,250.8503,43375
2026-01-20 16:45:00,250.88,250.9599,250.75,250.75,55020
2026-01-20 16:46:00,250.73,250.81,250.7,250.7,39218
2026-01-20 16:47:00,250.722,250.78999,250.67,250.735,80099
2026-01-20 16:48:00,250.75,250.8,250.69,250.7,49357
2026-01-20 16:49:00,250.7,250.83,250.7,250.81,81906
2026-01-20 16:50:00,250.83,251.07001,250.83,251.065,64629
2026-01-20 16:51:00,251.06,251.0699,250.8,250.82001,63106
2026-01-20 16:52:00,250.81,250.85001,250.62,250.75,63714
2026-01-20 16:53:00,250.73,250.745,250.45,250.45,100435
2026-01-20 16:54:00,250.45,250.55,250.35001,250.53999,101699
2026-01-20 16:55:00,250.53999,250.67,250.505,250.6425,39845
2026-01-20 16:56:00,250.64999,251.05,250.64,251.005,48943
2026-01-20 16:57:00,251.02,251.145,250.9301,251.095,46858
2026-01-20 16:58:00,251.105,251.25999,251.105,251.22,37435
2026-01-20 16:59:00,251.205,251.24001,251.14,251.2,29399
2026-01-20 17:00:00,251.2,251.21001,251.11,251.21001,36213
2026-01-20 17:01:00,251.20351,251.21001,251.09,251.17101,27390
2026-01-20 17:02:00,251.16,251.24001,251.1199,251.23,30723
2026-01-20 17:03:00,251.24001,251.28,251.14,251.14999,41432
2026-01-20 17:04:00,251.14999,251.25999,251.02,251.05,35301
2026-01-20 17:05:00,251.03999,251.0856,250.89,250.89999,36573
2026-01-20 17:06:00,250.89999,251.185,250.89999,251.155,38508
2026-01-20 17:07:00,251.14999,251.16,251.09,251.11,24694
2026-01-20 17:08:00,251.10001,251.175,250.99001,250.99001,49169
2026-01-20 17:09:00,250.9825,251.0666,250.925,250.94,31078
2026-01-20 17:10:00,250.92,250.92,250.78999,250.87,32455
2026-01-20 17:11:00,250.86011,250.92999,250.75999,250.77499,42972
2026-01-20 17:12:00,250.75999,250.89999,250.71001,250.88,36048
2026-01-20 17:13:00,250.87,250.89999,250.72,250.74001,32459
2026-01-20 17:14:00,250.73,250.77,250.66,250.75999,42190
2026-01-20 17:15:00,250.77,250.81,250.71001,250.78,27100
2026-01-20 17:16:00,250.785,250.785,250.59,250.59,40747
2026-01-20 17:17:00,250.59,250.69,250.56,250.58,28972
2026-01-20 17:18:00,250.57001,250.63,250.52299,250.53,31220
2026-01-20 17:19:00,250.53999,250.59,250.5,250.52991,33720
2026-01-20 17:20:00,250.53999,250.64999,250.50999,250.62,42666
2026-01-20 17:21:00,250.61,250.75999,250.61,250.63,39346
2026-01-20 17:22:00,250.64,250.67999,250.60001,250.67,21094
2026-01-20 17:23:00,250.67999,250.72,250.58,250.69009,44909
2026-01-20 17:24:00,250.69,250.75999,250.62,250.64999,35729
2026-01-20 17:25:00,250.67,250.8,250.63,250.72501,40580
2026-01-20 17:26:00,250.74001,250.86,250.73,250.81,36374
2026-01-20 17:27:00,250.8399,250.89,250.77299,250.77499,35115
2026-01-20 17:28:00,250.77499,250.77499,250.66499,250.7,47022
2026-01-20 17:29:00,250.67999,250.67999,250.55,250.56,28457
2026-01-20 17:30:00,250.52,250.52,250.28,250.36,58226
2026-01-20 17:31:00,250.35001,250.36,250.2101,250.2202,49987
2026-01-20 17:32:00,250.235,250.37,250.21001,250.32001,51350
2026-01-20 17:33:00,250.325,250.375,250.25999,250.36,39953
2026-01-20 17:34:00,250.364,250.37,250.31,250.3299,45111
2026-01-20 17:35:00,250.31,250.3304,250.25011,250.31,35998
2026-01-20 17:36:00,250.3084,250.58,250.3,250.38,51020
2026-01-20 17:37:00,250.36501,250.41991,250.3,250.3,42542
2026-01-20 17:38:00,250.32001,250.64,250.32001,250.5934,46742
2026-01-20 17:39:00,250.5999,250.5999,250.37,250.37,26139
2026-01-20 17:40:00,250.379,250.67,250.35001,250.64101,43112
2026-01-20 17:41:00,250.63,250.7,250.58,250.58501,30068
2026-01-20 17:42:00,250.58,250.58,250.48,250.49001,26799
2026-01-20 17:43:00,250.49001,250.521,250.44,250.47,19894
2026-01-20 17:44:00,250.46001,250.48,250.33,250.3302,29344
2026-01-20 17:45:00,250.35001,250.35001,250.2,250.23,54329
2026-01-20 17:46:00,250.2108,250.2108,250.09,250.13,43424
2026-01-20 17:47:00,250.13,250.34,250.10001,250.32001,49596
2026-01-20 17:48:00,250.33501,250.33501,250.25,250.3,34364
2026-01-20 17:49:00,250.2924,250.37,250.27,250.3362,18807
2026-01-20 17:50:00,250.33501,250.34,250.175,250.30299,44500
2026-01-20 17:51:00,250.3,250.44,250.3,250.37,40216
2026-01-20 17:52:00,250.375,250.39,250.25999,250.39,35036
2026-01-20 17:53:00,250.38,250.44501,250.215,250.32001,40000
2026-01-20 17:54:00,250.3181,250.38,250.28,250.31,44216
2026-01-20 17:55:00,250.31,250.37,250.10001,250.11,58959
2026-01-20 17:56:00,250.13,250.25,250.08,250.24001,47818
2026-01-20 17:57:00,250.22,250.33,250.17999,250.24001,87329
2026-01-20 17:58:00,250.25,250.25,250.14999,250.19,33806
2026-01-20 17:59:00,250.215,250.35001,250.19031,250.27,53057
2026-01-20 18:00:00,250.24001,250.34,250.21001,250.33,53580
2026-01-20 18:01:00,250.33,250.45,250.265,250.425,41296
2026-01-20 18:02:00,250.42,250.5,250.36,250.36501,62929
2026-01-20 18:03:00,250.37,250.38,250.16499,250.21001,42238
2026-01-20 18:04:00,250.215,250.215,250.03,250.0699,61516
2026-01-20 18:05:00,250.05499,250.089,249.92,250.00999,308057
2026-01-20 18:06:00,250.02,250.0775,249.985,250.035,51118
2026-01-20 18:07:00,250.03999,250.09,250.0,250.06,44468
2026-01-20 18:08:00,250.06,250.17,249.95,249.96001,52565
2026-01-20 18:09:00,249.98,250.0,249.88,249.895,37172
2026-01-20 18:10:00,249.92,250.05,249.89,249.97,61595
2026-01-20 18:11:00,249.98,250.0,249.88,249.9108,43928
2026-01-20 18:12:00,249.911,249.911,249.63,249.66,122656
2026-01-20 18:13:00,249.64,249.65581,249.56,249.62,58772
2026-01-20 18:14:00,249.62,249.735,249.58,249.71001,42363
2026-01-20 18:15:00,249.72,249.86,249.67,249.81,38616
2026-01-20 18:16:00,249.8,249.92,249.785,249.86169,35112
2026-01-20 18:17:00,249.86,249.91,249.83,249.895,27057
2026-01-20 18:18:00,249.88,249.88,249.82001,249.82001,25555
2026-01-20 18:19:00,249.82001,249.8499,249.68919,249.77,33402
2026-01-20 18:20:00,249.76871,249.76871,249.56599,249.69501,32862
2026-01-20 18:21:00,249.69,249.7579,249.595,249.595,34906
2026-01-20 18:22:00,249.5873,249.59,249.52,249.57001,38269
2026-01-20 18:23:00,249.57001,249.58299,249.48,249.56,44442
2026-01-20 18:24:00,249.55901,249.56,249.45,249.455,33227
2026-01-20 18:25:00,249.4463,249.46001,249.23,249.28999,71988
2026-01-20 18:26:00,249.31,249.4442,249.30499,249.38,40867
2026-01-20 18:27:00,249.36,249.4166,249.25,249.39,33671
2026-01-20 18:28:00,249.395,249.39999,249.22,249.22729,35989
2026-01-20 18:29:00,249.22,249.22,249.08,249.19501,87278
2026-01-20 18:30:00,249.17999,249.23,249.12,249.14999,51155
2026-01-20 18:31:00,249.14999,249.19991,249.11,249.19991,45650
2026-01-20 18:32:00,249.17999,249.22,249.13,249.1412,54674
2026-01-20 18:33:00,249.13,249.13,248.84,248.88,141950
2026-01-20 18:34:00,248.88989,249.03,248.80499,248.96001,59999
2026-01-20 18:35:00,248.955,249.21001,248.955,249.14999,52495
2026-01-20 18:36:00,249.13,249.14,248.85001,248.8797,39363
2026-01-20 18:37:00,248.88,248.91,248.7,248.75,56251
2026-01-20 18:38:00,248.755,248.82001,248.72,248.78999,42646
2026-01-20 18:39:00,248.78,248.78999,248.53,248.57001,106219
2026-01-20 18:40:00,248.57001,248.72,248.5,248.6308,84636
2026-01-20 18:41:00,248.62041,248.7,248.59,248.66499,48951
2026-01-20 18:42:00,248.6642,248.72,248.58231,248.65919,38212
2026-01-20 18:43:00,248.645,248.7,248.545,248.58,39357
2026-01-20 18:44:00,248.575,248.67,248.53999,248.62,41333
2026-01-20 18:45:00,248.61,248.64999,248.5499,248.63,35101
2026-01-20 18:46:00,248.62511,248.6665,248.60001,248.63,40487
2026-01-20 18:47:00,248.645,248.66,248.56,248.61,56458
2026-01-20 18:48:00,248.61,248.64,248.57001,248.61,35316
2026-01-20 18:49:00,248.61,248.61011,248.44,248.5107,72782
2026-01-20 18:50:00,248.50999,248.50999,248.261,248.35001,56028
2026-01-20 18:51:00,248.38,248.42,248.30099,248.36,51376
2026-01-20 18:52:00,248.36,248.38181,248.27,248.28169,35112
2026-01-20 18:53:00,248.27499,248.3801,248.25,248.27,47998
2026-01-20 18:54:00,248.3,248.32001,248.2412,248.28,32471
2026-01-20 18:55:00,248.28999,248.46001,248.28,248.44501,68208
2026-01-20 18:56:00,248.44,248.56,248.3801,248.56,68093
2026-01-20 18:57:00,248.56,248.60001,248.435,248.48,71283
2026-01-20 18:58:00,248.49001,248.53951,248.42,248.48,49376
2026-01-20 18:59:00,248.4761,248.53999,248.4725,248.53,39546
2026-01-20 19:00:00,248.53999,248.67999,248.5,248.56,81533
2026-01-20 19:01:00,248.56,248.5703,248.47,248.5408,51855
2026-01-20 19:02:00,248.53,248.53,248.39,248.46001,57219
2026-01-20 19:03:00,248.46001,248.46001,248.35001,248.38,35817
2026-01-20 19:04:00,248.381,248.381,248.25,248.2892,56193
2026-01-20 19:05:00,248.31,248.33,248.25999,248.28,37491
2026-01-20 19:06:00,248.27499,248.35989,248.25,248.27,42194
2026-01-20 19:07:00,248.28,248.28,248.14999,248.17999,54106
2026-01-20 19:08:00,248.19,248.27,248.17999,248.205,32639
2026-01-20 19:09:00,248.21001,248.22,248.06,248.13,65903
2026-01-20 19:10:00,248.13,248.2399,248.11,248.17731,85650
2026-01-20 19:11:00,248.1899,248.19,248.05,248.09,50381
2026-01-20 19:12:00,248.089,248.17999,248.07001,248.12,44281
2026-01-20 19:13:00,248.12061,248.1618,248.0401,248.10001,50497
2026-01-20 19:14:00,248.1017,248.19,248.09,248.13,42563
2026-01-20 19:15:00,248.13,248.17,248.08501,248.14999,28324
2026-01-20 19:16:00,248.14999,248.22,248.09,248.09509,47641
2026-01-20 19:17:00,248.10001,248.11,247.95,247.97,82174
2026-01-20 19:18:00,247.9799,247.98,247.78999,247.85001,89213
2026-01-20 19:19:00,247.845,247.92999,247.84,247.92,55090
2026-01-20 19:20:00,247.93491,247.95,247.82001,247.89,52050
2026-01-20 19:21:00,247.89011,247.92999,247.84,247.84,47318
2026-01-20 19:22:00,247.8369,247.8369,247.71001,247.765,64546
2026-01-20 19:23:00,247.7699,247.78999,247.71001,247.73,52624
2026-01-20 19:24:00,247.73,247.83501,247.72,247.81,66885
2026-01-20 19:25:00,247.8,247.8,247.61,247.64,81508
2026-01-20 19:26:00,247.6434,247.67999,247.56,247.60899,54334
2026-01-20 19:27:00,247.61,247.7,247.60001,247.69,50727
2026-01-20 19:28:00,247.71001,247.71001,247.57001,247.57001,61214
2026-01-20 19:29:00,247.5799,247.59,247.42,247.4525,67488
2026-01-20 19:30:00,247.45,247.55,247.41,247.52,55208
2026-01-20 19:31:00,247.50999,247.55499,247.28999,247.33,94375
2026-01-20 19:32:00,247.33099,247.42,247.31,247.37,66818
2026-01-20 19:33:00,247.3501,247.45,247.25999,247.295,87925
2026-01-20 19:34:00,247.295,247.39,247.295,247.3,50021
2026-01-20 19:35:00,247.28999,247.36,247.28,247.28999,47959
2026-01-20 19:36:00,247.28999,247.5,247.28,247.435,55070
2026-01-20 19:37:00,247.435,247.53999,247.37,247.50999,68601
2026-01-20 19:38:00,247.5009,247.85001,247.44501,247.80009,135822
2026-01-20 19:39:00,247.81,248.05099,247.74001,248.05,83541
2026-01-20 19:40:00,248.045,248.0563,247.92999,248.0,69968
2026-01-20 19:41:00,247.99631,248.17999,247.97,248.10001,53150
2026-01-20 19:42:00,248.11,248.11,247.83,247.88499,82124
2026-01-20 19:43:00,247.91,247.9194,247.78,247.8,50870
2026-01-20 19:44:00,247.82001,247.82001,247.6701,247.703,50282
2026-01-20 19:45:00,247.7,247.71001,247.52,247.55499,60410
2026-01-20 19:46:00,247.55499,247.61,247.4101,247.60001,83090
2026-01-20 19:47:00,247.60989,247.60989,247.37,247.37,54770
2026-01-20 19:48:00,247.37,247.50999,247.37,247.50999,38383
2026-01-20 19:49:00,247.5099,247.5099,247.32001,247.37,41596
2026-01-20 19:50:00,247.41,247.42,247.25,247.36,48320
2026-01-20 19:51:00,247.35001,247.35001,247.00999,247.105,94658
2026-01-20 19:52:00,247.12,247.23,247.11,247.19,90043
2026-01-20 19:53:00,247.17999,247.23,247.095,247.22,75978
2026-01-20 19:54:00,247.2057,247.23,247.132,247.13499,56454
2026-01-20 19:55:00,247.13,247.16,246.91,246.9101,119175
2026-01-20 19:56:00,246.92999,246.953,246.86501,246.86929,99321
2026-01-20 19:57:00,246.87,246.95,246.8091,246.92999,95892
2026-01-20 19:58:00,246.92999,246.95,246.84,246.85001,67780
2026-01-20 19:59:00,246.84731,246.98,246.84,246.955,79379
2026-01-20 20:00:00,246.95,246.995,246.82001,246.995,97233
2026-01-20 20:01:00,247.0,247.08,246.96001,247.03999,73529
2026-01-20 20:02:00,247.05,247.08,246.985,246.99001,65215
2026-01-20 20:03:00,246.99001,247.05,246.9055,247.0101,69337
2026-01-20 20:04:00,247.02,247.11,246.92999,246.94501,91907
2026-01-20 20:05:00,246.94501,247.14,246.85001,247.105,93124
2026-01-20 20:06:00,247.10001,247.22,246.89999,246.91,155160
2026-01-20 20:07:00,246.91,246.92,246.73,246.86,115339
2026-01-20 20:08:00,246.86,247.03,246.86,246.87,96999
2026-01-20 20:09:00,246.89,246.91,246.77,246.86,85989
2026-01-20 20:10:00,246.86,246.92999,246.75999,246.8,67303
2026-01-20 20:11:00,246.7901,246.99001,246.78999,246.92,75358
2026-01-20 20:12:00,246.92999,247.0,246.92,246.94501,72629
2026-01-20 20:13:00,246.94,246.94,246.77,246.82001,83531
2026-01-20 20:14:00,246.82001,246.89999,246.71001,246.74001,73605
2026-01-20 20:15:00,246.75,246.82001,246.72,246.8,110795
2026-01-20 20:16:00,246.8,246.92,246.8,246.81,88020
2026-01-20 20:17:00,246.81,246.85001,246.75999,246.795,62476
2026-01-20 20:18:00,246.80991,247.02499,246.57001,246.59,185687
2026-01-20 20:19:00,246.56,246.71001,246.50999,246.67101,117666
2026-01-20 20:20:00,246.64999,246.64999,246.22,246.27991,170395
2026-01-20 20:21:00,246.27921,246.31,246.10001,246.10001,124323
2026-01-20 20:22:00,246.11,246.2,246.06,246.12,127919
2026-01-20 20:23:00,246.13,246.14999,245.99001,246.06,160945
2026-01-20 20:24:00,246.07001,246.25999,246.03999,246.14,133621
2026-01-20 20:25:00,246.14999,246.17999,245.64999,245.87,274759
2026-01-20 20:26:00,245.87,245.88499,245.64999,245.75999,141491
2026-01-20 20:27:00,245.78,245.85989,245.62,245.62,127393
2026-01-20 20:28:00,245.62,245.73,245.60001,245.64999,149678
2026-01-20 20:29:00,245.66,245.66,245.08,245.46001,507918
2026-01-20 20:30:00,245.46001,245.52,245.11501,245.17999,138679
2026-01-20 20:31:00,245.19,245.46339,245.16,245.42999,242485
2026-01-20 20:32:00,245.4301,245.52679,245.27,245.3219,126978
2026-01-20 20:33:00,245.31,245.38,245.24001,245.32001,157680
2026-01-20 20:34:00,245.33,245.34,245.0,245.0625,218007
2026-01-20 20:35:00,245.07001,245.27,245.02,245.21001,130704
2026-01-20 20:36:00,245.21001,245.39,245.2,245.25999,143550
2026-01-20 20:37:00,245.2366,245.27029,245.02,245.23,152624
2026-01-20 20:38:00,245.235,245.285,245.02,245.05,144361
2026-01-20 20:39:00,245.03,245.08,244.89999,244.91,140985
2026-01-20 20:40:00,244.91,245.02,244.87,244.895,129505
2026-01-20 20:41:00,244.8965,245.08,244.67999,244.72,158513
2026-01-20 20:42:00,244.72,244.77,244.41,244.44,186852
2026-01-20 20:43:00,244.42,244.423,244.2701,244.295,186616
2026-01-20 20:44:00,244.28,244.7404,244.28,244.49001,208800
2026-01-20 20:45:00,244.5,244.5699,244.28,244.50751,177377
2026-01-20 20:46:00,244.50011,244.75,244.36,244.435,173812
2026-01-20 20:47:00,244.4317,244.49001,244.36,244.39,119594
2026-01-20 20:48:00,244.38,244.42,244.21001,244.33299,189770
2026-01-20 20:49:00,244.32001,244.36,244.06,244.12,206844
2026-01-20 20:50:00,244.12,244.12,243.42,243.44,508867
2026-01-20 20:51:00,243.4201,244.07001,243.42,243.95,308509
2026-01-20 20:52:00,243.97,244.32001,243.8,244.28,267482
2026-01-20 20:53:00,244.28999,244.39,243.83501,244.16499,353992
2026-01-20 20:54:00,244.16,244.95,244.03999,244.95,357875
2026-01-20 20:55:00,244.89999,246.0,244.87,245.5025,732698
2026-01-20 20:56:00,245.5,246.14999,245.5,246.035,587554
2026-01-20 20:57:00,246.035,246.16,245.58,246.155,648303
2026-01-20 20:58:00,246.14,246.19,245.87,246.12,916609
2026-01-20 20:59:00,246.13,246.92999,245.82001,246.69,2043971
2026-01-21 14:30:00,248.71001,248.75,247.77,248.2,1809760
2026-01-21 14:31:00,248.13499,248.28551,247.38,247.96001,225680
2026-01-21 14:32:00,247.2,247.9873,247.02,247.2,137974
2026-01-21 14:33:00,247.13,247.17999,246.53999,246.69,149680
2026-01-21 14:34:00,246.66341,247.19,246.6414,246.99001,161456
2026-01-21 14:35:00,247.28999,247.41,246.98,247.28999,106212
2026-01-21 14:36:00,247.33,247.485,247.22,247.3956,87999
2026-01-21 14:37:00,247.44,247.62,247.14999,247.17999,126608
2026-01-21 14:38:00,247.24001,247.39999,247.0401,247.14,108905
2026-01-21 14:39:00,247.12,247.235,246.7,246.89999,102106
2026-01-21 14:40:00,246.9052,246.9052,246.185,246.48,103347
2026-01-21 14:41:00,246.46001,246.74001,246.08,246.08,106850
2026-01-21 14:42:00,246.44,246.44,246.44,246.44,102307
2026-01-21 14:43:00,246.465,246.92,246.465,246.7,109169
2026-01-21 14:44:00,246.64999,246.81,246.381,246.77,83657
2026-01-21 14:45:00,246.77,246.94991,246.315,246.47,141368
2026-01-21 14:46:00,246.49001,246.84,246.45,246.71001,68468
2026-01-21 14:47:00,246.75,247.45,246.7,247.42999,99062
2026-01-21 14:48:00,247.45,247.47,247.17999,247.19,69669
2026-01-21 14:49:00,247.17999,247.35001,247.14,247.215,79491
2026-01-21 14:50:00,247.22,247.32001,247.13,247.2,57550
2026-01-21 14:51:00,247.21001,247.5,247.16,247.42821,104955
2026-01-21 14:52:00,247.44,247.52,247.17,247.42999,104936
2026-01-21 14:53:00,247.45,247.48,246.97009,247.07001,155020
2026-01-21 14:54:00,247.0968,247.16,246.83,247.10001,56855
2026-01-21 14:55:00,247.09,247.09,246.81,246.97,65668
2026-01-21 14:56:00,247.0,247.12,246.87,247.0,61479
2026-01-21 14:57:00,247.06,247.28,247.02,247.2,104953
2026-01-21 14:58:00,247.19501,247.35001,247.19,247.23,12872
2026-01-21 14:59:00,247.25,247.27,246.89999,246.89999,77391
2026-01-21 15:00:00,246.89999,247.27,246.89,247.09,114665
2026-01-21 15:01:00,247.11,247.36,247.11,247.17,110783
2026-01-21 15:02:00,247.14999,247.36,247.03,247.03,103234
2026-01-21 15:03:00,247.05,247.17,246.94,247.16,76298
2026-01-21 15:04:00,247.1501,247.16499,246.62,246.67,79577
2026-01-21 15:05:00,246.67999,246.67999,246.67999,246.67999,84905
2026-01-21 15:06:00,246.72,247.14999,246.72,247.03999,89547
2026-01-21 15:07:00,247.05,247.05,246.39,246.4138,66083
2026-01-21 15:08:00,246.41,246.56,246.36,246.53999,93154
2026-01-21 15:09:00,246.52,246.55949,246.3501,246.39999,89783
2026-01-21 15:10:00,246.42,246.81,246.3101,246.325,71899
2026-01-21 15:11:00,246.325,246.84,246.28999,246.745,105608
2026-01-21 15:12:00,246.75999,246.84,246.52,246.5899,82790
2026-01-21 15:13:00,246.55499,246.64999,246.32001,246.535,131543
2026-01-21 15:14:00,246.53999,246.95,246.505,246.91,96754
2026-01-21 15:15:00,246.91499,247.34,246.91499,247.105,109851
2026-01-21 15:16:00,247.12,247.60001,247.09,247.41,87041
2026-01-21 15:17:00,247.44,247.47,247.1801,247.3,56966
2026-01-21 15:18:00,247.3,247.3,246.96159,247.08,83948
2026-01-21 15:19:00,247.105,247.17,246.96001,247.105,54873
2026-01-21 15:20:00,247.11,247.28,247.10001,247.16499,38574
2026-01-21 15:21:00,247.14,247.28,247.08,247.245,59472
2026-01-21 15:22:00,247.245,247.245,247.00999,247.07001,50148
2026-01-21 15:23:00,247.06,247.5,246.87,247.45,111860
2026-01-21 15:24:00,247.44,247.86,247.37,247.72,127811
2026-01-21 15:25:00,247.715,247.92999,247.64,247.78999,94937
2026-01-21 15:26:00,247.795,247.83,247.63,247.80029,49111
2026-01-21 15:27:00,247.935,248.0,247.5117,247.64,93718
2026-01-21 15:28:00,247.67,247.72,247.47,247.67,55847
2026-01-21 15:29:00,247.57001,247.57001,247.57001,247.57001,53443
2026-01-21 15:30:00,247.57001,247.66,247.47,247.56,80127
2026-01-21 15:31:00,247.595,247.73,247.48,247.625,84034
2026-01-21 15:32:00,247.625,247.86,247.57001,247.85001,66104
2026-01-21 15:33:00,247.84,248.0,247.74001,247.82001,56078
2026-01-21 15:34:00,247.83009,248.0,247.77,247.78999,67198
2026-01-21 15:35:00,247.78999,248.24001,247.78,248.21001,57343
2026-01-21 15:36:00,248.215,248.315,248.05029,248.19,93788
2026-01-21 15:37:00,248.17999,248.31,247.98,247.985,72184
2026-01-21 15:38:00,248.0,248.13,247.97,248.0,38953
2026-01-21 15:39:00,248.0,248.11,247.89999,248.07001,53488
2026-01-21 15:40:00,248.09,248.21001,247.95,248.0206,81691
2026-01-21 15:41:00,248.03999,248.16,247.99001,248.05,62258
2026-01-21 15:42:00,248.03,248.28,248.03,248.22749,47050
2026-01-21 15:43:00,248.3101,248.3101,248.3101,248.3101,60033
2026-01-21 15:44:00,248.32001,248.50999,248.3,248.48,73280
2026-01-21 15:45:00,248.49001,248.63,248.4276,248.55009,96443
2026-01-21 15:46:00,248.565,248.61,248.362,248.39,53780
2026-01-21 15:47:00,248.38,248.44749,248.31,248.392,54469
2026-01-21 15:48:00,248.39,248.46001,248.35001,248.42999,47555
2026-01-21 15:49:00,248.42999,248.62,248.42,248.45,65195
2026-01-21 15:50:00,248.46001,248.72,248.39999,248.56,69588
2026-01-21 15:51:00,248.582,248.64999,248.46001,248.52,91858
2026-01-21 15:52:00,248.49001,248.56,248.31,248.33,49941
2026-01-21 15:53:00,248.32001,248.60001,248.32001,248.60001,38067
2026-01-21 15:54:00,248.61,248.61,248.37,248.39,44688
2026-01-21 15:55:00,248.39999,248.46001,248.22,248.265,51731
2026-01-21 15:56:00,248.23,248.2301,247.97,247.98,62888
2026-01-21 15:57:00,248.02,248.35001,247.925,248.35001,80868
2026-01-21 15:58:00,248.37,248.37,248.061,248.12,52864
2026-01-21 15:59:00,248.145,248.16,248.03999,248.145,61283
2026-01-21 16:00:00,248.16991,248.25909,248.12,248.145,75249
2026-01-21 16:01:00,248.14999,248.28999,248.11011,248.1933,79727
2026-01-21 16:02:00,248.205,248.22,247.91,247.92,54717
2026-01-21 16:03:00,247.935,248.14999,247.89,248.14999,41572
2026-01-21 16:04:00,248.14999,248.17,247.97031,247.99969,37115
2026-01-21 16:05:00,247.97,247.98,247.45,247.61,137866
2026-01-21 16:06:00,247.63,247.86,247.63,247.75,104226
2026-01-21 16:07:00,247.75,247.75,247.44,247.55,50119
2026-01-21 16:08:00,247.56,247.61,247.28999,247.35001,48297
2026-01-21 16:09:00,247.36,247.48,247.31,247.45,82408
2026-01-21 16:10:00,247.48,247.58,247.44,247.58,50453
2026-01-21 16:11:00,247.57001,247.655,247.53,247.59,42533
2026-01-21 16:12:00,247.59,247.6088,247.39999,247.405,63685
2026-01-21 16:13:00,247.41,247.45,247.28999,247.42751,64810
2026-01-21 16:14:00,247.42999,247.5,247.25,247.26109,62886
2026-01-21 16:15:00,247.25999,247.38,247.17999,247.2973,60755
2026-01-21 16:16:00,247.3,247.52,247.3,247.47,82913
2026-01-21 16:17:00,247.5,247.5,247.33,247.38,54329
2026-01-21 16:18:00,247.38,247.39999,247.25,247.35001,35112
2026-01-21 16:19:00,247.33,247.3595,247.10001,247.13499,43986
2026-01-21 16:20:00,247.16,247.16,246.97,246.98,67087
2026-01-21 16:21:00,246.97501,247.03,246.92999,246.995,42512
2026-01-21 16:22:00,247.03999,247.05099,246.88,246.944,45480
2026-01-21 16:23:00,246.96001,246.99001,246.83,246.91499,118524
2026-01-21 16:24:00,246.905,247.2,246.89,247.1512,85340
2026-01-21 16:25:00,247.13,247.16,247.045,247.11501,58764
2026-01-21 16:26:00,247.10381,247.42,247.10381,247.33,87950
2026-01-21 16:27:00,247.33,247.38,247.25,247.35001,41672
2026-01-21 16:28:00,247.36929,247.5,247.34,247.38,34130
2026-01-21 16:29:00,247.38,247.42999,247.245,247.3,33601
2026-01-21 16:30:00,247.31,247.36,247.19501,247.19501,24589
2026-01-21 16:31:00,247.1888,247.2,247.045,247.05,35335
2026-01-21 16:32:00,247.05,247.17,246.81,246.9254,80652
2026-01-21 16:33:00,246.94,246.94,246.75999,246.84,31254
2026-01-21 16:34:00,246.84,246.88,246.74001,246.81,93783
2026-01-21 16:35:00,246.8,246.89999,246.78,246.8,111403
2026-01-21 16:36:00,246.8,246.85001,246.53,246.5517,80138
2026-01-21 16:37:00,246.55,246.57001,246.28,246.315,79213
2026-01-21 16:38:00,246.38,246.4399,246.235,246.31,47152
2026-01-21 16:39:00,246.325,246.37,246.11,246.18269,72441
2026-01-21 16:40:00,246.17999,246.185,246.03,246.09,55001
2026-01-21 16:41:00,246.105,246.2032,246.0,246.0576,81642
2026-01-21 16:42:00,246.045,246.36,245.97,246.33,107277
2026-01-21 16:43:00,246.33,246.34,246.13,246.16,59580
2026-01-21 16:44:00,246.16,246.21001,245.97,245.995,56771
2026-01-21 16:45:00,246.005,246.16,245.97,245.97,58412
2026-01-21 16:46:00,246.09,246.12,245.96001,246.09,62828
2026-01-21 16:47:00,246.08,246.17,245.8913,245.97,59310
2026-01-21 16:48:00,245.96001,246.28,245.96001,246.2235,66920
2026-01-21 16:49:00,246.24001,246.325,246.12,246.145,38842
2026-01-21 16:50:00,246.14999,246.22,246.03,246.05,37661
2026-01-21 16:51:00,246.03999,246.12,245.91499,245.9267,55063
2026-01-21 16:52:00,245.94,246.05,245.87,246.02,42226
2026-01-21 16:53:00,246.015,246.05,245.89999,246.0,40892
2026-01-21 16:54:00,245.98,246.10001,245.98,245.99001,43405
2026-01-21 16:55:00,246.0,246.06,245.92,245.99001,71372
2026-01-21 16:56:00,245.98,246.03,245.82001,245.86,57451
2026-01-21 16:57:00,245.855,246.05,245.8101,245.99001,82735
2026-01-21 16:58:00,245.83,245.99001,245.75121,245.83,46647
2026-01-21 16:59:00,245.81,245.88,245.71091,245.78,86799
2026-01-21 17:00:00,245.78,245.96001,245.75999,245.925,51059
2026-01-21 17:01:00,245.92,246.03999,245.87,246.02499,57645
2026-01-21 17:02:00,246.02901,246.03999,245.88,245.94501,38513
2026-01-21 17:03:00,245.895,245.895,245.895,245.895,25602
2026-01-21 17:04:00,245.89,245.895,245.72,245.72501,47374
2026-01-21 17:05:00,245.7115,245.75,245.42999,245.42999,101717
2026-01-21 17:06:00,245.42,245.58,245.34,245.53,84787
2026-01-21 17:07:00,245.55,245.63,245.55,245.57001,44525
2026-01-21 17:08:00,245.59,245.66,245.42999,245.64,65497
2026-01-21 17:09:00,245.64999,245.74001,245.59,245.64,49052
2026-01-21 17:10:00,245.63,245.74001,245.58501,245.62511,33273
2026-01-21 17:11:00,245.62,245.72,245.52,245.66991,37865
2026-01-21 17:12:00,245.71001,245.75,245.49001,245.49001,45951
2026-01-21 17:13:00,245.48,245.515,245.28,245.33,51435
2026-01-21 17:14:00,245.32001,245.35001,245.2,245.28999,61593
2026-01-21 17:15:00,245.295,245.35001,245.19,245.215,34702
2026-01-21 17:16:00,245.215,245.44,245.19,245.42999,39314
2026-01-21 17:17:00,245.42,245.58,245.32001,245.565,46511
2026-01-21 17:18:00,245.56,245.63,245.39999,245.4608,44796
2026-01-21 17:19:00,245.48599,245.7173,245.4601,245.63,38646
2026-01-21 17:20:00,245.61,245.75,245.48,245.74001,248357
2026-01-21 17:21:00,245.7525,245.78,245.64999,245.6675,43406
2026-01-21 17:22:00,245.675,245.7892,245.64,245.785,35593
2026-01-21 17:23:00,245.785,245.95,245.77,245.92999,37329
2026-01-21 17:24:00,245.92999,246.05991,245.88,246.045,48898
2026-01-21 17:25:00,246.03,246.16631,245.97,246.0199,63363
2026-01-21 17:26:00,246.0,246.03999,245.78999,245.84,52739
2026-01-21 17:27:00,245.8,245.85001,245.67999,245.77,50212
2026-01-21 17:28:00,245.75999,245.81,245.65559,245.67,34054
2026-01-21 17:29:00,245.69,245.87,245.6624,245.83,41609
2026-01-21 17:30:00,245.8201,245.83501,245.75,245.77,30465
2026-01-21 17:31:00,245.78,245.78999,245.66,245.66,31677
2026-01-21 17:32:00,245.67,245.71001,245.58,245.6306,26968
2026-01-21 17:33:00,245.6263,245.82001,245.61,245.74001,30497
2026-01-21 17:34:00,245.765,245.89,245.72,245.84,53942
2026-01-21 17:35:00,245.86,245.94,245.86,245.91,24301
2026-01-21 17:36:00,245.8692,246.00999,245.8692,245.8692,37218
2026-01-21 17:37:00,245.86,245.86,245.62,245.7,35688
2026-01-21 17:38:00,245.66,245.81,245.60001,245.75,59807
2026-01-21 17:39:00,245.76401,245.98,245.73,245.94189,27404
2026-01-21 17:40:00,245.955,246.0365,245.9502,246.015,40517
2026-01-21 17:41:00,246.0,246.07001,245.88,246.03,32694
2026-01-21 17:42:00,246.035,246.1499,245.98,246.08,28770
2026-01-21 17:43:00,246.05,246.16,246.02,246.0351,23895
2026-01-21 17:44:00,245.9501,246.0755,245.9501,245.9501,26244
2026-01-21 17:45:00,245.965,245.965,245.965,245.965,29250
2026-01-21 17:46:00,245.94,246.08,245.88,246.075,24202
2026-01-21 17:47:00,246.0883,246.12,245.92999,246.05,40642
2026-01-21 17:48:00,246.05,246.22501,246.03661,246.09,25657
2026-01-21 17:49:00,246.1012,246.23,246.035,246.22,24173
2026-01-21 17:50:00,246.21001,246.21001,246.06,246.06,34380
2026-01-21 17:51:00,246.0799,246.14,245.99001,246.14,32139
2026-01-21 17:52:00,246.14999,246.19,246.00999,246.185,24527
2026-01-21 17:53:00,246.185,246.28999,246.16,246.25999,31848
2026-01-21 17:54:00,246.2601,246.46001,246.2601,246.33,39270
2026-01-21 17:55:00,246.33,246.42,246.3,246.33501,38901
2026-01-21 17:56:00,246.32001,246.39999,246.23,246.23399,36857
2026-01-21 17:57:00,246.24001,246.42999,246.24001,246.42,25821
2026-01-21 17:58:00,246.41499,246.47,246.38,246.39999,35927
2026-01-21 17:59:00,246.39999,246.39999,246.17999,246.22009,36890
2026-01-21 18:00:00,246.235,246.2843,245.92999,245.94,27371
2026-01-21 18:01:00,245.89999,245.96001,245.8347,245.84,50190
2026-01-21 18:02:00,245.83501,245.83839,245.67999,245.67999,28237
2026-01-21 18:03:00,245.67,245.72,245.62,245.67999,34337
2026-01-21 18:04:00,245.7,245.75999,245.62,245.73,41806
2026-01-21 18:05:00,245.77,245.91,245.72501,245.83,34115
2026-01-21 18:06:00,245.8,246.08,245.78,246.00999,34334
2026-01-21 18:07:00,246.02,246.10001,245.96001,245.96001,41854
2026-01-21 18:08:00,245.97,246.1393,245.92999,246.05,30012
2026-01-21 18:09:00,246.06,246.09,246.02,246.05,30592
2026-01-21 18:10:00,246.05,246.32001,246.03999,246.25999,32306
2026-01-21 18:11:00,246.2675,246.33,246.181,246.25999,24710
2026-01-21 18:12:00,246.27901,246.42,246.27,246.33,84279
2026-01-21 18:13:00,246.34,246.36501,246.13,246.1501,34734
2026-01-21 18:14:00,246.13,246.27,246.0901,246.2,95034
2026-01-21 18:15:00,246.2,246.21001,246.11,246.13499,43582
2026-01-21 18:16:00,246.12,246.25999,246.095,246.245,37960
2026-01-21 18:17:00,246.23,246.27,246.03,246.045,33792
2026-01-21 18:18:00,246.03999,246.16991,246.0,246.11,17207
2026-01-21 18:19:00,246.09,246.17,246.062,246.12,24450
2026-01-21 18:20:00,246.12,246.155,245.99001,246.14,19485
2026-01-21 18:21:00,246.14,246.17751,246.06,246.07001,24494
2026-01-21 18:22:00,246.08501,246.16,246.07001,246.11,36415
2026-01-21 18:23:00,246.08,246.12,245.98,246.0032,23756
2026-01-21 18:24:00,245.99001,246.06,245.98,246.0199,24042
2026-01-21 18:25:00,246.02,246.02,245.92,245.95,23549
2026-01-21 18:26:00,245.95,245.99001,245.86,245.89,21393
2026-01-21 18:27:00,245.89,246.02,245.88,245.97,20372
2026-01-21 18:28:00,245.96001,246.0,245.96001,245.97,22260
2026-01-21 18:29:00,245.96001,246.0,245.86,245.88,27559
2026-01-21 18:30:00,245.88,245.94501,245.81,245.925,19105
2026-01-21 18:31:00,245.92999,245.985,245.83,245.86501,24824
2026-01-21 18:32:00,245.84,245.95,245.83,245.92999,20091
2026-01-21 18:33:00,245.96001,245.96001,245.86,245.92,21095
2026-01-21 18:34:00,245.94749,245.99001,245.89,245.92821,51830
2026-01-21 18:35:00,245.89999,245.89999,245.89999,245.89999,45345
2026-01-21 18:36:00,245.89,245.9099,245.75,245.77499,73365
2026-01-21 18:37:00,245.75999,245.75999,245.5,245.56,38584
2026-01-21 18:38:00,245.53,245.81,245.50999,245.72,30172
2026-01-21 18:39:00,245.7,245.89999,245.69501,245.89011,19078
2026-01-21 18:40:00,245.83,245.83,245.83,245.83,27090
2026-01-21 18:41:00,245.82001,246.0,245.82001,245.96001,19199
2026-01-21 18:42:00,245.98,245.98,245.88,245.88,22459
2026-01-21 18:43:00,245.91,245.91,245.8,245.82001,17251
2026-01-21 18:44:00,245.86,245.86,245.86,245.86,22551
2026-01-21 18:45:00,245.87,245.91,245.74001,245.7453,25678
2026-01-21 18:46:00,245.7531,245.83,245.75,245.795,30986
2026-01-21 18:47:00,245.8,246.00999,245.78999,245.99001,22242
2026-01-21 18:48:00,245.9601,246.16,245.9601,246.095,64171
2026-01-21 18:49:00,246.095,246.25999,246.08659,246.19501,55872
2026-01-21 18:50:00,246.17999,246.375,246.16,246.16,44971
2026-01-21 18:51:00,246.205,246.35001,246.16,246.22,31762
2026-01-21 18:52:00,246.215,246.24001,246.13,246.145,24676
2026-01-21 18:53:00,246.14,246.25,246.125,246.16,20813
2026-01-21 18:54:00,246.19,246.205,246.13,246.19,17445
2026-01-21 18:55:00,246.17999,246.19,246.06,246.06,49199
2026-01-21 18:56:00,246.03,246.03,245.92999,245.955,48965
2026-01-21 18:57:00,245.94,245.96989,245.88,245.91,25084
2026-01-21 18:58:00,246.06,246.06,246.06,246.06,33866
2026-01-21 18:59:00,246.05,246.17,246.05,246.125,28257
2026-01-21 19:00:00,246.12,246.17999,246.07001,246.07001,38506
2026-01-21 19:01:00,246.10001,246.11,246.00999,246.099,38622
2026-01-21 19:02:00,246.03999,246.10001,246.02,246.03999,23174
2026-01-21 19:03:00,246.03999,246.03999,245.89999,245.92999,36600
2026-01-21 19:04:00,245.92999,245.9675,245.8501,245.94009,26413
2026-01-21 19:05:00,245.86,245.86,245.86,245.86,29847
2026-01-21 19:06:00,245.85001,245.88,245.74001,245.855,38704
2026-01-21 19:07:00,245.855,246.0,245.855,245.95,43837
2026-01-21 19:08:00,245.95,246.0,245.91,245.97,22897
2026-01-21 19:09:00,245.955,246.00999,245.925,245.995,49946
2026-01-21 19:10:00,245.98,246.10001,245.89999,245.91,45721
2026-01-21 19:11:00,245.97,245.97,245.97,245.97,21838
2026-01-21 19:12:00,245.97501,246.02,245.89,245.89999,22937
2026-01-21 19:13:00,245.89,245.95,245.85001,245.89,37229
2026-01-21 19:14:00,245.89,245.98,245.86011,245.895,30916
2026-01-21 19:15:00,245.89999,245.92,245.82899,245.87601,26015
2026-01-21 19:16:00,245.88,245.89,245.77,245.86,28025
2026-01-21 19:17:00,245.855,245.86,245.75999,245.83,22789
2026-01-21 19:18:00,245.82001,245.85001,245.78999,245.82001,22645
2026-01-21 19:19:00,245.83,245.9427,245.83,245.89,26891
2026-01-21 19:20:00,245.89999,245.89999,245.811,245.87,19870
2026-01-21 19:21:00,245.87,245.8701,245.73,245.74631,26227
2026-01-21 19:22:00,245.72,245.81,245.67,245.8,36704
2026-01-21 19:23:00,245.81,245.83501,245.74001,245.785,29883
2026-01-21 19:24:00,245.8,245.8868,245.8,245.85001,24794
2026-01-21 19:25:00,245.84,245.905,245.67999,245.705,30853
2026-01-21 19:26:00,245.705,245.74001,245.58,245.59,25874
2026-01-21 19:27:00,246.5,246.55,246.5,246.55,307384
2026-01-21 19:28:00,246.87,246.92,246.87,246.91,106117
2026-01-21 19:29:00,246.92999,247.34,246.91,247.11031,140147
2026-01-21 19:30:00,247.13,247.5,247.10001,247.48,71129
2026-01-21 19:31:00,247.485,247.55991,247.21001,247.465,104424
2026-01-21 19:32:00,247.63,247.63,247.61,247.61,138665
2026-01-21 19:33:00,247.61,247.61,247.2001,247.2989,62597
2026-01-21 19:34:00,247.3,247.785,247.25999,247.73,88820
2026-01-21 19:35:00,247.77,248.03999,247.71001,248.03999,112410
2026-01-21 19:36:00,248.05,248.17101,248.00999,248.12579,43854
2026-01-21 19:37:00,248.16,248.31,248.10001,248.25301,61628
2026-01-21 19:38:00,248.3,248.55,248.19,248.52,183190
2026-01-21 19:39:00,248.5201,248.60181,248.435,248.515,160545
2026-01-21 19:40:00,248.55,248.59,248.2684,248.45,100154
2026-01-21 19:41:00,248.45,248.77,248.4001,248.77,112711
2026-01-21 19:42:00,248.78,249.19611,248.74001,249.075,158660
2026-01-21 19:43:00,249.09,249.34,249.03,249.30499,71987
2026-01-21 19:44:00,249.31,249.31,249.02,249.13989,93632
2026-01-21 19:45:00,249.17,250.49001,249.17,250.31,668786
2026-01-21 19:46:00,250.33,250.35001,249.35001,249.78999,315032
2026-01-21 19:47:00,249.82001,250.82001,249.7701,250.81,308969
2026-01-21 19:48:00,250.78999,250.83,249.41,249.45,219120
2026-01-21 19:49:00,249.87,249.87,249.11,249.87,206785
2026-01-21 19:50:00,249.86,250.41499,249.797,250.1683,175582
2026-01-21 19:51:00,250.11,250.16,249.47009,249.58,136237
2026-01-21 19:52:00,249.56,249.84,249.50999,249.69501,89487
2026-01-21 19:53:00,249.69,249.74001,249.3,249.355,110395
2026-01-21 19:54:00,249.36,249.81,249.32001,249.53999,64820
2026-01-21 19:55:00,249.58,250.03999,249.5,249.97,71173
2026-01-21 19:56:00,250.00999,250.12,249.91,250.0,141070
2026-01-21 19:57:00,250.02,250.12,250.00999,250.12,15319
2026-01-21 19:58:00,250.2,250.73,250.11,250.67,22312
2026-01-21 19:59:00,250.73,250.83,250.69,250.71001,448488
2026-01-21 20:00:00,250.72,251.11,250.59,250.8,174040
2026-01-21 20:01:00,250.785,251.07001,250.6201,250.87,269354
2026-01-21 20:02:00,250.88,250.99001,250.62,250.895,153896
2026-01-21 20:03:00,250.895,251.49001,250.895,251.46249,245116
2026-01-21 20:04:00,251.465,251.56,250.71001,250.82001,217673
2026-01-21 20:05:00,250.82539,250.92,250.57001,250.59,99765
2026-01-21 20:06:00,250.58,250.78,250.55,250.66991,104790
2026-01-21 20:07:00,250.62,250.71001,250.35001,250.55,111230
2026-01-21 20:08:00,250.53,250.83,250.31,250.82001,79682
2026-01-21 20:09:00,250.8083,250.9099,250.6201,250.7,73175
2026-01-21 20:10:00,250.67999,250.78999,250.46741,250.46741,76052
2026-01-21 20:11:00,250.49001,250.63,250.44,250.52,76842
2026-01-21 20:12:00,250.50999,250.85001,250.4373,250.6947,61834
2026-01-21 20:13:00,250.67999,250.86099,250.592,250.592,57984
2026-01-21 20:14:00,250.62,250.631,250.31,250.35001,75171
2026-01-21 20:15:00,250.33,250.39,249.7,249.78999,195540
2026-01-21 20:16:00,249.78999,249.8851,249.7,249.7937,87001
2026-01-21 20:17:00,249.78999,249.8,249.565,249.77499,99763
2026-01-21 20:18:00,249.77499,249.8,249.35001,249.35001,77506
2026-01-21 20:19:00,249.3311,249.5,249.23,249.28,106489
2026-01-21 20:20:00,249.28999,249.5,248.92999,248.97,256787
2026-01-21 20:21:00,248.95,249.10001,248.86,248.89,125978
2026-01-21 20:22:00,248.89999,249.03,248.89999,249.03,68073
2026-01-21 20:23:00,249.03,249.03,248.85001,248.92999,72207
2026-01-21 20:24:00,248.935,249.05,248.89999,248.935,86270
2026-01-21 20:25:00,248.92,248.99989,248.8,248.82001,57679
2026-01-21 20:26:00,248.83,248.86,248.75,248.78011,65203
2026-01-21 20:27:00,248.8,248.81,248.64999,248.75999,57548
2026-01-21 20:28:00,248.75,248.77,248.6201,248.64999,51907
2026-01-21 20:29:00,248.64999,248.66,248.3828,248.3828,55817
2026-01-21 20:30:00,248.39,248.44,248.155,248.19501,91075
2026-01-21 20:31:00,248.17,248.17,247.72,247.89,156800
2026-01-21 20:32:00,247.89999,248.0,247.67,247.72,117196
2026-01-21 20:33:00,247.75,248.11,247.58,248.075,149835
2026-01-21 20:34:00,248.075,248.19,248.0368,248.125,70376
2026-01-21 20:35:00,248.13,248.32001,248.13,248.30499,58668
2026-01-21 20:36:00,248.28999,248.455,248.28,248.28,82877
2026-01-21 20:37:00,248.28,248.429,248.21001,248.36079,51942
2026-01-21 20:38:00,248.37,248.42999,248.3,248.3,35156
2026-01-21 20:39:00,248.295,248.50999,248.25,248.42999,59475
2026-01-21 20:40:00,248.4399,248.58,248.42999,248.53,55981
2026-01-21 20:41:00,248.50999,248.52,248.25,248.25,62991
2026-01-21 20:42:00,248.25999,248.38,248.2,248.35001,75067
2026-01-21 20:43:00,248.33501,248.39999,248.23019,248.25,63723
2026-01-21 20:44:00,248.27,248.32001,248.14,248.16,57336
2026-01-21 20:45:00,248.14,248.19009,247.96001,248.015,98061
2026-01-21 20:46:00,248.00999,248.2,247.9201,248.12,62715
2026-01-21 20:47:00,248.11501,248.17999,247.89999,247.92,70176
2026-01-21 20:48:00,247.86,247.97,247.86,247.86,80425
2026-01-21 20:49:00,247.84509,248.03,247.815,247.84509,91257
2026-01-21 20:50:00,247.81,247.81,246.87,247.17,192204
2026-01-21 20:51:00,247.08,247.17999,247.00999,247.08,170929
2026-01-21 20:52:00,247.09,247.48,247.09,247.2,202079
2026-01-21 20:53:00,247.2,247.42999,246.84,247.03999,319558
2026-01-21 20:54:00,247.07001,247.36,247.03,247.3,240257
2026-01-21 20:55:00,247.28,247.5399,247.21001,247.39349,208619
2026-01-21 20:56:00,247.38,247.50999,247.21001,247.48,206341
2026-01-21 20:57:00,247.48,247.71001,247.465,247.63,174697
2026-01-21 20:58:00,247.63,247.92,247.60001,247.755,299087
2026-01-21 20:59:00,247.75,247.89999,247.53999,247.63,740317
2026-01-22 14:30:00,249.36,249.39,249.36,249.39,1240262
2026-01-22 14:31:00,249.42,250.23,249.105,249.39,221222
2026-01-22 14:32:00,249.32001,249.41,248.8,249.11,190041
2026-01-22 14:33:00,249.09,249.7099,249.09,249.35001,113943
2026-01-22 14:34:00,249.39999,250.11501,249.39999,250.00999,171909
2026-01-22 14:35:00,250.0,250.10001,249.39999,249.83501,131141
2026-01-22 14:36:00,249.82001,250.13,249.71001,249.955,134032
2026-01-22 14:37:00,249.955,250.77991,249.77,250.7,198946
2026-01-22 14:38:00,250.73,250.77,249.7551,249.795,132685
2026-01-22 14:39:00,249.8253,249.97,249.71001,249.89,93133
2026-01-22 14:40:00,249.89481,250.17999,249.89481,250.03999,97933
2026-01-22 14:41:00,250.045,250.39,250.0,250.3201,176965
2026-01-22 14:42:00,250.255,250.27,249.92999,249.94,124058
2026-01-22 14:43:00,249.94,250.02,249.17,249.4016,200796
2026-01-22 14:44:00,249.41,249.77,249.37,249.73,116694
2026-01-22 14:45:00,249.74001,249.91,249.60001,249.73,109401
2026-01-22 14:46:00,249.7,249.7399,249.10001,249.11501,132110
2026-01-22 14:47:00,249.10001,249.28999,248.96001,249.08501,127674
2026-01-22 14:48:00,249.08501,249.19,248.89,248.955,95816
2026-01-22 14:49:00,248.96001,248.99001,248.38499,248.50999,154702
2026-01-22 14:50:00,248.48,248.91,248.39999,248.85001,131323
2026-01-22 14:51:00,248.84,248.96001,248.75999,248.77499,91198
2026-01-22 14:52:00,248.7767,249.27,248.625,249.14999,146107
2026-01-22 14:53:00,249.14,249.38,249.08,249.16,102365
2026-01-22 14:54:00,249.10001,249.118,248.66,248.84,111873
2026-01-22 14:55:00,248.83,249.032,248.66,248.95,136911
2026-01-22 14:56:00,248.95,248.974,248.73,248.81,78975
2026-01-22 14:57:00,248.81,249.22,248.77,248.9294,195670
2026-01-22 14:58:00,248.86501,249.61,248.78,249.61,140039
2026-01-22 14:59:00,249.64,249.99001,249.57001,249.855,106423
2026-01-22 15:00:00,249.87,249.94,249.7,249.87,115450
2026-01-22 15:01:00,249.89999,250.22501,249.83,250.2,144598
2026-01-22 15:02:00,250.23,250.3,249.97,250.03,132269
2026-01-22 15:03:00,250.0235,250.28,249.83,249.92999,214454
2026-01-22 15:04:00,249.95,250.05499,249.67999,250.02499,139898
2026-01-22 15:05:00,250.03,250.13,249.94,250.08,54406
2026-01-22 15:06:00,250.10789,250.2,249.75999,249.935,105651
2026-01-22 15:07:00,249.93539,250.16,249.75999,249.77,78509
2026-01-22 15:08:00,249.78999,249.96001,249.61,249.85001,54258
2026-01-22 15:09:00,249.83,249.87,249.66,249.81,47284
2026-01-22 15:10:00,249.815,249.96989,249.67,249.765,62965
2026-01-22 15:11:00,249.845,249.88699,249.57001,249.645,43086
2026-01-22 15:12:00,249.64999,249.71001,249.59,249.6992,23994
2026-01-22 15:13:00,249.7,250.015,249.61,250.0099,61042
2026-01-22 15:14:00,250.0,250.23,249.84,249.86,58554
2026-01-22 15:15:00,249.86,250.07001,249.8201,249.89999,51584
2026-01-22 15:16:00,249.895,250.08,249.78,249.9501,53965
2026-01-22 15:17:00,249.95,249.9545,249.69,249.765,43133
2026-01-22 15:18:00,249.78,250.035,249.75,249.88,47903
2026-01-22 15:19:00,249.89,249.94,249.815,249.85001,37586
2026-01-22 15:20:00,249.85001,249.92999,249.78,249.8797,32348
2026-01-22 15:21:00,249.88,250.08,249.87,249.92999,46054
2026-01-22 15:22:00,249.92,250.06689,249.85001,250.06689,35552
2026-01-22 15:23:00,250.08,250.25999,249.87,249.87,79147
2026-01-22 15:24:00,249.87,249.89999,249.315,249.36,76780
2026-01-22 15:25:00,249.355,249.48,249.3,249.44009,43907
2026-01-22 15:26:00,249.46001,249.87,249.45,249.8,42334
2026-01-22 15:27:00,249.78,250.02,249.74001,249.87,66280
2026-01-22 15:28:00,249.89999,250.12,249.89,250.08501,54652
2026-01-22 15:29:00,250.07001,250.2,250.06,250.13,48640
2026-01-22 15:30:00,250.14999,250.16,249.86,249.88,49145
2026-01-22 15:31:00,249.92999,249.92999,249.64999,249.77,57543
2026-01-22 15:32:00,249.75,249.89,249.7,249.83,33992
2026-01-22 15:33:00,249.81,249.86,249.73,249.78999,46035
2026-01-22 15:34:00,249.80499,249.94,249.78,249.94,46130
2026-01-22 15:35:00,249.96001,250.0208,249.81,249.84,47143
2026-01-22 15:36:00,249.85001,250.07001,249.84,249.95,58083
2026-01-22 15:37:00,249.95,249.95,249.73,249.91,46989
2026-01-22 15:38:00,249.92,249.92,249.64999,249.77,46858
2026-01-22 15:39:00,249.785,249.89,249.77,249.77,49425
2026-01-22 15:40:00,249.77499,249.845,249.6601,249.75999,42716
2026-01-22 15:41:00,249.75999,249.875,249.75,249.81,40931
2026-01-22 15:42:00,249.82001,250.05,249.78999,249.84,53806
2026-01-22 15:43:00,249.83,249.83,249.61,249.63,58510
2026-01-22 15:44:00,249.6499,249.75,249.57001,249.73,38257
2026-01-22 15:45:00,249.739,249.75999,249.58,249.64999,65432
2026-01-22 15:46:00,249.66,249.72,249.58,249.67999,46178
2026-01-22 15:47:00,249.69,249.71001,249.62,249.66499,38690
2026-01-22 15:48:00,249.66,249.83,249.5733,249.8105,116414
2026-01-22 15:49:00,249.81,249.81,249.42999,249.42999,53186
2026-01-22 15:50:00,249.405,249.405,249.0,249.17,95793
2026-01-22 15:51:00,249.17999,249.32001,249.125,249.28999,63547
2026-01-22 15:52:00,249.28999,249.4299,249.28999,249.33,40153
2026-01-22 15:53:00,249.32001,249.67,249.31,249.42,168938
2026-01-22 15:54:00,249.39,249.45,249.28011,249.315,46766
2026-01-22 15:55:00,249.32961,249.33501,249.19,249.28999,34742
2026-01-22 15:56:00,249.3,249.35001,249.17999,249.25999,46320
2026-01-22 15:57:00,249.27,249.39,249.23,249.35001,40406
2026-01-22 15:58:00,249.33,249.38,249.10001,249.145,77714
2026-01-22 15:59:00,249.155,249.24001,249.06,249.0892,43130
2026-01-22 16:00:00,249.10001,249.38989,249.05,249.38,54110
2026-01-22 16:01:00,249.36011,249.44,249.21001,249.24249,60318
2026-01-22 16:02:00,249.24001,249.25999,249.09,249.17999,55168
2026-01-22 16:03:00,249.2,249.28,249.14999,249.245,50966
2026-01-22 16:04:00,249.245,249.38,249.22,249.33,44634
2026-01-22 16:05:00,249.34,249.39999,249.2,249.37,56954
2026-01-22 16:06:00,249.42,249.75,249.42,249.73,79971
2026-01-22 16:07:00,249.72,249.75,249.53999,249.58,64823
2026-01-22 16:08:00,249.58,249.64,249.44,249.605,35361
2026-01-22 16:09:00,249.60001,249.71001,249.60001,249.67,32269
2026-01-22 16:10:00,249.7,249.73,249.59,249.60001,41185
2026-01-22 16:11:00,249.61,249.8,249.58,249.75,52986
2026-01-22 16:12:00,249.77,249.82001,249.47501,249.48,66079
2026-01-22 16:13:00,249.495,249.60001,249.33,249.42,42876
2026-01-22 16:14:00,249.42,249.52,249.34,249.52,112324
2026-01-22 16:15:00,249.49001,249.95,249.46001,249.95,75922
2026-01-22 16:16:00,249.89999,249.98,249.78999,249.97501,52971
2026-01-22 16:17:00,249.99001,250.0,249.5601,249.60001,69904
2026-01-22 16:18:00,249.61,249.69,249.57001,249.58,35929
2026-01-22 16:19:00,249.57001,249.64999,249.53,249.53999,28466
2026-01-22 16:20:00,249.53999,249.67999,249.5,249.66499,42795
2026-01-22 16:21:00,249.67999,249.73,249.58,249.64,45259
2026-01-22 16:22:00,249.63,249.86,249.62,249.815,21616
2026-01-22 16:23:00,249.82001,249.89999,249.69,249.74001,27805
2026-01-22 16:24:00,249.75,249.78,249.67,249.69,29464
2026-01-22 16:25:00,249.73,249.84,249.69,249.78,56015
2026-01-22 16:26:00,249.77,249.81509,249.75999,249.81509,22609
2026-01-22 16:27:00,249.8,249.85001,249.66,249.735,51459
2026-01-22 16:28:00,249.78999,249.86,249.7701,249.785,30381
2026-01-22 16:29:00,249.8,249.8299,249.69,249.69991,32152
2026-01-22 16:30:00,249.69501,249.77,249.67,249.74001,20476
2026-01-22 16:31:00,249.7471,249.81,249.73,249.74001,26802
2026-01-22 16:32:00,249.75,249.75999,249.56,249.59,39189
2026-01-22 16:33:00,249.61839,249.63,249.25999,249.2851,45773
2026-01-22 16:34:00,249.28,249.45,249.28,249.3999,29203
2026-01-22 16:35:00,249.38,249.44,249.3006,249.4198,29605
2026-01-22 16:36:00,249.42999,249.45,249.33501,249.44,39787
2026-01-22 16:37:00,249.42999,249.56,249.38989,249.56,27849
2026-01-22 16:38:00,249.53999,249.69,249.5184,249.69,24668
2026-01-22 16:39:00,249.7,249.73,249.62,249.6301,29274
2026-01-22 16:40:00,249.63,249.72,249.60001,249.69,30306
2026-01-22 16:41:00,249.67999,249.73,249.62,249.67,39283
2026-01-22 16:42:00,249.64999,249.67999,249.64,249.64,26145
2026-01-22 16:43:00,249.645,249.66,249.575,249.60001,28709
2026-01-22 16:44:00,249.62,249.67999,249.56,249.67999,22109
2026-01-22 16:45:00,249.7,249.89999,249.69,249.88,53708
2026-01-22 16:46:00,249.87,249.89999,249.78999,249.8287,23216
2026-01-22 16:47:00,249.83,249.84,249.72,249.7253,80696
2026-01-22 16:48:00,249.72,249.755,249.61,249.73,60969
2026-01-22 16:49:00,249.73,249.81,249.71001,249.75999,21330
2026-01-22 16:50:00,249.765,249.77,249.7101,249.745,35694
2026-01-22 16:51:00,249.75,249.8,249.64999,249.72,30702
2026-01-22 16:52:00,249.72,249.75999,249.63,249.67,27458
2026-01-22 16:53:00,249.69,249.74001,249.67,249.74001,25281
2026-01-22 16:54:00,249.73,249.78999,249.67,249.715,35411
2026-01-22 16:55:00,249.71001,249.72501,249.6001,249.6001,32222
2026-01-22 16:56:00,249.60001,249.64999,249.5899,249.59,23193
2026-01-22 16:57:00,249.59,249.66,249.58,249.64,14924
2026-01-22 16:58:00,249.62,249.6301,249.57001,249.595,23689
2026-01-22 16:59:00,249.59,249.645,249.58,249.59,16642
2026-01-22 17:00:00,249.58,249.59,249.45,249.46001,29222
2026-01-22 17:01:00,249.44009,249.67999,249.44,249.67,25494
2026-01-22 17:02:00,249.67,249.75999,249.67,249.75,35985
2026-01-22 17:03:00,249.745,249.77,249.67999,249.69501,41274
2026-01-22 17:04:00,249.7,249.8,249.67,249.78,23625
2026-01-22 17:05:00,249.785,249.8,249.67999,249.72501,34515
2026-01-22 17:06:00,249.71001,249.8,249.71001,249.765,47025
2026-01-22 17:07:00,249.765,249.8,249.67999,249.67999,31840
2026-01-22 17:08:00,249.69,249.785,249.5713,249.71001,46698
2026-01-22 17:09:00,249.69,249.71001,249.59,249.69,27225
2026-01-22 17:10:00,249.7,249.75,249.685,249.69501,25139
2026-01-22 17:11:00,249.7,249.77,249.63,249.67,44856
2026-01-22 17:12:00,249.64999,249.67999,249.58,249.66,29350
2026-01-22 17:13:00,249.66,249.75,249.66,249.69991,30928
2026-01-22 17:14:00,249.7,249.71001,249.64,249.66,29437
2026-01-22 17:15:00,249.66,249.745,249.66,249.69,24851
2026-01-22 17:16:00,249.67999,249.7798,249.673,249.75999,30502
2026-01-22 17:17:00,249.77,249.78999,249.62,249.62,27372
2026-01-22 17:18:00,249.62,249.72,249.61,249.71001,16348
2026-01-22 17:19:00,249.71001,249.74001,249.69,249.735,23469
2026-01-22 17:20:00,249.735,249.88,249.70799,249.75,37223
2026-01-22 17:21:00,249.75,249.82001,249.73,249.8,30028
2026-01-22 17:22:00,249.81,249.82001,249.64,249.64,34267
2026-01-22 17:23:00,249.66499,249.75999,249.66499,249.7401,19037
2026-01-22 17:24:00,249.755,249.78999,249.73,249.74001,21923
2026-01-22 17:25:00,249.745,249.8,249.72,249.735,27597
2026-01-22 17:26:00,249.75,249.77,249.73,249.74001,17279
2026-01-22 17:27:00,249.75,249.75,249.645,249.66,53298
2026-01-22 17:28:00,249.66,249.71001,249.63,249.64999,27989
2026-01-22 17:29:00,249.67,249.7477,249.67,249.74001,26308
2026-01-22 17:30:00,249.75,249.83,249.7301,249.77499,33065
2026-01-22 17:31:00,249.77,249.84,249.77,249.82001,20341
2026-01-22 17:32:00,249.825,249.96001,249.825,249.95,31622
2026-01-22 17:33:00,249.95,249.97,249.89999,249.965,19627
2026-01-22 17:34:00,249.9799,250.07001,249.96001,250.02,39723
2026-01-22 17:35:00,250.035,250.19501,250.035,250.16541,36827
2026-01-22 17:36:00,250.155,250.22,250.10001,250.2106,32676
2026-01-22 17:37:00,250.22501,250.28999,250.19,250.27,36575
2026-01-22 17:38:00,250.27,250.3,250.24001,250.28,33255
2026-01-22 17:39:00,250.28,250.3533,250.12,250.21001,61043
2026-01-22 17:40:00,250.2,250.46001,250.2,250.455,35320
2026-01-22 17:41:00,250.455,250.50999,250.427,250.49001,35224
2026-01-22 17:42:00,250.4801,250.5275,250.45,250.46001,22187
2026-01-22 17:43:00,250.46899,250.46899,250.28999,250.39,32850
2026-01-22 17:44:00,250.35001,250.35001,250.2,250.27,32190
2026-01-22 17:45:00,250.27,250.27,250.14999,250.235,32630
2026-01-22 17:46:00,250.22,250.22791,250.07001,250.12,29706
2026-01-22 17:47:00,250.10049,250.28,250.06,250.27,29645
2026-01-22 17:48:00,250.25999,250.27,250.17,250.174,31471
2026-01-22 17:49:00,250.16,250.17,250.08501,250.13,26932
2026-01-22 17:50:00,250.12,250.27,250.10001,250.19009,26145
2026-01-22 17:51:00,250.19,250.19009,250.11349,250.13,23727
2026-01-22 17:52:00,250.14,250.17,250.11,250.13499,23697
2026-01-22 17:53:00,250.13499,250.1716,250.11,250.14999,23909
2026-01-22 17:54:00,250.14999,250.20419,250.13499,250.19501,22722
2026-01-22 17:55:00,250.19,250.19,250.075,250.08,27076
2026-01-22 17:56:00,250.07001,250.09779,250.03999,250.08,28616
2026-01-22 17:57:00,250.08,250.19,250.0701,250.17,25118
2026-01-22 17:58:00,250.17,250.2099,250.14999,250.19901,29616
2026-01-22 17:59:00,250.19,250.22,250.14999,250.14999,28470
2026-01-22 18:00:00,250.12,250.1201,250.03,250.08009,30742
2026-01-22 18:01:00,250.09,250.28,250.065,250.17999,56796
2026-01-22 18:02:00,250.14999,250.159,250.03011,250.07001,39411
2026-01-22 18:03:00,250.05,250.05,249.73,249.91,73418
2026-01-22 18:04:00,249.91,249.95,249.8942,249.9473,18289
2026-01-22 18:05:00,249.9425,250.0,249.9001,249.96001,25667
2026-01-22 18:06:00,249.9791,250.11,249.95,250.09,30211
2026-01-22 18:07:00,250.10001,250.1199,250.075,250.099,20486
2026-01-22 18:08:00,250.10001,250.22,250.07001,250.10001,25953
2026-01-22 18:09:00,250.09,250.1601,250.03,250.14999,27771
2026-01-22 18:10:00,250.14999,250.17999,250.07001,250.07001,29486
2026-01-22 18:11:00,250.0791,250.105,249.92999,249.9491,22003
2026-01-22 18:12:00,249.96001,250.12,249.96001,250.03999,26965
2026-01-22 18:13:00,250.05499,250.16,250.00999,250.13499,16507
2026-01-22 18:14:00,250.12,250.14999,249.98,250.007,18474
2026-01-22 18:15:00,250.00999,250.12,250.0,250.065,20017
2026-01-22 18:16:00,250.05,250.10001,249.99001,250.09,18471
2026-01-22 18:17:00,250.095,250.12,250.02,250.10001,37865
2026-01-22 18:18:00,250.10001,250.117,250.07001,250.11,25199
2026-01-22 18:19:00,250.095,250.14,250.091,250.1152,11847
2026-01-22 18:20:00,250.11,250.19,250.09509,250.125,28226
2026-01-22 18:21:00,250.12,250.22,250.12,250.14999,26797
2026-01-22 18:22:00,250.17,250.34,250.17,250.33,23185
2026-01-22 18:23:00,250.34,250.47501,250.34,250.47501,42039
2026-01-22 18:24:00,250.46001,250.55,250.3,250.535,36884
2026-01-22 18:25:00,250.535,250.60001,250.47,250.5,57606
2026-01-22 18:26:00,250.5,250.5658,250.46001,250.54449,25552
2026-01-22 18:27:00,250.54021,250.69991,250.53999,250.69991,30374
2026-01-22 18:28:00,250.69501,250.82001,250.69009,250.77,34251
2026-01-22 18:29:00,250.78999,250.81,250.67,250.67999,41112
2026-01-22 18:30:00,250.67,250.67,250.53,250.53,33316
2026-01-22 18:31:00,250.53999,250.6825,250.5351,250.57001,26285
2026-01-22 18:32:00,250.56261,250.6599,250.44,250.4594,40125
2026-01-22 18:33:00,250.46001,250.53,250.44,250.53,31905
2026-01-22 18:34:00,250.50999,250.53,250.35001,250.36501,37337
2026-01-22 18:35:00,250.35001,250.39,250.2601,250.36011,31190
2026-01-22 18:36:00,250.375,250.425,250.33,250.33,41051
2026-01-22 18:37:00,250.32001,250.35001,250.23,250.2401,35777
2026-01-22 18:38:00,250.25079,250.28,250.1501,250.19501,36362
2026-01-22 18:39:00,250.2099,250.2399,250.1344,250.2,29779
2026-01-22 18:40:00,250.19991,250.25999,250.17,250.215,18011
2026-01-22 18:41:00,250.22009,250.34,250.17,250.325,20560
2026-01-22 18:42:00,250.32001,250.32001,250.24001,250.3,16908
2026-01-22 18:43:00,250.32001,250.33,250.19,250.215,28264
2026-01-22 18:44:00,250.22,250.22501,250.10001,250.2,24377
2026-01-22 18:45:00,250.19,250.285,250.18539,250.27,16498
2026-01-22 18:46:00,250.28,250.2899,250.17999,250.18381,23326
2026-01-22 18:47:00,250.185,250.21989,250.12,250.20461,27054
2026-01-22 18:48:00,250.2,250.22,250.17999,250.19501,16032
2026-01-22 18:49:00,250.22701,250.28999,250.205,250.21001,20517
2026-01-22 18:50:00,250.2162,250.3,250.2,250.25,14884
2026-01-22 18:51:00,250.25999,250.35001,250.25999,250.31,19107
2026-01-22 18:52:00,250.28011,250.36501,250.27,250.33,28954
2026-01-22 18:53:00,250.34,250.35001,250.22501,250.28999,18174
2026-01-22 18:54:00,250.28,250.38,250.28,250.37,16632
2026-01-22 18:55:00,250.36,250.39999,250.34,250.355,18929
2026-01-22 18:56:00,250.34801,250.38,250.34,250.36,17666
2026-01-22 18:57:00,250.35001,250.35001,250.2101,250.28999,24843
2026-01-22 18:58:00,250.28,250.37,249.75011,250.09,158751
2026-01-22 18:59:00,250.13,250.3385,250.13,250.22,40079
2026-01-22 19:00:00,250.2399,250.38,250.22,250.35001,35106
2026-01-22 19:01:00,250.33,250.41991,250.33,250.35001,36523
2026-01-22 19:02:00,250.35001,250.59,250.33,250.59,41996
2026-01-22 19:03:00,250.58,250.73,250.55,250.701,39410
2026-01-22 19:04:00,250.7,250.7999,250.67,250.7299,30428
2026-01-22 19:05:00,250.70441,250.78999,250.62,250.72501,59604
2026-01-22 19:06:00,250.7598,250.78999,250.64,250.67999,47148
2026-01-22 19:07:00,250.67101,250.74001,250.64999,250.69,29203
2026-01-22 19:08:00,250.7,250.72,250.63,250.63,23473
2026-01-22 19:09:00,250.63,250.72,250.61,250.71001,30515
2026-01-22 19:10:00,250.72,250.73,250.64,250.69501,27634
2026-01-22 19:11:00,250.69501,250.875,250.6893,250.85001,39109
2026-01-22 19:12:00,250.855,250.91,250.82001,250.89999,91015
2026-01-22 19:13:00,250.91,251.0,250.88,250.89999,78213
2026-01-22 19:14:00,250.896,250.92999,250.81,250.845,39453
2026-01-22 19:15:00,250.8246,250.8401,250.7675,250.793,38031
2026-01-22 19:16:00,250.78999,250.87,250.74001,250.86,28446
2026-01-22 19:17:00,250.87,250.88,250.7709,250.78999,42802
2026-01-22 19:18:00,250.7999,250.85001,250.74001,250.79559,26509
2026-01-22 19:19:00,250.8,250.81,250.685,250.7,29449
2026-01-22 19:20:00,250.71001,250.74001,250.685,250.71001,23469
2026-01-22 19:21:00,250.71001,250.83,250.71001,250.83,22652
2026-01-22 19:22:00,250.83,250.86,250.795,250.86,25077
2026-01-22 19:23:00,250.89,250.94,250.86,250.94,24494
2026-01-22 19:24:00,250.92999,250.94,250.87,250.92,26294
2026-01-22 19:25:00,250.91,250.92,250.86,250.895,46280
2026-01-22 19:26:00,250.895,250.8999,250.82001,250.82001,24923
2026-01-22 19:27:00,250.8,250.86,250.75999,250.82001,20308
2026-01-22 19:28:00,250.82001,250.82001,250.52,250.53,46966
2026-01-22 19:29:00,250.53,250.55,250.45,250.52,60668
2026-01-22 19:30:00,250.50999,250.625,250.49001,250.60001,36832
2026-01-22 19:31:00,250.61,250.62,250.45,250.455,41234
2026-01-22 19:32:00,250.46001,250.53999,250.45,250.47501,32711
2026-01-22 19:33:00,250.47501,250.48,250.41499,250.4599,19597
2026-01-22 19:34:00,250.46001,250.48,250.38,250.39999,27221
2026-01-22 19:35:00,250.39999,250.495,250.39,250.39999,86842
2026-01-22 19:36:00,250.39999,250.49001,250.25,250.28,92995
2026-01-22 19:37:00,250.28909,250.28999,250.07001,250.27,63817
2026-01-22 19:38:00,250.27,250.28,250.16,250.16499,28522
2026-01-22 19:39:00,250.19,250.19,249.75999,249.92,102231
2026-01-22 19:40:00,249.89999,249.97,249.85001,249.87,64425
2026-01-22 19:41:00,249.87,249.91,249.83009,249.89999,32562
2026-01-22 19:42:00,249.89,249.92,249.78999,249.83,48915
2026-01-22 19:43:00,249.81,249.883,249.7,249.72,42603
2026-01-22 19:44:00,249.72501,249.72501,249.52,249.53,70737
2026-01-22 19:45:00,249.52,249.60001,249.295,249.3101,123914
2026-01-22 19:46:00,249.32001,249.42,249.3,249.39,67374
2026-01-22 19:47:00,249.39999,249.56,249.39,249.45,57564
2026-01-22 19:48:00,249.45,249.46001,249.25999,249.2668,61392
2026-01-22 19:49:00,249.2601,249.31531,249.22501,249.24001,49262
2026-01-22 19:50:00,249.24001,249.33,249.2,249.325,81849
2026-01-22 19:51:00,249.33,249.39999,249.27,249.395,58273
2026-01-22 19:52:00,249.39,249.39,249.2,249.25771,72374
2026-01-22 19:53:00,249.25,249.25,249.14,249.1899,41186
2026-01-22 19:54:00,249.1899,249.25,249.14,249.175,48920
2026-01-22 19:55:00,249.17,249.26981,249.14999,249.21001,41692
2026-01-22 19:56:00,249.22,249.22,248.83,249.0192,140729
2026-01-22 19:57:00,249.02,249.08,248.99001,249.03999,26187
2026-01-22 19:58:00,249.03,249.05,248.83501,248.88,36034
2026-01-22 19:59:00,248.8833,248.8833,248.76981,248.88,60083
2026-01-22 20:00:00,248.86,249.00999,248.81,248.97,90319
2026-01-22 20:01:00,248.98,249.03999,248.91,248.92999,46555
2026-01-22 20:02:00,248.9299,249.00999,248.91,249.0,38130
2026-01-22 20:03:00,249.00999,249.145,249.0,249.13,44474
2026-01-22 20:04:00,249.13,249.17,249.03011,249.03011,55945
2026-01-22 20:05:00,249.0,249.09,249.0,249.06,34822
2026-01-22 20:06:00,249.07001,249.0999,249.045,249.06,34208
2026-01-22 20:07:00,249.05,249.05,248.96001,248.99001,32191
2026-01-22 20:08:00,248.995,249.09,248.99001,249.0,44847
2026-01-22 20:09:00,248.995,249.03999,248.97,249.02499,43229
2026-01-22 20:10:00,249.035,249.13,249.00999,249.13,40034
2026-01-22 20:11:00,249.13,249.21989,249.07001,249.09,47403
2026-01-22 20:12:00,249.09,249.11,249.03999,249.08,37005
2026-01-22 20:13:00,249.075,249.105,249.02,249.05,32984
2026-01-22 20:14:00,249.05,249.07001,249.0,249.06,43087
2026-01-22 20:15:00,249.084,249.17,249.02,249.02,48342
2026-01-22 20:16:00,249.00999,249.02,248.99001,249.00999,41722
2026-01-22 20:17:00,249.005,249.00999,248.95,248.98,35268
2026-01-22 20:18:00,248.99001,249.02991,248.95,249.015,39524
2026-01-22 20:19:00,249.015,249.03999,248.95,248.96001,66789
2026-01-22 20:20:00,248.96001,248.99001,248.89999,248.92999,62709
2026-01-22 20:21:00,248.94,249.03,248.75,248.78999,140580
2026-01-22 20:22:00,248.78999,248.82001,248.62,248.67,76352
2026-01-22 20:23:00,248.66,248.73,248.6201,248.72,38351
2026-01-22 20:24:00,248.71001,248.8,248.655,248.67999,52598
2026-01-22 20:25:00,248.67,248.67,248.44051,248.55,81735
2026-01-22 20:26:00,248.55,248.55499,248.35001,248.4399,79845
2026-01-22 20:27:00,248.41,248.4299,248.285,248.34,68937
2026-01-22 20:28:00,248.33,248.409,248.27,248.3334,39357
2026-01-22 20:29:00,248.35001,248.52,248.26511,248.37,59790
2026-01-22 20:30:00,248.34,248.60001,248.31,248.53999,52343
2026-01-22 20:31:00,248.545,248.64,248.45,248.50999,50202
2026-01-22 20:32:00,248.50999,248.85001,248.50999,248.84,59012
2026-01-22 20:33:00,248.845,248.845,248.74001,248.78999,34035
2026-01-22 20:34:00,248.8,248.81,248.53,248.67999,43340
2026-01-22 20:35:00,248.67841,248.67999,248.495,248.53999,47389
2026-01-22 20:36:00,248.53999,248.5692,248.39,248.50999,67190
2026-01-22 20:37:00,248.49001,248.60001,248.44,248.59,30739
2026-01-22 20:38:00,248.58,248.63,248.50011,248.61,39360
2026-01-22 20:39:00,248.60989,248.64,248.53999,248.53999,41078
2026-01-22 20:40:00,248.53999,248.64,248.52,248.53,62761
2026-01-22 20:41:00,248.52,248.56,248.39,248.39,34258
2026-01-22 20:42:00,248.39,248.5,248.38,248.44501,37371
2026-01-22 20:43:00,248.47,248.75,248.46001,248.7,60134
2026-01-22 20:44:00,248.71001,248.78,248.545,248.63,83361
2026-01-22 20:45:00,248.60989,248.77,248.58,248.74001,46240
2026-01-22 20:46:00,248.73,248.755,248.60001,248.6599,34954
2026-01-22 20:47:00,248.64999,248.785,248.625,248.78,34636
2026-01-22 20:48:00,248.78999,248.82001,248.75011,248.78,31280
2026-01-22 20:49:00,248.77,248.7982,248.65511,248.75,41081
2026-01-22 20:50:00,248.75,248.92,248.67,248.67081,90477
2026-01-22 20:51:00,248.67,248.86,248.64,248.82001,107236
2026-01-22 20:52:00,248.81,248.81,248.63,248.75999,65253
2026-01-22 20:53:00,248.77,248.795,248.66,248.72,66646
2026-01-22 20:54:00,248.71001,248.8999,248.535,248.565,89906
2026-01-22 20:55:00,248.58,248.75,248.325,248.325,116705
2026-01-22 20:56:00,248.32001,248.35001,248.22501,248.255,209780
2026-01-22 20:57:00,248.255,248.27,248.18111,248.235,182442
2026-01-22 20:58:00,248.2301,248.2999,248.19,248.245,9133245
2026-01-22 20:59:00,248.245,248.42,248.17999,248.34,120348
2026-01-23 14:30:00,245.75,245.75,245.63,245.63,1357817
2026-01-23 14:31:00,245.92999,245.95,245.89999,245.91,290434
2026-01-23 14:32:00,245.89999,246.07001,245.64,245.8398,135207
2026-01-23 14:33:00,245.84,246.28259,245.71001,246.25999,130772
2026-01-23 14:34:00,246.25999,246.48,246.08,246.315,122099
2026-01-23 14:35:00,246.30499,246.33,245.715,245.965,127478
2026-01-23 14:36:00,245.965,246.015,245.61,245.92999,138668
2026-01-23 14:37:00,245.93401,246.14,245.8,245.99001,112961
2026-01-23 14:38:00,245.64999,245.64999,245.64999,245.64999,106529
2026-01-23 14:39:00,245.64,245.81,245.33411,245.45,123373
2026-01-23 14:40:00,245.67999,245.67999,245.67999,245.67999,159605
2026-01-23 14:41:00,245.67,245.78999,245.55,245.67,167766
2026-01-23 14:42:00,245.64999,245.69749,245.41,245.44,115315
2026-01-23 14:43:00,245.45,245.61,245.44,245.55499,98435
2026-01-23 14:44:00,245.545,245.89999,245.4592,245.83009,101619
2026-01-23 14:45:00,245.83,245.95,245.53999,245.6255,136672
2026-01-23 14:46:00,245.57001,245.84,245.3,245.315,145368
2026-01-23 14:47:00,244.9599,244.9599,244.9445,244.9445,416115
2026-01-23 14:48:00,244.9492,245.0,244.72,244.77341,150788
2026-01-23 14:49:00,244.77499,244.82001,244.67999,244.72,158521
2026-01-23 14:50:00,244.7,245.0,244.7,244.89,118337
2026-01-23 14:51:00,244.87,245.42,244.845,245.35001,149611
2026-01-23 14:52:00,245.37,245.53999,245.28,245.53,88498
2026-01-23 14:53:00,245.86,245.86,245.50999,245.86,77041
2026-01-23 14:54:00,245.8692,246.03999,245.8,246.035,104838
2026-01-23 14:55:00,246.03999,246.06,245.91499,246.015,69065
2026-01-23 14:56:00,246.015,246.27361,246.0,246.12511,130896
2026-01-23 14:57:00,246.125,246.15649,245.55,245.58501,101579
2026-01-23 14:58:00,245.59,245.86,245.57001,245.8499,89179
2026-01-23 14:59:00,245.81,246.03999,245.81,245.89,86932
2026-01-23 15:00:00,245.92,246.12,245.85001,245.905,75586
2026-01-23 15:01:00,245.94501,246.19,245.86,246.145,62901
2026-01-23 15:02:00,246.12,246.37,246.12,246.27,92465
2026-01-23 15:03:00,246.27,246.33501,246.09,246.23,99615
2026-01-23 15:04:00,246.25,246.45,246.17999,246.30499,88067
2026-01-23 15:05:00,246.4301,246.45,246.4301,246.45,73408
2026-01-23 15:06:00,246.44501,246.44501,246.23,246.28999,104473
2026-01-23 15:07:00,246.28,246.38,246.06,246.2,63952
2026-01-23 15:08:00,246.19,246.25,246.0601,246.09,61559
2026-01-23 15:09:00,246.08,246.25999,246.06,246.25,72539
2026-01-23 15:10:00,246.23,246.27,246.08,246.12,62022
2026-01-23 15:11:00,246.13,246.185,246.0,246.08,93415
2026-01-23 15:12:00,246.06509,246.25999,245.88,246.2099,64678
2026-01-23 15:13:00,246.19,246.25,246.035,246.12,49883
2026-01-23 15:14:00,246.08,246.116,245.81,245.95,57192
2026-01-23 15:15:00,245.94,246.00999,245.85001,245.98,56106
2026-01-23 15:16:00,245.96001,246.05,245.88,245.92999,62610
2026-01-23 15:17:00,245.9201,245.92999,245.71001,245.87,72676
2026-01-23 15:18:00,245.89999,246.09,245.89999,245.98,62850
2026-01-23 15:19:00,245.99001,246.005,245.81,245.925,57543
2026-01-23 15:20:00,245.95,246.16,245.87,246.1499,71115
2026-01-23 15:21:00,246.13,246.42999,246.13,246.38,126079
2026-01-23 15:22:00,246.42,246.99001,246.42,246.98,116096
2026-01-23 15:23:00,246.97,246.97501,246.77,246.88499,130843
2026-01-23 15:24:00,246.91,247.10001,246.89999,247.05,104838
2026-01-23 15:25:00,247.06,247.14999,247.00999,247.12,77255
2026-01-23 15:26:00,247.11,247.19,247.06,247.07001,63563
2026-01-23 15:27:00,247.03,247.10989,246.91,247.03,63489
2026-01-23 15:28:00,247.0639,247.24001,247.05,247.095,61316
2026-01-23 15:29:00,247.095,247.1499,247.005,247.0101,41538
2026-01-23 15:30:00,247.02,247.1541,246.97,247.10001,57691
2026-01-23 15:31:00,247.08031,247.3325,247.08,247.3325,46667
2026-01-23 15:32:00,247.31,247.39,247.16,247.17,60988
2026-01-23 15:33:00,247.1799,247.24001,247.06,247.205,40860
2026-01-23 15:34:00,247.17,247.3,247.13,247.17,39732
2026-01-23 15:35:00,247.1701,247.47009,247.17,247.44501,56015
2026-01-23 15:36:00,247.44,247.60001,247.41,247.595,69335
2026-01-23 15:37:00,247.60989,247.91,247.605,247.89,62103
2026-01-23 15:38:00,247.89,248.03999,247.88,248.00999,93475
2026-01-23 15:39:00,248.02499,248.23,248.00999,248.14,78474
2026-01-23 15:40:00,248.16,248.19,247.78,248.0278,99481
2026-01-23 15:41:00,248.05,248.21001,248.03999,248.1935,36890
2026-01-23 15:42:00,248.19501,248.33501,248.08,248.08681,70996
2026-01-23 15:43:00,248.09,248.17999,248.02,248.09,67614
2026-01-23 15:44:00,248.08,248.16,247.97501,248.03999,52281
2026-01-23 15:45:00,248.061,248.10001,247.85001,248.05009,68507
2026-01-23 15:46:00,248.10001,248.32001,248.10001,248.32001,53921
2026-01-23 15:47:00,248.3399,248.41499,248.28,248.33501,91728
2026-01-23 15:48:00,248.33501,248.52,248.25999,248.46001,77242
2026-01-23 15:49:00,248.47501,248.69,248.38,248.66,54836
2026-01-23 15:50:00,248.645,248.81,248.5101,248.55,59394
2026-01-23 15:51:00,248.58,248.87,248.58,248.86,44598
2026-01-23 15:52:00,248.86,248.97,248.75011,248.91,62070
2026-01-23 15:53:00,248.96001,249.11,248.91,249.105,60438
2026-01-23 15:54:00,249.0909,249.22,249.09,249.19,56778
2026-01-23 15:55:00,249.215,249.3,249.14,249.16499,54956
2026-01-23 15:56:00,249.16499,249.3,249.12019,249.14,68669
2026-01-23 15:57:00,249.13,249.14999,248.89,248.91991,93238
2026-01-23 15:58:00,248.8844,248.98,248.8,248.959,44953
2026-01-23 15:59:00,248.955,249.0,248.83,248.98,53122
2026-01-23 16:00:00,248.98,249.3,248.98,249.25999,45415
2026-01-23 16:01:00,249.28999,249.41,249.17,249.33,69376
2026-01-23 16:02:00,249.3418,249.37,249.0,249.10001,58230
2026-01-23 16:03:00,249.105,249.22,248.97,249.11,47322
2026-01-23 16:04:00,249.10001,249.13,249.00011,249.08,38278
2026-01-23 16:05:00,249.10001,249.11,248.78,248.86,61968
2026-01-23 16:06:00,248.87,248.89,248.64011,248.82001,70185
2026-01-23 16:07:00,248.82001,248.89,248.73,248.81,49462
2026-01-23 16:08:00,248.772,248.91,248.73,248.90961,38699
2026-01-23 16:09:00,248.895,249.19,248.88,249.175,44957
2026-01-23 16:10:00,249.19,249.19501,249.11,249.14999,44711
2026-01-23 16:11:00,249.06,249.06,249.06,249.06,35212
2026-01-23 16:12:00,249.00999,249.11,248.92,248.97,35148
2026-01-23 16:13:00,248.98,249.05,248.88,248.92999,37438
2026-01-23 16:14:00,248.925,248.9334,248.8,248.83,40807
2026-01-23 16:15:00,248.8284,248.935,248.82001,248.88499,38831
2026-01-23 16:16:00,248.87,248.88499,248.66,248.6745,38423
2026-01-23 16:17:00,248.67,248.72,248.62,248.7177,53768
2026-01-23 16:18:00,248.72,248.87,248.69501,248.86,46569
2026-01-23 16:19:00,248.87,248.87,248.66,248.66,26008
2026-01-23 16:20:00,248.64999,248.7,248.61011,248.64999,26144
2026-01-23 16:21:00,248.67,248.77,248.64999,248.655,30458
2026-01-23 16:22:00,248.63499,248.63499,248.39999,248.42999,85804
2026-01-23 16:23:00,248.425,248.46001,248.325,248.44,96232
2026-01-23 16:24:00,248.46001,248.56,248.4301,248.53,44655
2026-01-23 16:25:00,248.53999,248.60001,248.4801,248.53999,22537
2026-01-23 16:26:00,248.535,248.60001,248.5275,248.55,25350
2026-01-23 16:27:00,248.545,248.55,248.37,248.37,46005
2026-01-23 16:28:00,248.35001,248.41,248.28,248.33,47178
2026-01-23 16:29:00,248.34,248.45,248.31,248.35001,56595
2026-01-23 16:30:00,248.37,248.5,248.32001,248.32001,38696
2026-01-23 16:31:00,248.2843,248.30009,248.105,248.14999,63424
2026-01-23 16:32:00,248.1499,248.1499,247.91,247.9218,43973
2026-01-23 16:33:00,247.92,248.17999,247.88,248.0401,53666
2026-01-23 16:34:00,248.05,248.11,248.0,248.06,41640
2026-01-23 16:35:00,248.09,248.19,248.00999,248.09,51276
2026-01-23 16:36:00,248.08501,248.33,248.03999,248.33,52576
2026-01-23 16:37:00,248.3401,248.64,248.33,248.64,50196
2026-01-23 16:38:00,248.64,248.67999,248.61,248.67999,28907
2026-01-23 16:39:00,248.67,248.70689,248.58,248.64,60984
2026-01-23 16:40:00,248.515,248.69,248.515,248.515,38708
2026-01-23 16:41:00,248.5,248.5,248.5,248.5,43883
2026-01-23 16:42:00,248.495,248.52,248.37,248.39,33080
2026-01-23 16:43:00,248.395,248.42999,248.33,248.39999,32056
2026-01-23 16:44:00,248.39,248.435,248.3,248.31,60597
2026-01-23 16:45:00,248.31,248.32001,248.03999,248.07001,35960
2026-01-23 16:46:00,248.05,248.25999,248.05,248.25999,33300
2026-01-23 16:47:00,248.25,248.3,248.24001,248.27,26393
2026-01-23 16:48:00,248.27,248.34,248.25,248.28999,23632
2026-01-23 16:49:00,248.44,248.5,248.315,248.44,38654
2026-01-23 16:50:00,248.42999,248.5,248.42999,248.49001,26724
2026-01-23 16:51:00,248.49001,248.63,248.49001,248.49001,44337
2026-01-23 16:52:00,248.5,248.52341,248.42,248.42,29678
2026-01-23 16:53:00,248.435,248.435,248.2101,248.25999,51068
2026-01-23 16:54:00,248.27,248.53,248.265,248.50999,55174
2026-01-23 16:55:00,248.50999,248.55,248.45,248.55,41363
2026-01-23 16:56:00,248.36,248.55,248.33,248.36,24282
2026-01-23 16:57:00,248.34,248.42,248.32001,248.42,25005
2026-01-23 16:58:00,248.42,248.42,248.22,248.265,26376
2026-01-23 16:59:00,248.27,248.3,248.05,248.24001,54417
2026-01-23 17:00:00,248.24001,248.24001,248.0106,248.06,63314
2026-01-23 17:01:00,248.08,248.1394,248.03,248.065,22559
2026-01-23 17:02:00,248.08,248.14999,248.05499,248.08,14143
2026-01-23 17:03:00,248.11,248.14,247.88,247.92999,45386
2026-01-23 17:04:00,247.92999,248.2095,247.92999,248.155,40851
2026-01-23 17:05:00,248.2,248.23,248.0,248.08,38577
2026-01-23 17:06:00,248.07449,248.10001,248.03,248.08501,15265
2026-01-23 17:07:00,248.09,248.22,248.07001,248.0701,33670
2026-01-23 17:08:00,248.09,248.14999,248.09,248.13,21785
2026-01-23 17:09:00,248.17999,248.185,248.14999,248.14999,14084
2026-01-23 17:10:00,248.17,248.17,248.17,248.17,43477
2026-01-23 17:11:00,248.17999,248.25999,248.12,248.13811,31306
2026-01-23 17:12:00,248.09,248.185,248.0708,248.08,28843
2026-01-23 17:13:00,248.09,248.12,248.02,248.08,42001
2026-01-23 17:14:00,248.08,248.16,248.02499,248.05,46239
2026-01-23 17:15:00,248.125,248.14999,248.05,248.125,29929
2026-01-23 17:16:00,248.11,248.14,247.95,248.1301,73312
2026-01-23 17:17:00,248.16,248.25,248.14999,248.21989,28915
2026-01-23 17:18:00,248.215,248.25,248.13499,248.22,25959
2026-01-23 17:19:00,248.23,248.35921,248.2,248.33,25190
2026-01-23 17:20:00,248.31,248.36,248.25999,248.355,38536
2026-01-23 17:21:00,248.355,248.535,248.34,248.49001,37564
2026-01-23 17:22:00,248.5099,248.64,248.49001,248.58501,68031
2026-01-23 17:23:00,248.58,248.75,248.58,248.66,34356
2026-01-23 17:24:00,248.6799,248.67999,248.5,248.50999,33872
2026-01-23 17:25:00,248.63,248.64999,248.53,248.63,21618
2026-01-23 17:26:00,248.64799,248.7299,248.61,248.70081,15378
2026-01-23 17:27:00,248.7,248.75,248.6301,248.64,34690
2026-01-23 17:28:00,248.64999,248.685,248.62,248.64,32858
2026-01-23 17:29:00,248.66,248.8,248.66,248.7399,33344
2026-01-23 17:30:00,248.72,248.78,248.58,248.59,33881
2026-01-23 17:31:00,248.616,248.69,248.55,248.67,17867
2026-01-23 17:32:00,248.6859,248.7551,248.653,248.685,22021
2026-01-23 17:33:00,248.685,248.71001,248.59,248.59,18990
2026-01-23 17:34:00,248.61,248.6331,248.58,248.60001,21983
2026-01-23 17:35:00,248.595,248.7,248.595,248.6611,21805
2026-01-23 17:36:00,248.64999,248.77,248.64,248.7235,23510
2026-01-23 17:37:00,248.74001,248.80499,248.72501,248.8,23545
2026-01-23 17:38:00,248.8067,248.80991,248.67999,248.685,23389
2026-01-23 17:39:00,248.69,248.735,248.6201,248.67,21947
2026-01-23 17:40:00,248.66,248.66,248.41,248.465,33902
2026-01-23 17:41:00,248.465,248.48,248.27,248.27,31804
2026-01-23 17:42:00,248.24001,248.24001,248.0311,248.0446,54729
2026-01-23 17:43:00,248.03999,248.06,247.89301,247.96001,55899
2026-01-23 17:44:00,248.08,248.08,248.08,248.08,43038
2026-01-23 17:45:00,248.08,248.21989,248.05,248.14999,32410
2026-01-23 17:46:00,248.14,248.14999,247.78,247.84,67883
2026-01-23 17:47:00,247.84,248.11,247.81,248.11,71386
2026-01-23 17:48:00,248.095,248.19,248.00999,248.00999,42645
2026-01-23 17:49:00,248.03999,248.06,247.82001,247.94501,39418
2026-01-23 17:50:00,247.95,247.99001,247.87,247.92999,26388
2026-01-23 17:51:00,247.91,247.91,247.72,247.84711,46096
2026-01-23 17:52:00,247.84,247.84,247.61,247.64999,41960
2026-01-23 17:53:00,247.62,247.78999,247.61501,247.71001,23825
2026-01-23 17:54:00,247.7209,247.92999,247.7,247.88,30172
2026-01-23 17:55:00,247.8819,248.03,247.87199,248.0,31157
2026-01-23 17:56:00,248.005,248.005,247.765,247.82719,32515
2026-01-23 17:57:00,247.81,247.84,247.745,247.81,15872
2026-01-23 17:58:00,247.78999,247.89999,247.75999,247.78,22613
2026-01-23 17:59:00,247.77,247.8163,247.69,247.78999,26074
2026-01-23 18:00:00,247.77,247.85001,247.7,247.75999,92011
2026-01-23 18:01:00,247.77,247.88,247.73,247.85001,44958
2026-01-23 18:02:00,247.89,247.95,247.74001,247.85001,23231
2026-01-23 18:03:00,247.8425,247.95,247.82001,247.87,27953
2026-01-23 18:04:00,247.86,247.91,247.81,247.88499,18932
2026-01-23 18:05:00,247.89999,247.92999,247.655,247.69,25375
2026-01-23 18:06:00,247.7,247.81,247.64999,247.74001,23721
2026-01-23 18:07:00,247.74001,247.88,247.71001,247.82001,28396
2026-01-23 18:08:00,247.825,247.94,247.82001,247.89999,24990
2026-01-23 18:09:00,247.91,247.94,247.88,247.92999,13806
2026-01-23 18:10:00,247.92999,248.0,247.87,247.957,80395
2026-01-23 18:11:00,247.9899,248.06,247.9399,247.963,28636
2026-01-23 18:12:00,247.903,248.00999,247.78999,247.7984,45798
2026-01-23 18:13:00,247.78999,247.8,247.72,247.74001,22400
2026-01-23 18:14:00,247.735,247.75,247.69009,247.69769,20494
2026-01-23 18:15:00,247.705,247.8165,247.696,247.8,29451
2026-01-23 18:16:00,247.78999,247.97,247.74001,247.91,34793
2026-01-23 18:17:00,247.91499,247.98,247.91,247.94,21500
2026-01-23 18:18:00,247.95,248.0,247.94859,247.96001,29753
2026-01-23 18:19:00,247.96001,248.10001,247.9301,248.02,37916
2026-01-23 18:20:00,248.0,248.015,247.88,247.9846,15556
2026-01-23 18:21:00,248.0,248.12,248.0,248.0056,39625
2026-01-23 18:22:00,248.00011,248.0882,247.98,248.08501,30750
2026-01-23 18:23:00,248.08501,248.10001,248.03,248.03,20725
2026-01-23 18:24:00,248.00999,248.035,247.97,248.03,27032
2026-01-23 18:25:00,248.015,248.16,248.00999,248.10001,19655
2026-01-23 18:26:00,248.10001,248.10001,247.925,247.95,26695
2026-01-23 18:27:00,247.95,247.99001,247.89,247.91499,22375
2026-01-23 18:28:00,247.94,247.96001,247.89,247.92,27936
2026-01-23 18:29:00,247.92999,247.96001,247.91,247.92999,13933
2026-01-23 18:30:00,247.96001,248.02991,247.91,247.91,34564
2026-01-23 18:31:00,247.9201,247.98,247.9201,247.98,13635
2026-01-23 18:32:00,247.98,248.0,247.92,247.92,20646
2026-01-23 18:33:00,247.92,247.92,247.72,247.72,30957
2026-01-23 18:34:00,247.7384,247.83,247.64,247.7384,47008
2026-01-23 18:35:00,247.75,247.84,247.75,247.815,23433
2026-01-23 18:36:00,247.825,247.85001,247.66,247.7,42576
2026-01-23 18:37:00,247.7,247.77,247.679,247.6801,23823
2026-01-23 18:38:00,247.7099,247.73,247.61,247.71001,24078
2026-01-23 18:39:00,247.72,247.77,247.59,247.64999,77393
2026-01-23 18:40:00,247.64999,247.715,247.53,247.53,32544
2026-01-23 18:41:00,247.53,247.55,247.34,247.4001,64907
2026-01-23 18:42:00,247.41,247.485,247.395,247.48,33082
2026-01-23 18:43:00,247.47501,247.49001,247.38,247.38049,34132
2026-01-23 18:44:00,247.39,247.42999,247.38,247.39,20439
2026-01-23 18:45:00,247.38,247.38,247.22,247.27,53740
2026-01-23 18:46:00,247.265,247.28,247.105,247.1602,38284
2026-01-23 18:47:00,247.155,247.25999,247.14,247.14999,29471
2026-01-23 18:48:00,247.14999,247.16,247.03999,247.10001,50243
2026-01-23 18:49:00,247.10001,247.145,247.10001,247.13,28699
2026-01-23 18:50:00,247.13499,247.22,246.97,247.02,58409
2026-01-23 18:51:00,247.03999,247.1696,247.03999,247.06,34245
2026-01-23 18:52:00,247.06,247.27,247.06,247.235,41349
2026-01-23 18:53:00,247.235,247.36,247.14,247.16029,57452
2026-01-23 18:54:00,247.1716,247.23,247.095,247.185,24213
2026-01-23 18:55:00,247.19,247.4516,247.16,247.2383,45749
2026-01-23 18:56:00,247.255,247.44,247.245,247.355,41151
2026-01-23 18:57:00,247.36,247.42999,247.33009,247.39,18695
2026-01-23 18:58:00,247.41,247.53,247.37,247.505,16944
2026-01-23 18:59:00,247.49631,247.56,247.49001,247.52,35174
2026-01-23 19:00:00,247.53,247.66,247.23,247.35001,69891
2026-01-23 19:01:00,247.355,247.47501,247.355,247.41,30242
2026-01-23 19:02:00,247.39999,247.49001,247.33,247.39999,50865
2026-01-23 19:03:00,247.405,247.53,247.39999,247.41,26508
2026-01-23 19:04:00,247.40511,247.40511,247.295,247.295,19953
2026-01-23 19:05:00,247.31,247.34,247.27,247.311,19663
2026-01-23 19:06:00,247.32001,247.46001,247.31,247.42999,83220
2026-01-23 19:07:00,247.42,247.5499,247.3961,247.52499,31883
2026-01-23 19:08:00,247.535,247.64,247.39,247.5406,48975
2026-01-23 19:09:00,247.55,247.57001,247.465,247.53011,34924
2026-01-23 19:10:00,247.55499,247.61,247.52921,247.55,31700
2026-01-23 19:11:00,247.56,247.57001,247.31,247.31,35919
2026-01-23 19:12:00,247.32001,247.855,247.32001,247.81,114439
2026-01-23 19:13:00,247.85001,247.88,247.72,247.72,34555
2026-01-23 19:14:00,247.72,247.85001,247.66,247.77,31631
2026-01-23 19:15:00,247.755,247.81,247.67,247.78,34811
2026-01-23 19:16:00,247.78011,247.78011,247.64,247.67,38621
2026-01-23 19:17:00,247.655,247.7,247.53999,247.55499,28050
2026-01-23 19:18:00,247.55,247.685,247.55,247.64999,42167
2026-01-23 19:19:00,247.64,247.69,247.64,247.64999,19351
2026-01-23 19:20:00,247.67,247.78,247.64,247.77,23928
2026-01-23 19:21:00,247.75,247.83,247.75,247.80991,42216
2026-01-23 19:22:00,247.78999,247.89999,247.74001,247.89,46389
2026-01-23 19:23:00,247.89,247.92,247.8101,247.91,27548
2026-01-23 19:24:00,247.91,247.98,247.91,247.98,26774
2026-01-23 19:25:00,247.99001,248.00999,247.94,247.95,26082
2026-01-23 19:26:00,247.72,247.94,247.72,247.72,49124
2026-01-23 19:27:00,247.73,247.7886,247.73,247.77,18630
2026-01-23 19:28:00,247.77,247.78999,247.59,247.60001,32245
2026-01-23 19:29:00,247.58,247.62,247.47,247.47501,71557
2026-01-23 19:30:00,247.47,247.5399,247.405,247.52991,25774
2026-01-23 19:31:00,247.52,247.56059,247.495,247.55,35218
2026-01-23 19:32:00,247.55499,247.8,247.53,247.77,52992
2026-01-23 19:33:00,247.75999,247.785,247.72,247.77,25371
2026-01-23 19:34:00,247.77,247.77,247.66,247.72,25054
2026-01-23 19:35:00,247.73,247.87,247.72,247.86,23245
2026-01-23 19:36:00,247.87,247.87,247.78999,247.8,26280
2026-01-23 19:37:00,247.8,247.815,247.72,247.77499,15090
2026-01-23 19:38:00,247.75999,247.75999,247.61,247.72,29570
2026-01-23 19:39:00,247.71001,247.765,247.69009,247.73,13175
2026-01-23 19:40:00,247.74001,247.78999,247.71001,247.78,26728
2026-01-23 19:41:00,247.78,247.80991,247.69,247.8,28530
2026-01-23 19:42:00,247.78999,247.97,247.78999,247.95,26542
2026-01-23 19:43:00,247.955,248.00999,247.88,247.95,32689
2026-01-23 19:44:00,247.97,248.194,247.97,248.151,55279
2026-01-23 19:45:00,248.14999,248.22,248.14999,248.14999,26617
2026-01-23 19:46:00,248.185,248.2,248.14,248.155,23292
2026-01-23 19:47:00,248.14999,248.16499,248.08,248.12,33914
2026-01-23 19:48:00,248.11011,248.19,248.10001,248.14999,26943
2026-01-23 19:49:00,248.14,248.14,248.06,248.06,24115
2026-01-23 19:50:00,248.05,248.13,248.0,248.07001,50211
2026-01-23 19:51:00,248.06,248.0999,248.035,248.03999,31708
2026-01-23 19:52:00,248.05,248.09,248.03999,248.09,23366
2026-01-23 19:53:00,248.10001,248.10001,247.9326,247.935,31218
2026-01-23 19:54:00,247.95,247.96001,247.91,247.96001,19837
2026-01-23 19:55:00,247.96001,248.06,247.96001,248.03,24504
2026-01-23 19:56:00,248.02,248.08,248.02,248.0703,16458
2026-01-23 19:57:00,248.08,248.10001,248.05,248.08,26119
2026-01-23 19:58:00,248.095,248.25,248.095,248.14101,28953
2026-01-23 19:59:00,248.1434,248.17,248.13,248.17,23535
2026-01-23 20:00:00,248.17,248.215,248.00999,248.17,40246
2026-01-23 20:01:00,248.14999,248.2,248.133,248.133,26276
2026-01-23 20:02:00,248.1599,248.17,248.0999,248.14999,18961
2026-01-23 20:03:00,248.14,248.14,248.03,248.03011,29796
2026-01-23 20:04:00,248.035,248.08,248.005,248.045,21983
2026-01-23 20:05:00,248.05,248.08,248.00999,248.02499,24027
2026-01-23 20:06:00,248.02499,248.05,247.98,247.99001,29040
2026-01-23 20:07:00,248.0,248.10001,248.0,248.06,28833
2026-01-23 20:08:00,248.0799,248.12019,248.02,248.03,31558
2026-01-23 20:09:00,248.03999,248.07001,247.97,247.97,29389
2026-01-23 20:10:00,247.99001,248.05,247.96001,248.05,30364
2026-01-23 20:11:00,248.03999,248.05499,247.96001,248.05,32607
2026-01-23 20:12:00,248.05,248.19,248.05,248.19,15945
2026-01-23 20:13:00,248.2,248.2,248.05791,248.12,47832
2026-01-23 20:14:00,248.13,248.25999,248.13,248.1855,44032
2026-01-23 20:15:00,248.215,248.299,248.175,248.215,58705
2026-01-23 20:16:00,248.21001,248.2999,248.2001,248.28,32105
2026-01-23 20:17:00,248.28,248.3,248.235,248.28,31096
2026-01-23 20:18:00,248.2878,248.39999,248.28,248.395,30467
2026-01-23 20:19:00,248.395,248.44,248.28,248.31,65643
2026-01-23 20:20:00,248.3,248.35001,248.28,248.2852,49276
2026-01-23 20:21:00,248.28,248.36,248.2,248.285,44054
2026-01-23 20:22:00,248.3,248.39999,248.3,248.32001,30089
2026-01-23 20:23:00,248.31,248.33,248.28,248.325,37743
2026-01-23 20:24:00,248.3,248.35001,248.3,248.3,36486
2026-01-23 20:25:00,248.29919,248.29919,248.1707,248.175,48687
2026-01-23 20:26:00,248.17999,248.28,248.17,248.265,51699
2026-01-23 20:27:00,248.27,248.47,248.27,248.39999,44186
2026-01-23 20:28:00,248.37,248.41,248.32001,248.37,39658
2026-01-23 20:29:00,248.36,248.36,248.14999,248.19,38215
2026-01-23 20:30:00,248.19,248.3707,248.19,248.345,42992
2026-01-23 20:31:00,248.3201,248.33,248.16,248.1608,38636
2026-01-23 20:32:00,248.14999,248.17999,248.119,248.1619,33788
2026-01-23 20:33:00,248.17,248.19991,248.11501,248.14,53173
2026-01-23 20:34:00,248.12,248.2399,248.12,248.205,31468
2026-01-23 20:35:00,248.17,248.19,248.10001,248.16141,26290
2026-01-23 20:36:00,248.17,248.21001,248.09,248.11,27703
2026-01-23 20:37:00,248.09869,248.11,248.06,248.11,30282
2026-01-23 20:38:00,248.11,248.27,248.11,248.25999,39350
2026-01-23 20:39:00,248.25999,248.28,248.17,248.17,65098
2026-01-23 20:40:00,248.17,248.59,248.16499,248.42,9934950
2026-01-23 20:41:00,248.42,248.56,248.36,248.53999,5505
2026-01-23 20:42:00,248.52,248.62,248.52,248.55,65271
2026-01-23 20:43:00,248.53999,248.57001,248.4325,248.4445,32669
2026-01-23 20:44:00,248.46001,248.73,248.45,248.71001,39145
2026-01-23 20:45:00,248.71001,248.74001,248.62,248.64,50050
2026-01-23 20:46:00,248.64,248.77,248.61,248.77,56371
2026-01-23 20:47:00,248.75999,248.761,248.69,248.73,39303
2026-01-23 20:48:00,248.73,248.78999,248.73,248.785,39303
2026-01-23 20:49:00,248.78999,248.85001,248.74001,248.785,48683
2026-01-23 20:50:00,248.77,248.77,248.53,248.66299,126177
2026-01-23 20:51:00,248.63,248.67,248.14,248.155,105746
2026-01-23 20:52:00,248.14,248.355,248.06,248.10001,121138
2026-01-23 20:53:00,248.11,248.14,247.9614,248.03999,96358
2026-01-23 20:54:00,248.035,248.06,247.88,247.99899,143554
2026-01-23 20:55:00,247.97,247.97,247.97,247.97,117420
2026-01-23 20:56:00,247.97,248.0,247.745,247.815,128610
2026-01-23 20:57:00,247.82001,248.10001,247.81,248.03999,168240
2026-01-23 20:58:00,248.03999,248.19,248.03,248.175,172096
2026-01-23 20:59:00,248.17,248.21001,247.905,247.97,496563
2026-01-26 14:30:00,251.48,251.4938,249.87,249.87,1773985
2026-01-26 14:31:00,249.91,250.85001,249.8,250.80499,336614
2026-01-26 14:32:00,250.78,251.17999,250.56,250.716,227929
2026-01-26 14:33:00,250.67999,251.61,250.67999,251.42619,216095
2026-01-26 14:34:00,251.425,251.88,251.14,251.185,179961
2026-01-26 14:35:00,251.19501,251.64999,250.75,250.84,182269
2026-01-26 14:36:00,250.83501,251.48,250.625,251.33,147846
2026-01-26 14:37:00,251.34,251.625,250.8,251.42,116073
2026-01-26 14:38:00,251.52,251.98,251.35001,251.89,204228
2026-01-26 14:39:00,251.875,252.73,251.875,252.6348,278517
2026-01-26 14:40:00,252.63,252.8,252.14999,252.48,249133
2026-01-26 14:41:00,252.49001,252.85001,252.39,252.56,268022
2026-01-26 14:42:00,252.5401,252.60001,251.95,252.55,168108
2026-01-26 14:43:00,252.56,253.25,252.52499,253.24001,268064
2026-01-26 14:44:00,253.24001,253.25,252.575,252.71001,134518
2026-01-26 14:45:00,252.73,253.19,252.73,253.13,118746
2026-01-26 14:46:00,253.11501,253.1301,252.41,252.48,199133
2026-01-26 14:47:00,252.505,252.99989,252.41,252.92,93266
2026-01-26 14:48:00,252.92999,253.00999,252.83,252.955,101920
2026-01-26 14:49:00,252.97,252.97,252.67,252.83501,101656
2026-01-26 14:50:00,252.89999,252.89999,252.56,252.64999,92980
2026-01-26 14:51:00,252.63499,252.63499,252.27,252.4586,89305
2026-01-26 14:52:00,252.44501,252.99001,252.37,252.97,82689
2026-01-26 14:53:00,253.0,253.17999,252.78999,253.17999,99485
2026-01-26 14:54:00,253.17,253.21001,252.97,253.0,53534
2026-01-26 14:55:00,253.005,253.2,252.97,253.16,85471
2026-01-26 14:56:00,253.16229,253.47,253.13,253.4212,147116
2026-01-26 14:57:00,253.42999,253.705,253.42999,253.6701,136869
2026-01-26 14:58:00,253.69,253.7869,253.07001,253.14,192770
2026-01-26 14:59:00,253.11,253.13,252.71001,252.75999,109055
2026-01-26 15:00:00,252.74001,252.96001,252.62,252.71001,195069
2026-01-26 15:01:00,252.7,252.88,252.67,252.7774,73041
2026-01-26 15:02:00,252.77499,253.2399,252.67,253.205,150617
2026-01-26 15:03:00,253.22,253.39,253.1501,253.2543,86912
2026-01-26 15:04:00,253.27,253.7007,253.27,253.68941,64192
2026-01-26 15:05:00,253.71001,253.71001,253.39999,253.4604,109816
2026-01-26 15:06:00,253.48,253.8,253.46001,253.75999,102693
2026-01-26 15:07:00,253.75999,253.81,253.67999,253.77499,90743
2026-01-26 15:08:00,253.765,254.10001,253.745,253.98,169817
2026-01-26 15:09:00,253.98,253.98,253.71001,253.73,105600
2026-01-26 15:10:00,253.75999,253.78,253.35001,253.53,127855
2026-01-26 15:11:00,253.52,253.52,253.05,253.07001,126339
2026-01-26 15:12:00,253.07001,253.09,252.8,252.905,95391
2026-01-26 15:13:00,252.905,253.45,252.88,253.45,162609
2026-01-26 15:14:00,253.42999,253.715,253.4026,253.68201,98401
2026-01-26 15:15:00,253.7,253.73,253.50999,253.64999,65653
2026-01-26 15:16:00,253.64999,253.88,253.58,253.86,92511
2026-01-26 15:17:00,253.89,254.14999,253.88,254.13499,107903
2026-01-26 15:18:00,254.14,254.17,254.05,254.14999,95023
2026-01-26 15:19:00,254.14999,254.46001,254.06,254.46001,124306
2026-01-26 15:20:00,254.46001,254.53,254.35001,254.489,130295
2026-01-26 15:21:00,254.47009,254.58,254.41499,254.58,79332
2026-01-26 15:22:00,254.58,254.7101,254.53999,254.6774,116793
2026-01-26 15:23:00,254.675,254.89,254.64999,254.84,138299
2026-01-26 15:24:00,254.81,254.83,254.34,254.43761,135001
2026-01-26 15:25:00,254.45,254.72,254.37,254.38499,116856
2026-01-26 15:26:00,254.3768,254.45,254.22009,254.3,94085
2026-01-26 15:27:00,254.32001,254.39999,254.12,254.33,73133
2026-01-26 15:28:00,254.33,254.4599,254.03,254.03999,97030
2026-01-26 15:29:00,254.05,254.09,253.77,254.03999,129934
2026-01-26 15:30:00,254.03999,254.535,253.92,254.44,112119
2026-01-26 15:31:00,254.44,254.49001,254.3,254.32001,67290
2026-01-26 15:32:00,254.29201,254.5,254.2,254.439,123114
2026-01-26 15:33:00,254.44,254.75,254.39999,254.59,112590
2026-01-26 15:34:00,254.61,254.75,254.60001,254.69501,85132
2026-01-26 15:35:00,254.69,254.69,254.53,254.67999,57535
2026-01-26 15:36:00,254.7,254.88989,254.67,254.86501,200098
2026-01-26 15:37:00,254.88,254.98,254.8,254.97749,124665
2026-01-26 15:38:00,254.97,255.34,254.935,255.13,201995
2026-01-26 15:39:00,255.145,255.145,254.72009,254.75,101510
2026-01-26 15:40:00,254.75,254.8495,254.57001,254.82001,93283
2026-01-26 15:41:00,254.81,255.105,254.69,255.08,88236
2026-01-26 15:42:00,255.06,255.19,254.9407,255.16,86425
2026-01-26 15:43:00,255.2,255.3,255.09,255.14999,91655
2026-01-26 15:44:00,255.14,255.17999,254.92,254.951,103726
2026-01-26 15:45:00,254.965,255.14,254.87,255.06,65050
2026-01-26 15:46:00,255.065,255.10001,254.88,254.89999,64822
2026-01-26 15:47:00,254.8916,255.22,254.87,255.09,67201
2026-01-26 15:48:00,255.08,255.22501,255.06,255.075,60366
2026-01-26 15:49:00,255.09,255.23,255.00999,255.2,66642
2026-01-26 15:50:00,255.21001,255.24001,255.03,255.14,52862
2026-01-26 15:51:00,255.13,255.5,255.09,255.19009,224411
2026-01-26 15:52:00,255.2095,255.37,255.16499,255.25999,58544
2026-01-26 15:53:00,255.282,255.282,255.08,255.27,50012
2026-01-26 15:54:00,255.28999,255.34,255.19,255.25999,56803
2026-01-26 15:55:00,255.25999,255.3,255.10001,255.12,63939
2026-01-26 15:56:00,255.12,255.16,254.94,255.07001,79307
2026-01-26 15:57:00,255.05,255.05,254.81,254.82001,63680
2026-01-26 15:58:00,254.83,254.91,254.67,254.85001,72165
2026-01-26 15:59:00,254.88989,254.92999,254.71001,254.8,72238
2026-01-26 16:00:00,254.80901,254.905,254.56,254.67999,107297
2026-01-26 16:01:00,254.67,254.77,254.63499,254.735,50697
2026-01-26 16:02:00,254.73,254.905,254.69,254.855,46601
2026-01-26 16:03:00,254.86,255.10899,254.82001,255.09,75531
2026-01-26 16:04:00,255.09,255.2,254.84,254.96001,198179
2026-01-26 16:05:00,254.98,255.07001,254.8609,254.8609,40257
2026-01-26 16:06:00,254.89,254.92,254.6601,254.9184,67046
2026-01-26 16:07:00,254.89999,254.89999,254.63499,254.75999,59534
2026-01-26 16:08:00,254.745,254.92999,254.715,254.765,59966
2026-01-26 16:09:00,254.765,254.78,254.67999,254.73,38551
2026-01-26 16:10:00,254.72,254.8499,254.66499,254.7401,47234
2026-01-26 16:11:00,254.75,254.965,254.73,254.935,105697
2026-01-26 16:12:00,254.92,255.1499,254.83,255.125,113782
2026-01-26 16:13:00,255.12,255.32001,255.11,255.295,128362
2026-01-26 16:14:00,255.28999,255.28999,255.08009,255.1201,57266
2026-01-26 16:15:00,255.13499,255.17,254.985,254.99001,62735
2026-01-26 16:16:00,254.995,255.12,254.97,255.105,50636
2026-01-26 16:17:00,255.09,255.17,254.92999,254.92999,68889
2026-01-26 16:18:00,254.92999,254.99001,254.685,254.73,55588
2026-01-26 16:19:00,254.735,254.75,254.46001,254.46001,76737
2026-01-26 16:20:00,254.47,254.56,254.3101,254.3101,69538
2026-01-26 16:21:00,254.31,254.46001,254.23,254.36,58873
2026-01-26 16:22:00,254.35001,254.495,254.28999,254.41,71066
2026-01-26 16:23:00,254.41,254.50999,254.31,254.49001,53935
2026-01-26 16:24:00,254.47,254.67999,254.37,254.67999,114966
2026-01-26 16:25:00,254.6924,254.86501,254.61,254.72,56523
2026-01-26 16:26:00,254.71651,254.89,254.67999,254.85001,47260
2026-01-26 16:27:00,254.83,255.21001,254.83,255.14,68126
2026-01-26 16:28:00,255.15401,255.16,255.02,255.09039,78130
2026-01-26 16:29:00,255.10741,255.12,255.03999,255.0999,44742
2026-01-26 16:30:00,255.08501,255.14,254.97,254.9826,65868
2026-01-26 16:31:00,254.9805,255.22,254.97501,255.22,61873
2026-01-26 16:32:00,255.22,255.28,255.09,255.17,170089
2026-01-26 16:33:00,255.17,255.2,255.03999,255.07001,69759
2026-01-26 16:34:00,255.07001,255.09,254.88,254.92999,114758
2026-01-26 16:35:00,254.9332,255.2,254.81,255.0799,195819
2026-01-26 16:36:00,255.03,255.14999,254.99001,255.145,34857
2026-01-26 16:37:00,255.145,255.2196,255.05,255.2196,36154
2026-01-26 16:38:00,255.205,255.24001,255.02,255.12,39535
2026-01-26 16:39:00,255.11,255.17999,255.00999,255.00999,56428
2026-01-26 16:40:00,255.02,255.17,254.98,255.09,42635
2026-01-26 16:41:00,255.09,255.13,254.97,255.0,51882
2026-01-26 16:42:00,255.0,255.08,254.94501,255.0135,34902
2026-01-26 16:43:00,255.00011,255.07001,254.94,255.02499,56104
2026-01-26 16:44:00,255.02499,255.07001,255.0,255.0,46810
2026-01-26 16:45:00,255.0099,255.09,254.9301,255.08,32057
2026-01-26 16:46:00,255.09,255.25,255.09,255.1998,53110
2026-01-26 16:47:00,255.2,255.22501,254.91,254.92,49056
2026-01-26 16:48:00,254.92999,254.94,254.8367,254.88,35088
2026-01-26 16:49:00,254.8754,254.91991,254.83,254.86,34009
2026-01-26 16:50:00,254.85001,254.85001,254.64999,254.71001,61562
2026-01-26 16:51:00,254.6993,254.84,254.60001,254.84,58205
2026-01-26 16:52:00,254.83,254.91,254.69009,254.7103,48142
2026-01-26 16:53:00,254.7142,254.88,254.705,254.845,36779
2026-01-26 16:54:00,254.85001,254.91,254.81,254.86,35145
2026-01-26 16:55:00,254.87,254.91,254.77499,254.85001,33642
2026-01-26 16:56:00,254.869,254.8699,254.75999,254.78999,23340
2026-01-26 16:57:00,254.8,254.88989,254.78,254.855,40127
2026-01-26 16:58:00,254.86,255.01579,254.84,254.89999,49588
2026-01-26 16:59:00,254.91,254.92999,254.75999,254.86,42256
2026-01-26 17:00:00,254.87,255.02,254.87,254.965,43142
2026-01-26 17:01:00,254.97501,255.07001,254.96001,255.00999,48335
2026-01-26 17:02:00,255.03,255.17999,255.0,255.17999,46447
2026-01-26 17:03:00,255.17999,255.21001,255.11,255.2,48640
2026-01-26 17:04:00,255.2025,255.3,255.19,255.23,90104
2026-01-26 17:05:00,255.23,255.32001,255.205,255.28,35800
2026-01-26 17:06:00,255.29131,255.42,255.28999,255.418,44879
2026-01-26 17:07:00,255.411,255.42,255.3284,255.33501,45306
2026-01-26 17:08:00,255.32001,255.32001,255.12,255.14,65340
2026-01-26 17:09:00,255.14,255.14,254.81,254.81,77041
2026-01-26 17:10:00,254.8,254.88,254.60001,254.655,69673
2026-01-26 17:11:00,254.655,254.745,254.59,254.59,50032
2026-01-26 17:12:00,254.59,254.6899,254.50999,254.50999,42241
2026-01-26 17:13:00,254.52,254.54601,254.37,254.4254,62094
2026-01-26 17:14:00,254.41,254.42,254.25999,254.28999,49015
2026-01-26 17:15:00,254.289,254.45,254.289,254.39999,40176
2026-01-26 17:16:00,254.39999,254.64999,254.39999,254.60001,46477
2026-01-26 17:17:00,254.60001,254.72,254.58,254.69501,22932
2026-01-26 17:18:00,254.71291,254.7173,254.56,254.5612,27789
2026-01-26 17:19:00,254.57001,254.62,254.5,254.60001,31654
2026-01-26 17:20:00,254.59,254.61,254.5,254.59,32084
2026-01-26 17:21:00,254.59,254.6584,254.55,254.57941,28943
2026-01-26 17:22:00,254.55499,254.62,254.53,254.5601,19532
2026-01-26 17:23:00,254.575,254.8499,254.55991,254.82001,51730
2026-01-26 17:24:00,254.8,254.817,254.6799,254.72,39997
2026-01-26 17:25:00,254.7294,254.75999,254.67999,254.74001,23681
2026-01-26 17:26:00,254.75281,254.765,254.67,254.72,28328
2026-01-26 17:27:00,254.7,254.71001,254.60001,254.60001,29023
2026-01-26 17:28:00,254.59,254.66,254.55,254.6599,34976
2026-01-26 17:29:00,254.64999,254.66,254.5,254.5,30236
2026-01-26 17:30:00,254.47,254.56,254.44,254.46001,34949
2026-01-26 17:31:00,254.46001,254.60001,254.42999,254.59,34140
2026-01-26 17:32:00,254.575,254.67999,254.50999,254.59,44796
2026-01-26 17:33:00,254.60001,254.6107,254.53,254.53,26072
2026-01-26 17:34:00,254.56,254.6599,254.48,254.59,41405
2026-01-26 17:35:00,254.60001,254.64,254.55,254.59,28952
2026-01-26 17:36:00,254.60989,254.67,254.58,254.58,32005
2026-01-26 17:37:00,254.56,254.71001,254.56,254.6801,37683
2026-01-26 17:38:00,254.6601,254.74001,254.64,254.6801,42139
2026-01-26 17:39:00,254.69,254.7,254.55,254.63,49381
2026-01-26 17:40:00,254.657,254.657,254.55,254.62,21286
2026-01-26 17:41:00,254.6102,254.64999,254.59,254.61,22999
2026-01-26 17:42:00,254.61501,254.73,254.60001,254.72,30775
2026-01-26 17:43:00,254.705,254.71001,254.66499,254.71001,23973
2026-01-26 17:44:00,254.7,254.75,254.66,254.66,25169
2026-01-26 17:45:00,254.6628,254.66991,254.41,254.44501,40102
2026-01-26 17:46:00,254.44,254.465,254.36501,254.36501,27707
2026-01-26 17:47:00,254.35001,254.43739,254.2301,254.28619,51505
2026-01-26 17:48:00,254.27,254.29649,254.08,254.295,50239
2026-01-26 17:49:00,254.31,254.42,254.27,254.3316,28681
2026-01-26 17:50:00,254.33,254.4072,254.25,254.4072,30032
2026-01-26 17:51:00,254.40199,254.49001,254.39999,254.4326,32101
2026-01-26 17:52:00,254.43739,254.46001,254.34,254.435,30770
2026-01-26 17:53:00,254.41991,254.5433,254.41991,254.485,18552
2026-01-26 17:54:00,254.47,254.55,254.47,254.50999,19598
2026-01-26 17:55:00,254.5282,254.52991,254.39,254.39,28358
2026-01-26 17:56:00,254.39,254.5,254.39,254.39999,27579
2026-01-26 17:57:00,254.41,254.45,254.36,254.39999,25063
2026-01-26 17:58:00,254.41071,254.44501,254.38,254.39999,18074
2026-01-26 17:59:00,254.41,254.41,254.31,254.33,34734
2026-01-26 18:00:00,254.33,254.33,254.21001,254.22501,25649
2026-01-26 18:01:00,254.2254,254.465,254.21001,254.45,32371
2026-01-26 18:02:00,254.4599,254.48,254.36,254.42999,53656
2026-01-26 18:03:00,254.42,254.42,254.19,254.2336,33788
2026-01-26 18:04:00,254.2462,254.27,254.16,254.17,25101
2026-01-26 18:05:00,254.17,254.24001,254.09,254.23,38408
2026-01-26 18:06:00,254.24001,254.243,254.17,254.243,25447
2026-01-26 18:07:00,254.255,254.27,254.1916,254.22,24863
2026-01-26 18:08:00,254.22501,254.24001,254.16,254.16499,18284
2026-01-26 18:09:00,254.17999,254.23,254.08,254.1275,50064
2026-01-26 18:10:00,254.19,254.2,254.09,254.19,16292
2026-01-26 18:11:00,254.19501,254.3,254.19501,254.27,30009
2026-01-26 18:12:00,254.285,254.36,254.2375,254.265,25727
2026-01-26 18:13:00,254.28,254.3,254.1546,254.27,36934
2026-01-26 18:14:00,254.27,254.2908,254.21001,254.24001,21830
2026-01-26 18:15:00,254.235,254.28,254.17999,254.19,23956
2026-01-26 18:16:00,254.19,254.19,254.12,254.14999,35002
2026-01-26 18:17:00,254.16,254.23,254.09,254.13989,21088
2026-01-26 18:18:00,254.13,254.30701,254.13,254.24001,38862
2026-01-26 18:19:00,254.25999,254.44,254.255,254.44,29798
2026-01-26 18:20:00,254.42999,254.44,254.34,254.3723,27879
2026-01-26 18:21:00,254.37,254.55,254.34,254.53,35419
2026-01-26 18:22:00,254.53,254.60001,254.50999,254.595,30640
2026-01-26 18:23:00,254.6031,254.6031,254.49001,254.50999,28097
2026-01-26 18:24:00,254.53,254.67999,254.50999,254.64999,34386
2026-01-26 18:25:00,254.6508,254.685,254.63,254.66,19268
2026-01-26 18:26:00,254.67,254.69,254.60001,254.64999,31004
2026-01-26 18:27:00,254.64999,254.67999,254.63,254.63,27597
2026-01-26 18:28:00,254.64169,254.66,254.57001,254.61,29976
2026-01-26 18:29:00,254.61501,254.69,254.60001,254.64999,31319
2026-01-26 18:30:00,254.64,254.99001,254.63,254.96001,40314
2026-01-26 18:31:00,254.9501,255.14999,254.94,255.07001,78022
2026-01-26 18:32:00,255.08,255.17,254.99001,255.13,54347
2026-01-26 18:33:00,255.14,255.14,255.07001,255.07001,37233
2026-01-26 18:34:00,255.07001,255.07001,254.98,255.03,47788
2026-01-26 18:35:00,255.02,255.08,254.97,255.0,41655
2026-01-26 18:36:00,255.05,255.05,254.85001,254.8791,33836
2026-01-26 18:37:00,254.89,254.91,254.80029,254.83,32918
2026-01-26 18:38:00,254.83,254.92,254.82001,254.83369,25995
2026-01-26 18:39:00,254.825,254.8365,254.58,254.60001,29860
2026-01-26 18:40:00,254.58,254.62,254.45,254.47,45355
2026-01-26 18:41:00,254.44,254.47701,254.32001,254.39,44817
2026-01-26 18:42:00,254.4099,254.41,254.35001,254.39999,34851
2026-01-26 18:43:00,254.405,254.49001,254.38,254.48,24130
2026-01-26 18:44:00,254.47,254.61,254.45,254.59,27634
2026-01-26 18:45:00,254.595,254.7016,254.57001,254.57001,37534
2026-01-26 18:46:00,254.57001,254.66,254.48,254.64,42129
2026-01-26 18:47:00,254.638,254.67,254.52,254.58,22331
2026-01-26 18:48:00,254.57001,254.655,254.49001,254.60001,46669
2026-01-26 18:49:00,254.57001,255.02,254.57001,255.0107,72850
2026-01-26 18:50:00,255.00999,255.14,254.75999,255.12,71542
2026-01-26 18:51:00,255.13,255.17,254.91499,255.06,59975
2026-01-26 18:52:00,255.03999,255.16,255.02,255.11501,57086
2026-01-26 18:53:00,255.125,255.22,255.1012,255.13741,54999
2026-01-26 18:54:00,255.14,255.19,255.10001,255.17999,38374
2026-01-26 18:55:00,255.14999,255.35001,255.14999,255.22031,53880
2026-01-26 18:56:00,255.23,255.265,255.1701,255.22,36368
2026-01-26 18:57:00,255.2193,255.27,255.16,255.175,57419
2026-01-26 18:58:00,255.2,255.22,254.99001,255.0509,48523
2026-01-26 18:59:00,255.05,255.19,255.03999,255.11,43048
2026-01-26 19:00:00,255.10001,255.33,255.10001,255.24001,113182
2026-01-26 19:01:00,255.25999,255.50999,255.25011,255.4592,93409
2026-01-26 19:02:00,255.45,255.45,255.24001,255.2701,66213
2026-01-26 19:03:00,255.28999,255.47,255.27,255.435,46247
2026-01-26 19:04:00,255.42,255.46001,255.35001,255.35001,67196
2026-01-26 19:05:00,255.35001,255.495,255.28999,255.47,64810
2026-01-26 19:06:00,255.44501,255.55321,255.39,255.41541,65291
2026-01-26 19:07:00,255.39,255.5,255.39,255.45,25356
2026-01-26 19:08:00,255.44501,255.49001,255.42,255.45,42368
2026-01-26 19:09:00,255.46001,255.49001,255.4301,255.48,35350
2026-01-26 19:10:00,255.48,255.49001,255.41,255.42979,31940
2026-01-26 19:11:00,255.44,255.53,255.35001,255.41,61069
2026-01-26 19:12:00,255.42,255.44,255.325,255.38499,27125
2026-01-26 19:13:00,255.405,255.48,255.34,255.42999,44101
2026-01-26 19:14:00,255.41,255.47,255.32001,255.435,45395
2026-01-26 19:15:00,255.4501,255.625,255.42999,255.505,77534
2026-01-26 19:16:00,255.505,255.55991,255.32001,255.4101,81304
2026-01-26 19:17:00,255.39011,255.545,255.28,255.505,62926
2026-01-26 19:18:00,255.49001,255.53,255.39,255.39,33671
2026-01-26 19:19:00,255.41,255.53999,255.36501,255.5,49646
2026-01-26 19:20:00,255.505,255.59,255.42,255.575,43331
2026-01-26 19:21:00,255.56,255.56,255.44,255.5,80952
2026-01-26 19:22:00,255.50999,255.53,255.42999,255.4624,25552
2026-01-26 19:23:00,255.46001,255.52991,255.42999,255.4742,28420
2026-01-26 19:24:00,255.5,255.5988,255.48,255.52,37707
2026-01-26 19:25:00,255.52,255.52,255.44,255.49001,38151
2026-01-26 19:26:00,255.52,255.62,255.50999,255.58,33739
2026-01-26 19:27:00,255.59,255.61,255.52,255.59,32078
2026-01-26 19:28:00,255.58,255.72,255.58,255.67999,71193
2026-01-26 19:29:00,255.67999,255.97,255.64999,255.94,147079
2026-01-26 19:30:00,255.92999,256.01001,255.83,256.0,110655
2026-01-26 19:31:00,255.97,256.0401,255.87309,255.895,74933
2026-01-26 19:32:00,255.89,255.89,255.71001,255.84,44660
2026-01-26 19:33:00,255.85989,255.96989,255.81,255.87,37079
2026-01-26 19:34:00,255.8799,256.0,255.86,255.99001,42197
2026-01-26 19:35:00,256.0,256.0,255.8801,255.9384,41165
2026-01-26 19:36:00,255.95,256.0899,255.92999,256.02499,69732
2026-01-26 19:37:00,256.01001,256.23001,256.01001,256.16,100087
2026-01-26 19:38:00,256.15009,256.26001,256.14999,256.21259,49080
2026-01-26 19:39:00,256.215,256.23001,256.14001,256.17001,45477
2026-01-26 19:40:00,256.20001,256.20001,256.14001,256.14801,36251
2026-01-26 19:41:00,256.14499,256.14999,256.04999,256.0946,43700
2026-01-26 19:42:00,256.09,256.26501,256.07999,256.19,49853
2026-01-26 19:43:00,256.18991,256.26001,256.12,256.23801,32571
2026-01-26 19:44:00,256.25,256.25,256.10001,256.13,64379
2026-01-26 19:45:00,256.14001,256.23001,256.10001,256.19,47014
2026-01-26 19:46:00,256.19601,256.32001,256.16,256.28,51082
2026-01-26 19:47:00,256.28,256.29001,256.20001,256.22,60112
2026-01-26 19:48:00,256.23001,256.30499,256.19,256.26001,71862
2026-01-26 19:49:00,256.25,256.32999,256.21011,256.32001,49163
2026-01-26 19:50:00,256.32001,256.38,256.28,256.37,57259
2026-01-26 19:51:00,256.375,256.44,256.33191,256.38,54160
2026-01-26 19:52:00,256.38501,256.48001,256.32999,256.45999,41367
2026-01-26 19:53:00,256.45999,256.56,256.37,256.52701,81511
2026-01-26 19:54:00,256.51001,256.54001,256.37,256.45001,82048
2026-01-26 19:55:00,256.44,256.4599,256.25,256.33499,59714
2026-01-26 19:56:00,256.33649,256.41501,256.31,256.33499,39026
2026-01-26 19:57:00,256.33499,256.35999,256.25009,256.28,53956
2026-01-26 19:58:00,256.26001,256.31,256.13089,256.146,56411
2026-01-26 19:59:00,256.13,256.22,256.07501,256.10001,8895222
2026-01-26 20:00:00,256.10501,256.20999,256.07001,256.14999,5855
2026-01-26 20:01:00,256.16901,256.32001,256.14499,256.22501,54092
2026-01-26 20:02:00,256.23001,256.23001,256.17001,256.1767,36557
2026-01-26 20:03:00,256.17001,256.17999,256.07001,256.07999,42308
2026-01-26 20:04:00,256.09,256.134,256.04001,256.134,44001
2026-01-26 20:05:00,256.14001,256.17999,256.10001,256.13,52769
2026-01-26 20:06:00,256.13,256.37,256.07001,256.29999,74879
2026-01-26 20:07:00,256.29999,256.35001,256.10001,256.19,57211
2026-01-26 20:08:00,256.17999,256.32501,256.14499,256.25,51109
2026-01-26 20:09:00,256.23999,256.27991,256.20999,256.255,38884
2026-01-26 20:10:00,256.255,256.29001,256.14999,256.1788,55351
2026-01-26 20:11:00,256.17999,256.20999,255.96001,255.98,63859
2026-01-26 20:12:00,255.97861,255.985,255.855,255.86,55072
2026-01-26 20:13:00,255.86,255.86,255.73,255.7433,70707
2026-01-26 20:14:00,255.73,255.81,255.73,255.8,33756
2026-01-26 20:15:00,255.81,255.935,255.7301,255.935,71066
2026-01-26 20:16:00,255.92,255.96001,255.77499,255.8214,56219
2026-01-26 20:17:00,255.82001,255.84,255.74001,255.74001,37310
2026-01-26 20:18:00,255.74001,255.8,255.72,255.77,39729
2026-01-26 20:19:00,255.75999,255.82001,255.69,255.73,56298
2026-01-26 20:20:00,255.72,255.75999,255.57001,255.60001,80326
2026-01-26 20:21:00,255.59,255.61,255.47,255.58,120862
2026-01-26 20:22:00,255.5705,255.67999,255.5405,255.61,56112
2026-01-26 20:23:00,255.63,255.66,255.55,255.64999,45082
2026-01-26 20:24:00,255.64999,255.66991,255.57001,255.6501,47882
2026-01-26 20:25:00,255.64999,255.6752,255.53419,255.53419,91140
2026-01-26 20:26:00,255.53,255.57001,255.47,255.50999,46937
2026-01-26 20:27:00,255.515,255.7467,255.5,255.66,83460
2026-01-26 20:28:00,255.66499,255.69501,255.63,255.67999,37097
2026-01-26 20:29:00,255.67999,255.7305,255.645,255.72501,58049
2026-01-26 20:30:00,255.73,255.92,255.705,255.92,97815
2026-01-26 20:31:00,255.92999,255.99001,255.67,255.67999,64433
2026-01-26 20:32:00,255.683,255.69,255.62,255.67999,50013
2026-01-26 20:33:00,255.69501,255.74001,255.60001,255.63,61045
2026-01-26 20:34:00,255.63,255.73,255.61,255.64999,45521
2026-01-26 20:35:00,255.64999,255.6745,255.50999,255.515,45558
2026-01-26 20:36:00,255.515,255.62,255.495,255.52,51676
2026-01-26 20:37:00,255.53999,255.60001,255.465,255.465,54087
2026-01-26 20:38:00,255.455,255.59,255.455,255.59,46717
2026-01-26 20:39:00,255.59,255.6967,255.58009,255.625,57740
2026-01-26 20:40:00,255.63499,255.72,255.60001,255.60001,66504
2026-01-26 20:41:00,255.59,255.73,255.57001,255.6725,70638
2026-01-26 20:42:00,255.605,255.64999,255.565,255.595,51036
2026-01-26 20:43:00,255.591,255.591,255.485,255.57001,86548
2026-01-26 20:44:00,255.57001,255.62,255.5,255.505,70202
2026-01-26 20:45:00,255.50999,255.5916,255.45,255.58,45375
2026-01-26 20:46:00,255.57001,255.59,255.48,255.48,42156
2026-01-26 20:47:00,255.48,255.53,255.455,255.505,67764
2026-01-26 20:48:00,255.50999,255.64999,255.46001,255.61,116220
2026-01-26 20:49:00,255.60001,255.61,255.5,255.58,75467
2026-01-26 20:50:00,255.58,255.58,254.89999,255.17,326123
2026-01-26 20:51:00,255.2,255.22,255.06,255.19,123076
2026-01-26 20:52:00,255.21001,255.28999,254.95,255.14,106230
2026-01-26 20:53:00,255.13499,255.25999,255.12,255.16499,113428
2026-01-26 20:54:00,255.14999,255.23,255.063,255.17999,134865
2026-01-26 20:55:00,255.17999,255.399,255.0,255.39,259051
2026-01-26 20:56:00,255.41,255.46001,255.28,255.37,141927
2026-01-26 20:57:00,255.37,255.46899,255.27,255.42419,164759
2026-01-26 20:58:00,255.42,255.5,255.31,255.41,289522
2026-01-26 20:59:00,255.41,255.56,255.33,255.42,11293617
2026-01-27 14:30:00,259.14001,260.04999,258.66,259.85501,2125202
2026-01-27 14:31:00,259.927,260.13,259.32999,259.63,326157
2026-01-27 14:32:00,259.66,260.57239,259.66,260.52509,286789
2026-01-27 14:33:00,260.54999,260.72,260.29001,260.69501,356916
2026-01-27 14:34:00,260.70999,260.73999,260.10999,260.19501,316007
2026-01-27 14:35:00,260.20001,260.38,259.57001,260.20999,230390
2026-01-27 14:36:00,260.17999,260.23999,259.81,260.10001,191603
2026-01-27 14:37:00,260.13,260.47,259.92499,260.31,210047
2026-01-27 14:38:00,260.29501,260.77249,260.23999,260.47,238644
2026-01-27 14:39:00,260.47,260.76001,260.38501,260.58499,195300
2026-01-27 14:40:00,260.57971,260.64999,260.28989,260.32001,152028
2026-01-27 14:41:00,260.35001,260.48999,260.01001,260.23001,243509
2026-01-27 14:42:00,260.24991,260.70999,260.24991,260.35999,133659
2026-01-27 14:43:00,260.35999,260.51501,260.01501,260.47,170409
2026-01-27 14:44:00,260.47501,260.72,260.39999,260.59,152550
2026-01-27 14:45:00,260.60001,260.75,260.38,260.58511,151972
2026-01-27 14:46:00,260.608,260.75,260.51001,260.64999,193084
2026-01-27 14:47:00,260.66,260.79999,260.57999,260.73999,160068
2026-01-27 14:48:00,260.755,261.01001,260.62,260.991,263878
2026-01-27 14:49:00,260.98001,261.14001,260.82001,260.89001,186240
2026-01-27 14:50:00,260.87,260.95001,260.62009,260.83499,163862
2026-01-27 14:51:00,260.85501,261.22,260.845,261.14999,191012
2026-01-27 14:52:00,261.17001,261.35999,260.92001,261.09921,150624
2026-01-27 14:53:00,261.10001,261.67999,261.0899,261.66501,163414
2026-01-27 14:54:00,261.64999,261.73999,261.42001,261.60999,165188
2026-01-27 14:55:00,261.60001,261.85999,261.57001,261.72919,165550
2026-01-27 14:56:00,261.73999,261.95001,261.63,261.745,151385
2026-01-27 14:57:00,261.73001,261.89001,261.5,261.88,124676
2026-01-27 14:58:00,261.89001,261.89001,261.45999,261.47,142889
2026-01-27 14:59:00,261.45999,261.59,261.17999,261.465,203501
2026-01-27 15:00:00,261.48001,261.48999,261.08011,261.17999,127236
2026-01-27 15:01:00,261.19,261.22,260.89001,261.13501,119376
2026-01-27 15:02:00,261.14999,261.57999,261.12,261.41501,142724
2026-01-27 15:03:00,261.43991,261.43991,261.04001,261.28,126124
2026-01-27 15:04:00,261.28,261.35989,260.94,261.065,92867
2026-01-27 15:05:00,261.065,261.09,260.5,260.57999,135280
2026-01-27 15:06:00,260.57999,260.95999,260.51999,260.95999,100394
2026-01-27 15:07:00,260.94501,261.20999,260.80499,261.16,119886
2026-01-27 15:08:00,261.20999,261.39499,261.0,261.0,109310
2026-01-27 15:09:00,260.95779,260.98999,260.5,260.82501,123418
2026-01-27 15:10:00,260.84,260.95001,260.59,260.79501,87663
2026-01-27 15:11:00,260.78,260.78,260.29999,260.32999,103047
2026-01-27 15:12:00,260.32999,260.59,260.31,260.45999,119946
2026-01-27 15:13:00,260.45999,260.45999,260.16501,260.16501,79049
2026-01-27 15:14:00,260.14999,260.28,259.95001,260.03,167543
2026-01-27 15:15:00,260.04999,260.20999,259.97,260.16,120342
2026-01-27 15:16:00,260.14001,260.17749,260.01001,260.13,64589
2026-01-27 15:17:00,260.1279,260.16,260.01999,260.065,60362
2026-01-27 15:18:00,260.065,260.2099,259.98999,260.17499,118562
2026-01-27 15:19:00,260.19,260.20001,259.97,260.04999,83031
2026-01-27 15:20:00,260.03,260.20001,259.84,260.09,99081
2026-01-27 15:21:00,260.07501,260.13,259.64001,259.69009,78575
2026-01-27 15:22:00,259.70499,259.82001,259.64001,259.64291,72357
2026-01-27 15:23:00,259.64999,259.85849,259.63,259.72,60411
2026-01-27 15:24:00,259.715,259.82999,259.54001,259.76001,100763
2026-01-27 15:25:00,259.73999,259.78,259.53,259.625,79843
2026-01-27 15:26:00,259.625,259.92999,259.62,259.8425,81058
2026-01-27 15:27:00,259.82001,259.92001,259.76999,259.79001,60204
2026-01-27 15:28:00,259.82501,259.98999,259.80499,259.92999,53159
2026-01-27 15:29:00,259.95001,259.95001,259.62061,259.845,120020
2026-01-27 15:30:00,259.85999,260.04999,259.78,260.01501,76927
2026-01-27 15:31:00,260.01999,260.07999,259.81,260.0,75367
2026-01-27 15:32:00,260.00049,260.10001,259.78,259.79999,59447
2026-01-27 15:33:00,259.82001,259.97,259.76001,259.76999,44290
2026-01-27 15:34:00,259.77069,260.01999,259.7674,260.01001,40730
2026-01-27 15:35:00,260.005,260.03,259.88,259.88,45900
2026-01-27 15:36:00,259.8768,260.01999,259.82999,259.98999,40583
2026-01-27 15:37:00,260.01999,260.04999,259.85001,260.04999,47750
2026-01-27 15:38:00,260.04901,260.22,259.97791,260.22,60391
2026-01-27 15:39:00,260.23001,260.34,260.17001,260.25,64985
2026-01-27 15:40:00,260.25009,260.41,260.20001,260.39999,73373
2026-01-27 15:41:00,260.41159,260.53,260.35999,260.48499,67402
2026-01-27 15:42:00,260.48999,260.54999,260.38,260.41501,70916
2026-01-27 15:43:00,260.41,260.45999,260.28,260.32999,49170
2026-01-27 15:44:00,260.32501,260.45001,260.27011,260.38,62830
2026-01-27 15:45:00,260.35001,260.64001,260.255,260.64001,58931
2026-01-27 15:46:00,260.64001,260.66,260.48279,260.66,52500
2026-01-27 15:47:00,260.66849,260.67999,260.39999,260.42999,43065
2026-01-27 15:48:00,260.44629,260.45001,260.31,260.35001,42961
2026-01-27 15:49:00,260.34,260.42001,260.29001,260.35999,38155
2026-01-27 15:50:00,260.38,260.435,260.32001,260.32999,37706
2026-01-27 15:51:00,260.32999,260.39999,260.15079,260.21509,53149
2026-01-27 15:52:00,260.215,260.22501,260.09,260.10001,57197
2026-01-27 15:53:00,260.1026,260.14999,260.01999,260.14999,60229
2026-01-27 15:54:00,260.14499,260.26501,260.11499,260.17001,53866
2026-01-27 15:55:00,260.17999,260.23999,260.03,260.20001,47451
2026-01-27 15:56:00,260.22,260.23999,260.15009,260.19,28494
2026-01-27 15:57:00,260.20999,260.25,260.1102,260.1409,37471
2026-01-27 15:58:00,260.1492,260.23999,260.14001,260.22,35025
2026-01-27 15:59:00,260.20999,260.35999,260.20999,260.34,41220
2026-01-27 16:00:00,260.35999,260.69,260.35001,260.67999,68263
2026-01-27 16:01:00,260.6889,260.68979,260.55011,260.60361,55484
2026-01-27 16:02:00,260.61011,260.67001,260.53589,260.56,50142
2026-01-27 16:03:00,260.59,260.79999,260.54001,260.56741,60751
2026-01-27 16:04:00,260.54999,260.79999,260.54999,260.79999,34899
2026-01-27 16:05:00,260.79001,260.89001,260.76999,260.79999,57227
2026-01-27 16:06:00,260.81,260.905,260.76001,260.85999,43840
2026-01-27 16:07:00,260.87,260.8949,260.80011,260.8399,57264
2026-01-27 16:08:00,260.84,261.04001,260.8349,261.01999,97493
2026-01-27 16:09:00,261.04999,261.04999,260.89999,261.01999,68890
2026-01-27 16:10:00,261.03,261.19,261.01999,261.14999,43233
2026-01-27 16:11:00,261.14999,261.2337,261.07999,261.18011,46170
2026-01-27 16:12:00,261.18011,261.23999,261.13,261.20999,63316
2026-01-27 16:13:00,261.20001,261.22,261.07001,261.09,63251
2026-01-27 16:14:00,261.07999,261.21991,261.07999,261.14999,57593
2026-01-27 16:15:00,261.14499,261.17999,261.07001,261.13,42428
2026-01-27 16:16:00,261.12,261.19,261.0307,261.11011,37296
2026-01-27 16:17:00,261.11499,261.34,261.10001,261.32001,68519
2026-01-27 16:18:00,261.32001,261.39001,261.26001,261.34,39596
2026-01-27 16:19:00,261.34,261.39001,261.29999,261.315,35019
2026-01-27 16:20:00,261.31,261.37991,261.28,261.32999,40061
2026-01-27 16:21:00,261.32999,261.32999,261.06,261.07001,51455
2026-01-27 16:22:00,261.07001,261.16,260.81,260.87,129804
2026-01-27 16:23:00,260.88,261.01001,260.69,260.815,63970
2026-01-27 16:24:00,260.81,260.81,260.60999,260.63,67462
2026-01-27 16:25:00,260.64999,260.78,260.60999,260.73999,51225
2026-01-27 16:26:00,260.78,261.0,260.78,261.0,41054
2026-01-27 16:27:00,261.03,261.06,260.81,260.82501,51274
2026-01-27 16:28:00,260.82501,260.92999,260.79999,260.92001,43671
2026-01-27 16:29:00,260.91989,260.91989,260.67001,260.72,64764
2026-01-27 16:30:00,260.72,260.78989,260.625,260.69901,37915
2026-01-27 16:31:00,260.68579,260.72501,260.5,260.64999,63337
2026-01-27 16:32:00,260.64999,260.67999,260.59,260.67001,31473
2026-01-27 16:33:00,260.64999,260.77499,260.625,260.63,42612
2026-01-27 16:34:00,260.62421,260.64999,260.47,260.51001,54874
2026-01-27 16:35:00,260.51999,260.61499,260.5,260.60999,25454
2026-01-27 16:36:00,260.62991,260.81,260.62799,260.745,38000
2026-01-27 16:37:00,260.76001,260.88,260.73999,260.83151,54645
2026-01-27 16:38:00,260.82999,260.82999,260.66,260.70499,40623
2026-01-27 16:39:00,260.70001,260.89001,260.70001,260.82999,31813
2026-01-27 16:40:00,260.84,260.87521,260.76001,260.87,34150
2026-01-27 16:41:00,260.87,261.03,260.81,261.026,44670
2026-01-27 16:42:00,261.01999,261.14999,261.00049,261.06,40500
2026-01-27 16:43:00,261.06799,261.14001,261.06,261.12,25753
2026-01-27 16:44:00,261.10001,261.14999,260.89999,260.90689,45368
2026-01-27 16:45:00,260.91,261.03949,260.76001,261.02011,35622
2026-01-27 16:46:00,261.01001,261.01001,260.91,260.92001,37479
2026-01-27 16:47:00,260.91,260.97,260.87,260.95999,32576
2026-01-27 16:48:00,260.9584,261.01001,260.84,260.88,48658
2026-01-27 16:49:00,260.89999,260.98999,260.89999,260.95001,25534
2026-01-27 16:50:00,260.97,261.04761,260.92999,260.995,38511
2026-01-27 16:51:00,260.98001,260.98001,260.91,260.92001,30104
2026-01-27 16:52:00,260.91,260.96078,260.85001,260.91,34320
2026-01-27 16:53:00,260.92999,261.0,260.92001,260.98499,33915
2026-01-27 16:54:00,260.98999,261.0,260.92999,260.965,48066
2026-01-27 16:55:00,260.97,260.97,260.88,260.88501,29136
2026-01-27 16:56:00,260.88,260.88,260.77499,260.82999,25996
2026-01-27 16:57:00,260.82001,260.89999,260.75,260.82001,35246
2026-01-27 16:58:00,260.82001,260.88,260.73001,260.76999,37076
2026-01-27 16:59:00,260.76999,260.78,260.73999,260.78,32976
2026-01-27 17:00:00,260.76999,260.95001,260.76999,260.91,38746
2026-01-27 17:01:00,260.92999,260.98001,260.76001,260.97659,34078
2026-01-27 17:02:00,260.97,261.17001,260.94,261.13,43935
2026-01-27 17:03:00,261.14499,261.14999,260.98999,260.98999,36119
2026-01-27 17:04:00,260.98999,261.10501,260.95001,260.98001,33753
2026-01-27 17:05:00,260.97009,260.97009,260.81,260.82001,40535
2026-01-27 17:06:00,260.82501,260.82501,260.73999,260.81,39069
2026-01-27 17:07:00,260.81,260.84949,260.76999,260.79501,24629
2026-01-27 17:08:00,260.79001,260.8299,260.76999,260.79999,14543
2026-01-27 17:09:00,260.81,260.95001,260.76501,260.89999,50641
2026-01-27 17:10:00,260.90009,261.04999,260.88501,261.04001,40153
2026-01-27 17:11:00,261.01999,261.11499,261.01001,261.01999,44077
2026-01-27 17:12:00,261.01001,261.03,260.95999,261.0,30100
2026-01-27 17:13:00,261.0,261.11499,260.97,261.10001,34351
2026-01-27 17:14:00,261.10999,261.10999,260.89999,260.91,54257
2026-01-27 17:15:00,260.89001,260.9386,260.82001,260.9386,24527
2026-01-27 17:16:00,260.92001,261.01999,260.82999,260.95499,35837
2026-01-27 17:17:00,260.95001,261.03,260.94,261.021,19173
2026-01-27 17:18:00,261.0163,261.07001,260.97,261.00891,42308
2026-01-27 17:19:00,261.01001,261.16,260.9704,261.13,27920
2026-01-27 17:20:00,261.12,261.12,260.89999,260.89999,36347
2026-01-27 17:21:00,260.91,261.07999,260.88,261.04999,25967
2026-01-27 17:22:00,261.05991,261.1601,261.04001,261.1601,35744
2026-01-27 17:23:00,261.16501,261.17499,261.0,261.04001,29602
2026-01-27 17:24:00,261.06,261.07001,260.97,261.02499,34733
2026-01-27 17:25:00,261.0274,261.11911,260.98999,261.10501,24672
2026-01-27 17:26:00,261.10501,261.23001,261.09009,261.20499,44519
2026-01-27 17:27:00,261.20001,261.23001,261.14999,261.185,29590
2026-01-27 17:28:00,261.17999,261.28,261.17059,261.25,29605
2026-01-27 17:29:00,261.2699,261.35999,261.22,261.31,40055
2026-01-27 17:30:00,261.30011,261.32001,261.26999,261.26999,26547
2026-01-27 17:31:00,261.26501,261.28,261.16501,261.19449,37177
2026-01-27 17:32:00,261.1987,261.29501,261.1987,261.29501,19426
2026-01-27 17:33:00,261.29001,261.30499,261.19,261.19,29034
2026-01-27 17:34:00,261.19501,261.245,261.185,261.215,18717
2026-01-27 17:35:00,261.215,261.32001,261.13501,261.25,36885
2026-01-27 17:36:00,261.25,261.26001,261.21439,261.23001,19621
2026-01-27 17:37:00,261.23001,261.25,261.20001,261.20999,25487
2026-01-27 17:38:00,261.20001,261.23001,261.16,261.20499,27503
2026-01-27 17:39:00,261.20999,261.23999,261.185,261.21649,22916
2026-01-27 17:40:00,261.23999,261.26999,261.20001,261.25,17491
2026-01-27 17:41:00,261.25,261.32001,261.25,261.31,22680
2026-01-27 17:42:00,261.31,261.35001,261.09,261.185,32896
2026-01-27 17:43:00,261.185,261.20001,261.07001,261.10999,28859
2026-01-27 17:44:00,261.07999,261.20001,260.85001,260.85001,62922
2026-01-27 17:45:00,260.85001,260.90009,260.81,260.89001,37143
2026-01-27 17:46:00,260.89001,260.91,260.80499,260.83899,46332
2026-01-27 17:47:00,260.85001,260.854,260.64001,260.70001,53023
2026-01-27 17:48:00,260.70999,260.91989,260.70999,260.91989,36720
2026-01-27 17:49:00,260.91,260.92999,260.87,260.88,22357
2026-01-27 17:50:00,260.89011,260.92001,260.82001,260.85501,38510
2026-01-27 17:51:00,260.85001,260.85001,260.75,260.79199,31362
2026-01-27 17:52:00,260.79001,260.83499,260.78,260.81,18530
2026-01-27 17:53:00,260.82001,260.87,260.81,260.84,40137
2026-01-27 17:54:00,260.84,260.84,260.62,260.70499,46970
2026-01-27 17:55:00,260.70999,260.81989,260.70499,260.7999,28900
2026-01-27 17:56:00,260.79999,260.89001,260.79001,260.84,27944
2026-01-27 17:57:00,260.84,260.88,260.79001,260.875,12702
2026-01-27 17:58:00,260.87,260.88,260.69501,260.70001,23163
2026-01-27 17:59:00,260.69,260.73001,260.67001,260.70999,24270
2026-01-27 18:00:00,260.70001,260.94,260.70001,260.78009,49345
2026-01-27 18:01:00,260.79501,260.95999,260.79001,260.905,28261
2026-01-27 18:02:00,260.89999,260.90109,260.60501,260.72,44363
2026-01-27 18:03:00,260.72,260.73001,260.5835,260.58499,25192
2026-01-27 18:04:00,260.58401,260.60501,260.54001,260.57999,29685
2026-01-27 18:05:00,260.57999,260.59,260.51999,260.52499,51328
2026-01-27 18:06:00,260.54001,260.69989,260.54001,260.62,38004
2026-01-27 18:07:00,260.61499,260.73001,260.61499,260.66,29222
2026-01-27 18:08:00,260.66,260.94,260.64001,260.92999,39490
2026-01-27 18:09:00,260.95999,261.04999,260.95001,260.95999,62390
2026-01-27 18:10:00,260.95999,260.98999,260.84,260.87,31945
2026-01-27 18:11:00,260.87,260.98999,260.80011,260.98999,29108
2026-01-27 18:12:00,260.97,261.04001,260.97,261.04001,22786
2026-01-27 18:13:00,261.04001,261.13,260.85001,260.88,53057
2026-01-27 18:14:00,260.875,261.01001,260.87381,260.9801,20072
2026-01-27 18:15:00,260.98001,260.99991,260.87,260.87,26685
2026-01-27 18:16:00,260.87009,260.88501,260.625,260.67499,40227
2026-01-27 18:17:00,260.67999,260.67999,260.56,260.57501,45620
2026-01-27 18:18:00,260.63,260.68341,260.60001,260.68341,22815
2026-01-27 18:19:00,260.67999,260.67999,260.59,260.62,32837
2026-01-27 18:20:00,260.62,260.70499,260.60999,260.69,21378
2026-01-27 18:21:00,260.69,260.73999,260.60999,260.60999,30705
2026-01-27 18:22:00,260.60501,260.64001,260.54999,260.54999,38090
2026-01-27 18:23:00,260.54999,260.59,260.51001,260.59,25823
2026-01-27 18:24:00,260.58511,260.76001,260.58499,260.755,33935
2026-01-27 18:25:00,260.76001,260.84,260.75,260.75,42817
2026-01-27 18:26:00,260.75,260.75,260.57449,260.58499,45927
2026-01-27 18:27:00,260.59,260.625,260.51001,260.52499,23307
2026-01-27 18:28:00,260.54001,260.54001,260.38,260.45001,39963
2026-01-27 18:29:00,260.4501,260.52231,260.2301,260.255,48490
2026-01-27 18:30:00,260.26999,260.29999,260.23001,260.29999,38479
2026-01-27 18:31:00,260.31,260.34,260.14999,260.20401,62026
2026-01-27 18:32:00,260.20999,260.35999,260.16,260.185,39932
2026-01-27 18:33:00,260.17899,260.25,260.10999,260.10999,39544
2026-01-27 18:34:00,260.10001,260.12939,259.79999,259.95001,249125
2026-01-27 18:35:00,259.95499,259.98999,259.84009,259.89001,29437
2026-01-27 18:36:00,259.95001,260.03,259.92999,260.01001,43647
2026-01-27 18:37:00,260.0,260.13,259.92999,260.03,65540
2026-01-27 18:38:00,260.02499,260.04999,259.95999,259.98999,38428
2026-01-27 18:39:00,259.97449,260.04999,259.97198,260.005,35457
2026-01-27 18:40:00,260.005,260.005,259.92001,260.0,36298
2026-01-27 18:41:00,260.00989,260.09,259.95999,260.005,33232
2026-01-27 18:42:00,260.01001,260.03,259.8501,259.8501,42633
2026-01-27 18:43:00,259.85001,259.91,259.81,259.82999,43921
2026-01-27 18:44:00,259.82001,259.88,259.79999,259.85001,39049
2026-01-27 18:45:00,259.84839,259.89001,259.815,259.87241,37300
2026-01-27 18:46:00,259.87,259.92999,259.85999,259.89001,25111
2026-01-27 18:47:00,259.89001,259.91,259.80499,259.82001,29919
2026-01-27 18:48:00,259.81,259.81,259.655,259.72,29666
2026-01-27 18:49:00,259.7197,259.76001,259.64001,259.69,46755
2026-01-27 18:50:00,259.69501,259.84,259.69,259.82999,43719
2026-01-27 18:51:00,259.83011,259.88,259.72,259.73999,42094
2026-01-27 18:52:00,259.73999,259.73999,259.64999,259.67001,30136
2026-01-27 18:53:00,259.66501,259.71939,259.66,259.67001,29819
2026-01-27 18:54:00,259.66519,259.71991,259.64001,259.70999,24009
2026-01-27 18:55:00,259.7193,259.75,259.51999,259.69,75790
2026-01-27 18:56:00,259.67001,259.92001,259.67001,259.89001,76881
2026-01-27 18:57:00,259.89001,259.97,259.87,259.92059,34751
2026-01-27 18:58:00,259.92001,259.95999,259.8299,259.875,31845
2026-01-27 18:59:00,259.87,259.88,259.79999,259.82001,34426
2026-01-27 19:00:00,259.84,259.95999,259.84,259.88,37131
2026-01-27 19:01:00,259.88,260.01999,259.87009,259.89999,90181
2026-01-27 19:02:00,259.89999,259.95511,259.85001,259.87,17744
2026-01-27 19:03:00,259.87,259.98001,259.85001,259.85001,40181
2026-01-27 19:04:00,259.84,259.89001,259.81,259.81,30002
2026-01-27 19:05:00,259.82999,259.91,259.82001,259.82501,35653
2026-01-27 19:06:00,259.82501,259.84,259.67999,259.715,49761
2026-01-27 19:07:00,259.72,259.73999,259.63,259.69,25347
2026-01-27 19:08:00,259.69,259.70499,259.64001,259.64499,31466
2026-01-27 19:09:00,259.63,259.64001,259.53,259.57999,36704
2026-01-27 19:10:00,259.57999,259.66901,259.55499,259.58841,32200
2026-01-27 19:11:00,259.57999,259.67499,259.57999,259.67499,26855
2026-01-27 19:12:00,259.67499,259.69989,259.63,259.68991,39962
2026-01-27 19:13:00,259.69,259.81,259.68991,259.76999,30110
2026-01-27 19:14:00,259.76999,259.87,259.76001,259.81,47083
2026-01-27 19:15:00,259.81,259.81,259.69501,259.73499,28879
2026-01-27 19:16:00,259.73999,259.75,259.62,259.66,26732
2026-01-27 19:17:00,259.66,259.76001,259.64001,259.745,31174
2026-01-27 19:18:00,259.76001,259.80499,259.7301,259.80499,15338
2026-01-27 19:19:00,259.79999,259.96161,259.785,259.935,60665
2026-01-27 19:20:00,259.9462,259.97,259.78,259.79999,40689
2026-01-27 19:21:00,259.79999,259.81,259.76501,259.79001,16362
2026-01-27 19:22:00,259.79501,259.875,259.79501,259.85001,31035
2026-01-27 19:23:00,259.85999,259.87,259.81,259.82001,30402
2026-01-27 19:24:00,259.82001,259.89999,259.80011,259.88501,39874
2026-01-27 19:25:00,259.88501,259.89999,259.85501,259.86499,33704
2026-01-27 19:26:00,259.86499,259.8793,259.82501,259.86499,25211
2026-01-27 19:27:00,259.85999,259.94,259.84,259.88501,78099
2026-01-27 19:28:00,259.88989,259.94,259.88989,259.92499,24903
2026-01-27 19:29:00,259.92499,259.94009,259.875,259.875,22213
2026-01-27 19:30:00,259.875,259.89999,259.8208,259.82999,28797
2026-01-27 19:31:00,259.82999,259.84,259.70999,259.70999,39243
2026-01-27 19:32:00,259.72,259.745,259.69,259.69501,32223
2026-01-27 19:33:00,259.69,259.69,259.59,259.60999,41871
2026-01-27 19:34:00,259.60999,259.64999,259.54999,259.60999,66225
2026-01-27 19:35:00,259.60501,259.73001,259.60501,259.60501,65586
2026-01-27 19:36:00,259.60001,259.60999,259.51501,259.565,33707
2026-01-27 19:37:00,259.565,259.60999,259.51999,259.56,30651
2026-01-27 19:38:00,259.56,259.64999,259.55499,259.625,20899
2026-01-27 19:39:00,259.625,259.68161,259.625,259.67001,21748
2026-01-27 19:40:00,259.67001,259.67999,259.58011,259.595,30150
2026-01-27 19:41:00,259.59,259.60999,259.55499,259.55499,21726
2026-01-27 19:42:00,259.55499,259.63019,259.55499,259.58499,25670
2026-01-27 19:43:00,259.57999,259.62,259.56,259.59,26543
2026-01-27 19:44:00,259.60001,259.63,259.57001,259.60501,56713
2026-01-27 19:45:00,259.60999,259.64001,259.57001,259.6167,36348
2026-01-27 19:46:00,259.61499,259.63,259.5,259.54001,46339
2026-01-27 19:47:00,259.54999,259.57541,259.48999,259.53,44464
2026-01-27 19:48:00,259.51999,259.62991,259.51501,259.62009,41992
2026-01-27 19:49:00,259.62,259.64999,259.595,259.60501,32256
2026-01-27 19:50:00,259.60001,259.61499,259.32501,259.32999,53647
2026-01-27 19:51:00,259.32999,259.35999,259.26999,259.31,46198
2026-01-27 19:52:00,259.32001,259.42001,259.26999,259.28,55365
2026-01-27 19:53:00,259.28,259.465,259.17499,259.42999,91348
2026-01-27 19:54:00,259.435,259.60999,259.42999,259.60999,35625
2026-01-27 19:55:00,259.62,259.79999,259.60001,259.78,60949
2026-01-27 19:56:00,259.78,259.89999,259.70001,259.81,60391
2026-01-27 19:57:00,259.82001,259.89001,259.76501,259.88501,49632
2026-01-27 19:58:00,259.88501,260.04001,259.8801,260.0,73075
2026-01-27 19:59:00,259.98819,260.02499,259.73999,259.73999,60855
2026-01-27 20:00:00,259.745,259.89999,259.69,259.86499,47765
2026-01-27 20:01:00,259.87,259.89459,259.80499,259.86499,36172
2026-01-27 20:02:00,259.86499,259.96671,259.86499,259.92499,37106
2026-01-27 20:03:00,259.92999,259.94501,259.78,259.815,56665
2026-01-27 20:04:00,259.81,259.87991,259.72,259.745,43717
2026-01-27 20:05:00,259.75,259.85001,259.73999,259.85001,31169
2026-01-27 20:06:00,259.84,259.84,259.70499,259.70499,43023
2026-01-27 20:07:00,259.70499,259.70999,259.66,259.70999,31257
2026-01-27 20:08:00,259.70999,259.73999,259.67001,259.70999,28423
2026-01-27 20:09:00,259.70999,259.70999,259.64999,259.66089,46349
2026-01-27 20:10:00,259.67001,259.79999,259.67001,259.72,44079
2026-01-27 20:11:00,259.72,259.76999,259.62,259.63501,49136
2026-01-27 20:12:00,259.63,259.63501,259.45001,259.58939,41274
2026-01-27 20:13:00,259.57999,259.67001,259.54999,259.66,33500
2026-01-27 20:14:00,259.66,259.66501,259.57501,259.62,34296
2026-01-27 20:15:00,259.61499,259.62,259.5,259.535,52869
2026-01-27 20:16:00,259.54999,259.64001,259.54999,259.60001,46491
2026-01-27 20:17:00,259.59,259.62,259.5,259.5463,46262
2026-01-27 20:18:00,259.54999,259.54999,259.41,259.44,43902
2026-01-27 20:19:00,259.44009,259.48001,259.42999,259.42999,37448
2026-01-27 20:20:00,259.42499,259.47,259.37,259.375,55813
2026-01-27 20:21:00,259.375,259.38,259.26001,259.26001,44009
2026-01-27 20:22:00,259.26999,259.38,259.26501,259.37,46495
2026-01-27 20:23:00,259.35999,259.37,259.29001,259.29501,53537
2026-01-27 20:24:00,259.2901,259.35999,259.27011,259.27011,37978
2026-01-27 20:25:00,259.26999,259.26999,259.17999,259.17999,43498
2026-01-27 20:26:00,259.17999,259.29541,259.14999,259.2796,47080
2026-01-27 20:27:00,259.26501,259.26501,259.215,259.2392,41681
2026-01-27 20:28:00,259.23001,259.26999,259.20999,259.23001,32046
2026-01-27 20:29:00,259.23999,259.39001,259.22501,259.38,39010
2026-01-27 20:30:00,259.38501,259.67499,259.35501,259.54999,162462
2026-01-27 20:31:00,259.54001,259.64999,259.45001,259.45001,69655
2026-01-27 20:32:00,259.45499,259.47009,259.35001,259.42001,74483
2026-01-27 20:33:00,259.42499,259.47,259.31451,259.33499,50590
2026-01-27 20:34:00,259.33499,259.42291,259.32999,259.42291,37641
2026-01-27 20:35:00,259.42999,259.45499,259.35001,259.435,46385
2026-01-27 20:36:00,259.435,259.435,259.27499,259.27499,39006
2026-01-27 20:37:00,259.26999,259.32999,259.23999,259.32501,51854
2026-01-27 20:38:00,259.32501,259.33499,259.28,259.32001,39895
2026-01-27 20:39:00,259.315,259.51001,259.31,259.50369,43628
2026-01-27 20:40:00,259.51001,259.56,259.39499,259.39999,59399
2026-01-27 20:41:00,259.39999,259.435,259.32999,259.35001,48622
2026-01-27 20:42:00,259.33499,259.39999,259.215,259.26001,55281
2026-01-27 20:43:00,259.25009,259.34,259.25,259.33499,50591
2026-01-27 20:44:00,259.33499,259.42001,259.32501,259.34,61806
2026-01-27 20:45:00,259.32999,259.32999,259.20901,259.28,38324
2026-01-27 20:46:00,259.28,259.31,259.23999,259.29001,40512
2026-01-27 20:47:00,259.29001,259.435,259.285,259.41,36834
2026-01-27 20:48:00,259.42499,259.465,259.3858,259.41501,45825
2026-01-27 20:49:00,259.41,259.54001,259.39001,259.39999,75900
2026-01-27 20:50:00,259.39001,259.39999,258.82999,258.85999,174305
2026-01-27 20:51:00,258.87,258.92001,258.8378,258.87,74266
2026-01-27 20:52:00,258.87,258.91,258.78,258.875,59049
2026-01-27 20:53:00,258.88,258.89001,258.7901,258.85001,9772757
2026-01-27 20:54:00,258.84,258.91,258.66,258.84,22155
2026-01-27 20:55:00,258.78,258.78,258.29999,258.39499,162801
2026-01-27 20:56:00,258.39001,258.42001,258.31,258.37,141540
2026-01-27 20:57:00,258.35999,258.37,258.23001,258.29001,199209
2026-01-27 20:58:00,258.29999,258.39001,258.26001,258.31,184727
2026-01-27 20:59:00,258.31,258.38,258.20999,258.26999,411488
2026-01-28 14:30:00,257.56,258.70499,257.39999,257.92999,1329406
2026-01-28 14:31:00,257.94,258.38,257.82001,258.25,169822
2026-01-28 14:32:00,258.25,258.70001,258.12,258.56,134673
2026-01-28 14:33:00,258.56,258.85501,257.76001,257.88501,154257
2026-01-28 14:34:00,257.88,258.05499,257.29001,257.45001,144030
2026-01-28 14:35:00,257.41501,257.64001,256.95349,256.95349,176525
2026-01-28 14:36:00,256.94,257.0,256.22501,256.345,169721
2026-01-28 14:37:00,256.38,256.79001,256.23499,256.23499,135793
2026-01-28 14:38:00,256.23001,256.47,256.10001,256.35501,103937
2026-01-28 14:39:00,256.35501,256.5,255.89,256.14999,188008
2026-01-28 14:40:00,256.14999,256.23499,255.869,256.06,93881
2026-01-28 14:41:00,256.04001,256.42999,255.82001,256.38,101141
2026-01-28 14:42:00,256.38959,256.64999,256.10999,256.61499,88220
2026-01-28 14:43:00,256.61499,256.84,256.54001,256.72351,98848
2026-01-28 14:44:00,256.77991,256.88,256.62,256.63,101583
2026-01-28 14:45:00,256.6799,257.04001,256.62,257.04001,92992
2026-01-28 14:46:00,257.06,257.23999,256.72009,256.72009,116034
2026-01-28 14:47:00,256.72,256.7699,256.29001,256.42499,107657
2026-01-28 14:48:00,256.45001,256.67999,256.30499,256.53961,81708
2026-01-28 14:49:00,256.495,256.64999,256.45001,256.54501,67899
2026-01-28 14:50:00,256.57999,256.72501,256.34,256.375,68078
2026-01-28 14:51:00,256.35999,256.64999,256.26001,256.60999,96829
2026-01-28 14:52:00,256.64001,256.67499,256.37,256.4201,64671
2026-01-28 14:53:00,256.42999,256.45001,255.73,255.78,160528
2026-01-28 14:54:00,255.78,256.16,255.73,256.07999,87594
2026-01-28 14:55:00,256.07999,256.28989,255.98,256.25,116899
2026-01-28 14:56:00,256.25,256.35999,256.112,256.13,72283
2026-01-28 14:57:00,256.125,256.25,256.04001,256.15891,61264
2026-01-28 14:58:00,256.14999,256.26501,256.03,256.07001,61727
2026-01-28 14:59:00,256.09,256.23001,256.08499,256.14499,51436
2026-01-28 15:00:00,256.14001,256.14999,255.81,255.82001,114853
2026-01-28 15:01:00,255.8,255.83,255.59,255.66,110389
2026-01-28 15:02:00,255.67999,255.69,255.52,255.595,113773
2026-01-28 15:03:00,255.595,255.7489,255.215,255.31,151779
2026-01-28 15:04:00,255.32001,255.53999,255.31,255.42999,93374
2026-01-28 15:05:00,255.4201,255.83,255.4201,255.74001,91358
2026-01-28 15:06:00,255.755,256.19989,255.6801,256.12,109256
2026-01-28 15:07:00,256.10999,256.4689,256.0798,256.38,109854
2026-01-28 15:08:00,256.39499,256.66501,256.29059,256.6402,87526
2026-01-28 15:09:00,256.64001,256.75,256.53,256.599,64370
2026-01-28 15:10:00,256.59,256.63501,256.44,256.53,50984
2026-01-28 15:11:00,256.55789,256.68991,256.45999,256.48499,45800
2026-01-28 15:12:00,256.48499,256.66,256.41199,256.57999,43999
2026-01-28 15:13:00,256.60999,256.69,256.45001,256.45999,47122
2026-01-28 15:14:00,256.45001,256.50989,256.38,256.45999,55344
2026-01-28 15:15:00,256.45999,256.71729,256.39001,256.60001,48702
2026-01-28 15:16:00,256.595,256.85001,256.54999,256.70499,58381
2026-01-28 15:17:00,256.70499,256.73001,256.60999,256.6391,45969
2026-01-28 15:18:00,256.60001,256.76001,256.47,256.5701,56891
2026-01-28 15:19:00,256.57001,256.67999,256.53,256.53,40500
2026-01-28 15:20:00,256.54001,256.66,256.45001,256.51999,59970
2026-01-28 15:21:00,256.54001,256.72,256.5325,256.70001,40268
2026-01-28 15:22:00,256.70001,256.92001,256.63,256.92001,60077
2026-01-28 15:23:00,256.92001,257.04999,256.82001,256.89001,69855
2026-01-28 15:24:00,256.89999,256.91,256.48499,256.48499,51738
2026-01-28 15:25:00,256.49991,256.70999,256.47,256.51501,55183
2026-01-28 15:26:00,256.51501,256.69,256.47009,256.67999,34853
2026-01-28 15:27:00,256.6658,256.70001,256.48999,256.5,41320
2026-01-28 15:28:00,256.48999,256.48999,256.22009,256.34,92562
2026-01-28 15:29:00,256.32999,256.35001,256.03,256.09,60716
2026-01-28 15:30:00,256.06,256.22,256.01999,256.035,59916
2026-01-28 15:31:00,256.04001,256.17001,255.99001,256.16501,72998
2026-01-28 15:32:00,256.16501,256.29501,256.12,256.28891,52576
2026-01-28 15:33:00,256.27509,256.31,256.04001,256.17499,52093
2026-01-28 15:34:00,256.17001,256.22,255.97,255.98,56216
2026-01-28 15:35:00,255.98,256.09991,255.92,255.92999,76198
2026-01-28 15:36:00,255.94,256.258,255.89,256.16,78148
2026-01-28 15:37:00,256.14999,256.42999,256.14999,256.41,60846
2026-01-28 15:38:00,256.405,256.64999,256.29001,256.62381,55968
2026-01-28 15:39:00,256.625,256.70999,256.48999,256.57001,49901
2026-01-28 15:40:00,256.57001,256.6799,256.54001,256.63,39749
2026-01-28 15:41:00,256.63,256.63,256.39999,256.39999,53909
2026-01-28 15:42:00,256.41,256.41,256.17999,256.19501,58506
2026-01-28 15:43:00,256.17499,256.23999,256.065,256.23999,54337
2026-01-28 15:44:00,256.23999,256.25,256.01999,256.0209,36840
2026-01-28 15:45:00,256.04001,256.17001,255.95,256.08499,72999
2026-01-28 15:46:00,256.07999,256.20001,256.07999,256.16501,35767
2026-01-28 15:47:00,256.16541,256.19,255.84,255.89,52112
2026-01-28 15:48:00,255.875,256.04999,255.8101,256.04999,48741
2026-01-28 15:49:00,256.04999,256.155,256.03,256.12,31661
2026-01-28 15:50:00,256.10141,256.10141,255.965,256.01501,31761
2026-01-28 15:51:00,256.01511,256.01511,255.78,255.8,49390
2026-01-28 15:52:00,255.80499,255.92,255.79401,255.855,58093
2026-01-28 15:53:00,255.87,256.07001,255.855,255.94,36492
2026-01-28 15:54:00,255.935,256.04999,255.83,256.04001,48295
2026-01-28 15:55:00,256.01999,256.04001,255.87,255.89999,41841
2026-01-28 15:56:00,255.91969,255.97,255.8,255.95,33471
2026-01-28 15:57:00,255.965,256.22,255.96001,256.14999,41886
2026-01-28 15:58:00,256.13501,256.19989,255.89999,255.89999,39401
2026-01-28 15:59:00,255.87,255.88499,255.72,255.84,47280
2026-01-28 16:00:00,255.84,255.86,255.7,255.78999,34003
2026-01-28 16:01:00,255.78999,255.9426,255.7701,255.91,46738
2026-01-28 16:02:00,255.91499,255.99001,255.855,255.9305,34660
2026-01-28 16:03:00,255.94501,255.99001,255.8,255.83501,30309
2026-01-28 16:04:00,255.85001,255.97,255.82001,255.92,33293
2026-01-28 16:05:00,255.92,255.95,255.84,255.88499,34241
2026-01-28 16:06:00,255.88,256.12,255.87,256.07001,30558
2026-01-28 16:07:00,256.099,256.14999,256.06,256.06,28177
2026-01-28 16:08:00,256.07001,256.12,256.03,256.03,26139
2026-01-28 16:09:00,256.04001,256.16,255.92999,256.07999,62106
2026-01-28 16:10:00,256.06,256.07999,256.00049,256.04999,26382
2026-01-28 16:11:00,256.095,256.2106,256.095,256.20001,32556
2026-01-28 16:12:00,256.20499,256.22,256.06,256.09,35580
2026-01-28 16:13:00,256.08499,256.08499,255.87,255.88499,52520
2026-01-28 16:14:00,255.88,255.91029,255.77499,255.9062,30718
2026-01-28 16:15:00,255.89999,256.03,255.89,255.9409,31696
2026-01-28 16:16:00,255.925,255.96001,255.84,255.89,19907
2026-01-28 16:17:00,255.8701,255.925,255.77,255.795,52191
2026-01-28 16:18:00,255.81,255.87,255.77,255.855,29070
2026-01-28 16:19:00,255.845,255.85001,255.67,255.69,43166
2026-01-28 16:20:00,255.67999,255.83,255.67999,255.77,31832
2026-01-28 16:21:00,255.77,255.77,255.53751,255.55,49489
2026-01-28 16:22:00,255.535,255.64,255.5,255.57001,66676
2026-01-28 16:23:00,255.55499,255.56,255.4502,255.46001,61986
2026-01-28 16:24:00,255.4501,255.49001,255.41,255.46001,68053
2026-01-28 16:25:00,255.455,255.5,255.295,255.2999,52244
2026-01-28 16:26:00,255.2999,255.57001,255.25999,255.44,74920
2026-01-28 16:27:00,255.5112,255.57001,255.50999,255.565,27836
2026-01-28 16:28:00,255.56,255.56,255.375,255.4601,35740
2026-01-28 16:29:00,255.46001,255.5,255.36481,255.49001,35597
2026-01-28 16:30:00,255.47,255.48,255.36,255.38,43614
2026-01-28 16:31:00,255.38901,255.39999,255.11,255.19501,60462
2026-01-28 16:32:00,255.2,255.23,255.08,255.14,55262
2026-01-28 16:33:00,255.14,255.39,255.1106,255.2,45431
2026-01-28 16:34:00,255.205,255.21001,254.92999,255.03751,138587
2026-01-28 16:35:00,255.03999,255.14999,255.0,255.0,54663
2026-01-28 16:36:00,255.00999,255.12,254.9597,254.9597,34973
2026-01-28 16:37:00,254.97,255.21809,254.97,255.13499,58869
2026-01-28 16:38:00,255.14,255.14,255.03999,255.09,38901
2026-01-28 16:39:00,255.09,255.24741,255.08,255.2025,33646
2026-01-28 16:40:00,255.21001,255.22,255.09,255.09,26066
2026-01-28 16:41:00,255.10001,255.22,255.06,255.09,44078
2026-01-28 16:42:00,255.10001,255.125,254.99001,254.99001,40286
2026-01-28 16:43:00,254.98,255.08,254.78999,254.925,86012
2026-01-28 16:44:00,254.91,254.95,254.84,254.89,49027
2026-01-28 16:45:00,254.88,255.005,254.855,254.95,51321
2026-01-28 16:46:00,254.96001,255.10001,254.94501,255.08749,39829
2026-01-28 16:47:00,255.08,255.14999,255.0699,255.1367,34997
2026-01-28 16:48:00,255.14,255.1575,254.92,254.96001,33276
2026-01-28 16:49:00,254.97,255.08,254.94,254.9599,28547
2026-01-28 16:50:00,254.94,255.13,254.8699,255.10001,46356
2026-01-28 16:51:00,255.105,255.13,254.87,254.92999,41105
2026-01-28 16:52:00,254.91,254.92999,254.7888,254.81,41296
2026-01-28 16:53:00,254.8,254.8999,254.75999,254.75999,25434
2026-01-28 16:54:00,254.75,254.96001,254.74001,254.925,30352
2026-01-28 16:55:00,254.925,255.16,254.925,255.11,28064
2026-01-28 16:56:00,255.12,255.25999,255.10001,255.17999,26718
2026-01-28 16:57:00,255.17999,255.34,255.14,255.285,63525
2026-01-28 16:58:00,255.28,255.30499,255.17999,255.25999,31325
2026-01-28 16:59:00,255.26089,255.36501,255.2462,255.34,21054
2026-01-28 17:00:00,255.33,255.37,255.28,255.31,23707
2026-01-28 17:01:00,255.315,255.42,255.28,255.28,23031
2026-01-28 17:02:00,255.28,255.38,255.27499,255.38,26042
2026-01-28 17:03:00,255.38,255.39999,255.19,255.19,45083
2026-01-28 17:04:00,255.22,255.27991,255.14999,255.1993,23725
2026-01-28 17:05:00,255.21001,255.25999,255.1501,255.19,19166
2026-01-28 17:06:00,255.16,255.17999,255.07809,255.14,22437
2026-01-28 17:07:00,255.14999,255.17,255.0916,255.16,14268
2026-01-28 17:08:00,255.185,255.28,255.185,255.23,34668
2026-01-28 17:09:00,255.23,255.25999,255.12,255.2,21290
2026-01-28 17:10:00,255.2099,255.35001,255.14999,255.24001,25549
2026-01-28 17:11:00,255.23331,255.4026,255.22,255.34,21781
2026-01-28 17:12:00,255.33,255.33,255.1601,255.2,30170
2026-01-28 17:13:00,255.22,255.3,255.21001,255.22,28910
2026-01-28 17:14:00,255.22501,255.27,255.2,255.25,35946
2026-01-28 17:15:00,255.237,255.28,255.1505,255.17,23031
2026-01-28 17:16:00,255.17,255.25999,255.17,255.22,22833
2026-01-28 17:17:00,255.24001,255.25999,255.1899,255.19501,20167
2026-01-28 17:18:00,255.19,255.27,255.16,255.2646,16292
2026-01-28 17:19:00,255.2654,255.36,255.25,255.35001,15248
2026-01-28 17:20:00,255.3584,255.39999,255.31,255.33,30749
2026-01-28 17:21:00,255.34,255.38,255.17999,255.17999,37936
2026-01-28 17:22:00,255.19,255.19,254.89,254.925,66049
2026-01-28 17:23:00,254.935,254.95,254.7,254.731,63728
2026-01-28 17:24:00,254.74001,254.82001,254.7,254.77,50238
2026-01-28 17:25:00,254.75999,254.81,254.66,254.69,42499
2026-01-28 17:26:00,254.7,254.85001,254.7,254.78999,28903
2026-01-28 17:27:00,254.8,254.83,254.75771,254.78999,23927
2026-01-28 17:28:00,254.77,254.85989,254.75999,254.8,26343
2026-01-28 17:29:00,254.81,254.84,254.78999,254.82001,13714
2026-01-28 17:30:00,254.8,254.83,254.77,254.82001,16742
2026-01-28 17:31:00,254.82001,254.851,254.66,254.66,30466
2026-01-28 17:32:00,254.66,254.75999,254.62,254.72501,24815
2026-01-28 17:33:00,254.7213,254.7213,254.56,254.605,32309
2026-01-28 17:34:00,254.61,254.67999,254.60001,254.6591,25191
2026-01-28 17:35:00,254.644,254.73,254.61,254.66,25608
2026-01-28 17:36:00,254.65331,254.69,254.64,254.64,24856
2026-01-28 17:37:00,254.63499,254.72,254.63499,254.66,28978
2026-01-28 17:38:00,254.64999,254.67999,254.50999,254.5497,33240
2026-01-28 17:39:00,254.5499,254.64999,254.545,254.64,26368
2026-01-28 17:40:00,254.64999,254.7599,254.63,254.6499,48524
2026-01-28 17:41:00,254.64999,254.89999,254.6474,254.88,37757
2026-01-28 17:42:00,254.89,254.92999,254.82001,254.88989,25092
2026-01-28 17:43:00,254.87,255.11,254.87,255.0899,36567
2026-01-28 17:44:00,255.0843,255.09,255.00999,255.03,37412
2026-01-28 17:45:00,255.03,255.04961,254.89999,254.9294,32543
2026-01-28 17:46:00,254.91499,255.0,254.9045,254.97,14822
2026-01-28 17:47:00,254.98,255.09,254.98,255.0701,21967
2026-01-28 17:48:00,255.08,255.08,254.94,254.96001,20764
2026-01-28 17:49:00,254.95,255.05,254.95,255.05,17271
2026-01-28 17:50:00,255.03,255.11,254.89999,254.925,47812
2026-01-28 17:51:00,254.91,254.925,254.7811,254.84,150524
2026-01-28 17:52:00,254.82001,254.8799,254.75999,254.84,14594
2026-01-28 17:53:00,254.875,254.97,254.84,254.89999,20719
2026-01-28 17:54:00,254.89,254.96001,254.8,254.83,32030
2026-01-28 17:55:00,254.84,254.95,254.72,254.86,184057
2026-01-28 17:56:00,254.86681,254.97,254.86681,254.91,18573
2026-01-28 17:57:00,254.92999,254.97,254.88,254.94,12744
2026-01-28 17:58:00,254.95,254.99001,254.82091,254.8233,3327
2026-01-28 17:59:00,254.83,254.895,254.78999,254.83,23381
2026-01-28 18:00:00,254.82001,254.82001,254.71001,254.7101,16043
2026-01-28 18:01:00,254.73,254.78,254.53999,254.55,25513
2026-01-28 18:02:00,254.545,254.64999,254.545,254.60899,28110
2026-01-28 18:03:00,254.62,254.69,254.56,254.64,22519
2026-01-28 18:04:00,254.6301,254.84,254.63,254.8101,22722
2026-01-28 18:05:00,254.82001,254.9942,254.81,254.96001,31177
2026-01-28 18:06:00,254.94,254.99001,254.931,254.96001,19825
2026-01-28 18:07:00,254.96001,255.0,254.8,254.8183,35401
2026-01-28 18:08:00,254.83,254.91,254.83,254.89999,19365
2026-01-28 18:09:00,254.88,254.99001,254.85001,254.94,18659
2026-01-28 18:10:00,254.92999,254.94,254.84,254.85001,23134
2026-01-28 18:11:00,254.85001,254.86501,254.82001,254.86501,16303
2026-01-28 18:12:00,254.87,255.0,254.87,254.9399,36004
2026-01-28 18:13:00,254.92999,254.94,254.88,254.94,17735
2026-01-28 18:14:00,254.94009,255.0,254.94,254.955,19552
2026-01-28 18:15:00,254.95,254.99001,254.95,254.99001,17961
2026-01-28 18:16:00,254.9848,255.22501,254.9826,255.22501,55233
2026-01-28 18:17:00,255.2278,255.31,255.2278,255.3,33727
2026-01-28 18:18:00,255.28,255.31,255.21001,255.215,24887
2026-01-28 18:19:00,255.21001,255.315,255.19009,255.28999,27180
2026-01-28 18:20:00,255.2993,255.39,255.28,255.295,31926
2026-01-28 18:21:00,255.3,255.345,255.24001,255.2485,25052
2026-01-28 18:22:00,255.25,255.28999,255.19389,255.2,24671
2026-01-28 18:23:00,255.2099,255.24001,255.17,255.19991,18562
2026-01-28 18:24:00,255.19501,255.3,255.185,255.2999,23265
2026-01-28 18:25:00,255.28999,255.295,255.23,255.24001,21983
2026-01-28 18:26:00,255.23,255.295,255.23,255.295,16953
2026-01-28 18:27:00,255.28999,255.34,255.25999,255.295,22813
2026-01-28 18:28:00,255.28999,255.32001,255.24001,255.245,17750
2026-01-28 18:29:00,255.25,255.31,255.25,255.255,13464
2026-01-28 18:30:00,255.25999,255.345,255.25999,255.285,27504
2026-01-28 18:31:00,255.28,255.2975,255.23,255.23,23079
2026-01-28 18:32:00,255.22,255.22,255.155,255.16,20034
2026-01-28 18:33:00,255.16,255.16499,255.06,255.09,42714
2026-01-28 18:34:00,255.08501,255.14999,254.99001,255.03999,28728
2026-01-28 18:35:00,255.035,255.12,255.02499,255.12,26417
2026-01-28 18:36:00,255.11,255.17999,255.06,255.125,26386
2026-01-28 18:37:00,255.125,255.22,255.02,255.02,28966
2026-01-28 18:38:00,255.0258,255.0258,254.88,254.94,26817
2026-01-28 18:39:00,254.944,255.02499,254.944,254.96001,20817
2026-01-28 18:40:00,254.98,255.03999,254.98,255.03999,21568
2026-01-28 18:41:00,255.05,255.155,255.02,255.125,20673
2026-01-28 18:42:00,255.12,255.31,255.12,255.3,21967
2026-01-28 18:43:00,255.3,255.3,255.16,255.255,25495
2026-01-28 18:44:00,255.255,255.32001,255.25,255.315,30197
2026-01-28 18:45:00,255.32001,255.34,255.27,255.27499,27115
2026-01-28 18:46:00,255.27499,255.28,255.14999,255.215,39639
2026-01-28 18:47:00,255.215,255.28999,255.17999,255.245,23123
2026-01-28 18:48:00,255.25,255.28,255.19,255.28,19724
2026-01-28 18:49:00,255.28,255.42,255.28,255.39999,27412
2026-01-28 18:50:00,255.39999,255.58,255.39999,255.58,36287
2026-01-28 18:51:00,255.59,255.67999,255.53999,255.59,44479
2026-01-28 18:52:00,255.60001,255.605,255.55,255.59,34242
2026-01-28 18:53:00,255.5999,255.5999,255.5,255.505,31720
2026-01-28 18:54:00,255.50999,255.72,255.50999,255.69,39672
2026-01-28 18:55:00,255.67999,255.75,255.66,255.7,25793
2026-01-28 18:56:00,255.7,255.78,255.67999,255.7601,25183
2026-01-28 18:57:00,255.73,255.83,255.72009,255.81,35264
2026-01-28 18:58:00,255.825,255.88,255.74001,255.75999,44163
2026-01-28 18:59:00,255.75,255.75,255.61,255.65649,30291
2026-01-28 19:00:00,255.66,255.86501,255.53999,255.73801,49608
2026-01-28 19:01:00,255.75,255.75,255.35001,255.37,38132
2026-01-28 19:02:00,255.37,255.37,255.12,255.16,38687
2026-01-28 19:03:00,255.14,255.32001,255.13,255.1895,32382
2026-01-28 19:04:00,255.21001,255.41,255.2,255.25,26661
2026-01-28 19:05:00,255.23,255.3251,255.14,255.14,23750
2026-01-28 19:06:00,255.16,255.32001,255.14,255.28999,31463
2026-01-28 19:07:00,255.3,255.4399,255.28999,255.31,32102
2026-01-28 19:08:00,255.32001,255.4099,255.28999,255.315,22658
2026-01-28 19:09:00,255.33,255.39999,255.28999,255.35001,27047
2026-01-28 19:10:00,255.33,255.33,255.21001,255.27,29163
2026-01-28 19:11:00,255.27,255.27499,255.14999,255.25,36503
2026-01-28 19:12:00,255.23,255.27161,255.21001,255.21001,20313
2026-01-28 19:13:00,255.21001,255.215,255.06,255.06,29058
2026-01-28 19:14:00,255.06,255.11,254.9301,255.00999,49311
2026-01-28 19:15:00,255.0,255.00999,254.89999,254.95,40477
2026-01-28 19:16:00,255.00999,255.02,255.00999,255.02,36097
2026-01-28 19:17:00,255.0,255.03529,254.88,254.89999,33566
2026-01-28 19:18:00,254.92,254.93581,254.78,254.92999,23683
2026-01-28 19:19:00,254.92999,255.14,254.92999,255.11501,45746
2026-01-28 19:20:00,255.13,255.14999,255.00999,255.02,32203
2026-01-28 19:21:00,255.00999,255.02,254.85001,254.87,34045
2026-01-28 19:22:00,254.86,255.06,254.84,255.0463,23238
2026-01-28 19:23:00,255.045,255.2,255.03999,255.2,26189
2026-01-28 19:24:00,255.21001,255.31,255.14,255.25999,44152
2026-01-28 19:25:00,255.28,255.33,255.23,255.25301,30997
2026-01-28 19:26:00,255.25,255.325,255.22,255.28999,23738
2026-01-28 19:27:00,255.28999,255.3694,255.28999,255.3201,33328
2026-01-28 19:28:00,255.32001,255.32001,255.2178,255.22,24856
2026-01-28 19:29:00,255.21001,255.27,254.97,255.11,84835
2026-01-28 19:30:00,255.08,255.49001,255.05,255.35001,115369
2026-01-28 19:31:00,255.34,255.41,255.13,255.3,78762
2026-01-28 19:32:00,255.31,255.6199,255.21001,255.54871,72293
2026-01-28 19:33:00,255.53999,255.89999,255.50999,255.75999,129867
2026-01-28 19:34:00,255.74001,255.84,255.48,255.52,70063
2026-01-28 19:35:00,255.53,255.63,255.42999,255.4335,50286
2026-01-28 19:36:00,255.42999,255.67999,255.395,255.64,33549
2026-01-28 19:37:00,255.64999,255.896,255.6277,255.74699,43364
2026-01-28 19:38:00,255.73,255.8,255.55,255.60001,35324
2026-01-28 19:39:00,255.58,255.61,255.42,255.42,40570
2026-01-28 19:40:00,255.39,255.49001,255.27,255.47,35272
2026-01-28 19:41:00,255.48,255.58,255.345,255.52,37222
2026-01-28 19:42:00,255.515,255.675,255.515,255.64,24255
2026-01-28 19:43:00,255.66,255.7823,255.55,255.55,41517
2026-01-28 19:44:00,255.56,255.69,255.53,255.64,25217
2026-01-28 19:45:00,255.64,255.87,255.63,255.87,34094
2026-01-28 19:46:00,255.88,255.94,255.75,255.83009,43201
2026-01-28 19:47:00,255.86,256.03,255.86,256.0,41963
2026-01-28 19:48:00,255.99001,256.22,255.99001,256.12,49961
2026-01-28 19:49:00,256.13,256.16,255.925,255.92999,49524
2026-01-28 19:50:00,255.94,255.97,255.8,255.81,54550
2026-01-28 19:51:00,255.81,255.895,255.72,255.8701,39771
2026-01-28 19:52:00,255.88499,256.039,255.88499,255.97,47992
2026-01-28 19:53:00,255.97501,256.03,255.87,256.0,77904
2026-01-28 19:54:00,255.98,256.19,255.94,256.17001,49470
2026-01-28 19:55:00,256.17001,256.19,256.07999,256.10001,40074
2026-01-28 19:56:00,256.10001,256.1701,255.99001,256.05991,89669
2026-01-28 19:57:00,256.04999,256.07001,255.92999,256.07001,53663
2026-01-28 19:58:00,256.09,256.29999,256.09,256.285,54594
2026-01-28 19:59:00,256.29001,256.37,256.25,256.29001,64627
2026-01-28 20:00:00,256.29001,256.43649,256.20999,256.32001,82651
2026-01-28 20:01:00,256.32999,256.64001,256.32999,256.51999,104543
2026-01-28 20:02:00,256.52499,256.55869,256.32001,256.37,60166
2026-01-28 20:03:00,256.38,256.41739,256.17499,256.19,60010
2026-01-28 20:04:00,256.19,256.20999,256.0899,256.17001,50785
2026-01-28 20:05:00,256.17001,256.215,256.04501,256.06,70140
2026-01-28 20:06:00,256.04501,256.15729,256.03,256.12,50931
2026-01-28 20:07:00,256.12,256.22,256.03,256.03,58898
2026-01-28 20:08:00,256.04001,256.14999,256.03,256.14999,40711
2026-01-28 20:09:00,256.16,256.26999,256.14999,256.23999,53773
2026-01-28 20:10:00,256.23001,256.39999,256.215,256.33499,61127
2026-01-28 20:11:00,256.35001,256.41,256.20999,256.22,54222
2026-01-28 20:12:00,256.20999,256.3299,256.2001,256.2872,38184
2026-01-28 20:13:00,256.28,256.29999,256.20999,256.2753,36178
2026-01-28 20:14:00,256.28,256.289,256.14499,256.20001,52934
2026-01-28 20:15:00,256.19,256.19,255.97,256.07999,70110
2026-01-28 20:16:00,256.07501,256.22,256.0101,256.14999,49078
2026-01-28 20:17:00,256.155,256.26999,256.12009,256.245,43513
2026-01-28 20:18:00,256.255,256.29501,256.2399,256.29501,38410
2026-01-28 20:19:00,256.2901,256.35001,256.29001,256.34949,41014
2026-01-28 20:20:00,256.345,256.375,256.01999,256.01999,61548
2026-01-28 20:21:00,256.03,256.19,256.0,256.17001,49766
2026-01-28 20:22:00,256.16,256.17999,255.98,256.06,80635
2026-01-28 20:23:00,256.06,256.09991,256.01999,256.04999,73395
2026-01-28 20:24:00,256.0499,256.32999,256.0401,256.26001,98306
2026-01-28 20:25:00,256.26001,256.54999,256.23001,256.2384,96520
2026-01-28 20:26:00,256.25,256.32501,256.22,256.22,46361
2026-01-28 20:27:00,256.23001,256.44501,256.22,256.41,59775
2026-01-28 20:28:00,256.42001,256.4538,256.38,256.41,45075
2026-01-28 20:29:00,256.41501,256.53,256.41,256.47501,38822
2026-01-28 20:30:00,256.45999,256.51001,256.32999,256.37991,70036
2026-01-28 20:31:00,256.37,256.42749,256.32001,256.42499,41631
2026-01-28 20:32:00,256.42001,256.48001,256.37,256.37,53174
2026-01-28 20:33:00,256.38,256.38989,256.23999,256.23999,52340
2026-01-28 20:34:00,256.24991,256.29999,256.20499,256.26999,57973
2026-01-28 20:35:00,256.26501,256.40701,256.185,256.38,58445
2026-01-28 20:36:00,256.38,256.44,256.32501,256.39999,51144
2026-01-28 20:37:00,256.39999,256.42001,256.36499,256.38,45266
2026-01-28 20:38:00,256.37,256.38989,256.31,256.35999,40037
2026-01-28 20:39:00,256.36011,256.64001,256.35999,256.64001,81323
2026-01-28 20:40:00,256.63,256.63989,256.53,256.53,73571
2026-01-28 20:41:00,256.53009,256.57431,256.41501,256.47,49019
2026-01-28 20:42:00,256.47089,256.57999,256.4599,256.51501,56887
2026-01-28 20:43:00,256.51999,256.54001,256.43839,256.51001,63726
2026-01-28 20:44:00,256.51501,256.62,256.51001,256.53,52439
2026-01-28 20:45:00,256.51001,256.55499,256.41,256.45999,89168
2026-01-28 20:46:00,256.47,256.5,256.17999,256.22,69254
2026-01-28 20:47:00,256.22501,256.28,256.14999,256.26501,52304
2026-01-28 20:48:00,256.26419,256.38,256.26419,256.26999,65711
2026-01-28 20:49:00,256.28,256.32999,256.12,256.13,69300
2026-01-28 20:50:00,256.13,256.39001,255.92999,256.38,134182
2026-01-28 20:51:00,256.38,256.44,256.23999,256.29999,73152
2026-01-28 20:52:00,256.31,256.48001,256.14001,256.4519,76038
2026-01-28 20:53:00,256.45001,256.76999,256.45001,256.70001,141010
2026-01-28 20:54:00,256.70499,256.85001,256.70001,256.82999,112550
2026-01-28 20:55:00,256.84,256.89999,256.56,256.81,151476
2026-01-28 20:56:00,256.82001,256.89999,256.70001,256.70001,131854
2026-01-28 20:57:00,256.70001,256.87,256.70001,256.80011,155119
2026-01-28 20:58:00,256.82001,256.84,256.76001,256.82999,340210
2026-01-28 20:59:00,256.82999,256.84,256.23999,256.44,583999
2026-01-29 14:30:00,258.07001,259.45999,257.81,258.78,1339583
2026-01-29 14:31:00,258.81,259.64999,258.30249,258.54001,176819
2026-01-29 14:32:00,258.57999,258.78,258.0,258.22501,156628
2026-01-29 14:33:00,258.22501,258.29999,257.78,257.82001,130809
2026-01-29 14:34:00,257.85999,258.12,257.53,257.63,184812
2026-01-29 14:35:00,257.685,257.81,257.14999,257.3252,148981
2026-01-29 14:36:00,257.32001,257.57001,257.17001,257.20001,92829
2026-01-29 14:37:00,257.16,257.34,256.89999,257.03989,92784
2026-01-29 14:38:00,257.0,257.13,256.69,256.82001,128448
2026-01-29 14:39:00,256.79001,257.06,256.60001,256.82001,139131
2026-01-29 14:40:00,256.8042,257.06,256.621,256.98999,88651
2026-01-29 14:41:00,256.97,257.23999,256.92999,257.16,89413
2026-01-29 14:42:00,257.18979,257.32001,256.82999,257.10501,132406
2026-01-29 14:43:00,257.10001,257.31,256.62051,256.67001,129899
2026-01-29 14:44:00,256.685,256.89999,256.22,256.22,126924
2026-01-29 14:45:00,256.25,256.47989,256.07001,256.42001,120355
2026-01-29 14:46:00,256.42999,256.52881,256.22,256.42499,92987
2026-01-29 14:47:00,256.42499,256.70999,256.29001,256.70999,125972
2026-01-29 14:48:00,256.69501,257.12399,256.69501,256.95499,129261
2026-01-29 14:49:00,256.95499,257.07999,256.785,256.82999,81755
2026-01-29 14:50:00,256.79001,257.06,256.67999,256.965,93271
2026-01-29 14:51:00,256.98001,257.07001,256.70999,257.07001,69725
2026-01-29 14:52:00,257.052,257.20499,256.98999,257.08899,85731
2026-01-29 14:53:00,257.07999,257.13,256.83499,256.83499,76556
2026-01-29 14:54:00,256.82501,257.37,256.81,257.37,94055
2026-01-29 14:55:00,257.35999,257.64999,257.22,257.62,103756
2026-01-29 14:56:00,257.63501,257.66,257.20999,257.26999,68571
2026-01-29 14:57:00,257.22,257.26999,256.72,256.82999,78984
2026-01-29 14:58:00,256.81,256.91,256.67999,256.89001,82165
2026-01-29 14:59:00,256.92999,256.98999,256.70999,256.79999,95109
2026-01-29 15:00:00,256.81,256.82001,256.26001,256.34,119439
2026-01-29 15:01:00,256.39001,256.56021,256.23001,256.32001,137810
2026-01-29 15:02:00,256.35999,256.57401,256.19,256.29501,75304
2026-01-29 15:03:00,256.30499,256.45999,255.95,255.96001,91871
2026-01-29 15:04:00,255.96001,256.27991,255.86,256.27499,93125
2026-01-29 15:05:00,256.26999,256.26999,255.89999,255.89999,50111
2026-01-29 15:06:00,255.88,255.97,255.61501,255.69501,110875
2026-01-29 15:07:00,255.72501,255.82001,255.53999,255.55,65478
2026-01-29 15:08:00,255.53999,255.92999,255.53999,255.73,69046
2026-01-29 15:09:00,255.74001,255.88,255.62,255.84,64298
2026-01-29 15:10:00,255.86,255.92,255.49001,255.92,73760
2026-01-29 15:11:00,255.89,256.31,255.87,256.26999,74314
2026-01-29 15:12:00,256.26001,256.29501,256.04999,256.09,87039
2026-01-29 15:13:00,256.17001,256.5,256.04001,256.45999,112875
2026-01-29 15:14:00,256.47,256.51001,256.29999,256.32999,184627
2026-01-29 15:15:00,256.36499,256.8999,256.36499,256.85001,76563
2026-01-29 15:16:00,256.84,256.845,256.50009,256.66,82344
2026-01-29 15:17:00,256.62,256.76001,256.41501,256.64001,64588
2026-01-29 15:18:00,256.64001,256.95999,256.60999,256.82001,73204
2026-01-29 15:19:00,256.85999,256.94,256.67001,256.67499,68942
2026-01-29 15:20:00,256.67999,256.94,256.60001,256.935,61038
2026-01-29 15:21:00,256.94501,256.98999,256.76459,256.98001,65055
2026-01-29 15:22:00,256.98001,257.42999,256.89999,257.25,131217
2026-01-29 15:23:00,257.25009,257.37,257.04001,257.10501,131904
2026-01-29 15:24:00,257.14001,257.42001,257.10999,257.29001,89683
2026-01-29 15:25:00,257.32001,257.53,257.28,257.42001,99114
2026-01-29 15:26:00,257.42999,257.69,257.31,257.37,89275
2026-01-29 15:27:00,257.39999,257.48001,257.04001,257.065,144355
2026-01-29 15:28:00,257.07001,257.13,256.92719,257.01001,65302
2026-01-29 15:29:00,257.0,257.07999,256.85999,256.89999,73245
2026-01-29 15:30:00,256.89001,257.04001,256.73001,256.90509,62740
2026-01-29 15:31:00,256.92001,257.02499,256.56,256.64999,60118
2026-01-29 15:32:00,256.66501,256.70999,256.35001,256.35001,68127
2026-01-29 15:33:00,256.35001,256.37009,256.15009,256.15009,68688
2026-01-29 15:34:00,256.17001,256.37,256.07999,256.1217,83814
2026-01-29 15:35:00,256.12,256.22,255.91,256.14999,83935
2026-01-29 15:36:00,256.14999,256.14999,255.83,255.92999,69219
2026-01-29 15:37:00,255.96001,256.13989,255.89999,255.9099,73138
2026-01-29 15:38:00,255.89,255.89,255.7101,255.77,83585
2026-01-29 15:39:00,255.77499,256.01001,255.67999,255.84,79098
2026-01-29 15:40:00,255.86,255.86,255.495,255.72501,149348
2026-01-29 15:41:00,255.72,255.77,255.42,255.60001,144376
2026-01-29 15:42:00,255.59,255.63,255.21001,255.27,82123
2026-01-29 15:43:00,255.26089,255.28,255.00999,255.05,88209
2026-01-29 15:44:00,255.06,255.14,254.78999,255.14,128104
2026-01-29 15:45:00,255.14,255.32001,255.05,255.19,115602
2026-01-29 15:46:00,255.21001,255.245,255.03,255.13,65682
2026-01-29 15:47:00,255.13,255.34,254.96001,255.17999,75795
2026-01-29 15:48:00,255.19,255.28,255.07001,255.11,53716
2026-01-29 15:49:00,255.13,255.13,254.61,254.72,82717
2026-01-29 15:50:00,254.71001,254.71001,254.41,254.45,100261
2026-01-29 15:51:00,254.44,254.75,254.44,254.63,101330
2026-01-29 15:52:00,254.6662,254.7925,254.62,254.7599,56066
2026-01-29 15:53:00,254.73,255.08,254.64999,255.0,102835
2026-01-29 15:54:00,255.00999,255.17999,254.91,255.04111,68071
2026-01-29 15:55:00,255.06,255.35001,254.92999,255.34,81889
2026-01-29 15:56:00,255.34,255.72501,255.28999,255.67999,100716
2026-01-29 15:57:00,255.69501,255.91,255.62,255.69,76322
2026-01-29 15:58:00,255.67999,255.7122,255.41499,255.435,88239
2026-01-29 15:59:00,255.4346,255.59,255.3712,255.455,58990
2026-01-29 16:00:00,255.45,255.56,255.21001,255.45,98631
2026-01-29 16:01:00,255.45,255.45,255.21001,255.25999,71938
2026-01-29 16:02:00,255.28,255.28,254.89999,255.09,74608
2026-01-29 16:03:00,255.12,255.44,255.08,255.285,84185
2026-01-29 16:04:00,255.2794,255.52499,255.03999,255.06,72625
2026-01-29 16:05:00,255.05499,255.45,255.00999,255.42999,57514
2026-01-29 16:06:00,255.39999,255.46001,255.21001,255.42,80524
2026-01-29 16:07:00,255.39,255.41499,255.2,255.28,66509
2026-01-29 16:08:00,255.27499,255.58,255.23,255.46001,75993
2026-01-29 16:09:00,255.46001,255.92,255.44,255.785,77868
2026-01-29 16:10:00,255.77,255.8,255.53999,255.67999,74731
2026-01-29 16:11:00,255.67999,255.85001,255.62,255.795,76462
2026-01-29 16:12:00,255.82001,255.92,255.71001,255.83,56371
2026-01-29 16:13:00,255.82001,256.04001,255.8,256.01999,68943
2026-01-29 16:14:00,256.02499,256.13,255.85001,255.86,68506
2026-01-29 16:15:00,255.88,255.98,255.7877,255.78999,86527
2026-01-29 16:16:00,255.77,255.92,255.67999,255.8,54822
2026-01-29 16:17:00,255.8,255.91499,255.56,255.61,67774
2026-01-29 16:18:00,255.60001,255.62,255.39999,255.60001,62086
2026-01-29 16:19:00,255.62,256.01001,255.58,255.91,73412
2026-01-29 16:20:00,255.91,256.1297,255.89999,256.07999,96046
2026-01-29 16:21:00,256.11499,256.41,256.07001,256.39001,105165
2026-01-29 16:22:00,256.39499,256.39499,255.86,255.89059,105514
2026-01-29 16:23:00,255.87,256.09,255.87,255.96001,49393
2026-01-29 16:24:00,255.99001,256.26001,255.96001,256.13,100751
2026-01-29 16:25:00,256.16,256.31,256.14001,256.26999,68674
2026-01-29 16:26:00,256.28,256.315,255.9165,255.95,47993
2026-01-29 16:27:00,255.95,256.07999,255.8501,256.0,65474
2026-01-29 16:28:00,256.01001,256.07999,255.895,255.96001,104125
2026-01-29 16:29:00,255.94,256.22,255.94,256.17001,55872
2026-01-29 16:30:00,256.13,256.32999,256.10001,256.26999,51380
2026-01-29 16:31:00,256.23441,256.25,255.8,255.82001,109323
2026-01-29 16:32:00,255.82001,255.92999,255.7485,255.78999,42241
2026-01-29 16:33:00,255.77,255.92999,255.74001,255.78,54490
2026-01-29 16:34:00,255.80499,255.8399,255.6301,255.6301,57122
2026-01-29 16:35:00,255.61,255.61,255.395,255.48,48560
2026-01-29 16:36:00,255.48,255.701,255.47,255.5,40460
2026-01-29 16:37:00,255.4675,255.7925,255.46001,255.62,33320
2026-01-29 16:38:00,255.60001,255.83,255.60001,255.67,98914
2026-01-29 16:39:00,255.66499,255.87,255.63,255.77,52203
2026-01-29 16:40:00,255.765,255.845,255.7,255.72501,55149
2026-01-29 16:41:00,255.7198,255.78999,255.5975,255.62,56179
2026-01-29 16:42:00,255.58501,255.64999,255.5,255.625,45419
2026-01-29 16:43:00,255.625,255.75,255.59,255.59,42850
2026-01-29 16:44:00,255.6035,255.73,255.55,255.5901,48737
2026-01-29 16:45:00,255.64,255.77,255.535,255.545,96100
2026-01-29 16:46:00,255.58,255.705,255.53999,255.58,51544
2026-01-29 16:47:00,255.60001,255.69,255.46001,255.53,53420
2026-01-29 16:48:00,255.52,255.58,255.42,255.4801,58279
2026-01-29 16:49:00,255.48,255.60001,255.38,255.5101,41331
2026-01-29 16:50:00,255.53,255.64999,255.42999,255.47,59021
2026-01-29 16:51:00,255.47,255.60899,255.42,255.42999,41472
2026-01-29 16:52:00,255.39999,255.455,255.24001,255.255,52867
2026-01-29 16:53:00,255.25,255.41,255.23,255.33009,40973
2026-01-29 16:54:00,255.36501,255.39999,255.295,255.33,28653
2026-01-29 16:55:00,255.33501,255.36,255.12,255.17,43542
2026-01-29 16:56:00,255.16,255.38499,255.14999,255.3801,32332
2026-01-29 16:57:00,255.395,255.41,255.27,255.32001,34809
2026-01-29 16:58:00,255.31,255.319,255.2251,255.31,27305
2026-01-29 16:59:00,255.31,255.53,255.31,255.39,36917
2026-01-29 17:00:00,255.39999,255.7,255.345,255.56,44392
2026-01-29 17:01:00,255.58,255.92,255.58,255.89,38783
2026-01-29 17:02:00,255.87,256.17999,255.755,256.17499,68439
2026-01-29 17:03:00,256.17499,256.28,255.97,255.97,69264
2026-01-29 17:04:00,255.96899,256.07001,255.89,255.96001,44907
2026-01-29 17:05:00,256.0,256.10999,255.785,255.94,45988
2026-01-29 17:06:00,255.94501,255.98,255.6808,255.72501,65750
2026-01-29 17:07:00,255.745,256.03989,255.72009,256.03,35927
2026-01-29 17:08:00,256.03,256.10001,255.91499,256.01999,50490
2026-01-29 17:09:00,256.01001,256.07001,255.96899,256.03,27555
2026-01-29 17:10:00,256.0,256.14499,255.97501,256.11499,33382
2026-01-29 17:11:00,256.10001,256.32001,256.07999,256.19,52532
2026-01-29 17:12:00,256.19501,256.35001,256.19501,256.31,38991
2026-01-29 17:13:00,256.31,256.59,256.31,256.5708,64709
2026-01-29 17:14:00,256.59,256.755,256.53,256.54999,68213
2026-01-29 17:15:00,256.56,256.67499,256.45001,256.47,104855
2026-01-29 17:16:00,256.45001,256.45999,256.26001,256.28,57866
2026-01-29 17:17:00,256.26999,256.34,256.07999,256.14001,59633
2026-01-29 17:18:00,256.125,256.17999,256.01001,256.12,38414
2026-01-29 17:19:00,256.12,256.2926,256.09,256.2926,29818
2026-01-29 17:20:00,256.35999,256.48001,256.32001,256.39001,82636
2026-01-29 17:21:00,256.39999,256.62,256.39001,256.48999,91277
2026-01-29 17:22:00,256.5,256.58499,256.3494,256.58499,71927
2026-01-29 17:23:00,256.58499,256.73001,256.535,256.6944,62546
2026-01-29 17:24:00,256.69501,256.76999,256.54001,256.64999,80572
2026-01-29 17:25:00,256.66,257.10001,256.66,256.935,152756
2026-01-29 17:26:00,256.92001,256.95001,256.75,256.85001,92759
2026-01-29 17:27:00,256.89001,257.1394,256.86301,257.1394,89537
2026-01-29 17:28:00,257.14099,257.35001,257.12,257.34,109806
2026-01-29 17:29:00,257.35001,257.41,257.14999,257.22,115944
2026-01-29 17:30:00,257.20001,257.35001,257.16,257.17999,72856
2026-01-29 17:31:00,257.17999,257.44,257.1712,257.42001,65645
2026-01-29 17:32:00,257.42191,257.47,257.22501,257.29001,99175
2026-01-29 17:33:00,257.28,257.34698,257.19,257.23999,66053
2026-01-29 17:34:00,257.215,257.3999,257.20999,257.39001,62610
2026-01-29 17:35:00,257.38,257.45999,257.35001,257.42999,53680
2026-01-29 17:36:00,257.44,257.56,257.3956,257.48001,55144
2026-01-29 17:37:00,257.48999,257.67001,257.48999,257.62,90083
2026-01-29 17:38:00,257.625,257.67001,257.47,257.47,57919
2026-01-29 17:39:00,257.45001,257.45001,257.16,257.25,59093
2026-01-29 17:40:00,257.25,257.25,257.01001,257.04001,42193
2026-01-29 17:41:00,257.04999,257.14001,257.01999,257.10001,49229
2026-01-29 17:42:00,257.10501,257.20251,256.89999,256.92001,55034
2026-01-29 17:43:00,256.89999,257.01001,256.85001,256.96301,36329
2026-01-29 17:44:00,256.98001,257.13,256.98001,257.06,48331
2026-01-29 17:45:00,257.06,257.07001,256.92001,256.92001,35507
2026-01-29 17:46:00,256.91,257.01001,256.87,256.95001,50428
2026-01-29 17:47:00,256.92001,256.97,256.73001,256.78,55638
2026-01-29 17:48:00,256.78,256.92999,256.76999,256.87,54018
2026-01-29 17:49:00,256.85999,257.20001,256.85999,256.92001,61075
2026-01-29 17:50:00,256.91,256.92999,256.7377,256.79999,40329
2026-01-29 17:51:00,256.79999,256.79999,256.67001,256.69,57253
2026-01-29 17:52:00,256.70999,256.76001,256.59,256.70001,73764
2026-01-29 17:53:00,256.66989,256.75,256.59,256.70999,61147
2026-01-29 17:54:00,256.70999,256.85999,256.54999,256.75699,172887
2026-01-29 17:55:00,256.80499,256.98999,256.73999,256.88,57260
2026-01-29 17:56:00,256.88,257.03,256.85001,256.97,73510
2026-01-29 17:57:00,256.95999,256.98001,256.73001,256.79001,58776
2026-01-29 17:58:00,256.79001,256.98999,256.755,256.98499,63316
2026-01-29 17:59:00,256.97,257.04001,256.82001,256.935,67087
2026-01-29 18:00:00,256.98001,257.03,256.8414,256.87,24485
2026-01-29 18:01:00,256.85001,256.85501,256.64001,256.79999,38651
2026-01-29 18:02:00,256.79999,256.91,256.79999,256.89011,22114
2026-01-29 18:03:00,256.905,257.29001,256.905,257.10999,42310
2026-01-29 18:04:00,257.10501,257.14001,256.95999,257.05499,41889
2026-01-29 18:05:00,257.06,257.26001,257.06,257.2189,51729
2026-01-29 18:06:00,257.20001,257.26999,257.14001,257.17001,42877
2026-01-29 18:07:00,257.17999,257.20001,257.0,257.0,46343
2026-01-29 18:08:00,256.97,257.06,256.95001,256.95001,30230
2026-01-29 18:09:00,256.92999,256.987,256.79001,256.95999,32714
2026-01-29 18:10:00,256.95999,257.07001,256.92001,256.92499,26114
2026-01-29 18:11:00,256.95001,257.06,256.8606,257.03,33527
2026-01-29 18:12:00,257.03,257.155,256.98001,257.01999,31444
2026-01-29 18:13:00,257.01999,257.10999,256.98001,256.99261,34860
2026-01-29 18:14:00,257.0,257.09979,256.94,256.95001,231866
2026-01-29 18:15:00,256.92999,257.04001,256.87,256.97891,38117
2026-01-29 18:16:00,256.98001,257.0,256.79999,256.83499,37996
2026-01-29 18:17:00,256.84,256.87,256.7438,256.76999,34050
2026-01-29 18:18:00,256.75,256.91,256.73001,256.82001,44668
2026-01-29 18:19:00,256.81,256.89999,256.79001,256.85999,28300
2026-01-29 18:20:00,256.89001,257.04001,256.88,256.95001,51182
2026-01-29 18:21:00,256.91,256.94,256.76999,256.88,46495
2026-01-29 18:22:00,256.89999,257.07999,256.87,257.0,30772
2026-01-29 18:23:00,257.009,257.10001,257.005,257.04001,33333
2026-01-29 18:24:00,257.06,257.09,257.01001,257.06,26368
2026-01-29 18:25:00,257.03,257.10999,257.0,257.04999,38669
2026-01-29 18:26:00,257.07001,257.23999,257.06,257.16,37079
2026-01-29 18:27:00,257.17001,257.32001,257.17001,257.20999,58761
2026-01-29 18:28:00,257.20001,257.45001,257.17001,257.42001,40587
2026-01-29 18:29:00,257.42001,257.45999,257.345,257.38,59820
2026-01-29 18:30:00,257.36499,257.42001,257.26999,257.29999,73642
2026-01-29 18:31:00,257.26999,257.45001,257.17999,257.37399,63710
2026-01-29 18:32:00,257.37,257.45001,257.315,257.32001,44321
2026-01-29 18:33:00,257.31,257.45001,257.31,257.435,64223
2026-01-29 18:34:00,257.44,257.57001,257.44,257.57001,55901
2026-01-29 18:35:00,257.56,257.66501,257.53009,257.61499,56931
2026-01-29 18:36:00,257.62,257.82001,257.62,257.75,52767
2026-01-29 18:37:00,257.76001,257.87,257.73999,257.87,66716
2026-01-29 18:38:00,257.85999,257.98999,257.7999,257.905,71205
2026-01-29 18:39:00,257.89999,257.97,257.79999,257.85999,78303
2026-01-29 18:40:00,257.8699,258.03,257.82001,257.85001,83215
2026-01-29 18:41:00,257.86499,257.89001,257.79999,257.80499,43037
2026-01-29 18:42:00,257.82001,257.82001,257.56,257.625,47951
2026-01-29 18:43:00,257.60999,257.73499,257.60999,257.63,68073
2026-01-29 18:44:00,257.63,257.64999,257.552,257.62009,44533
2026-01-29 18:45:00,257.63,257.64001,257.46011,257.46011,37287
2026-01-29 18:46:00,257.45999,257.45999,257.38,257.39999,41436
2026-01-29 18:47:00,257.41,257.4498,257.35999,257.39999,34661
2026-01-29 18:48:00,257.405,257.48401,257.31271,257.35999,40590
2026-01-29 18:49:00,257.35999,257.47751,257.35999,257.46899,42909
2026-01-29 18:50:00,257.47,257.54001,257.44,257.45001,36030
2026-01-29 18:51:00,257.45999,257.505,257.39001,257.39999,55633
2026-01-29 18:52:00,257.42001,257.45999,257.26999,257.28,73520
2026-01-29 18:53:00,257.26749,257.32999,257.25,257.28,38161
2026-01-29 18:54:00,257.29001,257.31,257.17999,257.2225,32717
2026-01-29 18:55:00,257.23001,257.38,257.16,257.37,44440
2026-01-29 18:56:00,257.37799,257.45001,257.37799,257.38501,29698
2026-01-29 18:57:00,257.38501,257.39999,257.27011,257.34,55399
2026-01-29 18:58:00,257.35001,257.42999,257.25,257.25,41820
2026-01-29 18:59:00,257.25,257.37,257.22,257.32999,30309
2026-01-29 19:00:00,257.34,257.42999,257.32001,257.37,61886
2026-01-29 19:01:00,257.39001,257.41501,257.22,257.39999,52087
2026-01-29 19:02:00,257.38,257.52991,257.315,257.34,49153
2026-01-29 19:03:00,257.34,257.42001,257.26001,257.29001,71718
2026-01-29 19:04:00,257.29999,257.41,257.28,257.31,42331
2026-01-29 19:05:00,257.32001,257.56,257.31,257.56,33546
2026-01-29 19:06:00,257.56009,257.67001,257.51999,257.54001,71287
2026-01-29 19:07:00,257.54001,257.68451,257.51999,257.651,43432
2026-01-29 19:08:00,257.64001,257.72,257.56,257.64001,31101
2026-01-29 19:09:00,257.6499,257.67001,257.56,257.64001,32544
2026-01-29 19:10:00,257.64001,257.68991,257.6199,257.67499,28654
2026-01-29 19:11:00,257.67001,257.72,257.595,257.70999,42820
2026-01-29 19:12:00,257.72,257.81,257.69,257.755,44224
2026-01-29 19:13:00,257.75,257.82501,257.73999,257.78,30589
2026-01-29 19:14:00,257.78,257.88,257.75,257.81,63359
2026-01-29 19:15:00,257.81281,257.89999,257.81,257.82001,38138
2026-01-29 19:16:00,257.79999,257.87,257.78,257.87,38457
2026-01-29 19:17:00,257.85001,257.94501,257.8201,257.92001,42847
2026-01-29 19:18:00,257.92999,258.10001,257.92001,257.98999,70002
2026-01-29 19:19:00,257.98499,258.05991,257.93011,257.95999,52332
2026-01-29 19:20:00,257.95001,258.10001,257.94,258.07999,59728
2026-01-29 19:21:00,258.07999,258.16171,258.01999,258.07001,89631
2026-01-29 19:22:00,258.07001,258.18161,258.05371,258.16,36064
2026-01-29 19:23:00,258.17001,258.17001,258.06,258.07999,56845
2026-01-29 19:24:00,258.09,258.14499,258.01001,258.12,58889
2026-01-29 19:25:00,258.12,258.1691,258.05499,258.13,49491
2026-01-29 19:26:00,258.13,258.17999,258.01999,258.04999,73350
2026-01-29 19:27:00,258.04999,258.12,258.04001,258.12,46970
2026-01-29 19:28:00,258.14001,258.14001,258.07001,258.07001,41181
2026-01-29 19:29:00,258.06,258.14999,258.06,258.14499,77232
2026-01-29 19:30:00,258.14499,258.32001,258.06259,258.125,132819
2026-01-29 19:31:00,258.12,258.16,258.04001,258.14001,61052
2026-01-29 19:32:00,258.14001,258.18991,258.07999,258.10999,43161
2026-01-29 19:33:00,258.10999,258.26001,258.07999,258.19,43556
2026-01-29 19:34:00,258.19,258.32001,258.17001,258.29999,63473
2026-01-29 19:35:00,258.31,258.39001,258.2301,258.25,95047
2026-01-29 19:36:00,258.23999,258.29001,258.17999,258.20001,64363
2026-01-29 19:37:00,258.17999,258.19,258.06,258.16,95070
2026-01-29 19:38:00,258.16769,258.22,258.01999,258.04999,49201
2026-01-29 19:39:00,258.07001,258.12,257.9501,258.05081,32173
2026-01-29 19:40:00,258.09,258.13,257.91,258.01999,56892
2026-01-29 19:41:00,258.04001,258.14999,258.01999,258.04001,63183
2026-01-29 19:42:00,258.03,258.04001,257.96259,257.96259,56878
2026-01-29 19:43:00,257.97629,258.0,257.91,257.92999,44610
2026-01-29 19:44:00,257.92001,258.04001,257.89999,258.03,42185
2026-01-29 19:45:00,258.03,258.0799,257.94501,257.965,49629
2026-01-29 19:46:00,257.98001,258.01001,257.83011,257.85001,51980
2026-01-29 19:47:00,257.84,257.89001,257.74011,257.77499,57947
2026-01-29 19:48:00,257.78,257.89001,257.76001,257.88,39969
2026-01-29 19:49:00,257.89999,257.92999,257.83499,257.89001,42488
2026-01-29 19:50:00,257.905,257.97501,257.85999,257.89999,54812
2026-01-29 19:51:00,257.8999,257.9599,257.87,257.89001,41806
2026-01-29 19:52:00,257.89499,257.92499,257.84,257.9086,49255
2026-01-29 19:53:00,257.91,257.94989,257.89001,257.93509,40909
2026-01-29 19:54:00,257.94,257.98001,257.88049,257.94501,56925
2026-01-29 19:55:00,257.94,257.95999,257.91,257.91,49783
2026-01-29 19:56:00,257.91,257.97,257.89499,257.95499,47211
2026-01-29 19:57:00,257.95001,258.01001,257.92999,257.98999,64821
2026-01-29 19:58:00,258.0,258.07501,257.9938,258.0401,70092
2026-01-29 19:59:00,258.04999,258.04999,257.87,257.92001,95495
2026-01-29 20:00:00,257.92499,257.94,257.85001,257.85999,65754
2026-01-29 20:01:00,257.8548,258.01001,257.8399,257.9899,66922
2026-01-29 20:02:00,257.98499,258.05499,257.97,258.05499,56784
2026-01-29 20:03:00,258.06,258.19,258.03,258.16,56888
2026-01-29 20:04:00,258.15009,258.22189,258.04999,258.04999,71057
2026-01-29 20:05:00,258.04999,258.125,257.97,258.125,71413
2026-01-29 20:06:00,258.11011,258.32999,258.10001,258.26999,83309
2026-01-29 20:07:00,258.26999,258.32001,258.23999,258.29001,63472
2026-01-29 20:08:00,258.29999,258.48001,258.29999,258.46451,92374
2026-01-29 20:09:00,258.465,258.51999,258.42001,258.4899,88074
2026-01-29 20:10:00,258.48499,258.505,258.31,258.32001,64278
2026-01-29 20:11:00,258.32501,258.34,258.17001,258.20001,81638
2026-01-29 20:12:00,258.19,258.35501,258.17999,258.29001,61013
2026-01-29 20:13:00,258.30499,258.31,258.16,258.28,85542
2026-01-29 20:14:00,258.28,258.332,258.10001,258.19,126492
2026-01-29 20:15:00,258.18991,258.29999,258.14001,258.26999,83357
2026-01-29 20:16:00,258.26999,258.51001,258.26001,258.47,139991
2026-01-29 20:17:00,258.47,258.53,258.32999,258.37,86516
2026-01-29 20:18:00,258.37,258.42001,258.32999,258.39999,95350
2026-01-29 20:19:00,258.41,258.54001,258.35999,258.53,93305
2026-01-29 20:20:00,258.53,258.56839,258.48001,258.48499,136215
2026-01-29 20:21:00,258.48499,258.54999,258.465,258.52811,72975
2026-01-29 20:22:00,258.53,258.56,258.45999,258.51501,95718
2026-01-29 20:23:00,258.51511,258.51999,258.285,258.37,122719
2026-01-29 20:24:00,258.38,258.41,258.28,258.32501,71910
2026-01-29 20:25:00,258.32999,258.45999,258.32999,258.4101,84746
2026-01-29 20:26:00,258.41,258.47,258.39999,258.44009,58117
2026-01-29 20:27:00,258.45001,258.46011,258.35001,258.35999,62997
2026-01-29 20:28:00,258.35501,258.39001,258.28,258.29501,74093
2026-01-29 20:29:00,258.29001,258.39001,258.26999,258.29501,71037
2026-01-29 20:30:00,258.31,258.375,258.20999,258.255,98862
2026-01-29 20:31:00,258.25,258.29999,258.10001,258.16,85153
2026-01-29 20:32:00,258.16571,258.20001,257.98001,257.98001,131496
2026-01-29 20:33:00,257.97,258.09,257.91,257.92001,95145
2026-01-29 20:34:00,257.92999,258.16959,257.91,258.14001,129029
2026-01-29 20:35:00,258.14499,258.22,258.10001,258.17001,66333
2026-01-29 20:36:00,258.175,258.245,258.16,258.2,23358
2026-01-29 20:37:00,258.19,258.26001,258.13,258.23999,222117
2026-01-29 20:38:00,258.25,258.32999,258.22,258.28,86952
2026-01-29 20:39:00,258.28,258.45001,258.26581,258.33459,114796
2026-01-29 20:40:00,258.3399,258.51999,258.29999,258.35001,93033
2026-01-29 20:41:00,258.34,258.42001,258.28,258.29999,94770
2026-01-29 20:42:00,258.29999,258.42001,258.29501,258.39499,62521
2026-01-29 20:43:00,258.39499,258.47,258.35001,258.42999,76927
2026-01-29 20:44:00,258.41,258.54001,258.41,258.44,95918
2026-01-29 20:45:00,258.435,258.48999,258.27499,258.45001,126260
2026-01-29 20:46:00,258.45001,258.64001,258.42999,258.57001,107358
2026-01-29 20:47:00,258.56,258.60001,258.5,258.565,138675
2026-01-29 20:48:00,258.56,258.64999,258.48999,258.625,138848
2026-01-29 20:49:00,258.62991,258.69989,258.57999,258.67001,116420
2026-01-29 20:50:00,258.67001,259.20001,258.67001,259.18839,266700
2026-01-29 20:51:00,259.19,259.28989,259.09,259.17001,197451
2026-01-29 20:52:00,259.17001,259.35001,259.10999,259.23001,218658
2026-01-29 20:53:00,259.23001,259.29999,259.04999,259.056,226427
2026-01-29 20:54:00,259.04999,259.10001,258.61011,258.64001,344328
2026-01-29 20:55:00,258.63,258.67001,258.17999,258.57501,323472
2026-01-29 20:56:00,258.57999,258.57999,258.34991,258.39999,296333
2026-01-29 20:57:00,258.41,258.57999,258.37,258.57001,307267
2026-01-29 20:58:00,258.57001,258.59,258.32001,258.4368,414661
2026-01-29 20:59:00,258.44,258.51001,257.75,258.17499,1161853
2026-01-30 14:30:00,255.16499,256.95999,254.49001,255.53,5800249
2026-01-30 14:31:00,255.47009,255.63989,253.44,253.44,587282
2026-01-30 14:32:00,253.485,253.63,252.33,252.38,546083
2026-01-30 14:33:00,252.42999,253.31,252.17999,253.07001,486432
2026-01-30 14:34:00,253.07001,254.36,252.81,254.0,468372
2026-01-30 14:35:00,254.0,254.63,253.82001,254.57001,289639
2026-01-30 14:36:00,254.45,255.08,254.0,254.74001,254043
2026-01-30 14:37:00,254.78,255.57001,254.61,255.28999,320310
2026-01-30 14:38:00,255.28011,255.5,254.67999,254.77,217683
2026-01-30 14:39:00,254.78,255.19,254.53999,255.095,162576
2026-01-30 14:40:00,255.13901,255.2175,253.88,254.44009,257665
2026-01-30 14:41:00,254.505,254.91,253.85001,253.88499,188947
2026-01-30 14:42:00,253.95,253.95,253.11011,253.73019,242406
2026-01-30 14:43:00,253.75999,254.0,252.96001,253.40359,331183
2026-01-30 14:44:00,253.37801,253.85001,253.36,253.53999,183996
2026-01-30 14:45:00,253.5004,253.62,253.0201,253.14999,240977
2026-01-30 14:46:00,253.13,253.25999,252.73,252.96001,320798
2026-01-30 14:47:00,252.94,253.5692,252.78999,253.1169,175051
2026-01-30 14:48:00,253.14,253.4399,253.0,253.25999,166757
2026-01-30 14:49:00,253.35001,254.2551,253.14,254.215,252191
2026-01-30 14:50:00,254.1628,254.5535,253.61,253.655,272689
2026-01-30 14:51:00,253.64999,254.25,253.64999,254.145,118480
2026-01-30 14:52:00,254.14,254.98,254.095,254.265,187051
2026-01-30 14:53:00,254.27,254.69,254.20351,254.64999,147086
2026-01-30 14:54:00,254.66,255.14,254.58,254.965,232612
2026-01-30 14:55:00,254.95,255.2114,254.77,254.78999,166005
2026-01-30 14:56:00,254.78999,255.42999,254.77,254.96001,164088
2026-01-30 14:57:00,254.995,255.455,254.98,255.16,174404
2026-01-30 14:58:00,255.14,255.84,254.96001,255.81,161836
2026-01-30 14:59:00,255.78,256.39001,255.6501,256.29001,295896
2026-01-30 15:00:00,256.29999,256.89499,256.23999,256.39999,271580
2026-01-30 15:01:00,256.42001,257.09991,256.39999,256.89499,216847
2026-01-30 15:02:00,256.91,257.01001,256.34009,256.92001,209557
2026-01-30 15:03:00,256.92001,257.1886,256.87,257.07999,189851
2026-01-30 15:04:00,257.095,257.16,255.94,256.005,305918
2026-01-30 15:05:00,255.97,256.88,255.86,256.82999,143761
2026-01-30 15:06:00,256.85999,257.4599,256.67001,257.33011,163316
2026-01-30 15:07:00,257.3786,257.5,256.85999,257.341,186809
2026-01-30 15:08:00,257.36499,257.56,256.70001,256.875,140075
2026-01-30 15:09:00,256.97501,257.07501,256.685,256.845,91583
2026-01-30 15:10:00,256.82101,257.01501,256.57999,256.99991,127645
2026-01-30 15:11:00,256.97009,257.64001,256.91,257.62,202627
2026-01-30 15:12:00,257.57999,257.67001,257.23999,257.38,157086
2026-01-30 15:13:00,257.41989,257.81,257.32001,257.63501,167286
2026-01-30 15:14:00,257.64499,258.35999,257.48999,258.26999,185368
2026-01-30 15:15:00,258.27499,258.38,257.94,258.14499,182336
2026-01-30 15:16:00,258.13501,258.70001,258.12,258.59,206872
2026-01-30 15:17:00,258.6199,258.69989,258.1701,258.39001,5870990
2026-01-30 15:18:00,258.39999,258.47,257.73001,257.85989,29688
2026-01-30 15:19:00,257.81,257.85001,256.91,257.01001,157963
2026-01-30 15:20:00,257.0,257.29001,256.60001,256.82999,168939
2026-01-30 15:21:00,256.85999,256.97989,256.64001,256.66,104429
2026-01-30 15:22:00,256.64999,257.14001,256.62,256.81009,104629
2026-01-30 15:23:00,256.84,256.97,256.56,256.64001,102267
2026-01-30 15:24:00,256.63989,256.92999,256.56,256.85999,69660
2026-01-30 15:25:00,256.8251,256.95001,256.42001,256.90771,92821
2026-01-30 15:26:00,256.92001,256.94,256.44,256.59,90860
2026-01-30 15:27:00,256.54999,256.82999,256.41,256.45999,98792
2026-01-30 15:28:00,256.45499,256.47171,254.8,254.895,354136
2026-01-30 15:29:00,254.92,255.00999,253.92999,254.0,208306
2026-01-30 15:30:00,254.08,254.48,253.69501,254.39,200561
2026-01-30 15:31:00,254.37,254.8699,254.37,254.54221,145108
2026-01-30 15:32:00,254.55,254.85001,254.41,254.735,148297
2026-01-30 15:33:00,254.72,254.95,254.61,254.92,101136
2026-01-30 15:34:00,254.92,255.08,254.7,254.995,99200
2026-01-30 15:35:00,255.0,255.67999,255.0,255.67999,219722
2026-01-30 15:36:00,255.685,255.74001,255.14,255.27,162776
2026-01-30 15:37:00,255.245,255.42999,254.94,255.19,111793
2026-01-30 15:38:00,255.24001,255.57001,255.1201,255.55499,123101
2026-01-30 15:39:00,255.58,255.66,255.34,255.35001,130869
2026-01-30 15:40:00,255.39999,255.64,255.3,255.56,114424
2026-01-30 15:41:00,255.57001,255.74001,255.42,255.66499,159639
2026-01-30 15:42:00,255.66499,255.89999,255.57001,255.69,146224
2026-01-30 15:43:00,255.67999,255.85001,255.5,255.793,121899
2026-01-30 15:44:00,255.82001,255.97,255.5901,255.605,120634
2026-01-30 15:45:00,255.5901,255.8,255.563,255.765,95046
2026-01-30 15:46:00,255.765,255.84,255.44859,255.4601,108747
2026-01-30 15:47:00,255.50999,255.6799,255.22,255.28,132148
2026-01-30 15:48:00,255.285,255.4675,255.24001,255.35001,105654
2026-01-30 15:49:00,255.35001,255.395,255.05,255.07001,97488
2026-01-30 15:50:00,255.075,255.31,254.84109,255.02499,124530
2026-01-30 15:51:00,255.02,255.27,254.85001,254.92,85786
2026-01-30 15:52:00,254.92,255.215,254.85001,255.08299,108557
2026-01-30 15:53:00,255.08,255.12,254.87,254.94,99704
2026-01-30 15:54:00,254.97,255.09,254.86,255.05,99651
2026-01-30 15:55:00,255.075,255.14999,254.825,254.84,139126
2026-01-30 15:56:00,254.84,255.09,254.84,255.065,114444
2026-01-30 15:57:00,255.08,255.08,254.7851,254.97,115494
2026-01-30 15:58:00,254.98,255.12,254.78999,254.78999,158072
2026-01-30 15:59:00,254.80499,254.94,254.67999,254.94,96629
2026-01-30 16:00:00,254.91499,255.11,254.8201,254.97,155437
2026-01-30 16:01:00,254.98,255.03,254.75,254.87,99729
2026-01-30 16:02:00,254.89999,255.19,254.84,255.13499,103439
2026-01-30 16:03:00,255.14999,255.50999,255.08,255.41499,131053
2026-01-30 16:04:00,255.39011,255.48,255.27,255.2899,139220
2026-01-30 16:05:00,255.28,255.28,255.02,255.03999,72049
2026-01-30 16:06:00,255.09,255.495,255.07001,255.46001,121796
2026-01-30 16:07:00,255.49001,256.0799,255.47,256.065,146428
2026-01-30 16:08:00,256.07999,256.26001,255.89,255.935,120215
2026-01-30 16:09:00,255.9509,256.0,255.72,255.75999,98076
2026-01-30 16:10:00,255.75999,255.98,255.73,255.98,79979
2026-01-30 16:11:00,255.96049,256.13,255.08,255.56,274318
2026-01-30 16:12:00,255.57961,256.03,255.5401,255.60001,133276
2026-01-30 16:13:00,255.58501,255.62,255.19501,255.28,104173
2026-01-30 16:14:00,255.27,255.69,255.25999,255.5,89533
2026-01-30 16:15:00,255.535,255.535,255.1806,255.39,130403
2026-01-30 16:16:00,255.39999,255.605,255.3727,255.52499,87961
2026-01-30 16:17:00,255.535,255.74001,255.49001,255.53,103251
2026-01-30 16:18:00,255.53,255.75999,255.47501,255.69501,101692
2026-01-30 16:19:00,255.685,255.72,255.45,255.53,76441
2026-01-30 16:20:00,255.52,255.995,255.47501,255.98,144410
2026-01-30 16:21:00,255.9801,256.07001,255.60001,255.75999,125359
2026-01-30 16:22:00,255.78,255.80251,255.47,255.75,94595
2026-01-30 16:23:00,255.77499,256.17001,255.77499,256.04999,119392
2026-01-30 16:24:00,256.04999,256.14001,255.8201,256.14001,92575
2026-01-30 16:25:00,256.14789,256.354,256.07001,256.32001,108487
2026-01-30 16:26:00,256.32001,256.37,256.01001,256.14999,114147
2026-01-30 16:27:00,256.16,256.39999,256.16,256.29999,102516
2026-01-30 16:28:00,256.29999,256.48001,256.17001,256.47009,90534
2026-01-30 16:29:00,256.47,256.905,256.45999,256.6875,124755
2026-01-30 16:30:00,256.69,256.87329,256.57001,256.8721,94543
2026-01-30 16:31:00,256.8638,256.98001,256.73999,256.81,125402
2026-01-30 16:32:00,256.82001,256.82999,256.42001,256.48001,152522
2026-01-30 16:33:00,256.5,256.72009,256.39999,256.53,105422
2026-01-30 16:34:00,256.51999,256.81,256.51999,256.76999,110144
2026-01-30 16:35:00,256.77499,257.04999,256.77499,256.88,138605
2026-01-30 16:36:00,256.87,256.95511,256.6326,256.72,95838
2026-01-30 16:37:00,256.76501,256.86499,256.63,256.755,92606
2026-01-30 16:38:00,256.76999,256.78,256.56,256.78,96775
2026-01-30 16:39:00,256.79599,256.82001,256.32999,256.35809,63379
2026-01-30 16:40:00,256.3363,256.98001,256.30029,256.94461,94187
2026-01-30 16:41:00,256.98999,257.03009,256.79001,256.87,80977
2026-01-30 16:42:00,256.88,256.89999,256.58899,256.595,105458
2026-01-30 16:43:00,256.51001,256.91,256.45001,256.88,92825
2026-01-30 16:44:00,257.13,257.14001,256.81,256.81,267661
2026-01-30 16:45:00,256.82001,257.13,256.54999,256.64001,94392
2026-01-30 16:46:00,256.625,256.85999,256.54501,256.85001,86031
2026-01-30 16:47:00,256.83499,256.86691,256.53619,256.56009,50656
2026-01-30 16:48:00,256.51999,256.6998,256.39499,256.48999,68694
2026-01-30 16:49:00,256.47,256.56,256.13501,256.33011,116953
2026-01-30 16:50:00,256.32999,256.48001,256.26999,256.38501,77897
2026-01-30 16:51:00,256.39999,256.41,256.22,256.29001,67460
2026-01-30 16:52:00,256.25,256.26999,256.06,256.22,84340
2026-01-30 16:53:00,256.22501,256.32001,256.22501,256.30499,12580
2026-01-30 16:54:00,256.45999,256.45999,256.42001,256.45001,129829
2026-01-30 16:55:00,256.41,256.58499,256.31,256.47681,75173
2026-01-30 16:56:00,256.48001,256.5224,256.18011,256.37,57281
2026-01-30 16:57:00,256.36011,256.36011,256.06,256.07001,45010
2026-01-30 16:58:00,256.04999,256.0614,255.88,256.01001,86969
2026-01-30 16:59:00,255.99001,256.14999,255.92999,256.10501,72242
2026-01-30 17:00:00,256.09,256.14999,255.63,255.82001,122600
2026-01-30 17:01:00,255.82001,255.92999,255.66,255.78,64932
2026-01-30 17:02:00,255.8,255.88,255.35001,255.5,165750
2026-01-30 17:03:00,255.4901,255.52499,254.88,255.09,134709
2026-01-30 17:04:00,255.08,255.25999,254.9481,255.14,78757
2026-01-30 17:05:00,255.16499,255.17999,254.7,254.8,90700
2026-01-30 17:06:00,254.755,254.77,254.38,254.39999,140149
2026-01-30 17:07:00,254.36,254.55,254.28349,254.42,128073
2026-01-30 17:08:00,254.42999,254.5,254.35001,254.42,92400
2026-01-30 17:09:00,254.39,254.56,254.31,254.39999,174434
2026-01-30 17:10:00,254.37,254.62,254.32001,254.52499,124735
2026-01-30 17:11:00,254.52,254.64999,254.4301,254.49001,88447
2026-01-30 17:12:00,254.48,254.58501,254.41,254.56,79505
2026-01-30 17:13:00,254.55,254.65601,254.44,254.47,50742
2026-01-30 17:14:00,254.47,254.74001,254.44,254.52499,67690
2026-01-30 17:15:00,254.52499,254.67,254.44,254.67,71488
2026-01-30 17:16:00,254.67,254.67999,254.49001,254.495,41192
2026-01-30 17:17:00,254.45,254.69991,254.39,254.69991,75372
2026-01-30 17:18:00,254.60001,254.81,254.59,254.81,253962
2026-01-30 17:19:00,254.78,254.86,254.64999,254.75,46071
2026-01-30 17:20:00,254.75999,254.96001,254.75999,254.8197,57151
2026-01-30 17:21:00,254.5889,254.82001,254.57001,254.75,205924
2026-01-30 17:22:00,254.77,255.10001,254.7516,255.07001,96612
2026-01-30 17:23:00,255.10001,255.25,254.99001,255.02,97515
2026-01-30 17:24:00,255.05,255.13,254.94,255.0499,93742
2026-01-30 17:25:00,255.03,255.37,255.02,255.27,84833
2026-01-30 17:26:00,255.255,255.505,255.255,255.47501,97822
2026-01-30 17:27:00,255.48,255.5,255.08501,255.23,101592
2026-01-30 17:28:00,255.23,255.27,255.08,255.17999,88121
2026-01-30 17:29:00,255.2,255.27,255.02,255.21001,106133
2026-01-30 17:30:00,255.16,255.34,255.0,255.17,68653
2026-01-30 17:31:00,255.14,255.24001,254.90421,255.02,88124
2026-01-30 17:32:00,255.00999,255.10001,254.99001,255.03,45354
2026-01-30 17:33:00,255.07001,255.14,254.73,254.73,70187
2026-01-30 17:34:00,254.74001,254.92,254.72,254.91969,71662
2026-01-30 17:35:00,254.895,254.895,254.53999,254.705,67291
2026-01-30 17:36:00,254.72,255.14259,254.6899,255.14259,95998
2026-01-30 17:37:00,255.1499,255.155,254.99001,255.09,55706
2026-01-30 17:38:00,255.08,255.27,255.00999,255.015,71687
2026-01-30 17:39:00,255.015,255.03999,254.91499,254.97501,69242
2026-01-30 17:40:00,254.92,255.03999,254.81,254.84,66017
2026-01-30 17:41:00,254.83501,254.86,254.59,254.62,109895
2026-01-30 17:42:00,254.63499,254.715,254.58299,254.64,63206
2026-01-30 17:43:00,254.63499,254.8252,254.6301,254.77991,50222
2026-01-30 17:44:00,254.765,254.84,254.67999,254.71001,79548
2026-01-30 17:45:00,254.71001,255.0074,254.67999,254.99001,63329
2026-01-30 17:46:00,255.03,255.23,254.92,255.10001,86424
2026-01-30 17:47:00,255.11,255.22,254.95,254.95,60954
2026-01-30 17:48:00,255.0,255.13,254.92999,255.02409,57785
2026-01-30 17:49:00,255.03999,255.09,254.89,255.0,44656
2026-01-30 17:50:00,255.04601,255.22,255.0153,255.125,34067
2026-01-30 17:51:00,255.13499,255.1599,255.07001,255.1599,106837
2026-01-30 17:52:00,255.17,255.17,254.72,254.74001,64480
2026-01-30 17:53:00,254.73,254.98,254.73,254.87,86929
2026-01-30 17:54:00,254.91,254.92,254.69,254.71001,51638
2026-01-30 17:55:00,254.71001,254.89,254.71001,254.88499,52481
2026-01-30 17:56:00,254.925,255.13,254.86501,254.99921,52718
2026-01-30 17:57:00,255.00999,255.09,254.88,255.0899,53976
2026-01-30 17:58:00,255.06,255.07001,254.86,254.935,45001
2026-01-30 17:59:00,254.95,254.95,254.74001,254.855,41828
2026-01-30 18:00:00,254.84,254.95,254.77,254.87,48048
2026-01-30 18:01:00,254.85001,254.95,254.71001,254.92999,52957
2026-01-30 18:02:00,254.92,255.05,254.86,254.99001,50789
2026-01-30 18:03:00,254.99001,255.10001,254.95,255.05,39733
2026-01-30 18:04:00,255.145,255.2,255.07001,255.10001,52677
2026-01-30 18:05:00,255.2205,255.37,255.17,255.36501,185486
2026-01-30 18:06:00,255.39999,255.53999,255.2674,255.46181,87288
2026-01-30 18:07:00,255.47,255.5799,255.4301,255.46001,75603
2026-01-30 18:08:00,255.45,255.56,255.38,255.5401,56281
2026-01-30 18:09:00,255.55499,255.55499,255.255,255.35001,67472
2026-01-30 18:10:00,255.35001,255.37,255.19,255.2399,44265
2026-01-30 18:11:00,255.2394,255.5,255.22,255.455,74117
2026-01-30 18:12:00,255.455,255.63,255.36,255.625,62581
2026-01-30 18:13:00,255.6326,255.64999,255.49001,255.49989,79715
2026-01-30 18:14:00,255.49989,255.52991,255.4001,255.46001,46443
2026-01-30 18:15:00,255.45,255.49001,255.25,255.28999,58723
2026-01-30 18:16:00,255.28,255.42,255.215,255.25999,87197
2026-01-30 18:17:00,255.27,255.39,255.12,255.3801,61255
2026-01-30 18:18:00,255.37,255.38,255.10001,255.10001,49300
2026-01-30 18:19:00,255.095,255.14,254.91,254.94501,78393
2026-01-30 18:20:00,254.97,255.145,254.69,254.72501,134377
2026-01-30 18:21:00,254.75,254.89,254.58,254.88969,141308
2026-01-30 18:22:00,254.88,254.91,254.58,254.88,130187
2026-01-30 18:23:00,254.84,255.42,254.82001,255.325,122776
2026-01-30 18:24:00,255.33501,255.705,255.33,255.6205,92799
2026-01-30 18:25:00,255.63,255.89999,255.625,255.67999,88308
2026-01-30 18:26:00,255.71001,255.94,255.67,255.9101,56400
2026-01-30 18:27:00,255.9399,255.97,255.82001,255.96381,100307
2026-01-30 18:28:00,255.953,256.06,255.78999,255.87,100006
2026-01-30 18:29:00,255.86,256.07001,255.845,256.05499,57368
2026-01-30 18:30:00,256.05499,256.25,255.92999,255.96001,91905
2026-01-30 18:31:00,255.98,256.14001,255.88499,255.91,40791
2026-01-30 18:32:00,255.92999,255.92999,255.78,255.895,58724
2026-01-30 18:33:00,255.89999,256.035,255.825,255.961,77798
2026-01-30 18:34:00,255.97,256.07001,255.85001,255.92999,29136
2026-01-30 18:35:00,255.96001,256.17001,255.88,256.10001,80428
2026-01-30 18:36:00,256.07001,256.37,256.04999,256.35999,209132
2026-01-30 18:37:00,256.35999,256.48999,256.27301,256.44,89663
2026-01-30 18:38:00,256.44,256.48001,256.10999,256.10999,44851
2026-01-30 18:39:00,256.10001,256.26999,255.97,256.26999,67499
2026-01-30 18:40:00,256.28,256.31931,256.10999,256.20001,60359
2026-01-30 18:41:00,256.17999,256.26001,256.10001,256.20999,43135
2026-01-30 18:42:00,256.20001,256.20001,256.06,256.10999,110097
2026-01-30 18:43:00,256.12,256.2301,255.87,256.125,99077
2026-01-30 18:44:00,256.14001,256.28,256.09,256.1467,52465
2026-01-30 18:45:00,256.14001,256.57001,256.10999,256.375,71230
2026-01-30 18:46:00,256.375,256.6799,256.375,256.595,60347
2026-01-30 18:47:00,256.62,258.28,256.62,256.67001,38426
2026-01-30 18:48:00,256.67999,256.78,256.6701,256.73999,42706
2026-01-30 18:49:00,256.78,256.95999,256.76089,256.89001,59572
2026-01-30 18:50:00,256.89001,257.0,256.8522,256.86499,63719
2026-01-30 18:51:00,256.86011,256.86011,256.655,256.72,57086
2026-01-30 18:52:00,256.73001,256.79999,256.67999,256.79001,81331
2026-01-30 18:53:00,256.78,256.845,255.75,256.51001,337993
2026-01-30 18:54:00,256.59,256.85001,256.495,256.85001,63966
2026-01-30 18:55:00,256.89001,256.98001,256.85001,256.875,202564
2026-01-30 18:56:00,256.88501,257.09,256.88,257.03,110892
2026-01-30 18:57:00,257.04001,257.35001,257.01001,257.31,109138
2026-01-30 18:58:00,257.31,257.59,257.23999,257.47501,112255
2026-01-30 18:59:00,257.51001,257.60001,257.35001,257.35001,99609
2026-01-30 19:00:00,257.375,257.54001,257.36499,257.435,77431
2026-01-30 19:01:00,257.44,257.55499,257.39001,257.44,53317
2026-01-30 19:02:00,257.42999,257.69,257.42999,257.45499,81110
2026-01-30 19:03:00,257.51999,257.70999,257.45999,257.70001,46506
2026-01-30 19:04:00,257.70001,257.76001,257.66,257.74701,65993
2026-01-30 19:05:00,257.73001,257.91,257.72,257.88,120532
2026-01-30 19:06:00,257.8884,258.07999,257.8884,257.97501,174098
2026-01-30 19:07:00,257.98999,258.04001,257.89001,257.92001,92747
2026-01-30 19:08:00,257.91901,257.95001,257.76999,257.87,83898
2026-01-30 19:09:00,257.87,257.8999,257.72501,257.87,70376
2026-01-30 19:10:00,257.88,257.89999,257.69,257.70001,83148
2026-01-30 19:11:00,257.7001,257.87,257.67999,257.70001,63279
2026-01-30 19:12:00,257.69501,257.81,257.69501,257.73499,55129
2026-01-30 19:13:00,257.73999,257.755,257.54901,257.73999,97777
2026-01-30 19:14:00,257.73001,257.87,257.64249,257.79001,122174
2026-01-30 19:15:00,257.76999,257.92999,257.73999,257.92001,63579
2026-01-30 19:16:00,257.91,257.91,257.67999,257.72,69159
2026-01-30 19:17:00,257.72,257.73001,257.32999,257.32999,91156
2026-01-30 19:18:00,257.34,257.60501,257.32999,257.35999,120259
2026-01-30 19:19:00,257.39001,257.6398,257.39001,257.57001,104490
2026-01-30 19:20:00,257.55499,257.79001,257.5401,257.76431,17851
2026-01-30 19:21:00,257.63501,257.87,257.57001,257.845,40953
2026-01-30 19:22:00,257.82501,257.82999,257.59,257.67999,173129
2026-01-30 19:23:00,257.67001,257.86499,257.64001,257.75,42614
2026-01-30 19:24:00,257.79999,257.97,257.76059,257.79501,58932
2026-01-30 19:25:00,257.82999,257.82999,257.60501,257.60999,155568
2026-01-30 19:26:00,257.61011,257.84,257.59,257.84,53968
2026-01-30 19:27:00,257.845,257.92999,257.79001,257.92001,64683
2026-01-30 19:28:00,257.92999,257.97,257.84,257.88,59260
2026-01-30 19:29:00,257.88,257.905,257.45999,257.58499,103080
2026-01-30 19:30:00,257.60001,257.75,257.47,257.55499,104601
2026-01-30 19:31:00,257.57001,257.73999,257.41,257.73001,61732
2026-01-30 19:32:00,257.73001,257.85001,257.63,257.78,42932
2026-01-30 19:33:00,257.87,257.9899,257.85001,257.96011,142324
2026-01-30 19:34:00,257.97,258.06,257.91,257.98999,98485
2026-01-30 19:35:00,258.01999,258.14999,257.9581,258.01999,79476
2026-01-30 19:36:00,258.0,258.04001,257.76999,257.87991,71313
2026-01-30 19:37:00,257.89001,258.0701,257.87631,258.06,60496
2026-01-30 19:38:00,258.0755,258.12,257.95999,258.10001,54501
2026-01-30 19:39:00,258.1225,258.20001,258.10999,258.19,51655
2026-01-30 19:40:00,258.19,258.35999,258.18839,258.34,120283
2026-01-30 19:41:00,258.34,258.39001,258.13,258.25601,99221
2026-01-30 19:42:00,258.23499,258.42999,258.17999,258.28979,60139
2026-01-30 19:43:00,258.20999,258.32001,258.20999,258.29999,170452
2026-01-30 19:44:00,258.32001,258.34,258.095,258.095,60951
2026-01-30 19:45:00,258.09,258.16,257.95999,258.1026,72564
2026-01-30 19:46:00,258.10001,258.26999,258.04999,258.1496,58339
2026-01-30 19:47:00,258.14899,258.26999,258.09,258.22501,61899
2026-01-30 19:48:00,258.22501,258.28,258.0,258.01999,64814
2026-01-30 19:49:00,258.01999,258.23999,258.0,258.14999,62247
2026-01-30 19:50:00,258.14999,258.32999,258.14999,258.31009,61419
2026-01-30 19:51:00,258.34,258.37,258.26001,258.26001,71732
2026-01-30 19:52:00,258.29001,258.66,258.29001,258.595,156777
2026-01-30 19:53:00,258.61859,258.85001,258.41501,258.61679,196251
2026-01-30 19:54:00,258.60999,258.70001,258.57001,258.65991,70388
2026-01-30 19:55:00,258.64499,258.94,258.63,258.82001,152648
2026-01-30 19:56:00,258.79001,258.79999,258.60001,258.67999,112008
2026-01-30 19:57:00,258.68991,258.71991,258.47009,258.54001,111022
2026-01-30 19:58:00,258.54999,258.67001,258.47,258.505,105105
2026-01-30 19:59:00,258.5,258.5116,258.23001,258.26999,113936
2026-01-30 20:00:00,258.29001,258.47,258.25,258.41,95976
2026-01-30 20:01:00,258.4021,258.53,258.19,258.20911,114125
2026-01-30 20:02:00,258.19421,258.20001,258.04501,258.10999,107784
2026-01-30 20:03:00,258.1098,258.19,258.07001,258.09,60032
2026-01-30 20:04:00,258.10999,258.10999,257.95001,257.97,81602
2026-01-30 20:05:00,257.98001,258.08499,257.92001,257.922,63625
2026-01-30 20:06:00,257.92279,257.9599,257.57999,257.57999,98093
2026-01-30 20:07:00,257.56,258.01999,257.56,257.931,92229
2026-01-30 20:08:00,257.92999,258.20999,257.70001,258.17001,110545
2026-01-30 20:09:00,258.16,258.48001,258.1301,258.45999,119459
2026-01-30 20:10:00,258.48001,258.64001,258.44,258.64001,140861
2026-01-30 20:11:00,258.64001,258.69,258.45999,258.48999,122502
2026-01-30 20:12:00,258.5,258.73001,258.46021,258.58499,105214
2026-01-30 20:13:00,258.58499,258.73001,258.54001,258.72,87691
2026-01-30 20:14:00,258.72501,258.73999,258.5,258.64999,127295
2026-01-30 20:15:00,258.64999,258.64999,258.45001,258.47,107862
2026-01-30 20:16:00,258.5,258.8699,258.48001,258.78,136763
2026-01-30 20:17:00,258.75,258.89001,258.69,258.85001,87534
2026-01-30 20:18:00,258.85999,259.0459,258.84,258.98001,153894
2026-01-30 20:19:00,259.0,259.22,258.95999,259.20001,133166
2026-01-30 20:20:00,259.19,259.26999,259.09,259.23001,196720
2026-01-30 20:21:00,259.22,259.29001,259.10001,259.14581,132024
2026-01-30 20:22:00,259.13,259.34,259.04999,259.31,136738
2026-01-30 20:23:00,259.35001,259.45001,259.19,259.22,148402
2026-01-30 20:24:00,259.25,259.39001,259.20999,259.38,125577
2026-01-30 20:25:00,259.38,259.66,259.38,259.59,233639
2026-01-30 20:26:00,259.56,259.69,259.44,259.48999,157499
2026-01-30 20:27:00,259.48499,259.64001,259.38,259.59,188296
2026-01-30 20:28:00,259.57999,259.81989,259.51501,259.76999,172897
2026-01-30 20:29:00,259.75171,259.91,259.73999,259.91,209666
2026-01-30 20:30:00,259.92001,260.12,259.82001,259.89999,432128
2026-01-30 20:31:00,259.89001,260.09,259.87,260.04001,116212
2026-01-30 20:32:00,260.07001,260.1525,259.91,260.01501,119878
2026-01-30 20:33:00,260.125,260.54999,260.125,260.54001,561888
2026-01-30 20:34:00,260.54001,260.57999,260.32999,260.44,903335
2026-01-30 20:35:00,260.44,260.57999,260.39001,260.52499,204538
2026-01-30 20:36:00,260.5368,260.59961,260.38,260.5,174853
2026-01-30 20:37:00,260.48001,260.5899,260.08499,260.14001,188986
2026-01-30 20:38:00,260.10999,260.54999,260.10999,260.48999,162658
2026-01-30 20:39:00,260.51999,260.74991,260.51999,260.70999,249732
2026-01-30 20:40:00,260.73001,260.89001,260.70001,260.78989,211636
2026-01-30 20:41:00,260.79001,261.0,260.76001,260.90009,235391
2026-01-30 20:42:00,260.89001,260.98001,260.76001,260.87,220712
2026-01-30 20:43:00,260.87,261.04001,260.76999,260.89999,237453
2026-01-30 20:44:00,260.91,261.02499,260.89999,260.98999,184213
2026-01-30 20:45:00,260.98001,261.34,260.95999,261.34,266592
2026-01-30 20:46:00,261.34,261.35999,261.22,261.255,230251
2026-01-30 20:47:00,261.255,261.45499,261.25,261.42001,1284247
2026-01-30 20:48:00,261.43161,261.64001,261.41,261.64001,163094
2026-01-30 20:49:00,261.69,261.8999,261.67999,261.79749,227867
2026-01-30 20:50:00,261.73999,261.73999,261.38,261.41,832226
2026-01-30 20:51:00,261.41989,261.48999,260.91,261.02499,442079
2026-01-30 20:52:00,261.01999,261.10001,260.59,260.76901,407026
2026-01-30 20:53:00,260.76999,260.79001,259.85001,259.95001,300682
2026-01-30 20:54:00,259.95001,260.09,259.06009,259.79001,463393
2026-01-30 20:55:00,259.79999,260.01999,258.89999,259.82999,603386
2026-01-30 20:56:00,259.82999,260.04001,259.66,259.85999,375311
2026-01-30 20:57:00,259.87,259.87,259.36499,259.57001,574705
2026-01-30 20:58:00,259.60001,259.92999,259.51501,259.87,683270
2026-01-30 20:59:00,259.88,260.06,258.0,259.48001,1973068
2026-02-02 14:30:00,260.01999,261.59,259.60999,261.5564,2232441
2026-02-02 14:31:00,261.51001,263.45001,260.70001,263.3367,569044
2026-02-02 14:32:00,263.35501,263.97,262.54999,263.89001,349886
2026-02-02 14:33:00,263.89001,263.93829,262.06,262.45999,332907
2026-02-02 14:34:00,262.47,263.0,262.46011,262.78989,161110
2026-02-02 14:35:00,262.7001,262.7699,260.8244,261.01389,271701
2026-02-02 14:36:00,260.97501,262.34009,260.73001,261.63501,244114
2026-02-02 14:37:00,261.62,261.89999,260.25009,260.32001,186326
2026-02-02 14:38:00,260.34,260.41,259.82999,260.04999,345359
2026-02-02 14:39:00,260.00699,260.00699,259.29001,259.345,163558
2026-02-02 14:40:00,259.37,260.57999,259.20499,260.4425,181773
2026-02-02 14:41:00,260.39001,260.62,259.75,260.0,135474
2026-02-02 14:42:00,260.0,260.60001,259.91,260.42001,171187
2026-02-02 14:43:00,260.4545,260.98999,260.39001,260.83499,138615
2026-02-02 14:44:00,260.845,261.17999,260.54999,261.1579,127441
2026-02-02 14:45:00,261.17999,261.60999,261.07001,261.17001,197480
2026-02-02 14:46:00,261.14001,262.01999,260.92001,262.005,161506
2026-02-02 14:47:00,262.0,262.0,261.51001,261.67001,101794
2026-02-02 14:48:00,261.72,262.5499,261.72,262.45001,103528
2026-02-02 14:49:00,262.46011,262.85001,262.26999,262.81,155508
2026-02-02 14:50:00,262.79001,263.57999,262.79001,263.42999,188178
2026-02-02 14:51:00,263.42999,263.76999,263.32999,263.67999,251741
2026-02-02 14:52:00,263.53,263.56,262.845,263.48001,173517
2026-02-02 14:53:00,263.48001,263.57999,263.26001,263.57999,105111
2026-02-02 14:54:00,263.57001,263.60001,262.67001,263.29001,198979
2026-02-02 14:55:00,263.32501,263.52011,263.23999,263.51999,121156
2026-02-02 14:56:00,263.51999,263.75,263.17999,263.3501,191434
2026-02-02 14:57:00,263.388,263.92999,263.29001,263.76001,195956
2026-02-02 14:58:00,263.79001,263.79001,263.22,263.32001,205481
2026-02-02 14:59:00,263.33499,263.6055,263.07999,263.32501,179121
2026-02-02 15:00:00,263.29001,263.67999,263.17999,263.64999,156423
2026-02-02 15:01:00,263.60501,263.91,263.57999,263.73999,164015
2026-02-02 15:02:00,263.70999,263.97,263.63,263.905,187843
2026-02-02 15:03:00,263.89001,264.10999,263.45001,263.51999,183669
2026-02-02 15:04:00,263.4993,263.70001,263.23999,263.69501,118750
2026-02-02 15:05:00,263.67999,263.94,263.48999,263.86099,125567
2026-02-02 15:06:00,263.89999,263.935,263.64001,263.75009,174861
2026-02-02 15:07:00,263.76999,263.94,263.32001,263.91,159367
2026-02-02 15:08:00,263.89999,264.10001,263.82999,264.09,226714
2026-02-02 15:09:00,264.09,264.22,263.84,263.97,125121
2026-02-02 15:10:00,263.995,264.04999,263.70999,263.97,135414
2026-02-02 15:11:00,263.91,264.0499,263.79999,263.87259,139023
2026-02-02 15:12:00,263.89499,264.42999,263.70001,264.39999,275701
2026-02-02 15:13:00,264.38251,264.60001,264.23001,264.54001,250208
2026-02-02 15:14:00,264.57001,264.681,264.32001,264.655,152074
2026-02-02 15:15:00,264.63,265.20999,264.60999,264.70001,436431
2026-02-02 15:16:00,264.70001,264.77499,264.07999,264.23001,144196
2026-02-02 15:17:00,264.25,265.10001,264.25,265.07999,137003
2026-02-02 15:18:00,265.07001,265.16,264.57001,264.60001,120176
2026-02-02 15:19:00,264.57001,264.57001,264.32001,264.48999,70655
2026-02-02 15:20:00,264.505,265.06,264.48999,264.64999,112339
2026-02-02 15:21:00,264.64999,264.89999,264.60999,264.6601,96735
2026-02-02 15:22:00,264.64999,264.72,264.5,264.63501,111346
2026-02-02 15:23:00,264.60999,264.72,264.35999,264.47,119857
2026-02-02 15:24:00,264.42001,264.60001,264.26999,264.54999,73053
2026-02-02 15:25:00,264.56,264.79999,264.5,264.66,112826
2026-02-02 15:26:00,264.6702,265.05991,264.64999,265.0101,119610
2026-02-02 15:27:00,265.02499,265.07999,264.70001,265.03,156530
2026-02-02 15:28:00,265.035,265.25,264.88,265.10501,123538
2026-02-02 15:29:00,265.10501,265.16,264.935,265.04001,74227
2026-02-02 15:30:00,265.035,265.25,264.95999,264.95999,86526
2026-02-02 15:31:00,264.965,265.22989,264.965,265.19,93180
2026-02-02 15:32:00,265.23001,265.37,265.07999,265.26001,120826
2026-02-02 15:33:00,265.28,265.28,264.95999,265.04001,91098
2026-02-02 15:34:00,265.0401,265.0596,264.72,264.78,85543
2026-02-02 15:35:00,264.82001,264.98999,264.70999,264.84009,73502
2026-02-02 15:36:00,264.84131,264.89999,264.69,264.82999,61817
2026-02-02 15:37:00,264.84,265.10001,264.81131,265.08499,85386
2026-02-02 15:38:00,265.09991,265.14999,264.84,265.06,92337
2026-02-02 15:39:00,265.01001,265.03,264.57001,264.67999,107679
2026-02-02 15:40:00,264.67999,264.67999,264.32001,264.38,89700
2026-02-02 15:41:00,264.35999,264.39001,263.82999,263.87,87199
2026-02-02 15:42:00,263.88,263.93991,263.60001,263.67001,91821
2026-02-02 15:43:00,263.65009,263.95001,263.595,263.655,116210
2026-02-02 15:44:00,263.64011,263.95001,263.64011,263.95001,72863
2026-02-02 15:45:00,263.92001,263.965,263.57999,263.60001,53974
2026-02-02 15:46:00,263.59,263.71021,263.3801,263.3801,56472
2026-02-02 15:47:00,263.39001,263.42999,263.17999,263.30991,57541
2026-02-02 15:48:00,263.28,263.39999,263.16,263.39999,55391
2026-02-02 15:49:00,263.39999,263.51001,263.29501,263.35999,64166
2026-02-02 15:50:00,263.35999,263.44,263.23499,263.39999,57807
2026-02-02 15:51:00,263.41,263.62,263.345,263.435,107268
2026-02-02 15:52:00,263.435,263.51001,263.31,263.32999,78138
2026-02-02 15:53:00,263.345,263.53,263.32999,263.39499,47569
2026-02-02 15:54:00,263.42001,263.63,263.39011,263.41,61888
2026-02-02 15:55:00,263.405,263.42999,263.02499,263.02499,105940
2026-02-02 15:56:00,263.01001,263.03,262.67999,262.88,83124
2026-02-02 15:57:00,262.85001,262.99301,262.76501,262.86499,81206
2026-02-02 15:58:00,262.85001,262.92499,262.31,262.35001,96853
2026-02-02 15:59:00,262.37,262.78,262.31,262.73999,112287
2026-02-02 16:00:00,262.70001,262.92001,262.64001,262.73999,91487
2026-02-02 16:01:00,262.73001,263.10001,262.58499,263.07999,68095
2026-02-02 16:02:00,263.07501,263.07501,262.82999,262.85999,52251
2026-02-02 16:03:00,262.84021,262.97501,262.63,262.73001,73472
2026-02-02 16:04:00,262.73499,262.81,262.51001,262.7189,57128
2026-02-02 16:05:00,262.72,263.03,262.72,262.92001,58113
2026-02-02 16:06:00,262.92001,263.26001,262.79999,263.23999,67883
2026-02-02 16:07:00,263.2496,263.35999,263.07501,263.26001,56970
2026-02-02 16:08:00,263.255,263.35001,263.17999,263.34,54981
2026-02-02 16:09:00,263.35001,263.39859,263.16,263.285,56830
2026-02-02 16:10:00,263.29999,263.32999,262.91,263.13,64318
2026-02-02 16:11:00,263.11359,263.29001,263.0,263.03,47623
2026-02-02 16:12:00,263.01001,263.215,262.92001,263.2001,41757
2026-02-02 16:13:00,263.19,263.31,263.01001,263.23999,94953
2026-02-02 16:14:00,263.285,263.41989,263.14001,263.255,39718
2026-02-02 16:15:00,263.23999,263.35999,263.13,263.285,53395
2026-02-02 16:16:00,263.29999,263.39001,263.245,263.35999,73881
2026-02-02 16:17:00,263.35999,263.54001,263.32001,263.48499,43649
2026-02-02 16:18:00,263.49881,263.79001,263.47,263.72379,60104
2026-02-02 16:19:00,263.73999,263.85001,263.64999,263.76001,57311
2026-02-02 16:20:00,263.76999,264.14001,263.76999,264.14001,65066
2026-02-02 16:21:00,264.12009,264.20001,263.92001,264.14999,68813
2026-02-02 16:22:00,264.13,264.31,264.03821,264.19501,70416
2026-02-02 16:23:00,264.185,264.32001,264.13,264.32001,49564
2026-02-02 16:24:00,264.31,264.535,264.28,264.39999,69181
2026-02-02 16:25:00,264.39001,264.43979,264.28,264.315,38197
2026-02-02 16:26:00,264.39001,264.56351,264.31,264.45001,64027
2026-02-02 16:27:00,264.4285,264.4285,264.09,264.17999,56438
2026-02-02 16:28:00,264.16769,264.38501,264.16769,264.31,42285
2026-02-02 16:29:00,264.32999,264.41501,264.14999,264.29181,87269
2026-02-02 16:30:00,264.29501,264.32999,264.20999,264.32501,45571
2026-02-02 16:31:00,264.33191,264.57001,264.30042,264.4617,73927
2026-02-02 16:32:00,264.495,264.59,264.42001,264.51999,52672
2026-02-02 16:33:00,264.5,264.5,264.25,264.34,45074
2026-02-02 16:34:00,264.34,264.60989,264.32001,264.60001,57018
2026-02-02 16:35:00,264.6113,264.67499,264.48001,264.59,51266
2026-02-02 16:36:00,264.57001,264.64001,264.51001,264.6199,56440
2026-02-02 16:37:00,264.595,264.6499,264.53,264.58499,35660
2026-02-02 16:38:00,264.57001,264.73001,264.54999,264.64999,52705
2026-02-02 16:39:00,264.64401,264.64999,264.56,264.60999,37534
2026-02-02 16:40:00,264.58499,264.73001,264.375,264.375,32815
2026-02-02 16:41:00,264.35999,264.49249,264.22769,264.42999,37461
2026-02-02 16:42:00,264.39999,264.42001,264.22,264.38,32216
2026-02-02 16:43:00,264.35001,264.57999,264.35001,264.56989,39247
2026-02-02 16:44:00,264.57001,264.70999,264.5,264.69501,39551
2026-02-02 16:45:00,264.70679,264.70679,264.46011,264.48999,30910
2026-02-02 16:46:00,264.4801,264.5,264.3042,264.41501,24456
2026-02-02 16:47:00,264.35999,264.39761,264.06,264.10001,57047
2026-02-02 16:48:00,264.13501,264.32001,264.02499,264.28,41665
2026-02-02 16:49:00,264.27499,264.39001,264.26999,264.35001,42828
2026-02-02 16:50:00,264.34,264.38,264.16,264.2594,40001
2026-02-02 16:51:00,264.26999,264.39999,264.26001,264.39999,42973
2026-02-02 16:52:00,264.38,264.3988,264.10001,264.125,31435
2026-02-02 16:53:00,264.10999,264.19,264.10001,264.19,20245
2026-02-02 16:54:00,264.15991,264.20621,264.035,264.03699,46402
2026-02-02 16:55:00,264.065,264.13,264.03,264.10818,36280
2026-02-02 16:56:00,264.10001,264.12,263.89001,264.03,67626
2026-02-02 16:57:00,264.04001,264.26999,263.99011,264.23999,27276
2026-02-02 16:58:00,264.31,264.57001,264.26001,264.48999,73887
2026-02-02 16:59:00,264.48001,264.67999,264.44,264.465,88892
2026-02-02 17:00:00,264.45001,264.79001,264.35001,264.74649,66680
2026-02-02 17:01:00,264.73001,264.789,264.62,264.70001,38775
2026-02-02 17:02:00,264.67999,264.70499,264.57999,264.64999,41918
2026-02-02 17:03:00,264.64499,264.69,264.59,264.67999,24523
2026-02-02 17:04:00,264.67999,264.70001,264.58701,264.64001,34214
2026-02-02 17:05:00,264.64999,264.66501,264.51001,264.54001,31998
2026-02-02 17:06:00,264.54999,264.55499,264.42999,264.44601,34141
2026-02-02 17:07:00,264.44,264.66,264.37,264.60989,41184
2026-02-02 17:08:00,264.60001,264.63,264.5,264.535,36284
2026-02-02 17:09:00,264.53,264.69,264.53,264.66119,29355
2026-02-02 17:10:00,264.66,264.73999,264.48001,264.67001,87595
2026-02-02 17:11:00,264.67001,264.85001,264.66,264.79999,83642
2026-02-02 17:12:00,264.80499,264.80499,264.54999,264.56,55005
2026-02-02 17:13:00,264.54849,264.595,264.53,264.54001,36491
2026-02-02 17:14:00,264.53,264.53,264.32999,264.36499,42535
2026-02-02 17:15:00,264.38,264.51001,264.29999,264.29999,34194
2026-02-02 17:16:00,264.29001,264.39999,264.29001,264.38,34676
2026-02-02 17:17:00,264.375,264.39001,264.25,264.27011,26221
2026-02-02 17:18:00,264.26999,264.32999,264.22501,264.25,37095
2026-02-02 17:19:00,264.25,264.28989,263.97,264.07999,45906
2026-02-02 17:20:00,264.0762,264.10001,263.84,263.85001,34435
2026-02-02 17:21:00,263.85501,264.0,263.81,264.0,40017
2026-02-02 17:22:00,264.01999,264.12,263.98999,264.095,41113
2026-02-02 17:23:00,264.09,264.23999,264.07999,264.22,69688
2026-02-02 17:24:00,264.23001,264.29999,264.14001,264.28,48459
2026-02-02 17:25:00,264.28,264.36499,264.22,264.32001,78108
2026-02-02 17:26:00,264.31,264.37,264.17001,264.23999,42606
2026-02-02 17:27:00,264.25,264.38,264.23999,264.26001,33368
2026-02-02 17:28:00,264.26031,264.28922,264.16,264.16,34100
2026-02-02 17:29:00,264.17001,264.23499,264.07999,264.17999,42897
2026-02-02 17:30:00,264.19,264.19,264.01001,264.10001,39785
2026-02-02 17:31:00,264.07999,264.19,264.07001,264.17001,28883
2026-02-02 17:32:00,264.19,264.32999,264.17001,264.26321,37516
2026-02-02 17:33:00,264.25,264.37,264.19501,264.32999,25108
2026-02-02 17:34:00,264.32001,264.32999,264.26999,264.30011,26284
2026-02-02 17:35:00,264.29001,264.4335,264.26001,264.2605,41085
2026-02-02 17:36:00,264.31,264.32001,263.91501,264.02499,37271
2026-02-02 17:37:00,263.9917,264.065,263.92001,264.065,29194
2026-02-02 17:38:00,264.10001,264.10001,263.88501,263.99991,78403
2026-02-02 17:39:00,263.98001,264.13,263.94,263.97,36843
2026-02-02 17:40:00,263.94,264.0,263.82999,263.85989,22435
2026-02-02 17:41:00,263.82999,263.91501,263.79999,263.88501,33793
2026-02-02 17:42:00,263.91,263.91501,263.78,263.81,47857
2026-02-02 17:43:00,263.79501,263.95999,263.78,263.95999,43943
2026-02-02 17:44:00,263.93161,264.04999,263.92999,263.92999,32995
2026-02-02 17:45:00,263.92999,263.97989,263.85999,263.87,26828
2026-02-02 17:46:00,263.88708,263.95999,263.85001,263.95999,20481
2026-02-02 17:47:00,263.95499,263.98999,263.92001,263.93811,20788
2026-02-02 17:48:00,263.94,263.95001,263.90009,263.92001,32104
2026-02-02 17:49:00,263.92999,264.0,263.91501,263.97501,55636
2026-02-02 17:50:00,263.97501,264.07999,263.97501,264.02499,36043
2026-02-02 17:51:00,264.02499,264.04001,263.92999,263.96509,25659
2026-02-02 17:52:00,263.94,264.06,263.93011,264.04001,24829
2026-02-02 17:53:00,264.04999,264.22989,264.04199,264.20999,39372
2026-02-02 17:54:00,264.23001,264.29999,264.22,264.2345,41550
2026-02-02 17:55:00,264.23001,264.38,264.22,264.35999,34822
2026-02-02 17:56:00,264.3201,264.42999,264.31,264.34,28125
2026-02-02 17:57:00,264.35001,264.42001,264.32999,264.35999,27006
2026-02-02 17:58:00,264.35501,264.38,264.2753,264.29459,25243
2026-02-02 17:59:00,264.29001,264.32001,264.16,264.1738,35644
2026-02-02 18:00:00,264.19,264.38,264.19,264.35001,23565
2026-02-02 18:01:00,264.39999,264.72,264.39999,264.70001,64319
2026-02-02 18:02:00,264.70999,264.79001,264.67001,264.70001,38277
2026-02-02 18:03:00,264.6889,264.94,264.6889,264.92001,52205
2026-02-02 18:04:00,264.92499,265.14001,264.88,265.10999,118617
2026-02-02 18:05:00,265.11499,265.14001,264.91,265.0899,66103
2026-02-02 18:06:00,265.07001,265.17001,265.07001,265.11499,55787
2026-02-02 18:07:00,265.13049,265.23999,265.13,265.19989,57450
2026-02-02 18:08:00,265.185,265.29999,265.17001,265.20889,61473
2026-02-02 18:09:00,265.215,265.31,265.17999,265.22,57302
2026-02-02 18:10:00,265.25,265.26999,265.11499,265.1601,30923
2026-02-02 18:11:00,265.17001,265.26999,265.10419,265.1601,36068
2026-02-02 18:12:00,265.17001,265.22971,265.06,265.07999,41619
2026-02-02 18:13:00,265.07449,265.17999,264.95999,264.95999,64421
2026-02-02 18:14:00,264.97,264.97,264.79001,264.79001,43104
2026-02-02 18:15:00,264.78,264.81989,264.69,264.78989,40086
2026-02-02 18:16:00,264.76749,264.85999,264.75061,264.84,31581
2026-02-02 18:17:00,264.83151,264.94,264.82001,264.91,37319
2026-02-02 18:18:00,264.91,264.9299,264.73001,264.78229,50430
2026-02-02 18:19:00,264.77051,264.82999,264.73999,264.82001,41142
2026-02-02 18:20:00,264.81,264.81,264.62,264.66,36679
2026-02-02 18:21:00,264.655,264.83521,264.62,264.7338,40583
2026-02-02 18:22:00,264.74619,264.78,264.67999,264.78,40000
2026-02-02 18:23:00,264.75159,264.94,264.73999,264.9389,50607
2026-02-02 18:24:00,264.94,264.97,264.90799,264.94,49350
2026-02-02 18:25:00,264.94,265.01001,264.86011,264.94501,35044
2026-02-02 18:26:00,264.9418,265.07001,264.90009,265.04999,149559
2026-02-02 18:27:00,265.07001,265.19,265.04999,265.14999,55079
2026-02-02 18:28:00,265.16,265.19,265.10999,265.19,37126
2026-02-02 18:29:00,265.17999,265.26999,265.13,265.13,62123
2026-02-02 18:30:00,265.14499,265.20999,265.01001,265.20499,41416
2026-02-02 18:31:00,265.20499,265.26999,265.08011,265.16,48180
2026-02-02 18:32:00,265.17001,265.20999,265.14001,265.16501,41239
2026-02-02 18:33:00,265.16,265.26999,265.16,265.22501,34098
2026-02-02 18:34:00,265.23499,265.2699,265.20001,265.22989,46227
2026-02-02 18:35:00,265.22,265.45999,265.22,265.44501,167660
2026-02-02 18:36:00,265.45099,265.70001,265.34009,265.45999,171389
2026-02-02 18:37:00,265.47,265.53,265.29041,265.35999,33097
2026-02-02 18:38:00,265.34,265.4899,265.32501,265.45999,40255
2026-02-02 18:39:00,265.45999,265.48999,265.37,265.42999,48089
2026-02-02 18:40:00,265.42001,265.4798,265.39001,265.39999,47534
2026-02-02 18:41:00,265.39999,265.45999,265.35999,265.45001,28528
2026-02-02 18:42:00,265.45001,265.5,265.42001,265.48499,46187
2026-02-02 18:43:00,265.48001,265.54001,265.34,265.535,44086
2026-02-02 18:44:00,265.52499,265.53,265.41,265.41,31970
2026-02-02 18:45:00,265.38,265.45999,265.34,265.45001,43798
2026-02-02 18:46:00,265.44501,265.52499,265.4303,265.47501,28176
2026-02-02 18:47:00,265.45999,265.51001,265.41,265.42001,32949
2026-02-02 18:48:00,265.41,265.5,265.39999,265.49191,27681
2026-02-02 18:49:00,265.48999,265.54999,265.47,265.54001,34202
2026-02-02 18:50:00,265.54001,265.54999,265.35999,265.405,28131
2026-02-02 18:51:00,265.39499,265.45001,265.37,265.39001,23095
2026-02-02 18:52:00,265.39001,265.66,265.39001,265.565,171107
2026-02-02 18:53:00,265.56,265.69,265.54001,265.66,52322
2026-02-02 18:54:00,265.66501,265.79999,265.655,265.79999,75254
2026-02-02 18:55:00,265.80991,265.82401,265.73001,265.81,41073
2026-02-02 18:56:00,265.80499,266.17999,265.80499,266.07999,217642
2026-02-02 18:57:00,266.06,266.495,266.01501,266.4906,98779
2026-02-02 18:58:00,266.48499,266.70001,266.43011,266.6709,226903
2026-02-02 18:59:00,266.685,266.73499,266.64001,266.70499,217129
2026-02-02 19:00:00,266.70001,266.76001,266.54001,266.76001,150032
2026-02-02 19:01:00,266.76251,266.88,266.66,266.87,146580
2026-02-02 19:02:00,266.84,266.875,266.62,266.67499,135915
2026-02-02 19:03:00,266.67001,267.07999,266.67001,267.01501,118710
2026-02-02 19:04:00,267.035,267.095,266.98001,267.01001,106106
2026-02-02 19:05:00,267.01001,267.13,266.97,267.10999,54386
2026-02-02 19:06:00,267.10181,267.13,266.98999,267.04001,75283
2026-02-02 19:07:00,267.01031,267.07239,266.92001,266.92499,85941
2026-02-02 19:08:00,266.92499,267.12,266.89999,267.10501,80353
2026-02-02 19:09:00,267.10001,267.13501,266.97,266.98499,102977
2026-02-02 19:10:00,266.98001,267.12,266.92999,267.061,81889
2026-02-02 19:11:00,267.07001,267.07501,266.98001,267.0304,31643
2026-02-02 19:12:00,267.04001,267.04999,266.95001,266.98999,69601
2026-02-02 19:13:00,266.98999,267.07501,266.95999,267.06909,51947
2026-02-02 19:14:00,267.0585,267.13,267.0,267.12,68211
2026-02-02 19:15:00,267.10999,267.21701,267.06,267.20499,131856
2026-02-02 19:16:00,267.20499,267.26999,267.14001,267.14999,68502
2026-02-02 19:17:00,267.155,267.16,266.82999,266.98499,138534
2026-02-02 19:18:00,266.98499,267.10999,266.96021,267.08499,53605
2026-02-02 19:19:00,267.07999,267.13,266.94,266.95999,57543
2026-02-02 19:20:00,266.95001,266.95999,266.78,266.8306,83586
2026-02-02 19:21:00,266.84,267.01999,266.76001,267.01001,54284
2026-02-02 19:22:00,267.01999,267.03,266.92999,267.0,50406
2026-02-02 19:23:00,267.01999,267.22,267.01001,267.20001,111639
2026-02-02 19:24:00,267.1803,267.28,267.07999,267.20001,74486
2026-02-02 19:25:00,267.22009,267.28,267.1647,267.19,54403
2026-02-02 19:26:00,267.17499,267.28989,267.16,267.28989,48520
2026-02-02 19:27:00,267.26999,267.35001,267.2457,267.27011,65833
2026-02-02 19:28:00,267.28,267.28,267.14001,267.22,41034
2026-02-02 19:29:00,267.20999,267.20999,267.06,267.17999,98085
2026-02-02 19:30:00,267.125,267.44,267.125,267.35999,91303
2026-02-02 19:31:00,267.345,267.42999,267.14001,267.16,92067
2026-02-02 19:32:00,267.14001,267.39999,267.04999,267.32001,83133
2026-02-02 19:33:00,267.34,267.34,266.94,267.04001,78925
2026-02-02 19:34:00,267.0,267.20999,266.91,267.10001,109759
2026-02-02 19:35:00,267.10001,267.20999,267.04999,267.13589,49396
2026-02-02 19:36:00,267.14999,267.25,267.12,267.13,40789
2026-02-02 19:37:00,267.14999,267.17999,267.08011,267.08011,25836
2026-02-02 19:38:00,267.10001,267.10999,266.95499,267.07001,57116
2026-02-02 19:39:00,267.07501,267.07501,266.89999,266.94,84062
2026-02-02 19:40:00,266.94,267.0,266.92001,267.0,72695
2026-02-02 19:41:00,266.98001,267.04001,266.92999,266.95001,39444
2026-02-02 19:42:00,266.95999,267.01001,266.82001,266.97,127839
2026-02-02 19:43:00,266.98001,267.17001,266.96841,267.17001,67228
2026-02-02 19:44:00,267.17749,267.35001,267.14011,267.285,66820
2026-02-02 19:45:00,267.30991,267.39001,267.23001,267.32831,56201
2026-02-02 19:46:00,267.32999,267.53,267.32181,267.42001,134505
2026-02-02 19:47:00,267.42001,267.48001,267.35999,267.42499,68378
2026-02-02 19:48:00,267.41,267.57001,267.37,267.54001,71198
2026-02-02 19:49:00,267.52011,267.79999,267.51999,267.73999,95382
2026-02-02 19:50:00,267.745,267.81,267.62091,267.66501,51393
2026-02-02 19:51:00,267.67001,267.73499,267.45999,267.57001,125178
2026-02-02 19:52:00,267.59,267.755,267.57999,267.75,51851
2026-02-02 19:53:00,267.7207,267.88,267.7207,267.81009,50592
2026-02-02 19:54:00,267.8324,268.10999,267.8324,267.97009,140962
2026-02-02 19:55:00,268.0,268.16,267.92999,268.13,101469
2026-02-02 19:56:00,268.11499,268.13,267.97,268.09,59782
2026-02-02 19:57:00,268.08499,268.16,267.95001,268.07999,104850
2026-02-02 19:58:00,268.07001,268.28,268.04999,268.04999,95178
2026-02-02 19:59:00,268.03,268.19,267.92999,268.0,182404
2026-02-02 20:00:00,268.0,268.38,267.85089,268.23999,168094
2026-02-02 20:01:00,268.22009,268.27991,268.035,268.1041,61648
2026-02-02 20:02:00,268.12,268.85001,268.06009,268.8248,274580
2026-02-02 20:03:00,268.82001,268.94,268.67001,268.85999,216398
2026-02-02 20:04:00,268.86011,268.94,268.79001,268.85001,160043
2026-02-02 20:05:00,268.84241,269.20999,268.82999,269.17999,174960
2026-02-02 20:06:00,269.22,269.38501,269.19,269.37,140517
2026-02-02 20:07:00,269.35999,269.54999,269.35001,269.48001,173870
2026-02-02 20:08:00,269.5,269.56989,269.13,269.51501,260524
2026-02-02 20:09:00,269.53,269.53,269.0202,269.13,141449
2026-02-02 20:10:00,269.16,269.34,268.72,268.75449,152368
2026-02-02 20:11:00,268.75,268.9982,268.68011,268.78,122258
2026-02-02 20:12:00,268.79001,268.82999,268.45999,268.57001,121432
2026-02-02 20:13:00,268.55121,268.81,268.5401,268.67001,55308
2026-02-02 20:14:00,268.66,268.77899,268.53,268.54999,113289
2026-02-02 20:15:00,268.54999,268.62,268.42999,268.48999,90644
2026-02-02 20:16:00,268.48999,268.61499,268.47601,268.50989,51645
2026-02-02 20:17:00,268.5,268.54001,268.31,268.53311,67472
2026-02-02 20:18:00,268.53,268.63,268.37,268.41,68465
2026-02-02 20:19:00,268.41,268.58499,268.37,268.45859,53749
2026-02-02 20:20:00,268.4899,268.97,268.34,268.95999,110887
2026-02-02 20:21:00,268.94,268.97,268.73001,268.76001,120471
2026-02-02 20:22:00,268.77499,268.95901,268.75,268.84,62302
2026-02-02 20:23:00,268.815,268.87,268.73669,268.75,62523
2026-02-02 20:24:00,268.73999,268.98999,268.64999,268.98499,76405
2026-02-02 20:25:00,268.98999,268.98999,268.70001,268.87,72458
2026-02-02 20:26:00,268.85999,268.97,268.7601,268.94009,62559
2026-02-02 20:27:00,268.95499,269.14001,268.82999,269.09,151489
2026-02-02 20:28:00,269.09,269.39999,269.09,269.33521,120131
2026-02-02 20:29:00,269.32501,269.33701,268.97,268.98001,126495
2026-02-02 20:30:00,268.97501,268.97501,268.84,268.92999,139249
2026-02-02 20:31:00,268.935,269.07999,268.92001,268.95499,76824
2026-02-02 20:32:00,268.94501,269.04001,268.875,269.01001,75230
2026-02-02 20:33:00,269.01999,269.35001,269.0,269.3396,117562
2026-02-02 20:34:00,269.35001,269.42001,269.23999,269.25,89467
2026-02-02 20:35:00,269.25,269.34,269.17999,269.23499,117721
2026-02-02 20:36:00,269.23999,269.35001,269.06,269.19,87354
2026-02-02 20:37:00,269.20001,269.31,268.97,269.0,141792
2026-02-02 20:38:00,269.01709,269.42001,268.94501,269.41,121402
2026-02-02 20:39:00,269.42001,269.45001,269.23001,269.25,128176
2026-02-02 20:40:00,269.23999,269.54999,269.17999,269.51001,168196
2026-02-02 20:41:00,269.5,269.69,269.47501,269.565,129397
2026-02-02 20:42:00,269.565,269.70001,269.5,269.685,95222
2026-02-02 20:43:00,269.69,269.70999,269.44,269.595,97392
2026-02-02 20:44:00,269.62,269.63,269.31,269.45001,132359
2026-02-02 20:45:00,269.42001,269.845,269.39999,269.72,243066
2026-02-02 20:46:00,269.70001,269.95001,269.70001,269.9332,211647
2026-02-02 20:47:00,269.92999,269.95001,269.70999,269.78,216476
2026-02-02 20:48:00,269.79001,269.84,269.67499,269.79001,131968
2026-02-02 20:49:00,269.785,270.0,269.75,269.875,169906
2026-02-02 20:50:00,269.875,270.16,269.57001,270.04001,479885
2026-02-02 20:51:00,270.03,270.16,269.94,270.09,165492
2026-02-02 20:52:00,270.09,270.48999,270.07999,270.215,284351
2026-02-02 20:53:00,270.23001,270.38,269.78,270.10999,273446
2026-02-02 20:54:00,270.13,270.17999,269.75,270.0,234589
2026-02-02 20:55:00,269.98001,270.09,269.89001,270.04999,303701
2026-02-02 20:56:00,270.03,270.10999,269.92999,270.01999,298670
2026-02-02 20:57:00,270.01501,270.23001,270.0,270.159,322542
2026-02-02 20:58:00,270.155,270.19501,270.06,270.17001,262456
2026-02-02 20:59:00,270.17001,270.20001,269.875,269.95999,715816
2026-02-03 14:30:00,269.13,269.98001,269.07001,269.905,1767851
2026-02-03 14:31:00,269.905,270.32999,268.67999,268.73001,22162
2026-02-03 14:32:00,268.70999,270.09,268.51001,269.8186,233405
2026-02-03 14:33:00,269.84,270.22989,269.20999,269.20999,115714
2026-02-03 14:34:00,269.10001,269.62,268.89999,269.47,105590
2026-02-03 14:35:00,269.465,269.67999,268.82999,269.32001,158399
2026-02-03 14:36:00,269.38,269.64999,268.31589,268.37,144266
2026-02-03 14:37:00,268.35001,268.76001,268.1283,268.73999,135053
2026-02-03 14:38:00,268.68451,268.78,268.19,268.38809,105027
2026-02-03 14:39:00,268.44,269.0,268.35721,268.62,100498
2026-02-03 14:40:00,268.57999,269.06,268.45999,268.45999,109505
2026-02-03 14:41:00,268.505,268.54001,268.12009,268.47751,73830
2026-02-03 14:42:00,268.51001,268.95001,268.35999,268.465,121514
2026-02-03 14:43:00,268.42999,268.44501,267.69,268.0,164667
2026-02-03 14:44:00,267.94,268.29999,267.82999,268.20999,81460
2026-02-03 14:45:00,268.23001,268.63501,268.14001,268.565,77104
2026-02-03 14:46:00,268.57001,268.755,268.19,268.69,100881
2026-02-03 14:47:00,268.685,269.2699,268.67499,269.20001,129908
2026-02-03 14:48:00,269.22,269.79001,269.10001,269.76999,119050
2026-02-03 14:49:00,269.79001,269.85001,269.42999,269.76501,114255
2026-02-03 14:50:00,269.73999,270.0946,269.39011,269.98001,99883
2026-02-03 14:51:00,269.995,270.23001,269.82001,270.1684,170068
2026-02-03 14:52:00,270.1925,270.70001,269.95001,270.42001,182662
2026-02-03 14:53:00,270.45251,270.78,270.26001,270.78,135577
2026-02-03 14:54:00,270.745,270.97,270.60129,270.91821,173552
2026-02-03 14:55:00,270.95001,271.39001,270.95001,271.36401,241187
2026-02-03 14:56:00,271.38,271.57999,271.22,271.285,235499
2026-02-03 14:57:00,271.26001,271.41989,270.37,270.64999,207340
2026-02-03 14:58:00,270.63501,270.7399,270.32999,270.60001,167811
2026-02-03 14:59:00,270.56,270.63,270.26001,270.36069,146530
2026-02-03 15:00:00,270.38501,270.67001,269.76001,269.8999,193739
2026-02-03 15:01:00,269.89999,270.42499,269.70999,270.10999,134241
2026-02-03 15:02:00,270.11499,270.39999,269.965,269.98001,102214
2026-02-03 15:03:00,269.98999,270.10999,269.32999,269.82001,162668
2026-02-03 15:04:00,269.79999,269.95999,269.56009,269.69,136407
2026-02-03 15:05:00,269.64001,269.85001,269.25,269.28,123850
2026-02-03 15:06:00,269.29001,269.29999,269.04999,269.215,105231
2026-02-03 15:07:00,269.25,269.48001,269.04999,269.42001,72215
2026-02-03 15:08:00,269.41501,269.94,269.38501,269.7226,114718
2026-02-03 15:09:00,269.70999,269.72,269.45999,269.54971,84842
2026-02-03 15:10:00,269.51001,269.73001,269.25,269.29999,78676
2026-02-03 15:11:00,269.32501,269.60999,269.14001,269.26999,56630
2026-02-03 15:12:00,269.25,269.39001,268.94,269.18289,79339
2026-02-03 15:13:00,269.13,269.26999,268.76001,268.82001,85433
2026-02-03 15:14:00,268.82001,268.95001,268.70499,268.95001,73315
2026-02-03 15:15:00,268.95001,269.315,268.95001,269.23001,66457
2026-02-03 15:16:00,269.20499,269.39999,268.95499,268.95999,98013
2026-02-03 15:17:00,268.97,268.98001,268.42001,268.56931,93420
2026-02-03 15:18:00,268.54999,268.68829,268.38129,268.47,114131
2026-02-03 15:19:00,268.4501,268.85001,268.44,268.64001,158387
2026-02-03 15:20:00,268.67999,269.32001,268.62,269.19,102870
2026-02-03 15:21:00,269.23999,269.35999,268.89001,268.95291,113175
2026-02-03 15:22:00,268.95999,268.98999,268.66,268.84991,66688
2026-02-03 15:23:00,268.80981,268.97,268.52191,268.73001,60435
2026-02-03 15:24:00,268.73001,268.8064,268.45001,268.64999,68118
2026-02-03 15:25:00,268.64001,269.17001,268.6001,269.14499,315761
2026-02-03 15:26:00,269.14499,269.51001,269.09,269.345,123579
2026-02-03 15:27:00,269.33499,269.66,269.29999,269.58011,131989
2026-02-03 15:28:00,269.64999,269.98001,269.60001,269.98001,82578
2026-02-03 15:29:00,270.0,270.01001,269.79999,269.88501,156584
2026-02-03 15:30:00,269.85001,269.96552,269.47501,269.63,132589
2026-02-03 15:31:00,269.64001,269.82999,269.54999,269.56009,59723
2026-02-03 15:32:00,269.59,269.70999,269.44,269.60001,79340
2026-02-03 15:33:00,269.595,269.59979,268.87,268.91989,96478
2026-02-03 15:34:00,268.87,268.93991,268.35999,268.39001,99174
2026-02-03 15:35:00,268.375,268.60999,268.13,268.20001,70479
2026-02-03 15:36:00,268.23999,268.34,268.07001,268.07999,105296
2026-02-03 15:37:00,268.095,268.23999,267.94,268.10999,70857
2026-02-03 15:38:00,268.13,268.45001,268.125,268.215,57106
2026-02-03 15:39:00,268.20001,268.21909,268.04999,268.14001,57051
2026-02-03 15:40:00,268.10999,268.21991,267.83499,267.8999,86455
2026-02-03 15:41:00,267.85999,267.94,267.66,267.67999,86503
2026-02-03 15:42:00,267.70999,268.1199,267.60999,268.07999,57203
2026-02-03 15:43:00,268.07999,268.26999,268.06,268.23999,66510
2026-02-03 15:44:00,268.25,268.51999,268.23499,268.42001,101638
2026-02-03 15:45:00,268.41,268.60699,268.29001,268.5282,62885
2026-02-03 15:46:00,268.5275,268.84549,268.5275,268.76999,80601
2026-02-03 15:47:00,268.81,269.0499,268.76999,268.935,88320
2026-02-03 15:48:00,268.92001,269.10999,268.92001,269.09,80413
2026-02-03 15:49:00,269.10501,269.13,268.80499,268.82001,68615
2026-02-03 15:50:00,268.84009,268.98001,268.73999,268.92001,55377
2026-02-03 15:51:00,268.92999,269.07999,268.82001,268.97,109059
2026-02-03 15:52:00,268.92001,269.0,268.70001,268.70999,97354
2026-02-03 15:53:00,268.73999,269.04001,268.67999,268.88,54316
2026-02-03 15:54:00,268.88,269.35001,268.87,269.32999,109100
2026-02-03 15:55:00,269.32001,269.85001,269.31,269.79999,149598
2026-02-03 15:56:00,269.82501,270.20001,269.67999,270.13,155526
2026-02-03 15:57:00,270.12,270.255,269.98999,270.255,95110
2026-02-03 15:58:00,270.26001,270.53,270.23889,270.53,114231
2026-02-03 15:59:00,270.53,271.14001,270.53,271.07001,208166
2026-02-03 16:00:00,271.07999,271.23001,270.88889,270.92001,171892
2026-02-03 16:01:00,270.91,271.285,270.89001,271.13,132619
2026-02-03 16:02:00,271.13,271.16501,270.8913,270.97,98982
2026-02-03 16:03:00,270.95999,271.0,270.78,270.85001,97105
2026-02-03 16:04:00,270.85001,271.14001,270.45001,270.48001,153346
2026-02-03 16:05:00,270.48999,270.97,270.45001,270.92001,74964
2026-02-03 16:06:00,270.89001,270.89999,270.41,270.53,69541
2026-02-03 16:07:00,270.52499,270.67001,270.27991,270.4176,67558
2026-02-03 16:08:00,270.39999,270.85989,270.36011,270.69,57545
2026-02-03 16:09:00,270.62,270.67001,270.07999,270.10501,61844
2026-02-03 16:10:00,270.10999,270.26999,269.97,270.20999,59399
2026-02-03 16:11:00,270.20511,270.64001,270.20511,270.57501,109054
2026-02-03 16:12:00,270.59,270.63,270.48999,270.53009,67678
2026-02-03 16:13:00,270.57999,270.63519,270.3512,270.45999,74767
2026-02-03 16:14:00,270.47501,270.62,270.0701,270.08499,122762
2026-02-03 16:15:00,270.08499,270.32001,269.98001,270.255,73461
2026-02-03 16:16:00,270.23001,270.51001,270.20001,270.42499,33240
2026-02-03 16:17:00,270.41,270.48001,269.84,269.98999,221853
2026-02-03 16:18:00,270.01001,270.03,269.79001,269.82001,173700
2026-02-03 16:19:00,269.84,270.41,269.84,270.39001,103425
2026-02-03 16:20:00,270.345,270.59,269.94501,270.02701,97629
2026-02-03 16:21:00,270.01001,270.03,269.84009,269.91501,34501
2026-02-03 16:22:00,269.92999,270.07001,269.59,269.59,52176
2026-02-03 16:23:00,269.51999,269.60001,269.2525,269.39011,72277
2026-02-03 16:24:00,269.39999,269.48001,269.26501,269.43399,54389
2026-02-03 16:25:00,269.47,269.48001,269.0,269.23999,102302
2026-02-03 16:26:00,269.26001,269.35999,269.01001,269.03,41532
2026-02-03 16:27:00,269.01001,269.20001,268.97,269.19,40867
2026-02-03 16:28:00,269.20001,269.20001,268.94339,268.98001,24597
2026-02-03 16:29:00,268.95999,269.01501,268.79001,268.89499,34951
2026-02-03 16:30:00,268.89999,269.01999,268.84,268.89001,74614
2026-02-03 16:31:00,268.905,269.04999,268.56009,268.70001,47387
2026-02-03 16:32:00,268.685,268.7699,268.60001,268.7699,43699
2026-02-03 16:33:00,268.7782,269.0,268.54999,268.98999,43675
2026-02-03 16:34:00,269.01001,269.60999,269.0,269.54999,82549
2026-02-03 16:35:00,269.565,269.94,269.51001,269.76001,87175
2026-02-03 16:36:00,269.75961,269.79999,269.63,269.685,82425
2026-02-03 16:37:00,269.685,269.75,269.45151,269.73999,62129
2026-02-03 16:38:00,269.72751,269.92001,269.64999,269.90009,110023
2026-02-03 16:39:00,269.87,270.25,269.84009,270.22501,107665
2026-02-03 16:40:00,270.20999,270.5,270.17001,270.45499,139725
2026-02-03 16:41:00,270.44501,270.47,270.03,270.29999,387551
2026-02-03 16:42:00,270.29999,270.32001,269.81201,269.91879,86673
2026-02-03 16:43:00,269.92499,269.9899,269.78,269.89999,51623
2026-02-03 16:44:00,269.89999,269.89999,269.72009,269.73499,84864
2026-02-03 16:45:00,269.76001,269.88989,269.66,269.85001,39441
2026-02-03 16:46:00,269.81,269.95001,269.595,269.655,50519
2026-02-03 16:47:00,269.64999,269.98001,269.60999,269.95999,43672
2026-02-03 16:48:00,269.95999,269.97,269.64001,269.64001,63536
2026-02-03 16:49:00,269.64499,269.89001,269.60999,269.64999,35704
2026-02-03 16:50:00,269.62,269.63,269.19501,269.20999,51069
2026-02-03 16:51:00,269.20999,269.30499,269.07999,269.14499,46108
2026-02-03 16:52:00,269.14999,269.37991,269.13,269.35001,51297
2026-02-03 16:53:00,269.38,269.52991,269.19,269.27841,48019
2026-02-03 16:54:00,269.26001,269.32999,268.87,268.87,67974
2026-02-03 16:55:00,268.8501,269.0,268.82001,268.86499,48713
2026-02-03 16:56:00,268.85999,268.98999,268.79999,268.97,29396
2026-02-03 16:57:00,268.98499,269.0,268.84509,268.96011,29796
2026-02-03 16:58:00,268.97009,268.97961,268.7803,268.87,31088
2026-02-03 16:59:00,268.89999,269.0,268.84,268.95999,33158
2026-02-03 17:00:00,268.94,269.04999,268.85001,268.94,56309
2026-02-03 17:01:00,268.97,269.01999,268.95999,268.98499,48546
2026-02-03 17:02:00,268.98999,269.0,268.95999,268.97,31624
2026-02-03 17:03:00,268.95999,269.23499,268.93201,269.10501,68437
2026-02-03 17:04:00,269.1001,269.34891,269.04999,269.28,79314
2026-02-03 17:05:00,269.2403,269.28549,269.07999,269.17001,29074
2026-02-03 17:06:00,269.17551,269.57999,269.16501,269.57999,37267
2026-02-03 17:07:00,269.60501,269.78,269.0,269.26999,165504
2026-02-03 17:08:00,269.2782,269.57999,269.14999,269.57999,52084
2026-02-03 17:09:00,269.60999,269.60999,269.31,269.58331,59373
2026-02-03 17:10:00,269.57999,269.72501,269.46011,269.72501,42763
2026-02-03 17:11:00,269.73999,269.73999,269.42001,269.48499,81049
2026-02-03 17:12:00,269.5,269.5,268.64001,268.67999,98638
2026-02-03 17:13:00,268.70349,268.97,268.66,268.92999,65928
2026-02-03 17:14:00,268.98999,269.02499,268.78,268.92001,66188
2026-02-03 17:15:00,268.84,269.0,268.78,268.89001,45379
2026-02-03 17:16:00,268.87,269.20999,268.84,268.98001,65202
2026-02-03 17:17:00,268.98999,269.25,268.96011,269.14499,44966
2026-02-03 17:18:00,269.14001,269.34,269.11011,269.31,42603
2026-02-03 17:19:00,269.29001,269.29001,268.67001,268.69,97770
2026-02-03 17:20:00,268.64999,268.64999,268.31,268.32001,69438
2026-02-03 17:21:00,268.31,268.69,268.29001,268.60001,66945
2026-02-03 17:22:00,268.57001,268.64999,268.375,268.54501,61218
2026-02-03 17:23:00,268.53,268.82001,268.53,268.67999,44891
2026-02-03 17:24:00,268.70999,268.79999,268.67001,268.69,27628
2026-02-03 17:25:00,268.72,268.95001,268.69,268.905,53123
2026-02-03 17:26:00,268.89999,268.91,268.77499,268.81,49702
2026-02-03 17:27:00,268.81,268.91,268.67001,268.755,56690
2026-02-03 17:28:00,268.7803,268.84,268.70001,268.815,30150
2026-02-03 17:29:00,268.81,269.04001,268.80499,268.89999,77958
2026-02-03 17:30:00,268.89001,268.98999,268.82999,268.94,79015
2026-02-03 17:31:00,268.95999,269.38,268.94,269.25,68215
2026-02-03 17:32:00,269.285,269.31,268.755,268.82001,109191
2026-02-03 17:33:00,268.79999,268.91,268.78,268.88501,47561
2026-02-03 17:34:00,268.87,268.92999,268.79999,268.85501,51182
2026-02-03 17:35:00,268.87,269.14999,268.79999,269.12,60784
2026-02-03 17:36:00,269.06891,269.29999,268.82349,268.91,88808
2026-02-03 17:37:00,268.91,269.0,268.87,268.95999,53499
2026-02-03 17:38:00,268.97,269.38,268.79999,269.17001,177961
2026-02-03 17:39:00,269.17459,269.45499,269.07001,269.41641,90782
2026-02-03 17:40:00,269.43469,269.43469,269.14001,269.1937,72225
2026-02-03 17:41:00,269.22,269.25,268.98001,269.10999,80528
2026-02-03 17:42:00,269.13,269.5,269.13,269.30249,43617
2026-02-03 17:43:00,269.32999,269.39029,269.01001,269.07999,71841
2026-02-03 17:44:00,269.10999,269.54501,269.10001,269.44,81597
2026-02-03 17:45:00,269.38501,269.53,269.01001,269.5,122657
2026-02-03 17:46:00,269.45001,269.51001,269.22,269.332,60244
2026-02-03 17:47:00,269.35001,269.5,269.23999,269.26001,75193
2026-02-03 17:48:00,269.32001,269.5,269.26999,269.435,51893
2026-02-03 17:49:00,269.45499,269.51001,269.23001,269.39999,42467
2026-02-03 17:50:00,269.39999,269.75,269.37,269.69699,59575
2026-02-03 17:51:00,269.7699,270.0,269.76001,269.84,59528
2026-02-03 17:52:00,269.86829,269.922,269.60999,269.67001,43188
2026-02-03 17:53:00,269.67999,269.685,269.45291,269.45291,77298
2026-02-03 17:54:00,269.53201,269.625,269.48001,269.60999,34634
2026-02-03 17:55:00,269.62,269.85999,269.62,269.62,39137
2026-02-03 17:56:00,269.625,269.89001,269.54001,269.89001,55521
2026-02-03 17:57:00,269.89001,269.89001,269.67001,269.67001,46938
2026-02-03 17:58:00,269.67001,269.79999,269.64999,269.73001,26287
2026-02-03 17:59:00,269.72,269.79001,269.58499,269.63,47976
2026-02-03 18:00:00,269.67999,269.95999,269.67999,269.94,60650
2026-02-03 18:01:00,269.92999,270.095,269.84,269.85501,79329
2026-02-03 18:02:00,269.85501,269.95499,269.84,269.935,47405
2026-02-03 18:03:00,269.935,270.0,269.86499,269.95511,27099
2026-02-03 18:04:00,269.95499,270.0,269.87,269.92999,44451
2026-02-03 18:05:00,269.965,270.01999,269.63,269.79999,65214
2026-02-03 18:06:00,269.78,269.97,269.76999,269.92999,32397
2026-02-03 18:07:00,269.94501,270.37,269.94,270.29999,66381
2026-02-03 18:08:00,270.30499,270.35999,270.16,270.32001,90583
2026-02-03 18:09:00,270.33499,270.34,269.88049,269.92999,38240
2026-02-03 18:10:00,269.92001,269.9313,269.76999,269.81,24562
2026-02-03 18:11:00,269.78,269.98001,269.78,269.905,29797
2026-02-03 18:12:00,269.88501,269.95999,269.70029,269.73999,32832
2026-02-03 18:13:00,269.69501,269.755,269.54001,269.54501,56611
2026-02-03 18:14:00,269.54999,269.60999,269.32001,269.38501,59528
2026-02-03 18:15:00,269.35001,269.51999,269.35001,269.41919,60166
2026-02-03 18:16:00,269.42001,269.51999,269.34,269.465,33044
2026-02-03 18:17:00,269.5,269.60101,269.42999,269.58499,46192
2026-02-03 18:18:00,269.60501,269.89969,269.58499,269.86099,45537
2026-02-03 18:19:00,269.8898,269.92001,269.75,269.85001,66278
2026-02-03 18:20:00,269.84,269.875,269.62,269.64999,101561
2026-02-03 18:21:00,269.64999,269.95999,269.64001,269.94,43082
2026-02-03 18:22:00,269.92001,269.98001,269.76001,269.785,40900
2026-02-03 18:23:00,269.76999,269.81,269.60001,269.685,42807
2026-02-03 18:24:00,269.66,269.71991,269.51001,269.64499,39263
2026-02-03 18:25:00,269.64001,269.67999,269.43011,269.44,28661
2026-02-03 18:26:00,269.44501,269.57001,269.30499,269.30499,37059
2026-02-03 18:27:00,269.28009,269.35999,269.04001,269.13,53526
2026-02-03 18:28:00,269.13,269.20999,268.94,269.17001,87308
2026-02-03 18:29:00,269.17981,269.38,269.09,269.34,92247
2026-02-03 18:30:00,269.33499,269.47,269.16,269.17999,75451
2026-02-03 18:31:00,269.17001,269.32001,269.125,269.32001,42180
2026-02-03 18:32:00,269.315,269.59,269.29999,269.41,57413
2026-02-03 18:33:00,269.405,269.42999,269.20999,269.37,46384
2026-02-03 18:34:00,269.36499,269.5,269.12,269.19,68485
2026-02-03 18:35:00,269.19501,269.26001,269.10999,269.23251,30579
2026-02-03 18:36:00,269.26999,269.26999,268.88,268.89001,35337
2026-02-03 18:37:00,268.88,269.14999,268.85001,269.01501,54324
2026-02-03 18:38:00,269.04001,269.29999,269.0,269.242,40089
2026-02-03 18:39:00,269.22,269.64999,269.12,269.64999,105073
2026-02-03 18:40:00,269.63501,269.69,269.33499,269.33499,67894
2026-02-03 18:41:00,269.34,269.59,269.32999,269.57001,33369
2026-02-03 18:42:00,269.58499,269.60999,269.25,269.315,101052
2026-02-03 18:43:00,269.32999,269.51999,269.32001,269.5,56807
2026-02-03 18:44:00,269.51999,269.57001,269.25,269.52499,89135
2026-02-03 18:45:00,269.52499,269.62,269.37,269.54501,61328
2026-02-03 18:46:00,269.56,269.66,269.55121,269.64001,34809
2026-02-03 18:47:00,269.64999,269.91,269.64999,269.87,27212
2026-02-03 18:48:00,269.88501,269.92999,269.76001,269.91,36348
2026-02-03 18:49:00,269.92999,270.2699,269.91,270.23001,101753
2026-02-03 18:50:00,270.2269,270.32999,270.14001,270.20001,53613
2026-02-03 18:51:00,270.20999,270.22,269.95001,270.02499,69476
2026-02-03 18:52:00,270.02011,270.14999,270.01001,270.12,34575
2026-02-03 18:53:00,270.14001,270.3446,270.12,270.27499,72403
2026-02-03 18:54:00,270.27499,270.34,270.22,270.32999,76819
2026-02-03 18:55:00,270.32999,270.54001,270.30991,270.535,74399
2026-02-03 18:56:00,270.54999,270.57001,270.28,270.30499,11203331
2026-02-03 18:57:00,270.30499,270.30499,270.03,270.12,9152
2026-02-03 18:58:00,270.12,270.315,270.12,270.29001,33147
2026-02-03 18:59:00,270.29999,270.32999,270.14999,270.25,85424
2026-02-03 19:00:00,270.25,270.44,270.16,270.44,77080
2026-02-03 19:01:00,270.43109,270.48999,270.285,270.48999,68737
2026-02-03 19:02:00,270.45001,270.47989,270.17999,270.17999,62795
2026-02-03 19:03:00,270.20001,270.24991,270.05499,270.16501,68252
2026-02-03 19:04:00,270.17999,270.28,270.14001,270.22672,52263
2026-02-03 19:05:00,270.20129,270.28,270.02029,270.23999,51362
2026-02-03 19:06:00,270.23001,270.29001,270.10501,270.23001,48305
2026-02-03 19:07:00,270.23999,270.28,270.07001,270.13501,89448
2026-02-03 19:08:00,270.13501,270.14001,269.92999,269.95999,61061
2026-02-03 19:09:00,269.97,270.17999,269.92001,270.09,79415
2026-02-03 19:10:00,270.07001,270.38,270.01999,270.23001,132004
2026-02-03 19:11:00,270.25,270.60999,270.20001,270.58929,66978
2026-02-03 19:12:00,270.60001,270.94,270.51001,270.94,159091
2026-02-03 19:13:00,270.91919,270.95001,270.68219,270.79999,141439
2026-02-03 19:14:00,270.82501,270.98001,270.5,270.84,150629
2026-02-03 19:15:00,270.82001,270.89001,270.64001,270.70651,51888
2026-02-03 19:16:00,270.69,270.82999,270.60999,270.755,51819
2026-02-03 19:17:00,270.73999,270.89999,270.72501,270.845,68432
2026-02-03 19:18:00,270.85501,271.13,270.82999,271.1207,139912
2026-02-03 19:19:00,271.12,271.3699,271.12,271.315,113141
2026-02-03 19:20:00,271.315,271.48911,271.28,271.29999,89824
2026-02-03 19:21:00,271.31,271.76999,271.29691,271.73999,104668
2026-02-03 19:22:00,271.75,271.79999,271.64001,271.66501,114790
2026-02-03 19:23:00,271.64001,271.875,271.60999,271.76001,160811
2026-02-03 19:24:00,271.73499,271.79999,271.26999,271.35999,72429
2026-02-03 19:25:00,271.35999,271.59,271.215,271.26379,71284
2026-02-03 19:26:00,271.27499,271.51001,271.26001,271.48999,117883
2026-02-03 19:27:00,271.51001,271.51001,271.35501,271.42999,63232
2026-02-03 19:28:00,271.41501,271.41501,271.22501,271.27499,40825
2026-02-03 19:29:00,271.29001,271.48001,271.26001,271.48001,76889
2026-02-03 19:30:00,271.47,271.62,271.38,271.51999,64692
2026-02-03 19:31:00,271.5293,271.57001,271.37009,271.5,49258
2026-02-03 19:32:00,271.505,271.69,271.505,271.60501,44041
2026-02-03 19:33:00,271.60999,271.70001,271.48999,271.505,38546
2026-02-03 19:34:00,271.51001,271.51001,271.25,271.29001,44853
2026-02-03 19:35:00,271.26999,271.48801,271.17001,271.41,56355
2026-02-03 19:36:00,271.41,271.48001,271.215,271.26501,41781
2026-02-03 19:37:00,271.27509,271.29001,271.06,271.185,44058
2026-02-03 19:38:00,271.215,271.25,270.89001,270.91,48251
2026-02-03 19:39:00,270.92999,270.97989,270.82001,270.9599,63591
2026-02-03 19:40:00,270.92001,271.17001,270.89001,270.95001,51252
2026-02-03 19:41:00,270.98001,271.01001,270.85999,270.935,82354
2026-02-03 19:42:00,270.92499,271.10001,270.87,270.98001,45040
2026-02-03 19:43:00,270.98999,270.98999,270.66501,270.79001,61736
2026-02-03 19:44:00,270.76999,270.97,270.70001,270.95001,46432
2026-02-03 19:45:00,270.95999,271.04001,270.57001,270.59,54338
2026-02-03 19:46:00,270.62,270.76999,270.5701,270.72,56297
2026-02-03 19:47:00,270.715,270.87,270.67999,270.7699,58240
2026-02-03 19:48:00,270.76999,270.92001,270.76001,270.92001,38628
2026-02-03 19:49:00,270.95999,271.01001,270.76999,270.84,66456
2026-02-03 19:50:00,270.84991,271.16,270.81,270.98999,70392
2026-02-03 19:51:00,270.97501,270.97501,270.51999,270.84,99123
2026-02-03 19:52:00,270.85001,270.95001,270.57001,270.72501,78608
2026-02-03 19:53:00,270.72501,271.12,270.64001,270.82001,102790
2026-02-03 19:54:00,270.85999,270.87,270.40009,270.565,32584
2026-02-03 19:55:00,270.56989,270.6799,270.48999,270.67001,31204
2026-02-03 19:56:00,270.655,270.74631,270.51999,270.59,40421
2026-02-03 19:57:00,270.54999,270.54999,270.30499,270.32999,38721
2026-02-03 19:58:00,270.29001,270.39001,270.14999,270.20999,67412
2026-02-03 19:59:00,270.19501,270.19501,269.95001,270.0,66051
2026-02-03 20:00:00,269.97,270.23999,269.84,269.87,51547
2026-02-03 20:01:00,269.89001,270.0,269.63,269.67001,70865
2026-02-03 20:02:00,269.67001,269.75,269.55011,269.57999,68353
2026-02-03 20:03:00,269.59,269.625,269.41,269.62,44425
2026-02-03 20:04:00,269.61499,269.685,269.28,269.31021,46457
2026-02-03 20:05:00,269.26999,269.37,269.09,269.10999,90148
2026-02-03 20:06:00,269.10001,269.41989,268.92999,269.10001,101207
2026-02-03 20:07:00,269.13,269.16,268.73999,268.76001,56543
2026-02-03 20:08:00,268.76999,268.93991,268.67001,268.80499,104080
2026-02-03 20:09:00,268.806,268.98001,268.70001,268.94519,111774
2026-02-03 20:10:00,268.92001,269.20001,268.85999,269.19,63329
2026-02-03 20:11:00,269.22,269.38989,269.07001,269.09009,60645
2026-02-03 20:12:00,269.09,269.25,269.01001,269.04501,54229
2026-02-03 20:13:00,269.07001,269.47,269.07001,269.45499,42166
2026-02-03 20:14:00,269.465,269.87,269.42999,269.82999,85868
2026-02-03 20:15:00,269.84,269.84,269.57001,269.60001,67380
2026-02-03 20:16:00,269.57501,269.76999,269.48001,269.57999,58986
2026-02-03 20:17:00,269.57501,269.70999,269.48999,269.67001,54168
2026-02-03 20:18:00,269.64499,269.66,269.10999,269.17999,58790
2026-02-03 20:19:00,269.20001,269.44,268.95001,268.95001,41570
2026-02-03 20:20:00,268.95001,269.08499,268.81,269.04568,40645
2026-02-03 20:21:00,269.03,269.14999,268.95999,269.11499,29589
2026-02-03 20:22:00,269.13,269.13,269.01001,269.06,38229
2026-02-03 20:23:00,269.04001,269.48999,268.89001,269.245,61348
2026-02-03 20:24:00,269.22501,269.23999,269.03,269.20001,43647
2026-02-03 20:25:00,269.2099,269.39499,269.20001,269.35001,44805
2026-02-03 20:26:00,269.35501,269.42001,269.31,269.37009,33756
2026-02-03 20:27:00,269.38501,269.60001,269.37,269.60001,41202
2026-02-03 20:28:00,269.60001,269.6041,269.30011,269.30011,59167
2026-02-03 20:29:00,269.33011,269.33499,269.14999,269.20999,40347
2026-02-03 20:30:00,269.215,269.42999,269.215,269.375,60747
2026-02-03 20:31:00,269.39001,269.39999,269.23999,269.31,67541
2026-02-03 20:32:00,269.35999,269.45001,269.245,269.37,92246
2026-02-03 20:33:00,269.35501,269.60001,269.353,269.55499,64730
2026-02-03 20:34:00,269.55042,269.84,269.54001,269.83499,68946
2026-02-03 20:35:00,269.83499,270.04999,269.83499,269.8999,72742
2026-02-03 20:36:00,269.87,269.94,269.69,269.94,75721
2026-02-03 20:37:00,269.97,269.97,269.67999,269.67999,77933
2026-02-03 20:38:00,269.67999,269.84879,269.57999,269.82999,89496
2026-02-03 20:39:00,269.82999,269.85999,269.53,269.60001,65606
2026-02-03 20:40:00,269.60001,269.78699,269.57999,269.67999,129335
2026-02-03 20:41:00,269.64999,269.73001,269.56,269.64001,47704
2026-02-03 20:42:00,269.63,269.64001,269.45999,269.5,44847
2026-02-03 20:43:00,269.52011,269.52011,269.29999,269.37,52992
2026-02-03 20:44:00,269.38,269.54999,269.37,269.41,48329
2026-02-03 20:45:00,269.42001,269.51001,269.29999,269.495,58646
2026-02-03 20:46:00,269.51001,269.55991,269.3801,269.505,48337
2026-02-03 20:47:00,269.51999,269.69,269.39001,269.48001,64656
2026-02-03 20:48:00,269.47,269.54001,269.19501,269.25,52602
2026-02-03 20:49:00,269.26999,269.465,269.14001,269.42001,49602
2026-02-03 20:50:00,269.48999,270.0,269.48999,269.7851,160522
2026-02-03 20:51:00,269.76999,269.82001,269.42001,269.62,74654
2026-02-03 20:52:00,269.60999,269.60999,269.3201,269.57999,76292
2026-02-03 20:53:00,269.57999,269.61499,269.125,269.125,90638
2026-02-03 20:54:00,269.14001,269.20999,268.84,269.07999,117048
2026-02-03 20:55:00,269.07999,269.45999,268.92001,269.42001,115268
2026-02-03 20:56:00,269.42999,269.51999,269.32999,269.48001,112550
2026-02-03 20:57:00,269.48001,269.76501,269.37,269.44,147732
2026-02-03 20:58:00,269.43909,269.66,269.39001,269.64999,213993
2026-02-03 20:59:00,269.66,269.73001,269.42001,269.45999,606630
2026-02-04 14:30:00,272.31,274.12,272.285,274.11499,1355524
2026-02-04 14:31:00,274.14999,274.17999,272.94,273.35501,186857
2026-02-04 14:32:00,273.35001,273.45999,272.51001,273.155,158876
2026-02-04 14:33:00,273.19,273.98999,272.95001,273.87,483715
2026-02-04 14:34:00,273.83499,274.82999,273.73999,274.61499,501168
2026-02-04 14:35:00,274.63,275.59,274.54001,275.10001,615920
2026-02-04 14:36:00,275.12,275.56,275.0,275.42999,242023
2026-02-04 14:37:00,275.42001,276.12,275.42001,275.88,285031
2026-02-04 14:38:00,275.89001,276.18991,275.70001,275.97,229890
2026-02-04 14:39:00,275.97,276.09,275.41,275.57501,228963
2026-02-04 14:40:00,275.57999,275.79999,275.07001,275.45999,154325
2026-02-04 14:41:00,275.42999,275.79999,275.065,275.6398,163658
2026-02-04 14:42:00,275.64999,276.35599,275.53119,276.28,211889
2026-02-04 14:43:00,276.29001,277.04001,276.28,276.85001,404772
2026-02-04 14:44:00,276.89511,277.05991,276.57999,276.57999,182166
2026-02-04 14:45:00,276.595,277.14999,276.56,277.01001,260314
2026-02-04 14:46:00,277.01001,277.47,276.79999,277.02499,304895
2026-02-04 14:47:00,277.01999,277.20999,276.84119,276.84119,151828
2026-02-04 14:48:00,276.85501,277.67841,276.82001,277.59,261778
2026-02-04 14:49:00,277.58499,277.70001,277.04001,277.64001,288083
2026-02-04 14:50:00,277.64001,277.76999,277.2605,277.63,448332
2026-02-04 14:51:00,277.63,277.91,277.5,277.62,495680
2026-02-04 14:52:00,277.60999,277.965,277.53,277.92999,378507
2026-02-04 14:53:00,277.94,278.10001,277.01001,277.07501,397002
2026-02-04 14:54:00,277.06,278.125,276.965,278.07999,259249
2026-02-04 14:55:00,278.10999,278.66,278.07001,278.57501,316552
2026-02-04 14:56:00,278.54999,278.81,277.97,278.2901,254956
2026-02-04 14:57:00,278.30499,278.30499,277.73999,278.23999,205385
2026-02-04 14:58:00,278.23001,278.26999,277.32999,277.57999,290780
2026-02-04 14:59:00,277.59,277.89999,277.42001,277.47,193246
2026-02-04 15:00:00,277.48001,277.59,276.39001,276.43011,288004
2026-02-04 15:01:00,276.47501,276.60001,275.70181,276.01501,224337
2026-02-04 15:02:00,276.01001,276.14001,275.73999,276.12991,165541
2026-02-04 15:03:00,276.10999,276.54001,276.0,276.51999,257194
2026-02-04 15:04:00,276.56,276.57269,276.07001,276.28,134809
2026-02-04 15:05:00,276.29001,276.95999,276.12,276.47,190363
2026-02-04 15:06:00,276.49011,276.53,276.04999,276.10999,192539
2026-02-04 15:07:00,276.125,276.655,276.07001,276.38501,154137
2026-02-04 15:08:00,276.3793,276.69,276.10001,276.6694,107522
2026-02-04 15:09:00,276.67001,277.17999,276.55499,276.66,144556
2026-02-04 15:10:00,276.67001,276.70001,275.375,275.42001,207289
2026-02-04 15:11:00,275.45001,275.88,275.35001,275.84851,191321
2026-02-04 15:12:00,275.91,276.10001,275.23001,275.29001,107943
2026-02-04 15:13:00,275.29501,275.57999,275.14001,275.33719,91968
2026-02-04 15:14:00,275.31,275.34,274.81,274.89999,170081
2026-02-04 15:15:00,274.89999,275.26001,274.85001,275.17999,134899
2026-02-04 15:16:00,275.17401,275.255,274.98001,275.20999,72065
2026-02-04 15:17:00,275.20001,275.20871,274.55011,275.20001,145811
2026-02-04 15:18:00,275.215,275.70999,275.14001,275.6644,216537
2026-02-04 15:19:00,275.67001,275.76001,275.5,275.67001,152673
2026-02-04 15:20:00,275.66,275.92001,275.64999,275.72,116589
2026-02-04 15:21:00,275.70999,275.87,275.62009,275.73499,106752
2026-02-04 15:22:00,275.73999,275.73999,275.32999,275.375,155901
2026-02-04 15:23:00,275.37,275.88,275.32001,275.64999,115166
2026-02-04 15:24:00,275.64999,275.76001,275.51001,275.73999,57325
2026-02-04 15:25:00,275.73999,275.815,275.53,275.56631,70920
2026-02-04 15:26:00,275.57999,275.85999,275.57001,275.71011,72855
2026-02-04 15:27:00,275.67999,275.88501,275.5,275.53009,85982
2026-02-04 15:28:00,275.54999,275.63,275.29001,275.55499,205378
2026-02-04 15:29:00,275.56,276.27991,275.51001,276.10001,115348
2026-02-04 15:30:00,276.125,276.28,275.59,275.64999,109579
2026-02-04 15:31:00,275.70999,276.17001,275.66,276.03,89500
2026-02-04 15:32:00,275.98001,276.48001,275.76001,276.19312,125986
2026-02-04 15:33:00,276.185,276.45001,275.91,276.14999,141705
2026-02-04 15:34:00,276.12,276.26501,275.88,276.23999,69547
2026-02-04 15:35:00,276.23999,276.34,276.03,276.07501,124439
2026-02-04 15:36:00,276.0571,276.44,275.82001,276.38,156473
2026-02-04 15:37:00,276.405,276.405,276.0,276.0795,107067
2026-02-04 15:38:00,276.03,276.56,275.79001,276.39999,177596
2026-02-04 15:39:00,276.35501,276.53,275.67001,275.72,83167
2026-02-04 15:40:00,275.66,275.78879,275.39999,275.5,137999
2026-02-04 15:41:00,275.5499,275.62,275.29999,275.465,155104
2026-02-04 15:42:00,275.48999,275.76999,275.38,275.60001,108102
2026-02-04 15:43:00,275.58499,275.64001,275.45999,275.60001,76455
2026-02-04 15:44:00,275.64999,276.13,275.6098,275.82001,71660
2026-02-04 15:45:00,275.79501,276.04999,275.69009,275.91,59696
2026-02-04 15:46:00,275.82001,276.29001,275.57999,276.2001,94830
2026-02-04 15:47:00,276.17499,276.54999,276.14001,276.14001,74314
2026-02-04 15:48:00,276.14499,276.62,276.14499,276.53,107366
2026-02-04 15:49:00,276.54999,276.60001,276.39999,276.42001,90886
2026-02-04 15:50:00,276.39999,276.48001,276.0,276.05249,123204
2026-02-04 15:51:00,276.04501,276.5,276.04501,276.39999,100525
2026-02-04 15:52:00,276.36121,276.66,276.35001,276.54999,66283
2026-02-04 15:53:00,276.54999,276.82001,276.53729,276.58499,94226
2026-02-04 15:54:00,276.60999,277.0,276.48001,276.98001,138928
2026-02-04 15:55:00,276.98001,277.39001,276.95999,277.23001,155074
2026-02-04 15:56:00,277.23001,277.26501,276.51001,276.535,161675
2026-02-04 15:57:00,276.54999,277.12,276.5,276.94,118116
2026-02-04 15:58:00,276.92499,277.32001,276.89999,277.32001,124672
2026-02-04 15:59:00,277.29999,277.37,277.0101,277.10999,67797
2026-02-04 16:00:00,277.095,277.30969,276.98999,277.14999,63819
2026-02-04 16:01:00,277.13,277.2594,277.0,277.07999,66743
2026-02-04 16:02:00,277.01999,277.04001,276.62,276.70999,87927
2026-02-04 16:03:00,276.70999,276.76001,276.45999,276.48999,83102
2026-02-04 16:04:00,276.48001,276.51001,276.23001,276.33011,123040
2026-02-04 16:05:00,276.34,276.35001,275.95999,276.10001,149780
2026-02-04 16:06:00,276.08499,276.45001,276.08499,276.435,90650
2026-02-04 16:07:00,276.435,276.51999,276.271,276.435,80288
2026-02-04 16:08:00,276.42001,276.45001,276.19501,276.20001,71141
2026-02-04 16:09:00,276.20001,276.23001,276.01001,276.09,72522
2026-02-04 16:10:00,276.04999,276.345,276.0,276.32999,115228
2026-02-04 16:11:00,276.29999,276.47,276.26001,276.32999,92688
2026-02-04 16:12:00,276.32159,276.79999,276.14999,276.64001,103031
2026-02-04 16:13:00,276.66989,276.85001,276.45499,276.84,76019
2026-02-04 16:14:00,276.81,276.81,276.5,276.64999,67983
2026-02-04 16:15:00,276.64499,276.88501,276.63629,276.82001,75467
2026-02-04 16:16:00,276.81,276.81,276.01001,276.07001,86050
2026-02-04 16:17:00,276.09,276.20999,275.995,276.12,77414
2026-02-04 16:18:00,276.12,276.34,276.07001,276.14999,69180
2026-02-04 16:19:00,276.16501,276.20001,276.01001,276.07001,48510
2026-02-04 16:20:00,276.04999,276.42999,276.04001,276.35999,66161
2026-02-04 16:21:00,276.35699,276.59,276.35699,276.38,68391
2026-02-04 16:22:00,276.375,276.5,276.23999,276.32001,128380
2026-02-04 16:23:00,276.32999,276.63409,276.29001,276.56,82100
2026-02-04 16:24:00,276.56,276.79501,276.54999,276.785,77606
2026-02-04 16:25:00,276.79001,277.04999,276.73999,276.89999,96147
2026-02-04 16:26:00,276.88,277.04999,276.82001,276.89001,67676
2026-02-04 16:27:00,276.91,277.26001,276.88,277.09,143284
2026-02-04 16:28:00,277.10071,277.14011,277.01999,277.07999,92550
2026-02-04 16:29:00,277.14001,277.29999,277.125,277.21381,66200
2026-02-04 16:30:00,277.19351,277.26001,276.89001,276.91,63981
2026-02-04 16:31:00,276.8931,277.04999,276.88,276.965,62864
2026-02-04 16:32:00,276.965,276.97,276.80499,276.87,64059
2026-02-04 16:33:00,276.87,276.92001,276.44,276.4501,76128
2026-02-04 16:34:00,276.45999,276.51001,276.29501,276.32001,68225
2026-02-04 16:35:00,276.32999,276.69,276.27499,276.67999,70648
2026-02-04 16:36:00,276.67001,276.70999,276.50751,276.67999,60988
2026-02-04 16:37:00,276.70001,276.75,276.39999,276.42001,66449
2026-02-04 16:38:00,276.42929,276.67001,276.29001,276.35999,67287
2026-02-04 16:39:00,276.38,276.38,276.07999,276.12,66095
2026-02-04 16:40:00,276.12009,276.22,275.90149,275.905,52186
2026-02-04 16:41:00,275.91,276.06,275.82999,275.84,90959
2026-02-04 16:42:00,275.82999,276.01001,275.53,275.55499,70612
2026-02-04 16:43:00,275.56,275.58499,275.29001,275.42001,85047
2026-02-04 16:44:00,275.45001,275.54001,275.42889,275.51999,55849
2026-02-04 16:45:00,275.53,275.70001,275.51001,275.64999,69416
2026-02-04 16:46:00,275.66,275.66,275.45001,275.54999,101262
2026-02-04 16:47:00,275.57999,275.57999,274.88,274.98001,239962
2026-02-04 16:48:00,274.9899,275.17999,274.84,274.89001,142112
2026-02-04 16:49:00,274.89999,274.91,274.37,274.57001,199586
2026-02-04 16:50:00,274.57999,274.75,274.23001,274.3699,170072
2026-02-04 16:51:00,274.36499,274.70001,274.16,274.65109,221320
2026-02-04 16:52:00,274.67999,274.79999,274.32999,274.38501,128071
2026-02-04 16:53:00,274.37,274.42001,274.17001,274.22,80718
2026-02-04 16:54:00,274.22,274.32999,274.13751,274.32001,163900
2026-02-04 16:55:00,274.32999,274.72,274.23999,274.23999,70351
2026-02-04 16:56:00,274.22,274.35999,273.92001,274.05991,76908
2026-02-04 16:57:00,274.04999,274.53159,273.89999,274.48001,106819
2026-02-04 16:58:00,274.47,274.64999,274.38699,274.60999,82933
2026-02-04 16:59:00,274.61249,274.98999,274.60001,274.965,72303
2026-02-04 17:00:00,274.95001,275.19,274.901,275.16,105414
2026-02-04 17:01:00,275.14001,275.45001,275.13,275.38,85695
2026-02-04 17:02:00,275.35999,276.10001,275.34,275.97,182095
2026-02-04 17:03:00,276.0,276.14999,275.89999,276.07101,154924
2026-02-04 17:04:00,276.09,276.37,276.04001,276.12,65395
2026-02-04 17:05:00,276.12,276.3699,276.09,276.25,55487
2026-02-04 17:06:00,276.19,276.19,276.0,276.10999,36882
2026-02-04 17:07:00,276.11041,276.19989,275.79001,275.98001,103978
2026-02-04 17:08:00,276.0,276.12,275.91,275.94,71469
2026-02-04 17:09:00,275.97,276.10999,275.84,275.89001,118061
2026-02-04 17:10:00,275.85999,276.07999,275.78,276.06,97374
2026-02-04 17:11:00,276.03,276.16,275.85001,276.13,143037
2026-02-04 17:12:00,276.12,276.41501,276.12,276.38501,50695
2026-02-04 17:13:00,276.38501,276.48001,276.32001,276.32001,51383
2026-02-04 17:14:00,276.37991,276.57999,276.29999,276.48999,53692
2026-02-04 17:15:00,276.5199,276.60001,276.39999,276.495,46842
2026-02-04 17:16:00,276.465,276.465,276.13,276.28,64887
2026-02-04 17:17:00,276.29999,276.38,276.035,276.06,43669
2026-02-04 17:18:00,276.06,276.23999,275.98999,276.0,59293
2026-02-04 17:19:00,276.01169,276.08511,275.89999,275.95999,71261
2026-02-04 17:20:00,275.95999,276.01001,275.82001,275.935,89718
2026-02-04 17:21:00,275.92001,276.125,275.76999,275.97,41079
2026-02-04 17:22:00,275.95999,275.98001,275.84,275.96509,53196
2026-02-04 17:23:00,275.9603,276.07001,275.91,275.98999,33257
2026-02-04 17:24:00,275.98001,275.995,275.67999,275.88,63307
2026-02-04 17:25:00,275.89499,275.95001,275.48999,275.84,96120
2026-02-04 17:26:00,275.82999,275.82999,275.41501,275.42999,57065
2026-02-04 17:27:00,275.42999,275.42999,274.72,275.20001,235731
2026-02-04 17:28:00,275.19,275.45001,274.64001,274.78,126134
2026-02-04 17:29:00,274.79001,275.26999,274.54501,275.25,253654
2026-02-04 17:30:00,275.26999,275.70499,275.07999,275.67001,240748
2026-02-04 17:31:00,275.67001,276.04001,275.45599,275.91,267251
2026-02-04 17:32:00,275.92999,276.11499,275.3501,275.41,64358
2026-02-04 17:33:00,275.35999,275.45999,275.12009,275.2977,49513
2026-02-04 17:34:00,275.34,275.35999,274.84711,274.85001,62737
2026-02-04 17:35:00,274.8475,274.85001,274.53,274.53,36790
2026-02-04 17:36:00,274.51001,274.57999,274.38501,274.4238,78215
2026-02-04 17:37:00,274.45999,274.51999,274.19,274.30499,123410
2026-02-04 17:38:00,274.31,274.31,274.09,274.11499,84412
2026-02-04 17:39:00,274.10999,274.26999,274.03,274.10999,113551
2026-02-04 17:40:00,274.125,274.35001,273.89001,274.3201,118062
2026-02-04 17:41:00,274.34,274.85001,274.3075,274.82501,136191
2026-02-04 17:42:00,274.79999,274.88,274.47009,274.56,93635
2026-02-04 17:43:00,274.58499,274.92999,274.45001,274.72,189529
2026-02-04 17:44:00,274.69,274.91,274.64999,274.85001,102798
2026-02-04 17:45:00,274.82999,274.95001,274.57999,274.67001,70945
2026-02-04 17:46:00,274.64999,274.81,274.54999,274.745,104626
2026-02-04 17:47:00,274.73001,274.745,274.45001,274.4501,67363
2026-02-04 17:48:00,274.375,274.44,274.05099,274.0845,66363
2026-02-04 17:49:00,274.10001,274.10999,273.75,274.0,149068
2026-02-04 17:50:00,273.97,273.97,273.685,273.72,89322
2026-02-04 17:51:00,273.70999,274.01999,273.6915,273.81,72110
2026-02-04 17:52:00,273.81,274.1799,273.75,274.10001,68613
2026-02-04 17:53:00,274.10999,274.32001,274.05481,274.20001,49513
2026-02-04 17:54:00,274.20001,274.47,274.10999,274.47,65453
2026-02-04 17:55:00,274.5,274.92001,274.5,274.89001,65490
2026-02-04 17:56:00,274.91,274.94,274.51999,274.53,57112
2026-02-04 17:57:00,274.51999,274.64999,274.41269,274.616,49161
2026-02-04 17:58:00,274.60001,274.70001,274.25,274.26001,44562
2026-02-04 17:59:00,274.29199,274.29199,274.01999,274.08499,47334
2026-02-04 18:00:00,274.09,274.14001,273.87,273.89999,77863
2026-02-04 18:01:00,273.92001,274.04001,273.79001,273.84,50424
2026-02-04 18:02:00,273.88,273.935,273.70999,273.76501,57340
2026-02-04 18:03:00,273.76999,273.78,273.45499,273.48999,87135
2026-02-04 18:04:00,273.5,273.54001,273.14001,273.36499,116860
2026-02-04 18:05:00,273.37,274.35001,273.34,274.345,239659
2026-02-04 18:06:00,274.32001,274.78,274.20999,274.76001,130460
2026-02-04 18:07:00,274.77499,274.98999,274.74011,274.87,150476
2026-02-04 18:08:00,274.89499,275.07999,274.84,274.995,108931
2026-02-04 18:09:00,274.97,275.01999,274.76999,274.80499,180943
2026-02-04 18:10:00,274.75,274.98001,274.73999,274.87,91583
2026-02-04 18:11:00,274.85001,274.98999,274.76511,274.85001,57571
2026-02-04 18:12:00,274.84399,275.23001,274.82501,275.15009,70535
2026-02-04 18:13:00,275.17001,275.35501,275.01999,275.16479,53968
2026-02-04 18:14:00,275.16,275.20001,274.96179,275.10001,46422
2026-02-04 18:15:00,275.10159,275.38989,275.09451,275.17999,51600
2026-02-04 18:16:00,275.14999,275.14999,274.98999,275.01001,29340
2026-02-04 18:17:00,275.01001,275.14999,274.97,275.06,41152
2026-02-04 18:18:00,275.07999,275.28989,275.06,275.2001,31298
2026-02-04 18:19:00,275.20001,275.26501,275.0701,275.1701,40965
2026-02-04 18:20:00,275.20001,275.29999,275.1503,275.20001,32897
2026-02-04 18:21:00,275.16,275.29001,275.03,275.28,52585
2026-02-04 18:22:00,275.26501,275.45999,275.20001,275.39499,54079
2026-02-04 18:23:00,275.38031,275.5,275.32999,275.42999,42568
2026-02-04 18:24:00,275.44,275.48001,275.26001,275.35999,57081
2026-02-04 18:25:00,275.37,275.60001,275.36499,275.57001,73036
2026-02-04 18:26:00,275.57001,275.58261,275.44,275.53009,43435
2026-02-04 18:27:00,275.53,275.64999,275.47,275.51501,82746
2026-02-04 18:28:00,275.51001,275.58099,275.5,275.53,45339
2026-02-04 18:29:00,275.535,275.70001,275.51001,275.60001,45736
2026-02-04 18:30:00,275.62,275.64999,275.5,275.56,73438
2026-02-04 18:31:00,275.535,275.76001,275.52509,275.73999,46989
2026-02-04 18:32:00,275.73999,275.76001,275.48001,275.5,67367
2026-02-04 18:33:00,275.5,275.51999,274.97,275.14349,90528
2026-02-04 18:34:00,275.13,275.22,274.98251,275.06,55713
2026-02-04 18:35:00,275.12,275.14001,274.97,274.98001,51999
2026-02-04 18:36:00,275.01001,275.159,274.91,275.15689,63930
2026-02-04 18:37:00,275.17001,275.17499,275.04001,275.09,33460
2026-02-04 18:38:00,275.07031,275.23001,274.995,275.13,36296
2026-02-04 18:39:00,275.14001,275.25989,275.03,275.245,25872
2026-02-04 18:40:00,275.21439,275.28,275.01001,275.04001,28092
2026-02-04 18:41:00,275.04001,275.20001,275.04001,275.15509,26386
2026-02-04 18:42:00,275.17001,275.64001,275.14001,275.51999,66141
2026-02-04 18:43:00,275.49731,275.51999,275.20001,275.315,49145
2026-02-04 18:44:00,275.31201,275.31201,275.14999,275.26001,31214
2026-02-04 18:45:00,275.16501,275.16501,275.0,275.05499,42552
2026-02-04 18:46:00,275.03,275.23999,275.01999,275.20959,33374
2026-02-04 18:47:00,275.23001,275.5,275.155,275.155,68256
2026-02-04 18:48:00,275.16501,275.2999,275.10501,275.2999,23498
2026-02-04 18:49:00,275.28,275.38,274.98999,275.0,34757
2026-02-04 18:50:00,274.98999,275.07001,274.86179,274.87,72318
2026-02-04 18:51:00,274.89001,274.98001,274.84,274.98001,58647
2026-02-04 18:52:00,274.97009,275.04999,274.88,275.01999,41548
2026-02-04 18:53:00,275.03,275.27991,274.95999,275.25,38871
2026-02-04 18:54:00,275.2999,275.56549,275.25,275.42001,51667
2026-02-04 18:55:00,275.3989,275.48999,275.3989,275.44,24826
2026-02-04 18:56:00,275.45999,275.595,275.45001,275.58749,36853
2026-02-04 18:57:00,275.49011,275.737,275.49011,275.62,33513
2026-02-04 18:58:00,275.63,275.73999,275.45001,275.67001,52450
2026-02-04 18:59:00,275.6601,275.6601,275.30011,275.38989,54028
2026-02-04 19:00:00,275.41,275.48001,275.19,275.19379,53098
2026-02-04 19:01:00,275.23001,275.29001,275.0589,275.0589,33816
2026-02-04 19:02:00,275.06,275.14999,275.01999,275.10999,27384
2026-02-04 19:03:00,275.12,275.14999,274.98901,275.02499,31869
2026-02-04 19:04:00,275.065,275.065,274.79999,274.935,136341
2026-02-04 19:05:00,274.91251,274.98499,274.72449,274.82001,157166
2026-02-04 19:06:00,274.81,274.91,274.73001,274.85999,80366
2026-02-04 19:07:00,274.85999,274.87,274.35001,274.46249,119577
2026-02-04 19:08:00,274.45001,274.6666,274.45001,274.6666,30921
2026-02-04 19:09:00,274.64139,275.1683,274.57999,275.07001,72504
2026-02-04 19:10:00,275.07001,275.14001,275.03,275.10501,32117
2026-02-04 19:11:00,275.09009,275.29999,275.07001,275.22,26795
2026-02-04 19:12:00,275.24109,275.375,275.155,275.35001,33572
2026-02-04 19:13:00,275.32999,275.39999,275.23001,275.31,56471
2026-02-04 19:14:00,275.29999,275.29999,275.13,275.15729,42303
2026-02-04 19:15:00,275.14011,275.35001,275.13,275.29999,31508
2026-02-04 19:16:00,275.29001,275.29001,275.10501,275.10501,29470
2026-02-04 19:17:00,275.10049,275.14001,274.98001,275.04001,40891
2026-02-04 19:18:00,275.04001,275.42999,275.02499,275.4299,40382
2026-02-04 19:19:00,275.47,275.54999,275.32001,275.375,42435
2026-02-04 19:20:00,275.35001,275.57999,275.32999,275.465,50058
2026-02-04 19:21:00,275.42999,275.42999,275.01001,275.04001,40613
2026-02-04 19:22:00,275.03,275.17999,274.995,275.16,43229
2026-02-04 19:23:00,275.1568,275.24991,274.98999,275.0007,30822
2026-02-04 19:24:00,275.0434,275.17001,275.01001,275.07001,35091
2026-02-04 19:25:00,275.065,275.36499,275.06,275.35999,147688
2026-02-04 19:26:00,275.35999,275.37,275.0,275.04599,75730
2026-02-04 19:27:00,275.04001,275.04999,274.685,274.82001,63786
2026-02-04 19:28:00,274.84,274.85999,274.64001,274.78,34225
2026-02-04 19:29:00,274.79999,274.95999,274.60001,274.91,74584
2026-02-04 19:30:00,274.90021,275.23999,274.90009,275.03009,46180
2026-02-04 19:31:00,275.07001,275.17001,275.04999,275.09,39994
2026-02-04 19:32:00,275.0824,275.16,274.97501,275.06,49783
2026-02-04 19:33:00,275.09,275.10999,274.91,274.98999,86108
2026-02-04 19:34:00,275.005,275.03,274.94,275.00079,45335
2026-02-04 19:35:00,275.01001,275.13,274.95999,275.01001,58116
2026-02-04 19:36:00,275.03,275.17999,275.03,275.12,27443
2026-02-04 19:37:00,275.12,275.18649,275.04001,275.18649,25013
2026-02-04 19:38:00,275.20001,275.20001,275.05011,275.07999,20669
2026-02-04 19:39:00,275.07999,275.155,275.0,275.09,39809
2026-02-04 19:40:00,275.095,275.155,275.04999,275.155,29563
2026-02-04 19:41:00,275.14999,275.41501,275.10001,275.30869,69557
2026-02-04 19:42:00,275.3295,275.44,275.31,275.34,43255
2026-02-04 19:43:00,275.35999,275.45999,275.30499,275.38989,39040
2026-02-04 19:44:00,275.38501,275.38501,275.17499,275.345,47247
2026-02-04 19:45:00,275.35999,275.41,275.25601,275.41,57591
2026-02-04 19:46:00,275.41,275.54999,275.35999,275.4389,66314
2026-02-04 19:47:00,275.44,275.44,275.23001,275.29001,73390
2026-02-04 19:48:00,275.29999,275.70001,275.17999,275.57001,152545
2026-02-04 19:49:00,275.57999,275.57999,275.23001,275.32999,78427
2026-02-04 19:50:00,275.37,275.41,275.14001,275.1701,56326
2026-02-04 19:51:00,275.20999,275.50891,275.19,275.39499,49723
2026-02-04 19:52:00,275.41,275.565,275.32001,275.47,28248
2026-02-04 19:53:00,275.45999,275.78,275.45001,275.69,48367
2026-02-04 19:54:00,275.69,275.76001,275.3501,275.375,119997
2026-02-04 19:55:00,275.35001,275.35999,275.14999,275.26999,48881
2026-02-04 19:56:00,275.28,275.534,275.22501,275.26529,66424
2026-02-04 19:57:00,275.28,275.29999,275.04999,275.04999,65457
2026-02-04 19:58:00,275.04501,275.14001,274.92001,274.97,21385515
2026-02-04 19:59:00,274.92001,275.30499,274.89999,275.14499,13295
2026-02-04 20:00:00,275.14001,275.26999,274.92001,274.92001,71388
2026-02-04 20:01:00,274.91,274.98001,274.86499,274.95499,72577
2026-02-04 20:02:00,274.97,275.01999,274.82999,274.92999,59511
2026-02-04 20:03:00,274.95999,275.245,274.92999,275.20999,90498
2026-02-04 20:04:00,275.2001,275.215,275.02499,275.04001,94904
2026-02-04 20:05:00,275.04001,275.16,274.95999,275.03,102317
2026-02-04 20:06:00,275.02499,275.23999,274.94,275.23999,108179
2026-02-04 20:07:00,275.26999,275.28,275.14999,275.20001,83966
2026-02-04 20:08:00,275.19,275.45999,275.095,275.14999,94401
2026-02-04 20:09:00,275.16,275.26001,275.1344,275.25,30126
2026-02-04 20:10:00,275.26999,275.47501,275.23999,275.45999,69492
2026-02-04 20:11:00,275.45001,275.67999,275.42001,275.535,144565
2026-02-04 20:12:00,275.55499,275.67001,275.48999,275.60999,65182
2026-02-04 20:13:00,275.64001,275.64001,275.35001,275.465,62249
2026-02-04 20:14:00,275.48001,275.685,275.35999,275.685,73576
2026-02-04 20:15:00,275.69,275.92999,275.6001,275.85999,103467
2026-02-04 20:16:00,275.875,275.905,275.72,275.82501,97928
2026-02-04 20:17:00,275.815,275.88,275.76999,275.85501,95336
2026-02-04 20:18:00,275.85999,276.09,275.82999,276.07999,121967
2026-02-04 20:19:00,276.08499,276.17999,275.98001,276.09,181793
2026-02-04 20:20:00,276.09369,276.17001,275.97,276.004,121496
2026-02-04 20:21:00,276.01001,276.64999,276.0,276.57999,98757
2026-02-04 20:22:00,276.58499,277.07999,276.57999,277.07999,221133
2026-02-04 20:23:00,277.10001,277.14801,276.82999,277.01999,129709
2026-02-04 20:24:00,277.01999,277.26999,277.0,277.255,108599
2026-02-04 20:25:00,277.26999,277.57999,277.20001,277.55499,115213
2026-02-04 20:26:00,277.54001,277.88,277.30359,277.875,229580
2026-02-04 20:27:00,277.86499,278.04001,277.85001,277.92999,374028
2026-02-04 20:28:00,277.92001,278.01999,277.70999,278.0,123427
2026-02-04 20:29:00,278.0,278.07999,277.57001,277.60999,121141
2026-02-04 20:30:00,277.60999,277.75,277.32999,277.34991,161836
2026-02-04 20:31:00,277.32999,277.38,277.01999,277.035,141477
2026-02-04 20:32:00,277.04001,277.51001,277.01999,277.32501,281360
2026-02-04 20:33:00,277.35001,277.57999,277.28,277.465,125876
2026-02-04 20:34:00,277.44,277.64001,277.22,277.29001,130545
2026-02-04 20:35:00,277.285,277.51999,277.0,277.34,159036
2026-02-04 20:36:00,277.32001,277.73001,277.32001,277.625,167693
2026-02-04 20:37:00,277.63,277.79001,277.54999,277.67999,91806
2026-02-04 20:38:00,277.70001,277.76001,277.42999,277.56909,119233
2026-02-04 20:39:00,277.57001,277.66,277.23999,277.375,149246
2026-02-04 20:40:00,277.39899,277.45001,277.09,277.17999,151785
2026-02-04 20:41:00,277.16,277.39001,276.91,277.34,102572
2026-02-04 20:42:00,277.35999,277.42999,277.1301,277.14001,91989
2026-02-04 20:43:00,277.17001,277.29999,276.94,276.98911,69099
2026-02-04 20:44:00,276.95999,277.03,276.85001,276.92999,72212
2026-02-04 20:45:00,276.95001,277.53,276.94,277.44,118969
2026-02-04 20:46:00,277.44501,277.64999,277.42999,277.60999,96415
2026-02-04 20:47:00,277.60999,277.92001,277.60001,277.88,172164
2026-02-04 20:48:00,277.87,278.04999,277.81,278.04001,257272
2026-02-04 20:49:00,278.04001,278.31,277.95001,278.29999,248231
2026-02-04 20:50:00,278.32001,278.95001,278.26501,278.95001,592215
2026-02-04 20:51:00,278.92691,278.95001,278.25,278.39001,340740
2026-02-04 20:52:00,278.39999,278.48001,278.0101,278.48001,232708
2026-02-04 20:53:00,278.48001,278.48999,277.89999,278.01001,362764
2026-02-04 20:54:00,278.01001,278.10001,277.29999,277.29999,268028
2026-02-04 20:55:00,277.29999,277.35001,276.69,276.86499,362413
2026-02-04 20:56:00,276.85999,276.89001,276.51999,276.82999,282529
2026-02-04 20:57:00,276.815,276.95999,276.57001,276.73001,310298
2026-02-04 20:58:00,276.72,276.97,276.64001,276.815,457814
2026-02-04 20:59:00,276.82999,277.01501,276.35999,276.45999,1194597
2026-02-05 14:30:00,278.01999,279.44,276.87,277.52499,1899014
2026-02-05 14:31:00,277.45001,277.84,276.35999,277.07999,217668
2026-02-05 14:32:00,276.98001,277.29999,275.79999,276.32999,189379
2026-02-05 14:33:00,276.39499,277.69,276.14999,276.37,211010
2026-02-05 14:34:00,276.39999,276.75,275.70999,276.32001,146769
2026-02-05 14:35:00,276.22,276.29999,275.07999,275.10669,176740
2026-02-05 14:36:00,275.14999,275.80991,274.89999,275.10001,222444
2026-02-05 14:37:00,275.0701,275.32001,274.5,274.82999,135828
2026-02-05 14:38:00,274.89999,275.48001,274.73999,275.22,84707
2026-02-05 14:39:00,275.14999,275.64999,274.89499,274.97501,90878
2026-02-05 14:40:00,274.97,274.97,273.72501,274.02249,128394
2026-02-05 14:41:00,273.9621,274.23001,273.5401,273.62,140268
2026-02-05 14:42:00,273.67001,274.73999,273.60999,274.535,165291
2026-02-05 14:43:00,274.48999,275.17999,273.87,273.95001,148936
2026-02-05 14:44:00,274.02991,274.67999,273.60001,273.66,103593
2026-02-05 14:45:00,273.655,274.01431,273.28,273.31039,133423
2026-02-05 14:46:00,273.3815,273.98999,273.23001,273.60001,107640
2026-02-05 14:47:00,273.60001,274.34,273.60001,274.315,105992
2026-02-05 14:48:00,274.23001,275.14499,274.14499,274.98001,173678
2026-02-05 14:49:00,274.94049,275.98001,274.93011,275.94501,176452
2026-02-05 14:50:00,275.87,276.69,275.76999,276.14001,160002
2026-02-05 14:51:00,276.13,276.18991,275.64001,275.86731,145482
2026-02-05 14:52:00,275.866,276.44,275.8201,276.12,81603
2026-02-05 14:53:00,276.14001,276.53989,275.16,275.16,162867
2026-02-05 14:54:00,275.16501,275.37,274.39999,274.48001,85839
2026-02-05 14:55:00,274.48001,274.48001,273.92999,274.26581,181686
2026-02-05 14:56:00,274.185,274.25,273.95071,274.17999,59432
2026-02-05 14:57:00,274.14001,274.2001,273.84,274.05521,97771
2026-02-05 14:58:00,274.10001,274.12,273.64999,273.862,142192
2026-02-05 14:59:00,273.85999,274.43991,273.73999,274.36499,121509
2026-02-05 15:00:00,274.35999,274.57001,273.62,273.95999,168966
2026-02-05 15:01:00,273.95999,274.29999,273.85999,274.17001,89153
2026-02-05 15:02:00,274.10999,274.82001,274.01001,274.76999,84111
2026-02-05 15:03:00,274.79999,275.17001,274.6601,275.08539,79010
2026-02-05 15:04:00,274.98499,275.64999,274.85999,275.5,157959
2026-02-05 15:05:00,275.57001,275.60001,275.07999,275.14059,86799
2026-02-05 15:06:00,275.18579,275.60001,274.95001,274.97501,110985
2026-02-05 15:07:00,275.01001,275.505,274.89999,275.48001,116488
2026-02-05 15:08:00,275.48999,275.48999,274.81,275.10501,104087
2026-02-05 15:09:00,275.09,275.40811,274.54001,274.54001,197979
2026-02-05 15:10:00,274.5116,274.78,274.35999,274.60999,70442
2026-02-05 15:11:00,274.63,275.06,274.54999,274.92001,74248
2026-02-05 15:12:00,274.92999,275.31949,274.92999,275.04001,49605
2026-02-05 15:13:00,275.04999,275.22,274.89999,275.01001,64281
2026-02-05 15:14:00,275.04999,275.17001,274.47,274.53,76283
2026-02-05 15:15:00,274.51001,275.16949,274.45761,275.10999,105646
2026-02-05 15:16:00,275.13,275.34,274.85999,275.02011,80259
2026-02-05 15:17:00,275.035,275.60001,274.91501,275.285,85030
2026-02-05 15:18:00,275.29501,275.39999,275.01001,275.01001,3408551
2026-02-05 15:19:00,275.01999,275.67999,274.85999,275.655,17896
2026-02-05 15:20:00,275.69,276.0899,275.47,275.85999,114434
2026-02-05 15:21:00,275.81,276.39001,275.69,276.35999,92932
2026-02-05 15:22:00,276.39001,276.84,276.2352,276.62,144070
2026-02-05 15:23:00,276.625,276.70999,275.92001,275.97,261565
2026-02-05 15:24:00,275.87,276.0,275.47751,275.875,90910
2026-02-05 15:25:00,275.84,276.10001,275.73001,275.82501,97775
2026-02-05 15:26:00,275.84,275.85999,275.34,275.43369,114195
2026-02-05 15:27:00,275.5,275.82999,275.47,275.65509,89045
2026-02-05 15:28:00,275.70001,276.54001,275.70001,276.54001,111534
2026-02-05 15:29:00,276.57001,276.84,276.07001,276.785,142297
2026-02-05 15:30:00,276.79001,277.39999,276.79001,277.22549,132075
2026-02-05 15:31:00,277.23001,277.28,276.89001,276.89001,76624
2026-02-05 15:32:00,276.89001,277.17999,276.87,277.09009,101016
2026-02-05 15:33:00,277.10999,277.23999,276.79999,276.85001,124770
2026-02-05 15:34:00,276.85999,277.04999,276.35101,276.42001,134209
2026-02-05 15:35:00,276.44501,276.57999,276.20999,276.37,98456
2026-02-05 15:36:00,276.37,276.37,275.78,275.81989,112884
2026-02-05 15:37:00,275.80859,275.92001,275.51001,275.86499,79105
2026-02-05 15:38:00,275.82501,276.12,275.74271,276.12,77217
2026-02-05 15:39:00,276.10999,276.34,275.9501,276.12009,69534
2026-02-05 15:40:00,276.12,276.12,275.23001,275.815,79933
2026-02-05 15:41:00,275.755,275.98001,275.57001,275.97501,61687
2026-02-05 15:42:00,276.0,276.17001,275.84,276.064,64864
2026-02-05 15:43:00,276.10001,276.31,275.82001,275.86499,52068
2026-02-05 15:44:00,275.91,276.17499,275.88,275.98001,66730
2026-02-05 15:45:00,275.95999,276.07999,275.32999,275.35699,73528
2026-02-05 15:46:00,275.35999,275.48001,274.98199,275.32001,85753
2026-02-05 15:47:00,275.35999,275.35999,274.98001,275.05499,35961
2026-02-05 15:48:00,275.07501,275.17001,274.79999,274.85999,58168
2026-02-05 15:49:00,274.87,274.88,274.69,274.76001,78464
2026-02-05 15:50:00,274.7601,275.06,274.76001,275.01999,68099
2026-02-05 15:51:00,275.03,275.13,274.79001,274.91,60989
2026-02-05 15:52:00,274.89999,274.89999,274.31,274.39999,128027
2026-02-05 15:53:00,274.42999,274.76999,273.91199,273.92999,138995
2026-02-05 15:54:00,273.92999,274.59,273.92999,274.17801,98813
2026-02-05 15:55:00,274.17001,274.29999,274.08719,274.185,66824
2026-02-05 15:56:00,274.16379,274.60001,274.16119,274.41,77174
2026-02-05 15:57:00,274.42639,274.42639,273.95999,274.065,83605
2026-02-05 15:58:00,274.09821,274.44,274.04999,274.32999,65348
2026-02-05 15:59:00,274.315,274.45001,274.10001,274.45001,85797
2026-02-05 16:00:00,274.45001,274.94,274.38,274.54501,86273
2026-02-05 16:01:00,274.54999,274.78989,274.39999,274.64001,77794
2026-02-05 16:02:00,274.57071,274.5983,273.82001,273.82001,82085
2026-02-05 16:03:00,273.82001,274.12,273.72,273.89999,121216
2026-02-05 16:04:00,273.91,273.98999,273.63,273.66,65055
2026-02-05 16:05:00,273.67499,273.98001,273.60001,273.62,39452
2026-02-05 16:06:00,273.60001,273.72,273.37,273.577,54813
2026-02-05 16:07:00,273.54999,273.98001,273.54999,273.64999,75485
2026-02-05 16:08:00,273.64001,273.72,273.54999,273.56,49442
2026-02-05 16:09:00,273.57999,273.70999,273.39001,273.39001,56979
2026-02-05 16:10:00,273.35999,273.76999,273.31,273.60001,70768
2026-02-05 16:11:00,273.59,273.70499,273.34,273.51999,42277
2026-02-05 16:12:00,273.535,273.8382,273.48499,273.685,42129
2026-02-05 16:13:00,273.73001,273.84,273.37,273.60999,43520
2026-02-05 16:14:00,273.60001,273.70001,273.29001,273.34,38082
2026-02-05 16:15:00,273.34,274.39999,273.34,274.32001,70642
2026-02-05 16:16:00,274.29999,275.0,274.29999,274.84,131351
2026-02-05 16:17:00,274.89999,275.04999,274.63379,275.02499,48097
2026-02-05 16:18:00,274.98999,275.28,274.96011,275.25,52732
2026-02-05 16:19:00,275.28989,275.48999,275.20001,275.25,62150
2026-02-05 16:20:00,275.32001,275.72,275.32001,275.38,84752
2026-02-05 16:21:00,275.36499,275.57001,275.14001,275.53,74631
2026-02-05 16:22:00,275.48999,275.95001,275.45001,275.92999,61859
2026-02-05 16:23:00,275.935,276.2204,275.44,275.45621,61749
2026-02-05 16:24:00,275.44,275.63,275.29999,275.37,83111
2026-02-05 16:25:00,275.367,275.60001,275.22,275.285,55403
2026-02-05 16:26:00,275.32001,275.55991,275.29999,275.30499,77959
2026-02-05 16:27:00,275.32999,275.62,275.26999,275.58011,66287
2026-02-05 16:28:00,275.59509,275.70001,275.37,275.39099,39791
2026-02-05 16:29:00,275.37,275.39001,274.97751,275.22,73748
2026-02-05 16:30:00,275.29001,275.35001,274.91,275.01999,46564
2026-02-05 16:31:00,275.0484,275.34991,274.95001,275.04999,51446
2026-02-05 16:32:00,275.12,275.19989,275.0,275.0,34949
2026-02-05 16:33:00,275.0101,275.20999,274.93631,275.10999,51095
2026-02-05 16:34:00,275.10001,275.13,274.79501,275.07001,63324
2026-02-05 16:35:00,275.07999,275.10001,274.90009,274.97,78673
2026-02-05 16:36:00,274.95999,275.16,274.85501,274.94,57324
2026-02-05 16:37:00,274.97,275.03,274.82001,275.01001,70782
2026-02-05 16:38:00,275.035,275.17001,274.98999,275.01999,49189
2026-02-05 16:39:00,275.04001,275.12,274.81009,274.81009,35742
2026-02-05 16:40:00,274.85001,275.07001,274.75,274.85001,32414
2026-02-05 16:41:00,274.8299,274.90991,274.63,274.90991,38715
2026-02-05 16:42:00,274.92999,274.92999,274.76999,274.82999,21127
2026-02-05 16:43:00,274.8501,274.94,274.72009,274.78,29798
2026-02-05 16:44:00,274.77509,274.82999,274.60999,274.66501,54978
2026-02-05 16:45:00,274.67999,274.76001,274.56,274.60999,39154
2026-02-05 16:46:00,274.57999,274.73001,274.47501,274.60001,41414
2026-02-05 16:47:00,274.62,274.66,274.5,274.5,18069
2026-02-05 16:48:00,274.53,274.76001,274.48001,274.73001,31585
2026-02-05 16:49:00,274.73001,275.2182,274.67001,275.2182,61349
2026-02-05 16:50:00,275.20999,275.42001,275.20999,275.3075,43122
2026-02-05 16:51:00,275.30011,275.45001,275.22,275.22,51868
2026-02-05 16:52:00,275.20001,275.37,275.03,275.35501,77703
2026-02-05 16:53:00,275.39999,275.45001,275.17999,275.28,36923
2026-02-05 16:54:00,275.28,275.44,275.255,275.29999,28371
2026-02-05 16:55:00,275.39499,275.5,275.35999,275.45001,27718
2026-02-05 16:56:00,275.47,275.4989,275.29001,275.42001,35624
2026-02-05 16:57:00,275.41,275.4664,275.31,275.31,18530
2026-02-05 16:58:00,275.31,275.38,274.935,274.935,101648
2026-02-05 16:59:00,274.92999,275.25,274.92999,275.23999,30352
2026-02-05 17:00:00,275.19,275.20001,274.78,274.92001,51524
2026-02-05 17:01:00,274.92499,275.01251,274.85001,274.95001,23086
2026-02-05 17:02:00,274.89651,275.07001,274.88,274.89001,52542
2026-02-05 17:03:00,274.87,274.875,274.57501,274.58499,33672
2026-02-05 17:04:00,274.54001,274.57999,274.31,274.42001,80439
2026-02-05 17:05:00,274.42001,274.54111,274.39001,274.39999,25387
2026-02-05 17:06:00,274.39999,274.45001,274.19,274.20999,45167
2026-02-05 17:07:00,274.19958,274.42999,274.13,274.42001,35960
2026-02-05 17:08:00,274.37,274.5,274.29999,274.35999,22886
2026-02-05 17:09:00,274.35999,274.35999,274.16,274.29001,28985
2026-02-05 17:10:00,274.28,274.34,274.04999,274.04999,38262
2026-02-05 17:11:00,274.07001,274.31,274.06,274.095,25763
2026-02-05 17:12:00,274.16,274.215,274.02011,274.03,42751
2026-02-05 17:13:00,274.01999,274.23999,274.01001,274.10999,41302
2026-02-05 17:14:00,274.10001,274.1496,274.01999,274.07001,22474
2026-02-05 17:15:00,274.09,274.138,273.81,273.82001,48809
2026-02-05 17:16:00,273.82501,274.09698,273.76999,273.82999,41771
2026-02-05 17:17:00,273.82999,273.87949,273.62,273.64999,34548
2026-02-05 17:18:00,273.64999,273.73001,273.57999,273.71609,27945
2026-02-05 17:19:00,273.70001,273.88,273.6701,273.73361,27492
2026-02-05 17:20:00,273.71011,273.79001,273.52499,273.61499,26883
2026-02-05 17:21:00,273.60001,273.79001,273.60001,273.64999,35702
2026-02-05 17:22:00,273.73001,273.84,273.63,273.66,41315
2026-02-05 17:23:00,273.655,274.18011,273.57001,274.1691,52475
2026-02-05 17:24:00,274.19,274.39001,274.16,274.39001,58968
2026-02-05 17:25:00,274.39999,274.76001,274.39001,274.74011,60272
2026-02-05 17:26:00,274.76999,274.82001,274.70999,274.76999,46927
2026-02-05 17:27:00,274.77789,274.95999,274.67999,274.84,42539
2026-02-05 17:28:00,274.89001,274.95999,274.79999,274.83401,28060
2026-02-05 17:29:00,274.85999,274.8627,274.64999,274.73999,28364
2026-02-05 17:30:00,274.72,274.98001,274.707,274.87,54661
2026-02-05 17:31:00,274.91,274.97,274.51001,274.51999,37361
2026-02-05 17:32:00,274.51999,274.64999,274.45001,274.48999,27278
2026-02-05 17:33:00,274.48001,274.48001,274.26001,274.45499,26254
2026-02-05 17:34:00,274.48001,274.57001,274.30011,274.31,31542
2026-02-05 17:35:00,274.315,274.383,274.16,274.29501,30041
2026-02-05 17:36:00,274.31,274.42001,274.31,274.34,32689
2026-02-05 17:37:00,274.31,274.47,274.26999,274.47,27306
2026-02-05 17:38:00,274.47,274.51999,274.32999,274.51001,29846
2026-02-05 17:39:00,274.48001,274.51001,274.4101,274.48001,31013
2026-02-05 17:40:00,274.4899,274.67001,274.44,274.66,44200
2026-02-05 17:41:00,274.67999,274.72,274.44501,274.51999,24023
2026-02-05 17:42:00,274.54999,274.54999,274.38,274.41989,18111
2026-02-05 17:43:00,274.47,274.54001,274.32001,274.47501,17081
2026-02-05 17:44:00,274.45999,274.47,274.34,274.44,23362
2026-02-05 17:45:00,274.45999,274.66,274.40009,274.64999,28167
2026-02-05 17:46:00,274.67001,274.95001,274.57999,274.95001,39291
2026-02-05 17:47:00,274.89999,274.9162,274.58499,274.63831,20099
2026-02-05 17:48:00,274.63,274.64001,274.16,274.17001,27691
2026-02-05 17:49:00,274.17999,274.36499,274.16,274.2449,24940
2026-02-05 17:50:00,274.23499,274.42001,274.07001,274.42001,30902
2026-02-05 17:51:00,274.39511,274.4014,274.23999,274.3251,26188
2026-02-05 17:52:00,274.39999,274.60001,274.28,274.28,31761
2026-02-05 17:53:00,274.35001,274.57001,274.29001,274.51999,23083
2026-02-05 17:54:00,274.57999,274.64001,274.42999,274.45999,22978
2026-02-05 17:55:00,274.45999,274.5575,274.32001,274.47,33458
2026-02-05 17:56:00,274.47339,274.51141,274.315,274.51001,33711
2026-02-05 17:57:00,274.4801,274.49051,274.39001,274.39001,15455
2026-02-05 17:58:00,274.435,274.51999,274.31,274.39999,59804
2026-02-05 17:59:00,274.375,274.60999,274.34201,274.595,27484
2026-02-05 18:00:00,274.595,274.87,274.53,274.82999,22283
2026-02-05 18:01:00,274.91,274.94,274.73499,274.75,36928
2026-02-05 18:02:00,274.76999,274.89001,274.67999,274.73999,53130
2026-02-05 18:03:00,274.67731,274.76001,274.48001,274.53,23856
2026-02-05 18:04:00,274.51001,274.57001,274.19,274.19,27419
2026-02-05 18:05:00,274.17999,274.19,274.04999,274.1001,24280
2026-02-05 18:06:00,274.10001,274.23499,274.03009,274.16501,20948
2026-02-05 18:07:00,274.19,274.19,273.91,273.95999,45053
2026-02-05 18:08:00,274.0,274.16,273.9501,274.11499,16889
2026-02-05 18:09:00,274.10501,274.26999,274.04001,274.2518,25926
2026-02-05 18:10:00,274.26001,274.3685,274.14001,274.14001,25529
2026-02-05 18:11:00,274.14999,274.42001,274.12,274.36499,34433
2026-02-05 18:12:00,274.375,274.505,274.31,274.41501,36551
2026-02-05 18:13:00,274.41,274.42001,274.06,274.06,28115
2026-02-05 18:14:00,274.06,274.1601,274.04501,274.06,16021
2026-02-05 18:15:00,274.065,274.20001,274.04501,274.185,14176
2026-02-05 18:16:00,274.185,274.25,274.04001,274.04001,23519
2026-02-05 18:17:00,274.06,274.14999,274.04001,274.06,18832
2026-02-05 18:18:00,274.06,274.09,273.98001,274.08499,20267
2026-02-05 18:19:00,274.08499,274.23999,274.03009,274.14999,25652
2026-02-05 18:20:00,274.14999,274.23001,274.01999,274.05991,33964
2026-02-05 18:21:00,274.06,274.17999,274.04001,274.05499,34362
2026-02-05 18:22:00,274.04999,274.26001,274.03049,274.20999,20201
2026-02-05 18:23:00,274.20001,274.29999,274.12,274.26999,32986
2026-02-05 18:24:00,274.25,274.32999,274.17999,274.26001,27683
2026-02-05 18:25:00,274.29999,274.34,274.20001,274.32001,26420
2026-02-05 18:26:00,274.35999,274.47,274.32449,274.36459,31996
2026-02-05 18:27:00,274.37,274.54999,274.37,274.51001,70305
2026-02-05 18:28:00,274.54001,274.54999,274.2601,274.35999,20702
2026-02-05 18:29:00,274.38,274.38,274.2001,274.32001,26564
2026-02-05 18:30:00,274.26001,274.47,274.26001,274.29001,29757
2026-02-05 18:31:00,274.32001,274.57001,274.31,274.53,25915
2026-02-05 18:32:00,274.53,274.62,274.29001,274.29999,41838
2026-02-05 18:33:00,274.29999,274.32999,274.14999,274.24979,45078
2026-02-05 18:34:00,274.23001,274.33499,274.12,274.32999,32948
2026-02-05 18:35:00,274.33899,274.34,274.17001,274.17999,29705
2026-02-05 18:36:00,274.185,274.36499,274.11499,274.245,55488
2026-02-05 18:37:00,274.24979,274.29999,274.18951,274.25,19790
2026-02-05 18:38:00,274.27991,274.35999,274.23499,274.315,24245
2026-02-05 18:39:00,274.29501,274.41,274.23999,274.35999,26890
2026-02-05 18:40:00,274.38,274.55991,274.3284,274.53,50986
2026-02-05 18:41:00,274.50009,274.81,274.50009,274.81,48888
2026-02-05 18:42:00,274.79001,274.88,274.65179,274.715,77480
2026-02-05 18:43:00,274.70999,274.85001,274.45001,274.54999,34578
2026-02-05 18:44:00,274.53,274.69,274.45999,274.57999,31158
2026-02-05 18:45:00,274.56,274.79999,274.5,274.79001,30672
2026-02-05 18:46:00,274.79001,274.89999,274.76001,274.83511,21634
2026-02-05 18:47:00,274.82809,274.82809,274.64001,274.73999,43985
2026-02-05 18:48:00,274.73999,274.91,274.70999,274.84,40764
2026-02-05 18:49:00,274.8667,274.89999,274.62271,274.73001,29222
2026-02-05 18:50:00,274.67001,274.67999,274.45999,274.48251,33655
2026-02-05 18:51:00,274.46759,274.63989,274.46759,274.61499,21145
2026-02-05 18:52:00,274.625,274.63,274.38031,274.45999,21393
2026-02-05 18:53:00,274.45999,274.47989,274.1973,274.32999,69740
2026-02-05 18:54:00,274.31989,274.47,274.31589,274.41,29359
2026-02-05 18:55:00,274.39499,274.45001,274.29361,274.39999,30575
2026-02-05 18:56:00,274.41,274.60001,274.41,274.54999,25070
2026-02-05 18:57:00,274.56,274.79999,274.41599,274.79999,91071
2026-02-05 18:58:00,274.79999,274.98001,274.79999,274.935,35194
2026-02-05 18:59:00,274.935,275.0,274.87,274.98001,52586
2026-02-05 19:00:00,274.98999,275.19989,274.92001,275.14999,69384
2026-02-05 19:01:00,275.17169,275.28,275.06,275.17001,71688
2026-02-05 19:02:00,275.17001,275.38,275.04999,275.35999,71645
2026-02-05 19:03:00,275.39001,275.58401,275.34,275.54001,58232
2026-02-05 19:04:00,275.56,275.66,275.48001,275.48499,53067
2026-02-05 19:05:00,275.48499,275.54999,275.33011,275.48999,28159
2026-02-05 19:06:00,275.48999,275.78,275.48001,275.76001,47784
2026-02-05 19:07:00,275.755,275.76999,275.63,275.63501,38919
2026-02-05 19:08:00,275.62,275.73999,275.57999,275.66031,44839
2026-02-05 19:09:00,275.66101,275.85001,275.66,275.82999,112884
2026-02-05 19:10:00,275.82999,275.98001,275.82001,275.94501,27972
2026-02-05 19:11:00,275.95001,276.10001,275.87,276.07999,43719
2026-02-05 19:12:00,276.09,276.26999,275.95029,276.26999,52034
2026-02-05 19:13:00,276.26001,276.42001,276.26001,276.41501,53731
2026-02-05 19:14:00,276.4194,276.69,276.37,276.67999,82348
2026-02-05 19:15:00,276.67001,276.84,276.64499,276.80099,80955
2026-02-05 19:16:00,276.79999,277.005,276.79001,277.005,95687
2026-02-05 19:17:00,276.995,277.12,276.78,276.87,68955
2026-02-05 19:18:00,276.88501,277.14001,276.82001,276.97,55490
2026-02-05 19:19:00,277.005,277.20001,276.98001,277.17001,45925
2026-02-05 19:20:00,277.17999,277.3299,276.9101,277.29001,99068
2026-02-05 19:21:00,277.315,277.57001,277.20001,277.22,98012
2026-02-05 19:22:00,277.20001,277.20001,276.98001,277.19989,60381
2026-02-05 19:23:00,277.20999,277.34,277.12,277.22,41413
2026-02-05 19:24:00,277.23999,277.32501,277.14001,277.16501,34917
2026-02-05 19:25:00,277.14999,277.1698,276.76999,276.85501,91765
2026-02-05 19:26:00,276.85001,276.97,276.73999,276.91629,48220
2026-02-05 19:27:00,276.92499,277.10001,276.8699,276.89001,40722
2026-02-05 19:28:00,276.87,277.23499,276.82001,277.22,57397
2026-02-05 19:29:00,277.23001,277.29999,276.995,277.04501,69371
2026-02-05 19:30:00,277.065,277.45999,276.98001,277.39999,95010
2026-02-05 19:31:00,277.375,277.42499,276.57999,276.79999,92415
2026-02-05 19:32:00,276.78,276.965,276.22,276.26001,65406
2026-02-05 19:33:00,276.27991,276.38,276.13501,276.23499,68431
2026-02-05 19:34:00,276.20401,276.8082,276.20401,276.75,39969
2026-02-05 19:35:00,276.79999,276.84,276.5303,276.67499,57647
2026-02-05 19:36:00,276.64999,276.73999,276.60999,276.62,36720
2026-02-05 19:37:00,276.63,276.92999,276.6265,276.89499,43409
2026-02-05 19:38:00,276.92001,276.95999,276.70001,276.72,44798
2026-02-05 19:39:00,276.72351,276.72351,276.34,276.42001,29245
2026-02-05 19:40:00,276.39999,276.44,276.17999,276.17999,23304
2026-02-05 19:41:00,276.14001,276.44,276.08569,276.31,38956
2026-02-05 19:42:00,276.29999,276.39001,276.22501,276.22501,24043
2026-02-05 19:43:00,276.22,276.44,276.19,276.42999,33404
2026-02-05 19:44:00,276.45001,276.48001,276.29999,276.42001,39638
2026-02-05 19:45:00,276.405,276.56,276.405,276.465,32901
2026-02-05 19:46:00,276.44009,276.60501,276.44,276.51999,35855
2026-02-05 19:47:00,276.53,276.53,276.32999,276.32999,29641
2026-02-05 19:48:00,276.37,276.47,276.28329,276.41501,25097
2026-02-05 19:49:00,276.42001,276.47,276.3801,276.47,37676
2026-02-05 19:50:00,276.45999,276.60001,276.35001,276.41,65750
2026-02-05 19:51:00,276.35999,276.63,276.34921,276.52899,28430
2026-02-05 19:52:00,276.53,276.62,276.44,276.57001,27694
2026-02-05 19:53:00,276.60999,276.78,276.4801,276.54001,50322
2026-02-05 19:54:00,276.54999,276.62,276.3161,276.48999,51679
2026-02-05 19:55:00,276.53,276.66501,276.51749,276.54001,39846
2026-02-05 19:56:00,276.5351,276.60001,276.32001,276.42999,33777
2026-02-05 19:57:00,276.44,276.56,276.39999,276.48999,73595
2026-02-05 19:58:00,276.48001,276.54999,276.34,276.51999,34109
2026-02-05 19:59:00,276.56,276.76999,276.51001,276.70999,51973
2026-02-05 20:00:00,276.72,276.75,276.57999,276.63,40856
2026-02-05 20:01:00,276.60999,276.94,276.54001,276.94,39847
2026-02-05 20:02:00,276.94,277.07001,276.88,277.0,41193
2026-02-05 20:03:00,277.0,277.09,276.97,277.05499,31889
2026-02-05 20:04:00,277.06,277.10999,276.98999,277.09991,47373
2026-02-05 20:05:00,277.06,277.10001,276.91,276.97,47519
2026-02-05 20:06:00,276.95001,277.23001,276.92621,277.01001,78153
2026-02-05 20:07:00,277.01999,277.39001,277.01999,277.35999,54814
2026-02-05 20:08:00,277.35999,277.48999,277.32001,277.37451,115792
2026-02-05 20:09:00,277.39999,277.72,277.38,277.57101,79285
2026-02-05 20:10:00,277.57999,277.67999,277.32999,277.45001,56141
2026-02-05 20:11:00,277.44,277.48001,277.22,277.29999,82026
2026-02-05 20:12:00,277.31,277.38,276.63791,276.64001,85919
2026-02-05 20:13:00,276.64999,276.76999,276.51001,276.73001,71577
2026-02-05 20:14:00,276.6962,276.82001,276.57999,276.58011,64717
2026-02-05 20:15:00,276.61401,276.67001,276.185,276.185,55059
2026-02-05 20:16:00,276.20499,276.26001,276.10999,276.1701,64689
2026-02-05 20:17:00,276.16599,276.41,276.16599,276.22931,56038
2026-02-05 20:18:00,276.20999,276.42999,276.20999,276.42999,46315
2026-02-05 20:19:00,276.45001,276.5668,276.42001,276.48001,66202
2026-02-05 20:20:00,276.4325,276.57001,276.31,276.42001,52956
2026-02-05 20:21:00,276.41,276.42999,276.22,276.34,36554
2026-02-05 20:22:00,276.34,276.48001,276.25,276.28,33347
2026-02-05 20:23:00,276.29001,276.5,276.20001,276.42999,74734
2026-02-05 20:24:00,276.45001,276.54001,276.14999,276.14999,74796
2026-02-05 20:25:00,276.17999,276.29999,276.14999,276.20001,34656
2026-02-05 20:26:00,276.20999,276.41,276.19,276.2851,50134
2026-02-05 20:27:00,276.29001,276.39999,276.19,276.34,44949
2026-02-05 20:28:00,276.32999,276.5,276.32001,276.5,40021
2026-02-05 20:29:00,276.48999,276.64001,276.44,276.63,68830
2026-02-05 20:30:00,276.63,276.91,276.625,276.785,73393
2026-02-05 20:31:00,276.78,276.85999,276.56,276.70999,57786
2026-02-05 20:32:00,276.70999,276.79001,276.62,276.75,57300
2026-02-05 20:33:00,276.72,276.79999,276.35501,276.46329,88662
2026-02-05 20:34:00,276.48999,276.535,276.23001,276.29001,63321
2026-02-05 20:35:00,276.29999,276.35999,276.1601,276.23999,48298
2026-02-05 20:36:00,276.20551,276.31989,275.94,276.06009,119427
2026-02-05 20:37:00,276.06,276.44,276.06,276.39001,49622
2026-02-05 20:38:00,276.37009,276.54999,276.32999,276.51001,35604
2026-02-05 20:39:00,276.54001,276.64999,276.51501,276.56,50393
2026-02-05 20:40:00,276.5799,276.79999,276.48001,276.70999,89608
2026-02-05 20:41:00,276.70999,276.76001,276.63,276.655,39366
2026-02-05 20:42:00,276.67001,276.72,276.45999,276.5,66920
2026-02-05 20:43:00,276.45999,276.6037,275.92001,275.92999,177471
2026-02-05 20:44:00,275.92999,275.98001,275.35001,275.45001,169672
2026-02-05 20:45:00,275.39499,275.715,275.38,275.70001,108233
2026-02-05 20:46:00,275.70001,276.14001,275.70001,276.10999,55256
2026-02-05 20:47:00,276.12,276.12,275.79999,275.95001,62526
2026-02-05 20:48:00,275.95999,276.13,275.8165,276.10999,65015
2026-02-05 20:49:00,276.04999,276.37,275.92999,276.29001,78229
2026-02-05 20:50:00,276.31,276.57999,276.19,276.30499,122631
2026-02-05 20:51:00,276.29001,276.34,276.17041,276.29001,102008
2026-02-05 20:52:00,276.29001,276.29001,275.64001,275.88,91725
2026-02-05 20:53:00,275.85001,275.86499,275.54001,275.76001,107790
2026-02-05 20:54:00,275.76001,276.215,275.39001,276.17999,136093
2026-02-05 20:55:00,276.17499,276.35001,275.60001,276.35001,225040
2026-02-05 20:56:00,276.35001,276.37,276.20001,276.32001,240151
2026-02-05 20:57:00,276.32001,276.38,276.14999,276.38,321078
2026-02-05 20:58:00,276.37,276.47,276.06,276.17001,307018
2026-02-05 20:59:00,276.17001,276.20001,275.88,275.92001,781077
2026-02-06 14:30:00,277.16,278.72,277.0,278.54999,1930177
2026-02-06 14:31:00,278.5,279.25,277.245,277.48001,8531
2026-02-06 14:32:00,277.51501,278.55841,277.48001,278.52829,215194
2026-02-06 14:33:00,278.5,279.47,278.26001,279.26999,214085
2026-02-06 14:34:00,279.25,279.34,278.44,278.53,146720
2026-02-06 14:35:00,278.57001,278.79361,277.97,277.98001,132632
2026-02-06 14:36:00,277.97009,278.78,277.64999,278.76001,146800
2026-02-06 14:37:00,278.73499,279.34,278.69,279.31,181143
2026-02-06 14:38:00,279.32999,279.92499,279.31,279.76501,307193
2026-02-06 14:39:00,279.82999,279.91,278.91,279.28,218091
2026-02-06 14:40:00,279.25,279.871,279.20001,279.60999,210142
2026-02-06 14:41:00,279.57999,279.92999,279.57001,279.63,133071
2026-02-06 14:42:00,279.63,279.84,279.59,279.81,12303
2026-02-06 14:43:00,279.22,279.32999,278.82639,279.28,147520
2026-02-06 14:44:00,279.32001,279.59,278.9165,279.17001,103455
2026-02-06 14:45:00,279.23999,279.42499,279.13,279.26999,488862
2026-02-06 14:46:00,279.32999,279.59,279.04001,279.29501,104221
2026-02-06 14:47:00,279.29999,279.5,279.20001,279.465,117245
2026-02-06 14:48:00,279.45001,279.465,278.95999,279.1925,107102
2026-02-06 14:49:00,279.22,279.82999,279.17499,279.48001,157976
2026-02-06 14:50:00,279.49249,279.98999,279.49249,279.88,218406
2026-02-06 14:51:00,279.89001,280.48999,279.8501,280.31,599253
2026-02-06 14:52:00,280.31,280.48999,279.88,280.23499,145234
2026-02-06 14:53:00,280.25,280.45001,280.17999,280.35001,109373
2026-02-06 14:54:00,280.35001,280.35999,279.79999,279.965,88783
2026-02-06 14:55:00,279.98999,280.12,279.70001,279.98999,126167
2026-02-06 14:56:00,280.0,280.06,279.32001,279.47,543865
2026-02-06 14:57:00,279.54999,280.03,279.53,279.935,151262
2026-02-06 14:58:00,279.95999,280.48001,279.92001,280.45001,114907
2026-02-06 14:59:00,280.37,280.73999,280.35001,280.52499,147629
2026-02-06 15:00:00,280.54001,280.70999,280.44,280.64999,112681
2026-02-06 15:01:00,280.73001,280.905,280.42001,280.51001,111485
2026-02-06 15:02:00,280.47,280.47501,279.66,279.79999,142922
2026-02-06 15:03:00,279.76999,280.03,279.73499,279.86499,133017
2026-02-06 15:04:00,279.85999,280.35001,279.59,280.35001,144709
2026-02-06 15:05:00,280.37,280.56,280.05301,280.26639,140247
2026-02-06 15:06:00,280.31,280.34,279.48001,279.59,99633
2026-02-06 15:07:00,279.69,280.09,279.64001,280.04001,101678
2026-02-06 15:08:00,280.04999,280.12,279.78,279.97,98174
2026-02-06 15:09:00,279.95001,280.04001,279.54999,279.56,185980
2026-02-06 15:10:00,279.56,279.92999,279.48001,279.92999,176636
2026-02-06 15:11:00,279.935,280.25,279.81,279.85999,148613
2026-02-06 15:12:00,279.84,279.91,279.48999,279.53,78217
2026-02-06 15:13:00,279.57501,279.63501,279.345,279.345,89641
2026-02-06 15:14:00,279.35001,279.37,279.04001,279.14001,173431
2026-02-06 15:15:00,279.14001,279.26001,278.92001,279.10999,235242
2026-02-06 15:16:00,279.12,279.13,278.55029,278.73999,116859
2026-02-06 15:17:00,278.75,278.95999,278.53,278.82001,150672
2026-02-06 15:18:00,278.79999,279.12,278.51001,279.01999,163991
2026-02-06 15:19:00,279.07001,279.14999,278.85999,279.03009,85834
2026-02-06 15:20:00,279.04999,279.29999,278.98999,279.01001,50556
2026-02-06 15:21:00,279.01001,279.32001,278.95001,279.09,95740
2026-02-06 15:22:00,279.09,279.25,278.98999,279.22,54405
2026-02-06 15:23:00,279.19,279.23999,279.04681,279.0798,85752
2026-02-06 15:24:00,279.09,279.12,278.85001,278.8541,87507
2026-02-06 15:25:00,278.89499,279.12,278.74011,279.065,77575
2026-02-06 15:26:00,279.14001,279.89999,279.10001,279.79999,83610
2026-02-06 15:27:00,279.85001,279.85999,279.44,279.565,83776
2026-02-06 15:28:00,279.57001,279.82001,279.28,279.34,83798
2026-02-06 15:29:00,279.39001,279.39001,279.04001,279.29001,58042
2026-02-06 15:30:00,279.29999,279.57971,279.19,279.41501,75950
2026-02-06 15:31:00,279.39999,279.51999,279.16,279.5,101268
2026-02-06 15:32:00,279.53,279.7298,279.45001,279.495,73140
2026-02-06 15:33:00,279.495,279.79001,279.44,279.73001,87721
2026-02-06 15:34:00,279.73499,279.95001,279.48999,279.56,162933
2026-02-06 15:35:00,279.56,279.94,279.5,279.89999,55365
2026-02-06 15:36:00,279.92001,279.94,279.48001,279.53989,47864
2026-02-06 15:37:00,279.535,279.85001,279.48001,279.52499,58353
2026-02-06 15:38:00,279.48001,279.70001,279.47,279.57999,48946
2026-02-06 15:39:00,279.59,279.8699,279.54001,279.73001,42199
2026-02-06 15:40:00,279.73999,279.88,279.64001,279.76001,44516
2026-02-06 15:41:00,279.73999,279.81,279.64999,279.67499,37730
2026-02-06 15:42:00,279.755,279.84,279.66,279.67001,34189
2026-02-06 15:43:00,279.69,279.85001,279.5,279.53,48813
2026-02-06 15:44:00,279.51501,279.63,279.48999,279.51001,38690
2026-02-06 15:45:00,279.50681,279.75,279.50681,279.67001,39828
2026-02-06 15:46:00,279.72501,279.76999,279.59009,279.69,37412
2026-02-06 15:47:00,279.70001,279.72,279.5416,279.56,30641
2026-02-06 15:48:00,279.54999,279.57501,279.34,279.37,79519
2026-02-06 15:49:00,279.38,279.44,279.32001,279.32001,54273
2026-02-06 15:50:00,279.32999,279.35999,278.9024,278.95999,143666
2026-02-06 15:51:00,278.95999,279.07999,278.85999,278.97,146713
2026-02-06 15:52:00,278.98999,279.28,278.655,278.66,95801
2026-02-06 15:53:00,278.64499,278.82001,278.63031,278.69501,56775
2026-02-06 15:54:00,278.72,278.89001,278.57999,278.58011,62091
2026-02-06 15:55:00,278.60999,278.92999,278.35001,278.85999,119677
2026-02-06 15:56:00,278.89999,279.039,278.875,278.965,960441
2026-02-06 15:57:00,278.92999,279.01999,278.82999,278.92499,58216
2026-02-06 15:58:00,278.901,279.04999,278.85001,278.87,48924
2026-02-06 15:59:00,278.87,279.07999,278.79001,278.815,71727
2026-02-06 16:00:00,278.81,278.94,278.53021,278.89999,86455
2026-02-06 16:01:00,278.905,279.26001,278.8801,279.245,72389
2026-02-06 16:02:00,279.245,279.37,279.14169,279.17999,58579
2026-02-06 16:03:00,279.19,279.31,279.095,279.20999,36322
2026-02-06 16:04:00,279.2001,279.26999,278.85999,279.246,44939
2026-02-06 16:05:00,279.26001,279.44,279.23001,279.23499,63815
2026-02-06 16:06:00,279.25,279.26999,279.0,279.185,53563
2026-02-06 16:07:00,279.255,279.435,279.23001,279.3158,53367
2026-02-06 16:08:00,279.29999,279.35999,279.23001,279.32999,47915
2026-02-06 16:09:00,279.32001,279.38,279.13501,279.13501,43361
2026-02-06 16:10:00,279.14001,279.215,278.98999,279.04999,66076
2026-02-06 16:11:00,279.02499,279.02499,278.5744,278.84052,80271
2026-02-06 16:12:00,278.82001,278.91501,278.49249,278.49249,72125
2026-02-06 16:13:00,278.51001,278.87,278.48999,278.70999,64059
2026-02-06 16:14:00,278.79999,279.05499,278.75,278.95999,474216
2026-02-06 16:15:00,278.98001,279.1011,278.957,278.97501,53769
2026-02-06 16:16:00,278.98001,279.09,278.89001,278.92499,72158
2026-02-06 16:17:00,278.92001,279.16,278.81,279.14999,72260
2026-02-06 16:18:00,279.1499,279.26999,279.09,279.16,53492
2026-02-06 16:19:00,279.22571,279.35999,279.17999,279.285,321112
2026-02-06 16:20:00,279.60681,279.63309,279.35159,279.39999,86236
2026-02-06 16:21:00,279.41,279.51001,279.31,279.39001,49090
2026-02-06 16:22:00,279.38,279.44,279.06,279.14001,45879
2026-02-06 16:23:00,279.14999,279.27499,279.04999,279.25,59665
2026-02-06 16:24:00,279.25,279.66,279.22,279.64001,77142
2026-02-06 16:25:00,279.60999,279.64999,279.44501,279.47,40635
2026-02-06 16:26:00,279.47021,279.47021,279.07001,279.17999,60818
2026-02-06 16:27:00,279.17999,279.20001,279.04001,279.17999,106206
2026-02-06 16:28:00,279.20001,279.26001,279.04999,279.19,46834
2026-02-06 16:29:00,279.19,279.29001,278.98999,279.11499,70913
2026-02-06 16:30:00,279.10001,279.25,279.0,279.14999,77204
2026-02-06 16:31:00,279.14999,279.42499,279.06,279.42499,53142
2026-02-06 16:32:00,279.41,279.5488,279.37,279.48999,39181
2026-02-06 16:33:00,279.504,279.53,279.095,279.12,41761
2026-02-06 16:34:00,279.1001,279.29001,279.09,279.25009,43201
2026-02-06 16:35:00,279.28,279.42499,279.16,279.39999,46235
2026-02-06 16:36:00,279.41,279.45001,279.23499,279.45001,57571
2026-02-06 16:37:00,279.39999,279.41779,279.20999,279.35001,54877
2026-02-06 16:38:00,279.35501,279.72,279.35501,279.54999,53097
2026-02-06 16:39:00,279.54501,279.72369,279.54501,279.64999,44568
2026-02-06 16:40:00,279.64999,279.66989,279.51001,279.56,38526
2026-02-06 16:41:00,279.57001,279.67001,279.45999,279.51999,47068
2026-02-06 16:42:00,279.51999,279.53,279.20999,279.31,73132
2026-02-06 16:43:00,279.30499,279.51001,279.30499,279.38501,62313
2026-02-06 16:44:00,279.37,279.39499,279.23999,279.34,62676
2026-02-06 16:45:00,279.37,279.37,279.23001,279.23999,39434
2026-02-06 16:46:00,279.23999,279.37,279.14499,279.35999,81332
2026-02-06 16:47:00,279.35999,279.42001,279.22501,279.23999,34757
2026-02-06 16:48:00,279.23999,279.42999,279.23001,279.345,42889
2026-02-06 16:49:00,279.29999,279.465,279.23999,279.41,47340
2026-02-06 16:50:00,279.42001,279.66501,279.39999,279.60001,94122
2026-02-06 16:51:00,279.6059,279.73999,279.59,279.72,76955
2026-02-06 16:52:00,279.7189,279.75,279.51999,279.54501,81167
2026-02-06 16:53:00,279.54999,279.70001,279.54999,279.67999,61799
2026-02-06 16:54:00,279.69,279.70001,279.57001,279.685,69905
2026-02-06 16:55:00,279.67999,279.77499,279.14999,279.14999,98739
2026-02-06 16:56:00,279.16501,279.31,279.07999,279.14511,71398
2026-02-06 16:57:00,279.14999,279.32001,279.10001,279.32001,73831
2026-02-06 16:58:00,279.32501,279.32999,279.07001,279.13,66690
2026-02-06 16:59:00,279.10501,279.22,278.87,279.08499,90207
2026-02-06 17:00:00,279.04999,279.22,278.95999,279.10001,41000
2026-02-06 17:01:00,279.10599,279.34,278.99899,279.33499,33947
2026-02-06 17:02:00,279.35001,279.37,279.14011,279.19501,33055
2026-02-06 17:03:00,279.2305,279.38,279.14499,279.35001,22530
2026-02-06 17:04:00,279.34,279.45999,279.31,279.41501,24635
2026-02-06 17:05:00,279.45499,279.47,279.14999,279.15149,33890
2026-02-06 17:06:00,279.16501,279.29001,279.16,279.26999,28791
2026-02-06 17:07:00,279.26999,279.42999,279.20001,279.285,42161
2026-02-06 17:08:00,279.31,279.38501,279.24649,279.29999,25768
2026-02-06 17:09:00,279.29001,279.435,279.23999,279.26999,42492
2026-02-06 17:10:00,279.26999,279.38,279.19,279.29001,24961
2026-02-06 17:11:00,279.28,279.42999,279.26001,279.41,45711
2026-02-06 17:12:00,279.40491,279.42999,279.0,279.10901,96017
2026-02-06 17:13:00,279.12,279.13501,278.94,279.07999,35813
2026-02-06 17:14:00,279.09009,279.14001,279.06,279.09009,38564
2026-02-06 17:15:00,279.09,279.12,278.82999,278.85199,29899
2026-02-06 17:16:00,278.84,279.04001,278.793,279.01001,42059
2026-02-06 17:17:00,279.01001,279.10999,278.81049,279.07001,84134
2026-02-06 17:18:00,279.07999,279.10501,278.9101,279.06,36922
2026-02-06 17:19:00,279.0701,279.23679,279.06,279.06,48306
2026-02-06 17:20:00,279.06,279.06,278.79999,278.83499,39876
2026-02-06 17:21:00,278.81,278.85001,278.72,278.72,33703
2026-02-06 17:22:00,278.72,278.72,278.60999,278.69501,31355
2026-02-06 17:23:00,278.66,278.70999,278.57999,278.67001,44905
2026-02-06 17:24:00,278.67999,278.73499,278.51999,278.5499,28083
2026-02-06 17:25:00,278.5401,278.56909,278.37,278.39001,30810
2026-02-06 17:26:00,278.39499,278.39499,278.23999,278.34,60587
2026-02-06 17:27:00,278.35001,278.45001,278.28,278.44,46511
2026-02-06 17:28:00,278.45999,278.5,278.31,278.45999,42289
2026-02-06 17:29:00,278.51999,278.75989,278.51999,278.67999,45689
2026-02-06 17:30:00,278.70999,278.79999,278.54501,278.54501,46064
2026-02-06 17:31:00,278.54999,278.60001,278.45999,278.51001,41838
2026-02-06 17:32:00,278.51001,278.62,278.51001,278.54001,31585
2026-02-06 17:33:00,278.51001,278.53,278.39999,278.42001,49490
2026-02-06 17:34:00,278.42999,278.50989,278.23001,278.24091,44697
2026-02-06 17:35:00,278.22,278.22501,277.89999,277.97,84002
2026-02-06 17:36:00,277.92499,278.20001,277.89999,278.14499,59506
2026-02-06 17:37:00,278.06,278.17001,277.89999,277.935,55451
2026-02-06 17:38:00,277.95001,278.12,277.95001,278.06,49436
2026-02-06 17:39:00,278.04501,278.25,278.0,278.23499,45482
2026-02-06 17:40:00,278.23999,278.32001,278.07001,278.16,45360
2026-02-06 17:41:00,278.20001,278.26501,278.10001,278.155,30384
2026-02-06 17:42:00,278.19,278.29999,278.14499,278.23499,42531
2026-02-06 17:43:00,278.22501,278.24911,278.04001,278.19,30776
2026-02-06 17:44:00,278.19501,278.32999,278.19501,278.32999,18934
2026-02-06 17:45:00,278.32999,278.45999,278.26999,278.34,53344
2026-02-06 17:46:00,278.33499,278.45001,278.31,278.32001,28615
2026-02-06 17:47:00,278.31,278.35999,278.22,278.32001,33825
2026-02-06 17:48:00,278.32001,278.42499,278.31,278.42001,35043
2026-02-06 17:49:00,278.42001,278.47,278.23499,278.38,44702
2026-02-06 17:50:00,278.37881,278.44,278.35001,278.38,42823
2026-02-06 17:51:00,278.37,278.439,278.17999,278.439,47460
2026-02-06 17:52:00,278.42001,278.42001,278.20001,278.22751,60006
2026-02-06 17:53:00,278.22,278.29001,278.17999,278.29001,56564
2026-02-06 17:54:00,278.29001,278.37,278.19,278.19501,42611
2026-02-06 17:55:00,278.19501,278.255,278.17001,278.20001,28074
2026-02-06 17:56:00,278.215,278.28,278.14999,278.15991,34646
2026-02-06 17:57:00,278.14001,278.19501,278.11499,278.17499,35156
2026-02-06 17:58:00,278.17499,278.285,278.16,278.23999,34907
2026-02-06 17:59:00,278.26999,278.31,278.22,278.29501,41365
2026-02-06 18:00:00,278.29501,278.39001,278.254,278.31,44137
2026-02-06 18:01:00,278.31,278.3992,278.26999,278.3992,33626
2026-02-06 18:02:00,278.39001,278.42999,278.34,278.35501,50328
2026-02-06 18:03:00,278.35501,278.48001,278.30701,278.44,31528
2026-02-06 18:04:00,278.44,278.63501,278.42001,278.57941,59096
2026-02-06 18:05:00,278.5799,278.664,278.54001,278.64001,46480
2026-02-06 18:06:00,278.64999,278.68619,278.51999,278.54001,50259
2026-02-06 18:07:00,278.54999,278.57001,278.37,278.38,33546
2026-02-06 18:08:00,278.38,278.45001,278.27991,278.39999,34646
2026-02-06 18:09:00,278.35999,278.42001,278.27011,278.37,32599
2026-02-06 18:10:00,278.345,278.64999,278.345,278.59,84565
2026-02-06 18:11:00,278.55499,278.55499,278.42001,278.51999,45225
2026-02-06 18:12:00,278.51501,278.58011,278.44,278.44,32316
2026-02-06 18:13:00,278.44,278.44,278.32001,278.37,48337
2026-02-06 18:14:00,278.37,278.37,278.23999,278.34,38833
2026-02-06 18:15:00,278.32001,278.38,278.1601,278.1601,247184
2026-02-06 18:16:00,278.17801,278.38,278.17001,278.34,43616
2026-02-06 18:17:00,278.345,278.41,278.30499,278.36499,50638
2026-02-06 18:18:00,278.35999,278.48001,278.31009,278.34,26847
2026-02-06 18:19:00,278.34,278.42999,278.31,278.4101,27656
2026-02-06 18:20:00,278.41,278.44501,278.32001,278.40009,43281
2026-02-06 18:21:00,278.40311,278.52499,278.35999,278.39999,45677
2026-02-06 18:22:00,278.38,278.44,278.29999,278.29999,48349
2026-02-06 18:23:00,278.29999,278.31,278.10999,278.17001,41383
2026-02-06 18:24:00,278.16,278.17999,277.98001,278.04001,46148
2026-02-06 18:25:00,278.0322,278.09,277.98999,278.07001,34338
2026-02-06 18:26:00,278.07001,278.185,277.98001,277.98001,25897
2026-02-06 18:27:00,277.98001,277.98001,277.73999,277.76001,37255
2026-02-06 18:28:00,277.75961,277.85001,277.54999,277.54999,75320
2026-02-06 18:29:00,277.54999,277.85001,277.49011,277.77499,61983
2026-02-06 18:30:00,277.79999,277.815,277.60999,277.61249,63795
2026-02-06 18:31:00,277.60999,277.63,277.53,277.59,37323
2026-02-06 18:32:00,277.57001,277.57001,277.38379,277.39001,44785
2026-02-06 18:33:00,277.38,277.54001,277.32999,277.38,42452
2026-02-06 18:34:00,277.3938,277.44,277.31,277.35999,43005
2026-02-06 18:35:00,277.37,277.38,277.22,277.22,40715
2026-02-06 18:36:00,277.23001,277.33899,277.19,277.26999,35372
2026-02-06 18:37:00,277.25,277.25,277.1203,277.20001,37240
2026-02-06 18:38:00,277.20001,277.20999,277.09,277.16,43706
2026-02-06 18:39:00,277.14001,277.17001,277.04999,277.06,32923
2026-02-06 18:40:00,277.05042,277.20001,277.04999,277.17999,38539
2026-02-06 18:41:00,277.17001,277.20999,277.04419,277.07001,52560
2026-02-06 18:42:00,277.07001,277.19501,277.04001,277.17999,26239
2026-02-06 18:43:00,277.19,277.29999,277.17691,277.20001,43677
2026-02-06 18:44:00,277.17899,277.67999,277.14001,277.6235,148272
2026-02-06 18:45:00,277.61499,277.76001,277.41,277.42001,75162
2026-02-06 18:46:00,277.42499,277.4704,277.22,277.27661,52276
2026-02-06 18:47:00,277.26001,277.40948,277.23999,277.32001,22671
2026-02-06 18:48:00,277.31,277.35999,277.16,277.2099,41181
2026-02-06 18:49:00,277.19,277.245,277.14911,277.22009,28825
2026-02-06 18:50:00,277.22989,277.45999,277.20001,277.20001,55685
2026-02-06 18:51:00,277.20001,277.23001,276.97,277.03,71361
2026-02-06 18:52:00,277.03,277.10999,276.92499,277.07001,41887
2026-02-06 18:53:00,277.07501,277.16,277.02499,277.10001,43497
2026-02-06 18:54:00,277.10999,277.14999,277.01001,277.09,43044
2026-02-06 18:55:00,277.07001,277.20999,277.0,277.1701,52208
2026-02-06 18:56:00,277.17001,277.28,277.09,277.16699,31697
2026-02-06 18:57:00,277.14999,277.19,277.04999,277.19,41333
2026-02-06 18:58:00,277.19,277.34799,277.17499,277.22,53295
2026-02-06 18:59:00,277.22,277.48999,277.14001,277.48001,52800
2026-02-06 19:00:00,277.48999,277.54001,277.38,277.45999,43511
2026-02-06 19:01:00,277.48001,277.57999,277.401,277.54999,44381
2026-02-06 19:02:00,277.5799,277.73001,277.57001,277.67999,67605
2026-02-06 19:03:00,277.66,277.70001,277.57101,277.62,26074
2026-02-06 19:04:00,277.603,277.73999,277.53,277.53,50314
2026-02-06 19:05:00,277.505,277.69,277.505,277.66,28808
2026-02-06 19:06:00,277.67001,277.73999,277.54001,277.69,35252
2026-02-06 19:07:00,277.68689,277.87,277.68689,277.87,39621
2026-02-06 19:08:00,277.85501,277.95999,277.84201,277.88989,46641
2026-02-06 19:09:00,277.89001,277.92001,277.6207,277.69,35769
2026-02-06 19:10:00,277.70001,277.72,277.60999,277.715,31150
2026-02-06 19:11:00,277.72,277.785,277.57501,277.57501,21087
2026-02-06 19:12:00,277.56,277.67499,277.44,277.45999,41547
2026-02-06 19:13:00,277.465,277.54001,277.37589,277.38,35424
2026-02-06 19:14:00,277.37009,277.48001,277.34,277.44,42211
2026-02-06 19:15:00,277.44,277.67999,277.44,277.61081,26734
2026-02-06 19:16:00,277.61099,277.69,277.53,277.53,26750
2026-02-06 19:17:00,277.5,277.53,277.42001,277.53,28988
2026-02-06 19:18:00,277.54001,277.92999,277.54001,277.82001,88858
2026-02-06 19:19:00,277.82501,277.85001,277.73999,277.79001,36589
2026-02-06 19:20:00,277.81,277.89999,277.66,277.66,30445
2026-02-06 19:21:00,277.67001,277.67001,277.45999,277.495,32217
2026-02-06 19:22:00,277.5,277.67001,277.47,277.62,39678
2026-02-06 19:23:00,277.60999,277.73499,277.59601,277.66,23049
2026-02-06 19:24:00,277.6601,277.67081,277.54001,277.62,25384
2026-02-06 19:25:00,277.62,277.63501,277.41,277.41,36139
2026-02-06 19:26:00,277.405,277.41,277.215,277.22,42857
2026-02-06 19:27:00,277.2699,277.315,277.14999,277.20999,39958
2026-02-06 19:28:00,277.22,277.32001,277.20499,277.28,25688
2026-02-06 19:29:00,277.28,277.28,277.13,277.13,18332
2026-02-06 19:30:00,277.13,277.20999,277.08499,277.16,46740
2026-02-06 19:31:00,277.16,277.185,277.04999,277.10501,32355
2026-02-06 19:32:00,277.09,277.14001,277.01999,277.0401,33009
2026-02-06 19:33:00,277.04999,277.10999,277.0,277.09,28474
2026-02-06 19:34:00,277.09,277.10999,276.995,277.0903,34416
2026-02-06 19:35:00,277.0903,277.19,277.0701,277.18011,33552
2026-02-06 19:36:00,277.19501,277.42001,277.19299,277.36499,30597
2026-02-06 19:37:00,277.35001,277.35501,277.10999,277.1199,20809
2026-02-06 19:38:00,277.10999,277.37,277.10999,277.26501,27616
2026-02-06 19:39:00,277.26001,277.26999,277.19,277.26999,30167
2026-02-06 19:40:00,277.26999,277.34,277.22,277.25,19966
2026-02-06 19:41:00,277.25,277.28009,277.19,277.26001,18193
2026-02-06 19:42:00,277.26511,277.29999,277.19,277.26001,28361
2026-02-06 19:43:00,277.25,277.285,277.17001,277.20999,33453
2026-02-06 19:44:00,277.20001,277.32001,277.185,277.23001,40068
2026-02-06 19:45:00,277.23999,277.42001,277.22,277.405,39710
2026-02-06 19:46:00,277.405,277.47,277.35999,277.47,33611
2026-02-06 19:47:00,277.474,277.75,277.44,277.73999,41814
2026-02-06 19:48:00,277.73999,277.935,277.69,277.92001,55122
2026-02-06 19:49:00,277.92001,277.94,277.72,277.73999,44875
2026-02-06 19:50:00,277.72501,277.92001,277.72501,277.92001,48045
2026-02-06 19:51:00,277.92001,278.19,277.92001,278.14999,102330
2026-02-06 19:52:00,278.14999,278.272,278.09,278.23999,86155
2026-02-06 19:53:00,278.23001,278.26001,278.07001,278.20001,50740
2026-02-06 19:54:00,278.20499,278.31,278.19,278.26999,63588
2026-02-06 19:55:00,278.26999,278.60001,278.26999,278.5683,81928
2026-02-06 19:56:00,278.57001,278.57001,278.41,278.44,67336
2026-02-06 19:57:00,278.42499,278.57159,278.42499,278.5,74429
2026-02-06 19:58:00,278.48999,278.62,278.45999,278.60001,37378
2026-02-06 19:59:00,278.625,278.64499,278.5502,278.57999,61031
2026-02-06 20:00:00,278.565,278.63,278.48999,278.565,54256
2026-02-06 20:01:00,278.57001,278.57999,278.48001,278.57999,40357
2026-02-06 20:02:00,278.57999,278.75,278.54999,278.75,53500
2026-02-06 20:03:00,278.75,278.75,278.62,278.711,40825
2026-02-06 20:04:00,278.715,278.73499,278.59,278.68689,57194
2026-02-06 20:05:00,278.69,278.72,278.39499,278.42001,62530
2026-02-06 20:06:00,278.41,278.44,278.22,278.38501,56104
2026-02-06 20:07:00,278.39001,278.39001,278.22501,278.22501,25223
2026-02-06 20:08:00,278.22501,278.32501,278.20001,278.28,67907
2026-02-06 20:09:00,278.26999,278.32999,278.065,278.06909,42757
2026-02-06 20:10:00,278.06,278.3331,278.03,278.285,56912
2026-02-06 20:11:00,278.29001,278.31,278.17999,278.20001,30248
2026-02-06 20:12:00,278.22,278.285,278.07001,278.11499,57838
2026-02-06 20:13:00,278.12,278.13,277.88,277.92499,70798
2026-02-06 20:14:00,277.92499,277.95001,277.85001,277.85001,55501
2026-02-06 20:15:00,277.85001,277.94,277.815,277.89401,56833
2026-02-06 20:16:00,277.89001,277.91,277.76031,277.80859,57226
2026-02-06 20:17:00,277.79999,277.85001,277.73499,277.73999,60476
2026-02-06 20:18:00,277.73141,278.07999,277.72501,278.04001,155875
2026-02-06 20:19:00,278.04001,278.07001,277.70001,277.84,53497
2026-02-06 20:20:00,277.82999,278.01999,277.67999,277.845,67469
2026-02-06 20:21:00,277.845,277.85999,277.70999,277.73999,63746
2026-02-06 20:22:00,277.745,277.88,277.715,277.81,44904
2026-02-06 20:23:00,277.79999,277.95999,277.76501,277.95001,69880
2026-02-06 20:24:00,277.95999,278.32999,277.95441,278.09,100593
2026-02-06 20:25:00,278.10001,278.10001,277.66,277.69,112136
2026-02-06 20:26:00,277.69,277.73901,277.59,277.64999,48489
2026-02-06 20:27:00,277.64001,277.94,277.56,277.78,93651
2026-02-06 20:28:00,277.79001,277.87,277.745,277.77499,39895
2026-02-06 20:29:00,277.76001,277.78,277.60999,277.66,44011
2026-02-06 20:30:00,277.655,277.89499,277.57001,277.89499,270988
2026-02-06 20:31:00,277.89999,278.16989,277.82999,278.08249,77871
2026-02-06 20:32:00,278.09,278.09,277.95001,278.04001,43138
2026-02-06 20:33:00,278.04001,278.06,277.97,278.01001,44946
2026-02-06 20:34:00,278.005,278.03989,277.89999,277.89999,58520
2026-02-06 20:35:00,277.89001,277.98001,277.845,277.87,43240
2026-02-06 20:36:00,277.86011,277.86011,277.64999,277.66,40149
2026-02-06 20:37:00,277.66501,277.76501,277.66422,277.76501,35988
2026-02-06 20:38:00,277.76001,277.82999,277.74069,277.81,37962
2026-02-06 20:39:00,277.79999,277.85001,277.73001,277.85001,39814
2026-02-06 20:40:00,277.85001,277.94101,277.79001,277.815,41532
2026-02-06 20:41:00,277.81,277.95001,277.80011,277.95001,50970
2026-02-06 20:42:00,277.95001,278.315,277.95001,278.10001,68852
2026-02-06 20:43:00,278.08899,278.14999,277.94501,277.94501,58295
2026-02-06 20:44:00,277.94501,278.12,277.94,278.10001,44360
2026-02-06 20:45:00,278.10001,278.23001,278.07999,278.22,41965
2026-02-06 20:46:00,278.22,278.45001,278.20999,278.39001,56467
2026-02-06 20:47:00,278.38,278.57501,278.26999,278.54999,61090
2026-02-06 20:48:00,278.54999,278.57999,278.29999,278.32001,58107
2026-02-06 20:49:00,278.31,278.31,278.07001,278.155,51817
2026-02-06 20:50:00,278.16,278.495,278.07001,278.42999,83448
2026-02-06 20:51:00,278.44,278.66,278.36499,278.63,110258
2026-02-06 20:52:00,278.63501,278.82999,278.57999,278.61499,105363
2026-02-06 20:53:00,278.63,278.92999,278.535,278.8699,121460
2026-02-06 20:54:00,278.87,278.87,278.57001,278.79001,120855
2026-02-06 20:55:00,278.79999,279.01001,278.51001,278.76001,140181
2026-02-06 20:56:00,278.73999,278.75,278.58499,278.59,111762
2026-02-06 20:57:00,278.59799,278.67001,278.42001,278.54999,127215
2026-02-06 20:58:00,278.51001,278.57999,278.29999,278.29999,266921
2026-02-06 20:59:00,278.29999,278.48001,278.04001,278.07999,841789
2026-02-09 14:30:00,277.905,278.04001,276.70001,276.70001,896993
2026-02-09 14:31:00,276.79001,277.35001,276.07001,276.29999,136191
2026-02-09 14:32:00,276.3685,276.59,275.98001,276.08499,132821
2026-02-09 14:33:00,276.04999,276.16,274.73999,274.82999,157936
2026-02-09 14:34:00,274.76001,275.17001,274.35999,274.84,142480
2026-02-09 14:35:00,274.64001,274.70001,273.78,273.81,215938
2026-02-09 14:36:00,273.845,274.16,273.54999,273.79001,156067
2026-02-09 14:37:00,273.79001,274.68991,273.79001,273.89001,133984
2026-02-09 14:38:00,273.85001,273.98001,273.48999,273.84,148125
2026-02-09 14:39:00,273.83499,274.82001,273.73999,274.35989,133362
2026-02-09 14:40:00,274.32999,274.64999,273.82001,273.95999,125616
2026-02-09 14:41:00,273.94,274.69501,273.88,274.263,76973
2026-02-09 14:42:00,274.22,274.39999,273.94,274.35999,101631
2026-02-09 14:43:00,274.32001,274.79001,274.19199,274.26999,121403
2026-02-09 14:44:00,274.27499,274.42001,274.09,274.3114,75978
2026-02-09 14:45:00,274.345,274.94,273.89999,273.92499,189600
2026-02-09 14:46:00,273.94,274.38,273.94,274.35001,75861
2026-02-09 14:47:00,274.35999,274.76999,273.73999,274.38,156753
2026-02-09 14:48:00,274.38,274.5,273.73999,273.92001,92734
2026-02-09 14:49:00,273.89001,274.0,273.47,273.63501,105553
2026-02-09 14:50:00,273.64001,274.04001,273.42001,273.42999,101170
2026-02-09 14:51:00,273.5029,274.0,273.48001,273.95001,135306
2026-02-09 14:52:00,273.95001,274.04001,273.16,273.28,114357
2026-02-09 14:53:00,273.27499,273.88,273.25,273.70001,79620
2026-02-09 14:54:00,273.63,274.45749,273.60999,274.45749,75445
2026-02-09 14:55:00,274.45999,274.77991,274.29999,274.33499,94882
2026-02-09 14:56:00,274.34,274.53,274.14001,274.51501,68395
2026-02-09 14:57:00,274.51501,274.51501,274.03,274.14001,41443
2026-02-09 14:58:00,274.14001,274.20999,273.67999,273.69501,85929
2026-02-09 14:59:00,273.70001,274.06,273.62,273.95999,70596
2026-02-09 15:00:00,273.95999,274.07999,273.67001,273.70001,75965
2026-02-09 15:01:00,273.66,273.73999,273.35999,273.35999,119329
2026-02-09 15:02:00,273.44,273.54999,273.04999,273.04999,103506
2026-02-09 15:03:00,273.07501,273.85001,273.04999,273.76001,121484
2026-02-09 15:04:00,273.78,273.85999,273.52499,273.715,65721
2026-02-09 15:05:00,273.66501,273.98001,273.60999,273.63501,88945
2026-02-09 15:06:00,273.64001,273.67001,273.44,273.48999,80551
2026-02-09 15:07:00,273.51001,273.98999,273.47,273.82001,54589
2026-02-09 15:08:00,273.79001,274.07001,273.75,273.76501,58072
2026-02-09 15:09:00,273.70999,273.73999,273.37,273.54999,45949
2026-02-09 15:10:00,273.5,273.7999,273.48999,273.73999,68447
2026-02-09 15:11:00,273.70999,273.89001,273.31,273.35001,71416
2026-02-09 15:12:00,273.35001,273.48001,273.20001,273.39499,76491
2026-02-09 15:13:00,273.39511,273.57999,273.35001,273.37,63392
2026-02-09 15:14:00,273.41,273.689,273.35999,273.51501,45388
2026-02-09 15:15:00,273.51999,273.70001,273.47,273.54001,58236
2026-02-09 15:16:00,273.54999,273.67621,273.35001,273.48999,54747
2026-02-09 15:17:00,273.51999,273.60501,273.47,273.59,58157
2026-02-09 15:18:00,273.60001,273.81,273.59659,273.66501,60461
2026-02-09 15:19:00,273.67499,274.01001,273.67499,274.0,80692
2026-02-09 15:20:00,274.04999,274.10001,273.9032,274.03,56233
2026-02-09 15:21:00,274.03,274.26001,273.89999,274.22,72300
2026-02-09 15:22:00,274.22501,274.22501,273.84,274.07999,62329
2026-02-09 15:23:00,274.13,274.19,273.85001,273.92001,74210
2026-02-09 15:24:00,273.91,273.94,273.70001,273.75,69055
2026-02-09 15:25:00,273.79001,273.82001,273.46011,273.48001,55587
2026-02-09 15:26:00,273.48001,273.51001,273.28,273.35001,60667
2026-02-09 15:27:00,273.34,273.53,273.07999,273.16,85167
2026-02-09 15:28:00,273.14001,273.26501,273.07001,273.23499,50552
2026-02-09 15:29:00,273.20999,273.31,273.06,273.0827,53764
2026-02-09 15:30:00,273.09,273.35999,273.06,273.35999,62343
2026-02-09 15:31:00,273.29999,273.48999,273.14001,273.285,62060
2026-02-09 15:32:00,273.31,273.34,273.10999,273.26639,42422
2026-02-09 15:33:00,273.28,273.45999,273.17999,273.45999,36565
2026-02-09 15:34:00,273.42001,273.60001,273.41501,273.48499,49567
2026-02-09 15:35:00,273.48499,273.54999,273.2301,273.33499,49370
2026-02-09 15:36:00,273.35999,273.53,273.29999,273.32999,39416
2026-02-09 15:37:00,273.32501,273.42499,273.17001,273.35001,35646
2026-02-09 15:38:00,273.39001,273.47,273.32001,273.4599,26983
2026-02-09 15:39:00,273.42001,273.51999,273.12,273.1384,38952
2026-02-09 15:40:00,273.14999,273.57001,273.14999,273.56,44096
2026-02-09 15:41:00,273.5795,273.75,273.41,273.42001,54032
2026-02-09 15:42:00,273.43799,273.47,273.20001,273.215,32803
2026-02-09 15:43:00,273.215,273.42999,273.19,273.38,31619
2026-02-09 15:44:00,273.42819,273.51999,273.31,273.42999,43265
2026-02-09 15:45:00,273.42999,273.51999,273.39001,273.51001,32025
2026-02-09 15:46:00,273.5,273.52499,273.23001,273.25,48022
2026-02-09 15:47:00,273.23001,273.29001,273.10449,273.15469,38777
2026-02-09 15:48:00,273.19,273.29999,273.08011,273.08011,48531
2026-02-09 15:49:00,273.07999,273.2699,273.0,273.20999,75323
2026-02-09 15:50:00,273.22,273.23001,272.81989,272.81989,85087
2026-02-09 15:51:00,272.82001,272.92999,272.76999,272.81,67521
2026-02-09 15:52:00,272.85001,272.95999,272.8345,272.91,37636
2026-02-09 15:53:00,272.89999,273.07001,272.79001,273.04001,53337
2026-02-09 15:54:00,273.04001,273.375,273.01999,273.3399,91034
2026-02-09 15:55:00,273.35999,273.44958,273.1189,273.1189,46003
2026-02-09 15:56:00,273.125,273.35001,273.10999,273.22,59800
2026-02-09 15:57:00,273.25,273.38,273.13,273.16,63708
2026-02-09 15:58:00,273.17001,273.29999,273.14001,273.23001,48868
2026-02-09 15:59:00,273.25989,273.45001,273.10001,273.25,71549
2026-02-09 16:00:00,273.2681,273.42999,273.26001,273.37,55749
2026-02-09 16:01:00,273.39001,273.44,273.27499,273.33499,55352
2026-02-09 16:02:00,273.32001,273.44501,273.14001,273.16821,54714
2026-02-09 16:03:00,273.15179,273.26001,273.07999,273.125,34511
2026-02-09 16:04:00,273.12,273.5,273.1145,273.41989,59325
2026-02-09 16:05:00,273.39001,273.70001,273.37,273.66,58832
2026-02-09 16:06:00,273.66501,273.69,273.33499,273.33499,55905
2026-02-09 16:07:00,273.32629,273.38,273.23499,273.25,38653
2026-02-09 16:08:00,273.29141,273.32001,273.10999,273.23001,42128
2026-02-09 16:09:00,273.23999,273.34311,273.15781,273.26001,33003
2026-02-09 16:10:00,273.26001,273.29001,273.18729,273.29001,22645
2026-02-09 16:11:00,273.34,273.41989,273.29169,273.35501,33239
2026-02-09 16:12:00,273.39999,273.57999,273.37,273.47501,39727
2026-02-09 16:13:00,273.521,273.521,273.26001,273.30499,24827
2026-02-09 16:14:00,273.31,273.40991,273.25,273.32001,33150
2026-02-09 16:15:00,273.35001,273.44,273.29999,273.41,29405
2026-02-09 16:16:00,273.39001,273.42001,273.26111,273.30499,26877
2026-02-09 16:17:00,273.31,273.38699,273.26001,273.29001,25961
2026-02-09 16:18:00,273.31,273.31,273.09,273.16,41936
2026-02-09 16:19:00,273.14001,273.20999,272.91,272.98999,77483
2026-02-09 16:20:00,273.0,273.13,272.95001,272.98999,40988
2026-02-09 16:21:00,272.996,273.0,272.85001,272.98001,42154
2026-02-09 16:22:00,272.98999,273.13,272.98999,273.09,27684
2026-02-09 16:23:00,273.09,273.10999,272.95999,273.01501,46075
2026-02-09 16:24:00,273.03,273.10001,273.01001,273.07999,40064
2026-02-09 16:25:00,273.07001,273.07001,272.94,273.04999,66457
2026-02-09 16:26:00,273.06,273.38,273.06,273.2851,46682
2026-02-09 16:27:00,273.285,273.35001,273.20999,273.345,55934
2026-02-09 16:28:00,273.345,273.39001,273.17999,273.23499,27892
2026-02-09 16:29:00,273.23499,273.47,273.23499,273.39819,38860
2026-02-09 16:30:00,273.37,273.56,273.37,273.47,45924
2026-02-09 16:31:00,273.45999,273.79001,273.45001,273.76999,89001
2026-02-09 16:32:00,273.76859,273.79999,273.60999,273.70499,40487
2026-02-09 16:33:00,273.67999,273.67999,273.32999,273.35999,39934
2026-02-09 16:34:00,273.36499,273.60001,273.26001,273.57001,61911
2026-02-09 16:35:00,273.59,273.67999,273.44,273.44,43508
2026-02-09 16:36:00,273.42499,273.46991,273.29501,273.375,30202
2026-02-09 16:37:00,273.37,273.39011,273.29001,273.30991,26175
2026-02-09 16:38:00,273.32999,273.36499,273.26001,273.32001,21995
2026-02-09 16:39:00,273.30499,273.35999,273.26001,273.32999,22263
2026-02-09 16:40:00,273.345,273.51999,273.32999,273.465,36999
2026-02-09 16:41:00,273.48999,273.54999,273.44891,273.54999,27966
2026-02-09 16:42:00,273.5351,273.54099,273.38,273.41501,21003
2026-02-09 16:43:00,273.42999,273.45999,273.31,273.39999,28558
2026-02-09 16:44:00,273.39499,273.48999,273.35999,273.42001,35410
2026-02-09 16:45:00,273.38,273.39001,273.25,273.3606,43516
2026-02-09 16:46:00,273.38989,273.38989,273.23999,273.25,31550
2026-02-09 16:47:00,273.23001,273.26971,273.20001,273.255,27340
2026-02-09 16:48:00,273.26001,273.26001,273.16229,273.19501,55556
2026-02-09 16:49:00,273.19,273.25,273.14001,273.19,33954
2026-02-09 16:50:00,273.20999,273.25,273.13,273.17001,41241
2026-02-09 16:51:00,273.14001,273.21991,273.095,273.13,58778
2026-02-09 16:52:00,273.14999,273.19,273.10001,273.13,30574
2026-02-09 16:53:00,273.12,273.26511,273.04999,273.26501,45857
2026-02-09 16:54:00,273.26999,273.45001,273.26999,273.35999,43168
2026-02-09 16:55:00,273.35001,273.44,273.04001,273.06,45533
2026-02-09 16:56:00,273.05219,273.05661,272.82141,272.85001,76704
2026-02-09 16:57:00,272.88,272.97501,272.87009,272.95999,51249
2026-02-09 16:58:00,272.97,272.9899,272.75,272.79999,82256
2026-02-09 16:59:00,272.81,272.89001,272.79001,272.79999,40775
2026-02-09 17:00:00,272.81,272.8591,272.70499,272.715,63869
2026-02-09 17:01:00,272.73001,273.06,272.67001,273.04999,79526
2026-02-09 17:02:00,273.05499,273.10999,272.95001,272.95001,52704
2026-02-09 17:03:00,272.94,272.97,272.64999,272.6701,84144
2026-02-09 17:04:00,272.70001,272.73999,272.60999,272.64001,45616
2026-02-09 17:05:00,272.64999,272.6998,272.45499,272.47501,4855887
2026-02-09 17:06:00,272.4787,272.54001,272.35999,272.42999,4649
2026-02-09 17:07:00,272.42499,272.42499,272.14001,272.14999,82510
2026-02-09 17:08:00,272.14499,272.35999,272.11011,272.29001,82364
2026-02-09 17:09:00,272.30991,272.37,272.08511,272.08511,86614
2026-02-09 17:10:00,272.0899,272.23001,272.07001,272.0899,62393
2026-02-09 17:11:00,272.09,272.26999,272.08011,272.22,95930
2026-02-09 17:12:00,272.20999,272.28,271.89999,272.10501,117083
2026-02-09 17:13:00,272.10001,272.367,272.10001,272.21991,61157
2026-02-09 17:14:00,272.20999,272.42999,272.20999,272.35001,65432
2026-02-09 17:15:00,272.345,272.48001,272.28,272.48001,76211
2026-02-09 17:16:00,272.45999,272.51999,272.32001,272.39999,78757
2026-02-09 17:17:00,272.405,272.435,272.17999,272.228,59237
2026-02-09 17:18:00,272.23499,272.242,272.07999,272.10999,35799
2026-02-09 17:19:00,272.12991,272.20001,272.07501,272.09,36053
2026-02-09 17:20:00,272.065,272.07999,271.75,271.76001,73527
2026-02-09 17:21:00,271.785,272.07001,271.77539,272.0387,42592
2026-02-09 17:22:00,272.04379,272.10001,272.0,272.04001,40416
2026-02-09 17:23:00,272.04501,272.04999,271.70001,271.745,79669
2026-02-09 17:24:00,271.745,272.0,271.72,272.0,56351
2026-02-09 17:25:00,272.01999,272.10999,271.79999,271.84,70882
2026-02-09 17:26:00,271.83499,271.96991,271.76999,271.95001,41652
2026-02-09 17:27:00,271.95499,272.1496,271.9101,272.02689,39341
2026-02-09 17:28:00,272.04999,272.10999,271.89001,272.10999,53084
2026-02-09 17:29:00,272.12,272.13,271.94,272.01151,38291
2026-02-09 17:30:00,272.04001,272.20999,271.98749,272.10999,40375
2026-02-09 17:31:00,272.07001,272.07001,271.9201,272.01999,46517
2026-02-09 17:32:00,272.01001,272.12,271.98001,272.04999,35703
2026-02-09 17:33:00,272.06,272.0899,271.92001,271.9899,25045
2026-02-09 17:34:00,271.98999,272.07501,271.97,272.01001,29236
2026-02-09 17:35:00,272.01001,272.09,271.95749,272.0632,32829
2026-02-09 17:36:00,272.06,272.31,272.04999,272.21631,49562
2026-02-09 17:37:00,272.22501,272.26999,272.11011,272.22,36726
2026-02-09 17:38:00,272.24301,272.34,272.16,272.27499,46974
2026-02-09 17:39:00,272.26001,272.26599,272.10001,272.14001,38338
2026-02-09 17:40:00,272.14999,272.25989,272.12009,272.17001,40933
2026-02-09 17:41:00,272.17001,272.20999,272.07999,272.1376,22484
2026-02-09 17:42:00,272.11011,272.12,272.01999,272.02499,37936
2026-02-09 17:43:00,272.03,272.03,271.8801,271.95001,57125
2026-02-09 17:44:00,271.95001,271.95999,271.82999,271.845,28233
2026-02-09 17:45:00,271.85001,271.8999,271.76999,271.79001,39170
2026-02-09 17:46:00,271.78,271.88,271.76999,271.85999,31253
2026-02-09 17:47:00,271.86499,271.97,271.79001,271.82101,34454
2026-02-09 17:48:00,271.82999,271.8699,271.78,271.8374,28399
2026-02-09 17:49:00,271.85999,271.95001,271.81,271.87,24832
2026-02-09 17:50:00,271.87,271.98999,271.79999,271.91989,41489
2026-02-09 17:51:00,271.89999,271.91019,271.82001,271.88,26387
2026-02-09 17:52:00,271.89001,272.06,271.89001,271.95499,34622
2026-02-09 17:53:00,271.92499,272.14999,271.82999,271.98001,38963
2026-02-09 17:54:00,271.98001,272.215,271.92999,272.19,29210
2026-02-09 17:55:00,272.20001,272.25,272.14011,272.22501,39762
2026-02-09 17:56:00,272.23999,272.34,272.23001,272.2316,35674
2026-02-09 17:57:00,272.215,272.23999,272.12,272.15411,37297
2026-02-09 17:58:00,272.15509,272.17999,272.01999,272.09,29304
2026-02-09 17:59:00,272.09,272.17001,271.95999,271.965,27776
2026-02-09 18:00:00,271.965,272.0,271.82999,271.995,33409
2026-02-09 18:01:00,271.98999,272.10001,271.92499,272.09,33693
2026-02-09 18:02:00,272.06,272.12,272.03,272.07001,24412
2026-02-09 18:03:00,272.06,272.17999,272.03,272.17999,50852
2026-02-09 18:04:00,272.19,272.19,272.01999,272.03,29887
2026-02-09 18:05:00,272.01001,272.01001,271.92001,271.97,31247
2026-02-09 18:06:00,271.95001,271.95999,271.85001,271.89011,23540
2026-02-09 18:07:00,271.89999,271.97,271.86499,271.86499,24813
2026-02-09 18:08:00,271.87,271.89999,271.79001,271.87,35207
2026-02-09 18:09:00,271.88,271.98001,271.86011,271.98001,24884
2026-02-09 18:10:00,271.96829,272.01001,271.93011,271.98001,28754
2026-02-09 18:11:00,271.98199,272.0,271.85001,271.85339,26572
2026-02-09 18:12:00,271.84,271.905,271.81,271.88,32201
2026-02-09 18:13:00,271.87,271.905,271.82501,271.8804,12936
2026-02-09 18:14:00,271.88501,271.92999,271.83499,271.92999,28506
2026-02-09 18:15:00,271.92999,271.97501,271.84,271.84,24321
2026-02-09 18:16:00,271.82999,271.98999,271.82999,271.965,24106
2026-02-09 18:17:00,271.97,272.04999,271.95999,271.95999,25799
2026-02-09 18:18:00,271.97,272.10999,271.97,272.01001,22234
2026-02-09 18:19:00,271.97,271.99991,271.92999,271.95999,22185
2026-02-09 18:20:00,271.97,272.22,271.94501,272.22,26399
2026-02-09 18:21:00,272.23499,272.23499,271.92001,272.04999,80677
2026-02-09 18:22:00,272.07001,272.25,272.07001,272.25,35323
2026-02-09 18:23:00,272.245,272.26999,272.04999,272.19,29415
2026-02-09 18:24:00,272.18951,272.25,272.03,272.09549,18083
2026-02-09 18:25:00,272.10999,272.17999,272.0,272.17001,24789
2026-02-09 18:26:00,272.1601,272.25,272.10501,272.10501,20934
2026-02-09 18:27:00,272.12,272.12,271.97501,272.03989,22760
2026-02-09 18:28:00,272.03,272.03,271.89999,271.92291,19630
2026-02-09 18:29:00,271.94,272.02499,271.94,271.98001,32974
2026-02-09 18:30:00,271.98001,272.02499,271.84,271.92499,24959
2026-02-09 18:31:00,271.92499,272.09579,271.9201,272.09579,18024
2026-02-09 18:32:00,272.09,272.23999,272.09,272.19501,30065
2026-02-09 18:33:00,272.20001,272.431,272.15689,272.36011,44472
2026-02-09 18:34:00,272.35999,272.38,272.28839,272.315,22714
2026-02-09 18:35:00,272.315,272.53,272.28,272.48499,34574
2026-02-09 18:36:00,272.47501,272.53,272.44949,272.47,29268
2026-02-09 18:37:00,272.45999,272.45999,272.23001,272.31,34112
2026-02-09 18:38:00,272.358,272.48999,272.33011,272.42001,32713
2026-02-09 18:39:00,272.42001,272.53,272.42001,272.51999,28937
2026-02-09 18:40:00,272.52991,272.59,272.45001,272.48001,31353
2026-02-09 18:41:00,272.45001,272.54999,272.42001,272.54999,26197
2026-02-09 18:42:00,272.5603,272.62,272.51001,272.59,45850
2026-02-09 18:43:00,272.58499,272.82001,272.51999,272.79501,70885
2026-02-09 18:44:00,272.79001,273.00989,272.76001,272.935,167764
2026-02-09 18:45:00,272.92001,273.01001,272.81,272.85501,55422
2026-02-09 18:46:00,272.85999,272.98001,272.85001,272.91501,39487
2026-02-09 18:47:00,272.91,272.95999,272.84,272.85001,42513
2026-02-09 18:48:00,272.87,272.905,272.79001,272.88,48079
2026-02-09 18:49:00,272.87,272.87,272.73999,272.82001,25289
2026-02-09 18:50:00,272.84,273.065,272.82001,272.97,50582
2026-02-09 18:51:00,272.9501,273.04999,272.87,272.88501,42477
2026-02-09 18:52:00,272.88,273.01001,272.85001,272.95999,36830
2026-02-09 18:53:00,272.95401,272.95999,272.88,272.95999,26099
2026-02-09 18:54:00,272.94,272.98889,272.92001,272.97,30897
2026-02-09 18:55:00,272.94501,272.98001,272.89999,272.95001,38018
2026-02-09 18:56:00,272.97,273.08499,272.95999,272.97,57721
2026-02-09 18:57:00,272.98999,273.16949,272.95999,273.12161,63053
2026-02-09 18:58:00,273.14001,273.20999,272.94009,272.98001,51926
2026-02-09 18:59:00,272.97,273.04501,272.89999,272.89999,26780
2026-02-09 19:00:00,272.89999,273.01999,272.84,272.85001,38363
2026-02-09 19:01:00,272.85001,272.98001,272.84,272.88,41768
2026-02-09 19:02:00,272.89499,273.06,272.89001,273.05899,36814
2026-02-09 19:03:00,273.05499,273.26999,273.04999,273.26001,45077
2026-02-09 19:04:00,273.25,273.26001,273.10999,273.14001,42635
2026-02-09 19:05:00,273.16,273.20001,272.94009,272.95999,53263
2026-02-09 19:06:00,272.94,273.155,272.92999,273.07999,32330
2026-02-09 19:07:00,273.09,273.203,273.04001,273.07001,39831
2026-02-09 19:08:00,273.04001,273.13,273.01501,273.01501,48894
2026-02-09 19:09:00,273.01999,273.06,272.9801,273.01001,19970
2026-02-09 19:10:00,273.01001,273.17001,273.0,273.125,71639
2026-02-09 19:11:00,273.14001,273.35999,273.125,273.35999,38730
2026-02-09 19:12:00,273.37,273.38,273.25,273.29001,44410
2026-02-09 19:13:00,273.285,273.42999,273.28,273.36499,48881
2026-02-09 19:14:00,273.36499,273.41501,273.16,273.26999,44858
2026-02-09 19:15:00,273.28891,273.32001,273.23001,273.26001,40005
2026-02-09 19:16:00,273.26999,273.31,273.20001,273.20001,44880
2026-02-09 19:17:00,273.19,273.2059,273.01001,273.01501,55989
2026-02-09 19:18:00,273.03,273.2399,273.03,273.17999,36092
2026-02-09 19:19:00,273.19,273.19989,273.09,273.14001,50914
2026-02-09 19:20:00,273.14001,273.20999,273.03,273.185,33128
2026-02-09 19:21:00,273.19501,273.29001,273.16,273.20499,44992
2026-02-09 19:22:00,273.20499,273.38,273.20001,273.35501,20787
2026-02-09 19:23:00,273.35501,273.60001,273.35001,273.59,83954
2026-02-09 19:24:00,273.59,273.69,273.5701,273.67999,76909
2026-02-09 19:25:00,273.67001,273.67999,273.52011,273.59021,40406
2026-02-09 19:26:00,273.595,273.64499,273.56,273.59,15366
2026-02-09 19:27:00,273.59,273.64001,273.57001,273.62,23765
2026-02-09 19:28:00,273.61499,273.70999,273.54001,273.66,49750
2026-02-09 19:29:00,273.67001,273.67001,273.60001,273.62,25011
2026-02-09 19:30:00,273.63,273.7012,273.60999,273.64001,23615
2026-02-09 19:31:00,273.64999,273.64999,273.57001,273.59,39006
2026-02-09 19:32:00,273.60001,273.68991,273.54999,273.685,32973
2026-02-09 19:33:00,273.69,273.72501,273.60001,273.625,37716
2026-02-09 19:34:00,273.62039,273.67001,273.32001,273.32501,44316
2026-02-09 19:35:00,273.31009,273.37,273.16,273.17499,39737
2026-02-09 19:36:00,273.19,273.245,273.07999,273.09509,46985
2026-02-09 19:37:00,273.095,273.25,273.095,273.23001,21188
2026-02-09 19:38:00,273.23001,273.44,273.228,273.42001,27100
2026-02-09 19:39:00,273.41501,273.48001,273.39001,273.41,33620
2026-02-09 19:40:00,273.39999,273.39999,273.19501,273.20999,23888
2026-02-09 19:41:00,273.19501,273.25989,273.15009,273.23001,20314
2026-02-09 19:42:00,273.23999,273.2999,273.20001,273.20001,21535
2026-02-09 19:43:00,273.20001,273.245,273.14999,273.14999,21528
2026-02-09 19:44:00,273.14709,273.16,273.09,273.10999,17431
2026-02-09 19:45:00,273.10999,273.17499,273.09,273.1456,26437
2026-02-09 19:46:00,273.155,273.22501,273.12,273.185,24200
2026-02-09 19:47:00,273.2099,273.2099,273.11011,273.17001,18639
2026-02-09 19:48:00,273.16,273.19989,273.10001,273.14001,22550
2026-02-09 19:49:00,273.14011,273.29001,273.14011,273.26501,21172
2026-02-09 19:50:00,273.26999,273.29001,273.23001,273.23999,19560
2026-02-09 19:51:00,273.25,273.25549,273.13,273.15009,22819
2026-02-09 19:52:00,273.16501,273.20499,273.14001,273.16,22374
2026-02-09 19:53:00,273.14999,273.215,273.14001,273.20001,21655
2026-02-09 19:54:00,273.20001,273.25,273.16,273.17001,28789
2026-02-09 19:55:00,273.14999,273.14999,272.98001,273.07999,55432
2026-02-09 19:56:00,273.09,273.10501,273.01999,273.10001,30023
2026-02-09 19:57:00,273.09,273.10001,273.0,273.03009,21880
2026-02-09 19:58:00,273.03,273.09009,273.01999,273.02011,16790
2026-02-09 19:59:00,273.03,273.035,272.91501,272.95999,37711
2026-02-09 20:00:00,272.95999,273.17999,272.95999,273.14499,50191
2026-02-09 20:01:00,273.16,273.23999,273.06,273.20001,31721
2026-02-09 20:02:00,273.19501,273.32001,273.13919,273.26501,29850
2026-02-09 20:03:00,273.26501,273.45001,273.255,273.31,47733
2026-02-09 20:04:00,273.29001,273.35999,273.21729,273.35999,40974
2026-02-09 20:05:00,273.35379,273.54999,273.29001,273.51999,60640
2026-02-09 20:06:00,273.51001,273.64999,273.37,273.37,73233
2026-02-09 20:07:00,273.36499,273.57999,273.36499,273.5,31096
2026-02-09 20:08:00,273.51001,273.69,273.51001,273.67001,36723
2026-02-09 20:09:00,273.64999,273.69,273.53009,273.54199,32237
2026-02-09 20:10:00,273.53,273.64001,273.5,273.63,36343
2026-02-09 20:11:00,273.63501,273.64001,273.565,273.60999,33427
2026-02-09 20:12:00,273.62,273.67581,273.57001,273.60999,37027
2026-02-09 20:13:00,273.60001,273.64999,273.53,273.64999,32743
2026-02-09 20:14:00,273.64001,273.64151,273.57001,273.57999,35666
2026-02-09 20:15:00,273.58289,273.73999,273.55069,273.66,69695
2026-02-09 20:16:00,273.63501,273.78,273.63,273.76001,55593
2026-02-09 20:17:00,273.76001,273.82001,273.73001,273.75,55209
2026-02-09 20:18:00,273.75,273.82001,273.745,273.76999,38470
2026-02-09 20:19:00,273.76999,273.79999,273.67001,273.69501,53241
2026-02-09 20:20:00,273.69501,273.75,273.67001,273.72,45989
2026-02-09 20:21:00,273.72,273.79999,273.70001,273.73999,60214
2026-02-09 20:22:00,273.73001,273.9899,273.67999,273.98499,67436
2026-02-09 20:23:00,273.98499,274.14001,273.92999,274.14001,94201
2026-02-09 20:24:00,274.12039,274.25,273.98999,274.10001,83394
2026-02-09 20:25:00,274.08011,274.185,273.94,273.97,68152
2026-02-09 20:26:00,274.0,274.19,273.95999,274.0,67514
2026-02-09 20:27:00,273.995,274.07001,273.88361,274.04999,59106
2026-02-09 20:28:00,274.04001,274.04001,273.82001,273.84,53908
2026-02-09 20:29:00,273.84,274.04001,273.84,274.04001,45706
2026-02-09 20:30:00,274.03,274.07999,273.89999,273.89999,81073
2026-02-09 20:31:00,273.91,274.0,273.8201,273.8201,40089
2026-02-09 20:32:00,273.83499,274.064,273.81,274.01999,60547
2026-02-09 20:33:00,274.0,274.12,273.92001,274.07999,58811
2026-02-09 20:34:00,274.13,274.20999,273.94,273.94,66591
2026-02-09 20:35:00,273.89999,274.12991,273.84,274.065,78991
2026-02-09 20:36:00,274.07001,274.09009,273.69,273.76001,91756
2026-02-09 20:37:00,273.75,273.78,273.67001,273.72031,46030
2026-02-09 20:38:00,273.73001,273.84,273.70999,273.815,49474
2026-02-09 20:39:00,273.79999,273.85999,273.66,273.73999,48775
2026-02-09 20:40:00,273.74899,273.97,273.67001,273.715,66826
2026-02-09 20:41:00,273.70999,273.70999,273.51001,273.60999,93885
2026-02-09 20:42:00,273.62,273.84,273.62,273.79001,55822
2026-02-09 20:43:00,273.79001,273.88,273.69,273.84,59392
2026-02-09 20:44:00,273.85001,273.95001,273.785,273.88,72613
2026-02-09 20:45:00,273.85001,273.95001,273.81,273.95001,92348
2026-02-09 20:46:00,273.92999,274.02499,273.85001,273.92999,58769
2026-02-09 20:47:00,273.92001,274.20999,273.89999,274.13501,90450
2026-02-09 20:48:00,274.14001,274.25,274.0,274.25,54154
2026-02-09 20:49:00,274.237,274.23999,274.09,274.18921,59319
2026-02-09 20:50:00,274.17001,274.76999,274.0,274.73001,181090
2026-02-09 20:51:00,274.72,274.87,274.57999,274.79999,178647
2026-02-09 20:52:00,274.79501,274.92999,274.65381,274.78,115082
2026-02-09 20:53:00,274.78,274.79999,274.34509,274.35999,135296
2026-02-09 20:54:00,274.37,274.44,273.995,274.39001,126290
2026-02-09 20:55:00,274.39001,275.095,274.32001,274.79001,272641
2026-02-09 20:56:00,274.78,274.89001,274.655,274.67999,176528
2026-02-09 20:57:00,274.69,275.10999,274.685,275.09,264164
2026-02-09 20:58:00,275.10001,275.12,274.94,274.97,238406
2026-02-09 20:59:00,274.98001,275.01001,274.45999,274.54001,823710
2026-02-10 14:30:00,274.88501,275.28,273.31,273.435,1012014
2026-02-10 14:31:00,273.3801,274.54001,273.30609,274.39999,148860
2026-02-10 14:32:00,274.39999,274.79999,274.26001,274.51001,77558
2026-02-10 14:33:00,274.48001,274.75,274.0,274.065,97227
2026-02-10 14:34:00,274.08551,274.73999,273.98999,274.34,95109
2026-02-10 14:35:00,274.23999,274.41501,273.91,273.97,104633
2026-02-10 14:36:00,273.96591,274.215,273.60999,273.8931,81294
2026-02-10 14:37:00,273.92999,274.23999,273.75,274.20731,77761
2026-02-10 14:38:00,274.20001,274.24991,273.72,273.87,63422
2026-02-10 14:39:00,273.89001,274.73999,273.89001,274.375,95548
2026-02-10 14:40:00,274.39001,274.70001,274.35001,274.54501,73227
2026-02-10 14:41:00,274.51001,274.73001,274.2049,274.26001,76905
2026-02-10 14:42:00,274.285,274.54999,274.09,274.23999,60929
2026-02-10 14:43:00,274.20999,274.32999,274.0,274.315,77731
2026-02-10 14:44:00,274.29999,274.42999,274.1611,274.19501,62288
2026-02-10 14:45:00,274.20999,274.3201,274.03,274.07999,43227
2026-02-10 14:46:00,274.10001,274.10001,273.70999,273.81,100266
2026-02-10 14:47:00,273.82999,274.07999,273.76999,273.76999,71025
2026-02-10 14:48:00,273.755,273.755,273.37,273.48001,70759
2026-02-10 14:49:00,273.44699,273.57001,273.3501,273.45499,57456
2026-02-10 14:50:00,273.45499,273.73001,273.20999,273.54999,80219
2026-02-10 14:51:00,273.53,273.595,273.26001,273.26001,59715
2026-02-10 14:52:00,273.23499,273.81,273.23001,273.7948,48479
2026-02-10 14:53:00,273.83499,273.95001,273.55499,273.95001,45208
2026-02-10 14:54:00,273.94,274.54999,273.92999,274.45001,74986
2026-02-10 14:55:00,274.41,274.64999,274.38,274.51001,66397
2026-02-10 14:56:00,274.505,274.55991,274.20999,274.45001,62293
2026-02-10 14:57:00,274.45001,274.4527,274.29999,274.32999,26895
2026-02-10 14:58:00,274.34,274.95001,274.32001,274.89001,76827
2026-02-10 14:59:00,274.91,274.94,274.57999,274.76001,75732
2026-02-10 15:00:00,274.79999,274.93951,274.67001,274.76999,77527
2026-02-10 15:01:00,274.84,275.03021,274.72,274.84,59319
2026-02-10 15:02:00,274.84,274.92001,274.70001,274.73251,33240
2026-02-10 15:03:00,274.76001,274.84991,274.70001,274.75,36651
2026-02-10 15:04:00,274.77499,274.88879,274.60001,274.87,68362
2026-02-10 15:05:00,274.84,275.01001,274.72501,274.94989,39402
2026-02-10 15:06:00,274.965,275.35999,274.78,275.345,121835
2026-02-10 15:07:00,275.35001,275.35999,274.81009,274.91501,52682
2026-02-10 15:08:00,274.91501,274.9617,274.75,274.81,46862
2026-02-10 15:09:00,274.82419,274.82419,274.62,274.65991,66027
2026-02-10 15:10:00,274.65009,274.875,274.42999,274.875,87794
2026-02-10 15:11:00,274.87,274.87,274.74591,274.82001,37718
2026-02-10 15:12:00,274.81,274.89999,274.73001,274.84,55572
2026-02-10 15:13:00,274.83499,274.85001,273.95999,274.0199,86224
2026-02-10 15:14:00,274.01001,274.2999,273.85999,274.26001,90677
2026-02-10 15:15:00,274.25,274.47,274.14001,274.42999,55879
2026-02-10 15:16:00,274.42999,274.47,274.23999,274.32001,42241
2026-02-10 15:17:00,274.32001,274.37,274.11459,274.17999,34607
2026-02-10 15:18:00,274.17999,274.39999,274.13,274.37,55006
2026-02-10 15:19:00,274.35001,274.35001,274.14999,274.29999,39724
2026-02-10 15:20:00,274.32001,274.34561,274.12,274.14001,31762
2026-02-10 15:21:00,274.15991,274.26999,274.10999,274.17999,30793
2026-02-10 15:22:00,274.17499,274.345,274.14999,274.32501,44124
2026-02-10 15:23:00,274.31,274.39999,274.20001,274.20499,32359
2026-02-10 15:24:00,274.19,274.26999,274.07999,274.23999,47144
2026-02-10 15:25:00,274.26999,274.35721,274.12,274.29999,65903
2026-02-10 15:26:00,274.2973,274.54501,274.26999,274.54501,41501
2026-02-10 15:27:00,274.55042,274.7392,274.45999,274.69,32386
2026-02-10 15:28:00,274.72,274.745,274.54999,274.60001,26297
2026-02-10 15:29:00,274.56,274.62,274.38,274.42001,47660
2026-02-10 15:30:00,274.39001,274.59949,274.17999,274.55499,50224
2026-02-10 15:31:00,274.57999,274.67001,274.505,274.51501,30539
2026-02-10 15:32:00,274.50739,274.63181,274.45999,274.56,29037
2026-02-10 15:33:00,274.565,274.60999,274.48999,274.54999,30214
2026-02-10 15:34:00,274.56,274.64999,274.48999,274.61499,41415
2026-02-10 15:35:00,274.63,274.64001,274.48999,274.51001,39247
2026-02-10 15:36:00,274.51001,274.51001,274.22,274.37,39897
2026-02-10 15:37:00,274.39001,274.48001,274.25,274.38,45323
2026-02-10 15:38:00,274.38,274.45999,274.34351,274.39001,29928
2026-02-10 15:39:00,274.37,274.48071,274.28,274.4299,33350
2026-02-10 15:40:00,274.44,274.51999,274.41501,274.44,19184
2026-02-10 15:41:00,274.47,274.62,274.41501,274.53,37051
2026-02-10 15:42:00,274.53201,274.62,274.48999,274.57999,30622
2026-02-10 15:43:00,274.58499,274.60001,274.42001,274.565,50466
2026-02-10 15:44:00,274.54999,274.70001,274.54001,274.655,36234
2026-02-10 15:45:00,274.69501,274.73001,274.60999,274.73001,29607
2026-02-10 15:46:00,274.70001,274.89999,274.64001,274.87,66962
2026-02-10 15:47:00,274.875,274.91,274.755,274.82001,34968
2026-02-10 15:48:00,274.81,274.87,274.595,274.595,39071
2026-02-10 15:49:00,274.60501,274.64999,274.51001,274.62,30954
2026-02-10 15:50:00,274.62451,274.62451,274.5361,274.59,18299
2026-02-10 15:51:00,274.59,274.70999,274.51001,274.54501,22487
2026-02-10 15:52:00,274.56,274.60999,274.51001,274.60001,28426
2026-02-10 15:53:00,274.60001,274.70999,274.59,274.60999,24336
2026-02-10 15:54:00,274.62,274.67499,274.51001,274.57501,23408
2026-02-10 15:55:00,274.56,274.56,274.35501,274.35501,35285
2026-02-10 15:56:00,274.35999,274.37,274.22,274.23999,35924
2026-02-10 15:57:00,274.26001,274.42001,274.26001,274.40591,34083
2026-02-10 15:58:00,274.44,274.45999,274.32501,274.39999,28809
2026-02-10 15:59:00,274.39999,274.48111,274.14001,274.14001,26516
2026-02-10 16:00:00,274.14499,274.35001,274.14001,274.35001,36862
2026-02-10 16:01:00,274.35019,274.3869,274.215,274.215,25948
2026-02-10 16:02:00,274.23999,274.35001,274.16,274.25,35539
2026-02-10 16:03:00,274.26999,274.32001,274.22,274.26001,18828
2026-02-10 16:04:00,274.28,274.29001,274.17999,274.23001,20187
2026-02-10 16:05:00,274.23001,274.27499,274.12,274.22,24344
2026-02-10 16:06:00,274.23001,274.29001,274.14999,274.15591,23055
2026-02-10 16:07:00,274.20001,274.3399,274.17999,274.28,27261
2026-02-10 16:08:00,274.27011,274.38989,274.17001,274.37009,25808
2026-02-10 16:09:00,274.35999,274.39001,274.22,274.22,25876
2026-02-10 16:10:00,274.23999,274.39001,274.20999,274.32999,34969
2026-02-10 16:11:00,274.32999,274.47989,274.28,274.39001,32481
2026-02-10 16:12:00,274.38,274.39001,274.22,274.26999,38638
2026-02-10 16:13:00,274.28,274.39001,274.26501,274.37,28684
2026-02-10 16:14:00,274.39001,274.39999,274.17041,274.19,29681
2026-02-10 16:15:00,274.19501,274.3168,274.07999,274.28,57984
2026-02-10 16:16:00,274.28,274.35001,274.23999,274.2659,20467
2026-02-10 16:17:00,274.25,274.37399,274.20999,274.35001,22523
2026-02-10 16:18:00,274.36011,274.57001,274.31,274.56,34068
2026-02-10 16:19:00,274.57001,274.60001,274.28009,274.28009,30676
2026-02-10 16:20:00,274.29001,274.35999,274.173,274.29999,31912
2026-02-10 16:21:00,274.24011,274.26001,274.13,274.22,30240
2026-02-10 16:22:00,274.22,274.22,274.01001,274.04001,30441
2026-02-10 16:23:00,274.01999,274.22961,274.01999,274.17999,20959
2026-02-10 16:24:00,274.19,274.22739,274.13,274.13,13815
2026-02-10 16:25:00,274.17001,274.21011,274.02301,274.14999,23533
2026-02-10 16:26:00,274.16,274.185,274.10001,274.16919,23648
2026-02-10 16:27:00,274.14499,274.19751,273.98999,274.065,27387
2026-02-10 16:28:00,274.065,274.22989,274.04001,274.22989,23965
2026-02-10 16:29:00,274.23999,274.24969,274.02069,274.06,24535
2026-02-10 16:30:00,274.01999,274.0499,273.89999,273.94,28771
2026-02-10 16:31:00,273.92999,273.94,273.73999,273.80011,32575
2026-02-10 16:32:00,273.81009,273.82999,273.60999,273.68539,35379
2026-02-10 16:33:00,273.67001,273.72989,273.60001,273.63,34237
2026-02-10 16:34:00,273.63,273.73001,273.60001,273.64499,48424
2026-02-10 16:35:00,273.64001,273.67001,273.54001,273.54001,38090
2026-02-10 16:36:00,273.56,273.56,273.35001,273.418,61509
2026-02-10 16:37:00,273.42001,273.48999,273.35989,273.39001,41750
2026-02-10 16:38:00,273.41,273.42999,273.20001,273.32999,49307
2026-02-10 16:39:00,273.32001,273.34,273.29001,273.32999,15388
2026-02-10 16:40:00,273.32001,273.44,273.32001,273.39001,31036
2026-02-10 16:41:00,273.39499,273.47501,273.35001,273.47501,27719
2026-02-10 16:42:00,273.45999,273.51001,273.29999,273.29999,32418
2026-02-10 16:43:00,273.31,273.39001,273.26999,273.29999,20318
2026-02-10 16:44:00,273.29001,273.41989,273.29001,273.39999,29231
2026-02-10 16:45:00,273.42001,273.57001,273.36011,273.56,32829
2026-02-10 16:46:00,273.57001,273.59,273.41,273.45999,37715
2026-02-10 16:47:00,273.48499,273.59,273.42999,273.42999,24526
2026-02-10 16:48:00,273.42999,273.46011,273.26999,273.29001,31892
2026-02-10 16:49:00,273.29001,273.32001,273.14001,273.23001,35292
2026-02-10 16:50:00,273.23999,273.26001,273.10001,273.23001,40024
2026-02-10 16:51:00,273.23001,273.23001,273.12,273.13989,19798
2026-02-10 16:52:00,273.1395,273.20001,273.10001,273.16,28704
2026-02-10 16:53:00,273.17001,273.23999,273.17001,273.20001,29318
2026-02-10 16:54:00,273.20999,273.39999,273.19,273.38,39164
2026-02-10 16:55:00,273.35999,273.37,273.26001,273.35999,38128
2026-02-10 16:56:00,273.35999,273.51999,273.35999,273.42999,24948
2026-02-10 16:57:00,273.42041,273.42041,273.29999,273.36499,17726
2026-02-10 16:58:00,273.37,273.44,273.25,273.35001,32328
2026-02-10 16:59:00,273.34,273.35501,273.22501,273.2901,30400
2026-02-10 17:00:00,273.29001,273.39999,273.26999,273.38,22742
2026-02-10 17:01:00,273.34,273.42999,273.32999,273.35999,18375
2026-02-10 17:02:00,273.35999,273.41,273.32999,273.3801,17735
2026-02-10 17:03:00,273.39069,273.63,273.35999,273.45029,40456
2026-02-10 17:04:00,273.45001,273.54001,273.39999,273.535,35269
2026-02-10 17:05:00,273.54001,273.67001,273.54001,273.66,41521
2026-02-10 17:06:00,273.66409,273.72501,273.59,273.67499,36372
2026-02-10 17:07:00,273.67679,273.68839,273.47,273.54501,33750
2026-02-10 17:08:00,273.54501,273.67001,273.39999,273.405,37004
2026-02-10 17:09:00,273.39999,273.45999,273.35501,273.41,25562
2026-02-10 17:10:00,273.42999,273.66,273.42999,273.48999,57851
2026-02-10 17:11:00,273.48999,273.69,273.47,273.60001,25981
2026-02-10 17:12:00,273.60999,273.79999,273.60999,273.68701,29929
2026-02-10 17:13:00,273.64999,273.66,273.54001,273.54501,26066
2026-02-10 17:14:00,273.53,273.54999,273.44,273.48001,25662
2026-02-10 17:15:00,273.47,273.48999,273.42499,273.45001,22176
2026-02-10 17:16:00,273.42001,273.48999,273.34,273.42709,60710
2026-02-10 17:17:00,273.44,273.44,273.32001,273.32001,13024
2026-02-10 17:18:00,273.32999,273.34,273.23999,273.23999,28811
2026-02-10 17:19:00,273.2403,273.25,273.13971,273.17001,31161
2026-02-10 17:20:00,273.16,273.16,273.03,273.04349,40805
2026-02-10 17:21:00,273.04999,273.25,272.94,273.25,139752
2026-02-10 17:22:00,273.26001,273.2699,273.06,273.095,36825
2026-02-10 17:23:00,273.07999,273.17001,273.03,273.12,63943
2026-02-10 17:24:00,273.10001,273.13,273.03989,273.10001,16062
2026-02-10 17:25:00,273.10001,273.10999,273.06,273.09,18122
2026-02-10 17:26:00,273.10001,273.17001,273.07999,273.17001,23815
2026-02-10 17:27:00,273.17001,273.194,273.07999,273.17001,34723
2026-02-10 17:28:00,273.16501,273.25,273.12,273.17001,19829
2026-02-10 17:29:00,273.16,273.39999,273.14001,273.35001,38427
2026-02-10 17:30:00,273.35001,273.405,273.245,273.29001,45389
2026-02-10 17:31:00,273.285,273.42001,273.285,273.39001,22286
2026-02-10 17:32:00,273.39999,273.51999,273.37,273.51001,21882
2026-02-10 17:33:00,273.51001,273.53,273.4801,273.48999,19772
2026-02-10 17:34:00,273.46121,273.46121,273.25,273.29999,18568
2026-02-10 17:35:00,273.29001,273.315,273.14999,273.17001,21579
2026-02-10 17:36:00,273.155,273.285,273.14999,273.23001,32957
2026-02-10 17:37:00,273.23999,273.41,273.20001,273.3801,23522
2026-02-10 17:38:00,273.42999,273.53,273.405,273.52011,27900
2026-02-10 17:39:00,273.54999,273.57999,273.48999,273.51999,19079
2026-02-10 17:40:00,273.53,273.64001,273.39999,273.44,52885
2026-02-10 17:41:00,273.44821,273.53,273.44,273.48999,46289
2026-02-10 17:42:00,273.49011,273.59,273.49011,273.54501,18869
2026-02-10 17:43:00,273.53,273.67001,273.51001,273.67001,24381
2026-02-10 17:44:00,273.69,273.70999,273.51999,273.70099,23885
2026-02-10 17:45:00,273.72,273.85001,273.68011,273.85001,38563
2026-02-10 17:46:00,273.85001,273.97,273.845,273.97,30681
2026-02-10 17:47:00,273.95999,274.07001,273.94,273.98499,41484
2026-02-10 17:48:00,273.97,274.01001,273.905,273.92001,29785
2026-02-10 17:49:00,273.92999,273.99991,273.85001,273.87,26522
2026-02-10 17:50:00,273.88,273.91989,273.79999,273.89999,24744
2026-02-10 17:51:00,273.89999,274.01001,273.89001,274.01001,15275
2026-02-10 17:52:00,274.01501,274.0499,273.85501,273.875,25271
2026-02-10 17:53:00,273.89001,273.92001,273.82501,273.91,14011
2026-02-10 17:54:00,273.89999,273.92001,273.84891,273.91,15636
2026-02-10 17:55:00,273.91,273.9502,273.88,273.94,19969
2026-02-10 17:56:00,273.95001,273.98001,273.89001,273.9501,22191
2026-02-10 17:57:00,273.95499,274.04999,273.88501,274.03,48627
2026-02-10 17:58:00,274.04501,274.07999,273.9801,273.9801,18598
2026-02-10 17:59:00,273.995,274.10999,273.995,274.09,12243
2026-02-10 18:00:00,274.10501,274.10501,274.0015,274.06,13822
2026-02-10 18:01:00,274.01001,274.04999,273.98349,274.01001,14459
2026-02-10 18:02:00,274.01999,274.13,274.01999,274.0498,21957
2026-02-10 18:03:00,274.01999,274.08499,274.01999,274.065,12808
2026-02-10 18:04:00,274.04999,274.1499,274.0,274.09,16420
2026-02-10 18:05:00,274.095,274.09851,273.875,273.89001,23393
2026-02-10 18:06:00,273.91,273.92999,273.79999,273.88,23275
2026-02-10 18:07:00,273.89499,273.92999,273.82999,273.85999,21450
2026-02-10 18:08:00,273.85999,273.95999,273.79999,273.91501,22977
2026-02-10 18:09:00,273.92999,274.04999,273.90009,274.03,26223
2026-02-10 18:10:00,274.01001,274.04001,273.92999,273.98001,33622
2026-02-10 18:11:00,273.97,274.0,273.89999,273.9845,24136
2026-02-10 18:12:00,273.97501,274.02609,273.92999,274.02609,12484
2026-02-10 18:13:00,274.035,274.09,273.98999,274.08499,14545
2026-02-10 18:14:00,274.09,274.17999,273.97,273.98001,24899
2026-02-10 18:15:00,273.98999,274.1106,273.97,273.98001,52897
2026-02-10 18:16:00,273.9859,274.07001,273.94,274.03329,18124
2026-02-10 18:17:00,274.04001,274.06,273.88501,273.89999,22602
2026-02-10 18:18:00,273.9043,274.01999,273.896,273.92999,18217
2026-02-10 18:19:00,273.92999,274.01001,273.79001,273.79999,43092
2026-02-10 18:20:00,273.81689,273.82999,273.62,273.685,40309
2026-02-10 18:21:00,273.67999,273.75,273.39999,273.45001,38273
2026-02-10 18:22:00,273.45999,273.66989,273.45999,273.63,23917
2026-02-10 18:23:00,273.595,273.73001,273.595,273.64999,47018
2026-02-10 18:24:00,273.64499,273.79999,273.64001,273.76999,28740
2026-02-10 18:25:00,273.76001,273.76001,273.54001,273.67001,35386
2026-02-10 18:26:00,273.67499,273.82001,273.48999,273.79999,54483
2026-02-10 18:27:00,273.79999,274.07999,273.76999,274.07999,52250
2026-02-10 18:28:00,274.07999,274.19,273.97,274.05469,40433
2026-02-10 18:29:00,274.07999,274.14999,274.00009,274.05499,21539
2026-02-10 18:30:00,274.05499,274.22,274.02499,274.1398,27023
2026-02-10 18:31:00,274.14001,274.22,273.89001,273.94009,37716
2026-02-10 18:32:00,273.94,274.07999,273.8718,274.06,15773
2026-02-10 18:33:00,274.07501,274.07999,273.98001,273.98999,17325
2026-02-10 18:34:00,274.0,274.16,273.97,274.02802,46344
2026-02-10 18:35:00,274.04001,274.13,274.01001,274.08499,22431
2026-02-10 18:36:00,274.06039,274.20999,274.04999,274.06,34083
2026-02-10 18:37:00,274.04999,274.09,273.95001,274.04999,33323
2026-02-10 18:38:00,274.06,274.13,274.04999,274.08499,26685
2026-02-10 18:39:00,274.07999,274.19,274.04501,274.11499,19681
2026-02-10 18:40:00,274.10001,274.11359,274.04321,274.10001,14064
2026-02-10 18:41:00,274.10999,274.12,274.04999,274.04999,20737
2026-02-10 18:42:00,274.04999,274.07999,274.03101,274.065,16952
2026-02-10 18:43:00,274.04999,274.26999,274.035,274.26999,31591
2026-02-10 18:44:00,274.24091,274.26999,274.2189,274.22501,19702
2026-02-10 18:45:00,274.22,274.26001,274.17999,274.23001,22656
2026-02-10 18:46:00,274.23001,274.25909,274.11499,274.13,21384
2026-02-10 18:47:00,274.12,274.25,274.12,274.19,20409
2026-02-10 18:48:00,274.19501,274.20999,274.06,274.14499,16484
2026-02-10 18:49:00,274.14999,274.1611,274.08011,274.13501,11655
2026-02-10 18:50:00,274.16,274.17499,274.05011,274.09,25394
2026-02-10 18:51:00,274.10989,274.10989,273.84009,273.84009,46378
2026-02-10 18:52:00,273.82999,273.88,273.79999,273.87,24771
2026-02-10 18:53:00,273.87,273.905,273.82001,273.85001,21016
2026-02-10 18:54:00,273.85999,273.85999,273.72,273.72,20613
2026-02-10 18:55:00,273.70999,273.81,273.70999,273.75,21139
2026-02-10 18:56:00,273.7504,273.93781,273.7504,273.89001,19742
2026-02-10 18:57:00,273.85999,273.87,273.6701,273.69501,25513
2026-02-10 18:58:00,273.69501,273.76999,273.69,273.70999,15535
2026-02-10 18:59:00,273.73001,273.94989,273.73001,273.92999,26701
2026-02-10 19:00:00,273.95001,274.01501,273.79001,273.94,48175
2026-02-10 19:01:00,273.91,274.07001,273.91,274.06,18893
2026-02-10 19:02:00,274.10999,274.10999,274.0,274.02731,18368
2026-02-10 19:03:00,274.03009,274.09,274.01001,274.02499,15346
2026-02-10 19:04:00,274.02499,274.07001,274.02011,274.06,21074
2026-02-10 19:05:00,274.04001,274.06,273.965,273.995,17338
2026-02-10 19:06:00,274.01999,274.03,273.81,273.82001,30054
2026-02-10 19:07:00,273.83701,273.8403,273.72,273.7724,29143
2026-02-10 19:08:00,273.79999,273.82001,273.73999,273.76001,20484
2026-02-10 19:09:00,273.755,273.93991,273.75009,273.875,26320
2026-02-10 19:10:00,273.875,274.01001,273.87,274.01001,12341
2026-02-10 19:11:00,274.0,274.06,273.92999,274.05499,26555
2026-02-10 19:12:00,274.06,274.09,273.98001,274.08499,21374
2026-02-10 19:13:00,274.09,274.10001,273.98999,273.98999,23644
2026-02-10 19:14:00,273.98499,274.07001,273.98001,274.0,21626
2026-02-10 19:15:00,273.95999,274.06,273.92999,273.97501,22805
2026-02-10 19:16:00,273.97009,274.01001,273.94501,273.97009,18739
2026-02-10 19:17:00,273.98999,273.98999,273.87,273.9487,22423
2026-02-10 19:18:00,273.94809,273.94809,273.70001,273.73001,23996
2026-02-10 19:19:00,273.73001,273.75,273.66,273.72501,39801
2026-02-10 19:20:00,273.73001,273.89001,273.73001,273.85999,20887
2026-02-10 19:21:00,273.89999,273.95001,273.8269,273.94,19949
2026-02-10 19:22:00,273.95001,274.0,273.91,273.98499,17486
2026-02-10 19:23:00,274.0,274.0,273.91,273.91501,14672
2026-02-10 19:24:00,273.92999,273.98999,273.9101,273.98001,20532
2026-02-10 19:25:00,273.97,274.0,273.93799,273.94,10464
2026-02-10 19:26:00,273.92001,273.935,273.83499,273.87,10882
2026-02-10 19:27:00,273.87,273.92999,273.81,273.85001,16343
2026-02-10 19:28:00,273.89999,274.03,273.85999,274.01001,22258
2026-02-10 19:29:00,274.01501,274.01999,273.92999,273.965,17148
2026-02-10 19:30:00,273.97,274.0,273.91,273.94501,17396
2026-02-10 19:31:00,273.94501,274.01001,273.91721,274.01001,15305
2026-02-10 19:32:00,274.01999,274.07001,274.01001,274.01999,20501
2026-02-10 19:33:00,274.01001,274.03989,273.95999,273.95999,19096
2026-02-10 19:34:00,273.95999,274.03922,273.92001,273.97009,31414
2026-02-10 19:35:00,273.98001,274.04999,273.95999,274.01999,20024
2026-02-10 19:36:00,274.01001,274.02499,273.79999,273.84589,28360
2026-02-10 19:37:00,273.85501,273.89999,273.82999,273.875,14119
2026-02-10 19:38:00,273.875,273.89001,273.84,273.88531,15843
2026-02-10 19:39:00,273.88,273.89999,273.79001,273.82001,23642
2026-02-10 19:40:00,273.83499,273.85001,273.73001,273.79999,32226
2026-02-10 19:41:00,273.77991,273.79001,273.69,273.73999,23420
2026-02-10 19:42:00,273.73999,273.82999,273.70999,273.70999,21726
2026-02-10 19:43:00,273.71021,273.71689,273.60999,273.625,38050
2026-02-10 19:44:00,273.60999,273.7569,273.60001,273.73999,41277
2026-02-10 19:45:00,273.75,273.82001,273.73999,273.79999,35213
2026-02-10 19:46:00,273.82001,273.82001,273.68591,273.76999,17666
2026-02-10 19:47:00,273.75,273.76501,273.69,273.7301,31411
2026-02-10 19:48:00,273.73001,273.76999,273.70001,273.70999,22720
2026-02-10 19:49:00,273.72,273.84,273.72,273.76999,30880
2026-02-10 19:50:00,273.76999,273.78,273.72009,273.73001,23661
2026-02-10 19:51:00,273.72,273.75,273.70001,273.75,30388
2026-02-10 19:52:00,273.76999,273.80499,273.73001,273.76501,19462
2026-02-10 19:53:00,273.75,273.76999,273.51999,273.52011,33145
2026-02-10 19:54:00,273.52499,273.67999,273.52499,273.67999,18821
2026-02-10 19:55:00,273.67001,273.755,273.64499,273.73999,19694
2026-02-10 19:56:00,273.75,273.92001,273.72,273.91711,42662
2026-02-10 19:57:00,273.89999,273.95001,273.85001,273.87,21946
2026-02-10 19:58:00,273.89001,273.90991,273.73999,273.82999,17032
2026-02-10 19:59:00,273.85001,274.03,273.82999,274.03,19222
2026-02-10 20:00:00,274.01001,274.12,273.95999,274.12,27362
2026-02-10 20:01:00,274.12,274.22,274.10001,274.20001,17266
2026-02-10 20:02:00,274.19501,274.22,274.06061,274.06061,21505
2026-02-10 20:03:00,274.06,274.06,273.79001,273.79001,24195
2026-02-10 20:04:00,273.79501,273.82999,273.73999,273.7999,29742
2026-02-10 20:05:00,273.78079,273.92001,273.76001,273.88,29040
2026-02-10 20:06:00,273.85999,273.94,273.73999,273.73999,33088
2026-02-10 20:07:00,273.73001,273.98999,273.73001,273.94,16972
2026-02-10 20:08:00,273.94,273.95999,273.92001,273.935,13508
2026-02-10 20:09:00,273.92001,274.09,273.82001,274.07999,27510
2026-02-10 20:10:00,274.0,274.14999,274.0,274.04999,25005
2026-02-10 20:11:00,274.065,274.11871,273.89001,273.965,32991
2026-02-10 20:12:00,273.98999,274.035,273.92001,273.95999,20635
2026-02-10 20:13:00,273.97,274.17499,273.9501,274.17499,24727
2026-02-10 20:14:00,274.17499,274.22,274.08499,274.14001,18235
2026-02-10 20:15:00,274.14999,274.18549,274.0701,274.10001,25780
2026-02-10 20:16:00,274.10501,274.17999,274.09,274.14001,23950
2026-02-10 20:17:00,274.155,274.29001,274.155,274.20499,36352
2026-02-10 20:18:00,274.20999,274.29999,274.19931,274.2222,38819
2026-02-10 20:19:00,274.22501,274.28,274.17001,274.20001,22052
2026-02-10 20:20:00,274.19,274.29999,274.16501,274.26999,28830
2026-02-10 20:21:00,274.26001,274.26999,274.07999,274.07999,27917
2026-02-10 20:22:00,274.07999,274.07999,273.95999,274.04001,19674
2026-02-10 20:23:00,274.04001,274.04001,273.92499,273.9599,31150
2026-02-10 20:24:00,273.93011,274.01999,273.89001,273.98001,23865
2026-02-10 20:25:00,274.0,274.04999,273.94,273.95499,21969
2026-02-10 20:26:00,273.935,274.04999,273.935,273.98999,28780
2026-02-10 20:27:00,273.96011,274.07999,273.96011,274.07999,17206
2026-02-10 20:28:00,274.07999,274.09,274.01001,274.01001,46433
2026-02-10 20:29:00,274.01999,274.10001,274.01999,274.07001,14764
2026-02-10 20:30:00,274.07999,274.17999,274.04999,274.12,30461
2026-02-10 20:31:00,274.12,274.12,274.0,274.0441,20020
2026-02-10 20:32:00,274.04001,274.07999,273.97,273.98001,31278
2026-02-10 20:33:00,273.98001,274.07999,273.98001,274.03,26491
2026-02-10 20:34:00,274.01999,274.14001,274.01501,274.1105,23868
2026-02-10 20:35:00,274.10999,274.12,274.0,274.12,30357
2026-02-10 20:36:00,274.12,274.19,274.10001,274.1701,24717
2026-02-10 20:37:00,274.19989,274.2699,274.10999,274.26001,37717
2026-02-10 20:38:00,274.25,274.25,274.06,274.13,20908
2026-02-10 20:39:00,274.14001,274.2312,274.10999,274.13,41488
2026-02-10 20:40:00,274.14999,274.23999,274.03049,274.11499,24536
2026-02-10 20:41:00,274.11499,274.31989,274.04999,274.29999,34058
2026-02-10 20:42:00,274.26001,274.28,274.19,274.24011,23793
2026-02-10 20:43:00,274.23001,274.38,274.23001,274.28,26540
2026-02-10 20:44:00,274.29001,274.37009,274.23001,274.25,41444
2026-02-10 20:45:00,274.29001,274.35999,274.23001,274.32001,26929
2026-02-10 20:46:00,274.32001,274.42999,274.29001,274.42001,41538
2026-02-10 20:47:00,274.42499,274.45001,274.32999,274.34509,51085
2026-02-10 20:48:00,274.33011,274.45001,274.33011,274.45001,41832
2026-02-10 20:49:00,274.45001,274.48999,274.37201,274.47009,41822
2026-02-10 20:50:00,274.48001,274.48001,273.98001,273.98001,116420
2026-02-10 20:51:00,273.9801,274.10001,273.87,273.88,79109
2026-02-10 20:52:00,273.88,273.95001,273.67001,273.76999,82314
2026-02-10 20:53:00,273.76349,273.76349,273.45001,273.45999,108133
2026-02-10 20:54:00,273.48001,273.57999,273.32501,273.41,124819
2026-02-10 20:55:00,273.39999,273.94,273.31,273.89001,137658
2026-02-10 20:56:00,273.87,273.88,273.54999,273.63,103301
2026-02-10 20:57:00,273.63501,273.74319,273.54999,273.69,119133
2026-02-10 20:58:00,273.69,273.89001,273.66,273.85999,158751
2026-02-10 20:59:00,273.87,274.0,273.51999,273.79001,7728883
2026-02-11 14:30:00,274.69501,276.3699,274.69501,276.13,4201860
2026-02-11 14:31:00,276.12,276.82001,276.0,276.63,167108
2026-02-11 14:32:00,276.63501,276.82999,275.23999,275.29999,115801
2026-02-11 14:33:00,275.29001,275.53,274.87,274.995,115628
2026-02-11 14:34:00,274.95001,275.14001,274.60999,274.84,133596
2026-02-11 14:35:00,274.79999,275.28,274.75,275.0499,135860
2026-02-11 14:36:00,274.98001,275.16,274.45001,275.091,101015
2026-02-11 14:37:00,275.13,275.91,275.02011,275.75,126540
2026-02-11 14:38:00,275.75,275.81,275.17001,275.59,87300
2026-02-11 14:39:00,275.565,275.72,275.38,275.51001,59559
2026-02-11 14:40:00,275.51001,275.94,275.47501,275.76001,84949
2026-02-11 14:41:00,275.79001,276.45999,275.76001,276.2399,147774
2026-02-11 14:42:00,276.19,276.19,275.53,275.85001,74817
2026-02-11 14:43:00,275.83499,276.0,275.495,275.59991,68394
2026-02-11 14:44:00,275.57999,275.70999,275.3558,275.60001,71597
2026-02-11 14:45:00,275.59,276.10501,275.54001,276.065,95816
2026-02-11 14:46:00,276.06,276.29001,275.97,276.0542,90025
2026-02-11 14:47:00,276.065,276.34,275.685,276.29999,126678
2026-02-11 14:48:00,276.32001,276.45859,276.10001,276.41,113191
2026-02-11 14:49:00,276.41,276.47,275.98999,276.25,85783
2026-02-11 14:50:00,276.26001,276.38,275.98999,276.23001,76459
2026-02-11 14:51:00,276.25,276.45001,276.01001,276.35001,78022
2026-02-11 14:52:00,276.35999,276.79999,276.25,276.76501,128075
2026-02-11 14:53:00,276.76251,277.0,276.5925,276.95499,142501
2026-02-11 14:54:00,276.95221,277.34,276.89999,277.26999,141833
2026-02-11 14:55:00,277.23001,277.44,276.54001,276.63,108293
2026-02-11 14:56:00,276.58499,276.64001,276.215,276.25,64700
2026-02-11 14:57:00,276.25,276.76001,275.98999,276.685,120365
2026-02-11 14:58:00,276.70001,276.73001,276.16501,276.2301,57739
2026-02-11 14:59:00,276.26599,276.41,276.20001,276.39999,52342
2026-02-11 15:00:00,276.41,276.6499,276.17001,276.57001,97885
2026-02-11 15:01:00,276.57999,277.03,276.54501,276.98499,106068
2026-02-11 15:02:00,276.97,277.01001,276.54501,276.64999,59088
2026-02-11 15:03:00,276.64999,276.88501,276.59,276.8399,73088
2026-02-11 15:04:00,276.87,276.89999,276.39001,276.48999,53648
2026-02-11 15:05:00,276.44,276.53,276.23999,276.49149,58992
2026-02-11 15:06:00,276.48419,276.5,276.23999,276.29999,59340
2026-02-11 15:07:00,276.29001,276.35989,276.1601,276.20999,81181
2026-02-11 15:08:00,276.20499,276.57999,276.17999,276.42999,65075
2026-02-11 15:09:00,276.42001,276.45001,276.29999,276.3541,35104
2026-02-11 15:10:00,276.34,276.45999,276.10001,276.41,71575
2026-02-11 15:11:00,276.38,276.38,276.19,276.28,45955
2026-02-11 15:12:00,276.26251,276.29501,275.95001,276.02499,89162
2026-02-11 15:13:00,276.01999,276.10989,275.76999,276.0,67030
2026-02-11 15:14:00,275.995,276.35999,275.995,276.285,87535
2026-02-11 15:15:00,276.29001,276.29001,275.75,275.82501,81416
2026-02-11 15:16:00,275.83069,276.10999,275.83069,276.05099,60999
2026-02-11 15:17:00,276.04999,276.48999,276.04999,276.45001,93447
2026-02-11 15:18:00,276.42999,276.85989,276.3573,276.82999,101550
2026-02-11 15:19:00,276.81,277.17999,276.67999,277.1001,118279
2026-02-11 15:20:00,277.14011,277.25,276.62,276.80499,107102
2026-02-11 15:21:00,276.82001,276.82001,276.29001,276.44501,86599
2026-02-11 15:22:00,276.48999,276.78,276.28,276.72,91484
2026-02-11 15:23:00,276.70999,276.82001,276.55121,276.73849,64087
2026-02-11 15:24:00,276.72,276.78,276.39001,276.61499,46334
2026-02-11 15:25:00,276.57001,276.78,276.5,276.61749,69117
2026-02-11 15:26:00,276.62,276.62,276.35001,276.38501,88079
2026-02-11 15:27:00,276.41,276.70999,276.32999,276.60999,84273
2026-02-11 15:28:00,276.66,276.98999,276.63501,276.92001,89159
2026-02-11 15:29:00,276.93011,277.14999,276.87,277.05011,90685
2026-02-11 15:30:00,277.10001,277.6799,277.04001,277.62009,132054
2026-02-11 15:31:00,277.64001,277.95001,277.31,277.92999,172506
2026-02-11 15:32:00,277.8501,278.25,277.8501,278.12,202329
2026-02-11 15:33:00,278.12,278.44,277.84,278.41,109376
2026-02-11 15:34:00,278.39999,278.90991,278.39969,278.85001,166177
2026-02-11 15:35:00,278.87,279.04001,278.67001,278.95001,140466
2026-02-11 15:36:00,278.97,279.04999,278.66,278.76001,102029
2026-02-11 15:37:00,278.73499,278.85999,278.48001,278.53,113755
2026-02-11 15:38:00,278.54001,278.56,278.25,278.54501,88252
2026-02-11 15:39:00,278.53271,278.70001,278.32001,278.38501,63559
2026-02-11 15:40:00,278.39001,278.42999,277.92999,278.02499,86833
2026-02-11 15:41:00,278.04999,278.34,277.91379,278.07999,87508
2026-02-11 15:42:00,278.07001,278.26999,277.94,277.98999,62393
2026-02-11 15:43:00,278.04001,278.23999,277.86249,277.92001,48319
2026-02-11 15:44:00,277.90649,278.26001,277.905,278.13,48948
2026-02-11 15:45:00,278.16501,278.25,278.03,278.12,43343
2026-02-11 15:46:00,278.10999,278.26001,278.04001,278.07999,54127
2026-02-11 15:47:00,278.03,278.28,277.98001,278.26999,32432
2026-02-11 15:48:00,278.29001,278.60001,278.23001,278.5639,84825
2026-02-11 15:49:00,278.54999,278.66989,278.42999,278.48999,69377
2026-02-11 15:50:00,278.47,278.65991,278.45001,278.57269,74811
2026-02-11 15:51:00,278.57999,278.82001,278.565,278.82001,56958
2026-02-11 15:52:00,278.82999,279.16,278.82999,278.978,103707
2026-02-11 15:53:00,278.98001,279.45901,278.97,279.29999,108189
2026-02-11 15:54:00,279.29999,279.73001,279.23001,279.70001,113335
2026-02-11 15:55:00,279.69,279.87,279.60999,279.715,157420
2026-02-11 15:56:00,279.70499,279.905,279.64499,279.655,90717
2026-02-11 15:57:00,279.64011,279.72501,279.48999,279.5,62812
2026-02-11 15:58:00,279.5,279.73001,279.5,279.67081,64940
2026-02-11 15:59:00,279.69,279.78,279.565,279.755,85592
2026-02-11 16:00:00,279.755,279.84991,279.29001,279.39001,74961
2026-02-11 16:01:00,279.39999,279.616,279.2901,279.32001,76286
2026-02-11 16:02:00,279.31,279.35999,279.0,279.04999,82403
2026-02-11 16:03:00,279.02499,279.19501,278.81,278.98001,74651
2026-02-11 16:04:00,278.95999,279.23499,278.93011,279.19,60368
2026-02-11 16:05:00,279.20001,279.405,279.14999,279.16,58602
2026-02-11 16:06:00,279.14001,279.45999,279.10999,279.23999,43395
2026-02-11 16:07:00,279.245,279.38,279.04999,279.32001,79863
2026-02-11 16:08:00,279.32001,279.68201,279.28009,279.68201,70168
2026-02-11 16:09:00,279.67001,279.89999,279.64001,279.79999,73743
2026-02-11 16:10:00,279.785,279.98001,279.69,279.88,125415
2026-02-11 16:11:00,279.91,279.94809,279.59,279.7699,95867
2026-02-11 16:12:00,279.79001,279.79999,279.65259,279.72,43035
2026-02-11 16:13:00,279.72,279.72,279.41,279.56,77300
2026-02-11 16:14:00,279.55499,279.69,279.45999,279.67499,34797
2026-02-11 16:15:00,279.67001,279.76999,279.60999,279.72699,57746
2026-02-11 16:16:00,279.71619,279.95001,279.67999,279.94,79866
2026-02-11 16:17:00,279.92499,279.97,279.79001,279.80499,38167
2026-02-11 16:18:00,279.79999,279.84,279.66,279.73999,48246
2026-02-11 16:19:00,279.74011,279.74011,279.04999,279.11499,80468
2026-02-11 16:20:00,279.13501,279.31,279.10001,279.29999,50141
2026-02-11 16:21:00,279.32001,279.32001,279.0632,279.14001,59371
2026-02-11 16:22:00,279.14001,279.25,279.04999,279.25,41696
2026-02-11 16:23:00,279.2662,279.2999,279.0,279.0098,45518
2026-02-11 16:24:00,279.01501,279.23001,279.0,279.0,34941
2026-02-11 16:25:00,279.01001,279.04999,278.79999,278.82501,32621
2026-02-11 16:26:00,278.82501,278.88,278.54001,278.55499,61992
2026-02-11 16:27:00,278.53009,278.5499,278.41,278.42999,39624
2026-02-11 16:28:00,278.444,278.48001,278.24899,278.32001,71738
2026-02-11 16:29:00,278.29041,278.35001,278.17499,278.19,56478
2026-02-11 16:30:00,278.19,278.53989,278.16,278.49011,53564
2026-02-11 16:31:00,278.52899,278.59,278.35001,278.49591,48233
2026-02-11 16:32:00,278.48999,278.5899,278.43399,278.47501,35584
2026-02-11 16:33:00,278.5,278.79999,278.495,278.61011,61269
2026-02-11 16:34:00,278.62,278.793,278.48999,278.76501,46256
2026-02-11 16:35:00,278.76999,278.93109,278.72,278.73999,48460
2026-02-11 16:36:00,278.73001,278.77899,278.59,278.60999,39335
2026-02-11 16:37:00,278.59,278.82001,278.5,278.73499,33030
2026-02-11 16:38:00,278.73999,278.89999,278.67999,278.67999,33717
2026-02-11 16:39:00,278.68179,278.85001,278.67499,278.81989,32858
2026-02-11 16:40:00,278.77499,279.10999,278.75,279.10901,76044
2026-02-11 16:41:00,279.095,279.20499,279.01999,279.01999,44246
2026-02-11 16:42:00,279.0,279.03,278.89001,278.98999,26611
2026-02-11 16:43:00,278.99399,279.01001,278.88,278.91,36488
2026-02-11 16:44:00,278.88,279.04999,278.85001,279.01999,23500
2026-02-11 16:45:00,279.035,279.10001,278.91,278.98999,45387
2026-02-11 16:46:00,279.0,279.03,278.69,278.81,26520
2026-02-11 16:47:00,278.85001,278.89001,278.66,278.685,22587
2026-02-11 16:48:00,278.70001,278.7562,278.66,278.69501,32027
2026-02-11 16:49:00,278.70499,278.7803,278.62,278.76999,55666
2026-02-11 16:50:00,278.76001,278.82501,278.70001,278.73001,33038
2026-02-11 16:51:00,278.69,278.8688,278.69,278.8327,25681
2026-02-11 16:52:00,278.82001,278.82999,278.73001,278.75,26210
2026-02-11 16:53:00,278.75,278.81,278.72,278.79999,17697
2026-02-11 16:54:00,278.82001,278.85001,278.755,278.755,15798
2026-02-11 16:55:00,278.755,278.82001,278.64011,278.78549,19998
2026-02-11 16:56:00,278.7619,278.78821,278.63,278.64999,30846
2026-02-11 16:57:00,278.64001,278.66989,278.32999,278.32999,31408
2026-02-11 16:58:00,278.32501,278.47739,278.28,278.35501,37898
2026-02-11 16:59:00,278.36749,278.4888,278.32181,278.35001,23868
2026-02-11 17:00:00,278.34,278.51001,278.26001,278.44,25266
2026-02-11 17:01:00,278.47,278.5,278.245,278.31,26904
2026-02-11 17:02:00,278.35001,278.39999,278.17999,278.39001,36390
2026-02-11 17:03:00,278.39001,278.48999,278.35001,278.42999,31871
2026-02-11 17:04:00,278.42001,278.54001,278.405,278.48099,29319
2026-02-11 17:05:00,278.45999,278.54001,278.26001,278.42001,43831
2026-02-11 17:06:00,278.45001,278.48001,278.23999,278.42001,35510
2026-02-11 17:07:00,278.44,278.70999,278.44,278.65961,55764
2026-02-11 17:08:00,278.67001,278.7001,278.50009,278.64001,31548
2026-02-11 17:09:00,278.63,278.75,278.62,278.73499,36167
2026-02-11 17:10:00,278.73001,279.01999,278.54999,279.0,138029
2026-02-11 17:11:00,279.01001,279.10999,278.64999,278.78,45871
2026-02-11 17:12:00,278.79999,278.9299,278.79999,278.81,30253
2026-02-11 17:13:00,278.81,279.005,278.76001,278.79001,26372
2026-02-11 17:14:00,278.84,278.85001,278.66,278.70001,31369
2026-02-11 17:15:00,278.73001,278.98999,278.715,278.91501,59823
2026-02-11 17:16:00,278.91,279.27991,278.82001,279.23999,90203
2026-02-11 17:17:00,279.26001,279.48999,279.17999,279.31,94792
2026-02-11 17:18:00,279.29999,279.45499,279.23001,279.38501,34658
2026-02-11 17:19:00,279.4014,279.42001,279.155,279.36649,42943
2026-02-11 17:20:00,279.37,279.45001,279.32999,279.41,29104
2026-02-11 17:21:00,279.42999,279.48001,279.35001,279.37,30508
2026-02-11 17:22:00,279.39001,279.42801,279.29001,279.35001,28428
2026-02-11 17:23:00,279.375,279.53,279.32999,279.53,28584
2026-02-11 17:24:00,279.54001,279.70999,279.54001,279.70001,42593
2026-02-11 17:25:00,279.73001,279.92001,279.72,279.82571,62525
2026-02-11 17:26:00,279.81,280.07999,279.785,280.01001,201365
2026-02-11 17:27:00,280.03,280.04999,279.82999,279.94501,81388
2026-02-11 17:28:00,279.94,280.12,279.85251,280.095,79853
2026-02-11 17:29:00,280.1008,280.17999,279.79501,279.94501,70041
2026-02-11 17:30:00,279.9104,280.01001,279.78,279.87,48462
2026-02-11 17:31:00,279.87009,280.14999,279.85501,279.85999,62766
2026-02-11 17:32:00,279.85999,279.89999,279.71921,279.75,43836
2026-02-11 17:33:00,279.76999,279.92999,279.68011,279.92999,25179
2026-02-11 17:34:00,279.92999,279.92999,279.76001,279.80161,34380
2026-02-11 17:35:00,279.82001,279.91,279.78,279.78,26684
2026-02-11 17:36:00,279.79501,279.85999,279.76001,279.83011,26444
2026-02-11 17:37:00,279.85999,280.09991,279.79999,280.05499,32885
2026-02-11 17:38:00,280.06,280.07001,279.70001,279.76999,24602
2026-02-11 17:39:00,279.73001,279.73999,279.39999,279.48001,59205
2026-02-11 17:40:00,279.47,279.91501,279.47,279.89999,34442
2026-02-11 17:41:00,279.8844,279.8844,279.73889,279.785,28689
2026-02-11 17:42:00,279.77499,279.77499,279.6051,279.70001,22042
2026-02-11 17:43:00,279.67999,279.67999,279.51001,279.51999,23646
2026-02-11 17:44:00,279.53,279.79001,279.47,279.76001,30103
2026-02-11 17:45:00,279.75,279.89801,279.72,279.72461,25515
2026-02-11 17:46:00,279.73999,279.78,279.67001,279.76251,25727
2026-02-11 17:47:00,279.76999,279.79999,279.64499,279.72,17775
2026-02-11 17:48:00,279.72,279.89001,279.69,279.79999,28470
2026-02-11 17:49:00,279.82001,280.01001,279.78,279.94,45552
2026-02-11 17:50:00,279.89999,279.98999,279.81,279.95999,36934
2026-02-11 17:51:00,279.95999,280.10001,279.90009,279.92999,42849
2026-02-11 17:52:00,279.92899,279.92899,279.79999,279.89001,29749
2026-02-11 17:53:00,279.85001,279.85001,279.67499,279.70001,22121
2026-02-11 17:54:00,279.70001,279.76001,279.69,279.69009,26575
2026-02-11 17:55:00,279.69501,279.715,279.51001,279.57001,41484
2026-02-11 17:56:00,279.56479,279.67001,279.48999,279.51001,55854
2026-02-11 17:57:00,279.5199,279.53,279.4101,279.465,20715
2026-02-11 17:58:00,279.48999,279.55499,279.35999,279.51001,25784
2026-02-11 17:59:00,279.53,279.56,279.39999,279.42001,24801
2026-02-11 18:00:00,279.42001,279.69,279.37,279.64001,34715
2026-02-11 18:01:00,279.67001,279.69,279.51999,279.64999,47522
2026-02-11 18:02:00,279.59,279.60001,279.32501,279.53,52234
2026-02-11 18:03:00,279.51001,279.64001,279.48001,279.51001,24505
2026-02-11 18:04:00,279.48001,279.48999,279.26999,279.26999,45061
2026-02-11 18:05:00,279.26999,279.29999,279.155,279.15991,15513
2026-02-11 18:06:00,279.13,279.17999,278.95001,278.95001,27638
2026-02-11 18:07:00,278.96039,279.03,278.92001,279.005,19963
2026-02-11 18:08:00,279.01999,279.04999,278.83499,278.88,17096
2026-02-11 18:09:00,278.92001,278.92001,278.81,278.82999,28752
2026-02-11 18:10:00,278.82999,278.82999,278.5401,278.55801,49749
2026-02-11 18:11:00,278.57999,278.79999,278.5,278.7038,48870
2026-02-11 18:12:00,278.67001,278.82999,278.58499,278.73999,27734
2026-02-11 18:13:00,278.745,278.84,278.69,278.79001,17904
2026-02-11 18:14:00,278.76999,278.79001,278.64001,278.67001,22944
2026-02-11 18:15:00,278.66,278.72,278.565,278.63,40842
2026-02-11 18:16:00,278.64001,278.80771,278.64001,278.79999,45022
2026-02-11 18:17:00,278.785,278.82999,278.67999,278.82001,25936
2026-02-11 18:18:00,278.82001,278.95999,278.82001,278.85501,40550
2026-02-11 18:19:00,278.88,278.98999,278.82999,278.94,31832
2026-02-11 18:20:00,278.94,278.98001,278.79001,278.79999,33283
2026-02-11 18:21:00,278.80499,278.92999,278.78,278.89001,19157
2026-02-11 18:22:00,278.89999,278.95999,278.74689,278.95999,21035
2026-02-11 18:23:00,278.95999,279.16501,278.92999,279.13501,44045
2026-02-11 18:24:00,279.13501,279.13501,278.95999,278.97,18428
2026-02-11 18:25:00,278.95999,278.97,278.85001,278.91501,17417
2026-02-11 18:26:00,278.91501,278.97501,278.82001,278.97501,22844
2026-02-11 18:27:00,279.01001,279.03,278.87,278.91,24026
2026-02-11 18:28:00,278.91,279.07001,278.8801,279.04059,18301
2026-02-11 18:29:00,279.04999,279.04999,278.89001,278.95999,16909
2026-02-11 18:30:00,278.935,279.07001,278.92001,278.92499,27473
2026-02-11 18:31:00,278.935,279.03,278.92001,278.995,22606
2026-02-11 18:32:00,279.035,279.035,278.87,278.91501,24104
2026-02-11 18:33:00,278.91501,279.04001,278.89999,278.91,20237
2026-02-11 18:34:00,278.92499,278.95001,278.84,278.84,25356
2026-02-11 18:35:00,278.845,279.04999,278.79999,278.79999,33302
2026-02-11 18:36:00,278.79501,278.87,278.75009,278.79999,15560
2026-02-11 18:37:00,278.7901,278.88,278.7901,278.86499,14749
2026-02-11 18:38:00,278.85001,278.91,278.78,278.85999,21950
2026-02-11 18:39:00,278.875,278.94,278.875,278.92001,10564
2026-02-11 18:40:00,278.85001,278.91,278.73001,278.73999,18255
2026-02-11 18:41:00,278.73499,278.76001,278.64999,278.69,24067
2026-02-11 18:42:00,278.72,278.73999,278.62,278.73499,66288
2026-02-11 18:43:00,278.75,278.81,278.67001,278.81,24402
2026-02-11 18:44:00,278.81,278.81989,278.69,278.81989,14776
2026-02-11 18:45:00,278.81921,278.89001,278.80499,278.85501,26234
2026-02-11 18:46:00,278.84,279.01001,278.79999,278.98999,36737
2026-02-11 18:47:00,278.9902,279.0,278.89001,278.89999,20807
2026-02-11 18:48:00,278.88,278.905,278.79999,278.86499,12335
2026-02-11 18:49:00,278.89499,278.94,278.875,278.875,22313
2026-02-11 18:50:00,278.87131,278.89819,278.76001,278.79999,35300
2026-02-11 18:51:00,278.82001,278.85999,278.78,278.78,17283
2026-02-11 18:52:00,278.76001,278.85989,278.67001,278.845,24884
2026-02-11 18:53:00,278.82999,278.84,278.76001,278.76001,22443
2026-02-11 18:54:00,278.76889,278.85999,278.72,278.77499,22037
2026-02-11 18:55:00,278.76169,278.785,278.69,278.745,26915
2026-02-11 18:56:00,278.745,278.87,278.73999,278.85001,13097
2026-02-11 18:57:00,278.85999,278.91,278.83441,278.85999,17630
2026-02-11 18:58:00,278.85999,278.89511,278.75,278.85001,41206
2026-02-11 18:59:00,278.8501,278.95001,278.85001,278.89261,26548
2026-02-11 19:00:00,278.89999,278.94,278.81,278.905,18576
2026-02-11 19:01:00,278.91,278.94,278.79999,278.79999,18714
2026-02-11 19:02:00,278.78,278.91,278.7709,278.86499,20043
2026-02-11 19:03:00,278.85999,278.875,278.79001,278.79999,19745
2026-02-11 19:04:00,278.79001,279.03,278.78,279.01501,26645
2026-02-11 19:05:00,279.01999,279.03,278.95999,278.98999,29379
2026-02-11 19:06:00,278.97,278.97989,278.85001,278.85001,12528
2026-02-11 19:07:00,278.85501,278.85501,278.72,278.76999,20265
2026-02-11 19:08:00,278.755,278.79001,278.72501,278.75,16986
2026-02-11 19:09:00,278.73999,278.76001,278.5,278.70001,162824
2026-02-11 19:10:00,278.70999,278.70999,278.51999,278.61499,31479
2026-02-11 19:11:00,278.61499,278.73001,278.54999,278.73001,26289
2026-02-11 19:12:00,278.72,278.72,278.64999,278.70001,34026
2026-02-11 19:13:00,278.715,278.95999,278.715,278.89999,59930
2026-02-11 19:14:00,278.92999,278.94,278.82999,278.85999,26879
2026-02-11 19:15:00,278.86591,278.89999,278.85001,278.88,17486
2026-02-11 19:16:00,278.85019,278.98001,278.85019,278.97,26392
2026-02-11 19:17:00,278.95001,279.01999,278.89001,278.97501,32594
2026-02-11 19:18:00,278.965,278.98999,278.91,278.95001,25508
2026-02-11 19:19:00,278.95001,279.04999,278.95001,279.04999,22900
2026-02-11 19:20:00,279.03,279.04001,278.92499,278.98999,26448
2026-02-11 19:21:00,278.98499,278.98999,278.84,278.93991,27711
2026-02-11 19:22:00,278.92001,278.92001,278.76001,278.78,32436
2026-02-11 19:23:00,278.7601,278.85999,278.7601,278.82999,29312
2026-02-11 19:24:00,278.85999,279.04001,278.84,278.9501,41547
2026-02-11 19:25:00,278.95999,279.44,278.95999,279.42999,91798
2026-02-11 19:26:00,279.42999,279.5,279.39999,279.45999,49241
2026-02-11 19:27:00,279.45309,279.67001,279.45001,279.62,48131
2026-02-11 19:28:00,279.62,279.66,279.56,279.57999,34400
2026-02-11 19:29:00,279.57999,279.60999,279.5,279.57999,30581
2026-02-11 19:30:00,279.57999,279.59,279.33499,279.35001,36566
2026-02-11 19:31:00,279.38,279.39999,279.20999,279.25,43818
2026-02-11 19:32:00,279.245,279.245,279.08499,279.13,29073
2026-02-11 19:33:00,279.10999,279.2001,279.02499,279.17001,33561
2026-02-11 19:34:00,279.17999,279.17999,278.95001,278.97,39058
2026-02-11 19:35:00,278.96011,279.095,278.94,279.00009,25358
2026-02-11 19:36:00,279.01999,279.04999,278.95999,279.01501,21762
2026-02-11 19:37:00,279.01349,279.0199,278.85001,278.87,31418
2026-02-11 19:38:00,278.8732,278.95999,278.82001,278.91,22034
2026-02-11 19:39:00,278.89001,278.97,278.85999,278.85999,32991
2026-02-11 19:40:00,278.85251,278.98999,278.83499,278.85901,22361
2026-02-11 19:41:00,278.85999,279.07999,278.84,279.0,53769
2026-02-11 19:42:00,278.98999,279.04999,278.75,278.76501,41623
2026-02-11 19:43:00,278.76501,278.76501,278.59,278.60989,27828
2026-02-11 19:44:00,278.60989,278.91,278.57999,278.87,38101
2026-02-11 19:45:00,278.85001,278.89001,274.95779,275.22,618540
2026-02-11 19:46:00,275.20001,277.45999,274.81061,277.065,740146
2026-02-11 19:47:00,277.09,277.39001,276.54999,277.29999,372762
2026-02-11 19:48:00,277.31,277.85001,277.04999,277.62,224094
2026-02-11 19:49:00,277.62,277.76001,275.64001,276.29001,356140
2026-02-11 19:50:00,276.31,276.73999,275.67001,276.70001,194553
2026-02-11 19:51:00,276.67999,277.1597,276.5,277.01001,104827
2026-02-11 19:52:00,277.01999,277.06,276.23999,276.35999,133921
2026-02-11 19:53:00,276.35001,276.39001,275.75,275.8999,121395
2026-02-11 19:54:00,275.91669,276.19,275.423,276.14001,239589
2026-02-11 19:55:00,276.14001,276.57001,276.13,276.22501,130217
2026-02-11 19:56:00,276.26501,276.48001,276.02499,276.45001,113617
2026-02-11 19:57:00,276.44,276.6199,276.13,276.53,68683
2026-02-11 19:58:00,276.45999,276.84,276.353,276.43521,142416
2026-02-11 19:59:00,276.39999,277.25,276.31149,276.59,260535
2026-02-11 20:00:00,276.57999,276.79001,276.28,276.79001,111830
2026-02-11 20:01:00,276.7605,277.20001,276.66,276.95999,165071
2026-02-11 20:02:00,276.92499,276.97,276.45001,276.57999,107367
2026-02-11 20:03:00,276.61499,276.62,276.17001,276.28851,79248
2026-02-11 20:04:00,276.29999,276.57501,276.26001,276.4299,53874
2026-02-11 20:05:00,276.405,276.60001,276.35999,276.55499,33048
2026-02-11 20:06:00,276.55499,277.29001,276.53079,277.14999,132707
2026-02-11 20:07:00,277.19,277.23001,276.95001,277.05991,94453
2026-02-11 20:08:00,277.03,277.07001,276.85501,276.905,51448
2026-02-11 20:09:00,276.89001,276.89999,276.57999,276.60001,40510
2026-02-11 20:10:00,276.58499,276.79999,276.48001,276.62,50242
2026-02-11 20:11:00,276.63,277.0,276.63,276.94,69437
2026-02-11 20:12:00,276.94501,276.94501,276.60001,276.66,35824
2026-02-11 20:13:00,276.66,276.6958,276.32001,276.32999,33477
2026-02-11 20:14:00,276.33621,276.35999,276.20001,276.24271,50693
2026-02-11 20:15:00,276.23001,276.28769,276.14999,276.20001,55576
2026-02-11 20:16:00,276.19339,276.23999,276.01001,276.22501,46465
2026-02-11 20:17:00,276.20999,276.20999,276.01999,276.01999,47391
2026-02-11 20:18:00,276.04001,276.07001,275.89999,275.95001,81566
2026-02-11 20:19:00,275.95001,276.04001,275.78601,275.875,87172
2026-02-11 20:20:00,275.85999,275.87,275.56,275.63,122531
2026-02-11 20:21:00,275.62,275.62,275.14001,275.16,82121
2026-02-11 20:22:00,275.16,275.51999,275.10001,275.39999,122173
2026-02-11 20:23:00,275.39999,275.45999,275.10001,275.45999,87741
2026-02-11 20:24:00,275.48999,275.51999,275.10999,275.29001,68364
2026-02-11 20:25:00,275.26999,275.45999,275.01999,275.44,111870
2026-02-11 20:26:00,275.47,275.70001,275.39011,275.67001,68053
2026-02-11 20:27:00,275.67499,276.0,275.57001,275.84039,71057
2026-02-11 20:28:00,275.92001,275.98001,275.73499,275.785,44684
2026-02-11 20:29:00,275.79999,276.07999,275.69,276.04999,72918
2026-02-11 20:30:00,276.01001,276.11499,275.85999,275.92999,48103
2026-02-11 20:31:00,275.91,276.23001,275.89999,276.20999,53342
2026-02-11 20:32:00,276.185,276.35001,276.125,276.26001,46989
2026-02-11 20:33:00,276.245,276.3382,276.1492,276.23001,57533
2026-02-11 20:34:00,276.22,276.31,276.07001,276.16,39836
2026-02-11 20:35:00,276.13,276.27499,276.10999,276.12,35399
2026-02-11 20:36:00,276.12,276.35001,276.06,276.34,47345
2026-02-11 20:37:00,276.34,276.42001,276.06,276.08011,60490
2026-02-11 20:38:00,276.07999,276.18301,276.0,276.173,34080
2026-02-11 20:39:00,276.14999,276.23999,276.06,276.23999,62605
2026-02-11 20:40:00,276.25,276.48001,276.25,276.44,48671
2026-02-11 20:41:00,276.4101,276.54999,276.34,276.41501,48654
2026-02-11 20:42:00,276.38,276.46991,276.31,276.34,54595
2026-02-11 20:43:00,276.33499,276.45001,276.29999,276.45001,59113
2026-02-11 20:44:00,276.46881,276.46881,276.22009,276.27499,47616
2026-02-11 20:45:00,276.2814,276.35001,276.06171,276.17499,42695
2026-02-11 20:46:00,276.16,276.25879,276.12,276.17999,41064
2026-02-11 20:47:00,276.19,276.28,276.14001,276.20001,34478
2026-02-11 20:48:00,276.16,276.19,276.04001,276.13,35087
2026-02-11 20:49:00,276.13,276.13,275.94,276.05499,48399
2026-02-11 20:50:00,276.07001,276.07999,275.61249,275.685,111474
2026-02-11 20:51:00,275.69,275.73999,275.51001,275.70001,78716
2026-02-11 20:52:00,275.69,275.85001,275.66501,275.78,88520
2026-02-11 20:53:00,275.82001,276.22,275.82001,276.20999,109569
2026-02-11 20:54:00,276.20999,276.32001,276.0,276.28,91979
2026-02-11 20:55:00,276.28,276.28,275.51001,275.78,243038
2026-02-11 20:56:00,275.79001,275.87,275.69,275.72,154226
2026-02-11 20:57:00,275.72,275.91,275.64999,275.76999,166263
2026-02-11 20:58:00,275.76999,276.0,275.70999,275.755,263382
2026-02-11 20:59:00,275.78,276.04001,275.45999,275.54001,677987
2026-02-12 14:30:00,275.60001,275.72,274.14999,274.29999,1161882
2026-02-12 14:31:00,274.37,274.39999,272.70999,272.82449,190088
2026-02-12 14:32:00,272.82629,273.03,272.13,272.87,761559
2026-02-12 14:33:00,272.82501,273.10999,272.28,272.38,7367
2026-02-12 14:34:00,272.36179,272.67001,272.03,272.55011,119052
2026-02-12 14:35:00,272.5701,273.4075,272.54001,272.88,123429
2026-02-12 14:36:00,272.97,273.64001,272.54999,273.4501,170304
2026-02-12 14:37:00,273.5,273.66,273.10999,273.20001,91869
2026-02-12 14:38:00,273.17999,273.54999,273.10999,273.32999,86267
2026-02-12 14:39:00,273.28,273.315,272.64001,272.85999,108735
2026-02-12 14:40:00,272.85999,273.34,272.76001,273.28,92859
2026-02-12 14:41:00,273.20999,273.26999,272.63,272.75,118812
2026-02-12 14:42:00,272.72,272.95999,272.37,272.95999,101294
2026-02-12 14:43:00,272.92001,272.995,272.45999,272.48499,66410
2026-02-12 14:44:00,272.48001,272.53,271.91,272.04001,199646
2026-02-12 14:45:00,271.98001,272.20001,271.6456,271.67999,135800
2026-02-12 14:46:00,271.64001,272.13,271.54999,272.10501,152610
2026-02-12 14:47:00,272.10501,272.89249,272.0545,272.88,168292
2026-02-12 14:48:00,272.89001,272.92499,272.45001,272.67999,94926
2026-02-12 14:49:00,272.70001,272.72949,271.92001,272.07999,75468
2026-02-12 14:50:00,272.10001,272.85999,271.82001,272.76001,97411
2026-02-12 14:51:00,272.73999,273.0,272.54001,272.72501,86176
2026-02-12 14:52:00,272.73001,272.75,272.3573,272.60999,55896
2026-02-12 14:53:00,272.57999,272.78,272.54001,272.63,52353
2026-02-12 14:54:00,272.62,272.92001,272.37,272.82999,62094
2026-02-12 14:55:00,272.815,272.815,272.32501,272.41,72441
2026-02-12 14:56:00,272.42001,272.60001,272.35999,272.48499,63611
2026-02-12 14:57:00,272.51001,272.51001,272.14999,272.2699,56266
2026-02-12 14:58:00,272.22501,272.45999,272.19,272.36499,59962
2026-02-12 14:59:00,272.34,272.38,271.92999,272.16,103427
2026-02-12 15:00:00,272.16,272.20001,271.75,271.81009,104283
2026-02-12 15:01:00,271.82999,272.0,271.57001,271.60999,78111
2026-02-12 15:02:00,271.60001,271.98001,271.57001,271.91501,78344
2026-02-12 15:03:00,271.89999,272.23001,271.57001,271.64459,88790
2026-02-12 15:04:00,271.62,271.64001,271.10001,271.12,123046
2026-02-12 15:05:00,271.14001,271.41,270.98599,271.10001,128012
2026-02-12 15:06:00,271.07999,271.42999,270.76999,270.85999,168565
2026-02-12 15:07:00,270.89999,270.94,270.51999,270.60001,168655
2026-02-12 15:08:00,270.54999,270.74911,270.25,270.48001,159993
2026-02-12 15:09:00,270.45999,270.88,270.32001,270.5,118875
2026-02-12 15:10:00,270.60001,270.69,270.31,270.57001,141043
2026-02-12 15:11:00,270.565,270.67999,270.26001,270.39841,54935
2026-02-12 15:12:00,270.39001,270.67999,270.17999,270.23999,93301
2026-02-12 15:13:00,270.20999,270.31,270.13,270.17001,114146
2026-02-12 15:14:00,270.14499,270.32001,270.06,270.255,113982
2026-02-12 15:15:00,270.26001,270.72,270.255,270.60001,115068
2026-02-12 15:16:00,270.60101,270.76001,270.45999,270.72,113000
2026-02-12 15:17:00,270.72931,271.03,270.51999,270.69,200368
2026-02-12 15:18:00,270.66,271.14999,270.66,271.13,106590
2026-02-12 15:19:00,271.09,271.34909,270.76501,270.86499,87860
2026-02-12 15:20:00,270.88,271.16,270.85999,270.97,70892
2026-02-12 15:21:00,270.95499,271.04501,270.74359,270.79501,89998
2026-02-12 15:22:00,270.78,271.07999,270.62,270.82999,114962
2026-02-12 15:23:00,270.85001,271.26001,270.68539,271.20999,57851
2026-02-12 15:24:00,271.20999,271.23001,270.85999,271.08499,62383
2026-02-12 15:25:00,271.04001,271.16501,270.89001,270.89001,40120
2026-02-12 15:26:00,270.89499,271.35999,270.89499,271.35001,58627
2026-02-12 15:27:00,271.32001,271.63,271.16,271.608,67664
2026-02-12 15:28:00,271.60791,271.73001,271.51999,271.64221,64953
2026-02-12 15:29:00,271.62009,271.75,271.0,271.25,155105
2026-02-12 15:30:00,271.26001,271.56,271.26001,271.505,72851
2026-02-12 15:31:00,271.48999,271.51999,271.1701,271.33499,47056
2026-02-12 15:32:00,271.37991,271.535,271.2601,271.39999,51859
2026-02-12 15:33:00,271.405,271.42001,271.20999,271.28,37173
2026-02-12 15:34:00,271.26999,271.61499,271.26999,271.57999,53258
2026-02-12 15:35:00,271.60001,271.62,271.39001,271.45999,61878
2026-02-12 15:36:00,271.35001,271.62991,271.32001,271.54999,72598
2026-02-12 15:37:00,271.53,271.73999,271.52499,271.64001,43488
2026-02-12 15:38:00,271.64001,271.66,271.26999,271.35001,71728
2026-02-12 15:39:00,271.35999,271.54999,271.19,271.54999,50522
2026-02-12 15:40:00,271.54001,271.75,271.315,271.315,52724
2026-02-12 15:41:00,271.315,271.34,271.07001,271.22,46251
2026-02-12 15:42:00,271.215,271.41,271.14001,271.30051,35058
2026-02-12 15:43:00,271.28,271.51001,271.09,271.12,50161
2026-02-12 15:44:00,271.14999,271.17999,270.89999,270.9288,119040
2026-02-12 15:45:00,270.88959,271.14001,270.82999,271.10999,49221
2026-02-12 15:46:00,271.08011,271.185,271.01001,271.01001,59454
2026-02-12 15:47:00,270.95001,271.17999,270.91,271.17999,55425
2026-02-12 15:48:00,271.17679,271.17679,270.51001,270.60999,106575
2026-02-12 15:49:00,270.57999,270.70499,270.45001,270.48001,60425
2026-02-12 15:50:00,270.44,270.44,270.1001,270.17999,61182
2026-02-12 15:51:00,270.17499,270.35001,269.88,270.25,214658
2026-02-12 15:52:00,270.28,270.28,269.87,270.0,60026
2026-02-12 15:53:00,269.92999,269.95499,269.53,269.53,112815
2026-02-12 15:54:00,269.53,269.61111,269.35999,269.405,109806
2026-02-12 15:55:00,269.42001,269.46991,269.12,269.20001,108437
2026-02-12 15:56:00,269.20001,269.2399,269.01999,269.07501,87854
2026-02-12 15:57:00,269.07101,269.09,268.31,268.345,151802
2026-02-12 15:58:00,268.35001,268.66,268.34,268.51001,182814
2026-02-12 15:59:00,268.51001,268.53989,268.13,268.17999,129994
2026-02-12 16:00:00,268.173,268.20001,267.78,267.84,199120
2026-02-12 16:01:00,267.815,268.16821,267.72,267.96991,120797
2026-02-12 16:02:00,267.94,268.04999,267.83499,267.83499,78851
2026-02-12 16:03:00,267.89001,268.20999,267.88,268.155,111797
2026-02-12 16:04:00,268.155,268.23999,267.82001,267.83511,85896
2026-02-12 16:05:00,267.85001,267.905,267.69,267.73001,82461
2026-02-12 16:06:00,267.72,267.87,267.64001,267.70999,65179
2026-02-12 16:07:00,267.73001,267.88,267.54999,267.69,94955
2026-02-12 16:08:00,267.73999,268.20001,267.67001,268.11221,77316
2026-02-12 16:09:00,268.10501,268.20999,267.89999,267.91501,91855
2026-02-12 16:10:00,267.905,267.98999,267.57999,267.59,69423
2026-02-12 16:11:00,267.61499,267.79999,267.39001,267.54001,107926
2026-02-12 16:12:00,267.57001,267.8399,267.45789,267.78,85030
2026-02-12 16:13:00,267.78,267.82999,267.60999,267.82999,93650
2026-02-12 16:14:00,267.82001,268.01001,267.78,267.95999,71213
2026-02-12 16:15:00,267.92999,267.94,267.29999,267.35501,109405
2026-02-12 16:16:00,267.34,267.57001,267.22,267.51001,83875
2026-02-12 16:17:00,267.54999,267.69,267.20999,267.34,95448
2026-02-12 16:18:00,267.37,267.45999,267.14001,267.20999,63241
2026-02-12 16:19:00,267.22,267.35001,267.07031,267.2601,73873
2026-02-12 16:20:00,267.28,267.31,266.89999,266.91,87839
2026-02-12 16:21:00,266.92001,267.34,266.89999,267.32999,90079
2026-02-12 16:22:00,267.35999,267.39999,267.03,267.07999,62719
2026-02-12 16:23:00,267.07999,267.32001,266.87,267.29099,126083
2026-02-12 16:24:00,267.29001,267.35001,267.01001,267.04999,80042
2026-02-12 16:25:00,267.01999,267.01999,266.75,266.85001,121393
2026-02-12 16:26:00,266.81,267.0,266.72,266.76999,105120
2026-02-12 16:27:00,266.76001,266.79001,266.5,266.655,155804
2026-02-12 16:28:00,266.64001,266.64001,266.32999,266.39999,156721
2026-02-12 16:29:00,266.38501,266.56,266.14999,266.17001,142292
2026-02-12 16:30:00,266.19,266.39001,266.10001,266.13,190592
2026-02-12 16:31:00,266.13849,266.44989,266.04999,266.29999,150789
2026-02-12 16:32:00,266.26999,266.67001,266.23999,266.45959,167800
2026-02-12 16:33:00,266.45999,266.5,266.20001,266.20599,91998
2026-02-12 16:34:00,266.20999,266.44,266.13,266.20001,92344
2026-02-12 16:35:00,266.20999,266.51999,266.17999,266.19,85822
2026-02-12 16:36:00,266.2001,266.34,266.06,266.25,101407
2026-02-12 16:37:00,266.255,267.04001,266.20999,266.89001,173373
2026-02-12 16:38:00,266.89499,266.98999,266.54001,266.79001,101320
2026-02-12 16:39:00,266.78,266.85999,266.57001,266.76999,92187
2026-02-12 16:40:00,266.75,266.95999,266.46011,266.505,94844
2026-02-12 16:41:00,266.51999,266.715,266.48999,266.64999,58048
2026-02-12 16:42:00,266.64999,266.66,266.33011,266.35501,52084
2026-02-12 16:43:00,266.37,266.44,265.76501,265.81891,130716
2026-02-12 16:44:00,265.78461,265.9299,265.57001,265.60999,106427
2026-02-12 16:45:00,265.595,265.89001,265.58499,265.88,61113
2026-02-12 16:46:00,265.89999,265.97,265.64999,265.80499,58276
2026-02-12 16:47:00,265.78,265.88,265.35999,265.37,85893
2026-02-12 16:48:00,265.34,265.39999,265.14999,265.20001,82775
2026-02-12 16:49:00,265.19,265.38,265.1601,265.17999,112283
2026-02-12 16:50:00,265.17499,265.37,265.01999,265.04999,74828
2026-02-12 16:51:00,265.04001,265.38501,265.0,265.19501,145077
2026-02-12 16:52:00,265.245,265.285,265.125,265.23499,67587
2026-02-12 16:53:00,265.20001,265.35001,265.07501,265.27499,77548
2026-02-12 16:54:00,265.26999,265.28,264.82999,264.82999,72986
2026-02-12 16:55:00,264.82999,264.83109,264.62,264.82999,140109
2026-02-12 16:56:00,264.82001,264.85001,264.63,264.67499,52664
2026-02-12 16:57:00,264.64999,265.19,264.625,265.19,75154
2026-02-12 16:58:00,265.20001,265.38501,265.20001,265.26501,75120
2026-02-12 16:59:00,265.28,265.63,265.28,265.42999,89521
2026-02-12 17:00:00,265.44421,265.45001,265.04001,265.12,68887
2026-02-12 17:01:00,265.13,265.27499,264.92001,265.23001,57849
2026-02-12 17:02:00,265.25,265.5,265.19,265.5,48607
2026-02-12 17:03:00,265.5,265.56,265.41599,265.48999,40978
2026-02-12 17:04:00,265.48999,265.54001,265.37,265.51001,47704
2026-02-12 17:05:00,265.54999,265.54999,265.2695,265.39999,73632
2026-02-12 17:06:00,265.38501,265.85001,265.26999,265.70001,92558
2026-02-12 17:07:00,265.69449,265.73999,265.095,265.17001,134823
2026-02-12 17:08:00,265.1503,265.23001,265.03,265.08499,104878
2026-02-12 17:09:00,265.06,265.14001,264.98001,265.06,74612
2026-02-12 17:10:00,265.04999,265.04999,264.7789,264.87,47366
2026-02-12 17:11:00,264.88,264.931,264.73999,264.77011,43521
2026-02-12 17:12:00,264.77499,264.79999,264.67001,264.70999,42328
2026-02-12 17:13:00,264.72,264.87991,264.62,264.87,51711
2026-02-12 17:14:00,264.87991,265.0,264.64999,264.73999,49977
2026-02-12 17:15:00,264.73001,264.82999,264.67001,264.694,49079
2026-02-12 17:16:00,264.685,264.85999,264.57999,264.85999,48914
2026-02-12 17:17:00,264.85001,264.85001,264.44,264.48001,63914
2026-02-12 17:18:00,264.48999,264.66,264.42001,264.5632,66799
2026-02-12 17:19:00,264.57001,264.6496,264.53979,264.58499,34044
2026-02-12 17:20:00,264.54999,264.69,264.5101,264.56009,59441
2026-02-12 17:21:00,264.54999,264.60001,264.44,264.60001,63751
2026-02-12 17:22:00,264.58499,264.70999,264.47,264.56,65241
2026-02-12 17:23:00,264.57999,264.81,264.54999,264.67001,53060
2026-02-12 17:24:00,264.63699,264.66,264.51001,264.63,41595
2026-02-12 17:25:00,264.60999,264.66989,264.51001,264.51999,43538
2026-02-12 17:26:00,264.51321,264.66,264.48001,264.64001,40139
2026-02-12 17:27:00,264.60001,264.65579,264.48999,264.48999,33089
2026-02-12 17:28:00,264.5,264.76999,264.48999,264.67999,61557
2026-02-12 17:29:00,264.67999,264.72,264.48001,264.60001,53124
2026-02-12 17:30:00,264.57001,264.64999,264.26999,264.32001,68216
2026-02-12 17:31:00,264.34,264.48001,264.16,264.22,59963
2026-02-12 17:32:00,264.20999,264.23001,264.04001,264.14999,50621
2026-02-12 17:33:00,264.13,264.22,263.95239,263.98999,95332
2026-02-12 17:34:00,263.995,264.0,263.84009,263.92001,61840
2026-02-12 17:35:00,263.91,264.16,263.87,263.88989,49786
2026-02-12 17:36:00,263.87,263.89001,263.78009,263.8299,156950
2026-02-12 17:37:00,263.81,264.01001,263.79001,263.94,54809
2026-02-12 17:38:00,263.9668,264.05499,263.92999,263.97,58238
2026-02-12 17:39:00,263.95999,263.98001,263.70001,263.76999,81122
2026-02-12 17:40:00,263.75,263.80499,263.39999,263.4599,234902
2026-02-12 17:41:00,263.44501,263.62,263.41,263.48001,167654
2026-02-12 17:42:00,263.4794,263.57001,263.41,263.52499,84305
2026-02-12 17:43:00,263.51901,263.81,263.42999,263.73999,72864
2026-02-12 17:44:00,263.72,263.73999,263.5,263.54001,45755
2026-02-12 17:45:00,263.56,263.57999,263.29999,263.32999,48572
2026-02-12 17:46:00,263.35001,263.44,263.215,263.22,50664
2026-02-12 17:47:00,263.23001,263.26999,263.12091,263.14999,62397
2026-02-12 17:48:00,263.15009,263.15009,262.89999,262.90991,80429
2026-02-12 17:49:00,262.905,263.0,262.80301,262.90891,82124
2026-02-12 17:50:00,262.905,262.905,262.67001,262.68991,77358
2026-02-12 17:51:00,262.67999,262.79001,262.62,262.63,68214
2026-02-12 17:52:00,262.63501,262.64999,262.53,262.54999,45204
2026-02-12 17:53:00,262.54999,262.60818,262.29999,262.35001,104381
2026-02-12 17:54:00,262.35001,262.60001,262.23001,262.24991,249024
2026-02-12 17:55:00,262.23999,262.48999,262.20001,262.27979,270121
2026-02-12 17:56:00,262.285,262.41,262.25,262.30499,122111
2026-02-12 17:57:00,262.29999,262.29999,261.94009,261.95499,121913
2026-02-12 17:58:00,261.97,262.01999,261.53,261.63,91090
2026-02-12 17:59:00,261.64001,261.91,261.63,261.77899,176906
2026-02-12 18:00:00,261.79001,261.85999,261.54999,261.836,101154
2026-02-12 18:01:00,261.82999,262.07999,261.74011,262.01501,148225
2026-02-12 18:02:00,262.01501,262.14999,261.84,261.95999,146088
2026-02-12 18:03:00,261.91,262.04001,261.85001,261.87991,90714
2026-02-12 18:04:00,261.84689,262.16,261.82001,261.97,226594
2026-02-12 18:05:00,261.97,262.6499,261.95499,262.62,246373
2026-02-12 18:06:00,262.61499,262.89999,262.53,262.79999,146033
2026-02-12 18:07:00,262.81,262.97989,262.39499,262.79999,171847
2026-02-12 18:08:00,262.82001,262.82001,262.07001,262.12,192643
2026-02-12 18:09:00,262.125,262.20001,261.85001,261.95001,201757
2026-02-12 18:10:00,261.95001,261.9599,261.29999,261.47,345840
2026-02-12 18:11:00,261.48001,261.67999,261.26999,261.35001,112599
2026-02-12 18:12:00,261.3541,261.39001,261.10001,261.285,114878
2026-02-12 18:13:00,261.285,261.315,261.01001,261.03,96251
2026-02-12 18:14:00,261.01999,261.07999,260.86011,260.89001,90944
2026-02-12 18:15:00,260.89011,260.931,260.70001,260.73001,105229
2026-02-12 18:16:00,260.73001,260.94,260.54999,260.63751,170327
2026-02-12 18:17:00,260.6369,260.64499,260.39999,260.39999,125992
2026-02-12 18:18:00,260.38,260.45999,260.17999,260.28,98788
2026-02-12 18:19:00,260.26999,260.51001,260.20001,260.32001,104834
2026-02-12 18:20:00,260.315,260.76001,260.31,260.66501,116400
2026-02-12 18:21:00,260.655,261.09,260.55499,261.05991,134871
2026-02-12 18:22:00,261.04999,261.28,260.98001,261.23999,94338
2026-02-12 18:23:00,261.23999,261.44,261.09,261.37,118300
2026-02-12 18:24:00,261.37991,261.78,261.37,261.73999,85389
2026-02-12 18:25:00,261.71011,262.04501,261.63,262.0,119156
2026-02-12 18:26:00,261.995,262.28,261.88,262.20999,84400
2026-02-12 18:27:00,262.21991,262.32999,261.85001,261.92001,101001
2026-02-12 18:28:00,261.89999,262.26999,261.89041,262.0,142607
2026-02-12 18:29:00,262.005,262.48001,261.99341,262.32999,120869
2026-02-12 18:30:00,262.31,262.35001,261.82999,261.905,102497
2026-02-12 18:31:00,261.92001,262.04001,261.83499,261.965,68201
2026-02-12 18:32:00,261.935,262.10001,261.88501,261.94,52735
2026-02-12 18:33:00,261.94,262.32001,261.9201,262.08499,72020
2026-02-12 18:34:00,262.06,262.08099,261.85001,261.86499,37245
2026-02-12 18:35:00,261.86499,262.03,261.84,261.9491,61589
2026-02-12 18:36:00,261.98001,261.98999,261.56,261.62,80493
2026-02-12 18:37:00,261.62,261.69,261.5,261.60999,59188
2026-02-12 18:38:00,261.60001,261.76999,261.51001,261.67999,59198
2026-02-12 18:39:00,261.70969,262.14499,261.64001,262.11499,70723
2026-02-12 18:40:00,262.125,262.345,262.04999,262.29999,68881
2026-02-12 18:41:00,262.35001,262.51001,262.32001,262.375,75090
2026-02-12 18:42:00,262.375,262.53,262.31009,262.45999,120722
2026-02-12 18:43:00,262.5,262.57501,262.28,262.315,60269
2026-02-12 18:44:00,262.34,262.35999,262.19,262.32001,34631
2026-02-12 18:45:00,262.32001,262.32999,262.18961,262.22,39396
2026-02-12 18:46:00,262.23999,262.39001,262.14001,262.38,70361
2026-02-12 18:47:00,262.37,262.39001,262.07001,262.17001,85910
2026-02-12 18:48:00,262.20001,262.2894,262.16,262.16,38117
2026-02-12 18:49:00,262.16,262.16,261.73001,261.73999,70517
2026-02-12 18:50:00,261.73001,261.79001,261.60999,261.64999,43419
2026-02-12 18:51:00,261.64999,261.95001,261.64999,261.87,62753
2026-02-12 18:52:00,261.87,261.87,261.63501,261.73999,49524
2026-02-12 18:53:00,261.73999,261.75,261.53,261.60001,64025
2026-02-12 18:54:00,261.60999,261.79999,261.42001,261.45999,86199
2026-02-12 18:55:00,261.45001,261.56,261.32001,261.5101,66625
2026-02-12 18:56:00,261.51999,261.51999,261.23001,261.245,76986
2026-02-12 18:57:00,261.26999,261.57001,261.23999,261.51501,68625
2026-02-12 18:58:00,261.56,261.67001,261.23001,261.28,100382
2026-02-12 18:59:00,261.25919,261.76001,261.23999,261.73499,94199
2026-02-12 19:00:00,261.70999,262.12,261.60001,262.065,83409
2026-02-12 19:01:00,262.10001,262.10001,261.78,261.92999,90474
2026-02-12 19:02:00,261.94,262.1199,261.89999,262.07001,81991
2026-02-12 19:03:00,262.07001,262.07999,261.82001,261.95999,48173
2026-02-12 19:04:00,261.95001,261.95001,261.60001,261.76999,66621
2026-02-12 19:05:00,261.77011,261.92001,261.69501,261.78009,47476
2026-02-12 19:06:00,261.78,261.82001,261.52499,261.56,48524
2026-02-12 19:07:00,261.57001,261.70001,261.42999,261.495,50309
2026-02-12 19:08:00,261.48001,261.66,261.48001,261.58499,55811
2026-02-12 19:09:00,261.58499,261.63,261.46899,261.57999,48899
2026-02-12 19:10:00,261.57999,261.72,261.51999,261.57501,66138
2026-02-12 19:11:00,261.57999,261.64999,261.32999,261.39001,72686
2026-02-12 19:12:00,261.38501,261.45001,261.28,261.37,81559
2026-02-12 19:13:00,261.35999,261.51999,261.35001,261.48499,47845
2026-02-12 19:14:00,261.48999,261.55991,261.32999,261.33679,44020
2026-02-12 19:15:00,261.35999,261.85501,261.35001,261.81,49455
2026-02-12 19:16:00,261.80499,262.0,261.73999,261.85999,85298
2026-02-12 19:17:00,261.85001,261.89001,261.70999,261.79999,74795
2026-02-12 19:18:00,261.79999,261.80991,261.67001,261.73999,47808
2026-02-12 19:19:00,261.75,261.85999,261.70001,261.82999,45532
2026-02-12 19:20:00,261.83499,262.01001,261.57001,261.63,64784
2026-02-12 19:21:00,261.63501,261.95001,261.63,261.91,76170
2026-02-12 19:22:00,261.92001,261.95999,261.81,261.85001,55427
2026-02-12 19:23:00,261.845,262.26999,261.84,262.25,66755
2026-02-12 19:24:00,262.29001,262.57999,262.12,262.56161,102609
2026-02-12 19:25:00,262.56,262.67001,262.32001,262.41,88768
2026-02-12 19:26:00,262.42001,262.62,262.14999,262.16,97487
2026-02-12 19:27:00,262.17001,262.21991,261.98621,261.98999,66870
2026-02-12 19:28:00,261.98999,262.0,261.73999,261.78009,61908
2026-02-12 19:29:00,261.78,261.82999,261.67999,261.78,49573
2026-02-12 19:30:00,261.76999,261.92999,261.69,261.72501,62800
2026-02-12 19:31:00,261.73001,262.01999,261.73001,261.89001,61967
2026-02-12 19:32:00,261.89001,262.1611,261.89001,262.04001,78043
2026-02-12 19:33:00,262.04999,262.06,261.57001,261.57999,70380
2026-02-12 19:34:00,261.60001,261.72,261.48001,261.54001,79851
2026-02-12 19:35:00,261.5401,261.67001,261.52499,261.62,52095
2026-02-12 19:36:00,261.60999,261.89999,261.51001,261.845,80574
2026-02-12 19:37:00,261.84,261.89999,261.66,261.76501,56351
2026-02-12 19:38:00,261.79001,261.92499,261.62,261.70999,51947
2026-02-12 19:39:00,261.70999,261.85001,261.57999,261.772,46162
2026-02-12 19:40:00,261.77499,261.81,261.56,261.63501,50387
2026-02-12 19:41:00,261.617,261.78,261.57999,261.67999,43479
2026-02-12 19:42:00,261.694,262.01001,261.67001,261.935,70849
2026-02-12 19:43:00,261.92999,261.98999,261.75,261.76999,46218
2026-02-12 19:44:00,261.76999,261.82321,261.63,261.64001,52568
2026-02-12 19:45:00,261.66,261.87131,261.66,261.87131,32205
2026-02-12 19:46:00,261.89001,262.31,261.85001,262.29999,66092
2026-02-12 19:47:00,262.31,262.44,262.26001,262.35999,86157
2026-02-12 19:48:00,262.35001,262.35001,262.07999,262.11499,100740
2026-02-12 19:49:00,262.11499,262.11499,261.91,261.965,44921
2026-02-12 19:50:00,261.97501,262.28021,261.92001,262.10001,57990
2026-02-12 19:51:00,262.10001,262.23001,261.95999,262.14999,81336
2026-02-12 19:52:00,262.14999,262.16,261.75,261.75,56711
2026-02-12 19:53:00,261.755,261.79001,261.56,261.56,46957
2026-02-12 19:54:00,261.56009,261.80109,261.51001,261.77759,72083
2026-02-12 19:55:00,261.79001,261.89999,261.75,261.88,48764
2026-02-12 19:56:00,261.89001,262.0,261.84,261.92001,57272
2026-02-12 19:57:00,261.92999,262.04999,261.89999,262.0,56702
2026-02-12 19:58:00,261.98999,262.10999,261.77499,261.995,115982
2026-02-12 19:59:00,261.995,262.17001,261.89999,262.04999,78860
2026-02-12 20:00:00,262.06,262.17001,261.98001,262.005,49177
2026-02-12 20:01:00,261.98999,262.17001,261.88,262.17001,56023
2026-02-12 20:02:00,262.16501,262.17999,261.92999,261.931,57136
2026-02-12 20:03:00,261.91,262.02991,261.91,261.95999,50881
2026-02-12 20:04:00,261.95999,262.26999,261.94,262.26999,69802
2026-02-12 20:05:00,262.26001,262.48999,262.10001,262.30991,95250
2026-02-12 20:06:00,262.29001,262.37,262.1701,262.23999,52056
2026-02-12 20:07:00,262.22,262.29999,262.16,262.18311,57003
2026-02-12 20:08:00,262.185,262.28,262.14499,262.14499,41727
2026-02-12 20:09:00,262.14499,262.17999,261.91,261.92999,81122
2026-02-12 20:10:00,261.92999,261.98001,261.82001,261.82001,79446
2026-02-12 20:11:00,261.82999,261.91,261.64999,261.72,91694
2026-02-12 20:12:00,261.73999,261.81,261.64999,261.7027,62890
2026-02-12 20:13:00,261.67001,261.76001,261.60001,261.76001,54935
2026-02-12 20:14:00,261.75131,262.01001,261.75009,262.0,53444
2026-02-12 20:15:00,262.005,262.01999,261.81,261.92999,82417
2026-02-12 20:16:00,261.92999,262.0,261.84,261.89001,59963
2026-02-12 20:17:00,261.89499,261.92001,261.66299,261.91,68398
2026-02-12 20:18:00,261.92001,262.03,261.62,261.67001,105081
2026-02-12 20:19:00,261.66,261.79001,261.3696,261.42001,120797
2026-02-12 20:20:00,261.39001,261.51001,261.10001,261.14001,106345
2026-02-12 20:21:00,261.14001,261.41,261.12,261.34409,59778
2026-02-12 20:22:00,261.34769,261.39999,261.14001,261.19,58650
2026-02-12 20:23:00,261.19,261.29999,261.17001,261.26999,53463
2026-02-12 20:24:00,261.26999,261.47531,261.26001,261.39999,57584
2026-02-12 20:25:00,261.40411,261.55591,261.35999,261.51999,68386
2026-02-12 20:26:00,261.5,261.54001,261.38,261.51001,50135
2026-02-12 20:27:00,261.54001,261.54999,261.435,261.47,37663
2026-02-12 20:28:00,261.45999,261.63,261.38,261.60001,64270
2026-02-12 20:29:00,261.61011,261.64001,261.45251,261.48999,66383
2026-02-12 20:30:00,261.48001,261.56381,261.42001,261.54501,62736
2026-02-12 20:31:00,261.55499,261.72,261.53,261.56,66308
2026-02-12 20:32:00,261.56,261.58499,261.37,261.41,60455
2026-02-12 20:33:00,261.39999,261.41,261.19769,261.35999,63747
2026-02-12 20:34:00,261.44,261.48999,261.13,261.306,135337
2026-02-12 20:35:00,261.32001,261.35999,261.25,261.32001,52957
2026-02-12 20:36:00,261.31,261.31,261.11029,261.20999,45102
2026-02-12 20:37:00,261.22,261.32001,261.10999,261.14999,61923
2026-02-12 20:38:00,261.185,261.26001,260.95999,261.02499,17316997
2026-02-12 20:39:00,261.03,261.04001,260.75,260.92999,6313
2026-02-12 20:40:00,260.91501,261.0,260.79999,260.79999,101961
2026-02-12 20:41:00,260.76999,260.94,260.76999,260.82001,90327
2026-02-12 20:42:00,260.81,260.87,260.70999,260.82999,93495
2026-02-12 20:43:00,260.81,260.90439,260.73999,260.79001,83338
2026-02-12 20:44:00,260.79001,260.8299,260.70001,260.75,125305
2026-02-12 20:45:00,260.745,260.88,260.66501,260.67999,97391
2026-02-12 20:46:00,260.69589,260.85999,260.66,260.73999,101152
2026-02-12 20:47:00,260.73001,260.82999,260.66501,260.73499,82212
2026-02-12 20:48:00,260.72,260.73001,260.34,260.34,146895
2026-02-12 20:49:00,260.37,260.45999,260.28,260.38501,148783
2026-02-12 20:50:00,260.39999,260.85999,260.28009,260.60001,297945
2026-02-12 20:51:00,260.60001,260.94,260.51999,260.85001,203398
2026-02-12 20:52:00,260.85999,261.23999,260.82999,261.12,207506
2026-02-12 20:53:00,261.12,261.75,261.12,261.6597,186596
2026-02-12 20:54:00,261.70001,262.48999,261.59,262.43011,262925
2026-02-12 20:55:00,262.45999,262.51001,261.87,262.08499,320035
2026-02-12 20:56:00,262.09,262.32001,261.89999,261.94501,363444
2026-02-12 20:57:00,261.95001,262.16,261.89999,261.95499,363794
2026-02-12 20:58:00,261.965,262.10501,261.81,261.82001,393654
2026-02-12 20:59:00,261.82999,261.88,261.54001,261.59,1185584
2026-02-13 14:30:00,262.01001,262.23001,261.06,261.5,3560416
2026-02-13 14:31:00,261.44,261.51001,260.23999,260.3598,318726
2026-02-13 14:32:00,260.28,261.36499,259.64999,260.785,331348
2026-02-13 14:33:00,260.82501,261.35989,259.56009,259.9599,150054
2026-02-13 14:34:00,259.89001,260.14001,258.79999,259.29999,217813
2026-02-13 14:35:00,259.34,259.89001,259.12,259.19,185986
2026-02-13 14:36:00,259.17001,259.51001,258.79999,259.19,196822
2026-02-13 14:37:00,259.29001,260.26001,259.01999,259.01999,149648
2026-02-13 14:38:00,259.06,259.73001,259.06,259.59,116050
2026-02-13 14:39:00,259.625,259.75,259.14999,259.38501,124208
2026-02-13 14:40:00,259.35001,259.88,259.01999,259.42001,127626
2026-02-13 14:41:00,259.42001,260.06,259.39001,259.88,117254
2026-02-13 14:42:00,259.82999,260.17001,259.62,260.061,104364
2026-02-13 14:43:00,260.13,260.19,259.09,259.23999,195214
2026-02-13 14:44:00,259.23499,259.85001,259.14999,259.51999,102493
2026-02-13 14:45:00,259.51001,260.17999,259.39999,260.05499,117171
2026-02-13 14:46:00,260.04999,260.51999,259.76001,260.39499,169963
2026-02-13 14:47:00,260.35001,260.57999,259.84,260.35999,112806
2026-02-13 14:48:00,260.42999,260.98001,260.28,260.30991,104121
2026-02-13 14:49:00,260.26001,260.60501,260.1701,260.27499,107631
2026-02-13 14:50:00,260.26999,260.32669,259.22,259.35999,161726
2026-02-13 14:51:00,259.28,259.39999,258.84,258.92999,116643
2026-02-13 14:52:00,258.95001,259.23999,258.82001,259.20001,81370
2026-02-13 14:53:00,259.29999,259.81989,259.10999,259.52499,85777
2026-02-13 14:54:00,259.51999,259.73999,259.22009,259.5,119097
2026-02-13 14:55:00,259.51999,259.81,259.47,259.75,120407
2026-02-13 14:56:00,259.70999,259.75,259.20999,259.289,83823
2026-02-13 14:57:00,259.26001,259.56,259.10999,259.10999,97818
2026-02-13 14:58:00,259.16,259.66,259.10001,259.41,77759
2026-02-13 14:59:00,259.45001,259.5,259.23001,259.32999,75306
2026-02-13 15:00:00,259.31,259.82999,259.21011,259.60501,211793
2026-02-13 15:01:00,259.63,259.85001,259.29001,259.29169,67540
2026-02-13 15:02:00,259.29999,259.4903,259.23001,259.34009,64150
2026-02-13 15:03:00,259.32001,259.51999,259.0,259.08749,90713
2026-02-13 15:04:00,259.09,259.45999,259.04001,259.31,65301
2026-02-13 15:05:00,259.34,259.35999,258.88,258.89001,58153
2026-02-13 15:06:00,258.89999,259.54999,258.89001,259.54999,71817
2026-02-13 15:07:00,259.54501,259.54501,259.17001,259.32999,55791
2026-02-13 15:08:00,259.32751,259.70999,259.20999,259.67001,54949
2026-02-13 15:09:00,259.686,259.83499,259.48001,259.78,149575
2026-02-13 15:10:00,259.81,259.81,259.41,259.56,91300
2026-02-13 15:11:00,259.56,259.82001,259.5148,259.59,60195
2026-02-13 15:12:00,259.54999,259.85001,259.54001,259.78,52969
2026-02-13 15:13:00,259.81,260.70001,259.81,260.4631,77443
2026-02-13 15:14:00,260.48499,260.56,260.0,260.01999,47161
2026-02-13 15:15:00,260.04999,260.32001,259.87,260.215,53611
2026-02-13 15:16:00,260.16,260.38,259.70001,259.70001,53894
2026-02-13 15:17:00,259.685,259.87,259.66,259.845,44469
2026-02-13 15:18:00,259.85501,260.29999,259.73001,260.23999,45178
2026-02-13 15:19:00,260.285,260.285,259.655,259.67999,91620
2026-02-13 15:20:00,259.67999,259.95999,259.54999,259.88,93202
2026-02-13 15:21:00,259.85999,259.85999,259.42001,259.45999,61141
2026-02-13 15:22:00,259.47501,259.70499,259.32001,259.37,50918
2026-02-13 15:23:00,259.36011,259.67999,259.33499,259.60999,42075
2026-02-13 15:24:00,259.58011,259.66,259.42999,259.48001,33368
2026-02-13 15:25:00,259.5,259.88,259.44,259.85001,69478
2026-02-13 15:26:00,259.875,259.98999,259.67001,259.92999,68233
2026-02-13 15:27:00,259.92001,260.29999,259.89999,260.27499,103409
2026-02-13 15:28:00,260.27499,260.64001,260.20999,260.51999,75795
2026-02-13 15:29:00,260.52499,260.82001,260.48999,260.595,68573
2026-02-13 15:30:00,260.57999,260.87,260.47501,260.79999,70643
2026-02-13 15:31:00,260.79001,260.79999,260.48999,260.62,73893
2026-02-13 15:32:00,260.62,261.23999,260.60001,260.97,92383
2026-02-13 15:33:00,260.95999,261.41,260.95999,261.17151,108542
2026-02-13 15:34:00,261.28,261.32001,261.06,261.06,67424
2026-02-13 15:35:00,261.07999,261.45001,261.04501,261.42499,49542
2026-02-13 15:36:00,261.42499,261.48999,261.25,261.42001,62584
2026-02-13 15:37:00,261.39001,261.41,261.04999,261.10001,65317
2026-02-13 15:38:00,261.09,261.09,260.44,260.44,108930
2026-02-13 15:39:00,260.45001,260.67999,259.95001,259.98001,76988
2026-02-13 15:40:00,259.95999,260.04999,259.78,260.02991,49126
2026-02-13 15:41:00,259.98999,260.45499,259.98999,260.41,46231
2026-02-13 15:42:00,260.39001,260.50989,259.92001,259.9632,46662
2026-02-13 15:43:00,259.92999,260.35001,259.45001,259.47,73603
2026-02-13 15:44:00,259.5,259.68561,259.47,259.48959,49376
2026-02-13 15:45:00,259.57001,259.60999,259.345,259.37,58962
2026-02-13 15:46:00,259.42999,259.55499,258.95001,258.97,71030
2026-02-13 15:47:00,258.95999,259.09,258.84,258.89001,67997
2026-02-13 15:48:00,258.85501,259.03,258.62,258.64999,84687
2026-02-13 15:49:00,258.6301,258.72,258.37,258.56,92139
2026-02-13 15:50:00,258.64999,259.065,258.53,259.04999,58554
2026-02-13 15:51:00,259.035,259.44,258.95001,259.39999,67288
2026-02-13 15:52:00,259.38181,259.45499,259.20999,259.34,46565
2026-02-13 15:53:00,259.26999,259.5499,259.17001,259.51001,46232
2026-02-13 15:54:00,259.51999,259.57501,259.38501,259.5,68852
2026-02-13 15:55:00,259.535,259.82999,259.47501,259.76999,46115
2026-02-13 15:56:00,259.77499,259.79999,259.54999,259.62991,45465
2026-02-13 15:57:00,259.63,259.80991,259.63,259.75,50829
2026-02-13 15:58:00,259.79001,259.84,259.54001,259.64499,62004
2026-02-13 15:59:00,259.64001,259.64999,259.35001,259.39001,50830
2026-02-13 16:00:00,259.42999,259.76001,259.42999,259.60999,53319
2026-02-13 16:01:00,259.60001,259.69,259.38501,259.64001,35134
2026-02-13 16:02:00,259.655,259.75,259.38,259.405,36244
2026-02-13 16:03:00,259.41,259.51001,259.315,259.44,31789
2026-02-13 16:04:00,259.39999,259.48999,259.315,259.465,28990
2026-02-13 16:05:00,259.45001,259.53989,259.26199,259.39001,74748
2026-02-13 16:06:00,259.39001,259.59,259.34,259.51001,81707
2026-02-13 16:07:00,259.51999,259.57001,259.14499,259.22,77935
2026-02-13 16:08:00,259.26001,259.60999,259.14001,259.59,58337
2026-02-13 16:09:00,259.58499,259.745,259.39999,259.45401,90128
2026-02-13 16:10:00,259.48999,259.54999,259.29999,259.35501,47033
2026-02-13 16:11:00,259.37,259.42999,259.20029,259.33499,36686
2026-02-13 16:12:00,259.375,259.44501,259.09,259.16501,37490
2026-02-13 16:13:00,259.14001,259.14999,258.94,259.04001,49541
2026-02-13 16:14:00,259.0499,259.37,258.995,259.33499,38067
2026-02-13 16:15:00,259.345,259.60999,259.17001,259.56,48081
2026-02-13 16:16:00,259.51501,259.6553,259.4454,259.51999,32280
2026-02-13 16:17:00,259.51501,259.78,259.44479,259.70001,39731
2026-02-13 16:18:00,259.69501,259.75,259.54001,259.565,22684
2026-02-13 16:19:00,259.51999,259.54001,259.42999,259.47501,18329
2026-02-13 16:20:00,259.47,259.47,259.26001,259.26999,22530
2026-02-13 16:21:00,259.20001,259.38501,259.10999,259.26001,44421
2026-02-13 16:22:00,259.26001,259.42999,259.255,259.28561,33841
2026-02-13 16:23:00,259.28299,259.3219,258.76999,258.8576,66082
2026-02-13 16:24:00,258.88,258.995,258.845,258.95999,52175
2026-02-13 16:25:00,258.94009,258.97,258.69501,258.76999,58259
2026-02-13 16:26:00,258.76501,259.19,258.73059,259.125,50611
2026-02-13 16:27:00,259.14001,259.5,259.056,259.5,66459
2026-02-13 16:28:00,259.56,259.63989,259.38,259.42001,52281
2026-02-13 16:29:00,259.39499,259.39499,259.12,259.28751,53694
2026-02-13 16:30:00,259.29849,259.47,259.23001,259.44,43631
2026-02-13 16:31:00,259.44449,259.48001,259.09,259.35001,47296
2026-02-13 16:32:00,259.31,259.48001,259.29001,259.45499,45739
2026-02-13 16:33:00,259.45999,259.62,259.41,259.60001,44919
2026-02-13 16:34:00,259.61499,259.61499,259.29999,259.55499,41599
2026-02-13 16:35:00,259.54001,259.56,259.16,259.22,37677
2026-02-13 16:36:00,259.22501,259.41101,259.16501,259.41101,51304
2026-02-13 16:37:00,259.41,259.44519,258.60001,258.62,61929
2026-02-13 16:38:00,258.62,259.29001,258.60001,259.29001,64924
2026-02-13 16:39:00,259.28,259.35001,259.17999,259.35001,39946
2026-02-13 16:40:00,259.39999,259.44,259.26001,259.34,30591
2026-02-13 16:41:00,259.34,259.44,259.25,259.36499,23860
2026-02-13 16:42:00,259.35001,259.40991,259.26999,259.39001,26286
2026-02-13 16:43:00,259.37,259.57001,259.23999,259.54001,43564
2026-02-13 16:44:00,259.54999,259.60999,259.4201,259.45001,48658
2026-02-13 16:45:00,259.48001,259.73001,259.42001,259.64001,49830
2026-02-13 16:46:00,259.63,259.67499,259.44,259.44,50025
2026-02-13 16:47:00,259.42999,259.535,259.35001,259.51999,32275
2026-02-13 16:48:00,259.53,259.53,259.28,259.41,31948
2026-02-13 16:49:00,259.39001,259.4599,259.29999,259.42999,47932
2026-02-13 16:50:00,259.4043,259.57001,259.31,259.51001,49674
2026-02-13 16:51:00,259.5,259.61499,259.39001,259.57001,24065
2026-02-13 16:52:00,259.58499,259.59,259.32999,259.38,32632
2026-02-13 16:53:00,259.39999,259.44,259.22,259.29999,29632
2026-02-13 16:54:00,259.285,259.57999,259.26001,259.56,30654
2026-02-13 16:55:00,259.63,259.76999,259.54999,259.54999,26886
2026-02-13 16:56:00,259.54001,259.72,259.54001,259.69,50032
2026-02-13 16:57:00,259.67999,259.78,259.57999,259.65009,21042
2026-02-13 16:58:00,259.64999,259.67999,259.35999,259.39499,43111
2026-02-13 16:59:00,259.39499,259.47,259.14999,259.17999,39022
2026-02-13 17:00:00,259.20001,259.20999,258.89001,259.09,49417
2026-02-13 17:01:00,259.10501,259.38,259.10501,259.35001,32188
2026-02-13 17:02:00,259.33499,259.48001,259.22,259.37439,29267
2026-02-13 17:03:00,259.39999,259.44519,259.29001,259.39001,23319
2026-02-13 17:04:00,259.42001,259.57001,259.35999,259.47,32163
2026-02-13 17:05:00,259.45001,259.66,259.44,259.64999,30920
2026-02-13 17:06:00,259.64999,259.64999,259.509,259.60001,22818
2026-02-13 17:07:00,259.64999,259.75,259.59,259.70999,77921
2026-02-13 17:08:00,259.67999,259.70999,259.60001,259.60999,15341
2026-02-13 17:09:00,259.63,259.67999,259.42999,259.53,28188
2026-02-13 17:10:00,259.535,259.67999,259.51999,259.57001,34227
2026-02-13 17:11:00,259.60999,259.75,259.59,259.69,26256
2026-02-13 17:12:00,259.72,259.79999,259.64999,259.76999,29380
2026-02-13 17:13:00,259.76999,259.76999,259.53,259.63501,38058
2026-02-13 17:14:00,259.63501,259.87,259.60001,259.845,29949
2026-02-13 17:15:00,259.85999,259.97,259.802,259.92001,51208
2026-02-13 17:16:00,259.92999,260.07999,259.84,260.03,56274
2026-02-13 17:17:00,260.01959,260.07999,259.84,259.92999,43082
2026-02-13 17:18:00,259.94,260.0,259.79999,259.95001,37081
2026-02-13 17:19:00,259.95001,260.0,259.76501,259.79001,36165
2026-02-13 17:20:00,259.78299,259.83499,259.66,259.78009,32366
2026-02-13 17:21:00,259.79999,260.07001,259.79999,260.01501,37198
2026-02-13 17:22:00,260.0,260.03,259.92001,259.98999,25276
2026-02-13 17:23:00,260.0,260.20999,259.97,260.14011,35989
2026-02-13 17:24:00,260.14999,260.19,260.01001,260.09,27352
2026-02-13 17:25:00,260.10501,260.14001,259.79999,259.97,31563
2026-02-13 17:26:00,259.98001,260.07999,259.69501,259.745,58405
2026-02-13 17:27:00,259.755,259.81,259.67999,259.7099,51749
2026-02-13 17:28:00,259.70001,259.86499,259.6301,259.6301,44806
2026-02-13 17:29:00,259.655,259.72,259.59,259.59,36897
2026-02-13 17:30:00,259.59,259.67999,259.5,259.64999,36443
2026-02-13 17:31:00,259.64999,259.88,259.64999,259.85501,65492
2026-02-13 17:32:00,259.85001,260.04001,259.8273,259.98499,53360
2026-02-13 17:33:00,259.98999,260.01001,259.81,259.89999,37488
2026-02-13 17:34:00,259.92001,260.017,259.89999,259.98999,28397
2026-02-13 17:35:00,259.98001,260.1572,259.98001,260.1539,42727
2026-02-13 17:36:00,260.12,260.155,260.00009,260.00009,23541
2026-02-13 17:37:00,260.06,260.13,259.98099,260.01999,51405
2026-02-13 17:38:00,260.01001,260.07999,259.89999,259.94,41186
2026-02-13 17:39:00,259.995,260.07001,259.88,260.07001,27844
2026-02-13 17:40:00,260.07501,260.14001,260.01001,260.07501,28984
2026-02-13 17:41:00,260.07501,260.26001,260.07001,260.23001,45015
2026-02-13 17:42:00,260.22198,260.26999,260.07001,260.13,42821
2026-02-13 17:43:00,260.12,260.1582,260.04999,260.10999,23344
2026-02-13 17:44:00,260.13,260.17001,259.98001,260.10001,33624
2026-02-13 17:45:00,260.12,260.17999,260.03,260.05499,26152
2026-02-13 17:46:00,260.04999,260.17999,260.04001,260.1282,31143
2026-02-13 17:47:00,260.09,260.09,259.767,259.82999,42567
2026-02-13 17:48:00,259.84,259.84,259.34,259.495,163939
2026-02-13 17:49:00,259.495,259.57001,259.45999,259.505,81536
2026-02-13 17:50:00,259.51001,259.53,259.42999,259.48001,75436
2026-02-13 17:51:00,259.4801,259.54001,259.37,259.39001,47084
2026-02-13 17:52:00,259.39999,259.54001,259.39999,259.52499,30997
2026-02-13 17:53:00,259.51001,259.51001,259.20001,259.20001,31658
2026-02-13 17:54:00,259.20999,259.29001,259.12,259.26001,57710
2026-02-13 17:55:00,259.28,259.39001,259.255,259.285,30806
2026-02-13 17:56:00,259.25009,259.29999,259.17999,259.28,75559
2026-02-13 17:57:00,259.28,259.31,259.20001,259.22,30697
2026-02-13 17:58:00,259.23999,259.23999,259.07001,259.095,27632
2026-02-13 17:59:00,259.09,259.20001,259.02499,259.04501,78803
2026-02-13 18:00:00,259.04501,259.20001,259.04501,259.13,40866
2026-02-13 18:01:00,259.10001,259.10001,258.92999,258.95999,56332
2026-02-13 18:02:00,258.97,259.09,258.95001,258.97,59614
2026-02-13 18:03:00,258.98001,259.0,258.82001,258.9826,29215
2026-02-13 18:04:00,258.98001,258.98001,258.79999,258.92999,32732
2026-02-13 18:05:00,258.91,258.98001,258.76999,258.86011,47365
2026-02-13 18:06:00,258.85999,258.97961,258.81021,258.84,21684
2026-02-13 18:07:00,258.845,259.0004,258.82001,258.89001,24565
2026-02-13 18:08:00,258.91989,259.01001,258.86191,258.88,26411
2026-02-13 18:09:00,258.88,258.94641,258.82999,258.85989,30027
2026-02-13 18:10:00,258.85001,259.065,258.82999,259.04001,30569
2026-02-13 18:11:00,259.0462,259.14001,258.98499,259.04999,94377
2026-02-13 18:12:00,259.04001,259.0592,258.965,259.04001,31097
2026-02-13 18:13:00,259.06,259.10001,258.92999,258.97009,27171
2026-02-13 18:14:00,258.98001,259.06,258.95001,259.06,30253
2026-02-13 18:15:00,259.04999,259.13,258.94009,259.07001,77335
2026-02-13 18:16:00,259.09821,259.17999,259.07501,259.17001,21790
2026-02-13 18:17:00,259.17001,259.22,259.07999,259.17001,92635
2026-02-13 18:18:00,259.17001,259.19,259.07999,259.11499,25236
2026-02-13 18:19:00,259.1004,259.1004,258.85999,258.94,5965603
2026-02-13 18:20:00,258.94,259.14999,258.92999,259.13,1252
2026-02-13 18:21:00,259.10999,259.12619,258.97,259.07001,21955
2026-02-13 18:22:00,259.07001,259.23001,259.04001,259.23001,59135
2026-02-13 18:23:00,259.22,259.48999,259.10001,259.255,170662
2026-02-13 18:24:00,259.255,259.26999,259.065,259.095,48330
2026-02-13 18:25:00,259.1011,259.1011,258.87009,258.88,30274
2026-02-13 18:26:00,258.88,259.005,258.79999,259.0,33546
2026-02-13 18:27:00,259.0,259.0,258.85001,258.85001,19411
2026-02-13 18:28:00,258.815,258.98999,258.81,258.97,22049
2026-02-13 18:29:00,258.97379,259.03,258.87,258.91,48571
2026-02-13 18:30:00,258.94,258.9599,258.79999,258.91,24980
2026-02-13 18:31:00,258.91,259.04501,258.89999,259.01999,38026
2026-02-13 18:32:00,259.01501,259.07001,258.965,259.01999,31049
2026-02-13 18:33:00,259.06989,259.06989,258.92001,258.97989,19971
2026-02-13 18:34:00,258.98001,259.01001,258.91,258.98499,24496
2026-02-13 18:35:00,258.98001,259.0,258.92999,258.98001,23978
2026-02-13 18:36:00,258.995,259.09,258.95001,259.021,37614
2026-02-13 18:37:00,259.01999,259.17001,259.01001,259.15289,104509
2026-02-13 18:38:00,259.16,259.16,259.005,259.14001,36017
2026-02-13 18:39:00,259.14001,259.20001,259.10501,259.13,31989
2026-02-13 18:40:00,259.16501,259.20001,259.10999,259.14001,18666
2026-02-13 18:41:00,259.14511,259.14511,259.06,259.10999,22925
2026-02-13 18:42:00,259.11499,259.11499,259.04001,259.06,30947
2026-02-13 18:43:00,259.065,259.07999,258.95001,258.98499,42752
2026-02-13 18:44:00,259.005,259.03,258.94501,258.97299,17584
2026-02-13 18:45:00,258.98499,259.14001,258.98499,259.13,30887
2026-02-13 18:46:00,259.155,259.29501,259.10999,259.26999,112314
2026-02-13 18:47:00,259.28,259.31,259.1889,259.26501,63663
2026-02-13 18:48:00,259.26001,259.28,259.16,259.19,34321
2026-02-13 18:49:00,259.20001,259.20151,258.97,259.0,26084
2026-02-13 18:50:00,258.98001,259.03989,258.91,258.95001,29166
2026-02-13 18:51:00,258.94,258.957,258.79999,258.84,232510
2026-02-13 18:52:00,258.85001,258.88,258.59,258.60999,59561
2026-02-13 18:53:00,258.60999,258.82001,258.57999,258.80011,37904
2026-02-13 18:54:00,258.84,258.89001,258.79999,258.80011,22920
2026-02-13 18:55:00,258.79999,258.95999,258.76001,258.92001,43952
2026-02-13 18:56:00,258.95001,258.9566,258.84009,258.89999,26297
2026-02-13 18:57:00,258.92999,259.0,258.85001,258.86209,58319
2026-02-13 18:58:00,258.84,258.84,258.625,258.63959,27837
2026-02-13 18:59:00,258.64001,258.8299,258.64001,258.70001,26771
2026-02-13 19:00:00,258.71011,258.815,258.69,258.815,42010
2026-02-13 19:01:00,258.81,258.82999,258.67001,258.81,21073
2026-02-13 19:02:00,258.7886,258.8938,258.69,258.745,36800
2026-02-13 19:03:00,258.73001,258.73999,258.63,258.70499,21767
2026-02-13 19:04:00,258.70499,258.73999,258.67001,258.69,22964
2026-02-13 19:05:00,258.70999,258.79001,258.60001,258.78009,20767
2026-02-13 19:06:00,258.76999,258.79001,258.67999,258.7099,30725
2026-02-13 19:07:00,258.715,258.87,258.715,258.76999,56901
2026-02-13 19:08:00,258.79001,258.845,258.73999,258.815,27457
2026-02-13 19:09:00,258.81,258.95001,258.81,258.89001,87796
2026-02-13 19:10:00,258.85999,258.99991,258.85001,258.91,46987
2026-02-13 19:11:00,258.91501,258.95001,258.83499,258.901,28298
2026-02-13 19:12:00,258.91501,259.01999,258.89999,258.98999,59506
2026-02-13 19:13:00,258.97,258.97,258.83499,258.84,23785
2026-02-13 19:14:00,258.8425,258.89999,258.75009,258.82001,25264
2026-02-13 19:15:00,258.81009,258.815,258.76001,258.76999,21108
2026-02-13 19:16:00,258.76001,258.84,258.73999,258.82001,21385
2026-02-13 19:17:00,258.82999,258.84991,258.72,258.84,30135
2026-02-13 19:18:00,258.85001,258.95001,258.76501,258.89001,44325
2026-02-13 19:19:00,258.92001,258.95001,258.85501,258.95001,16323
2026-02-13 19:20:00,258.94351,258.98001,258.83029,258.91989,27992
2026-02-13 19:21:00,258.91,258.95999,258.88,258.92999,20256
2026-02-13 19:22:00,258.92999,258.95999,258.87,258.92001,16223
2026-02-13 19:23:00,258.92999,258.95999,258.75,258.76501,32311
2026-02-13 19:24:00,258.79001,258.84,258.7504,258.76999,44312
2026-02-13 19:25:00,258.78,258.79001,258.67999,258.73999,39921
2026-02-13 19:26:00,258.73001,258.73999,258.48999,258.5,6766936
2026-02-13 19:27:00,258.48999,258.5,258.31,258.35999,923
2026-02-13 19:28:00,258.38,258.44,258.34,258.34,35079
2026-02-13 19:29:00,258.32999,258.46039,258.28,258.45999,50624
2026-02-13 19:30:00,258.48001,258.54999,258.32999,258.4201,58918
2026-02-13 19:31:00,258.42999,258.44,258.26001,258.35001,55202
2026-02-13 19:32:00,258.35001,258.59,258.34,258.51001,62373
2026-02-13 19:33:00,258.535,258.57999,258.51001,258.51001,30787
2026-02-13 19:34:00,258.50839,258.51501,258.34,258.35001,37572
2026-02-13 19:35:00,258.34311,258.34311,258.22,258.26999,37465
2026-02-13 19:36:00,258.26501,258.41,258.23999,258.32999,39458
2026-02-13 19:37:00,258.34,258.42001,258.31,258.33011,36890
2026-02-13 19:38:00,258.37,258.47,258.35001,258.39999,29778
2026-02-13 19:39:00,258.38,258.39001,258.20001,258.31,39510
2026-02-13 19:40:00,258.32001,258.39999,258.17999,258.19,38532
2026-02-13 19:41:00,258.19101,258.23001,257.98001,258.04001,98139
2026-02-13 19:42:00,258.06,258.11499,257.96051,258.10999,43360
2026-02-13 19:43:00,258.10999,258.12,258.0,258.0,44168
2026-02-13 19:44:00,258.01001,258.06,257.96011,258.0452,34068
2026-02-13 19:45:00,258.03,258.22,257.92999,258.185,48956
2026-02-13 19:46:00,258.17001,258.23001,258.12,258.185,30807
2026-02-13 19:47:00,258.19479,258.21509,258.09,258.12,19807
2026-02-13 19:48:00,258.10501,258.14999,258.0,258.10999,30277
2026-02-13 19:49:00,258.10999,258.30991,258.10999,258.20001,27815
2026-02-13 19:50:00,258.20999,258.24991,258.09009,258.19009,25680
2026-02-13 19:51:00,258.215,258.30499,258.20999,258.21091,23995
2026-02-13 19:52:00,258.22989,258.40991,258.13,258.35999,74160
2026-02-13 19:53:00,258.37881,258.38,258.22891,258.32001,35317
2026-02-13 19:54:00,258.32001,258.465,258.27499,258.465,28358
2026-02-13 19:55:00,258.48001,258.57001,258.44739,258.54001,60428
2026-02-13 19:56:00,258.53009,258.73001,258.53009,258.59009,56745
2026-02-13 19:57:00,258.59,258.63,258.39999,258.45999,60541
2026-02-13 19:58:00,258.48001,258.48001,258.14999,258.20999,47144
2026-02-13 19:59:00,258.22,258.22,258.04999,258.10999,59699
2026-02-13 20:00:00,258.10501,258.28171,258.10501,258.22,55243
2026-02-13 20:01:00,258.2229,258.53989,258.20001,258.39999,40038
2026-02-13 20:02:00,258.41,258.45001,258.08499,258.16,74068
2026-02-13 20:03:00,258.17999,258.23001,258.13501,258.20001,46756
2026-02-13 20:04:00,258.20001,258.45001,258.17001,258.26501,55330
2026-02-13 20:05:00,258.26001,258.31,258.13101,258.14999,46848
2026-02-13 20:06:00,258.13,258.20001,257.85001,257.96011,95282
2026-02-13 20:07:00,257.95999,257.95999,257.70499,257.79999,194866
2026-02-13 20:08:00,257.79999,257.89001,257.60999,257.64001,76819
2026-02-13 20:09:00,257.63,257.78,257.57501,257.73001,58244
2026-02-13 20:10:00,257.72,257.92999,257.70001,257.87,67031
2026-02-13 20:11:00,257.8634,258.01001,257.78,257.98499,64462
2026-02-13 20:12:00,257.98499,258.0,257.75009,257.78,37771
2026-02-13 20:13:00,257.785,257.82999,257.64001,257.70999,36715
2026-02-13 20:14:00,257.72,257.72,257.51999,257.51999,63216
2026-02-13 20:15:00,257.54001,257.70001,257.47,257.63,96986
2026-02-13 20:16:00,257.60999,257.64001,257.35999,257.38501,70233
2026-02-13 20:17:00,257.38501,257.38501,257.12,257.17499,125509
2026-02-13 20:18:00,257.19,257.25,257.13,257.13,67915
2026-02-13 20:19:00,257.14001,257.35001,257.01001,257.28989,132913
2026-02-13 20:20:00,257.28,257.32999,257.03101,257.10501,97540
2026-02-13 20:21:00,257.11749,257.23001,257.07999,257.20999,60445
2026-02-13 20:22:00,257.20001,257.23499,257.10001,257.22,58160
2026-02-13 20:23:00,257.22,257.23999,257.04999,257.17001,58106
2026-02-13 20:24:00,257.16,257.16,256.67999,256.73499,166447
2026-02-13 20:25:00,256.73141,256.79999,256.48001,256.5,252129
2026-02-13 20:26:00,256.48999,256.51999,256.29999,256.44,84773
2026-02-13 20:27:00,256.4303,256.47009,256.14999,256.26999,82701
2026-02-13 20:28:00,256.23999,256.23999,256.04001,256.04001,107042
2026-02-13 20:29:00,256.01999,256.13,255.81731,255.91,189755
2026-02-13 20:30:00,255.91,256.09,255.88499,255.94501,170689
2026-02-13 20:31:00,255.95,256.14941,255.84,256.04999,251909
2026-02-13 20:32:00,256.03,256.17999,255.95,255.95,82439
2026-02-13 20:33:00,255.96001,255.99001,255.53,255.56,139185
2026-02-13 20:34:00,255.56,255.78,255.45,255.50999,117018
2026-02-13 20:35:00,255.53,255.7,255.47501,255.66,177164
2026-02-13 20:36:00,255.66499,255.78999,255.58,255.66499,114822
2026-02-13 20:37:00,255.66499,255.66499,255.45,255.505,76274
2026-02-13 20:38:00,255.47501,255.94,255.4501,255.94,195464
2026-02-13 20:39:00,255.95,256.07001,255.83099,255.935,99273
2026-02-13 20:40:00,255.96001,256.20999,255.96001,256.13,124557
2026-02-13 20:41:00,256.11499,256.17001,255.86,255.95,115965
2026-02-13 20:42:00,255.965,255.98,255.80009,255.845,75595
2026-02-13 20:43:00,255.85001,256.01001,255.75,255.83501,81274
2026-02-13 20:44:00,255.83501,256.0,255.8201,255.875,109288
2026-02-13 20:45:00,255.88,255.94,255.73,255.806,91484
2026-02-13 20:46:00,255.81,255.985,255.75,255.9334,88206
2026-02-13 20:47:00,255.95,256.01001,255.81,255.92,83123
2026-02-13 20:48:00,255.91499,256.01001,255.84,255.99001,97830
2026-02-13 20:49:00,255.99001,256.09,255.92999,255.97,172978
2026-02-13 20:50:00,255.97,256.19,255.875,255.89,200583
2026-02-13 20:51:00,255.88699,256.07999,255.88699,255.91,224979
2026-02-13 20:52:00,255.89999,256.07001,255.73,255.88,281355
2026-02-13 20:53:00,255.92,256.66,255.8625,256.16,384135
2026-02-13 20:54:00,256.16,256.54001,255.987,256.43341,405675
2026-02-13 20:55:00,256.45001,256.45001,255.89999,256.07001,261896
2026-02-13 20:56:00,256.04999,256.31,256.005,256.23499,337111
2026-02-13 20:57:00,256.23499,256.29999,255.92,255.97,319308
2026-02-13 20:58:00,255.9688,256.03,255.83009,255.99001,420732
2026-02-13 20:59:00,255.99001,256.01001,255.59,255.82001,1420615
