datetime,open,high,low,close,volume,is_min,is_max
2020-06-04 17:00:00,80.62625,80.9825,80.6125,80.9125,1229864,0,0
2020-06-04 18:00:00,80.90535,80.96,80.2175,80.2175,1995660,0,0
2020-06-04 19:00:00,80.22125,80.59,80.2025,80.58,5944868,0,0
2020-06-05 13:00:00,80.8625,82.0,80.815,81.695,1845740,0,0
2020-06-05 13:30:00,80.8625,82.0,80.815,81.66,2784732,0,0
2020-06-05 14:00:00,81.705,82.0,81.43,81.98755,2471516,0,0
2020-06-05 14:30:00,81.6625,82.25,81.6175,82.2225,1532524,0,0
2020-06-05 15:00:00,81.99,82.45,81.90582,82.40475,531892,0,0
2020-06-05 15:30:00,82.22,82.5,82.0925,82.35748,1456084,0,0
2020-06-05 16:00:00,82.40375,82.5,82.2525,82.4875,2009208,0,0
2020-06-05 16:30:00,82.3575,82.68,82.32,82.6625,2320652,0,0
2020-06-05 17:00:00,82.48,82.78,82.365,82.5775,2747756,0,0
2020-06-05 17:30:00,82.6625,82.78,82.43,82.505,2965376,0,0
2020-06-05 18:00:00,82.5725,82.6775,82.32,82.56125,2672828,0,0
2020-06-05 18:30:00,82.51,82.895,82.32,82.8725,1949752,0,0
2020-06-05 19:00:00,82.5625,82.9375,82.46125,82.9075,7772792,0,0
2020-06-05 19:30:00,82.8675,82.9375,82.5075,82.9075,7042612,0,0
2020-06-08 13:00:00,82.59038,82.845,82.2025,82.28,3249004,0,0
2020-06-08 14:00:00,82.27875,82.53775,81.83,82.5025,3056544,0,0
2020-06-08 15:00:00,82.5075,82.7375,82.425,82.6225,1094084,0,0
2020-06-08 16:00:00,82.64,82.67745,82.45753,82.62,1328624,0,0
2020-06-08 17:00:00,82.635,83.11,82.4875,83.10905,1612644,0,0
2020-06-08 18:00:00,83.1025,83.2675,82.9875,83.1925,1920172,0,0
2020-06-08 19:00:00,83.195,83.4,83.04,83.3825,6385288,0,0
2020-06-09 13:00:00,83.0225,84.27125,83.0025,83.99875,2279352,0,0
2020-06-09 14:00:00,83.995,84.905,83.89,84.8825,2376436,0,0
2020-06-09 15:00:00,84.87,85.5525,84.8425,85.28375,2892040,0,0
2020-06-09 16:00:00,85.28,86.22,85.26788,86.09747,3807720,0,0
2020-06-09 17:00:00,86.09,86.355,85.9175,86.3125,2201544,0,0
2020-06-09 18:00:00,86.30875,86.40247,85.675,85.96182,3281064,0,0
2020-06-09 19:00:00,85.9525,86.2725,85.9075,85.955,7238704,0,0
2020-06-10 13:00:00,87.1775,87.8175,86.5225,87.63957,6343276,0,0
2020-06-10 14:00:00,87.6375,87.875,87.16625,87.46995,4290816,0,0
2020-06-10 15:00:00,87.4625,88.21,87.36,87.98,558760,0,0
2020-06-10 16:00:00,88.005,88.1,87.61,87.9325,2451532,0,0
2020-06-10 17:00:00,87.93125,88.08958,87.8125,87.9,1857164,0,0
2020-06-10 18:00:00,87.9,88.6925,87.57,88.13125,4291316,0,0
2020-06-10 19:00:00,88.1075,88.66,87.85,88.21,7617444,0,0
2020-06-11 13:00:00,87.32493,87.7,86.64925,87.2625,3781352,0,0
2020-06-11 14:00:00,87.2675,87.7625,86.85,86.9525,5772052,0,0
2020-06-11 15:00:00,86.945,87.5125,86.73375,87.07125,1653016,0,0
2020-06-11 16:00:00,87.0575,87.085,84.8675,85.09375,5067908,0,0
2020-06-11 17:00:00,85.0875,86.1775,84.96,85.69,4298072,0,0
2020-06-11 18:00:00,85.685,85.69,84.56,84.7875,4481036,0,0
2020-06-11 19:00:00,84.77,85.045,83.87,83.9475,15550744,0,0
2020-06-12 13:00:00,86.03875,86.95,85.8075,86.62875,3423424,0,0
2020-06-12 14:00:00,86.6275,86.8,84.2975,84.3075,3717680,0,0
2020-06-12 15:00:00,84.3075,85.592,83.8,85.5775,3050448,0,0
2020-06-12 16:00:00,85.5725,85.8625,84.715,85.19,6370492,0,0
2020-06-12 17:00:00,85.2,85.2325,83.55582,83.69167,3611616,0,0
2020-06-12 18:00:00,83.6775,84.825,83.58,84.7775,4104848,0,0
2020-06-12 19:00:00,84.8625,85.1,84.055,84.6325,9402384,0,0
2020-06-15 13:00:00,83.3125,84.1975,83.1475,84.04,1494468,1,0
2020-06-15 14:00:00,84.0275,84.41125,83.6025,83.8975,3030316,0,0
2020-06-15 15:00:00,83.8925,84.475,83.8625,84.39975,3039652,0,0
2020-06-15 16:00:00,84.365,85.0747,84.34,84.96,1796192,0,0
2020-06-15 17:00:00,84.965,85.265,84.75,85.22,1750948,0,0
2020-06-15 18:00:00,85.23,86.2,85.2225,86.05,3775448,0,0
2020-06-15 19:00:00,86.035,86.42,85.2975,85.7675,8851576,0,0
2020-06-16 13:00:00,87.92,88.25503,87.2875,87.95375,2197640,0,0
2020-06-16 14:00:00,87.95,88.1425,86.54,86.625,7123096,0,0
2020-06-16 15:00:00,86.5775,87.9,86.18,87.5975,4670328,0,0
2020-06-16 16:00:00,87.61,87.9925,87.2825,87.7775,1848692,0,0
2020-06-16 17:00:00,87.79,88.0,87.6825,87.8775,2331888,0,0
2020-06-16 18:00:00,87.8675,88.3,87.6975,87.83478,3612284,0,0
2020-06-16 19:00:00,87.8375,88.08,87.2925,88.05,8464392,0,0
2020-06-17 13:00:00,88.7975,88.8425,88.21,88.4625,1941416,0,0
2020-06-17 14:00:00,88.4675,88.6725,88.0825,88.5975,1308244,0,0
2020-06-17 15:00:00,88.59,88.6425,88.23905,88.6175,2358880,0,0
2020-06-17 16:00:00,88.625,88.78,88.5525,88.7025,2006848,0,0
2020-06-17 17:00:00,88.71,88.8125,88.595,88.595,1989772,0,0
2020-06-17 18:00:00,88.6025,88.7675,88.4925,88.52,2059536,0,0
2020-06-17 19:00:00,88.5,88.53,87.7725,87.85275,6376464,0,0
2020-06-18 13:00:00,87.975,88.25125,87.72,87.8225,1326304,0,0
2020-06-18 14:00:00,87.825,88.1975,87.58,88.10162,2072892,0,0
2020-06-18 15:00:00,88.125,88.3611,87.96095,88.005,1486984,0,0
2020-06-18 16:00:00,87.9875,88.1075,87.84,87.9075,1056920,0,0
2020-06-18 17:00:00,87.9075,88.07748,87.825,87.9825,1293488,0,0
2020-06-18 18:00:00,87.985,87.9925,87.4475,87.4614,1518588,0,0
2020-06-18 19:00:00,87.47,88.025,87.305,87.8975,5743012,0,0
2020-06-19 13:00:00,88.86748,89.14,88.61558,88.75355,3038444,0,1
2020-06-19 14:00:00,88.7575,88.9475,88.315,88.52757,2356768,0,0
2020-06-19 15:00:00,88.53387,88.76653,88.24,88.30625,3213828,0,0
2020-06-19 16:00:00,88.31,88.335,87.035,87.7475,5038692,0,0
2020-06-19 17:00:00,87.7525,87.755,86.7925,86.7975,2026940,0,0
2020-06-19 18:00:00,86.8025,86.9975,86.2925,86.8375,3664628,0,0
2020-06-19 19:00:00,86.845,87.58,86.545,87.3775,13027788,0,0
2020-06-22 13:00:00,87.97735,88.78,87.7975,88.75,3243576,0,0
2020-06-22 14:00:00,88.75,89.0525,88.6275,88.6325,886296,0,0
2020-06-22 15:00:00,88.6375,89.0875,88.4675,89.00875,1836284,0,0
2020-06-22 16:00:00,89.01247,89.3525,89.0112,89.28,3180680,0,0
2020-06-22 17:00:00,89.29,89.4175,89.145,89.23753,3351520,0,0
2020-06-22 18:00:00,89.24,89.77498,89.105,89.7625,3655172,0,0
2020-06-22 19:00:00,89.76,89.865,89.31,89.7225,8484720,0,0
2020-06-23 13:00:00,90.99,91.3175,90.56918,91.26265,8682776,0,0
2020-06-23 14:00:00,91.2625,91.66,91.075,91.39265,3000364,0,0
2020-06-23 15:00:00,91.3925,92.11,91.23003,92.105,3771388,0,0
2020-06-23 16:00:00,92.105,92.5,92.02753,92.40625,4212264,0,0
2020-06-23 17:00:00,92.405,93.0925,92.365,92.785,7062724,0,0
2020-06-23 18:00:00,92.78095,92.81747,92.25,92.30253,6187672,0,0
2020-06-23 19:00:00,92.213,92.3675,91.5075,91.5925,12077548,0,0
2020-06-24 13:00:00,91.25975,92.1925,90.77755,90.8675,2013048,0,0
2020-06-24 14:00:00,90.86125,91.3725,90.5725,90.74,3556040,0,0
2020-06-24 15:00:00,90.74,91.0175,89.63,89.995,5714288,0,0
2020-06-24 16:00:00,89.9925,90.81228,89.7925,90.724,4978828,0,0
2020-06-24 17:00:00,90.72,90.95563,90.0375,90.2625,4423984,0,0
2020-06-24 18:00:00,90.27,90.52375,89.82253,89.95625,4013264,0,0
2020-06-24 19:00:00,89.965,90.5925,89.875,90.0275,8914372,0,0
2020-06-25 13:00:00,90.175,90.845,89.3925,89.91028,24819300,0,0
2020-06-25 14:00:00,89.9075,90.71992,89.8625,90.38125,24387824,0,0
2020-06-25 15:00:00,90.3775,90.4925,89.9,90.33585,14831720,0,0
2020-06-25 16:00:00,90.3425,91.005,90.3425,90.6125,17084992,0,0
2020-06-25 17:00:00,90.6125,90.73498,90.31,90.49,8786800,0,0
2020-06-25 18:00:00,90.4925,90.5125,90.0,90.26517,13110840,0,0
2020-06-25 19:00:00,90.255,91.25,90.1675,91.24252,24828792,0,0
2020-06-26 13:00:00,91.1025,91.33,90.3825,90.59875,18192444,0,0
2020-06-26 14:00:00,90.5925,90.5925,88.795,89.355,34481264,0,0
2020-06-26 15:00:00,89.355,90.35,89.30287,90.22,21064748,0,0
2020-06-26 16:00:00,90.225,90.24,89.21,89.7425,19060604,0,0
2020-06-26 17:00:00,89.7375,90.0475,89.485,89.50125,15051088,0,0
2020-06-26 17:30:00,89.9625,89.975,89.065,89.1525,16141004,0,0
2020-06-26 18:30:00,89.15,89.285,88.7675,89.01247,17696324,0,0
2020-06-26 19:30:00,89.0,89.475,88.255,88.4225,27724668,0,0
2020-06-29 13:30:00,88.3125,89.38,87.82,89.3025,35821384,1,0
2020-06-29 14:30:00,89.3075,89.965,89.2,89.91745,18425532,0,0
2020-06-29 15:30:00,89.9275,90.315,89.8625,90.3025,12861500,0,0
2020-06-29 16:30:00,90.3225,90.5375,90.01,90.0375,0,0,0
2020-06-29 17:30:00,90.1125,90.445,89.98,90.12,0,0,0
2020-06-29 18:30:00,90.105,90.165,89.63,89.975,0,0,0
2020-06-29 19:30:00,90.0025,90.445,89.9325,90.445,0,0,0
2020-06-30 13:30:00,90.1375,91.27,90.09,91.055,0,0,0
2020-06-30 14:30:00,91.0325,91.465,90.9025,91.2925,0,0,0
2020-06-30 15:30:00,91.28,91.3925,91.06,91.225,0,0,0
2020-06-30 16:30:00,91.2125,91.265,90.4425,90.78,0,0,0
2020-06-30 17:30:00,90.795,90.85,90.3225,90.6475,0,0,0
2020-06-30 18:30:00,90.64,90.9575,90.52,90.9,0,0,0
2020-06-30 19:30:00,90.91,91.4575,90.8775,91.2,0,0,0
2020-07-01 13:30:00,91.4775,91.8175,91.18,91.585,0,0,0
2020-07-01 14:30:00,91.5825,91.8025,91.415,91.565,0,0,0
2020-07-01 15:30:00,91.5875,91.7175,91.5,91.5475,0,0,0
2020-07-01 16:30:00,91.56,91.8375,91.3925,91.4875,0,0,0
2020-07-01 17:30:00,91.5,91.7025,91.345,91.4075,0,0,0
2020-07-01 18:30:00,91.4175,91.5375,91.0,91.17,0,0,0
2020-07-01 19:30:00,91.1625,91.4,91.015,91.0275,0,0,0
2020-07-02 13:30:00,92.016,92.61,91.45,91.4975,0,0,0
2020-07-02 14:30:00,91.5075,92.01,91.4825,91.57,0,0,0
2020-07-02 15:30:00,91.605,92.0125,91.4875,91.9475,0,0,0
2020-07-02 16:30:00,91.955,91.9575,91.6125,91.66,0,0,0
2020-07-02 17:30:00,91.6525,91.74,91.5425,91.7375,0,0,0
2020-07-02 18:30:00,91.745,91.825,91.56,91.6425,0,0,0
2020-07-02 19:30:00,91.6575,91.7375,90.9725,91.0275,0,0,0
2020-07-06 13:30:00,92.495,93.4725,92.4725,93.295,0,0,0
2020-07-06 14:30:00,93.2575,93.8875,93.2575,93.7775,0,0,0
2020-07-06 15:30:00,93.8125,93.9325,93.3275,93.4175,0,0,0
2020-07-06 16:30:00,93.385,93.695,93.3175,93.4425,0,0,0
2020-07-06 17:30:00,93.4875,93.5425,92.9925,93.1825,1270996,0,0
2020-07-06 18:30:00,93.1775,93.3725,93.0075,93.3275,0,0,0
2020-07-06 19:30:00,93.3375,93.595,93.335,93.4625,1244924,0,0
2020-07-07 13:30:00,93.8725,94.65,93.5175,94.625,0,0,0
2020-07-07 14:30:00,94.5975,94.625,94.175,94.5125,0,0,0
2020-07-07 15:30:00,94.5425,94.61,93.8625,94.2275,0,0,0
2020-07-07 16:30:00,94.22,94.2575,93.8,94.045,0,0,0
2020-07-07 17:30:00,94.02,94.19,93.7775,93.865,0,0,0
2020-07-07 18:30:00,93.8475,93.89,93.6075,93.7375,0,0,0
2020-07-07 19:30:00,93.75,93.9375,93.0575,93.1725,0,0,0
2020-07-08 13:30:00,94.145,95.1975,94.1125,94.5725,0,0,0
2020-07-08 14:30:00,94.545,95.15,94.2025,94.62,0,0,0
2020-07-08 15:30:00,94.6125,95.0875,94.5425,94.92,0,0,0
2020-07-08 16:30:00,94.94,95.07,94.635,94.785,0,0,0
2020-07-08 17:30:00,94.7675,94.9625,94.4825,94.9275,0,0,0
2020-07-08 18:30:00,94.895,95.14,94.7275,95.08,0,0,0
2020-07-08 19:30:00,95.125,95.35,94.8825,95.3425,0,0,0
2020-07-09 13:30:00,96.265,96.265,95.6,96.0675,0,0,0
2020-07-09 14:30:00,96.0325,96.125,94.6725,95.07,0,0,0
2020-07-09 15:30:00,95.0825,95.7375,94.965,95.6025,0,0,0
2020-07-09 16:30:00,95.5775,95.875,95.53,95.7075,0,0,0
2020-07-09 17:30:00,95.75,95.785,95.29,95.67,0,0,0
2020-07-09 18:30:00,95.66,95.975,95.2425,95.2775,0,0,0
2020-07-09 19:30:00,95.2925,95.8175,95.0025,95.6825,0,0,0
2020-07-10 13:30:00,95.3525,95.7625,94.715,95.455,0,0,0
2020-07-10 14:30:00,95.4575,95.4925,95.145,95.4375,0,0,0
2020-07-10 15:30:00,95.385,95.6275,95.225,95.25,0,0,0
2020-07-10 16:30:00,95.255,95.4925,95.115,95.465,0,0,0
2020-07-10 17:30:00,95.455,95.455,95.25,95.3725,0,0,0
2020-07-10 18:30:00,95.365,95.8475,95.3475,95.7925,0,0,0
2020-07-10 19:30:00,95.78,95.9575,95.7275,95.92,0,0,0
2020-07-13 13:30:00,97.285,99.6275,97.1,99.625,0,0,0
2020-07-13 14:30:00,99.6375,99.955,99.2075,99.8525,0,0,0
2020-07-13 15:30:00,99.905,99.905,99.24,99.4475,0,0,1
2020-07-13 16:30:00,99.4425,99.5525,98.7025,99.09,0,0,0
2020-07-13 17:30:00,99.115,99.14,97.24,97.3425,0,0,0
2020-07-13 18:30:00,97.3025,97.8425,96.455,96.5125,0,0,0
2020-07-13 19:30:00,96.51,96.5875,95.2875,95.4775,0,0,0
2020-07-14 13:30:00,94.8475,96.5925,93.9,94.795,0,0,0
2020-07-14 14:30:00,94.755,95.425,94.54,95.27,0,1,0
2020-07-14 15:30:00,95.25,96.0775,95.1025,95.6575,0,0,0
2020-07-14 16:30:00,95.6625,95.89,95.03,95.4925,0,0,0
2020-07-14 17:30:00,95.4675,96.7325,95.4675,96.6275,0,0,0
2020-07-14 18:30:00,96.655,96.8575,95.7375,96.42,0,0,0
2020-07-14 19:30:00,96.45,97.25,96.325,97.0575,0,0,0
2020-07-15 13:30:00,99.03,99.225,98.1275,98.72,0,0,1
2020-07-15 14:30:00,98.76,98.795,96.8725,97.5875,0,0,0
2020-07-15 15:30:00,97.56,97.7025,96.4975,97.2125,0,0,0
2020-07-15 16:30:00,97.2075,97.8175,96.8675,97.5375,0,0,0
2020-07-15 17:30:00,97.4975,97.945,97.28,97.805,0,0,0
2020-07-15 18:30:00,97.81,97.9125,96.985,97.58,0,0,0
2020-07-15 19:30:00,97.5525,97.85,97.475,97.725,0,0,0
2020-07-16 13:30:00,96.6025,97.4,96.17,96.5525,0,0,0
2020-07-16 14:30:00,96.55,96.905,95.9775,96.205,0,0,0
2020-07-16 15:30:00,96.1925,96.3625,95.9125,96.05,224320,0,0
2020-07-16 16:30:00,96.075,96.515,95.9475,96.475,0,0,0
2020-07-16 17:30:00,96.48,96.725,96.1375,96.6775,0,0,0
2020-07-16 18:30:00,96.6675,96.745,96.16,96.635,0,0,0
2020-07-16 19:30:00,96.5925,96.8475,96.35,96.5225,0,0,0
2020-07-17 13:30:00,96.8775,97.03125,95.9075,95.97157,424172,0,0
2020-07-17 14:30:00,95.9975,96.5175,95.86,96.46,0,0,0
2020-07-17 15:30:00,96.4675,96.8625,96.2375,96.7475,0,0,0
2020-07-17 16:30:00,96.7275,96.765,96.2525,96.5075,719156,0,0
2020-07-17 17:30:00,96.5275,96.6175,96.2525,96.35,975180,0,0
2020-07-17 18:30:00,96.3525,96.5825,96.2975,96.46,935352,0,0
2020-07-17 19:30:00,96.44,96.6625,96.3025,96.3275,1605560,0,0
2020-07-20 13:30:00,96.3975,97.1,96.0725,96.945,2806184,0,0
2020-07-20 14:30:00,96.9675,97.415,96.8325,97.33,2552108,0,0
2020-07-20 15:30:00,97.345,97.64,97.1825,97.2,2582628,0,0
2020-07-20 16:30:00,97.205,97.5575,97.2,97.54,1172420,0,0
2020-07-20 17:30:00,97.5425,97.725,97.4425,97.705,1772760,0,0
2020-07-20 18:30:00,97.695,98.125,97.5675,98.12,4206544,0,0
2020-07-20 19:30:00,98.145,98.48,98.145,98.3575,7322084,0,0
2020-07-21 13:30:00,99.045,99.06,98.0525,98.1625,5874612,0,1
2020-07-21 14:30:00,98.18,98.3,97.6175,97.835,8208476,0,0
2020-07-21 15:30:00,97.895,97.9725,97.3525,97.6175,3037904,0,0
2020-07-21 16:30:00,97.61,97.705,97.285,97.575,2463032,0,0
2020-07-21 17:30:00,97.58,98.2075,97.575,98.0375,0,0,0
2020-07-21 18:30:00,98.0425,98.0425,97.2275,97.2975,1122032,0,0
2020-07-21 19:30:00,97.3375,97.435,96.7925,97.0,0,0,0
2020-07-22 13:30:00,96.75,97.9675,96.75,97.39,10406948,0,0
2020-07-22 14:30:00,97.3625,97.5,96.77,97.2225,8406980,0,0
2020-07-22 15:30:00,97.2825,97.34,96.96,97.095,4400112,0,0
2020-07-22 16:30:00,97.1075,97.15247,96.8475,96.8925,1629980,0,0
2020-07-22 17:30:00,96.8975,96.9475,96.605,96.825,3407528,0,0
2020-07-22 18:30:00,96.8275,97.22,96.715,96.86,4367180,0,0
2020-07-22 19:30:00,96.8825,97.405,96.86,97.2725,5808616,0,0
2020-07-23 13:30:00,97.0625,97.0625,95.9275,96.2725,6226516,0,0
2020-07-23 14:30:00,96.26625,96.4425,95.6325,95.92,8837692,0,0
2020-07-23 15:30:00,95.95,96.0,94.815,94.89,18205892,0,0
2020-07-23 16:30:00,94.88,94.9925,94.2375,94.6,9490420,0,0
2020-07-23 17:30:00,94.55,94.6875,92.1625,92.88385,21969100,0,0
2020-07-23 18:30:00,92.875,93.3125,92.00975,92.465,31040380,0,0
2020-07-23 19:30:00,92.4529,92.9125,92.16297,92.845,10333768,0,0
2020-07-24 13:30:00,90.9875,91.585,89.2725,91.4575,48450312,1,0
2020-07-24 14:30:00,91.475,92.8825,90.69003,92.79,10567080,0,0
2020-07-24 15:30:00,92.72,92.72,91.75,92.2775,3936716,0,0
2020-07-24 16:30:00,92.2875,92.2975,91.4125,91.9375,4509632,0,0
2020-07-24 17:30:00,91.9325,92.8525,91.795,92.7575,8701856,0,0
2020-07-24 18:30:00,92.74,92.9575,92.1475,92.375,8617788,0,0
2020-07-24 19:30:00,92.39,92.765,92.2725,92.615,9665664,0,0
2020-07-27 13:30:00,93.7775,94.865,93.505,94.295,3183700,0,0
2020-07-27 14:30:00,94.2375,94.5225,93.6675,93.7075,8351392,0,0
2020-07-27 15:30:00,93.69,94.0325,93.48,93.895,6612636,0,0
2020-07-27 16:30:00,93.84,94.3825,93.76,94.375,5211488,0,0
2020-07-27 17:30:00,94.3775,94.7375,94.335,94.6875,3662464,0,0
2020-07-27 18:30:00,94.71,94.7725,94.2975,94.6975,4468472,0,0
2020-07-27 19:30:00,94.69,94.895,94.635,94.80375,7650748,0,0
2020-07-28 13:30:00,94.3725,94.5,93.4825,93.6475,21832724,0,0
2020-07-28 14:30:00,93.6775,94.1775,93.4875,93.945,4794108,0,0
2020-07-28 15:30:00,93.99,94.125,93.5625,93.8875,2985600,0,0
2020-07-28 16:30:00,93.865,94.0025,93.73,93.95,1998268,0,0
2020-07-28 17:30:00,93.975,94.3775,93.9725,93.985,5055576,0,0
2020-07-28 18:30:00,94.0125,94.1925,93.5275,93.69,1875404,0,0
2020-07-28 19:30:00,93.6925,93.805,93.2525,93.2525,7399240,0,0
2020-07-29 13:30:00,93.875,94.8175,93.805,94.6325,7940752,0,0
2020-07-29 14:30:00,94.645,94.7575,94.3825,94.6325,3320184,0,0
2020-07-29 15:30:00,94.6275,94.63,94.095,94.325,3515604,0,0
2020-07-29 16:30:00,94.3225,94.4725,94.125,94.3,1113032,0,0
2020-07-29 17:30:00,94.275,94.765,94.055,94.7125,5249928,0,0
2020-07-29 18:30:00,94.735,95.14415,94.4575,94.915,9574404,0,0
2020-07-29 19:30:00,94.925,95.2225,94.83,95.0675,5658192,0,0
2020-07-30 13:30:00,94.2275,95.04,93.7675,94.2,19604440,0,0
2020-07-30 14:30:00,94.165,94.935,94.125,94.7075,10439220,0,0
2020-07-30 15:30:00,94.72,95.94,94.67,95.73,13999044,0,0
2020-07-30 16:30:00,95.73375,95.93,95.42,95.64852,6293516,0,0
2020-07-30 17:30:00,95.6375,95.8325,95.24,95.6875,5664436,0,0
2020-07-30 18:30:00,95.685,96.13,95.6375,96.0375,6483420,0,0
2020-07-30 19:30:00,96.01,96.2975,95.8975,96.22,11039232,0,0
2020-07-31 13:30:00,102.9425,102.9425,100.9025,101.4775,76216768,0,0
2020-07-31 14:30:00,101.4525,102.9475,101.4025,102.66,18341092,0,0
2020-07-31 15:30:00,102.6875,103.0375,102.25,102.6625,18535960,0,0
2020-07-31 16:30:00,102.66375,102.8825,102.0475,102.88,18571812,0,0
2020-07-31 17:30:00,102.905,103.32,102.775,103.2775,19596192,0,0
2020-07-31 18:30:00,103.2425,105.59,103.2425,105.28,50860552,0,0
2020-07-31 19:30:00,105.4,106.395,105.2575,106.26,28257176,0,0
2020-08-03 13:30:00,108.215,111.5925,107.9175,109.795,53082808,0,0
2020-08-03 14:30:00,109.85,110.32,109.07,109.84,25706920,0,0
2020-08-03 15:30:00,109.8275,109.91,109.2525,109.7025,9126628,0,0
2020-08-03 16:30:00,109.7025,109.795,108.86962,109.0275,15817540,0,0
2020-08-03 17:30:00,109.0375,109.64,108.65,109.525,11989848,0,0
2020-08-03 18:30:00,109.5625,109.8975,109.0375,109.2,15542528,0,0
2020-08-03 19:30:00,109.2575,109.4975,108.795,108.9375,3342524,0,0
2020-08-04 13:30:00,109.1325,110.7725,108.3975,110.4875,18924008,0,0
2020-08-04 14:30:00,110.455,110.75,109.375,109.615,18988776,0,0
2020-08-04 15:30:00,109.5825,110.12,109.5075,109.8125,6559452,0,0
2020-08-04 16:30:00,109.8125,110.075,109.6425,109.8425,4434604,0,0
2020-08-04 17:30:00,109.8625,110.1775,109.4375,109.4575,9833452,0,0
2020-08-04 18:30:00,109.45,109.4875,109.0,109.33125,12644380,0,0
2020-08-04 19:30:00,109.3675,109.7375,109.15,109.665,7479704,0,0
2020-08-05 13:30:00,109.43,110.38,108.8975,110.1,23357496,0,0
2020-08-05 14:30:00,110.115,110.115,109.2325,109.4775,10903576,0,0
2020-08-05 15:30:00,109.5125,109.6075,109.33,109.38,7872580,0,0
2020-08-05 16:30:00,109.3525,109.4725,109.0225,109.32205,5005028,0,0
2020-08-05 17:30:00,109.325,109.4475,109.1525,109.3575,4914828,0,0
2020-08-05 18:30:00,109.36,109.91,109.33,109.725,12363700,0,0
2020-08-05 19:30:00,109.7275,110.11,109.69,110.0625,8151632,0,0
2020-08-06 13:30:00,110.3825,111.445,109.7975,111.135,23250488,0,0
2020-08-06 14:30:00,111.1625,111.5175,110.6075,111.2675,13992532,0,0
2020-08-06 15:30:00,111.2325,111.9825,111.14,111.9175,11527896,0,0
2020-08-06 16:30:00,111.895,112.425,111.745,112.285,12910292,0,0
2020-08-06 17:30:00,112.3025,113.3625,112.22,113.27,7083576,0,0
2020-08-06 18:30:00,113.2925,114.41,113.24,114.2875,16170680,0,0
2020-08-06 19:30:00,114.305,114.335,113.5325,113.9025,10101964,0,1
2020-08-07 13:30:00,113.2175,113.4175,112.0325,112.38,34833304,0,0
2020-08-07 14:30:00,112.4375,113.3325,112.4375,112.5911,8341948,0,0
2020-08-07 15:30:00,112.5625,112.8575,112.11,112.38,11738532,0,0
2020-08-07 16:30:00,112.3775,112.5725,110.7275,111.3475,16386468,0,0
2020-08-07 17:30:00,111.3,111.715,110.31,110.545,12330976,0,0
2020-08-07 18:30:00,110.5575,111.6775,110.375,111.07,13211268,0,0
2020-08-07 19:30:00,111.095,111.58,110.9775,111.1125,5719604,0,0
2020-08-10 13:30:00,112.5,113.775,111.625,111.91,39617540,0,0
2020-08-10 14:30:00,111.915,112.36347,110.07,111.465,21676540,0,0
2020-08-10 15:30:00,111.44625,112.54,111.2325,112.0175,2551632,0,0
2020-08-10 16:30:00,112.02,112.95,111.8325,112.7475,4756428,0,0
2020-08-10 17:30:00,112.78,112.8225,112.305,112.76,8244924,0,0
2020-08-10 18:30:00,112.7525,113.2225,112.42,112.495,10484556,0,0
2020-08-10 19:30:00,112.4925,112.83,112.455,112.7375,7912172,0,0
2020-08-11 13:30:00,112.175,112.4575,111.07,111.5025,32208316,0,0
2020-08-11 14:30:00,111.4225,112.1625,111.22,111.88,10561860,0,0
2020-08-11 15:30:00,111.8925,111.8925,111.1,111.7025,11253720,0,0
2020-08-11 16:30:00,111.6875,111.8575,111.3925,111.6725,4465188,0,0
2020-08-11 17:30:00,111.69,111.6925,110.76,110.8225,5400224,0,0
2020-08-11 18:30:00,110.8425,110.9775,109.7575,110.3275,13286584,0,0
2020-08-11 19:30:00,110.3025,110.315,109.1275,109.375,10899532,0,0
2020-08-12 13:30:00,110.4775,111.4975,110.2975,111.33,20769496,0,0
2020-08-12 14:30:00,111.3875,112.275,111.0775,112.1375,10016912,0,0
2020-08-12 15:30:00,112.1475,113.145,112.1475,113.0575,11996248,0,0
2020-08-12 16:30:00,113.055,113.275,112.2975,112.3175,20639060,0,0
2020-08-12 17:30:00,112.3775,113.2725,112.375,112.985,11707112,0,0
2020-08-12 18:30:00,112.965,113.17,112.65,112.925,13269336,0,0
2020-08-12 19:30:00,112.95,113.075,112.565,113.01,9660732,0,0
2020-08-13 13:30:00,114.5,115.105,113.9275,114.625,23639972,0,0
2020-08-13 14:30:00,114.635,115.5775,114.5525,115.25,8246260,0,0
2020-08-13 15:30:00,115.31,115.665,114.9075,115.555,7360484,0,0
2020-08-13 16:30:00,115.5375,116.03,115.00008,115.29,8314444,0,0
2020-08-13 17:30:00,115.285,115.6325,114.58502,115.0,10899684,0,0
2020-08-13 18:30:00,114.95,115.17,114.2,115.045,13461184,0,0
2020-08-13 19:30:00,115.0575,115.3125,114.825,115.01,7557692,0,0
2020-08-14 13:30:00,114.815,114.88,113.3275,113.345,12771860,0,0
2020-08-14 14:30:00,113.3275,113.8275,113.0475,113.655,18436416,0,0
2020-08-14 15:30:00,113.66,114.4625,113.625,114.40923,12734644,0,0
2020-08-14 16:30:00,114.415,114.8625,114.3475,114.78,6485980,0,0
2020-08-14 17:30:00,114.765,114.83,114.145,114.32,6365900,0,0
2020-08-14 18:30:00,114.335,114.48,113.9925,114.1675,6416304,0,0
2020-08-14 19:30:00,114.15,114.9925,114.0625,114.9075,8025104,0,0
2020-08-17 13:30:00,116.005,116.005,114.295,114.42,24437948,0,0
2020-08-17 14:30:00,114.4375,114.8325,114.33,114.5025,4239300,0,0
2020-08-17 15:30:00,114.5025,114.5925,113.975,114.415,6553544,0,0
2020-08-17 16:30:00,114.4125,114.7925,114.29,114.45,5885740,0,0
2020-08-17 17:30:00,114.4225,115.125,114.31,115.035,6816956,0,0
2020-08-17 18:30:00,115.0575,115.2,114.6475,114.9275,6736376,0,0
2020-08-17 19:30:00,114.93,115.1275,114.5,114.5825,8563100,0,0
2020-08-18 13:30:00,114.435,115.4925,114.0675,114.1175,20768452,0,0
2020-08-18 14:30:00,114.1175,115.1875,114.025,115.07458,6085908,0,0
2020-08-18 15:30:00,115.0875,115.45,114.8075,115.3175,4055656,0,0
2020-08-18 16:30:00,115.3,115.6925,115.23,115.585,8139460,0,0
2020-08-18 17:30:00,115.6075,115.9975,115.5525,115.91577,9461312,0,0
2020-08-18 18:30:00,115.9225,115.9675,115.4125,115.5725,1985668,0,0
2020-08-18 19:30:00,115.55,115.7075,115.4525,115.5625,5136596,0,0
2020-08-19 13:30:00,115.9875,116.8,115.6525,116.71752,12866596,0,0
2020-08-19 14:30:00,116.71,117.1575,116.6,116.8925,16394932,0,0
2020-08-19 15:30:00,116.865,117.11,116.6575,116.7775,4884644,0,0
2020-08-19 16:30:00,116.7925,117.025,116.68,116.8275,6165708,0,0
2020-08-19 17:30:00,116.815,116.96248,115.61002,116.0,14797108,0,0
2020-08-19 18:30:00,116.0625,116.52,115.95,116.21,10022664,0,0
2020-08-19 19:30:00,116.165,116.235,115.635,115.7075,5834476,0,0
2020-08-20 13:30:00,115.75,117.405,115.73338,117.025,25983276,0,0
2020-08-20 14:30:00,117.025,117.4325,116.805,117.185,6811548,0,0
2020-08-20 15:30:00,117.1925,117.6075,117.125,117.3475,5622844,0,0
2020-08-20 16:30:00,117.3475,117.5,117.03,117.495,4952460,0,0
2020-08-20 17:30:00,117.475,117.5325,117.165,117.41,4846184,0,0
2020-08-20 18:30:00,117.405,118.055,117.35,117.975,4299048,0,0
2020-08-20 19:30:00,117.9525,118.38,117.8725,118.275,8434080,0,0
2020-08-21 13:30:00,119.5,121.93,119.3,121.73,40026312,0,0
2020-08-21 14:30:00,121.8025,123.3975,121.6375,123.2325,37516932,0,0
2020-08-21 15:30:00,123.26,123.285,121.9675,122.535,22536340,0,0
2020-08-21 16:30:00,122.53965,123.1325,122.175,122.45,12642468,0,0
2020-08-21 17:30:00,122.4075,123.325,122.31,123.325,7567476,0,0
2020-08-21 18:30:00,123.3225,124.8625,123.155,124.295,41652808,0,0
2020-08-21 19:30:00,124.2675,124.795,123.6575,124.37,18150140,0,0
2020-08-24 13:30:00,128.69749,128.785,125.0425,125.71,90741748,0,1
2020-08-24 14:30:00,125.68,126.07,123.9925,125.3275,39806644,0,0
2020-08-24 15:30:00,125.3225,127.445,125.3225,126.925,22714760,0,0
2020-08-24 16:30:00,126.895,126.98,126.0225,126.3,13855880,0,0
2020-08-24 17:30:00,126.2725,126.735,125.805,126.0475,15360488,0,0
2020-08-24 18:30:00,126.04,126.05,124.66,125.8125,13933240,0,0
2020-08-24 19:30:00,125.80825,126.12875,125.4625,125.8575,8559280,0,0
2020-08-25 13:30:00,124.685,125.125,123.11,123.435,44067344,0,0
2020-08-25 14:30:00,123.3525,124.8575,123.1525,124.29,23610664,1,0
2020-08-25 15:30:00,124.2925,124.3425,123.5,123.92,7029628,0,0
2020-08-25 16:30:00,123.9275,124.23,123.625,124.21,11837044,0,0
2020-08-25 17:30:00,124.1975,124.245,123.715,123.8875,7259784,0,0
2020-08-25 18:30:00,123.8875,124.9925,123.81,124.815,14455836,0,0
2020-08-25 19:30:00,124.8125,125.07,124.56753,124.825,9354212,0,0
2020-08-26 13:30:00,126.22,126.9925,125.1025,125.4425,24174736,0,0
2020-08-26 14:30:00,125.5225,125.9675,125.3425,125.7375,8101192,0,0
2020-08-26 15:30:00,125.7325,126.805,125.5825,126.665,14527844,0,0
2020-08-26 16:30:00,126.705,126.7825,125.8425,126.08,5727384,0,0
2020-08-26 17:30:00,126.1175,126.4375,126.06,126.15488,4474024,0,0
2020-08-26 18:30:00,126.1825,126.1875,125.41,126.0175,5708832,0,0
2020-08-26 19:30:00,126.04,126.545,125.86,126.5225,2799428,0,0
2020-08-27 13:30:00,127.2,127.485,125.76,126.395,34433584,0,0
2020-08-27 14:30:00,126.385,126.4625,125.775,125.9975,4639020,0,0
2020-08-27 15:30:00,125.9725,126.385,125.5325,125.57,6032832,0,0
2020-08-27 16:30:00,125.62,125.7025,123.8325,125.1625,24439160,0,0
2020-08-27 17:30:00,125.175,125.65,124.585,125.5798,9223048,0,0
2020-08-27 18:30:00,125.57,125.855,125.3225,125.5675,6343660,0,0
2020-08-27 19:30:00,125.6,125.6675,124.9925,125.0119,13992288,0,0
2020-08-28 13:30:00,126.045,126.2425,124.86,125.705,14705004,0,0
2020-08-28 14:30:00,125.6575,125.895,125.0125,125.885,4675440,0,0
2020-08-28 15:30:00,125.855,125.88,125.3375,125.425,8178968,0,0
2020-08-28 16:30:00,125.415,125.4625,124.8325,124.8325,7915464,0,0
2020-08-28 17:30:00,124.83,125.345,124.5825,125.055,9027580,0,0
2020-08-28 18:30:00,125.0525,125.675,124.945,125.3725,10740976,0,0
2020-08-28 19:30:00,125.37,126.4125,124.735,124.8075,16642268,0,0
2020-08-31 13:30:00,127.72,128.74001,126.0,128.23,38721110,0,0
2020-08-31 14:30:00,128.24001,130.05,127.86,128.58,28044983,0,0
2020-08-31 15:30:00,128.38,129.50999,127.75,129.31,10128898,0,0
2020-08-31 16:30:00,129.19,130.89,128.98,130.27,9549939,0,0
2020-08-31 17:30:00,130.35001,131.0,130.28999,130.62,8924462,0,0
2020-08-31 18:30:00,130.55,130.69,129.38,129.99001,8364635,0,0
2020-08-31 19:30:00,130.0,130.25999,129.0,129.03999,11356395,0,0
2020-09-01 13:30:00,132.78999,132.78999,130.53,131.81,30986167,0,0
2020-09-01 14:30:00,131.81,132.64,131.52,132.35001,3759377,0,0
2020-09-01 15:30:00,132.36,132.67999,131.78999,132.52,8917870,0,0
2020-09-01 16:30:00,132.52,133.88,132.52,133.58,7761468,0,0
2020-09-01 17:30:00,133.57001,134.78,133.57001,134.55,9963050,0,0
2020-09-01 18:30:00,134.60001,134.67,133.69,133.84,8156328,0,0
2020-09-01 19:30:00,133.83,134.50999,133.60001,134.17999,12356928,0,0
2020-09-02 13:30:00,137.39,137.39,127.0,132.2,50293510,0,1
2020-09-02 14:30:00,132.17,132.60001,129.12,129.6022,15479686,0,0
2020-09-02 15:30:00,129.49001,131.25,127.1,130.97,15582007,1,0
2020-09-02 16:30:00,130.97,131.37,129.71001,131.28,6765493,0,0
2020-09-02 17:30:00,131.34,131.64999,130.50999,131.03,6563895,0,0
2020-09-02 18:30:00,131.03,131.37,130.33,130.7,6846968,0,0
2020-09-02 19:30:00,130.73,131.77,130.57001,131.39999,7981554,0,0
2020-09-03 13:30:00,126.5,128.83,125.24,126.08,26297146,0,0
2020-09-03 14:30:00,126.15,126.54,120.94,123.2947,39461095,0,0
2020-09-03 15:30:00,123.26,125.17,122.95,123.34,24690494,0,0
2020-09-03 16:30:00,123.39,123.81,121.89,123.77,7343275,0,0
2020-09-03 17:30:00,123.61,123.69,122.07,122.78,11005846,0,0
2020-09-03 18:30:00,122.73,123.38,120.83,120.89,21058527,0,0
2020-09-03 19:30:00,120.82,121.61,120.51,120.88,15724312,0,0
2020-09-04 13:30:00,120.0,123.66,113.7,113.78,58988816,0,0
2020-09-04 14:30:00,113.89,115.76,111.01,114.23,22816410,0,0
2020-09-04 15:30:00,114.11,120.27,114.11,120.12,14171970,0,0
2020-09-04 16:30:00,120.0,120.62,116.37,117.51,17560228,0,0
2020-09-04 17:30:00,117.44,119.67,116.64,119.46,14405089,0,0
2020-09-04 18:30:00,119.44,122.7,118.81,122.42,26139298,0,0
2020-09-04 19:30:00,122.38,122.47,120.53,120.96,8102237,0,0
2020-09-08 13:30:00,113.37,118.96,113.37,118.05,21367504,1,0
2020-09-08 14:30:00,117.94,118.47,115.67,117.26,12941371,0,0
2020-09-08 15:30:00,117.26,117.53,115.52,115.99,10816338,0,0
2020-09-08 16:30:00,116.11,117.15,115.88,116.11,6124815,0,0
2020-09-08 17:30:00,116.08,116.47,115.0,115.06,10361277,0,0
2020-09-08 18:30:00,115.01,115.25,113.5,114.26,23912809,0,0
2020-09-08 19:30:00,114.27,114.47,112.71,112.82,19870584,0,0
2020-09-09 13:30:00,117.19,117.7,115.28,117.66,16564127,0,0
2020-09-09 14:30:00,117.68,118.44,116.92,117.83,14959990,0,0
2020-09-09 15:30:00,117.92,118.31,117.33,117.95,5319076,0,0
2020-09-09 16:30:00,117.98,119.13,117.82,118.28,9757993,0,0
2020-09-09 17:30:00,118.33,118.38,117.11,117.54,4089566,0,0
2020-09-09 18:30:00,117.58,118.27,117.53,117.79,8285285,0,0
2020-09-09 19:30:00,117.78,118.15,117.03,117.32,7163639,0,0
2020-09-10 13:30:00,120.22,120.22,118.18,118.29,8332521,0,1
2020-09-10 14:30:00,118.25,118.67,115.61,117.52,13192014,0,0
2020-09-10 15:30:00,117.5,117.66,116.18,116.52,8399079,0,0
2020-09-10 16:30:00,116.52,116.85,115.81,116.15,7307379,0,0
2020-09-10 17:30:00,116.18,116.39,113.05,113.05,12641492,0,0
2020-09-10 18:30:00,113.14,114.35,112.5,113.38,11687195,0,0
2020-09-10 19:30:00,113.37,114.22,113.18,113.49,6029014,0,0
2020-09-11 13:30:00,114.72,115.19,111.14,112.76,17553662,0,0
2020-09-11 14:30:00,112.82,113.87,111.91,112.46,10153622,0,0
2020-09-11 15:30:00,112.33,112.41,111.46,111.94,6056483,0,0
2020-09-11 16:30:00,111.88,111.88,110.11,110.22,2000050,0,0
2020-09-11 17:30:00,110.23,111.619,110.04,111.03,13010524,0,0
2020-09-11 18:30:00,111.09,112.21,110.74,111.98,13299194,0,0
2020-09-11 19:30:00,112.05,112.51,111.34,112.0,6857086,0,0
2020-09-14 13:30:00,114.76,115.64,113.6,115.01,21113426,0,0
2020-09-14 14:30:00,115.0,115.0,113.71,114.15,15278944,0,0
2020-09-14 15:30:00,114.15,114.8,114.04,114.1,6828452,0,0
2020-09-14 16:30:00,114.12,114.6,113.19,113.62,6629077,0,0
2020-09-14 17:30:00,113.61,114.48,112.82,113.96,5895854,1,0
2020-09-14 18:30:00,113.98,114.85,113.94,114.53,7105930,0,0
2020-09-14 19:30:00,114.58,115.89,114.54,115.36,5094283,0,0
2020-09-15 13:30:00,118.52,118.52,116.07,116.71,13547553,0,1
2020-09-15 14:30:00,116.72,117.47,115.68,117.13,14366308,0,0
2020-09-15 15:30:00,117.15,117.81,116.95,117.45,7637334,0,0
2020-09-15 16:30:00,117.47,118.19,116.53,116.83,11411855,0,0
2020-09-15 17:30:00,116.849,117.41,115.15,115.36,10809270,0,0
2020-09-15 18:30:00,115.3,115.75,113.61,114.75,20099585,0,0
2020-09-15 19:30:00,114.74,115.79,114.11,115.54,8864875,0,0
2020-09-16 13:30:00,115.17,116.0,114.07,114.39,17107959,0,0
2020-09-16 14:30:00,114.36,114.57,113.35,114.08,13256537,0,0
2020-09-16 15:30:00,114.16,114.3,113.37,113.69,4628714,0,0
2020-09-16 16:30:00,113.69,113.69,112.85,113.1,6535268,0,0
2020-09-16 17:30:00,113.06,114.59,112.77,114.13,9648604,0,0
2020-09-16 18:30:00,114.15,114.38,112.5,112.63,12652579,0,0
2020-09-16 19:30:00,112.61,113.07,112.04,112.12,7803870,0,0
2020-09-17 13:30:00,109.41,111.18,108.8,110.18,26180631,0,0
2020-09-17 14:30:00,110.15,112.2,109.81,111.67,11838815,0,0
2020-09-17 15:30:00,111.76,111.86,109.48,109.89,13390392,0,0
2020-09-17 16:30:00,109.79,110.08,109.04,109.85,6192374,0,0
2020-09-17 17:30:00,109.81,110.48,109.5,109.5,8587247,0,0
2020-09-17 18:30:00,109.49,109.87,108.97,109.24,14688629,0,0
2020-09-17 19:30:00,109.18,110.65,109.11,110.34,3236455,0,0
2020-09-18 13:30:00,110.59,110.82,109.06,109.32,38102955,0,0
2020-09-18 14:30:00,109.4,109.4,107.57,107.92,4947391,0,0
2020-09-18 15:30:00,107.85,108.48,107.25,107.56,17825525,0,0
2020-09-18 16:30:00,107.52,107.64,106.21,106.21,9091353,0,0
2020-09-18 17:30:00,106.19,107.7,106.12,107.43,9391755,0,0
2020-09-18 18:30:00,107.44,107.87,107.12,107.71,9869868,0,0
2020-09-18 19:30:00,107.695,108.07,106.64,106.84,6702688,0,0
2020-09-21 13:30:00,104.34,107.8,103.5,105.43,38761311,1,0
2020-09-21 14:30:00,105.34,106.04,104.56,105.58,19039635,0,0
2020-09-21 15:30:00,105.55,107.52,105.18,107.3693,14684131,0,0
2020-09-21 16:30:00,107.35,107.62,106.3,107.24,7743759,0,0
2020-09-21 17:30:00,107.2368,107.8,106.7,107.17,11605883,0,0
2020-09-21 18:30:00,107.1,108.67,106.49,108.45,9338349,0,0
2020-09-21 19:30:00,108.48,110.12,108.37,110.08,15816435,0,0
2020-09-22 13:30:00,112.79,112.8,110.35,111.47,0,0,1
2020-09-22 14:30:00,111.42,111.67,109.17,110.04,0,0,0
2020-09-22 15:30:00,110.1,110.55,109.5,110.53,0,0,0
2020-09-22 16:30:00,110.57,110.65,109.5,110.27,0,0,0
2020-09-22 17:30:00,110.24,111.43,109.71,110.91,0,0,0
2020-09-22 18:30:00,110.91,111.81,110.5,111.81,0,0,0
2020-09-22 19:30:00,111.86,112.43,111.39,111.81,0,0,1
2020-09-23 13:30:00,111.57,112.08,110.03,110.72,0,0,0
2020-09-23 14:30:00,110.76,111.3,110.23,110.45,0,0,0
2020-09-23 15:30:00,110.45,110.6,109.13,109.45,0,0,0
2020-09-23 16:30:00,109.39,110.12,109.23,109.35,0,0,0
2020-09-23 17:30:00,109.37,109.45,107.81,108.08,0,0,0
2020-09-23 18:30:00,108.09,108.3,106.84,107.67,0,0,0
2020-09-23 19:30:00,107.65,107.99,106.8,107.12,0,0,0
2020-09-24 13:30:00,105.04,109.27,105.04,108.24,0,1,0
2020-09-24 14:30:00,108.19,109.59,107.62,109.34,0,0,0
2020-09-24 15:30:00,109.45,110.2,109.19,109.56,0,0,0
2020-09-24 16:30:00,109.59,109.88,108.69,109.77,0,0,0
2020-09-24 17:30:00,109.78,110.16,108.82,108.94,0,0,0
2020-09-24 18:30:00,109.05,109.37,107.6,107.93,0,0,0
2020-09-24 19:30:00,107.88,108.96,107.55,108.22,0,1,0
2020-09-25 13:30:00,108.47,110.11,107.72,109.91,0,0,0
2020-09-25 14:30:00,109.9,110.93,109.79,110.46,0,0,0
2020-09-25 15:30:00,110.45,110.71,109.82,110.27,0,0,0
2020-09-25 16:30:00,110.32,110.95,110.08,110.76,0,0,0
2020-09-25 17:30:00,110.74,111.64,110.61,111.48,0,0,0
2020-09-25 18:30:00,111.51,112.28,111.31,112.0,0,0,0
2020-09-25 19:30:00,112.01,112.44,111.83,112.28,4626184,0,0
2020-09-28 13:30:00,115.27,115.27,112.86,113.59,23059715,0,0
2020-09-28 14:30:00,113.53,113.72,112.83,113.56,11030358,0,0
2020-09-28 15:30:00,113.55,113.84,113.14,113.34,2831390,0,0
2020-09-28 16:30:00,113.35,114.36,113.2635,114.25,6536729,0,0
2020-09-28 17:30:00,114.31,114.7,113.81,114.13,10296438,0,0
2020-09-28 18:30:00,114.1201,114.76,114.02,114.73,10957837,0,0
2020-09-28 19:30:00,114.72,114.97,114.17,114.94,10489226,0,0
2020-09-29 13:30:00,114.59,115.29,113.77,114.32,19454771,0,0
2020-09-29 14:30:00,114.34,114.34,113.61,114.1,8511115,0,0
2020-09-29 15:30:00,114.11,114.48,113.79,114.03,8226914,0,0
2020-09-29 16:30:00,114.05,114.27,113.68,113.98,6897991,0,0
2020-09-29 17:30:00,114.0,114.48,113.94,114.41,4454213,0,0
2020-09-29 18:30:00,114.41,114.695,114.13,114.25,7665809,0,0
2020-09-29 19:30:00,114.24,114.36,113.86,114.09,946408,0,0
2020-09-30 13:30:00,113.67,116.48,113.62,116.15,21976528,0,0
2020-09-30 14:30:00,116.15,116.4,115.75,115.82,13665507,0,0
2020-09-30 15:30:00,115.81,116.89,115.76,116.59,9634394,0,0
2020-09-30 16:30:00,116.59,116.71,115.81,116.26,7956617,0,0
2020-09-30 17:30:00,116.27,117.24,116.24,116.77,7120896,0,0
2020-09-30 18:30:00,116.66,116.72,114.97,115.61,20909359,0,0
2020-09-30 19:30:00,115.49,116.39,115.19,115.65,8534918,0,0
2020-10-01 13:30:00,117.55,117.72,116.16,116.6501,29403530,0,0
2020-10-01 14:30:00,116.655,117.02,116.1408,116.65,14012316,0,0
2020-10-01 15:30:00,116.66,116.88,115.83,116.2508,12298808,0,0
2020-10-01 16:30:00,116.25,116.55,116.01,116.3815,9406570,0,0
2020-10-01 17:30:00,116.3916,116.92,115.92,116.4193,12944811,0,0
2020-10-01 18:30:00,116.41,117.0,116.29,116.385,12421716,0,0
2020-10-01 19:30:00,116.38,117.0,116.12,116.8,10125378,0,0
2020-10-02 13:30:00,112.81,115.28,112.22,115.18,38834071,0,0
2020-10-02 14:30:00,115.19,115.37,114.38,114.44,15344897,0,0
2020-10-02 15:30:00,114.43,114.56,112.5607,114.2129,25257739,0,0
2020-10-02 16:30:00,114.2,114.5,113.5,113.9,12887362,0,0
2020-10-02 17:30:00,113.905,114.27,113.28,113.75,11933742,0,0
2020-10-02 18:30:00,113.7417,113.94,113.15,113.46,13906096,0,0
2020-10-02 19:30:00,113.46,113.93,112.97,113.02,12021825,0,0
2020-10-05 13:30:00,113.91,115.2,113.55,114.96,25039640,0,0
2020-10-05 14:30:00,114.965,115.49,114.82,115.325,13973184,0,0
2020-10-05 15:30:00,115.325,115.7793,114.91,115.71,10326684,0,0
2020-10-05 16:30:00,115.71,116.11,115.53,115.8908,9121447,0,0
2020-10-05 17:30:00,115.9,115.949,115.18,115.26,10373081,0,0
2020-10-05 18:30:00,115.255,116.4,115.24,116.315,13908760,0,0
2020-10-05 19:30:00,116.32,116.65,116.08,116.54,12224554,0,0
2020-10-06 13:30:00,115.75,116.12,114.5316,115.1919,30355392,0,0
2020-10-06 14:30:00,115.21,115.355,113.665,114.04,17700020,0,0
2020-10-06 15:30:00,114.04,115.22,113.48,114.9154,23435816,0,0
2020-10-06 16:30:00,114.92,115.63,114.69,115.21,12135711,0,0
2020-10-06 17:30:00,115.21,115.6,114.79,115.4595,11235243,0,0
2020-10-06 18:30:00,115.45,116.0,112.25,113.7801,35633665,0,0
2020-10-06 19:30:00,113.78,114.0297,112.81,113.16,16883830,0,0
2020-10-07 13:30:00,114.65,115.2463,114.13,114.28,25664840,0,0
2020-10-07 14:30:00,114.275,115.11,114.18,115.06,12557963,0,0
2020-10-07 15:30:00,115.0999,115.1598,114.13,114.4797,10452382,0,0
2020-10-07 16:30:00,114.61,115.115,114.465,115.1,8624188,0,0
2020-10-07 17:30:00,115.0915,115.55,114.99,115.3401,10961651,0,0
2020-10-07 18:30:00,115.35,115.45,115.07,115.13,8972248,0,0
2020-10-07 19:30:00,115.1602,115.26,114.84,115.03,9312021,0,0
2020-10-08 13:30:00,116.24,116.4,115.05,115.2,22838524,0,1
2020-10-08 14:30:00,115.21,115.78,115.1,115.445,11644317,0,0
2020-10-08 15:30:00,115.45,115.54,114.92,115.36,10593461,0,0
2020-10-08 16:30:00,115.36,115.42,114.65,114.835,7293181,0,0
2020-10-08 17:30:00,114.8224,115.027,114.5901,114.9,8088648,1,0
2020-10-08 18:30:00,114.9014,115.14,114.8101,114.965,8477706,0,0
2020-10-08 19:30:00,114.9601,115.0,114.78,114.97,5840846,0,0
2020-10-09 13:30:00,115.347,116.28,114.92,115.9681,24982618,0,0
2020-10-09 14:30:00,115.97,116.37,115.92,116.0193,11327960,0,0
2020-10-09 15:30:00,116.015,116.35,115.77,116.015,11008048,0,0
2020-10-09 16:30:00,116.01,116.63,115.9754,116.19,10597388,0,0
2020-10-09 17:30:00,116.21,116.4175,115.99,116.235,8662429,0,0
2020-10-09 18:30:00,116.235,116.58,116.03,116.57,10802895,0,0
2020-10-09 19:30:00,116.565,117.0,116.35,116.97,10045981,0,0
2020-10-12 13:30:00,120.099,121.49,119.2845,120.926,45970401,0,0
2020-10-12 14:30:00,120.92,122.64,120.77,122.52,25113464,0,0
2020-10-12 15:30:00,122.525,123.47,122.29,123.261,32339401,0,0
2020-10-12 16:30:00,123.26,124.0,123.04,123.92,20366716,0,0
2020-10-12 17:30:00,124.1599,125.18,123.91,125.055,30519305,0,0
2020-10-12 18:30:00,125.05,125.09,123.62,124.3145,32583194,0,0
2020-10-12 19:30:00,124.315,124.65,123.96,124.4,20832629,0,0
2020-10-13 13:30:00,125.27,125.39,121.53,123.76,54187563,0,1
2020-10-13 14:30:00,123.755,124.74,123.031,124.43,25466320,0,0
2020-10-13 15:30:00,124.425,124.65,122.46,123.08,23427681,0,0
2020-10-13 16:30:00,123.09,123.68,120.79,122.59,37240626,0,0
2020-10-13 17:30:00,122.59,122.66,119.65,120.8901,39432494,0,0
2020-10-13 18:30:00,120.89,122.2,120.47,121.8,26303173,0,0
2020-10-13 19:30:00,121.8,122.05,121.03,121.05,14502087,0,0
2020-10-14 13:30:00,120.8681,123.03,120.04,121.6899,34358010,0,0
2020-10-14 14:30:00,121.69,122.3899,121.18,121.6,16987424,0,0
2020-10-14 15:30:00,121.61,121.73,119.71,120.25,21476007,0,0
2020-10-14 16:30:00,120.2501,120.7699,120.0,120.15,14829724,0,0
2020-10-14 17:30:00,120.1457,121.2,119.62,120.84,16294485,0,0
2020-10-14 18:30:00,120.835,121.73,120.52,121.47,15410508,0,0
2020-10-14 19:30:00,121.47,122.0,121.14,121.18,12052593,0,0
2020-10-15 13:30:00,118.51,120.635,118.15,119.54,32239649,1,0
2020-10-15 14:30:00,119.5362,120.1073,119.01,119.85,14042583,0,0
2020-10-15 15:30:00,119.84,120.65,119.75,119.86,12895185,0,0
2020-10-15 16:30:00,119.8607,120.07,119.39,119.557,9090903,0,0
2020-10-15 17:30:00,119.5635,120.64,119.47,120.6084,9704139,0,0
2020-10-15 18:30:00,120.6001,121.2,120.2,120.955,13353789,0,0
2020-10-15 19:30:00,120.96,121.1,120.58,120.71,10095094,0,0
2020-10-16 13:30:00,121.28,121.54,120.31,121.155,28410554,0,0
2020-10-16 14:30:00,121.16,121.2283,119.53,119.89,16384607,0,0
2020-10-16 15:30:00,119.95,120.11,119.46,119.83,11755182,0,0
2020-10-16 16:30:00,119.8101,120.3,119.29,120.05,11377730,0,0
2020-10-16 17:30:00,120.05,120.36,119.875,120.155,7732763,0,0
2020-10-16 18:30:00,120.165,120.5,119.71,119.9077,11812334,0,0
2020-10-16 19:30:00,119.9,119.95,118.81,118.98,13153446,0,0
2020-10-19 13:30:00,119.94,120.419,118.79,119.4934,22933332,0,0
2020-10-19 14:30:00,119.5,119.7,118.17,119.13,18063316,0,0
2020-10-19 15:30:00,119.1106,119.51,118.4053,118.815,11249103,0,0
2020-10-19 16:30:00,118.805,119.13,118.585,118.7,7552832,0,0
2020-10-19 17:30:00,118.7,118.75,117.53,117.8305,12899732,0,0
2020-10-19 18:30:00,117.82,117.83,116.16,116.3701,19192092,0,0
2020-10-19 19:30:00,116.35,116.9,115.66,116.0,15045505,0,0
2020-10-20 13:30:00,116.13,117.62,115.63,116.875,25258081,0,0
2020-10-20 14:30:00,116.8808,117.2798,115.93,116.72,13809124,0,0
2020-10-20 15:30:00,116.7299,117.55,116.405,117.38,10664857,0,0
2020-10-20 16:30:00,117.38,118.7,117.24,118.53,16586649,0,0
2020-10-20 17:30:00,118.53,118.98,117.75,118.06,15470245,0,0
2020-10-20 18:30:00,118.06,118.42,116.94,117.61,15500660,0,0
2020-10-20 19:30:00,117.62,118.18,117.16,117.5,10847974,0,0
2020-10-21 13:30:00,117.03,118.35,116.45,118.1993,15035349,0,0
2020-10-21 14:30:00,118.197,118.705,117.26,117.485,11769264,0,0
2020-10-21 15:30:00,117.481,118.09,116.93,117.5,12198205,0,0
2020-10-21 16:30:00,117.4962,117.57,116.74,117.3007,9559877,0,0
2020-10-21 17:30:00,117.3,117.56,116.97,117.41,8367751,0,0
2020-10-21 18:30:00,117.4193,118.045,117.36,117.85,9385018,0,0
2020-10-21 19:30:00,117.85,117.98,116.81,116.87,8890451,0,0
2020-10-22 13:30:00,117.4108,118.04,116.1711,116.2,19665454,0,0
2020-10-22 14:30:00,116.21,116.2499,114.59,115.7965,24679397,0,0
2020-10-22 15:30:00,115.8,115.905,115.06,115.3499,10019381,0,0
2020-10-22 16:30:00,115.341,116.125,114.97,115.9415,11755688,0,0
2020-10-22 17:30:00,115.945,115.99,115.32,115.6669,9194890,0,0
2020-10-22 18:30:00,115.66,116.09,115.5,116.01,8060015,0,0
2020-10-22 19:30:00,116.0277,116.3398,115.6,115.75,9258484,0,0
2020-10-23 13:30:00,116.3794,116.55,114.74,115.06,19110319,0,0
2020-10-23 14:30:00,115.05,115.36,114.54,114.865,11511436,0,0
2020-10-23 15:30:00,114.86,114.99,114.28,114.4861,12074853,0,0
2020-10-23 16:30:00,114.4857,115.11,114.425,115.0,8551336,0,0
2020-10-23 17:30:00,115.0,115.16,114.71,114.7732,7184066,0,0
2020-10-23 18:30:00,114.7793,114.8499,114.41,114.5952,8856674,0,0
2020-10-23 19:30:00,114.595,115.085,114.4,115.05,8298284,0,0
2020-10-26 13:30:00,114.4035,116.55,114.4,115.63,24238740,0,0
2020-10-26 14:30:00,115.6365,115.64,114.28,114.345,14841244,0,0
2020-10-26 15:30:00,114.35,114.68,113.89,114.485,12647840,0,0
2020-10-26 16:30:00,114.48,114.48,113.18,113.21,11332209,0,0
2020-10-26 17:30:00,113.205,114.2399,112.88,114.1484,12428820,1,0
2020-10-26 18:30:00,114.15,114.71,113.88,114.695,10965386,0,0
2020-10-26 19:30:00,114.6984,115.21,114.275,115.06,12194557,0,0
2020-10-27 13:30:00,115.35,116.45,114.5399,115.83,21817394,0,0
2020-10-27 14:30:00,115.8402,116.85,115.6601,116.43,12098828,0,0
2020-10-27 15:30:00,116.43,117.2799,116.11,116.7601,12218052,0,0
2020-10-27 16:30:00,116.765,117.16,116.46,116.505,10803688,0,1
2020-10-27 17:30:00,116.51,116.81,115.98,116.285,9101004,0,0
2020-10-27 18:30:00,116.29,116.63,115.92,116.61,7571015,0,0
2020-10-27 19:30:00,116.6,117.0,116.53,116.53,7687632,0,0
2020-10-28 13:30:00,114.88,115.43,111.96,112.38,31157470,0,0
2020-10-28 14:30:00,112.38,112.87,112.05,112.2,17441224,0,0
2020-10-28 15:30:00,112.19,113.37,112.0,112.96,20239249,0,0
2020-10-28 16:30:00,112.965,113.1799,112.05,112.54,14931749,0,0
2020-10-28 17:30:00,112.535,113.26,112.42,113.245,11570795,0,0
2020-10-28 18:30:00,113.2427,113.38,112.5,112.7242,12162291,0,0
2020-10-28 19:30:00,112.725,113.2,111.13,111.195,17948624,0,0
2020-10-29 13:30:00,112.4,114.3621,112.28,114.36,27595338,0,0
2020-10-29 14:30:00,114.37,114.9493,113.6,114.71,13955248,0,0
2020-10-29 15:30:00,114.71,115.25,114.17,115.04,12757269,0,0
2020-10-29 16:30:00,115.045,115.9684,114.9,115.93,11215290,0,0
2020-10-29 17:30:00,115.925,116.83,115.73,116.74,14803206,0,0
2020-10-29 18:30:00,116.74,116.93,115.71,116.3185,19826497,0,1
2020-10-29 19:30:00,116.315,116.73,114.52,114.52,15191865,0,0
2020-10-30 13:30:00,111.08,111.99,108.3,108.9699,54981987,0,0
2020-10-30 14:30:00,108.965,109.85,108.47,109.2631,24961335,0,0
2020-10-30 15:30:00,109.255,109.9699,108.7,109.4791,18398119,0,0
2020-10-30 16:30:00,109.475,109.48,108.5,108.86,15616474,0,0
2020-10-30 17:30:00,108.856,108.856,108.1,108.235,16590766,0,0
2020-10-30 18:30:00,108.23,108.6798,107.72,108.09,22814606,0,0
2020-10-30 19:30:00,108.1038,109.3,107.85,108.945,20014937,0,0
2020-11-02 14:30:00,109.294,110.67,109.05,109.81,31428612,0,0
2020-11-02 15:30:00,109.8,109.85,107.77,107.9936,19829911,0,0
2020-11-02 16:30:00,108.0,108.6,107.72,108.51,14452653,0,0
2020-11-02 17:30:00,108.515,108.515,107.55,108.045,11666536,0,0
2020-11-02 18:30:00,108.04,108.25,107.32,107.8,12295814,0,0
2020-11-02 19:30:00,107.805,108.335,107.57,108.225,11363682,0,0
2020-11-02 20:30:00,108.23,108.78,107.78,108.77,12955312,0,0
2020-11-03 14:30:00,109.75,111.08,108.73,110.685,27257685,0,0
2020-11-03 15:30:00,110.69,111.39,110.4,110.8816,15224991,0,0
2020-11-03 16:30:00,110.89,111.45,110.53,111.035,12103248,0,0
2020-11-03 17:30:00,111.04,111.06,110.435,110.54,7720589,0,0
2020-11-03 18:30:00,110.539,110.68,109.76,110.0701,11540259,0,0
2020-11-03 19:30:00,110.08,110.86,109.9755,110.855,10730147,0,0
2020-11-03 20:30:00,110.86,111.46,110.31,110.44,13932097,0,0
2020-11-04 14:30:00,114.14,115.51,112.35,114.9207,41919583,0,0
2020-11-04 15:30:00,114.93,114.99,113.81,114.37,5005660,0,0
2020-11-04 16:30:00,114.42,115.45,114.38,115.26,4574065,0,0
2020-11-04 17:30:00,115.29,115.59,114.72,115.2,8173198,0,0
2020-11-04 18:30:00,115.22,115.5,114.44,114.87,506735,0,0
2020-11-04 19:30:00,114.95,115.35,114.47,114.7751,10174734,0,0
2020-11-04 20:30:00,114.775,115.5,114.68,114.94,12634418,0,0
2020-11-05 14:30:00,118.08,119.62,116.87,117.72,41090209,0,0
2020-11-05 15:30:00,117.72,118.59,117.7,118.3093,15184081,0,0
2020-11-05 16:30:00,118.3001,118.39,117.4101,117.59,11972941,0,0
2020-11-05 17:30:00,117.59,118.38,117.455,118.23,10798400,0,0
2020-11-05 18:30:00,118.24,118.855,118.02,118.82,9412230,0,0
2020-11-05 19:30:00,118.82,119.285,118.58,119.025,14810097,0,0
2020-11-05 20:30:00,119.025,119.3,118.455,118.995,11742109,0,0
2020-11-06 14:30:00,118.27,118.64,116.13,117.4664,30409705,0,0
2020-11-06 15:30:00,117.46,118.14,117.1401,118.13,20989784,0,0
2020-11-06 16:30:00,118.13,119.185,118.02,118.43,15121990,0,0
2020-11-06 17:30:00,118.435,119.2,118.435,119.105,9005309,0,0
2020-11-06 18:30:00,119.11,119.17,118.84,118.89,6985961,0,0
2020-11-06 19:30:00,118.89,119.04,118.09,118.366,11964268,0,0
2020-11-06 20:30:00,118.365,119.06,118.26,118.685,10185235,0,0
2020-11-09 14:30:00,120.44,121.79,118.48,121.61,43225116,0,0
2020-11-09 15:30:00,121.62,121.985,119.73,121.57,24539185,0,1
2020-11-09 16:30:00,121.56,121.68,120.0,120.6463,13711443,0,0
2020-11-09 17:30:00,120.66,121.0,120.03,120.0593,11928663,0,0
2020-11-09 18:30:00,120.055,120.15,118.64,118.93,14332718,0,0
2020-11-09 19:30:00,118.92,119.13,117.92,118.0302,15611189,0,0
2020-11-09 20:30:00,118.04,118.45,116.05,116.32,17120489,0,0
2020-11-10 14:30:00,115.5697,117.59,115.36,115.49,29617662,0,0
2020-11-10 15:30:00,115.48,116.59,114.13,116.5666,19333882,1,0
2020-11-10 16:30:00,116.56,117.47,116.31,116.8108,14213757,0,0
2020-11-10 17:30:00,116.81,117.59,115.81,116.5862,15116320,0,0
2020-11-10 18:30:00,116.57,117.29,115.89,116.39,18436001,0,0
2020-11-10 19:30:00,116.3901,117.28,116.196,116.9301,15126655,0,0
2020-11-10 20:30:00,116.9301,117.01,115.7318,115.97,11964075,0,0
2020-11-11 14:30:00,117.16,118.4,116.44,118.2059,37165368,0,0
2020-11-11 15:30:00,118.205,118.5,117.795,118.2403,13062836,0,0
2020-11-11 16:30:00,118.25,119.1099,118.095,118.99,11502625,0,0
2020-11-11 17:30:00,119.0,119.5,118.995,119.215,12808157,0,0
2020-11-11 18:30:00,119.21,119.56,119.02,119.14,10032574,0,0
2020-11-11 19:30:00,119.145,119.41,118.71,118.895,10977748,0,0
2020-11-11 20:30:00,118.9,119.6282,118.86,119.495,8868438,0,0
2020-11-12 14:30:00,119.62,120.17,118.81,119.99,25903903,0,0
2020-11-12 15:30:00,119.985,120.53,119.65,119.865,14655641,0,0
2020-11-12 16:30:00,119.865,120.2001,119.03,119.6554,15133713,0,0
2020-11-12 17:30:00,119.65,120.07,118.88,118.945,11533841,0,0
2020-11-12 18:30:00,118.94,119.2902,118.57,118.88,10471158,0,0
2020-11-12 19:30:00,118.88,119.46,118.59,119.04,11351023,0,0
2020-11-12 20:30:00,119.03,119.3,118.8,119.23,7522933,0,0
2020-11-13 14:30:00,119.45,119.67,117.93,118.68,20010313,0,0
2020-11-13 15:30:00,118.6884,118.6891,117.87,118.25,10985859,0,0
2020-11-13 16:30:00,118.25,118.99,118.0,118.78,8433441,0,0
2020-11-13 17:30:00,118.775,119.255,118.625,119.035,7378334,0,0
2020-11-13 18:30:00,119.03,119.07,118.2,118.505,7924980,0,0
2020-11-13 19:30:00,118.5005,119.235,118.47,119.18,9924726,0,0
2020-11-13 20:30:00,119.17,119.5699,119.15,119.25,8618292,0,0
2020-11-16 14:30:00,118.96,120.72,118.15,120.46,26936235,0,0
2020-11-16 15:30:00,120.485,120.83,120.13,120.4791,12903186,0,0
2020-11-16 16:30:00,120.47,120.99,120.32,120.65,8790203,0,0
2020-11-16 17:30:00,120.645,120.83,120.15,120.18,7611142,0,0
2020-11-16 18:30:00,120.18,120.43,120.0,120.31,7215160,0,0
2020-11-16 19:30:00,120.3118,120.32,119.64,119.923,9650353,0,0
2020-11-16 20:30:00,119.9258,120.5,119.73,120.34,8883494,0,0
2020-11-17 14:30:00,119.549,120.3,118.96,119.85,18670833,0,0
2020-11-17 15:30:00,119.85,120.53,119.6,119.82,11233806,0,0
2020-11-17 16:30:00,119.8259,120.34,119.68,120.205,8048980,0,0
2020-11-17 17:30:00,120.205,120.67,120.19,120.48,6559958,0,0
2020-11-17 18:30:00,120.475,120.61,120.2516,120.3096,5354882,0,0
2020-11-17 19:30:00,120.3007,120.55,119.54,119.7763,8296691,0,0
2020-11-17 20:30:00,119.77,119.81,119.32,119.38,7922009,0,0
2020-11-18 14:30:00,118.605,119.385,118.24,119.034,20906699,0,0
2020-11-18 15:30:00,119.0163,119.5,118.745,119.2699,8151811,0,0
2020-11-18 16:30:00,119.2601,119.82,119.2199,119.57,7154216,0,0
2020-11-18 17:30:00,119.58,119.77,119.26,119.26,5620681,0,0
2020-11-18 18:30:00,119.26,119.515,118.8,119.0293,6725667,0,0
2020-11-18 19:30:00,119.02,119.62,118.91,119.37,7329810,0,0
2020-11-18 20:30:00,119.38,119.4364,118.0,118.03,10600049,0,0
2020-11-19 14:30:00,117.7,118.17,116.81,117.98,21633154,0,0
2020-11-19 15:30:00,117.99,118.3,117.65,118.09,9014549,0,0
2020-11-19 16:30:00,118.1,118.38,117.7,117.8524,8385425,0,0
2020-11-19 17:30:00,117.85,117.985,117.54,117.785,7178307,0,0
2020-11-19 18:30:00,117.78,118.18,117.75,118.0402,5250848,0,0
2020-11-19 19:30:00,118.047,118.82,118.04,118.6384,9003935,0,0
2020-11-19 20:30:00,118.63,119.04,118.53,118.639,6728767,0,0
2020-11-20 14:30:00,118.63,118.64,117.84,118.275,17276996,0,0
2020-11-20 15:30:00,118.27,118.77,118.17,118.45,11219952,0,0
2020-11-20 16:30:00,118.45,118.47,117.88,118.2,8270295,0,0
2020-11-20 17:30:00,118.19,118.3,117.96,118.11,5521188,0,0
2020-11-20 18:30:00,118.115,118.195,117.88,118.015,5415121,0,0
2020-11-20 19:30:00,118.0108,118.019,117.5,117.565,7937313,0,0
2020-11-20 20:30:00,117.565,117.86,117.29,117.32,9548546,0,0
2020-11-23 14:30:00,117.14,117.62,115.1,115.3815,28873433,0,0
2020-11-23 15:30:00,115.38,115.7,114.22,114.34,19963290,0,0
2020-11-23 16:30:00,114.345,115.2,113.8,115.1259,17360456,0,0
2020-11-23 17:30:00,115.12,115.355,114.85,114.995,9488503,0,0
2020-11-23 18:30:00,115.0,115.03,114.01,114.0585,12176883,0,0
2020-11-23 19:30:00,114.0582,114.51,113.99,114.035,15395693,0,0
2020-11-23 20:30:00,114.04,114.18,113.75,113.85,14666660,0,0
2020-11-24 14:30:00,113.89,114.04,112.59,113.405,33477826,0,0
2020-11-24 15:30:00,113.4008,115.12,113.3413,114.915,18000223,1,0
2020-11-24 16:30:00,114.92,115.37,114.23,114.66,12525719,0,0
2020-11-24 17:30:00,114.67,115.31,114.5507,115.04,8882023,0,0
2020-11-24 18:30:00,115.05,115.85,114.975,115.075,12055176,0,0
2020-11-24 19:30:00,115.08,115.71,115.0,115.675,9102118,0,0
2020-11-24 20:30:00,115.67,115.73,114.97,115.17,9528617,0,0
2020-11-25 14:30:00,115.61,116.61,115.17,115.98,24276299,0,0
2020-11-25 15:30:00,115.9777,116.75,115.88,116.1702,11108508,0,0
2020-11-25 16:30:00,116.17,116.3238,115.7,115.948,7605287,0,0
2020-11-25 17:30:00,115.94,116.335,115.86,116.03,5827095,0,0
2020-11-25 18:30:00,116.02,116.12,115.7308,116.03,5736984,0,0
2020-11-25 19:30:00,116.0338,116.37,115.8,116.335,6874688,0,0
2020-11-25 20:30:00,116.335,116.47,115.95,116.0299,7298256,0,0
2020-11-27 14:30:00,116.561,117.3,116.47,117.225,17974686,0,0
2020-11-27 15:30:00,117.22,117.485,116.83,117.0301,10494535,0,0
2020-11-27 16:30:00,117.04,117.141,116.31,116.52,8668059,0,0
2020-11-27 17:30:00,116.52,116.65,116.22,116.59,8125868,0,0
2020-11-30 14:30:00,116.96,119.5,116.82,118.71,32348013,0,0
2020-11-30 15:30:00,118.7041,118.79,116.9102,117.77,19096581,0,0
2020-11-30 16:30:00,117.77,119.07,117.5,119.0347,13090608,0,0
2020-11-30 17:30:00,119.04,119.22,118.68,119.07,8685577,0,0
2020-11-30 18:30:00,119.07,120.2,118.98,120.194,16353702,0,0
2020-11-30 19:30:00,120.19,120.97,120.13,120.41,21271368,0,0
2020-11-30 20:30:00,120.41,120.68,119.05,119.05,20055102,0,0
2020-12-01 14:30:00,121.03,122.96,120.01,122.06,39060958,0,0
2020-12-01 15:30:00,122.07,122.84,121.62,122.71,18209994,0,0
2020-12-01 16:30:00,122.71,123.4693,122.48,122.89,17228034,0,0
2020-12-01 17:30:00,122.89,123.12,122.56,123.02,8938968,0,0
2020-12-01 18:30:00,123.025,123.29,122.71,123.08,9452729,0,0
2020-12-01 19:30:00,123.09,123.2162,122.06,122.6292,11700947,0,0
2020-12-01 20:30:00,122.635,122.96,122.31,122.72,10667947,0,0
2020-12-02 14:30:00,122.03,122.62,120.89,122.2206,25374843,0,0
2020-12-02 15:30:00,122.22,122.4,121.7,122.33,9601176,0,0
2020-12-02 16:30:00,122.335,122.96,122.21,122.925,8520283,0,0
2020-12-02 17:30:00,122.9256,123.37,122.7,123.2584,8907564,0,0
2020-12-02 18:30:00,123.26,123.33,122.7,123.0101,7852597,0,0
2020-12-02 19:30:00,123.0,123.19,122.65,122.935,8235620,0,0
2020-12-02 20:30:00,122.94,123.24,122.905,123.08,7466356,0,0
2020-12-03 14:30:00,123.52,123.78,122.69,122.91,20097016,0,0
2020-12-03 15:30:00,122.905,123.27,122.21,122.82,11902480,0,0
2020-12-03 16:30:00,122.83,123.205,122.78,122.9107,7622510,0,0
2020-12-03 17:30:00,122.91,123.15,122.72,122.985,5564184,0,0
2020-12-03 18:30:00,122.9808,123.01,122.595,122.855,5677572,0,0
2020-12-03 19:30:00,122.855,123.33,122.82,123.2216,7537268,0,0
2020-12-03 20:30:00,123.23,123.33,122.53,122.94,9155728,0,0
2020-12-04 14:30:00,122.57,122.8608,121.52,121.53,18501720,0,0
2020-12-04 15:30:00,121.535,122.29,121.535,122.2721,10152350,0,0
2020-12-04 16:30:00,122.27,122.665,121.825,121.88,10291499,0,0
2020-12-04 17:30:00,121.89,122.205,121.8606,121.96,5218262,0,0
2020-12-04 18:30:00,121.955,122.07,121.67,121.715,5719695,0,0
2020-12-04 19:30:00,121.725,122.21,121.69,122.0145,6925415,0,0
2020-12-04 20:30:00,122.02,122.3,121.88,122.25,7404003,0,0
2020-12-07 14:30:00,122.35,124.55,122.25,123.84,27096204,0,0
2020-12-07 15:30:00,123.845,124.35,123.71,124.1399,10080916,0,0
2020-12-07 16:30:00,124.125,124.36,123.79,124.1693,7279996,0,0
2020-12-07 17:30:00,124.165,124.265,123.8,123.86,6493386,0,0
2020-12-07 18:30:00,123.86,124.21,123.41,124.1201,7960886,0,0
2020-12-07 19:30:00,124.1259,124.285,123.595,123.825,6970328,0,0
2020-12-07 20:30:00,123.828,123.9,123.3,123.75,6407779,0,0
2020-12-08 14:30:00,124.35,124.56,123.2306,123.3263,22472884,0,0
2020-12-08 15:30:00,123.34,123.54,123.095,123.485,8032170,0,0
2020-12-08 16:30:00,123.49,124.15,123.4461,124.068,7472687,0,0
2020-12-08 17:30:00,124.06,124.82,124.04,124.7058,8528354,0,0
2020-12-08 18:30:00,124.705,124.87,124.39,124.7708,8902906,0,0
2020-12-08 19:30:00,124.7784,124.98,124.68,124.83,8008791,0,0
2020-12-08 20:30:00,124.835,124.89,124.325,124.33,6772532,0,0
2020-12-09 14:30:00,124.4965,125.95,123.87,125.09,27152846,0,0
2020-12-09 15:30:00,125.1,125.46,124.8,125.23,10104027,0,0
2020-12-09 16:30:00,125.21,125.28,124.11,124.375,8129257,0,0
2020-12-09 17:30:00,124.375,124.3793,122.63,122.78,13779659,0,0
2020-12-09 18:30:00,122.79,122.7905,121.62,122.21,14808816,0,0
2020-12-09 19:30:00,122.21,122.25,121.07,121.26,12887441,0,0
2020-12-09 20:30:00,121.25,122.2,121.21,121.78,11649838,0,0
2020-12-10 14:30:00,120.53,123.18,120.15,122.985,22426575,1,0
2020-12-10 15:30:00,123.02,123.825,122.7357,123.7701,11105100,0,0
2020-12-10 16:30:00,123.775,123.865,122.86,123.28,8735490,0,0
2020-12-10 17:30:00,123.2708,123.53,122.71,123.53,6398073,0,0
2020-12-10 18:30:00,123.5293,123.62,123.11,123.15,6288371,0,0
2020-12-10 19:30:00,123.15,123.4698,122.71,123.165,8001605,0,0
2020-12-10 20:30:00,123.16,123.6,123.16,123.22,7773435,0,0
2020-12-11 14:30:00,122.2499,122.76,120.88,121.5857,22317537,0,0
2020-12-11 15:30:00,121.59,121.715,121.06,121.08,8944785,0,0
2020-12-11 16:30:00,121.08,121.33,120.55,120.78,8860901,0,0
2020-12-11 17:30:00,120.7799,121.68,120.605,121.3908,7793875,1,0
2020-12-11 18:30:00,121.4,121.9891,121.33,121.7743,9132553,0,0
2020-12-11 19:30:00,121.775,122.4,121.73,122.165,8846093,0,0
2020-12-11 20:30:00,122.1653,122.5,121.835,122.49,7823176,0,0
2020-12-14 14:30:00,122.59,123.35,122.51,122.9015,16720753,0,0
2020-12-14 15:30:00,122.905,123.19,122.49,123.0,9765972,0,0
2020-12-14 16:30:00,123.0,123.1,122.67,122.9145,8630115,0,1
2020-12-14 17:30:00,122.91,122.96,122.12,122.145,6872886,0,0
2020-12-14 18:30:00,122.15,122.54,122.13,122.4708,6369354,0,0
2020-12-14 19:30:00,122.475,122.49,121.87,122.31,7859000,0,0
2020-12-14 20:30:00,122.305,122.37,121.57,121.7,8867588,0,0
2020-12-15 14:30:00,124.2687,126.96,124.25,125.73,45347824,0,0
2020-12-15 15:30:00,125.73,126.14,125.133,125.8334,18557523,0,0
2020-12-15 16:30:00,125.83,126.42,125.57,126.37,14189145,0,0
2020-12-15 17:30:00,126.3717,126.95,126.25,126.8508,17629368,0,0
2020-12-15 18:30:00,126.8593,127.3,126.4808,127.1721,16049744,0,0
2020-12-15 19:30:00,127.16,127.64,127.03,127.61,15948775,0,0
2020-12-15 20:30:00,127.6084,127.9,127.26,127.893,11936569,0,0
2020-12-16 14:30:00,127.41,127.87,126.56,127.11,26350106,0,0
2020-12-16 15:30:00,127.11,127.45,126.69,127.03,10366326,0,0
2020-12-16 16:30:00,127.04,128.02,127.02,127.5608,10416281,0,0
2020-12-16 17:30:00,127.55,127.81,127.26,127.37,6041245,0,0
2020-12-16 18:30:00,127.375,127.94,127.285,127.3931,8540904,0,0
2020-12-16 19:30:00,127.395,128.235,127.38,128.105,11048966,0,0
2020-12-16 20:30:00,128.12,128.36,127.69,127.75,11952255,0,0
2020-12-17 14:30:00,128.96001,129.565,128.2,129.045,26823239,0,0
2020-12-17 15:30:00,129.05,129.2,128.59,128.675,10496755,0,0
2020-12-17 16:30:00,128.67999,128.71001,128.05,128.4136,9108251,0,0
2020-12-17 17:30:00,128.41,128.71001,128.14349,128.50999,7529334,0,0
2020-12-17 18:30:00,128.50011,128.67,128.22,128.285,7660239,0,0
2020-12-17 19:30:00,128.28999,128.53999,128.12,128.37,6975150,0,0
2020-12-17 20:30:00,128.37,128.83,128.28999,128.64999,7735022,0,0
2020-12-18 14:30:00,128.88,129.10001,127.08,127.4,36878437,0,0
2020-12-18 15:30:00,127.3808,127.94,127.22,127.44,10334227,0,0
2020-12-18 16:30:00,127.43,127.7799,127.295,127.6493,8589408,0,0
2020-12-18 17:30:00,127.641,127.85,127.15,127.165,8497434,0,0
2020-12-18 18:30:00,127.165,127.175,126.42,126.748,12107785,0,0
2020-12-18 19:30:00,126.745,127.04,126.12,126.54,16117860,0,0
2020-12-18 20:30:00,126.55,127.0,126.28,126.65,16270356,0,0
2020-12-21 14:30:00,124.84,126.6184,123.89,124.02,28902870,0,0
2020-12-21 15:30:00,124.01,124.7899,123.449,124.5723,15697075,1,0
2020-12-21 16:30:00,124.58,125.72,124.57,125.6959,9440914,0,0
2020-12-21 17:30:00,125.69,126.45,125.5785,126.415,8651583,0,0
2020-12-21 18:30:00,126.41,127.28,126.4,127.0,10681274,0,0
2020-12-21 19:30:00,126.99,127.06,126.2701,126.4808,8373566,0,0
2020-12-21 20:30:00,126.5,128.31,126.14,128.24001,18389663,0,0
2020-12-22 14:30:00,131.60001,134.405,130.39999,133.13181,63936221,0,0
2020-12-22 15:30:00,133.14,133.42,131.02,131.69,21811294,0,1
2020-12-22 16:30:00,131.69,132.17,129.655,131.58,24002246,0,0
2020-12-22 17:30:00,131.591,132.95,131.46001,132.6993,13408643,0,0
2020-12-22 18:30:00,132.69,133.14639,132.28999,132.645,12489308,0,0
2020-12-22 19:30:00,132.64999,132.64999,131.63,131.73,11289476,0,0
2020-12-22 20:30:00,131.72,131.88,131.2215,131.845,10501294,0,0
2020-12-23 14:30:00,132.0569,132.42,130.78,131.7338,26470355,0,0
2020-12-23 15:30:00,131.73,131.89,131.1619,131.39,12417044,0,0
2020-12-23 16:30:00,131.39,132.12,131.21001,132.0683,9044107,0,0
2020-12-23 17:30:00,132.05,132.25999,131.8,132.075,6880194,0,0
2020-12-23 18:30:00,132.075,132.10001,131.62,131.75591,5479485,0,0
2020-12-23 19:30:00,131.75999,131.86,131.56,131.6084,6479223,0,0
2020-12-23 20:30:00,131.61,131.87,130.9241,130.96001,9427912,0,0
2020-12-24 14:30:00,131.39999,133.17999,131.3,133.1393,23438634,0,0
2020-12-24 15:30:00,133.13499,133.46001,132.11,132.14709,14345220,0,0
2020-12-24 16:30:00,132.1608,132.36,131.59,131.88,8793939,0,0
2020-12-24 17:30:00,131.88,132.05,131.61,131.97,7507138,0,0
2020-12-28 14:30:00,134.0,135.73,133.50999,134.9101,36723715,0,0
2020-12-28 15:30:00,134.92,136.0,134.86,135.78999,16249300,0,0
2020-12-28 16:30:00,135.78999,136.39999,135.77,136.075,16133995,0,0
2020-12-28 17:30:00,136.08,136.44,135.97,136.24699,10596072,0,0
2020-12-28 18:30:00,136.245,136.77,135.985,136.745,10479685,0,0
2020-12-28 19:30:00,136.74001,137.34,136.67,136.845,13774859,0,0
2020-12-28 20:30:00,136.845,136.99001,136.34,136.74001,11432584,0,0
2020-12-29 14:30:00,138.07001,138.785,135.50999,135.98,39167115,0,1
2020-12-29 15:30:00,135.98151,137.41,135.82001,137.285,17547765,0,0
2020-12-29 16:30:00,137.3,137.56351,136.36,136.4884,14415457,0,0
2020-12-29 17:30:00,136.46001,136.53,135.6701,136.09,11870272,0,0
2020-12-29 18:30:00,136.08479,136.39,135.69,135.7932,8102173,0,0
2020-12-29 19:30:00,135.7935,135.85001,135.13,135.36501,12141147,0,0
2020-12-29 20:30:00,135.36,135.53999,134.3409,134.88,11501092,0,0
2020-12-30 14:30:00,135.27,135.99001,133.66,133.995,23554953,0,0
2020-12-30 15:30:00,134.00929,134.78,133.565,134.62,12883767,0,0
2020-12-30 16:30:00,134.61659,135.17,134.53,134.675,11338734,0,0
2020-12-30 17:30:00,134.6799,134.7093,134.2,134.45,8476091,0,0
2020-12-30 18:30:00,134.4554,134.62,133.86,133.99001,8410215,0,0
2020-12-30 19:30:00,134.0,134.00999,133.39999,133.7034,11297729,0,0
2020-12-30 20:30:00,133.7,134.17999,133.49001,133.7,9705335,0,0
2020-12-31 14:30:00,134.08,134.73,132.6503,132.88499,23062450,0,0
2020-12-31 15:30:00,132.8808,133.28999,132.45,132.53,11002625,0,0
2020-12-31 16:30:00,132.53,132.8,131.73,132.62,13539051,0,0
2020-12-31 17:30:00,132.62,132.71761,132.3101,132.57001,7473873,0,0
2020-12-31 18:30:00,132.565,132.89,132.00999,132.75999,9409060,0,0
2020-12-31 19:30:00,132.77,133.17999,132.56599,132.8,10148099,0,0
2020-12-31 20:30:00,132.795,133.3,132.5,132.69,11776161,0,0
2021-01-04 14:30:00,133.371,133.6116,130.38,131.0536,27653145,0,0
2021-01-04 15:30:00,131.05499,131.31,129.39999,129.88989,20134555,0,0
2021-01-04 16:30:00,129.88271,130.09,126.76,128.25,23693710,0,0
2021-01-04 17:30:00,128.2469,129.11,127.6301,129.03999,14745063,1,0
2021-01-04 18:30:00,129.03,129.2,128.595,128.97,10862044,0,0
2021-01-04 19:30:00,128.94,129.58,128.64,129.075,13187972,0,0
2021-01-04 20:30:00,129.06,129.74001,128.75999,129.41,12240461,0,0
2021-01-05 14:30:00,128.9303,131.74001,128.42999,131.05,26799730,0,0
2021-01-05 15:30:00,131.07339,131.4193,129.92999,130.38,14752234,0,0
2021-01-05 16:30:00,130.38,130.67,129.84,130.1499,10320191,0,0
2021-01-05 17:30:00,130.145,130.34,129.85001,130.045,6214402,0,0
2021-01-05 18:30:00,130.0408,131.25,130.03999,131.11,9688295,0,0
2021-01-05 19:30:00,131.12,131.4025,130.82001,130.83,8925435,0,0
2021-01-05 20:30:00,130.83,131.42999,130.75999,130.95,8753681,0,0
2021-01-06 14:30:00,127.72,129.21001,126.56,128.9501,39024526,0,0
2021-01-06 15:30:00,128.95799,131.0499,128.8199,130.42,21468949,0,0
2021-01-06 16:30:00,130.42999,130.76849,129.89,130.325,13567139,0,0
2021-01-06 17:30:00,130.3293,130.53999,129.21001,129.24001,11268277,0,0
2021-01-06 18:30:00,129.25,129.60001,127.75,127.8,14784972,0,0
2021-01-06 19:30:00,127.7999,128.22,126.94,127.48,23418062,0,0
2021-01-06 20:30:00,127.48,127.59,126.382,126.59,19152845,0,0
2021-01-07 14:30:00,128.37,130.315,127.86,129.83501,32013474,0,0
2021-01-07 15:30:00,129.84,131.03,129.69,130.565,16418633,0,0
2021-01-07 16:30:00,130.57001,130.96001,129.85001,130.07001,10993800,0,0
2021-01-07 17:30:00,130.06,130.64999,130.02,130.36,7366514,0,0
2021-01-07 18:30:00,130.37,130.64,130.21001,130.61681,6927428,0,0
2021-01-07 19:30:00,130.62,131.215,130.42,131.21001,11291788,0,0
2021-01-07 20:30:00,131.21001,131.63,130.82001,130.86,10803551,0,0
2021-01-08 14:30:00,132.4565,132.63,130.25999,130.39,28975711,0,0
2021-01-08 15:30:00,130.39,131.5,130.33,131.07001,13073294,0,0
2021-01-08 16:30:00,131.07001,132.57001,130.9801,132.155,14283770,0,0
2021-01-08 17:30:00,132.155,132.25,130.38,131.1199,10483270,0,0
2021-01-08 18:30:00,131.12,131.55,130.23,131.47,10131478,0,0
2021-01-08 19:30:00,131.465,131.85001,131.08031,131.77499,8481766,0,0
2021-01-08 20:30:00,131.77,132.21001,131.63499,132.05,8758623,0,0
2021-01-11 14:30:00,129.19,130.17,128.5,130.0,29849978,0,0
2021-01-11 15:30:00,130.0,130.11,129.03,129.5793,12052523,0,0
2021-01-11 16:30:00,129.55499,129.84,129.3,129.705,7883559,0,0
2021-01-11 17:30:00,129.7,130.05499,129.45,129.61,8875403,0,0
2021-01-11 18:30:00,129.62,129.64,128.9449,129.00079,9107291,0,0
2021-01-11 19:30:00,129.0,129.42,128.69,128.7379,9899971,0,0
2021-01-11 20:30:00,128.735,129.17999,128.71761,128.98,8720406,0,0
2021-01-12 14:30:00,128.48,129.69,128.08,128.99969,23029688,0,0
2021-01-12 15:30:00,129.03,129.33,128.60001,128.7139,11369268,0,0
2021-01-12 16:30:00,128.71001,128.7202,126.86,127.6063,16505508,0,0
2021-01-12 17:30:00,127.605,128.31,127.48,128.2877,8734012,0,0
2021-01-12 18:30:00,128.2885,128.64,128.08,128.491,7719415,0,0
2021-01-12 19:30:00,128.49001,128.78999,128.145,128.5363,7468569,0,0
2021-01-12 20:30:00,128.53,129.19,128.47,128.8,7881448,0,0
2021-01-13 14:30:00,128.6895,130.2001,128.49001,130.0435,23225796,0,0
2021-01-13 15:30:00,130.05,131.44,130.05,131.25,15780144,0,0
2021-01-13 16:30:00,131.24001,131.45,130.5,130.7265,11875310,0,0
2021-01-13 17:30:00,130.72501,131.28999,130.42,130.8813,8534756,0,0
2021-01-13 18:30:00,130.88499,131.16,130.73061,130.9205,6062799,0,0
2021-01-13 19:30:00,130.92,131.14,130.63,130.675,6262563,0,0
2021-01-13 20:30:00,130.67,131.13,130.60001,130.88,6947603,0,0
2021-01-14 14:30:00,130.75,131.0,129.60001,130.255,21749445,0,0
2021-01-14 15:30:00,130.255,130.87,130.03999,130.395,12032429,0,0
2021-01-14 16:30:00,130.3969,130.5094,129.75999,130.02,7789388,0,0
2021-01-14 17:30:00,130.02,130.2,129.53999,129.7731,7603705,0,0
2021-01-14 18:30:00,129.77,129.89999,129.35001,129.47189,7663944,0,0
2021-01-14 19:30:00,129.47079,129.67,128.89999,129.0307,12060992,0,0
2021-01-14 20:30:00,129.03999,129.44,128.78,128.91,9703809,0,0
2021-01-15 14:30:00,129.375,130.21001,127.5,128.27,31379026,0,0
2021-01-15 15:30:00,128.2506,129.32001,127.6,129.3,16180816,0,0
2021-01-15 16:30:00,129.28999,129.35001,128.25,128.2601,12310966,0,0
2021-01-15 17:30:00,128.2608,128.9299,128.19,128.64999,7204091,0,0
2021-01-15 18:30:00,128.65601,128.7888,128.0,128.05499,8089886,0,0
2021-01-15 19:30:00,128.06,128.11,127.49,127.565,10508410,0,0
2021-01-15 20:30:00,127.55,127.6,127.0,127.14,10977565,0,0
2021-01-19 14:30:00,127.75,128.71001,126.938,127.1693,26839327,0,0
2021-01-19 15:30:00,127.18,127.56,126.95,127.18,11467593,0,0
2021-01-19 16:30:00,127.18,127.79,127.12,127.37,7535542,0,0
2021-01-19 17:30:00,127.3839,128.25999,127.29,128.11,8248759,0,0
2021-01-19 18:30:00,128.12,128.19,127.83,128.05051,6136505,0,0
2021-01-19 19:30:00,128.05499,128.13,127.68,127.875,6683732,0,0
2021-01-19 20:30:00,127.88,128.0,127.64,127.85,6911181,0,0
2021-01-20 14:30:00,128.56,131.2,128.55,131.12,26871187,0,0
2021-01-20 15:30:00,131.1299,131.8893,130.91,131.84171,16327515,0,0
2021-01-20 16:30:00,131.8401,132.25,131.67999,131.96001,10696089,0,0
2021-01-20 17:30:00,131.97,132.21001,131.67999,132.1584,7879460,0,0
2021-01-20 18:30:00,132.17,132.44,131.73,132.19479,9186057,0,0
2021-01-20 19:30:00,132.19,132.49001,131.9498,132.1801,9846090,0,0
2021-01-20 20:30:00,132.17999,132.46001,131.97,131.97,9212800,0,0
2021-01-21 14:30:00,133.82001,135.98,133.59,135.8596,38405902,0,0
2021-01-21 15:30:00,135.8593,136.38,135.35001,136.18179,17353706,0,0
2021-01-21 16:30:00,136.17999,136.27,135.21001,135.85001,11826386,0,0
2021-01-21 17:30:00,135.86,136.3342,135.63,136.22,8337853,0,0
2021-01-21 18:30:00,136.23,136.64999,135.9131,136.56,9395678,0,0
2021-01-21 19:30:00,136.56081,136.99001,136.36,136.8299,9671530,0,0
2021-01-21 20:30:00,136.83,137.34,136.78999,136.87,12785596,0,0
2021-01-22 14:30:00,136.25,137.66,135.02,136.61501,29926463,0,0
2021-01-22 15:30:00,136.62,137.52,136.02,137.24001,14808681,0,0
2021-01-22 16:30:00,137.24899,138.17,136.9501,138.10001,12475005,0,0
2021-01-22 17:30:00,138.10001,138.17,137.71001,138.005,9477150,0,0
2021-01-22 18:30:00,138.005,138.49001,137.87,138.425,9507592,0,0
2021-01-22 19:30:00,138.425,139.44,138.38499,139.36301,15229370,0,0
2021-01-22 20:30:00,139.367,139.85001,138.92999,138.96989,13383715,0,0
2021-01-25 14:30:00,143.07001,145.08,142.9398,144.2249,46355204,0,0
2021-01-25 15:30:00,144.24001,144.32001,136.53999,141.22,37086653,0,1
2021-01-25 16:30:00,141.22,142.95,140.91,141.1799,18948571,0,0
2021-01-25 17:30:00,141.17999,143.28999,141.05,142.9899,14507062,0,0
2021-01-25 18:30:00,142.9915,143.1342,141.78999,142.582,11218503,0,0
2021-01-25 19:30:00,142.58,143.0,141.75,142.07001,11349187,0,0
2021-01-25 20:30:00,142.061,143.13,141.99001,142.92,9851226,0,0
2021-01-26 14:30:00,144.04939,144.3,141.37,142.2121,30127927,0,0
2021-01-26 15:30:00,142.2224,143.17999,141.92,142.33,14308646,0,0
2021-01-26 16:30:00,142.31,142.45,141.83,142.405,9847849,0,0
2021-01-26 17:30:00,142.395,142.66,141.92999,142.5005,6630481,0,0
2021-01-26 18:30:00,142.5,143.37,142.495,142.9601,9691666,0,0
2021-01-26 19:30:00,142.97,143.13,142.63,143.08,7789829,0,0
2021-01-26 20:30:00,143.09,143.32001,142.85001,143.185,8440824,0,0
2021-01-27 14:30:00,143.42999,144.3,141.44,143.46001,28418663,0,0
2021-01-27 15:30:00,143.42999,143.78,142.44501,142.57001,12297803,0,0
2021-01-27 16:30:00,142.57001,143.53999,141.77499,143.32001,13800354,0,0
2021-01-27 17:30:00,143.30099,143.42999,142.72,143.27,9968549,0,0
2021-01-27 18:30:00,143.265,143.99001,142.7,142.92,12354483,0,0
2021-01-27 19:30:00,142.88,142.99001,141.25999,141.64999,18788451,0,0
2021-01-27 20:30:00,141.64,142.89,140.41,142.53,16971697,0,0
2021-01-28 14:30:00,139.52,140.3385,138.0,139.6199,36600360,0,0
2021-01-28 15:30:00,139.61,140.17,138.5201,138.94,17370291,0,0
2021-01-28 16:30:00,138.96001,141.99001,138.49001,141.15919,18986324,0,0
2021-01-28 17:30:00,141.16,141.62,139.89999,140.14999,14157083,0,0
2021-01-28 18:30:00,140.17999,140.53999,139.03149,139.78011,13053497,0,0
2021-01-28 19:30:00,139.8,139.85001,138.3,138.3091,12418369,0,0
2021-01-28 20:30:00,138.3084,138.55,136.7,137.09,16848552,0,0
2021-01-29 14:30:00,135.78,136.74001,133.78999,135.08009,31835713,0,0
2021-01-29 15:30:00,135.09891,135.44,131.88,132.2,25929359,0,0
2021-01-29 16:30:00,132.17,133.31,131.2076,131.96851,24633251,0,0
2021-01-29 17:30:00,131.95,132.23,130.21001,132.05,27629092,0,0
2021-01-29 18:30:00,132.03999,132.81,131.47,131.9399,18117174,0,0
2021-01-29 19:30:00,131.94,133.22,131.03,132.5332,17380581,0,0
2021-01-29 20:30:00,132.53999,133.5,131.73,131.96001,17156763,0,0
2021-02-01 14:30:00,133.75,134.8,130.9315,133.08,30963937,0,0
2021-02-01 15:30:00,133.11549,134.10001,132.3,134.03,15422047,0,0
2021-02-01 16:30:00,134.021,134.92999,133.64999,134.9201,12833301,0,0
2021-02-01 17:30:00,134.92999,135.38,134.31,134.8904,11048977,0,0
2021-02-01 18:30:00,134.892,135.12,133.96001,134.41,9707748,0,0
2021-02-01 19:30:00,134.41,134.57001,133.88,134.4301,8269109,0,0
2021-02-01 20:30:00,134.42999,134.84,134.05,134.14,9696032,0,0
2021-02-02 14:30:00,135.73,136.3,134.96001,135.1693,23843327,0,0
2021-02-02 15:30:00,135.1608,135.69,135.02,135.25,10267558,0,0
2021-02-02 16:30:00,135.2599,135.28999,134.85001,135.265,8727720,0,0
2021-02-02 17:30:00,135.265,135.48,134.62,134.765,6889948,0,0
2021-02-02 18:30:00,134.77,135.19,134.72,135.06,6837252,0,0
2021-02-02 19:30:00,135.07001,135.08,134.61,134.955,8339940,0,0
2021-02-02 20:30:00,134.95,135.45,134.8215,134.98,9308085,0,0
2021-02-03 14:30:00,135.63,135.74001,133.61,133.7715,23429741,0,0
2021-02-03 15:30:00,133.77,134.485,133.7,134.07001,10497615,0,0
2021-02-03 16:30:00,134.08,135.08,133.92,134.795,7608849,0,0
2021-02-03 17:30:00,134.7993,135.55,134.67999,134.985,11052647,0,0
2021-02-03 18:30:00,134.9808,135.2399,134.50999,134.675,6633518,0,0
2021-02-03 19:30:00,134.675,134.752,134.07001,134.15829,10932101,0,0
2021-02-03 20:30:00,134.15131,134.34,133.89999,133.905,6926639,0,0
2021-02-04 14:30:00,136.33501,136.4796,134.60001,135.25999,25261576,0,0
2021-02-04 15:30:00,135.2691,135.58,134.99001,135.52,9606756,0,0
2021-02-04 16:30:00,135.5284,136.34,135.42,135.92999,8509924,0,0
2021-02-04 17:30:00,135.92999,136.10001,135.75,135.97079,5261143,0,0
2021-02-04 18:30:00,135.97009,136.845,135.97,136.74001,7545534,0,0
2021-02-04 19:30:00,136.7406,136.98,136.4696,136.87,5527609,0,0
2021-02-04 20:30:00,136.87,137.39999,136.74001,137.39999,6849538,0,0
2021-02-05 14:30:00,137.35001,137.41,135.86,136.395,14946645,0,0
2021-02-05 15:30:00,136.39,136.67,136.0,136.28999,3676152,0,0
2021-02-05 16:30:00,136.31,137.00999,136.31,137.0,4049913,0,0
2021-02-05 17:30:00,136.98,137.32001,136.82001,137.075,3831877,0,0
2021-02-05 18:30:00,137.075,137.08,136.45081,136.57001,7311017,0,0
2021-02-05 19:30:00,136.59,136.74001,136.07001,136.205,4536500,0,0
2021-02-05 20:30:00,136.2,136.83,136.2,136.75999,4822779,0,0
2021-02-08 14:30:00,136.10001,136.31,134.92999,135.91,21114732,0,0
2021-02-08 15:30:00,135.90939,136.89999,135.88,136.44501,11088788,0,0
2021-02-08 16:30:00,136.44501,136.53999,135.84,136.09,8595838,0,0
2021-02-08 17:30:00,136.0715,136.38,135.84,136.0708,5159748,0,0
2021-02-08 18:30:00,136.07001,136.3,135.82001,136.02,4797295,0,0
2021-02-08 19:30:00,136.02071,136.42999,135.89999,136.3208,5708151,0,0
2021-02-08 20:30:00,136.325,136.95,136.25,136.9007,7242692,0,0
2021-02-09 14:30:00,136.62,137.67999,136.5,137.27,30009530,0,0
2021-02-09 15:30:00,137.2589,137.877,136.57001,136.69,11569764,0,0
2021-02-09 16:30:00,136.69,136.96919,136.42999,136.595,6224812,0,0
2021-02-09 17:30:00,136.59081,136.66,136.17999,136.22,5204058,0,0
2021-02-09 18:30:00,136.23,136.69,136.21001,136.6308,4775267,0,0
2021-02-09 19:30:00,136.63,136.8,136.37,136.41,5084560,0,0
2021-02-09 20:30:00,136.42,136.49001,135.85001,136.00999,7199772,0,0
2021-02-10 14:30:00,136.48,136.99001,134.69,135.21001,18820408,0,0
2021-02-10 15:30:00,135.2,135.6299,134.39999,135.11839,15123804,0,0
2021-02-10 16:30:00,135.13,135.64999,135.03999,135.28999,7037202,0,0
2021-02-10 17:30:00,135.28,135.35851,134.92999,135.17999,4710556,0,0
2021-02-10 18:30:00,135.17999,135.52,134.97,135.50999,4665261,0,0
2021-02-10 19:30:00,135.5193,135.84,135.37,135.5099,6280114,0,0
2021-02-10 20:30:00,135.50999,135.63,134.95,135.39,9800720,0,0
2021-02-11 14:30:00,135.873,136.39,134.92,135.271,16531719,0,0
2021-02-11 15:30:00,135.27,135.5399,134.95,135.03889,6906026,0,0
2021-02-11 16:30:00,135.0338,135.22,134.03999,134.065,7773569,0,0
2021-02-11 17:30:00,134.08,134.44,133.88,134.285,7779293,0,0
2021-02-11 18:30:00,134.285,134.39,133.77229,134.0401,7545889,0,0
2021-02-11 19:30:00,134.0493,134.92,133.98,134.755,6435601,0,0
2021-02-11 20:30:00,134.75999,135.28,134.61,135.12,5778493,0,0
2021-02-12 14:30:00,134.3,134.72501,133.69209,133.99989,14950658,0,0
2021-02-12 15:30:00,134.0,134.8499,133.78,134.52991,8807092,0,0
2021-02-12 16:30:00,134.52499,134.67999,134.16,134.16991,4562166,0,0
2021-02-12 17:30:00,134.16901,134.38499,134.0,134.19,6149585,0,0
2021-02-12 18:30:00,134.19,134.38,134.08,134.28,4479942,0,0
2021-02-12 19:30:00,134.27,134.8,134.25,134.78,6402744,0,0
2021-02-12 20:30:00,134.78,135.50999,134.78,135.37,8877164,0,0
2021-02-16 14:30:00,135.53,136.0,134.60001,134.99001,18075765,0,1
2021-02-16 15:30:00,134.985,135.1499,133.67999,133.72,13176329,0,0
2021-02-16 16:30:00,133.7204,133.75,132.91,133.61,14038547,0,0
2021-02-16 17:30:00,133.61,133.67,133.14999,133.28841,6088609,0,0
2021-02-16 18:30:00,133.28,133.64,132.81,133.52921,7358061,0,0
2021-02-16 19:30:00,133.52071,133.575,133.05009,133.36501,6330663,0,0
2021-02-16 20:30:00,133.36,133.38,133.02,133.19,6896321,0,0
2021-02-17 14:30:00,131.5,132.22,129.89,130.2408,32147808,0,0
2021-02-17 15:30:00,130.064,130.99001,129.47,129.74001,18039862,0,0
2021-02-17 16:30:00,129.72,130.33,129.60001,129.965,11883981,0,0
2021-02-17 17:30:00,129.96471,130.55,129.95,130.4894,7368429,0,0
2021-02-17 18:30:00,130.49001,130.74001,130.3,130.375,6110408,0,0
2021-02-17 19:30:00,130.37,130.84,130.25,130.69,9075759,0,0
2021-02-17 20:30:00,130.67999,130.99001,130.6792,130.84,6734199,0,0
2021-02-18 14:30:00,129.05499,129.67999,127.41,128.1199,28938324,0,0
2021-02-18 15:30:00,128.10001,129.10001,127.83,128.72,13394306,1,0
2021-02-18 16:30:00,128.67999,128.71001,127.9,128.625,12715570,0,0
2021-02-18 17:30:00,128.625,129.07001,128.45,128.995,8497245,0,0
2021-02-18 18:30:00,128.995,129.05,128.45,128.71001,8516599,0,0
2021-02-18 19:30:00,128.7,129.85001,128.64999,129.77,9190097,0,0
2021-02-18 20:30:00,129.77,129.98,129.5,129.71271,9421447,0,0
2021-02-19 14:30:00,130.19501,130.52499,129.45,129.7892,23061575,0,0
2021-02-19 15:30:00,129.7001,130.71001,129.55,130.55,11344571,0,0
2021-02-19 16:30:00,130.545,130.64999,129.57001,129.679,7774438,0,0
2021-02-19 17:30:00,129.67,129.83,128.8,128.98,12762588,0,0
2021-02-19 18:30:00,128.965,129.53999,128.82001,128.88499,7367145,0,0
2021-02-19 19:30:00,128.88049,129.95,128.87,129.89,9209910,0,0
2021-02-19 20:30:00,129.895,130.0999,129.74001,129.85001,8104262,0,0
2021-02-22 14:30:00,128.00999,129.72,126.82,127.1103,26412131,0,0
2021-02-22 15:30:00,127.11,127.2,125.6,126.8699,21042801,0,0
2021-02-22 16:30:00,126.86,127.24,126.5,126.718,9068623,0,0
2021-02-22 17:30:00,126.715,127.32,126.64,127.26,6730682,0,0
2021-02-22 18:30:00,127.25,127.96,127.2408,127.66,7243219,0,0
2021-02-22 19:30:00,127.67,127.71,126.461,126.4887,9822696,0,0
2021-02-22 20:30:00,126.48,126.75,126.0,126.0,13756212,0,0
2021-02-23 14:30:00,123.76,123.79,118.39,123.2,55635192,0,0
2021-02-23 15:30:00,123.2,124.12,122.57,123.02,19820863,0,0
2021-02-23 16:30:00,123.0101,123.25,121.32,122.4377,16440941,0,0
2021-02-23 17:30:00,122.42,123.75,121.5,123.5415,16077142,1,0
2021-02-23 18:30:00,123.56,125.1901,123.46,124.7656,15744356,0,0
2021-02-23 19:30:00,124.77,126.7,124.4,126.65,16830144,0,0
2021-02-23 20:30:00,126.64,126.705,125.66,125.85,10688101,0,0
2021-02-24 14:30:00,125.25,125.32,122.23,124.015,33758362,0,0
2021-02-24 15:30:00,124.02,124.93,123.5,124.5698,14626652,0,0
2021-02-24 16:30:00,124.56,125.11,124.15,125.105,11950302,0,0
2021-02-24 17:30:00,125.11,125.14,123.95,124.45,11266334,0,0
2021-02-24 18:30:00,124.47,125.185,124.32,124.46,10511658,0,0
2021-02-24 19:30:00,124.47,124.93,124.21,124.93,9546910,0,0
2021-02-24 20:30:00,124.9201,125.56,124.72,125.32,11122525,0,0
2021-02-25 14:30:00,124.62,126.4585,123.61,124.02,26021229,0,0
2021-02-25 15:30:00,124.035,124.23,123.14,123.695,16206620,0,0
2021-02-25 16:30:00,123.695,123.715,122.13,122.26,18139483,0,0
2021-02-25 17:30:00,122.25,122.625,120.76,122.12,22945491,0,0
2021-02-25 18:30:00,122.11,123.43,121.76,123.155,14547371,0,0
2021-02-25 19:30:00,123.155,123.22,121.24,121.32,16414140,0,0
2021-02-25 20:30:00,121.32,122.03,120.54,121.01,19098194,0,0
2021-02-26 14:30:00,122.84,123.9499,121.31,121.5,35242461,0,0
2021-02-26 15:30:00,121.47,124.18,121.4,123.495,23409215,0,0
2021-02-26 16:30:00,123.51,124.76,123.4199,124.195,15433980,0,0
2021-02-26 17:30:00,124.2,124.4099,123.255,124.27,10758225,0,0
2021-02-26 18:30:00,124.29,124.35,122.76,123.0499,13957978,0,0
2021-02-26 19:30:00,123.03,124.34,122.9,123.64,14753479,0,0
2021-02-26 20:30:00,123.63,124.85,121.2,121.2,22306159,0,0
2021-03-01 14:30:00,123.78,125.25,122.79,125.085,30763046,0,0
2021-03-01 15:30:00,125.085,126.15,124.8801,125.8799,15870741,0,0
2021-03-01 16:30:00,125.88,126.62,125.7899,126.23,13509857,0,0
2021-03-01 17:30:00,126.24,126.4,125.67,126.2093,8485530,0,0
2021-03-01 18:30:00,126.2,127.23,126.09,127.105,11083702,0,0
2021-03-01 19:30:00,127.11,127.74,126.91,127.555,12920055,0,0
2021-03-01 20:30:00,127.565,127.93,127.27,127.79,11684669,0,0
2021-03-02 14:30:00,128.39999,128.72,125.98,126.0699,27503052,0,1
2021-03-02 15:30:00,126.07,126.44,125.5,125.96,14329305,0,0
2021-03-02 16:30:00,125.96,126.25,125.465,126.09,11154082,0,0
2021-03-02 17:30:00,126.09,126.675,125.995,126.13,7995627,0,0
2021-03-02 18:30:00,126.13,126.37,125.585,125.65,8670885,0,0
2021-03-02 19:30:00,125.65,126.31,125.48,125.59,9803907,0,0
2021-03-02 20:30:00,125.5984,125.9801,125.015,125.1601,11472309,0,0
2021-03-03 14:30:00,124.75,125.71,123.1116,123.71,25964483,0,0
2021-03-03 15:30:00,123.58,124.78,123.46,124.7793,13740654,0,0
2021-03-03 16:30:00,124.77,124.92,123.93,124.035,9241196,0,0
2021-03-03 17:30:00,124.03,124.17,123.35,123.89,9767702,0,0
2021-03-03 18:30:00,123.85,123.85,122.16,122.25,14963706,0,0
2021-03-03 19:30:00,122.25,122.96,121.93,122.482,14691106,0,0
2021-03-03 20:30:00,122.49,122.95,122.0,122.06,11640605,0,0
2021-03-04 14:30:00,121.711,123.6,120.32,121.43,33309714,0,0
2021-03-04 15:30:00,121.41,123.27,121.09,122.19,19841021,0,0
2021-03-04 16:30:00,122.195,123.18,120.68,121.27,17320067,0,0
2021-03-04 17:30:00,121.27,121.475,119.63,120.5393,25495529,0,0
2021-03-04 18:30:00,120.53,120.56,118.62,120.19,23542957,0,0
2021-03-04 19:30:00,120.18,120.86,119.51,119.96,18891673,0,0
2021-03-04 20:30:00,119.94,120.39,119.56,120.22,16830600,0,0
2021-03-05 14:30:00,121.1,121.31,118.5411,118.77,35433371,0,0
2021-03-05 15:30:00,118.78,119.82,117.58,117.72,24717819,0,0
2021-03-05 16:30:00,117.74,119.5799,117.74,119.425,18480313,0,0
2021-03-05 17:30:00,119.43,119.99,118.46,119.94,17012454,0,0
2021-03-05 18:30:00,119.9402,120.7,119.64,120.47,16181866,0,0
2021-03-05 19:30:00,120.48,121.545,120.47,121.2299,14732822,0,0
2021-03-05 20:30:00,121.23,121.92,121.0182,121.23,14230497,0,1
2021-03-08 14:30:00,120.92,121.0,118.06,119.0,37282349,0,0
2021-03-08 15:30:00,119.02,119.48,118.165,118.6693,19556628,0,0
2021-03-08 16:30:00,118.31,118.41,117.41,118.215,21267438,0,0
2021-03-08 17:30:00,118.21,118.2595,117.66,118.1735,11831998,0,0
2021-03-08 18:30:00,118.175,118.22,116.76,117.515,17677764,0,0
2021-03-08 19:30:00,117.52,117.815,116.65,116.81,15995302,0,0
2021-03-08 20:30:00,116.815,117.39,116.21,116.4,16078854,0,0
2021-03-09 14:30:00,119.3399,121.5577,118.79,121.3299,39940489,0,0
2021-03-09 15:30:00,121.315,121.37,120.05,120.4271,16707654,0,0
2021-03-09 16:30:00,120.43,121.23,120.2,121.1034,11116493,0,0
2021-03-09 17:30:00,121.1,121.69,120.75,121.565,11146638,0,0
2021-03-09 18:30:00,121.57,121.95,121.11,121.155,10818832,0,0
2021-03-09 19:30:00,121.16,122.06,121.065,121.725,10869347,0,0
2021-03-09 20:30:00,121.73,121.9494,120.82,121.04,14352819,0,0
2021-03-10 14:30:00,121.86,121.91,119.795,119.8901,34515575,0,0
2021-03-10 15:30:00,119.92,120.49,119.45,120.4293,18437506,0,0
2021-03-10 16:30:00,120.42,120.5,119.795,119.87,10966304,0,0
2021-03-10 17:30:00,119.8675,120.41,119.55,120.33,13046001,1,0
2021-03-10 18:30:00,120.33,120.471,119.74,120.315,10711943,0,0
2021-03-10 19:30:00,120.3096,120.92,120.205,120.355,9248739,0,0
2021-03-10 20:30:00,120.355,120.56,119.86,119.97,8460850,0,0
2021-03-11 14:30:00,122.54,123.21,121.26,121.3905,30503498,0,0
2021-03-11 15:30:00,121.4,122.67,121.4,122.66,13524512,0,0
2021-03-11 16:30:00,122.66,122.77,121.87,122.01,13839811,0,0
2021-03-11 17:30:00,122.02,122.31,121.66,121.765,9272506,0,0
2021-03-11 18:30:00,121.77,122.045,121.56,121.82,8586272,0,0
2021-03-11 19:30:00,121.82,122.23,121.7,122.165,8210921,0,0
2021-03-11 20:30:00,122.17,122.2099,121.76,121.96,9758127,0,0
2021-03-12 14:30:00,120.3335,120.59,119.16,119.42,28065242,0,0
2021-03-12 15:30:00,119.44,119.94,119.39,119.815,12519613,0,0
2021-03-12 16:30:00,119.82,120.879,119.59,120.8408,11427425,0,0
2021-03-12 17:30:00,120.8498,121.07,120.427,120.8967,8122057,0,0
2021-03-12 18:30:00,120.89,121.01,120.5,120.59,6602156,0,0
2021-03-12 19:30:00,120.595,120.9,120.465,120.755,7340615,0,0
2021-03-12 20:30:00,120.765,121.1699,120.72,121.05,7980824,0,0
2021-03-15 13:30:00,121.26,123.64,120.43,122.5984,21745150,0,0
2021-03-15 14:30:00,122.5997,123.225,122.235,122.39,11490083,0,0
2021-03-15 15:30:00,122.39,122.4899,122.04,122.335,7767154,0,0
2021-03-15 16:30:00,122.34,122.72,122.24,122.6801,5731668,0,0
2021-03-15 17:30:00,122.68,123.63,122.65,123.48,8376142,0,0
2021-03-15 18:30:00,123.475,123.5701,123.06,123.345,8484677,0,0
2021-03-15 19:30:00,123.345,124.0,123.275,123.995,9950448,0,0
2021-03-16 13:30:00,125.42,126.84,125.29,126.405,26292710,0,0
2021-03-16 14:30:00,126.42,127.19,126.2501,126.755,17425861,0,0
2021-03-16 15:30:00,126.76,126.9,125.3416,125.465,15125837,0,0
2021-03-16 16:30:00,125.46,126.2799,125.4208,125.8402,11774785,0,0
2021-03-16 17:30:00,125.845,125.8584,124.91,125.011,12172994,0,0
2021-03-16 18:30:00,125.02,125.74,124.715,125.6117,12167081,0,0
2021-03-16 19:30:00,125.62,125.9284,125.39,125.57,8650995,0,0
2021-03-17 13:30:00,124.07,124.21,122.7901,123.46,23564501,0,0
2021-03-17 14:30:00,123.45,123.5798,122.59,122.9007,11937843,0,0
2021-03-17 15:30:00,122.9008,122.9693,122.39,122.81,10274247,0,0
2021-03-17 16:30:00,122.8199,122.93,122.35,122.75,7498976,0,0
2021-03-17 17:30:00,122.7499,124.49,122.58,123.8782,15253406,0,0
2021-03-17 18:30:00,123.88,125.8599,123.585,125.0801,19836852,0,0
2021-03-17 19:30:00,125.09,125.39,124.29,124.8,10873286,0,1
2021-03-18 13:30:00,122.86,123.18,121.59,122.185,28495145,0,0
2021-03-18 14:30:00,122.18,122.715,121.96,122.209,14297377,0,0
2021-03-18 15:30:00,122.21,122.59,121.7799,122.32,11087497,0,0
2021-03-18 16:30:00,122.32,122.34,121.7,121.9,10242776,0,0
2021-03-18 17:30:00,121.9001,122.215,121.38,121.425,12388233,0,0
2021-03-18 18:30:00,121.43,121.54,120.65,121.055,17714437,0,0
2021-03-18 19:30:00,121.04,121.08,120.33,120.55,14605265,0,0
2021-03-19 13:30:00,119.91,121.43,119.675,120.1153,38572914,0,0
2021-03-19 14:30:00,120.11,120.73,119.8441,120.0115,15511213,0,0
2021-03-19 15:30:00,120.01,120.85,119.9321,120.5581,10496805,0,0
2021-03-19 16:30:00,120.55,121.16,120.49,120.605,9196356,0,0
2021-03-19 17:30:00,120.61,120.68,120.0,120.2801,10781251,0,0
2021-03-19 18:30:00,120.29,120.34,119.9,120.085,11612604,0,0
2021-03-19 19:30:00,120.09,120.97,119.85,119.87,16478814,0,0
2021-03-22 13:30:00,120.33,122.251,120.26,122.18,23835336,0,0
2021-03-22 14:30:00,122.19,122.84,122.071,122.565,12428154,0,0
2021-03-22 15:30:00,122.57,123.45,122.19,123.42,11642609,0,0
2021-03-22 16:30:00,123.4299,123.77,123.04,123.0911,11645217,0,0
2021-03-22 17:30:00,123.0901,123.7199,123.085,123.54,8227292,0,0
2021-03-22 18:30:00,123.56,123.87,123.275,123.345,11354072,0,0
2021-03-22 19:30:00,123.34,123.59,123.02,123.32,10684886,0,0
2021-03-23 13:30:00,123.23,123.76,122.5382,123.09,19699278,0,0
2021-03-23 14:30:00,123.0801,124.21,122.6,123.7,9530748,0,0
2021-03-23 15:30:00,123.67,123.75,122.77,122.94,0,0,0
2021-03-23 16:30:00,122.94,123.59,122.68,123.28,0,0,0
2021-03-23 17:30:00,123.28,123.33,122.93,123.3,0,0,0
2021-03-23 18:30:00,123.29,123.42,122.38,122.52,0,0,0
2021-03-23 19:30:00,122.52,122.68,122.18,122.59,0,0,0
2021-03-24 13:30:00,122.82,122.9,121.11,121.455,18519129,0,0
2021-03-24 14:30:00,121.455,122.44,121.26,122.22,11072205,0,0
2021-03-24 15:30:00,122.22,122.245,121.32,121.575,8771286,0,0
2021-03-24 16:30:00,121.57,121.595,120.655,121.1343,11169151,0,0
2021-03-24 17:30:00,121.135,121.55,120.91,121.095,62636231,0,0
2021-03-24 18:30:00,121.09,121.21,120.45,120.75,8436343,0,0
2021-03-24 19:30:00,120.76,120.77,120.12,120.12,0,0,0
2021-03-25 13:30:00,119.47,121.66,119.0,120.6794,26359677,0,0
2021-03-25 14:30:00,120.68,120.79,119.0912,119.5501,16851459,0,0
2021-03-25 15:30:00,119.55,120.35,119.34,120.2999,12289794,0,0
2021-03-25 16:30:00,120.3,120.6,119.78,119.98,9410810,0,0
2021-03-25 17:30:00,119.99,120.36,119.55,119.59,7557998,0,0
2021-03-25 18:30:00,119.595,121.0901,119.485,120.92,9714104,0,0
2021-03-25 19:30:00,120.9198,121.08,120.54,120.6,9524860,0,0
2021-03-26 13:30:00,120.39,121.08,119.81,120.25,18022069,0,0
2021-03-26 14:30:00,120.265,120.64,119.5525,119.71,11993540,0,0
2021-03-26 15:30:00,119.705,120.51,119.5,120.225,9411102,0,0
2021-03-26 16:30:00,120.23,120.73,120.165,120.58,7883868,0,0
2021-03-26 17:30:00,120.6,120.63,119.09,119.4,10937642,0,0
2021-03-26 18:30:00,119.395,120.1,118.93,120.065,13289225,0,0
2021-03-26 19:30:00,120.07,121.48,120.07,121.21,13011225,0,0
2021-03-29 13:30:00,121.7165,122.58,120.83,121.1899,20941419,0,0
2021-03-29 14:30:00,121.1882,122.0816,120.935,121.215,12798862,0,0
2021-03-29 15:30:00,121.23,121.365,120.7299,120.9117,7306246,0,0
2021-03-29 16:30:00,120.919,121.86,120.845,121.5947,8200330,0,0
2021-03-29 17:30:00,121.595,121.98,121.315,121.405,7055074,0,0
2021-03-29 18:30:00,121.4,121.73,121.03,121.66,7761879,0,0
2021-03-29 19:30:00,121.68,121.7,120.97,121.39,7671425,0,0
2021-03-30 13:30:00,120.11,120.4031,118.86,119.165,22859036,0,0
2021-03-30 14:30:00,119.16,120.01,119.0,119.9,12414414,0,0
2021-03-30 15:30:00,119.9,120.36,119.58,119.88,10550649,0,0
2021-03-30 16:30:00,119.87,120.08,119.515,119.965,6953151,0,0
2021-03-30 17:30:00,119.96,120.0799,119.465,119.535,6116713,0,0
2021-03-30 18:30:00,119.5311,120.18,119.48,120.03,8607671,0,0
2021-03-30 19:30:00,120.03,120.2364,119.4,119.98,10569237,0,0
2021-03-31 13:30:00,121.66,123.25,121.15,122.755,30629117,0,0
2021-03-31 14:30:00,122.76,123.235,122.647,122.8686,12666003,0,0
2021-03-31 15:30:00,122.865,123.46,122.85,123.275,11300108,0,0
2021-03-31 16:30:00,123.28,123.52,123.04,123.1601,9616632,0,0
2021-03-31 17:30:00,123.165,123.185,122.58,122.735,7325727,0,0
2021-03-31 18:30:00,122.74,122.9199,122.43,122.68,10027685,0,0
2021-03-31 19:30:00,122.67,122.75,122.0,122.16,15281941,0,0
2021-04-01 13:30:00,123.7842,124.18,123.0,123.3991,21540867,0,0
2021-04-01 14:30:00,123.4,123.7,123.165,123.2783,9337421,0,0
2021-04-01 15:30:00,123.28,123.3714,122.8422,123.355,8210131,0,0
2021-04-01 16:30:00,123.36,123.44,122.67,122.675,6859996,0,0
2021-04-01 17:30:00,122.68,122.9,122.57,122.87,6207446,0,0
2021-04-01 18:30:00,122.87,122.96,122.49,122.53,6809703,0,0
2021-04-01 19:30:00,122.5299,123.0,122.49,123.0,7547958,0,0
2021-04-05 13:30:00,123.81,125.46,123.07,125.105,24387943,0,0
2021-04-05 14:30:00,125.1,125.62,124.8301,124.9686,10574877,0,0
2021-04-05 15:30:00,124.97,125.86,124.88,125.8283,9866691,0,0
2021-04-05 16:30:00,125.83,125.96,125.4601,125.655,8031170,0,0
2021-04-05 17:30:00,125.66,126.1601,125.58,125.88,7768601,0,0
2021-04-05 18:30:00,125.875,126.11,125.465,125.5474,8341394,0,0
2021-04-05 19:30:00,125.545,126.0,125.3101,125.9,8846467,0,0
2021-04-06 13:30:00,126.52,126.959,125.65,126.3699,21917073,0,0
2021-04-06 14:30:00,126.37,127.13,125.979,126.867,11778232,0,0
2021-04-06 15:30:00,126.86,126.95,126.42,126.4613,7667387,0,0
2021-04-06 16:30:00,126.46,126.65,125.7491,125.8801,7939883,0,0
2021-04-06 17:30:00,125.885,126.45,125.81,126.42,6179764,0,0
2021-04-06 18:30:00,126.4301,126.68,126.12,126.465,6941149,0,0
2021-04-06 19:30:00,126.47,126.51,126.0,126.23,7508433,0,0
2021-04-07 13:30:00,125.81,127.24,125.14,127.1378,20141955,0,0
2021-04-07 14:30:00,127.15,127.47,126.77,127.2215,11830509,0,0
2021-04-07 15:30:00,127.23,127.48,126.75,127.1513,9803579,0,0
2021-04-07 16:30:00,127.14,127.35,126.86,127.0501,7305321,0,0
2021-04-07 17:30:00,127.05,127.78,126.95,127.7399,8888941,0,0
2021-04-07 18:30:00,127.73,127.8,127.21,127.3399,9322241,0,0
2021-04-07 19:30:00,127.33,127.92,127.2693,127.91,8652531,0,0
2021-04-08 13:30:00,128.89999,130.07001,128.52,129.33,25538485,0,0
2021-04-08 14:30:00,129.33,129.62,129.02,129.5,10895922,0,0
2021-04-08 15:30:00,129.505,129.82001,129.405,129.73669,8077634,0,0
2021-04-08 16:30:00,129.81,130.14,129.64,130.03,8512215,0,0
2021-04-08 17:30:00,130.03999,130.3,129.74159,130.19839,9085863,0,0
2021-04-08 18:30:00,130.19009,130.39,130.00999,130.0201,9002097,0,0
2021-04-08 19:30:00,130.02991,130.3772,129.92,130.3772,8776045,0,0
2021-04-09 13:30:00,130.0,131.39,129.47,131.02,14862822,0,0
2021-04-09 14:30:00,131.00999,131.39999,130.53999,130.98,0,0,0
2021-04-09 15:30:00,130.98,131.55,130.92,131.42,0,0,0
2021-04-09 16:30:00,131.41,132.3,131.33,132.07001,1370373,0,0
2021-04-09 17:30:00,132.07001,132.62,132.00999,132.0787,12035605,0,0
2021-04-09 18:30:00,132.08,132.56,131.89999,132.52,10850684,0,0
2021-04-09 19:30:00,132.53,133.0,132.41,132.995,13201485,0,0
2021-04-12 13:30:00,132.42,132.85001,131.37,131.8801,21620531,0,0
2021-04-12 14:30:00,131.89,131.92999,131.05,131.2,10729939,0,0
2021-04-12 15:30:00,131.2099,131.3,130.63,131.2782,9789159,0,0
2021-04-12 16:30:00,131.28,132.27,131.2,131.78999,8790718,0,0
2021-04-12 17:30:00,131.78999,131.94,131.44009,131.535,7227759,0,0
2021-04-12 18:30:00,131.53,131.60001,130.85001,131.31,8705691,0,0
2021-04-12 19:30:00,131.3093,131.53,131.125,131.2699,8884948,0,0
2021-04-13 13:30:00,132.5,133.69,131.94,133.313,22268933,0,0
2021-04-13 14:30:00,133.3194,133.64,132.91499,133.0186,10682414,0,0
2021-04-13 15:30:00,133.011,134.33,132.82001,134.08,14854620,0,0
2021-04-13 16:30:00,134.09,134.66,134.03999,134.12,10288493,0,0
2021-04-13 17:30:00,134.13,134.52499,134.05,134.2701,7465651,0,0
2021-04-13 18:30:00,134.27499,134.60001,134.22,134.58501,8515174,0,0
2021-04-13 19:30:00,134.60001,134.64,134.28999,134.42999,7778399,0,0
2021-04-14 13:30:00,134.96001,135.0,133.4451,133.57001,21467575,0,0
2021-04-14 14:30:00,133.57001,133.87,132.57001,132.89999,12606059,0,0
2021-04-14 15:30:00,132.89999,133.39,132.83,133.25,7912013,0,0
2021-04-14 16:30:00,133.24001,133.62,133.17,133.28999,5182713,0,0
2021-04-14 17:30:00,133.28,133.30499,131.655,132.8,11164885,0,0
2021-04-14 18:30:00,132.8,132.88989,132.0103,132.582,9827885,0,0
2021-04-14 19:30:00,132.58,132.63,131.82001,132.14999,9336543,0,0
2021-04-15 13:30:00,133.86,134.9583,133.64,134.935,24140723,0,0
2021-04-15 14:30:00,134.93179,135.0,134.17,134.215,11444737,0,0
2021-04-15 15:30:00,134.22,134.44,133.7106,133.7711,9539175,0,0
2021-04-15 16:30:00,133.7719,134.67,133.7,134.64011,10320834,0,0
2021-04-15 17:30:00,134.645,134.75999,134.35001,134.5,5936516,0,0
2021-04-15 18:30:00,134.5,134.59,133.94,134.09,7378471,0,0
2021-04-15 19:30:00,134.095,134.5,133.99001,134.45,8024871,0,0
2021-04-16 13:30:00,134.3,134.56,133.33,134.2,7803872,0,0
2021-04-16 14:30:00,134.22,134.41,133.69,133.755,2314791,0,0
2021-04-16 15:30:00,133.75999,134.12,133.67,134.03,6743278,0,0
2021-04-16 16:30:00,134.02,134.08,133.6301,133.64,3410394,0,0
2021-04-16 17:30:00,133.64999,133.98,133.53,133.97411,2884127,0,0
2021-04-16 18:30:00,133.97,134.17999,133.88499,134.11,4418170,0,0
2021-04-16 19:30:00,134.11,134.14999,133.95,134.08,0,0,0
2021-04-19 13:30:00,133.4935,135.42999,133.34,134.81,23296639,0,0
2021-04-19 14:30:00,134.802,135.22,134.16,134.94,12605764,0,0
2021-04-19 15:30:00,134.92999,134.94501,134.015,134.17821,9840824,0,0
2021-04-19 16:30:00,134.1709,134.53999,133.72,134.39,8989643,0,0
2021-04-19 17:30:00,134.41,134.82001,134.3,134.75,7214265,0,0
2021-04-19 18:30:00,134.74001,134.7599,134.2,134.2811,7317455,0,0
2021-04-19 19:30:00,134.285,134.94,134.1499,134.87,7243581,0,0
2021-04-20 13:30:00,135.035,135.53,134.28,134.39999,21027530,0,0
2021-04-20 14:30:00,134.39,134.45,132.50999,132.81,15509594,0,0
2021-04-20 15:30:00,132.81,133.74001,132.2813,133.62,11533551,0,0
2021-04-20 16:30:00,133.6201,133.82001,132.35989,132.38,10372836,0,0
2021-04-20 17:30:00,132.39999,133.23,132.37,132.52609,10485090,0,0
2021-04-20 18:30:00,132.52,132.67999,131.81149,132.64,10779565,0,0
2021-04-20 19:30:00,132.64999,133.2,132.50999,133.12,8810826,0,0
2021-04-21 13:30:00,132.36411,133.05,131.31,132.52499,19353730,0,0
2021-04-21 14:30:00,132.52,133.3085,131.94,133.2601,10915884,0,0
2021-04-21 15:30:00,133.255,133.5,132.94,132.995,8556602,0,0
2021-04-21 16:30:00,132.9969,133.25999,132.75,133.09,6208501,0,0
2021-04-21 17:30:00,133.09,133.42999,133.00999,133.14,5255754,0,0
2021-04-21 18:30:00,133.14,133.46001,133.06,133.3907,5054986,0,0
2021-04-21 19:30:00,133.39,133.75,133.39,133.5,6890959,0,0
2021-04-22 13:30:00,132.94,133.6899,132.60001,133.64999,15916717,0,0
2021-04-22 14:30:00,133.69,134.14999,133.62,133.7018,9997353,0,0
2021-04-22 15:30:00,133.705,134.02499,133.53999,133.91,6016586,0,0
2021-04-22 16:30:00,133.8914,134.10001,132.24001,133.09,11305086,0,0
2021-04-22 17:30:00,133.0901,133.1812,131.4138,132.47501,16524764,0,0
2021-04-22 18:30:00,132.4809,132.60001,131.8616,132.0332,8617521,0,0
2021-04-22 19:30:00,132.02,132.36,131.89999,131.94,8282188,0,0
2021-04-23 13:30:00,132.17,133.4687,132.17,133.12,14982671,0,0
2021-04-23 14:30:00,133.13,134.19,133.00999,134.19,10634954,0,0
2021-04-23 15:30:00,134.185,134.58,134.0601,134.28,9175504,0,0
2021-04-23 16:30:00,134.285,134.83279,134.10001,134.7361,8668667,0,0
2021-04-23 17:30:00,134.75,135.12,134.59,134.92,9442718,0,0
2021-04-23 18:30:00,134.9212,135.10001,134.63,134.69501,8500229,0,0
2021-04-23 19:30:00,134.69,134.99001,134.2,134.3,8276594,0,0
2021-04-26 13:30:00,134.75999,134.94,133.5699,134.44501,19567300,0,0
2021-04-26 14:30:00,134.44501,134.8299,134.31,134.59,7766260,0,0
2021-04-26 15:30:00,134.595,134.7,134.2083,134.27,5908524,0,0
2021-04-26 16:30:00,134.27,134.69,134.235,134.56,4992051,0,0
2021-04-26 17:30:00,134.565,134.78999,134.35001,134.71001,5762726,0,0
2021-04-26 18:30:00,134.71001,135.06,134.57001,134.6291,7102920,0,0
2021-04-26 19:30:00,134.625,134.92,134.42999,134.73,6592516,0,0
2021-04-27 13:30:00,135.00999,135.39999,134.16499,134.88,17944158,0,0
2021-04-27 14:30:00,134.88499,134.935,134.11,134.46271,9939621,0,0
2021-04-27 15:30:00,134.47,134.75,134.28,134.705,5908069,0,0
2021-04-27 16:30:00,134.705,135.0799,134.59,134.625,6411675,0,0
2021-04-27 17:30:00,134.62,134.83,134.35001,134.83,5391001,0,0
2021-04-27 18:30:00,134.82961,134.85001,134.39999,134.6591,7152090,0,0
2021-04-27 19:30:00,134.66,134.77,134.21001,134.39,7482715,0,0
2021-04-28 13:30:00,134.2908,135.02,133.95,134.25999,19481545,0,0
2021-04-28 14:30:00,134.289,134.3,133.795,133.935,10458712,0,0
2021-04-28 15:30:00,133.935,134.07001,133.0899,133.3544,11664265,0,0
2021-04-28 16:30:00,133.355,133.808,133.3326,133.6487,6395258,0,0
2021-04-28 17:30:00,133.64549,134.39,133.62,133.97,9486362,0,0
2021-04-28 18:30:00,133.96851,134.68761,133.75999,134.325,8589505,0,0
2021-04-28 19:30:00,134.32091,134.355,133.36,133.60001,11290152,0,0
2021-04-29 13:30:00,136.47,137.07001,133.63,134.295,51140157,0,1
2021-04-29 14:30:00,134.3,134.66,133.60001,134.57021,21143833,0,0
2021-04-29 15:30:00,134.58,134.58,132.45,132.7812,21210460,0,0
2021-04-29 16:30:00,132.77,133.69,132.60001,133.55,16355839,0,0
2021-04-29 17:30:00,133.55,134.32001,133.105,134.20779,12541365,0,0
2021-04-29 18:30:00,134.21001,134.57001,133.8401,133.88,13603419,0,0
2021-04-29 19:30:00,133.88,133.99001,133.27,133.48,9071181,0,0
2021-04-30 13:30:00,131.782,133.28999,131.37,133.28999,33581787,0,0
2021-04-30 14:30:00,133.28011,133.56,133.06,133.12,12339911,0,0
2021-04-30 15:30:00,133.12,133.222,132.81,133.10001,8012649,0,0
2021-04-30 16:30:00,133.105,133.145,132.25999,132.2899,10048831,0,0
2021-04-30 17:30:00,132.28799,132.38,131.49001,131.86,11313952,0,0
2021-04-30 18:30:00,131.86,132.0999,131.37,131.67999,10679219,0,0
2021-04-30 19:30:00,131.67999,131.72,131.065,131.52,12227306,0,0
2021-05-03 13:30:00,132.035,134.07001,131.83,133.84,21307484,0,0
2021-05-03 14:30:00,133.83501,134.05,132.16,132.28999,13963956,0,0
2021-05-03 15:30:00,132.3,132.91499,132.25,132.5545,7597053,0,0
2021-05-03 16:30:00,132.55,132.67,132.21001,132.25,6493192,0,0
2021-05-03 17:30:00,132.23,132.88699,132.23,132.765,6500444,0,0
2021-05-03 18:30:00,132.77,132.98,132.625,132.63989,6068872,0,0
2021-05-03 19:30:00,132.63,132.78999,132.3949,132.53999,6383080,0,0
2021-05-04 13:30:00,131.0,131.4899,127.85,128.3,37579560,0,0
2021-05-04 14:30:00,128.28,128.44,127.34,127.55,18669352,0,0
2021-05-04 15:30:00,127.55,127.675,126.73,127.435,18811837,0,0
2021-05-04 16:30:00,127.435,127.44,126.7,127.0514,12994472,0,0
2021-05-04 17:30:00,127.05,127.5,126.76,127.1906,11476972,1,0
2021-05-04 18:30:00,127.19,127.66,127.13,127.322,11110824,0,0
2021-05-04 19:30:00,127.32,127.99,127.18,127.94,14642042,0,0
2021-05-05 13:30:00,129.2,130.44,128.86,129.3918,28268096,0,0
2021-05-05 14:30:00,129.39999,129.91,129.33501,129.7101,10345001,0,0
2021-05-05 15:30:00,129.71001,130.2,129.66,129.8662,7395528,0,0
2021-05-05 16:30:00,129.87,129.91,129.16,129.3813,6171840,0,1
2021-05-05 17:30:00,129.38989,129.59,128.7,128.905,6856729,0,0
2021-05-05 18:30:00,128.905,129.0,127.9744,128.0799,9041529,0,0
2021-05-05 19:30:00,128.07001,128.72,128.0,128.14999,9100450,0,0
2021-05-06 13:30:00,127.89,128.55,127.1306,127.83,17248735,0,0
2021-05-06 14:30:00,127.81,128.515,127.63,128.47,11286707,1,0
2021-05-06 15:30:00,128.48,129.188,128.149,129.14,10181028,0,0
2021-05-06 16:30:00,129.13589,129.23,128.5584,128.73,6431854,0,0
2021-05-06 17:30:00,128.73,129.03999,128.46001,128.528,6410675,0,0
2021-05-06 18:30:00,128.515,129.1826,128.325,129.1299,7591037,0,0
2021-05-06 19:30:00,129.13,129.75,128.9801,129.73,9225655,0,0
2021-05-07 13:30:00,130.09,130.97,129.47501,130.59129,22951552,0,0
2021-05-07 14:30:00,130.60001,131.13,130.34,131.0779,12894717,0,0
2021-05-07 15:30:00,131.07001,131.25819,130.67,130.72,7351904,0,0
2021-05-07 16:30:00,130.715,130.75,130.1301,130.14999,6826577,0,0
2021-05-07 17:30:00,130.14999,130.3522,129.88,130.248,6074828,0,0
2021-05-07 18:30:00,130.25999,130.60001,129.9099,130.465,6767443,0,0
2021-05-07 19:30:00,130.47,130.57001,130.1743,130.21001,6614131,0,0
2021-05-10 13:30:00,129.44099,129.53999,128.06,128.38499,20254331,0,0
2021-05-10 14:30:00,128.38,128.59,127.865,128.315,12091683,0,0
2021-05-10 15:30:00,128.315,128.7,128.11,128.39999,7494963,0,0
2021-05-10 16:30:00,128.40179,128.5,128.16,128.26849,5565375,0,0
2021-05-10 17:30:00,128.25999,128.28999,127.09,127.1915,9742442,0,0
2021-05-10 18:30:00,127.19,127.345,126.83,127.19,9349123,0,0
2021-05-10 19:30:00,127.19,127.49,126.86,126.86,0,0,0
2021-05-11 13:30:00,123.36,124.8072,122.78,123.46,39463342,1,0
2021-05-11 14:30:00,123.47,125.2,123.26,125.07,17537169,0,0
2021-05-11 15:30:00,125.075,125.725,124.72,125.365,12362473,0,0
2021-05-11 16:30:00,125.365,125.86,124.73,125.775,9225589,0,0
2021-05-11 17:30:00,125.7764,126.27,125.5101,126.225,10206777,0,0
2021-05-11 18:30:00,126.22,126.22,125.5499,125.965,9989429,0,0
2021-05-11 19:30:00,125.9735,126.105,125.29,125.86,9604453,0,0
2021-05-12 13:30:00,123.47,124.59,123.33,123.55,21813410,0,0
2021-05-12 14:30:00,123.56,123.73,122.83,123.17,15510933,0,0
2021-05-12 15:30:00,123.17,123.38,122.32,122.83,13643402,0,0
2021-05-12 16:30:00,122.82,123.445,122.59,122.87,10455100,0,0
2021-05-12 17:30:00,122.86,123.08,122.25,122.51,9871845,0,0
2021-05-12 18:30:00,122.5,122.95,122.26,122.47,10903307,0,0
2021-05-12 19:30:00,122.475,123.0599,122.3,122.82,14469408,0,0
2021-05-13 13:30:00,124.78,125.81,124.44,125.45,17964424,0,0
2021-05-13 14:30:00,125.5,126.15,124.93,125.025,13648136,0,0
2021-05-13 15:30:00,125.025,125.59,124.61,125.57,9491320,0,0
2021-05-13 16:30:00,125.57,125.76,124.6,124.755,10678413,0,0
2021-05-13 17:30:00,124.745,125.55,124.27,125.4,1876059,0,0
2021-05-13 18:30:00,125.41,125.65,125.1801,125.47,2315027,0,0
2021-05-13 19:30:00,125.46,125.79,124.95,124.95,4138770,0,0
2021-05-14 13:30:00,126.33,127.12,125.85,126.42,0,0,0
2021-05-14 14:30:00,126.42,126.77,126.24,126.5499,2491540,0,0
2021-05-14 15:30:00,126.55,126.96,126.41,126.91,2484557,0,0
2021-05-14 16:30:00,126.93,127.2599,126.86,127.2276,6551159,0,0
2021-05-14 17:30:00,127.23,127.42,127.03,127.31,5164348,0,0
2021-05-14 18:30:00,127.32,127.73,127.25,127.3899,7681886,0,0
2021-05-14 19:30:00,127.38,127.88,127.16,127.4349,9152457,0,0
2021-05-17 13:30:00,126.9,126.92,125.46,125.9,19866142,0,0
2021-05-17 14:30:00,125.89,126.405,125.635,125.88,8983820,0,0
2021-05-17 15:30:00,125.89,125.98,125.47,125.7386,7026955,0,0
2021-05-17 16:30:00,125.7355,125.9,125.31,125.3986,5631255,0,0
2021-05-17 17:30:00,125.4,125.59,125.17,125.425,5837325,0,0
2021-05-17 18:30:00,125.425,125.8199,125.23,125.5289,6802983,0,0
2021-05-17 19:30:00,125.53,126.27,125.41,126.27,8026605,0,0
2021-05-18 13:30:00,126.565,126.9878,125.91,126.7178,15192957,0,0
2021-05-18 14:30:00,126.715,126.865,126.475,126.61,7543472,0,0
2021-05-18 15:30:00,126.505,126.52,126.21,126.405,6346954,0,0
2021-05-18 16:30:00,126.405,126.49,126.095,126.315,5003269,0,0
2021-05-18 17:30:00,126.31,126.37,125.861,125.9,5101965,0,0
2021-05-18 18:30:00,125.9,125.97,125.38,125.5421,6580209,0,0
2021-05-18 19:30:00,125.545,125.79,124.78,124.85,8972763,0,0
2021-05-19 13:30:00,123.08,124.07,122.88,123.76,21611143,1,0
2021-05-19 14:30:00,123.75,124.12,123.31,123.7517,12421097,0,0
2021-05-19 15:30:00,123.755,124.215,123.55,124.15,8829416,0,0
2021-05-19 16:30:00,124.16,124.439,123.84,124.2501,6848162,0,0
2021-05-19 17:30:00,124.25,124.78,123.5,124.71,10024708,0,0
2021-05-19 18:30:00,124.75,124.87,123.77,124.5472,10046566,0,0
2021-05-19 19:30:00,124.545,124.79,123.89,124.69,8602463,0,0
2021-05-20 13:30:00,125.44,126.45,125.1,126.3616,16361858,0,0
2021-05-20 14:30:00,126.365,126.79,126.12,126.78,8382377,0,0
2021-05-20 15:30:00,126.78,127.265,126.7,126.81,10190835,0,0
2021-05-20 16:30:00,126.82,127.32,126.67,127.255,6942723,0,0
2021-05-20 17:30:00,127.255,127.4066,126.93,127.3993,5937582,0,0
2021-05-20 18:30:00,127.4,127.712,127.32,127.7,11054114,0,0
2021-05-20 19:30:00,127.7,127.7156,127.2,127.31,7929608,0,0
2021-05-21 13:30:00,127.82,128.0,126.5173,126.53,20981908,0,0
2021-05-21 14:30:00,126.52,126.75,125.86,125.89,10209436,0,0
2021-05-21 15:30:00,125.8806,126.09,125.49,125.7019,9954285,0,0
2021-05-21 16:30:00,125.7,125.83,125.395,125.67,6956420,0,0
2021-05-21 17:30:00,125.67,126.09,125.64,125.685,6112529,0,0
2021-05-21 18:30:00,125.685,126.08,125.53,125.945,7094621,0,0
2021-05-21 19:30:00,125.9499,125.9499,125.21,125.43,9335014,0,0
2021-05-24 13:30:00,126.09,127.66,125.95,127.5299,4334168,0,0
2021-05-24 14:30:00,127.53,127.65,127.33,127.51,3491743,0,0
2021-05-24 15:30:00,127.51,127.78,127.4,127.47,635613,0,0
2021-05-24 16:30:00,127.49,127.59,127.35,127.59,0,0,0
2021-05-24 17:30:00,127.59,127.79,127.55,127.74,0,0,0
2021-05-24 18:30:00,127.76,127.94,127.63,127.715,992627,0,0
2021-05-24 19:30:00,127.72,127.72,127.0,127.1,7864019,0,0
2021-05-25 13:30:00,127.78,128.3168,126.86,127.165,27984259,0,0
2021-05-25 14:30:00,127.165,127.2,126.73,126.83,9466054,0,0
2021-05-25 15:30:00,126.83,127.04,126.665,126.99,6107257,0,0
2021-05-25 16:30:00,126.99,127.07,126.6101,126.96,4854831,0,0
2021-05-25 17:30:00,126.96,127.0,126.645,126.745,4464879,0,0
2021-05-25 18:30:00,126.7402,126.81,126.32,126.675,6008321,0,0
2021-05-25 19:30:00,126.675,126.96,126.52,126.93,6264101,0,0
2021-05-26 13:30:00,127.28,127.39,126.66,127.04,9474281,0,0
2021-05-26 14:30:00,127.05,127.25,126.94,126.99,1950312,0,0
2021-05-26 15:30:00,126.96,127.09,126.76,126.93,1044547,0,0
2021-05-26 16:30:00,126.94,126.96,126.61,126.74,3168319,0,0
2021-05-26 17:30:00,126.73,126.79,126.43,126.79,1984804,0,0
2021-05-26 18:30:00,126.81,126.85,126.63,126.7623,3708516,0,0
2021-05-26 19:30:00,126.77,126.87,126.63,126.85,4461072,0,0
2021-05-27 13:30:00,126.46,127.49,126.46,127.42,16525689,0,0
2021-05-27 14:30:00,127.43,127.64,126.91,126.915,8916399,0,0
2021-05-27 15:30:00,126.91,126.92,126.705,126.7699,6206317,0,0
2021-05-27 16:30:00,126.76,126.81,126.52,126.555,5043187,0,0
2021-05-27 17:30:00,126.56,126.629,125.8,125.9363,8184654,0,0
2021-05-27 18:30:00,125.93,126.07,125.812,125.835,6468523,0,0
2021-05-27 19:30:00,125.835,125.97,125.28,125.28,12372427,0,0
2021-05-28 13:30:00,125.585,125.79,124.58,125.19,19239954,0,0
2021-05-28 14:30:00,125.1982,125.62,124.89,125.07,9027833,0,0
2021-05-28 15:30:00,125.0683,125.41,125.0383,125.235,6103977,0,0
2021-05-28 16:30:00,125.2321,125.3799,124.83,124.845,7109246,0,0
2021-05-28 17:30:00,124.845,125.08,124.74,125.075,6697111,0,0
2021-05-28 18:30:00,125.075,125.14,124.9319,125.0502,5429006,0,0
2021-05-28 19:30:00,125.05,125.17,124.55,124.62,9897082,0,0
2021-06-01 13:30:00,125.1525,125.34,123.945,124.64,18800885,0,0
2021-06-01 14:30:00,124.6409,124.83,124.25,124.68,10393494,0,0
2021-06-01 15:30:00,124.68,124.808,124.36,124.5882,6352890,0,0
2021-06-01 16:30:00,124.58,124.85,124.49,124.5675,4515309,0,0
2021-06-01 17:30:00,124.56,124.87,124.46,124.8,6117205,0,0
2021-06-01 18:30:00,124.805,125.0,124.59,124.5901,6638079,0,0
2021-06-01 19:30:00,124.59,124.6059,124.2,124.3,7136304,0,0
2021-06-02 13:30:00,124.288,125.19,124.11,125.085,15676054,0,0
2021-06-02 14:30:00,125.0797,125.24,124.655,124.96,8434441,0,0
2021-06-02 15:30:00,124.97,125.18,124.62,124.7068,5315837,0,0
2021-06-02 16:30:00,124.705,124.71,124.08,124.195,5513431,0,0
2021-06-02 17:30:00,124.2,124.5097,124.05,124.48,5447741,0,0
2021-06-02 18:30:00,124.485,124.795,124.41,124.785,5563554,0,0
2021-06-02 19:30:00,124.79,125.165,124.66,125.09,6289304,0,0
2021-06-03 13:30:00,124.63,124.85,123.275,123.46,25327403,0,0
2021-06-03 14:30:00,123.46,124.15,123.13,123.9,11562898,0,0
2021-06-03 15:30:00,123.8981,123.965,123.41,123.5069,7105481,0,0
2021-06-03 16:30:00,123.5,123.81,123.38,123.784,5167341,0,0
2021-06-03 17:30:00,123.78,124.09,123.7128,123.745,6675220,0,0
2021-06-03 18:30:00,123.74,123.89,123.6,123.86,6585083,0,0
2021-06-03 19:30:00,123.8605,123.91,123.39,123.55,7215240,0,0
2021-06-04 13:30:00,124.04,125.36,123.85,124.83,19361695,0,0
2021-06-04 14:30:00,124.835,125.375,124.78,125.37,8433839,0,0
2021-06-04 15:30:00,125.37,125.865,125.0,125.79,10795362,0,0
2021-06-04 16:30:00,125.795,125.95,125.48,125.495,6432352,0,0
2021-06-04 17:30:00,125.505,125.81,125.501,125.76,4995272,0,0
2021-06-04 18:30:00,125.77,126.16,125.63,125.64,6864895,0,0
2021-06-04 19:30:00,125.63,126.05,125.495,125.89,8123026,0,0
2021-06-07 13:30:00,126.0,126.305,124.87,125.3,6007981,0,0
2021-06-07 14:30:00,125.32,125.41,124.85,124.99,0,0,0
2021-06-07 15:30:00,124.98,125.24,124.91,125.09,604570,0,0
2021-06-07 16:30:00,125.12,125.48,125.12,125.23,0,0,0
2021-06-07 17:30:00,125.23,125.23,125.0,125.14,4911929,0,0
2021-06-07 18:30:00,125.15,125.77,124.93,125.72,0,0,0
2021-06-07 19:30:00,125.74,126.03,125.56,125.95,3839695,0,0
2021-06-08 13:30:00,126.72,128.46001,126.45,127.495,15763709,0,0
2021-06-08 14:30:00,127.495,127.51,126.2101,126.455,8873668,0,0
2021-06-08 15:30:00,126.455,126.82,126.41,126.67,6726984,0,0
2021-06-08 16:30:00,126.69,126.84,126.47,126.47,2049744,0,0
2021-06-08 17:30:00,126.45,127.0279,126.45,127.0279,3463556,0,0
2021-06-08 18:30:00,127.03,127.415,126.99,127.01,5831459,0,0
2021-06-08 19:30:00,127.01,127.075,126.68,126.74,5669754,0,0
2021-06-09 13:30:00,127.195,127.75,126.52,127.095,13312469,0,0
2021-06-09 14:30:00,127.099,127.34,126.8,127.12,7549883,0,0
2021-06-09 15:30:00,127.118,127.15,126.8203,127.125,5010926,0,0
2021-06-09 16:30:00,127.13,127.28,127.1,127.2199,3753711,0,0
2021-06-09 17:30:00,127.215,127.26,127.06,127.23,3731096,0,0
2021-06-09 18:30:00,127.23,127.3,126.925,126.925,4916347,0,0
2021-06-09 19:30:00,126.9209,127.205,126.7401,127.16,7620552,0,0
2021-06-10 13:30:00,127.05,128.19,126.62,127.46,18038739,0,0
2021-06-10 14:30:00,127.47,127.59,126.115,126.62,12562832,0,0
2021-06-10 15:30:00,126.63,126.825,126.4,126.46,5720649,0,0
2021-06-10 16:30:00,126.46,126.7,126.41,126.455,4437656,0,0
2021-06-10 17:30:00,126.455,126.4688,126.11,126.13,6089221,0,0
2021-06-10 18:30:00,126.13,126.41,125.97,126.285,8220171,0,0
2021-06-10 19:30:00,126.28,126.35,125.94,126.11,9889996,0,0
2021-06-11 13:30:00,126.5,127.275,126.1,127.11,16273886,0,0
2021-06-11 14:30:00,127.115,127.17,126.515,126.975,7064641,0,0
2021-06-11 15:30:00,126.975,127.255,126.95,127.1,5675408,0,0
2021-06-11 16:30:00,127.1079,127.21,126.91,127.1731,4257350,0,0
2021-06-11 17:30:00,127.18,127.44,127.16,127.315,4466662,0,0
2021-06-11 18:30:00,127.315,127.42,127.06,127.15,4443683,0,0
2021-06-11 19:30:00,127.15,127.36,127.04,127.3521,5070547,0,0
2021-06-14 13:30:00,127.82,129.34,127.07,129.14709,21682100,0,0
2021-06-14 14:30:00,129.145,129.78,128.75,129.69,11723941,0,0
2021-06-14 15:30:00,129.69,129.87691,129.35001,129.48,7148430,0,0
2021-06-14 16:30:00,129.47501,129.96001,129.2626,129.925,7559011,0,0
2021-06-14 17:30:00,129.9201,130.22501,129.81,130.105,8073552,0,0
2021-06-14 18:30:00,130.105,130.39999,129.74001,130.06,7904636,0,0
2021-06-14 19:30:00,130.06,130.49001,129.795,130.49001,9922969,0,0
2021-06-15 13:30:00,129.94501,130.59,129.39,129.71001,19241625,0,0
2021-06-15 14:30:00,129.73,129.97,129.47,129.855,8030992,0,0
2021-06-15 15:30:00,129.855,130.22701,129.575,130.20171,6358457,0,0
2021-06-15 16:30:00,130.21001,130.21001,129.6824,129.75,4700153,0,0
2021-06-15 17:30:00,129.75,129.96001,129.57001,129.675,4631346,0,0
2021-06-15 18:30:00,129.675,129.855,129.50999,129.67999,4500167,0,0
2021-06-15 19:30:00,129.675,130.0,129.53,129.74001,7228209,0,0
2021-06-16 13:30:00,130.38,130.89,129.64,130.57001,20509698,0,0
2021-06-16 14:30:00,130.58,130.67,130.28,130.565,7436971,0,0
2021-06-16 15:30:00,130.57001,130.61,129.75999,129.995,6868154,0,0
2021-06-16 16:30:00,129.99001,130.48,129.9675,130.28081,7438314,0,0
2021-06-16 17:30:00,130.2877,130.52,128.774,129.3,13800956,0,0
2021-06-16 18:30:00,129.28,130.39,128.461,130.19501,17774321,0,0
2021-06-16 19:30:00,130.19,130.47501,130.0327,130.14,8596590,0,0
2021-06-17 13:30:00,129.94,131.76801,129.64999,131.735,19827123,0,0
2021-06-17 14:30:00,131.75,132.03999,131.3199,131.99989,14945061,0,0
2021-06-17 15:30:00,131.995,132.55,130.95,131.11,15179889,0,0
2021-06-17 16:30:00,131.11,131.89999,130.95,131.89999,9601884,0,0
2021-06-17 17:30:00,131.89999,132.13,131.605,132.0901,7729256,0,0
2021-06-17 18:30:00,132.095,132.255,131.81,132.145,7421632,0,0
2021-06-17 19:30:00,132.14,132.21001,131.74001,131.78999,8899940,0,0
2021-06-18 13:30:00,130.72,131.50999,130.63,131.05,30182191,0,0
2021-06-18 14:30:00,131.03999,131.28999,130.32001,130.3275,14063398,0,0
2021-06-18 15:30:00,130.3226,131.0,130.28999,130.99001,7659201,0,0
2021-06-18 16:30:00,130.9899,131.22,130.75999,130.81,5313936,0,0
2021-06-18 17:30:00,130.8101,131.14999,130.75999,130.96001,5445632,0,0
2021-06-18 18:30:00,130.96001,131.03,130.575,130.905,7095562,0,0
2021-06-18 19:30:00,130.89999,131.14999,130.25,130.39999,10893118,0,0
2021-06-21 13:30:00,130.45329,130.83,129.21181,130.74001,19819907,0,0
2021-06-21 14:30:00,130.75999,131.7,130.7,131.61501,10922829,0,0
2021-06-21 15:30:00,131.61839,132.17,131.41,132.11,8255540,0,0
2021-06-21 16:30:00,132.1198,132.19,131.88,132.10001,5490176,0,0
2021-06-21 17:30:00,132.11,132.41,132.08,132.2,6004066,0,0
2021-06-21 18:30:00,132.2,132.205,131.96001,132.08,6054469,0,0
2021-06-21 19:30:00,132.0799,132.3,131.92999,132.28999,7770230,0,0
2021-06-22 13:30:00,132.13,132.73399,131.62,132.1199,16925487,0,0
2021-06-22 14:30:00,132.11501,132.75999,132.05991,132.61501,7602466,0,0
2021-06-22 15:30:00,132.61501,132.9173,132.39999,132.9173,5953842,0,0
2021-06-22 16:30:00,132.91499,133.41499,132.8,133.3201,8487161,0,0
2021-06-22 17:30:00,133.33,133.47,133.08,133.3356,5647520,0,0
2021-06-22 18:30:00,133.33,133.99001,133.25999,133.92999,8491726,0,0
2021-06-22 19:30:00,133.94,134.08,133.65421,133.98,8734216,0,0
2021-06-23 13:30:00,133.87,134.32001,133.50999,133.96111,16830474,0,0
2021-06-23 14:30:00,133.95,133.96001,133.23,133.47,8889557,0,0
2021-06-23 15:30:00,133.47,133.82001,133.36,133.69,6263691,0,0
2021-06-23 16:30:00,133.67999,134.25,133.27,134.08,6901491,0,0
2021-06-23 17:30:00,134.075,134.09,133.62,133.67999,4876271,0,0
2021-06-23 18:30:00,133.66,133.98,133.61,133.97,4564870,0,0
2021-06-23 19:30:00,133.97,133.97,133.5106,133.7,5215246,0,0
2021-06-24 13:30:00,134.45,134.50999,133.9501,134.27,15537819,0,0
2021-06-24 14:30:00,134.265,134.39,133.75,133.97501,9306295,0,0
2021-06-24 15:30:00,133.97,134.10001,133.84,133.91,6512667,0,0
2021-06-24 16:30:00,133.91,133.91,133.16,133.392,7515782,0,0
2021-06-24 17:30:00,133.39,133.75999,133.35001,133.692,4993862,0,0
2021-06-24 18:30:00,133.7,133.71001,133.03999,133.11501,5923942,0,0
2021-06-24 19:30:00,133.11501,133.47,132.92999,133.41,8009176,0,0
2021-06-25 13:30:00,133.44,133.78,133.08501,133.74001,12320739,0,0
2021-06-25 14:30:00,133.77,133.88,133.39101,133.505,7083409,0,0
2021-06-25 15:30:00,133.5023,133.58,133.24001,133.3,3603438,0,0
2021-06-25 16:30:00,133.3,133.50999,133.28,133.33501,3069484,0,0
2021-06-25 17:30:00,133.34,133.34,132.96001,133.11301,4712067,0,0
2021-06-25 18:30:00,133.11501,133.17,132.89999,133.0,4936476,0,0
2021-06-25 19:30:00,132.995,133.36,132.81,133.11,7650110,0,0
2021-06-28 13:30:00,133.46001,135.14,133.46001,135.02,19387791,0,0
2021-06-28 14:30:00,135.015,135.2,134.78,135.035,8096390,0,0
2021-06-28 15:30:00,135.03999,135.17999,134.83,135.11,5357233,0,0
2021-06-28 16:30:00,135.11,135.2,134.73,134.76849,4112795,0,0
2021-06-28 17:30:00,134.7601,134.99001,134.67,134.98219,4118242,0,0
2021-06-28 18:30:00,134.99001,135.24001,134.75,134.828,7498862,0,0
2021-06-28 19:30:00,134.82001,134.88,134.71001,134.75,5867522,0,0
2021-06-29 13:30:00,134.82001,135.63,134.35989,135.5173,15786952,0,0
2021-06-29 14:30:00,135.5,136.1698,135.45,136.07001,10280831,0,0
2021-06-29 15:30:00,136.07001,136.47501,135.92999,136.45,6912166,0,0
2021-06-29 16:30:00,136.45,136.49001,136.11,136.2001,5188575,0,0
2021-06-29 17:30:00,136.205,136.48,136.14999,136.24809,4344316,0,0
2021-06-29 18:30:00,136.25999,136.48,136.09,136.33,6693026,0,0
2021-06-29 19:30:00,136.33,136.45,136.16,136.33,6387533,0,0
2021-06-30 13:30:00,136.14,137.02,135.87,136.75999,15099630,0,0
2021-06-30 14:30:00,136.76199,137.19,136.59,136.85001,7083290,0,0
2021-06-30 15:30:00,136.85001,136.955,136.47,136.5699,5765938,0,0
2021-06-30 16:30:00,136.55,136.86,136.52,136.8374,4307233,0,0
2021-06-30 17:30:00,136.83501,137.05,136.73,136.95,4297135,0,0
2021-06-30 18:30:00,136.94,137.27,136.8714,137.235,5259911,0,0
2021-06-30 19:30:00,137.24001,137.39999,136.88,136.88,9937292,0,0
2021-07-01 13:30:00,136.60001,137.19,136.282,136.5611,13825296,0,0
2021-07-01 14:30:00,136.5601,136.58,135.75999,136.015,8541910,0,0
2021-07-01 15:30:00,136.00999,136.53,135.97,136.395,4810814,0,0
2021-07-01 16:30:00,136.395,136.42999,136.03,136.2701,3848322,0,0
2021-07-01 17:30:00,136.27,136.87,136.25999,136.755,5024437,0,0
2021-07-01 18:30:00,136.75999,137.07001,136.75,136.9426,5028120,0,0
2021-07-01 19:30:00,136.95,137.33,136.95,137.27,5952562,0,0
2021-07-02 13:30:00,137.925,139.13,137.745,138.83,21228334,0,0
2021-07-02 14:30:00,138.83749,138.91,138.39,138.67,9591791,0,0
2021-07-02 15:30:00,138.69501,139.4201,138.69,139.3114,7979935,0,0
2021-07-02 16:30:00,139.3118,139.67,139.16,139.42,7417482,0,0
2021-07-02 17:30:00,139.42,139.81,139.39,139.7485,5624172,0,0
2021-07-02 18:30:00,139.74001,139.755,139.37,139.67,8416151,0,0
2021-07-02 19:30:00,139.67,140.0,139.63,139.96001,10901957,0,0
2021-07-06 13:30:00,140.17,143.14999,140.16,142.895,34069899,0,0
2021-07-06 14:30:00,142.89999,142.89999,141.345,141.80499,15822791,0,0
2021-07-06 15:30:00,141.78999,141.99001,140.12109,140.565,13518388,0,0
2021-07-06 16:30:00,140.56,141.67999,140.39,141.61501,10083502,0,0
2021-07-06 17:30:00,141.61,142.03999,141.22,141.7623,9475529,0,0
2021-07-06 18:30:00,141.765,142.2,141.5,142.10001,8412268,0,0
2021-07-06 19:30:00,142.11,142.14999,141.78191,142.02,7880855,0,0
2021-07-07 13:30:00,143.5,144.5,142.66,143.78,34368591,0,0
2021-07-07 14:30:00,143.78101,143.89999,142.84,143.42,13834341,0,0
2021-07-07 15:30:00,143.39,144.25999,143.13,143.855,9220966,0,0
2021-07-07 16:30:00,143.85001,144.2,143.565,144.19,6304293,0,0
2021-07-07 17:30:00,144.19,144.89,143.98,144.66,11933368,0,0
2021-07-07 18:30:00,144.64999,144.6599,144.08,144.3383,10355522,0,0
2021-07-07 19:30:00,144.3311,144.67999,144.3,144.59,8246705,0,0
2021-07-08 13:30:00,141.69,143.14999,140.69,142.08501,37757024,1,0
2021-07-08 14:30:00,142.08501,142.35001,141.49001,142.19,12559535,0,0
2021-07-08 15:30:00,142.19991,142.73,141.84,142.6656,8344095,0,0
2021-07-08 16:30:00,142.66499,143.72,142.653,143.533,11072794,0,0
2021-07-08 17:30:00,143.53011,144.06,143.2,143.32001,9111599,0,0
2021-07-08 18:30:00,143.32001,143.53,142.64,142.995,9117762,0,0
2021-07-08 19:30:00,143.0,143.32001,142.45,143.32001,8460793,0,0
2021-07-09 13:30:00,142.78999,144.59,142.65221,144.295,22943934,0,0
2021-07-09 14:30:00,144.3,145.44,144.10001,145.28,19832148,0,0
2021-07-09 15:30:00,145.25999,145.53999,144.92999,145.48,13128035,0,0
2021-07-09 16:30:00,145.47501,145.64999,145.10001,145.23,9004851,0,0
2021-07-09 17:30:00,145.2301,145.35001,144.8,144.88,7460841,0,0
2021-07-09 18:30:00,144.89,145.24001,144.84,144.86,8549940,0,0
2021-07-09 19:30:00,144.86,145.22,144.84,145.05,10327205,0,0
2021-07-12 13:30:00,146.2679,146.32001,144.0,144.61501,28048808,0,0
2021-07-12 14:30:00,144.62,145.25,144.4301,144.75,10905177,0,0
2021-07-12 15:30:00,144.75999,145.075,144.575,144.83501,5621635,0,0
2021-07-12 16:30:00,144.83,144.87,144.5,144.575,4380059,0,0
2021-07-12 17:30:00,144.5708,144.6799,144.16,144.66,6374236,0,0
2021-07-12 18:30:00,144.655,144.8,144.5101,144.62,5293080,0,0
2021-07-12 19:30:00,144.62,144.66,144.42841,144.5,6850685,0,0
2021-07-13 13:30:00,144.05,146.92,143.63,146.705,28744659,0,0
2021-07-13 14:30:00,146.705,147.28999,146.37,147.23669,13800286,0,0
2021-07-13 15:30:00,147.235,147.46001,147.00999,147.16119,8827804,0,0
2021-07-13 16:30:00,147.1657,147.39999,146.22,146.45,9160857,0,0
2021-07-13 17:30:00,146.45,146.46001,144.62,145.88499,15371604,0,0
2021-07-13 18:30:00,145.89,146.08,145.5,145.78,10381255,0,0
2021-07-13 19:30:00,145.7863,145.98,145.3401,145.67999,8476298,0,0
2021-07-14 13:30:00,148.075,148.96001,147.67999,148.31,37067406,0,0
2021-07-14 14:30:00,148.32001,149.45,148.17,148.7998,20939443,0,0
2021-07-14 15:30:00,148.7999,149.0899,147.92999,148.905,16163649,0,0
2021-07-14 16:30:00,148.9075,149.20689,148.60001,148.735,9461873,0,0
2021-07-14 17:30:00,148.73,149.41,148.67,149.25,8367093,0,0
2021-07-14 18:30:00,149.25,149.56,148.96001,149.405,11700800,0,0
2021-07-14 19:30:00,149.39999,149.57001,148.82001,149.21001,13197246,0,0
2021-07-15 13:30:00,149.17,150.0,148.12,148.745,30893953,0,0
2021-07-15 14:30:00,148.75999,149.25999,147.795,148.60001,17401472,0,0
2021-07-15 15:30:00,148.60001,148.875,147.42999,148.0,12542881,0,0
2021-07-15 16:30:00,147.9807,148.2372,147.64,147.89999,7984499,0,0
2021-07-15 17:30:00,147.9019,148.008,147.095,147.7957,10395604,0,0
2021-07-15 18:30:00,147.78999,148.22,147.32001,148.09,8904810,0,0
2021-07-15 19:30:00,148.0999,148.52499,148.06,148.48,9579189,0,0
2021-07-16 13:30:00,148.5,149.75999,148.2018,148.27499,23947370,0,0
2021-07-16 14:30:00,148.27,148.91,147.48,147.52,11080212,0,0
2021-07-16 15:30:00,147.52,147.87691,147.06,147.5099,11478719,0,0
2021-07-16 16:30:00,147.5,148.17999,147.34,147.86501,8177486,0,0
2021-07-16 17:30:00,147.89999,147.89999,147.28,147.2892,5722333,0,0
2021-07-16 18:30:00,147.32001,147.42,145.89999,146.1501,13459685,0,0
2021-07-16 19:30:00,146.16,146.52,145.96001,146.39,9931319,0,0
2021-07-19 13:30:00,143.705,144.07001,141.67,142.395,37920487,0,0
2021-07-19 14:30:00,142.405,143.59,141.9601,143.19991,15151454,0,0
2021-07-19 15:30:00,143.2,143.95,142.8,142.905,12189392,0,0
2021-07-19 16:30:00,142.91,143.02,141.73,141.78999,11005192,0,0
2021-07-19 17:30:00,141.78,142.55,141.7,142.53,9473277,1,0
2021-07-19 18:30:00,142.53,142.58,141.86,141.86501,9958685,0,0
2021-07-19 19:30:00,141.87,142.53999,141.75999,142.52,11154780,0,0
2021-07-20 13:30:00,143.47,144.8886,142.96001,144.52,24056161,0,0
2021-07-20 14:30:00,144.52499,145.25,144.35001,145.0618,10847159,0,0
2021-07-20 15:30:00,145.065,145.965,145.00999,145.94,8090853,0,0
2021-07-20 16:30:00,145.95,146.89,145.95,146.88,10911418,0,0
2021-07-20 17:30:00,146.88,147.0997,146.53999,146.9399,8973436,0,0
2021-07-20 18:30:00,146.92999,146.99001,146.24001,146.955,8920631,0,0
2021-07-20 19:30:00,146.96001,147.005,146.11,146.14999,10094170,0,1
2021-07-21 13:30:00,145.64999,146.13,144.63,145.44,20369391,0,0
2021-07-21 14:30:00,145.44749,146.0475,145.25,145.76289,9911777,0,0
2021-07-21 15:30:00,145.7699,145.8,145.02,145.315,7500275,0,0
2021-07-21 16:30:00,145.315,145.42999,144.84,145.11501,5951466,0,0
2021-07-21 17:30:00,145.12,145.35001,144.99001,145.14999,4872334,0,0
2021-07-21 18:30:00,145.1407,145.53,145.02,145.2798,6507790,0,0
2021-07-21 19:30:00,145.27499,145.39999,144.82001,145.39,8559230,0,0
2021-07-22 13:30:00,145.89,147.55,145.81,147.465,26666263,0,0
2021-07-22 14:30:00,147.47,148.19501,147.1601,147.36011,13817677,0,0
2021-07-22 15:30:00,147.3714,147.60001,146.66,147.03999,8267792,0,0
2021-07-22 16:30:00,147.03,147.63,146.85001,147.5699,5740654,0,0
2021-07-22 17:30:00,147.56,147.67,147.10001,147.3,5311396,0,0
2021-07-22 18:30:00,147.3,147.36,146.87,146.97,5279204,0,0
2021-07-22 19:30:00,146.97501,146.98,146.48,146.8,6124314,0,0
2021-07-23 13:30:00,147.5,148.07001,146.92,148.02499,26314005,0,0
2021-07-23 14:30:00,148.03999,148.25,147.73,148.14011,9028380,0,0
2021-07-23 15:30:00,148.14999,148.27,147.86,148.095,6295650,0,0
2021-07-23 16:30:00,148.10001,148.63499,148.02,148.49001,6040611,0,0
2021-07-23 17:30:00,148.4899,148.7113,148.145,148.60001,6163261,0,0
2021-07-23 18:30:00,148.61,148.67,148.19,148.38,5933334,0,0
2021-07-23 19:30:00,148.38,148.63,148.33189,148.57001,6618999,0,0
2021-07-26 13:30:00,148.25771,149.83,147.7,149.1499,25745150,0,0
2021-07-26 14:30:00,149.13,149.60989,149.125,149.5132,8336332,0,0
2021-07-26 15:30:00,149.50999,149.81,149.35001,149.38741,6444473,0,0
2021-07-26 16:30:00,149.38499,149.50999,149.03999,149.405,5469293,0,0
2021-07-26 17:30:00,149.405,149.45,149.0421,149.255,4461608,0,0
2021-07-26 18:30:00,149.25999,149.5,149.22301,149.44501,5504228,0,0
2021-07-26 19:30:00,149.44501,149.47,148.7717,148.99001,7197958,0,0
2021-07-27 13:30:00,149.1308,149.2,146.8821,147.38,21818110,0,0
2021-07-27 14:30:00,147.3708,147.66,146.595,146.86839,13217942,0,0
2021-07-27 15:30:00,146.8699,146.8699,145.55,146.39,13004959,0,0
2021-07-27 16:30:00,146.38,146.46919,145.7189,145.94501,8389738,0,0
2021-07-27 17:30:00,145.925,146.6799,145.86,146.66499,7440222,0,0
2021-07-27 18:30:00,146.66499,147.31979,146.44,146.61501,11255620,0,0
2021-07-27 19:30:00,146.61,146.89,146.28,146.77,9666587,0,0
2021-07-28 13:30:00,144.825,146.96001,142.53999,146.37,40787955,0,0
2021-07-28 14:30:00,146.3799,146.77991,145.3206,145.33501,13208398,0,0
2021-07-28 15:30:00,145.33009,145.5211,144.42,145.32001,19125021,0,0
2021-07-28 16:30:00,145.33,145.43719,143.92999,144.2401,8310206,0,0
2021-07-28 17:30:00,144.245,145.3,143.88,145.0,11472230,0,0
2021-07-28 18:30:00,145.0,145.5099,144.42999,145.3867,9978357,0,0
2021-07-28 19:30:00,145.38,145.485,144.95,144.98,6983433,0,0
2021-07-29 13:30:00,144.668,146.49001,144.58,145.84,15313701,0,0
2021-07-29 14:30:00,145.85001,146.24001,145.55009,145.63499,8534141,0,0
2021-07-29 15:30:00,145.64,146.0601,145.52,145.87,5767766,0,0
2021-07-29 16:30:00,145.88,146.16991,145.71001,145.95,4090838,0,0
2021-07-29 17:30:00,145.9575,146.00999,145.67999,145.9218,3960870,0,0
2021-07-29 18:30:00,145.925,145.955,145.645,145.67,4217070,0,0
2021-07-29 19:30:00,145.67999,145.75999,145.55,145.63,4958355,0,0
2021-07-30 13:30:00,144.38,145.33,144.11011,144.75,18283888,1,0
2021-07-30 14:30:00,144.75,145.08,144.5508,145.035,9163892,0,0
2021-07-30 15:30:00,145.03,145.31,144.83,145.23,5486126,0,0
2021-07-30 16:30:00,145.24001,145.75,145.14,145.66499,5041442,0,0
2021-07-30 17:30:00,145.66,146.28999,145.655,146.185,6120490,0,0
2021-07-30 18:30:00,146.17999,146.33,145.81,145.935,7010273,0,0
2021-07-30 19:30:00,145.94501,146.16,145.77499,145.86,7219012,0,0
2021-08-02 13:30:00,146.48,146.95,145.25,145.89999,18639118,0,0
2021-08-02 14:30:00,145.89999,146.5497,145.42,146.53,8767198,0,0
2021-08-02 15:30:00,146.53819,146.55,145.56,145.63,6787394,0,0
2021-08-02 16:30:00,145.64,146.215,145.5643,146.045,6731363,0,0
2021-08-02 17:30:00,146.0497,146.17999,145.75,145.9801,4351627,0,0
2021-08-02 18:30:00,145.97,146.05,145.61,145.61501,4772797,0,0
2021-08-02 19:30:00,145.61,145.75999,145.37,145.52,5710773,0,0
2021-08-03 13:30:00,145.81,146.60001,145.17999,146.11,16480501,0,0
2021-08-03 14:30:00,146.11,146.14999,145.3399,145.80991,7423169,0,0
2021-08-03 15:30:00,145.8,147.42,145.75999,147.0701,11263820,0,0
2021-08-03 16:30:00,147.07401,148.03999,147.0701,147.8708,7821658,0,0
2021-08-03 17:30:00,147.875,148.0287,147.57001,147.575,4746951,0,1
2021-08-03 18:30:00,147.58501,147.63989,147.13,147.59,6089795,0,0
2021-08-03 19:30:00,147.58009,147.74001,147.17,147.36,5840989,0,0
2021-08-04 13:30:00,147.1692,147.78999,146.69,147.06,18006764,0,0
2021-08-04 14:30:00,147.08,147.2899,146.28,146.395,9047221,0,0
2021-08-04 15:30:00,146.405,147.31,146.375,147.19501,5974733,0,0
2021-08-04 16:30:00,147.22,147.52,146.97,147.265,4176023,0,0
2021-08-04 17:30:00,147.27,147.2982,146.97,147.10001,3661025,0,0
2021-08-04 18:30:00,147.105,147.2,146.66499,147.013,4631507,0,0
2021-08-04 19:30:00,147.0179,147.33,146.91,146.94,4350620,0,0
2021-08-05 13:30:00,147.00999,147.42999,146.17,147.36,14720047,0,0
2021-08-05 14:30:00,147.3624,147.84,147.16991,147.47009,6581766,0,0
2021-08-05 15:30:00,147.48,147.63,147.24001,147.285,4429913,0,0
2021-08-05 16:30:00,147.291,147.39999,147.12,147.2276,3106852,0,0
2021-08-05 17:30:00,147.23,147.46001,147.14999,147.22501,4317755,0,0
2021-08-05 18:30:00,147.2282,147.25999,146.8299,146.85001,4754515,0,0
2021-08-05 19:30:00,146.8403,147.11,146.7327,147.06,4935850,0,0
2021-08-06 13:30:00,146.44,146.97501,145.89999,146.875,13787908,0,0
2021-08-06 14:30:00,146.895,147.10001,146.02,146.24001,8207438,0,0
2021-08-06 15:30:00,146.2401,146.32001,145.97,146.235,4704875,0,0
2021-08-06 16:30:00,146.23,146.28,145.86,145.8999,4492955,0,0
2021-08-06 17:30:00,145.89,145.97,145.73,145.92,3621456,0,0
2021-08-06 18:30:00,145.92,145.99001,145.63,145.9899,4562270,0,0
2021-08-06 19:30:00,145.99001,146.16,145.83,146.14,6097116,0,0
2021-08-09 13:30:00,146.23,146.67,145.53,146.42,6004929,0,0
2021-08-09 14:30:00,146.50999,146.5899,145.78999,146.09,3593111,0,0
2021-08-09 15:30:00,146.12,146.14999,145.83,145.84,834584,0,0
2021-08-09 16:30:00,145.84,145.96001,145.78999,145.89999,189401,0,0
2021-08-09 17:30:00,145.89999,146.09,145.78999,146.08,2062657,0,0
2021-08-09 18:30:00,146.09,146.13,145.95,146.02,0,0,0
2021-08-09 19:30:00,146.02,146.17999,145.88,146.16,0,0,0
2021-08-10 13:30:00,146.47501,147.71001,146.17999,146.91499,23962907,0,0
2021-08-10 14:30:00,146.91299,146.92,145.395,145.6201,11731444,0,0
2021-08-10 15:30:00,145.62,146.0018,145.46001,145.869,5858341,0,0
2021-08-10 16:30:00,145.87,145.89,145.495,145.545,3506364,0,0
2021-08-10 17:30:00,145.545,145.71001,145.3,145.52,4029268,0,0
2021-08-10 18:30:00,145.53011,145.73,145.5,145.66611,4703973,0,0
2021-08-10 19:30:00,145.67,145.72,145.3,145.61,5469652,0,0
2021-08-11 13:30:00,146.05,146.718,145.62,145.81,13707784,0,0
2021-08-11 14:30:00,145.81,146.005,145.53,145.99001,7804813,0,0
2021-08-11 15:30:00,145.99001,146.36,145.705,146.25259,6016149,0,0
2021-08-11 16:30:00,146.255,146.59,146.19,146.34821,5509692,0,0
2021-08-11 17:30:00,146.345,146.37,145.8,145.935,4053623,0,0
2021-08-11 18:30:00,145.935,146.08501,145.87,145.925,3715584,0,0
2021-08-11 19:30:00,145.92,146.0,145.78,145.91,4329870,0,0
2021-08-12 13:30:00,146.23,147.57001,145.84,147.535,19965322,0,0
2021-08-12 14:30:00,147.545,148.49001,147.485,148.37,12166975,0,0
2021-08-12 15:30:00,148.36011,148.53,147.705,148.17,7688028,0,0
2021-08-12 16:30:00,148.175,148.44,148.065,148.2399,5651893,0,0
2021-08-12 17:30:00,148.23,148.69,148.2,148.6698,5799084,0,0
2021-08-12 18:30:00,148.66499,148.89,148.61,148.715,6840210,0,0
2021-08-12 19:30:00,148.715,149.05,148.57001,148.89,7947213,0,0
2021-08-13 13:30:00,148.955,149.4444,148.3299,149.10001,25674954,0,0
2021-08-13 14:30:00,149.0903,149.23,148.45,148.62,7277824,0,0
2021-08-13 15:30:00,148.61099,148.64,148.3201,148.495,4726434,0,0
2021-08-13 16:30:00,148.5,149.045,148.27,148.95129,4306061,0,0
2021-08-13 17:30:00,148.9501,149.095,148.78,149.0168,3688849,0,0
2021-08-13 18:30:00,149.0174,149.12,148.745,148.96001,4652939,0,0
2021-08-13 19:30:00,148.96001,149.11501,148.9137,149.10001,5143290,0,0
2021-08-16 13:30:00,148.75,150.59,146.66,146.81,31370528,0,0
2021-08-16 14:30:00,146.7912,147.74001,146.47,147.715,11857299,1,0
2021-08-16 15:30:00,147.715,148.83501,147.59,148.64,8103369,0,0
2021-08-16 16:30:00,148.6483,149.73,148.645,149.405,9806373,0,0
2021-08-16 17:30:00,149.42,150.67999,149.35001,150.435,12728408,0,0
2021-08-16 18:30:00,150.435,150.8567,150.38,150.83501,9137130,0,0
2021-08-16 19:30:00,150.84,151.13,150.58,151.125,9449342,0,0
2021-08-17 13:30:00,150.25999,151.64,149.39,150.57001,0,0,0
2021-08-17 14:30:00,150.49001,151.4899,150.39,150.66,4643058,0,0
2021-08-17 15:30:00,150.64999,150.86,149.83,150.3,2338144,0,0
2021-08-17 16:30:00,150.25999,150.37,149.14999,149.66,3219818,0,0
2021-08-17 17:30:00,149.6691,150.17,149.10001,149.8,5119517,0,0
2021-08-17 18:30:00,149.8,150.24001,149.60001,149.97,1711324,0,0
2021-08-17 19:30:00,150.0,150.28999,149.73,150.23,5766142,0,0
2021-08-18 13:30:00,149.83,150.71001,149.39999,149.78,17566141,0,0
2021-08-18 14:30:00,149.78,149.91,148.39,148.42999,11385181,0,0
2021-08-18 15:30:00,148.42,148.92999,148.17999,148.67,8841544,0,0
2021-08-18 16:30:00,148.66991,148.8656,148.28,148.2872,4987676,0,0
2021-08-18 17:30:00,148.28999,148.685,147.72,148.49001,10828544,0,0
2021-08-18 18:30:00,148.48,148.63,147.47,147.49879,10093751,0,0
2021-08-18 19:30:00,147.495,147.52,146.14999,146.36,14537212,0,0
2021-08-19 13:30:00,145.03,146.2899,144.52,146.03999,24764823,0,0
2021-08-19 14:30:00,146.03999,146.72,145.52161,146.4299,10224664,0,0
2021-08-19 15:30:00,146.435,147.75,146.42,147.44501,10108244,0,0
2021-08-19 16:30:00,147.44501,148.0,146.96001,146.96091,7793301,0,0
2021-08-19 17:30:00,146.9686,147.235,146.06,146.0901,8202595,0,0
2021-08-19 18:30:00,146.08501,147.24001,145.84,147.23,9434844,0,0
2021-08-19 19:30:00,147.22,147.3,146.355,146.7,7264066,0,0
2021-08-20 13:30:00,147.47501,148.33,146.78,148.08501,17621535,0,0
2021-08-20 14:30:00,148.08,148.5,147.7,147.755,7409132,0,0
2021-08-20 15:30:00,147.75,148.035,147.12,147.80991,6474803,0,0
2021-08-20 16:30:00,147.80949,148.07001,147.77,147.9184,4381543,0,0
2021-08-20 17:30:00,147.925,147.995,147.57001,147.72,4403357,0,0
2021-08-20 18:30:00,147.71001,148.14999,147.56,148.07001,4758189,0,0
2021-08-20 19:30:00,148.08701,148.28999,147.94501,148.19,6188695,0,0
2021-08-23 13:30:00,148.47501,149.5499,147.89,149.325,16268565,0,0
2021-08-23 14:30:00,149.33,149.7699,149.24001,149.64999,7295018,0,0
2021-08-23 15:30:00,149.645,149.97,149.62,149.814,6231287,0,0
2021-08-23 16:30:00,149.81261,150.14999,149.592,149.71001,6924268,0,0
2021-08-23 17:30:00,149.7,150.07001,149.67,149.89,3504002,0,0
2021-08-23 18:30:00,149.88,150.17999,149.83,149.965,1309414,0,0
2021-08-23 19:30:00,149.96069,150.08,149.58,149.59,3017092,0,0
2021-08-24 13:30:00,149.4922,150.86,149.14999,150.4511,16863410,0,0
2021-08-24 14:30:00,150.45,150.505,149.44501,149.4801,7233293,0,0
2021-08-24 15:30:00,149.48,149.95,149.3051,149.69031,6205099,0,0
2021-08-24 16:30:00,149.69,149.74001,149.48,149.61,3718083,0,0
2021-08-24 17:30:00,149.61861,149.81,149.50011,149.52901,3273955,0,0
2021-08-24 18:30:00,149.52,149.905,149.5,149.8,3834719,0,0
2021-08-24 19:30:00,149.7968,149.81,149.46001,149.61,1699711,0,0
2021-08-25 13:30:00,149.71291,150.32001,148.535,148.62019,15349352,0,0
2021-08-25 14:30:00,148.63,148.735,148.1205,148.505,9910479,0,0
2021-08-25 15:30:00,148.5,148.548,148.07001,148.2397,5739624,0,0
2021-08-25 16:30:00,148.2301,148.44,148.00999,148.03,5382157,0,0
2021-08-25 17:30:00,148.035,148.10001,147.82001,148.035,4872191,0,0
2021-08-25 18:30:00,148.03,148.42999,148.0,148.3705,5997637,0,0
2021-08-25 19:30:00,148.3701,148.75,148.34,148.37,5316598,0,0
2021-08-26 13:30:00,148.3723,149.12,147.7301,147.8965,13886877,0,0
2021-08-26 14:30:00,147.91,148.35001,147.595,148.19501,7739973,0,0
2021-08-26 15:30:00,148.19501,148.64999,147.92999,148.63499,5239341,0,0
2021-08-26 16:30:00,148.63499,148.6496,147.98,148.10001,3945683,0,0
2021-08-26 17:30:00,148.07001,148.285,147.83,147.9846,3840360,0,0
2021-08-26 18:30:00,147.98,148.03999,147.50999,147.715,5043431,0,0
2021-08-26 19:30:00,147.72501,147.9579,147.52,147.53999,5121226,0,0
2021-08-27 13:30:00,147.38,148.42,146.83,147.94,16765048,0,0
2021-08-27 14:30:00,147.94,148.17999,147.48,147.787,7566385,0,0
2021-08-27 15:30:00,147.77499,148.63499,147.77499,148.19991,7617368,0,0
2021-08-27 16:30:00,148.185,148.71001,148.14999,148.58859,4170088,0,0
2021-08-27 17:30:00,148.58,148.75,148.50439,148.645,3782462,0,0
2021-08-27 18:30:00,148.645,148.7099,148.46001,148.535,3654808,0,0
2021-08-27 19:30:00,148.5316,148.67,148.39,148.60001,5301917,0,0
2021-08-30 13:30:00,148.98,151.84,148.61,151.72009,25446440,0,0
2021-08-30 14:30:00,151.72501,152.25,151.67,151.89709,13714725,0,0
2021-08-30 15:30:00,151.89999,152.56,151.89,152.505,9568508,0,0
2021-08-30 16:30:00,152.505,153.25,152.4101,153.0984,10732533,0,0
2021-08-30 17:30:00,153.095,153.49001,152.86,153.2,8832342,0,0
2021-08-30 18:30:00,153.21001,153.295,152.8107,153.28,8526791,0,0
2021-08-30 19:30:00,153.28,153.41,152.9801,153.10001,7564428,0,0
2021-08-31 13:30:00,152.67,152.7,151.28999,151.46001,17361871,0,0
2021-08-31 14:30:00,151.46001,152.0972,151.405,151.8799,6381953,0,0
2021-08-31 15:30:00,151.87,152.71001,151.75999,152.69,5047692,0,0
2021-08-31 16:30:00,152.64999,152.78999,152.06,152.14999,871112,0,0
2021-08-31 17:30:00,152.12,152.49001,152.11,152.46001,0,0,0
2021-08-31 18:30:00,152.48,152.55,151.96001,151.96001,0,0,0
2021-08-31 19:30:00,151.94,152.45,151.58,151.83,1546927,0,0
2021-09-01 13:30:00,152.81,154.82001,152.5833,154.69,26420891,0,0
2021-09-01 14:30:00,154.69,154.98,154.39,154.67,11760696,0,1
2021-09-01 15:30:00,154.675,154.94,153.98,154.02991,6731856,0,0
2021-09-01 16:30:00,154.0219,154.02991,153.56,153.9299,7203916,0,0
2021-09-01 17:30:00,153.92,153.94,153.2,153.21989,5237805,0,0
2021-09-01 18:30:00,153.215,153.3,152.78,152.955,8305083,0,0
2021-09-01 19:30:00,152.9538,152.97,152.34,152.53999,8894252,0,0
2021-09-02 13:30:00,153.91,154.72,153.3609,153.66499,19439134,0,0
2021-09-02 14:30:00,153.66,154.33,153.58,153.91,8677167,0,0
2021-09-02 15:30:00,153.91,154.11,153.3,153.33501,6168573,0,0
2021-09-02 16:30:00,153.33,153.47,152.82001,152.8286,6315240,0,0
2021-09-02 17:30:00,152.8201,153.02,152.39999,152.7178,7640425,0,0
2021-09-02 18:30:00,152.72,153.8201,152.67,153.53999,10699939,0,0
2021-09-02 19:30:00,153.5499,153.71001,153.315,153.71001,6296787,0,0
2021-09-03 13:30:00,154.25,154.62,153.10001,154.06,20265043,0,0
2021-09-03 14:30:00,154.05499,154.28,153.745,154.0815,7296508,0,0
2021-09-03 15:30:00,154.08501,154.24001,153.91,154.035,4737511,0,0
2021-09-03 16:30:00,154.0354,154.21761,153.765,154.03999,5054203,0,0
2021-09-03 17:30:00,154.035,154.24001,153.785,153.8999,4657348,0,0
2021-09-03 18:30:00,153.8999,154.38,153.86501,154.245,5331118,0,0
2021-09-03 19:30:00,154.25,154.45,154.16,154.31,5675878,0,0
2021-09-07 13:30:00,154.97,155.95,154.39,155.6501,23302023,0,0
2021-09-07 14:30:00,155.6414,156.23,155.265,155.47,11362238,0,0
2021-09-07 15:30:00,155.48,156.96989,155.38,156.85001,11386127,0,0
2021-09-07 16:30:00,156.8526,157.25999,156.6521,156.88,9292592,0,0
2021-09-07 17:30:00,156.8831,157.10001,156.62,156.97,6010574,0,0
2021-09-07 18:30:00,156.96001,157.10001,156.56,156.851,7046194,0,0
2021-09-07 19:30:00,156.855,157.08,156.655,156.69,7632760,0,0
2021-09-08 13:30:00,156.99001,157.03999,155.285,155.44,20886478,0,0
2021-09-08 14:30:00,155.45,155.56,153.97501,155.035,15303309,0,0
2021-09-08 15:30:00,155.0378,155.05,154.22,154.75999,8855269,0,0
2021-09-08 16:30:00,154.75999,154.79089,154.27,154.55499,5767063,0,0
2021-09-08 17:30:00,154.55,155.09,154.5455,154.81,6254000,0,0
2021-09-08 18:30:00,154.81,154.97,154.62,154.83,5126773,0,0
2021-09-08 19:30:00,154.83501,155.13,154.60001,155.12,5711339,0,0
2021-09-09 13:30:00,155.465,156.11,154.72,155.595,16930891,0,0
2021-09-09 14:30:00,155.595,155.78,154.7901,154.80569,8171140,0,0
2021-09-09 15:30:00,154.80881,155.2,154.75,155.10001,5075102,0,0
2021-09-09 16:30:00,155.0999,155.23,154.32001,154.495,4974365,0,0
2021-09-09 17:30:00,154.4986,154.60001,154.25,154.425,5536306,0,0
2021-09-09 18:30:00,154.425,154.56,154.0825,154.27991,5519770,0,0
2021-09-09 19:30:00,154.28,154.46001,153.95,154.12,5823371,0,0
2021-09-10 13:30:00,154.95621,155.48,154.67999,154.78999,16108943,0,0
2021-09-10 14:30:00,154.78,154.78,150.48,150.5,25221547,0,0
2021-09-10 15:30:00,150.50999,151.7,148.7,150.045,41378552,0,0
2021-09-10 16:30:00,150.0401,150.8,149.84,150.3199,16834550,0,0
2021-09-10 17:30:00,150.33,150.63,149.81,149.811,9952230,0,0
2021-09-10 18:30:00,149.81,150.07001,149.05,149.11011,11249273,0,0
2021-09-10 19:30:00,149.11011,149.24001,148.74001,149.02,13151679,0,0
2021-09-13 13:30:00,150.55,151.41,149.05,149.63,30146926,0,0
2021-09-13 14:30:00,149.63989,150.405,149.30499,150.0699,13015058,0,0
2021-09-13 15:30:00,150.045,150.2,149.39,149.77499,11357319,0,0
2021-09-13 16:30:00,149.77,150.10989,149.2446,149.295,7263006,0,0
2021-09-13 17:30:00,149.30499,149.33,148.81,148.91,8985291,0,0
2021-09-13 18:30:00,148.92,149.59,148.75,149.5799,9765141,0,0
2021-09-13 19:30:00,149.575,149.62,149.065,149.62,7171562,0,0
2021-09-14 13:30:00,150.39,151.07001,149.46001,149.69501,21183249,0,0
2021-09-14 14:30:00,149.69501,149.965,149.185,149.8457,9961160,0,0
2021-09-14 15:30:00,149.85001,150.44,149.32001,149.44099,10509306,0,0
2021-09-14 16:30:00,149.444,149.495,148.28011,148.94,14636917,0,0
2021-09-14 17:30:00,148.9399,149.09,146.91,147.60001,19177969,0,0
2021-09-14 18:30:00,147.6001,147.87,147.21001,147.27,13001079,0,0
2021-09-14 19:30:00,147.27,148.32001,147.2301,148.19,10681243,0,0
2021-09-15 13:30:00,148.53,149.09,146.49001,146.60001,22065225,0,0
2021-09-15 14:30:00,146.60001,147.39909,146.37,147.03,10690222,1,0
2021-09-15 15:30:00,147.03,147.58,146.77,147.5771,6699673,0,0
2021-09-15 16:30:00,147.58,148.2899,147.53,148.1955,8740162,0,0
2021-09-15 17:30:00,148.205,148.55991,148.09,148.325,6160676,0,0
2021-09-15 18:30:00,148.32001,149.08,148.235,149.062,8517928,0,0
2021-09-15 19:30:00,149.07001,149.44,148.87,149.09,9662470,0,0
2021-09-16 13:30:00,148.46001,148.9684,147.3,147.765,17511967,0,0
2021-09-16 14:30:00,147.75999,147.88,147.22099,147.53101,10038231,0,0
2021-09-16 15:30:00,147.53,148.11,147.46001,147.86,4846833,0,0
2021-09-16 16:30:00,147.875,148.2401,147.86,147.95599,4921325,0,0
2021-09-16 17:30:00,147.965,148.39,147.69,148.11,6724257,0,0
2021-09-16 18:30:00,148.11,148.87,148.07001,148.58,7348948,0,0
2021-09-16 19:30:00,148.58,148.94,148.58,148.85001,7128674,0,0
2021-09-17 13:30:00,148.69,148.78999,146.56,147.09,36170003,0,0
2021-09-17 14:30:00,147.0994,147.155,146.505,146.535,12199937,0,0
2021-09-17 15:30:00,146.53,146.745,146.17999,146.56,9606990,0,0
2021-09-17 16:30:00,146.57001,146.95779,146.1386,146.3008,14102639,0,0
2021-09-17 17:30:00,146.3071,146.399,145.87,145.92,8254895,0,0
2021-09-17 18:30:00,145.91,146.25999,145.75999,145.94501,8792335,0,0
2021-09-17 19:30:00,145.94,146.31,145.89999,146.06,10034985,0,0
2021-09-20 13:30:00,143.66209,144.84,142.48,142.94,32139403,0,0
2021-09-20 14:30:00,142.92999,143.325,142.48,143.09,12244567,0,0
2021-09-20 15:30:00,143.0899,143.175,142.10001,142.42999,12312069,0,0
2021-09-20 16:30:00,142.42,142.47881,141.85001,142.35001,11401304,0,0
2021-09-20 17:30:00,142.355,142.63499,141.64,141.661,10339143,0,0
2021-09-20 18:30:00,141.66,142.02,141.28,142.0155,15259153,0,0
2021-09-20 19:30:00,142.00999,143.12,141.9312,143.0,14083893,0,0
2021-09-21 13:30:00,143.911,144.60001,143.17999,143.78999,22900475,0,0
2021-09-21 14:30:00,143.7887,143.89999,142.78,143.52,11377940,0,0
2021-09-21 15:30:00,143.52499,144.35989,143.52499,144.03999,8241995,0,0
2021-09-21 16:30:00,144.03999,144.27,143.45,143.47501,5779426,0,0
2021-09-21 17:30:00,143.47,143.74001,143.19501,143.23,6301732,0,0
2021-09-21 18:30:00,143.24001,144.22,143.21001,144.09,7660911,0,0
2021-09-21 19:30:00,144.08,144.2112,143.39999,143.41,6665297,0,0
2021-09-22 13:30:00,144.39999,145.28,143.7001,145.13139,15716093,0,0
2021-09-22 14:30:00,145.14,145.2899,144.88,145.09,7510728,0,0
2021-09-22 15:30:00,145.08,145.88,145.08,145.5,6863082,0,0
2021-09-22 16:30:00,145.50841,145.69501,145.03999,145.27499,5166454,0,0
2021-09-22 17:30:00,145.27,146.4294,144.75,146.08501,10588605,0,0
2021-09-22 18:30:00,146.08,146.42999,145.06,146.17,12725214,0,0
2021-09-22 19:30:00,146.17,146.25,145.7,145.85001,8779703,0,0
2021-09-23 13:30:00,146.73801,146.98,145.64,146.77409,19283282,0,0
2021-09-23 14:30:00,146.77,147.08,146.37,146.6398,7807480,0,0
2021-09-23 15:30:00,146.64,146.94,146.50999,146.595,6968624,0,0
2021-09-23 16:30:00,146.59,146.92,146.53999,146.91,5233234,0,0
2021-09-23 17:30:00,146.92999,147.03999,146.72,146.77,3799141,0,0
2021-09-23 18:30:00,146.78999,146.98,146.71001,146.8,4034015,0,0
2021-09-23 19:30:00,146.81,146.99001,146.7,146.75,7457162,0,0
2021-09-24 13:30:00,145.67,146.39,145.59,146.13,7837534,0,0
2021-09-24 14:30:00,146.14999,146.32001,145.75,145.92,2267730,0,0
2021-09-24 15:30:00,145.92999,146.64999,145.85001,146.565,5561016,0,0
2021-09-24 16:30:00,146.57001,146.8,146.4402,146.78011,3809007,0,0
2021-09-24 17:30:00,146.78,146.89,146.60001,146.85001,1895946,0,0
2021-09-24 18:30:00,146.83,147.28999,146.78,147.265,3496494,0,0
2021-09-24 19:30:00,147.265,147.47,146.85001,146.94,2419264,0,0
2021-09-27 13:30:00,145.39,145.89999,143.82001,145.57001,16831476,0,0
2021-09-27 14:30:00,145.57001,145.64999,144.91,144.92979,4509968,0,0
2021-09-27 15:30:00,144.925,145.14,144.53,145.09,7871267,0,0
2021-09-27 16:30:00,145.08,145.53999,144.86,145.46001,5841403,0,0
2021-09-27 17:30:00,145.46001,145.73,145.2,145.71001,3010690,0,0
2021-09-27 18:30:00,145.71001,145.77,145.39,145.55499,6130687,0,0
2021-09-27 19:30:00,145.56,145.75999,145.202,145.38,6555042,0,0
2021-09-28 13:30:00,143.10201,144.74001,142.94,143.7,22362589,0,0
2021-09-28 14:30:00,143.64,143.73,142.4218,142.715,11192468,0,0
2021-09-28 15:30:00,142.718,143.09,142.38,142.7612,10041507,0,0
2021-09-28 16:30:00,142.75,142.7554,141.81,142.33,11673070,0,0
2021-09-28 17:30:00,142.327,142.565,141.72,142.5475,7144319,0,0
2021-09-28 18:30:00,142.53999,142.88,142.12,142.345,6424219,0,0
2021-09-28 19:30:00,142.34,142.66,141.77,141.92,12561861,0,0
2021-09-29 13:30:00,142.465,144.45,142.03,144.155,20627000,0,0
2021-09-29 14:30:00,144.14999,144.33501,143.59,143.67,9110495,0,0
2021-09-29 15:30:00,143.67,143.71741,142.89,143.06,7259702,0,0
2021-09-29 16:30:00,143.05,143.62,142.99001,143.00999,6287448,0,0
2021-09-29 17:30:00,143.015,143.96001,142.535,143.81,11156538,0,0
2021-09-29 18:30:00,143.82001,144.06,143.515,143.565,6396480,0,0
2021-09-29 19:30:00,143.56,143.565,142.50999,142.84,7664812,0,0
2021-09-30 13:30:00,143.685,144.37801,142.85001,143.035,16306710,0,0
2021-09-30 14:30:00,143.03,143.13,142.50999,143.03,9775419,0,0
2021-09-30 15:30:00,143.03999,143.10001,141.30009,141.4799,13145318,0,0
2021-09-30 16:30:00,141.46001,142.28,141.3,141.823,8560076,0,0
2021-09-30 17:30:00,141.825,142.7,141.66,142.655,7839837,0,0
2021-09-30 18:30:00,142.64999,143.0,142.3,142.715,8973848,0,0
2021-09-30 19:30:00,142.71001,143.05499,141.3,141.32001,13551370,0,0
2021-10-01 13:30:00,141.88499,142.03,139.5,139.53,25105775,0,0
2021-10-01 14:30:00,139.52,140.42,139.11011,140.01801,14796382,1,0
2021-10-01 15:30:00,140.02,140.57001,139.97,140.50591,9014785,0,0
2021-10-01 16:30:00,140.51401,140.91,140.28,140.7795,6876303,0,0
2021-10-01 17:30:00,140.78,141.765,140.765,141.57001,8728905,0,0
2021-10-01 18:30:00,141.57001,142.5,141.53,142.25,8510511,0,0
2021-10-01 19:30:00,142.245,142.92,141.89999,142.66,10791846,0,0
2021-10-04 13:30:00,141.64999,142.21001,139.875,139.8777,19322233,0,0
2021-10-04 14:30:00,139.88,139.91,138.78999,139.09,15806450,0,0
2021-10-04 15:30:00,139.07001,139.35001,138.46001,138.52299,11114985,0,0
2021-10-04 16:30:00,138.53149,138.905,138.27,138.56,9971379,0,0
2021-10-04 17:30:00,138.56,139.22,138.535,138.75191,9638415,0,0
2021-10-04 18:30:00,138.75,139.32001,138.51151,138.58501,10819975,0,0
2021-10-04 19:30:00,138.58501,139.23,138.47,139.19,11263716,0,0
2021-10-05 13:30:00,139.62,140.39999,139.36,139.86,17804863,0,0
2021-10-05 14:30:00,139.87,141.28,139.63,141.09,12951969,0,0
2021-10-05 15:30:00,141.09,141.89,140.95,141.785,11131221,0,0
2021-10-05 16:30:00,141.78999,142.00999,141.59,141.765,7554755,0,0
2021-10-05 17:30:00,141.75999,142.19,141.755,142.045,6287914,0,0
2021-10-05 18:30:00,142.045,142.24001,141.61,141.645,6136510,0,1
2021-10-05 19:30:00,141.64,141.7299,140.91299,141.10001,8349502,0,0
2021-10-06 13:30:00,139.535,140.2876,138.37,140.02499,24550915,1,0
2021-10-06 14:30:00,140.02,140.67,139.58501,139.7076,11142613,0,0
2021-10-06 15:30:00,139.7099,140.455,139.65041,139.8101,8432186,0,0
2021-10-06 16:30:00,139.8,140.429,139.56,140.4288,7464867,0,0
2021-10-06 17:30:00,140.4216,141.42999,140.34,141.4201,9679111,0,0
2021-10-06 18:30:00,141.42,141.64999,141.09,141.48,7251942,0,0
2021-10-06 19:30:00,141.47,142.14999,141.12,141.99001,7557724,0,0
2021-10-07 13:30:00,143.03,144.215,142.73,143.965,19744851,0,0
2021-10-07 14:30:00,143.965,144.17999,143.545,143.83,7850716,0,0
2021-10-07 15:30:00,143.84,144.14999,143.625,143.83501,5737641,0,0
2021-10-07 16:30:00,143.83501,144.17,143.71001,144.08,5556928,0,0
2021-10-07 17:30:00,144.08,144.17,143.64,143.735,4904391,0,0
2021-10-07 18:30:00,143.74001,143.82001,143.425,143.77,5776851,0,0
2021-10-07 19:30:00,143.77,143.84,143.0,143.28,6557696,0,0
2021-10-08 13:30:00,144.105,144.17,143.0601,143.7363,14685756,0,0
2021-10-08 14:30:00,143.74001,143.86,143.07001,143.3,7391493,0,0
2021-10-08 15:30:00,143.28999,143.36,142.83,142.8595,6403899,0,0
2021-10-08 16:30:00,142.85069,143.24001,142.56,142.67,5419724,0,0
2021-10-08 17:30:00,142.64999,143.34,142.63,143.2917,5042857,0,0
2021-10-08 18:30:00,143.3,143.39999,142.99001,143.30499,5213078,0,0
2021-10-08 19:30:00,143.3,143.3,142.783,143.00999,5908058,0,0
2021-10-11 13:30:00,142.222,144.81,141.81,144.7011,17448315,0,0
2021-10-11 14:30:00,144.71001,144.74989,144.19,144.44501,12153519,0,1
2021-10-11 15:30:00,144.44501,144.64999,144.0,144.09,5997421,0,0
2021-10-11 16:30:00,144.08,144.12,143.49001,143.55499,5945488,0,0
2021-10-11 17:30:00,143.55499,143.84,143.38,143.60001,5059315,0,0
2021-10-11 18:30:00,143.60001,143.67,143.13,143.1884,5467707,0,0
2021-10-11 19:30:00,143.17,143.28,142.75,142.81,5580705,0,0
2021-10-12 13:30:00,143.19501,143.25,141.53999,141.78999,17008722,0,0
2021-10-12 14:30:00,141.7899,142.185,141.42,142.0,8408996,0,0
2021-10-12 15:30:00,142.00999,142.98,141.75011,142.495,9265621,0,0
2021-10-12 16:30:00,142.5,142.52879,141.63,141.8812,5589619,0,0
2021-10-12 17:30:00,141.88499,142.48,141.823,142.25,4889390,0,0
2021-10-12 18:30:00,142.28,142.28,141.69,141.81,5059530,0,0
2021-10-12 19:30:00,141.81,141.899,141.0401,141.46001,8909168,0,0
2021-10-13 13:30:00,141.235,141.39999,139.5,139.66,22492137,0,0
2021-10-13 14:30:00,139.66,140.11,139.515,139.60001,8811849,0,0
2021-10-13 15:30:00,139.60001,140.14799,139.2,140.1181,9389462,0,0
2021-10-13 16:30:00,140.11501,140.45,139.82001,140.42999,5678726,0,0
2021-10-13 17:30:00,140.42,140.98,140.28,140.47,7487460,0,0
2021-10-13 18:30:00,140.45,140.69,140.19,140.42999,8484349,0,0
2021-10-13 19:30:00,140.42,141.03,140.42,140.96001,6970892,0,0
2021-10-14 13:30:00,142.14999,143.28999,141.50999,142.97,18380423,0,0
2021-10-14 14:30:00,142.98,143.10001,142.64,142.8878,8088740,0,0
2021-10-14 15:30:00,142.88499,143.61,142.87,143.285,7384786,0,0
2021-10-14 16:30:00,143.285,143.64,143.245,143.47501,5245504,0,0
2021-10-14 17:30:00,143.47501,143.74001,143.44501,143.73,4386412,0,0
2021-10-14 18:30:00,143.72,143.88,143.57001,143.62,5995061,0,0
2021-10-14 19:30:00,143.62,143.83,143.34,143.7554,7371251,0,0
2021-10-15 13:30:00,143.88,144.69,143.515,143.855,19997568,0,0
2021-10-15 14:30:00,143.85001,144.44,143.81,144.205,8065794,0,0
2021-10-15 15:30:00,144.19501,144.25999,143.66,143.87,6023117,0,0
2021-10-15 16:30:00,143.8685,144.31,143.84,144.25,6161623,0,0
2021-10-15 17:30:00,144.27,144.62,144.25,144.505,5466908,0,0
2021-10-15 18:30:00,144.505,144.6799,144.28011,144.6799,6737540,0,0
2021-10-15 19:30:00,144.67999,144.895,144.3501,144.84,7341401,0,0
2021-10-18 13:30:00,143.5,144.69901,143.16,144.48,21141544,0,0
2021-10-18 14:30:00,144.47501,145.515,144.1714,145.41,10918051,0,0
2021-10-18 15:30:00,145.42,145.5199,145.1199,145.27499,7276615,0,0
2021-10-18 16:30:00,145.2794,146.03999,144.96001,145.845,8693923,0,0
2021-10-18 17:30:00,145.84171,146.05499,145.69,145.785,7794768,0,0
2021-10-18 18:30:00,145.78999,146.795,145.78,146.63,8033683,0,0
2021-10-18 19:30:00,146.62,146.84,146.45,146.55,8203418,0,0
2021-10-19 13:30:00,147.005,148.82001,146.55,148.765,24070081,0,0
2021-10-19 14:30:00,148.77,149.17,148.23,148.38499,13898922,0,0
2021-10-19 15:30:00,148.38,148.75999,148.22,148.7599,7623030,0,0
2021-10-19 16:30:00,148.7597,149.03999,148.5,148.89,6263384,0,0
2021-10-19 17:30:00,148.89,148.98,148.48,148.535,4807781,0,0
2021-10-19 18:30:00,148.53999,148.83549,148.33,148.46001,6333633,0,0
2021-10-19 19:30:00,148.455,148.82001,148.25999,148.78,5931737,0,0
2021-10-20 13:30:00,148.7,149.7522,148.7,149.45,17946200,0,0
2021-10-20 14:30:00,149.45,149.485,149.065,149.44,7837340,0,0
2021-10-20 15:30:00,149.4482,149.74001,149.16,149.1891,6007580,0,0
2021-10-20 16:30:00,149.1805,149.36,148.12,148.39819,6727245,0,0
2021-10-20 17:30:00,148.3907,148.71001,148.17999,148.64999,4494048,0,0
2021-10-20 18:30:00,148.66,149.00999,148.63,148.845,4396053,0,0
2021-10-20 19:30:00,148.845,149.42,148.75011,149.35001,6327311,0,0
2021-10-21 13:30:00,148.81,149.62,148.77499,149.515,17202807,0,0
2021-10-21 14:30:00,149.52,149.53,149.095,149.19,6357732,0,0
2021-10-21 15:30:00,149.19501,149.41,147.87,148.735,11719284,0,0
2021-10-21 16:30:00,148.735,148.755,148.33,148.545,5260608,0,0
2021-10-21 17:30:00,148.545,149.25999,148.37,148.69501,3654242,0,0
2021-10-21 18:30:00,148.7,149.39999,148.7,149.36,6392958,0,0
2021-10-21 19:30:00,149.355,149.64,149.315,149.46001,5248912,0,0
2021-10-22 13:30:00,149.27,150.17999,148.845,150.11,15642637,0,0
2021-10-22 14:30:00,150.10001,150.11,148.95,149.22501,8620764,0,0
2021-10-22 15:30:00,149.22,149.28,148.64,149.14,6955852,0,0
2021-10-22 16:30:00,149.13,149.48,148.98199,149.015,4871447,0,0
2021-10-22 17:30:00,149.02,149.42999,148.89999,149.425,6289575,0,0
2021-10-22 18:30:00,149.42999,149.6716,148.87,148.94501,5696114,0,0
2021-10-22 19:30:00,148.94,149.17999,148.64,148.69,5688674,0,0
2021-10-25 13:30:00,148.71001,149.37,147.62109,147.91499,13718616,0,0
2021-10-25 14:30:00,147.91,148.32001,147.7401,148.3,5899689,0,0
2021-10-25 15:30:00,148.315,148.91,148.14999,148.63251,6113228,0,0
2021-10-25 16:30:00,148.64,149.08,148.5602,148.7299,4088840,0,0
2021-10-25 17:30:00,148.7215,148.96001,148.71001,148.88499,3622157,0,0
2021-10-25 18:30:00,148.88499,148.96001,148.455,148.57291,4785123,0,0
2021-10-25 19:30:00,148.575,148.64999,148.42,148.64999,4641433,0,0
2021-10-26 13:30:00,149.34,150.84,149.0101,149.28,16749839,0,0
2021-10-26 14:30:00,149.28,150.0499,149.10001,149.94,7631007,0,0
2021-10-26 15:30:00,149.94,149.98,149.375,149.6562,7756841,0,0
2021-10-26 16:30:00,149.6562,149.745,149.2,149.58,5726320,0,0
2021-10-26 17:30:00,149.59,149.89999,149.11,149.175,4751776,0,0
2021-10-26 18:30:00,149.17,149.60001,149.12,149.332,4797170,0,0
2021-10-26 19:30:00,149.34,149.83009,149.25,149.32001,5253464,0,0
2021-10-27 13:30:00,149.32561,149.69,148.49001,148.71001,14062997,0,0
2021-10-27 14:30:00,148.72009,149.395,148.7,149.33501,6229718,0,0
2021-10-27 15:30:00,149.33,149.5116,149.03,149.3862,5075853,0,0
2021-10-27 16:30:00,149.38499,149.72,149.2399,149.638,4113969,0,0
2021-10-27 17:30:00,149.63989,149.685,149.39999,149.56,3947851,0,0
2021-10-27 18:30:00,149.57001,149.73,148.95,149.19,5689203,0,0
2021-10-27 19:30:00,149.185,149.33,148.8,148.85001,5288264,0,0
2021-10-28 13:30:00,150.33,152.50999,149.72,152.44501,23574434,0,0
2021-10-28 14:30:00,152.44,153.12,152.3,153.095,13332810,0,0
2021-10-28 15:30:00,153.10001,153.16499,152.53,152.66499,9573772,0,0
2021-10-28 16:30:00,152.66499,152.73,151.97009,152.40649,6448566,0,0
2021-10-28 17:30:00,152.405,152.81,152.37,152.78999,6540698,0,0
2021-10-28 18:30:00,152.7823,152.89,152.2202,152.35001,7659054,0,0
2021-10-28 19:30:00,152.34599,152.69,152.17999,152.57001,9653865,0,0
2021-10-29 13:30:00,148.5,148.7,146.4128,147.03999,39278611,0,0
2021-10-29 14:30:00,147.03,147.96001,146.92999,147.94189,9191520,1,0
2021-10-29 15:30:00,147.95,149.38,147.87,149.36,13969725,0,0
2021-10-29 16:30:00,149.355,149.5,149.00999,149.11,9843920,0,0
2021-10-29 17:30:00,149.11501,149.24001,148.55,148.94,9020825,0,0
2021-10-29 18:30:00,148.94501,149.64999,148.84,149.5,8934089,0,0
2021-10-29 19:30:00,149.495,149.935,149.38,149.81,9118700,0,0
2021-11-01 13:30:00,148.97,149.64999,147.83,148.78,3334722,0,0
2021-11-01 14:30:00,148.8,148.95,148.28,148.84,1705179,0,0
2021-11-01 15:30:00,148.83,149.03,148.63,148.81,4055569,0,0
2021-11-01 16:30:00,148.78999,149.02,148.67,148.80499,956264,0,0
2021-11-01 17:30:00,148.80499,148.82001,148.37,148.37,2533615,0,0
2021-11-01 18:30:00,148.37,148.96001,148.27,148.782,2580219,0,0
2021-11-01 19:30:00,148.785,148.99001,148.52,148.99001,5953249,0,0
2021-11-02 13:30:00,148.69,150.47,148.69,150.06,5149160,0,0
2021-11-02 14:30:00,150.09,151.21001,150.07001,151.17,4614261,0,0
2021-11-02 15:30:00,151.14,151.56,150.58501,151.00999,2226117,0,0
2021-11-02 16:30:00,151.00999,151.47,150.85001,151.03,1000610,0,0
2021-11-02 17:30:00,151.03,151.12,150.45,150.50999,1963972,0,0
2021-11-02 18:30:00,150.49001,150.57001,150.08,150.27,850232,0,0
2021-11-02 19:30:00,150.28,150.42,149.83,150.0,0,0,0
2021-11-03 13:30:00,150.375,150.97,149.83,150.61929,11533853,0,0
2021-11-03 14:30:00,150.62,150.64,150.11031,150.36,5464203,0,0
2021-11-03 15:30:00,150.35249,150.63,150.27,150.56,3580622,0,0
2021-11-03 16:30:00,150.57001,150.7,150.23,150.32001,2967855,0,0
2021-11-03 17:30:00,150.3101,150.99001,150.19009,150.845,6547603,0,0
2021-11-03 18:30:00,150.8499,151.495,150.62,151.49001,7900049,0,0
2021-11-03 19:30:00,151.49001,151.97,151.37,151.49001,6874343,0,0
2021-11-04 13:30:00,151.6499,152.42999,151.28,151.7493,14260912,0,0
2021-11-04 14:30:00,151.7493,151.985,150.8401,151.105,8938203,0,0
2021-11-04 15:30:00,151.1111,151.67,151.02,151.31,6446188,0,0
2021-11-04 16:30:00,151.315,151.42,151.02,151.215,4759396,0,0
2021-11-04 17:30:00,151.21001,151.57001,151.13,151.13499,4922115,0,0
2021-11-04 18:30:00,151.13499,151.49001,151.12,151.44,4631146,0,0
2021-11-04 19:30:00,151.45,151.53999,150.64,150.96001,6470361,0,0
2021-11-05 13:30:00,151.59,152.1899,151.13,151.23,15655597,0,0
2021-11-05 14:30:00,151.22,151.33,150.82001,150.9496,9570554,0,0
2021-11-05 15:30:00,150.94991,151.10001,150.85001,150.935,4597519,0,0
2021-11-05 16:30:00,150.94,150.9874,150.07001,150.08,5474264,0,0
2021-11-05 17:30:00,150.09,150.67,150.06,150.45,6653767,0,0
2021-11-05 18:30:00,150.45,150.88499,150.22,150.815,5605853,0,0
2021-11-05 19:30:00,150.8177,151.46001,150.815,151.24001,7644247,0,0
2021-11-08 14:30:00,151.5,151.55,150.7,151.02,23215296,0,0
2021-11-08 15:30:00,151.02,151.09,150.515,150.6685,6183703,0,0
2021-11-08 16:30:00,150.66,150.7,150.16,150.45,5397628,0,0
2021-11-08 17:30:00,150.44501,151.00999,150.34,150.88499,3687602,0,0
2021-11-08 18:30:00,150.89,150.95,150.52,150.5213,3291119,0,0
2021-11-08 19:30:00,150.52499,150.675,150.42,150.47501,3281505,0,0
2021-11-08 20:30:00,150.47501,150.63,150.31,150.45,4470749,0,0
2021-11-09 14:30:00,150.23,151.42799,150.07001,150.63,17705573,0,0
2021-11-09 15:30:00,150.63,151.2,150.575,150.61,6493737,0,0
2021-11-09 16:30:00,150.61501,151.069,150.5,150.7,5293536,0,0
2021-11-09 17:30:00,150.69,151.24001,150.645,151.005,4515093,0,0
2021-11-09 18:30:00,151.0,151.145,150.545,150.7,4101891,0,0
2021-11-09 19:30:00,150.7,150.97501,150.625,150.67,4041251,0,0
2021-11-09 20:30:00,150.67,151.11,150.645,150.81,4759947,0,0
2021-11-10 14:30:00,150.105,150.1297,147.95,149.00999,21294212,0,0
2021-11-10 15:30:00,149.015,149.17999,148.72,148.86,5859609,0,0
2021-11-10 16:30:00,148.86501,149.188,148.67999,148.98,4177979,0,0
2021-11-10 17:30:00,148.99001,149.17999,148.52499,148.827,5078368,0,0
2021-11-10 18:30:00,148.8286,148.89,148.175,148.17999,5496658,0,0
2021-11-10 19:30:00,148.175,148.37,147.933,148.06,7686912,0,0
2021-11-10 20:30:00,148.05499,148.2975,147.85001,147.92,7164131,0,0
2021-11-11 14:30:00,148.95599,149.08,148.1501,148.42999,10545157,0,0
2021-11-11 15:30:00,148.42999,148.66,148.16,148.32899,5133080,0,0
2021-11-11 16:30:00,148.3213,148.5699,147.87,148.02,4736755,0,0
2021-11-11 17:30:00,148.02,148.12,147.681,147.78999,3929739,0,0
2021-11-11 18:30:00,147.77991,148.08,147.705,147.935,3669217,0,0
2021-11-11 19:30:00,147.9362,148.3,147.82001,147.99001,4287141,0,0
2021-11-11 20:30:00,147.995,148.14999,147.765,147.87,4711522,0,0
2021-11-12 14:30:00,148.45,148.5,147.48,148.255,11867068,0,0
2021-11-12 15:30:00,148.25999,150.05,148.13,149.94501,11798374,0,0
2021-11-12 16:30:00,149.94501,150.09,149.612,149.7901,6623415,0,0
2021-11-12 17:30:00,149.8,149.83,149.29201,149.69,7214652,0,0
2021-11-12 18:30:00,149.7,150.03,149.67999,149.75999,5403894,0,0
2021-11-12 19:30:00,149.75999,150.19,149.7419,150.175,4847857,0,0
2021-11-12 20:30:00,150.17999,150.395,149.845,149.99001,6337791,0,0
2021-11-15 14:30:00,150.375,151.88,150.25,150.4409,15416908,0,0
2021-11-15 15:30:00,150.44,150.92,149.955,150.06,6870548,0,0
2021-11-15 16:30:00,150.05009,150.3,149.42999,149.66991,6540648,0,0
2021-11-15 17:30:00,149.6667,150.2361,149.655,150.03,4041528,0,0
2021-11-15 18:30:00,150.03,150.13,149.75999,149.875,3514209,0,0
2021-11-15 19:30:00,149.875,150.25,149.83,150.22009,4653556,0,0
2021-11-15 20:30:00,150.23,150.25999,149.7598,150.0,5283332,0,0
2021-11-16 14:30:00,149.99001,150.39,149.34,149.37,12895234,0,0
2021-11-16 15:30:00,149.37,151.285,149.3427,151.08501,8954112,0,0
2021-11-16 16:30:00,151.09,151.48801,150.89,151.12,8454832,0,0
2021-11-16 17:30:00,151.1274,151.36,151.0,151.0675,3873122,0,0
2021-11-16 18:30:00,151.065,151.47,151.05,151.14101,4588645,0,0
2021-11-16 19:30:00,151.145,151.198,150.80499,151.05,4080147,0,0
2021-11-16 20:30:00,151.03999,151.24699,150.92,151.0,5157981,0,0
2021-11-17 14:30:00,150.995,152.78,150.995,152.50999,19907403,0,0
2021-11-17 15:30:00,152.52,154.48,152.2,154.37289,15208360,0,0
2021-11-17 16:30:00,154.37,155.0,153.77049,154.105,14334073,0,0
2021-11-17 17:30:00,154.11,154.71941,153.735,154.36,8150216,0,0
2021-11-17 18:30:00,154.37,154.545,154.02,154.185,6182587,0,0
2021-11-17 19:30:00,154.181,154.181,153.64999,153.89,7470130,0,0
2021-11-17 20:30:00,153.89,154.27,153.34,153.49001,9234261,0,0
2021-11-18 14:30:00,153.7,154.61501,153.06,154.17,30718553,0,0
2021-11-18 15:30:00,154.175,154.49001,153.88,154.07001,7610791,0,0
2021-11-18 16:30:00,154.07001,156.53999,154.06,156.4991,14479945,0,0
2021-11-18 17:30:00,156.505,157.87,155.97501,157.44,31366793,0,0
2021-11-18 18:30:00,157.42999,158.39999,157.28,157.9399,15138002,0,0
2021-11-18 19:30:00,157.931,158.0,157.37,157.90849,10684885,0,0
2021-11-18 20:30:00,157.905,158.67,157.7,157.89,15783547,0,0
2021-11-19 14:30:00,157.62,159.0,156.55,158.14999,0,0,0
2021-11-19 15:30:00,158.17999,159.94,158.17999,159.85001,0,0,0
2021-11-19 16:30:00,159.87,160.13,159.55,159.92999,0,0,0
2021-11-19 17:30:00,159.92,160.53999,159.72,159.96001,0,0,0
2021-11-19 18:30:00,159.95,160.84,159.8,160.71001,0,0,0
2021-11-19 19:30:00,160.71001,160.75999,160.11,160.48,0,0,0
2021-11-19 20:30:00,160.47,161.00999,160.25,160.55,0,0,0
2021-11-22 14:30:00,161.73,165.67999,161.69,165.31,13723069,0,0
2021-11-22 15:30:00,165.31,165.55,163.99001,164.435,8608033,0,1
2021-11-22 16:30:00,164.4221,165.2197,163.08,163.37,12387761,0,0
2021-11-22 17:30:00,163.37,164.3799,163.33,163.37,7941544,0,0
2021-11-22 18:30:00,163.37,164.25999,163.34,164.005,2029355,0,0
2021-11-22 19:30:00,164.00999,164.19,163.455,163.5614,2830545,0,0
2021-11-22 20:30:00,163.565,163.565,161.0,161.08,12340291,0,0
2021-11-23 14:30:00,161.0,161.74001,159.07001,159.67999,11916616,0,0
2021-11-23 15:30:00,159.56,160.58,159.56,160.25999,3800093,0,0
2021-11-23 16:30:00,160.27,160.39,159.23,160.24001,4532113,0,0
2021-11-23 17:30:00,160.22,160.61,159.2103,159.31,2889957,0,0
2021-11-23 18:30:00,159.28999,160.23,159.09,160.03999,4553065,1,0
2021-11-23 19:30:00,160.03999,161.14,159.82001,160.73,2652587,0,0
2021-11-23 20:30:00,160.73,161.69,160.6588,161.41,6788434,0,0
2021-11-24 14:30:00,161.34,161.41,159.71001,160.44,8781628,0,0
2021-11-24 15:30:00,160.47,161.84,160.32001,161.75,2780571,0,0
2021-11-24 16:30:00,161.8,161.97,160.95,161.13,1369460,0,0
2021-11-24 17:30:00,161.16,161.74001,161.06,161.35001,2198379,0,0
2021-11-24 18:30:00,161.36,161.39,160.50999,160.6915,1546325,0,0
2021-11-24 19:30:00,160.69,161.55,160.67,161.33,2599897,0,0
2021-11-24 20:30:00,161.38,162.12,161.24001,162.02,0,0,0
2021-11-26 14:30:00,159.63,160.39,157.58459,158.14,5761961,0,0
2021-11-26 15:30:00,158.13,158.23,156.94,157.42999,4520411,0,0
2021-11-26 16:30:00,157.32001,158.21001,157.25999,157.78,3558422,0,0
2021-11-26 17:30:00,157.72,157.86,156.36,157.45,17337460,0,0
2021-11-26 18:30:00,157.455,157.52,155.8018,157.45,0,0,0
2021-11-26 19:30:00,157.44,157.44,156.81,157.2,0,0,0
2021-11-26 20:30:00,157.2,157.27,157.02,157.2,0,0,0
2021-11-29 14:30:00,159.37,160.58,159.08,159.42999,18125668,0,0
2021-11-29 15:30:00,159.47,159.7,158.7901,159.55,5061042,0,0
2021-11-29 16:30:00,159.52,160.7,159.47,160.55,0,0,0
2021-11-29 17:30:00,160.57001,160.88,160.38,160.67,0,0,0
2021-11-29 18:30:00,160.67,161.17,160.41,160.49001,3115378,0,0
2021-11-29 19:30:00,160.5,160.97,160.28999,160.38,152765,0,0
2021-11-29 20:30:00,160.28999,160.48,159.98,160.08,3842669,0,0
2021-11-30 14:30:00,160.0,164.14999,159.92,164.00999,15789861,0,0
2021-11-30 15:30:00,164.12,164.53,161.84,163.14999,24218285,0,0
2021-11-30 16:30:00,163.06,163.64,162.02,163.45,10200474,0,0
2021-11-30 17:30:00,163.45,164.25,163.065,163.77,10264928,0,0
2021-11-30 18:30:00,163.75,164.89999,163.67999,164.50999,3770223,0,0
2021-11-30 19:30:00,164.58,164.85001,163.42999,163.50999,8913305,0,0
2021-11-30 20:30:00,163.5,165.52,163.35001,165.42999,19090695,0,0
2021-12-01 14:30:00,167.41,168.44501,166.05,167.62,35887617,0,0
2021-12-01 15:30:00,167.625,170.2,167.62241,169.8448,23651441,0,0
2021-12-01 16:30:00,169.85001,170.00999,169.08,169.89999,14995901,0,0
2021-12-01 17:30:00,169.89999,170.295,168.46001,169.3699,16367440,0,1
2021-12-01 18:30:00,169.355,169.355,167.00999,167.94501,15632233,0,0
2021-12-01 19:30:00,167.92999,168.21001,164.77,165.57001,17054384,0,0
2021-12-01 20:30:00,165.56,166.89,164.53,164.67,15502110,0,0
2021-12-02 14:30:00,158.60201,161.63,157.8,160.14011,43179474,1,0
2021-12-02 15:30:00,160.14999,162.13,159.03999,161.965,19520031,0,0
2021-12-02 16:30:00,161.98,163.69901,160.96001,163.42999,16610747,0,0
2021-12-02 17:30:00,163.425,163.64999,162.56,162.8414,13527731,0,0
2021-12-02 18:30:00,162.85001,163.97,162.53999,163.78,11503452,0,0
2021-12-02 19:30:00,163.77,163.96989,162.92999,163.46001,10432171,0,0
2021-12-02 20:30:00,163.45,164.2,163.13609,163.78999,10655954,0,0
2021-12-03 14:30:00,163.995,164.96001,161.8,163.685,26568718,0,0
2021-12-03 15:30:00,163.67,163.7282,161.60001,162.42999,16136375,0,0
2021-12-03 16:30:00,162.425,162.60001,160.50999,161.4352,15347707,0,0
2021-12-03 17:30:00,161.45,162.41,160.75999,160.86,10155110,0,0
2021-12-03 18:30:00,160.84,160.8499,159.75,160.49001,12794527,0,0
2021-12-03 19:30:00,160.47,160.67999,159.77,160.37,10973126,0,0
2021-12-03 20:30:00,160.37,162.17999,160.25,161.85001,11561561,1,0
2021-12-06 14:30:00,164.31779,167.84,164.28,165.94,26267511,0,0
2021-12-06 15:30:00,165.92999,166.64999,164.92,165.28,8541966,0,0
2021-12-06 16:30:00,165.22,166.38,165.09,166.23,2034421,0,0
2021-12-06 17:30:00,166.25,166.44,165.58,166.28,1165932,0,0
2021-12-06 18:30:00,166.31,166.4913,165.47,165.72,4692693,0,0
2021-12-06 19:30:00,165.7399,165.84,164.99001,165.355,6397811,0,0
2021-12-06 20:30:00,165.355,165.64999,165.05,165.28999,6617338,0,0
2021-12-07 14:30:00,169.0,170.94,168.46001,170.37,4372753,0,0
2021-12-07 15:30:00,170.38,171.28,170.32001,170.58,12828502,0,0
2021-12-07 16:30:00,170.59,171.57001,170.5,171.52,12119241,0,0
2021-12-07 17:30:00,171.56,171.58,170.64999,170.86,908082,0,0
2021-12-07 18:30:00,170.87,170.91499,169.7,169.9285,6890243,0,0
2021-12-07 19:30:00,169.92999,170.33501,169.4516,170.11,9385952,0,0
2021-12-07 20:30:00,170.11,171.27,169.9124,171.21001,15752913,0,0
2021-12-08 14:30:00,172.065,174.44,170.7,173.80499,35409755,0,0
2021-12-08 15:30:00,173.82001,174.72,173.27,174.37,17046693,0,0
2021-12-08 16:30:00,174.37,174.87,173.75,173.94,11881123,0,0
2021-12-08 17:30:00,173.94,174.61,173.935,174.2605,6821831,0,0
2021-12-08 18:30:00,174.265,175.95,174.0726,175.71001,12324017,0,0
2021-12-08 19:30:00,175.71001,175.92,174.05,174.345,12388996,0,0
2021-12-08 20:30:00,174.35001,175.28,174.05,175.00999,10466467,0,0
2021-12-09 14:30:00,174.84,176.75,173.92,174.03999,30419651,0,0
2021-12-09 15:30:00,174.05,176.2,173.96001,175.5903,18490862,0,0
2021-12-09 16:30:00,175.59779,175.705,174.48399,175.11501,10678494,0,0
2021-12-09 17:30:00,175.12,175.89999,174.96001,175.32001,8995599,0,0
2021-12-09 18:30:00,175.32001,175.96001,175.1306,175.7,8615286,0,0
2021-12-09 19:30:00,175.69,175.795,174.57001,174.94,10082033,0,0
2021-12-09 20:30:00,174.94,175.345,174.2,174.62,10179306,0,0
2021-12-10 14:30:00,175.14,176.94,174.7,176.92,27767650,0,0
2021-12-10 15:30:00,176.9102,176.99001,175.39999,176.30499,14822791,0,0
2021-12-10 16:30:00,176.30499,177.17999,175.735,176.95,11858055,0,0
2021-12-10 17:30:00,176.97,177.66499,176.64,177.62,10372689,0,0
2021-12-10 18:30:00,177.61011,177.88,177.34,177.83,8597330,0,0
2021-12-10 19:30:00,177.83839,178.2,177.61,177.925,14462141,0,0
2021-12-10 20:30:00,177.92,179.63,177.90379,179.5,15307441,0,0
2021-12-13 14:30:00,181.179,182.09,178.32001,178.9597,43507773,0,1
2021-12-13 15:30:00,178.94501,180.17,177.75999,177.95,25364503,0,0
2021-12-13 16:30:00,177.95,179.12,177.11,179.09,17952882,0,0
2021-12-13 17:30:00,179.095,179.41,177.75999,177.77,11268936,0,0
2021-12-13 18:30:00,177.77,178.63989,177.34,178.25999,11092338,0,0
2021-12-13 19:30:00,178.25,178.86,177.17999,177.1902,10811971,0,0
2021-12-13 20:30:00,177.17999,177.82001,175.57001,175.81,16527944,0,0
2021-12-14 14:30:00,175.27,177.72501,174.2558,174.5099,33945781,0,0
2021-12-14 15:30:00,174.5,175.08,172.39,173.49001,21365146,0,0
2021-12-14 16:30:00,173.5,173.60001,172.21001,172.56,11763175,0,0
2021-12-14 17:30:00,172.55499,174.07001,172.47,173.655,12132696,0,0
2021-12-14 18:30:00,173.6516,174.55,173.08,174.17,8718249,0,0
2021-12-14 19:30:00,174.1785,175.439,174.06,175.3707,10786788,0,0
2021-12-14 20:30:00,175.37,175.61,173.78999,174.34,13320919,0,0
2021-12-15 14:30:00,175.105,175.8494,172.92,173.66499,23011755,0,0
2021-12-15 15:30:00,173.66,174.41,172.95,173.185,9540399,0,0
2021-12-15 16:30:00,173.17999,173.21001,172.31081,173.05,10162029,0,0
2021-12-15 17:30:00,173.04871,173.82001,172.75999,173.5573,8208143,1,0
2021-12-15 18:30:00,173.545,176.77,172.46001,176.17,20678898,0,0
2021-12-15 19:30:00,176.17999,179.33501,175.69501,178.75999,27781136,0,0
2021-12-15 20:30:00,178.75,179.5,178.0701,179.3,9623300,0,0
2021-12-16 14:30:00,179.3,181.14,174.53,175.95,40638984,0,1
2021-12-16 15:30:00,175.935,176.57001,174.25,175.1501,17299499,0,0
2021-12-16 16:30:00,175.145,175.47,174.47,174.5576,12828170,0,0
2021-12-16 17:30:00,174.55,174.83,173.12109,174.03889,13263904,0,0
2021-12-16 18:30:00,174.0329,174.44,171.58,172.0659,14926787,0,0
2021-12-16 19:30:00,172.09,172.7594,170.75,171.935,21405114,0,0
2021-12-16 20:30:00,171.94,173.33,171.905,172.25,18248005,0,0
2021-12-17 14:30:00,169.92999,173.07001,169.69,170.36,42103285,1,0
2021-12-17 15:30:00,170.34,173.47,170.06,173.13499,19116033,0,0
2021-12-17 16:30:00,173.12,173.24001,169.86,170.7458,21499172,0,0
2021-12-17 17:30:00,170.73,171.97,170.27991,171.89999,12872541,0,0
2021-12-17 18:30:00,171.9082,172.73,171.14999,171.85001,13372937,0,0
2021-12-17 19:30:00,171.8428,173.09,171.58501,171.735,13088389,0,0
2021-12-17 20:30:00,171.73,171.84,170.5,170.86,14877576,0,0
2021-12-20 14:30:00,168.11501,169.95,167.47,167.94501,26790853,0,0
2021-12-20 15:30:00,167.94,169.14841,167.7301,168.74001,14012392,1,0
2021-12-20 16:30:00,168.73,170.58,168.33,170.105,12465935,0,0
2021-12-20 17:30:00,170.10001,170.13,168.82001,169.4216,9233713,0,0
2021-12-20 18:30:00,169.41,170.28999,169.19,169.5984,9490330,0,0
2021-12-20 19:30:00,169.5862,170.42999,169.36,169.78,9268449,0,0
2021-12-20 20:30:00,169.77,170.17999,169.1001,169.88,10244465,0,0
2021-12-21 14:30:00,171.69,172.14,169.35001,169.57291,21794237,0,0
2021-12-21 15:30:00,169.58501,170.7,169.12,170.2991,11079500,0,0
2021-12-21 16:30:00,170.3,171.53999,170.14,171.489,9629737,0,0
2021-12-21 17:30:00,171.52499,171.53,170.66,170.9612,7511990,0,0
2021-12-21 18:30:00,170.97,172.09,170.81,172.08,8362705,0,0
2021-12-21 19:30:00,172.092,173.0368,172.02,172.577,11182455,0,0
2021-12-21 20:30:00,172.575,173.2,172.19099,172.98,8215740,0,0
2021-12-22 14:30:00,173.08501,174.16,172.16,173.625,21354279,0,0
2021-12-22 15:30:00,173.63,174.52499,173.5423,173.855,13553812,0,0
2021-12-22 16:30:00,173.86,174.61,173.62,174.37759,9615691,0,0
2021-12-22 17:30:00,174.37,174.75,174.142,174.21001,6240563,0,0
2021-12-22 18:30:00,174.19501,174.44,173.62109,173.7103,6168792,0,0
2021-12-22 19:30:00,173.72,175.02499,173.49001,174.925,10816758,0,0
2021-12-22 20:30:00,174.92,175.86,174.75999,175.63,9539197,0,0
2021-12-23 14:30:00,175.985,176.45,175.28,176.4413,17847264,0,0
2021-12-23 15:30:00,176.45,176.53999,175.67,175.71609,8233105,0,0
2021-12-23 16:30:00,175.72,176.24001,175.71989,175.9823,7640449,0,0
2021-12-23 17:30:00,175.9884,176.34,175.795,176.21001,4342051,0,0
2021-12-23 18:30:00,176.22,176.27,175.75999,176.06,0,0,0
2021-12-23 19:30:00,176.06,176.6414,175.95,176.21001,4999557,0,0
2021-12-23 20:30:00,176.2,176.84,175.97,176.28,4232477,0,0
2021-12-27 14:30:00,177.09,178.45,177.09,177.62,13828968,0,0
2021-12-27 15:30:00,177.62,178.87,177.5,178.72501,3830569,0,0
2021-12-27 16:30:00,178.73,179.32001,178.44,179.3,1992605,0,0
2021-12-27 17:30:00,179.32001,179.66499,178.92999,179.61,4228298,0,0
2021-12-27 18:30:00,179.60001,180.22,179.59,180.13,4493990,0,0
2021-12-27 19:30:00,180.12,180.12,179.53999,179.92,1883989,0,0
2021-12-27 20:30:00,179.89999,180.38,179.78,180.37,0,0,0
2021-12-28 14:30:00,180.33,180.33,178.53,179.19,2202251,0,0
2021-12-28 15:30:00,179.19,181.32001,179.06,179.99001,4489937,0,0
2021-12-28 16:30:00,180.06,180.64999,179.72,179.74001,0,0,0
2021-12-28 17:30:00,179.75999,179.96001,179.28,179.94,0,0,0
2021-12-28 18:30:00,179.94,180.0,179.09,179.39,1277890,0,0
2021-12-28 19:30:00,179.38,179.64,179.17,179.28,547582,0,0
2021-12-28 20:30:00,179.28,179.81,179.14999,179.28999,0,0,0
2021-12-29 14:30:00,179.3,180.60001,178.17,179.23,0,0,0
2021-12-29 15:30:00,179.19,179.92999,178.83,179.27,0,0,0
2021-12-29 16:30:00,179.25999,179.53,178.69,178.91,0,0,0
2021-12-29 17:30:00,178.88,179.47,178.82001,179.10001,0,0,0
2021-12-29 18:30:00,179.14,179.5,178.98,179.41,0,0,0
2021-12-29 19:30:00,179.42999,179.64999,179.31,179.47,0,0,0
2021-12-29 20:30:00,179.47,179.78,179.35001,179.38,0,0,0
2021-12-30 14:30:00,179.63,180.56,178.92999,180.31,0,0,0
2021-12-30 15:30:00,180.35001,180.36,179.77,180.03,0,0,0
2021-12-30 16:30:00,180.02,180.02,179.53,179.71001,0,0,0
2021-12-30 17:30:00,179.72,179.89,179.28,179.36,0,0,0
2021-12-30 18:30:00,179.32001,179.42,178.67999,178.98,0,0,0
2021-12-30 19:30:00,178.96001,179.35001,178.82001,178.95,0,0,0
2021-12-30 20:30:00,178.97,179.03,178.11,178.46001,0,0,0
2021-12-31 14:30:00,178.08501,179.23,177.32001,178.26019,12647331,0,0
2021-12-31 15:30:00,178.25999,178.48,177.89999,178.36,6323232,0,0
2021-12-31 16:30:00,178.355,178.3999,177.27,177.50999,5569354,0,0
2021-12-31 17:30:00,177.52,177.8,177.41,177.63,4919931,0,0
2021-12-31 18:30:00,177.61,177.91,177.28999,177.39999,5318300,0,0
2021-12-31 19:30:00,177.395,177.89999,177.38,177.845,8925144,0,0
2021-12-31 20:30:00,177.84,178.25999,177.44,177.59,9388443,0,0
2022-01-03 14:30:00,177.83,181.42999,177.71001,180.84,25170379,0,0
2022-01-03 15:30:00,180.85001,181.77,180.39,181.74989,12171458,0,0
2022-01-03 16:30:00,181.75,181.77,181.075,181.60001,8314312,0,0
2022-01-03 17:30:00,181.595,182.27901,181.49001,182.22971,8407914,0,0
2022-01-03 18:30:00,182.22501,182.88,181.81,181.86501,11618629,0,0
2022-01-03 19:30:00,181.86,182.28999,181.66,182.145,7902094,0,0
2022-01-03 20:30:00,182.14999,182.14999,181.19501,182.0,10255091,0,0
2022-01-04 14:30:00,182.63,182.94,181.49001,182.25,23110849,0,0
2022-01-04 15:30:00,182.3999,182.6799,179.47,179.94,18656277,0,0
2022-01-04 16:30:00,179.94,180.37,179.2,180.03,10817169,0,0
2022-01-04 17:30:00,180.02,180.05,179.22,179.5,8383086,0,0
2022-01-04 18:30:00,179.5,179.75,179.12,179.49699,6667826,0,0
2022-01-04 19:30:00,179.49001,180.5,179.48,180.11,8899951,0,0
2022-01-04 20:30:00,180.11,180.48,179.62,179.66,7054483,0,0
2022-01-05 14:30:00,179.61,180.17,177.97,178.92999,18358054,0,0
2022-01-05 15:30:00,178.92,179.32001,178.13,179.32001,2080434,0,0
2022-01-05 16:30:00,179.35001,179.42,178.57001,179.13499,172724,0,0
2022-01-05 17:30:00,179.12,179.1299,177.7399,178.27,49204945,0,0
2022-01-05 18:30:00,178.27,178.72,176.89999,177.09,9889106,0,0
2022-01-05 19:30:00,177.09,177.39999,175.25999,176.3403,16263138,0,0
2022-01-05 20:30:00,176.35001,176.84,174.64,174.83501,14986383,0,0
2022-01-06 14:30:00,173.06641,175.3,172.17,173.52,28659750,0,0
2022-01-06 15:30:00,173.50999,174.3,172.9691,173.2,14387930,0,0
2022-01-06 16:30:00,173.2,173.41,172.58,173.0345,8887889,0,0
2022-01-06 17:30:00,173.03,173.66,172.69321,172.77,7258642,0,0
2022-01-06 18:30:00,172.77,173.71001,172.72,172.97,6908768,0,0
2022-01-06 19:30:00,172.96001,173.38,172.3,172.5741,8410552,0,0
2022-01-06 20:30:00,172.57001,172.705,171.64,172.00999,10607468,0,0
2022-01-07 14:30:00,172.89,174.14,171.5,172.185,21573578,0,0
2022-01-07 15:30:00,172.1973,172.59,171.03,171.78,11569231,0,0
2022-01-07 16:30:00,171.78,172.72,171.575,172.2,8028952,0,0
2022-01-07 17:30:00,172.19,172.60001,171.75999,172.17,10650087,0,0
2022-01-07 18:30:00,172.16,172.55,171.87,172.13,6750469,0,0
2022-01-07 19:30:00,172.12,173.6881,172.06,173.02,9535435,0,0
2022-01-07 20:30:00,173.02,173.25999,171.89999,172.19,8283817,0,0
2022-01-10 14:30:00,169.08,171.73,168.37,168.73,28425994,0,0
2022-01-10 15:30:00,168.71001,170.02,168.17,169.925,13370002,1,0
2022-01-10 16:30:00,169.92999,169.92999,168.28999,168.9167,9475502,0,0
2022-01-10 17:30:00,168.89999,170.75,168.74001,170.62,9891013,0,0
2022-01-10 18:30:00,170.61,171.66,170.44,170.795,9783811,0,0
2022-01-10 19:30:00,170.81,171.17619,169.97009,170.59,9748679,0,0
2022-01-10 20:30:00,170.59,172.5,170.38,172.16,10631684,0,0
2022-01-11 14:30:00,172.32001,172.7,170.83,172.2,17319103,0,0
2022-01-11 15:30:00,172.215,174.12,170.97,174.07339,13640451,0,0
2022-01-11 16:30:00,174.065,175.035,173.78999,174.0,11239110,0,0
2022-01-11 17:30:00,174.00999,174.77,172.59,174.44501,5906445,0,0
2022-01-11 18:30:00,174.44,174.56,173.87,174.46001,4852878,0,0
2022-01-11 19:30:00,174.465,175.1199,174.21001,174.8302,7822768,0,0
2022-01-11 20:30:00,174.84,175.17999,174.39999,175.09,7826037,0,0
2022-01-12 14:30:00,176.02,177.13,175.31,176.74001,0,0,0
2022-01-12 15:30:00,176.71001,176.82001,174.87,175.64,0,0,0
2022-01-12 16:30:00,175.7,176.22,175.32001,175.78,0,0,0
2022-01-12 17:30:00,175.8,176.37,175.58,175.69,0,0,0
2022-01-12 18:30:00,175.62,175.99001,175.23,175.73,0,0,0
2022-01-12 19:30:00,175.69,175.74001,175.10001,175.49001,0,0,0
2022-01-12 20:30:00,175.46001,175.92,175.19,175.53,0,0,0
2022-01-13 14:30:00,175.75,176.60001,174.92999,175.63,0,0,0
2022-01-13 15:30:00,175.53,175.74001,174.58,175.05,0,0,0
2022-01-13 16:30:00,175.03,175.53,173.5,173.62,0,0,0
2022-01-13 17:30:00,173.53999,173.91,172.84,173.60001,0,0,0
2022-01-13 18:30:00,173.55,174.19,173.32001,173.55,0,0,0
2022-01-13 19:30:00,173.52,173.72,172.7,173.22,0,0,0
2022-01-13 20:30:00,173.22,173.52,171.83,172.19,0,0,0
2022-01-14 14:30:00,171.34,173.78,171.28,172.69501,21275102,0,0
2022-01-14 15:30:00,172.6982,172.87,171.25999,171.71001,12294932,0,0
2022-01-14 16:30:00,171.7,172.94,171.55499,172.12,7594772,0,0
2022-01-14 17:30:00,172.10699,172.46001,171.09,171.39,7075833,0,0
2022-01-14 18:30:00,171.39,172.52,171.11,171.92999,7422004,0,0
2022-01-14 19:30:00,171.92999,172.85001,171.89,172.495,7160640,0,0
2022-01-14 20:30:00,172.5,173.28,172.5,173.07001,7224534,0,0
2022-01-18 14:30:00,171.49001,172.48,170.59,172.31,22062958,0,0
2022-01-18 15:30:00,172.32001,172.32001,170.5,170.5699,9238499,0,0
2022-01-18 16:30:00,170.56,171.28,169.78,170.0,9246497,0,0
2022-01-18 17:30:00,169.995,170.14999,169.57001,169.755,7831290,0,0
2022-01-18 18:30:00,169.75,170.53101,169.685,170.16,8604513,0,0
2022-01-18 19:30:00,170.14999,170.78999,169.84,170.34,8120734,0,0
2022-01-18 20:30:00,170.34,170.52,169.405,169.83,10471741,0,0
2022-01-19 14:30:00,170.0,171.08,169.28999,169.87,18396939,0,0
2022-01-19 15:30:00,169.89,170.03999,167.53999,167.78,14860655,0,0
2022-01-19 16:30:00,167.7917,169.62,167.32001,169.03999,10965653,0,0
2022-01-19 17:30:00,169.065,169.45,168.63,168.8103,8382364,0,0
2022-01-19 18:30:00,168.81,169.03,167.62,167.64999,8170637,0,0
2022-01-19 19:30:00,167.645,168.2699,167.49001,167.50999,9608358,0,0
2022-01-19 20:30:00,167.50999,167.675,165.94,166.21001,11955031,0,0
2022-01-20 14:30:00,166.98,169.34,166.75999,169.23,19175137,0,0
2022-01-20 15:30:00,169.37,169.64,168.97,169.36,11690672,0,0
2022-01-20 16:30:00,169.36,169.48,168.78931,169.10001,8874033,0,0
2022-01-20 17:30:00,169.075,169.22,167.60001,167.61,7758353,0,0
2022-01-20 18:30:00,167.61,167.89999,166.46001,166.64011,9246573,0,0
2022-01-20 19:30:00,166.6474,166.97,165.64999,165.84,11023839,0,0
2022-01-20 20:30:00,165.845,165.97,164.23,164.5,13852847,0,0
2022-01-21 14:30:00,165.34,166.0,162.96001,164.31,31999590,0,0
2022-01-21 15:30:00,164.31,166.33,164.13,165.95,18035339,0,0
2022-01-21 16:30:00,165.94,165.95,163.52,163.73,12105168,0,0
2022-01-21 17:30:00,163.73,164.78,163.25,163.75,9761248,0,0
2022-01-21 18:30:00,163.75,164.53,163.3,163.37,9826783,0,0
2022-01-21 19:30:00,163.36501,163.92,162.405,162.86,14436018,0,0
2022-01-21 20:30:00,162.86,163.88499,162.34,162.34,14302431,0,0
2022-01-24 14:30:00,160.14999,160.89999,158.07001,158.89999,40000130,0,0
2022-01-24 15:30:00,158.9003,159.39999,157.58,158.35001,18589603,0,0
2022-01-24 16:30:00,158.36,158.5,154.7,155.64999,23957766,0,0
2022-01-24 17:30:00,155.64,158.3399,155.27,157.03,17701846,1,0
2022-01-24 18:30:00,157.02,159.58,156.96001,157.2,15330211,0,0
2022-01-24 19:30:00,157.19,159.16,156.03,158.5,14633362,0,0
2022-01-24 20:30:00,158.5,162.3,158.03999,162.13,14928034,0,0
2022-01-25 14:30:00,158.85001,159.69,157.02,158.77,3206730,0,0
2022-01-25 15:30:00,158.77,159.75,157.82001,158.58,9773325,0,0
2022-01-25 16:30:00,158.59,158.94,157.14999,158.64999,3793776,0,0
2022-01-25 17:30:00,158.67,159.47,157.63,159.39,4013422,0,0
2022-01-25 18:30:00,159.38,161.75,159.2583,161.74001,5282443,0,0
2022-01-25 19:30:00,161.71001,162.75999,160.45,160.67,12638116,0,0
2022-01-25 20:30:00,160.66499,161.49049,159.39,159.78,10434558,0,0
2022-01-26 14:30:00,163.5,163.63,161.53999,161.75,33823089,0,0
2022-01-26 15:30:00,161.64999,162.89999,161.39,162.73,17674758,0,0
2022-01-26 16:30:00,162.77,163.14999,162.46001,162.92999,10843988,0,0
2022-01-26 17:30:00,162.97,163.55,162.58,162.87,8959370,0,0
2022-01-26 18:30:00,162.84,164.25999,161.95,163.09,14420868,0,0
2022-01-26 19:30:00,163.12,163.46001,157.84,159.59,29637596,0,0
2022-01-26 20:30:00,159.55,160.14999,158.24001,159.58,11498916,0,0
2022-01-27 14:30:00,162.45,163.81,161.75999,162.61,22055935,0,0
2022-01-27 15:30:00,162.59,163.39,161.67999,162.33,12959035,0,0
2022-01-27 16:30:00,162.34,163.35001,160.96001,161.14461,11838250,0,0
2022-01-27 17:30:00,161.14,161.35001,158.59,158.78,14016024,0,0
2022-01-27 18:30:00,158.77,160.64999,158.67999,159.07001,12651871,1,0
2022-01-27 19:30:00,159.06,160.22,158.28999,158.795,13505645,0,0
2022-01-27 20:30:00,158.795,159.97,158.28,159.2,13779352,0,0
2022-01-28 14:30:00,165.71001,166.86501,162.855,165.4496,53210999,0,0
2022-01-28 15:30:00,165.44,168.62,164.78999,167.89999,25920264,0,0
2022-01-28 16:30:00,167.88,169.14,167.3911,168.23579,18082006,0,0
2022-01-28 17:30:00,168.24001,168.8999,167.71001,168.27,13439804,0,0
2022-01-28 18:30:00,168.27,168.86,166.75,166.94501,14389539,0,0
2022-01-28 19:30:00,166.95,169.2,166.52,168.71021,16645503,0,0
2022-01-28 20:30:00,168.71001,170.35001,168.33,170.3499,22144921,0,0
2022-01-31 14:30:00,170.16,173.62,169.50999,172.62,32319910,0,0
2022-01-31 15:30:00,172.61,173.36,172.27,172.57001,13326729,0,0
2022-01-31 16:30:00,172.565,173.58,172.35001,172.63499,10083567,0,0
2022-01-31 17:30:00,172.63,173.0874,172.42999,173.03,7643318,0,0
2022-01-31 18:30:00,173.035,173.74001,172.8,173.62,8222485,0,0
2022-01-31 19:30:00,173.62,173.62,172.77,173.28999,9974632,0,0
2022-01-31 20:30:00,173.28,175.0,173.06,174.8,16386679,0,0
2022-02-01 14:30:00,174.00999,174.59,172.35001,172.89999,22812848,0,0
2022-02-01 15:30:00,172.91,174.145,172.53,173.98,11363749,0,0
2022-02-01 16:30:00,173.97501,174.435,173.48,173.78,8265627,0,0
2022-02-01 17:30:00,173.78999,173.8,172.89999,173.00999,6096062,0,0
2022-02-01 18:30:00,173.01401,173.3,172.50999,173.09241,5988714,0,0
2022-02-01 19:30:00,173.095,174.19,172.81,174.1272,9232759,0,0
2022-02-01 20:30:00,174.13,174.84,174.02,174.61,9254418,0,0
2022-02-02 14:30:00,174.745,175.56,173.95,175.03,19872737,0,0
2022-02-02 15:30:00,175.03999,175.22,173.73,173.94,10356812,0,0
2022-02-02 16:30:00,173.9321,174.84,173.33,174.4855,6835085,0,0
2022-02-02 17:30:00,174.485,175.05,174.25,174.4799,6354426,0,0
2022-02-02 18:30:00,174.4799,175.05,174.28999,174.92999,5711818,0,0
2022-02-02 19:30:00,174.9209,175.69,174.86,175.22,8486771,0,0
2022-02-02 20:30:00,175.22,175.88,174.985,175.83,8765624,0,0
2022-02-03 14:30:00,174.48,175.84,173.87,175.83,20345409,0,0
2022-02-03 15:30:00,175.83,176.2399,174.82001,175.05,10202388,0,0
2022-02-03 16:30:00,175.03999,175.3101,174.28,175.1301,7888441,0,0
2022-02-03 17:30:00,175.13,175.7415,174.86,175.67999,5606497,0,0
2022-02-03 18:30:00,175.67,176.03,174.83,174.955,6788193,0,0
2022-02-03 19:30:00,174.952,175.24001,174.1723,174.61,10750320,0,0
2022-02-03 20:30:00,174.60001,174.625,172.12,173.0,12812349,0,0
2022-02-04 14:30:00,171.67999,172.91991,170.7,171.58,16434203,0,0
2022-02-04 15:30:00,171.57001,172.02,170.81,171.5,6213390,0,0
2022-02-04 16:30:00,171.53999,172.61,171.5,171.98,3557091,0,0
2022-02-04 17:30:00,172.02,173.45,171.675,172.99001,2551114,0,0
2022-02-04 18:30:00,173.02,173.72,172.52,172.84,1925282,0,0
2022-02-04 19:30:00,172.84,173.92999,172.78,173.535,4967503,0,0
2022-02-04 20:30:00,173.55,174.10001,172.22,172.32001,7409541,0,0
2022-02-07 14:30:00,172.75,173.94,172.39,173.28,22626159,0,0
2022-02-07 15:30:00,173.28999,173.9458,172.39,172.62,10447971,0,0
2022-02-07 16:30:00,172.62759,172.67999,171.73,171.83501,6983930,0,0
2022-02-07 17:30:00,171.83,172.62,171.53,172.558,5774506,0,0
2022-02-07 18:30:00,172.56351,172.72,171.97,172.61,4738204,0,0
2022-02-07 19:30:00,172.61,173.03999,172.2,172.25999,5846263,0,0
2022-02-07 20:30:00,172.2695,172.515,170.95,171.71001,7785179,0,0
2022-02-08 14:30:00,171.73,172.42,171.47,171.99989,14745199,0,0
2022-02-08 15:30:00,172.00999,173.67999,171.63,173.66,8773909,0,0
2022-02-08 16:30:00,173.66879,174.81,173.6524,174.8,10045628,0,0
2022-02-08 17:30:00,174.81,175.27789,174.22,174.3299,8189860,0,0
2022-02-08 18:30:00,174.3299,174.81,173.965,174.06,6830884,0,0
2022-02-08 19:30:00,174.07001,175.0,173.63499,174.3499,8173919,0,0
2022-02-08 20:30:00,174.35001,175.35001,174.21001,174.82001,9334998,0,0
2022-02-09 14:30:00,176.05,176.64,175.12,175.67999,17549923,0,0
2022-02-09 15:30:00,175.72,176.16991,175.2,175.45,8176642,0,0
2022-02-09 16:30:00,175.44,175.80991,175.22,175.5612,6012430,0,0
2022-02-09 17:30:00,175.57001,175.92,175.42999,175.62,5001872,0,0
2022-02-09 18:30:00,175.62,176.05,175.435,175.9101,5159335,0,0
2022-02-09 19:30:00,175.92,176.12,174.89999,175.59801,7179356,0,0
2022-02-09 20:30:00,175.591,176.33,175.505,176.28,9117572,0,0
2022-02-10 14:30:00,174.10001,175.48,173.75,174.92,18623986,0,0
2022-02-10 15:30:00,174.95,175.22,173.78999,174.39999,11641393,0,0
2022-02-10 16:30:00,174.39,175.02,173.89999,174.92,7112503,0,0
2022-02-10 17:30:00,174.92,175.06,172.37,173.14,11039035,0,0
2022-02-10 18:30:00,173.13,173.58,172.52,173.061,9324756,0,0
2022-02-10 19:30:00,173.07001,173.56,172.45,172.705,8303783,0,0
2022-02-10 20:30:00,172.69,172.89,171.55,172.25999,10592905,0,0
2022-02-11 14:30:00,172.59,173.08,171.03,171.72,18452711,0,0
2022-02-11 15:30:00,171.73,172.69501,171.39999,172.06,9239919,0,0
2022-02-11 16:30:00,172.06,172.2,171.3,171.81,6918995,0,0
2022-02-11 17:30:00,171.8,172.07001,171.02,171.02499,6087541,0,0
2022-02-11 18:30:00,171.03,171.0495,168.5,168.98,16404665,0,0
2022-02-11 19:30:00,168.98,169.85001,168.28999,168.83501,12356032,0,0
2022-02-11 20:30:00,168.83501,169.7,168.03999,168.44,11864959,0,0
2022-02-14 14:30:00,167.37,169.0,167.09,168.42,18117555,0,0
2022-02-14 15:30:00,168.4299,169.17,167.7,168.99001,9003239,0,0
2022-02-14 16:30:00,169.0,169.34,168.47,169.33,7083897,0,0
2022-02-14 17:30:00,169.315,169.58,168.8501,168.959,5098138,0,0
2022-02-14 18:30:00,168.965,168.97,166.56,167.5,9465749,0,0
2022-02-14 19:30:00,167.5,169.12891,167.0,168.5303,8915134,0,0
2022-02-14 20:30:00,168.53999,169.39,167.72,169.13,11946063,0,0
2022-02-15 14:30:00,171.0,171.44,170.28999,171.05,0,0,0
2022-02-15 15:30:00,171.12,171.62,170.7,171.44,0,0,0
2022-02-15 16:30:00,171.5,171.7,170.66,170.88,0,0,0
2022-02-15 17:30:00,170.88,171.94,170.36,171.84,187647,0,0
2022-02-15 18:30:00,171.88,172.03,171.39,171.81,0,0,0
2022-02-15 19:30:00,171.81,172.36,171.7,172.19,0,0,0
2022-02-15 20:30:00,172.17,172.91,171.78,172.81,0,0,0
2022-02-16 14:30:00,171.85001,172.32001,170.06,170.73,13963988,0,0
2022-02-16 15:30:00,170.73,171.22,170.35001,170.8699,6456789,0,0
2022-02-16 16:30:00,170.8681,171.41,170.7399,170.86819,5529140,0,0
2022-02-16 17:30:00,170.86,170.895,170.17999,170.87,4143528,0,0
2022-02-16 18:30:00,170.87,172.47501,170.53999,172.41499,7582466,0,0
2022-02-16 19:30:00,172.42,173.34,171.98,173.14,8460718,0,0
2022-02-16 20:30:00,173.14,173.19,172.31,172.55,6828677,0,1
2022-02-17 14:30:00,171.03,171.91,170.74001,170.92,13985404,0,0
2022-02-17 15:30:00,170.92,171.62,170.84,171.30499,8571601,0,0
2022-02-17 16:30:00,171.31,171.60001,170.755,171.05,6027512,0,0
2022-02-17 17:30:00,171.05,171.19,170.41,170.645,4555817,0,0
2022-02-17 18:30:00,170.63,170.73,169.75,169.80499,6049017,0,0
2022-02-17 19:30:00,169.8,169.873,168.895,169.21001,8802409,0,0
2022-02-17 20:30:00,169.21001,169.53999,168.47,168.92,10302103,0,0
2022-02-18 14:30:00,169.82001,170.54131,168.09,168.5,16719543,0,0
2022-02-18 15:30:00,168.495,168.495,167.28999,168.105,10302703,0,0
2022-02-18 16:30:00,168.11,168.36,167.21001,167.6955,8076673,0,0
2022-02-18 17:30:00,167.69,167.81,166.19,166.35001,9817963,0,0
2022-02-18 18:30:00,166.34,168.11,166.2995,168.03999,7875126,0,0
2022-02-18 19:30:00,168.035,168.66,167.28,167.375,9648996,0,0
2022-02-18 20:30:00,167.36501,167.89999,166.75999,167.60001,9552574,0,0
2022-02-22 14:30:00,164.98,166.69,164.17999,166.63,23044672,0,0
2022-02-22 15:30:00,166.63,166.67999,164.41,164.55,10346244,0,0
2022-02-22 16:30:00,164.55,165.32001,164.33,164.405,7787640,0,0
2022-02-22 17:30:00,164.39999,164.59,163.562,163.89999,6970095,0,0
2022-02-22 18:30:00,163.89,164.06,162.14999,163.35001,10939192,0,0
2022-02-22 19:30:00,163.325,165.3586,162.7847,165.12,12152764,0,0
2022-02-22 20:30:00,165.11501,165.21001,163.45,164.33,9251240,0,0
2022-02-23 14:30:00,165.53999,166.14999,163.72,163.89,16822391,0,0
2022-02-23 15:30:00,163.88,164.22,162.81,162.935,8389701,0,0
2022-02-23 16:30:00,162.92191,164.47,162.77,164.3049,7256351,0,0
2022-02-23 17:30:00,164.33,164.38,162.07001,162.16,6749498,0,0
2022-02-23 18:30:00,162.16,162.64999,161.31,161.42999,9012449,0,0
2022-02-23 19:30:00,161.44,161.59,160.302,160.8,11979944,0,0
2022-02-23 20:30:00,160.8,160.985,159.75,160.07001,14853573,0,0
2022-02-24 14:30:00,152.58,157.8,152.0,155.85001,47232065,1,0
2022-02-24 15:30:00,155.86,158.67999,154.96001,158.03,19119755,0,0
2022-02-24 16:30:00,158.03999,158.83,156.8,157.25999,11699290,0,0
2022-02-24 17:30:00,157.255,158.67999,156.7,157.9115,9915031,0,0
2022-02-24 18:30:00,157.92,159.92999,157.87,159.50999,11383399,0,0
2022-02-24 19:30:00,159.5,161.1319,159.47,160.35001,12939789,0,0
2022-02-24 20:30:00,160.35001,162.85001,160.3,162.77,13812686,0,0
2022-02-25 14:30:00,163.84,164.0,160.87379,162.14999,21024869,0,0
2022-02-25 15:30:00,162.14,164.50999,161.60001,164.03,13988802,0,0
2022-02-25 16:30:00,164.03999,164.84,163.86,164.3,9841000,0,0
2022-02-25 17:30:00,164.3,164.82001,163.48,164.485,9663934,0,0
2022-02-25 18:30:00,164.49001,165.00999,164.14,164.78,8439502,0,0
2022-02-25 19:30:00,164.78,165.0,163.98,164.675,10236795,0,0
2022-02-25 20:30:00,164.67999,165.12,164.45,164.87,11145461,0,0
2022-02-28 14:30:00,163.06,164.85001,162.78,163.78,18708455,0,0
2022-02-28 15:30:00,163.78,165.23,163.7599,165.08,10793313,0,0
2022-02-28 16:30:00,165.07001,165.42,163.99001,164.3,8650220,0,0
2022-02-28 17:30:00,164.3,164.94881,163.71001,164.07001,8045236,0,0
2022-02-28 18:30:00,164.06,164.64999,162.5201,162.83,8020792,0,0
2022-02-28 19:30:00,162.8201,164.17999,162.42999,163.8199,8468159,0,0
2022-02-28 20:30:00,163.81,165.39999,162.64,165.12,12359527,0,0
2022-03-01 14:30:00,164.73,166.59,164.56,166.1497,20487404,0,0
2022-03-01 15:30:00,166.1577,166.425,164.67,164.8409,10852445,0,1
2022-03-01 16:30:00,164.85001,164.875,163.0213,163.92999,9988844,0,0
2022-03-01 17:30:00,163.91,164.39999,162.52,162.55,7408538,0,0
2022-03-01 18:30:00,162.53,163.3399,162.50999,163.17999,7523391,1,0
2022-03-01 19:30:00,163.2,163.89,162.5715,162.87,8795328,0,0
2022-03-01 20:30:00,162.85001,163.63,161.98,163.17,10116544,0,0
2022-03-02 14:30:00,164.39,164.72,162.95,164.50999,15838695,0,0
2022-03-02 15:30:00,164.49001,166.2,164.16,165.7393,14153773,0,0
2022-03-02 16:30:00,165.75999,166.64999,165.57001,166.28999,10781481,0,0
2022-03-02 17:30:00,166.3,166.89,166.03999,166.6861,6575026,0,0
2022-03-02 18:30:00,166.7,167.14999,166.41,166.87,6249717,0,0
2022-03-02 19:30:00,166.88,167.3,166.63,167.21001,7121896,0,0
2022-03-02 20:30:00,167.21001,167.36,166.39999,166.53999,8928079,0,0
2022-03-03 14:30:00,168.41,168.91,166.53999,166.8105,18962788,0,0
2022-03-03 15:30:00,166.82001,167.05991,165.83,166.655,9816899,0,0
2022-03-03 16:30:00,166.64999,167.24001,166.17999,166.24001,7902041,0,0
2022-03-03 17:30:00,166.25,167.89999,166.10001,167.69099,8802921,0,0
2022-03-03 18:30:00,167.69,167.91,166.88,167.77,6433044,0,0
2022-03-03 19:30:00,167.75999,167.75999,165.92,166.6881,8017588,0,0
2022-03-03 20:30:00,166.67,166.74001,165.55,166.28819,7898529,0,0
2022-03-04 14:30:00,164.60001,165.55,162.95,163.3,18957818,0,0
2022-03-04 15:30:00,163.32001,163.52499,162.11,162.54449,11512451,0,0
2022-03-04 16:30:00,162.53999,163.81,162.25999,163.7,10370203,0,0
2022-03-04 17:30:00,163.7099,164.465,163.1225,163.47501,8658965,0,0
2022-03-04 18:30:00,163.455,164.351,162.78999,163.33,7601573,0,0
2022-03-04 19:30:00,163.32001,163.66,162.39,162.7,9198588,0,0
2022-03-04 20:30:00,162.69,163.53,162.13,163.22,8867510,0,0
2022-03-07 14:30:00,163.36,165.02,161.5,161.53,20142540,0,0
2022-03-07 15:30:00,161.53999,163.5,161.38,163.17999,11141664,0,0
2022-03-07 16:30:00,163.17999,164.0,161.41,161.67999,10663343,0,0
2022-03-07 17:30:00,161.67,162.23,160.89999,161.05991,9310348,0,0
2022-03-07 18:30:00,161.03999,161.89,160.8,161.05009,7903678,0,0
2022-03-07 19:30:00,161.07001,161.17,159.75,160.36,11169099,0,0
2022-03-07 20:30:00,160.34,160.38,159.03999,159.31,11806695,0,0
2022-03-08 14:30:00,158.83,160.32001,156.73,156.735,27530716,0,0
2022-03-08 15:30:00,156.73,158.375,156.0504,156.55,16416261,0,0
2022-03-08 16:30:00,156.53999,160.91,155.8,160.88,17758119,0,0
2022-03-08 17:30:00,160.86501,162.88,160.131,160.99001,17770897,0,0
2022-03-08 18:30:00,160.99001,160.995,157.83,159.1515,14149218,0,0
2022-03-08 19:30:00,159.13,160.5,158.36,158.45,12419999,0,0
2022-03-08 20:30:00,158.46001,158.50999,157.1066,157.28,11730774,0,0
2022-03-09 14:30:00,161.47501,161.64,159.4216,161.33,22803794,0,0
2022-03-09 15:30:00,161.34,162.25999,161.0238,161.11,11742336,0,0
2022-03-09 16:30:00,161.12,162.23,161.08,162.00999,7886746,0,0
2022-03-09 17:30:00,162.015,162.69,161.88,162.27991,7416460,0,0
2022-03-09 18:30:00,162.28439,162.41499,161.56,162.34,6973058,0,0
2022-03-09 19:30:00,162.34441,163.28999,162.315,163.19501,11753913,0,0
2022-03-09 20:30:00,163.19501,163.41,162.28,162.98,10636360,0,1
2022-03-10 14:30:00,160.2,160.39,157.89999,158.12,24915260,0,0
2022-03-10 15:30:00,158.13499,158.37,156.48,156.67909,12323706,0,0
2022-03-10 16:30:00,156.67999,157.5,156.39999,157.21001,10636832,0,0
2022-03-10 17:30:00,157.21001,157.21001,155.98,156.83,10179522,0,0
2022-03-10 18:30:00,156.82001,158.53999,156.57001,158.23,9991903,0,0
2022-03-10 19:30:00,158.23,159.19,157.74001,158.00999,10845945,0,0
2022-03-10 20:30:00,158.02,158.6899,157.41,158.52,9625150,0,0
2022-03-11 14:30:00,158.92999,159.28,156.98,157.66,20478902,0,1
2022-03-11 15:30:00,157.655,158.125,155.87,155.89,11286358,0,0
2022-03-11 16:30:00,155.88499,155.92,154.78,154.9276,15514728,0,0
2022-03-11 17:30:00,154.92999,156.59,154.74001,156.5,9883061,0,0
2022-03-11 18:30:00,156.50011,156.795,155.88,156.5399,8825026,0,0
2022-03-11 19:30:00,156.535,156.53999,155.00999,155.08501,8360336,0,0
2022-03-11 20:30:00,155.08,155.36,154.5,154.73,12072056,0,0
2022-03-14 13:30:00,151.45,153.74001,151.3,153.32001,26665011,0,0
2022-03-14 14:30:00,153.315,154.12,152.63,153.08,11358054,0,0
2022-03-14 15:30:00,153.10001,153.19,151.5,151.96001,10458405,0,0
2022-03-14 16:30:00,151.95,152.03,150.5,150.80029,12418477,0,0
2022-03-14 17:30:00,150.8,151.44,150.39999,150.6783,11638111,0,0
2022-03-14 18:30:00,150.675,151.73,150.58,151.21001,11323976,0,0
2022-03-14 19:30:00,151.2,151.28,150.10001,150.64,11515178,0,0
2022-03-15 13:30:00,150.89999,152.168,150.405,152.0201,20824198,0,0
2022-03-15 14:30:00,152.02499,153.41,151.92,153.39,11268331,0,0
2022-03-15 15:30:00,153.38,154.67,153.03,154.53,11216950,0,0
2022-03-15 16:30:00,154.53999,154.659,153.25,153.25,6951192,0,0
2022-03-15 17:30:00,153.2599,153.8,152.83,153.22501,7880526,0,0
2022-03-15 18:30:00,153.21001,155.19,153.015,154.909,10217936,0,0
2022-03-15 19:30:00,154.91,155.57001,154.81,155.16,10323481,0,0
2022-03-16 13:30:00,157.05,158.02,155.53,157.81,22123880,0,0
2022-03-16 14:30:00,157.83,158.64,157.7,157.9791,11447687,0,0
2022-03-16 15:30:00,157.98,158.3,157.63499,158.03999,6976232,0,0
2022-03-16 16:30:00,158.0546,158.13,156.53,156.78999,7509613,0,0
2022-03-16 17:30:00,156.7816,157.48,155.1329,155.22,11779889,0,0
2022-03-16 18:30:00,155.21001,158.52,154.46001,158.326,16958955,1,0
2022-03-16 19:30:00,158.33,160.0,157.78,159.655,11049692,0,0
2022-03-17 13:30:00,158.61,159.92,157.75,158.7101,16027237,0,0
2022-03-17 14:30:00,158.71001,158.85001,157.7,158.5,8741669,0,0
2022-03-17 15:30:00,158.49001,159.3,157.92999,159.13789,7458553,0,0
2022-03-17 16:30:00,159.13,159.91499,158.52,159.91,7278980,0,0
2022-03-17 17:30:00,159.92,160.25,159.265,159.3399,7701975,0,0
2022-03-17 18:30:00,159.34,160.065,159.3257,159.77499,7199729,0,0
2022-03-17 19:30:00,159.75999,161.0,159.7,160.92,9512220,0,0
2022-03-18 13:30:00,160.50999,161.92,159.77,161.395,31435630,0,0
2022-03-18 14:30:00,161.39,162.19,160.82001,161.78999,10494244,0,0
2022-03-18 15:30:00,161.78,162.61,161.78,162.58,9003024,0,0
2022-03-18 16:30:00,162.58501,162.89999,162.36,162.63,9421564,0,0
2022-03-18 17:30:00,162.62,163.05499,162.245,162.96001,7858878,0,0
2022-03-18 18:30:00,162.96001,164.35001,162.83,164.125,11587346,0,0
2022-03-18 19:30:00,164.13,164.48,163.45,164.03999,13655342,0,0
2022-03-21 13:30:00,163.50999,165.58,163.015,163.22501,18295697,0,0
2022-03-21 14:30:00,163.22,166.16,163.22,166.0399,15152948,0,0
2022-03-21 15:30:00,166.035,166.35001,165.37,165.61501,9968884,0,0
2022-03-21 16:30:00,165.62,165.645,163.16,163.6855,10156181,0,0
2022-03-21 17:30:00,163.69,164.78999,163.42,164.67999,8501280,0,0
2022-03-21 18:30:00,164.668,164.87,163.91,164.69,6927648,0,0
2022-03-21 19:30:00,164.7,165.39999,164.10001,165.38,7885821,0,0
2022-03-22 13:30:00,165.50999,168.05,164.91,168.02499,19968339,0,0
2022-03-22 14:30:00,168.0257,169.12,167.92999,168.81,12641912,0,0
2022-03-22 15:30:00,168.8,168.95351,168.19,168.34,7589832,0,0
2022-03-22 16:30:00,168.34,169.0591,168.17999,168.75,6543154,0,0
2022-03-22 17:30:00,168.75999,169.42,168.32001,168.6221,7405259,0,0
2022-03-22 18:30:00,168.625,169.09,168.45,168.855,7448898,0,0
2022-03-22 19:30:00,168.85001,169.25,168.49001,168.83,9098898,0,0
2022-03-23 13:30:00,167.99001,170.75999,167.64999,170.25999,23339922,0,0
2022-03-23 14:30:00,170.25,171.61,169.75999,171.2561,12375809,0,0
2022-03-23 15:30:00,171.25,172.22,171.13,171.86,11358938,0,0
2022-03-23 16:30:00,171.86,172.64,171.31,171.78999,12285710,0,0
2022-03-23 17:30:00,171.78999,172.44,171.53,171.96001,9912878,0,0
2022-03-23 18:30:00,171.94501,172.19,170.95,171.25,9718898,0,0
2022-03-23 19:30:00,171.24001,171.47,170.10001,170.22,9374401,0,0
2022-03-24 13:30:00,171.06,172.33,170.33,170.47,19557830,0,0
2022-03-24 14:30:00,170.44,172.03,170.21001,172.0199,10169838,0,0
2022-03-24 15:30:00,172.015,172.27,171.045,171.17,7600762,0,0
2022-03-24 16:30:00,171.14999,172.73,171.02,171.925,11581212,0,0
2022-03-24 17:30:00,171.925,172.52,171.8,172.189,7492831,0,0
2022-03-24 18:30:00,172.1855,173.42,172.03,173.2395,11379840,0,0
2022-03-24 19:30:00,173.24001,174.14,172.875,174.10001,12412753,0,0
2022-03-25 13:30:00,173.88,174.73,173.03999,174.41499,19717503,0,0
2022-03-25 14:30:00,174.42,175.28,172.7997,173.2047,15176703,0,0
2022-03-25 15:30:00,173.22,173.75,172.75,173.3262,8995183,0,0
2022-03-25 16:30:00,173.31,173.80499,172.845,173.645,7064990,0,0
2022-03-25 17:30:00,173.64999,174.55499,173.58,174.45329,6534925,0,0
2022-03-25 18:30:00,174.45,174.78,173.395,173.4269,8185863,0,0
2022-03-25 19:30:00,173.42,174.8,173.33,174.73,8167912,0,0
2022-03-28 13:30:00,172.14,174.99001,172.11,174.28,0,0,0
2022-03-28 14:30:00,174.34,175.0,173.83,174.37,0,0,0
2022-03-28 15:30:00,174.35001,174.35001,173.10001,173.38,0,0,0
2022-03-28 16:30:00,173.39999,174.58,173.34,174.44,0,0,0
2022-03-28 17:30:00,174.46001,174.8,174.17,174.74001,176197,0,0
2022-03-28 18:30:00,174.74001,175.10001,174.53,174.99001,0,0,0
2022-03-28 19:30:00,175.03,175.69,174.82001,175.60001,0,0,0
2022-03-29 13:30:00,176.82001,178.10001,176.36,177.34,0,0,0
2022-03-29 14:30:00,177.42,177.84,176.37,177.84,0,0,0
2022-03-29 15:30:00,177.8,177.89,177.11,177.17999,0,0,0
2022-03-29 16:30:00,177.17,177.39,176.74001,177.095,6270838,0,0
2022-03-29 17:30:00,177.10001,178.095,177.02,177.85001,8434121,0,0
2022-03-29 18:30:00,177.84,178.96001,177.75999,178.78,12379385,0,0
2022-03-29 19:30:00,178.785,179.00999,178.41,178.99001,10834947,0,0
2022-03-30 13:30:00,178.55,179.58,178.2,178.905,24564204,0,0
2022-03-30 14:30:00,178.9081,179.02499,177.4686,177.64999,11397715,0,0
2022-03-30 15:30:00,177.64999,178.17999,177.5,177.7612,8532628,0,0
2022-03-30 16:30:00,177.77,178.47,177.66,178.2,7854352,0,0
2022-03-30 17:30:00,178.2,179.35001,177.95,178.00999,10279636,0,0
2022-03-30 18:30:00,178.0,178.32001,176.7,177.1925,8897703,0,0
2022-03-30 19:30:00,177.19,177.78999,176.96001,177.78999,9446822,0,0
2022-03-31 13:30:00,177.84,178.03,175.52901,176.22591,19237476,0,0
2022-03-31 14:30:00,176.22501,177.17,176.17999,176.47,9507497,0,0
2022-03-31 15:30:00,176.465,177.25,176.38,176.74001,6449120,0,0
2022-03-31 16:30:00,176.74831,176.85001,176.14,176.61,5738705,0,0
2022-03-31 17:30:00,176.60789,176.99001,176.23,176.425,6794852,0,0
2022-03-31 18:30:00,176.425,177.24001,176.315,176.465,8636907,0,0
2022-03-31 19:30:00,176.46001,176.48,174.39999,174.67999,20938019,0,0
2022-04-01 13:30:00,174.03,174.88,172.56,173.25,19981502,0,0
2022-04-01 14:30:00,173.25,174.02,172.765,172.925,8802828,0,0
2022-04-01 15:30:00,172.92059,172.9379,171.94,172.85001,8412658,0,0
2022-04-01 16:30:00,172.84,172.84,172.10001,172.33501,5839137,0,0
2022-04-01 17:30:00,172.33501,173.405,172.2,173.355,6672519,0,0
2022-04-01 18:30:00,173.35001,173.74001,172.88,173.035,7992811,0,0
2022-04-01 19:30:00,173.0311,174.645,172.77,174.25999,10178083,0,0
2022-04-04 13:30:00,174.57001,178.21001,174.44,177.36,22098890,0,0
2022-04-04 14:30:00,177.36,177.84,176.73,177.645,10059372,0,0
2022-04-04 15:30:00,177.64999,177.8306,177.11,177.66,6683479,0,0
2022-04-04 16:30:00,177.66499,177.685,176.92,177.2296,5749349,0,0
2022-04-04 17:30:00,177.23,177.61501,177.02,177.49001,5992490,0,0
2022-04-04 18:30:00,177.49001,178.3,177.422,178.28999,8353363,0,0
2022-04-04 19:30:00,178.28999,178.49001,177.98,178.465,9712153,0,0
2022-04-05 13:30:00,177.5,178.28999,176.21001,176.9099,18970256,0,0
2022-04-05 14:30:00,176.905,177.11,176.2,176.49001,9399966,0,0
2022-04-05 15:30:00,176.49001,176.55,175.22501,175.265,7805525,0,0
2022-04-05 16:30:00,175.265,176.12,175.0,175.642,6917972,0,0
2022-04-05 17:30:00,175.64909,175.75,174.92999,175.38,5579360,0,0
2022-04-05 18:30:00,175.38,175.49001,174.41499,174.86,7493675,0,0
2022-04-05 19:30:00,174.85001,175.22,174.44,175.03999,6959329,0,0
2022-04-06 13:30:00,172.36,173.24001,171.02,171.13,21718850,0,0
2022-04-06 14:30:00,171.13,171.58,170.13,170.83501,11354344,0,0
2022-04-06 15:30:00,170.84,171.74001,170.49001,170.97501,7839538,0,0
2022-04-06 16:30:00,170.97,171.71001,170.87151,171.71001,5831679,0,0
2022-04-06 17:30:00,171.72,173.41,170.92999,171.38,11187310,0,0
2022-04-06 18:30:00,171.37,173.63,171.34,171.67,11178009,0,0
2022-04-06 19:30:00,171.675,172.91,171.50999,171.52,8331670,0,0
2022-04-07 13:30:00,171.16,172.9505,171.03,172.08,16956418,0,0
2022-04-07 14:30:00,172.08501,172.39,170.62,170.86,9035411,0,0
2022-04-07 15:30:00,170.86,171.535,170.405,170.89999,7261185,0,0
2022-04-07 16:30:00,170.89,171.3653,169.85001,171.19,8298192,0,0
2022-04-07 17:30:00,171.19501,172.255,170.8,171.67999,6745602,0,0
2022-04-07 18:30:00,171.66,173.17999,171.49001,172.65221,8432965,0,0
2022-04-07 19:30:00,172.66,173.36,171.88,172.17,9110660,0,1
2022-04-08 13:30:00,171.78,171.78,169.2,170.28,19362722,0,0
2022-04-08 14:30:00,170.27,171.36,169.62,170.89999,11416468,0,0
2022-04-08 15:30:00,170.92,171.77,170.336,171.655,8127821,0,0
2022-04-08 16:30:00,171.64999,171.7299,170.755,170.82001,5203255,0,0
2022-04-08 17:30:00,170.8201,170.86971,169.83,169.9501,6723027,0,0
2022-04-08 18:30:00,169.96001,170.97,169.78,170.74001,8143033,0,0
2022-04-08 19:30:00,170.75,170.86,169.82001,170.14,8532762,0,0
2022-04-11 13:30:00,168.71001,169.03,166.36501,166.48,19251032,0,0
2022-04-11 14:30:00,166.49001,167.03999,166.10001,166.44,8804591,0,0
2022-04-11 15:30:00,166.44,167.205,166.39999,166.56,6208228,0,0
2022-04-11 16:30:00,166.55,167.46001,166.55,166.91,6214791,0,0
2022-04-11 17:30:00,166.91,167.25,166.49001,166.66499,5672112,0,0
2022-04-11 18:30:00,166.66,167.13,166.05,166.13,7685123,0,0
2022-04-11 19:30:00,166.12,166.27,165.5,165.78,10453607,0,0
2022-04-12 13:30:00,168.02,169.87,166.94,169.575,22000268,0,0
2022-04-12 14:30:00,169.58501,169.675,167.82001,169.08,9766239,0,1
2022-04-12 15:30:00,169.08,169.375,167.77499,167.86,7555048,0,0
2022-04-12 16:30:00,167.85001,168.57001,167.61,168.11,7661223,0,0
2022-04-12 17:30:00,168.1055,168.31,166.73,166.9308,7461894,0,0
2022-04-12 18:30:00,166.94,167.75,166.64,167.11,9478627,0,0
2022-04-12 19:30:00,167.11501,168.095,166.97,167.64,8990248,0,0
2022-04-13 13:30:00,167.39,168.89999,166.8399,168.69,15711644,0,0
2022-04-13 14:30:00,168.7,170.0,168.285,169.69,9751613,0,0
2022-04-13 15:30:00,169.7,171.0,169.6001,170.44009,10069224,0,0
2022-04-13 16:30:00,170.45,171.0,170.28,170.56,6851724,0,0
2022-04-13 17:30:00,170.57001,170.5936,169.95,170.28,6078766,0,0
2022-04-13 18:30:00,170.28,170.83,170.11501,170.8,7127224,0,0
2022-04-13 19:30:00,170.8042,171.03999,170.28,170.39999,8185581,0,0
2022-04-14 13:30:00,170.62,171.27,168.09,168.47,17542629,0,0
2022-04-14 14:30:00,168.47169,168.72,167.59,168.25,7921266,0,0
2022-04-14 15:30:00,168.265,168.35001,166.86,166.96001,7232209,0,0
2022-04-14 16:30:00,166.965,167.07001,166.55499,166.56,5905515,0,0
2022-04-14 17:30:00,166.57001,167.36,166.45,166.6693,50626567,0,0
2022-04-14 18:30:00,166.67999,166.79111,165.72009,165.82001,8670760,0,0
2022-04-14 19:30:00,165.83,165.99001,165.03999,165.28,9946779,0,0
2022-04-18 13:30:00,163.92,166.3555,163.57001,166.14999,18871900,0,0
2022-04-18 14:30:00,166.14999,166.5984,164.50999,164.63,8329834,0,0
2022-04-18 15:30:00,164.62,164.84531,163.69,163.7502,9703100,0,0
2022-04-18 16:30:00,163.75,164.51759,163.7,164.505,5517483,1,0
2022-04-18 17:30:00,164.5,165.82961,164.4299,165.47,7210427,0,0
2022-04-18 18:30:00,165.465,165.66991,164.78999,164.82001,5293788,0,0
2022-04-18 19:30:00,164.81,165.12,163.98,165.11,6174842,0,0
2022-04-19 13:30:00,165.02,166.50999,163.91,166.27499,16038993,0,0
2022-04-19 14:30:00,166.27,167.44,166.22,167.23,8731307,0,0
2022-04-19 15:30:00,167.235,167.45,166.48,166.5,5895181,0,0
2022-04-19 16:30:00,166.49001,166.67999,166.12,166.12669,4398224,0,0
2022-04-19 17:30:00,166.13,166.64999,165.855,166.37,5800651,0,0
2022-04-19 18:30:00,166.37,167.617,166.14999,167.49001,6694082,0,0
2022-04-19 19:30:00,167.495,167.82001,166.94501,167.46001,9254646,0,0
2022-04-20 13:30:00,168.75999,168.88,166.50999,168.08,16742428,0,0
2022-04-20 14:30:00,168.09,168.39999,166.58,166.78999,8702097,0,0
2022-04-20 15:30:00,166.8,167.285,166.10001,166.48421,6526300,0,0
2022-04-20 16:30:00,166.4807,167.59,166.41,167.435,6117410,0,0
2022-04-20 17:30:00,167.41,168.08,167.08,167.13,5995996,0,0
2022-04-20 18:30:00,167.14,167.60001,166.45,167.345,7307060,0,0
2022-04-20 19:30:00,167.435,167.94,167.00999,167.23,9518762,0,0
2022-04-21 13:30:00,168.91,170.87,168.44501,170.69501,20751986,0,0
2022-04-21 14:30:00,170.7,171.53,170.14,171.19,12087541,0,0
2022-04-21 15:30:00,171.185,171.235,169.71001,169.735,11067259,0,0
2022-04-21 16:30:00,169.72,170.10001,168.05,168.97,8514886,0,0
2022-04-21 17:30:00,168.97,169.17999,167.12,167.405,7774428,0,0
2022-04-21 18:30:00,167.39,168.0361,165.91,166.72,10453821,0,0
2022-04-21 19:30:00,166.7,167.13499,166.0,166.435,8062889,0,0
2022-04-22 13:30:00,166.5,167.8398,165.24001,165.48,18605380,0,0
2022-04-22 14:30:00,165.48,166.56,165.39999,165.92999,9095254,0,0
2022-04-22 15:30:00,165.9288,166.05,164.14,164.6313,8058728,0,0
2022-04-22 16:30:00,164.63,165.33501,164.0,164.07001,6983622,0,0
2022-04-22 17:30:00,164.07001,164.27,163.31,163.4756,7195576,0,0
2022-04-22 18:30:00,163.46001,163.685,162.55,163.14999,10316588,0,0
2022-04-22 19:30:00,163.13,164.16,161.5,161.83,12876403,0,0
2022-04-25 13:30:00,161.12,161.25999,159.0,160.89999,26195475,0,0
2022-04-25 14:30:00,160.91,161.78,158.5,159.62,11098778,0,0
2022-04-25 15:30:00,159.63,160.32001,158.46001,159.7081,11217903,0,0
2022-04-25 16:30:00,159.715,160.56,159.27,160.12,8245631,0,0
2022-04-25 17:30:00,160.13,161.12,159.41,161.01089,8528180,0,0
2022-04-25 18:30:00,161.02,162.31,160.4539,162.21001,11391737,0,0
2022-04-25 19:30:00,162.19,163.17,162.03999,162.85001,10166835,0,0
2022-04-26 13:30:00,162.25,162.34,159.28,159.58,19677795,0,0
2022-04-26 14:30:00,159.58,159.73,158.28,159.03,12145064,0,0
2022-04-26 15:30:00,159.03,159.64999,158.07001,159.45,9686135,0,0
2022-04-26 16:30:00,159.42999,159.92,158.33,158.465,7515197,0,0
2022-04-26 17:30:00,158.46001,159.14,158.17,158.74001,7827251,0,0
2022-04-26 18:30:00,158.73,159.14,157.02499,157.35001,12238238,0,0
2022-04-26 19:30:00,157.345,157.89999,156.72,156.72,13557634,0,0
2022-04-27 13:30:00,155.91,158.91,155.46001,155.72,19473484,0,0
2022-04-27 14:30:00,155.71001,158.41,155.38,157.85001,13309873,0,0
2022-04-27 15:30:00,157.87,159.72,157.0,159.50999,10062710,0,0
2022-04-27 16:30:00,159.50999,159.78999,157.981,158.89,8178184,0,0
2022-04-27 17:30:00,158.89,159.03,157.57001,157.59,6846969,0,0
2022-04-27 18:30:00,157.58,158.21001,156.27,156.74001,9146393,0,0
2022-04-27 19:30:00,156.73,157.39,156.17,156.60001,8336214,0,0
2022-04-28 13:30:00,159.25,161.32381,158.92999,159.52499,29712866,0,0
2022-04-28 14:30:00,159.52,162.50999,159.13,161.41499,15373533,0,0
2022-04-28 15:30:00,161.41991,162.34,160.07001,162.28011,11878260,0,0
2022-04-28 16:30:00,162.28999,163.69,162.13,163.46001,11496526,0,0
2022-04-28 17:30:00,163.47501,163.99001,162.94,163.09309,10624158,0,0
2022-04-28 18:30:00,163.10001,164.515,162.88,163.92,12389175,0,0
2022-04-28 19:30:00,163.92999,164.12,162.55,164.05499,13223813,0,0
2022-04-29 13:30:00,161.84,166.2,160.78999,163.12,37282382,0,0
2022-04-29 14:30:00,163.13,163.39,161.14999,162.00999,14243909,0,0
2022-04-29 15:30:00,162.0015,162.5708,160.31329,160.39079,10425591,0,0
2022-04-29 16:30:00,160.39,160.72,159.59,160.10001,9925128,0,0
2022-04-29 17:30:00,160.105,160.7299,159.60001,159.97,8618515,0,0
2022-04-29 18:30:00,159.96001,160.16499,158.71001,158.75,12979685,0,0
2022-04-29 19:30:00,158.74001,159.22501,157.25,157.73,17184930,0,0
2022-05-02 13:30:00,156.71001,158.03999,154.59,156.39,31750389,0,0
2022-05-02 14:30:00,156.39999,157.71001,155.56,155.86,15271913,0,0
2022-05-02 15:30:00,155.87,156.59399,154.92,156.17551,13179216,0,0
2022-05-02 16:30:00,156.19,156.37,154.25,154.4371,10809507,0,0
2022-05-02 17:30:00,154.42999,154.81,153.545,153.82001,11036848,0,0
2022-05-02 18:30:00,153.81,157.0,153.27,156.53011,15990406,1,0
2022-05-02 19:30:00,156.53,158.23,156.52,157.92,14896803,0,0
2022-05-03 13:30:00,158.14999,158.64,156.5,157.85001,21271627,0,0
2022-05-03 14:30:00,157.86,159.49001,157.00999,159.34801,12407774,0,0
2022-05-03 15:30:00,159.3499,159.88,158.58,159.14,11585755,0,0
2022-05-03 16:30:00,159.13,160.32001,158.73,159.89999,8532604,0,0
2022-05-03 17:30:00,159.89999,160.71001,158.87,158.95,8745251,0,0
2022-05-03 18:30:00,158.94009,159.92,158.22,159.308,11470115,0,0
2022-05-03 19:30:00,159.28999,159.66,158.53999,159.48,8712313,0,0
2022-05-04 13:30:00,159.67,161.2,159.47,160.0,21334407,0,0
2022-05-04 14:30:00,159.98869,160.53999,159.37,159.53619,9393407,0,0
2022-05-04 15:30:00,159.54111,161.5687,159.25999,161.45,9514010,0,0
2022-05-04 16:30:00,161.45,162.21001,161.21249,161.87,8158615,0,0
2022-05-04 17:30:00,161.87,163.3606,161.13,162.27,13713857,0,0
2022-05-04 18:30:00,162.27,165.00999,159.66,164.95,23620691,0,0
2022-05-04 19:30:00,164.965,166.48,164.89,166.12,15363091,0,0
2022-05-05 13:30:00,163.85001,164.08,160.00999,160.17,21705285,0,0
2022-05-05 14:30:00,160.16,160.36,158.83501,159.32001,16613887,0,0
2022-05-05 15:30:00,159.32001,160.10001,157.27,157.8,17279582,0,0
2022-05-05 16:30:00,157.78,158.32001,156.57001,157.56,13632306,0,0
2022-05-05 17:30:00,157.55341,158.02,156.45,156.47501,11178364,0,0
2022-05-05 18:30:00,156.47,157.2,155.02,155.08,14907894,0,0
2022-05-05 19:30:00,155.09,157.58,154.95,156.8,17367798,0,0
2022-05-06 13:30:00,156.00999,159.16499,154.2,157.74001,29113838,0,0
2022-05-06 14:30:00,157.745,159.42999,156.64,159.17999,16983290,0,0
2022-05-06 15:30:00,159.17,159.24001,157.3,158.46001,13220827,0,0
2022-05-06 16:30:00,158.45,159.44,157.81,158.47,10806371,0,0
2022-05-06 17:30:00,158.48,158.89,156.5,156.895,9804491,0,0
2022-05-06 18:30:00,156.895,157.5,155.8,156.48,11978833,0,0
2022-05-06 19:30:00,156.4855,158.7,156.431,157.28,14452328,0,0
2022-05-09 13:30:00,154.925,155.8,153.07001,153.21001,34948166,0,0
2022-05-09 14:30:00,153.2,154.53,152.0,152.2567,18862285,0,0
2022-05-09 15:30:00,152.25,153.5,151.56,153.27499,16226978,0,0
2022-05-09 16:30:00,153.25,153.66,152.2599,153.332,9805935,0,0
2022-05-09 17:30:00,153.325,153.53999,152.06,152.19,10351380,0,0
2022-05-09 18:30:00,152.17999,153.61,151.81,152.38,14053364,0,0
2022-05-09 19:30:00,152.37,152.64,151.49001,152.14999,14103021,0,0
2022-05-10 13:30:00,155.52,156.53999,154.14,155.39999,29850050,0,0
2022-05-10 14:30:00,155.39999,155.58,153.10001,153.73,15626981,0,0
2022-05-10 15:30:00,153.73,154.53999,153.03999,153.75,12019091,0,0
2022-05-10 16:30:00,153.74001,154.66,152.92999,154.64709,10514018,0,0
2022-05-10 17:30:00,154.6564,156.74001,154.6564,155.535,13851607,0,0
2022-05-10 18:30:00,155.545,156.61501,155.00999,155.2,11952703,0,0
2022-05-10 19:30:00,155.22,155.23,154.03,154.5,9034348,0,0
2022-05-11 13:30:00,153.43201,155.45,151.35001,153.4001,26543925,0,0
2022-05-11 14:30:00,153.39999,154.14,151.89999,152.84419,13138076,0,0
2022-05-11 15:30:00,152.87,153.83,151.47,151.53999,10411468,0,0
2022-05-11 16:30:00,151.53,151.60001,148.28999,148.565,19757205,0,0
2022-05-11 17:30:00,148.56,148.83,146.50999,147.3701,21298504,0,0
2022-05-11 18:30:00,147.38,148.255,146.06,146.53999,18588125,0,0
2022-05-11 19:30:00,146.571,146.94,145.81,146.59,17959810,0,0
2022-05-12 13:30:00,143.50999,146.1281,140.09151,144.66,303133166,0,0
2022-05-12 14:30:00,145.06,146.2,143.64999,144.95,146559784,0,0
2022-05-12 15:30:00,144.96001,145.09979,140.57001,141.75999,20300100,0,0
2022-05-12 16:30:00,141.75011,142.60001,141.39999,141.8299,224997153,0,0
2022-05-12 17:30:00,141.82001,142.0,139.0,139.94,20639625,0,0
2022-05-12 18:30:00,139.94,141.8389,138.8,140.92999,22068182,1,0
2022-05-12 19:30:00,140.91,142.86,140.71001,142.59,17509371,0,0
2022-05-13 13:30:00,144.59,146.39,143.25,146.16,29384202,0,0
2022-05-13 14:30:00,146.16499,147.77,145.62,147.6454,16004122,0,0
2022-05-13 15:30:00,147.64999,148.105,146.8,147.41499,11038528,0,0
2022-05-13 16:30:00,147.42,148.06,146.60001,146.825,10280125,0,0
2022-05-13 17:30:00,146.83,147.02,144.8,145.49001,11857137,0,0
2022-05-13 18:30:00,145.49001,147.7,145.4722,147.67,12633735,0,0
2022-05-13 19:30:00,147.67,147.81,145.92,147.13,12361987,0,0
2022-05-16 13:30:00,145.55,146.66,144.42999,146.5,21205851,0,0
2022-05-16 14:30:00,146.5,146.55,144.34,145.02,10739007,0,0
2022-05-16 15:30:00,145.0274,146.94,144.78999,145.7301,10823039,0,0
2022-05-16 16:30:00,145.74001,146.71001,145.23,146.59,7411354,0,0
2022-05-16 17:30:00,146.575,147.25,146.0316,147.23869,8120004,0,0
2022-05-16 18:30:00,147.24001,147.5199,145.83,146.06,9681422,0,0
2022-05-16 19:30:00,146.07001,146.17,145.0,145.53999,8175587,0,0
2022-05-17 13:30:00,148.86,149.34,147.07001,147.34,18396970,0,0
2022-05-17 14:30:00,147.34,147.83,146.67999,147.8,8896748,0,0
2022-05-17 15:30:00,147.80009,148.67999,147.46001,148.06,7505523,0,0
2022-05-17 16:30:00,148.07001,148.44031,147.64999,148.1559,5569987,0,0
2022-05-17 17:30:00,148.145,149.125,147.30029,147.92,9843279,0,0
2022-05-17 18:30:00,147.905,149.77,147.39,149.50999,10356109,0,0
2022-05-17 19:30:00,149.5,149.63,148.78999,149.25,7579110,0,0
2022-05-18 13:30:00,146.85001,147.36011,145.59,145.59,17857603,0,0
2022-05-18 14:30:00,145.60001,145.69,143.37,143.44901,13763246,0,0
2022-05-18 15:30:00,143.435,144.14,142.14,142.52,12041489,0,0
2022-05-18 16:30:00,142.52,143.69,141.94,142.035,10160730,0,0
2022-05-18 17:30:00,142.03,142.37,141.08,141.17,11839356,0,0
2022-05-18 18:30:00,141.16,141.33,139.89999,140.56,15639808,0,0
2022-05-18 19:30:00,140.57001,141.2,140.25,140.82001,14084904,0,0
2022-05-19 13:30:00,139.88,141.64999,138.7,139.37,33166901,0,0
2022-05-19 14:30:00,139.38,139.7,137.84,138.41499,21247441,0,0
2022-05-19 15:30:00,138.42,140.39999,138.42,139.75999,16199427,0,0
2022-05-19 16:30:00,139.7659,139.84,136.96001,137.133,15558938,0,0
2022-05-19 17:30:00,137.14,137.96001,136.60001,137.66,13251189,0,0
2022-05-19 18:30:00,137.6501,139.41,136.95,137.14,16255909,0,0
2022-05-19 19:30:00,137.14,137.81,136.67,137.34,12443266,0,0
2022-05-20 13:30:00,139.09,140.4055,138.105,138.78,29236423,0,0
2022-05-20 14:30:00,138.78,138.99001,136.32001,136.98689,14220076,0,0
2022-05-20 15:30:00,136.9787,137.42,135.12,135.28999,14353213,0,0
2022-05-20 16:30:00,135.3,135.47,132.81,132.81731,20012586,0,0
2022-05-20 17:30:00,132.82001,134.45,132.61,133.9776,15364773,0,0
2022-05-20 18:30:00,133.98,135.48981,133.55,135.47,14360515,0,0
2022-05-20 19:30:00,135.46001,137.89,135.05,137.62,17850863,0,0
2022-05-23 13:30:00,137.95,140.99001,137.95,140.06,257699,0,0
2022-05-23 14:30:00,140.23,141.66,140.05,141.28,0,0,0
2022-05-23 15:30:00,141.31,143.25999,141.09,142.53999,0,0,0
2022-05-23 16:30:00,142.59,142.78999,141.55,141.95,178821,0,0
2022-05-23 17:30:00,141.96001,142.88,141.67999,142.47,0,0,0
2022-05-23 18:30:00,142.5,142.89999,142.07001,142.39999,0,0,0
2022-05-23 19:30:00,142.42999,143.24001,141.95,143.11,0,0,0
2022-05-24 13:30:00,140.75,141.91,137.38,138.53,478253,0,0
2022-05-24 14:30:00,138.46001,138.84,137.81,138.42,0,0,0
2022-05-24 15:30:00,138.48,140.25999,138.05,139.25999,195886,0,0
2022-05-24 16:30:00,139.25999,139.38,138.16,138.56,0,0,0
2022-05-24 17:30:00,138.45,140.08,138.19,139.56,0,0,0
2022-05-24 18:30:00,139.47,140.19,138.72,139.71001,0,0,0
2022-05-24 19:30:00,139.78999,140.92999,139.73,140.36,446214,0,0
2022-05-25 13:30:00,138.42999,140.78999,138.42999,140.77,0,0,0
2022-05-25 14:30:00,140.88,141.35001,139.72,140.25,0,0,0
2022-05-25 15:30:00,140.19,140.25,138.97,139.17999,0,0,0
2022-05-25 16:30:00,139.19,139.55,138.53,139.25,0,0,0
2022-05-25 17:30:00,139.2,140.53999,138.58,140.50999,0,0,0
2022-05-25 18:30:00,140.53999,141.77,140.24001,141.38,0,0,0
2022-05-25 19:30:00,141.42,141.52,139.96001,140.7,1120143,0,0
2022-05-26 13:30:00,137.42999,141.69,137.17999,141.16,291792,1,0
2022-05-26 14:30:00,141.19,143.09,140.86,142.53,0,0,0
2022-05-26 15:30:00,142.53,144.32001,142.34,143.99001,0,0,0
2022-05-26 16:30:00,143.99001,144.31,143.41,143.48,0,0,0
2022-05-26 17:30:00,143.52,144.05,143.38,143.82001,76499,0,0
2022-05-26 18:30:00,143.83,143.98,143.12,143.23,0,0,0
2022-05-26 19:30:00,143.23,144.27,143.14,143.75,1287821,0,0
2022-05-27 13:30:00,145.46001,148.52,145.32001,147.89,0,0,0
2022-05-27 14:30:00,147.98,148.44,147.25999,148.28999,0,0,0
2022-05-27 15:30:00,148.28999,148.82001,147.97,148.17999,0,0,0
2022-05-27 16:30:00,148.12,148.71001,148.06,148.5,0,0,0
2022-05-27 17:30:00,148.53999,148.64,148.06,148.49001,92382,0,0
2022-05-27 18:30:00,148.49001,149.16,148.37,149.03999,0,0,0
2022-05-27 19:30:00,149.03,149.64,148.71001,149.64,0,0,0
2022-05-31 13:30:00,149.11,150.25999,146.84,147.99001,21434837,0,0
2022-05-31 14:30:00,147.98,149.05009,147.855,148.1899,9018408,0,0
2022-05-31 15:30:00,148.17,150.58,147.9837,149.7,10988167,0,0
2022-05-31 16:30:00,149.71001,150.66,149.36,149.57001,10511436,0,0
2022-05-31 17:30:00,149.55,150.4865,149.5,150.14,7164330,0,0
2022-05-31 18:30:00,150.17,150.28999,148.765,150.03,8118854,0,1
2022-05-31 19:30:00,150.0289,150.49001,148.74001,148.75,9696815,0,0
2022-06-01 13:30:00,149.895,151.74001,149.02,149.1572,22117918,0,0
2022-06-01 14:30:00,149.14079,149.99001,148.23,148.67999,10504268,0,0
2022-06-01 15:30:00,148.7,148.77499,147.67999,148.06,7286355,0,0
2022-06-01 16:30:00,148.06,148.88,147.89999,148.3322,5591695,0,0
2022-06-01 17:30:00,148.35001,149.79491,148.00999,149.59,6923034,0,0
2022-06-01 18:30:00,149.60001,149.88,148.8141,149.668,8122426,0,0
2022-06-01 19:30:00,149.67,149.99001,148.52,148.7,7325431,0,0
2022-06-02 13:30:00,147.89999,149.03,146.875,147.41,19486157,0,0
2022-06-02 14:30:00,147.41,149.32001,147.34,148.92999,9888982,0,0
2022-06-02 15:30:00,148.94501,150.53999,148.52,150.5011,9281221,0,0
2022-06-02 16:30:00,150.5199,150.69,149.96001,150.17999,6470201,0,0
2022-06-02 17:30:00,150.17999,150.83,150.03,150.52499,5630278,0,0
2022-06-02 18:30:00,150.52499,150.7,150.06,150.3477,6242988,0,0
2022-06-02 19:30:00,150.34,151.27,150.3,151.23,8121230,0,0
2022-06-03 13:30:00,146.89999,147.97,145.74651,146.345,26015582,0,0
2022-06-03 14:30:00,146.345,146.345,144.46001,144.75999,12745651,0,0
2022-06-03 15:30:00,144.7639,145.74001,144.71001,145.66,8745967,0,0
2022-06-03 16:30:00,145.67,146.34419,145.16,145.35001,7622273,0,0
2022-06-03 17:30:00,145.34,145.7012,144.85001,145.68069,6688355,0,0
2022-06-03 18:30:00,145.67999,145.72,144.81,145.43311,8593972,0,0
2022-06-03 19:30:00,145.44,145.7,145.02,145.39,8986517,0,0
2022-06-06 13:30:00,147.03,148.44,147.03,148.21001,17131905,0,0
2022-06-06 14:30:00,148.21001,148.56889,146.00999,146.5591,10939649,0,1
2022-06-06 15:30:00,146.56,146.8,145.39999,145.58,7207127,0,0
2022-06-06 16:30:00,145.58,146.23,145.2,145.8801,6199590,0,0
2022-06-06 17:30:00,145.8701,146.89,145.66,145.75999,6957203,0,0
2022-06-06 18:30:00,145.75,145.97,144.89999,145.3495,9735989,0,0
2022-06-06 19:30:00,145.345,146.47,145.2401,146.14,7046387,0,0
2022-06-07 13:30:00,144.345,147.28999,144.10001,147.17999,18595886,0,0
2022-06-07 14:30:00,147.17999,148.3,146.92999,146.97,10470154,0,0
2022-06-07 15:30:00,146.97,147.74001,146.785,147.28,6150600,0,0
2022-06-07 16:30:00,147.28,148.261,147.14,148.17,5565660,0,0
2022-06-07 17:30:00,148.17999,148.95,148.04201,148.755,6592406,0,0
2022-06-07 18:30:00,148.7506,148.97,148.08,148.645,6235021,0,0
2022-06-07 19:30:00,148.64,149.0,148.53,148.69,6518440,0,0
2022-06-08 13:30:00,148.58,149.85001,148.1106,149.13,15959258,0,0
2022-06-08 14:30:00,149.14,149.6472,148.64999,149.36011,7226452,0,0
2022-06-08 15:30:00,149.37,149.60001,148.55,148.8,4862136,0,0
2022-06-08 16:30:00,148.8,148.81,147.74001,147.85001,5098790,0,0
2022-06-08 17:30:00,147.84,148.42999,147.46001,147.85001,5298733,0,0
2022-06-08 18:30:00,147.83009,148.39,147.5649,148.22,5227714,0,0
2022-06-08 19:30:00,148.23,148.47,147.64999,148.0,4634487,0,0
2022-06-09 13:30:00,147.08,147.85001,146.31,147.07001,16950588,0,0
2022-06-09 14:30:00,147.08,147.39999,145.95,146.33501,7634624,0,0
2022-06-09 15:30:00,146.33681,146.92,145.8,146.1586,6373167,0,0
2022-06-09 16:30:00,146.16,146.64,145.96001,146.035,5014257,0,0
2022-06-09 17:30:00,146.03,146.05,145.33,145.535,5414677,0,0
2022-06-09 18:30:00,145.53999,145.53999,143.61,143.61501,9616535,0,0
2022-06-09 19:30:00,143.62,143.8,142.53,142.60001,9209673,0,0
2022-06-10 13:30:00,140.17999,140.62,137.47,137.48,0,0,0
2022-06-10 14:30:00,137.47,138.5,137.3,137.42,0,0,0
2022-06-10 15:30:00,137.44,138.06,137.3,137.98,101908,0,0
2022-06-10 16:30:00,137.99001,138.2,137.47,138.08,0,0,0
2022-06-10 17:30:00,138.10001,138.72,137.75,137.96001,0,0,0
2022-06-10 18:30:00,137.97,139.16,137.96001,138.87,0,0,0
2022-06-10 19:30:00,138.88,138.89,137.06,137.12,5283572,0,1
2022-06-13 13:30:00,132.87,135.02,132.57001,132.86,31005010,0,0
2022-06-13 14:30:00,132.85001,134.53,132.63,134.145,15412629,0,0
2022-06-13 15:30:00,134.1409,134.48,133.44,134.17999,12696525,0,0
2022-06-13 16:30:00,134.17,135.0569,133.14,133.31,8322899,0,0
2022-06-13 17:30:00,133.31,134.3179,133.16,133.3783,8790591,0,0
2022-06-13 18:30:00,133.38,133.63,132.0683,132.30499,15227110,0,0
2022-06-13 19:30:00,132.30499,132.57001,131.44,131.88,14982798,0,0
2022-06-14 13:30:00,133.13,133.21001,131.53,131.92999,20961075,0,0
2022-06-14 14:30:00,131.94,132.85001,131.48,132.28,11814781,0,0
2022-06-14 15:30:00,132.28,132.95,131.91,132.31,7703887,0,0
2022-06-14 16:30:00,132.315,133.89,131.94,133.25999,7675922,0,0
2022-06-14 17:30:00,133.25999,133.37,132.28999,132.9565,7971686,0,0
2022-06-14 18:30:00,132.955,133.14,131.71001,132.3887,8660127,0,0
2022-06-14 19:30:00,132.38,133.49001,132.34,132.86,9763913,0,0
2022-06-15 13:30:00,134.28999,134.74001,133.72,134.15649,21653721,0,0
2022-06-15 14:30:00,134.2,134.25,133.38,134.07001,8583060,0,0
2022-06-15 15:30:00,134.08,134.88,133.95,134.66,6361005,0,0
2022-06-15 16:30:00,134.64999,134.7,133.52,134.21001,6577845,0,0
2022-06-15 17:30:00,134.21941,134.89999,132.25,133.11,12396783,0,0
2022-06-15 18:30:00,133.11,136.67999,132.16,136.5891,18510429,0,0
2022-06-15 19:30:00,136.59,137.34,134.86,135.45,10784671,0,1
2022-06-16 13:30:00,132.08,132.39,130.5,131.16,23170248,0,0
2022-06-16 14:30:00,131.16,131.37,129.89,130.91,15577632,0,0
2022-06-16 15:30:00,130.89999,131.08,130.19501,131.00999,8704304,0,0
2022-06-16 16:30:00,131.00999,131.53,130.67,131.25,8681912,0,0
2022-06-16 17:30:00,131.255,131.52,129.67,129.685,10110845,0,0
2022-06-16 18:30:00,129.67999,130.3,129.28999,130.11501,14579377,1,0
2022-06-16 19:30:00,130.11501,130.28,129.03999,130.10001,14035608,0,0
2022-06-17 13:30:00,130.24001,132.59,130.24001,130.82001,0,0,0
2022-06-17 14:30:00,131.06,132.52,129.84,132.5,0,0,0
2022-06-17 15:30:00,132.5,132.82001,131.10001,131.85001,0,0,0
2022-06-17 16:30:00,131.89999,133.06,131.67,132.39999,0,0,0
2022-06-17 17:30:00,132.46001,132.53,131.67,132.22,0,0,0
2022-06-17 18:30:00,132.22,132.42999,131.06,131.96001,0,0,0
2022-06-17 19:30:00,132.0,132.13,131.39999,131.44,1732298,0,0
2022-06-21 13:30:00,133.42,136.8,133.32001,136.34531,25725602,0,0
2022-06-21 14:30:00,136.345,137.06,136.28,136.57339,8972291,0,0
2022-06-21 15:30:00,136.58,136.72,135.7,136.005,7705748,0,0
2022-06-21 16:30:00,136.00999,136.17999,135.71001,135.89,5083979,0,0
2022-06-21 17:30:00,135.89,136.1169,135.535,135.88,5079926,0,0
2022-06-21 18:30:00,135.89,136.31,135.47,136.09,7851441,0,0
2022-06-21 19:30:00,136.09,136.25,135.58501,135.82001,6647635,0,0
2022-06-22 13:30:00,134.78999,137.50999,133.925,137.27,19087415,0,0
2022-06-22 14:30:00,137.27831,137.71001,136.21001,136.4772,10479489,0,1
2022-06-22 15:30:00,136.47501,136.9843,135.14,135.63,7791665,0,0
2022-06-22 16:30:00,135.63,136.45689,135.52,136.37,6213027,0,0
2022-06-22 17:30:00,136.37,136.97,135.91,136.49001,7002041,0,0
2022-06-22 18:30:00,136.5,136.6806,135.72,135.8764,6584700,0,0
2022-06-22 19:30:00,135.88,135.95,134.98,135.31,6667305,0,0
2022-06-23 13:30:00,136.82001,137.45,135.63,136.64999,18936182,0,0
2022-06-23 14:30:00,136.66,138.25999,136.5,137.8,11034974,0,0
2022-06-23 15:30:00,137.82001,137.97,136.42999,136.78999,40480737,0,0
2022-06-23 16:30:00,136.78,136.9099,136.03999,136.42999,5788722,0,0
2022-06-23 17:30:00,136.42999,137.39,136.27,137.2999,5951180,0,0
2022-06-23 18:30:00,137.28999,138.045,137.25999,137.89999,7731778,0,0
2022-06-23 19:30:00,137.905,138.59,137.89999,138.25,8660067,0,0
2022-06-24 13:30:00,139.89,141.47,139.86,140.87,0,0,0
2022-06-24 14:30:00,140.92,140.98,139.78,140.27,0,0,0
2022-06-24 15:30:00,140.28999,140.39,139.87,140.10001,0,0,0
2022-06-24 16:30:00,140.12,140.27,139.85001,140.00999,0,0,0
2022-06-24 17:30:00,139.94,140.24001,139.82001,140.17,0,0,0
2022-06-24 18:30:00,140.16,140.48,140.03999,140.31,97266,0,0
2022-06-24 19:30:00,140.32001,141.78999,140.19,141.66,0,0,0
2022-06-27 13:30:00,142.69501,143.49001,141.2908,141.96001,19809703,0,0
2022-06-27 14:30:00,141.96001,142.96001,141.888,142.875,7611196,0,0
2022-06-27 15:30:00,142.8799,143.09,142.31,142.34,5873671,0,0
2022-06-27 16:30:00,142.33,142.605,142.05,142.16,5053760,0,0
2022-06-27 17:30:00,142.16,142.19,141.52,141.69,5230615,0,0
2022-06-27 18:30:00,141.67,142.05499,141.09,141.6846,6304159,0,0
2022-06-27 19:30:00,141.69,141.77,140.965,141.71001,6532531,0,0
2022-06-28 13:30:00,142.13,143.36,141.17999,141.41,13962782,0,0
2022-06-28 14:30:00,141.41499,141.41499,139.75,139.7561,8642746,0,0
2022-06-28 15:30:00,139.75999,139.965,138.64999,139.21001,8333318,0,0
2022-06-28 16:30:00,139.2,139.42999,138.5,139.0054,5901164,0,0
2022-06-28 17:30:00,139.00729,139.08,138.12,138.2,4423770,0,0
2022-06-28 18:30:00,138.19,138.25,137.50999,137.75,7161521,0,0
2022-06-28 19:30:00,137.75,137.91,137.325,137.44,8656210,0,0
2022-06-29 13:30:00,137.44,140.07001,136.7,139.7,0,1,0
2022-06-29 14:30:00,139.71001,140.66,139.42999,139.74001,0,0,0
2022-06-29 15:30:00,139.73,140.25999,138.72,138.75,0,0,0
2022-06-29 16:30:00,138.75999,139.39999,138.75,139.11,0,0,0
2022-06-29 17:30:00,139.08,140.14999,138.94,139.89999,0,0,0
2022-06-29 18:30:00,139.88,140.0,138.95,139.99001,0,0,0
2022-06-29 19:30:00,140.05,140.05,138.83,139.23,0,0,0
2022-06-30 13:30:00,137.22,137.53,133.8,134.47,0,0,0
2022-06-30 14:30:00,134.45,137.06,134.41,136.67,0,1,0
2022-06-30 15:30:00,136.64999,137.94,136.27,137.83,0,0,0
2022-06-30 16:30:00,137.85001,138.31,136.89999,137.38,0,0,0
2022-06-30 17:30:00,137.41,138.12,136.97,137.22,0,0,0
2022-06-30 18:30:00,137.17999,137.31,135.71001,136.75999,0,0,0
2022-06-30 19:30:00,136.75,137.41,135.81,136.72,0,0,0
2022-07-01 13:30:00,136.14999,138.17999,136.00999,136.07001,0,0,0
2022-07-01 14:30:00,136.0,137.24001,135.71001,136.57001,0,1,0
2022-07-01 15:30:00,136.63,137.16,136.08,137.02,0,0,0
2022-07-01 16:30:00,137.02,137.11,136.45,137.05,0,0,0
2022-07-01 17:30:00,137.06,138.09,137.02,137.87,0,0,0
2022-07-01 18:30:00,137.89999,138.53,137.84,138.25,0,0,0
2022-07-01 19:30:00,138.28,139.0,138.22,138.92999,0,0,0
2022-07-05 13:30:00,137.63,139.08,136.98,138.7,0,0,0
2022-07-05 14:30:00,138.62,139.64999,138.17999,138.36,0,0,0
2022-07-05 15:30:00,138.39999,139.99001,138.25,139.86,0,0,0
2022-07-05 16:30:00,139.84,139.99001,138.91,139.81,0,0,0
2022-07-05 17:30:00,139.84,140.67,139.64,140.60001,0,0,0
2022-07-05 18:30:00,140.62,141.41,140.60001,141.25,0,0,0
2022-07-05 19:30:00,141.25,141.59,141.09,141.56,0,0,0
2022-07-06 13:30:00,141.46001,143.74001,141.35001,142.72,0,0,0
2022-07-06 14:30:00,142.72,143.0,141.28,141.53999,240463,0,0
2022-07-06 15:30:00,141.53,142.00999,141.08,141.94,0,0,0
2022-07-06 16:30:00,141.95,142.39999,141.64999,142.21001,0,0,0
2022-07-06 17:30:00,142.16,143.39,141.89999,143.03,0,0,0
2022-07-06 18:30:00,143.16,143.91,142.84,143.88,0,0,0
2022-07-06 19:30:00,143.87,144.10001,142.39,142.92,0,0,0
2022-07-07 13:30:00,143.44,145.95,143.33,145.84,0,0,0
2022-07-07 14:30:00,145.97,145.97,145.12,145.12,0,0,0
2022-07-07 15:30:00,145.10001,145.84,145.03,145.75,0,0,0
2022-07-07 16:30:00,145.75999,145.99001,145.53999,145.77,0,0,0
2022-07-07 17:30:00,145.77,146.55,145.71001,146.25999,0,0,0
2022-07-07 18:30:00,146.25,146.53999,146.00999,146.17999,0,0,0
2022-07-07 19:30:00,146.17999,146.53999,146.12,146.35001,0,0,0
2022-07-08 13:30:00,145.16,147.02,145.07001,146.92,0,0,0
2022-07-08 14:30:00,146.92999,147.45,146.42999,147.36,114567,0,0
2022-07-08 15:30:00,147.36,147.39,146.09,146.09,0,0,0
2022-07-08 16:30:00,146.10001,146.59,145.56,146.58,0,0,0
2022-07-08 17:30:00,146.58,147.33,146.47,147.25,0,0,0
2022-07-08 18:30:00,147.25999,147.53999,147.2,147.35001,0,0,0
2022-07-08 19:30:00,147.33,147.49001,146.87,147.03999,0,0,0
2022-07-11 13:30:00,145.71001,145.81,143.78,144.97,0,0,0
2022-07-11 14:30:00,144.96001,145.66,144.91,145.38,0,0,0
2022-07-11 15:30:00,145.41,145.48,144.94,145.38,0,0,0
2022-07-11 16:30:00,145.36,146.19,145.25999,146.13,0,0,0
2022-07-11 17:30:00,146.12,146.62,145.8,145.8,0,0,0
2022-07-11 18:30:00,145.82001,145.96001,144.82001,144.99001,0,0,0
2022-07-11 19:30:00,144.97,145.12,144.41,144.89,0,0,0
2022-07-12 13:30:00,145.96001,147.95,145.60001,146.72,0,0,0
2022-07-12 14:30:00,146.8,148.10001,146.52,148.03,0,0,0
2022-07-12 15:30:00,148.07001,148.17,147.35001,147.75,0,0,1
2022-07-12 16:30:00,147.77,148.44,147.36,147.55,0,0,0
2022-07-12 17:30:00,147.57001,148.2,147.47,147.52,0,0,0
2022-07-12 18:30:00,147.53,147.58,145.53,145.75,0,0,0
2022-07-12 19:30:00,145.69,146.19,145.05,145.86,0,0,0
2022-07-13 13:30:00,142.84,145.28999,142.17999,144.45,0,1,0
2022-07-13 14:30:00,144.39,146.39,144.3,145.32001,0,0,0
2022-07-13 15:30:00,145.32001,145.81,144.82001,145.75999,0,0,0
2022-07-13 16:30:00,145.78999,146.41,145.58,145.78999,0,0,0
2022-07-13 17:30:00,145.8,146.19,145.22,146.03,0,0,0
2022-07-13 18:30:00,146.16,146.39,145.8,145.91,0,0,0
2022-07-13 19:30:00,145.98,146.02,145.41,145.49001,0,0,0
2022-07-14 13:30:00,144.0,144.74001,143.27,144.39,0,1,0
2022-07-14 14:30:00,144.37,146.06,143.92999,146.03,0,0,0
2022-07-14 15:30:00,146.06,147.31,145.72,146.46001,0,0,0
2022-07-14 16:30:00,146.49001,147.47,146.10001,147.46001,0,0,0
2022-07-14 17:30:00,147.42999,148.53999,147.07001,148.47,0,0,0
2022-07-14 18:30:00,148.46001,148.87,148.28,148.83,0,0,0
2022-07-14 19:30:00,148.85001,148.94,148.09,148.47,0,0,0
2022-07-15 13:30:00,149.99001,150.84,148.78999,149.7,0,0,0
2022-07-15 14:30:00,149.71001,149.71001,148.85001,149.05,0,0,0
2022-07-15 15:30:00,149.03999,149.34,148.21001,148.77,0,0,0
2022-07-15 16:30:00,148.75,149.32001,148.42999,149.32001,0,0,0
2022-07-15 17:30:00,149.31,149.5,148.84,149.41,0,0,0
2022-07-15 18:30:00,149.41,149.61,149.16,149.2,0,0,0
2022-07-15 19:30:00,149.19,150.17,149.07001,150.17,0,0,0
2022-07-18 13:30:00,150.84,151.53999,150.28,151.00999,0,0,0
2022-07-18 14:30:00,151.0,151.41,150.60001,150.92,0,0,0
2022-07-18 15:30:00,150.88,151.42999,150.83,150.97,0,0,0
2022-07-18 16:30:00,151.0,151.06,150.27,150.48,0,0,0
2022-07-18 17:30:00,150.47,150.5,147.22,147.74001,0,0,0
2022-07-18 18:30:00,147.75,148.19,147.21001,147.21001,0,0,0
2022-07-18 19:30:00,147.19,147.25999,146.74001,147.07001,0,0,0
2022-07-19 13:30:00,147.98,148.53999,146.92,148.41,0,0,0
2022-07-19 14:30:00,148.44,150.12,148.25,149.75,0,0,0
2022-07-19 15:30:00,149.74001,150.21001,149.36,149.81,0,0,0
2022-07-19 16:30:00,149.82001,150.2,149.69,149.86,0,0,0
2022-07-19 17:30:00,149.87,150.89999,149.85001,150.59,0,0,0
2022-07-19 18:30:00,150.59,150.78999,150.38,150.62,0,0,0
2022-07-19 19:30:00,150.64,151.2,150.39,151.0,0,0,0
2022-07-20 13:30:00,151.17,151.98,150.39,151.92999,0,0,0
2022-07-20 14:30:00,151.94,153.59,151.94,153.25999,0,0,0
2022-07-20 15:30:00,153.2,153.69,152.97,153.17,0,0,0
2022-07-20 16:30:00,153.19,153.62,152.10001,152.69,0,0,0
2022-07-20 17:30:00,152.71001,153.14,152.16,153.06,0,0,0
2022-07-20 18:30:00,153.05,153.67999,152.92,153.53,0,0,0
2022-07-20 19:30:00,153.55,153.57001,152.92,153.03,907162,0,0
2022-07-21 13:30:00,154.7,154.7,151.96001,152.39,14826523,0,0
2022-07-21 14:30:00,152.36,153.61,152.16,153.61,7320256,0,0
2022-07-21 15:30:00,153.66,154.97,153.49001,154.94,7057767,0,0
2022-07-21 16:30:00,154.96001,155.46001,154.85001,154.92999,7272815,0,0
2022-07-21 17:30:00,154.96001,155.44,154.53999,155.34,6020751,0,0
2022-07-21 18:30:00,155.34,155.57001,154.91,155.00999,6187479,0,0
2022-07-21 19:30:00,154.97,155.38,154.75,155.35001,6195407,0,0
2022-07-22 13:30:00,155.38,156.22,154.99001,155.59,15192682,0,0
2022-07-22 14:30:00,155.57001,155.94,154.71001,154.81,8525357,0,0
2022-07-22 15:30:00,154.78,154.87,153.99001,154.39,7966028,0,0
2022-07-22 16:30:00,154.39,154.91,153.71001,153.82001,5992055,0,0
2022-07-22 17:30:00,153.78999,154.13,153.42,153.75999,5816020,0,0
2022-07-22 18:30:00,153.72,154.5,153.44,154.39999,7122405,0,0
2022-07-22 19:30:00,154.42999,154.42999,153.82001,154.09,8395689,0,0
2022-07-25 13:30:00,154.03,155.0,152.5,152.89999,15749000,0,0
2022-07-25 14:30:00,152.87,153.38,152.37,153.03,7368533,0,0
2022-07-25 15:30:00,153.07001,153.94,153.00999,153.50999,6022367,0,0
2022-07-25 16:30:00,153.49001,154.07001,153.49001,153.56,4155157,0,0
2022-07-25 17:30:00,153.56,153.62,152.86,152.92999,3520495,0,0
2022-07-25 18:30:00,152.92,153.16,152.41,152.56,5662026,0,0
2022-07-25 19:30:00,152.57001,152.99001,152.28999,152.95,6329448,0,0
2022-07-26 13:30:00,152.2,152.95,151.56,151.71001,13055121,0,0
2022-07-26 14:30:00,151.71001,151.71001,151.19,151.27,5436114,0,0
2022-07-26 15:30:00,151.22,151.35001,150.83,151.31,5626276,0,0
2022-07-26 16:30:00,151.3,152.14,151.27,152.10001,5025649,0,0
2022-07-26 17:30:00,152.14,152.48,151.66,151.67,5294605,0,0
2022-07-26 18:30:00,151.66,151.67,151.16,151.5,6023284,0,0
2022-07-26 19:30:00,151.53999,151.74001,151.25,151.60001,6809389,0,0
2022-07-27 13:30:00,152.64,154.78999,152.24001,154.71001,16858362,0,0
2022-07-27 14:30:00,154.69,154.75999,153.60001,153.8,6848314,0,0
2022-07-27 15:30:00,153.81,154.52,153.77,154.38,4980291,0,0
2022-07-27 16:30:00,154.39,154.55,154.08,154.41,5129096,0,0
2022-07-27 17:30:00,154.41,154.94,154.0,154.45,5937603,0,0
2022-07-27 18:30:00,154.39,157.17999,153.98,157.17999,13695265,0,0
2022-07-27 19:30:00,157.22,157.25,156.53999,156.7,12040845,0,0
2022-07-28 13:30:00,156.87,157.49001,154.45,154.82001,14808413,0,0
2022-07-28 14:30:00,154.78,156.88,154.64999,156.86,8488456,0,0
2022-07-28 15:30:00,156.86,157.11,156.33,156.98,8022180,0,0
2022-07-28 16:30:00,157.0,157.14999,156.16,156.97,6237895,0,0
2022-07-28 17:30:00,156.96001,157.63,156.85001,156.91,7065494,0,0
2022-07-28 18:30:00,156.86,157.60001,156.63,157.31,8404424,0,0
2022-07-28 19:30:00,157.3,157.39999,156.66,157.35001,9132268,0,0
2022-07-29 13:30:00,161.55,163.50999,159.52,163.28,33140702,0,0
2022-07-29 14:30:00,163.3,163.62,160.92,160.94,13067359,0,0
2022-07-29 15:30:00,160.91,162.33,160.59,162.03999,8873591,0,0
2022-07-29 16:30:00,162.06,162.63,162.06,162.28,7496960,0,0
2022-07-29 17:30:00,162.3,162.94,162.25,162.81,5999970,0,0
2022-07-29 18:30:00,162.82001,163.10001,162.53,163.07001,7931392,0,0
2022-07-29 19:30:00,163.06,163.13,162.47,162.47,9065248,0,0
2022-08-01 13:30:00,161.08,163.34,161.08,162.42,17855961,0,0
2022-08-01 14:30:00,162.42999,163.57001,162.42999,163.3,8604155,0,0
2022-08-01 15:30:00,163.3,163.33,162.35001,162.42999,5585442,0,0
2022-08-01 16:30:00,162.41,162.53,161.52,161.52,5613429,0,0
2022-08-01 17:30:00,161.50999,161.67999,160.89,161.62,5945772,0,0
2022-08-01 18:30:00,161.59,162.25,161.47,161.56,6486322,0,0
2022-08-01 19:30:00,161.53,161.85001,161.2,161.50999,6124723,0,0
2022-08-02 13:30:00,159.99001,161.03,159.64,160.53999,14650886,0,0
2022-08-02 14:30:00,160.75,161.72,160.35001,161.09,7281345,0,0
2022-08-02 15:30:00,161.08,162.41,160.55,162.33,5450372,0,0
2022-08-02 16:30:00,162.39,162.39,161.10001,161.22,4535513,0,0
2022-08-02 17:30:00,161.14999,161.14999,160.10001,160.97,7963335,0,0
2022-08-02 18:30:00,160.96001,161.23,160.17999,160.50999,6288129,0,0
2022-08-02 19:30:00,160.5,160.78,159.92999,159.99001,6194840,0,0
2022-08-03 13:30:00,161.00999,164.41,161.00999,163.89999,19629866,0,0
2022-08-03 14:30:00,163.91,164.83,163.31,164.56,9681228,0,0
2022-08-03 15:30:00,164.55,165.16,164.44,164.97,8655101,0,0
2022-08-03 16:30:00,164.98,166.41,164.97,165.87,10927079,0,0
2022-08-03 17:30:00,165.87,166.56,165.72,166.25999,6806971,0,0
2022-08-03 18:30:00,166.25,166.38989,165.88,166.03,8457691,0,0
2022-08-03 19:30:00,166.06,166.58,165.91,166.13,8969139,0,0
2022-08-04 13:30:00,166.10001,167.17999,164.94,164.97,16139921,0,0
2022-08-04 14:30:00,164.97,165.49001,164.44,164.71001,7968058,0,0
2022-08-04 15:30:00,164.71001,165.73,164.53999,165.55,5894163,0,0
2022-08-04 16:30:00,165.55,165.55,164.81,165.46001,4540162,0,0
2022-08-04 17:30:00,165.42,165.53,165.02,165.27,4418124,0,0
2022-08-04 18:30:00,165.28999,166.05,165.02,165.94,6021116,0,0
2022-08-04 19:30:00,165.95,165.98,165.31,165.81,5757302,0,0
2022-08-05 13:30:00,163.11,165.83,163.00999,165.16,15705309,0,0
2022-08-05 14:30:00,165.19,165.25999,163.45,163.45,6996344,0,0
2022-08-05 15:30:00,163.42999,164.74001,163.42,164.67,6398249,0,0
2022-08-05 16:30:00,164.67999,165.44,164.12,165.22,5730041,0,0
2022-08-05 17:30:00,165.25999,165.41,164.50999,164.50999,4968849,0,0
2022-08-05 18:30:00,164.5,165.10001,164.39999,165.03999,5127441,0,0
2022-08-05 19:30:00,165.03999,165.39999,164.94,165.35001,5735086,0,0
2022-08-08 13:30:00,166.47,167.78,166.07001,166.99001,23698648,0,0
2022-08-08 14:30:00,167.0,167.21001,165.97,166.11,6570192,0,1
2022-08-08 15:30:00,166.09,166.42,164.57001,164.73,7568695,0,0
2022-08-08 16:30:00,164.7,165.53,164.56,164.88,5216676,0,0
2022-08-08 17:30:00,164.85001,165.34,164.47,164.64999,4539186,0,0
2022-08-08 18:30:00,164.71001,165.16,164.21001,164.92999,4884292,0,0
2022-08-08 19:30:00,164.89,165.09,164.71001,164.87,4225214,0,0
2022-08-09 13:30:00,163.89999,164.77,163.75999,164.38,15343748,0,0
2022-08-09 14:30:00,164.42,165.31,164.02,165.06,8126945,0,0
2022-08-09 15:30:00,165.06,165.81,164.47,164.49001,8888170,0,0
2022-08-09 16:30:00,164.49001,165.32001,164.49001,165.28999,4697849,0,0
2022-08-09 17:30:00,165.28,165.59,164.91,164.99001,5647713,0,0
2022-08-09 18:30:00,164.97,165.42999,164.88,165.25999,5545582,0,0
2022-08-09 19:30:00,165.27,165.27,164.63,164.92,6411060,0,0
2022-08-10 13:30:00,167.87,168.61,166.91,167.32001,19887223,0,0
2022-08-10 14:30:00,167.41,168.22,167.17,167.82001,7753891,0,0
2022-08-10 15:30:00,167.84,168.28999,167.66,167.88,5814257,0,0
2022-08-10 16:30:00,167.91,168.25,167.87,168.03,4701339,0,0
2022-08-10 17:30:00,168.03,168.49001,167.92999,168.47,5012082,0,0
2022-08-10 18:30:00,168.47,168.89,168.32001,168.88,6649801,0,0
2022-08-10 19:30:00,168.85001,169.28999,168.77,169.24001,10125327,0,0
2022-08-11 13:30:00,170.11,170.97,169.69,170.25,15995643,0,0
2022-08-11 14:30:00,170.22,170.5,169.0,169.5,8704012,0,0
2022-08-11 15:30:00,169.46001,169.78,168.89999,169.5,5300940,0,0
2022-08-11 16:30:00,169.50999,169.75,169.25,169.41,3967903,0,0
2022-08-11 17:30:00,169.39999,169.49001,168.56,168.82001,4301616,0,0
2022-08-11 18:30:00,168.83,168.89,168.34,168.72,5197360,0,0
2022-08-11 19:30:00,168.74001,168.91,168.23,168.49001,6285687,0,0
2022-08-12 13:30:00,170.0,170.58,169.44,170.33,17280803,0,0
2022-08-12 14:30:00,170.28999,171.08,170.03999,170.91,10125229,0,0
2022-08-12 15:30:00,170.97,171.33,170.73,171.2,6653233,0,0
2022-08-12 16:30:00,171.19,171.52,170.81,171.48,5294168,0,0
2022-08-12 17:30:00,171.49001,171.50999,171.25,171.46001,4110476,0,0
2022-08-12 18:30:00,171.46001,171.97,171.46001,171.92999,7056856,0,0
2022-08-12 19:30:00,171.89999,172.12,171.69,172.12,9259039,0,0
2022-08-15 13:30:00,171.57001,172.34,171.36,172.23,15117991,0,0
2022-08-15 14:30:00,172.2,172.44,171.72,172.36,6149107,0,0
2022-08-15 15:30:00,172.38,173.28999,172.25999,173.22,7177408,0,0
2022-08-15 16:30:00,173.23,173.28999,172.91,173.09,4103972,0,0
2022-08-15 17:30:00,173.09,173.17999,172.84,172.96001,3528092,0,0
2022-08-15 18:30:00,172.97,173.36,172.84,173.32001,6513647,0,0
2022-08-15 19:30:00,173.3,173.3,172.94,173.19,4953853,0,0
2022-08-16 13:30:00,172.64999,172.87,171.67,172.14999,14075937,0,0
2022-08-16 14:30:00,172.11,173.28999,171.78,173.17999,8341337,0,0
2022-08-16 15:30:00,173.17999,173.48,172.78999,172.98,5355466,0,0
2022-08-16 16:30:00,172.97,173.13,172.58,172.94,3697085,0,0
2022-08-16 17:30:00,172.97,173.71001,172.88,173.23,4912476,0,0
2022-08-16 18:30:00,173.24001,173.24001,171.87,172.61,6605190,0,0
2022-08-16 19:30:00,172.61,173.14999,172.61,173.03,7321889,0,0
2022-08-17 13:30:00,172.78999,174.42999,172.60001,174.05,18621698,0,0
2022-08-17 14:30:00,174.00999,174.09,173.12,173.75999,9090575,0,0
2022-08-17 15:30:00,173.78999,173.99001,173.10001,173.81,6066595,0,0
2022-08-17 16:30:00,173.78999,174.77,173.75,174.63,8500691,0,0
2022-08-17 17:30:00,174.61,175.84,174.17,175.64999,12610810,0,0
2022-08-17 18:30:00,175.69,176.14,174.46001,175.03,11484123,0,0
2022-08-17 19:30:00,174.92,174.92999,174.25,174.62,6979645,0,0
2022-08-18 13:30:00,173.78,174.53999,173.12,173.63,15776772,0,0
2022-08-18 14:30:00,173.63,174.41,173.47,174.39999,7288708,0,0
2022-08-18 15:30:00,174.45,174.7,173.82001,174.03,6986523,0,0
2022-08-18 16:30:00,174.03999,174.49001,173.57001,174.39999,6011831,0,0
2022-08-18 17:30:00,174.42999,174.53,174.14999,174.25999,5065644,0,0
2022-08-18 18:30:00,174.25,174.81,173.94,174.74001,8018167,0,0
2022-08-18 19:30:00,174.75999,174.88,173.91,174.14999,7743970,0,0
2022-08-19 13:30:00,173.23,173.64999,171.91,172.17,21712746,0,0
2022-08-19 14:30:00,172.17999,172.35001,171.67,172.0,8945009,0,0
2022-08-19 15:30:00,172.02,172.44,171.87,172.19,5900002,0,0
2022-08-19 16:30:00,172.14,173.02,172.00999,172.02,6360840,0,0
2022-08-19 17:30:00,172.00999,172.27,171.75,171.95,4921796,0,0
2022-08-19 18:30:00,171.95,172.19,171.38,171.73,6596154,0,0
2022-08-19 19:30:00,171.75,171.85001,171.32001,171.52,7114369,0,0
2022-08-22 13:30:00,169.33,169.82001,168.50999,168.73,16741815,0,0
2022-08-22 14:30:00,168.69,168.86,168.00999,168.42999,7757990,0,0
2022-08-22 15:30:00,168.45,169.03,168.34,168.83,5657538,0,0
2022-08-22 16:30:00,168.81,169.03999,168.61,168.66,4618190,0,0
2022-08-22 17:30:00,168.64999,168.64999,167.87,167.88,5989158,0,0
2022-08-22 18:30:00,167.87,167.94,167.41,167.75,9069287,0,0
2022-08-22 19:30:00,167.75,167.77,167.14999,167.57001,9442268,0,0
2022-08-23 13:30:00,167.08,168.69,167.08,168.02,14071397,0,0
2022-08-23 14:30:00,168.03,168.37,166.67999,167.17999,8215065,0,0
2022-08-23 15:30:00,167.22,167.89,167.2,167.28999,5269650,0,0
2022-08-23 16:30:00,167.28999,168.16,167.28999,168.07001,5095130,0,0
2022-08-23 17:30:00,168.08,168.14999,167.33,167.87,4419351,0,0
2022-08-23 18:30:00,167.87,168.0,167.56,167.71001,4646483,0,0
2022-08-23 19:30:00,167.73,167.78999,166.86,167.23,6430586,0,0
2022-08-24 13:30:00,167.21001,167.55,166.39,167.14999,14630471,0,0
2022-08-24 14:30:00,167.16,167.34,166.25,167.28,7718691,0,0
2022-08-24 15:30:00,167.28999,167.97,167.09,167.62,6640679,0,0
2022-08-24 16:30:00,167.60001,167.78,167.09,167.17999,4439971,0,0
2022-08-24 17:30:00,167.19,167.72,167.19,167.57001,3875724,0,0
2022-08-24 18:30:00,167.58,167.99001,167.34,167.82001,4933827,0,0
2022-08-24 19:30:00,167.84,168.09,167.39,167.53,6209274,0,0
2022-08-25 13:30:00,168.77,169.91,168.77,169.31,14452817,0,0
2022-08-25 14:30:00,169.38,169.88,168.45,168.75,6446816,0,0
2022-08-25 15:30:00,168.78,169.11,168.55,168.78,4190240,0,0
2022-08-25 16:30:00,168.78,169.0,168.35001,168.92999,3895745,0,0
2022-08-25 17:30:00,168.91,169.41,168.91,169.32001,4615075,0,0
2022-08-25 18:30:00,169.31,169.41,168.94,169.39999,4469075,0,0
2022-08-25 19:30:00,169.39,170.06,169.2,170.03,7082037,0,0
2022-08-26 13:30:00,170.53,170.99001,168.36,168.77,14570951,0,1
2022-08-26 14:30:00,168.64,168.64,166.39999,166.97,9907452,0,0
2022-08-26 15:30:00,166.99001,167.27,166.03999,166.33,5890304,0,0
2022-08-26 16:30:00,166.31,166.53999,165.03999,165.32001,8671776,0,0
2022-08-26 17:30:00,165.31,165.44,164.63,164.94,6638216,0,0
2022-08-26 18:30:00,164.94,164.99001,164.39999,164.48,6716075,0,0
2022-08-26 19:30:00,164.49001,164.53,163.56,163.66,11149962,0,0
2022-08-29 13:30:00,160.95,162.86,160.88,162.11,19634841,0,0
2022-08-29 14:30:00,162.07001,162.16,159.84,160.25,12331356,0,0
2022-08-29 15:30:00,160.27,161.74001,160.08,161.46001,8552635,0,0
2022-08-29 16:30:00,161.46001,162.37,160.94,161.85001,6286836,0,0
2022-08-29 17:30:00,161.82001,162.60001,161.67,161.75999,5750277,0,0
2022-08-29 18:30:00,161.78999,162.53999,161.57001,162.08,6408832,0,0
2022-08-29 19:30:00,162.06,162.25999,161.16,161.38,6512596,0,0
2022-08-30 13:30:00,162.41,162.55,159.73,160.14,15661223,0,0
2022-08-30 14:30:00,160.08,160.23,158.25,158.94,13830310,0,0
2022-08-30 15:30:00,158.96001,159.66,158.86,159.09,7591771,0,0
2022-08-30 16:30:00,159.10001,159.10001,157.92,158.31,7501973,0,0
2022-08-30 17:30:00,158.32001,158.81,157.73,158.31,7820238,0,0
2022-08-30 18:30:00,158.25999,159.41,158.17999,158.89999,7694239,0,0
2022-08-30 19:30:00,158.89,159.16,158.14,158.92,7924668,0,0
2022-08-31 13:30:00,160.12,160.56,158.94,159.11,16845635,0,0
2022-08-31 14:30:00,159.11,159.71001,158.42999,159.02,8177602,0,0
2022-08-31 15:30:00,158.94,159.75,158.74001,159.09,5986663,0,0
2022-08-31 16:30:00,159.10001,159.34,158.62,158.81,4627461,0,0
2022-08-31 17:30:00,158.82001,158.87,158.25,158.3,5497150,0,0
2022-08-31 18:30:00,158.28,158.96001,157.7,158.55,7653675,0,0
2022-08-31 19:30:00,158.50999,159.19,157.19,157.22,11980944,0,0
2022-09-01 13:30:00,156.53999,157.56,155.94,157.25,17576230,0,0
2022-09-01 14:30:00,157.25999,157.25999,155.35001,155.42,10540993,0,0
2022-09-01 15:30:00,155.47,156.39,155.17999,155.55,8093984,0,0
2022-09-01 16:30:00,155.49001,155.92,154.7,155.81,8261415,0,0
2022-09-01 17:30:00,155.81,157.28999,155.52,157.03999,7482196,0,0
2022-09-01 18:30:00,157.06,157.50999,156.55,156.83,7662527,0,0
2022-09-01 19:30:00,156.77,158.36,156.75,157.96001,7567118,0,0
2022-09-02 13:30:00,159.89999,160.14999,158.67999,160.10001,17345505,0,0
2022-09-02 14:30:00,160.08,160.36,159.00999,159.92999,9534667,0,0
2022-09-02 15:30:00,159.94,160.10001,158.58,158.66,6490905,0,0
2022-09-02 16:30:00,158.62,158.8,156.28999,156.39999,9835325,0,0
2022-09-02 17:30:00,156.35001,156.77,155.66,156.41,8130262,0,0
2022-09-02 18:30:00,156.48,156.55,155.53,155.88,7845112,0,0
2022-09-02 19:30:00,155.85001,155.98,154.97,155.81,9206857,0,0
2022-09-06 13:30:00,156.42,157.07001,153.73,154.8,18001876,0,0
2022-09-06 14:30:00,154.69,156.50999,154.52,155.63,11042055,0,0
2022-09-06 15:30:00,155.64,156.44,154.64999,154.92999,7830275,0,0
2022-09-06 16:30:00,154.91,155.41,154.11,154.21001,6868719,0,0
2022-09-06 17:30:00,154.2,155.09,153.91,154.8,6379893,0,0
2022-09-06 18:30:00,154.82001,155.03999,154.09,154.59,6970322,0,0
2022-09-06 19:30:00,154.53999,154.66,154.00999,154.53,9191816,0,0
2022-09-07 13:30:00,154.95,155.87,154.14,154.53,18369081,0,0
2022-09-07 14:30:00,154.66,155.25,153.67,154.89999,11382662,0,0
2022-09-07 15:30:00,154.96001,155.09,154.24001,154.5,6874279,0,0
2022-09-07 16:30:00,154.45,155.31,154.35001,154.62,8309520,0,0
2022-09-07 17:30:00,154.62,156.2,154.62,155.64,12256744,0,0
2022-09-07 18:30:00,155.63,156.64999,154.84,156.61,14031346,0,0
2022-09-07 19:30:00,156.56,156.58,155.81,155.96001,7500771,0,0
2022-09-08 13:30:00,154.60001,155.83,154.38,154.91,20589432,0,0
2022-09-08 14:30:00,154.8,156.34,154.72,156.00999,9350534,0,0
2022-09-08 15:30:00,156.03999,156.17,152.75999,153.14,12083845,0,0
2022-09-08 16:30:00,153.10001,153.89,152.72,153.73,11032540,1,0
2022-09-08 17:30:00,153.8,154.11,153.25,153.77,7359188,0,0
2022-09-08 18:30:00,153.78,154.36,153.50999,154.10001,8341148,0,0
2022-09-08 19:30:00,154.09,154.45,153.64999,154.45,8214177,0,0
2022-09-09 13:30:00,155.41,156.56,154.75999,156.42999,19201931,0,0
2022-09-09 14:30:00,156.45,156.97,156.22,156.94,8475552,0,0
2022-09-09 15:30:00,156.97,157.17,156.09,156.28,7114570,0,0
2022-09-09 16:30:00,156.28999,157.16,156.14999,157.07001,5423194,0,0
2022-09-09 17:30:00,157.06,157.5,156.78,157.5,5564246,0,0
2022-09-09 18:30:00,157.5,157.55,156.89999,157.42,6235159,0,0
2022-09-09 19:30:00,157.39,157.78,157.33,157.37,7843544,0,0
2022-09-12 13:30:00,159.53,162.03,159.42,161.59,24840470,0,0
2022-09-12 14:30:00,161.64,162.64999,161.22,162.62,13270111,0,0
2022-09-12 15:30:00,162.64999,162.86,161.73,162.60001,14961336,0,0
2022-09-12 16:30:00,162.62,163.63,162.49001,163.63,10077619,0,0
2022-09-12 17:30:00,163.63,164.25,163.44,163.44,12866279,0,1
2022-09-12 18:30:00,163.45,163.96001,163.09,163.32001,9291976,0,0
2022-09-12 19:30:00,163.34,163.72,163.23,163.42999,9448929,0,0
2022-09-13 13:30:00,159.78999,160.52,157.57001,157.87,28635984,0,0
2022-09-13 14:30:00,157.8,158.07001,156.25999,156.47,13978632,0,0
2022-09-13 15:30:00,156.44,156.75,156.16,156.28,10742593,0,0
2022-09-13 16:30:00,156.28999,156.69,155.97,156.55,10206049,0,0
2022-09-13 17:30:00,156.50999,156.64999,155.0,155.0,10778600,0,0
2022-09-13 18:30:00,155.05,155.23,154.03,154.03,13262244,0,0
2022-09-13 19:30:00,154.05,154.25,153.41,153.84,17432649,0,0
2022-09-14 13:30:00,154.8,156.45,154.03,154.995,23696870,0,0
2022-09-14 14:30:00,155.00999,157.10001,154.8801,155.92999,14818728,0,0
2022-09-14 15:30:00,155.92999,156.31419,155.19031,155.32001,8056739,0,0
2022-09-14 16:30:00,155.33,155.455,154.81,155.065,7232841,0,0
2022-09-14 17:30:00,155.08,155.16,153.88499,154.31,8115234,0,0
2022-09-14 18:30:00,154.31,154.63499,153.6106,154.0195,8124250,0,0
2022-09-14 19:30:00,154.00999,155.58,153.66,155.31,8786320,0,0
2022-09-15 13:30:00,154.71001,155.19,153.75,153.75,17113778,0,0
2022-09-15 14:30:00,153.78999,153.94,151.8,152.83,16258312,0,0
2022-09-15 15:30:00,152.82001,153.05,152.28,152.5,10680622,0,0
2022-09-15 16:30:00,152.5,154.28999,152.44,153.91,8208374,0,0
2022-09-15 17:30:00,153.92,153.95,152.74001,153.03999,6018755,0,0
2022-09-15 18:30:00,153.03999,153.28999,151.39,151.5,11601995,0,0
2022-09-15 19:30:00,151.44,152.63,151.41,152.37,10510313,0,0
2022-09-16 13:30:00,151.14999,151.25,148.42,149.39999,42017021,0,0
2022-09-16 14:30:00,149.48,150.50999,148.75,149.16,14749518,0,0
2022-09-16 15:30:00,149.19,149.94,148.67,148.77,9088992,0,0
2022-09-16 16:30:00,148.73,149.5,148.72,149.28,7306850,1,0
2022-09-16 17:30:00,149.28,150.25999,149.16,150.14999,9677151,0,0
2022-09-16 18:30:00,150.09,151.33,149.94,150.74001,12307309,0,0
2022-09-16 19:30:00,150.74001,150.91,150.34,150.7,11806593,0,0
2022-09-19 13:30:00,149.22,151.53,149.19,151.21001,17339043,0,0
2022-09-19 14:30:00,151.23,152.82001,151.07001,151.99001,10946329,0,0
2022-09-19 15:30:00,152.03,152.53999,151.42999,152.3,9582301,0,0
2022-09-19 16:30:00,152.32001,153.32001,152.28999,153.28,7981016,0,0
2022-09-19 17:30:00,153.25999,153.44,152.60001,152.91,7030376,0,0
2022-09-19 18:30:00,152.91,154.28,152.75,154.13,9601083,0,0
2022-09-19 19:30:00,154.24001,154.53999,153.83,154.48,9424981,0,0
2022-09-20 13:30:00,153.31,155.10001,153.12,154.78999,20636823,0,0
2022-09-20 14:30:00,154.74001,156.88,154.50999,156.58,14723219,0,0
2022-09-20 15:30:00,156.61,158.07001,156.16,157.28,16404154,0,0
2022-09-20 16:30:00,157.28999,157.33,156.03,156.06,11814041,0,0
2022-09-20 17:30:00,155.97,156.55,155.45,156.22,12035428,0,0
2022-09-20 18:30:00,156.21001,157.17999,155.55,157.0,12262871,0,0
2022-09-20 19:30:00,156.99001,157.67999,156.63,156.89999,11695912,0,0
2022-09-21 13:30:00,157.45,158.37,156.55,157.38,17927507,0,0
2022-09-21 14:30:00,157.41,157.41,155.94,156.14999,8116705,0,0
2022-09-21 15:30:00,156.16,157.17999,156.12,157.14999,6425218,0,0
2022-09-21 16:30:00,157.14999,157.36,156.96001,157.25,5823498,0,0
2022-09-21 17:30:00,157.22,158.0,154.62,155.17,16361041,0,0
2022-09-21 18:30:00,155.05,158.67,154.71001,155.75,24806098,0,0
2022-09-21 19:30:00,155.705,155.94,153.72,153.72,12991960,0,0
2022-09-22 13:30:00,152.19,153.46001,151.7,152.44,22292620,0,0
2022-09-22 14:30:00,152.39,152.78,150.91,151.21001,12385544,0,0
2022-09-22 15:30:00,151.21001,152.38,151.17999,152.03,8220506,1,0
2022-09-22 16:30:00,152.03999,152.89999,151.89999,152.31,7929607,0,0
2022-09-22 17:30:00,152.39999,152.92999,152.00999,152.12,7594235,0,0
2022-09-22 18:30:00,152.06,153.97,151.97,153.67999,11212700,0,0
2022-09-22 19:30:00,153.67999,154.35001,152.7,152.74001,10425265,0,1
2022-09-23 13:30:00,151.06,151.39999,149.34,150.34,27930796,0,0
2022-09-23 14:30:00,150.42,150.64,149.62,150.00999,11317793,0,0
2022-09-23 15:30:00,150.08,150.53,149.46001,149.46001,9916897,0,0
2022-09-23 16:30:00,149.47,150.37,149.42999,149.67999,7781195,0,0
2022-09-23 17:30:00,149.67,149.92999,148.94,149.17999,8608590,0,0
2022-09-23 18:30:00,149.22,149.84,148.56,149.75999,11474253,0,0
2022-09-23 19:30:00,149.78999,150.56,149.73,150.42999,11644952,0,0
2022-09-26 13:30:00,149.85001,153.75999,149.8,153.59,23776043,0,0
2022-09-26 14:30:00,153.60001,153.67999,151.72,151.72,12468623,0,1
2022-09-26 15:30:00,151.71001,152.07001,150.84,150.87,11825891,0,0
2022-09-26 16:30:00,150.84,151.53,150.41,150.75,8058991,0,0
2022-09-26 17:30:00,150.83,151.28,150.06,150.67999,8345584,0,0
2022-09-26 18:30:00,150.64999,151.84,150.31,151.66,9587510,0,0
2022-09-26 19:30:00,151.62,151.99001,150.61,150.77,10362040,0,0
2022-09-27 13:30:00,152.89,154.64,152.52,152.78,20286606,0,0
2022-09-27 14:30:00,152.91,153.67,151.61,151.73,11050360,0,0
2022-09-27 15:30:00,151.74001,152.33,149.94,150.84,11819553,0,0
2022-09-27 16:30:00,150.75999,151.8,150.75999,151.28999,9535952,0,0
2022-09-27 17:30:00,151.28,151.59,150.72,151.12,6496896,0,0
2022-09-27 18:30:00,151.12,152.35001,150.94,151.47,9381880,0,0
2022-09-27 19:30:00,151.5,152.06,151.06,151.75999,8325653,0,0
2022-09-28 13:30:00,147.66,148.28,144.89999,147.23,46429907,0,0
2022-09-28 14:30:00,147.37,147.37,146.09,146.85001,19126970,0,0
2022-09-28 15:30:00,146.88,147.69,146.37,147.16,14559330,0,0
2022-09-28 16:30:00,147.14999,148.35001,146.99001,147.92999,13049841,0,0
2022-09-28 17:30:00,147.92999,148.07001,147.22,147.91,11250312,0,0
2022-09-28 18:30:00,147.91,149.78999,147.91,149.41,17097790,0,0
2022-09-28 19:30:00,149.42,150.64,149.42,149.84,13486343,0,0
2022-09-29 13:30:00,146.05,146.7,142.74001,143.39999,35992880,0,0
2022-09-29 14:30:00,143.34,143.61,142.37,142.86,15813886,0,0
2022-09-29 15:30:00,142.87,143.92,142.77,142.78,12247013,0,0
2022-09-29 16:30:00,142.85001,142.86,141.98,142.31,8672227,0,0
2022-09-29 17:30:00,142.28999,142.71001,140.69,141.25999,13249463,0,0
2022-09-29 18:30:00,141.25999,141.83,140.73,141.47,15458079,0,0
2022-09-29 19:30:00,141.47,142.52,141.45,142.48,15229610,0,0
2022-09-30 13:30:00,141.21001,142.58,140.61,142.22,24991972,0,0
2022-09-30 14:30:00,142.22,143.07001,141.89,142.62,14154307,0,0
2022-09-30 15:30:00,142.67,142.75,140.88,141.28999,10591263,0,0
2022-09-30 16:30:00,141.3,141.75,140.72,141.05,7834140,0,0
2022-09-30 17:30:00,141.06,141.13,140.19,140.42999,9277926,0,0
2022-09-30 18:30:00,140.45,140.81,139.50999,140.03,15244038,0,0
2022-09-30 19:30:00,140.14,140.25999,138.17999,138.2,21158675,0,0
2022-10-03 13:30:00,138.25999,141.05,137.78999,140.86,30858232,0,0
2022-10-03 14:30:00,140.96001,141.58,140.78999,140.82001,14649215,0,0
2022-10-03 15:30:00,140.84,141.25,140.09,140.92999,10111984,0,0
2022-10-03 16:30:00,140.91,142.16,140.81,142.0,11522699,0,0
2022-10-03 17:30:00,141.99001,142.97,141.89,142.88,9708055,0,0
2022-10-03 18:30:00,142.85001,143.06,142.46001,142.89999,14196149,0,0
2022-10-03 19:30:00,142.89999,143.00999,142.25,142.45,11037800,0,0
2022-10-04 13:30:00,145.0,146.09,144.5,145.8,22873405,0,0
2022-10-04 14:30:00,145.72,146.19,145.10001,145.19,13460190,0,0
2022-10-04 15:30:00,145.22,145.77,145.0,145.47,8488234,0,0
2022-10-04 16:30:00,145.46001,145.57001,144.27,144.87,7235476,0,0
2022-10-04 17:30:00,144.88,145.50999,144.63,145.09,6511467,0,0
2022-10-04 18:30:00,145.10001,146.08,145.06,145.73,8484675,0,0
2022-10-04 19:30:00,145.7,146.14,145.53,146.10001,8887286,0,0
2022-10-05 13:30:00,144.03,145.31,143.37,143.44,18630695,0,0
2022-10-05 14:30:00,143.31,144.42,143.03,144.11,11489787,1,0
2022-10-05 15:30:00,144.13,145.5,143.89,145.10001,8906861,0,0
2022-10-05 16:30:00,145.09,146.23,144.95,145.87,7502301,0,0
2022-10-05 17:30:00,145.86,146.09,145.28999,145.92999,6538442,0,0
2022-10-05 18:30:00,145.97,147.34,145.74001,146.75,10461088,0,0
2022-10-05 19:30:00,146.88,147.09,145.89,146.39999,9779301,0,0
2022-10-06 13:30:00,145.87,147.5,145.66,145.75,20434586,0,0
2022-10-06 14:30:00,145.73,146.66,145.63,146.5,9436522,0,0
2022-10-06 15:30:00,146.53999,146.91,145.58,146.06,8069599,0,0
2022-10-06 16:30:00,146.03999,146.50999,145.83,146.5,5881902,0,0
2022-10-06 17:30:00,146.49001,146.53,145.75,145.88,5067425,0,0
2022-10-06 18:30:00,145.88,146.14,145.27,145.99001,7331812,0,0
2022-10-06 19:30:00,145.99001,146.02,145.24001,145.42999,6911931,0,0
2022-10-07 13:30:00,142.46001,143.09,141.10001,141.11,18773818,0,0
2022-10-07 14:30:00,141.10001,141.67999,140.91,141.2,10824930,0,0
2022-10-07 15:30:00,141.23,141.44,140.64999,140.64999,7407217,0,0
2022-10-07 16:30:00,140.66,140.69,139.95,140.28,7719899,0,0
2022-10-07 17:30:00,140.25999,140.60001,140.03,140.08,5935718,0,0
2022-10-07 18:30:00,140.09,140.52,139.60001,139.72,8456065,0,0
2022-10-07 19:30:00,139.75,140.47,139.50999,140.09,13306374,0,0
2022-10-10 13:30:00,140.48,140.55,138.60001,140.05,18279843,0,0
2022-10-10 14:30:00,140.02,140.28999,139.11,140.0,9668378,0,0
2022-10-10 15:30:00,139.99001,140.81,139.67,139.73,7316913,0,0
2022-10-10 16:30:00,139.73,140.0,139.06,139.98,6851555,0,0
2022-10-10 17:30:00,139.94,141.83,139.92999,140.91,10143233,0,0
2022-10-10 18:30:00,140.87,141.5,140.55,141.06,8227241,0,0
2022-10-10 19:30:00,141.07001,141.53,140.21001,140.42,7359507,0,0
2022-10-11 13:30:00,139.75,139.98,138.45,139.03999,17308267,0,0
2022-10-11 14:30:00,138.95,140.19,138.73,139.88,10183198,0,0
2022-10-11 15:30:00,139.89,141.22,139.74001,140.67,8681520,0,0
2022-10-11 16:30:00,140.7,141.34,140.03999,140.03999,7179475,0,0
2022-10-11 17:30:00,140.13,140.63,139.69,140.06,6879652,0,0
2022-10-11 18:30:00,140.06,140.28,138.24001,138.75,11226025,0,0
2022-10-11 19:30:00,138.77,139.21001,138.52,138.98,8478420,0,0
2022-10-12 13:30:00,139.06,140.31,138.7,139.67999,16920730,0,0
2022-10-12 14:30:00,139.63,139.92999,138.85001,139.7,9466960,0,0
2022-10-12 15:30:00,139.66,140.14,139.11,139.17,7067963,0,0
2022-10-12 16:30:00,139.16,139.59,138.95,139.10001,5307181,0,0
2022-10-12 17:30:00,139.11,139.32001,138.3,139.23,9968236,0,0
2022-10-12 18:30:00,139.22,139.33,138.17,138.48,7343109,0,0
2022-10-12 19:30:00,138.50999,138.78,138.32001,138.34,7375477,0,0
2022-10-13 13:30:00,134.85001,136.82001,134.61,135.81,25981726,1,0
2022-10-13 14:30:00,135.74001,140.63,135.67,139.75,18226616,0,0
2022-10-13 15:30:00,139.89999,142.49001,139.58,140.31,16862406,0,0
2022-10-13 16:30:00,140.31,141.91,140.09,141.69,9589493,0,0
2022-10-13 17:30:00,141.75999,142.35001,140.91,140.99001,8112093,0,0
2022-10-13 18:30:00,141.03,143.41,141.03,142.5,12855401,0,0
2022-10-13 19:30:00,142.47,143.53,142.08,142.99001,12008580,0,0
2022-10-14 13:30:00,144.48,144.48,140.03,140.67,24273877,0,1
2022-10-14 14:30:00,140.64999,140.89999,139.50999,140.37,11239441,0,0
2022-10-14 15:30:00,140.31,140.41,139.03999,139.46001,8299842,0,0
2022-10-14 16:30:00,139.42,139.92,138.97,139.28,5711629,0,0
2022-10-14 17:30:00,139.28,139.53999,138.50999,138.74001,6514143,0,0
2022-10-14 18:30:00,138.73,139.16,138.31,138.83,9499323,0,0
2022-10-14 19:30:00,138.81,139.08,138.19,138.28999,11584674,0,0
2022-10-17 13:30:00,141.06,142.60001,140.94,141.60001,23163717,0,0
2022-10-17 14:30:00,141.62,141.97,140.28,141.14999,12872899,0,0
2022-10-17 15:30:00,141.16,141.85001,141.03999,141.74001,8028539,0,0
2022-10-17 16:30:00,141.72,142.47,141.45,142.41,6904080,0,0
2022-10-17 17:30:00,142.45,142.61,142.16,142.34,7114052,0,0
2022-10-17 18:30:00,142.32001,142.82001,142.31,142.57001,7599388,0,0
2022-10-17 19:30:00,142.55,142.87,142.14,142.41,7672435,0,0
2022-10-18 13:30:00,146.08,146.64999,145.2,145.32001,19335646,0,0
2022-10-18 14:30:00,145.37,145.75,143.3,143.61,11238382,0,0
2022-10-18 15:30:00,143.60001,144.67,143.0,144.35001,9054841,0,0
2022-10-18 16:30:00,144.33,145.28999,144.2,144.96001,8706450,0,0
2022-10-18 17:30:00,144.89999,145.60001,144.85001,145.34,6451544,0,0
2022-10-18 18:30:00,145.28,145.31,140.64999,142.77,26868579,0,0
2022-10-18 19:30:00,142.74001,143.86,142.64,143.75,10185922,0,0
2022-10-19 13:30:00,141.74001,144.94,141.74001,144.81,16152338,1,0
2022-10-19 14:30:00,144.85001,144.89,143.28,143.5,7826678,0,0
2022-10-19 15:30:00,143.50999,144.32001,143.25,143.46001,6129498,0,0
2022-10-19 16:30:00,143.44,143.88,142.17999,142.69,7033356,0,0
2022-10-19 17:30:00,142.67999,143.53,142.34,143.44,6051436,0,0
2022-10-19 18:30:00,143.39999,143.74001,142.84,143.39999,6552341,0,0
2022-10-19 19:30:00,143.38,143.95,143.12,143.86,6171923,0,0
2022-10-20 13:30:00,143.05,145.88,143.05,145.49001,16472121,0,0
2022-10-20 14:30:00,145.64999,145.78,144.87,145.12,7015347,0,1
2022-10-20 15:30:00,145.14,145.82001,144.71001,144.88,6931651,0,0
2022-10-20 16:30:00,144.84,145.05,143.8,144.3,6388857,0,0
2022-10-20 17:30:00,144.28,144.33,142.85001,142.86,6809166,0,0
2022-10-20 18:30:00,142.8,143.69,142.64999,143.39999,7070401,1,0
2022-10-20 19:30:00,143.39,143.75,143.0,143.39,5713575,0,0
2022-10-21 13:30:00,142.96001,145.28999,142.67999,144.55,21996365,0,0
2022-10-21 14:30:00,144.59,145.03999,143.58,144.27,11996128,0,0
2022-10-21 15:30:00,144.28999,146.09,144.24001,145.07001,10210570,0,0
2022-10-21 16:30:00,145.12,146.17999,145.08,145.87,6867639,0,0
2022-10-21 17:30:00,145.87,146.5,145.78,146.14,6379217,0,0
2022-10-21 18:30:00,146.14999,147.84,146.08,147.83,10535873,0,0
2022-10-21 19:30:00,147.78999,147.81,147.25,147.27,9538018,0,0
2022-10-24 13:30:00,147.37,148.32001,146.00999,146.67999,20367441,0,0
2022-10-24 14:30:00,146.62,148.39999,146.47,148.21001,9535537,0,0
2022-10-24 15:30:00,148.17,148.81,147.56,148.42999,7604125,0,0
2022-10-24 16:30:00,148.42,148.72,147.91,148.08,6400273,0,0
2022-10-24 17:30:00,148.07001,149.34,147.95,149.28999,5956854,0,0
2022-10-24 18:30:00,149.25,150.22,149.25,149.99001,9936723,0,0
2022-10-24 19:30:00,149.98,150.03,149.14999,149.45,7332065,0,0
2022-10-25 13:30:00,150.62,151.45,149.39,151.14999,19856895,0,0
2022-10-25 14:30:00,151.14999,151.62,150.78,151.58,9263359,0,0
2022-10-25 15:30:00,151.59,151.87,151.46001,151.78,8265413,0,0
2022-10-25 16:30:00,151.78,151.84,151.16,151.52,5915279,0,0
2022-10-25 17:30:00,151.64999,152.03999,151.16,152.03999,6555166,0,0
2022-10-25 18:30:00,152.05,152.28999,151.75999,152.25999,6887924,0,0
2022-10-25 19:30:00,152.25,152.45,152.03,152.34,7608959,0,0
2022-10-26 13:30:00,150.8,151.31,149.57001,150.56,22983539,0,0
2022-10-26 14:30:00,150.58,151.75,150.32001,151.47,9112878,0,0
2022-10-26 15:30:00,151.45,151.98,151.16,151.53,7913400,0,0
2022-10-26 16:30:00,151.53,151.89999,149.41,149.46001,9331914,0,0
2022-10-26 17:30:00,149.48,149.52,148.07001,148.25,9758471,0,0
2022-10-26 18:30:00,148.21001,149.31,148.10001,149.25,9349511,0,0
2022-10-26 19:30:00,149.25999,149.37,148.81,149.35001,9324504,0,0
2022-10-27 13:30:00,148.33,149.02,145.53999,147.91,20667889,0,0
2022-10-27 14:30:00,147.98,148.24001,146.24001,146.28,9507886,0,0
2022-10-27 15:30:00,146.22,146.67,145.41,145.42,8522332,0,0
2022-10-27 16:30:00,145.39,145.78999,144.88,145.12,9285671,0,0
2022-10-27 17:30:00,145.14999,145.34,144.14,144.59,9268107,0,0
2022-10-27 18:30:00,144.57001,145.10001,144.22,145.08,10587507,1,0
2022-10-27 19:30:00,145.08,145.36,144.50999,144.8,11090998,0,0
2022-10-28 13:30:00,148.03,155.23,147.95,154.62,49671787,0,0
2022-10-28 14:30:00,154.62,156.47,154.16,155.59,28787612,0,0
2022-10-28 15:30:00,155.66,156.13,154.82001,155.85001,16666470,0,0
2022-10-28 16:30:00,155.89,156.99001,155.87,156.71001,14725594,0,0
2022-10-28 17:30:00,156.72,157.49001,155.63,155.77,14608168,0,1
2022-10-28 18:30:00,155.75,156.57001,155.41,155.74001,13517122,0,0
2022-10-28 19:30:00,155.62,156.23,155.59,155.74001,14088360,0,0
2022-10-31 13:30:00,153.2,154.0,151.97,152.48,29002717,0,0
2022-10-31 14:30:00,152.44,153.53999,152.27,153.31,11570788,0,0
2022-10-31 15:30:00,153.28999,154.14,152.85001,153.98,9341978,0,0
2022-10-31 16:30:00,153.91,154.10001,153.09,153.98,6892849,0,0
2022-10-31 17:30:00,153.95,154.08,153.3,153.77,6334380,0,0
2022-10-31 18:30:00,153.78,154.24001,152.88,153.33,8747639,0,0
2022-10-31 19:30:00,153.28,153.57001,152.8,153.32001,9286944,0,0
2022-11-01 13:30:00,155.25,155.38,150.44,150.92999,22440052,0,0
2022-11-01 14:30:00,150.97,150.97,149.61,149.91,13036621,0,0
2022-11-01 15:30:00,149.88,150.49001,149.19,150.10001,9348370,0,0
2022-11-01 16:30:00,150.09,150.32001,149.64,150.00999,5919583,0,0
2022-11-01 17:30:00,150.0,150.53,149.62,150.53,6031255,0,0
2022-11-01 18:30:00,150.53999,151.08,150.24001,150.56,8142448,0,0
2022-11-01 19:30:00,150.64,150.98,150.44,150.7,7010204,0,0
2022-11-02 13:30:00,148.99001,150.28999,148.67999,149.0,14178915,0,0
2022-11-02 14:30:00,149.00999,149.58,148.62,148.86,6550317,0,0
2022-11-02 15:30:00,148.85001,149.08,148.34,148.53,6814923,0,0
2022-11-02 16:30:00,148.55,149.25,148.2,148.78,4880739,0,0
2022-11-02 17:30:00,148.82001,151.91,148.09,151.71001,13994618,0,0
2022-11-02 18:30:00,151.84,152.0,145.56,145.92,22019452,0,1
2022-11-02 19:30:00,145.94,146.48,145.00999,145.03999,13031567,0,0
2022-11-03 13:30:00,142.05,142.77,139.39999,140.98,24104566,0,0
2022-11-03 14:30:00,140.97,141.3,139.75,139.75999,13454664,0,0
2022-11-03 15:30:00,139.75,140.53,139.28,140.22,9750090,0,0
2022-11-03 16:30:00,140.17,140.75999,139.86,140.02,7007399,0,0
2022-11-03 17:30:00,140.03999,140.2,139.09,140.10001,10339306,0,0
2022-11-03 18:30:00,140.11,140.32001,139.64999,139.75999,8432444,0,0
2022-11-03 19:30:00,139.75,140.02,138.75,138.88,11501225,0,0
2022-11-04 13:30:00,142.09,142.67,136.58,139.55009,36813823,0,1
2022-11-04 14:30:00,139.55,139.73,136.39999,136.5502,20603421,0,0
2022-11-04 15:30:00,136.56,136.82001,134.55,136.30569,20670166,0,0
2022-11-04 16:30:00,136.3,136.41,134.45,134.85989,13060616,0,0
2022-11-04 17:30:00,134.85001,135.73,134.38,135.37,9377302,1,0
2022-11-04 18:30:00,135.38,137.82001,135.20959,137.28,16841622,0,0
2022-11-04 19:30:00,137.285,138.5,136.89999,138.39999,12011577,0,0
2022-11-07 14:30:00,137.11,138.22,135.67999,136.69,23768821,0,0
2022-11-07 15:30:00,136.7,137.79179,136.22,137.63651,11812771,0,0
2022-11-07 16:30:00,137.63,137.82001,136.25999,137.3208,8449259,0,0
2022-11-07 17:30:00,137.325,137.64999,136.92999,137.0934,7382671,0,0
2022-11-07 18:30:00,137.0988,138.31,136.84,138.25999,7092223,0,0
2022-11-07 19:30:00,138.255,138.88,137.71001,138.765,10007221,0,0
2022-11-07 20:30:00,138.76801,139.145,138.61,138.96001,7232719,0,0
2022-11-08 14:30:00,140.41,140.49001,138.03999,138.44,21999770,0,0
2022-11-08 15:30:00,138.45,140.31,138.38499,140.2679,9506478,0,0
2022-11-08 16:30:00,140.27,141.14999,140.17,140.81,9411470,0,0
2022-11-08 17:30:00,140.8,141.42999,139.45,139.64,9268899,0,0
2022-11-08 18:30:00,139.64,140.1297,137.64,137.68089,10771658,0,0
2022-11-08 19:30:00,137.69,139.92999,137.49001,139.91451,10510152,0,0
2022-11-08 20:30:00,139.91,140.64,139.37,139.50999,7821945,0,0
2022-11-09 14:30:00,138.5,138.55,136.98,137.1698,14660636,0,0
2022-11-09 15:30:00,137.17889,137.4601,136.145,136.955,8588114,0,0
2022-11-09 16:30:00,136.95,137.41,136.13,136.24899,6203004,0,0
2022-11-09 17:30:00,136.244,136.60001,135.761,135.91,6132161,0,0
2022-11-09 18:30:00,135.89999,135.908,135.0,135.38,8269260,0,0
2022-11-09 19:30:00,135.38,135.4799,134.7,135.095,8995005,0,0
2022-11-09 20:30:00,135.11,135.19,134.59331,134.87,9644300,0,0
2022-11-10 14:30:00,141.24001,143.7,140.39999,143.45,31213223,0,0
2022-11-10 15:30:00,143.46001,143.50999,142.14999,143.09,11128737,0,0
2022-11-10 16:30:00,143.10001,143.64999,142.74001,143.23,8561508,0,0
2022-11-10 17:30:00,143.22,143.73,142.72009,143.62,7640515,0,0
2022-11-10 18:30:00,143.63,144.23,143.38,144.18201,7917979,0,0
2022-11-10 19:30:00,144.185,145.17,144.0,145.16,10462443,0,0
2022-11-10 20:30:00,145.15511,146.87,145.05,146.83,18655523,0,0
2022-11-11 14:30:00,145.82001,148.02251,144.37,147.60001,23072835,0,0
2022-11-11 15:30:00,147.60001,148.75,146.7,146.7,12422678,0,0
2022-11-11 16:30:00,146.715,148.22501,146.42999,148.2057,9381719,0,0
2022-11-11 17:30:00,148.21001,149.3,147.91,149.2,8070890,0,0
2022-11-11 18:30:00,149.19,150.00999,149.02,149.61,8986591,0,0
2022-11-11 19:30:00,149.645,150.0,148.7603,149.3017,10323009,0,0
2022-11-11 20:30:00,149.3,149.92999,149.0,149.66499,9803160,0,0
2022-11-14 14:30:00,148.97,149.46001,147.42999,148.125,16592140,0,0
2022-11-14 15:30:00,148.1228,148.41,147.62,147.64,7828758,0,0
2022-11-14 16:30:00,147.64,149.25,147.5399,148.9601,8263810,0,0
2022-11-14 17:30:00,148.97,149.8,148.701,149.715,6882713,0,0
2022-11-14 18:30:00,149.72,150.28,149.45,150.0,6485638,0,0
2022-11-14 19:30:00,150.0,150.21001,149.11,149.32001,7506909,0,0
2022-11-14 20:30:00,149.3116,149.435,148.07001,148.37,7624770,0,0
2022-11-15 14:30:00,152.215,153.59,151.67999,153.17,21958202,0,0
2022-11-15 15:30:00,153.17799,153.21001,151.78999,152.155,9503930,0,1
2022-11-15 16:30:00,152.16,153.03,151.89999,151.97,8461641,0,0
2022-11-15 17:30:00,151.96001,152.11,149.685,149.87,9912209,0,0
2022-11-15 18:30:00,149.87,150.61,148.56129,150.369,13455401,0,0
2022-11-15 19:30:00,150.3877,150.89,149.78,150.55499,9190129,0,0
2022-11-15 20:30:00,150.56,150.60001,149.63,150.06,7242046,0,0
2022-11-16 14:30:00,149.13,149.87,147.28999,148.205,17913700,0,0
2022-11-16 15:30:00,148.2085,148.89999,147.64,148.3582,8917293,0,0
2022-11-16 16:30:00,148.35001,148.88,148.17,148.77589,6343496,0,0
2022-11-16 17:30:00,148.78,149.5,148.53,149.17,6241920,0,0
2022-11-16 18:30:00,149.17999,149.33,148.5,148.63,4134436,0,0
2022-11-16 19:30:00,148.64,149.0766,148.28,148.71001,5497414,0,0
2022-11-16 20:30:00,148.71001,149.25,148.4201,148.78,6195587,0,0
2022-11-17 14:30:00,146.42999,148.81,146.14999,148.7412,13877388,1,0
2022-11-17 15:30:00,148.74001,148.98,148.00999,148.81,7606551,0,0
2022-11-17 16:30:00,148.819,150.0554,148.6804,149.72501,8646763,0,0
2022-11-17 17:30:00,149.73,151.48,149.61,151.28999,9682325,0,0
2022-11-17 18:30:00,151.3,151.48,149.81,150.0,9098657,0,0
2022-11-17 19:30:00,149.99001,150.44,149.53,149.935,10570158,0,0
2022-11-17 20:30:00,149.92999,150.85001,149.85001,150.75,7613242,0,0
2022-11-18 14:30:00,152.30499,152.7,149.97,150.55,16452623,0,0
2022-11-18 15:30:00,150.5536,151.82001,150.28,151.62,9731283,0,0
2022-11-18 16:30:00,151.62,151.98,150.46001,150.77,8741343,0,0
2022-11-18 17:30:00,150.75999,151.215,150.35001,151.19,6236992,0,0
2022-11-18 18:30:00,151.19,151.27991,150.78,151.02,4976364,0,0
2022-11-18 19:30:00,151.03,151.74001,150.86,151.72,7670527,0,0
2022-11-18 20:30:00,151.73,151.91,150.78,151.31,9783621,0,0
2022-11-21 14:30:00,150.16,150.37,148.21001,148.35001,14950131,0,0
2022-11-21 15:30:00,148.35001,148.74001,147.78,148.35001,8106037,0,0
2022-11-21 16:30:00,148.35001,148.49001,147.715,147.78101,5599571,0,0
2022-11-21 17:30:00,147.78999,148.64799,147.7605,148.56,6106089,0,0
2022-11-21 18:30:00,148.56,149.03,148.28,148.33,5033018,0,0
2022-11-21 19:30:00,148.35001,148.60001,148.08,148.19501,4865070,0,0
2022-11-21 20:30:00,148.2,148.44,147.88,148.02,6303542,0,0
2022-11-22 14:30:00,148.13,148.55,146.97,148.25999,11349872,0,0
2022-11-22 15:30:00,148.25,148.98,147.99001,148.95,6425092,0,0
2022-11-22 16:30:00,148.96001,149.4411,148.50999,149.25,5347571,0,0
2022-11-22 17:30:00,149.24001,149.77,149.03999,149.67999,4433435,0,0
2022-11-22 18:30:00,149.675,150.05,149.46001,149.65269,5050883,0,0
2022-11-22 19:30:00,149.64999,150.14999,149.50999,150.045,5299889,0,0
2022-11-22 20:30:00,150.045,150.42,149.965,150.23,5883034,0,0
2022-11-23 14:30:00,149.45,151.47,149.38811,151.36501,13829807,0,0
2022-11-23 15:30:00,151.36501,151.83,151.09,151.3,7034504,0,0
2022-11-23 16:30:00,151.28999,151.28999,149.78999,150.19501,6463398,0,0
2022-11-23 17:30:00,150.19,150.28999,149.34,150.12,4717514,0,0
2022-11-23 18:30:00,150.13,151.31,149.75999,151.0363,6955462,0,0
2022-11-23 19:30:00,151.0385,151.42,150.53,151.175,7214553,0,0
2022-11-23 20:30:00,151.17,151.1709,150.63,151.14,5674052,0,0
2022-11-25 14:30:00,148.30499,148.88,147.12,148.3999,14640551,0,0
2022-11-25 15:30:00,148.38181,148.39999,147.75,147.8255,5463832,0,0
2022-11-25 16:30:00,147.82001,148.405,147.60001,148.17,6233631,0,0
2022-11-25 17:30:00,148.17999,148.2,147.8,148.145,4538364,0,0
2022-11-28 14:30:00,145.14,146.64,144.82001,145.13,17178566,0,0
2022-11-28 15:30:00,145.13,145.57001,144.77,145.10001,8024681,0,0
2022-11-28 16:30:00,145.09399,145.7556,144.74001,145.17999,6406761,0,0
2022-11-28 17:30:00,145.175,145.4299,144.7,144.91701,4906299,0,0
2022-11-28 18:30:00,144.91,144.95,143.38,143.53999,7399169,0,0
2022-11-28 19:30:00,143.545,144.08231,143.485,143.80009,7208983,0,0
2022-11-28 20:30:00,143.81,144.46001,143.64999,144.21001,8137752,0,0
2022-11-29 14:30:00,144.28999,144.39,142.96001,144.3399,16201079,0,0
2022-11-29 15:30:00,144.33501,144.81,141.2,141.81,18563940,0,0
2022-11-29 16:30:00,141.81,142.38,141.31551,141.38,10360491,0,0
2022-11-29 17:30:00,141.38989,141.7,140.53,140.535,7542355,0,0
2022-11-29 18:30:00,140.53999,141.61,140.4958,140.86,7171079,0,0
2022-11-29 19:30:00,140.87,140.91,140.39,140.59,8001130,0,0
2022-11-29 20:30:00,140.5932,141.34,140.355,141.16,8906211,0,0
2022-11-30 14:30:00,141.395,142.37,140.55,141.5,14716115,0,0
2022-11-30 15:30:00,141.50999,141.91,140.99001,141.78999,7634251,0,0
2022-11-30 16:30:00,141.78999,142.015,140.75,140.92,6334364,0,0
2022-11-30 17:30:00,140.91,141.72,140.67999,141.56,5078997,0,0
2022-11-30 18:30:00,141.55499,146.53,141.13,146.2943,19177034,0,0
2022-11-30 19:30:00,146.2876,147.10001,145.645,147.08,13436447,0,0
2022-11-30 20:30:00,147.075,148.03,147.05,148.03,14139009,0,0
2022-12-01 14:30:00,148.21001,149.13,146.7,146.78,18141842,0,0
2022-12-01 15:30:00,146.78,148.25999,146.61,147.83,11407973,0,0
2022-12-01 16:30:00,147.825,148.10519,147.10001,147.545,6496874,0,0
2022-12-01 17:30:00,147.55,148.315,147.53999,147.91879,5733469,0,0
2022-12-01 18:30:00,147.91,148.64,147.86,148.56,5992982,0,0
2022-12-01 19:30:00,148.5506,148.97,148.28,148.34,6779301,0,0
2022-12-01 20:30:00,148.34,149.0,148.31,148.32001,6896796,0,0
2022-12-02 14:30:00,145.96001,146.89999,145.64999,146.23,14383952,0,0
2022-12-02 15:30:00,146.2299,146.66,145.88,146.46001,8250888,0,0
2022-12-02 16:30:00,146.465,146.98,146.38,146.44991,7321868,0,0
2022-12-02 17:30:00,146.4462,146.55,146.05,146.41,3666983,0,0
2022-12-02 18:30:00,146.41251,146.60001,146.09,146.285,3547440,0,0
2022-12-02 19:30:00,146.28841,148.0,146.14999,147.4408,8900675,0,0
2022-12-02 20:30:00,147.44501,147.94,146.9749,147.8,7118414,0,0
2022-12-05 14:30:00,147.77,150.91991,147.5,148.4808,22202031,0,0
2022-12-05 15:30:00,148.48,148.75,146.82001,146.88,9532365,0,0
2022-12-05 16:30:00,146.8801,147.28,146.37,147.19,6139154,0,0
2022-12-05 17:30:00,147.17979,147.28,146.535,146.69,4718828,0,0
2022-12-05 18:30:00,146.69,146.89999,145.99001,146.10001,5656046,0,0
2022-12-05 19:30:00,146.11,146.21001,145.77,145.8609,5808604,0,0
2022-12-05 20:30:00,145.8604,146.8,145.85001,146.60001,6394946,0,0
2022-12-06 14:30:00,147.075,147.3,144.32001,144.55,12427462,0,0
2022-12-06 15:30:00,144.55,144.83,143.56,144.74001,8212265,0,0
2022-12-06 16:30:00,144.735,145.015,144.02,144.31,5763882,0,0
2022-12-06 17:30:00,144.3,144.44,143.48,143.8195,5675536,0,0
2022-12-06 18:30:00,143.82001,143.965,142.31,142.31,7334245,0,0
2022-12-06 19:30:00,142.308,142.91,141.92,142.09,8177007,0,0
2022-12-06 20:30:00,142.09081,143.00999,142.06,142.92,7803588,0,0
2022-12-07 14:30:00,142.19,143.37,140.58,141.89,18684320,0,0
2022-12-07 15:30:00,141.89,142.23,140.62,140.67,8958658,0,0
2022-12-07 16:30:00,140.675,141.3589,140.60001,140.80611,6158470,0,0
2022-12-07 17:30:00,140.8,141.42999,140.69,141.35899,5228188,0,0
2022-12-07 18:30:00,141.35001,141.39999,140.63,141.14999,5040035,0,0
2022-12-07 19:30:00,141.145,141.45,140.0,140.19521,8382181,0,0
2022-12-07 20:30:00,140.19,141.14999,140.17999,140.94,7189694,0,0
2022-12-08 14:30:00,142.36,143.36,141.10001,143.14999,13831865,0,0
2022-12-08 15:30:00,143.155,143.52,142.14999,142.69501,8313935,0,0
2022-12-08 16:30:00,142.69,143.08,142.03999,142.11,5690285,0,0
2022-12-08 17:30:00,142.10001,142.77,141.88,142.75999,4334773,0,0
2022-12-08 18:30:00,142.765,143.27,141.55,142.015,8113963,0,0
2022-12-08 19:30:00,142.015,142.94,141.82001,142.8501,6529086,0,0
2022-12-08 20:30:00,142.855,142.99989,142.07001,142.67,5720964,0,0
2022-12-09 14:30:00,142.34,142.55,140.89999,142.4194,13763092,0,0
2022-12-09 15:30:00,142.4299,144.64999,142.38,144.582,11598826,0,0
2022-12-09 16:30:00,144.58,145.57001,144.22009,144.83,9177286,0,0
2022-12-09 17:30:00,144.83,145.08,143.84,144.11,6302164,0,1
2022-12-09 18:30:00,144.11659,144.47,143.75,144.215,5222620,0,0
2022-12-09 19:30:00,144.22,144.2668,143.59,143.60001,5759594,0,0
2022-12-09 20:30:00,143.5957,143.73,142.07001,142.19,8286193,0,0
2022-12-12 14:30:00,143.0,143.00999,141.64,142.125,12413959,0,0
2022-12-12 15:30:00,142.125,142.47,141.06,142.13,9867207,0,0
2022-12-12 16:30:00,142.14,142.28,141.8,142.03999,5238796,0,0
2022-12-12 17:30:00,142.03,142.69,141.95,142.36501,5214483,1,0
2022-12-12 18:30:00,142.36,142.88499,142.22,142.655,5334032,0,0
2022-12-12 19:30:00,142.65961,144.14999,142.57001,143.9124,9056679,0,0
2022-12-12 20:30:00,143.92,144.5,143.66,144.495,9819817,0,0
2022-12-13 14:30:00,149.5,149.96919,147.94,148.09,23245776,0,1
2022-12-13 15:30:00,148.08009,148.34959,146.91,147.56,11839138,0,0
2022-12-13 16:30:00,147.565,148.1082,144.61,144.8,12016715,0,0
2022-12-13 17:30:00,144.795,145.63,144.24001,145.545,8694450,0,0
2022-12-13 18:30:00,145.53999,145.77,144.28,145.10001,8659301,0,0
2022-12-13 19:30:00,145.09,146.14,144.32001,145.41,9450143,0,0
2022-12-13 20:30:00,145.39999,145.97,145.13,145.47,6959153,0,0
2022-12-14 14:30:00,145.35001,146.655,145.07001,146.0,9784672,0,0
2022-12-14 15:30:00,146.00999,146.38499,145.58,146.075,8606074,0,0
2022-12-14 16:30:00,146.07001,146.23,145.4201,145.5,4660299,0,0
2022-12-14 17:30:00,145.5014,145.84,145.25951,145.8,5199063,0,0
2022-12-14 18:30:00,145.8,146.63,142.64,143.10001,14547436,0,0
2022-12-14 19:30:00,143.12,145.08,141.16,142.6098,19187303,0,0
2022-12-14 20:30:00,142.59,143.83929,142.19,143.22,8986997,0,0
2022-12-15 14:30:00,141.11,141.8,138.49001,138.8701,19310473,0,0
2022-12-15 15:30:00,138.87,139.37,137.94,138.2491,12784988,0,0
2022-12-15 16:30:00,138.25,138.39999,137.71001,137.89999,8186495,0,0
2022-12-15 17:30:00,137.89,138.17999,136.67999,136.965,8902524,0,0
2022-12-15 18:30:00,136.96001,137.22,136.19,136.39,8979255,0,0
2022-12-15 19:30:00,136.39999,137.25,136.38,137.125,11916866,0,0
2022-12-15 20:30:00,137.1299,137.145,136.02499,136.44,11862602,0,0
2022-12-16 14:30:00,136.685,137.64999,134.84309,135.06,33746412,0,0
2022-12-16 15:30:00,135.07001,135.37399,134.42,134.64,10071464,0,0
2022-12-16 16:30:00,134.64,135.17999,134.36,134.87,7525742,0,0
2022-12-16 17:30:00,134.88,135.3399,133.94,134.0128,7947354,0,0
2022-12-16 18:30:00,134.015,134.48,133.94501,134.005,8501690,0,0
2022-12-16 19:30:00,134.005,134.99001,133.73,134.8781,9495252,0,0
2022-12-16 20:30:00,134.88,135.45,134.45,134.52,13605365,0,0
2022-12-19 14:30:00,135.11,135.2,132.33,132.63,15427791,0,0
2022-12-19 15:30:00,132.62,132.63989,131.4549,132.02499,11396429,0,0
2022-12-19 16:30:00,132.02,133.0,131.74001,132.6488,7998924,0,0
2022-12-19 17:30:00,132.6489,133.25,132.50999,132.64529,6476131,0,0
2022-12-19 18:30:00,132.64,132.69,132.00999,132.03,6082332,0,0
2022-12-19 19:30:00,132.035,132.6832,131.4501,131.46001,9367738,0,0
2022-12-19 20:30:00,131.4575,132.60001,131.32001,132.35001,9993054,0,0
2022-12-20 14:30:00,131.39,133.02,129.89,132.85001,23901135,0,0
2022-12-20 15:30:00,132.858,133.25,130.845,131.0118,10612513,0,0
2022-12-20 16:30:00,131.02,132.72,131.0,132.38,8507975,0,0
2022-12-20 17:30:00,132.39,132.67999,131.77,132.28999,6670855,0,0
2022-12-20 18:30:00,132.285,132.75999,131.75999,131.92999,7456843,0,0
2022-12-20 19:30:00,131.92999,132.14999,131.52,132.10001,6339925,0,0
2022-12-20 20:30:00,132.1013,132.44,131.97,132.28999,6062410,0,0
2022-12-21 14:30:00,132.98,135.07539,132.75,134.89,17128912,0,0
2022-12-21 15:30:00,134.89,136.81,134.78,135.94099,15051048,0,0
2022-12-21 16:30:00,135.94501,136.16,135.08,135.162,10318590,0,0
2022-12-21 17:30:00,135.16,136.17,135.14999,135.19,8044729,0,0
2022-12-21 18:30:00,135.19,136.1199,135.1601,135.495,7042077,0,0
2022-12-21 19:30:00,135.49001,135.78999,135.11,135.35001,6292729,0,0
2022-12-21 20:30:00,135.36,135.77,135.00999,135.5,7363103,0,0
2022-12-22 14:30:00,134.35201,134.56,131.86,131.92,16648390,0,0
2022-12-22 15:30:00,131.92,132.00999,131.13499,131.62,9910027,0,0
2022-12-22 16:30:00,131.63,131.77499,130.7,130.78999,8015633,0,0
2022-12-22 17:30:00,130.77,131.09,130.35001,130.47881,6433999,0,0
2022-12-22 18:30:00,130.46001,131.35001,130.3,131.25,7280922,0,0
2022-12-22 19:30:00,131.25,132.2,131.00999,132.11,9688776,0,0
2022-12-22 20:30:00,132.11501,132.36,131.36501,132.23,9707827,0,0
2022-12-23 14:30:00,130.92,131.76891,129.64,131.39,19807195,0,0
2022-12-23 15:30:00,131.395,132.41499,130.2531,131.0085,10916782,0,0
2022-12-23 16:30:00,131.00999,131.73,130.73,131.48869,6436819,0,0
2022-12-23 17:30:00,131.485,131.75999,130.86011,131.31,5212133,0,0
2022-12-23 18:30:00,131.32001,131.5,130.89999,131.235,4829374,0,0
2022-12-23 19:30:00,131.25,131.99899,131.23,131.42,6357574,0,0
2022-12-23 20:30:00,131.42,131.89999,131.2,131.86,5771418,0,0
2022-12-27 14:30:00,131.38,131.41,128.72,130.16521,19654999,0,0
2022-12-27 15:30:00,130.16,130.39,129.17999,129.72569,10795118,0,0
2022-12-27 16:30:00,129.72,130.52991,129.50999,129.92999,7518424,0,0
2022-12-27 17:30:00,129.925,130.37,129.67999,130.005,5515019,0,0
2022-12-27 18:30:00,129.995,130.16,129.62,129.9299,6673932,0,0
2022-12-27 19:30:00,129.9203,130.41,129.88,130.25999,6153779,0,0
2022-12-27 20:30:00,130.27,130.59,129.94,130.05,5793805,0,0
2022-12-28 14:30:00,129.67,131.0275,129.13,129.655,14651701,0,0
2022-12-28 15:30:00,129.64,129.965,127.3,127.61,14643306,0,0
2022-12-28 16:30:00,127.62,127.88,126.41,126.79,13086075,0,0
2022-12-28 17:30:00,126.81,128.39,126.79,127.437,10109451,0,0
2022-12-28 18:30:00,127.43,127.44,126.84,127.0382,6644687,0,0
2022-12-28 19:30:00,127.04,127.5,125.92,126.19,10496016,0,0
2022-12-28 20:30:00,126.185,126.27,125.87,126.05,8962152,0,0
2022-12-29 14:30:00,127.99,129.77,127.73,129.39,23509750,0,0
2022-12-29 15:30:00,129.39,130.06,129.13,129.85001,10890066,0,0
2022-12-29 16:30:00,129.86,130.4814,129.78999,129.99831,8760543,0,0
2022-12-29 17:30:00,129.9924,130.0983,129.325,129.52,6897882,0,0
2022-12-29 18:30:00,129.52,130.24001,129.405,130.0,6114981,0,0
2022-12-29 19:30:00,130.002,130.10001,129.7,129.95,6437197,0,0
2022-12-29 20:30:00,129.95,130.22,129.56,129.60001,6308537,0,0
2022-12-30 14:30:00,128.41,128.69,127.43,128.425,15927353,0,0
2022-12-30 15:30:00,128.425,129.25,128.08,128.31,10929791,0,0
2022-12-30 16:30:00,128.32001,129.08,128.21001,128.815,7048763,0,0
2022-12-30 17:30:00,128.815,129.03,128.02,128.33,5931448,0,0
2022-12-30 18:30:00,128.33,128.67,127.97,128.22,6151192,0,0
2022-12-30 19:30:00,128.22501,129.17999,128.08,128.91,8598240,0,0
2022-12-30 20:30:00,128.92,129.95,128.86,129.95,11542723,0,0
2023-01-03 14:30:00,130.28,130.89999,125.23,125.46,27775505,0,1
2023-01-03 15:30:00,125.46,125.87,124.73,125.345,18104999,0,0
2023-01-03 16:30:00,125.3502,125.37,124.3491,124.66,11248777,0,0
2023-01-03 17:30:00,124.66,124.94,124.19,124.6499,8860080,0,0
2023-01-03 18:30:00,124.6699,125.0,124.19,124.57,8388062,0,0
2023-01-03 19:30:00,124.578,125.25,124.17,124.62,11718707,0,0
2023-01-03 20:30:00,124.63,125.42,124.625,125.05,10631332,0,0
2023-01-04 14:30:00,126.89,127.555,125.08,125.9983,25459455,0,0
2023-01-04 15:30:00,125.99,127.5,125.334,127.38,11053975,0,0
2023-01-04 16:30:00,127.39,128.6557,127.38,128.065,9666212,0,0
2023-01-04 17:30:00,128.075,128.22,126.93,127.2601,5544069,0,1
2023-01-04 18:30:00,127.265,127.87,125.62,125.725,9752574,0,0
2023-01-04 19:30:00,125.72,126.85,125.38,125.83,10742232,0,0
2023-01-04 20:30:00,125.8399,126.48,125.28,126.38,8384124,0,0
2023-01-05 14:30:00,127.13,127.77,125.32,126.77,21850724,0,0
2023-01-05 15:30:00,126.76,127.0,126.15,126.5599,9990903,0,0
2023-01-05 16:30:00,126.55,127.0799,126.2,126.5032,7404291,0,0
2023-01-05 17:30:00,126.5,126.87,125.8001,126.48,7045330,0,0
2023-01-05 18:30:00,126.49,127.04,125.81,125.8887,6167445,0,0
2023-01-05 19:30:00,125.89,126.38,125.03,125.16,10075109,0,0
2023-01-05 20:30:00,125.17,125.3,124.76,125.02,9464321,0,0
2023-01-06 14:30:00,126.01,127.35,124.89,126.375,21496694,0,0
2023-01-06 15:30:00,126.375,128.03999,126.3401,127.245,10581541,0,0
2023-01-06 16:30:00,127.25,128.48,127.01,128.3299,8905736,0,0
2023-01-06 17:30:00,128.3217,128.39999,127.78,128.25,6641033,0,0
2023-01-06 18:30:00,128.24001,129.55,128.24001,129.33501,8218980,0,0
2023-01-06 19:30:00,129.34,130.28999,129.30499,129.81,10559575,0,0
2023-01-06 20:30:00,129.815,130.05,129.34,129.52,9922349,0,0
2023-01-09 14:30:00,130.465,132.735,130.465,132.565,18383099,0,0
2023-01-09 15:30:00,132.575,133.41,132.46359,133.08501,10329185,0,0
2023-01-09 16:30:00,133.09,133.17999,132.57001,132.745,6642253,0,1
2023-01-09 17:30:00,132.74001,132.83,132.25,132.495,5968816,0,0
2023-01-09 18:30:00,132.495,132.5101,131.19,131.495,8728941,0,0
2023-01-09 19:30:00,131.49001,131.5667,130.34,130.45,6861497,0,0
2023-01-09 20:30:00,130.44501,130.57001,129.89,130.19,6115920,0,0
2023-01-10 14:30:00,130.25999,131.2636,129.33,129.41,16552534,0,0
2023-01-10 15:30:00,129.4001,129.4001,128.16,129.03,10716462,0,0
2023-01-10 16:30:00,129.02,129.24001,128.45,129.12,6613647,1,0
2023-01-10 17:30:00,129.11,130.0,129.0517,129.6599,6298095,0,0
2023-01-10 18:30:00,129.6501,130.69,129.57001,130.36121,7107016,0,0
2023-01-10 19:30:00,130.37,130.42,129.75999,130.14999,5775215,0,0
2023-01-10 20:30:00,130.14999,130.75,130.00999,130.75,5478675,0,0
2023-01-11 14:30:00,131.25,132.1084,130.46001,132.02,16473035,0,0
2023-01-11 15:30:00,132.02,132.07001,131.09,131.685,8848759,0,0
2023-01-11 16:30:00,131.67999,132.86,131.47,132.8,7425343,0,0
2023-01-11 17:30:00,132.8,133.24001,132.41,132.8,6775223,0,0
2023-01-11 18:30:00,132.808,132.875,132.16499,132.405,5207985,0,0
2023-01-11 19:30:00,132.40891,133.06,132.32001,132.9218,6183876,0,0
2023-01-11 20:30:00,132.92999,133.50999,132.66,133.48,8493592,0,0
2023-01-12 14:30:00,133.88,134.25999,131.44,132.97031,21050637,0,0
2023-01-12 15:30:00,132.98,133.42999,131.99001,132.41499,8543552,0,0
2023-01-12 16:30:00,132.42,134.08501,132.07001,134.00999,6934494,0,0
2023-01-12 17:30:00,134.00999,134.22,132.75999,132.81,7706908,0,0
2023-01-12 18:30:00,132.8,134.19,132.42,133.19749,7425868,0,0
2023-01-12 19:30:00,133.19749,133.52,132.83,133.185,6559278,0,0
2023-01-12 20:30:00,133.19,133.56,132.77,133.39,5739468,0,0
2023-01-13 14:30:00,132.03,133.55,131.66,133.50999,14794088,1,0
2023-01-13 15:30:00,133.50999,133.97,132.97,133.03,8734602,0,0
2023-01-13 16:30:00,133.03999,133.60001,132.755,133.49001,4887933,0,0
2023-01-13 17:30:00,133.52,133.71001,133.16,133.645,4602224,0,0
2023-01-13 18:30:00,133.66,134.38,133.63,134.2457,6066325,0,0
2023-01-13 19:30:00,134.25,134.61,134.03999,134.60049,5635520,0,0
2023-01-13 20:30:00,134.605,134.92,134.46001,134.7,6662632,0,0
2023-01-17 14:30:00,134.83,137.28999,134.13,136.69,18958546,0,0
2023-01-17 15:30:00,136.7,136.7999,134.67999,135.395,10659894,0,0
2023-01-17 16:30:00,135.39,136.14,135.31,135.59,5683922,0,0
2023-01-17 17:30:00,135.59,136.31,135.56,136.05,5066835,0,0
2023-01-17 18:30:00,136.06,136.39999,135.39999,135.6606,4414004,0,0
2023-01-17 19:30:00,135.66499,136.08,135.60001,135.705,4807866,0,0
2023-01-17 20:30:00,135.69501,136.0,135.61,135.95,6239495,0,0
2023-01-18 14:30:00,136.815,138.61,136.67999,137.9819,19196155,0,0
2023-01-18 15:30:00,137.99001,138.0,136.39999,136.67999,9464466,0,1
2023-01-18 16:30:00,136.67999,136.73,135.44,135.58299,7842650,0,0
2023-01-18 17:30:00,135.58,135.96001,135.33,135.72,5350022,0,0
2023-01-18 18:30:00,135.73,136.27,135.38,136.07001,5633754,0,0
2023-01-18 19:30:00,136.06,136.16,135.64,135.76151,5789557,0,0
2023-01-18 20:30:00,135.75999,135.82001,135.03,135.21001,6130226,0,0
2023-01-19 14:30:00,134.08,135.325,133.86,134.45,13589396,1,0
2023-01-19 15:30:00,134.47,135.39,133.77,134.49001,8837583,0,0
2023-01-19 16:30:00,134.48,134.83,134.19,134.4409,5275168,0,0
2023-01-19 17:30:00,134.4418,135.11,134.27,134.75,4548508,0,0
2023-01-19 18:30:00,134.75999,136.05,134.75999,135.88499,6027420,0,0
2023-01-19 19:30:00,135.88,136.25,135.50999,135.7097,6417867,0,0
2023-01-19 20:30:00,135.71001,135.83,135.10001,135.3,5918984,0,0
2023-01-20 14:30:00,135.28,135.28999,134.22,135.05,18833398,0,0
2023-01-20 15:30:00,135.06,135.57001,134.95,135.53999,8038396,0,0
2023-01-20 16:30:00,135.53999,135.75999,135.03999,135.645,5886939,0,0
2023-01-20 17:30:00,135.64211,136.06,135.38,135.69,5560274,0,0
2023-01-20 18:30:00,135.7,136.99001,135.69501,136.94501,6970362,0,0
2023-01-20 19:30:00,136.94501,137.89,136.89,137.47501,8217897,0,0
2023-01-20 20:30:00,137.48,138.02,137.2606,137.84,9878805,0,0
2023-01-23 14:30:00,138.12,140.64,137.89999,140.4675,17129317,0,0
2023-01-23 15:30:00,140.465,142.8,140.465,142.34,14450008,0,0
2023-01-23 16:30:00,142.34,143.315,142.16,142.4525,10812509,0,0
2023-01-23 17:30:00,142.46001,142.52,141.94,142.27,7576774,0,0
2023-01-23 18:30:00,142.27,142.33,141.50999,141.75999,7150685,0,0
2023-01-23 19:30:00,141.78,141.95,140.36,140.58501,9852935,0,0
2023-01-23 20:30:00,140.59,141.25999,140.39999,141.11,7326406,0,0
2023-01-24 14:30:00,140.30499,142.27,140.3,141.91,19350978,1,0
2023-01-24 15:30:00,141.905,142.47,141.28571,142.45351,7750958,0,0
2023-01-24 16:30:00,142.46001,142.87,141.81,142.705,8321002,0,0
2023-01-24 17:30:00,142.7,142.92,142.048,142.91,5147459,0,0
2023-01-24 18:30:00,142.92,143.16,142.2,142.6635,6493802,0,1
2023-01-24 19:30:00,142.6601,142.8,142.19,142.4202,5266527,0,0
2023-01-24 20:30:00,142.42999,142.72,141.905,142.53,6031661,0,0
2023-01-25 14:30:00,140.89,141.09,139.46001,139.82001,17164855,0,0
2023-01-25 15:30:00,139.83,140.42999,138.81,140.10001,10423253,0,0
2023-01-25 16:30:00,140.10001,140.84,139.89999,140.22,7037671,0,0
2023-01-25 17:30:00,140.23,141.12,140.14999,141.0799,4471550,0,0
2023-01-25 18:30:00,141.08,141.97,140.85001,141.60001,6263579,0,0
2023-01-25 19:30:00,141.60001,142.42999,141.37,141.83,8008251,0,0
2023-01-25 20:30:00,141.8354,141.95,141.27499,141.85001,5601835,0,0
2023-01-26 14:30:00,143.17,144.25,142.67,143.52499,14281273,0,0
2023-01-26 15:30:00,143.52499,143.64999,141.89999,142.36,6984718,0,0
2023-01-26 16:30:00,142.35001,143.27,142.19,142.87,4829127,0,0
2023-01-26 17:30:00,142.86,143.08,142.49001,142.86,3765959,0,0
2023-01-26 18:30:00,142.87,143.8325,142.87,143.53011,5382072,0,0
2023-01-26 19:30:00,143.535,143.75999,143.25,143.52,4884505,0,0
2023-01-26 20:30:00,143.515,144.03999,143.38,143.94,6619001,0,0
2023-01-27 14:30:00,143.155,145.5,143.08,145.42999,14582887,0,0
2023-01-27 15:30:00,145.42999,145.52499,144.38,145.25,8296505,0,0
2023-01-27 16:30:00,145.25999,146.89,145.17,146.3622,8921295,0,0
2023-01-27 17:30:00,146.37781,146.825,145.99001,146.185,5256673,0,0
2023-01-27 18:30:00,146.2,146.95,146.16,146.7715,7702095,0,0
2023-01-27 19:30:00,146.78,147.16,146.50999,146.96001,8446803,0,0
2023-01-27 20:30:00,146.95,147.23,145.8,145.97,8420616,0,0
2023-01-30 14:30:00,144.955,145.55,143.85001,144.19,13901478,0,0
2023-01-30 15:30:00,144.19,144.32001,143.37,143.88,7590500,0,0
2023-01-30 16:30:00,143.87,144.25999,143.14999,143.675,5936729,0,0
2023-01-30 17:30:00,143.675,143.82001,143.17,143.4978,5194773,0,0
2023-01-30 18:30:00,143.49001,143.5899,143.00999,143.14999,5611784,0,0
2023-01-30 19:30:00,143.155,143.517,142.881,143.05499,7635052,0,0
2023-01-30 20:30:00,143.06,143.52,142.85001,143.00999,7361646,0,0
2023-01-31 14:30:00,142.7,143.75,142.28,143.17,13897777,0,0
2023-01-31 15:30:00,143.19,143.59,142.8,143.52499,6094808,0,0
2023-01-31 16:30:00,143.535,143.64,142.98,143.535,4771951,0,0
2023-01-31 17:30:00,143.52,143.66,143.16,143.41499,3376057,0,0
2023-01-31 18:30:00,143.42,143.91,143.2999,143.825,3694091,0,0
2023-01-31 19:30:00,143.83,144.03999,143.25999,143.30499,5273359,0,0
2023-01-31 20:30:00,143.3,144.34,143.12,144.28999,8519107,0,0
2023-02-01 14:30:00,143.97,144.0,142.59,142.96001,11912462,0,0
2023-02-01 15:30:00,142.97,143.27499,142.33,142.91,7542626,0,0
2023-02-01 16:30:00,142.91,143.005,141.72,141.96001,6492856,0,0
2023-02-01 17:30:00,141.95171,142.27,141.84,142.00999,4542380,0,0
2023-02-01 18:30:00,142.02,143.19,141.52,142.39,7713862,0,0
2023-02-01 19:30:00,142.39,145.60001,141.32001,145.53,17228593,0,0
2023-02-01 20:30:00,145.535,146.61,145.13,145.46001,11475417,0,0
2023-02-02 14:30:00,148.89999,149.50999,148.17,148.97,20864893,0,0
2023-02-02 15:30:00,148.98,150.5,148.94,150.034,18836671,0,0
2023-02-02 16:30:00,150.03999,150.44,149.42999,149.9156,8783555,0,0
2023-02-02 17:30:00,149.92,150.30499,149.63,149.95,7965694,0,0
2023-02-02 18:30:00,149.95,151.17999,149.9127,150.23,9743731,0,0
2023-02-02 19:30:00,150.23,150.31,148.72,149.595,12655171,0,0
2023-02-02 20:30:00,149.595,150.92,149.51019,150.91,11000533,0,0
2023-02-03 14:30:00,148.03,156.77,147.83,156.22,54883974,1,0
2023-02-03 15:30:00,156.22501,157.38,155.30499,156.4921,24235107,0,0
2023-02-03 16:30:00,156.5,157.2,155.49001,156.28,15694873,0,1
2023-02-03 17:30:00,156.28999,156.41,154.265,155.06,11647019,0,0
2023-02-03 18:30:00,155.03,155.84,154.41,155.17999,11586022,0,0
2023-02-03 19:30:00,155.17709,155.69,154.09,154.905,11381156,0,0
2023-02-03 20:30:00,154.89999,155.14999,154.3,154.5,9470588,0,0
2023-02-06 14:30:00,152.575,153.10001,151.3399,151.37,20867801,0,0
2023-02-06 15:30:00,151.38,153.06,150.89999,152.89011,9330799,0,0
2023-02-06 16:30:00,152.89999,153.10001,151.81,152.21001,5735783,0,0
2023-02-06 17:30:00,152.2005,152.78999,151.8,151.81,5495889,0,0
2023-02-06 18:30:00,151.815,152.52,151.58501,152.36,5410941,0,0
2023-02-06 19:30:00,152.36,152.37,150.97501,150.99001,6877993,0,0
2023-02-06 20:30:00,150.99001,151.88,150.78,151.67999,6625473,0,0
2023-02-07 14:30:00,150.64,152.925,150.64,152.1384,17771975,1,0
2023-02-07 15:30:00,152.1355,153.36501,152.1001,153.18739,8491407,0,0
2023-02-07 16:30:00,153.19,153.5999,152.52,152.63,4700526,0,0
2023-02-07 17:30:00,152.63,155.23,152.38,152.88,12540851,0,0
2023-02-07 18:30:00,152.88,153.92999,151.36,153.64999,10254069,0,0
2023-02-07 19:30:00,153.67999,154.58,153.42999,154.2998,7891728,0,0
2023-02-07 20:30:00,154.29491,155.22,154.07001,154.64,9987136,0,0
2023-02-08 14:30:00,153.88,154.58,152.7601,152.96001,13451943,0,0
2023-02-08 15:30:00,152.95,153.4502,151.71001,152.045,9540908,0,0
2023-02-08 16:30:00,152.03999,152.31,151.46001,152.03,7178370,0,0
2023-02-08 17:30:00,152.035,152.14,151.168,151.66,5053884,0,0
2023-02-08 18:30:00,151.66,152.31,151.22,151.92,4939326,0,0
2023-02-08 19:30:00,151.9216,152.3,151.565,151.64,5550754,0,0
2023-02-08 20:30:00,151.64,152.16,151.49001,151.97,7809358,0,0
2023-02-09 14:30:00,153.77499,154.33,152.64999,152.82001,12097075,0,1
2023-02-09 15:30:00,152.8201,153.49001,152.60001,152.87,7669585,0,0
2023-02-09 16:30:00,152.88989,153.61,152.73,153.11,5297646,0,0
2023-02-09 17:30:00,153.11259,153.17999,152.10001,152.44,5059737,0,0
2023-02-09 18:30:00,152.464,152.75999,151.86,151.96001,4075026,0,0
2023-02-09 19:30:00,151.95,152.19,150.89,150.97,5347497,0,0
2023-02-09 20:30:00,150.96001,151.48,150.42,150.88,6910407,0,0
2023-02-10 14:30:00,149.46001,151.3401,149.22,150.78,13142989,0,0
2023-02-10 15:30:00,150.78,150.91,150.0,150.2854,6544760,0,0
2023-02-10 16:30:00,150.3,150.3499,149.42999,149.763,5297795,0,0
2023-02-10 17:30:00,149.75999,151.11501,149.7,150.75999,4847214,0,0
2023-02-10 18:30:00,150.77,150.8224,150.23,150.235,4697046,0,0
2023-02-10 19:30:00,150.24001,150.82001,150.0101,150.47,10144994,0,0
2023-02-10 20:30:00,150.47,151.155,150.46001,151.02,5473908,0,0
2023-02-13 14:30:00,150.952,152.58,150.92,152.42999,10399473,0,0
2023-02-13 15:30:00,152.36,153.21001,152.00999,153.145,8021968,0,0
2023-02-13 16:30:00,153.1423,154.25999,152.9678,154.0699,7625166,0,0
2023-02-13 17:30:00,154.07001,154.25,153.47,153.96001,7099146,0,0
2023-02-13 18:30:00,153.965,154.17,153.3,153.38,4465162,0,0
2023-02-13 19:30:00,153.38,153.64,152.75999,153.6315,6576720,0,0
2023-02-13 20:30:00,153.6302,153.98,153.45,153.84,7284051,0,0
2023-02-14 14:30:00,152.12,153.77,151.0,152.94,16759731,0,0
2023-02-14 15:30:00,152.94,153.08,151.095,151.54179,9556671,0,0
2023-02-14 16:30:00,151.55,152.23,151.03999,151.88989,6071721,0,0
2023-02-14 17:30:00,151.8853,153.22,151.75,152.75,5258398,0,0
2023-02-14 18:30:00,152.77,153.3,152.42999,153.13499,4533964,0,0
2023-02-14 19:30:00,153.13,153.57001,152.94991,153.26961,4288542,0,0
2023-02-14 20:30:00,153.265,153.73,153.14,153.16,5069230,0,0
2023-02-15 14:30:00,153.11,154.52,152.88,153.72,17518299,0,0
2023-02-15 15:30:00,153.73,154.71001,153.57001,154.645,7944390,0,0
2023-02-15 16:30:00,154.645,155.5,154.36,154.64999,8318793,0,0
2023-02-15 17:30:00,154.65021,154.98,153.5,154.375,9116165,0,0
2023-02-15 18:30:00,154.38,155.3255,154.14999,155.2321,6005631,0,0
2023-02-15 19:30:00,155.24001,155.47,154.72169,154.8499,5836076,0,0
2023-02-15 20:30:00,154.85001,155.38,154.67,155.36,5077930,0,0
2023-02-16 14:30:00,153.50999,154.925,153.3475,154.75,14372084,0,0
2023-02-16 15:30:00,154.745,155.46001,154.62,155.24989,7543852,0,0
2023-02-16 16:30:00,155.25,155.5,154.75,155.41,5845277,0,0
2023-02-16 17:30:00,155.41949,156.19,155.36,155.8499,6957037,0,0
2023-02-16 18:30:00,155.86,156.24001,155.72,156.1474,4991437,0,0
2023-02-16 19:30:00,156.145,156.33,154.31,154.31,7747850,0,0
2023-02-16 20:30:00,154.31,154.39999,153.59,153.69,8129389,0,0
2023-02-17 14:30:00,152.35001,153.0,151.5,152.02,14954345,0,0
2023-02-17 15:30:00,152.0,152.67999,151.49001,151.6501,6446297,0,0
2023-02-17 16:30:00,151.66,152.17,151.37,151.71001,7663522,0,0
2023-02-17 17:30:00,151.705,151.795,150.85001,150.99001,4674409,0,0
2023-02-17 18:30:00,151.0,151.995,150.85001,151.67999,4544771,0,0
2023-02-17 19:30:00,151.683,152.63,151.683,152.035,6262859,0,0
2023-02-17 20:30:00,152.02499,152.55,151.965,152.53999,6163775,0,0
2023-02-21 14:30:00,150.2,151.3,149.64999,149.6908,13401333,0,0
2023-02-21 15:30:00,149.69,150.3,149.42,149.50999,6080759,0,0
2023-02-21 16:30:00,149.505,149.99001,149.36,149.6825,11282822,0,0
2023-02-21 17:30:00,149.69,150.14999,149.31,149.46001,4008993,0,0
2023-02-21 18:30:00,149.47,149.67,148.86,148.88499,4355696,0,0
2023-02-21 19:30:00,148.88499,149.17999,148.405,148.59,5258657,0,0
2023-02-21 20:30:00,148.59,148.94,148.41,148.48,6257434,0,0
2023-02-22 14:30:00,148.87,149.5,147.17999,147.49001,12261014,0,0
2023-02-22 15:30:00,147.48,148.39999,147.16,147.86,4923309,0,0
2023-02-22 16:30:00,147.88,148.34,147.69,148.11011,3430459,0,0
2023-02-22 17:30:00,148.12219,149.42999,148.12219,149.375,5593234,0,0
2023-02-22 18:30:00,149.38,149.95,148.57001,148.96001,6387735,0,0
2023-02-22 19:30:00,148.96001,149.09,148.21001,148.38,5855631,0,0
2023-02-22 20:30:00,148.38499,149.00999,148.185,148.92999,4863652,0,0
2023-02-23 14:30:00,150.09,150.34,148.72009,148.8499,11048319,0,0
2023-02-23 15:30:00,148.83501,149.0399,147.64999,147.81,6934642,0,0
2023-02-23 16:30:00,147.82001,147.99001,147.24001,147.4666,5903380,0,0
2023-02-23 17:30:00,147.46001,147.91,147.42999,147.793,3491078,0,0
2023-02-23 18:30:00,147.8,149.28,147.64999,149.2,4822876,0,0
2023-02-23 19:30:00,149.22,149.86,149.105,149.795,5088130,0,0
2023-02-23 20:30:00,149.795,149.92999,149.33,149.42,4784040,0,1
2023-02-24 14:30:00,147.11,147.19,146.12,146.28999,13191997,0,0
2023-02-24 15:30:00,146.28999,146.58,145.73,146.39,7016244,0,0
2023-02-24 16:30:00,146.39999,146.89999,146.06,146.25101,4694128,0,0
2023-02-24 17:30:00,146.25999,146.4382,145.7202,146.215,4256702,0,0
2023-02-24 18:30:00,146.22,146.37,145.89,146.11,4236554,0,0
2023-02-24 19:30:00,146.12,146.69,145.77,146.12,5418948,0,0
2023-02-24 20:30:00,146.11501,146.8,145.80499,146.71001,7118032,0,0
2023-02-27 14:30:00,147.71001,149.17,147.7,148.71001,10241803,0,0
2023-02-27 15:30:00,148.72,148.759,147.5701,147.8499,6487458,0,0
2023-02-27 16:30:00,147.85001,148.16,147.45,148.10001,4242081,0,0
2023-02-27 17:30:00,148.10001,148.64999,147.957,148.455,3829430,0,0
2023-02-27 18:30:00,148.47,148.7901,148.05009,148.41,4292739,0,0
2023-02-27 19:30:00,148.405,148.59,147.855,148.1501,3966879,0,0
2023-02-27 20:30:00,148.15891,148.17,147.7,147.92,4927027,0,0
2023-02-28 14:30:00,147.05,148.0,146.83,147.25999,9811555,0,0
2023-02-28 15:30:00,147.265,148.17999,147.08,147.92,4745552,0,0
2023-02-28 16:30:00,147.91,148.41,147.62,148.31599,3345779,0,0
2023-02-28 17:30:00,148.32001,148.97,148.21001,148.96001,3807007,0,0
2023-02-28 18:30:00,148.9575,149.08,148.53,148.62,3495507,0,0
2023-02-28 19:30:00,148.62,148.75999,148.00999,148.07001,4017257,0,0
2023-02-28 20:30:00,148.08,148.12,147.37,147.39999,6697301,0,0
2023-03-01 14:30:00,146.83,147.2285,145.49001,145.67,11988279,0,0
2023-03-01 15:30:00,145.66,146.77,145.41,145.95,8160193,0,0
2023-03-01 16:30:00,145.955,146.88,145.74001,146.42,4800965,0,0
2023-03-01 17:30:00,146.42999,146.61,145.95,145.97,3283961,0,0
2023-03-01 18:30:00,145.97,146.015,145.35001,145.36,3845998,0,0
2023-03-01 19:30:00,145.37,145.686,145.17999,145.22501,5940132,0,0
2023-03-01 20:30:00,145.22501,145.67999,145.00999,145.32001,7316984,0,0
2023-03-02 14:30:00,144.38,144.78999,143.89999,144.55,11433306,0,0
2023-03-02 15:30:00,144.56,144.73151,144.13,144.21001,5188570,0,0
2023-03-02 16:30:00,144.2,144.61839,143.97141,144.36,3840456,0,0
2023-03-02 17:30:00,144.36,144.66,144.2215,144.56,3689055,0,0
2023-03-02 18:30:00,144.55,145.99001,144.53999,145.8741,6814616,0,0
2023-03-02 19:30:00,145.88,146.31,145.5647,146.1942,5203158,0,0
2023-03-02 20:30:00,146.19,146.71001,145.73,145.92,6892951,0,0
2023-03-03 14:30:00,148.045,150.16,147.33,150.14999,18325087,0,0
2023-03-03 15:30:00,150.14,150.17,149.375,149.57001,7392346,0,0
2023-03-03 16:30:00,149.575,150.03,149.25999,149.9142,6663071,0,0
2023-03-03 17:30:00,149.91499,150.32001,149.6001,150.10139,6588836,0,0
2023-03-03 18:30:00,150.105,150.81,149.91,150.75999,5696300,0,0
2023-03-03 19:30:00,150.75999,150.97,150.62019,150.92,6227515,0,0
2023-03-03 20:30:00,150.91,151.11,150.53,151.10001,7447622,0,0
2023-03-06 14:30:00,153.8,155.25,153.46001,155.0143,24032568,0,0
2023-03-06 15:30:00,155.03101,156.07001,154.75999,155.39999,14557182,0,0
2023-03-06 16:30:00,155.395,156.295,155.315,155.905,9859556,0,0
2023-03-06 17:30:00,155.9001,155.9001,154.845,155.10989,9004771,0,0
2023-03-06 18:30:00,155.10001,155.175,154.00999,154.27,8207483,0,0
2023-03-06 19:30:00,154.25999,154.5,153.8,153.95,8157248,0,0
2023-03-06 20:30:00,153.95,154.19,153.7,153.87,6458809,0,0
2023-03-07 14:30:00,153.7,154.02991,151.78,152.44501,13856837,0,0
2023-03-07 15:30:00,152.451,153.63,152.08,152.255,8148638,0,0
2023-03-07 16:30:00,152.25,153.0899,151.8,152.6499,7494087,0,0
2023-03-07 17:30:00,152.64909,152.73,152.10001,152.4917,4502109,0,0
2023-03-07 18:30:00,152.4817,152.69,151.4622,151.4989,5383014,0,0
2023-03-07 19:30:00,151.49001,151.66499,151.13,151.19,5085163,0,0
2023-03-07 20:30:00,151.185,151.77,151.16,151.58,5417717,0,0
2023-03-08 14:30:00,152.81,153.10001,151.83,152.63921,12650535,0,0
2023-03-08 15:30:00,152.64,153.21001,152.33,152.59,5894074,0,0
2023-03-08 16:30:00,152.60001,153.47,152.35001,152.75,5428318,0,0
2023-03-08 17:30:00,152.73,153.05499,152.25,152.33501,4530420,0,0
2023-03-08 18:30:00,152.34,152.81,152.05,152.8,3976027,0,0
2023-03-08 19:30:00,152.7906,152.98959,152.07001,152.24001,4687956,0,0
2023-03-08 20:30:00,152.25,153.25999,152.21001,152.89,5494277,0,0
2023-03-09 14:30:00,153.55901,154.535,152.94881,153.98531,11083107,0,0
2023-03-09 15:30:00,154.0,154.50999,153.7,154.095,5840997,0,0
2023-03-09 16:30:00,154.10001,154.45129,153.56889,154.1302,4590630,0,0
2023-03-09 17:30:00,154.14,154.19501,152.52,152.6474,5143486,0,1
2023-03-09 18:30:00,152.64,152.64,151.50999,151.6291,6196535,0,0
2023-03-09 19:30:00,151.63499,151.89999,150.22501,150.4301,7095795,0,0
2023-03-09 20:30:00,150.4583,151.1799,150.28,150.55,6866805,0,0
2023-03-10 14:30:00,150.21001,150.50999,148.89,149.4532,14801756,0,0
2023-03-10 15:30:00,149.465,150.62,149.17,150.44,8235266,0,0
2023-03-10 16:30:00,150.44,150.94,149.03999,149.42,6395381,0,0
2023-03-10 17:30:00,149.42,150.0,148.19,148.39999,6154939,0,0
2023-03-10 18:30:00,148.39999,148.84,147.84,147.92999,7827750,0,0
2023-03-10 19:30:00,147.92,149.0,147.92,148.38,8724811,0,0
2023-03-10 20:30:00,148.38,148.66,147.6096,148.48,7694963,0,0
2023-03-13 13:30:00,147.80499,151.47,147.7,150.85001,19414091,1,0
2023-03-13 14:30:00,150.87,152.66,150.19,152.56,14034018,0,0
2023-03-13 15:30:00,152.56,153.14,151.98,152.24001,10554648,0,1
2023-03-13 16:30:00,152.23,152.58459,150.99001,151.24001,7754303,0,0
2023-03-13 17:30:00,151.23,152.53999,150.88,152.23,7277370,0,0
2023-03-13 18:30:00,152.22,152.7,150.82001,151.03,8326041,0,0
2023-03-13 19:30:00,151.05,151.62,150.35001,150.46001,7584423,0,0
2023-03-14 13:30:00,151.28,153.03,151.17999,152.78,13096773,0,0
2023-03-14 14:30:00,152.77,153.32001,152.61,153.07001,6615878,0,0
2023-03-14 15:30:00,153.06,153.39999,152.5013,152.71001,5963721,0,0
2023-03-14 16:30:00,152.705,152.905,151.23,151.815,8382202,0,0
2023-03-14 17:30:00,151.81,152.16,150.42999,151.3634,9334131,0,0
2023-03-14 18:30:00,151.36,151.64,150.10001,150.86501,7044880,0,0
2023-03-14 19:30:00,150.86,152.81,150.69,152.52,9862257,0,0
2023-03-15 13:30:00,151.19,151.8,150.46001,150.60001,15164766,0,0
2023-03-15 14:30:00,150.53999,151.28999,149.92,150.82001,9484639,0,0
2023-03-15 15:30:00,150.82001,151.8484,150.435,150.81,7017158,0,0
2023-03-15 16:30:00,150.81,151.66,150.4493,151.59,5879273,0,0
2023-03-15 17:30:00,151.59,153.09,151.34,152.5,8293601,0,0
2023-03-15 18:30:00,152.48,153.245,152.24001,152.66,10325055,0,0
2023-03-15 19:30:00,152.64999,153.00999,151.62,152.99001,8340050,0,0
2023-03-16 13:30:00,152.16,153.53,151.64,153.23,11604691,0,0
2023-03-16 14:30:00,153.21001,154.59,152.84,154.36,11385991,0,0
2023-03-16 15:30:00,154.3867,155.49001,154.05,154.81,10591266,0,0
2023-03-16 16:30:00,154.81,155.25999,154.36,155.0,7843624,0,0
2023-03-16 17:30:00,155.0,155.5,154.75,155.47681,5875030,0,0
2023-03-16 18:30:00,155.47,156.46001,155.06,156.255,9260800,0,0
2023-03-16 19:30:00,156.255,156.32001,155.60001,155.91,9093390,0,0
2023-03-17 13:30:00,156.08,156.74001,154.88,155.12,30972964,0,0
2023-03-17 14:30:00,155.13,155.5,154.28,154.66499,8460679,0,0
2023-03-17 15:30:00,154.67999,155.39999,154.38,155.23,5681335,0,0
2023-03-17 16:30:00,155.24001,155.85001,154.955,155.56,5547154,0,0
2023-03-17 17:30:00,155.55,156.02991,154.88,154.98,5076463,0,0
2023-03-17 18:30:00,154.98,155.22,154.39,155.12,7384205,0,0
2023-03-17 19:30:00,155.11,155.42999,154.75999,155.005,7054936,0,0
2023-03-20 13:30:00,155.07001,155.42999,154.14999,155.34669,13652367,0,0
2023-03-20 14:30:00,155.33,156.88,155.08,156.83009,9976813,0,0
2023-03-20 15:30:00,156.83,156.88,155.735,155.96001,7070531,0,0
2023-03-20 16:30:00,155.95,157.55,155.91499,157.41991,8434442,0,0
2023-03-20 17:30:00,157.41251,157.80499,157.08299,157.5313,6977359,0,0
2023-03-20 18:30:00,157.535,157.82001,157.12,157.3405,6896937,0,0
2023-03-20 19:30:00,157.33,157.82001,157.2,157.46001,7352791,0,0
2023-03-21 13:30:00,157.32001,158.39,157.0,157.38499,14981632,0,0
2023-03-21 14:30:00,157.38499,157.69,156.53999,157.56,8617572,0,0
2023-03-21 15:30:00,157.57001,158.10001,157.045,157.99001,6896404,0,0
2023-03-21 16:30:00,157.99001,158.82001,157.6801,158.685,7188415,0,0
2023-03-21 17:30:00,158.69,159.10001,158.33,158.47501,6305694,0,0
2023-03-21 18:30:00,158.48,159.06,158.41,158.91499,7470334,0,0
2023-03-21 19:30:00,158.92,159.39999,158.7701,159.39999,7347690,0,0
2023-03-22 13:30:00,159.25999,160.13,159.118,160.06,11937109,0,0
2023-03-22 14:30:00,160.06,160.41,159.89,160.22,6850994,0,0
2023-03-22 15:30:00,160.22,160.50999,159.6104,159.61501,5325560,0,0
2023-03-22 16:30:00,159.61,160.05,159.47,160.03999,4227507,0,0
2023-03-22 17:30:00,160.05,161.52,159.95,161.19,8520545,0,0
2023-03-22 18:30:00,161.19501,162.14,159.02,160.53999,14735950,0,0
2023-03-22 19:30:00,160.57001,160.64999,157.81,157.81,10251323,0,0
2023-03-23 13:30:00,158.83,160.7,158.73,160.37,13390625,0,0
2023-03-23 14:30:00,160.37869,161.55009,160.12,160.61,7860417,0,0
2023-03-23 15:30:00,160.62,161.0,160.36,160.86909,7999254,0,0
2023-03-23 16:30:00,160.86749,161.02,159.62,159.82001,5687272,0,0
2023-03-23 17:30:00,159.82001,160.27,158.675,158.67999,5767958,0,0
2023-03-23 18:30:00,158.67999,159.5,157.67999,158.36,10771785,0,0
2023-03-23 19:30:00,158.35001,159.64,158.09,158.89,8035519,0,0
2023-03-24 13:30:00,158.86,159.56,157.85001,159.02,13919150,0,0
2023-03-24 14:30:00,159.03,159.39999,158.11,158.28999,7887401,0,0
2023-03-24 15:30:00,158.295,159.47,158.05,158.39999,6354109,0,0
2023-03-24 16:30:00,158.39999,159.44,158.28999,159.33,4832442,0,0
2023-03-24 17:30:00,159.32001,159.67,158.92,159.56,5226881,0,0
2023-03-24 18:30:00,159.56911,160.06,159.36,159.84,6036315,0,0
2023-03-24 19:30:00,159.845,160.34,159.73,160.25,5565818,0,0
2023-03-27 13:30:00,159.94,160.77,159.45,159.92999,12048609,0,0
2023-03-27 14:30:00,159.92,160.08,159.39,159.49001,5700418,0,0
2023-03-27 15:30:00,159.4977,159.56,158.22,158.7699,5977826,0,0
2023-03-27 16:30:00,158.76871,158.83,157.87,158.35001,4900803,0,0
2023-03-27 17:30:00,158.37,158.84,158.11,158.6355,4043390,0,0
2023-03-27 18:30:00,158.64,159.21001,158.63341,158.92999,4975454,0,0
2023-03-27 19:30:00,158.92999,158.97,157.97,158.3,5420026,0,0
2023-03-28 13:30:00,157.97,158.49001,156.55,157.02499,10602770,0,0
2023-03-28 14:30:00,157.03,157.03,156.08,156.60001,6359762,0,0
2023-03-28 15:30:00,156.60001,157.03,156.53999,156.776,4469906,0,0
2023-03-28 16:30:00,156.78,156.83,156.38,156.455,3376398,0,0
2023-03-28 17:30:00,156.45,156.5708,155.98,156.515,4772436,0,0
2023-03-28 18:30:00,156.52,157.17999,156.345,157.00999,4631311,0,0
2023-03-28 19:30:00,157.005,157.73,156.795,157.67,5217589,0,0
2023-03-29 13:30:00,159.37,160.3,159.35001,159.806,12500844,0,0
2023-03-29 14:30:00,159.80499,160.0,159.35001,159.8719,5313066,0,0
2023-03-29 15:30:00,159.88,160.06,159.50999,159.92999,4204303,0,0
2023-03-29 16:30:00,159.9213,160.46001,159.8,160.42,4571850,0,0
2023-03-29 17:30:00,160.42999,160.44,159.89999,160.19501,3991973,0,0
2023-03-29 18:30:00,160.2,160.92,160.10001,160.83,6295750,0,0
2023-03-29 19:30:00,160.82001,161.05,160.55,160.78,6140298,0,0
2023-03-30 13:30:00,161.53,162.42999,161.271,162.34,11996383,0,0
2023-03-30 14:30:00,162.33501,162.47,161.98,162.09,6120263,0,0
2023-03-30 15:30:00,162.09,162.22501,161.89999,162.006,4894361,0,0
2023-03-30 16:30:00,162.00999,162.09,161.62,161.84,3941896,0,0
2023-03-30 17:30:00,161.84,162.17999,161.36,162.15421,4893782,0,0
2023-03-30 18:30:00,162.16,162.3318,161.86,162.13,4277487,0,0
2023-03-30 19:30:00,162.125,162.38,161.99001,162.37,4577619,0,0
2023-03-31 13:30:00,162.44,163.09,161.91,162.56,10075277,0,0
2023-03-31 14:30:00,162.565,163.17,162.52,163.09621,5734423,0,0
2023-03-31 15:30:00,163.0975,163.89999,162.92,163.89,4921522,0,0
2023-03-31 16:30:00,163.88499,164.075,163.57001,163.88499,6106203,0,0
2023-03-31 17:30:00,163.88,164.175,163.64999,164.075,4040886,0,0
2023-03-31 18:30:00,164.075,164.94,164.0,164.88,8018199,0,0
2023-03-31 19:30:00,164.88,165.0,164.125,164.84,12697522,0,0
2023-04-03 13:30:00,164.27,165.89,164.22,165.36,13675305,0,0
2023-04-03 14:30:00,165.36,165.63,164.32001,164.63,6706007,0,0
2023-04-03 15:30:00,164.64,164.789,164.39,164.60001,3712297,0,0
2023-04-03 16:30:00,164.60001,164.8,164.31,164.55,5969870,0,0
2023-04-03 17:30:00,164.545,164.95,164.48,164.9135,3700243,0,0
2023-04-03 18:30:00,164.91,165.88,164.89999,165.69501,6979786,0,0
2023-04-03 19:30:00,165.69,166.28999,165.675,166.10001,7698972,0,0
2023-04-04 13:30:00,166.595,166.84,165.418,166.25,10581474,0,0
2023-04-04 14:30:00,166.25999,166.49001,165.75,166.14999,5737140,0,0
2023-04-04 15:30:00,166.14,166.4156,165.5901,165.83,5053437,0,0
2023-04-04 16:30:00,165.82001,166.23,165.715,166.0799,3564877,0,0
2023-04-04 17:30:00,166.0701,166.21001,165.75999,165.7601,3446184,0,0
2023-04-04 18:30:00,165.765,165.89999,165.33,165.34801,4209995,0,0
2023-04-04 19:30:00,165.34,165.66,165.11,165.66,4728239,0,0
2023-04-05 13:30:00,164.74001,165.05,163.98,164.1201,11569841,0,0
2023-04-05 14:30:00,164.12,164.1801,163.21001,163.28,6399365,0,0
2023-04-05 15:30:00,163.28,163.52,162.11,162.23,6697154,0,0
2023-04-05 16:30:00,162.2,162.97,161.8,162.87,5932860,0,0
2023-04-05 17:30:00,162.87,163.1192,162.64999,162.6976,4269002,0,0
2023-04-05 18:30:00,162.69,163.39999,162.67,163.255,4789126,0,0
2023-04-05 19:30:00,163.25999,163.95,163.21001,163.75,5867999,0,0
2023-04-06 13:30:00,162.42999,163.33,162.0,163.32001,10141310,0,0
2023-04-06 14:30:00,163.3168,164.37,163.10001,164.2318,6580732,0,0
2023-04-06 15:30:00,164.24001,164.9584,164.00999,164.58,5322915,0,0
2023-04-06 16:30:00,164.58,164.87,164.3,164.34,3647754,0,0
2023-04-06 17:30:00,164.34,164.87,164.34,164.81,3602132,0,0
2023-04-06 18:30:00,164.81,164.94,164.47,164.515,3861450,0,0
2023-04-06 19:30:00,164.52,164.7599,164.32001,164.64999,4488051,0,0
2023-04-10 13:30:00,161.42,162.0,160.08,160.155,15225797,0,0
2023-04-10 14:30:00,160.16,161.39999,160.145,161.13499,6669628,0,0
2023-04-10 15:30:00,161.14079,161.61,160.60001,160.8208,4330948,0,0
2023-04-10 16:30:00,160.83,161.6131,160.82001,161.5699,4302297,0,0
2023-04-10 17:30:00,161.57001,161.84,161.31,161.715,3461730,0,0
2023-04-10 18:30:00,161.72,161.799,161.42999,161.5892,3666530,0,0
2023-04-10 19:30:00,161.59,162.03,161.55,162.03,4775505,0,0
2023-04-11 13:30:00,162.0,162.12,160.56,161.14999,11628279,0,0
2023-04-11 14:30:00,161.16,161.2,160.59,160.9099,6083197,0,0
2023-04-11 15:30:00,160.89999,161.2301,160.50999,161.1199,4322884,0,0
2023-04-11 16:30:00,161.12,161.52,160.84,161.4117,4141413,0,0
2023-04-11 17:30:00,161.4156,161.83,161.31,161.71069,4299346,0,0
2023-04-11 18:30:00,161.71001,161.81,161.27831,161.33,3765072,0,0
2023-04-11 19:30:00,161.33,161.38499,160.55,160.8,6308637,0,0
2023-04-12 13:30:00,161.22,162.06,160.49001,161.91499,12008831,0,0
2023-04-12 14:30:00,161.92,162.05,160.265,160.96001,6593856,0,0
2023-04-12 15:30:00,160.95,161.72,160.81,161.48,4709788,0,0
2023-04-12 16:30:00,161.48,161.8019,161.27071,161.53,3538109,0,0
2023-04-12 17:30:00,161.53999,161.74001,160.77,160.91,4032320,0,0
2023-04-12 18:30:00,160.91,160.98,159.78,159.85001,6326656,0,0
2023-04-12 19:30:00,159.845,160.34599,159.78,160.11,6026074,0,0
2023-04-13 13:30:00,161.63,163.58,161.42,163.43781,15143920,0,0
2023-04-13 14:30:00,163.44,163.67999,163.11,163.42999,5808095,0,0
2023-04-13 15:30:00,163.42999,163.99001,163.31,163.94991,5060795,0,0
2023-04-13 16:30:00,163.9449,164.42999,163.89,164.425,6469241,0,0
2023-04-13 17:30:00,164.42999,165.38,164.42999,165.19,7870488,0,0
2023-04-13 18:30:00,165.19,165.58,164.95,165.47,6680634,0,0
2023-04-13 19:30:00,165.47,165.8,165.22009,165.59,9225390,0,0
2023-04-14 13:30:00,164.59,166.32001,164.52,164.97,14134119,0,0
2023-04-14 14:30:00,164.99001,165.4799,164.575,165.02811,5369066,0,0
2023-04-14 15:30:00,165.03,165.105,164.32001,164.42999,3895128,0,0
2023-04-14 16:30:00,164.42,164.60001,163.82001,164.285,4287182,0,0
2023-04-14 17:30:00,164.285,164.99001,164.0,164.96001,4127390,0,0
2023-04-14 18:30:00,164.965,165.57001,164.39999,164.935,5419636,0,0
2023-04-14 19:30:00,164.94,165.28,164.83,165.23,4814166,0,0
2023-04-17 13:30:00,165.09,165.39,164.03,164.50999,12067415,0,0
2023-04-17 14:30:00,164.515,164.95,164.07449,164.59,4924943,0,0
2023-04-17 15:30:00,164.57001,164.61,164.05,164.2401,4002080,0,0
2023-04-17 16:30:00,164.25,164.75,164.145,164.62981,2941467,0,0
2023-04-17 17:30:00,164.6212,164.75999,164.245,164.39999,2486878,0,0
2023-04-17 18:30:00,164.39,165.2,164.2401,165.18021,4421143,0,0
2023-04-17 19:30:00,165.1848,165.34,165.10001,165.265,4670528,0,0
2023-04-18 13:30:00,166.03909,167.41,165.85001,166.22501,14246097,0,0
2023-04-18 14:30:00,166.23,166.27,165.78999,166.07001,5520660,0,0
2023-04-18 15:30:00,166.08,166.22501,165.64999,166.19501,4350934,0,0
2023-04-18 16:30:00,166.2,166.32001,165.67999,165.925,3733289,0,0
2023-04-18 17:30:00,165.92,166.74001,165.86,166.64,4311261,0,0
2023-04-18 18:30:00,166.64,166.74001,166.0,166.38,4426921,0,0
2023-04-18 19:30:00,166.37,166.69009,166.05,166.44141,4662103,0,0
2023-04-19 13:30:00,165.8,166.64999,165.53999,166.64,9851524,0,0
2023-04-19 14:30:00,166.6395,167.38,166.58,167.1423,7260231,0,0
2023-04-19 15:30:00,167.14,167.89,167.00281,167.815,7213880,0,0
2023-04-19 16:30:00,167.82001,168.16,167.63,167.92,4911847,0,0
2023-04-19 17:30:00,167.92999,168.05,167.59,167.89999,3833227,0,0
2023-04-19 18:30:00,167.89999,168.08,167.67,167.77,4234353,0,0
2023-04-19 19:30:00,167.75999,167.86,167.17,167.62,5147022,0,0
2023-04-20 13:30:00,166.47,167.39999,166.342,167.03999,11948379,0,0
2023-04-20 14:30:00,167.03999,167.27,166.50999,167.14,5632264,0,0
2023-04-20 15:30:00,167.1424,167.53999,166.89999,167.41,4665466,0,0
2023-04-20 16:30:00,167.41,167.87,167.38,167.60091,4255283,0,0
2023-04-20 17:30:00,167.61,167.75,166.83,166.87,4191123,0,0
2023-04-20 18:30:00,166.86,166.89,165.56,165.62,7583842,0,0
2023-04-20 19:30:00,165.625,166.67,165.625,166.6506,6040920,0,0
2023-04-21 13:30:00,165.27,166.4521,164.67,165.37981,18256910,0,0
2023-04-21 14:30:00,165.37,165.46001,164.49001,165.09,7607893,0,0
2023-04-21 15:30:00,165.10001,165.42,164.81,164.92909,4565047,0,0
2023-04-21 16:30:00,164.925,165.21001,164.67999,164.7975,3937902,0,0
2023-04-21 17:30:00,164.7999,165.36501,164.71001,165.27499,4894574,0,0
2023-04-21 18:30:00,165.2785,165.36,164.715,164.9575,5904830,0,0
2023-04-21 19:30:00,164.955,165.06,164.69,165.02,5729815,0,0
2023-04-24 13:30:00,165.0,165.47,164.41,165.2988,8842929,0,0
2023-04-24 14:30:00,165.285,165.37,163.89999,164.17999,6618963,0,0
2023-04-24 15:30:00,164.17999,164.35001,164.0,164.34,3806953,0,0
2023-04-24 16:30:00,164.33,164.88,164.289,164.78,3636932,0,0
2023-04-24 17:30:00,164.78,165.44,164.73,165.1722,4091286,0,0
2023-04-24 18:30:00,165.17999,165.44,164.98,165.345,3545167,0,0
2023-04-24 19:30:00,165.345,165.60001,165.09,165.35001,5466874,0,0
2023-04-25 13:30:00,165.19,166.30499,165.05,165.34,11065224,0,0
2023-04-25 14:30:00,165.34,165.64999,164.99001,165.22,5688844,0,0
2023-04-25 15:30:00,165.21001,165.2282,164.58,164.63,4779770,0,0
2023-04-25 16:30:00,164.64999,164.82001,163.8,164.34,4814784,0,0
2023-04-25 17:30:00,164.33,164.46001,163.75,164.3206,4086358,0,0
2023-04-25 18:30:00,164.33,164.53,163.98,164.12,4554327,0,0
2023-04-25 19:30:00,164.12,164.2403,163.73,163.8,6241008,0,0
2023-04-26 13:30:00,163.05499,164.2693,162.8,163.31059,10929371,0,0
2023-04-26 14:30:00,163.31,164.88499,163.27,164.62,5346521,0,0
2023-04-26 15:30:00,164.62,165.28,164.39999,165.03,4267382,0,0
2023-04-26 16:30:00,165.03,165.03999,164.041,164.17999,3322966,0,0
2023-04-26 17:30:00,164.17999,164.19,163.35001,163.75999,3810347,0,0
2023-04-26 18:30:00,163.755,163.8,163.31,163.63,3759754,0,0
2023-04-26 19:30:00,163.64,164.19,163.36099,163.73,6388204,0,0
2023-04-27 13:30:00,165.19,166.41,165.19,166.255,13198033,0,0
2023-04-27 14:30:00,166.27,166.905,166.12,166.6899,6625763,0,0
2023-04-27 15:30:00,166.71001,167.09,166.39999,166.765,5197075,0,0
2023-04-27 16:30:00,166.77,167.345,166.715,167.28999,3999650,0,0
2023-04-27 17:30:00,167.28999,167.49001,167.14,167.45,4938962,0,0
2023-04-27 18:30:00,167.455,168.53,167.44,168.285,8267350,0,0
2023-04-27 19:30:00,168.285,168.56,168.22,168.42999,9301827,0,0
2023-04-28 13:30:00,168.49001,169.85001,167.8801,169.8385,12916118,0,0
2023-04-28 14:30:00,169.83,169.85001,168.03,168.28999,8034793,0,0
2023-04-28 15:30:00,168.3,168.97,168.2,168.67,4346847,0,0
2023-04-28 16:30:00,168.662,168.89,168.33,168.75999,3941944,0,0
2023-04-28 17:30:00,168.75999,168.7623,168.14999,168.295,4261421,0,0
2023-04-28 18:30:00,168.295,169.03,168.12,168.815,5164773,0,0
2023-04-28 19:30:00,168.82001,169.71001,168.78999,169.69,6355413,0,0
2023-05-01 13:30:00,169.28,170.28999,169.02,169.045,13041419,0,0
2023-05-01 14:30:00,169.045,169.83,168.64,169.13,6766083,0,0
2023-05-01 15:30:00,169.14,170.19,169.05099,169.97501,4752404,0,0
2023-05-01 16:30:00,169.985,170.45,169.985,170.14,5044388,0,0
2023-05-01 17:30:00,170.13,170.41,169.82001,169.91991,3838143,0,0
2023-05-01 18:30:00,169.89999,169.96001,169.2,169.69099,5042479,0,0
2023-05-01 19:30:00,169.7,169.89999,169.25,169.56,5100536,0,0
2023-05-02 13:30:00,170.09,170.35001,168.485,168.71001,11320203,0,0
2023-05-02 14:30:00,168.66991,168.73,167.7,167.81689,7793406,0,0
2023-05-02 15:30:00,167.82001,168.2299,167.53999,168.11011,5390529,0,0
2023-05-02 16:30:00,168.11,168.9299,168.08521,168.81,4457949,0,0
2023-05-02 17:30:00,168.8,168.95,168.345,168.47,3490502,0,0
2023-05-02 18:30:00,168.47,169.28,168.46001,168.965,4225611,0,0
2023-05-02 19:30:00,168.97,168.98,168.39,168.55,4533993,0,0
2023-05-03 13:30:00,169.5,170.92,169.49001,170.08009,13863244,0,0
2023-05-03 14:30:00,170.08,170.28,169.17999,169.30499,5450759,0,0
2023-05-03 15:30:00,169.31,169.95,169.23,169.7,3962052,0,0
2023-05-03 16:30:00,169.71001,170.28999,169.57001,170.16,4108514,0,0
2023-05-03 17:30:00,170.1599,170.60001,169.37,170.245,5903150,0,0
2023-05-03 18:30:00,170.25,170.75999,168.12,168.14999,11104300,0,0
2023-05-03 19:30:00,168.14,168.21989,167.16,167.46001,6914097,0,0
2023-05-04 13:30:00,164.89,165.77,164.31,165.25,16477924,0,0
2023-05-04 14:30:00,165.255,166.88,165.13029,165.935,9036370,0,0
2023-05-04 15:30:00,165.94,166.23,165.42999,166.21001,5049232,0,0
2023-05-04 16:30:00,166.21001,167.03999,165.95,166.67261,5244652,0,0
2023-05-04 17:30:00,166.675,166.905,165.5101,165.53281,5400963,0,0
2023-05-04 18:30:00,165.53,165.97,165.08,165.6734,7567595,0,0
2023-05-04 19:30:00,165.675,166.34,165.3821,165.78999,9133137,0,0
2023-05-05 13:30:00,170.97501,173.75,170.75999,173.36501,40825650,0,0
2023-05-05 14:30:00,173.37,174.2,173.17999,173.83771,17236581,0,0
2023-05-05 15:30:00,173.84,174.05,173.23,173.25999,9567592,0,0
2023-05-05 16:30:00,173.265,173.64,173.21001,173.64,8455275,0,0
2023-05-05 17:30:00,173.645,174.0925,173.6424,174.08,7532263,0,0
2023-05-05 18:30:00,174.075,174.3,173.3,173.745,9440655,0,0
2023-05-05 19:30:00,173.745,174.0,173.35001,173.61,9648644,0,0
2023-05-08 13:30:00,172.48,173.82001,172.11,173.36,17789341,0,0
2023-05-08 14:30:00,173.37,173.63,172.72009,173.2206,7617220,0,0
2023-05-08 15:30:00,173.23,173.82001,173.14999,173.745,4840841,0,0
2023-05-08 16:30:00,173.75,173.77,173.35001,173.63,3478646,0,0
2023-05-08 17:30:00,173.64,173.85001,172.96001,173.5999,4800282,0,0
2023-05-08 18:30:00,173.595,173.8,173.21001,173.405,4103527,0,0
2023-05-08 19:30:00,173.39999,173.67999,173.37,173.52499,4325310,0,0
2023-05-09 13:30:00,173.05,173.53999,172.25999,172.52,13477160,0,0
2023-05-09 14:30:00,172.53,172.64,172.145,172.2804,5427003,0,0
2023-05-09 15:30:00,172.28999,172.3999,171.81,172.0591,4798870,0,0
2023-05-09 16:30:00,172.05499,172.48,172.02,172.205,3808782,0,0
2023-05-09 17:30:00,172.21001,172.3398,171.96001,172.27,3038422,0,0
2023-05-09 18:30:00,172.27,172.3576,171.85001,171.965,3458267,0,0
2023-05-09 19:30:00,171.97,172.235,171.60001,171.78,6390735,0,0
2023-05-10 13:30:00,173.02,174.03,172.55,173.05,13192537,0,0
2023-05-10 14:30:00,173.0519,173.42,172.28999,173.2901,6608451,0,0
2023-05-10 15:30:00,173.3,173.83,172.78999,173.17751,5334991,0,0
2023-05-10 16:30:00,173.1721,173.3,171.98,172.03,4412739,0,0
2023-05-10 17:30:00,172.02,172.84,171.89999,172.62,4067612,0,0
2023-05-10 18:30:00,172.625,173.84,172.61,173.63,6304643,0,0
2023-05-10 19:30:00,173.64,173.91,173.34,173.55499,5349524,0,0
2023-05-11 13:30:00,173.85001,173.96001,172.17,172.67,11552802,0,0
2023-05-11 14:30:00,172.67,173.7,172.3,173.7,6827208,0,0
2023-05-11 15:30:00,173.69501,173.91499,173.25999,173.66,5325734,0,0
2023-05-11 16:30:00,173.67,174.02499,173.38,173.47,4415832,0,0
2023-05-11 17:30:00,173.47,174.0,173.06,173.9901,4089255,0,0
2023-05-11 18:30:00,173.99989,174.59,173.86,174.09,6007254,0,0
2023-05-11 19:30:00,174.075,174.14999,173.5,173.81,4250305,0,0
2023-05-12 13:30:00,173.67999,174.06,172.50999,172.69,9900308,0,0
2023-05-12 14:30:00,172.69,172.97501,172.33,172.48,5603315,0,0
2023-05-12 15:30:00,172.485,172.72,171.92999,171.94501,4830042,0,0
2023-05-12 16:30:00,171.92999,172.19,171.315,171.77499,4645213,0,0
2023-05-12 17:30:00,171.77,171.97501,171.0,171.33,4597136,0,0
2023-05-12 18:30:00,171.33,171.92999,171.17999,171.9001,5318972,0,0
2023-05-12 19:30:00,171.91,172.62,171.905,172.56,5265382,0,0
2023-05-15 13:30:00,173.16,173.21001,171.47,171.8429,9423023,0,0
2023-05-15 14:30:00,171.84,172.42,171.80009,172.27,5670696,0,0
2023-05-15 15:30:00,172.25999,172.42999,171.97,172.1787,3028790,0,0
2023-05-15 16:30:00,172.173,172.3,171.83,171.85001,3243442,0,0
2023-05-15 17:30:00,171.8295,172.02,171.52499,171.815,3550691,0,0
2023-05-15 18:30:00,171.825,171.91,171.66,171.81219,2998745,0,0
2023-05-15 19:30:00,171.81,172.185,171.7527,172.13,3742603,0,0
2023-05-16 13:30:00,171.99001,173.13831,171.985,172.41,12609254,0,0
2023-05-16 14:30:00,172.41,172.57001,171.88,172.31,5885074,0,0
2023-05-16 15:30:00,172.31,172.50999,171.83,172.25,3982831,0,0
2023-05-16 16:30:00,172.24899,172.355,171.97,172.1611,2846276,0,0
2023-05-16 17:30:00,172.16,172.35001,171.7991,171.89999,2879231,0,0
2023-05-16 18:30:00,171.89999,172.72501,171.8678,172.66499,4941525,0,0
2023-05-16 19:30:00,172.66,172.69701,172.03,172.08,4450643,0,0
2023-05-17 13:30:00,171.75999,172.14999,170.4201,171.0217,13804752,0,0
2023-05-17 14:30:00,171.03,171.16,170.47,170.84669,5955054,0,0
2023-05-17 15:30:00,170.84,171.27,170.73,171.13499,3931938,0,0
2023-05-17 16:30:00,171.14,172.12,170.96001,172.03999,6324707,0,0
2023-05-17 17:30:00,172.03999,172.86,171.86,172.40849,7086324,0,0
2023-05-17 18:30:00,172.42,172.59,171.94,172.35001,5049559,0,0
2023-05-17 19:30:00,172.36,172.925,172.32001,172.64999,5302466,0,0
2023-05-18 13:30:00,173.0,173.855,172.58,173.67,13910631,0,0
2023-05-18 14:30:00,173.67999,174.72,173.56,174.66,8639422,0,0
2023-05-18 15:30:00,174.66499,175.00999,174.16,174.36,7994440,0,0
2023-05-18 16:30:00,174.37,174.85001,174.13,174.28,4949014,0,0
2023-05-18 17:30:00,174.28,174.44,173.67999,174.11,4395642,0,0
2023-05-18 18:30:00,174.11,174.69,174.11,174.5,5800615,0,0
2023-05-18 19:30:00,174.50999,175.24001,174.48,175.06619,9507299,0,0
2023-05-19 13:30:00,176.06,176.14,175.42,175.88,12660382,0,0
2023-05-19 14:30:00,175.875,176.265,175.39999,175.47591,7766285,0,0
2023-05-19 15:30:00,175.46001,175.98,175.21001,175.44,6329706,0,0
2023-05-19 16:30:00,175.42999,175.78999,175.08501,175.735,5485062,0,0
2023-05-19 17:30:00,175.74001,175.89,175.10001,175.23219,3935160,0,0
2023-05-19 18:30:00,175.2412,175.60001,175.12109,175.13,4243260,0,0
2023-05-19 19:30:00,175.14,175.36,174.94,175.19,5450597,0,0
2023-05-22 13:30:00,173.98,174.71001,173.45,174.192,12346138,0,0
2023-05-22 14:30:00,174.2,174.60001,173.60001,174.4888,5485289,0,0
2023-05-22 15:30:00,174.48,174.55,173.92999,174.16,4041203,0,0
2023-05-22 16:30:00,174.145,174.39,173.87,174.22,4605162,0,0
2023-05-22 17:30:00,174.23,174.52,174.09,174.32001,3217043,0,0
2023-05-22 18:30:00,174.32001,174.62,174.10001,174.22,4006348,0,0
2023-05-22 19:30:00,174.23,174.5,174.035,174.24001,4250875,0,0
2023-05-23 13:30:00,173.13,173.37939,172.55,172.85001,9736295,0,0
2023-05-23 14:30:00,172.85001,173.17999,172.685,173.015,4470307,0,0
2023-05-23 15:30:00,173.02,173.03999,172.52,172.60001,4741797,0,0
2023-05-23 16:30:00,172.59,172.64861,171.77,172.075,5390209,0,0
2023-05-23 17:30:00,172.07001,172.3398,171.5,171.655,5434710,0,0
2023-05-23 18:30:00,171.655,171.94,171.27499,171.61951,4832024,0,0
2023-05-23 19:30:00,171.62,172.02,171.49001,171.55,7035036,0,0
2023-05-24 13:30:00,171.09,172.27,170.52,171.16,10301421,0,0
2023-05-24 14:30:00,171.16,171.67999,170.94,171.37,5376065,0,0
2023-05-24 15:30:00,171.37,171.42999,170.59,170.63499,4092197,0,0
2023-05-24 16:30:00,170.63499,171.38,170.535,171.175,4633934,0,0
2023-05-24 17:30:00,171.17999,171.8,171.1001,171.19,3712102,0,0
2023-05-24 18:30:00,171.17999,172.2,171.03,172.105,4470318,0,0
2023-05-24 19:30:00,172.11,172.4183,171.64999,171.83,5226602,0,0
2023-05-25 13:30:00,172.41,173.22,171.69,171.92999,12361185,0,0
2023-05-25 14:30:00,171.935,172.8,171.69501,172.27,5758310,0,0
2023-05-25 15:30:00,172.27499,173.605,171.755,173.6001,5506892,0,0
2023-05-25 16:30:00,173.60001,173.73,172.84,173.2,5264427,0,0
2023-05-25 17:30:00,173.2,173.895,173.09,173.35001,4312619,0,0
2023-05-25 18:30:00,173.35001,173.7,172.7,173.63499,4964268,0,0
2023-05-25 19:30:00,173.6371,173.8588,172.86,173.015,5345327,0,0
2023-05-26 13:30:00,173.32001,175.39,173.11,175.345,11173543,0,0
2023-05-26 14:30:00,175.36,175.77,174.88,175.03,7465117,0,0
2023-05-26 15:30:00,175.03,175.53999,175.0,175.3087,5137763,0,0
2023-05-26 16:30:00,175.30499,175.53,175.06,175.38499,3991301,0,0
2023-05-26 17:30:00,175.39,175.485,174.84,175.015,5433745,0,0
2023-05-26 18:30:00,175.015,175.45,174.9601,175.38,4818859,0,0
2023-05-26 19:30:00,175.375,175.66499,175.21001,175.38,6954668,0,0
2023-05-30 13:30:00,176.7,178.99001,176.6172,177.6111,17259163,0,0
2023-05-30 14:30:00,177.63,177.8199,176.7504,177.24001,6669634,0,0
2023-05-30 15:30:00,177.235,177.78,177.09,177.2222,4148445,0,0
2023-05-30 16:30:00,177.23,177.97501,177.14,177.14999,5398241,0,0
2023-05-30 17:30:00,177.14999,177.66,176.59,177.5901,4515429,0,0
2023-05-30 18:30:00,177.5974,177.85001,177.25,177.52,4423073,0,0
2023-05-30 19:30:00,177.53,177.685,176.81,177.33,5728683,0,0
2023-05-31 13:30:00,177.67999,179.35001,177.50999,177.895,15606000,0,0
2023-05-31 14:30:00,177.89999,178.60001,177.42,178.32001,8131349,0,0
2023-05-31 15:30:00,178.32001,179.07001,178.24001,178.74271,5948418,0,0
2023-05-31 16:30:00,178.75,179.0,178.46001,178.89,4280363,0,0
2023-05-31 17:30:00,178.89999,179.3,178.74001,179.16991,5884978,0,0
2023-05-31 18:30:00,179.16991,179.2,178.29201,178.7179,5736214,0,0
2023-05-31 19:30:00,178.72,179.3,176.75999,177.42,15136509,0,0
2023-06-01 13:30:00,177.53999,178.36,176.9306,178.10001,11739353,0,0
2023-06-01 14:30:00,178.11,179.645,178.0,179.48,9190497,0,0
2023-06-01 15:30:00,179.485,179.965,179.22,179.8,5809474,0,0
2023-06-01 16:30:00,179.8,180.0,179.47,179.61,6109496,0,0
2023-06-01 17:30:00,179.6131,180.0,179.48,179.875,5405111,0,0
2023-06-01 18:30:00,179.88,180.12,179.56,179.78,7701103,0,0
2023-06-01 19:30:00,179.78,180.12,179.22,180.105,7892939,0,0
2023-06-02 13:30:00,181.03,181.78,179.25999,179.73,17788376,0,0
2023-06-02 14:30:00,179.74001,180.64,179.64,180.5,6783430,0,0
2023-06-02 15:30:00,180.50999,181.0499,180.41,180.67,5864150,0,0
2023-06-02 16:30:00,180.675,181.00999,180.53,180.59,4333772,0,0
2023-06-02 17:30:00,180.5867,180.77,180.06,180.4599,4856063,0,0
2023-06-02 18:30:00,180.45,181.03999,180.39999,180.755,5691505,0,0
2023-06-02 19:30:00,180.75,181.10001,180.61,180.96001,6889023,0,0
2023-06-05 13:30:00,182.34,183.99001,182.25999,183.71001,22093278,0,0
2023-06-05 14:30:00,183.72,184.36,183.63,184.23,11622832,0,0
2023-06-05 15:30:00,184.22501,184.72,183.99001,184.5504,9277523,0,0
2023-06-05 16:30:00,184.56,184.951,183.91,184.114,10792850,0,1
2023-06-05 17:30:00,184.11501,184.315,182.03,183.0683,18354521,0,0
2023-06-05 18:30:00,183.07001,183.16,178.035,179.52499,32366050,0,0
2023-06-05 19:30:00,179.53,179.78999,178.77,179.60001,10221616,0,0
2023-06-06 13:30:00,179.965,180.12,177.42999,178.94,19961232,0,0
2023-06-06 14:30:00,178.95,179.2123,177.66499,177.78999,9164963,0,0
2023-06-06 15:30:00,177.795,179.11,177.75011,178.69,6983928,0,0
2023-06-06 16:30:00,178.685,178.78999,178.03,178.715,6695641,0,0
2023-06-06 17:30:00,178.71851,179.39999,178.6104,179.32001,6019459,0,0
2023-06-06 18:30:00,179.325,179.7,179.13,179.41,4416033,0,0
2023-06-06 19:30:00,179.42,179.55991,179.05,179.16,5394387,0,0
2023-06-07 13:30:00,178.44,181.21001,178.22,179.28,15472050,0,0
2023-06-07 14:30:00,179.28,179.52,178.49001,178.97501,7540828,0,0
2023-06-07 15:30:00,178.97501,179.61,178.17999,178.37,5282564,0,0
2023-06-07 16:30:00,178.37,178.72,177.61,177.69,6202735,0,0
2023-06-07 17:30:00,177.7,178.285,177.32001,178.03,4518693,0,0
2023-06-07 18:30:00,178.03,178.5,177.60001,178.065,4820318,0,0
2023-06-07 19:30:00,178.06,178.2,177.4239,177.82001,7942141,0,0
2023-06-08 13:30:00,177.895,178.75,177.46001,178.47,10752927,0,0
2023-06-08 14:30:00,178.49001,179.42999,178.39,179.23911,5780209,0,0
2023-06-08 15:30:00,179.2394,180.0,179.14,179.96989,5797046,0,0
2023-06-08 16:30:00,179.96001,179.97,179.39999,179.47,3644123,0,0
2023-06-08 17:30:00,179.465,179.98,179.00999,179.94501,3800213,0,0
2023-06-08 18:30:00,179.95,180.28999,179.73,180.255,6062694,0,0
2023-06-08 19:30:00,180.25,180.84,180.21001,180.53999,6364520,0,0
2023-06-09 13:30:00,181.5,182.19,181.24001,181.92,11693845,0,0
2023-06-09 14:30:00,181.92,182.10001,180.98,181.23,6831450,0,0
2023-06-09 15:30:00,181.22501,181.53011,180.63,181.16,5180506,0,0
2023-06-09 16:30:00,181.17,181.7,180.94,181.66,3456759,0,0
2023-06-09 17:30:00,181.67,182.23,181.60001,182.0099,3856950,0,0
2023-06-09 18:30:00,182.00999,182.09,181.31,181.49001,4584495,0,0
2023-06-09 19:30:00,181.48,181.53,180.73,181.03999,5566987,0,0
2023-06-12 13:30:00,181.5,182.03999,180.97,181.60001,8944353,0,0
2023-06-12 14:30:00,181.60001,182.11,181.4301,182.015,5286320,0,0
2023-06-12 15:30:00,182.02,182.53,182.02,182.27499,4522372,0,0
2023-06-12 16:30:00,182.285,182.66,182.27299,182.53999,3437292,0,0
2023-06-12 17:30:00,182.5399,182.81,182.42,182.71001,3217543,0,0
2023-06-12 18:30:00,182.715,183.48,182.7,183.30901,5613491,0,0
2023-06-12 19:30:00,183.3,183.89,183.19,183.84,7125628,0,0
2023-06-13 13:30:00,183.19,184.14999,182.62,182.75999,15976207,0,0
2023-06-13 14:30:00,182.77,183.7505,182.46001,183.39999,6083400,0,0
2023-06-13 15:30:00,183.39999,183.46899,182.9601,183.17,5328589,0,0
2023-06-13 16:30:00,183.17999,183.55,182.88499,183.0208,4892930,0,0
2023-06-13 17:30:00,183.03,183.14,182.72,182.84,4160728,0,0
2023-06-13 18:30:00,182.84,183.13,182.44,182.98,5788039,0,0
2023-06-13 19:30:00,182.97501,183.38,182.92,183.31,4278763,0,0
2023-06-14 13:30:00,183.37,184.28,182.91,184.22501,11407710,0,0
2023-06-14 14:30:00,184.23,184.39,183.52,184.21001,6385805,0,0
2023-06-14 15:30:00,184.2,184.39,183.84,184.11501,3624409,0,0
2023-06-14 16:30:00,184.1199,184.16,183.50999,183.73,3219852,0,0
2023-06-14 17:30:00,183.73,183.88,182.02,182.64999,6767181,0,0
2023-06-14 18:30:00,182.64999,184.205,182.42,183.50999,9483802,0,0
2023-06-14 19:30:00,183.52,183.97,182.95,183.96001,5980488,0,0
2023-06-15 13:30:00,183.96001,185.84,183.78,185.84,15625447,0,0
2023-06-15 14:30:00,185.84,185.86,185.11,185.84,6851510,0,0
2023-06-15 15:30:00,185.83,185.9585,185.08,185.2,5704999,0,0
2023-06-15 16:30:00,185.2,185.38,184.55,185.09,4056078,0,0
2023-06-15 17:30:00,185.09,185.85001,185.07001,185.80499,5120742,0,0
2023-06-15 18:30:00,185.81,186.52,185.69,186.17999,8988386,0,0
2023-06-15 19:30:00,186.175,186.37,185.69,186.02,7305976,0,0
2023-06-16 13:30:00,186.73,186.99001,184.96001,185.9082,28647546,0,0
2023-06-16 14:30:00,185.9001,186.13,185.34,185.48,6124501,0,0
2023-06-16 15:30:00,185.48,185.83,185.3,185.7301,4063413,0,0
2023-06-16 16:30:00,185.74001,186.02991,185.5666,185.8,3300447,0,0
2023-06-16 17:30:00,185.81,185.89999,185.2,185.31,3533783,0,0
2023-06-16 18:30:00,185.3,185.3,184.71001,184.91499,7609584,0,0
2023-06-16 19:30:00,184.92,185.35001,184.27,185.02,8222976,0,0
2023-06-20 13:30:00,184.78999,186.10001,184.7,184.81,12001675,0,0
2023-06-20 14:30:00,184.82001,185.36,184.50999,185.0601,5824330,0,0
2023-06-20 15:30:00,185.07001,185.60001,184.89999,185.55499,4348851,0,0
2023-06-20 16:30:00,185.55,186.09,185.49001,185.92999,4413993,0,0
2023-06-20 17:30:00,185.92,186.03,185.41499,185.77,3535526,0,0
2023-06-20 18:30:00,185.77,185.845,185.13,185.34,3522844,0,0
2023-06-20 19:30:00,185.34,185.5,184.81,185.02,4861772,0,0
2023-06-21 13:30:00,184.89999,185.41,183.87,184.12,10613238,0,0
2023-06-21 14:30:00,184.11,184.14,182.5901,183.14,7350639,0,0
2023-06-21 15:30:00,183.13,184.08,183.08501,184.065,4681627,0,0
2023-06-21 16:30:00,184.07001,184.34,183.87,184.13,3492541,0,0
2023-06-21 17:30:00,184.11031,185.11,184.11,185.10001,3581891,0,0
2023-06-21 18:30:00,185.10001,185.1992,184.37,184.505,3768476,0,0
2023-06-21 19:30:00,184.5,184.53999,183.78999,183.96001,4489739,0,0
2023-06-22 13:30:00,183.74001,185.88,183.67,185.77,11517552,0,0
2023-06-22 14:30:00,185.77,186.67,185.41,186.25,8253421,0,0
2023-06-22 15:30:00,186.24001,186.73,185.73199,186.07001,5147460,0,0
2023-06-22 16:30:00,186.07001,186.24001,185.60001,185.75,3135640,0,0
2023-06-22 17:30:00,185.75,186.57001,185.6106,186.425,3775701,0,0
2023-06-22 18:30:00,186.425,186.73,186.21001,186.41499,4345608,0,0
2023-06-22 19:30:00,186.42,187.045,186.2832,186.97,6367886,0,0
2023-06-23 13:30:00,185.55,186.17999,185.00999,185.83,11222649,0,0
2023-06-23 14:30:00,185.82001,186.39,185.66,186.08,5418939,0,0
2023-06-23 15:30:00,186.0862,187.10001,185.94,186.94,4878533,0,0
2023-06-23 16:30:00,186.94,187.47,186.81,187.33701,4696023,0,0
2023-06-23 17:30:00,187.33,187.56,187.105,187.24001,3569247,0,0
2023-06-23 18:30:00,187.23,187.27,186.38,186.815,5161426,0,0
2023-06-23 19:30:00,186.83,187.25,186.50999,186.69,6097018,0,0
2023-06-26 13:30:00,186.83,188.05,186.34,187.7498,9851788,0,0
2023-06-26 14:30:00,187.75,187.84,186.41,186.53,6070361,0,0
2023-06-26 15:30:00,186.53,187.05,185.97,186.25,5254170,0,0
2023-06-26 16:30:00,186.24001,186.38,185.61,185.985,4231923,0,0
2023-06-26 17:30:00,186.0,186.17,185.72009,185.99001,3433029,0,0
2023-06-26 18:30:00,185.98,186.41,185.92999,186.075,4404264,0,0
2023-06-26 19:30:00,186.07001,186.1801,185.23,185.3,6606964,0,0
2023-06-27 13:30:00,185.89,187.0442,185.67,186.85001,10462350,0,0
2023-06-27 14:30:00,186.84,186.96001,186.05,186.95,5372053,0,0
2023-06-27 15:30:00,186.96001,187.5,186.78999,187.48,5104192,0,0
2023-06-27 16:30:00,187.47,187.93671,187.4501,187.785,5008131,0,0
2023-06-27 17:30:00,187.78999,188.24001,187.78999,188.19501,4551155,0,0
2023-06-27 18:30:00,188.2,188.39,188.00999,188.30499,4845018,0,0
2023-06-27 19:30:00,188.30499,188.355,187.96001,188.03999,5700927,0,0
2023-06-28 13:30:00,187.92999,188.63,187.60001,188.42,10639016,0,0
2023-06-28 14:30:00,188.42,189.4297,188.265,189.015,7112288,0,0
2023-06-28 15:30:00,189.02,189.89999,188.96001,189.30499,5291226,0,0
2023-06-28 16:30:00,189.30499,189.30499,188.285,189.07001,5155494,0,0
2023-06-28 17:30:00,189.08,189.53,188.81,189.36501,3627949,0,0
2023-06-28 18:30:00,189.37,189.45,188.36501,189.02,4548141,0,0
2023-06-28 19:30:00,189.00999,189.28999,188.62,189.28,7056821,0,0
2023-06-29 13:30:00,189.08,190.07001,189.05,189.47,14305988,0,0
2023-06-29 14:30:00,189.46001,189.89999,188.94,189.89,5669341,0,0
2023-06-29 15:30:00,189.89,189.91,189.21001,189.675,3916975,0,0
2023-06-29 16:30:00,189.67,189.72,189.11,189.49001,2849181,0,0
2023-06-29 17:30:00,189.49001,189.73,189.17999,189.6506,3426306,0,0
2023-06-29 18:30:00,189.66,189.78999,189.32001,189.4776,3553394,0,0
2023-06-29 19:30:00,189.47,189.62,189.17,189.59,5234026,0,0
2023-06-30 13:30:00,191.63,193.14999,191.25999,192.69,19512129,0,0
2023-06-30 14:30:00,192.685,192.86,192.33501,192.38499,7580238,0,0
2023-06-30 15:30:00,192.38499,192.64999,191.98,192.59,6754890,0,0
2023-06-30 16:30:00,192.58501,192.985,192.5,192.925,4763101,0,0
2023-06-30 17:30:00,192.9297,193.185,192.815,193.02499,5792298,0,0
2023-06-30 18:30:00,193.03,193.5399,192.89,193.49001,7037910,0,0
2023-06-30 19:30:00,193.49001,194.48,193.28,193.8,13053197,0,0
2023-07-03 13:30:00,193.78,193.88,192.8,192.91499,12730490,0,0
2023-07-03 14:30:00,192.91499,192.92999,191.75999,192.355,8432896,0,0
2023-07-03 15:30:00,192.36,192.5,192.03999,192.11501,3819693,0,0
2023-07-03 16:30:00,192.11,192.57,192.00999,192.345,6090479,0,0
2023-07-03 17:30:00,192.345,196.0125,192.27,192.46,0,0,0
2023-07-03 18:30:00,192.49,192.49,192.31,192.36,0,0,0
2023-07-03 19:30:00,192.36,192.47,192.33,192.36,0,0,0
2023-07-05 13:30:00,191.95,192.98,191.89999,192.35001,12178355,0,0
2023-07-05 14:30:00,192.35001,192.7399,191.39,191.435,5687316,0,0
2023-07-05 15:30:00,191.44,191.66,190.6779,191.1416,5537328,0,0
2023-07-05 16:30:00,191.14999,191.30499,190.87,190.99001,4563014,0,0
2023-07-05 17:30:00,190.985,191.105,190.62,190.95,3822763,0,0
2023-07-05 18:30:00,190.95,191.44,190.91,191.355,3543211,0,0
2023-07-05 19:30:00,191.36,191.4899,191.235,191.32001,3919002,0,0
2023-07-06 13:30:00,189.84,190.46001,189.2,189.94,11240368,0,0
2023-07-06 14:30:00,189.94,190.25999,189.5,190.17,5412613,0,0
2023-07-06 15:30:00,190.1601,191.00999,190.16,190.935,4710270,0,0
2023-07-06 16:30:00,190.935,191.23,190.88,191.11,3347231,0,0
2023-07-06 17:30:00,191.10989,191.44,190.74001,191.03,3683383,0,0
2023-07-06 18:30:00,191.02,191.685,190.99001,191.64,3838019,0,0
2023-07-06 19:30:00,191.64999,192.02,191.47,191.78,5150657,0,0
2023-07-07 13:30:00,191.41,191.72,190.62,190.62,10430202,0,0
2023-07-07 14:30:00,190.62,191.28999,190.24001,191.2095,5013111,0,0
2023-07-07 15:30:00,191.21001,192.25,191.185,192.1299,5436113,0,0
2023-07-07 16:30:00,192.125,192.59,192.12,192.56,4409437,0,0
2023-07-07 17:30:00,192.56,192.67,192.16,192.39999,3374342,0,0
2023-07-07 18:30:00,192.405,192.49001,191.74001,191.75,3801246,0,0
2023-07-07 19:30:00,191.74001,191.92999,190.60001,190.71001,6160106,0,0
2023-07-10 13:30:00,189.25999,189.99001,187.14999,188.9599,17984222,0,0
2023-07-10 14:30:00,188.94009,189.0455,187.64,187.86,7459938,0,0
2023-07-10 15:30:00,187.86,188.4514,187.035,187.562,6988062,0,0
2023-07-10 16:30:00,187.55,188.35001,187.5,188.09,4559778,0,0
2023-07-10 17:30:00,188.10001,188.7,187.92,188.61501,3814590,0,0
2023-07-10 18:30:00,188.61,188.64999,188.10001,188.3,4050702,0,0
2023-07-10 19:30:00,188.28999,188.78999,188.24001,188.63,5920823,0,0
2023-07-11 13:30:00,189.16,189.3,187.45,188.11,10238697,0,0
2023-07-11 14:30:00,188.095,188.5601,187.655,187.715,4854820,0,0
2023-07-11 15:30:00,187.7157,188.38,187.25999,187.61501,5419136,0,0
2023-07-11 16:30:00,187.62,187.7869,187.34,187.41,3590478,0,0
2023-07-11 17:30:00,187.40601,187.54781,186.7001,186.881,5978219,0,0
2023-07-11 18:30:00,186.88499,187.395,186.60001,187.13721,4325125,0,0
2023-07-11 19:30:00,187.13,188.27,186.97,188.05051,6257248,0,0
2023-07-12 13:30:00,189.67999,191.7,189.45,190.35001,17951283,0,0
2023-07-12 14:30:00,190.35001,190.66,189.22,189.53,7721602,0,0
2023-07-12 15:30:00,189.53,189.69501,188.47,189.155,5926745,0,0
2023-07-12 16:30:00,189.155,189.96001,189.10001,189.86,4348900,0,0
2023-07-12 17:30:00,189.85989,190.39,189.75,190.34,3367158,0,0
2023-07-12 18:30:00,190.33,190.40269,189.7,189.86,4608750,0,0
2023-07-12 19:30:00,189.87,190.02,189.57001,189.81,5646874,0,0
2023-07-13 13:30:00,190.5,191.095,189.78,189.98,10603557,0,0
2023-07-13 14:30:00,189.985,190.77499,189.96001,190.17,4629912,0,0
2023-07-13 15:30:00,190.175,190.77,190.03999,190.675,3357584,0,0
2023-07-13 16:30:00,190.67,190.845,190.33,190.66499,2845853,0,0
2023-07-13 17:30:00,190.66499,190.8792,190.53,190.58,2663247,0,0
2023-07-13 18:30:00,190.59,191.19,190.5,190.895,4419492,0,0
2023-07-13 19:30:00,190.89,191.08,190.53,190.53999,5590090,0,0
2023-07-14 13:30:00,190.23,191.1799,190.10001,190.85001,10294954,0,0
2023-07-14 14:30:00,190.85001,191.03999,190.295,190.36,5242557,0,0
2023-07-14 15:30:00,190.36501,190.62,189.89,189.95,3952148,0,0
2023-07-14 16:30:00,189.95,190.14999,189.63,190.015,3352688,0,0
2023-07-14 17:30:00,190.0101,190.565,189.9501,190.19,3213789,0,0
2023-07-14 18:30:00,190.2,190.42,189.78,190.27499,4052940,0,0
2023-07-14 19:30:00,190.27499,190.74001,190.16,190.73,5002552,0,0
2023-07-17 13:30:00,191.89999,193.45,191.81,192.765,13716689,0,0
2023-07-17 14:30:00,192.765,193.14,192.705,193.005,4885166,0,0
2023-07-17 15:30:00,193.0,193.28999,192.715,192.75,3902109,0,0
2023-07-17 16:30:00,192.74001,193.08009,192.39999,193.08,3253397,0,0
2023-07-17 17:30:00,193.08,193.75999,192.9529,193.66499,5083166,0,0
2023-07-17 18:30:00,193.66499,194.32001,193.58,194.14999,5312402,0,0
2023-07-17 19:30:00,194.14,194.25,193.7,193.98,6569725,0,0
2023-07-18 13:30:00,193.35001,193.58,192.795,192.985,9908873,0,0
2023-07-18 14:30:00,193.0,193.655,192.89,193.145,4922994,0,0
2023-07-18 15:30:00,193.145,193.25999,192.57001,192.705,6601926,0,0
2023-07-18 16:30:00,192.7,192.9399,192.41499,192.935,4346575,0,0
2023-07-18 17:30:00,192.94,193.78999,192.89999,193.75999,3752506,0,0
2023-07-18 18:30:00,193.77,194.14771,193.5314,193.94,5030580,0,0
2023-07-18 19:30:00,193.92,194.33,193.53999,193.73,6945845,0,0
2023-07-19 13:30:00,193.10001,193.53999,192.64999,192.78,9832539,0,0
2023-07-19 14:30:00,192.78,193.39,192.7,193.131,6477212,0,0
2023-07-19 15:30:00,193.13,198.23,193.10001,195.11,26832033,0,0
2023-07-19 16:30:00,195.11,195.7,194.31,194.34,9643363,0,0
2023-07-19 17:30:00,194.34,194.9301,194.0652,194.645,5334040,0,0
2023-07-19 18:30:00,194.64999,195.72,194.64,195.38,5464164,0,0
2023-07-19 19:30:00,195.37,195.45,194.92999,195.08501,4574533,0,0
2023-07-20 13:30:00,195.09,196.47,194.702,194.908,14270108,0,0
2023-07-20 14:30:00,194.9026,194.965,193.9501,194.60001,7582116,0,0
2023-07-20 15:30:00,194.61,195.5899,194.25999,194.62,7531649,0,0
2023-07-20 16:30:00,194.58,194.98,193.88,194.25999,5449410,0,0
2023-07-20 17:30:00,194.25,194.55,193.12,193.19009,4183300,0,0
2023-07-20 18:30:00,193.19,193.49001,192.495,192.545,5840450,0,0
2023-07-20 19:30:00,192.545,193.39999,192.52,193.14,6715292,0,0
2023-07-21 13:30:00,194.10001,194.97,192.83,192.87,13229329,0,0
2023-07-21 14:30:00,192.8613,193.81,192.81,193.595,5063006,0,0
2023-07-21 15:30:00,193.595,193.77,192.58,192.6082,5628413,0,0
2023-07-21 16:30:00,192.62469,192.72,191.96001,192.7,4075783,0,0
2023-07-21 17:30:00,192.7,193.22,192.39,192.72501,4254936,0,0
2023-07-21 18:30:00,192.73,193.03999,192.13,192.39999,3551173,0,0
2023-07-21 19:30:00,192.41,192.46001,191.23,191.92999,8490066,0,0
2023-07-24 13:30:00,193.41,194.91,192.96001,193.73,12627793,0,0
2023-07-24 14:30:00,193.7278,193.82001,192.98,193.27,4325718,0,0
2023-07-24 15:30:00,193.25999,193.4201,192.83,193.16499,8761338,0,0
2023-07-24 16:30:00,193.17999,193.25,192.89,192.98,2855093,0,0
2023-07-24 17:30:00,192.97,193.4599,192.765,193.245,3096938,0,0
2023-07-24 18:30:00,193.24249,193.25,192.35001,192.37,3938200,0,0
2023-07-24 19:30:00,192.3723,192.78999,192.25,192.735,3506994,0,0
2023-07-25 13:30:00,193.36,194.2,192.91499,193.395,7751435,0,0
2023-07-25 14:30:00,193.395,193.98,193.23,193.82001,4007676,0,0
2023-07-25 15:30:00,193.83,194.13,193.61,193.76469,3122238,0,0
2023-07-25 16:30:00,193.75,194.23,193.61501,194.2,2658117,0,0
2023-07-25 17:30:00,194.21001,194.25999,193.87,194.1212,2495488,0,0
2023-07-25 18:30:00,194.13,194.44,193.91,194.27499,5750817,0,0
2023-07-25 19:30:00,194.27,194.32001,193.60001,193.63,4388854,0,0
2023-07-26 13:30:00,193.67,194.17999,193.32001,193.98,7467392,0,0
2023-07-26 14:30:00,193.97231,194.72,193.92999,194.24001,5368084,0,0
2023-07-26 15:30:00,194.24001,194.94,194.22009,194.50999,2983508,0,0
2023-07-26 16:30:00,194.5,194.75,194.185,194.36,3052867,0,0
2023-07-26 17:30:00,194.34,194.74001,193.94,194.27,3468186,0,0
2023-07-26 18:30:00,194.25,195.64,193.66,194.215,8674836,0,0
2023-07-26 19:30:00,194.21001,194.85001,193.86,194.52,5099963,0,0
2023-07-27 13:30:00,196.02,197.2,195.82001,195.97,10214797,0,0
2023-07-27 14:30:00,195.98,196.6499,195.45,196.14,5725700,0,0
2023-07-27 15:30:00,196.14999,196.44,195.71001,196.30499,4042621,0,0
2023-07-27 16:30:00,196.308,196.42999,194.96001,195.00999,4224652,0,0
2023-07-27 17:30:00,195.0,195.1102,193.72,193.73,5380238,0,0
2023-07-27 18:30:00,193.72501,193.91,192.83,193.00999,6333315,0,0
2023-07-27 19:30:00,193.02,193.56,192.55,193.23,5973921,0,0
2023-07-28 13:30:00,194.67,196.06,194.14,195.62,10400275,0,0
2023-07-28 14:30:00,195.62,196.44791,195.31,196.2,5859115,0,0
2023-07-28 15:30:00,196.2,196.62601,196.09,196.4211,3974600,0,0
2023-07-28 16:30:00,196.42,196.4299,195.55,195.59,3638525,0,0
2023-07-28 17:30:00,195.58,196.14169,195.03,196.09019,4708664,0,0
2023-07-28 18:30:00,196.09,196.2,195.545,195.765,4068031,0,0
2023-07-28 19:30:00,195.765,196.0,195.42,195.84,5907577,0,0
2023-07-31 13:30:00,196.06,196.38,195.25999,196.24001,8917920,0,0
2023-07-31 14:30:00,196.25,196.49001,195.881,196.175,4413922,0,0
2023-07-31 15:30:00,196.19,196.37,195.77,196.1545,3557921,0,0
2023-07-31 16:30:00,196.14999,196.25,195.78,196.1299,2730653,0,0
2023-07-31 17:30:00,196.125,196.39,196.07001,196.16,2806909,0,0
2023-07-31 18:30:00,196.175,196.35001,195.935,196.0876,3009785,0,0
2023-07-31 19:30:00,196.08,196.49001,195.78999,196.49001,5194547,0,0
2023-08-01 13:30:00,196.235,196.73,195.28,195.47501,9552101,0,0
2023-08-01 14:30:00,195.48,196.17999,195.33,196.11501,4389743,0,0
2023-08-01 15:30:00,196.11,196.145,195.41,195.4973,2991657,0,0
2023-08-01 16:30:00,195.48,196.03999,195.35001,195.72951,2445951,0,0
2023-08-01 17:30:00,195.735,196.2701,195.53,196.0533,3075209,0,0
2023-08-01 18:30:00,196.05499,196.12,195.67999,195.81,2743032,0,0
2023-08-01 19:30:00,195.815,195.99001,195.5,195.60001,3929736,0,0
2023-08-02 13:30:00,195.03999,195.17999,192.95,193.2782,10753790,0,0
2023-08-02 14:30:00,193.27,193.31,192.52,193.00999,5724940,0,0
2023-08-02 15:30:00,193.0049,193.27119,191.85069,191.92999,5580357,0,0
2023-08-02 16:30:00,191.9326,193.12,191.86,192.99001,4102063,0,0
2023-08-02 17:30:00,192.99001,193.25999,192.71001,192.97,3262475,0,0
2023-08-02 18:30:00,192.97,193.03,192.25011,192.3,3971080,0,0
2023-08-02 19:30:00,192.3,192.98,192.22,192.59,5998415,0,0
2023-08-03 13:30:00,192.0,192.28,190.84,190.89,10722471,0,0
2023-08-03 14:30:00,190.895,192.37,190.85001,192.10001,6507567,0,0
2023-08-03 15:30:00,192.11,192.2,191.61,191.8264,4232707,0,0
2023-08-03 16:30:00,191.83479,192.36,191.72,191.88499,3726909,0,0
2023-08-03 17:30:00,191.88,191.96001,191.2,191.735,4770788,0,0
2023-08-03 18:30:00,191.74001,191.95,191.07001,191.16,5711558,0,0
2023-08-03 19:30:00,191.1586,191.73,190.99001,191.0099,7921604,0,0
2023-08-04 13:30:00,184.625,187.38,184.27,185.11,38359717,0,0
2023-08-04 14:30:00,185.10001,186.375,184.91,185.31,11380579,0,0
2023-08-04 15:30:00,185.315,185.78,184.92999,185.48,8214884,0,0
2023-08-04 16:30:00,185.48,185.495,184.78999,184.98,7073448,0,0
2023-08-04 17:30:00,184.98,185.17,183.17999,183.36501,12486440,0,0
2023-08-04 18:30:00,183.36501,183.55,182.07001,182.69,14200786,0,0
2023-08-04 19:30:00,182.7,182.88,181.92,182.0,11958133,0,0
2023-08-07 13:30:00,182.13,183.13,178.2101,179.035,33752946,0,0
2023-08-07 14:30:00,179.03,179.31,177.56,177.77,14922253,0,0
2023-08-07 15:30:00,177.765,178.83,177.35001,178.36501,9796158,0,0
2023-08-07 16:30:00,178.36501,178.47,177.74001,178.33501,7289263,0,0
2023-08-07 17:30:00,178.34,179.03999,178.05,178.45,7271723,0,0
2023-08-07 18:30:00,178.47,178.71001,178.22,178.4801,5824274,0,0
2023-08-07 19:30:00,178.485,179.22,178.39,178.8,10179708,0,0
2023-08-08 13:30:00,179.375,179.4657,177.58,179.17999,22189969,0,0
2023-08-08 14:30:00,179.19,179.22,177.935,178.03999,8911585,0,0
2023-08-08 15:30:00,178.03999,178.80499,177.825,178.69,5710443,0,0
2023-08-08 16:30:00,178.67999,179.48,178.58,178.8933,6004228,0,0
2023-08-08 17:30:00,178.89,179.42,178.7,179.16,4572073,0,0
2023-08-08 18:30:00,179.17,179.94,179.03999,179.81,6486734,0,0
2023-08-08 19:30:00,179.815,180.27,179.55499,179.8,8031483,0,0
2023-08-09 13:30:00,180.87,180.92999,178.14,178.69991,12630855,0,0
2023-08-09 14:30:00,178.6915,178.83501,177.00999,177.48,9507753,0,0
2023-08-09 15:30:00,177.47,178.11,177.24001,178.005,6732462,0,0
2023-08-09 16:30:00,178.0,178.77,177.99001,178.66,4980367,0,0
2023-08-09 17:30:00,178.659,179.36,178.55299,179.295,5273087,0,0
2023-08-09 18:30:00,179.295,179.59,178.78909,179.03,5760641,0,0
2023-08-09 19:30:00,179.03,179.09,177.99001,178.17999,6307783,0,0
2023-08-10 13:30:00,179.48,180.75,178.86,180.10001,12566820,0,0
2023-08-10 14:30:00,180.09801,180.42999,178.69,179.14,8648129,0,0
2023-08-10 15:30:00,179.14,179.44,177.97,178.38,6203521,0,0
2023-08-10 16:30:00,178.36,178.91991,177.8,178.045,5210753,0,0
2023-08-10 17:30:00,178.03999,178.6904,177.60001,178.23511,5437225,0,0
2023-08-10 18:30:00,178.24001,178.7,177.9034,178.22,5214615,0,0
2023-08-10 19:30:00,178.22,178.27,177.72,178.00999,5175086,0,0
2023-08-11 13:30:00,177.32001,178.62,176.55,178.27,12921445,0,0
2023-08-11 14:30:00,178.28999,178.605,177.42999,177.47,6561749,0,0
2023-08-11 15:30:00,177.47,178.095,177.28101,177.56351,4703683,0,0
2023-08-11 16:30:00,177.56,177.97,177.2001,177.905,3919050,0,0
2023-08-11 17:30:00,177.89999,178.33,177.5,178.31,4393899,0,0
2023-08-11 18:30:00,178.299,178.55,177.86011,178.10001,6497650,0,0
2023-08-11 19:30:00,178.095,178.27,177.66991,177.86,6647317,0,0
2023-08-14 13:30:00,177.97,178.86,177.30499,178.27,10812784,0,0
2023-08-14 14:30:00,178.27,179.69,178.25999,179.35001,5992774,0,0
2023-08-14 15:30:00,179.35001,179.48801,178.62,178.71449,4378348,0,0
2023-08-14 16:30:00,178.71001,179.44,178.59,179.22791,2818584,0,0
2023-08-14 17:30:00,179.23,179.35001,178.90961,179.09,3509102,0,0
2023-08-14 18:30:00,179.10001,179.145,178.7,178.965,3630382,0,0
2023-08-14 19:30:00,178.96001,179.52,178.86,179.50999,4577672,0,0
2023-08-15 13:30:00,178.88,179.48,177.53,177.8119,12703499,0,0
2023-08-15 14:30:00,177.815,178.23,177.38,178.1499,5402195,0,0
2023-08-15 15:30:00,178.145,178.44,177.85001,178.17,3458252,0,0
2023-08-15 16:30:00,178.17,178.24001,177.78101,178.1299,2516771,0,0
2023-08-15 17:30:00,178.13,178.16,177.62,177.89,2642967,0,0
2023-08-15 18:30:00,177.89999,178.235,177.27,177.285,3564304,0,0
2023-08-15 19:30:00,177.28,177.72,177.05,177.48,5373129,0,0
2023-08-16 13:30:00,177.13,178.53999,176.84,177.82001,12297530,0,0
2023-08-16 14:30:00,177.81,178.33501,177.67999,177.81,4532188,0,0
2023-08-16 15:30:00,177.8,177.91,177.30499,177.42,4343392,0,0
2023-08-16 16:30:00,177.41,177.95,177.32001,177.86501,3446585,0,0
2023-08-16 17:30:00,177.86,178.37711,177.31,178.10001,4313172,0,0
2023-08-16 18:30:00,178.10001,178.31,176.85001,177.12,5075697,0,0
2023-08-16 19:30:00,177.13,177.3092,176.5,176.55859,5360973,0,0
2023-08-17 13:30:00,177.14,177.5054,174.285,174.74001,16587675,0,0
2023-08-17 14:30:00,174.73,175.0,173.83,174.27,7807453,0,0
2023-08-17 15:30:00,174.27,175.02,174.10001,174.9514,4754168,0,0
2023-08-17 16:30:00,174.96001,175.09,174.52,174.56,4392989,0,0
2023-08-17 17:30:00,174.56,174.56,173.94501,174.25,4360074,0,0
2023-08-17 18:30:00,174.255,174.28,173.48,174.08,8816597,0,0
2023-08-17 19:30:00,174.07001,174.89,173.66,173.99001,6915442,0,0
2023-08-18 13:30:00,172.3,173.36,171.96001,172.8,14023663,1,0
2023-08-18 14:30:00,172.81,173.95,172.75999,173.46001,7390073,0,0
2023-08-18 15:30:00,173.46001,174.44,173.28101,173.82001,5467243,0,0
2023-08-18 16:30:00,173.82001,174.36501,173.8,174.27499,5780233,0,0
2023-08-18 17:30:00,174.27499,174.74989,174.125,174.55,4439646,0,0
2023-08-18 18:30:00,174.535,174.88,174.095,174.495,4570049,0,0
2023-08-18 19:30:00,174.49001,175.10001,174.14999,174.49001,6239136,0,0
2023-08-21 13:30:00,175.07001,175.57001,173.95,174.02,10340812,0,0
2023-08-21 14:30:00,174.03,174.62,173.735,173.99001,5144557,0,0
2023-08-21 15:30:00,173.99001,174.82001,173.86011,174.77499,3779769,0,0
2023-08-21 16:30:00,174.78,175.52499,174.67999,175.36,4332537,0,0
2023-08-21 17:30:00,175.3573,175.75,175.12,175.53999,3394041,0,0
2023-08-21 18:30:00,175.55,175.9782,175.4729,175.74001,3913477,0,0
2023-08-21 19:30:00,175.74001,176.13,175.64,175.8,4636842,0,0
2023-08-22 13:30:00,177.06,177.09,176.25,176.92999,8840402,0,0
2023-08-22 14:30:00,176.9229,177.42999,176.25999,177.215,6823573,0,0
2023-08-22 15:30:00,177.23,177.32001,176.27,176.8141,4127719,0,0
2023-08-22 16:30:00,176.83,177.3799,176.77,177.13,4129353,0,0
2023-08-22 17:30:00,177.13,177.255,176.8031,177.21001,3198271,0,0
2023-08-22 18:30:00,177.215,177.67999,177.02,177.31,4195297,0,0
2023-08-22 19:30:00,177.31,177.46001,177.08,177.22,4830774,0,0
2023-08-23 13:30:00,178.52,180.39,178.325,180.105,13320694,0,0
2023-08-23 14:30:00,180.11,181.3311,180.07001,181.14999,7973399,0,0
2023-08-23 15:30:00,181.14999,181.31,180.63,180.73,5073177,0,0
2023-08-23 16:30:00,180.73,181.28999,180.63,181.24001,3589783,0,0
2023-08-23 17:30:00,181.2321,181.55,180.89059,181.06,4297276,0,0
2023-08-23 18:30:00,181.06911,181.53999,180.8,181.535,4033888,0,0
2023-08-23 19:30:00,181.535,181.53999,181.0,181.14,5637981,0,0
2023-08-24 13:30:00,180.674,181.104,178.39,178.40199,11377763,0,0
2023-08-24 14:30:00,178.4099,178.45621,177.64999,178.125,7199973,0,0
2023-08-24 15:30:00,178.12,178.3,177.5,178.05991,4445092,0,0
2023-08-24 16:30:00,178.05,178.31,177.6806,177.74001,2987748,0,0
2023-08-24 17:30:00,177.73,177.92999,177.42999,177.524,3324350,0,0
2023-08-24 18:30:00,177.52,177.64,176.8,176.82001,5186796,0,0
2023-08-24 19:30:00,176.82001,176.89,176.00999,176.33,7256991,0,0
2023-08-25 13:30:00,177.38,178.63,176.82001,177.00999,9715105,0,0
2023-08-25 14:30:00,177.015,177.41,175.8201,177.36,7441082,0,0
2023-08-25 15:30:00,177.36,177.77,176.55,177.75,4074608,0,0
2023-08-25 16:30:00,177.75,177.84,177.09,177.3999,3100211,0,0
2023-08-25 17:30:00,177.38,178.49001,176.94,178.45,3646868,0,0
2023-08-25 18:30:00,178.46001,179.14,178.13,179.125,5163636,0,0
2023-08-25 19:30:00,179.12241,179.14999,178.44,178.60001,6092552,0,0
2023-08-28 13:30:00,180.09,180.2,178.78999,179.78999,8960343,0,0
2023-08-28 14:30:00,179.8,179.8,178.67999,178.7782,4693449,0,0
2023-08-28 15:30:00,178.77,179.11501,178.545,178.81,3748464,0,0
2023-08-28 16:30:00,178.82001,180.13989,178.75,179.955,3845609,0,0
2023-08-28 17:30:00,179.96001,180.0899,179.1384,179.5394,3839420,0,0
2023-08-28 18:30:00,179.55,180.00999,179.35001,179.905,3598477,0,0
2023-08-28 19:30:00,179.89,180.59,179.80499,180.21001,5793020,0,0
2023-08-29 13:30:00,179.69501,182.57001,179.5,182.39999,10483972,0,0
2023-08-29 14:30:00,182.41,183.12,182.21001,183.03,6426605,0,0
2023-08-29 15:30:00,183.03,183.59,183.00999,183.58501,5387501,0,0
2023-08-29 16:30:00,183.58501,183.8101,183.39011,183.74001,4098578,0,0
2023-08-29 17:30:00,183.74001,184.37,183.49001,184.33009,5136291,0,0
2023-08-29 18:30:00,184.33,184.8475,184.1801,184.815,5827045,0,0
2023-08-29 19:30:00,184.815,184.89999,183.86,184.12,8705645,0,0
2023-08-30 13:30:00,184.94,187.67,184.74001,186.185,19124821,0,0
2023-08-30 14:30:00,186.19,186.8,186.13,186.63,6789360,0,0
2023-08-30 15:30:00,186.63,187.49001,186.61,187.42999,5270270,0,0
2023-08-30 16:30:00,187.44,187.77,187.2,187.2901,4476042,0,0
2023-08-30 17:30:00,187.3,187.59,186.64999,186.85001,5268054,0,0
2023-08-30 18:30:00,186.85001,187.67999,186.78,187.38499,5148496,0,0
2023-08-30 19:30:00,187.39,187.78999,187.32001,187.67,7064215,0,0
2023-08-31 13:30:00,187.84,188.5099,187.64999,188.33,9863175,0,0
2023-08-31 14:30:00,188.34,188.75999,188.11501,188.49001,5013288,0,0
2023-08-31 15:30:00,188.485,188.6481,187.78,187.98,4094095,0,0
2023-08-31 16:30:00,187.98,188.17,187.48,188.14,4773378,0,0
2023-08-31 17:30:00,188.14,188.67999,187.8298,188.595,3665165,0,0
2023-08-31 18:30:00,188.595,189.06,188.41499,188.9101,5624889,0,0
2023-08-31 19:30:00,188.92,189.12,187.75,187.87,9079211,0,0
2023-09-01 13:30:00,189.485,189.92,188.28,189.28,12242102,0,0
2023-09-01 14:30:00,189.27,189.28,188.311,188.66,5217747,0,0
2023-09-01 15:30:00,188.67999,189.21001,188.36011,189.11501,4230174,0,0
2023-09-01 16:30:00,189.11,189.32001,188.84,189.0,3233746,0,0
2023-09-01 17:30:00,188.99001,189.22501,188.63,188.72009,3052530,0,0
2023-09-01 18:30:00,188.72,189.08,188.52,189.05,3627574,0,0
2023-09-01 19:30:00,189.05,189.53999,188.94,189.47,4793086,0,0
2023-09-05 13:30:00,188.28,189.07001,187.61,188.67,13565557,0,0
2023-09-05 14:30:00,188.66499,189.61,188.28999,189.14999,7398289,0,0
2023-09-05 15:30:00,189.16499,189.75999,188.98,189.5873,3666857,0,0
2023-09-05 16:30:00,189.59,189.81,189.19501,189.23,3751400,0,0
2023-09-05 17:30:00,189.23,189.88,189.16,189.84,2548172,0,0
2023-09-05 18:30:00,189.845,189.95,189.47,189.54781,3515932,0,0
2023-09-05 19:30:00,189.545,189.98,189.52,189.69,4426456,0,0
2023-09-06 13:30:00,188.52,188.735,183.92999,184.17,21161767,0,0
2023-09-06 14:30:00,184.14999,184.64999,183.53,184.02,9791448,0,0
2023-09-06 15:30:00,184.03,184.32001,183.16,183.2104,7041474,0,0
2023-09-06 16:30:00,183.21001,183.42,182.77,182.91541,6669291,0,0
2023-09-06 17:30:00,182.91,183.17,182.13,182.63429,6995038,0,0
2023-09-06 18:30:00,182.63499,182.89999,181.47,181.52,9282024,0,0
2023-09-06 19:30:00,181.53,183.02,181.49001,182.89,11908074,0,0
2023-09-07 13:30:00,175.17999,177.745,173.67999,176.25,50156446,0,0
2023-09-07 14:30:00,176.09,178.21001,175.73,177.33,14689024,0,0
2023-09-07 15:30:00,177.17999,177.71001,176.64999,177.25999,9404100,0,0
2023-09-07 16:30:00,177.25,177.67999,175.95,176.5815,7789750,0,0
2023-09-07 17:30:00,176.59,177.14999,176.283,176.52499,7294225,0,0
2023-09-07 18:30:00,176.52,177.46001,176.49001,177.46001,7666558,0,0
2023-09-07 19:30:00,177.46899,178.14,177.44,177.56,10212878,0,0
2023-09-08 13:30:00,178.35001,180.239,178.33,179.52499,18853527,0,0
2023-09-08 14:30:00,179.53,179.88,178.7,179.8118,9907577,0,0
2023-09-08 15:30:00,179.82001,180.2,179.28,179.55499,6904523,0,0
2023-09-08 16:30:00,179.55,179.795,179.21001,179.58501,4543261,0,0
2023-09-08 17:30:00,179.59,179.91,178.7401,178.8802,5928016,0,0
2023-09-08 18:30:00,178.88499,179.05499,177.81,177.94501,7905873,0,0
2023-09-08 19:30:00,177.94,178.34,177.78999,178.19,6222769,0,0
2023-09-11 13:30:00,180.0677,180.3,177.39999,177.89,17201633,0,0
2023-09-11 14:30:00,177.89999,178.95,177.34,178.75,7908531,0,0
2023-09-11 15:30:00,178.75,178.86,178.2101,178.685,5391092,0,0
2023-09-11 16:30:00,178.6891,179.3024,178.33,179.265,4906207,0,0
2023-09-11 17:30:00,179.27,179.55,179.00999,179.515,4669579,0,0
2023-09-11 18:30:00,179.515,179.92999,179.36,179.69501,5243855,0,0
2023-09-11 19:30:00,179.7,179.95,179.16,179.38,6113050,0,0
2023-09-12 13:30:00,179.49001,180.13,177.46001,177.55,14031054,0,0
2023-09-12 14:30:00,177.55,177.78,176.23,176.7,11493163,0,0
2023-09-12 15:30:00,176.71201,177.18021,176.52,176.605,7173805,0,0
2023-09-12 16:30:00,176.61,177.87,176.395,177.5699,7438948,0,0
2023-09-12 17:30:00,177.57001,177.8501,174.82001,176.10001,20649861,0,0
2023-09-12 18:30:00,176.11,176.75,175.0004,175.72,12509398,0,0
2023-09-12 19:30:00,175.72,176.46001,175.4901,176.31,9412994,0,0
2023-09-13 13:30:00,176.50999,177.3,174.07001,175.18961,21766845,0,0
2023-09-13 14:30:00,175.19,175.5,174.67,175.21651,12089444,0,0
2023-09-13 15:30:00,175.2,176.22,174.87,175.72,8289492,0,0
2023-09-13 16:30:00,175.73,175.77,175.25999,175.3213,5648279,0,0
2023-09-13 17:30:00,175.33,175.5,174.75,174.84,5865480,0,0
2023-09-13 18:30:00,174.84,175.19,174.36,175.06,8235325,0,0
2023-09-13 19:30:00,175.065,175.1994,173.98,174.16,11235045,0,0
2023-09-14 13:30:00,174.0,175.63,173.58,174.81,15837677,0,0
2023-09-14 14:30:00,174.81,175.75999,174.81,175.39,8766723,0,0
2023-09-14 15:30:00,175.39,176.0,174.83,175.52,5558002,0,0
2023-09-14 16:30:00,175.50999,175.97,175.02,175.7946,5541936,0,0
2023-09-14 17:30:00,175.8,176.03999,175.3,175.37,5192134,0,0
2023-09-14 18:30:00,175.36501,176.10001,175.31,175.67,5358361,0,0
2023-09-14 19:30:00,175.67,175.86,175.56,175.67999,5327480,0,0
2023-09-15 13:30:00,175.85001,176.06,174.55,175.16,28875723,0,0
2023-09-15 14:30:00,175.14999,175.38,174.52499,174.86571,8301989,0,0
2023-09-15 15:30:00,174.86,175.14999,174.59,174.74001,5925317,0,0
2023-09-15 16:30:00,174.73,175.03999,174.00999,174.08,5505065,0,0
2023-09-15 17:30:00,174.07001,174.63,173.82001,174.245,6242467,1,0
2023-09-15 18:30:00,174.24001,174.8,174.1387,174.765,6186199,0,0
2023-09-15 19:30:00,174.77,175.12,174.63,174.96001,9404404,0,0
2023-09-18 13:30:00,176.48,178.98,176.17,177.0219,22986329,0,0
2023-09-18 14:30:00,177.03191,177.84,176.44,177.81,7649414,0,0
2023-09-18 15:30:00,177.8,178.64999,177.745,178.545,5913851,0,0
2023-09-18 16:30:00,178.545,179.21001,178.545,179.11501,6522049,0,0
2023-09-18 17:30:00,179.12,179.38,178.87,178.96001,4692584,0,0
2023-09-18 18:30:00,178.965,179.07001,178.27,178.4191,5151407,0,0
2023-09-18 19:30:00,178.41499,178.41499,177.77499,177.98,6221950,0,0
2023-09-19 13:30:00,177.52,178.67,177.13,177.75999,13717340,0,0
2023-09-19 14:30:00,177.77,177.77,177.14999,177.58501,4986178,0,0
2023-09-19 15:30:00,177.58,178.2,177.5,178.13499,4831585,0,0
2023-09-19 16:30:00,178.14,178.58,177.78,178.58,4485361,0,0
2023-09-19 17:30:00,178.58,179.39,178.57001,179.13499,5953775,0,0
2023-09-19 18:30:00,179.13,179.63,178.74001,179.105,5357277,0,0
2023-09-19 19:30:00,179.10001,179.44,178.92999,179.09,4759565,0,0
2023-09-20 13:30:00,179.25999,179.69501,177.25999,177.58,11888750,0,0
2023-09-20 14:30:00,177.59,178.02,176.86,176.985,6443832,0,0
2023-09-20 15:30:00,176.985,177.64,176.94501,177.64,3895126,0,0
2023-09-20 16:30:00,177.64999,177.75999,177.31,177.5,2860366,0,0
2023-09-20 17:30:00,177.5,177.7951,176.58,177.17,7442547,0,0
2023-09-20 18:30:00,177.17,177.78,176.34,176.75999,7722325,0,0
2023-09-20 19:30:00,176.77,176.83,175.39999,175.49001,8164723,0,0
2023-09-21 13:30:00,175.17,176.06,174.59,175.3952,16014441,0,0
2023-09-21 14:30:00,175.3947,176.3,174.82001,174.92,6964271,0,0
2023-09-21 15:30:00,174.92,175.7,174.83,175.11501,7618030,0,0
2023-09-21 16:30:00,175.11,175.495,174.86,175.31,5142611,0,0
2023-09-21 17:30:00,175.3101,175.53999,174.63,174.66,4725875,0,0
2023-09-21 18:30:00,174.66,175.0,174.22,174.27,5655405,0,0
2023-09-21 19:30:00,174.265,174.545,173.86,173.92999,7023086,0,0
2023-09-22 13:30:00,174.67,175.39,174.05,175.2758,10497072,0,0
2023-09-22 14:30:00,175.28999,176.62,175.28239,176.38,8923173,0,0
2023-09-22 15:30:00,176.38,176.75,175.94,176.61,5882339,0,0
2023-09-22 16:30:00,176.62,177.07899,175.58,175.7,6590040,0,1
2023-09-22 17:30:00,175.67999,175.67999,174.96001,175.13,5107772,0,0
2023-09-22 18:30:00,175.12,175.99001,174.81,175.69,5389547,0,0
2023-09-22 19:30:00,175.685,175.785,174.62,174.74001,6325268,0,0
2023-09-25 13:30:00,174.2,175.55,174.14999,174.47,10347795,0,0
2023-09-25 14:30:00,174.46001,176.53999,174.37,176.27,6689826,0,0
2023-09-25 15:30:00,176.28799,176.97,175.88,176.88,5521525,0,0
2023-09-25 16:30:00,176.88499,176.91,176.03999,176.13,4345407,0,0
2023-09-25 17:30:00,176.14999,176.3676,175.67999,175.77499,4024629,0,0
2023-09-25 18:30:00,175.7701,176.129,174.97,175.6105,5480996,0,0
2023-09-25 19:30:00,175.61,176.14999,175.37,176.09,4708932,0,0
2023-09-26 13:30:00,174.82001,175.2,172.48,173.10001,15789905,0,0
2023-09-26 14:30:00,173.09,173.64999,172.41499,172.57001,7904418,0,0
2023-09-26 15:30:00,172.58,173.19,172.52,173.00999,5378958,0,0
2023-09-26 16:30:00,173.00999,173.53,172.845,172.845,4194456,0,0
2023-09-26 17:30:00,172.855,173.005,172.22,172.3002,5275716,0,0
2023-09-26 18:30:00,172.30499,172.44,171.66,171.74001,7371366,0,0
2023-09-26 19:30:00,171.74001,172.33,171.72,171.89999,8556952,0,0
2023-09-27 13:30:00,172.62,173.03999,170.31,171.27,14619741,0,0
2023-09-27 14:30:00,171.25,171.48,170.27,170.97501,6917499,0,0
2023-09-27 15:30:00,170.98,171.08,169.64,169.84,6897103,0,0
2023-09-27 16:30:00,169.85001,170.2,169.28999,169.3,6176660,0,0
2023-09-27 17:30:00,169.2999,170.10001,169.05,170.07001,5755630,0,0
2023-09-27 18:30:00,170.065,170.96001,170.03,170.16,8680644,0,0
2023-09-27 19:30:00,170.16,170.48,169.75999,170.42999,8671175,0,0
2023-09-28 13:30:00,169.34,170.00999,167.62,169.13,15189658,0,0
2023-09-28 14:30:00,169.14,170.67999,168.69,170.5,8618775,0,0
2023-09-28 15:30:00,170.5,172.03,170.47079,171.89,7088514,0,0
2023-09-28 16:30:00,171.89,171.91499,170.86,170.89,4825213,0,0
2023-09-28 17:30:00,170.882,171.16499,170.42999,171.13,4681956,0,0
2023-09-28 18:30:00,171.13499,171.67999,170.31,171.58,4835316,0,0
2023-09-28 19:30:00,171.58,171.64,170.44,170.69,5724842,0,0
2023-09-29 13:30:00,172.02,173.07001,171.77,172.25,11049307,0,0
2023-09-29 14:30:00,172.27,172.77,172.02,172.06,5432567,0,0
2023-09-29 15:30:00,172.06,172.09,171.53011,171.83501,4016836,0,0
2023-09-29 16:30:00,171.84,171.92999,170.73,171.23,3723090,0,0
2023-09-29 17:30:00,171.23,171.3,170.38,170.53999,3930145,0,0
2023-09-29 18:30:00,170.545,171.71001,170.341,171.2899,5505006,0,0
2023-09-29 19:30:00,171.28,171.92,170.75999,171.22,6445307,0,0
2023-10-02 13:30:00,171.22,174.03999,170.92999,173.33,12402556,0,0
2023-10-02 14:30:00,173.35001,174.3,172.84,174.1046,6937293,0,0
2023-10-02 15:30:00,174.12,174.21001,172.82001,173.35001,5325939,0,0
2023-10-02 16:30:00,173.36,173.47,172.73,173.31,3752202,0,0
2023-10-02 17:30:00,173.31,173.71001,172.77,172.7899,4113658,0,0
2023-10-02 18:30:00,172.782,173.21001,172.533,173.0,4726767,0,0
2023-10-02 19:30:00,173.0,173.78,172.75,173.75,6420476,0,0
2023-10-03 13:30:00,172.255,173.63,170.82001,171.1718,11761888,0,0
2023-10-03 14:30:00,171.17999,171.985,171.07001,171.63,6743872,0,0
2023-10-03 15:30:00,171.64,172.36501,171.36,172.26401,4492914,0,0
2023-10-03 16:30:00,172.28,172.80499,171.9649,172.0018,4727540,0,0
2023-10-03 17:30:00,172.00999,172.13,171.55099,171.85001,3774205,0,0
2023-10-03 18:30:00,171.85001,172.39999,171.78999,171.86,4821504,0,0
2023-10-03 19:30:00,171.855,172.52,171.78,172.46001,6252137,0,0
2023-10-04 13:30:00,171.09,172.74001,170.97,172.39,13074765,0,0
2023-10-04 14:30:00,172.395,173.49001,172.13,172.86,8441652,0,0
2023-10-04 15:30:00,172.86,173.28999,172.5,173.17,4452327,0,0
2023-10-04 16:30:00,173.17,173.25999,172.645,172.67999,3158072,0,0
2023-10-04 17:30:00,172.67999,172.92,172.35001,172.74001,3835275,0,0
2023-10-04 18:30:00,172.74001,173.815,172.61,173.7699,5119455,0,0
2023-10-04 19:30:00,173.77,174.21001,173.37,173.64,7816168,0,0
2023-10-05 13:30:00,173.78999,174.408,173.07001,173.69,9578634,0,0
2023-10-05 14:30:00,173.69,173.7562,172.67999,173.60001,6597067,0,0
2023-10-05 15:30:00,173.605,174.03,173.265,173.97,5261407,0,0
2023-10-05 16:30:00,173.9601,174.16,173.62,174.1582,4292030,0,0
2023-10-05 17:30:00,174.14999,175.2,173.96001,174.9599,6318028,0,0
2023-10-05 18:30:00,174.95,175.45,174.87,175.12,4890794,0,0
2023-10-05 19:30:00,175.12,175.22,174.84,174.98,4853082,0,0
2023-10-06 13:30:00,173.8,175.06,173.17999,174.81,11096512,0,0
2023-10-06 14:30:00,174.8,175.7244,174.73,175.45,8065283,0,0
2023-10-06 15:30:00,175.45,177.05,175.42999,176.6701,7166594,0,0
2023-10-06 16:30:00,176.67999,177.36,176.45,177.16,5056666,0,0
2023-10-06 17:30:00,177.17,177.53999,177.10001,177.5291,4054867,0,0
2023-10-06 18:30:00,177.53,177.955,177.42,177.94,5634496,0,0
2023-10-06 19:30:00,177.935,177.99001,177.39999,177.49001,7319309,0,0
2023-10-09 13:30:00,176.81,177.36,175.8,176.87,9359311,0,0
2023-10-09 14:30:00,176.87,177.125,176.19,177.08501,5008572,0,0
2023-10-09 15:30:00,177.075,178.07001,176.87,177.61,4765690,0,0
2023-10-09 16:30:00,177.60001,177.97,177.435,177.95,2606059,0,0
2023-10-09 17:30:00,177.96001,178.97,177.94,178.84,5257785,0,0
2023-10-09 18:30:00,178.845,179.05,178.42,178.89999,5031854,0,0
2023-10-09 19:30:00,178.89999,179.05,178.66499,178.99001,5217876,0,0
2023-10-10 13:30:00,178.10001,179.31,178.10001,179.1851,9164127,0,0
2023-10-10 14:30:00,179.19099,179.67999,179.03999,179.48,5374796,0,0
2023-10-10 15:30:00,179.485,179.72,179.34,179.61011,3098344,0,0
2023-10-10 16:30:00,179.62,179.69,178.14,178.45,4901581,0,0
2023-10-10 17:30:00,178.46001,178.5759,177.95,178.17,4369971,0,0
2023-10-10 18:30:00,178.19,178.9099,177.96001,178.78999,4901034,0,0
2023-10-10 19:30:00,178.78999,178.8,178.12,178.41,5623523,0,0
2023-10-11 13:30:00,178.2,178.9576,177.60001,178.28,9911043,0,0
2023-10-11 14:30:00,178.28,179.32001,178.131,178.5883,6752681,0,0
2023-10-11 15:30:00,178.59,178.95,178.36501,178.5701,3901012,0,0
2023-10-11 16:30:00,178.58,178.742,178.27,178.5907,3560007,0,0
2023-10-11 17:30:00,178.59,179.38,178.36,178.95,3720449,0,0
2023-10-11 18:30:00,178.95,179.28999,178.89999,179.17,5572352,0,0
2023-10-11 19:30:00,179.17,179.85001,179.14,179.75,6056858,0,0
2023-10-12 13:30:00,180.07001,182.1499,179.84,181.72,13432759,0,0
2023-10-12 14:30:00,181.73,182.34,181.46001,181.77,8055060,0,0
2023-10-12 15:30:00,181.765,182.28999,181.50999,182.27,5426017,0,0
2023-10-12 16:30:00,182.28,182.28,180.33,180.3549,5641539,0,0
2023-10-12 17:30:00,180.34,180.63,179.03999,179.64,6607337,0,0
2023-10-12 18:30:00,179.63499,180.48,179.49001,180.39999,4772922,0,0
2023-10-12 19:30:00,180.39999,180.815,180.39,180.71001,5779961,0,0
2023-10-13 13:30:00,181.42,181.92999,180.36,180.53,9761566,0,0
2023-10-13 14:30:00,180.52,180.765,178.95,179.19,6768178,0,0
2023-10-13 15:30:00,179.19,179.3625,178.47,179.255,5900854,0,0
2023-10-13 16:30:00,179.25999,179.47,178.22,178.25999,4418100,0,0
2023-10-13 17:30:00,178.261,179.31,178.14,179.24001,5205186,0,0
2023-10-13 18:30:00,179.245,179.74001,178.85001,178.935,5632908,0,0
2023-10-13 19:30:00,178.94,179.09,178.52,178.87,5735444,0,0
2023-10-16 13:30:00,176.75,178.5475,176.50999,178.44501,13920394,0,0
2023-10-16 14:30:00,178.444,179.075,178.295,178.509,7597187,0,0
2023-10-16 15:30:00,178.52,178.69,177.625,177.82001,4772017,0,0
2023-10-16 16:30:00,177.83,177.94,176.85001,177.465,5480319,0,0
2023-10-16 17:30:00,177.47,178.3546,177.4301,178.13,4678814,0,0
2023-10-16 18:30:00,178.125,178.82001,177.89999,178.78999,4680497,0,0
2023-10-16 19:30:00,178.78999,179.0,178.39999,178.675,6982113,0,0
2023-10-17 13:30:00,176.645,176.99001,174.8,176.45,15753761,0,0
2023-10-17 14:30:00,176.45,177.25,176.32001,177.09,8139131,0,0
2023-10-17 15:30:00,177.08,178.31,177.08,178.22501,5332952,0,0
2023-10-17 16:30:00,178.23,178.42,177.66,177.6678,4501217,0,0
2023-10-17 17:30:00,177.661,177.83,176.95,177.09891,5642528,0,0
2023-10-17 18:30:00,177.09,177.34,176.36501,176.77,6304509,0,0
2023-10-17 19:30:00,176.78,177.3,176.44501,177.14,6288297,0,0
2023-10-18 13:30:00,175.58,177.575,175.42,176.62,11694290,0,0
2023-10-18 14:30:00,176.605,177.12,175.755,176.73,7751259,0,0
2023-10-18 15:30:00,176.73,177.53,176.6301,176.82001,5348489,0,0
2023-10-18 16:30:00,176.82001,177.37,176.22501,177.12,5355115,0,0
2023-10-18 17:30:00,177.12,177.13,176.22,176.69501,4533374,0,0
2023-10-18 18:30:00,176.685,176.91499,175.78,175.8799,5250110,0,0
2023-10-18 19:30:00,175.88,176.09,175.11,175.78101,6442293,0,0
2023-10-19 13:30:00,176.03999,177.33,175.845,176.21001,11060282,0,0
2023-10-19 14:30:00,176.21001,176.87,175.63499,176.24989,6273547,0,0
2023-10-19 15:30:00,176.25,177.76199,176.10001,176.67999,9335959,0,0
2023-10-19 16:30:00,176.69,177.84,175.46001,177.48,7557915,0,0
2023-10-19 17:30:00,177.5099,177.83,176.50999,176.59,5201089,0,0
2023-10-19 18:30:00,176.59,176.59,175.52,175.74001,7026256,0,0
2023-10-19 19:30:00,175.73,176.06,175.19,175.45,5577054,0,0
2023-10-20 13:30:00,175.31,175.42,174.07001,174.24001,13576409,0,0
2023-10-20 14:30:00,174.24001,174.25999,172.64,172.8699,9848621,0,0
2023-10-20 15:30:00,172.88,173.84,172.67,173.56,6364462,0,0
2023-10-20 16:30:00,173.57001,174.72,173.56,174.17999,6019902,0,0
2023-10-20 17:30:00,174.185,174.39,173.46001,173.58,4406928,0,0
2023-10-20 18:30:00,173.56,173.86,173.125,173.38,5284310,0,0
2023-10-20 19:30:00,173.37,173.49001,172.8,172.84,6815706,0,0
2023-10-23 13:30:00,171.59,171.91,169.92999,171.59,15939825,1,0
2023-10-23 14:30:00,171.59,172.91029,171.17,172.81,6828633,0,0
2023-10-23 15:30:00,172.81,172.985,172.28,172.84,5567383,0,0
2023-10-23 16:30:00,172.86,173.64,172.64,173.31,4597769,0,0
2023-10-23 17:30:00,173.31,174.00999,173.13901,173.38,4849773,0,0
2023-10-23 18:30:00,173.39,173.72501,173.08501,173.133,5131178,0,0
2023-10-23 19:30:00,173.145,173.25999,172.75999,172.96001,5236992,0,0
2023-10-24 13:30:00,173.05,173.31,171.81,172.83,10973848,0,0
2023-10-24 14:30:00,172.82491,172.89,172.13,172.30499,5390228,0,0
2023-10-24 15:30:00,172.31,173.02,171.9828,172.08,4403856,0,0
2023-10-24 16:30:00,172.10001,172.2,171.45,172.19,3752978,0,0
2023-10-24 17:30:00,172.19991,172.75999,171.92,172.75999,3410631,0,0
2023-10-24 18:30:00,172.75,173.67,172.67999,173.58501,5963929,0,0
2023-10-24 19:30:00,173.58501,173.66499,173.23,173.39,4601374,0,0
2023-10-25 13:30:00,171.88,172.24001,170.83,172.13,11042020,0,0
2023-10-25 14:30:00,172.13,173.06,171.88,172.44501,7738217,0,0
2023-10-25 15:30:00,172.44501,172.60001,171.53999,171.765,4440866,0,0
2023-10-25 16:30:00,171.75999,172.05,171.06,171.145,5032990,0,0
2023-10-25 17:30:00,171.14,171.6198,170.77,171.42,5060830,0,0
2023-10-25 18:30:00,171.42999,171.53999,170.64999,171.175,4546917,0,0
2023-10-25 19:30:00,171.1778,171.42999,170.86,171.09,6991582,0,0
2023-10-26 13:30:00,170.37,171.3775,168.13,168.66,13990133,0,0
2023-10-26 14:30:00,168.64999,168.95,166.84,166.9496,10641541,0,0
2023-10-26 15:30:00,166.94501,167.53,165.97,166.29739,8539868,0,0
2023-10-26 16:30:00,166.28999,166.7,165.72,165.95,5923516,0,0
2023-10-26 17:30:00,165.95,167.3829,165.67,167.17999,6261731,1,0
2023-10-26 18:30:00,167.17,167.94,166.89999,167.3143,6614410,0,0
2023-10-26 19:30:00,167.31,167.44,166.375,166.75999,8082422,0,0
2023-10-27 13:30:00,166.91,168.77,166.19,168.16,13125053,0,0
2023-10-27 14:30:00,168.16,168.96001,167.39,168.735,6386633,0,0
2023-10-27 15:30:00,168.75,168.8181,167.52,167.75999,3987468,0,0
2023-10-27 16:30:00,167.77,167.9631,166.83,167.19,4730969,0,0
2023-10-27 17:30:00,167.17999,167.98,166.92999,167.69501,6106335,0,0
2023-10-27 18:30:00,167.7,168.24001,167.45,167.99001,6000178,0,0
2023-10-27 19:30:00,167.99001,168.34,167.49001,168.285,6380136,0,0
2023-10-30 13:30:00,169.02,171.17,168.87,169.375,12638771,0,0
2023-10-30 14:30:00,169.3799,170.2,169.21001,169.67,6708135,0,0
2023-10-30 15:30:00,169.67,170.16,169.41,169.46609,3744068,0,0
2023-10-30 16:30:00,169.465,170.05,169.05,169.91991,4478492,0,0
2023-10-30 17:30:00,169.92,170.49001,169.88,170.36,4232265,0,0
2023-10-30 18:30:00,170.35001,170.82001,169.84019,169.855,6108045,0,0
2023-10-30 19:30:00,169.85001,170.48,169.845,170.24001,5989283,0,0
2023-10-31 13:30:00,169.35001,169.55,167.89999,169.13,9517172,0,0
2023-10-31 14:30:00,169.14999,169.87,168.75,169.23,5158750,0,0
2023-10-31 15:30:00,169.23,169.78999,168.845,169.55,4428156,0,0
2023-10-31 16:30:00,169.55,170.295,169.27,170.282,3963511,0,0
2023-10-31 17:30:00,170.28999,170.75,169.95,169.96001,4291573,0,0
2023-10-31 18:30:00,169.94,170.77,169.931,170.645,3549907,0,0
2023-10-31 19:30:00,170.64,170.89999,170.38,170.78999,4801321,0,0
2023-11-01 13:30:00,171.0,171.97,170.13,171.84,10300794,0,0
2023-11-01 14:30:00,171.83,172.08,171.0,171.42999,6768770,0,0
2023-11-01 15:30:00,171.42999,172.0,171.19501,171.89999,3513854,0,0
2023-11-01 16:30:00,171.905,172.37849,171.63,172.162,3737051,0,0
2023-11-01 17:30:00,172.14999,172.71001,171.91,172.61,4969733,0,0
2023-11-01 18:30:00,172.625,174.17,172.10001,173.91,9807734,0,0
2023-11-01 19:30:00,173.91,174.23,173.62,173.91,7383247,0,0
2023-11-02 13:30:00,175.52,177.09,175.46001,176.87,12660603,0,0
2023-11-02 14:30:00,176.88,177.66,176.62,176.774,9566990,0,0
2023-11-02 15:30:00,176.77,177.10001,176.41,176.98,6002941,0,0
2023-11-02 16:30:00,176.98,177.315,176.78,177.088,5823586,0,0
2023-11-02 17:30:00,177.08,177.61,177.08,177.31,5633333,0,0
2023-11-02 18:30:00,177.30209,177.72,177.19,177.23,7714957,0,0
2023-11-02 19:30:00,177.235,177.78,177.17,177.78,9466400,0,0
2023-11-03 13:30:00,174.24001,176.39999,173.35001,174.71001,28550758,0,0
2023-11-03 14:30:00,174.7,175.94,174.66,174.8,9711814,0,0
2023-11-03 15:30:00,174.8,176.49001,174.60001,176.34,7570993,0,0
2023-11-03 16:30:00,176.35001,176.45,174.27,175.7679,5533801,0,0
2023-11-03 17:30:00,175.7617,175.89,175.07001,175.7899,6023082,0,0
2023-11-03 18:30:00,175.78,176.4675,175.67999,176.0401,6461456,0,0
2023-11-03 19:30:00,176.03999,176.82001,175.95,176.63,7080006,0,0
2023-11-06 14:30:00,176.38,178.86,176.21001,178.25999,19458592,0,0
2023-11-06 15:30:00,178.25999,179.42999,178.21001,179.09,8179075,0,0
2023-11-06 16:30:00,179.09,179.39,178.71001,178.88989,5026147,0,0
2023-11-06 17:30:00,178.88499,179.06,178.00999,178.33,4910582,0,0
2023-11-06 18:30:00,178.325,178.765,178.02,178.7599,4555749,0,0
2023-11-06 19:30:00,178.75,179.32001,178.67999,179.10001,5205707,0,0
2023-11-06 20:30:00,179.11,179.33,178.7,179.28999,6666486,0,0
2023-11-07 14:30:00,179.17999,180.82001,178.98,180.71001,16663471,0,0
2023-11-07 15:30:00,180.69501,181.595,180.53,181.455,8413164,0,0
2023-11-07 16:30:00,181.455,181.64,180.52,181.175,7493420,0,0
2023-11-07 17:30:00,181.175,182.16,180.935,182.015,6208182,0,0
2023-11-07 18:30:00,182.01849,182.44,181.92999,182.3409,5219872,0,0
2023-11-07 19:30:00,182.35001,182.42999,181.89999,182.1983,5513486,0,0
2023-11-07 20:30:00,182.19501,182.34,181.55,181.88,8142789,0,0
2023-11-08 14:30:00,182.35001,183.45,182.17999,182.4985,13792847,0,0
2023-11-08 15:30:00,182.49001,182.985,182.0,182.14999,6325309,0,0
2023-11-08 16:30:00,182.14999,182.655,181.59,181.89,5030995,0,0
2023-11-08 17:30:00,181.89999,182.58,181.74001,182.50999,4014911,0,0
2023-11-08 18:30:00,182.50999,182.89,182.46001,182.77499,3100003,0,0
2023-11-08 19:30:00,182.78,182.85001,182.37,182.785,4758437,0,0
2023-11-08 20:30:00,182.78999,183.00999,182.6225,182.89,5331712,0,0
2023-11-09 14:30:00,182.95,183.55,182.60001,182.63,9703743,0,0
2023-11-09 15:30:00,182.63499,183.97971,182.48,183.535,6860479,0,0
2023-11-09 16:30:00,183.53999,184.11501,183.481,183.57001,5025268,0,0
2023-11-09 17:30:00,183.58,184.015,182.69,183.6877,5877497,0,0
2023-11-09 18:30:00,183.7,183.72411,182.3401,182.81,7012882,0,0
2023-11-09 19:30:00,182.795,182.83,181.81,181.86,5496571,0,0
2023-11-09 20:30:00,181.85001,182.48,181.83,182.44,5102309,0,0
2023-11-10 14:30:00,183.711,184.78999,183.53,183.77991,13042014,0,0
2023-11-10 15:30:00,183.78,184.94,183.61501,184.75,6942798,0,0
2023-11-10 16:30:00,184.75999,185.0,184.42999,184.94,4269310,0,0
2023-11-10 17:30:00,184.94009,185.50999,184.88,185.405,6479424,0,0
2023-11-10 18:30:00,185.405,185.97501,185.39999,185.85001,5159113,0,0
2023-11-10 19:30:00,185.85001,186.13,185.55499,186.12,6857111,0,0
2023-11-10 20:30:00,186.11,186.565,185.955,186.34,9457191,0,0
2023-11-13 14:30:00,185.82001,186.03,184.21001,184.7661,11087334,0,0
2023-11-13 15:30:00,184.77,185.14,184.39,184.96001,5748681,0,0
2023-11-13 16:30:00,184.96001,185.13499,184.5,184.565,6061513,0,0
2023-11-13 17:30:00,184.57001,184.9299,184.39,184.56,2665925,0,0
2023-11-13 18:30:00,184.57001,185.00999,184.46001,184.9901,2982413,0,0
2023-11-13 19:30:00,184.99001,185.08,184.7299,184.95,3878074,0,0
2023-11-13 20:30:00,184.96001,185.00999,184.6105,184.77,4422642,0,0
2023-11-14 14:30:00,187.34,187.72,186.3,187.45,16941276,0,0
2023-11-14 15:30:00,187.44,187.48,186.67999,186.9259,5319775,0,0
2023-11-14 16:30:00,186.925,187.22,186.41,187.05499,4868237,0,0
2023-11-14 17:30:00,187.06,187.5,187.00999,187.46001,3663476,0,0
2023-11-14 18:30:00,187.46001,187.49001,186.82001,187.4137,4558716,0,0
2023-11-14 19:30:00,187.41499,188.11,187.41499,187.912,7317327,0,0
2023-11-14 20:30:00,187.92,188.03,187.21001,187.44,6872181,0,0
2023-11-15 14:30:00,187.845,188.7,187.8,188.14999,11861855,0,0
2023-11-15 15:30:00,188.16,189.5,188.11,189.41499,8051018,0,0
2023-11-15 16:30:00,189.41499,189.44991,188.53,189.12,5324873,0,0
2023-11-15 17:30:00,189.12,189.17,188.465,189.035,4164889,0,0
2023-11-15 18:30:00,189.03101,189.08,188.39999,188.77,4508244,0,0
2023-11-15 19:30:00,188.77,188.78,187.955,188.19501,4032908,0,0
2023-11-15 20:30:00,188.2,188.56,187.78,188.09,5901858,0,0
2023-11-16 14:30:00,189.59,190.95,189.52,190.0854,18705132,0,0
2023-11-16 15:30:00,190.10001,190.21001,188.81,189.00999,6893426,0,0
2023-11-16 16:30:00,189.00999,189.66,188.72,189.645,4821908,0,0
2023-11-16 17:30:00,189.64,189.98,188.64999,189.33,3843638,0,0
2023-11-16 18:30:00,189.325,189.57001,189.00999,189.355,3451902,0,0
2023-11-16 19:30:00,189.35001,189.735,189.22,189.425,4436273,0,0
2023-11-16 20:30:00,189.425,189.87,189.34,189.76891,5829998,0,0
2023-11-17 14:30:00,190.25,190.38,188.57001,189.58,14964688,0,0
2023-11-17 15:30:00,189.58501,189.75999,188.87,189.0515,5463980,0,0
2023-11-17 16:30:00,189.06,189.46001,188.82001,188.96761,3598292,0,0
2023-11-17 17:30:00,188.965,189.61,188.89999,189.485,3093549,0,0
2023-11-17 18:30:00,189.49001,189.89999,189.35001,189.735,3674072,0,0
2023-11-17 19:30:00,189.735,190.17999,189.58,189.888,4775134,0,0
2023-11-17 20:30:00,189.88499,189.96001,189.52,189.71001,5381674,0,0
2023-11-20 14:30:00,189.89,191.66901,189.88,190.715,10886688,0,0
2023-11-20 15:30:00,190.72,191.37,190.53,191.16499,5212746,0,0
2023-11-20 16:30:00,191.17,191.55,191.09,191.23,3453437,0,0
2023-11-20 17:30:00,191.25,191.8,191.08,191.625,4827400,0,0
2023-11-20 18:30:00,191.62,191.77,191.33,191.5199,3173051,0,0
2023-11-20 19:30:00,191.50999,191.905,191.5,191.875,3980122,0,0
2023-11-20 20:30:00,191.875,191.875,191.16,191.491,5319166,0,0
2023-11-21 14:30:00,191.41,191.52,190.27,190.3475,8992766,0,0
2023-11-21 15:30:00,190.35001,191.4601,189.74001,189.942,5681421,0,0
2023-11-21 16:30:00,189.94,190.32001,189.83,190.27499,3359800,0,0
2023-11-21 17:30:00,190.27699,190.60001,190.03999,190.12,3112369,0,0
2023-11-21 18:30:00,190.12,190.61501,190.08501,190.38,2874142,0,0
2023-11-21 19:30:00,190.3828,190.71001,190.28999,190.64999,3442863,0,0
2023-11-21 20:30:00,190.645,190.73,190.28999,190.66,5535871,0,0
2023-11-22 14:30:00,192.36,192.92999,191.42999,191.9315,11546645,0,0
2023-11-22 15:30:00,191.95,192.37,191.39,191.66,4786188,0,0
2023-11-22 16:30:00,191.66,191.96001,191.48,191.91499,3340080,0,0
2023-11-22 17:30:00,191.91499,192.09,191.64,192.005,3467320,0,0
2023-11-22 18:30:00,192.00999,192.0303,191.49001,191.63499,3409564,0,0
2023-11-22 19:30:00,191.64,191.64,190.825,191.5125,3992146,0,0
2023-11-22 20:30:00,191.52,191.985,191.22,191.3,3537662,0,0
2023-11-24 14:30:00,190.87,190.89999,189.3,189.46001,7873135,0,0
2023-11-24 15:30:00,189.47,189.67,189.25,189.61,4853829,0,0
2023-11-24 16:30:00,189.60001,189.78889,189.35001,189.53999,3827135,0,0
2023-11-24 17:30:00,189.53999,189.7291,189.5181,189.66,1036863,0,0
2023-11-27 14:30:00,190.2507,190.39,188.89999,189.06,8344466,0,0
2023-11-27 15:30:00,189.07001,189.5,189.00999,189.495,3959357,0,0
2023-11-27 16:30:00,189.49001,190.50999,189.44,190.37,4866435,0,0
2023-11-27 17:30:00,190.379,190.67,190.2558,190.36501,2958636,0,0
2023-11-27 18:30:00,190.36501,190.36501,189.95,190.07001,2711904,0,0
2023-11-27 19:30:00,190.075,190.075,189.52,189.84,3148374,0,0
2023-11-27 20:30:00,189.85001,190.06,189.605,189.77,4637560,0,0
2023-11-28 14:30:00,189.78,190.27,189.39999,189.98,7575785,0,0
2023-11-28 15:30:00,189.98129,190.61,189.94,190.58501,4971867,0,0
2023-11-28 16:30:00,190.58,191.08,190.49001,190.52,3957042,0,0
2023-11-28 17:30:00,190.5101,190.52,189.75999,189.97009,3610946,0,0
2023-11-28 18:30:00,189.97501,190.12,189.66,189.814,3305993,0,0
2023-11-28 19:30:00,189.81,190.11,189.58501,189.83,3364115,0,0
2023-11-28 20:30:00,189.82001,190.39999,189.78,190.39,4808968,0,0
2023-11-29 14:30:00,190.89999,192.09,190.60001,190.88,9347732,0,0
2023-11-29 15:30:00,190.89,191.075,190.05,190.0974,4753727,0,0
2023-11-29 16:30:00,190.10001,190.27499,189.52,189.89999,4186819,0,0
2023-11-29 17:30:00,189.89,189.92999,189.28,189.50031,2949200,0,0
2023-11-29 18:30:00,189.505,189.50999,189.17999,189.2635,2911454,0,0
2023-11-29 19:30:00,189.265,189.405,189.00999,189.015,3344970,0,0
2023-11-29 20:30:00,189.00999,189.44501,188.97,189.355,4438836,0,0
2023-11-30 14:30:00,189.84,190.32001,188.66,188.8259,8749839,0,0
2023-11-30 15:30:00,188.83,188.99001,188.34,188.48,4576249,0,0
2023-11-30 16:30:00,188.48,188.61,188.19,188.35001,3433969,0,0
2023-11-30 17:30:00,188.35001,188.75951,188.27,188.33,2774969,0,0
2023-11-30 18:30:00,188.33501,188.83,188.28999,188.78999,2750590,0,0
2023-11-30 19:30:00,188.78799,189.21001,188.64,188.78,3353372,0,0
2023-11-30 20:30:00,188.765,190.2,188.75999,189.98,7329917,0,0
2023-12-01 14:30:00,190.33,190.5,189.23,190.06,8588385,0,0
2023-12-01 15:30:00,190.06,190.99001,189.92,190.83009,5955415,0,0
2023-12-01 16:30:00,190.84,191.4502,190.60001,191.44501,5387598,0,0
2023-12-01 17:30:00,191.44,191.56,191.03999,191.06,3380700,0,0
2023-12-01 18:30:00,191.05,191.28999,190.8201,191.2787,3259102,0,0
2023-12-01 19:30:00,191.28,191.34,190.92,191.12,3998274,0,0
2023-12-01 20:30:00,191.12241,191.38,190.88161,191.25999,5182498,0,0
2023-12-04 14:30:00,189.825,190.0,188.09,188.16,10608539,0,0
2023-12-04 15:30:00,188.16,188.28,187.4511,187.97,6707290,0,0
2023-12-04 16:30:00,187.96001,188.57001,187.83501,188.45419,3813425,0,0
2023-12-04 17:30:00,188.46001,188.81,188.42,188.5499,2820690,0,0
2023-12-04 18:30:00,188.545,188.965,188.49001,188.85001,2892130,0,0
2023-12-04 19:30:00,188.84,189.13,188.72,189.06,3402787,0,0
2023-12-04 20:30:00,189.065,189.66,188.98,189.45,5548831,0,0
2023-12-05 14:30:00,190.21001,194.31,190.17999,193.59,22073030,0,0
2023-12-05 15:30:00,193.58459,194.39999,193.47,193.56,8331133,0,0
2023-12-05 16:30:00,193.56,193.8,192.62,193.75999,6074350,0,0
2023-12-05 17:30:00,193.77,193.83,192.95,193.14,4164417,0,0
2023-12-05 18:30:00,193.145,193.31,192.75,192.99001,5223621,0,0
2023-12-05 19:30:00,193.0,193.47,192.77,193.1917,4787623,0,0
2023-12-05 20:30:00,193.19501,193.53999,192.87,193.5,6418486,0,0
2023-12-06 14:30:00,194.45,194.75999,192.205,192.42,11260893,0,0
2023-12-06 15:30:00,192.42,193.34,192.36011,193.095,4374474,0,0
2023-12-06 16:30:00,193.10001,193.13,192.47,192.83,3252326,0,0
2023-12-06 17:30:00,192.84,192.98,192.37,192.9059,3389634,0,0
2023-12-06 18:30:00,192.91,193.235,192.74001,192.78,2713794,0,0
2023-12-06 19:30:00,192.78,193.05,192.34,192.42599,3147189,0,0
2023-12-06 20:30:00,192.42999,192.56,192.11,192.31,5184527,0,0
2023-12-07 14:30:00,193.63,194.92,193.59,194.72501,11958910,0,0
2023-12-07 15:30:00,194.72501,194.98,194.02,194.3,5216520,0,0
2023-12-07 16:30:00,194.28999,195.0,194.215,194.94,4611066,0,0
2023-12-07 17:30:00,194.94,194.97,194.3131,194.42999,4481336,0,0
2023-12-07 18:30:00,194.42999,194.53,194.17,194.47,3233037,0,0
2023-12-07 19:30:00,194.47,194.47501,194.12,194.17,3026122,0,0
2023-12-07 20:30:00,194.17,194.35001,194.00999,194.24001,4479168,0,0
2023-12-08 14:30:00,194.2,195.0,193.67,194.6499,11185810,0,0
2023-12-08 15:30:00,194.64999,195.0,194.17999,194.75999,5158425,0,0
2023-12-08 16:30:00,194.75999,195.19,194.271,195.10001,5398492,0,0
2023-12-08 17:30:00,195.0993,195.36,194.92,195.24001,4520094,0,0
2023-12-08 18:30:00,195.24001,195.72,195.155,195.715,3904469,0,0
2023-12-08 19:30:00,195.715,195.98,195.41,195.74001,5640599,0,0
2023-12-08 20:30:00,195.735,195.99001,195.62,195.72,5190666,0,0
2023-12-11 14:30:00,193.21899,193.41,192.02,192.11,18453650,0,0
2023-12-11 15:30:00,192.12,192.42999,191.42,191.81,9504078,0,0
2023-12-11 16:30:00,191.81,192.39,191.49001,192.10001,4471150,0,0
2023-12-11 17:30:00,192.10989,192.59,192.06,192.455,3798928,0,0
2023-12-11 18:30:00,192.47,192.97,192.47,192.79179,3897170,0,0
2023-12-11 19:30:00,192.795,193.125,192.75,192.87,4731090,0,0
2023-12-11 20:30:00,192.87,193.31,192.83,193.17999,5215874,0,0
2023-12-12 14:30:00,193.08,193.39,191.72099,192.83501,11344243,0,0
2023-12-12 15:30:00,192.84,193.62,192.755,193.24001,5949225,0,0
2023-12-12 16:30:00,193.25,193.49989,193.07001,193.46581,3481895,0,0
2023-12-12 17:30:00,193.48,193.81,193.25999,193.66,4224679,0,0
2023-12-12 18:30:00,193.67,194.33,193.63,194.22,4270270,0,0
2023-12-12 19:30:00,194.22,194.56,194.145,194.38499,4304737,0,0
2023-12-12 20:30:00,194.38,194.72,194.21001,194.67,5381974,0,0
2023-12-13 14:30:00,195.09,196.63,194.85001,196.5201,12404139,0,0
2023-12-13 15:30:00,196.52499,196.7381,195.64999,195.96001,6786044,0,0
2023-12-13 16:30:00,195.965,196.28,195.69501,195.77,4074995,0,0
2023-12-13 17:30:00,195.7663,196.62,195.48,196.55499,4814751,0,0
2023-12-13 18:30:00,196.55499,197.45,196.42999,197.2975,9689287,0,0
2023-12-13 19:30:00,197.295,198.0,196.57001,196.97501,10813120,0,0
2023-12-13 20:30:00,196.97501,197.89,196.67,197.87,8132395,0,0
2023-12-14 14:30:00,198.67999,199.62,198.59,198.78999,18480165,0,0
2023-12-14 15:30:00,198.8,199.38499,198.145,198.36,9538233,0,0
2023-12-14 16:30:00,198.355,198.56,197.59,198.39999,5791822,0,0
2023-12-14 17:30:00,198.39,198.56,196.715,196.855,5584658,0,0
2023-12-14 18:30:00,196.85001,197.89999,196.16,197.895,4865005,0,0
2023-12-14 19:30:00,197.895,198.0799,197.235,197.9101,5349291,0,0
2023-12-14 20:30:00,197.91,198.16,197.56,198.14,7132229,0,0
2023-12-15 14:30:00,197.75,198.3999,197.08,198.03,27708449,0,0
2023-12-15 15:30:00,198.03999,198.159,197.35001,197.625,6121490,0,0
2023-12-15 16:30:00,197.63,198.02,197.535,197.73,4016473,0,0
2023-12-15 17:30:00,197.74001,197.74001,197.10001,197.375,4909415,0,0
2023-12-15 18:30:00,197.38,197.66499,197.02,197.27,4612469,0,0
2023-12-15 19:30:00,197.29089,198.09,197.28,197.99001,3896083,0,0
2023-12-15 20:30:00,197.994,198.2,197.0,197.12,9086193,0,0
2023-12-18 14:30:00,196.09,196.63,194.41,195.36501,16633548,0,0
2023-12-18 15:30:00,195.36,195.52499,194.62,194.92999,6148853,0,0
2023-12-18 16:30:00,194.92999,195.35001,194.69501,195.25011,4447711,0,0
2023-12-18 17:30:00,195.25,196.1633,195.155,196.145,3772276,0,0
2023-12-18 18:30:00,196.14999,196.48,195.995,196.2099,3900936,0,0
2023-12-18 19:30:00,196.21001,196.45,196.10001,196.2,3915676,0,0
2023-12-18 20:30:00,196.21001,196.44,195.78,195.8623,5129751,0,0
2023-12-19 14:30:00,196.16,196.655,195.89,196.53999,9236022,0,0
2023-12-19 15:30:00,196.55,196.95,196.2775,196.60001,4831194,0,0
2023-12-19 16:30:00,196.595,196.74001,195.97,196.23,3463432,0,0
2023-12-19 17:30:00,196.23,196.33,195.97,196.245,2379955,0,0
2023-12-19 18:30:00,196.25,196.28999,195.99001,196.07001,2263009,0,0
2023-12-19 19:30:00,196.08,196.47,195.98,196.45,2992125,0,0
2023-12-19 20:30:00,196.45,196.95,196.325,196.92999,4003318,0,0
2023-12-20 14:30:00,196.92999,197.67999,196.69,197.38499,9234134,0,0
2023-12-20 15:30:00,197.38499,197.595,197.14,197.23,4183100,0,0
2023-12-20 16:30:00,197.23,197.44,197.00999,197.35831,3204045,0,0
2023-12-20 17:30:00,197.35001,197.45261,197.2231,197.39999,2564829,0,0
2023-12-20 18:30:00,197.41,197.57001,197.11501,197.185,3246347,0,0
2023-12-20 19:30:00,197.19,197.235,195.16,195.2,8708764,0,0
2023-12-20 20:30:00,195.21001,195.75,194.84,194.84,7046047,0,0
2023-12-21 14:30:00,196.10001,197.08,194.82001,195.1297,9854488,0,0
2023-12-21 15:30:00,195.13,195.2,194.28999,194.86,5694052,0,0
2023-12-21 16:30:00,194.86,194.97,193.91,194.03999,4574715,0,0
2023-12-21 17:30:00,194.05,194.25999,193.5,194.06,4316193,0,0
2023-12-21 18:30:00,194.07001,194.24001,193.77,194.0,3625960,0,0
2023-12-21 19:30:00,193.995,194.42,193.75999,194.40511,4415883,0,0
2023-12-21 20:30:00,194.41,194.98,194.33211,194.67999,5015136,0,0
2023-12-22 14:30:00,195.17999,195.41,194.425,194.66499,7689027,0,0
2023-12-22 15:30:00,194.66499,194.7412,194.00999,194.175,4730474,0,0
2023-12-22 16:30:00,194.17,194.35001,193.84,194.05,3433322,0,0
2023-12-22 17:30:00,194.06,194.46001,193.95,194.13,3020351,0,0
2023-12-22 18:30:00,194.125,194.295,193.08,193.11951,3592914,0,0
2023-12-22 19:30:00,193.11501,193.98,192.97,193.98,4274216,0,0
2023-12-22 20:30:00,193.97501,193.99001,193.485,193.53,4377805,0,0
2023-12-26 14:30:00,193.61,193.89,192.89,193.07001,6773942,0,0
2023-12-26 15:30:00,193.075,193.44,192.89,192.965,3334201,0,0
2023-12-26 16:30:00,192.965,193.3,192.96001,193.095,2510474,0,0
2023-12-26 17:30:00,193.095,193.36,193.03,193.14,2356084,0,0
2023-12-26 18:30:00,193.145,193.16,192.83,193.08,2499981,0,0
2023-12-26 19:30:00,193.09,193.46001,192.96001,193.41209,2934413,0,0
2023-12-26 20:30:00,193.42,193.49001,192.92,193.03999,3715355,0,0
2023-12-27 14:30:00,192.49001,192.8972,191.44501,191.6385,8800358,0,0
2023-12-27 15:30:00,191.63499,191.77499,191.09,191.6804,5823979,0,0
2023-12-27 16:30:00,191.67999,192.53,191.55,192.48,5827388,0,0
2023-12-27 17:30:00,192.47501,193.14999,192.46001,192.976,5731943,0,0
2023-12-27 18:30:00,192.979,193.5,192.78,193.14999,4552245,0,0
2023-12-27 19:30:00,193.17,193.24001,192.75999,192.92999,3255762,0,0
2023-12-27 20:30:00,192.92999,193.22,192.73,193.17,5694099,0,0
2023-12-28 14:30:00,194.14,194.66,193.73,194.2491,8051158,0,0
2023-12-28 15:30:00,194.25,194.48,193.89,194.05,4231835,0,0
2023-12-28 16:30:00,194.05499,194.42999,193.99001,194.16,2553278,0,0
2023-12-28 17:30:00,194.16499,194.19,193.58,193.7,3732168,0,0
2023-12-28 18:30:00,193.7,194.07001,193.67,194.015,2478139,0,0
2023-12-28 19:30:00,194.015,194.09,193.55,193.675,3023980,0,0
2023-12-28 20:30:00,193.67,193.8597,193.17,193.58,5075432,0,0
2023-12-29 14:30:00,193.89999,194.39999,193.22031,193.50999,5115085,0,0
2023-12-29 15:30:00,193.50999,193.55,191.9099,191.96001,4269845,0,0
2023-12-29 16:30:00,191.965,192.48,191.72501,191.89999,4320986,0,0
2023-12-29 17:30:00,191.905,192.23,191.78,191.89999,3916853,0,0
2023-12-29 18:30:00,191.905,192.45,191.89999,192.12,2809737,0,0
2023-12-29 19:30:00,192.11501,192.73,192.11,192.67999,4109754,0,0
2023-12-29 20:30:00,192.675,193.13,192.02,192.52,7753795,0,0
2024-01-02 14:30:00,187.80099,188.44,186.00999,186.1899,21173591,0,0
2024-01-02 15:30:00,186.17999,186.905,185.1843,186.80499,9166397,0,0
2024-01-02 16:30:00,186.8,187.35001,186.57001,186.61501,6143754,0,0
2024-01-02 17:30:00,186.61501,187.03999,185.25999,185.295,5381701,0,0
2024-01-02 18:30:00,185.28999,185.53999,184.23,184.495,7228643,0,0
2024-01-02 19:30:00,184.49001,184.67999,183.88499,184.42,8238940,0,0
2024-01-02 20:30:00,184.42,185.64,184.41499,185.52499,9447841,0,0
2024-01-03 14:30:00,184.668,185.88,183.63,183.95869,15935130,0,0
2024-01-03 15:30:00,183.955,184.27,183.45,184.2,7486162,0,0
2024-01-03 16:30:00,184.19,184.38,183.42999,183.92999,5295920,0,0
2024-01-03 17:30:00,183.92709,184.55,183.8517,184.4731,3968490,0,0
2024-01-03 18:30:00,184.47501,184.82001,183.80499,184.74001,4500805,0,0
2024-01-03 19:30:00,184.7495,184.94,184.2101,184.39,4256338,0,0
2024-01-03 20:30:00,184.39,184.52,183.75,184.25,5053608,0,0
2024-01-04 14:30:00,182.14999,183.0872,181.2276,181.67999,16075231,0,0
2024-01-04 15:30:00,181.67,182.355,180.88,182.125,10313237,0,0
2024-01-04 16:30:00,182.127,182.44,181.32001,182.14,7509793,0,0
2024-01-04 17:30:00,182.13,182.99001,181.96001,182.91499,4961844,0,0
2024-01-04 18:30:00,182.91,183.07001,182.42,182.5,4172442,0,0
2024-01-04 19:30:00,182.5,182.66,181.8721,181.94009,6011068,0,0
2024-01-04 20:30:00,181.94501,182.41499,181.42999,181.92,7594098,0,0
2024-01-05 14:30:00,181.99001,182.75999,181.52,182.07001,13194900,0,0
2024-01-05 15:30:00,182.0663,182.74001,181.965,182.0876,5524889,0,0
2024-01-05 16:30:00,182.08,182.22501,181.32001,181.36501,4494198,0,0
2024-01-05 17:30:00,181.36,181.86,181.21001,181.74001,4262774,0,0
2024-01-05 18:30:00,181.745,182.23,180.42,181.12,9901415,0,0
2024-01-05 19:30:00,181.11,181.39,180.17,180.28,7993182,0,0
2024-01-05 20:30:00,180.27991,181.25999,180.2381,181.17,6775472,0,0
2024-01-08 14:30:00,182.08501,183.88499,181.5,183.81,13311025,0,0
2024-01-08 15:30:00,183.82001,183.88,183.21001,183.245,5198974,0,0
2024-01-08 16:30:00,183.245,184.57001,183.235,183.9901,5720535,0,0
2024-01-08 17:30:00,184.0,184.47,183.96001,184.11501,4151910,0,0
2024-01-08 18:30:00,184.12,184.875,184.05,184.8325,3724042,0,0
2024-01-08 19:30:00,184.84,185.42,184.7,185.22,5370765,0,0
2024-01-08 20:30:00,185.215,185.60001,184.91,185.55,6759299,0,0
2024-01-09 14:30:00,183.92,184.23,182.73,183.52499,10523629,0,0
2024-01-09 15:30:00,183.53,184.25999,183.21001,184.23,4602813,0,0
2024-01-09 16:30:00,184.23,184.83,184.14999,184.44,3908469,0,0
2024-01-09 17:30:00,184.44,184.92,184.39,184.39999,2818553,0,0
2024-01-09 18:30:00,184.39999,184.73,184.03999,184.315,3180445,0,0
2024-01-09 19:30:00,184.3101,184.89999,184.3002,184.77,3646429,0,0
2024-01-09 20:30:00,184.78,185.14999,184.41,185.11,6123108,0,0
2024-01-10 14:30:00,184.35001,184.96001,183.92,184.55,8558186,0,0
2024-01-10 15:30:00,184.545,185.00999,184.2225,184.50999,5574178,0,0
2024-01-10 16:30:00,184.515,184.55,184.05,184.27,3427864,0,0
2024-01-10 17:30:00,184.27,184.575,184.08,184.375,3133102,0,0
2024-01-10 18:30:00,184.38,185.67999,184.355,185.625,3976057,0,0
2024-01-10 19:30:00,185.63,186.39999,185.62,185.825,7533201,0,0
2024-01-10 20:30:00,185.83,186.27,185.27,186.14,5937690,0,0
2024-01-11 14:30:00,186.53999,187.05,183.62,184.37,13337967,0,0
2024-01-11 15:30:00,184.36501,184.88,183.83501,184.19,5619114,0,0
2024-01-11 16:30:00,184.185,184.45,183.83501,184.05,3849444,0,0
2024-01-11 17:30:00,184.075,184.77721,184.075,184.655,4000614,0,0
2024-01-11 18:30:00,184.67,185.53999,184.56,185.515,3924789,0,0
2024-01-11 19:30:00,185.52,185.7,184.755,185.37,4502053,0,0
2024-01-11 20:30:00,185.37,185.77,185.32001,185.58,5030776,0,0
2024-01-12 14:30:00,186.06,186.74001,185.485,185.78999,8367726,0,0
2024-01-12 15:30:00,185.8,186.06,185.19,185.875,4645419,0,0
2024-01-12 16:30:00,185.875,185.925,185.39,185.62,3521446,0,0
2024-01-12 17:30:00,185.61501,185.84,185.42999,185.79379,2308362,0,0
2024-01-12 18:30:00,185.8,186.06689,185.60001,185.61,2732716,0,0
2024-01-12 19:30:00,185.6033,185.61,185.22,185.515,3823230,0,0
2024-01-12 20:30:00,185.52,185.98,185.4659,185.92,4865441,0,0
2024-01-16 14:30:00,182.5,182.85001,180.93401,182.75999,16725135,0,0
2024-01-16 15:30:00,182.77,184.25999,182.52,183.95,11408997,0,0
2024-01-16 16:30:00,183.96001,184.16,182.38,182.41499,5404103,0,0
2024-01-16 17:30:00,182.42,182.92999,182.21001,182.735,4292807,0,0
2024-01-16 18:30:00,182.75,182.94991,182.14,182.4586,6561011,0,0
2024-01-16 19:30:00,182.455,183.25999,182.27,183.17,4700690,0,0
2024-01-16 20:30:00,183.17999,183.63,183.13499,183.61,4776796,0,0
2024-01-17 14:30:00,181.27,181.84,180.3,181.7,12537805,0,0
2024-01-17 15:30:00,181.685,182.065,181.3,181.80499,5778219,0,0
2024-01-17 16:30:00,181.81,182.33,181.48801,182.12,4248713,0,0
2024-01-17 17:30:00,182.12,182.535,181.83,182.12,3345645,0,0
2024-01-17 18:30:00,182.11501,182.55,181.37,182.5356,5569336,0,0
2024-01-17 19:30:00,182.5378,182.6801,182.05009,182.20551,4778525,0,0
2024-01-17 20:30:00,182.205,182.92999,182.17999,182.66,4353739,0,0
2024-01-18 14:30:00,186.09,187.64999,185.83,187.4501,19756876,0,0
2024-01-18 15:30:00,187.46001,188.96001,187.27,188.77,11697457,0,0
2024-01-18 16:30:00,188.765,188.78,187.67999,187.92999,8302899,0,0
2024-01-18 17:30:00,187.92999,187.92999,186.75011,186.925,5973240,0,0
2024-01-18 18:30:00,186.92999,188.95,186.92,188.9245,6516026,0,0
2024-01-18 19:30:00,188.925,189.14,188.705,188.9599,7066159,0,0
2024-01-18 20:30:00,188.96001,188.99001,188.50999,188.73,6982801,0,0
2024-01-19 14:30:00,189.33,189.965,188.82001,189.94009,16382763,0,0
2024-01-19 15:30:00,189.94,190.16,189.58,189.91,7573154,0,0
2024-01-19 16:30:00,189.89999,190.42999,189.33009,190.315,5987140,0,0
2024-01-19 17:30:00,190.32001,190.99001,190.28,190.935,7184895,0,0
2024-01-19 18:30:00,190.93449,191.95,190.925,191.47,6850175,0,0
2024-01-19 19:30:00,191.48,191.74001,191.17,191.435,6438261,0,0
2024-01-19 20:30:00,191.4343,191.82001,191.32001,191.58,5716572,0,0
2024-01-22 14:30:00,192.42999,194.95,192.42999,194.75,14810964,0,0
2024-01-22 15:30:00,194.77,195.33,193.14999,193.78,10872656,0,0
2024-01-22 16:30:00,193.78999,193.855,193.03,193.6675,5000034,0,0
2024-01-22 17:30:00,193.66319,194.14,193.50999,193.75729,5093193,0,0
2024-01-22 18:30:00,193.75999,194.5,193.745,194.38,4701837,0,0
2024-01-22 19:30:00,194.39,194.57001,193.705,193.9001,4425371,0,0
2024-01-22 20:30:00,193.89999,193.92,193.46001,193.87,4882197,0,0
2024-01-23 14:30:00,195.02,195.75,193.8299,194.19501,10604009,0,0
2024-01-23 15:30:00,194.2,194.57001,194.0,194.32001,5182788,0,0
2024-01-23 16:30:00,194.32001,194.78,194.2001,194.66499,3737253,0,0
2024-01-23 17:30:00,194.67,195.24001,194.495,195.05499,3772811,0,0
2024-01-23 18:30:00,195.05,195.14999,194.57001,194.73399,3863074,0,0
2024-01-23 19:30:00,194.645,195.19,194.57001,194.83501,4587060,0,0
2024-01-23 20:30:00,194.83501,195.25,194.6599,195.16,5250835,0,0
2024-01-24 14:30:00,195.42,196.38,194.66,196.0,11411670,0,0
2024-01-24 15:30:00,195.9901,196.34,195.27,195.39999,6668217,0,0
2024-01-24 16:30:00,195.41,195.89999,195.345,195.75,6119557,0,0
2024-01-24 17:30:00,195.7527,196.08,195.215,195.655,5360074,0,0
2024-01-24 18:30:00,195.66,195.6601,194.69,194.81,4659865,0,0
2024-01-24 19:30:00,194.81,195.2182,194.55,194.65669,4745911,0,0
2024-01-24 20:30:00,194.6599,195.10001,194.34,194.50999,4950346,0,0
2024-01-25 14:30:00,195.30499,195.59,194.63,195.355,9104188,0,0
2024-01-25 15:30:00,195.36,195.87,195.14,195.84,6222253,0,0
2024-01-25 16:30:00,195.84,196.2675,195.53,195.74001,5865883,0,0
2024-01-25 17:30:00,195.75,195.9574,194.10001,194.71001,7792813,0,0
2024-01-25 18:30:00,194.705,194.935,193.75169,193.9111,5786472,0,0
2024-01-25 19:30:00,193.91499,194.13,193.1125,193.8535,5204479,0,0
2024-01-25 20:30:00,193.855,194.31,193.75999,194.19,5031642,0,0
2024-01-26 14:30:00,194.27,194.75999,193.75,194.685,8196843,0,0
2024-01-26 15:30:00,194.69,194.745,194.36,194.39,3865162,0,0
2024-01-26 16:30:00,194.39999,194.47501,193.60001,193.72,3732100,0,0
2024-01-26 17:30:00,193.7001,193.71001,192.27,192.66,6154152,0,0
2024-01-26 18:30:00,192.66,192.73,192.27,192.4751,3375089,0,0
2024-01-26 19:30:00,192.48,192.97501,192.34,192.425,3467304,0,0
2024-01-26 20:30:00,192.425,192.59,191.94,192.37,6951830,0,0
2024-01-29 14:30:00,192.00999,192.17799,189.58,190.87,11790966,0,0
2024-01-29 15:30:00,190.87,191.14999,190.405,190.69,4793101,0,0
2024-01-29 16:30:00,190.685,191.1389,190.39999,191.03,4112191,0,0
2024-01-29 17:30:00,191.035,191.28999,190.78,191.25,2704473,0,0
2024-01-29 18:30:00,191.25999,191.62,191.21001,191.535,3065266,0,0
2024-01-29 19:30:00,191.5356,192.2,191.28,191.935,5766967,0,0
2024-01-29 20:30:00,191.935,192.105,191.39,191.78,5062975,0,0
2024-01-30 14:30:00,190.94,191.8,189.46001,189.95,10879513,0,0
2024-01-30 15:30:00,189.92999,190.25,187.86501,188.6532,12493978,0,0
2024-01-30 16:30:00,188.655,188.94,188.23,188.41,4796471,0,0
2024-01-30 17:30:00,188.39999,188.57001,187.67999,188.564,4738358,0,0
2024-01-30 18:30:00,188.56,188.63989,187.47,187.845,4840030,0,0
2024-01-30 19:30:00,187.845,188.28,187.77,188.07001,4500321,0,0
2024-01-30 20:30:00,188.065,188.14,187.8,187.98,5122448,0,0
2024-01-31 14:30:00,187.03999,187.095,184.78999,185.015,12426052,0,0
2024-01-31 15:30:00,185.02,185.87,184.89999,185.71989,5060007,0,0
2024-01-31 16:30:00,185.72,186.11,185.42,186.09,3731068,0,0
2024-01-31 17:30:00,186.08,186.44,185.8333,186.16,3297036,0,0
2024-01-31 18:30:00,186.17,186.53,185.25999,185.67,4331208,0,0
2024-01-31 19:30:00,185.67,186.94,185.035,185.52,6707892,0,0
2024-01-31 20:30:00,185.52,185.5887,184.35001,184.36,6428646,0,0
2024-02-01 14:30:00,184.25,186.17999,183.96001,186.105,12493823,0,0
2024-02-01 15:30:00,186.12,186.31,185.28999,185.395,5815982,0,0
2024-02-01 16:30:00,185.39,186.295,185.36,185.89,4622455,0,0
2024-02-01 17:30:00,185.89,186.44,185.57001,185.73,4488849,0,0
2024-02-01 18:30:00,185.74001,186.155,185.25999,185.97501,4416220,0,0
2024-02-01 19:30:00,185.9799,186.8,185.8811,186.66,5947190,0,0
2024-02-01 20:30:00,186.64999,186.95,186.36,186.89,6843756,0,0
2024-02-02 14:30:00,180.45,184.17,180.05,183.315,35096943,1,0
2024-02-02 15:30:00,183.33,187.33,183.16,187.0,15943080,0,0
2024-02-02 16:30:00,187.00999,187.10001,185.83,187.0209,8987019,0,0
2024-02-02 17:30:00,187.03,187.12,184.854,186.035,8500269,0,0
2024-02-02 18:30:00,186.03999,186.24001,185.59,186.08,5735681,0,0
2024-02-02 19:30:00,186.09,187.07001,186.08,186.73,7311261,0,0
2024-02-02 20:30:00,186.735,186.89,185.83,185.84,7701037,0,0
2024-02-05 14:30:00,187.125,188.36,185.84,186.7,21074171,0,0
2024-02-05 15:30:00,186.67,187.75999,186.11,187.25,7667117,0,0
2024-02-05 16:30:00,187.25,188.49001,187.2301,188.42999,6730072,0,0
2024-02-05 17:30:00,188.42999,189.25,188.42,188.5401,7252942,0,0
2024-02-05 18:30:00,188.5401,189.02,188.38499,188.465,4527382,0,0
2024-02-05 19:30:00,188.487,188.84,188.03,188.35001,6093208,0,0
2024-02-05 20:30:00,188.34,188.42,187.64,187.67,5767234,0,0
2024-02-06 14:30:00,186.86,188.63,186.7695,187.92999,11081527,0,0
2024-02-06 15:30:00,187.91,188.86,187.27,188.815,6350337,0,0
2024-02-06 16:30:00,188.82001,189.14,188.41,188.84,4757028,0,0
2024-02-06 17:30:00,188.84,189.0,188.42999,188.89,3663298,0,0
2024-02-06 18:30:00,188.895,188.94,188.3611,188.4485,2989009,0,0
2024-02-06 19:30:00,188.45,188.63831,188.23,188.355,3103015,0,0
2024-02-06 20:30:00,188.36,189.31,188.17,189.28999,4836714,0,0
2024-02-07 14:30:00,190.64,191.05,188.61,190.371,13070939,0,0
2024-02-07 15:30:00,190.38,190.39999,188.806,189.075,7039606,0,0
2024-02-07 16:30:00,189.075,189.27,188.81,188.995,4142050,0,0
2024-02-07 17:30:00,189.0,189.175,188.64999,189.12,4225096,0,0
2024-02-07 18:30:00,189.13,189.295,188.86,188.9734,3634993,0,0
2024-02-07 19:30:00,188.98,189.41,188.89,189.175,4428203,0,0
2024-02-07 20:30:00,189.175,189.42,188.935,189.41,5356489,0,0
2024-02-08 14:30:00,189.38499,189.535,187.77,187.7964,9404735,0,0
2024-02-08 15:30:00,187.8,188.22,187.35001,188.005,6068902,0,0
2024-02-08 16:30:00,187.99071,188.71989,187.935,188.7,3704042,0,0
2024-02-08 17:30:00,188.709,188.75,188.0,188.23,3684608,0,0
2024-02-08 18:30:00,188.23,188.35001,187.99001,188.02,2950677,0,0
2024-02-08 19:30:00,188.015,188.44501,187.99001,188.34,3130920,0,0
2024-02-08 20:30:00,188.355,188.42,188.07001,188.34,4392367,0,0
2024-02-09 14:30:00,188.64999,188.92999,188.0,188.49001,7269191,0,0
2024-02-09 15:30:00,188.49001,189.86,188.39999,189.5858,7401539,0,0
2024-02-09 16:30:00,189.58839,189.99001,189.1001,189.34,5933174,0,0
2024-02-09 17:30:00,189.33501,189.67999,189.14999,189.47009,3946336,0,0
2024-02-09 18:30:00,189.48,189.53,188.7,188.85001,3957939,0,0
2024-02-09 19:30:00,188.8407,189.03,188.565,188.81,3908875,0,0
2024-02-09 20:30:00,188.81,188.91,188.57001,188.82001,4247081,0,0
2024-02-12 14:30:00,188.41499,188.67,187.44,187.4686,9188512,0,0
2024-02-12 15:30:00,187.47,188.06,187.3801,187.99001,5040878,0,0
2024-02-12 16:30:00,187.99001,188.17999,187.7,187.86501,3034871,0,0
2024-02-12 17:30:00,187.86031,188.37,187.8602,187.97501,3095209,0,0
2024-02-12 18:30:00,187.97501,188.1097,187.41,187.45,3735143,0,0
2024-02-12 19:30:00,187.44501,187.5,186.78999,187.11,3698293,0,0
2024-02-12 20:30:00,187.1089,187.45,186.88,187.17999,4927400,0,0
2024-02-13 14:30:00,185.77,186.21001,184.17999,185.47079,13054284,0,0
2024-02-13 15:30:00,185.4799,186.19,185.36,185.61,5975114,0,0
2024-02-13 16:30:00,185.595,185.7394,185.2516,185.47501,3585593,0,0
2024-02-13 17:30:00,185.48,185.77,185.11,185.295,3022354,0,0
2024-02-13 18:30:00,185.28999,185.38,184.19,184.285,4531260,0,0
2024-02-13 19:30:00,184.28,184.595,183.5128,183.7299,5652730,0,0
2024-02-13 20:30:00,183.72501,185.2,183.69,185.03,7155981,0,0
2024-02-14 14:30:00,185.32001,185.53,183.42,183.8,10773002,0,0
2024-02-14 15:30:00,183.80499,183.96001,182.8035,183.49001,7267868,0,0
2024-02-14 16:30:00,183.49001,183.60001,182.50999,182.8,5070640,0,0
2024-02-14 17:30:00,182.8,182.9274,182.44,182.57001,4266603,0,0
2024-02-14 18:30:00,182.58,183.19,182.49001,183.14999,4242351,0,0
2024-02-14 19:30:00,183.16,183.56,182.81,183.52499,4560865,0,0
2024-02-14 20:30:00,183.53,184.27,183.4245,184.02,6170787,0,0
2024-02-15 14:30:00,183.55,184.0894,181.35001,181.88,15865879,0,0
2024-02-15 15:30:00,181.89999,182.12,181.44,181.99001,7072846,0,0
2024-02-15 16:30:00,182.0,182.24989,181.56,182.02499,4268275,0,0
2024-02-15 17:30:00,182.03,182.19501,181.66499,182.05,4337741,0,0
2024-02-15 18:30:00,182.0459,182.46001,181.86,181.9789,5128374,0,0
2024-02-15 19:30:00,181.97,182.64999,181.74001,182.3801,5376205,0,0
2024-02-15 20:30:00,182.3869,184.49001,182.21001,183.95,11866107,0,0
2024-02-16 14:30:00,183.75,184.85001,181.86,182.545,14074668,0,0
2024-02-16 15:30:00,182.55,183.4473,182.42,183.14999,5935048,0,0
2024-02-16 16:30:00,183.155,183.28999,182.72,182.94009,3563098,0,0
2024-02-16 17:30:00,182.95,183.00999,182.48,182.64999,3133873,0,0
2024-02-16 18:30:00,182.657,183.17999,182.485,183.14301,3501742,0,0
2024-02-16 19:30:00,183.1488,183.19749,182.03,182.256,4414931,0,0
2024-02-16 20:30:00,182.25999,182.31,181.66499,182.28999,5087964,0,0
2024-02-20 14:30:00,182.0,182.42999,180.245,180.46001,11558221,0,0
2024-02-20 15:30:00,180.46001,181.16499,180.0,181.125,6493899,0,0
2024-02-20 16:30:00,181.13,181.37,180.60001,180.745,5338226,0,0
2024-02-20 17:30:00,180.745,180.95,180.44,180.50999,3708310,0,0
2024-02-20 18:30:00,180.505,180.84,180.39999,180.69,3193463,0,0
2024-02-20 19:30:00,180.69,181.46001,180.47,181.38271,3858975,0,0
2024-02-20 20:30:00,181.39,181.66,180.86,181.61,6301252,0,0
2024-02-21 14:30:00,181.60001,182.88879,181.55499,182.56,9104336,0,0
2024-02-21 15:30:00,182.56,182.64999,182.07001,182.155,4359759,0,0
2024-02-21 16:30:00,182.14999,182.33,181.36,181.39,3729837,0,0
2024-02-21 17:30:00,181.39,181.72501,181.06,181.42,3311637,0,0
2024-02-21 18:30:00,181.42999,181.52,180.66,180.95,3555971,0,0
2024-02-21 19:30:00,180.95,181.30499,180.765,181.205,3885929,0,0
2024-02-21 20:30:00,181.21001,182.39,181.205,182.33,4689099,0,0
2024-02-22 14:30:00,183.84,184.03999,182.524,183.05499,11857133,0,0
2024-02-22 15:30:00,183.06,183.2968,182.46001,183.035,4961137,0,0
2024-02-22 16:30:00,183.03999,183.25999,182.74001,183.06,3670959,0,0
2024-02-22 17:30:00,183.07001,184.11,183.0,184.03999,4935398,0,0
2024-02-22 18:30:00,184.05,184.95,183.94,184.94,4540628,0,0
2024-02-22 19:30:00,184.94,184.955,184.39,184.56,5171492,0,0
2024-02-22 20:30:00,184.5674,184.62,184.17999,184.37,7964831,0,0
2024-02-23 14:30:00,185.00999,185.03999,183.295,183.3,8567439,0,1
2024-02-23 15:30:00,183.295,183.556,182.64,183.05901,5717230,0,0
2024-02-23 16:30:00,183.05499,183.11501,182.39011,182.56,4001601,0,0
2024-02-23 17:30:00,182.55499,182.96001,182.31,182.955,6905673,0,0
2024-02-23 18:30:00,182.955,182.97,182.4303,182.47,2955884,0,0
2024-02-23 19:30:00,182.48,182.69501,182.44,182.58501,4028588,0,0
2024-02-23 20:30:00,182.59,182.82001,182.23,182.50999,5352894,0,0
2024-02-26 14:30:00,182.39999,182.75999,181.14841,181.6022,8939120,0,0
2024-02-26 15:30:00,181.61,181.85001,180.74001,180.94,5659166,0,0
2024-02-26 16:30:00,180.94,181.25999,180.83501,180.97,3653300,0,0
2024-02-26 17:30:00,180.9731,181.33,180.64999,180.985,3721259,0,0
2024-02-26 18:30:00,180.99001,181.73,180.85001,181.71201,3813825,0,0
2024-02-26 19:30:00,181.71001,181.78,181.25999,181.38,3361670,0,0
2024-02-26 20:30:00,181.38,181.47,181.075,181.14,4001708,0,0
2024-02-27 14:30:00,181.25,181.67,180.3,181.17,8245225,0,0
2024-02-27 15:30:00,181.1601,181.27,180.75999,180.86279,3681857,0,0
2024-02-27 16:30:00,180.86,181.0101,180.55,180.69,2764462,0,0
2024-02-27 17:30:00,180.685,180.78999,180.0401,180.0654,3614103,0,0
2024-02-27 18:30:00,180.07001,182.60001,179.56,182.60001,10154303,0,0
2024-02-27 19:30:00,182.5979,183.9225,182.17999,182.605,12441282,0,0
2024-02-27 20:30:00,182.60001,182.75,182.28,182.63,6563443,0,0
2024-02-28 14:30:00,182.50999,183.12,181.11,181.16,11442944,0,0
2024-02-28 15:30:00,181.16,181.765,180.96001,181.6015,5720266,0,0
2024-02-28 16:30:00,181.62,181.67,180.60001,180.701,6240997,0,0
2024-02-28 17:30:00,180.7047,180.7047,180.13,180.6022,5735191,0,0
2024-02-28 18:30:00,180.61,180.92999,180.53011,180.6199,3681788,0,0
2024-02-28 19:30:00,180.605,180.86,180.35001,180.83501,4490821,0,0
2024-02-28 20:30:00,180.83501,181.47,180.83501,181.42,5579634,0,0
2024-02-29 14:30:00,182.0,182.36,181.28999,181.62,12685419,0,0
2024-02-29 15:30:00,181.62531,181.71001,180.42,180.42999,7277897,0,0
2024-02-29 16:30:00,180.425,180.42999,179.53,179.82001,8149732,0,0
2024-02-29 17:30:00,179.82001,180.8,179.64999,180.38,7795890,0,0
2024-02-29 18:30:00,180.38,180.49001,179.67999,180.11,6547702,0,0
2024-02-29 19:30:00,180.12,180.7,179.86,180.58501,6246756,0,0
2024-02-29 20:30:00,180.58501,181.11,179.57001,180.77,13220925,0,0
2024-03-01 14:30:00,180.44,180.53,178.29601,178.3085,13634967,0,0
2024-03-01 15:30:00,178.31,178.47,177.67,178.23,18570130,0,0
2024-03-01 16:30:00,178.25,178.25,177.38,178.03999,8174426,0,0
2024-03-01 17:30:00,178.04221,178.8,177.95,178.7001,6896281,0,0
2024-03-01 18:30:00,178.705,180.22,178.56,180.2,7669052,0,0
2024-03-01 19:30:00,180.2,180.205,179.55,179.67999,6521136,0,1
2024-03-01 20:30:00,179.67999,179.8,179.41499,179.64,5971790,0,0
2024-03-04 14:30:00,175.8,176.83,173.92999,174.17,24053178,0,0
2024-03-04 15:30:00,174.19,175.02,173.89999,174.815,9118400,0,0
2024-03-04 16:30:00,174.82001,175.005,174.00999,174.627,5211390,0,0
2024-03-04 17:30:00,174.63,174.67999,173.7901,173.905,4979309,0,0
2024-03-04 18:30:00,173.89999,174.505,173.795,174.35001,4710827,0,0
2024-03-04 19:30:00,174.35629,175.645,174.355,175.44,5373792,0,0
2024-03-04 20:30:00,175.44501,175.5,174.95,175.09,28556615,0,0
2024-03-05 14:30:00,171.0,171.97,169.89999,169.91,28565817,0,0
2024-03-05 15:30:00,169.92,170.82001,169.62,170.42,12208620,0,0
2024-03-05 16:30:00,170.41499,170.895,169.86,170.785,5238898,0,0
2024-03-05 17:30:00,170.785,170.8287,170.14999,170.47,4315788,0,0
2024-03-05 18:30:00,170.46001,170.472,169.94,170.04401,5130323,0,0
2024-03-05 19:30:00,170.0499,170.24831,169.78999,169.98,5324135,0,0
2024-03-05 20:30:00,169.99001,170.2,169.83,170.17,32406499,0,0
2024-03-06 14:30:00,170.42999,171.07001,168.92999,169.58,20056778,0,0
2024-03-06 15:30:00,169.59,170.05,169.27,169.78,6772639,0,0
2024-03-06 16:30:00,169.77499,170.3,169.33501,170.1799,5004145,0,0
2024-03-06 17:30:00,170.175,170.35001,169.91,169.9915,3526171,0,0
2024-03-06 18:30:00,169.995,170.045,168.67999,169.10001,4963027,0,0
2024-03-06 19:30:00,169.11,169.24001,168.7,169.0,4147280,0,0
2024-03-06 20:30:00,169.00999,169.395,168.87,169.12,21763488,0,0
2024-03-07 14:30:00,169.14999,169.78,168.49001,168.97,15511305,0,0
2024-03-07 15:30:00,168.98,169.53,168.61,169.28,8612815,0,0
2024-03-07 16:30:00,169.28999,169.60001,168.92,169.16,6669342,0,0
2024-03-07 17:30:00,169.17,169.64999,168.99001,169.625,5894598,0,0
2024-03-07 18:30:00,169.63,170.73,169.55,170.10001,9957544,0,0
2024-03-07 19:30:00,170.09,170.44,169.60049,169.61011,6424710,0,0
2024-03-07 20:30:00,169.61501,169.66,168.89999,168.98,7405147,0,0
2024-03-08 14:30:00,169.0,171.849,168.94,171.78,16160343,0,0
2024-03-08 15:30:00,171.78,172.05,171.02,171.62,9142498,0,0
2024-03-08 16:30:00,171.62,172.77,170.92999,172.715,10400918,0,0
2024-03-08 17:30:00,172.72,172.78999,171.71001,172.23,6861688,0,0
2024-03-08 18:30:00,172.235,173.5,172.09,173.47,7762851,0,0
2024-03-08 19:30:00,173.47,173.7,171.345,171.39999,8844545,0,0
2024-03-08 20:30:00,171.41,171.7328,170.72,170.74001,8836925,0,0
2024-03-11 13:30:00,173.25,174.25,172.83,173.35001,17506196,0,0
2024-03-11 14:30:00,173.34891,173.64,172.28999,172.6731,7509998,0,0
2024-03-11 15:30:00,172.67799,173.32961,172.53999,172.82001,5493373,0,0
2024-03-11 16:30:00,172.825,172.98,172.05,172.39,3959687,0,0
2024-03-11 17:30:00,172.38499,173.42,172.22,172.625,5585359,0,0
2024-03-11 18:30:00,172.63,172.94,172.435,172.7,4048971,0,0
2024-03-11 19:30:00,172.71001,173.0699,172.45,172.78999,5939837,0,0
2024-03-12 13:30:00,173.14999,173.47,171.00999,172.63499,13927121,0,0
2024-03-12 14:30:00,172.64,172.91,172.3201,172.6799,6625420,0,0
2024-03-12 15:30:00,172.675,173.10001,172.215,172.52,5867479,0,0
2024-03-12 16:30:00,172.53,173.25999,171.94,173.03999,6672048,0,0
2024-03-12 17:30:00,173.045,173.84,173.00999,173.7999,5308038,0,0
2024-03-12 18:30:00,173.795,174.00999,173.35001,173.845,5389586,0,0
2024-03-12 19:30:00,173.855,174.03,173.14999,173.22,6368886,0,0
2024-03-13 13:30:00,172.77,173.185,170.75999,170.985,11960722,0,0
2024-03-13 14:30:00,170.985,171.35001,170.86501,170.995,6130049,0,0
2024-03-13 15:30:00,171.0,171.17999,170.85271,171.06,4389249,0,0
2024-03-13 16:30:00,171.07001,171.46001,170.94,171.435,5933623,0,0
2024-03-13 17:30:00,171.42999,171.75999,171.16,171.58,3845695,0,0
2024-03-13 18:30:00,171.58,171.8,171.03,171.28,4228485,0,0
2024-03-13 19:30:00,171.28,171.705,171.03999,171.17,5993931,0,0
2024-03-14 13:30:00,172.32001,173.825,172.05,173.66499,14937852,0,0
2024-03-14 14:30:00,173.67,174.3078,173.3,173.34,8727021,0,0
2024-03-14 15:30:00,173.345,173.49001,172.39999,172.67,6752491,0,0
2024-03-14 16:30:00,172.67999,173.3692,172.24001,172.963,9628933,0,0
2024-03-14 17:30:00,172.9689,174.0,172.89999,173.825,7128040,0,0
2024-03-14 18:30:00,173.83,173.84,172.22,172.66,6609776,0,0
2024-03-14 19:30:00,172.66,173.2825,172.5033,173.08,7750362,0,0
2024-03-15 13:30:00,171.0,172.47,170.564,170.61011,21995996,0,0
2024-03-15 14:30:00,170.6181,171.17,170.28999,170.955,5599492,0,0
2024-03-15 15:30:00,170.955,171.48,170.73199,171.315,3870787,0,0
2024-03-15 16:30:00,171.315,171.515,170.60001,170.69501,18771774,0,0
2024-03-15 17:30:00,170.7,171.25,170.52499,171.215,3679425,0,0
2024-03-15 18:30:00,171.215,171.99001,171.0899,171.86501,4328832,0,0
2024-03-15 19:30:00,171.856,172.60001,171.478,172.57001,6260589,0,0
2024-03-18 13:30:00,175.60001,177.58,174.89059,177.35001,22893626,0,0
2024-03-18 14:30:00,177.37,177.71001,176.56,176.82001,8667055,0,1
2024-03-18 15:30:00,176.82001,176.905,175.2,175.2583,7068789,0,0
2024-03-18 16:30:00,175.255,175.62,174.75,175.395,5477904,0,0
2024-03-18 17:30:00,175.39999,175.53999,174.99001,175.53011,4053801,0,0
2024-03-18 18:30:00,175.536,175.53999,174.82001,175.065,5777258,0,0
2024-03-18 19:30:00,175.07001,175.175,173.52,173.7,7286587,0,0
2024-03-19 13:30:00,174.09,175.03999,173.03,174.705,11721089,0,0
2024-03-19 14:30:00,174.7,175.37,174.56,174.84,6172012,0,0
2024-03-19 15:30:00,174.84,175.41,174.84,175.31,4206842,0,0
2024-03-19 16:30:00,175.315,175.85001,175.1713,175.645,4140302,0,0
2024-03-19 17:30:00,175.64999,176.435,175.64,176.425,5001221,0,0
2024-03-19 18:30:00,176.42171,176.605,176.0,176.33,5274655,0,0
2024-03-19 19:30:00,176.33501,176.53999,175.78999,176.08,6908180,0,0
2024-03-20 13:30:00,175.73,176.17,175.09,176.16051,8587629,0,0
2024-03-20 14:30:00,176.16499,176.38,175.72,176.05991,4488283,0,0
2024-03-20 15:30:00,176.0593,176.50999,175.94501,176.3801,3092842,0,0
2024-03-20 16:30:00,176.38,176.77499,176.31,176.325,3578644,0,0
2024-03-20 17:30:00,176.31,177.39,176.28,177.00751,6092320,0,0
2024-03-20 18:30:00,177.00999,178.42999,176.72,178.215,9778064,0,0
2024-03-20 19:30:00,178.21001,178.67,177.94501,178.66,7696922,0,0
2024-03-21 13:30:00,177.0,177.49001,175.00999,175.0218,15825387,0,0
2024-03-21 14:30:00,175.03,175.06,171.83,172.8213,27939112,0,0
2024-03-21 15:30:00,172.82001,173.235,171.86,172.565,13930077,0,0
2024-03-21 16:30:00,172.57001,172.60001,171.95,172.10831,7139429,0,0
2024-03-21 17:30:00,172.1001,172.13,170.91,171.075,10317094,0,0
2024-03-21 18:30:00,171.08,171.33,170.85001,171.25,9119635,0,0
2024-03-21 19:30:00,171.24001,171.57001,170.84,171.39999,9723209,0,0
2024-03-22 13:30:00,171.86,172.32001,170.06,171.78571,22009712,0,0
2024-03-22 14:30:00,171.795,172.56,171.59,172.25999,9035728,0,0
2024-03-22 15:30:00,172.27,172.89,172.07001,172.36501,5763015,0,0
2024-03-22 16:30:00,172.37,172.94,172.09,172.614,5023927,0,0
2024-03-22 17:30:00,172.62,172.67999,172.36,172.625,4107617,0,0
2024-03-22 18:30:00,172.62759,172.99001,172.62,172.98689,5786041,0,0
2024-03-22 19:30:00,172.9816,173.05,172.24001,172.25,7983892,0,0
2024-03-25 13:30:00,170.53,170.69,169.45,170.03999,13738571,0,0
2024-03-25 14:30:00,170.03999,170.73,169.97,170.12,6645377,0,0
2024-03-25 15:30:00,170.12,170.82001,170.095,170.7379,4808454,0,0
2024-03-25 16:30:00,170.735,171.47,170.645,171.36501,4742467,0,0
2024-03-25 17:30:00,171.36,171.6097,171.155,171.33,3830333,0,0
2024-03-25 18:30:00,171.325,171.63,171.235,171.558,3617953,0,0
2024-03-25 19:30:00,171.56,171.94,170.78999,170.86,6913173,0,0
2024-03-26 13:30:00,170.0,171.0686,169.64999,170.72,12465952,0,0
2024-03-26 14:30:00,170.72,170.89,170.36,170.651,5336353,0,0
2024-03-26 15:30:00,170.655,171.25,170.495,171.2347,5591305,0,0
2024-03-26 16:30:00,171.23109,171.42,170.675,170.82001,4667926,0,0
2024-03-26 17:30:00,170.82401,170.89,170.16,170.52,4370611,0,0
2024-03-26 18:30:00,170.5125,170.685,170.33,170.53999,4054402,0,0
2024-03-26 19:30:00,170.53999,170.55,169.60001,169.815,9108998,0,0
2024-03-27 13:30:00,170.42,173.11,170.11,172.045,16062624,0,0
2024-03-27 14:30:00,172.03999,172.75999,171.94009,172.455,5913439,0,0
2024-03-27 15:30:00,172.46001,172.7,171.86,172.0468,4655107,0,0
2024-03-27 16:30:00,172.05,172.39,172.0,172.25999,3604513,0,0
2024-03-27 17:30:00,172.27,172.82001,172.14,172.75,3957014,0,0
2024-03-27 18:30:00,172.755,173.10001,172.4263,172.99001,5418271,0,0
2024-03-27 19:30:00,173.0,173.60001,172.88,173.41,8611965,0,0
2024-03-28 13:30:00,171.7,171.935,170.72,171.19501,14682071,0,0
2024-03-28 14:30:00,171.2,171.21001,170.50999,170.83501,7903177,0,0
2024-03-28 15:30:00,170.84,171.2,170.73,171.1692,5149011,0,0
2024-03-28 16:30:00,171.17,171.37,170.95,170.965,4292029,0,0
2024-03-28 17:30:00,170.96001,171.8103,170.89,171.78011,4247361,0,0
2024-03-28 18:30:00,171.78999,172.23,171.61,172.13989,4699109,0,0
2024-03-28 19:30:00,172.14,172.23,171.25999,171.52,6848121,0,0
2024-04-01 13:30:00,171.1875,171.22,169.83501,170.0899,12016910,0,0
2024-04-01 14:30:00,170.089,170.16,169.48,169.845,5566284,0,0
2024-04-01 15:30:00,169.84,170.08,169.58501,169.895,4325649,0,0
2024-04-01 16:30:00,169.895,170.02,169.75999,169.9157,2857559,0,0
2024-04-01 17:30:00,169.92,170.09,169.88,169.995,2605346,0,0
2024-04-01 18:30:00,169.99001,170.24001,169.85001,169.935,3725960,0,0
2024-04-01 19:30:00,169.935,170.14,169.87,170.00999,5786677,0,0
2024-04-02 13:30:00,169.06,169.34,168.23019,169.03999,11163207,0,0
2024-04-02 14:30:00,169.035,169.19501,168.53,168.8322,4826587,0,0
2024-04-02 15:30:00,168.83501,169.14799,168.37,168.66499,4166243,0,0
2024-04-02 16:30:00,168.67999,169.09,168.64,168.995,3340894,0,0
2024-04-02 17:30:00,169.0,169.105,168.86,168.92,3451310,0,0
2024-04-02 18:30:00,168.92,169.07001,168.73,168.97501,3699021,0,0
2024-04-02 19:30:00,168.99001,169.22009,168.77,168.94,6380958,0,0
2024-04-03 13:30:00,168.75,170.08,168.59,170.0367,8758184,0,0
2024-04-03 14:30:00,170.02499,170.67999,169.98,170.52,6176025,0,0
2024-04-03 15:30:00,170.52,170.675,170.2,170.32001,3684320,0,0
2024-04-03 16:30:00,170.31,170.44,169.75,170.205,3812096,0,0
2024-04-03 17:30:00,170.21001,170.39,170.1201,170.19701,3156608,0,0
2024-04-03 18:30:00,170.2,170.60001,169.28,169.52499,6323307,0,0
2024-04-03 19:30:00,169.53,170.14999,169.38,169.66,6602092,0,0
2024-04-04 13:30:00,170.28999,171.19,170.03999,171.00999,9047827,0,0
2024-04-04 14:30:00,171.015,171.28,170.71001,171.27,4628313,0,0
2024-04-04 15:30:00,171.28,171.92,171.27499,171.72031,4325890,0,0
2024-04-04 16:30:00,171.73,171.8699,171.33501,171.53999,3395662,0,1
2024-04-04 17:30:00,171.5468,171.61,169.7,169.75,6544667,0,0
2024-04-04 18:30:00,169.74001,170.10001,169.02,169.041,8346418,0,0
2024-04-04 19:30:00,169.03999,169.74001,168.83,168.89,8099922,0,0
2024-04-05 13:30:00,169.5,169.91,168.95,169.22,8091763,0,0
2024-04-05 14:30:00,169.23,169.82001,169.09,169.465,4890929,0,0
2024-04-05 15:30:00,169.465,170.38,169.38901,170.17,4669016,0,0
2024-04-05 16:30:00,170.17,170.375,169.78,170.07401,3488779,0,0
2024-04-05 17:30:00,170.09,170.17,169.35001,169.50031,3347777,0,0
2024-04-05 18:30:00,169.50999,169.92,169.36,169.89,4067851,0,0
2024-04-05 19:30:00,169.89,169.98,169.5,169.57001,4423994,0,0
2024-04-08 13:30:00,169.06,169.19,168.24001,168.82001,8279940,0,0
2024-04-08 14:30:00,168.825,169.13,168.64999,168.815,4718366,0,0
2024-04-08 15:30:00,168.815,168.815,168.265,168.4124,4134102,0,0
2024-04-08 16:30:00,168.41499,168.83501,168.405,168.645,2982857,0,0
2024-04-08 17:30:00,168.645,168.89999,168.47,168.7901,2336490,0,0
2024-04-08 18:30:00,168.795,168.7999,168.545,168.785,2720946,0,0
2024-04-08 19:30:00,168.785,168.96001,168.325,168.46001,4991117,0,0
2024-04-09 13:30:00,168.692,170.075,168.5,169.47,9892473,0,0
2024-04-09 14:30:00,169.47501,169.49001,168.48,168.69501,5975622,0,0
2024-04-09 15:30:00,168.7,169.16,168.69,169.07001,3680884,0,0
2024-04-09 16:30:00,169.07001,169.56,168.89999,169.25999,3310320,0,0
2024-04-09 17:30:00,169.27,169.5,168.5,168.58501,4167688,0,0
2024-04-09 18:30:00,168.58,169.25999,168.35001,169.2525,3875168,0,0
2024-04-09 19:30:00,169.25999,169.73,168.94,169.69,5472554,0,0
2024-04-10 13:30:00,168.84,169.09,167.11,168.03,14120359,0,0
2024-04-10 14:30:00,168.04401,168.7,167.61,167.91499,5526659,0,0
2024-04-10 15:30:00,167.94,168.11,167.53999,168.02499,4577586,0,0
2024-04-10 16:30:00,168.037,168.60001,167.67999,168.13499,4311563,0,0
2024-04-10 17:30:00,168.121,168.58,167.63,167.75999,4388323,0,0
2024-04-10 18:30:00,167.765,169.67,167.69,168.25999,4221664,0,0
2024-04-10 19:30:00,168.25999,168.685,167.7,167.75,5084905,0,0
2024-04-11 13:30:00,168.25,169.17,168.1601,168.495,9205787,0,0
2024-04-11 14:30:00,168.73,169.42,168.57001,169.0,7020839,0,0
2024-04-11 15:30:00,169.0011,170.28999,169.0,169.91,4981418,0,0
2024-04-11 16:30:00,169.92,172.19,169.84,172.105,9777671,0,0
2024-04-11 17:30:00,172.11,174.48,171.9601,174.17999,15507718,0,0
2024-04-11 18:30:00,174.17999,174.86,173.55,174.64,14247719,0,0
2024-04-11 19:30:00,174.74001,175.46001,174.62,175.02499,11623343,0,0
2024-04-12 13:30:00,174.285,178.36,174.21001,176.75,35055623,0,0
2024-04-12 14:30:00,176.74249,176.81,175.32001,176.2543,12592011,0,0
2024-04-12 15:30:00,176.25999,176.99001,175.565,175.59,8240618,0,0
2024-04-12 16:30:00,175.595,175.66,174.8,175.35001,8075850,0,0
2024-04-12 17:30:00,175.34,176.0,175.235,175.97,6734034,0,0
2024-04-12 18:30:00,175.97,176.25999,175.63,176.0175,7792048,0,0
2024-04-12 19:30:00,176.015,176.74001,175.955,176.565,10489226,0,0
2024-04-15 13:30:00,175.38,175.9799,173.85001,174.88,16099072,0,0
2024-04-15 14:30:00,174.88,176.63,174.56,175.41,9497153,0,0
2024-04-15 15:30:00,175.39999,176.14999,174.96001,175.10001,5334563,0,0
2024-04-15 16:30:00,175.095,175.57001,174.5101,174.52,6093345,0,0
2024-04-15 17:30:00,174.50999,174.61,172.5,173.13,9423818,0,0
2024-04-15 18:30:00,173.12,173.75999,172.8,172.92999,6849808,0,0
2024-04-15 19:30:00,172.92999,173.61,172.66,172.685,6819556,0,0
2024-04-16 13:30:00,172.08,173.755,171.18201,171.22,14947040,0,0
2024-04-16 14:30:00,171.2,171.45,169.02,169.44501,13407042,0,0
2024-04-16 15:30:00,169.45,169.85001,168.27,169.41499,11289116,0,0
2024-04-16 16:30:00,169.41,169.73,168.92999,169.39,5079739,0,0
2024-04-16 17:30:00,169.39999,170.39999,168.39999,168.925,8396515,0,0
2024-04-16 18:30:00,168.925,170.08,168.88,169.995,5187348,0,0
2024-04-16 19:30:00,169.99001,170.015,169.28,169.33791,5938491,0,0
2024-04-17 13:30:00,169.58,170.64,169.3101,170.455,10358959,0,0
2024-04-17 14:30:00,170.45,170.47501,169.21001,169.21001,7818704,0,0
2024-04-17 15:30:00,169.22,169.36,168.60001,168.7,5853359,0,0
2024-04-17 16:30:00,168.7,168.97,168.07001,168.82001,4690283,0,0
2024-04-17 17:30:00,168.83,169.0,168.50999,168.61,4907946,0,0
2024-04-17 18:30:00,168.62,169.17999,168.02,168.09,4554925,0,0
2024-04-17 19:30:00,168.09,168.545,168.0,168.0,5025607,0,0
2024-04-18 13:30:00,168.0,168.64,167.33,168.0399,9532841,0,0
2024-04-18 14:30:00,168.03999,168.28,167.86,167.99001,4639772,0,0
2024-04-18 15:30:00,168.0,168.015,167.39999,167.565,3556423,0,0
2024-04-18 16:30:00,167.565,167.7,166.63,166.9799,5691557,0,0
2024-04-18 17:30:00,166.99001,167.11,166.55,166.85989,4043124,0,0
2024-04-18 18:30:00,166.88,167.25,166.64,167.10001,3707430,0,0
2024-04-18 19:30:00,167.10001,167.3743,166.77499,167.03999,4286307,0,0
2024-04-19 13:30:00,166.12,166.39999,164.82001,165.27,16054093,0,0
2024-04-19 14:30:00,165.25999,165.66,164.875,164.985,6502988,0,0
2024-04-19 15:30:00,164.98,165.16,164.08,164.3624,6573825,0,0
2024-04-19 16:30:00,164.37,165.3,164.17999,164.92,6201635,0,0
2024-04-19 17:30:00,164.89999,165.67,164.89999,165.03999,5158159,0,0
2024-04-19 18:30:00,165.02,165.24001,164.52,165.16499,6320854,0,0
2024-04-19 19:30:00,165.16,165.2,164.795,164.92999,7970297,0,0
2024-04-22 13:30:00,165.75,166.23,165.23,165.37,9753629,0,0
2024-04-22 14:30:00,165.37,165.53999,164.77,165.395,4893035,0,0
2024-04-22 15:30:00,165.39999,165.87,165.3748,165.62,4178724,0,0
2024-04-22 16:30:00,165.6142,166.285,165.435,166.27499,3510757,0,0
2024-04-22 17:30:00,166.27,167.25999,166.27,166.855,5021219,0,0
2024-04-22 18:30:00,166.86,167.05,166.255,166.66,6192002,0,0
2024-04-22 19:30:00,166.66,166.7399,165.64,165.84,5290621,0,0
2024-04-23 13:30:00,165.25999,166.71001,164.92999,165.82001,9482507,0,0
2024-04-23 14:30:00,165.82001,166.98,165.82001,166.625,6119113,0,0
2024-04-23 15:30:00,166.62,166.7,166.0574,166.27,3828132,0,0
2024-04-23 16:30:00,166.27,166.64,166.17171,166.392,4067219,0,0
2024-04-23 17:30:00,166.39999,166.86,166.325,166.84,2849527,0,0
2024-04-23 18:30:00,166.84,166.8699,166.5,166.85001,3658150,0,0
2024-04-23 19:30:00,166.84,167.05,166.755,166.91,5719471,0,0
2024-04-24 13:30:00,166.39999,168.3,166.21001,167.995,9855592,0,0
2024-04-24 14:30:00,167.995,168.28,167.52,167.92,5338812,0,0
2024-04-24 15:30:00,167.925,169.27499,167.91,168.72501,6588577,0,0
2024-04-24 16:30:00,168.72501,168.85001,168.11,168.4617,3760303,0,0
2024-04-24 17:30:00,168.47,169.28999,168.46001,168.75,3891894,0,0
2024-04-24 18:30:00,168.75,169.0899,168.28,169.05499,3796420,0,0
2024-04-24 19:30:00,169.05409,169.3,168.67,168.95,5580723,0,0
2024-04-25 13:30:00,169.60001,170.61,168.47,168.9175,13123892,0,0
2024-04-25 14:30:00,168.89999,169.0856,168.45,168.56779,4953755,0,0
2024-04-25 15:30:00,168.565,169.2,168.15109,169.19,4246795,0,0
2024-04-25 16:30:00,169.18761,169.5383,168.92,169.06,3597812,0,0
2024-04-25 17:30:00,169.05499,169.74989,168.86,169.13,4047077,0,0
2024-04-25 18:30:00,169.11,170.035,168.9601,169.935,5505667,0,0
2024-04-25 19:30:00,169.92999,170.00999,169.41,169.89999,6221758,0,0
2024-04-26 13:30:00,169.87,171.06,169.53999,170.66,9247096,0,0
2024-04-26 14:30:00,170.66,171.34,170.41,170.69,5410620,0,0
2024-04-26 15:30:00,170.685,170.92,170.21001,170.245,3957825,0,0
2024-04-26 16:30:00,170.25,170.25999,169.7601,169.875,4152260,0,0
2024-04-26 17:30:00,169.88,169.89,169.37,169.7,4417993,0,0
2024-04-26 18:30:00,169.7,170.11,169.52,169.99001,4106101,0,0
2024-04-26 19:30:00,169.98,170.09,169.19,169.28999,6146863,0,0
2024-04-29 13:30:00,173.39,176.03,173.13,174.75999,22509930,0,0
2024-04-29 14:30:00,174.75,175.13,173.98,174.50999,8042592,0,0
2024-04-29 15:30:00,174.5199,174.82001,174.00999,174.325,5706873,0,0
2024-04-29 16:30:00,174.3277,174.88879,174.22,174.87,4546336,0,0
2024-04-29 17:30:00,174.87,175.105,174.09,174.26579,4501161,0,0
2024-04-29 18:30:00,174.2601,174.66,173.3515,173.825,5832343,0,0
2024-04-29 19:30:00,173.825,173.9789,173.12,173.49001,5978948,0,0
2024-04-30 13:30:00,173.202,174.99001,172.64999,174.42999,9649989,0,0
2024-04-30 14:30:00,174.425,174.94501,173.72459,173.86501,6270352,0,0
2024-04-30 15:30:00,173.8699,174.19991,173.605,173.83659,3446845,0,0
2024-04-30 16:30:00,173.84,173.92999,173.22,173.2753,4148810,0,0
2024-04-30 17:30:00,173.30499,173.8799,173.10001,173.17999,3964263,0,0
2024-04-30 18:30:00,173.2,173.345,172.56,172.73,4786101,0,0
2024-04-30 19:30:00,172.74001,172.94,170.02,170.09,11784580,0,0
2024-05-01 13:30:00,170.0,171.07001,169.11,170.815,8294097,0,0
2024-05-01 14:30:00,170.785,171.36,170.645,171.17,4408772,0,0
2024-05-01 15:30:00,171.17,171.72,171.10001,171.39,4126555,0,0
2024-05-01 16:30:00,171.38,171.45,170.755,171.12,2863605,0,0
2024-05-01 17:30:00,171.125,171.50999,170.61,171.423,4066520,0,0
2024-05-01 18:30:00,171.42,172.69,170.895,172.37,8561606,0,0
2024-05-01 19:30:00,172.38499,172.38499,169.25,169.28999,9451344,0,0
2024-05-02 13:30:00,172.42,172.66,170.89,171.59,16705177,0,0
2024-05-02 14:30:00,171.59419,172.08,171.42,171.60001,6351847,0,0
2024-05-02 15:30:00,171.5972,172.505,171.46249,172.3499,6639465,0,0
2024-05-02 16:30:00,172.345,172.78,171.94,172.6989,5497209,0,0
2024-05-02 17:30:00,172.7,172.94,172.41,172.89999,6288261,0,0
2024-05-02 18:30:00,172.89999,173.22,172.55,173.14999,8749459,0,0
2024-05-02 19:30:00,173.145,173.41499,172.53999,173.09,9688076,0,0
2024-05-03 13:30:00,186.67,187.0,182.66,184.17999,55819788,0,0
2024-05-03 14:30:00,184.19901,184.99001,183.53999,184.64999,17983283,0,0
2024-05-03 15:30:00,184.66,184.94,184.13,184.36,10376113,0,0
2024-05-03 16:30:00,184.35989,185.495,184.3,185.36011,12652093,0,0
2024-05-03 17:30:00,185.36,185.86,184.81,185.75,12223485,0,0
2024-05-03 18:30:00,185.755,185.99001,184.25999,184.995,16502580,0,0
2024-05-03 19:30:00,185.0,185.00999,183.05,183.39,14886978,0,0
2024-05-06 13:30:00,182.354,184.17,181.63,182.62,21498066,0,0
2024-05-06 14:30:00,182.89,183.38,181.73,181.9971,8234392,0,0
2024-05-06 15:30:00,182.005,182.39999,181.5,181.60001,7543780,0,0
2024-05-06 16:30:00,181.60001,181.8299,180.58121,180.59,8392750,0,0
2024-05-06 17:30:00,180.59,181.34,180.42,180.80499,7890598,0,0
2024-05-06 18:30:00,180.81,181.62,180.7,181.48061,6903326,0,0
2024-05-06 19:30:00,181.49001,182.02,181.24001,181.7,8682134,0,0
2024-05-07 13:30:00,183.45,184.89999,182.71001,182.8399,23887519,0,0
2024-05-07 14:30:00,182.825,183.11,182.16,182.17999,10527042,0,0
2024-05-07 15:30:00,182.16,182.3562,181.41,181.52,7432182,0,0
2024-05-07 16:30:00,181.52,182.72,181.32001,182.56,6083145,0,0
2024-05-07 17:30:00,182.56,182.92,182.09,182.37601,5590298,0,0
2024-05-07 18:30:00,182.37,182.78,182.17,182.63499,4785926,0,0
2024-05-07 19:30:00,182.63,182.67999,182.22,182.37,5031993,0,0
2024-05-08 13:30:00,182.71001,182.96001,181.46001,181.91,10261929,0,0
2024-05-08 14:30:00,181.89,182.38,181.755,182.285,4657669,0,0
2024-05-08 15:30:00,182.285,182.61,181.851,182.34,4579068,0,0
2024-05-08 16:30:00,182.34,182.49001,182.03,182.3,3047249,0,0
2024-05-08 17:30:00,182.30499,182.72,182.295,182.685,3954343,0,0
2024-05-08 18:30:00,182.69,182.99001,182.61,182.89011,4937356,0,0
2024-05-08 19:30:00,182.895,183.05,182.685,182.74001,5220918,0,0
2024-05-09 13:30:00,182.56,183.8299,182.12,183.42,9634755,0,0
2024-05-09 14:30:00,183.425,183.86,183.11,183.64,5753829,0,0
2024-05-09 15:30:00,183.64999,183.84,183.435,183.605,4233577,0,0
2024-05-09 16:30:00,183.605,184.5,183.5399,184.38,6031102,0,0
2024-05-09 17:30:00,184.39,184.64999,184.06,184.25,4829910,0,0
2024-05-09 18:30:00,184.24001,184.61501,184.22,184.315,4012982,0,0
2024-05-09 19:30:00,184.31,184.64999,184.3,184.64999,5820164,0,0
2024-05-10 13:30:00,184.92,185.09,183.14999,183.205,12508339,0,0
2024-05-10 14:30:00,183.21001,183.3997,182.25999,182.69,7423228,0,0
2024-05-10 15:30:00,182.7,182.735,182.245,182.4888,3801053,0,0
2024-05-10 16:30:00,182.485,182.59,182.21001,182.395,2997546,0,0
2024-05-10 17:30:00,182.39,182.85001,182.13,182.74001,4477086,1,0
2024-05-10 18:30:00,182.73,182.96001,182.57001,182.94,4005294,0,0
2024-05-10 19:30:00,182.94,183.2,182.78999,183.0,5183512,0,0
2024-05-13 13:30:00,185.435,185.86501,184.62,185.689,13788872,0,0
2024-05-13 14:30:00,185.685,186.42999,185.63,185.92,9423195,0,0
2024-05-13 15:30:00,185.91499,186.5,185.78,186.28999,7835544,0,0
2024-05-13 16:30:00,186.28999,186.92999,186.25,186.6586,8098301,0,0
2024-05-13 17:30:00,186.66,186.95,186.37,186.6501,5453676,0,0
2024-05-13 18:30:00,186.6599,187.10001,186.56,186.9899,6516486,0,0
2024-05-13 19:30:00,186.985,187.03,186.07001,186.285,9250536,0,0
2024-05-14 13:30:00,187.64999,188.3,186.55,187.00999,14754549,0,0
2024-05-14 14:30:00,187.00999,187.2,186.28999,186.98,5035426,0,0
2024-05-14 15:30:00,186.985,187.0,186.52,186.8,3617615,0,0
2024-05-14 16:30:00,186.8,186.95,186.451,186.53,3012019,0,0
2024-05-14 17:30:00,186.535,187.37,186.485,187.32941,5421425,0,0
2024-05-14 18:30:00,187.325,187.81,187.2,187.745,4923069,0,0
2024-05-14 19:30:00,187.75,187.91,187.16,187.39,5635981,0,0
2024-05-15 13:30:00,187.98,189.73,187.38,189.57899,15211599,0,0
2024-05-15 14:30:00,189.58,190.07001,189.52,189.92,10479415,0,0
2024-05-15 15:30:00,189.925,190.21001,189.53999,190.155,5492250,0,0
2024-05-15 16:30:00,190.155,190.64999,190.14,190.37,6113081,0,0
2024-05-15 17:30:00,190.38,190.55,189.86031,189.92999,5363162,0,0
2024-05-15 18:30:00,189.925,190.25999,189.82001,189.875,6702029,0,0
2024-05-15 19:30:00,189.88,190.12,189.5,189.74001,8181060,0,0
2024-05-16 13:30:00,190.51601,191.095,189.97501,190.5802,13478830,0,0
2024-05-16 14:30:00,190.58501,190.75,189.72501,189.96989,6757108,0,0
2024-05-16 15:30:00,189.965,190.38,189.765,190.32111,5165187,0,0
2024-05-16 16:30:00,190.3295,190.4881,189.97,190.00999,3483587,0,0
2024-05-16 17:30:00,190.0005,190.25999,189.75999,189.9274,3578815,0,0
2024-05-16 18:30:00,189.92,190.10001,189.84,189.88499,3752308,0,0
2024-05-16 19:30:00,189.89,190.22,189.6601,189.89999,6377484,0,0
2024-05-17 13:30:00,189.52,190.80499,189.4209,190.1584,10312500,0,0
2024-05-17 14:30:00,190.155,190.3,189.655,189.69009,3636858,0,0
2024-05-17 15:30:00,189.69,189.9594,189.4201,189.78999,3478131,0,0
2024-05-17 16:30:00,189.795,189.9899,189.59,189.69,2226643,0,0
2024-05-17 17:30:00,189.67,189.87,189.39999,189.67999,3173583,0,0
2024-05-17 18:30:00,189.63499,190.13,189.62199,190.10831,3545493,0,0
2024-05-17 19:30:00,190.11,190.14999,189.75999,189.92,5707506,0,0
2024-05-20 13:30:00,189.14999,191.77,189.00999,191.605,11170465,0,0
2024-05-20 14:30:00,191.60001,191.91991,191.17,191.17999,6619615,0,0
2024-05-20 15:30:00,191.175,191.50999,191.02,191.16499,3353981,0,0
2024-05-20 16:30:00,191.16,191.80499,191.16,191.465,3428382,0,0
2024-05-20 17:30:00,191.464,191.62,191.1601,191.41,2512725,0,0
2024-05-20 18:30:00,191.41,191.5,191.08,191.314,3014420,0,0
2024-05-20 19:30:00,191.31,191.34801,190.81,191.08,4813353,0,0
2024-05-21 13:30:00,191.09,192.59,190.9686,192.21001,9574936,0,0
2024-05-21 14:30:00,192.24001,192.63499,191.8699,192.2827,5834975,0,0
2024-05-21 15:30:00,192.28,192.41499,191.8401,192.17909,3297144,0,0
2024-05-21 16:30:00,192.19,192.375,191.78,192.36659,3026325,0,0
2024-05-21 17:30:00,192.375,192.5354,192.3,192.515,3617656,0,0
2024-05-21 18:30:00,192.50999,192.67,192.39999,192.52499,3653779,0,0
2024-05-21 19:30:00,192.52499,192.72,192.28,192.35001,5258702,0,0
2024-05-22 13:30:00,192.41,192.82001,191.99001,192.715,6191966,0,0
2024-05-22 14:30:00,192.71001,192.75999,192.03999,192.14,3841169,0,0
2024-05-22 15:30:00,192.14999,192.19,191.52499,191.62,3218749,0,0
2024-05-22 16:30:00,191.61501,191.7299,191.08,191.37,2595827,0,0
2024-05-22 17:30:00,191.3624,191.425,190.28,190.58501,3968743,0,0
2024-05-22 18:30:00,190.595,190.94,190.53,190.9399,2706845,0,0
2024-05-22 19:30:00,190.92,191.28999,190.39999,190.89999,4402504,0,0
2024-05-23 13:30:00,191.0,191.0,188.505,189.05,10163386,0,0
2024-05-23 14:30:00,189.06,189.69,188.67999,189.45,6137975,0,0
2024-05-23 15:30:00,189.455,189.71001,189.07001,189.52499,3243022,0,0
2024-05-23 16:30:00,189.52499,189.5995,188.42999,188.64011,3640141,0,0
2024-05-23 17:30:00,188.64999,188.685,187.31,187.705,5194146,0,0
2024-05-23 18:30:00,187.7,187.8,187.16,187.62,4566990,0,0
2024-05-23 19:30:00,187.62,187.82001,186.625,186.91,5803901,0,0
2024-05-24 13:30:00,188.82001,189.5199,188.1113,189.51089,9163482,0,0
2024-05-24 14:30:00,189.485,190.25999,189.27,190.09,4865844,0,0
2024-05-24 15:30:00,190.0988,190.58,189.75999,190.3799,3584085,0,0
2024-05-24 16:30:00,190.37199,190.55,190.24451,190.41991,2486911,0,0
2024-05-24 17:30:00,190.42,190.46001,190.065,190.14999,3081367,0,0
2024-05-24 18:30:00,190.15199,190.38499,189.955,190.08,2748947,0,0
2024-05-24 19:30:00,190.06,190.23,189.84,190.0,3537017,0,0
2024-05-28 13:30:00,191.532,192.99001,190.34,191.64,15396828,0,0
2024-05-28 14:30:00,191.63,191.77,191.1301,191.62,5158227,0,0
2024-05-28 15:30:00,191.61,191.95,191.06,191.255,4381780,0,0
2024-05-28 16:30:00,191.2502,191.459,190.86,190.875,3205058,0,0
2024-05-28 17:30:00,190.875,190.96001,189.64999,189.7298,4766217,0,0
2024-05-28 18:30:00,189.72501,189.87,189.10001,189.53281,5144489,0,0
2024-05-28 19:30:00,189.53799,190.10001,189.33,190.10001,4991097,0,0
2024-05-29 13:30:00,189.61011,192.24001,189.61011,191.86,12966955,0,0
2024-05-29 14:30:00,191.8401,192.23,191.1355,191.4894,6820441,0,0
2024-05-29 15:30:00,191.485,191.77499,191.105,191.75999,4647422,0,0
2024-05-29 16:30:00,191.77,192.02499,191.50999,191.78999,3262144,0,0
2024-05-29 17:30:00,191.78011,191.96001,191.31,191.60001,4163769,0,0
2024-05-29 18:30:00,191.56,191.62,190.72031,191.13,4717806,0,0
2024-05-29 19:30:00,191.12,191.21001,189.98,190.38,6680542,0,0
2024-05-30 13:30:00,191.0811,192.10001,190.63,191.44501,11192477,0,0
2024-05-30 14:30:00,191.45,191.825,191.0,191.69501,5533218,0,0
2024-05-30 15:30:00,191.67,191.75,191.10001,191.25999,3047619,0,0
2024-05-30 16:30:00,191.25999,192.14,191.205,192.0787,3757523,0,0
2024-05-30 17:30:00,192.08,192.17999,191.36,191.535,3362017,0,0
2024-05-30 18:30:00,191.5367,191.8,191.41,191.565,4143522,0,0
2024-05-30 19:30:00,191.58,191.84,190.85001,191.28999,6616325,0,0
2024-05-31 13:30:00,191.31,192.56,191.3,191.69,10357913,0,0
2024-05-31 14:30:00,191.69,191.95,190.12,190.35001,6878138,0,0
2024-05-31 15:30:00,190.36,190.69991,189.92999,190.1972,4381497,0,0
2024-05-31 16:30:00,190.19,190.59,189.92,190.57001,3119027,0,0
2024-05-31 17:30:00,190.57539,190.82001,190.38499,190.55499,2877381,0,0
2024-05-31 18:30:00,190.52,191.2388,190.34,191.05,6021035,0,0
2024-05-31 19:30:00,191.0,192.4799,190.9046,192.39,9851463,0,0
2024-06-03 13:30:00,192.98,194.99001,192.53,194.83501,14806084,0,0
2024-06-03 14:30:00,194.83,194.92,193.58,194.13,6469352,0,0
2024-06-03 15:30:00,194.12,194.39,193.24001,193.2894,4781872,0,0
2024-06-03 16:30:00,193.28,193.8264,192.84,193.78999,4233538,0,0
2024-06-03 17:30:00,193.75999,194.05499,193.09,193.10001,3561086,0,0
2024-06-03 18:30:00,193.10001,193.52,192.9101,193.354,3785048,0,0
2024-06-03 19:30:00,193.36,194.11,193.28,194.09,5118764,0,0
2024-06-04 13:30:00,194.72,194.92999,193.03419,194.03,10693104,0,0
2024-06-04 14:30:00,194.02499,194.39999,193.66,194.05,5032304,0,0
2024-06-04 15:30:00,194.05499,194.49001,193.715,194.47,3593838,0,0
2024-06-04 16:30:00,194.47,194.82001,194.34,194.80499,3308960,0,0
2024-06-04 17:30:00,194.81,195.32001,194.41,195.235,5053574,0,0
2024-06-04 18:30:00,195.23,195.32001,193.92999,194.5072,5071285,0,0
2024-06-04 19:30:00,194.505,194.87,194.17999,194.36501,4327507,0,0
2024-06-05 13:30:00,195.42,196.42,194.88,195.375,11655383,0,0
2024-06-05 14:30:00,195.38,196.17,195.19501,196.14,6044987,0,0
2024-06-05 15:30:00,196.14,196.89999,195.82001,195.925,6551624,0,0
2024-06-05 16:30:00,195.92,196.25999,195.6001,195.88519,4380580,0,0
2024-06-05 17:30:00,195.88,196.7,195.88,196.205,5004091,0,0
2024-06-05 18:30:00,196.2,196.44,195.72,196.13989,4731794,0,0
2024-06-05 19:30:00,196.13,196.45,195.62,195.89999,6222302,0,0
2024-06-06 13:30:00,195.59,196.485,195.21519,195.94991,9627083,0,0
2024-06-06 14:30:00,195.89,195.99001,195.45,195.83501,4454058,0,0
2024-06-06 15:30:00,195.83,195.83501,195.42,195.675,3210743,0,0
2024-06-06 16:30:00,195.6705,196.06979,195.4736,195.64999,3210796,0,0
2024-06-06 17:30:00,195.6413,195.73,194.96001,195.5341,3817331,0,0
2024-06-06 18:30:00,195.53999,195.53999,195.03,195.39,3431683,0,0
2024-06-06 19:30:00,195.395,195.47,194.17999,194.48,5961138,0,0
2024-06-07 13:30:00,194.66,195.75,194.14,194.81,10154074,0,0
2024-06-07 14:30:00,194.80499,195.97,194.7401,195.62,6480520,0,0
2024-06-07 15:30:00,195.625,196.185,195.60001,195.955,7373793,0,0
2024-06-07 16:30:00,195.96001,196.49001,195.71001,196.36,4552773,0,0
2024-06-07 17:30:00,196.36,196.58,195.72,195.87,5669748,0,0
2024-06-07 18:30:00,195.86,196.44,195.58,196.4395,4413006,0,0
2024-06-07 19:30:00,196.435,196.94,196.24001,196.89999,7738011,0,0
2024-06-10 13:30:00,197.2,197.28169,194.83,195.62,15640700,0,0
2024-06-10 14:30:00,195.6217,195.74001,195.25,195.5542,5515526,0,0
2024-06-10 15:30:00,195.56,196.21001,195.07001,195.8884,6844150,0,0
2024-06-10 16:30:00,195.89,196.38,195.11,195.425,7537803,0,0
2024-06-10 17:30:00,195.44,196.45,192.14999,193.16,23696662,0,0
2024-06-10 18:30:00,193.14999,194.3,192.33,192.965,17145821,0,0
2024-06-10 19:30:00,192.96001,193.19,192.28999,193.13,9924521,1,0
2024-06-11 13:30:00,193.66,201.045,193.64,200.89999,42189427,0,0
2024-06-11 14:30:00,200.8925,204.50999,200.88,204.4099,33923446,0,0
2024-06-11 15:30:00,204.395,205.45,203.45,204.22501,23287350,0,0
2024-06-11 16:30:00,204.2476,206.03,203.8,205.03999,15916325,0,0
2024-06-11 17:30:00,205.03,205.41,204.44,205.08,11453848,0,0
2024-06-11 18:30:00,205.09,205.92999,204.7,205.73,12935816,0,0
2024-06-11 19:30:00,205.73,207.16,205.49001,207.14,16510894,0,0
2024-06-12 13:30:00,207.75,215.99001,207.42999,215.235,56496074,0,0
2024-06-12 14:30:00,215.22,218.12,214.67999,217.58009,28525914,0,0
2024-06-12 15:30:00,217.58,217.60001,215.27,215.35001,17483667,0,0
2024-06-12 16:30:00,215.3306,217.36,214.86099,216.92999,12561436,0,0
2024-06-12 17:30:00,216.92751,219.325,216.46001,218.96021,17876803,0,0
2024-06-12 18:30:00,218.9501,220.2,217.37,217.73,23575609,0,0
2024-06-12 19:30:00,217.74001,217.75999,212.84,213.11169,27633505,0,0
2024-06-13 13:30:00,214.78,216.75,213.14,213.8502,30111186,0,0
2024-06-13 14:30:00,213.8643,214.55901,212.1701,213.44501,11890302,0,0
2024-06-13 15:30:00,213.4359,214.0618,211.60001,212.10001,8952250,0,0
2024-06-13 16:30:00,212.11,213.74001,212.03,213.60001,6757287,0,0
2024-06-13 17:30:00,213.605,213.78999,212.4001,213.19,6146495,0,0
2024-06-13 18:30:00,213.2,214.39999,213.03999,214.34,12111802,0,0
2024-06-13 19:30:00,214.33,214.88,213.832,214.13,9252524,0,0
2024-06-14 13:30:00,213.81,215.17,212.62,213.39,16970905,0,0
2024-06-14 14:30:00,213.39,213.91991,212.66,213.595,9007098,0,0
2024-06-14 15:30:00,213.595,213.82001,211.67,211.75,9057332,0,0
2024-06-14 16:30:00,211.75,212.27901,211.3,211.78,6971182,1,0
2024-06-14 17:30:00,211.78,212.45,211.69,212.22501,5419804,0,0
2024-06-14 18:30:00,212.22951,212.39,211.67999,212.38,5080813,0,0
2024-06-14 19:30:00,212.375,212.58791,211.42,212.52,7731194,0,0
2024-06-17 13:30:00,213.83501,216.49001,212.72,216.0914,23579228,0,0
2024-06-17 14:30:00,216.09,217.33,215.33,216.3315,11752782,0,0
2024-06-17 15:30:00,216.33,217.07001,215.82001,216.53999,7605894,0,0
2024-06-17 16:30:00,216.53999,218.10001,216.13,217.82001,7465754,0,0
2024-06-17 17:30:00,217.83,218.75,217.75,218.35001,8525981,0,0
2024-06-17 18:30:00,218.3452,218.94501,217.96001,218.155,9383966,0,0
2024-06-17 19:30:00,218.16,218.34,215.48,216.71001,11852085,0,0
2024-06-18 13:30:00,217.61,218.63,214.44,215.31,21562377,0,0
2024-06-18 14:30:00,215.31,215.8,213.44,214.36,11158176,0,0
2024-06-18 15:30:00,214.355,214.44,213.0,213.22,7665650,0,0
2024-06-18 16:30:00,213.22,214.23,213.21651,213.66,7074821,0,0
2024-06-18 17:30:00,213.66,214.05569,213.07001,213.72301,5483651,0,0
2024-06-18 18:30:00,213.72501,214.91,213.4001,214.64999,7084903,0,0
2024-06-18 19:30:00,214.645,215.10001,213.91,214.38,7980426,0,0
2024-06-20 13:30:00,213.92999,214.24001,211.48,211.6386,18864147,0,0
2024-06-20 14:30:00,211.63,211.97,209.53,209.535,12783233,0,0
2024-06-20 15:30:00,209.53999,211.17,209.42,209.52499,9155236,0,0
2024-06-20 16:30:00,209.53,210.2899,209.13,209.38,6958427,0,0
2024-06-20 17:30:00,209.37,210.60001,209.21001,210.03999,6536332,0,0
2024-06-20 18:30:00,210.03999,210.17,209.16,209.6732,8591610,0,0
2024-06-20 19:30:00,209.675,209.75,208.85001,209.56,9279123,0,0
2024-06-21 13:30:00,210.39,211.89,209.59,210.8201,29890095,0,0
2024-06-21 14:30:00,210.83,211.4348,210.42,210.82001,9274770,0,0
2024-06-21 15:30:00,210.82001,211.63,210.72,211.10001,4636632,0,0
2024-06-21 16:30:00,211.09,211.10989,209.85001,210.06,8297469,0,0
2024-06-21 17:30:00,210.06,210.98,209.95,210.845,5231252,0,0
2024-06-21 18:30:00,210.84,210.97,209.97,210.42,9306373,0,0
2024-06-21 19:30:00,210.41499,210.85001,207.11,207.11,19612185,0,0
2024-06-24 13:30:00,207.72,209.56,206.59,209.005,16085400,0,0
2024-06-24 14:30:00,209.0,212.7,208.92,212.36549,13997902,0,0
2024-06-24 15:30:00,212.38,212.61,210.63,210.91,8594567,0,0
2024-06-24 16:30:00,210.91,211.0,209.392,210.005,6365972,0,0
2024-06-24 17:30:00,210.0,210.09,208.88,209.37,5647376,0,0
2024-06-24 18:30:00,209.38,209.50999,208.52,208.85899,5602001,0,0
2024-06-24 19:30:00,208.85001,208.91,207.8446,208.14999,8540682,0,0
2024-06-25 13:30:00,209.08,211.38,208.61,209.7999,14332677,0,0
2024-06-25 14:30:00,209.8,210.25999,209.2001,209.71001,6546201,0,0
2024-06-25 15:30:00,209.72,210.485,209.71001,210.0314,3540240,0,0
2024-06-25 16:30:00,210.03,210.19,209.38,210.11501,3379196,0,0
2024-06-25 17:30:00,210.11501,210.6701,209.94,210.66,3356142,0,0
2024-06-25 18:30:00,210.65891,210.66901,209.89,210.14011,3656016,0,0
2024-06-25 19:30:00,210.14,210.14,208.82001,209.076,5902321,0,0
2024-06-26 13:30:00,211.44,213.0,210.64,212.36,15333791,0,0
2024-06-26 14:30:00,212.37,213.74001,212.34399,213.21001,8758442,0,0
2024-06-26 15:30:00,213.21001,214.78,213.03,214.345,6975792,0,0
2024-06-26 16:30:00,214.345,214.37,213.23,213.56,4272468,0,0
2024-06-26 17:30:00,213.5517,214.86,213.49001,214.35001,5926758,0,0
2024-06-26 18:30:00,214.345,214.57001,212.83,213.26199,5748909,0,0
2024-06-26 19:30:00,213.2899,213.5,212.72,213.12,5827438,0,0
2024-06-27 13:30:00,214.64999,215.63,213.39999,213.785,14258527,0,0
2024-06-27 14:30:00,213.795,213.9563,212.39999,212.98,6786435,0,0
2024-06-27 15:30:00,212.92999,213.86,212.5899,213.86,4416969,0,0
2024-06-27 16:30:00,213.855,214.17,213.56599,214.0,3650065,0,0
2024-06-27 17:30:00,213.99541,214.07001,213.05,213.42,3164711,0,0
2024-06-27 18:30:00,213.41499,214.015,213.28,213.83,3517000,0,0
2024-06-27 19:30:00,213.83,214.11,213.145,214.10001,5159462,0,0
2024-06-28 13:30:00,215.80499,216.07001,213.5703,214.64,13755548,0,0
2024-06-28 14:30:00,214.63499,215.3,213.77,214.34,6226559,0,0
2024-06-28 15:30:00,214.33,214.71001,213.52,213.84,5602697,0,0
2024-06-28 16:30:00,213.83501,214.53,213.27,213.83009,4952402,0,0
2024-06-28 17:30:00,213.85001,214.08,213.13,213.21001,3774396,0,0
2024-06-28 18:30:00,213.21001,213.485,212.7,213.05499,4936041,0,0
2024-06-28 19:30:00,213.05,213.60989,210.3,210.61,13592315,0,0
2024-07-01 13:30:00,212.17999,215.58,211.965,215.235,14825593,0,0
2024-07-01 14:30:00,215.22,215.53,214.09,215.01331,7686790,0,0
2024-07-01 15:30:00,214.95,216.55499,214.715,216.55009,6938052,0,0
2024-07-01 16:30:00,216.515,217.5,216.5,217.255,8453035,0,0
2024-07-01 17:30:00,217.16499,217.17999,215.94,215.94,4139880,0,0
2024-07-01 18:30:00,215.92,216.24001,215.16,215.535,5271949,0,0
2024-07-01 19:30:00,215.535,217.0,215.47,216.73,5426090,0,0
2024-07-02 13:30:00,216.14999,218.89999,215.10001,218.7099,14475116,0,0
2024-07-02 14:30:00,218.71001,220.33,218.5638,219.51019,11593279,0,0
2024-07-02 15:30:00,219.53,220.11,218.75999,219.16499,5151809,0,0
2024-07-02 16:30:00,219.14999,219.5,218.8308,219.39999,3236672,0,0
2024-07-02 17:30:00,219.4001,220.07001,219.27,220.03,3762941,0,0
2024-07-02 18:30:00,220.03,220.33,219.50999,219.62,4789218,0,0
2024-07-02 19:30:00,219.61,220.38,219.5,220.37,5279602,0,0
2024-07-03 13:30:00,220.42999,221.39999,219.03,219.38,14372255,0,0
2024-07-03 14:30:00,219.3799,220.73,219.1001,220.11501,6600486,0,0
2024-07-03 15:30:00,220.11501,221.3,219.77,221.3,5274586,0,0
2024-07-03 16:30:00,221.28999,221.55,220.88,221.55,10951170,0,0
2024-07-05 13:30:00,221.64999,225.44,221.64999,225.17081,17905237,0,0
2024-07-05 14:30:00,225.17,225.19,223.83,224.72,7018234,0,0
2024-07-05 15:30:00,224.72,225.4191,224.67999,225.22,5004157,0,0
2024-07-05 16:30:00,225.23,225.37,224.73,225.35001,3808323,0,0
2024-07-05 17:30:00,225.355,225.64,224.98,225.25,4601702,0,0
2024-07-05 18:30:00,225.25999,225.52499,225.00999,225.42,4479668,0,0
2024-07-05 19:30:00,225.41991,226.45,225.36,226.31,7165954,0,0
2024-07-08 13:30:00,227.09,227.35001,223.25,225.2,16387202,0,0
2024-07-08 14:30:00,225.1998,226.81,224.7832,226.50999,8150247,0,0
2024-07-08 15:30:00,226.53,227.0,225.78999,226.52,5305936,0,0
2024-07-08 16:30:00,226.50999,226.89999,226.05,226.5999,4946609,0,0
2024-07-08 17:30:00,226.58,227.44,226.39,227.33,4890440,0,0
2024-07-08 18:30:00,227.33,227.36,226.46001,226.825,4484923,0,0
2024-07-08 19:30:00,226.81,227.84,226.7601,227.8,6040675,0,0
2024-07-09 13:30:00,228.185,229.395,226.3721,228.53,13450286,0,0
2024-07-09 14:30:00,228.5229,228.655,227.3,227.91499,8133838,0,0
2024-07-09 15:30:00,227.9101,228.248,227.60001,228.17999,4278456,0,0
2024-07-09 16:30:00,228.17,228.7254,228.00999,228.00999,4244252,0,0
2024-07-09 17:30:00,228.0,228.535,227.85001,228.44,3230951,0,0
2024-07-09 18:30:00,228.45,228.5199,228.16,228.36,3274100,0,0
2024-07-09 19:30:00,228.35001,228.78,228.1842,228.7,4806474,0,0
2024-07-10 13:30:00,229.44,231.722,229.25,231.10001,14711583,0,0
2024-07-10 14:30:00,231.11,231.155,230.105,230.995,6360484,0,0
2024-07-10 15:30:00,231.0,232.74001,230.955,232.19501,9467527,0,0
2024-07-10 16:30:00,232.2,232.42,230.71001,231.56,7182941,0,0
2024-07-10 17:30:00,231.57001,232.14999,231.52,232.10001,4334817,0,0
2024-07-10 18:30:00,232.10001,232.19,231.63,231.75999,4261881,0,0
2024-07-10 19:30:00,231.75999,233.08,231.705,232.91,7115598,0,0
2024-07-11 13:30:00,231.31171,232.39,228.53,228.89999,16644797,0,0
2024-07-11 14:30:00,228.87,229.64,226.27,226.62,10923612,0,0
2024-07-11 15:30:00,226.62,227.84,225.77,227.76579,7102718,0,0
2024-07-11 16:30:00,227.75999,228.72,227.27,227.98,5833847,0,0
2024-07-11 17:30:00,227.97,227.97501,226.59,227.265,3378095,0,0
2024-07-11 18:30:00,227.25999,228.55,227.21001,227.71001,4129270,0,0
2024-07-11 19:30:00,227.72,228.7,227.55,227.55,6050973,0,0
2024-07-12 13:30:00,229.0,231.5,228.67999,230.88,14080146,0,0
2024-07-12 14:30:00,230.88,232.39799,230.62,231.8999,7527748,0,0
2024-07-12 15:30:00,231.89999,231.99001,230.50999,230.71001,5014273,0,0
2024-07-12 16:30:00,230.71001,231.91,230.57001,231.9025,4220317,0,0
2024-07-12 17:30:00,231.89999,232.64,231.84,232.27,4525973,0,0
2024-07-12 18:30:00,232.265,232.36,231.56,231.85989,3484723,0,0
2024-07-12 19:30:00,231.86,231.87,229.91,230.57001,5822133,0,0
2024-07-15 13:30:00,236.532,237.23,233.34,234.7901,20535733,0,0
2024-07-15 14:30:00,234.82001,236.3101,234.48,235.60001,7067378,0,0
2024-07-15 15:30:00,235.58,235.9498,234.5,235.308,6582105,0,0
2024-07-15 16:30:00,235.32001,235.88,234.62,234.69,3851727,0,0
2024-07-15 17:30:00,234.6595,234.8,233.90401,234.205,3774759,0,0
2024-07-15 18:30:00,234.21001,235.07001,233.97,234.58,4097236,0,0
2024-07-15 19:30:00,234.58,234.78999,233.09,234.42,5847732,0,0
2024-07-16 13:30:00,235.205,236.27,233.00999,233.83,11433979,0,0
2024-07-16 14:30:00,233.83,234.91,233.675,234.16,5219269,0,0
2024-07-16 15:30:00,234.16,234.35001,232.62,232.94791,5683620,0,0
2024-07-16 16:30:00,232.925,233.7972,232.33,233.545,4383942,0,0
2024-07-16 17:30:00,233.53999,234.55,233.41499,234.39,3187466,0,0
2024-07-16 18:30:00,234.39951,234.86501,234.3,234.55991,3209757,0,0
2024-07-16 19:30:00,234.55,234.98,234.285,234.81,2857260,0,0
2024-07-17 13:30:00,229.48,231.4599,226.64,227.82001,17630432,0,0
2024-07-17 14:30:00,227.8,228.83,227.45,228.62,6106772,0,0
2024-07-17 15:30:00,228.63,229.00999,228.095,228.495,4229799,0,0
2024-07-17 16:30:00,228.485,229.00999,228.14999,228.7,3870619,0,0
2024-07-17 17:30:00,228.67999,229.78,228.25999,229.5191,4477036,0,0
2024-07-17 18:30:00,229.51801,229.8,228.96001,229.14,4776274,0,0
2024-07-17 19:30:00,229.14,229.82001,228.57001,228.88499,6250577,0,0
2024-07-18 13:30:00,230.345,230.44,226.59,227.89,12105218,0,0
2024-07-18 14:30:00,227.87,228.00999,222.78999,222.99001,12807960,0,0
2024-07-18 15:30:00,222.98,224.03,222.45,223.35001,7965624,0,0
2024-07-18 16:30:00,223.35001,225.065,222.47,224.56,6798222,0,0
2024-07-18 17:30:00,224.55,225.2,224.41499,224.6001,5011871,0,0
2024-07-18 18:30:00,224.58,225.07001,223.4509,224.13,4639961,0,0
2024-07-18 19:30:00,224.12,225.14999,223.825,224.19,5051993,0,0
2024-07-19 13:30:00,224.85201,226.8,224.42,225.01421,14532936,0,0
2024-07-19 14:30:00,225.06,225.86,223.8708,223.96001,5147862,0,0
2024-07-19 15:30:00,223.96001,225.05,223.56,223.94501,5582598,0,0
2024-07-19 16:30:00,223.94,224.5799,223.27499,224.46001,3519449,0,0
2024-07-19 17:30:00,224.42999,224.94501,223.86,224.44,3290229,0,0
2024-07-19 18:30:00,224.46001,225.12,223.89,225.00999,3663851,0,0
2024-07-19 19:30:00,225.0,225.0699,224.00999,224.38,5391560,0,0
2024-07-22 13:30:00,227.27,227.78,225.58,226.8,10034749,0,0
2024-07-22 14:30:00,226.80499,227.12511,223.72,223.8299,6311242,0,0
2024-07-22 15:30:00,223.78,224.14,223.09,223.83501,5069673,0,0
2024-07-22 16:30:00,223.83,224.59,223.7,224.39,3586983,0,0
2024-07-22 17:30:00,224.37,225.4201,224.33,225.05,3036671,0,0
2024-07-22 18:30:00,225.06,225.63,224.63,224.67999,4186965,0,0
2024-07-22 19:30:00,224.67999,225.03999,223.78,223.92999,4547672,0,0
2024-07-23 13:30:00,224.39999,225.14,222.67999,224.625,7388967,0,0
2024-07-23 14:30:00,224.64,226.73,224.1006,226.6089,6499237,0,0
2024-07-23 15:30:00,226.61501,226.92999,225.2,225.63989,4621340,0,0
2024-07-23 16:30:00,225.63,225.69991,224.61501,224.72,3440068,0,0
2024-07-23 17:30:00,224.71001,225.03999,224.38,224.53999,2742571,0,0
2024-07-23 18:30:00,224.5724,225.10001,224.328,225.07471,2717902,0,0
2024-07-23 19:30:00,225.06,225.28,224.32001,225.00999,3762733,0,0
2024-07-24 13:30:00,224.0,224.8,220.3,220.89,11171284,0,0
2024-07-24 14:30:00,220.89999,221.03,218.28999,218.675,9222223,0,0
2024-07-24 15:30:00,218.67,218.84,217.13,217.905,6271860,0,0
2024-07-24 16:30:00,217.9099,218.55,217.72,218.0258,4492564,0,0
2024-07-24 17:30:00,218.02,218.86,217.84,218.16,3875716,0,0
2024-07-24 18:30:00,218.16,218.42999,217.7563,217.89,4462246,0,0
2024-07-24 19:30:00,217.88,218.78,217.7,218.57001,7678488,0,0
2024-07-25 13:30:00,219.4899,219.845,214.62,215.81,14511154,0,0
2024-07-25 14:30:00,215.82001,219.39999,215.44009,218.67999,7550272,0,0
2024-07-25 15:30:00,218.68401,220.52,218.11,220.192,5489891,0,0
2024-07-25 16:30:00,220.2,220.85001,219.27,219.42,4035246,0,1
2024-07-25 17:30:00,219.42999,220.48,219.3573,219.88,3151089,0,0
2024-07-25 18:30:00,219.86,220.42,218.617,220.125,3922802,0,0
2024-07-25 19:30:00,220.10001,220.27,217.33,217.49001,5667186,0,0
2024-07-26 13:30:00,218.85001,219.1499,216.00999,217.39999,10822541,0,0
2024-07-26 14:30:00,217.395,218.15401,216.4559,217.9554,4349192,0,0
2024-07-26 15:30:00,217.955,219.02,217.50999,218.69119,4508080,0,0
2024-07-26 16:30:00,218.71001,219.49001,218.71001,219.3045,3100683,0,0
2024-07-26 17:30:00,219.30499,219.3269,217.67999,218.14999,3519375,0,0
2024-07-26 18:30:00,218.16,218.75,217.561,218.605,3261740,0,0
2024-07-26 19:30:00,218.62,218.62,217.13,218.12,4479378,0,0
2024-07-29 13:30:00,216.67999,219.3,215.92999,217.73,9684510,0,0
2024-07-29 14:30:00,217.75,218.69,216.50999,217.14,5007715,0,0
2024-07-29 15:30:00,217.11,218.96001,216.60049,218.545,3349338,0,0
2024-07-29 16:30:00,218.55,219.28,218.375,218.7,2769535,0,0
2024-07-29 17:30:00,218.7,219.0869,218.05,218.35001,2855524,0,0
2024-07-29 18:30:00,218.34,218.75,217.97,218.59,3092834,0,0
2024-07-29 19:30:00,218.59,219.12,218.0,218.21001,3984140,0,0
2024-07-30 13:30:00,219.03999,220.325,218.56,219.07001,8172417,0,0
2024-07-30 14:30:00,219.07001,219.3358,217.17,217.28999,5639492,0,0
2024-07-30 15:30:00,217.28,217.53999,216.33,216.98,3537121,0,0
2024-07-30 16:30:00,216.96001,217.35001,216.12,217.25,3365740,0,0
2024-07-30 17:30:00,217.24001,218.74001,216.96001,218.285,3146102,0,0
2024-07-30 18:30:00,218.28,218.71001,217.97,218.63,3328246,0,0
2024-07-30 19:30:00,218.64,219.92,218.45,218.78999,5666938,0,0
2024-07-31 13:30:00,221.53,223.44,220.64,222.83,10966219,0,0
2024-07-31 14:30:00,222.84,223.82001,222.3,223.155,5147851,0,0
2024-07-31 15:30:00,223.155,223.37,222.17,222.37,3107571,0,0
2024-07-31 16:30:00,222.38361,223.00999,222.08009,222.60001,3484238,0,0
2024-07-31 17:30:00,222.595,223.00999,221.31,222.92999,3509520,0,0
2024-07-31 18:30:00,222.94,223.37,221.285,221.61011,4951278,0,0
2024-07-31 19:30:00,221.64,223.00929,221.37,221.99001,5618520,0,0
2024-08-01 13:30:00,224.37,224.4505,221.25999,221.28,10512069,0,0
2024-08-01 14:30:00,221.27969,221.73,220.12,220.53999,6309661,0,0
2024-08-01 15:30:00,220.56,220.85001,219.02,219.32001,4477931,0,0
2024-08-01 16:30:00,219.34,219.5,217.63,218.14999,4455108,0,0
2024-08-01 17:30:00,218.16,218.8,217.1908,217.78999,6390068,0,0
2024-08-01 18:30:00,217.795,218.1599,217.02,218.05499,6030523,0,0
2024-08-01 19:30:00,218.05,219.14,217.13499,218.28,7438049,0,0
2024-08-02 13:30:00,219.14999,224.41499,217.71001,222.655,29536982,0,0
2024-08-02 14:30:00,222.63,224.3799,221.75999,222.83,14319380,0,0
2024-08-02 15:30:00,222.86,224.72,221.42,224.62,9098444,0,0
2024-08-02 16:30:00,224.61501,225.60001,223.45,224.64,7487153,0,0
2024-08-02 17:30:00,224.63,225.005,221.91,223.435,7549443,0,0
2024-08-02 18:30:00,223.42,224.10001,222.11,222.62,6527167,0,0
2024-08-02 19:30:00,222.63,222.9883,219.06,219.8,11042774,0,0
2024-08-05 13:30:00,199.14,211.11,196.21001,207.9787,43357359,1,0
2024-08-05 14:30:00,207.9407,213.47,207.82001,211.17,13404154,0,0
2024-08-05 15:30:00,211.2,213.0,209.505,212.61501,8715135,0,0
2024-08-05 16:30:00,212.62,212.64999,209.72,210.81,6246693,0,0
2024-08-05 17:30:00,210.78999,211.89,209.37,210.61,5113963,0,0
2024-08-05 18:30:00,210.563,210.95,203.92,206.42999,16677734,0,0
2024-08-05 19:30:00,206.42999,209.35001,206.0117,209.19,11251750,0,0
2024-08-06 13:30:00,205.39,206.25,201.07001,204.89011,24100484,0,0
2024-08-06 14:30:00,204.98,207.7395,204.37,206.11,7809373,0,0
2024-08-06 15:30:00,206.12041,208.99001,206.06,208.631,5901965,0,0
2024-08-06 16:30:00,208.67,209.98,208.36,208.99001,4607591,0,0
2024-08-06 17:30:00,209.00999,209.4799,207.705,209.4464,4848283,0,0
2024-08-06 18:30:00,209.45,209.95,207.39999,208.505,5270629,0,0
2024-08-06 19:30:00,208.505,208.59,206.39999,207.125,6503258,0,0
2024-08-07 13:30:00,206.89,212.89999,206.41,211.7,15714668,0,0
2024-08-07 14:30:00,211.69,213.59,211.47,213.16,6367518,0,0
2024-08-07 15:30:00,213.12399,213.64,211.17999,212.58501,5060827,0,0
2024-08-07 16:30:00,212.5997,212.97,210.35001,211.03999,5212227,0,0
2024-08-07 17:30:00,211.03999,211.49001,210.02,211.06,5095212,0,0
2024-08-07 18:30:00,211.02,211.02,208.48,210.5201,6015049,0,0
2024-08-07 19:30:00,210.55,210.99001,209.41,209.86,5358011,0,0
2024-08-08 13:30:00,213.095,213.21001,208.83,212.56,10469761,0,0
2024-08-08 14:30:00,212.58,212.99001,211.08,212.21001,4980328,0,0
2024-08-08 15:30:00,212.21001,213.46001,211.71001,213.25,4529256,0,0
2024-08-08 16:30:00,213.265,213.99001,212.5,213.8976,3977066,0,0
2024-08-08 17:30:00,213.89999,214.2,212.7075,212.98,3971724,0,0
2024-08-08 18:30:00,212.9959,213.42999,212.12,212.1301,3833831,0,0
2024-08-08 19:30:00,212.14,213.52,211.88,213.34,4665159,0,0
2024-08-09 13:30:00,212.08,214.78951,211.98,214.7,7767530,0,0
2024-08-09 14:30:00,214.71001,215.735,213.67,215.13499,4852988,0,0
2024-08-09 15:30:00,215.12,215.71001,214.41,214.53011,3993538,0,0
2024-08-09 16:30:00,214.53,216.53999,214.5101,216.535,3806159,0,0
2024-08-09 17:30:00,216.53999,216.78,214.92,215.28,3531367,0,0
2024-08-09 18:30:00,215.27499,216.38,214.89999,216.285,4226291,0,0
2024-08-09 19:30:00,216.25999,216.61501,215.34,216.3,5238718,0,0
2024-08-12 13:30:00,216.0,218.715,215.60001,218.45,8545889,0,0
2024-08-12 14:30:00,218.44,219.5099,217.14999,217.81,5785498,0,0
2024-08-12 15:30:00,217.7948,218.7574,217.35001,217.98,4072901,0,0
2024-08-12 16:30:00,217.97,218.34,217.03,217.2477,3376508,0,0
2024-08-12 17:30:00,217.25,217.455,216.48,216.745,2928826,0,0
2024-08-12 18:30:00,216.7,217.42999,216.595,217.03,2657864,0,0
2024-08-12 19:30:00,217.03999,217.63,216.59,217.55,3179687,0,0
2024-08-13 13:30:00,219.105,221.71001,219.00999,221.0,11857628,0,0
2024-08-13 14:30:00,220.995,221.5,220.2606,221.05499,4325256,0,0
2024-08-13 15:30:00,221.05,221.59869,220.89,221.1105,3691243,0,0
2024-08-13 16:30:00,221.09,221.8,220.96001,221.69,2825480,0,0
2024-08-13 17:30:00,221.69,221.89,220.565,221.218,3040248,0,0
2024-08-13 18:30:00,221.24609,221.48489,220.53999,220.66,2559260,0,0
2024-08-13 19:30:00,220.67,221.28,220.42,221.27,3842702,0,0
2024-08-14 13:30:00,220.565,222.02,219.7,221.1104,10322006,0,0
2024-08-14 14:30:00,221.11,222.56,220.455,222.5587,4517827,0,0
2024-08-14 15:30:00,222.55,223.03,221.015,221.30499,4029799,0,0
2024-08-14 16:30:00,221.32001,221.46001,220.38,221.175,3645945,0,0
2024-08-14 17:30:00,221.16,221.769,220.91,221.53999,3099853,0,0
2024-08-14 18:30:00,221.53,221.61,220.81,221.16,2990194,0,0
2024-08-14 19:30:00,221.16,222.35001,221.15311,221.62,4112373,0,0
2024-08-15 13:30:00,224.55,224.99001,222.75999,224.78999,9897134,0,0
2024-08-15 14:30:00,224.78,225.34,223.89999,224.005,5316678,0,0
2024-08-15 15:30:00,224.00999,225.015,223.85001,224.995,3233561,0,0
2024-08-15 16:30:00,225.0,225.02,224.245,224.545,3507566,0,0
2024-08-15 17:30:00,224.56,225.14999,224.50999,225.07001,2520626,0,0
2024-08-15 18:30:00,225.06,225.33,224.9138,225.06,3818557,0,0
2024-08-15 19:30:00,225.05499,225.09,223.845,224.71001,5065291,0,0
2024-08-16 13:30:00,223.92,225.02,223.6501,224.39,11905855,0,0
2024-08-16 14:30:00,224.38,225.02,223.96609,224.91,4500724,0,0
2024-08-16 15:30:00,224.91,226.4456,224.91,226.34,5068731,0,0
2024-08-16 16:30:00,226.35001,226.8271,226.31,226.55,4500362,0,0
2024-08-16 17:30:00,226.55,226.67,225.63,225.99001,3023962,0,0
2024-08-16 18:30:00,225.985,226.21001,225.7636,225.96001,2364036,0,0
2024-08-16 19:30:00,225.96049,226.14,225.53999,226.10001,3252354,0,0
2024-08-19 13:30:00,225.69501,225.69501,223.03999,224.16,9670189,0,0
2024-08-19 14:30:00,224.16,224.73,223.49001,224.43021,4193053,0,0
2024-08-19 15:30:00,224.4276,224.64999,223.75,224.425,3379602,0,0
2024-08-19 16:30:00,224.41,224.465,223.75,224.02499,2649753,0,0
2024-08-19 17:30:00,224.03,224.66,223.8,224.64,3556772,0,0
2024-08-19 18:30:00,224.645,224.95,224.58,224.92999,2814556,0,0
2024-08-19 19:30:00,224.925,225.97,224.89,225.89999,4867293,0,0
2024-08-20 13:30:00,225.77,227.17,225.45,226.66,7693400,0,0
2024-08-20 14:30:00,226.67999,226.69,225.71001,226.21001,3611714,0,0
2024-08-20 15:30:00,226.205,227.095,226.09,226.89999,2572227,0,0
2024-08-20 16:30:00,226.895,227.09,226.11,226.71001,2086631,0,0
2024-08-20 17:30:00,226.7,227.11,226.35001,227.015,1991274,0,0
2024-08-20 18:30:00,227.03,227.06,226.19,226.485,2299219,0,0
2024-08-20 19:30:00,226.48,226.92999,226.39,226.49001,2581538,0,0
2024-08-21 13:30:00,226.49001,227.67,225.91,227.22501,8159799,0,0
2024-08-21 14:30:00,227.23,227.98,225.88,226.49001,4755603,0,0
2024-08-21 15:30:00,226.49989,226.59,225.63499,226.24001,2772090,0,0
2024-08-21 16:30:00,226.25,226.504,225.9201,226.00011,2061134,0,0
2024-08-21 17:30:00,226.00999,226.45,225.83,226.45,2566714,0,0
2024-08-21 18:30:00,226.45,226.58,225.3302,225.77,2984227,0,0
2024-08-21 19:30:00,225.78,226.56,225.19099,226.39999,3834165,0,0
2024-08-22 13:30:00,227.60001,228.34,226.55,226.77,8837839,0,0
2024-08-22 14:30:00,226.75999,227.21001,226.14,226.17999,3513476,0,0
2024-08-22 15:30:00,226.14,226.44,224.9201,226.42999,3401206,0,0
2024-08-22 16:30:00,226.435,226.61,225.08479,225.645,2873698,0,0
2024-08-22 17:30:00,225.63,225.82001,223.89999,224.85989,3951613,0,0
2024-08-22 18:30:00,224.86,224.94,224.14999,224.32001,2652812,0,0
2024-08-22 19:30:00,224.34,224.92,224.03,224.53,4874043,0,0
2024-08-23 13:30:00,225.65891,228.22,225.52,227.97501,8606738,0,0
2024-08-23 14:30:00,227.99001,228.10001,225.19009,225.95,5457419,0,0
2024-08-23 15:30:00,225.96851,226.71001,224.88,225.11501,3192087,0,0
2024-08-23 16:30:00,225.11,225.99001,224.34,225.965,2664126,0,0
2024-08-23 17:30:00,225.97,226.55,225.95,226.4527,2323736,0,0
2024-08-23 18:30:00,226.455,227.10001,226.22,227.06,2752049,0,0
2024-08-23 19:30:00,227.065,227.1669,226.23,226.77361,3536618,0,0
2024-08-26 13:30:00,227.21001,227.21001,224.4772,224.95,6251104,0,0
2024-08-26 14:30:00,224.92,225.19,223.8905,225.07001,3930509,0,0
2024-08-26 15:30:00,225.06,225.82001,224.64,225.8105,3335827,0,0
2024-08-26 16:30:00,225.811,226.39999,225.75,226.12,2092165,0,0
2024-08-26 17:30:00,226.13,226.425,225.44299,225.87,2251610,0,0
2024-08-26 18:30:00,225.86,226.67,225.7601,226.4301,2444527,0,0
2024-08-26 19:30:00,226.42999,227.28,226.28999,227.25999,3543413,0,0
2024-08-27 13:30:00,226.2101,228.22,224.89,227.97,8575296,0,0
2024-08-27 14:30:00,227.96001,228.81,227.6501,228.63,4591987,0,0
2024-08-27 15:30:00,228.57001,228.66,227.87,227.94,2877065,0,0
2024-08-27 16:30:00,227.92999,228.53,227.55,228.49001,2150303,0,0
2024-08-27 17:30:00,228.5,228.664,228.07001,228.4832,1944293,0,0
2024-08-27 18:30:00,228.48,228.549,228.09,228.14999,1885195,0,0
2024-08-27 19:30:00,228.14999,228.27,227.75,228.14,3396614,0,0
2024-08-28 13:30:00,228.05,229.66,227.871,229.64,8121114,0,0
2024-08-28 14:30:00,229.63,229.85001,226.33,226.81,5991731,0,0
2024-08-28 15:30:00,226.8,227.27,226.25999,227.03,5540740,0,0
2024-08-28 16:30:00,227.02,227.75999,227.00999,227.47,3147608,0,0
2024-08-28 17:30:00,227.47,227.60001,225.6801,226.08,2477678,0,0
2024-08-28 18:30:00,226.08,227.64,225.96001,227.46001,3017614,1,0
2024-08-28 19:30:00,227.45,227.53999,226.34,226.49001,3607069,0,0
2024-08-29 13:30:00,230.28,231.94,228.88,231.42,15038590,0,0
2024-08-29 14:30:00,231.42999,232.89,231.38,232.45,7514585,0,0
2024-08-29 15:30:00,232.4476,232.70911,231.49001,232.45,5159490,0,0
2024-08-29 16:30:00,232.45,232.71001,231.87,232.13,3294196,0,1
2024-08-29 17:30:00,232.14,232.5,230.55,230.836,4397231,0,0
2024-08-29 18:30:00,230.83,230.97,229.6201,230.14,5247410,0,0
2024-08-29 19:30:00,230.17,230.77,229.33,229.81,4555336,0,0
2024-08-30 13:30:00,230.0,230.39999,228.5401,229.19501,8962269,0,0
2024-08-30 14:30:00,229.2,230.00999,227.73,228.245,4967193,0,0
2024-08-30 15:30:00,228.22,228.875,227.55,228.03,3257176,0,0
2024-08-30 16:30:00,228.0202,228.7,227.48,228.14999,2683350,0,0
2024-08-30 17:30:00,228.13499,228.315,227.66,227.99001,2414533,0,0
2024-08-30 18:30:00,228.0,229.05,227.95,229.03999,3332557,0,0
2024-08-30 19:30:00,229.03999,229.85001,228.38,228.86,6922500,0,0
2024-09-03 13:30:00,228.61,229.0,224.73,225.31,10969784,0,0
2024-09-03 14:30:00,225.30499,225.30499,223.50999,223.855,5984800,0,0
2024-09-03 15:30:00,223.86,224.42999,223.27,223.89,3719653,0,0
2024-09-03 16:30:00,223.88,224.14999,223.45,223.8315,2520844,0,0
2024-09-03 17:30:00,223.8252,223.92,221.84,222.13,4242288,0,0
2024-09-03 18:30:00,222.12,222.73,221.77,222.45,4336460,0,0
2024-09-03 19:30:00,222.44,222.78,221.17,222.75,6650499,0,0
2024-09-04 13:30:00,221.66,221.755,217.48,218.63499,13419708,0,0
2024-09-04 14:30:00,218.63,220.25,218.53999,218.6801,6164983,0,0
2024-09-04 15:30:00,218.69501,219.965,218.02,219.92999,3511080,0,0
2024-09-04 16:30:00,220.11,220.7843,219.53999,220.12,3079132,0,0
2024-09-04 17:30:00,220.1046,221.11,220.07001,220.91,3084195,0,0
2024-09-04 18:30:00,220.89999,221.14,220.17,220.55,3235654,0,0
2024-09-04 19:30:00,220.55,221.4301,220.42,220.78999,4798739,0,0
2024-09-05 13:30:00,222.5,225.48,222.36,225.06,10704328,0,0
2024-09-05 14:30:00,225.08,225.39,222.38,222.48,4610917,0,1
2024-09-05 15:30:00,222.46001,222.8196,221.89,222.7952,3171908,0,0
2024-09-05 16:30:00,222.78999,223.14999,222.34,222.39,2425313,0,0
2024-09-05 17:30:00,222.39771,223.75,222.37421,223.3306,2790012,0,0
2024-09-05 18:30:00,223.34,223.89999,222.11,222.83,2545064,0,0
2024-09-05 19:30:00,222.82001,223.37,221.8101,222.39999,3426613,0,0
2024-09-06 13:30:00,224.0,225.24001,222.38,222.69,10837127,0,0
2024-09-06 14:30:00,222.67,223.02,220.83,221.25,6153091,0,0
2024-09-06 15:30:00,221.25,222.06779,220.662,220.6857,3892604,0,0
2024-09-06 16:30:00,220.7,221.64,220.46001,220.98,3419148,0,0
2024-09-06 17:30:00,220.95,221.09,219.77,220.18781,3000383,0,0
2024-09-06 18:30:00,220.19,221.47,219.82001,221.06,3924346,0,0
2024-09-06 19:30:00,221.0625,221.55,220.14,220.91,4598421,0,0
2024-09-09 13:30:00,220.89999,221.0,217.82001,218.875,13584958,0,0
2024-09-09 14:30:00,218.88,219.00999,217.05,218.96001,6687481,0,0
2024-09-09 15:30:00,218.98,220.5,218.92999,220.2039,4368450,0,0
2024-09-09 16:30:00,220.2126,220.92999,219.81,220.84,4747989,0,0
2024-09-09 17:30:00,220.838,220.85001,217.08,217.17,11488645,0,0
2024-09-09 18:30:00,217.14,219.27251,216.72,219.25999,9269515,0,0
2024-09-09 19:30:00,219.27,221.0365,219.27,220.99001,8206929,0,0
2024-09-10 13:30:00,219.59,219.97501,216.73,219.78,14107304,0,0
2024-09-10 14:30:00,219.765,220.22,218.22,219.95,6070513,0,0
2024-09-10 15:30:00,219.95,220.41,218.04041,218.53999,4556201,0,0
2024-09-10 16:30:00,218.53011,220.64999,218.49001,220.27,3685902,0,0
2024-09-10 17:30:00,220.27,221.48,220.19591,220.81,3978034,0,0
2024-09-10 18:30:00,220.83,221.045,220.21001,220.75,5332395,0,0
2024-09-10 19:30:00,220.745,221.11,219.67999,220.17,4674197,0,0
2024-09-11 13:30:00,221.0,222.75,219.14999,219.25,9711760,0,0
2024-09-11 14:30:00,219.24001,219.34,217.96899,218.89999,4829294,0,0
2024-09-11 15:30:00,218.89999,220.95,218.67,220.83521,3877451,0,0
2024-09-11 16:30:00,220.86,221.85001,220.50999,221.2097,2846309,0,0
2024-09-11 17:30:00,221.22,221.7,220.84,221.62,3495565,0,0
2024-09-11 18:30:00,221.64999,221.97,221.11,221.97,4285668,0,0
2024-09-11 19:30:00,221.955,223.0,221.67999,222.86,5531388,0,0
2024-09-12 13:30:00,222.0,222.37939,219.82001,222.07001,8196037,0,0
2024-09-12 14:30:00,222.0712,223.0675,221.09,221.89999,4368515,0,0
2024-09-12 15:30:00,221.89999,222.53999,221.62,221.92999,2289208,0,0
2024-09-12 16:30:00,221.95,223.05,221.71001,222.62,2450018,0,0
2024-09-12 17:30:00,222.60001,223.23,222.58,223.14011,2928926,0,0
2024-09-12 18:30:00,223.14,223.53999,222.16,222.94,3839512,0,0
2024-09-12 19:30:00,222.92999,223.349,222.44,222.87,5236457,0,0
2024-09-13 13:30:00,223.0,223.39,222.19,222.37,9588975,0,0
2024-09-13 14:30:00,222.35001,223.75,221.91,223.545,4492965,0,0
2024-09-13 15:30:00,223.545,223.99001,223.05499,223.3101,2825345,0,0
2024-09-13 16:30:00,223.32001,224.03,223.22,223.5838,2326834,0,0
2024-09-13 17:30:00,223.58,224.02,222.85001,223.0,2945593,0,0
2024-09-13 18:30:00,222.995,223.05,222.33121,222.534,3150741,0,0
2024-09-13 19:30:00,222.53999,222.843,222.31,222.46001,4426267,0,0
2024-09-16 13:30:00,216.47,217.2,213.92,216.66,21390296,0,0
2024-09-16 14:30:00,216.64011,216.91499,214.84,216.5565,8162086,0,0
2024-09-16 15:30:00,216.55,216.58,214.91,215.39999,4852521,0,0
2024-09-16 16:30:00,215.39,215.98,214.9201,215.965,3748142,0,0
2024-09-16 17:30:00,215.96001,216.52,215.75,216.42999,3606890,0,0
2024-09-16 18:30:00,216.425,216.4668,215.92,216.22501,4144167,0,0
2024-09-16 19:30:00,216.22501,216.7,216.17999,216.3,5232224,0,0
2024-09-17 13:30:00,215.5,216.56,214.5,216.42,11537502,0,0
2024-09-17 14:30:00,216.39999,216.89999,215.89,216.205,5086919,0,0
2024-09-17 15:30:00,216.21001,216.84,215.50999,215.75999,4563369,0,0
2024-09-17 16:30:00,215.77,216.23,215.23,216.17,4929353,0,0
2024-09-17 17:30:00,216.16,216.39,215.06,216.14999,3204596,0,0
2024-09-17 18:30:00,216.14,216.62,215.3,216.61,3928149,0,0
2024-09-17 19:30:00,216.60001,216.85001,216.17,216.85001,4733527,0,0
2024-09-18 13:30:00,218.25,220.735,218.1722,220.735,11719790,0,0
2024-09-18 14:30:00,220.7301,221.61,220.25101,220.63,8156848,0,0
2024-09-18 15:30:00,220.64,220.8699,219.52,220.81,4730443,0,0
2024-09-18 16:30:00,220.8,221.35001,220.25999,221.2101,4663209,0,0
2024-09-18 17:30:00,221.22,222.7,219.92999,221.4073,7417109,0,0
2024-09-18 18:30:00,221.4959,221.85001,218.92999,221.5,7309128,0,0
2024-09-18 19:30:00,221.53999,221.81,219.88,220.69,6247706,0,0
2024-09-19 13:30:00,225.0,229.60001,224.64,229.495,18240737,0,0
2024-09-19 14:30:00,229.59,229.74001,227.66,228.49001,8846328,0,0
2024-09-19 15:30:00,228.4846,229.17999,228.0,228.995,5729594,0,0
2024-09-19 16:30:00,228.99001,229.33,228.72079,229.1701,4098355,0,0
2024-09-19 17:30:00,229.1769,229.4557,228.39999,228.87,4410441,0,0
2024-09-19 18:30:00,228.87,229.49001,228.7601,229.46719,4815301,0,0
2024-09-19 19:30:00,229.46001,229.59,228.28999,228.82001,7376731,0,0
2024-09-20 13:30:00,230.13,231.16,229.3011,230.0345,28984533,0,0
2024-09-20 14:30:00,230.03,230.58,229.2,229.77,15364350,0,0
2024-09-20 15:30:00,229.75999,231.74001,229.74001,231.73,7914719,0,0
2024-09-20 16:30:00,231.72,231.92,230.61,230.75,6485883,0,0
2024-09-20 17:30:00,230.74001,231.25999,229.60001,229.77721,7870480,0,0
2024-09-20 18:30:00,229.77,232.0,229.5,231.97501,10546962,0,0
2024-09-20 19:30:00,231.97501,233.09,227.62,228.53,25542112,0,0
2024-09-23 13:30:00,227.34,228.07001,225.86,228.00999,13371857,0,0
2024-09-23 14:30:00,228.00999,229.45,227.63,228.6534,6527900,0,0
2024-09-23 15:30:00,228.66,228.89999,226.92999,226.94,3575768,0,0
2024-09-23 16:30:00,226.94,227.41,226.6201,226.74001,3228628,0,0
2024-09-23 17:30:00,226.74899,227.17999,226.50999,226.67999,2921492,0,0
2024-09-23 18:30:00,226.69,226.75999,225.89999,226.28999,3625613,0,0
2024-09-23 19:30:00,226.28,226.7,225.81,226.45,4397453,0,0
2024-09-24 13:30:00,228.645,229.35001,226.05,226.07001,7586069,0,0
2024-09-24 14:30:00,226.07001,227.48,225.74001,227.0121,4155910,0,0
2024-09-24 15:30:00,227.02,227.7394,226.7,227.55,2884573,0,0
2024-09-24 16:30:00,227.53999,227.75999,226.81,227.24001,2149179,0,0
2024-09-24 17:30:00,227.2422,227.48,226.81,226.8791,1955339,0,0
2024-09-24 18:30:00,226.87,227.09,226.53999,227.026,1999556,0,0
2024-09-24 19:30:00,227.03999,227.5,226.37,227.36,4656959,0,0
2024-09-25 13:30:00,225.25,227.28999,224.61,226.38499,8474137,0,0
2024-09-25 14:30:00,226.27,226.7999,225.38,225.45,4105730,0,0
2024-09-25 15:30:00,225.39999,225.9899,225.32001,225.8701,2773529,0,0
2024-09-25 16:30:00,225.86,226.02,225.27,225.36,2776079,0,0
2024-09-25 17:30:00,225.35001,225.45,224.03,224.89999,4551081,0,0
2024-09-25 18:30:00,224.89,225.32001,224.765,225.2599,2750104,0,0
2024-09-25 19:30:00,225.25,226.44,225.19,226.31,4052804,0,0
2024-09-26 13:30:00,227.0,227.0997,225.89,226.89999,7865653,0,0
2024-09-26 14:30:00,226.91,228.5,226.53,227.38969,5650385,0,0
2024-09-26 15:30:00,227.38651,227.82001,226.67999,227.31,2992378,0,0
2024-09-26 16:30:00,227.315,227.39999,226.67,227.155,1819367,0,0
2024-09-26 17:30:00,227.155,227.71001,226.97099,227.705,2270366,0,0
2024-09-26 18:30:00,227.71001,227.86501,227.46201,227.575,2387943,0,0
2024-09-26 19:30:00,227.58,227.78999,226.99001,227.62,3934449,0,0
2024-09-27 13:30:00,229.0,229.52,227.99001,228.965,7075031,0,0
2024-09-27 14:30:00,228.965,229.07001,227.84,228.13,4071424,0,0
2024-09-27 15:30:00,228.12,228.25,227.3,228.14999,3339358,0,0
2024-09-27 16:30:00,228.14,228.62,227.92,227.995,1914209,0,0
2024-09-27 17:30:00,227.99001,228.52,227.81,227.895,2008696,0,0
2024-09-27 18:30:00,227.89999,228.19,227.53,227.81,2165156,0,0
2024-09-27 19:30:00,227.82001,228.0,227.55,227.82001,3703154,0,0
2024-09-30 13:30:00,231.0,232.3412,230.31,230.98,11787517,0,0
2024-09-30 14:30:00,230.97,232.0499,230.75,231.89999,4589382,0,0
2024-09-30 15:30:00,232.02,232.5383,231.83,232.12,3947937,0,0
2024-09-30 16:30:00,232.12,232.2,231.31,231.645,2500766,0,0
2024-09-30 17:30:00,231.64999,232.0,230.55,231.00999,3105354,0,0
2024-09-30 18:30:00,231.0,231.91,230.7764,231.22,3385830,0,0
2024-09-30 19:30:00,231.205,233.0,231.11,233.0,9077998,0,0
2024-10-01 13:30:00,228.5,228.77,224.66,224.96001,18787494,0,0
2024-10-01 14:30:00,224.7,225.5,224.52,225.47501,7243882,0,0
2024-10-01 15:30:00,225.47,225.94,225.05,225.313,5236262,0,0
2024-10-01 16:30:00,225.3,225.395,223.74001,223.92999,4629057,0,0
2024-10-01 17:30:00,223.92999,225.64,223.84,225.46001,4115947,1,0
2024-10-01 18:30:00,225.44,226.1884,225.246,226.1501,4202375,0,0
2024-10-01 19:30:00,226.14999,226.34,225.8757,226.25999,5044106,0,0
2024-10-02 13:30:00,225.89,226.11,223.03,225.42,9385176,0,0
2024-10-02 14:30:00,225.39999,226.60001,225.27,226.205,4589680,0,0
2024-10-02 15:30:00,226.22,227.05,226.16499,226.952,3954712,0,0
2024-10-02 16:30:00,226.95,227.0394,226.59,226.9599,2173028,0,0
2024-10-02 17:30:00,226.94,227.17999,226.35001,226.82001,2418335,0,0
2024-10-02 18:30:00,226.8,227.33,226.64999,227.24001,2105356,0,0
2024-10-02 19:30:00,227.22501,227.37,226.69009,226.81,2793983,0,0
2024-10-03 13:30:00,225.24001,226.8,224.72,224.83501,6220681,0,0
2024-10-03 14:30:00,224.81,225.53,224.265,224.87421,4151629,0,0
2024-10-03 15:30:00,224.8884,225.37,224.83,225.0712,3280055,0,0
2024-10-03 16:30:00,225.09,225.0963,223.3239,223.83501,3492200,0,0
2024-10-03 17:30:00,223.84,224.4099,223.7001,223.8401,1911305,0,0
2024-10-03 18:30:00,223.83501,224.03999,223.50011,223.7,2380663,0,0
2024-10-03 19:30:00,223.71001,225.84,223.66,225.67,5709739,0,0
2024-10-04 13:30:00,227.89,228.0,224.38,224.5105,8338473,0,1
2024-10-04 14:30:00,224.49001,225.53999,224.14,224.56,4171900,0,0
2024-10-04 15:30:00,224.53,225.57001,224.325,224.95,3129678,0,0
2024-10-04 16:30:00,224.95711,225.48,224.8676,225.1001,1978865,0,0
2024-10-04 17:30:00,225.12,225.35001,224.55,225.09,2430951,0,0
2024-10-04 18:30:00,225.09,226.19,225.03999,226.0901,3128943,0,0
2024-10-04 19:30:00,226.095,226.98,225.92999,226.78,4791908,0,0
2024-10-07 13:30:00,224.46001,225.53999,224.05499,225.32001,7846943,0,0
2024-10-07 14:30:00,225.315,225.69,224.48,225.0601,3155397,0,0
2024-10-07 15:30:00,225.08,225.28,224.07001,224.25999,2734711,0,0
2024-10-07 16:30:00,224.25,224.57001,223.81,223.81,2471841,0,0
2024-10-07 17:30:00,223.78011,224.06,223.39999,223.74989,2377594,0,0
2024-10-07 18:30:00,223.73,223.73,222.23,222.565,4495723,0,0
2024-10-07 19:30:00,222.564,222.63,221.33501,221.72,4695507,0,0
2024-10-08 13:30:00,224.31,225.88,223.25,224.89999,8969276,0,0
2024-10-08 14:30:00,224.8976,225.96001,224.66,225.33,3802538,0,0
2024-10-08 15:30:00,225.33929,225.60001,224.74001,224.82001,2178501,0,0
2024-10-08 16:30:00,224.83,225.0,224.2224,224.74001,1971901,0,0
2024-10-08 17:30:00,224.74001,225.11501,224.66,224.9297,1560837,0,0
2024-10-08 18:30:00,224.92,225.59,224.78,225.27,2592549,0,0
2024-10-08 19:30:00,225.27,225.97501,225.235,225.78,3794652,0,0
2024-10-09 13:30:00,225.5,227.17,224.83,227.10001,6790643,0,0
2024-10-09 14:30:00,227.10001,228.28999,226.97,228.19,4601032,0,0
2024-10-09 15:30:00,228.21001,228.71001,228.082,228.71001,3064533,0,0
2024-10-09 16:30:00,228.72,229.0399,228.52,228.86,2317434,0,0
2024-10-09 17:30:00,228.84,229.67,228.03,229.63,2705052,0,0
2024-10-09 18:30:00,229.62,229.6299,228.8,229.0742,3361168,0,0
2024-10-09 19:30:00,229.07001,229.75,229.06,229.50999,3238655,0,0
2024-10-10 13:30:00,227.78,228.8298,227.17,228.25549,6391325,0,0
2024-10-10 14:30:00,228.2364,228.396,227.63,228.28999,3150593,0,0
2024-10-10 15:30:00,228.28999,229.23,228.14,228.71001,2234297,0,0
2024-10-10 16:30:00,228.72501,228.73911,228.1203,228.5,1857916,0,0
2024-10-10 17:30:00,228.49001,228.8,228.03999,228.32001,1786905,0,0
2024-10-10 18:30:00,228.32001,228.94501,228.07001,228.855,1924289,0,0
2024-10-10 19:30:00,228.855,229.5,228.80499,229.03,3089900,0,0
2024-10-11 13:30:00,228.295,228.89999,227.34,228.75999,6270537,0,0
2024-10-11 14:30:00,228.74001,229.19,227.78999,227.97501,3392321,0,0
2024-10-11 15:30:00,227.97009,228.11,227.66,227.83009,3047535,0,0
2024-10-11 16:30:00,227.83,227.985,227.41,227.84,2091191,0,0
2024-10-11 17:30:00,227.825,228.45,227.58,228.19501,2354655,0,0
2024-10-11 18:30:00,228.19501,228.97,228.06,228.69,2828890,0,0
2024-10-11 19:30:00,228.68871,228.75999,227.5,227.52,3955806,0,0
2024-10-14 13:30:00,228.7,231.31,228.60001,230.685,8542412,0,0
2024-10-14 14:30:00,230.685,230.88,229.14999,229.69,3661063,0,0
2024-10-14 15:30:00,229.67999,230.52921,229.42999,230.2495,2488171,0,0
2024-10-14 16:30:00,230.25999,230.6064,230.2,230.42999,1601087,0,0
2024-10-14 17:30:00,230.41,230.55029,230.06,230.46001,2240039,0,0
2024-10-14 18:30:00,230.48351,231.44679,230.45,231.2226,3574497,0,0
2024-10-14 19:30:00,231.22,231.7278,231.03999,231.3,4541236,0,0
2024-10-15 13:30:00,233.59,237.49001,232.37,235.82001,21113639,0,0
2024-10-15 14:30:00,235.82001,236.13,234.6701,235.4314,8085291,0,1
2024-10-15 15:30:00,235.42999,236.28999,234.55,234.75999,5436418,0,0
2024-10-15 16:30:00,234.75,235.2,233.85001,234.02,3242105,0,0
2024-10-15 17:30:00,233.964,234.47,233.5,233.94,3554666,0,0
2024-10-15 18:30:00,233.94,234.08,233.045,233.24001,3377696,0,0
2024-10-15 19:30:00,233.25,234.0699,232.81,233.8,5720018,0,0
2024-10-16 13:30:00,231.62,232.12,229.85001,230.72971,10626875,0,0
2024-10-16 14:30:00,230.71001,231.14,230.05,230.58501,3846997,0,0
2024-10-16 15:30:00,230.58,230.9599,230.061,230.34,3420832,0,0
2024-10-16 16:30:00,230.345,231.28999,230.32001,230.9099,2259958,0,0
2024-10-16 17:30:00,230.9099,231.36,230.58,231.11,2251178,0,0
2024-10-16 18:30:00,231.10001,231.62,230.98,231.61501,2354257,0,0
2024-10-16 19:30:00,231.62,231.92999,231.22,231.75,3021398,0,0
2024-10-17 13:30:00,233.44,233.85001,230.53,232.4001,7759044,0,0
2024-10-17 14:30:00,232.42999,232.4899,231.2,232.25999,2876717,0,0
2024-10-17 15:30:00,232.25999,232.804,232.05,232.25,2263962,0,0
2024-10-17 16:30:00,232.24001,232.53,232.03,232.38741,2159812,0,0
2024-10-17 17:30:00,232.39999,232.58,231.27499,231.5865,2722249,0,0
2024-10-17 18:30:00,231.58,232.11,231.37,231.755,2566480,0,0
2024-10-17 19:30:00,231.755,232.33,231.64,232.25999,3485679,0,0
2024-10-18 13:30:00,235.88,236.05,234.02,234.77,17238560,0,0
2024-10-18 14:30:00,234.75999,235.14999,234.27499,235.03999,4579796,0,0
2024-10-18 15:30:00,235.03999,235.34,234.75,234.99001,4353306,0,0
2024-10-18 16:30:00,234.99001,235.85001,234.94,235.24001,2973498,0,0
2024-10-18 17:30:00,235.24001,235.75,235.0416,235.53,2317890,0,0
2024-10-18 18:30:00,235.52499,235.64,235.03,235.3,2651508,0,0
2024-10-18 19:30:00,235.28999,235.3,234.8,234.98,3233611,0,0
2024-10-21 13:30:00,234.45,235.99001,234.45,235.67,7360513,0,0
2024-10-21 14:30:00,235.67,236.10001,235.12,235.42,5509527,0,0
2024-10-21 15:30:00,235.39999,236.605,235.285,236.28,3915718,0,0
2024-10-21 16:30:00,236.3,236.61501,236.114,236.3701,2531558,0,0
2024-10-21 17:30:00,236.38,236.85001,236.2,236.22501,2198486,0,0
2024-10-21 18:30:00,236.23,236.27,235.89,236.13499,2196498,0,0
2024-10-21 19:30:00,236.13499,236.58,235.8275,236.58,3275560,0,0
2024-10-22 13:30:00,233.22,234.153,232.61,233.91,10307807,0,0
2024-10-22 14:30:00,233.905,234.45,233.47,234.39951,3560805,0,0
2024-10-22 15:30:00,234.4007,234.9099,234.13,234.17,2255776,0,0
2024-10-22 16:30:00,234.19,235.03999,234.14999,234.85001,3239691,0,0
2024-10-22 17:30:00,234.85001,236.005,234.845,235.3132,3270200,0,0
2024-10-22 18:30:00,235.33,235.74001,235.17999,235.7,1919543,0,0
2024-10-22 19:30:00,235.7,236.19,235.7,235.86,3335830,0,0
2024-10-23 13:30:00,234.32001,235.144,233.81,234.72,6240289,0,0
2024-10-23 14:30:00,234.72,235.1199,233.325,233.5,3486087,0,0
2024-10-23 15:30:00,233.49001,233.73621,229.64,229.69,12888223,0,0
2024-10-23 16:30:00,229.67,230.25,228.92999,230.05499,6554954,0,0
2024-10-23 17:30:00,230.02,230.07001,227.75999,228.62,4848232,0,0
2024-10-23 18:30:00,228.60001,229.80991,228.50999,229.675,3897807,0,0
2024-10-23 19:30:00,229.7,230.86,229.61,230.75,4272929,0,0
2024-10-24 13:30:00,229.91701,230.39999,228.41,229.81,7885026,0,0
2024-10-24 14:30:00,229.85001,230.38,229.23,229.82001,3122536,0,0
2024-10-24 15:30:00,229.82001,230.03999,228.67,229.51939,3095463,0,0
2024-10-24 16:30:00,229.52,230.82001,229.52,230.27,2497557,0,0
2024-10-24 17:30:00,230.28,230.53999,230.03999,230.46001,1809617,0,0
2024-10-24 18:30:00,230.42999,230.81,230.12,230.53,1900378,0,0
2024-10-24 19:30:00,230.53999,230.8,230.22,230.57001,2953907,0,0
2024-10-25 13:30:00,229.74001,232.4299,229.57001,232.13,8236893,0,0
2024-10-25 14:30:00,232.12,233.2,232.12,232.23,4150841,0,0
2024-10-25 15:30:00,232.23,232.73199,231.75999,232.71001,3861234,0,0
2024-10-25 16:30:00,232.735,232.94,231.53,231.8575,2367087,0,0
2024-10-25 17:30:00,231.83,231.9715,231.07001,231.84,2818009,0,0
2024-10-25 18:30:00,231.84689,232.2,231.37,231.62,2642893,0,0
2024-10-25 19:30:00,231.64999,231.8,231.11,231.39999,3697758,0,0
2024-10-28 13:30:00,233.315,234.55,232.55,233.6346,7460256,0,0
2024-10-28 14:30:00,233.62,234.33,233.22,233.55,3740019,0,0
2024-10-28 15:30:00,233.55,234.315,233.14999,234.3101,2912804,0,0
2024-10-28 16:30:00,234.31,234.73,233.9326,234.42999,2874054,0,0
2024-10-28 17:30:00,234.425,234.645,233.91,233.91499,1760124,0,0
2024-10-28 18:30:00,233.91,234.11,233.57001,233.97,2014045,0,0
2024-10-28 19:30:00,233.96001,233.98129,233.11,233.49001,4008212,0,0
2024-10-29 13:30:00,233.19501,234.05499,232.32001,233.06,6668061,0,0
2024-10-29 14:30:00,233.05,233.69,233.03999,233.27,3007074,0,0
2024-10-29 15:30:00,233.25999,233.59,233.0201,233.10001,2253309,0,0
2024-10-29 16:30:00,233.105,234.21001,233.02,233.89,2623926,0,0
2024-10-29 17:30:00,233.92,234.14,233.75999,233.97,1696611,0,0
2024-10-29 18:30:00,233.985,234.21989,233.88,234.2,3638890,0,0
2024-10-29 19:30:00,234.205,234.32001,233.53999,233.75,3460514,0,0
2024-10-30 13:30:00,232.62,233.2299,231.69,231.86,8472341,0,0
2024-10-30 14:30:00,231.8669,231.95,230.505,231.55499,5454960,0,0
2024-10-30 15:30:00,231.56,231.66499,231.06,231.19991,3239280,0,0
2024-10-30 16:30:00,231.2,231.39,230.23,230.2411,2658161,0,0
2024-10-30 17:30:00,230.245,231.0,229.87041,230.64999,3567357,0,0
2024-10-30 18:30:00,230.6201,230.94,230.17,230.73,2963500,0,0
2024-10-30 19:30:00,230.73,230.84,229.56,230.14,6851304,0,0
2024-10-31 13:30:00,229.23,229.83,227.81,228.44501,9166433,0,0
2024-10-31 14:30:00,228.45,228.73,226.88,227.315,5589842,0,0
2024-10-31 15:30:00,227.31,227.485,226.41,227.25,3755298,0,0
2024-10-31 16:30:00,227.28,228.1768,227.2002,227.86011,3453223,0,0
2024-10-31 17:30:00,227.86,227.96629,226.825,227.09,3797245,0,0
2024-10-31 18:30:00,227.095,227.78,226.69501,227.33,5061193,0,0
2024-10-31 19:30:00,227.33,227.78,225.39,225.39,7068003,0,0
2024-11-01 13:30:00,220.97,225.34,220.28,224.07001,20933780,0,0
2024-11-01 14:30:00,224.09,224.214,221.60001,223.21049,10239831,0,0
2024-11-01 15:30:00,223.22,223.25,221.77,222.16,6405088,0,0
2024-11-01 16:30:00,222.14,223.3999,222.05,223.34,3824883,0,0
2024-11-01 17:30:00,223.34019,223.36,222.07001,222.245,3414057,0,0
2024-11-01 18:30:00,222.24001,223.0999,222.14,222.33,4035303,0,0
2024-11-01 19:30:00,222.34,223.25,222.27,222.85001,5287191,0,0
2024-11-04 14:30:00,221.01199,222.53999,219.71001,221.73151,9635855,0,0
2024-11-04 15:30:00,221.75,222.265,221.1301,221.4801,4458145,0,0
2024-11-04 16:30:00,221.4808,221.57001,220.41,221.1151,4999217,0,0
2024-11-04 17:30:00,221.11501,222.62,221.0201,222.02049,2890130,0,0
2024-11-04 18:30:00,222.02,222.61909,221.9601,222.25999,2412789,0,0
2024-11-04 19:30:00,222.25,222.78999,222.2,222.48,2504276,0,0
2024-11-04 20:30:00,222.5,222.56,221.52,222.12,4039677,0,0
2024-11-05 14:30:00,221.795,223.94501,221.795,223.31911,6371475,0,0
2024-11-05 15:30:00,223.32001,223.48,221.935,222.67,4046507,0,0
2024-11-05 16:30:00,222.67999,223.75,222.67999,223.38,2163887,0,0
2024-11-05 17:30:00,223.39999,223.78,222.62,222.62,2147843,0,0
2024-11-05 18:30:00,222.63,223.45,222.40021,223.33009,2141597,0,0
2024-11-05 19:30:00,223.34,223.4471,222.81,223.25,1939508,0,0
2024-11-05 20:30:00,223.25,223.53,222.71001,223.45,3341639,0,0
2024-11-06 14:30:00,221.215,225.89,221.19,225.65131,15626726,0,0
2024-11-06 15:30:00,225.66,226.065,223.69501,224.8,5934080,0,0
2024-11-06 16:30:00,224.8024,225.17999,223.965,224.25999,4364147,0,0
2024-11-06 17:30:00,224.27,224.60001,223.99001,224.1877,3127772,0,0
2024-11-06 18:30:00,224.185,224.33,223.745,223.85001,3301101,0,0
2024-11-06 19:30:00,223.86,224.22501,223.25999,223.6255,4462407,0,0
2024-11-06 20:30:00,223.66,223.88,222.5,222.7,5070195,0,0
2024-11-07 14:30:00,224.625,226.55,224.57001,225.7336,10347470,0,0
2024-11-07 15:30:00,225.75,226.42,225.35001,226.30499,3595807,0,0
2024-11-07 16:30:00,226.3,227.42,226.17,227.215,3447650,0,0
2024-11-07 17:30:00,227.21001,227.49001,226.77,227.1033,2598523,0,0
2024-11-07 18:30:00,227.10001,227.38,226.745,227.10001,2170877,0,0
2024-11-07 19:30:00,227.11,227.75999,226.855,227.53,3884098,0,0
2024-11-07 20:30:00,227.535,227.87,226.75,227.69,5268867,0,0
2024-11-08 14:30:00,227.14,228.66,227.14,227.49471,7149832,0,0
2024-11-08 15:30:00,227.48,227.56,226.4084,226.6881,3790404,0,0
2024-11-08 16:30:00,226.685,227.58,226.685,226.88,2696407,0,0
2024-11-08 17:30:00,226.87,227.4565,226.78999,226.995,2566711,0,0
2024-11-08 18:30:00,227.0,227.61,226.97,227.5399,4000748,0,0
2024-11-08 19:30:00,227.53,227.72,227.25999,227.48,2313467,0,0
2024-11-08 20:30:00,227.45,227.485,226.72,227.16,6567817,0,0
2024-11-11 14:30:00,225.05499,225.7,222.77,222.80499,11242059,0,0
2024-11-11 15:30:00,222.81,223.72,222.67,222.77,5008612,0,0
2024-11-11 16:30:00,222.78,223.13879,222.00999,222.19501,4557733,0,0
2024-11-11 17:30:00,222.19,222.46001,221.5,222.46001,3705260,0,0
2024-11-11 18:30:00,222.44991,223.10001,222.36,223.06,2795549,0,0
2024-11-11 19:30:00,223.06,223.74001,222.97,223.63499,2570966,0,0
2024-11-11 20:30:00,223.64,224.35001,223.46001,224.25,3922850,0,0
2024-11-12 14:30:00,224.63,225.03999,223.575,224.17,6623428,0,0
2024-11-12 15:30:00,224.205,225.59,224.17999,225.0,4696267,0,0
2024-11-12 16:30:00,224.99989,225.50999,223.88499,223.92,4075218,0,0
2024-11-12 17:30:00,223.92,224.47,223.355,224.47,2814384,0,0
2024-11-12 18:30:00,224.45,224.7599,224.14,224.6199,2559013,0,0
2024-11-12 19:30:00,224.63,224.82001,224.4404,224.60001,2217197,0,0
2024-11-12 20:30:00,224.59,224.8,223.9404,224.24001,5475872,0,0
2024-11-13 14:30:00,223.95,225.2099,222.75999,223.21001,10070641,0,0
2024-11-13 15:30:00,223.24001,224.47,223.22501,224.395,3884318,0,0
2024-11-13 16:30:00,224.4649,225.55,223.77,225.02,3325662,0,0
2024-11-13 17:30:00,225.02499,226.64999,224.94,226.3638,3682752,0,0
2024-11-13 18:30:00,226.36,226.42999,225.7529,225.91991,3034597,0,0
2024-11-13 19:30:00,225.91,225.9913,225.11861,225.37019,2989568,0,0
2024-11-13 20:30:00,225.38,225.92,224.47,225.07001,5085654,0,0
2024-11-14 14:30:00,225.07001,226.60001,225.05,226.57001,8371080,0,0
2024-11-14 15:30:00,226.565,227.06,226.34,226.42,4309435,0,0
2024-11-14 16:30:00,226.58,227.08,226.5,227.0,2372710,0,0
2024-11-14 17:30:00,227.00999,228.64,226.77,228.47279,4327298,0,0
2024-11-14 18:30:00,228.47009,228.87,227.83,228.5275,3310597,0,0
2024-11-14 19:30:00,228.50999,228.71001,226.99001,227.035,5226141,0,0
2024-11-14 20:30:00,227.035,228.38,227.035,228.19,4276782,0,0
2024-11-15 14:30:00,225.92,226.92,224.44,224.63,12149935,0,0
2024-11-15 15:30:00,224.63,225.24001,224.47,225.235,3740368,0,0
2024-11-15 16:30:00,225.231,225.48,224.67,224.87241,3065408,0,0
2024-11-15 17:30:00,224.87,224.95,224.27,224.735,4906231,0,0
2024-11-15 18:30:00,224.7,224.96001,224.33,224.3999,3058253,0,0
2024-11-15 19:30:00,224.39999,225.31,224.3,224.81,3159811,0,0
2024-11-15 20:30:00,224.81,225.24001,224.5699,224.92,4237936,0,0
2024-11-18 14:30:00,225.2,228.22,225.17999,228.10001,8356934,0,0
2024-11-18 15:30:00,228.10001,229.21001,228.10001,229.06,4333949,0,0
2024-11-18 16:30:00,229.06509,229.16,228.36,228.75,2932115,0,0
2024-11-18 17:30:00,228.745,229.74001,228.63499,228.96719,3233690,0,0
2024-11-18 18:30:00,228.96001,229.498,228.67999,228.815,2504537,0,0
2024-11-18 19:30:00,228.82001,229.08031,228.03371,228.06,3403227,0,0
2024-11-18 20:30:00,228.05,228.24001,227.32001,227.99001,3614507,0,0
2024-11-19 14:30:00,226.795,228.86501,226.66,228.85001,6182588,0,0
2024-11-19 15:30:00,228.84,229.61,228.67999,229.31,2959806,0,0
2024-11-19 16:30:00,229.33501,229.86,229.19,229.855,3852606,0,0
2024-11-19 17:30:00,229.855,230.16,229.25,229.58,3430327,0,0
2024-11-19 18:30:00,229.5345,229.99001,229.355,229.39,2243620,0,0
2024-11-19 19:30:00,229.39,229.49001,228.35001,228.44,2882576,0,0
2024-11-19 20:30:00,228.42999,228.72,227.72,228.34,3951414,0,0
2024-11-20 14:30:00,228.105,229.92999,226.42,226.515,7607276,0,0
2024-11-20 15:30:00,226.52499,227.205,226.10001,226.17999,3004734,0,0
2024-11-20 16:30:00,226.19,227.7,225.89,226.8501,2793314,0,0
2024-11-20 17:30:00,226.85001,227.37,226.38,226.81329,2118040,0,0
2024-11-20 18:30:00,226.78999,227.00999,226.395,226.81,1602064,0,0
2024-11-20 19:30:00,226.81,228.0,226.7,227.9749,2315522,0,0
2024-11-20 20:30:00,227.97,229.0,227.97,229.0,4127268,0,0
2024-11-21 14:30:00,228.78999,229.92,225.7103,225.95,9622311,0,0
2024-11-21 15:30:00,225.94,228.92,225.83,228.77,4774630,0,0
2024-11-21 16:30:00,228.75,229.46989,228.49001,229.28999,3469645,0,0
2024-11-21 17:30:00,229.31,230.14999,229.27,229.84,3200750,0,0
2024-11-21 18:30:00,229.85001,229.9337,229.22,229.36,2913322,0,0
2024-11-21 19:30:00,229.38,229.58,228.99001,229.27,2610348,0,0
2024-11-21 20:30:00,229.27,229.28999,228.27,228.50999,4482648,0,0
2024-11-22 14:30:00,228.06,230.13,228.06,229.28,6571537,0,0
2024-11-22 15:30:00,229.28,229.92999,228.83,229.48,4454609,0,0
2024-11-22 16:30:00,229.4899,230.12,228.97,229.985,3272578,0,0
2024-11-22 17:30:00,229.985,230.71989,229.675,230.17999,3201749,0,0
2024-11-22 18:30:00,230.16499,230.39,229.33,229.44,2939345,0,0
2024-11-22 19:30:00,229.44501,229.64,228.92999,229.375,2765287,0,0
2024-11-22 20:30:00,229.37,230.14999,229.31,229.75999,4345539,0,0
2024-11-25 14:30:00,231.84,233.185,231.42,232.0,9845812,0,0
2024-11-25 15:30:00,231.98,232.80099,231.7003,231.71001,3799907,0,0
2024-11-25 16:30:00,231.705,231.85001,229.96001,230.2068,3682262,0,0
2024-11-25 17:30:00,230.2,230.58,229.74001,230.41499,2947971,0,0
2024-11-25 18:30:00,230.425,230.74001,230.2,230.685,2057791,0,0
2024-11-25 19:30:00,230.66499,230.85001,230.095,230.52,2752031,0,0
2024-11-25 20:30:00,230.5013,233.17,229.845,232.88,11344808,0,0
2024-11-26 14:30:00,234.09,235.435,233.47501,234.36,12979643,0,0
2024-11-26 15:30:00,234.36,235.57001,234.21001,235.03999,4973601,0,0
2024-11-26 16:30:00,235.03999,235.10471,234.27,234.48,2980746,0,0
2024-11-26 17:30:00,234.48,235.17999,234.35001,234.50999,3515885,0,0
2024-11-26 18:30:00,234.50999,235.10001,234.44501,234.92999,2752588,0,0
2024-11-26 19:30:00,234.925,235.25,234.73,234.81,3000602,0,0
2024-11-26 20:30:00,234.81,235.28,234.58,235.08,5458831,0,0
2024-11-27 14:30:00,234.465,235.67999,233.8101,235.16,7058124,0,0
2024-11-27 15:30:00,235.16,235.69,234.1546,234.67,3809592,0,0
2024-11-27 16:30:00,234.6201,234.89,233.98,234.57001,2845831,0,0
2024-11-27 17:30:00,234.56,235.0,234.40939,234.78011,2325512,0,0
2024-11-27 18:30:00,234.78,235.1371,234.71001,234.98,1683157,0,0
2024-11-27 19:30:00,234.98,235.25,234.735,234.845,2045715,0,0
2024-11-27 20:30:00,234.84,235.09,234.58501,234.99001,2919382,0,0
2024-11-29 14:30:00,234.84,235.89,233.97,235.345,5532507,0,0
2024-11-29 15:30:00,235.35001,236.5999,235.34,236.39999,3997632,0,0
2024-11-29 16:30:00,236.38,237.14999,236.28999,236.37,3843062,0,0
2024-11-29 17:30:00,236.37,237.81,236.37,237.33,14950655,0,0
2024-11-29 20:30:00,237.33,237.33,237.33,237.33,100855,0,0
2024-12-02 14:30:00,237.27,240.28,237.16,240.27,11143242,0,0
2024-12-02 15:30:00,240.27,240.78999,239.44,239.83,5968600,0,0
2024-12-02 16:30:00,239.82719,240.2,239.36,239.83,2850375,0,0
2024-12-02 17:30:00,239.84,240.0,239.24001,239.44,3599025,0,0
2024-12-02 18:30:00,239.42,239.50999,239.03,239.33,2372094,0,0
2024-12-02 19:30:00,239.33,239.84,239.25011,239.78999,2497573,0,0
2024-12-02 20:30:00,239.78999,239.94,239.05,239.60001,3858894,0,0
2024-12-03 14:30:00,239.92,241.3699,238.9003,240.47,8548308,0,0
2024-12-03 15:30:00,240.47501,241.34,240.45,241.33,3962336,0,0
2024-12-03 16:30:00,241.33,241.63499,240.98199,241.265,3152692,0,0
2024-12-03 17:30:00,241.265,241.69991,241.145,241.42,2157544,0,0
2024-12-03 18:30:00,241.42,242.17,241.345,242.14999,3311661,0,0
2024-12-03 19:30:00,242.155,242.46001,241.85001,242.05321,3274479,0,0
2024-12-03 20:30:00,242.06,242.755,242.06,242.63,3704333,0,0
2024-12-04 14:30:00,242.88,244.105,242.50999,243.45,8409865,0,0
2024-12-04 15:30:00,243.44,243.82001,242.85001,242.905,3476264,0,0
2024-12-04 16:30:00,242.905,242.9099,241.25,242.0399,7183414,0,0
2024-12-04 17:30:00,242.03999,242.50999,241.64,242.2587,2189900,0,0
2024-12-04 18:30:00,242.24001,243.17641,241.92999,243.07001,3055452,0,0
2024-12-04 19:30:00,243.06,243.125,242.78,242.985,2751650,0,0
2024-12-04 20:30:00,242.985,243.53999,242.8261,243.02,3738537,0,0
2024-12-05 14:30:00,244.05,244.53999,242.7128,242.92999,8289397,0,0
2024-12-05 15:30:00,242.92999,243.08,242.23,242.55,3597584,0,0
2024-12-05 16:30:00,242.545,243.4099,242.31,243.36,4262442,0,0
2024-12-05 17:30:00,243.35831,243.37,242.61,242.88499,2973235,0,0
2024-12-05 18:30:00,242.89,243.69,242.84,243.28,2513592,0,0
2024-12-05 19:30:00,243.285,243.36,242.745,242.90581,3074491,0,0
2024-12-05 20:30:00,242.905,243.08,242.13,243.08,4497338,0,0
2024-12-06 14:30:00,242.87,244.63,242.08,243.44,7897447,0,0
2024-12-06 15:30:00,243.45,244.10001,243.27499,243.582,3073497,0,0
2024-12-06 16:30:00,243.58,243.84,243.21001,243.60001,2643208,0,0
2024-12-06 17:30:00,243.59,243.61501,242.94,243.2641,2315920,0,0
2024-12-06 18:30:00,243.25999,243.64,243.03999,243.1627,2434412,0,0
2024-12-06 19:30:00,243.16,243.39999,242.8701,243.05,3531491,0,0
2024-12-06 20:30:00,243.05,243.14999,242.2,242.86,4585536,0,0
2024-12-09 14:30:00,241.83,244.72,241.75999,244.50999,6763286,0,0
2024-12-09 15:30:00,244.48,247.2388,244.42,246.47,7896898,0,0
2024-12-09 16:30:00,246.485,247.24001,246.31,246.7903,3738978,0,0
2024-12-09 17:30:00,246.825,247.01511,245.71001,246.9054,3215218,0,0
2024-12-09 18:30:00,246.89,246.89,246.06,246.095,2110393,0,0
2024-12-09 19:30:00,246.095,246.78,245.89999,246.75999,2636199,0,0
2024-12-09 20:30:00,246.78,247.09,246.11,246.81,5245539,0,0
2024-12-10 14:30:00,246.95,247.78709,245.81,246.73,7969297,0,0
2024-12-10 15:30:00,246.735,246.92,245.342,245.67,3845062,0,0
2024-12-10 16:30:00,245.67,247.17999,245.61,247.07001,2669027,0,0
2024-12-10 17:30:00,247.06,247.47839,246.72,247.4066,2160359,0,0
2024-12-10 18:30:00,247.405,247.8,247.35001,247.42999,2326302,0,0
2024-12-10 19:30:00,247.42999,248.21001,247.41,247.72,4138454,0,0
2024-12-10 20:30:00,247.72501,248.07001,247.37,247.8,3607802,0,0
2024-12-11 14:30:00,247.94501,249.99001,247.64999,249.42999,8367368,0,0
2024-12-11 15:30:00,249.42999,250.8,249.395,250.44,6585752,0,0
2024-12-11 16:30:00,250.42,250.42,249.34,249.6814,2792683,0,0
2024-12-11 17:30:00,249.67999,249.78,248.97,249.10001,2034409,0,0
2024-12-11 18:30:00,249.09,249.16499,248.0863,248.28,2859618,0,0
2024-12-11 19:30:00,248.28011,248.44,247.05,247.14999,3703277,0,0
2024-12-11 20:30:00,247.14,247.16,246.2601,246.42999,5247010,0,0
2024-12-12 14:30:00,246.94501,248.12,245.67999,247.99001,7733107,0,0
2024-12-12 15:30:00,247.99001,248.59959,247.66,248.47099,4799716,0,0
2024-12-12 16:30:00,248.48,248.5499,247.99001,248.0928,2067122,0,0
2024-12-12 17:30:00,248.09,248.74001,247.64,248.53,2027236,0,0
2024-12-12 18:30:00,248.52,248.74001,248.0,248.02,1974147,0,0
2024-12-12 19:30:00,248.015,248.21001,247.45,247.75,1927714,0,0
2024-12-12 20:30:00,247.75999,248.2,247.74001,247.95,2674221,0,0
2024-12-13 14:30:00,247.88,249.29021,247.35001,247.55,4571060,0,0
2024-12-13 15:30:00,247.58,247.95,246.5,246.625,2461736,0,0
2024-12-13 16:30:00,246.7701,247.03,246.24001,246.46001,1923076,0,0
2024-12-13 17:30:00,246.47,247.25999,246.34,247.19,1214676,0,0
2024-12-13 18:30:00,247.175,248.015,247.1601,247.91,1483870,0,0
2024-12-13 19:30:00,247.905,248.10001,247.64,248.02,1855450,0,0
2024-12-13 20:30:00,248.02,248.29871,247.89,248.13,2031038,0,0
2024-12-16 14:30:00,248.0,250.0,247.64999,249.06,7886881,0,0
2024-12-16 15:30:00,249.03,249.96001,248.82001,249.67,3291322,0,0
2024-12-16 16:30:00,249.71001,250.3,249.535,250.06,3966563,0,0
2024-12-16 17:30:00,250.06,251.37891,250.0526,251.11,3741887,0,0
2024-12-16 18:30:00,251.09,251.24719,250.58,250.80009,2929661,0,0
2024-12-16 19:30:00,250.81,251.0002,250.21001,250.69501,3296914,0,0
2024-12-16 20:30:00,250.7,251.10001,249.95,251.03999,3755928,0,0
2024-12-17 14:30:00,250.13499,252.98,249.78999,252.27,8272806,0,0
2024-12-17 15:30:00,252.255,253.35001,251.77,252.55,4418275,0,0
2024-12-17 16:30:00,252.53,253.3,252.48,253.22501,3694338,0,0
2024-12-17 17:30:00,253.25,253.28999,252.69009,253.13,2789948,0,0
2024-12-17 18:30:00,253.14,253.63499,252.92999,253.2,3028678,0,0
2024-12-17 19:30:00,253.2,253.39,252.75,252.88,3197831,0,0
2024-12-17 20:30:00,252.88,253.81,252.64999,253.48,6517824,0,0
2024-12-18 14:30:00,252.22,253.39999,251.33,253.07001,7181202,0,0
2024-12-18 15:30:00,253.07001,253.7999,252.85001,253.32001,4538349,0,0
2024-12-18 16:30:00,253.32359,254.03999,253.175,253.63499,3385526,0,0
2024-12-18 17:30:00,253.63,254.00999,253.47,253.7101,2498618,0,0
2024-12-18 18:30:00,253.7,254.28,251.53999,252.45,4517172,0,0
2024-12-18 19:30:00,252.44901,252.98,249.5,249.89999,8004435,0,0
2024-12-18 20:30:00,249.92,250.3992,247.75,247.86,8666490,0,0
2024-12-19 14:30:00,247.46001,251.02,247.095,249.89,13163580,1,0
2024-12-19 15:30:00,249.89,251.3876,249.37,251.03999,6035985,0,0
2024-12-19 16:30:00,251.03999,251.85001,250.535,250.58,4327867,0,0
2024-12-19 17:30:00,250.59,250.94,249.72,250.83,3212228,0,0
2024-12-19 18:30:00,250.815,251.45,250.29021,250.52,2255973,0,0
2024-12-19 19:30:00,250.50999,250.52,249.53,250.325,2871418,0,0
2024-12-19 20:30:00,250.33,250.55,249.4093,249.85001,4256393,0,0
2024-12-20 14:30:00,248.12,249.6241,246.3,249.595,21606592,0,0
2024-12-20 15:30:00,249.59,252.0,249.39999,251.99001,5538078,0,0
2024-12-20 16:30:00,251.98,253.92999,251.89,253.735,6609817,0,0
2024-12-20 17:30:00,253.735,253.77,252.772,252.87,3597562,0,0
2024-12-20 18:30:00,252.91,253.64999,252.67999,253.6203,3481696,0,0
2024-12-20 19:30:00,253.63,254.19,253.3,253.49001,5096339,0,0
2024-12-20 20:30:00,253.5,255.0,252.78999,254.59,8461430,0,0
2024-12-23 14:30:00,254.77,255.645,253.45,254.07001,8639208,0,0
2024-12-23 15:30:00,254.05,255.07001,253.46001,254.83,3133940,0,0
2024-12-23 16:30:00,254.8391,255.23,254.37,254.42999,2397338,0,0
2024-12-23 17:30:00,254.42999,254.755,253.72,253.92,3619882,0,0
2024-12-23 18:30:00,253.92,254.46001,253.87,254.295,2441370,0,0
2024-12-23 19:30:00,254.3,254.39999,253.67999,254.34,2612184,0,0
2024-12-23 20:30:00,254.34,255.64999,254.34,255.31,4322344,0,0
2024-12-24 14:30:00,255.37,257.42999,255.36,257.10501,6593820,0,0
2024-12-24 15:30:00,257.13,257.98999,257.13,257.31,3926985,0,0
2024-12-24 16:30:00,257.28,257.535,256.89001,257.38,2867954,0,0
2024-12-24 17:30:00,257.37759,258.20001,257.0614,258.20001,9203673,0,0
2024-12-24 20:30:00,258.20001,258.20001,258.20001,258.20001,0,0,0
2024-12-26 14:30:00,258.35501,260.09,257.63,258.36121,8036580,0,0
2024-12-26 15:30:00,258.36499,259.19,258.13,258.88,2886529,0,0
2024-12-26 16:30:00,258.89001,259.34,258.82001,258.98499,1989211,0,0
2024-12-26 17:30:00,258.98801,259.32501,258.57001,258.81891,1857025,0,0
2024-12-26 18:30:00,258.81,258.94891,258.41,258.60001,1532082,0,0
2024-12-26 19:30:00,258.60999,259.47,258.59,259.10999,2293812,0,0
2024-12-26 20:30:00,259.12,259.51001,259.01001,259.10001,2691314,0,0
2024-12-27 14:30:00,257.89999,258.70001,254.91,254.99001,7279122,0,0
2024-12-27 15:30:00,254.96001,255.39999,254.03999,254.73,5252455,0,0
2024-12-27 16:30:00,254.74001,254.8,253.06,253.67999,4795494,0,0
2024-12-27 17:30:00,253.67,254.9799,253.6478,254.95,3338291,0,0
2024-12-27 18:30:00,254.94,255.50999,254.86,255.015,2423344,0,0
2024-12-27 19:30:00,255.03,255.55991,254.96001,255.17,2513045,0,0
2024-12-27 20:30:00,255.17,255.82001,254.97,255.72,5269742,0,0
2024-12-30 14:30:00,252.23,253.0,250.75,250.92,5467222,0,0
2024-12-30 15:30:00,250.916,252.285,250.916,251.89999,2495373,0,0
2024-12-30 16:30:00,251.89,253.10001,251.81,253.05,1848616,0,0
2024-12-30 17:30:00,253.06,253.47,252.5,252.82001,1519612,0,0
2024-12-30 18:30:00,252.80499,253.28999,252.59,252.9364,1378349,0,0
2024-12-30 19:30:00,252.92999,253.49989,252.69,252.72,7638042,0,0
2024-12-30 20:30:00,252.73,253.03999,252.03999,252.12,2405332,0,0
2024-12-31 14:30:00,252.66,253.28,251.32001,251.6877,5118031,0,0
2024-12-31 15:30:00,251.69,252.13989,251.02499,251.17999,2379768,0,0
2024-12-31 16:30:00,251.17999,251.55,250.64999,250.71629,1975317,0,0
2024-12-31 17:30:00,250.7,250.75999,249.44,249.69,3894785,0,0
2024-12-31 18:30:00,249.69,250.26801,249.53,249.77,2272071,0,0
2024-12-31 19:30:00,249.765,250.88,249.69,250.7701,3376639,0,0
2024-12-31 20:30:00,250.77,251.08,249.5,250.38,7162976,0,0
2025-01-02 14:30:00,248.92999,249.10001,244.8,245.7399,13501229,0,0
2025-01-02 15:30:00,245.63,245.88,244.1601,244.895,6832210,0,0
2025-01-02 16:30:00,244.9099,245.25,243.32001,243.4286,4384552,0,0
2025-01-02 17:30:00,243.41,243.41,242.31,242.6862,6464462,0,0
2025-01-02 18:30:00,242.67,242.84,241.8201,242.4884,5547977,0,0
2025-01-02 19:30:00,242.48,243.44,241.87131,243.23109,5106418,0,0
2025-01-02 20:30:00,243.25,243.95,243.01019,243.82001,6167957,0,0
2025-01-03 14:30:00,243.37,244.17999,241.89,242.45979,9135529,0,0
2025-01-03 15:30:00,242.45,243.6756,242.14,243.49001,4968968,0,0
2025-01-03 16:30:00,243.48,244.0486,242.67,242.77071,3673389,0,0
2025-01-03 17:30:00,242.78,243.16,242.28,243.00999,3313371,0,0
2025-01-03 18:30:00,243.0,243.06,242.57001,242.67,3135384,0,0
2025-01-03 19:30:00,242.66,243.4424,242.64,242.85001,3007142,0,0
2025-01-03 20:30:00,242.84,243.60001,242.61,243.3,4394832,0,0
2025-01-06 14:30:00,244.33,246.18269,243.84,245.55,10577599,0,0
2025-01-06 15:30:00,245.53999,247.33,245.33,246.74001,5006800,0,0
2025-01-06 16:30:00,246.755,246.761,245.70129,245.77,3354093,0,0
2025-01-06 17:30:00,245.75999,245.87,244.48,245.03,3070077,0,0
2025-01-06 18:30:00,245.03,245.17999,244.60001,244.98,2065770,0,0
2025-01-06 19:30:00,244.98,245.13,244.425,244.895,2306175,0,0
2025-01-06 20:30:00,244.91,245.34,244.42,245.0,3773029,0,0
2025-01-07 14:30:00,242.98,245.55,242.83,245.16499,8221675,0,0
2025-01-07 15:30:00,245.16,245.38,243.71001,243.77,3708136,0,0
2025-01-07 16:30:00,243.74001,243.8752,242.1382,242.39,2227908,0,0
2025-01-07 17:30:00,242.39999,243.4084,241.36,243.1555,2352480,0,0
2025-01-07 18:30:00,243.14999,243.17999,242.0701,242.45799,1958317,0,0
2025-01-07 19:30:00,242.45,242.49001,241.75,242.00999,1914254,0,0
2025-01-07 20:30:00,242.02,242.405,241.539,242.19,2714735,0,0
2025-01-08 14:30:00,241.97,242.86549,240.05,242.4099,7170550,0,0
2025-01-08 15:30:00,242.39,243.7123,242.08501,242.71001,4154228,0,0
2025-01-08 16:30:00,242.7261,243.58,241.24001,241.37,3009958,0,0
2025-01-08 17:30:00,241.36,242.5087,241.2,242.35001,2612848,0,0
2025-01-08 18:30:00,242.35001,242.98,241.04401,242.795,2761227,0,0
2025-01-08 19:30:00,242.7,242.72,241.7,242.384,2452219,0,0
2025-01-08 20:30:00,242.38,242.987,241.8,242.72,3573432,0,0
2025-01-10 14:30:00,240.02499,240.14999,235.8,237.425,13137403,0,0
2025-01-10 15:30:00,237.42419,237.4483,233.5,233.77,8432448,0,0
2025-01-10 16:30:00,233.77,235.89999,233.0,235.57001,7179671,1,0
2025-01-10 17:30:00,235.53999,237.33971,235.065,237.11501,3958571,0,0
2025-01-10 18:30:00,237.12,237.58501,236.41,236.83,3175363,0,0
2025-01-10 19:30:00,236.84,236.88,235.75,235.995,3582593,0,0
2025-01-10 20:30:00,235.995,237.28999,235.77,236.92999,5097656,0,0
2025-01-13 14:30:00,233.5,233.59,229.72,230.38,13314474,0,0
2025-01-13 15:30:00,230.38,231.8,230.22,230.72501,5360716,1,0
2025-01-13 16:30:00,230.7325,232.53,230.39999,232.32001,4160495,0,0
2025-01-13 17:30:00,232.28999,233.435,231.98,233.38,2920622,0,0
2025-01-13 18:30:00,233.38,233.97,233.25999,233.56,2678525,0,0
2025-01-13 19:30:00,233.55,234.2,233.37,233.6844,3290938,0,0
2025-01-13 20:30:00,233.69,234.67,233.655,234.39999,4579852,0,0
2025-01-14 14:30:00,234.75,236.12,234.25999,235.61,6863540,0,0
2025-01-14 15:30:00,235.60001,235.97,234.13,234.21001,3836690,0,0
2025-01-14 16:30:00,234.19,234.4763,232.845,233.325,3092459,0,0
2025-01-14 17:30:00,233.31,234.12,232.64999,234.0202,2179055,0,0
2025-01-14 18:30:00,234.03999,234.92,233.72,234.2587,2448410,0,0
2025-01-14 19:30:00,234.25,234.64999,232.472,233.295,3619972,0,0
2025-01-14 20:30:00,233.28,233.44,232.53999,233.28,4851942,0,0
2025-01-15 14:30:00,234.64,238.39,234.42999,237.9201,8599650,0,0
2025-01-15 15:30:00,237.96001,238.53999,237.31,237.4007,3712355,0,0
2025-01-15 16:30:00,237.39999,237.58,236.5024,237.1199,2959584,0,0
2025-01-15 17:30:00,237.11501,237.74001,236.97,237.53,2206504,0,0
2025-01-15 18:30:00,237.52,237.75999,237.25999,237.5601,1908254,0,0
2025-01-15 19:30:00,237.58,238.03419,237.52,237.6212,2782086,0,0
2025-01-15 20:30:00,237.62,238.47,237.39,237.85001,4684385,0,0
2025-01-16 14:30:00,237.49001,238.00999,232.7106,232.81799,10445774,0,0
2025-01-16 15:30:00,232.802,233.02,230.16,230.58501,11066513,0,0
2025-01-16 16:30:00,230.5995,231.10001,229.75,230.92,8412063,0,0
2025-01-16 17:30:00,230.92,231.2,229.07001,229.19,6223224,0,0
2025-01-16 18:30:00,229.185,229.39999,228.56,229.175,5846132,0,0
2025-01-16 19:30:00,229.175,230.0686,228.89999,229.02499,6469586,0,0
2025-01-16 20:30:00,229.00999,229.29179,228.03,228.24001,9428533,0,0
2025-01-17 14:30:00,232.11501,232.28999,229.72,230.38499,25704386,0,0
2025-01-17 15:30:00,230.39999,231.64999,230.35001,231.2813,6642384,0,0
2025-01-17 16:30:00,231.28999,231.32001,229.49001,230.25909,5636022,0,0
2025-01-17 17:30:00,230.265,230.44,229.89,229.91,3639355,0,0
2025-01-17 18:30:00,229.9102,229.95,228.48,229.17999,4996598,0,0
2025-01-17 19:30:00,229.17999,229.77,229.08,229.44009,4408697,0,0
2025-01-17 20:30:00,229.44,230.02,229.23,229.99001,5430152,0,0
2025-01-21 14:30:00,224.0,224.42,220.8,221.77029,25254813,0,0
2025-01-21 15:30:00,221.77,222.09,219.7,220.1078,11789902,0,0
2025-01-21 16:30:00,220.09,220.77,219.38,220.36,6632233,1,0
2025-01-21 17:30:00,220.36,221.07001,220.00999,220.405,4412791,0,0
2025-01-21 18:30:00,220.40469,221.69,220.37,221.60989,4338291,0,0
2025-01-21 19:30:00,221.60001,221.67,220.31,221.6499,5067344,0,0
2025-01-21 20:30:00,221.62,222.78,221.34,222.66,4823568,0,0
2025-01-22 14:30:00,219.94,223.3528,219.8,221.631,16298662,0,0
2025-01-22 15:30:00,221.63499,223.08,221.55,222.8598,6743134,0,0
2025-01-22 16:30:00,222.85789,222.92799,221.7,222.565,5094747,0,0
2025-01-22 17:30:00,222.565,222.85001,222.015,222.11571,3954228,0,0
2025-01-22 18:30:00,222.13,222.86501,221.91,222.746,3384532,0,0
2025-01-22 19:30:00,222.75,223.60001,222.42,223.35001,5606510,0,0
2025-01-22 20:30:00,223.36501,223.98,223.06,223.77,5027611,0,0
2025-01-23 14:30:00,224.73,227.03,224.25999,225.97,14316012,0,0
2025-01-23 15:30:00,225.965,226.37,224.38,225.175,6666106,0,0
2025-01-23 16:30:00,225.16,225.19501,223.3857,223.57001,5267365,0,0
2025-01-23 17:30:00,223.565,223.78,223.19,223.55,5083443,0,0
2025-01-23 18:30:00,223.56,223.63499,222.42999,222.8,4375171,0,0
2025-01-23 19:30:00,222.81,223.17,222.575,222.88,4096781,0,0
2025-01-23 20:30:00,222.86501,223.64999,222.3,223.64999,6903829,0,0
2025-01-24 14:30:00,224.97501,225.63,222.53011,222.73,15246324,0,0
2025-01-24 15:30:00,222.735,223.37,222.3501,222.75999,5636625,0,0
2025-01-24 16:30:00,222.77,223.49001,222.14,222.28,16594219,0,0
2025-01-24 17:30:00,222.22,222.7245,221.95,222.16,2528503,0,0
2025-01-24 18:30:00,222.19,222.55,221.92,222.37,10848882,0,0
2025-01-24 19:30:00,222.35001,222.92999,221.41,222.32001,13422266,0,0
2025-01-24 20:30:00,222.38499,223.045,222.2,222.78999,4335892,0,0
2025-01-27 14:30:00,224.03,227.7,224.0,227.2923,22927445,0,0
2025-01-27 15:30:00,227.3,228.83,227.09,228.4938,9565070,0,0
2025-01-27 16:30:00,228.47,230.14,228.17999,230.09,8523755,0,0
2025-01-27 17:30:00,230.09,231.38,229.8105,231.32001,6766052,0,0
2025-01-27 18:30:00,231.3,232.14999,230.99001,232.03,7080439,0,0
2025-01-27 19:30:00,232.03,232.03,230.14,230.67999,9473126,0,0
2025-01-27 20:30:00,230.7,231.38,228.48,229.94,10815158,0,0
2025-01-28 14:30:00,230.85,237.79,230.85,237.64,736633,0,0
2025-01-28 15:30:00,237.645,239.43,237.63,238.95,422180,0,0
2025-01-28 16:30:00,239.18,240.19,238.2,238.64,289453,0,0
2025-01-28 17:30:00,238.64,239.25,238.27,238.71,161978,0,0
2025-01-28 18:30:00,238.76,239.085,238.6,238.93,265147,0,0
2025-01-28 19:30:00,238.82,239.48,238.31,238.82,153550,0,0
2025-01-28 20:30:00,238.84,238.96,237.77,238.23,240632,0,0
2025-01-29 14:30:00,234.14999,237.13,234.00999,236.83,11611110,0,0
2025-01-29 15:30:00,236.81,238.0,236.42999,236.5157,4860134,0,0
2025-01-29 16:30:00,236.53,237.22,236.13,236.869,4055486,0,0
2025-01-29 17:30:00,236.87,237.435,235.46001,237.42999,3899414,0,0
2025-01-29 18:30:00,237.45,237.66,236.31,236.44501,2765958,0,0
2025-01-29 19:30:00,236.44,239.24001,236.345,239.05,4886187,0,0
2025-01-29 20:30:00,239.06,239.855,238.72,239.35001,5064524,0,0
2025-01-30 14:30:00,238.66499,240.78999,238.09,238.46001,8800925,0,0
2025-01-30 15:30:00,238.46001,239.03,237.21001,238.16,6219473,0,0
2025-01-30 16:30:00,238.1844,238.88,237.81,238.03,3226450,0,0
2025-01-30 17:30:00,238.03,238.7686,237.905,238.45,2683972,0,0
2025-01-30 18:30:00,238.44,239.67,238.44,239.25,3360211,0,0
2025-01-30 19:30:00,239.25,240.05,239.21001,239.58,4799123,0,0
2025-01-30 20:30:00,239.58,239.855,237.24001,237.56,6836079,0,0
2025-01-31 14:30:00,247.03999,247.19,240.55,240.9436,27334395,0,1
2025-01-31 15:30:00,240.905,241.42931,238.59,238.94901,10169789,0,0
2025-01-31 16:30:00,238.97,240.05,238.74001,239.74001,6222938,0,0
2025-01-31 17:30:00,239.75,239.80099,236.22,236.425,7822078,0,0
2025-01-31 18:30:00,236.42999,236.86,234.47,235.13499,7380314,0,0
2025-01-31 19:30:00,235.155,235.27991,233.44,234.28999,7945570,0,0
2025-01-31 20:30:00,234.31,236.5,233.74001,235.86,8379858,0,0
2025-02-03 14:30:00,229.44,231.83,226.63499,229.25999,21198249,0,0
2025-02-03 15:30:00,229.25999,229.8199,226.08,226.42,10353683,0,0
2025-02-03 16:30:00,226.41,227.13,225.71001,226.3699,7067637,0,0
2025-02-03 17:30:00,226.36,227.07001,225.95,226.89999,4952072,1,0
2025-02-03 18:30:00,226.91,228.8477,226.89,228.47,5283668,0,0
2025-02-03 19:30:00,228.48,229.21001,228.32001,228.55009,4499030,0,0
2025-02-03 20:30:00,228.57001,228.96989,227.63,227.98,5648751,0,0
2025-02-04 14:30:00,227.2,230.4118,226.64999,230.37,11635605,0,0
2025-02-04 15:30:00,230.38,231.5488,230.13499,231.05,5366151,0,0
2025-02-04 16:30:00,231.06,232.78999,231.05,231.78,5209179,0,0
2025-02-04 17:30:00,231.78999,232.38,231.39,232.22,3095970,0,0
2025-02-04 18:30:00,232.22569,232.36,231.38,232.14,2286596,0,0
2025-02-04 19:30:00,232.14,232.95,232.13499,232.30901,3344618,0,0
2025-02-04 20:30:00,232.28999,233.13,232.03,232.78999,3490884,0,0
2025-02-05 14:30:00,229.39529,230.61971,228.3,229.5,9950472,0,0
2025-02-05 15:30:00,229.50999,230.19749,228.85139,230.09,3448041,0,0
2025-02-05 16:30:00,230.08,231.28,229.99001,230.69,2916208,0,0
2025-02-05 17:30:00,230.67999,230.75,229.63,229.91,2376629,0,0
2025-02-05 18:30:00,229.89999,231.53,229.71001,230.6487,3043439,0,0
2025-02-05 19:30:00,230.64,231.87,230.5,231.795,2873550,0,0
2025-02-05 20:30:00,231.78,232.67,231.11011,232.46001,3443172,0,0
2025-02-06 14:30:00,231.34,233.8,230.7793,231.53999,6919081,0,0
2025-02-06 15:30:00,231.58501,232.32561,230.425,231.515,3602110,0,0
2025-02-06 16:30:00,231.50999,231.63499,230.89999,231.33,2213517,0,0
2025-02-06 17:30:00,231.345,232.34,231.03,232.19,2393555,0,0
2025-02-06 18:30:00,232.19,233.11,232.08,232.87,1818718,0,0
2025-02-06 19:30:00,232.89,232.89,231.895,232.28,2205672,0,0
2025-02-06 20:30:00,232.28999,233.28,231.92999,233.22,3111368,0,0
2025-02-07 14:30:00,232.515,234.0,229.88,230.39,7814805,0,0
2025-02-07 15:30:00,230.34,231.26801,228.89999,229.05499,5830454,0,0
2025-02-07 16:30:00,229.08501,229.42,228.19501,228.4006,3763438,0,0
2025-02-07 17:30:00,228.39,229.44,228.3633,229.2989,3721234,0,0
2025-02-07 18:30:00,229.28999,229.5,227.83,227.88,2602577,0,0
2025-02-07 19:30:00,227.89,228.58,227.78999,228.0,2965606,0,0
2025-02-07 20:30:00,227.99001,228.14999,227.25999,227.71001,5030513,0,0
2025-02-10 14:30:00,229.57001,230.58501,228.8,229.8662,6363524,0,0
2025-02-10 15:30:00,229.89,229.91161,228.74001,229.36,3755997,0,0
2025-02-10 16:30:00,229.3708,229.38499,228.2392,228.4707,2475816,0,0
2025-02-10 17:30:00,228.47,228.88,228.37,228.47,2458759,0,0
2025-02-10 18:30:00,228.485,229.035,228.405,228.69991,1724822,0,0
2025-02-10 19:30:00,228.7,228.84,227.60001,227.69,2971999,0,0
2025-02-10 20:30:00,227.73,227.88,227.2,227.64,3507594,0,0
2025-02-11 14:30:00,228.2,233.49001,228.13,233.34,16450453,0,0
2025-02-11 15:30:00,233.215,234.7179,232.8201,234.64999,7044939,0,0
2025-02-11 16:30:00,234.66,235.23,233.72169,234.5723,5739801,0,0
2025-02-11 17:30:00,234.59,234.625,233.25,233.545,3044289,0,0
2025-02-11 18:30:00,233.72,234.1899,233.13,233.37,2814146,0,0
2025-02-11 19:30:00,233.36211,233.925,232.89999,233.11079,3713673,0,0
2025-02-11 20:30:00,233.11,233.3,232.17,232.77,4615039,0,0
2025-02-12 14:30:00,231.27499,234.05,230.67999,233.605,11367975,1,0
2025-02-12 15:30:00,233.58121,235.14,233.58,235.07001,5468072,0,0
2025-02-12 16:30:00,235.07001,235.66,234.73,235.28999,3522413,0,0
2025-02-12 17:30:00,235.2733,235.89,234.86,235.48,2818998,0,0
2025-02-12 18:30:00,235.47321,236.42,235.32001,236.21001,3035921,0,0
2025-02-12 19:30:00,236.21001,236.66,236.07001,236.465,3343068,0,0
2025-02-12 20:30:00,236.46001,236.96001,235.91,236.89,4493778,0,0
2025-02-13 14:30:00,238.42,239.0,235.57001,237.88,9840230,0,0
2025-02-13 15:30:00,237.896,241.61,237.73,240.48,8946690,0,0
2025-02-13 16:30:00,240.4903,240.84,239.82001,240.345,3794477,0,0
2025-02-13 17:30:00,240.3499,241.35001,240.19,241.03,3189003,0,0
2025-02-13 18:30:00,241.03999,242.07001,240.53,241.7699,3762258,0,0
2025-02-13 19:30:00,241.75011,242.3399,241.25999,241.545,3705280,0,0
2025-02-13 20:30:00,241.545,241.769,241.00999,241.52,4257586,0,0
2025-02-14 14:30:00,241.07001,245.05,241.0,244.38,11286651,0,0
2025-02-14 15:30:00,244.38,244.38,243.16,243.94501,5067705,0,0
2025-02-14 16:30:00,243.94,244.53,243.69,243.8152,4178251,0,0
2025-02-14 17:30:00,243.825,244.31,243.34,243.99989,2425988,0,0
2025-02-14 18:30:00,243.98,244.53999,243.94,244.14999,1978801,0,0
2025-02-14 19:30:00,244.13989,244.37,243.9101,244.10001,2427820,0,0
2025-02-14 20:30:00,244.08,245.41,243.91,244.57001,4882408,0,0
2025-02-18 14:30:00,243.91,245.17999,242.86011,244.0905,10825110,0,0
2025-02-18 15:30:00,244.08,244.96989,243.94,244.73,3162208,0,0
2025-02-18 16:30:00,244.72,245.05,244.17999,244.42999,3072601,0,0
2025-02-18 17:30:00,244.45,244.5,243.25,243.435,2653024,0,0
2025-02-18 18:30:00,243.42999,243.48331,241.84,243.05499,3303217,0,0
2025-02-18 19:30:00,243.05499,243.83501,242.98,243.52,2923310,0,0
2025-02-18 20:30:00,243.53,244.60001,243.14999,244.47,4972578,0,0
2025-02-19 14:30:00,244.61,246.00999,243.78999,243.9399,7953912,0,0
2025-02-19 15:30:00,243.92999,244.49001,243.1604,244.39571,3875842,0,0
2025-02-19 16:30:00,244.39,245.6514,244.03,245.14999,3328518,0,0
2025-02-19 17:30:00,245.14,245.28,244.23,244.71001,1965036,0,0
2025-02-19 18:30:00,244.715,245.1899,244.22,244.9001,2025071,0,0
2025-02-19 19:30:00,244.89999,245.17,244.4501,244.88,2676277,0,0
2025-02-19 20:30:00,244.88,245.0896,244.535,244.88,2963614,0,0
2025-02-20 14:30:00,244.97,246.78,244.28999,244.745,7059474,0,0
2025-02-20 15:30:00,244.74001,246.7,244.59,246.1306,4332976,0,0
2025-02-20 16:30:00,246.125,246.46001,245.03,246.38,4072175,0,0
2025-02-20 17:30:00,246.37,246.41,245.16,245.44501,2248069,0,0
2025-02-20 18:30:00,245.44,245.58,245.02,245.255,1791583,0,0
2025-02-20 19:30:00,245.25,245.75,244.85001,245.62,2339026,0,0
2025-02-20 20:30:00,245.61,246.0,245.36,245.86,3152476,0,0
2025-02-21 14:30:00,245.965,246.94,245.22,245.78999,8207297,0,0
2025-02-21 15:30:00,245.77499,247.45,245.22,247.13,5440754,0,0
2025-02-21 16:30:00,247.145,247.64999,246.64999,247.37,4700950,0,0
2025-02-21 17:30:00,247.38,248.69,247.10001,247.44119,6864397,0,0
2025-02-21 18:30:00,247.4451,248.07671,246.42999,246.49001,4986285,0,0
2025-02-21 19:30:00,246.505,246.82001,245.39011,245.8,7827784,0,0
2025-02-21 20:30:00,245.815,246.09,245.33,245.59,5597952,0,0
2025-02-24 14:30:00,244.808,248.86,244.59,247.85001,13194485,1,0
2025-02-24 15:30:00,247.85001,247.9541,246.00999,247.1102,6816716,0,0
2025-02-24 16:30:00,247.13,248.32001,247.12,247.795,3638770,0,0
2025-02-24 17:30:00,247.82001,248.14,247.22,248.05,2551528,0,0
2025-02-24 18:30:00,248.05,248.8,247.67,248.66,4364825,0,0
2025-02-24 19:30:00,248.66,248.75,247.42999,247.61,3657066,0,0
2025-02-24 20:30:00,247.595,247.78999,246.82001,247.23,4976822,0,0
2025-02-25 14:30:00,248.0,249.52,244.91,245.11,12543414,0,0
2025-02-25 15:30:00,245.13,246.87,244.91,246.52499,4912736,0,0
2025-02-25 16:30:00,246.535,249.98,246.4301,249.58,6711698,0,0
2025-02-25 17:30:00,249.58,249.62,247.73,247.98,3204536,0,0
2025-02-25 18:30:00,247.97,248.62,247.16,247.66811,3236285,0,0
2025-02-25 19:30:00,247.64,248.59,247.55,247.72,3408426,0,0
2025-02-25 20:30:00,247.72501,247.77,246.045,247.05,4291190,0,0
2025-02-26 14:30:00,244.33,244.98,241.42,243.48,11922325,0,0
2025-02-26 15:30:00,243.495,243.72,241.58,241.81,4844532,0,0
2025-02-26 16:30:00,241.8,243.89,241.75,243.13,3260739,0,0
2025-02-26 17:30:00,243.14,243.28999,240.24001,240.3403,4011307,0,0
2025-02-26 18:30:00,240.34,240.39,239.13,239.82001,4096351,0,0
2025-02-26 19:30:00,239.81,240.45,239.53,239.95,3160834,0,0
2025-02-26 20:30:00,239.96001,240.71001,239.685,240.31,4066395,0,0
2025-02-27 14:30:00,239.345,242.28,238.47,241.375,11860928,0,0
2025-02-27 15:30:00,241.36,242.46001,240.64,241.52,3314596,0,0
2025-02-27 16:30:00,241.52,241.78481,239.58501,241.058,2483584,0,0
2025-02-27 17:30:00,241.1297,242.17999,240.36,241.89999,2123940,0,0
2025-02-27 18:30:00,241.92999,242.05,240.52,240.63,2376630,0,1
2025-02-27 19:30:00,240.645,240.66,238.77029,238.92,4411625,0,0
2025-02-27 20:30:00,238.955,239.36951,237.10001,237.38,5981830,0,0
2025-02-28 14:30:00,236.95,237.8,234.50999,237.595,9860731,0,0
2025-02-28 15:30:00,237.58,237.83,236.49001,236.92,3856963,0,0
2025-02-28 16:30:00,236.87,237.75,236.55,237.605,2856512,1,0
2025-02-28 17:30:00,237.69,237.89999,236.23,237.41,3253563,0,0
2025-02-28 18:30:00,237.405,238.3083,237.00999,237.92,3074577,0,0
2025-02-28 19:30:00,237.88,239.78,237.70039,239.71001,4607390,0,0
2025-02-28 20:30:00,239.69,242.09,238.81,241.84,7654870,0,0
2025-03-03 14:30:00,241.722,244.02721,239.825,241.485,10137001,0,0
2025-03-03 15:30:00,241.5,242.63,241.12669,241.19,3962348,0,0
2025-03-03 16:30:00,241.23,242.55,240.66499,242.53999,2726862,0,0
2025-03-03 17:30:00,242.53999,242.9868,240.74001,240.965,2892774,0,1
2025-03-03 18:30:00,241.02,241.87,240.44,241.15179,3716220,0,0
2025-03-03 19:30:00,241.16,242.0,236.64999,236.88921,5255129,0,0
2025-03-03 20:30:00,236.88,238.56,236.112,238.14,6362960,0,0
2025-03-04 14:30:00,237.705,239.39,236.35001,238.39999,12574876,0,0
2025-03-04 15:30:00,238.39999,239.81,237.64999,238.63,6419558,0,0
2025-03-04 16:30:00,238.59,240.07001,238.12891,238.16499,4617834,0,0
2025-03-04 17:30:00,238.11,238.1799,236.16,236.75,4297681,0,0
2025-03-04 18:30:00,236.75,238.56,236.42999,238.28889,3524557,0,0
2025-03-04 19:30:00,238.28999,239.24989,237.9823,238.69,4113744,0,0
2025-03-04 20:30:00,238.67999,238.75,234.7,236.07001,6470426,0,0
2025-03-05 14:30:00,235.495,235.95,230.55,230.92,11396281,0,0
2025-03-05 15:30:00,230.94,233.2,230.14,230.649,4757085,0,0
2025-03-05 16:30:00,230.62,234.64999,229.23,234.5399,5831367,1,0
2025-03-05 17:30:00,234.53999,235.53999,234.0,234.67999,3887648,0,0
2025-03-05 18:30:00,234.6653,236.55,234.10001,235.7475,2837195,0,0
2025-03-05 19:30:00,235.8,236.48,235.14999,236.03999,3103634,0,0
2025-03-05 20:30:00,236.00999,236.35001,235.06,235.77,3864004,0,0
2025-03-06 14:30:00,234.435,237.16,233.53999,236.47,8965074,0,0
2025-03-06 15:30:00,236.47,237.86,236.245,236.78,4326344,0,0
2025-03-06 16:30:00,236.74001,237.34,234.04041,234.41499,4246957,0,0
2025-03-06 17:30:00,234.39999,235.42999,234.06,234.295,3660287,0,0
2025-03-06 18:30:00,234.30499,235.17,233.39999,233.69,4333970,0,0
2025-03-06 19:30:00,233.655,236.00999,233.33,235.17999,4926584,1,0
2025-03-06 20:30:00,235.17,235.75999,234.45,235.32001,4800803,0,0
2025-03-07 14:30:00,235.105,239.42999,234.835,238.31,8601005,0,0
2025-03-07 15:30:00,238.315,240.16,237.03011,239.02,6445384,0,0
2025-03-07 16:30:00,239.03999,239.69749,237.86,239.28999,6229746,0,0
2025-03-07 17:30:00,239.25999,241.37,238.8,240.4144,6264766,0,0
2025-03-07 18:30:00,240.425,240.91,238.57001,239.64999,4109056,0,1
2025-03-07 19:30:00,239.66499,239.86,238.08,238.8114,3265326,0,0
2025-03-07 20:30:00,238.8,239.77,237.94,239.07001,4811911,0,0
2025-03-10 13:30:00,235.48,236.16,228.52,228.55,15210592,0,0
2025-03-10 14:30:00,228.55499,229.5,225.28999,226.5087,11879291,0,0
2025-03-10 15:30:00,226.53,227.28999,224.22,225.48,6728298,0,0
2025-03-10 16:30:00,225.53999,226.69,224.325,225.21001,5441202,0,0
2025-03-10 17:30:00,225.24001,226.98,224.87,226.58,5343177,0,0
2025-03-10 18:30:00,226.59,227.515,224.4209,226.9762,7127512,0,0
2025-03-10 19:30:00,226.99001,228.64999,226.5,227.541,8057482,0,0
2025-03-11 13:30:00,223.8,225.8399,220.00999,222.52,17705238,0,0
2025-03-11 14:30:00,222.49001,222.95,220.59,221.0032,7863529,0,0
2025-03-11 15:30:00,220.98,221.74001,218.5,218.55,8365238,0,0
2025-03-11 16:30:00,218.53999,219.88,217.45,217.755,7268661,0,0
2025-03-11 17:30:00,217.73,220.98,217.67999,220.545,6404020,0,0
2025-03-11 18:30:00,220.55,223.28,220.09019,221.82021,7110964,0,0
2025-03-11 19:30:00,221.82001,222.05,220.58,220.73,6574063,0,0
2025-03-12 13:30:00,220.17999,221.75,218.83,218.95,13585830,0,0
2025-03-12 14:30:00,218.95,219.39999,214.91,216.44501,10778249,0,0
2025-03-12 15:30:00,216.47,218.61,216.33,218.3604,5962200,0,0
2025-03-12 16:30:00,218.44501,218.60001,216.88,218.1898,4501805,0,0
2025-03-12 17:30:00,218.13,218.22,215.92999,216.11,5341362,0,0
2025-03-12 18:30:00,216.12,217.0899,215.05,215.63989,6048770,0,0
2025-03-12 19:30:00,215.64999,217.27,215.28,216.94,7314758,0,0
2025-03-13 13:30:00,215.94,216.8394,214.22,214.28,11543428,0,0
2025-03-13 14:30:00,214.3,214.82001,213.63,214.04021,6041469,0,0
2025-03-13 15:30:00,214.045,214.35001,211.56,211.94,8254454,0,0
2025-03-13 16:30:00,211.93381,212.92999,210.69,211.155,5949778,0,0
2025-03-13 17:30:00,211.14,212.47,210.50011,212.28999,5034049,0,0
2025-03-13 18:30:00,212.286,212.46989,210.36,210.63,5897570,0,0
2025-03-13 19:30:00,210.67,210.71001,208.42,209.71001,9508816,0,0
2025-03-14 13:30:00,211.25,213.42999,209.58,210.3781,14448242,0,0
2025-03-14 14:30:00,210.38,212.38,209.98,211.92999,7259676,0,0
2025-03-14 15:30:00,211.92999,213.94,211.91,212.2307,5950062,0,0
2025-03-14 16:30:00,212.235,213.5,212.0723,212.315,3579047,0,0
2025-03-14 17:30:00,212.3026,212.6899,210.75999,211.245,6041620,0,0
2025-03-14 18:30:00,211.25,213.411,211.25,212.9053,4621820,0,0
2025-03-14 19:30:00,212.89461,213.89999,212.71001,213.38,6350358,0,0
2025-03-17 13:30:00,213.36,214.97,212.17,213.2247,9583454,0,0
2025-03-17 14:30:00,213.22501,213.25999,210.4697,210.7547,5939423,0,0
2025-03-17 15:30:00,210.755,211.8,209.98,211.2,4394790,0,0
2025-03-17 16:30:00,211.21001,212.37,211.09,212.33031,3083388,0,0
2025-03-17 17:30:00,212.355,214.73019,212.28,214.455,4126373,0,0
2025-03-17 18:30:00,214.45,214.7968,214.07001,214.685,3623892,0,0
2025-03-17 19:30:00,214.67999,215.22,213.67,214.19,6930829,0,0
2025-03-18 13:30:00,214.14,215.14999,212.95,214.55141,10203982,0,0
2025-03-18 14:30:00,214.55,214.89,212.64999,213.33,4477342,0,0
2025-03-18 15:30:00,213.25,213.98,212.78999,213.72,3176514,0,0
2025-03-18 16:30:00,213.7,213.77361,211.49001,212.2834,4535545,0,0
2025-03-18 17:30:00,212.3,212.32001,211.5598,211.995,3006313,0,0
2025-03-18 18:30:00,212.0,212.655,211.8103,212.345,3435188,0,0
2025-03-18 19:30:00,212.345,213.25999,212.31,212.78999,4396249,0,0
2025-03-19 13:30:00,214.22,218.75999,213.9101,217.145,11409119,0,0
2025-03-19 14:30:00,217.21001,217.2198,214.96001,215.66901,5121699,0,0
2025-03-19 15:30:00,215.69,216.75,215.17999,215.3,3259079,0,0
2025-03-19 16:30:00,215.28999,215.33,214.28999,214.38,2801294,0,0
2025-03-19 17:30:00,214.392,215.0497,213.75,214.27,4823378,0,0
2025-03-19 18:30:00,214.27,217.05901,214.25,215.5099,6058928,0,0
2025-03-19 19:30:00,215.5,215.67999,214.48,215.3,5255712,0,0
2025-03-20 13:30:00,213.99001,217.4899,212.89999,216.9904,7527757,0,0
2025-03-20 14:30:00,216.98,217.295,215.7876,215.9,4569561,0,0
2025-03-20 15:30:00,215.94,216.46001,214.02,214.14,4431089,0,0
2025-03-20 16:30:00,214.14,214.50999,213.0,213.23,5149763,0,0
2025-03-20 17:30:00,213.25999,213.89,212.73,212.75999,3180049,0,0
2025-03-20 18:30:00,212.77,213.39999,212.22,212.6835,4531064,0,0
2025-03-20 19:30:00,212.69,214.75999,212.69,214.14999,5352998,0,0
2025-03-21 13:30:00,211.515,214.41,211.47,213.74001,21249328,1,0
2025-03-21 14:30:00,213.71001,214.84,213.2607,213.4435,7872381,0,0
2025-03-21 15:30:00,213.44,215.39999,212.64,214.655,3813985,0,0
2025-03-21 16:30:00,214.67,215.48,214.4848,214.62,3366634,0,0
2025-03-21 17:30:00,214.61,215.039,214.2601,214.67,3091390,0,0
2025-03-21 18:30:00,214.67,215.37,214.64,215.31,4189003,0,0
2025-03-21 19:30:00,215.31,218.84,215.00999,218.36,10148885,0,0
2025-03-24 13:30:00,221.0,221.021,218.58,219.77,9344812,0,0
2025-03-24 14:30:00,219.81,220.69,219.02921,219.1575,4668518,0,0
2025-03-24 15:30:00,219.155,220.05,218.96001,219.0,3264720,0,0
2025-03-24 16:30:00,219.015,219.5,218.82001,219.28999,3057015,0,0
2025-03-24 17:30:00,219.32001,219.85001,219.09,219.75999,2530901,0,0
2025-03-24 18:30:00,219.77499,220.47,219.46581,219.77,4139018,0,0
2025-03-24 19:30:00,219.78999,221.00999,219.66,220.42999,6001386,0,0
2025-03-25 13:30:00,220.77,223.38,220.085,223.37,484371,0,0
2025-03-25 14:30:00,223.33,223.895,222.3,223.55,251023,0,0
2025-03-25 15:30:00,223.555,223.685,223.01,223.135,135677,0,0
2025-03-25 16:30:00,223.105,223.63,222.83,222.83,135363,0,0
2025-03-25 17:30:00,222.835,223.94,222.615,223.49,137193,0,0
2025-03-25 18:30:00,223.495,223.71,222.79,223.39,194998,0,0
2025-03-25 19:30:00,223.41,224.1,223.3,223.76,217661,0,0
2025-03-26 13:30:00,223.50999,225.02,222.84,224.07449,8223129,0,0
2025-03-26 14:30:00,224.08501,224.3156,223.11,223.72,3253126,0,0
2025-03-26 15:30:00,223.72009,223.89999,222.12,223.675,3220107,0,0
2025-03-26 16:30:00,223.675,223.78999,221.63,222.08,2855124,0,0
2025-03-26 17:30:00,222.08,222.22,221.4001,221.83501,2219567,0,0
2025-03-26 18:30:00,221.815,221.88499,220.60001,220.60001,3054676,0,0
2025-03-26 19:30:00,220.61501,221.88,220.47,221.39999,4140037,0,0
2025-03-27 13:30:00,221.33,222.10001,220.5601,221.64999,5508724,0,0
2025-03-27 14:30:00,221.64999,223.24001,221.39999,222.80009,3784484,0,0
2025-03-27 15:30:00,222.8,223.75999,222.565,223.19501,2866958,0,0
2025-03-27 16:30:00,223.17999,223.98,222.72,223.105,3509193,0,0
2025-03-27 17:30:00,223.08,224.56,223.05,224.37,3521517,0,0
2025-03-27 18:30:00,224.35001,224.99001,223.94501,224.78999,3376619,0,0
2025-03-27 19:30:00,224.8,224.99001,223.7,223.92999,5491814,0,0
2025-03-28 13:30:00,221.649,223.8,219.69501,219.91,8900229,0,0
2025-03-28 14:30:00,219.89,220.64999,219.17,219.98,4819013,0,0
2025-03-28 15:30:00,219.8911,220.22,218.35001,218.69,3075097,0,0
2025-03-28 16:30:00,218.67,219.12,218.21001,218.49001,3059478,0,0
2025-03-28 17:30:00,218.5,219.1665,218.17999,219.05,2307054,0,0
2025-03-28 18:30:00,219.03999,219.14999,218.1104,218.50999,3188030,0,0
2025-03-28 19:30:00,218.5,218.75,217.67999,217.88,5319689,0,0
2025-03-31 13:30:00,217.22,219.31,216.24001,218.57001,13611371,0,0
2025-03-31 14:30:00,218.61,220.08,218.35,219.13,5131843,0,0
2025-03-31 15:30:00,219.10001,220.92999,218.88519,220.92,3711918,0,0
2025-03-31 16:30:00,220.89999,221.02,219.39,219.87,2845575,0,0
2025-03-31 17:30:00,219.85001,220.88,219.2417,220.795,2764885,0,0
2025-03-31 18:30:00,220.8,221.735,220.39,221.22501,4172283,0,0
2025-03-31 19:30:00,221.21001,224.97,220.9901,221.995,11487559,0,0
2025-04-01 13:30:00,219.80499,223.39,218.89999,221.5199,9638876,0,0
2025-04-01 14:30:00,221.49001,223.42999,221.36,222.8799,4206063,0,0
2025-04-01 15:30:00,222.86501,223.14,222.14999,222.53,2944555,0,0
2025-04-01 16:30:00,222.55499,223.08,222.19,222.3385,2079835,0,0
2025-04-01 17:30:00,222.3,222.77499,221.45,221.5,2283252,0,0
2025-04-01 18:30:00,221.49001,222.12,221.14999,221.73,2520811,0,0
2025-04-01 19:30:00,221.71001,223.49001,221.57001,223.14,4133846,0,0
2025-04-02 13:30:00,221.19,224.10851,221.05,224.03999,5984058,0,0
2025-04-02 14:30:00,224.02,224.71539,223.45,224.48,3704510,0,0
2025-04-02 15:30:00,224.45,224.60001,223.11,224.13,2694881,0,0
2025-04-02 16:30:00,224.13,225.19,223.19,224.72,3616264,0,0
2025-04-02 17:30:00,224.72,224.81,222.92,222.92999,2445540,0,1
2025-04-02 18:30:00,222.92,223.94099,222.8614,223.6601,2653899,0,0
2025-04-02 19:30:00,223.67,224.46001,223.5,223.78999,4054405,0,0
2025-04-03 13:30:00,205.52,207.4899,202.52,205.63499,32868028,0,0
2025-04-03 14:30:00,205.63499,206.47,203.37,204.05,11492280,0,0
2025-04-03 15:30:00,204.05,207.03999,203.7043,206.06,8453124,0,0
2025-04-03 16:30:00,206.10001,206.3,203.8401,204.005,5727160,0,0
2025-04-03 17:30:00,203.99001,204.6051,202.7,203.0,6326946,0,0
2025-04-03 18:30:00,202.9828,203.52,202.14,202.2,9806166,0,0
2025-04-03 19:30:00,202.2,203.86,201.25,203.06,14152077,0,0
2025-04-04 13:30:00,196.17,199.88,192.8,195.28,32119623,0,0
2025-04-04 14:30:00,195.295,197.2117,191.06,194.49001,19674778,0,0
2025-04-04 15:30:00,194.465,196.0,192.25999,192.81,9394573,0,0
2025-04-04 16:30:00,192.78,193.9762,190.89999,190.99001,8258826,0,0
2025-04-04 17:30:00,190.98,192.57001,188.83099,188.88,12241484,0,0
2025-04-04 18:30:00,188.89999,190.8688,187.345,190.23,13768421,0,0
2025-04-04 19:30:00,190.155,191.73,188.06,188.38,14314619,0,0
2025-04-07 13:30:00,177.24001,194.14,174.62,182.39999,60052232,0,0
2025-04-07 14:30:00,181.75,185.9398,175.7,176.36,22337720,0,0
2025-04-07 15:30:00,176.41,180.16,175.75,178.14,12923106,0,0
2025-04-07 16:30:00,178.10001,181.72,177.10001,181.53999,10820708,0,0
2025-04-07 17:30:00,181.55499,183.89,179.5,180.33501,12360402,0,0
2025-04-07 18:30:00,180.34,182.3,178.28011,178.4213,12053848,0,0
2025-04-07 19:30:00,178.44,182.0,178.435,181.59,11790019,0,0
2025-04-08 13:30:00,186.73,190.33501,185.10001,189.33,25336677,0,0
2025-04-08 14:30:00,189.32001,189.92999,184.06,184.09,11822751,0,0
2025-04-08 15:30:00,184.07001,185.53999,182.28999,183.33,7825256,0,0
2025-04-08 16:30:00,183.32001,183.515,175.0,175.03,15712598,0,0
2025-04-08 17:30:00,175.02,178.60989,174.85001,175.33,11562913,0,0
2025-04-08 18:30:00,175.31219,177.23,171.63,172.89,15040705,0,0
2025-04-08 19:30:00,172.87,173.44,169.2101,172.77,16156814,0,0
2025-04-09 13:30:00,172.179,179.42,171.89,178.4118,32288949,1,0
2025-04-09 14:30:00,178.50999,180.42,176.83,179.755,15996521,0,0
2025-04-09 15:30:00,179.75,181.07001,177.75,179.59,11721052,0,0
2025-04-09 16:30:00,179.5799,194.49001,179.24001,188.52499,19036631,0,0
2025-04-09 17:30:00,188.50999,194.8699,188.13,190.8,27276269,0,0
2025-04-09 18:30:00,190.78999,198.98,183.87,196.06,30349699,0,0
2025-04-09 19:30:00,196.0,200.61,195.91,198.85001,20947383,0,0
2025-04-10 13:30:00,189.16499,194.77991,189.0,192.145,25783702,0,0
2025-04-10 14:30:00,192.22,193.57001,188.69,188.85921,10348115,0,0
2025-04-10 15:30:00,188.855,189.23,183.0,184.27,16399003,0,0
2025-04-10 16:30:00,184.265,189.89999,184.175,188.00999,13927222,1,0
2025-04-10 17:30:00,187.97,192.0,186.0,191.75999,14336457,0,0
2025-04-10 18:30:00,191.75,192.8,189.02,189.985,10246898,0,0
2025-04-10 19:30:00,190.0,192.435,187.83,190.44,10417028,0,0
2025-04-11 13:30:00,186.17999,193.25,186.06,189.92999,17625839,0,0
2025-04-11 14:30:00,189.94,194.2,189.64,193.32001,10224897,0,0
2025-04-11 15:30:00,193.28999,197.67,192.8786,195.80099,11426289,0,0
2025-04-11 16:30:00,195.82001,199.35001,195.81,196.8307,10272519,0,0
2025-04-11 17:30:00,196.85249,199.53999,196.0379,197.58,8204023,0,0
2025-04-11 18:30:00,197.60001,198.94389,197.40179,198.342,6229743,0,0
2025-04-11 19:30:00,198.35001,199.0,197.5414,198.02,9619486,0,0
2025-04-14 13:30:00,211.44,212.94,204.61,204.75,38852582,0,1
2025-04-14 14:30:00,204.8,206.19991,203.41,203.60001,11826668,0,0
2025-04-14 15:30:00,203.64999,204.38,201.16209,201.75,11801459,0,0
2025-04-14 16:30:00,201.73,204.9785,201.58501,203.864,8024983,0,0
2025-04-14 17:30:00,203.88499,205.81,203.42999,205.78999,6209694,0,0
2025-04-14 18:30:00,205.78999,206.66,205.39,205.71001,6862210,0,0
2025-04-14 19:30:00,205.72,205.89999,202.32001,202.59,8409251,0,0
2025-04-15 13:30:00,201.855,203.505,199.82001,200.8,13453371,0,0
2025-04-15 14:30:00,200.78999,203.09,200.686,202.11501,6103100,0,0
2025-04-15 15:30:00,202.14,203.35001,201.96001,203.03999,3730153,0,0
2025-04-15 16:30:00,203.05,203.284,201.11501,201.6044,3893654,0,0
2025-04-15 17:30:00,201.58501,202.7769,201.30499,201.765,4045655,0,0
2025-04-15 18:30:00,201.715,203.28999,201.64,202.8,4048783,0,0
2025-04-15 19:30:00,202.83,202.959,201.92,202.13,4409283,0,0
2025-04-16 13:30:00,198.36,200.7,196.02,197.07001,13937138,0,0
2025-04-16 14:30:00,197.06,198.98849,196.81,198.3501,6372057,0,0
2025-04-16 15:30:00,198.375,198.39999,196.3905,196.91,4369963,0,0
2025-04-16 16:30:00,196.91,197.92,196.64999,197.75999,3351617,0,0
2025-04-16 17:30:00,197.75999,197.81,193.92,194.55499,7922500,0,0
2025-04-16 18:30:00,194.53999,194.64371,192.37,192.57001,5831097,0,0
2025-04-16 19:30:00,192.58,194.86349,192.57001,194.3,7049437,0,0
2025-04-17 13:30:00,197.14999,197.2,194.64,195.64,11995068,0,0
2025-04-17 14:30:00,195.69,197.095,194.42,196.03999,6835084,0,0
2025-04-17 15:30:00,196.03,198.05,195.98869,197.80499,4703332,0,0
2025-04-17 16:30:00,197.826,198.57001,196.67999,196.7,4953563,0,0
2025-04-17 17:30:00,196.71001,198.8335,196.67,198.28,3858649,0,0
2025-04-17 18:30:00,198.28999,198.66,196.87,197.2422,4857368,0,1
2025-04-17 19:30:00,197.25,197.7,195.82001,196.87,4510991,0,0
2025-04-21 13:30:00,193.265,193.8,191.36,192.12,8862849,0,0
2025-04-21 14:30:00,192.11,192.49001,190.605,190.735,4480370,0,0
2025-04-21 15:30:00,190.72,191.32001,189.8112,191.13,4469110,0,0
2025-04-21 16:30:00,191.12,191.75,190.14,190.614,3331629,0,0
2025-04-21 17:30:00,190.59,191.0,190.24001,190.82001,2848270,1,0
2025-04-21 18:30:00,190.815,191.38,190.2,191.105,3470291,0,0
2025-04-21 19:30:00,191.09,193.42,191.05,193.09,5337999,0,0
2025-04-22 13:30:00,196.07001,198.94,196.0,198.11,8343567,0,0
2025-04-22 14:30:00,198.12,199.55,197.67,198.83,5200594,0,0
2025-04-22 15:30:00,198.83,201.55,197.86,201.38,6986542,0,0
2025-04-22 16:30:00,201.4001,201.53,198.3203,198.53999,6210265,0,0
2025-04-22 17:30:00,198.5162,200.00999,198.1024,199.8918,3865378,0,0
2025-04-22 18:30:00,199.88,200.5,198.56,198.62019,6982874,0,0
2025-04-22 19:30:00,198.625,199.89,198.0,199.66,5543168,0,0
2025-04-23 13:30:00,206.0,208.0,204.6301,206.80499,15174509,0,0
2025-04-23 14:30:00,206.81,207.95,204.06,204.63,7455119,0,1
2025-04-23 15:30:00,204.625,205.41,202.799,204.11,5789475,0,0
2025-04-23 16:30:00,204.14,205.44,203.5184,204.95,3150358,0,0
2025-04-23 17:30:00,205.0,205.64999,204.22,204.48241,3056243,0,0
2025-04-23 18:30:00,204.47,205.17,203.65669,204.00999,3587154,0,0
2025-04-23 19:30:00,204.0309,205.75,203.61,204.36,5424069,0,0
2025-04-24 13:30:00,204.88499,206.35001,202.94,206.32001,8437662,0,0
2025-04-24 14:30:00,206.28999,206.66,205.22009,205.925,4262818,0,0
2025-04-24 15:30:00,205.88499,206.75,205.58009,206.28999,4462199,0,0
2025-04-24 16:30:00,206.28999,207.03,205.82001,206.905,2541750,0,0
2025-04-24 17:30:00,206.92,207.78999,206.55,207.289,2687289,0,0
2025-04-24 18:30:00,207.3,208.10001,207.03,207.0901,3837311,0,0
2025-04-24 19:30:00,207.11,208.8299,207.09,208.2,5785557,0,0
2025-04-25 13:30:00,206.42999,209.24989,206.2,206.6348,8557840,0,0
2025-04-25 14:30:00,206.64,207.76289,206.515,207.10001,3766130,0,0
2025-04-25 15:30:00,207.11,208.89999,206.66,208.59129,3799231,0,0
2025-04-25 16:30:00,208.60001,209.41,208.28999,209.37019,3714961,0,0
2025-04-25 17:30:00,209.39,209.41499,207.37,208.5045,3053055,0,0
2025-04-25 18:30:00,208.50999,208.87,208.14,208.22,2357459,0,0
2025-04-25 19:30:00,208.21001,209.42999,207.87,209.23,4418187,0,0
2025-04-28 13:30:00,210.055,211.45,208.76,208.84,328486,0,0
2025-04-28 14:30:00,208.83,209.79,207.86,207.97,213292,0,0
2025-04-28 15:30:00,207.99,208.39,207.47,207.86,101348,0,0
2025-04-28 16:30:00,207.89,208.71,207.855,208.16,98200,0,0
2025-04-28 17:30:00,208.07,210.05,208.07,209.87,143564,0,0
2025-04-28 18:30:00,209.87,210.94,209.8,210.54,153327,0,0
2025-04-28 19:30:00,210.53,211.48,210.04,210.1,214732,0,0
2025-04-29 13:30:00,208.69299,212.24001,208.37,210.95,9190516,0,0
2025-04-29 14:30:00,210.96001,212.07001,210.67,211.03999,3218454,0,0
2025-04-29 15:30:00,211.03999,211.3253,210.39999,210.48801,2669695,0,0
2025-04-29 16:30:00,210.49001,210.69,209.35001,210.36,2562388,0,0
2025-04-29 17:30:00,210.37,211.85001,210.22,211.7227,2467158,0,0
2025-04-29 18:30:00,211.72,211.9606,211.1001,211.3,2519310,0,0
2025-04-29 19:30:00,211.31,211.77,210.95,211.24001,3222132,0,0
2025-04-30 13:30:00,209.3,209.72,206.6705,209.3212,7770541,0,0
2025-04-30 14:30:00,209.3495,210.86,208.7101,210.545,3782710,0,0
2025-04-30 15:30:00,210.56,211.28,209.95,210.59,2740535,0,0
2025-04-30 16:30:00,210.59,211.36,209.8,211.08,2462208,0,0
2025-04-30 17:30:00,211.07001,212.97,210.315,210.715,3447792,0,0
2025-04-30 18:30:00,210.7,211.31,210.28,210.3446,2871370,0,0
2025-04-30 19:30:00,210.375,213.53999,210.05,212.49001,7076663,0,0
2025-05-01 13:30:00,209.00999,212.5,208.89999,211.74001,11460361,0,0
2025-05-01 14:30:00,211.75,214.22,211.315,212.89661,5794472,0,0
2025-05-01 15:30:00,212.895,213.12,211.41499,212.78,4005190,0,0
2025-05-01 16:30:00,212.78,212.87759,211.85001,212.50999,4133080,0,0
2025-05-01 17:30:00,212.50999,213.0,212.065,212.78,2827555,0,0
2025-05-01 18:30:00,212.78999,213.2,212.3,212.94,3941988,0,0
2025-05-01 19:30:00,212.94,214.55,212.47,212.83,7135104,0,0
2025-05-02 13:30:00,206.09,206.8199,202.16,206.72,30704404,0,0
2025-05-02 14:30:00,206.72,206.99001,204.60001,204.9008,9323215,0,0
2025-05-02 15:30:00,204.92,206.58,204.8606,205.0,8718007,0,0
2025-05-02 16:30:00,205.0,205.89,204.14999,204.69901,7635353,0,0
2025-05-02 17:30:00,204.7,205.83,204.7,204.88,7087245,0,0
2025-05-02 18:30:00,204.87,205.42999,203.66,204.75999,8882491,0,0
2025-05-02 19:30:00,204.75999,205.5,203.89,205.3,9990065,0,0
2025-05-05 13:30:00,203.125,204.10001,198.62,198.78,17363317,0,0
2025-05-05 14:30:00,198.787,199.64999,198.21001,199.1996,8474385,0,0
2025-05-05 15:30:00,199.19,200.03999,198.66,199.974,5978364,0,0
2025-05-05 16:30:00,199.96001,200.64,199.46,200.41,4950636,0,0
2025-05-05 17:30:00,200.41,201.09,200.16,200.96001,3841975,0,0
2025-05-05 18:30:00,200.95,201.16,199.39999,199.39999,5400812,0,0
2025-05-05 19:30:00,199.39999,199.5999,198.5197,198.77,6786984,0,0
2025-05-06 13:30:00,198.125,199.88,197.02,198.91,16561562,0,0
2025-05-06 14:30:00,198.89999,199.13,197.85001,199.035,5182787,0,0
2025-05-06 15:30:00,199.035,200.649,198.66,198.98,4709429,0,0
2025-05-06 16:30:00,198.97501,200.02,198.96001,199.425,3055441,0,0
2025-05-06 17:30:00,199.45,199.82001,198.69,199.30499,2836848,0,0
2025-05-06 18:30:00,199.295,199.85001,199.02,199.7084,3342061,0,0
2025-05-06 19:30:00,199.73,200.17,198.38,198.41,4603113,0,0
2025-05-07 13:30:00,199.19501,199.44,197.35001,199.22,9871911,0,0
2025-05-07 14:30:00,199.22701,199.39999,193.81,194.35069,11257129,0,0
2025-05-07 15:30:00,194.36,195.37,193.25,194.87,7971845,0,0
2025-05-07 16:30:00,194.85001,195.78,194.575,195.3,4049885,0,0
2025-05-07 17:30:00,195.32001,195.36,193.3,194.00999,5113387,0,0
2025-05-07 18:30:00,193.99699,195.71001,193.83141,194.32001,4886414,1,0
2025-05-07 19:30:00,194.34,197.46989,194.28999,196.25,6299703,0,0
2025-05-08 13:30:00,197.74001,198.13,194.6796,195.82001,10449699,0,0
2025-05-08 14:30:00,195.83,197.83,195.515,197.53999,5637721,0,0
2025-05-08 15:30:00,197.53,200.0498,197.31,199.24001,6698875,0,0
2025-05-08 16:30:00,199.2357,199.99001,199.0101,199.14,3093141,0,0
2025-05-08 17:30:00,199.14,199.21201,198.09,198.64,3307947,0,0
2025-05-08 18:30:00,198.64,199.688,198.45,199.56,3714346,0,0
2025-05-08 19:30:00,199.57001,199.62,197.164,197.39999,5279543,0,0
2025-05-09 13:30:00,199.005,200.5399,198.12,198.36011,9829701,0,0
2025-05-09 14:30:00,198.38499,199.17999,197.535,198.42999,4706752,0,0
2025-05-09 15:30:00,198.42,199.00999,197.92999,198.13499,2891812,0,0
2025-05-09 16:30:00,198.13,198.45,197.60001,198.14,3054224,0,0
2025-05-09 17:30:00,198.145,199.0999,197.91,198.91,2470206,0,0
2025-05-09 18:30:00,198.94,199.42999,198.71001,198.78,2945367,0,0
2025-05-09 19:30:00,198.8,198.9299,198.3401,198.53999,3474290,0,0
2025-05-12 13:30:00,210.97,211.26649,206.75,209.16,23789646,0,0
2025-05-12 14:30:00,209.17,210.23,208.12,208.75999,6321815,0,0
2025-05-12 15:30:00,208.78,208.9865,208.25,208.73,3944326,0,0
2025-05-12 16:30:00,208.73,209.99001,208.7092,209.935,4323467,0,0
2025-05-12 17:30:00,209.94,210.96001,209.935,210.77,4651025,0,0
2025-05-12 18:30:00,210.78,211.14999,209.92,210.05,4909377,0,0
2025-05-12 19:30:00,210.06,210.85001,209.96001,210.83,5815190,0,0
2025-05-13 13:30:00,210.42999,211.6657,209.08,211.45,15261368,0,0
2025-05-13 14:30:00,211.44501,211.88,211.08,211.38499,4801517,0,0
2025-05-13 15:30:00,211.39751,211.61,210.48,211.28,4186585,0,0
2025-05-13 16:30:00,211.28,211.94,210.90981,211.71001,3331068,0,0
2025-05-13 17:30:00,211.71001,212.97,211.7099,212.46001,4232828,0,0
2025-05-13 18:30:00,212.4752,213.39999,212.03999,213.23,4652431,0,0
2025-05-13 19:30:00,213.19,213.36,212.605,212.84,4596157,0,0
2025-05-14 13:30:00,212.425,213.94,211.87,213.28999,12100199,0,0
2025-05-14 14:30:00,213.30499,213.7164,211.8898,212.62,4939187,0,0
2025-05-14 15:30:00,212.618,212.88,211.99001,212.28999,3092741,0,0
2025-05-14 16:30:00,212.295,212.60001,210.58009,210.96001,4235129,0,0
2025-05-14 17:30:00,210.97,211.94521,210.96001,211.37,3051755,0,0
2025-05-14 18:30:00,211.38,212.05,210.99001,211.3595,3801274,0,0
2025-05-14 19:30:00,211.34,212.60001,211.24001,212.41,6352084,0,0
2025-05-15 13:30:00,210.995,212.53,209.53999,210.27499,9925447,0,0
2025-05-15 14:30:00,210.32001,212.8,210.19,212.4964,5115199,0,0
2025-05-15 15:30:00,212.5,212.96001,211.4101,211.64169,4296380,0,0
2025-05-15 16:30:00,211.63,212.28,211.21001,212.1201,2927204,0,0
2025-05-15 17:30:00,212.13,212.13,210.25999,210.63,3649292,0,0
2025-05-15 18:30:00,210.63,211.21001,210.325,210.36,3629914,0,0
2025-05-15 19:30:00,210.35001,211.46001,210.14999,211.45799,5877104,0,0
2025-05-16 13:30:00,212.32001,212.57001,210.56,210.60001,15838181,0,0
2025-05-16 14:30:00,210.59,210.66,209.77,210.08,7002612,0,0
2025-05-16 15:30:00,210.09,211.1499,210.09,210.955,3654109,0,0
2025-05-16 16:30:00,210.96001,211.42,210.7,211.11,3241029,0,0
2025-05-16 17:30:00,211.11,211.74001,210.73,211.62,3898429,0,0
2025-05-16 18:30:00,211.63,211.92999,211.42999,211.72501,3274956,0,0
2025-05-16 19:30:00,211.71001,211.73,211.11,211.19,3920156,0,0
2025-05-19 13:30:00,208.02499,208.27,204.25999,206.6199,15175631,0,0
2025-05-19 14:30:00,206.61,208.03999,206.24001,207.33,5318353,0,0
2025-05-19 15:30:00,207.32001,208.58,207.28,208.4826,3033717,0,0
2025-05-19 16:30:00,208.49001,209.48,208.07001,208.92999,3363890,0,0
2025-05-19 17:30:00,208.92999,209.2,207.78,208.03,3106651,0,0
2025-05-19 18:30:00,208.05,208.8,207.96001,208.1274,2702881,0,0
2025-05-19 19:30:00,208.12,208.92999,208.10001,208.75999,4045825,0,0
2025-05-20 13:30:00,208.045,208.1436,206.47,207.845,9911111,0,0
2025-05-20 14:30:00,207.83,208.47,207.22,207.63429,3762244,0,0
2025-05-20 15:30:00,207.64999,208.42999,207.05,207.81,4102805,0,0
2025-05-20 16:30:00,207.81,208.0154,207.11,207.38,2803301,0,0
2025-05-20 17:30:00,207.37,207.405,205.47,205.59,4199913,0,0
2025-05-20 18:30:00,205.58,206.41,205.03,206.27,4844502,0,0
2025-05-20 19:30:00,206.27,206.94,205.92999,206.87,3731510,0,0
2025-05-21 13:30:00,205.12,206.77991,204.06,205.81,8941675,0,0
2025-05-21 14:30:00,205.85001,207.03999,205.4762,206.58,4273571,0,0
2025-05-21 15:30:00,206.57001,206.87,205.5201,205.64,3570453,0,0
2025-05-21 16:30:00,205.64999,206.09,202.02,202.10001,12405386,0,0
2025-05-21 17:30:00,202.09,203.345,201.75999,202.34151,7684596,0,0
2025-05-21 18:30:00,202.32001,202.61,200.72,201.03011,7028968,0,0
2025-05-21 19:30:00,201.06,202.49001,201.05,202.06,6085411,0,0
2025-05-22 13:30:00,200.715,201.64,199.7,200.36,13339867,0,0
2025-05-22 14:30:00,200.37,201.36,200.35361,200.95,5245221,0,0
2025-05-22 15:30:00,200.95,202.4099,200.86,201.95,4473843,0,0
2025-05-22 16:30:00,201.94501,202.0699,201.16,201.89,3223269,0,0
2025-05-22 17:30:00,201.88,202.22,201.67,201.97,3552562,0,0
2025-05-22 18:30:00,201.96001,202.72,201.64999,202.61,5071372,0,0
2025-05-22 19:30:00,202.62,202.64999,201.0,201.37,5705738,0,0
2025-05-23 13:30:00,193.66499,197.7,193.46001,197.17,27970489,1,0
2025-05-23 14:30:00,197.14999,197.37,195.69,196.58501,7789566,0,0
2025-05-23 15:30:00,196.59,197.12,195.715,196.0502,6900965,0,0
2025-05-23 16:30:00,196.0508,196.67239,195.63499,196.62,6093930,0,0
2025-05-23 17:30:00,196.60001,196.60001,195.09,195.75,7300789,0,0
2025-05-23 18:30:00,195.72,195.89999,195.03,195.4624,6291505,0,0
2025-05-23 19:30:00,195.46001,195.97,195.03,195.34,8128777,0,0
2025-05-27 13:30:00,198.3,199.17,197.42999,198.35001,13343197,0,0
2025-05-27 14:30:00,198.36,199.37,198.00999,199.36501,6877187,0,0
2025-05-27 15:30:00,199.36,200.58,199.0,199.995,6497053,0,0
2025-05-27 16:30:00,199.99001,200.64999,199.67,199.9599,4788957,0,0
2025-05-27 17:30:00,199.955,200.74001,199.81,200.37,4199118,0,0
2025-05-27 18:30:00,200.38,200.55,200.19,200.2944,4344607,0,0
2025-05-27 19:30:00,200.3,200.47,199.92999,200.2,6028688,0,0
2025-05-28 13:30:00,200.67999,202.73,199.89999,200.75,11384135,0,0
2025-05-28 14:30:00,200.74001,201.31,200.21001,201.045,4989502,0,0
2025-05-28 15:30:00,201.05,201.28999,200.862,201.10001,2681810,0,0
2025-05-28 16:30:00,201.09,201.52,200.825,201.11,2692955,0,0
2025-05-28 17:30:00,201.12,201.25,200.73,200.85001,2564636,0,0
2025-05-28 18:30:00,200.84,201.5211,200.32001,201.1286,3702217,0,0
2025-05-28 19:30:00,201.09,201.395,200.19501,200.42,4638874,0,0
2025-05-29 13:30:00,203.27,203.78,200.75999,201.14,13282532,0,1
2025-05-29 14:30:00,201.11,201.64999,200.55,200.74001,4965675,0,0
2025-05-29 15:30:00,200.74001,200.8,198.50999,199.42,6137020,0,0
2025-05-29 16:30:00,199.39999,200.4496,199.39999,199.97501,3935142,0,0
2025-05-29 17:30:00,199.96001,200.17,199.03999,199.03999,3863280,0,0
2025-05-29 18:30:00,199.03999,199.57001,198.57001,199.1393,4850814,0,0
2025-05-29 19:30:00,199.125,200.248,199.08,199.95,5888522,0,0
2025-05-30 13:30:00,199.405,199.57001,197.97,199.24001,8945068,0,0
2025-05-30 14:30:00,199.23,199.485,198.81,199.31,3302545,0,0
2025-05-30 15:30:00,199.3,199.37,197.5504,197.715,3638495,0,0
2025-05-30 16:30:00,197.72,198.17,196.78,198.08501,5105841,0,0
2025-05-30 17:30:00,198.08,199.17999,197.95,199.12,3188808,0,0
2025-05-30 18:30:00,199.12,200.23,198.92,200.0506,4653738,0,0
2025-05-30 19:30:00,200.07001,201.95,199.7401,200.66,14540371,0,0
2025-06-02 13:30:00,201.625,202.13,200.12,200.53,8866907,0,0
2025-06-02 14:30:00,200.52,201.99001,200.35001,200.71001,4890288,0,0
2025-06-02 15:30:00,200.72,201.1187,200.3,201.03,3147865,0,0
2025-06-02 16:30:00,201.03,201.168,200.57001,200.86011,2227466,0,0
2025-06-02 17:30:00,200.86,201.53,200.58009,201.45399,2804759,0,0
2025-06-02 18:30:00,201.45,201.77991,201.14,201.66,2805599,0,0
2025-06-02 19:30:00,201.64999,201.80991,201.3,201.8,3972829,0,0
2025-06-03 13:30:00,202.13499,203.24001,200.955,201.74001,10328628,0,0
2025-06-03 14:30:00,201.74001,202.69,201.5202,202.5,4750946,0,0
2025-06-03 15:30:00,202.52,203.34,202.06,203.05499,4217975,0,0
2025-06-03 16:30:00,203.06,203.74001,202.72,203.31461,3820571,0,0
2025-06-03 17:30:00,203.33501,203.77,202.5,203.09171,3339508,0,0
2025-06-03 18:30:00,203.08,203.4399,202.99001,203.17999,2991230,0,0
2025-06-03 19:30:00,203.17999,203.46989,202.98,203.34,4035108,0,0
2025-06-04 13:30:00,202.91,206.24001,202.6508,205.14,12638615,0,0
2025-06-04 14:30:00,205.12,205.17999,203.9901,204.09,4439145,0,0
2025-06-04 15:30:00,204.09,204.60001,202.14999,202.83,7130175,0,0
2025-06-04 16:30:00,202.82001,203.59,202.61501,203.41499,2639222,0,0
2025-06-04 17:30:00,203.412,203.47,202.85001,203.12,2609590,0,0
2025-06-04 18:30:00,203.11,203.25,202.75999,203.19,3114173,0,0
2025-06-04 19:30:00,203.19,203.44769,202.75999,202.88699,3543324,0,0
2025-06-05 13:30:00,203.595,203.84,201.27,202.45,9791765,0,0
2025-06-05 14:30:00,202.45,204.59,201.6772,204.54379,6631520,0,0
2025-06-05 15:30:00,204.535,204.75,202.48,203.14,4792656,0,0
2025-06-05 16:30:00,203.14,203.25,201.55,202.6001,3950866,0,0
2025-06-05 17:30:00,202.60001,202.89999,201.14999,202.2104,3145886,0,0
2025-06-05 18:30:00,202.21001,202.72,200.2,200.73,4833279,0,0
2025-06-05 19:30:00,200.74001,201.77,200.15961,200.55,6191418,0,0
2025-06-06 13:30:00,202.995,205.7,202.98309,203.66,11118470,0,0
2025-06-06 14:30:00,203.53999,204.06,202.86011,203.03999,5422200,0,0
2025-06-06 15:30:00,203.02,203.60001,202.61,202.625,3205114,0,0
2025-06-06 16:30:00,202.6622,203.78,202.05,203.59,4406812,0,0
2025-06-06 17:30:00,203.60001,205.21001,203.59,204.985,4252337,0,0
2025-06-06 18:30:00,204.99001,205.47,204.685,204.7,4253859,0,0
2025-06-06 19:30:00,204.69,205.22,203.895,203.92999,5954114,0,0
2025-06-09 13:30:00,204.39999,206.0,203.98,205.32001,10204602,0,0
2025-06-09 14:30:00,205.3,205.74001,204.50999,204.53,4646532,0,0
2025-06-09 15:30:00,204.53011,204.91,203.73,203.9288,4663097,0,0
2025-06-09 16:30:00,203.92999,205.2999,200.02,200.72,14949524,0,0
2025-06-09 17:30:00,200.71001,202.66769,200.03,201.46001,13053525,0,0
2025-06-09 18:30:00,201.42999,201.7,200.63,201.25,8620350,0,0
2025-06-09 19:30:00,201.21001,202.355,200.89,201.44,7398849,0,0
2025-06-10 13:30:00,200.60001,203.3569,200.57001,202.87,13200692,0,0
2025-06-10 14:30:00,202.86,204.35001,202.73,203.315,6675574,0,0
2025-06-10 15:30:00,203.32001,203.32001,202.30009,202.5388,4294134,0,0
2025-06-10 16:30:00,202.53,202.763,201.75,201.75999,4174154,0,0
2025-06-10 17:30:00,201.77499,202.10001,201.31,201.7,5126577,0,0
2025-06-10 18:30:00,201.69,203.22501,201.60001,202.82001,4955808,0,0
2025-06-10 19:30:00,202.82111,202.97501,202.33,202.75,4081286,0,0
2025-06-11 13:30:00,203.47,204.5,202.33,202.7601,10387805,0,0
2025-06-11 14:30:00,202.70351,202.8,200.97,201.00999,7423527,0,0
2025-06-11 15:30:00,200.98,201.14999,199.65961,200.20711,10068427,0,0
2025-06-11 16:30:00,200.1907,201.2365,200.185,200.91,5829435,0,0
2025-06-11 17:30:00,200.905,200.985,198.71001,199.2392,6328523,0,0
2025-06-11 18:30:00,199.22,199.60001,198.62,198.98,6509323,0,0
2025-06-11 19:30:00,198.95,199.125,198.41,198.85001,6079183,0,0
2025-06-12 13:30:00,198.8988,199.39,197.36011,198.0667,10599878,0,0
2025-06-12 14:30:00,198.08,198.92,197.8627,198.16499,5352447,0,0
2025-06-12 15:30:00,198.09,198.64,197.755,198.59,3800303,0,0
2025-06-12 16:30:00,198.58,199.44,198.21001,199.25999,4180715,0,0
2025-06-12 17:30:00,199.25999,199.6799,198.6696,198.75,3327953,0,0
2025-06-12 18:30:00,198.75999,199.06039,198.545,198.88499,3065411,0,0
2025-06-12 19:30:00,198.88,199.2,198.39999,199.2,3810972,0,0
2025-06-13 13:30:00,199.50999,200.37,195.91,196.155,14838340,0,0
2025-06-13 14:30:00,196.14,197.64,195.98,197.50999,5870070,0,0
2025-06-13 15:30:00,197.52,198.0475,197.21001,197.27,4078021,0,0
2025-06-13 16:30:00,197.28999,197.57001,196.92,197.27,3612021,0,0
2025-06-13 17:30:00,197.25,197.71001,196.22,196.278,4012087,0,0
2025-06-13 18:30:00,196.25999,196.64,195.81,196.22,5166232,0,0
2025-06-13 19:30:00,196.24001,196.69,195.77,196.45,5657582,0,0
2025-06-16 13:30:00,197.28999,198.685,196.5636,198.42999,10592956,0,0
2025-06-16 14:30:00,198.435,198.66,197.16499,197.315,5091014,0,0
2025-06-16 15:30:00,197.31,197.63,196.875,197.08,4273184,0,0
2025-06-16 16:30:00,197.10001,197.955,197.02,197.875,2678380,0,0
2025-06-16 17:30:00,197.88499,198.19,197.77,197.98869,3200825,0,0
2025-06-16 18:30:00,197.99001,198.39999,197.66,198.245,3569146,0,0
2025-06-16 19:30:00,198.245,198.49001,197.92999,198.37,4720848,0,0
2025-06-17 13:30:00,197.25,197.92999,196.255,197.58,7915100,0,0
2025-06-17 14:30:00,197.58299,197.78999,197.325,197.58,3367583,0,0
2025-06-17 15:30:00,197.59,198.3889,197.46001,197.61501,3514424,0,0
2025-06-17 16:30:00,197.61,197.8457,196.465,196.52,4474144,0,0
2025-06-17 17:30:00,196.50999,196.82001,195.21001,195.46001,4013715,0,0
2025-06-17 18:30:00,195.48,195.94,195.4203,195.84,3616427,0,0
2025-06-17 19:30:00,195.85001,195.88499,195.44099,195.64,4321581,0,0
2025-06-18 13:30:00,195.94501,197.50999,195.07001,197.0602,8663131,0,0
2025-06-18 14:30:00,197.11,197.57001,196.63499,196.94,3996580,0,0
2025-06-18 15:30:00,196.88,197.23,196.50031,196.95081,2691146,0,0
2025-06-18 16:30:00,196.94,197.02,196.05,196.06,2527979,0,0
2025-06-18 17:30:00,196.07001,196.98,195.63,195.91,3683814,0,0
2025-06-18 18:30:00,195.91,196.45,195.11,195.64,5009904,0,0
2025-06-18 19:30:00,195.63,197.11,195.466,196.25,7662210,0,0
2025-06-20 13:30:00,198.235,200.94,197.53,198.67999,26036396,0,0
2025-06-20 14:30:00,198.69,198.69,196.8596,197.67,6972780,0,0
2025-06-20 15:30:00,197.71001,198.86,197.7,198.49001,4328941,0,0
2025-06-20 16:30:00,198.49001,199.37,198.27,198.32001,4286863,0,0
2025-06-20 17:30:00,198.32001,200.19,198.07001,199.81,5317209,0,0
2025-06-20 18:30:00,199.82001,200.3367,199.6001,199.92999,7927637,0,0
2025-06-20 19:30:00,199.92,201.7,199.77,200.94,10755124,0,0
2025-06-23 13:30:00,201.532,202.3,199.94,201.3718,12829209,0,0
2025-06-23 14:30:00,201.38,201.59,200.22501,200.53,5366444,0,0
2025-06-23 15:30:00,200.33,200.52,199.50999,200.1396,5020117,0,0
2025-06-23 16:30:00,200.14,201.52,198.96001,201.439,4896458,0,0
2025-06-23 17:30:00,201.46001,202.24001,201.08,201.69,6635454,0,0
2025-06-23 18:30:00,201.67,201.8968,201.0507,201.3602,4184558,0,0
2025-06-23 19:30:00,201.35001,201.84,201.13499,201.55,3965279,0,0
2025-06-24 13:30:00,202.59,202.78,200.2,200.9823,12527280,0,0
2025-06-24 14:30:00,200.99001,201.58,200.7404,201.38,4701597,0,0
2025-06-24 15:30:00,201.46001,202.565,201.24001,202.45,4744798,0,0
2025-06-24 16:30:00,202.45151,203.44,201.94,201.96001,6930517,0,0
2025-06-24 17:30:00,201.96001,202.33,201.31,201.57001,4599071,0,0
2025-06-24 18:30:00,201.58,202.015,201.30499,201.53,5015277,0,0
2025-06-24 19:30:00,201.535,201.5999,200.27,200.28999,7488205,0,0
2025-06-25 13:30:00,201.42,203.66,201.2,202.44,10894360,0,0
2025-06-25 14:30:00,202.44,203.175,201.96,202.10001,5935974,0,0
2025-06-25 15:30:00,202.105,202.17,201.39999,201.87,3575642,0,0
2025-06-25 16:30:00,201.88,202.19991,201.09,201.14,2830902,0,0
2025-06-25 17:30:00,201.14,201.28,200.6201,201.0154,3158873,0,0
2025-06-25 18:30:00,201.02,201.5,200.95,201.15981,3073812,0,0
2025-06-25 19:30:00,201.14,201.62,200.88499,201.60001,4058748,0,0
2025-06-26 13:30:00,201.42999,202.61501,199.64999,199.75,11861101,0,0
2025-06-26 14:30:00,199.74001,200.50999,199.62,199.69,6026822,0,0
2025-06-26 15:30:00,199.71001,200.78999,199.46001,200.1228,4778323,0,0
2025-06-26 16:30:00,200.1378,200.27,199.63499,200.24001,4568502,0,0
2025-06-26 17:30:00,200.25,201.36,199.97501,200.98,5027751,0,0
2025-06-26 18:30:00,200.99001,201.1787,200.75,201.175,3971689,0,0
2025-06-26 19:30:00,201.1752,201.56,200.78999,200.94,5945620,0,0
2025-06-27 13:30:00,201.895,203.22,201.25999,201.58009,11392916,0,0
2025-06-27 14:30:00,201.59,201.9502,200.855,201.38181,6069609,0,0
2025-06-27 15:30:00,201.39999,202.05,201.39,201.99001,4142671,0,0
2025-06-27 16:30:00,201.99001,202.7,201.73,202.08,4499910,0,0
2025-06-27 17:30:00,202.10001,202.12,200.92999,201.44,5147746,0,0
2025-06-27 18:30:00,201.45,201.52,200.78999,201.125,5338193,0,0
2025-06-27 19:30:00,201.13,201.27,200.22,201.10001,6326536,0,0
2025-06-30 13:30:00,202.00999,202.19,200.3524,201.0099,9949504,0,0
2025-06-30 14:30:00,201.005,201.32001,199.5901,199.97,7348749,0,0
2025-06-30 15:30:00,199.9892,200.42,199.8,200.325,4709275,0,0
2025-06-30 16:30:00,200.31,200.48,199.845,200.155,4227066,0,0
2025-06-30 17:30:00,200.155,200.83,199.89999,200.69501,3674697,0,0
2025-06-30 18:30:00,200.6951,207.09,199.2607,206.5856,26976520,0,0
2025-06-30 19:30:00,206.55,207.39,205.05,205.12,13979109,0,0
2025-07-01 13:30:00,206.66499,209.83,206.14011,209.5401,26727051,0,0
2025-07-01 14:30:00,209.55009,210.18649,207.47,207.95,15475523,0,0
2025-07-01 15:30:00,207.96001,208.185,206.78999,207.875,7412772,0,0
2025-07-01 16:30:00,207.87,208.53,207.10001,208.09,6089153,0,0
2025-07-01 17:30:00,208.0889,208.42,207.61,208.21001,4666140,0,0
2025-07-01 18:30:00,208.21001,208.4299,207.375,208.19,5033918,0,0
2025-07-01 19:30:00,208.185,208.23,207.515,207.86,5286012,0,0
2025-07-02 13:30:00,209.08,213.34,208.14,212.3,24809075,0,0
2025-07-02 14:30:00,212.28,212.85001,211.42,211.47501,8338925,0,0
2025-07-02 15:30:00,211.49001,212.02,210.86,210.9203,6059046,0,0
2025-07-02 16:30:00,210.92,211.35001,210.22,210.8181,5039298,0,0
2025-07-02 17:30:00,210.81,211.77,210.74001,211.59,3704293,0,0
2025-07-02 18:30:00,211.575,212.96001,211.37,211.94501,6995805,0,0
2025-07-02 19:30:00,211.94,212.75,211.92999,212.41,6287690,0,0
2025-07-03 13:30:00,212.145,213.855,211.825,213.715,776274,0,0
2025-07-03 14:30:00,213.74,214.45,213.04,213.88,677504,0,0
2025-07-03 15:30:00,213.885,214.65,213.67,214.1,550789,0,0
2025-07-03 16:30:00,214.1,214.14,213.34,213.44,272714,0,1
2025-07-07 13:30:00,212.67999,216.23,211.81,212.36,13683615,0,0
2025-07-07 14:30:00,212.37,212.60001,211.60001,212.03999,4504869,0,0
2025-07-07 15:30:00,212.035,212.22,210.38,210.8365,4843940,0,0
2025-07-07 16:30:00,210.839,211.16991,209.52,209.67039,5039814,0,0
2025-07-07 17:30:00,209.67,210.5,208.91,208.9404,4210639,0,0
2025-07-07 18:30:00,208.94,210.07001,208.8,209.45,4388321,0,0
2025-07-07 19:30:00,209.46001,210.25,209.19,209.94,4768433,0,0
2025-07-08 13:30:00,210.13,210.46001,208.45,209.28,9413843,0,0
2025-07-08 14:30:00,209.285,211.42999,209.25999,209.8707,5868490,0,0
2025-07-08 15:30:00,209.88,211.185,209.78,210.83,3771024,0,0
2025-07-08 16:30:00,210.84,210.89,209.5,209.83501,3725509,0,0
2025-07-08 17:30:00,209.84,210.25999,209.32001,209.94501,2881574,0,0
2025-07-08 18:30:00,209.95,210.045,209.405,209.605,2636682,0,0
2025-07-08 19:30:00,209.59,210.34,209.3,210.035,5121140,0,0
2025-07-09 13:30:00,209.53,210.89999,209.35001,209.91,8992949,0,0
2025-07-09 14:30:00,209.89,209.89999,207.22,207.80499,8309318,0,0
2025-07-09 15:30:00,207.81,208.22,207.2659,207.8,4676493,0,0
2025-07-09 16:30:00,207.81039,209.045,207.5714,208.9156,3964765,0,0
2025-07-09 17:30:00,208.91499,209.98,208.72,209.7325,4016622,0,0
2025-07-09 18:30:00,209.745,210.19,209.62,209.89,3724436,0,0
2025-07-09 19:30:00,209.88,211.33,209.73,211.11,6191235,0,0
2025-07-10 13:30:00,210.505,212.2999,210.12,212.00999,9635284,0,0
2025-07-10 14:30:00,212.03,213.48,211.89999,212.98,8764628,0,0
2025-07-10 15:30:00,212.99001,213.17999,211.83,212.08,4598153,0,0
2025-07-10 16:30:00,212.07001,212.78,211.85001,212.62,3384939,0,0
2025-07-10 17:30:00,212.61,213.16,212.31,212.60001,3025386,0,0
2025-07-10 18:30:00,212.59489,213.45,212.57001,212.575,3348322,0,0
2025-07-10 19:30:00,212.58,213.02,212.09,212.42,4470431,0,0
2025-07-11 13:30:00,210.565,212.13,209.86,211.78999,8592173,0,0
2025-07-11 14:30:00,211.78999,211.78999,210.48,210.825,4031708,0,0
2025-07-11 15:30:00,210.83,211.21001,210.4283,210.63499,3418923,0,0
2025-07-11 16:30:00,210.62,211.28999,210.45,211.16499,2805663,0,0
2025-07-11 17:30:00,211.155,211.65981,210.952,211.405,2380669,0,0
2025-07-11 18:30:00,211.41,211.517,210.62,211.16,2371782,0,0
2025-07-11 19:30:00,211.13,211.39999,211.0293,211.075,4157903,0,0
2025-07-14 13:30:00,209.909,210.91,207.53999,208.03,11410322,0,0
2025-07-14 14:30:00,208.03,208.89169,207.825,208.765,4099030,0,0
2025-07-14 15:30:00,208.77,209.17999,208.56,208.8407,3442253,0,0
2025-07-14 16:30:00,208.85001,209.33,208.76019,209.0,2496708,0,0
2025-07-14 17:30:00,209.01331,209.45,208.9608,209.0,2387557,0,0
2025-07-14 18:30:00,209.0,209.4073,208.8701,209.19991,3211653,0,0
2025-07-14 19:30:00,209.17,209.19,208.52,208.53999,4180894,0,0
2025-07-15 13:30:00,209.14999,211.13,208.92,210.17,9804649,0,0
2025-07-15 14:30:00,210.14,211.42999,209.19769,211.42999,5300718,0,0
2025-07-15 15:30:00,211.42999,211.89,210.36,210.67999,4632180,0,1
2025-07-15 16:30:00,210.69501,211.07001,210.38,210.6727,2111068,0,0
2025-07-15 17:30:00,210.685,211.67,210.66,211.375,2756121,0,0
2025-07-15 18:30:00,211.3889,211.48,209.96001,210.17999,3943223,0,0
2025-07-15 19:30:00,210.203,210.28999,208.99001,209.00999,3872873,0,0
2025-07-16 13:30:00,210.28999,212.39999,209.91051,212.08501,11863740,0,0
2025-07-16 14:30:00,212.11,212.18449,209.28999,210.12,6716190,0,0
2025-07-16 15:30:00,210.1488,210.5,208.64,209.59,5283557,0,0
2025-07-16 16:30:00,209.60001,210.948,209.37,210.35001,2958239,0,0
2025-07-16 17:30:00,210.34,210.6319,209.871,210.0385,2329673,0,0
2025-07-16 18:30:00,210.03999,210.5851,210.03999,210.325,2064165,0,0
2025-07-16 19:30:00,210.32001,210.6366,209.97,210.22,4310071,0,0
2025-07-17 13:30:00,210.625,211.00999,209.59,209.95,9963627,0,0
2025-07-17 14:30:00,209.94,210.83,209.77,210.44,4483480,0,0
2025-07-17 15:30:00,210.45,211.45,210.105,211.39,5714933,0,0
2025-07-17 16:30:00,211.3889,211.50999,210.78999,210.955,3852173,0,0
2025-07-17 17:30:00,210.95,211.8,210.9001,211.28,5287499,0,0
2025-07-17 18:30:00,211.28,211.28,210.78,210.995,4445454,0,0
2025-07-17 19:30:00,210.99989,211.05,209.74001,210.061,7016080,0,0
2025-07-18 13:30:00,210.755,211.00999,209.7045,209.9543,15729684,0,0
2025-07-18 14:30:00,209.96001,211.00999,209.77,210.85001,4957360,0,0
2025-07-18 15:30:00,210.855,211.13,210.67999,211.00999,3993353,0,0
2025-07-18 16:30:00,211.02,211.78999,210.88,211.19,3840387,0,0
2025-07-18 17:30:00,211.17999,211.53999,210.75999,210.935,3054294,0,0
2025-07-18 18:30:00,210.92999,211.19501,210.78999,210.95,2639727,0,0
2025-07-18 19:30:00,210.94,211.345,210.83,211.22,4433304,0,0
2025-07-21 13:30:00,212.05,215.78,211.6409,214.645,19931497,0,0
2025-07-21 14:30:00,214.64,214.71001,212.87,213.47,7487806,0,0
2025-07-21 15:30:00,213.46001,213.71001,213.16,213.3196,3139375,0,0
2025-07-21 16:30:00,213.315,213.86,213.14,213.67999,2907043,0,0
2025-07-21 17:30:00,213.66,213.71001,212.50999,213.25999,4055325,0,0
2025-07-21 18:30:00,213.2688,213.42999,212.50999,212.58,2890224,0,0
2025-07-21 19:30:00,212.58,212.7186,212.07001,212.53999,3808451,0,0
2025-07-22 13:30:00,213.235,214.03,212.2301,213.2655,12377510,0,0
2025-07-22 14:30:00,213.25999,213.69,212.72,213.47729,4721399,0,0
2025-07-22 15:30:00,213.47,213.82001,212.75999,213.28,5611485,0,0
2025-07-22 16:30:00,213.24001,214.48,212.84,214.41119,4068346,0,0
2025-07-22 17:30:00,214.39999,214.4234,213.44,213.71001,3620984,0,0
2025-07-22 18:30:00,213.71001,214.41991,213.71001,214.185,3749973,0,0
2025-07-22 19:30:00,214.17999,214.645,213.92999,214.39,4788294,0,0
2025-07-23 13:30:00,215.045,215.10001,212.41,212.9351,13479209,0,0
2025-07-23 14:30:00,212.94991,213.17,212.5,213.14999,4588657,0,0
2025-07-23 15:30:00,213.14999,213.81,212.64999,213.5,4465099,0,0
2025-07-23 16:30:00,213.5,214.2285,213.36,214.125,2552446,0,0
2025-07-23 17:30:00,214.12,214.63499,214.07001,214.405,4350901,0,0
2025-07-23 18:30:00,214.405,214.69501,213.94,214.14,3541364,0,0
2025-07-23 19:30:00,214.145,214.31,213.61,214.31,4190088,0,0
2025-07-24 13:30:00,214.06,215.69,213.53,214.46001,11740713,0,0
2025-07-24 14:30:00,214.45,215.35001,214.0596,215.25999,6108820,0,0
2025-07-24 15:30:00,215.2616,215.49001,214.2,214.34,4945138,0,0
2025-07-24 16:30:00,214.34,215.2,214.28,214.78999,2987772,0,0
2025-07-24 17:30:00,214.78999,215.2,214.56,214.735,2538966,0,0
2025-07-24 18:30:00,214.73891,215.02,214.33,214.81,3138944,0,0
2025-07-24 19:30:00,214.811,214.94,213.72,213.75999,5843431,0,0
2025-07-25 13:30:00,214.7,214.86,213.74001,214.5853,10049768,0,0
2025-07-25 14:30:00,214.59,215.24001,214.21001,214.50999,5133351,0,0
2025-07-25 15:30:00,214.5,214.64,214.05,214.3896,5282528,0,0
2025-07-25 16:30:00,214.39,214.59,214.03999,214.17,2636543,0,0
2025-07-25 17:30:00,214.17039,214.50999,213.82001,213.89,3060915,0,0
2025-07-25 18:30:00,213.91,214.00999,213.39999,213.5,2957957,0,0
2025-07-25 19:30:00,213.505,214.0,213.49001,213.96001,4400863,0,0
2025-07-28 13:30:00,214.03,214.74001,213.58,214.52,7838862,0,0
2025-07-28 14:30:00,214.535,214.845,214.1223,214.435,3872401,0,0
2025-07-28 15:30:00,214.44,214.75,214.28999,214.53999,2580952,0,0
2025-07-28 16:30:00,214.535,214.575,213.41499,213.645,3975039,0,0
2025-07-28 17:30:00,213.63499,214.02,213.62,213.8,2392173,0,0
2025-07-28 18:30:00,213.82001,213.83,213.06,213.42999,4397176,0,0
2025-07-28 19:30:00,213.42,214.05,213.32001,214.03999,3976187,0,0
2025-07-29 13:30:00,214.16,214.81,211.50999,213.05,11818861,0,0
2025-07-29 14:30:00,213.03999,213.24831,211.89,211.89999,5430052,0,0
2025-07-29 15:30:00,211.881,212.92999,211.7,212.0,4842502,0,0
2025-07-29 16:30:00,211.99001,212.39,210.825,212.2,4558639,0,0
2025-07-29 17:30:00,212.21001,212.39,211.815,211.96001,3024877,0,0
2025-07-29 18:30:00,211.965,212.44,211.60001,211.89,3376083,0,0
2025-07-29 19:30:00,211.89,211.91,211.0545,211.35001,4836491,0,0
2025-07-30 13:30:00,211.895,212.39,210.02,210.61,7457383,0,0
2025-07-30 14:30:00,210.62,210.72,209.62,209.715,3740789,0,0
2025-07-30 15:30:00,209.72,210.42,209.57001,210.12,2797713,0,0
2025-07-30 16:30:00,210.11,210.17,209.32001,209.7565,2841873,0,0
2025-07-30 17:30:00,209.75,210.1499,209.48,209.855,3212089,0,0
2025-07-30 18:30:00,209.855,210.14,207.72,208.52,5902392,0,0
2025-07-30 19:30:00,208.50999,209.10989,208.13,209.02,4211968,0,0
2025-07-31 13:30:00,208.38,209.6815,207.825,208.84241,11337524,0,0
2025-07-31 14:30:00,208.86,209.55,208.07001,208.28281,6709067,0,0
2025-07-31 15:30:00,208.27,209.0,208.17,208.9545,4573826,0,0
2025-07-31 16:30:00,208.95,209.84,208.5,208.66499,5149802,0,0
2025-07-31 17:30:00,208.66499,208.92,207.59,208.61,5001721,0,0
2025-07-31 18:30:00,208.61,209.38429,208.49001,208.5699,6111529,0,0
2025-07-31 19:30:00,208.57001,208.85001,207.16,207.61,8246453,0,0
2025-08-01 13:30:00,210.84,213.58,204.37,205.36,29330279,0,0
2025-08-01 14:30:00,205.33,205.73,203.07001,203.44,11748154,0,0
2025-08-01 15:30:00,203.42,204.59,202.64999,202.75,9260890,0,0
2025-08-01 16:30:00,202.75999,203.28951,201.5,201.9825,8501358,0,0
2025-08-01 17:30:00,201.9801,203.73,201.6301,203.55,8026633,1,0
2025-08-01 18:30:00,203.55,204.3212,202.89999,203.19,7684390,0,0
2025-08-01 19:30:00,203.17999,203.24001,202.17,202.27,8416967,0,0
2025-08-04 13:30:00,204.505,206.84,204.19501,206.75999,13432036,0,0
2025-08-04 14:30:00,206.75999,207.88,205.74001,205.77,8818623,0,1
2025-08-04 15:30:00,205.75999,205.88,203.92999,203.935,5759426,0,0
2025-08-04 16:30:00,203.94,204.48,203.86501,204.14999,5046794,0,0
2025-08-04 17:30:00,204.14,204.22,203.41,203.42999,4659225,0,0
2025-08-04 18:30:00,203.44,203.53,202.07001,202.325,10594574,0,0
2025-08-04 19:30:00,202.33,203.45,201.675,203.34,8673869,0,0
2025-08-05 13:30:00,203.435,204.55499,202.16,204.53,9849014,0,0
2025-08-05 14:30:00,204.535,205.34,203.905,204.63,6466189,0,0
2025-08-05 15:30:00,204.62,204.69,203.44,203.71001,3782674,0,0
2025-08-05 16:30:00,203.71001,204.17,203.09,204.035,3720976,0,0
2025-08-05 17:30:00,204.05,204.3,203.75999,203.87,2677706,0,0
2025-08-05 18:30:00,203.86,203.97,203.19009,203.33501,3354757,0,0
2025-08-05 19:30:00,203.34,203.41,202.67,202.92999,3784751,0,0
2025-08-06 13:30:00,205.60001,211.14999,205.59,210.75999,24201133,0,0
2025-08-06 14:30:00,210.75999,214.34,210.63,214.22501,15618173,0,0
2025-08-06 15:30:00,214.22501,214.99001,213.67,214.49989,15397308,0,0
2025-08-06 16:30:00,214.5197,214.88989,213.869,214.53999,7331995,0,0
2025-08-06 17:30:00,214.515,215.38,214.09,214.60249,8218314,0,0
2025-08-06 18:30:00,214.61,214.795,213.75,213.875,7181809,0,0
2025-08-06 19:30:00,213.88499,214.42,212.81,213.25,9553119,0,0
2025-08-07 13:30:00,218.875,220.33,216.58,218.27,30765656,0,0
2025-08-07 14:30:00,218.2863,220.13,217.64999,219.629,11957311,0,0
2025-08-07 15:30:00,219.62,220.34,219.42,219.91499,9896825,0,0
2025-08-07 16:30:00,219.92,220.21001,213.25,218.71001,7182645,0,0
2025-08-07 17:30:00,218.72,219.73,218.7101,219.5,4729353,0,0
2025-08-07 18:30:00,219.49001,220.85001,219.2435,219.30009,9312135,0,0
2025-08-07 19:30:00,219.3045,220.2,219.25,220.13,6898669,0,0
2025-08-08 13:30:00,220.82001,223.10001,219.25,222.78169,15552244,0,0
2025-08-08 14:30:00,222.78,224.63,222.63,224.36,10674558,0,0
2025-08-08 15:30:00,224.355,228.22501,224.31,228.2,17035169,0,0
2025-08-08 16:30:00,228.20979,230.91,227.9436,228.675,25554276,0,0
2025-08-08 17:30:00,228.67,230.99001,228.55,229.28999,12552865,0,0
2025-08-08 18:30:00,229.2916,229.8799,228.50999,228.83,11212305,0,0
2025-08-08 19:30:00,228.82001,229.69,228.46001,229.37,11188500,0,0
2025-08-11 13:30:00,226.75,228.73,224.76241,226.77499,16200328,0,0
2025-08-11 14:30:00,226.78999,227.89,226.10001,227.47,7977854,0,0
2025-08-11 15:30:00,227.47,229.56,227.47,228.73,7420183,0,0
2025-08-11 16:30:00,228.735,229.0999,228.0,228.10001,4120877,0,0
2025-08-11 17:30:00,228.09,228.19501,227.00999,227.735,5313497,0,0
2025-08-11 18:30:00,227.75999,227.96001,227.10001,227.64999,7584927,0,0
2025-08-11 19:30:00,227.65919,227.69501,226.64,227.205,5849057,0,0
2025-08-12 13:30:00,228.005,229.9399,227.10001,228.57001,12606943,0,0
2025-08-12 14:30:00,228.59,230.5865,228.25999,229.73,10092499,0,0
2025-08-12 15:30:00,229.7299,230.11,228.32001,229.78,4868374,0,0
2025-08-12 16:30:00,229.78,230.78,229.66,229.77499,5072601,0,0
2025-08-12 17:30:00,229.7701,230.55,229.45,229.57001,3593400,0,0
2025-08-12 18:30:00,229.58,229.61,228.92,229.183,3327871,0,0
2025-08-12 19:30:00,229.17,230.10001,229.06,229.64999,4734707,0,0
2025-08-13 13:30:00,231.07001,232.72,230.42999,231.81,14738656,0,0
2025-08-13 14:30:00,231.81,234.55,231.67999,232.28999,11605576,0,0
2025-08-13 15:30:00,232.28,233.39729,232.0302,233.095,5966244,0,0
2025-08-13 16:30:00,233.07001,233.36,231.5601,232.455,5417224,0,0
2025-08-13 17:30:00,232.45,234.99001,232.02,232.925,8137347,0,0
2025-08-13 18:30:00,232.94,233.91,230.8,233.58501,9192848,0,0
2025-08-13 19:30:00,233.58501,234.33,233.11,233.33,5738352,0,0
2025-08-14 13:30:00,234.05499,235.11,231.6702,232.21001,16052941,0,0
2025-08-14 14:30:00,232.205,232.46001,230.85001,231.7402,6624676,0,0
2025-08-14 15:30:00,231.75,232.295,230.91,232.00999,4323697,0,0
2025-08-14 16:30:00,232.02,233.14,231.9688,232.92731,3209373,0,0
2025-08-14 17:30:00,232.92999,233.13,232.32001,232.73,3634219,0,0
2025-08-14 18:30:00,232.71001,233.49001,232.44,232.94501,4523178,0,0
2025-08-14 19:30:00,232.92999,233.50999,232.69,232.83,4542543,0,0
2025-08-15 13:30:00,233.73,234.22141,231.55009,232.17,11603282,0,0
2025-08-15 14:30:00,232.16141,232.28999,230.47,231.07001,5319424,0,0
2025-08-15 15:30:00,231.07001,231.455,230.61971,230.74001,3957281,0,0
2025-08-15 16:30:00,230.7442,231.22501,230.23,230.57001,6137966,0,0
2025-08-15 17:30:00,230.56,231.2899,229.36,230.85001,4535672,0,0
2025-08-15 18:30:00,230.86,231.5,230.48,231.36,6170754,0,0
2025-08-15 19:30:00,231.37,231.77,231.02,231.64999,4696096,0,0
2025-08-18 13:30:00,231.78,233.12,230.61,230.66,9378520,0,0
2025-08-18 14:30:00,230.62,231.22,230.37,230.86,4738486,0,0
2025-08-18 15:30:00,230.86501,231.10001,230.5,230.67999,2959031,0,0
2025-08-18 16:30:00,230.67999,231.14999,230.11,231.07001,2944837,0,0
2025-08-18 17:30:00,231.08,231.67,230.89999,231.145,3270491,0,0
2025-08-18 18:30:00,231.14999,231.675,231.10001,231.22501,2886450,0,0
2025-08-18 19:30:00,231.22,231.55,230.88,230.88,2842575,0,0
2025-08-19 13:30:00,231.27499,232.86501,230.59,231.83,7589938,0,0
2025-08-19 14:30:00,231.82001,232.27,230.47,231.3226,5331365,0,0
2025-08-19 15:30:00,231.32001,231.66,231.05499,231.30991,3317736,0,0
2025-08-19 16:30:00,231.28,231.33,230.06,230.625,3326154,0,0
2025-08-19 17:30:00,230.62,230.89999,229.87,230.05,3163874,0,0
2025-08-19 18:30:00,230.02499,230.19,229.35001,230.185,3535859,0,0
2025-08-19 19:30:00,230.185,230.69,229.99001,230.53999,3980557,0,0
2025-08-20 13:30:00,229.97,230.46989,226.5,226.72009,10654146,0,0
2025-08-20 14:30:00,226.74001,227.55,226.11,227.33501,4855593,0,0
2025-08-20 15:30:00,227.33,227.37,226.41,227.1346,3599979,0,0
2025-08-20 16:30:00,227.13,227.16,225.89,226.295,3171568,0,0
2025-08-20 17:30:00,226.3,226.83,225.77,225.9901,2697011,0,0
2025-08-20 18:30:00,225.99001,226.73,225.87,226.44501,3388687,0,0
2025-08-20 19:30:00,226.44,227.0,225.92999,225.96001,4504957,0,0
2025-08-21 13:30:00,226.28,226.52,224.67999,225.5799,6263260,0,0
2025-08-21 14:30:00,225.5273,225.58501,224.5101,225.13,3627965,0,0
2025-08-21 15:30:00,225.13499,225.84,224.8,224.83,2756586,0,0
2025-08-21 16:30:00,224.83,225.00999,223.7804,224.175,3327885,0,0
2025-08-21 17:30:00,224.17081,224.7785,224.16,224.23,2428717,0,0
2025-08-21 18:30:00,224.2235,225.05499,224.09419,224.88,2704582,0,0
2025-08-21 19:30:00,224.89999,225.25,224.3884,224.91,3977376,0,0
2025-08-22 13:30:00,226.17,228.19,225.41,227.95,8240998,0,0
2025-08-22 14:30:00,227.97,228.72,227.8,228.06,5233127,0,0
2025-08-22 15:30:00,228.03999,228.435,226.925,227.1693,3180455,0,0
2025-08-22 16:30:00,227.17,229.09,227.07001,228.61,4947377,0,0
2025-08-22 17:30:00,228.6274,228.6274,227.78,227.87,4653621,0,0
2025-08-22 18:30:00,227.88,228.51981,227.785,227.85001,4051520,0,0
2025-08-22 19:30:00,227.84,228.31,227.44,227.75,4139072,0,0
2025-08-25 13:30:00,226.405,229.12,226.24001,228.81,8000835,0,0
2025-08-25 14:30:00,228.77,229.24001,228.28999,228.565,4318256,0,0
2025-08-25 15:30:00,228.57001,229.3,228.50011,228.53999,2427231,0,0
2025-08-25 16:30:00,228.53999,228.75999,228.32001,228.435,2355527,0,0
2025-08-25 17:30:00,228.435,228.655,227.74001,227.88499,2684903,0,0
2025-08-25 18:30:00,227.875,227.905,227.44501,227.5984,2661985,0,0
2025-08-25 19:30:00,227.60001,227.72,227.12,227.14999,3262464,0,0
2025-08-26 13:30:00,226.87,227.05,224.69,226.5,7799571,0,0
2025-08-26 14:30:00,226.50999,227.2999,226.28999,226.96159,3785331,0,0
2025-08-26 15:30:00,226.965,227.7,226.55,227.5705,4519154,0,0
2025-08-26 16:30:00,227.56,228.17,227.42,228.1116,2684567,0,0
2025-08-26 17:30:00,228.11,228.50999,227.735,228.35921,2399616,0,0
2025-08-26 18:30:00,228.36,228.62,227.77,228.56821,2604761,0,0
2025-08-26 19:30:00,228.57001,229.49001,227.72501,229.3,5151468,0,0
2025-08-27 13:30:00,228.58,230.25,228.295,230.015,7840101,0,0
2025-08-27 14:30:00,230.03,230.7,229.48,229.5741,4445165,0,0
2025-08-27 15:30:00,229.57001,230.088,229.31,229.87,2490171,0,0
2025-08-27 16:30:00,229.89,230.09,229.60001,229.84,1919036,0,0
2025-08-27 17:30:00,229.84,230.67999,229.8,230.625,2268584,0,0
2025-08-27 18:30:00,230.62,230.63499,229.72,230.13251,2256272,0,0
2025-08-27 19:30:00,230.125,230.89999,230.12,230.44,3801508,0,0
2025-08-28 13:30:00,230.81,230.89999,229.33501,230.4158,8017521,0,0
2025-08-28 14:30:00,230.4301,231.89999,230.35001,230.95,3919070,0,0
2025-08-28 15:30:00,230.96001,232.355,230.9482,232.28999,3117170,0,0
2025-08-28 16:30:00,232.28,233.12,232.08,233.0,3773992,0,0
2025-08-28 17:30:00,233.00999,233.41,232.83009,232.9192,3045856,0,0
2025-08-28 18:30:00,232.92,233.17,232.69,232.97501,2740378,0,0
2025-08-28 19:30:00,232.97501,233.33,232.48,232.49001,4913603,0,0
2025-08-29 13:30:00,232.56,233.3613,231.37,232.8096,8795007,0,0
2025-08-29 14:30:00,232.80499,233.16,232.5,232.96001,3599986,0,0
2025-08-29 15:30:00,232.985,233.03,231.39999,232.5,4414822,0,0
2025-08-29 16:30:00,232.50999,232.96001,231.98,232.03,2677553,0,0
2025-08-29 17:30:00,232.0325,232.575,231.97,232.17999,3415896,0,0
2025-08-29 18:30:00,232.19,232.75,232.0,232.35429,2433703,0,0
2025-08-29 19:30:00,232.35001,232.83771,231.48,232.27,4673659,0,0
2025-09-02 13:30:00,229.7,230.78,227.69,230.60001,9687341,0,0
2025-09-02 14:30:00,230.60001,230.75,227.5284,227.82899,5124954,0,0
2025-09-02 15:30:00,227.82001,228.1469,227.17,227.85001,3136378,0,0
2025-09-02 16:30:00,227.8437,228.54539,227.64999,228.41,2530443,0,0
2025-09-02 17:30:00,228.42,229.34,228.33,228.39999,2346892,0,0
2025-09-02 18:30:00,228.39999,229.08,226.97,228.94,3504389,0,0
2025-09-02 19:30:00,228.9247,230.0,228.895,229.71001,4687318,0,0
2025-09-03 13:30:00,237.2,237.97,234.37,236.83,23907992,0,0
2025-09-03 14:30:00,236.8139,237.60001,235.99001,236.011,8284903,0,0
2025-09-03 15:30:00,236.02,236.82001,235.49001,236.49001,4830748,0,0
2025-09-03 16:30:00,236.4998,237.89999,236.44,237.4272,4651843,0,0
2025-09-03 17:30:00,237.425,237.44,236.63,236.91,4344650,0,0
2025-09-03 18:30:00,236.89999,237.45,236.77,237.155,4834362,0,0
2025-09-03 19:30:00,237.15581,238.71001,237.15041,238.49001,8891635,0,0
2025-09-04 13:30:00,238.45,239.8932,237.03999,237.69,12016131,0,0
2025-09-04 14:30:00,237.67999,238.10001,237.075,237.39999,5223309,0,0
2025-09-04 15:30:00,237.39,237.67461,236.74001,237.16,3678939,0,0
2025-09-04 16:30:00,237.14999,238.09,236.97,238.03999,3071522,0,0
2025-09-04 17:30:00,238.0401,238.39,237.50999,238.06,5093419,0,0
2025-09-04 18:30:00,238.07001,238.98,237.88,238.7045,3814924,0,0
2025-09-04 19:30:00,238.7,239.8999,238.49001,239.71001,5942248,0,0
2025-09-05 13:30:00,239.99001,241.32001,239.12,239.285,17499270,0,0
2025-09-05 14:30:00,239.25,240.17,238.64,239.80499,6538203,0,0
2025-09-05 15:30:00,239.82001,240.315,238.52,238.77,4219870,0,0
2025-09-05 16:30:00,238.78,239.72501,238.4901,239.625,3993359,0,0
2025-09-05 17:30:00,239.6485,239.64999,238.73,239.12,2784543,0,0
2025-09-05 18:30:00,239.12,240.13,239.10001,239.925,5197093,0,0
2025-09-05 19:30:00,239.92999,240.015,239.06,239.67,4874234,0,0
2025-09-08 13:30:00,239.3,240.14999,238.74001,239.23,11885388,0,0
2025-09-08 14:30:00,239.22,239.57001,238.61501,238.7,5248756,0,0
2025-09-08 15:30:00,238.69501,238.7883,237.60001,237.73,4448853,0,0
2025-09-08 16:30:00,237.72,237.8799,236.34,237.8058,4717107,0,0
2025-09-08 17:30:00,237.80991,237.955,237.105,237.16499,4114279,0,0
2025-09-08 18:30:00,237.155,237.24989,236.61,237.11,3761415,0,0
2025-09-08 19:30:00,237.11501,238.00999,236.90421,237.92,5177199,0,0
2025-09-09 13:30:00,237.0,238.0,236.075,236.3101,7890752,0,0
2025-09-09 14:30:00,236.31,236.67999,235.78,236.22501,4277475,0,0
2025-09-09 15:30:00,236.23,236.25999,235.55,236.0,4300130,0,0
2025-09-09 16:30:00,236.0,238.7805,235.825,237.75,9674704,0,0
2025-09-09 17:30:00,237.75999,238.10001,233.67,234.52859,16074676,0,0
2025-09-09 18:30:00,234.55,234.69,233.37,234.31,9553822,0,0
2025-09-09 19:30:00,234.31,234.63499,233.515,234.35001,6317179,0,0
2025-09-10 13:30:00,232.02499,232.34,227.55,228.108,22167235,0,0
2025-09-10 14:30:00,228.11,228.34641,227.02,227.03999,11560546,0,0
2025-09-10 15:30:00,227.03999,228.05499,226.2401,227.7386,10156861,0,0
2025-09-10 16:30:00,227.745,227.7899,226.62,226.80499,6579251,0,0
2025-09-10 17:30:00,226.8,227.08501,226.35001,227.06,6214643,0,0
2025-09-10 18:30:00,227.05499,227.35001,226.17999,226.185,6166050,0,0
2025-09-10 19:30:00,226.185,227.10001,225.95219,226.78,7727491,0,0
2025-09-11 13:30:00,226.875,229.185,226.64999,228.94,13821091,0,0
2025-09-11 14:30:00,228.94,229.32001,228.32021,228.74001,6721728,0,0
2025-09-11 15:30:00,228.75,228.78,228.03,228.61,3513968,0,0
2025-09-11 16:30:00,228.60001,229.53999,228.31,229.4725,3516399,0,0
2025-09-11 17:30:00,229.47,230.16,229.17999,229.46001,4663505,0,0
2025-09-11 18:30:00,229.465,230.1508,229.41,229.85001,3884806,0,0
2025-09-11 19:30:00,229.84,230.45,229.83501,230.02,5627999,0,0
2025-09-12 13:30:00,230.0,234.078,229.02,234.07001,14988292,0,0
2025-09-12 14:30:00,234.08,234.50999,233.36,234.095,8044876,0,0
2025-09-12 15:30:00,234.09,234.49001,233.621,233.96941,4710781,0,0
2025-09-12 16:30:00,233.9637,233.965,233.0,233.235,4969404,0,0
2025-09-12 17:30:00,233.22,233.87,233.21851,233.53999,3203879,0,0
2025-09-12 18:30:00,233.53999,234.45,233.03,233.7755,6970851,0,0
2025-09-12 19:30:00,233.78,234.28999,233.50999,234.06,5874733,0,0
2025-09-15 13:30:00,237.0,238.19,235.03,236.215,14134217,0,0
2025-09-15 14:30:00,236.21001,237.02,235.66,236.82001,5019754,0,0
2025-09-15 15:30:00,236.815,237.3,236.47,236.57001,3686503,0,0
2025-09-15 16:30:00,236.5649,236.5905,235.7,235.75999,2964448,0,0
2025-09-15 17:30:00,235.75,236.14,235.58,235.64,2953754,0,0
2025-09-15 18:30:00,235.63499,236.34,235.27,235.97,3570486,0,0
2025-09-15 19:30:00,235.97,236.78999,235.67999,236.75999,4732529,0,0
2025-09-16 13:30:00,237.0,241.22,236.3235,239.53,14419277,0,0
2025-09-16 14:30:00,239.53,239.85001,238.245,239.5929,5338278,0,0
2025-09-16 15:30:00,239.58009,239.58009,238.465,239.19501,3100557,0,0
2025-09-16 16:30:00,239.2,239.39999,238.89999,239.0856,2224680,0,0
2025-09-16 17:30:00,239.10001,239.11,238.13,238.92999,2717104,0,0
2025-09-16 18:30:00,238.94,239.60001,238.81,238.93829,3145293,0,0
2025-09-16 19:30:00,238.94,239.42,238.08009,238.14,20451492,0,0
2025-09-17 13:30:00,238.97,240.10001,238.78999,239.63,9926684,0,0
2025-09-17 14:30:00,239.64,240.00999,239.2,239.48,4002310,0,0
2025-09-17 15:30:00,239.485,239.78,239.28,239.6743,3170671,0,0
2025-09-17 16:30:00,239.67999,239.77,239.35001,239.52,2892623,0,0
2025-09-17 17:30:00,239.52,239.82001,238.45,239.56,4570049,0,0
2025-09-17 18:30:00,239.55,239.63,237.7301,239.26289,5910219,0,0
2025-09-17 19:30:00,239.27,239.28,238.48,238.97,4226195,0,0
2025-09-18 13:30:00,239.95,241.2,236.64999,237.56,11453464,0,0
2025-09-18 14:30:00,237.565,238.795,237.315,238.19,4587899,0,0
2025-09-18 15:30:00,238.21001,238.53999,237.35001,237.94,3609143,0,0
2025-09-18 16:30:00,237.95,238.2,237.64,237.88,3556108,0,0
2025-09-18 17:30:00,237.87,238.10001,237.21021,237.8018,3010288,0,0
2025-09-18 18:30:00,237.81,237.9464,237.25011,237.45,3540701,0,0
2025-09-18 19:30:00,237.455,238.11,237.435,237.85001,4049383,0,0
2025-09-19 13:30:00,241.175,242.59,240.2106,241.14999,29622491,0,0
2025-09-19 14:30:00,241.14999,243.16,241.06,242.28,10143358,0,0
2025-09-19 15:30:00,242.2737,244.56911,242.04919,244.52,9031105,0,0
2025-09-19 16:30:00,244.5125,245.92,244.26871,245.2438,12269832,0,0
2025-09-19 17:30:00,245.24001,246.2699,244.89999,245.48849,9746967,0,0
2025-09-19 18:30:00,245.485,246.10001,245.19099,245.61,7490411,0,0
2025-09-19 19:30:00,245.60001,246.3,244.74001,245.28999,12986528,0,0
2025-09-22 13:30:00,248.34,252.735,248.17,252.6716,27825122,0,0
2025-09-22 14:30:00,252.66,256.07999,252.08,255.78979,16983776,0,0
2025-09-22 15:30:00,255.77,256.63,253.58,253.72,16047694,0,0
2025-09-22 16:30:00,253.73,254.73,253.16,254.5929,8453992,0,0
2025-09-22 17:30:00,254.58,255.25999,253.89999,255.24001,5242129,0,0
2025-09-22 18:30:00,255.245,256.06,254.7347,255.78999,8214973,0,0
2025-09-22 19:30:00,255.80499,256.26001,255.61501,256.09,9091926,0,0
2025-09-23 13:30:00,256.5,257.34,255.28,256.61731,11263642,0,0
2025-09-23 14:30:00,256.60999,256.70001,255.00999,256.10001,5490061,0,0
2025-09-23 15:30:00,256.13,256.20999,255.35001,255.7269,3232527,0,0
2025-09-23 16:30:00,255.72009,255.85001,254.39999,254.67,2847437,0,0
2025-09-23 17:30:00,254.66,254.961,253.92999,254.64,16280935,0,0
2025-09-23 18:30:00,254.64,254.84,253.59,254.16991,4692554,0,0
2025-09-23 19:30:00,254.16,254.53,253.67,254.53,5076635,0,0
2025-09-24 13:30:00,255.0,255.37,252.08,252.62199,6502958,0,0
2025-09-24 14:30:00,252.625,252.99001,251.53999,252.12,3291728,0,0
2025-09-24 15:30:00,252.12,252.25999,251.03999,252.16499,7561218,0,0
2025-09-24 16:30:00,252.1714,252.25999,251.34,251.49001,1637321,0,0
2025-09-24 17:30:00,251.515,252.11,251.28,251.765,1622724,0,0
2025-09-24 18:30:00,251.75,251.78999,251.24001,251.39,1680916,0,0
2025-09-24 19:30:00,251.39,252.49001,251.28999,252.24001,11458612,0,0
2025-09-25 13:30:00,253.0,254.12,251.71201,254.0,11441844,0,0
2025-09-25 14:30:00,254.00011,254.13879,253.03,253.50011,7697922,0,0
2025-09-25 15:30:00,253.50011,253.91,252.3,252.5303,8110562,0,0
2025-09-25 16:30:00,252.53999,253.88,252.5,253.5,9406963,0,0
2025-09-25 17:30:00,253.49001,254.59,252.85001,254.56,2634795,0,0
2025-09-25 18:30:00,254.55,257.17001,254.23,256.95999,7107739,0,0
2025-09-25 19:30:00,256.95001,257.10999,255.42,256.94,28423863,0,0
2025-09-26 13:30:00,254.0,256.60001,253.78,255.02,8034498,0,0
2025-09-26 14:30:00,255.02,255.99001,254.5712,255.97009,3714841,0,0
2025-09-26 15:30:00,255.97,256.04001,254.86,255.66499,2276774,0,0
2025-09-26 16:30:00,255.66,256.97501,255.48,256.51999,2086042,0,0
2025-09-26 17:30:00,256.51999,257.35999,255.86,256.55499,2653513,0,0
2025-09-26 18:30:00,256.565,256.72989,255.49001,255.645,2089315,0,0
2025-09-26 19:30:00,255.64,255.6498,254.89999,255.46001,3021515,0,0
2025-09-29 13:30:00,254.0,254.5,253.00999,254.21989,6306062,0,0
2025-09-29 14:30:00,254.205,254.24001,253.31,253.47,2834864,0,0
2025-09-29 15:30:00,253.46651,254.07001,253.12,253.66,2275242,0,0
2025-09-29 16:30:00,253.67,253.77991,253.21001,253.39999,1744854,0,0
2025-09-29 17:30:00,253.39,254.61501,253.13,254.57001,2297052,0,0
2025-09-29 18:30:00,254.57001,254.60001,253.61,253.99001,2057798,0,0
2025-09-29 19:30:00,253.99001,254.83,253.94,254.35001,2513071,0,0
2025-09-30 13:30:00,255.0,255.91901,253.96001,254.8862,5901532,0,0
2025-09-30 14:30:00,254.91,255.675,253.8201,254.22,2465164,0,0
2025-09-30 15:30:00,254.21001,254.97,254.1601,254.5351,1531480,0,0
2025-09-30 16:30:00,254.5506,254.67,253.31171,253.735,1623333,0,0
2025-09-30 17:30:00,253.75999,253.99001,253.11,253.34,1664288,0,0
2025-09-30 18:30:00,253.34,254.24001,253.271,253.95,8269898,0,0
2025-09-30 19:30:00,253.96001,255.17999,253.81,254.56,3030681,0,0
2025-10-01 13:30:00,255.25,258.79001,255.05,256.16141,9677443,0,0
2025-10-01 14:30:00,256.17999,256.259,255.10001,255.52451,2972074,0,0
2025-10-01 15:30:00,255.53011,256.92001,255.50999,256.16,2338742,0,0
2025-10-01 16:30:00,256.1636,256.8298,255.855,256.14041,1826687,0,0
2025-10-01 17:30:00,256.16501,256.68591,256.06,256.48499,10115926,0,0
2025-10-01 18:30:00,256.48001,256.94,255.87,255.94,2751615,0,0
2025-10-01 19:30:00,255.94,256.14001,255.28,255.41,4879162,0,0
2025-10-02 13:30:00,256.59,257.29999,254.14999,256.22009,11570169,0,0
2025-10-02 14:30:00,256.23001,257.64001,255.97,257.16501,4800305,0,0
2025-10-02 15:30:00,257.14999,258.17999,256.72101,257.345,4388406,0,0
2025-10-02 16:30:00,257.345,257.8226,257.11389,257.41,2290319,0,0
2025-10-02 17:30:00,257.39001,257.91,257.03,257.88,2476632,0,0
2025-10-02 18:30:00,257.87,258.16,257.375,257.51001,4612702,0,0
2025-10-02 19:30:00,257.51001,257.875,256.88,257.14001,5100991,0,0
2025-10-03 13:30:00,254.66499,259.04001,253.96001,257.85001,16330310,1,0
2025-10-03 14:30:00,257.85999,258.73999,257.51999,258.51001,4452948,0,0
2025-10-03 15:30:00,258.49301,259.23999,258.25711,258.54871,4828730,0,0
2025-10-03 16:30:00,258.54001,258.92999,258.12,258.31,3408741,0,0
2025-10-03 17:30:00,258.29999,258.59,256.95999,258.37,5459239,0,0
2025-10-03 18:30:00,258.37,258.58499,257.85001,257.92001,3050327,0,0
2025-10-03 19:30:00,257.92001,258.26001,257.4035,258.01501,4468054,0,0
2025-10-06 13:30:00,257.94501,259.07001,255.05,257.78,11669158,0,0
2025-10-06 14:30:00,257.79999,257.98001,257.28,257.5513,3447400,0,0
2025-10-06 15:30:00,257.565,257.67001,256.76999,257.13,3501833,0,0
2025-10-06 16:30:00,257.13,257.48001,256.13049,256.56,2877222,0,0
2025-10-06 17:30:00,256.54999,256.68121,255.5,256.185,5922536,0,0
2025-10-06 18:30:00,256.18021,256.66,256.065,256.51001,2693724,0,0
2025-10-06 19:30:00,256.51001,257.25,256.45999,256.64999,3577742,0,0
2025-10-07 13:30:00,256.82001,257.39999,256.28,256.67999,6425357,0,0
2025-10-07 14:30:00,256.67001,257.10791,255.60001,256.379,4534986,0,0
2025-10-07 15:30:00,256.39001,256.84979,255.89,256.33841,3693772,0,0
2025-10-07 16:30:00,256.32999,256.66,255.7543,255.89,2335693,0,0
2025-10-07 17:30:00,255.86,256.14999,255.42999,256.06989,2294433,0,0
2025-10-07 18:30:00,256.07001,256.30151,255.9101,256.01999,2361474,0,0
2025-10-07 19:30:00,256.01999,256.62,255.92,256.48999,3978516,0,0
2025-10-08 13:30:00,256.53,258.19,256.10999,257.84,8459277,0,0
2025-10-08 14:30:00,257.85999,258.45499,257.20001,258.04001,4427277,0,0
2025-10-08 15:30:00,258.05499,258.51999,257.56,258.20001,2832234,0,0
2025-10-08 16:30:00,258.19,258.32501,257.625,257.92499,2099955,0,0
2025-10-08 17:30:00,257.92499,258.20001,257.64999,257.91501,2280625,0,0
2025-10-08 18:30:00,257.89999,258.42999,257.73999,258.25,2564469,0,0
2025-10-08 19:30:00,258.23999,258.48999,257.88,258.03,4214118,0,0
2025-10-09 13:30:00,257.775,258.0,254.78,254.98,8900363,0,0
2025-10-09 14:30:00,254.89,255.23,254.5701,254.65,4669587,0,0
2025-10-09 15:30:00,254.62,254.75,253.77,253.99,4697624,0,0
2025-10-09 16:30:00,253.985,254.04,253.19,253.4576,2841681,0,0
2025-10-09 17:30:00,253.41,253.84,253.14,253.435,2537072,0,0
2025-10-09 18:30:00,253.42,254.11,253.32,253.78,4134551,0,0
2025-10-09 19:30:00,253.77,254.27,253.56,254.03,3387517,0,0
2025-10-10 13:30:00,254.87,256.37,254.44,255.088,13007397,0,0
2025-10-10 14:30:00,255.03999,255.34,248.95,249.41,14151116,0,0
2025-10-10 15:30:00,249.125,249.94501,247.75999,248.61,9642459,0,0
2025-10-10 16:30:00,248.59,249.06,247.06,247.81,4394995,0,0
2025-10-10 17:30:00,247.77,248.57001,247.08,247.16,4882982,0,0
2025-10-10 18:30:00,247.1371,247.31,245.815,246.16499,5426839,0,0
2025-10-10 19:30:00,246.17,246.99001,244.7,245.31,8510251,0,0
2025-10-13 13:30:00,249.38,249.49001,245.56,246.37601,9359382,0,0
2025-10-13 14:30:00,246.37,248.6599,246.23,248.5903,5816790,0,0
2025-10-13 15:30:00,248.62,249.62,248.36,249.17999,3115587,0,0
2025-10-13 16:30:00,249.17,249.6893,248.55,249.1042,2298264,0,0
2025-10-13 17:30:00,249.09,249.32001,248.688,249.14619,2175748,0,0
2025-10-13 18:30:00,249.14,249.24001,248.13,248.32001,2310709,0,0
2025-10-13 19:30:00,248.32001,248.59,247.33,247.59,3786722,0,0
2025-10-14 13:30:00,246.61501,247.23,244.7,247.02,6901149,0,0
2025-10-14 14:30:00,247.0,247.74989,246.12,246.214,3292430,0,0
2025-10-14 15:30:00,246.23,247.75,246.17,247.39,2724013,0,0
2025-10-14 16:30:00,247.39,248.0354,247.38499,247.798,2048766,0,0
2025-10-14 17:30:00,247.81,247.82001,247.17999,247.485,2132596,0,0
2025-10-14 18:30:00,247.49001,248.75,247.14439,248.42,3822730,0,0
2025-10-14 19:30:00,248.42999,248.845,246.73,247.85001,4482259,0,0
2025-10-15 13:30:00,249.38,251.82001,248.64,250.85001,8184751,0,0
2025-10-15 14:30:00,250.87,251.46919,249.8,249.85989,3430819,0,0
2025-10-15 15:30:00,249.82001,250.0497,248.72,249.77499,2879510,0,0
2025-10-15 16:30:00,249.78,249.94991,247.48,248.0905,2290291,0,0
2025-10-15 17:30:00,248.105,249.8,248.05,249.647,1934212,0,0
2025-10-15 18:30:00,249.64999,250.10001,249.48,249.92,2139459,0,0
2025-10-15 19:30:00,249.92999,250.07001,248.17,249.42999,4229173,0,0
2025-10-16 13:30:00,248.27,248.38,246.17999,247.50999,9564057,0,0
2025-10-16 14:30:00,247.49001,249.03999,247.4817,248.235,4826932,0,0
2025-10-16 15:30:00,248.17,248.6631,247.035,247.72,3305994,0,0
2025-10-16 16:30:00,247.7001,247.77209,246.03999,247.22,4045208,0,0
2025-10-16 17:30:00,247.22,247.42,245.25999,245.66,3995746,0,0
2025-10-16 18:30:00,245.64,247.02,245.13,246.55,3603265,0,0
2025-10-16 19:30:00,246.56,247.91,246.35001,247.42999,3734949,0,0
2025-10-17 13:30:00,248.02,250.32001,247.27,249.5601,11142993,0,0
2025-10-17 14:30:00,249.644,249.86,248.23,248.48,3459331,0,0
2025-10-17 15:30:00,248.48,250.35001,248.0972,250.29649,4277714,0,0
2025-10-17 16:30:00,250.2933,251.36,250.27521,250.815,6063960,0,0
2025-10-17 17:30:00,250.8,252.535,250.245,252.3,3952984,0,0
2025-10-17 18:30:00,252.28239,252.82001,251.7,252.75999,3982655,0,0
2025-10-17 19:30:00,252.75,253.38,252.12,252.3,7247788,0,0
2025-10-20 13:30:00,255.88499,259.87,255.63,259.505,19526731,0,0
2025-10-20 14:30:00,259.48999,263.54999,259.07001,262.57001,20690049,0,0
2025-10-20 15:30:00,262.54999,264.375,262.41751,263.48999,13764809,0,0
2025-10-20 16:30:00,263.48001,264.20999,262.64999,263.16501,8089517,0,0
2025-10-20 17:30:00,263.17999,263.82999,262.79001,263.73001,4756799,0,0
2025-10-20 18:30:00,263.73999,263.81,263.04001,263.42001,5462910,0,0
2025-10-20 19:30:00,263.44,263.85001,261.92999,262.23001,8021467,0,0
2025-10-21 13:30:00,261.88,265.29001,261.88,263.49991,17003580,0,0
2025-10-21 14:30:00,263.45999,263.82999,262.51001,263.66199,4721265,0,0
2025-10-21 15:30:00,263.67001,264.535,263.08011,263.17001,5514253,0,0
2025-10-21 16:30:00,263.16,263.6799,262.8475,263.32651,2671606,0,0
2025-10-21 17:30:00,263.32581,264.04999,262.14999,263.44989,3718095,0,0
2025-10-21 18:30:00,263.44958,263.73819,262.95001,263.08499,3430980,0,0
2025-10-21 19:30:00,263.095,263.20999,262.47,262.84,3493018,0,0
2025-10-22 13:30:00,262.79001,262.85001,259.72,260.0499,10285470,0,0
2025-10-22 14:30:00,260.0,261.13,257.64011,258.4299,5930214,0,0
2025-10-22 15:30:00,258.45001,259.48999,258.04999,258.54999,3763921,0,0
2025-10-22 16:30:00,258.54999,258.76999,256.29999,256.69141,4679141,0,0
2025-10-22 17:30:00,256.67001,257.0798,255.42999,256.55099,4221043,0,0
2025-10-22 18:30:00,256.54999,257.67999,256.14001,257.51001,3195141,1,0
2025-10-22 19:30:00,257.51999,258.81,257.42999,258.42999,4263522,0,0
2025-10-23 13:30:00,259.89001,260.1799,258.0101,259.47989,6251007,0,0
2025-10-23 14:30:00,259.42001,259.67999,258.73001,259.39999,2852790,0,0
2025-10-23 15:30:00,259.39999,260.6199,259.0834,260.04001,3168121,0,0
2025-10-23 16:30:00,260.04999,260.54999,259.51999,259.85999,2574209,0,0
2025-10-23 17:30:00,259.88,260.42499,259.82999,259.97,3320192,0,0
2025-10-23 18:30:00,259.97,260.01999,259.62,259.89999,2237171,0,0
2025-10-23 19:30:00,259.91,260.04999,259.07999,259.57999,3143856,0,0
2025-10-24 13:30:00,261.19,261.62,259.17999,260.94141,7287527,0,0
2025-10-24 14:30:00,260.94,263.35999,260.79001,263.28,5490920,0,0
2025-10-24 15:30:00,263.29001,264.03,262.95001,263.57999,4458666,0,0
2025-10-24 16:30:00,263.59,263.70999,262.85001,263.60999,2930456,0,0
2025-10-24 17:30:00,263.60999,264.13,263.41,264.01999,2843868,0,0
2025-10-24 18:30:00,264.02499,264.10001,263.14999,263.5,3187549,0,0
2025-10-24 19:30:00,263.51001,263.66,262.13,262.73999,4742484,0,0
2025-10-27 13:30:00,264.88,267.04999,264.65009,265.73001,9319511,0,0
2025-10-27 14:30:00,265.73999,266.42001,265.19501,265.70999,4050852,0,0
2025-10-27 15:30:00,265.70999,266.09,265.04999,265.92999,3517895,0,0
2025-10-27 16:30:00,265.94,266.125,265.51001,265.62,3331147,0,0
2025-10-27 17:30:00,265.63,266.01501,265.51001,265.595,2171755,0,0
2025-10-27 18:30:00,265.59,267.39999,265.47,267.27499,4259189,0,0
2025-10-27 19:30:00,267.26999,269.07999,267.20999,268.73999,6996092,0,0
2025-10-28 13:30:00,269.13501,269.87,268.25,268.64999,11832766,0,0
2025-10-28 14:30:00,268.6423,269.14001,268.14999,268.6972,3550384,0,0
2025-10-28 15:30:00,268.69501,269.07581,268.35001,268.995,2758052,0,0
2025-10-28 16:30:00,268.98001,269.87,268.82001,269.495,3503864,0,0
2025-10-28 17:30:00,269.495,269.495,268.79999,269.09021,3181670,0,0
2025-10-28 18:30:00,269.10501,269.44,268.78,269.20001,4120349,0,0
2025-10-28 19:30:00,269.20001,269.35501,268.60001,269.03,5339653,0,0
2025-10-29 13:30:00,269.27499,271.41,268.70001,270.42001,10209230,0,0
2025-10-29 14:30:00,270.41,270.44501,267.51221,267.63,6247839,0,0
2025-10-29 15:30:00,267.60999,268.85999,267.10999,268.62,4595121,0,0
2025-10-29 16:30:00,268.603,269.93011,268.47009,269.93011,3066081,0,0
2025-10-29 17:30:00,269.89001,270.85001,269.79001,270.81,4963178,0,0
2025-10-29 18:30:00,270.785,270.92999,268.26001,268.31,5156103,0,0
2025-10-29 19:30:00,268.32001,270.38,267.79999,269.73001,4325904,0,0
2025-10-30 13:30:00,271.98999,274.14001,268.98999,269.09,8387840,0,0
2025-10-30 14:30:00,269.09,271.17001,268.48001,270.79001,3886744,0,0
2025-10-30 15:30:00,270.78,272.39001,270.26309,272.01001,3869786,0,0
2025-10-30 16:30:00,272.0,272.06781,271.04001,271.95001,2409548,0,0
2025-10-30 17:30:00,271.95001,272.29999,271.28,271.75,3435055,0,0
2025-10-30 18:30:00,271.76001,272.008,270.995,271.34,3831349,0,0
2025-10-30 19:30:00,271.34,271.67001,271.04999,271.29001,5177440,0,0
2025-10-31 13:30:00,276.98999,277.32001,269.16,270.38,17228178,0,1
2025-10-31 14:30:00,270.42999,271.55991,270.1001,271.29999,4595066,0,0
2025-10-31 15:30:00,271.2999,272.85849,270.22,272.435,4301242,0,0
2025-10-31 16:30:00,272.42999,273.17001,270.14999,270.34879,4005527,0,0
2025-10-31 17:30:00,270.32999,272.05991,270.10999,271.81,2396660,0,0
2025-10-31 18:30:00,271.79001,272.17499,271.26999,272.10501,2901733,0,0
2025-10-31 19:30:00,272.13,272.64999,269.95999,270.25,6601078,0,0
2025-11-03 14:30:00,270.42001,270.78,266.25,267.63,10223517,0,0
2025-11-03 15:30:00,267.64001,268.28,266.5,266.64001,3102546,0,0
2025-11-03 16:30:00,266.65991,268.14999,266.52231,267.535,2821699,0,0
2025-11-03 17:30:00,267.51999,268.0,267.25,267.67801,2034109,0,0
2025-11-03 18:30:00,267.7099,268.62,267.31,267.31,2075268,0,0
2025-11-03 19:30:00,267.32001,267.79001,266.91,267.62,2243434,0,0
2025-11-03 20:30:00,267.63,269.10999,267.45999,269.06,3383138,0,0
2025-11-04 14:30:00,268.24249,269.59,267.61499,268.42999,11711472,0,0
2025-11-04 15:30:00,268.42999,271.0,267.70999,270.60999,3278354,0,0
2025-11-04 16:30:00,270.64001,271.48599,268.98001,270.01001,3846826,0,0
2025-11-04 17:30:00,270.005,270.92999,269.89001,270.6384,2072453,0,0
2025-11-04 18:30:00,270.60999,270.82001,269.87,270.51041,2562532,0,0
2025-11-04 19:30:00,270.53,270.60999,269.28271,270.09052,2594188,0,0
2025-11-04 20:30:00,270.10001,270.405,269.5,270.20999,3522361,0,0
2025-11-05 14:30:00,268.59,269.5899,266.92999,269.0101,7995553,0,0
2025-11-05 15:30:00,268.98999,270.38,268.76001,270.29001,2169435,0,0
2025-11-05 16:30:00,270.28,270.47,269.5,269.97,1631841,0,0
2025-11-05 17:30:00,269.97,270.79001,269.92999,270.12,1426592,0,0
2025-11-05 18:30:00,270.10999,271.70001,269.76999,270.42999,12590046,0,0
2025-11-05 19:30:00,270.41,271.5,269.53,269.60001,8665948,0,0
2025-11-05 20:30:00,269.60999,270.39999,268.995,270.10999,11020583,0,0
2025-11-06 14:30:00,267.89001,272.82001,267.89001,272.82001,7293287,0,0
2025-11-06 15:30:00,272.828,273.39999,271.55011,272.18149,9234383,0,0
2025-11-06 16:30:00,272.17999,272.22,270.39001,271.42499,3198033,0,0
2025-11-06 17:30:00,271.42001,272.46979,270.92001,271.35001,2621839,0,0
2025-11-06 18:30:00,271.37,272.16,271.02039,271.99011,1783486,0,0
2025-11-06 19:30:00,272.005,272.20001,270.73499,271.20999,10940937,0,0
2025-11-06 20:30:00,271.20001,271.5202,269.595,269.64001,3825533,0,0
2025-11-07 14:30:00,269.79501,272.29001,267.26999,271.57999,7855390,0,0
2025-11-07 15:30:00,271.56,271.97,269.48001,269.53,3991205,0,0
2025-11-07 16:30:00,269.51999,269.89001,268.32001,269.10999,3276263,0,0
2025-11-07 17:30:00,269.11499,269.14001,268.05881,268.45001,2041690,0,0
2025-11-07 18:30:00,268.45001,268.66,267.095,267.25,2217548,0,0
2025-11-07 19:30:00,267.26001,268.5,266.78,267.75989,3921327,0,0
2025-11-07 20:30:00,267.76001,268.57999,267.69,268.42001,3276821,0,0
2025-11-10 14:30:00,268.95001,273.73001,268.95001,271.85699,7030981,0,0
2025-11-10 15:30:00,271.82999,271.98999,269.04999,269.06641,3083676,0,0
2025-11-10 16:30:00,269.04001,269.75879,268.48999,269.07999,2346213,0,0
2025-11-10 17:30:00,269.07001,270.23001,269.01001,269.73001,1807442,0,0
2025-11-10 18:30:00,269.70999,270.30771,267.45499,269.66,3188667,0,0
2025-11-10 19:30:00,269.63,269.81,269.04999,269.11859,2248210,0,0
2025-11-10 20:30:00,269.10001,269.60001,268.76001,269.35999,2892894,0,0
2025-11-11 14:30:00,269.81,274.73999,269.79999,274.10001,9244708,0,0
2025-11-11 15:30:00,274.10001,274.3461,272.42999,272.5,3452496,0,0
2025-11-11 16:30:00,272.51001,273.61499,271.78,273.315,2525614,0,0
2025-11-11 17:30:00,273.32999,274.70001,273.03,274.48001,2634766,0,0
2025-11-11 18:30:00,274.48999,275.66,274.16,275.32001,10266363,0,0
2025-11-11 19:30:00,275.32999,275.76001,275.04999,275.25,2653431,0,0
2025-11-11 20:30:00,275.23999,275.845,274.79999,275.29999,4039713,0,0
2025-11-12 14:30:00,275.07501,275.23999,271.87,272.94,10718425,0,0
2025-11-12 15:30:00,272.91,274.60999,272.54999,274.60001,3328165,0,0
2025-11-12 16:30:00,274.59,274.85001,273.72501,274.39001,2104341,0,0
2025-11-12 17:30:00,274.38,275.14001,274.12,274.98001,1642127,0,0
2025-11-12 18:30:00,274.98999,275.73001,274.42999,274.45001,2013567,0,0
2025-11-12 19:30:00,274.45001,274.69,273.5,274.04999,2059500,0,0
2025-11-12 20:30:00,274.04999,274.39999,272.97,273.47,12095413,0,0
2025-11-13 14:30:00,274.26999,276.69901,273.29001,273.70999,10014720,0,0
2025-11-13 15:30:00,273.7001,274.19,272.17999,274.03711,3931506,0,0
2025-11-13 16:30:00,274.03,274.4899,272.45999,272.85999,2339844,0,0
2025-11-13 17:30:00,272.84,273.32001,272.5,272.5701,6391535,0,0
2025-11-13 18:30:00,272.56,273.85001,272.10001,273.53,3060900,0,0
2025-11-13 19:30:00,273.535,273.69,272.54501,273.03961,2603044,0,0
2025-11-13 20:30:00,273.03,273.60001,272.5,273.04001,11025353,0,0
2025-11-14 14:30:00,271.04999,273.89001,269.60001,273.75919,10617822,0,0
2025-11-14 15:30:00,273.76999,274.64999,273.20001,274.64999,3569903,0,0
2025-11-14 16:30:00,274.64499,275.92001,273.54999,275.70499,4251993,0,0
2025-11-14 17:30:00,275.70999,275.95831,274.23001,274.58499,1963757,0,0
2025-11-14 18:30:00,274.57001,274.76001,273.84,273.95999,1593851,0,0
2025-11-14 19:30:00,273.97,274.25,272.89001,272.98999,2106336,0,0
2025-11-14 20:30:00,272.97,273.26001,272.17001,272.54999,3210889,0,0
2025-11-17 14:30:00,268.72,270.48999,267.0,269.28,8509806,0,0
2025-11-17 15:30:00,269.23001,269.39001,266.64999,267.87991,3379761,0,0
2025-11-17 16:30:00,267.85001,269.54999,267.82001,268.92001,2089997,0,0
2025-11-17 17:30:00,268.94,269.35001,267.44,267.78,1923442,0,0
2025-11-17 18:30:00,267.76999,268.34,266.85999,267.29001,2030991,0,0
2025-11-17 19:30:00,267.29501,267.38,265.73001,266.44,2737988,0,0
2025-11-17 20:30:00,266.44,267.57999,266.19,267.45999,3487816,0,0
2025-11-18 14:30:00,269.91501,270.70499,265.32001,267.64999,8219985,0,0
2025-11-18 15:30:00,267.66501,268.12,266.02802,267.84,3521812,0,0
2025-11-18 16:30:00,267.84,268.33801,267.14001,267.16501,2742457,0,0
2025-11-18 17:30:00,267.16,268.92999,266.42999,268.45001,2282519,0,0
2025-11-18 18:30:00,268.45001,269.22,267.95999,268.03448,2176560,0,0
2025-11-18 19:30:00,268.04999,268.92499,267.67999,268.28021,2115137,0,0
2025-11-18 20:30:00,268.29999,268.42999,267.32999,267.51001,3127789,0,0
2025-11-19 14:30:00,265.52499,272.20999,265.5,271.85001,6778562,0,0
2025-11-19 15:30:00,271.8501,272.01001,269.3201,269.73001,2792346,0,0
2025-11-19 16:30:00,269.75,270.655,269.53,270.39999,2001030,0,0
2025-11-19 17:30:00,270.45999,271.31,269.62,270.03,2049762,0,0
2025-11-19 18:30:00,270.01001,271.01001,269.63,269.67001,1644126,0,0
2025-11-19 19:30:00,269.67001,270.73499,269.17001,270.035,2137859,0,0
2025-11-19 20:30:00,270.0,270.32999,268.14001,268.54999,9741413,0,0
2025-11-20 14:30:00,270.81,275.42999,270.81,273.905,7869887,0,0
2025-11-20 15:30:00,273.91,274.73001,271.62,271.78,2856925,0,1
2025-11-20 16:30:00,271.78,271.78,268.04999,268.94,4056106,0,0
2025-11-20 17:30:00,268.87,269.25,267.02011,268.81,2981937,0,0
2025-11-20 18:30:00,268.79001,268.92999,266.35999,267.79501,2392389,0,0
2025-11-20 19:30:00,267.78,267.91,267.0,267.32001,2094448,0,0
2025-11-20 20:30:00,267.32001,267.57999,265.92001,266.38,3489586,0,0
2025-11-21 14:30:00,265.88,270.45001,265.82001,269.85001,10658658,1,0
2025-11-21 15:30:00,269.79001,271.47,269.22,270.89999,4829994,0,0
2025-11-21 16:30:00,270.89001,271.12,269.81,270.54999,11635703,0,0
2025-11-21 17:30:00,270.63,271.60001,270.20001,270.98001,2023820,0,0
2025-11-21 18:30:00,270.98001,273.315,270.86499,272.60999,3562846,0,0
2025-11-21 19:30:00,272.57501,273.28,271.35001,271.37,3135966,0,0
2025-11-21 20:30:00,271.35001,272.13,270.59,271.5,17443143,0,0
2025-11-24 14:30:00,270.89999,275.92001,270.89999,273.095,7995693,0,0
2025-11-24 15:30:00,273.07999,275.38959,272.64999,275.0,7232547,0,0
2025-11-24 16:30:00,274.97,275.26999,274.44,274.85001,2583089,0,0
2025-11-24 17:30:00,274.85001,276.51001,274.75,276.12,3404232,0,0
2025-11-24 18:30:00,276.12,276.45001,275.85001,276.21951,2440121,0,0
2025-11-24 19:30:00,276.23001,276.655,275.35501,276.47501,2998933,0,0
2025-11-24 20:30:00,276.47,276.98001,275.10999,275.98001,4904039,0,0
2025-11-25 14:30:00,275.29999,280.38,275.26999,278.905,9723608,0,0
2025-11-25 15:30:00,278.89001,279.63,277.78,277.82999,2840433,0,0
2025-11-25 16:30:00,277.82001,279.31,277.5,279.0701,2504679,0,0
2025-11-25 17:30:00,279.09,279.37,278.23001,278.76001,1925113,0,0
2025-11-25 18:30:00,278.76501,278.78,277.79001,278.035,1727727,0,0
2025-11-25 19:30:00,278.04001,278.14499,277.4975,277.565,1909795,0,0
2025-11-25 20:30:00,277.56,278.0,276.85999,276.95001,2448205,0,0
2025-11-26 14:30:00,276.95999,279.04749,276.63,277.81,5086107,0,0
2025-11-26 15:30:00,277.79001,279.14001,276.81,279.0101,2510611,0,0
2025-11-26 16:30:00,279.03,279.53,278.87,279.07901,2586354,0,0
2025-11-26 17:30:00,279.07001,279.29001,278.095,278.54999,1871279,0,0
2025-11-26 18:30:00,278.56,278.58179,277.92499,278.26001,1432964,0,0
2025-11-26 19:30:00,278.2601,278.94,278.01001,278.07999,1953254,0,0
2025-11-26 20:30:00,278.07001,278.29999,277.14999,277.47,9116002,0,0
2025-11-28 14:30:00,277.26001,278.2392,276.01999,276.26001,4040463,0,0
2025-11-28 15:30:00,276.29001,276.91989,275.98999,276.25,1743837,0,0
2025-11-28 16:30:00,276.245,277.1601,275.98651,277.04999,1791406,0,0
2025-11-28 17:30:00,277.06,279.0,276.90079,278.85999,2505536,0,0
2025-12-01 14:30:00,278.14999,278.76999,276.14001,278.14209,5114373,0,0
2025-12-01 15:30:00,278.10001,278.4801,277.30499,277.92001,1731132,0,0
2025-12-01 16:30:00,277.89999,279.89001,277.89001,279.77051,2091919,0,0
2025-12-01 17:30:00,279.77499,280.64001,279.45999,280.5882,2222347,0,0
2025-12-01 18:30:00,280.59009,281.22,280.45001,280.89001,2919865,0,0
2025-12-01 19:30:00,280.88,281.94,280.70999,281.91,2916696,0,0
2025-12-01 20:30:00,281.92001,283.41,281.73001,283.32001,5357873,0,0
2025-12-02 14:30:00,283.0,285.30899,282.73001,284.57001,7878173,0,0
2025-12-02 15:30:00,284.54001,287.39999,284.14999,285.54001,6221612,0,0
2025-12-02 16:30:00,285.54001,285.99991,284.82999,285.87,2847056,0,0
2025-12-02 17:30:00,285.88,286.34,284.94,285.215,2725658,0,0
2025-12-02 18:30:00,285.20001,286.13,285.01501,285.625,2146948,0,0
2025-12-02 19:30:00,285.60001,286.82001,285.58011,286.23999,13104067,0,0
2025-12-02 20:30:00,286.23999,286.60999,285.70999,286.23001,3132652,0,0
2025-12-03 14:30:00,286.20001,288.60999,285.89999,287.34052,6627228,0,0
2025-12-03 15:30:00,287.32001,287.59,285.75,286.41,3581593,0,0
2025-12-03 16:30:00,286.42001,286.82001,285.5,286.38501,2126959,0,0
2025-12-03 17:30:00,286.35001,286.44,285.34,285.67929,2127386,0,0
2025-12-03 18:30:00,285.67999,285.94,284.88431,285.20999,1618603,0,0
2025-12-03 19:30:00,285.23001,285.24991,284.27499,284.55499,11158331,0,0
2025-12-03 20:30:00,284.54999,284.70001,283.54001,284.14999,3725552,0,0
2025-12-04 14:30:00,284.10999,284.73001,280.26999,281.22501,6410843,0,0
2025-12-04 15:30:00,281.20999,281.60001,279.81,280.28,2992454,0,0
2025-12-04 16:30:00,280.285,280.9335,279.93781,280.11499,2285394,0,0
2025-12-04 17:30:00,280.13,280.48669,279.64001,280.005,1806229,0,0
2025-12-04 18:30:00,279.98999,280.10001,278.59,278.85999,7765149,0,0
2025-12-04 19:30:00,278.85999,280.73001,278.82001,280.125,2807996,0,0
2025-12-04 20:30:00,280.12,280.69,279.57999,280.64999,3165508,0,0
2025-12-05 14:30:00,280.54001,281.14001,279.26999,280.45511,4393145,0,0
2025-12-05 15:30:00,280.45999,280.98001,279.29001,279.29501,3579247,0,0
2025-12-05 16:30:00,279.29999,279.32999,278.11499,278.315,2325668,0,0
2025-12-05 17:30:00,278.315,279.4801,278.04999,279.44,1693305,0,0
2025-12-05 18:30:00,279.48001,279.57001,278.58499,279.2338,1553832,0,0
2025-12-05 19:30:00,279.23001,279.29999,278.54001,278.80139,1937238,0,0
2025-12-05 20:30:00,278.79999,279.02499,278.19,278.79001,2719470,0,0
2025-12-08 14:30:00,278.16849,279.66931,277.45001,277.56,6285926,0,0
2025-12-08 15:30:00,277.54999,277.88,276.70499,277.45999,3326326,0,0
2025-12-08 16:30:00,277.47,277.819,277.00009,277.23001,1896481,0,0
2025-12-08 17:30:00,277.20999,277.84991,276.87,276.97,1999024,0,0
2025-12-08 18:30:00,276.94949,276.94949,276.20001,276.35999,1825108,0,0
2025-12-08 19:30:00,276.37,276.97,276.14999,276.92499,9146055,0,0
2025-12-08 20:30:00,276.92999,277.98499,276.66,277.95999,2613900,0,0
2025-12-09 14:30:00,277.89001,280.03,277.35001,277.70001,5341504,0,0
2025-12-09 15:30:00,277.70001,278.0,277.03,277.41,2290151,0,0
2025-12-09 16:30:00,277.41,278.12,277.20001,277.875,1696929,0,0
2025-12-09 17:30:00,277.875,278.73999,277.79999,278.38501,1988455,0,0
2025-12-09 18:30:00,278.38501,278.89001,278.12,278.69,1262893,0,0
2025-12-09 19:30:00,278.69,278.75,277.64999,277.86499,1906538,0,0
2025-12-09 20:30:00,277.86499,278.25,276.92001,277.23001,8158460,0,0
2025-12-10 14:30:00,277.87,278.793,276.58499,277.45001,3868165,0,0
2025-12-10 15:30:00,277.45499,278.28,276.44,278.25769,1880040,0,0
2025-12-10 16:30:00,278.23001,278.89001,277.97501,278.52649,1611918,0,0
2025-12-10 17:30:00,278.51999,279.28,278.08499,278.12,1374275,0,0
2025-12-10 18:30:00,278.12,279.22,277.91,278.22,1631790,0,0
2025-12-10 19:30:00,278.22,279.75,277.70001,278.98001,7112059,0,0
2025-12-10 20:30:00,278.98999,279.37,278.59,278.72,2242651,0,0
2025-12-11 14:30:00,279.095,279.57999,273.81,276.12,6887208,0,0
2025-12-11 15:30:00,276.11499,276.59,275.20001,275.82501,2343607,0,0
2025-12-11 16:30:00,275.82001,278.17999,275.81,277.905,2414140,0,0
2025-12-11 17:30:00,277.92001,278.35001,277.38,277.52261,1473658,0,0
2025-12-11 18:30:00,277.52499,278.20999,277.51001,277.76001,1432317,0,0
2025-12-11 19:30:00,277.76001,278.215,277.59131,278.095,1817634,0,0
2025-12-11 20:30:00,278.09,278.20999,277.47,278.06,1985352,0,0
2025-12-12 14:30:00,277.79501,279.22,276.82001,277.87,3907328,0,0
2025-12-12 15:30:00,277.88,278.85999,277.44,277.73999,3485545,0,0
2025-12-12 16:30:00,277.76999,278.44,277.28079,277.85501,2096132,0,0
2025-12-12 17:30:00,277.83499,279.19,277.83499,279.04999,2564725,0,0
2025-12-12 18:30:00,279.04001,279.04999,277.73001,277.95001,2354465,0,0
2025-12-12 19:30:00,277.95001,278.82,277.81,278.05499,2397209,0,0
2025-12-12 20:30:00,278.04999,278.5,276.94501,278.37,2787871,0,0
2025-12-15 14:30:00,280.0,280.04999,273.62,274.14499,8113962,0,0
2025-12-15 15:30:00,274.17001,275.64041,273.72,275.51001,7403994,0,0
2025-12-15 16:30:00,275.54001,275.69501,274.14999,274.92001,2136284,0,0
2025-12-15 17:30:00,274.92499,275.10001,273.73001,274.04001,1992688,0,0
2025-12-15 18:30:00,274.01999,274.25,273.07999,273.37,2430153,0,0
2025-12-15 19:30:00,273.38,273.8425,272.84,273.80499,2804616,0,0
2025-12-15 20:30:00,273.81,274.72,273.51999,274.11499,4104430,0,0
2025-12-16 14:30:00,272.82001,274.03,271.79001,273.17001,5214306,0,0
2025-12-16 15:30:00,273.17001,273.82001,272.5,272.81,2282059,0,0
2025-12-16 16:30:00,272.79999,274.28,272.69,273.20001,1929804,0,0
2025-12-16 17:30:00,273.19989,273.48999,271.79999,272.13,5871943,0,0
2025-12-16 18:30:00,272.13501,273.91,272.13501,273.565,2008038,0,0
2025-12-16 19:30:00,273.565,274.79999,273.54001,274.56,1912589,0,0
2025-12-16 20:30:00,274.54999,275.5,274.45001,274.47,2361847,0,0
2025-12-17 14:30:00,275.01001,276.16,274.82999,275.495,4574850,0,0
2025-12-17 15:30:00,275.47,275.73001,273.04501,273.48999,5781289,0,0
2025-12-17 16:30:00,273.48999,273.48999,272.28,272.87,2372809,0,0
2025-12-17 17:30:00,272.88,273.69,272.64999,273.01999,1699122,0,0
2025-12-17 18:30:00,272.99011,273.97,272.44,273.785,2046363,0,0
2025-12-17 19:30:00,273.76999,274.10999,273.57001,273.65009,2167480,0,0
2025-12-17 20:30:00,273.67001,273.87,271.69,271.85999,5130736,0,0
2025-12-18 14:30:00,273.60501,273.62,266.95999,270.89999,10127086,0,0
2025-12-18 15:30:00,270.862,272.72,270.81,272.29999,3659235,0,0
2025-12-18 16:30:00,272.29001,273.164,269.94,270.25,9215589,0,0
2025-12-18 17:30:00,270.20001,272.75,270.12,272.64999,1920512,0,0
2025-12-18 18:30:00,272.67001,272.95999,271.09,271.37,2108845,0,0
2025-12-18 19:30:00,271.37,271.96991,270.5,271.84,10949689,0,0
2025-12-18 20:30:00,271.85001,273.20001,271.785,272.16,2956766,0,0
2025-12-19 14:30:00,272.14499,272.92001,270.95001,271.73499,18574766,0,0
2025-12-19 15:30:00,271.72009,272.82001,270.995,271.2608,2919546,0,0
2025-12-19 16:30:00,271.2623,271.45999,270.26999,270.655,2629565,0,0
2025-12-19 17:30:00,270.66,271.80951,270.34,270.75,3085614,0,0
2025-12-19 18:30:00,270.76001,271.50989,270.39999,271.37,2544938,0,0
2025-12-19 19:30:00,271.38,271.73999,270.17499,270.79999,3108119,0,0
2025-12-19 20:30:00,270.81,274.57629,269.89999,273.67001,8193309,0,0
2025-12-22 14:30:00,272.85999,273.88,271.57001,272.01501,6110908,0,0
2025-12-22 15:30:00,272.03,272.79999,271.51001,272.44,2467910,0,0
2025-12-22 16:30:00,272.42001,272.51001,271.51999,271.94,2114933,0,0
2025-12-22 17:30:00,271.92001,272.14001,270.73999,270.93991,2226647,0,0
2025-12-22 18:30:00,270.935,271.14001,270.51001,270.86499,1960079,0,0
2025-12-22 19:30:00,270.87,271.10999,270.715,270.72,1999793,0,0
2025-12-22 20:30:00,270.715,271.19989,270.505,270.82001,2599971,0,0
2025-12-23 14:30:00,270.35999,271.92999,269.56,270.84,5104762,0,0
2025-12-23 15:30:00,270.84,271.95001,270.70001,271.7814,2243800,0,0
2025-12-23 16:30:00,271.815,272.31119,271.47299,271.53,2086319,0,0
2025-12-23 17:30:00,271.54001,271.81,271.10999,271.70001,1310733,0,0
2025-12-23 18:30:00,271.70001,272.12,271.5,271.81,1442128,0,0
2025-12-23 19:30:00,271.81,272.44,271.76001,272.10699,1857122,0,0
2025-12-23 20:30:00,272.10001,272.45001,271.84,272.23999,2287709,0,0
2025-12-24 14:30:00,273.25,274.73999,273.09,274.0351,4589623,0,0
2025-12-24 15:30:00,274.04001,275.04999,273.91,274.85101,2096233,0,0
2025-12-24 16:30:00,274.85999,275.42999,274.82999,275.35999,2055155,0,0
2025-12-24 17:30:00,275.35501,275.39001,273.56,273.85001,1953652,0,0
2025-12-26 14:30:00,274.25,275.37,274.06,274.8248,2899986,0,0
2025-12-26 15:30:00,274.815,274.98001,274.37,274.88,1434883,0,0
2025-12-26 16:30:00,274.88,274.935,274.41,274.64001,1079100,0,0
2025-12-26 17:30:00,274.63,274.64999,274.22501,274.51999,903247,0,0
2025-12-26 18:30:00,274.52499,274.98499,274.38,274.7601,1447341,0,0
2025-12-26 19:30:00,274.76501,274.82999,273.87009,273.98001,1463547,0,0
2025-12-26 20:30:00,273.98001,273.98999,272.87,273.25,2563251,0,0
2025-12-29 14:30:00,272.69,274.35999,272.39001,273.95432,3705071,0,0
2025-12-29 15:30:00,273.95001,274.03,272.98999,273.22,1533379,0,0
2025-12-29 16:30:00,273.21881,273.29001,272.82999,273.04001,1203367,0,0
2025-12-29 17:30:00,273.04001,273.67001,272.95029,273.64001,3234552,0,0
2025-12-29 18:30:00,273.63,274.0,273.44,273.67999,3188556,0,0
2025-12-29 19:30:00,273.67999,274.0,273.67001,273.9028,4353900,0,0
2025-12-29 20:30:00,273.91,273.94,273.45999,273.79901,1452813,0,0
2025-12-30 14:30:00,274.0,274.07001,272.39481,272.59,3335833,0,0
2025-12-30 15:30:00,272.57999,273.32001,272.42001,272.8598,1711221,0,0
2025-12-30 16:30:00,272.82999,272.92001,272.28,272.59,1582688,0,0
2025-12-30 17:30:00,272.59,273.19,272.56,273.10001,1137372,0,0
2025-12-30 18:30:00,273.10001,273.52179,273.0101,273.39001,1396303,0,0
2025-12-30 19:30:00,273.38,273.47449,273.09,273.16501,1396305,0,0
2025-12-30 20:30:00,273.16,273.255,272.73999,272.98999,2121973,0,0
2025-12-31 14:30:00,273.35999,273.67999,272.23181,272.48999,2943983,0,0
2025-12-31 15:30:00,272.495,272.58499,271.76001,272.48999,1886713,0,0
2025-12-31 16:30:00,272.48999,272.79999,272.26999,272.67001,2956651,0,0
2025-12-31 17:30:00,272.66,273.10001,272.54999,272.625,1445671,0,0
2025-12-31 18:30:00,272.625,273.42999,272.57999,272.96091,1456290,0,0
2025-12-31 19:30:00,272.97021,273.00681,271.95999,272.07999,4155251,0,0
2025-12-31 20:30:00,272.09,272.75,271.75,271.84,5718955,0,0
2026-01-02 14:30:00,272.0,277.8248,272.0,273.39001,7685523,0,0
2026-01-02 15:30:00,273.37,273.39001,269.82999,270.32458,4078484,0,0
2026-01-02 16:30:00,270.29999,270.95999,269.10999,270.14999,2431873,0,0
2026-01-02 17:30:00,270.17999,270.48001,269.73001,270.07999,6545793,0,0
2026-01-02 18:30:00,270.09,270.24991,269.01999,270.13,2020830,0,0
2026-01-02 19:30:00,270.14001,270.84,270.09,270.51001,2107487,0,0
2026-01-02 20:30:00,270.53,271.04999,270.35001,270.98001,2650904,0,0
2026-01-05 14:30:00,270.63501,271.17999,267.85999,269.81,7189336,0,0
2026-01-05 15:30:00,269.79999,270.22,268.70001,268.79001,3119976,0,0
2026-01-05 16:30:00,268.78,268.85001,266.92001,266.97,3085098,0,0
2026-01-05 17:30:00,266.98999,267.89001,266.77011,267.42001,2496455,0,0
2026-01-05 18:30:00,267.41,267.66501,266.14001,266.2699,2514491,0,0
2026-01-05 19:30:00,266.26999,267.04001,266.20001,267.01901,2686552,0,0
2026-01-05 20:30:00,267.03,267.73999,266.45001,267.26001,2894622,0,0
2026-01-06 14:30:00,267.008,267.008,263.03,264.03,8179833,0,0
2026-01-06 15:30:00,264.03,265.10001,262.29999,262.41989,4875140,0,0
2026-01-06 16:30:00,262.42001,263.01,262.2,262.88461,3248954,0,0
2026-01-06 17:30:00,262.89001,263.79999,262.49011,262.845,2631876,0,0
2026-01-06 18:30:00,262.92999,263.07001,262.54001,262.87701,2041761,0,0
2026-01-06 19:30:00,262.84,263.01501,262.15,262.82001,3237444,0,0
2026-01-06 20:30:00,262.82999,263.0,262.22,262.22,2496947,0,0
2026-01-07 14:30:00,263.26999,263.67999,261.20999,262.03,7368698,0,0
2026-01-07 15:30:00,262.01999,262.29001,260.91,261.08371,3565599,0,0
2026-01-07 16:30:00,261.08499,262.57001,261.07001,262.35999,3336015,0,0
2026-01-07 17:30:00,262.37,262.70001,261.07999,261.22,2890664,0,0
2026-01-07 18:30:00,261.245,262.20001,261.13,261.59,2574362,0,0
2026-01-07 19:30:00,261.59,262.51999,261.26001,261.32999,2727906,0,0
2026-01-07 20:30:00,261.32999,261.32999,259.82001,260.35999,4547776,0,0
2026-01-08 14:30:00,256.375,257.76999,255.7,256.745,10183679,0,0
2026-01-08 15:30:00,256.72009,257.19,255.95,256.10999,4167093,0,0
2026-01-08 16:30:00,256.10999,258.60001,255.97,256.70901,3892484,1,0
2026-01-08 17:30:00,256.69009,257.63,256.59799,257.48001,2448318,0,0
2026-01-08 18:30:00,257.51001,257.51999,256.29999,256.60001,2399355,0,0
2026-01-08 19:30:00,256.60501,258.32999,256.38,258.28,3543548,0,0
2026-01-08 20:30:00,258.28,259.28,257.96011,259.06,3213685,0,0
2026-01-09 14:30:00,259.07501,260.0,256.22009,258.45999,7220053,0,0
2026-01-09 15:30:00,258.45999,258.75,256.88,256.95999,3212319,0,0
2026-01-09 16:30:00,256.95129,259.05499,256.76639,258.92999,3345096,0,0
2026-01-09 17:30:00,258.91,259.16,258.24011,259.12,2173770,0,0
2026-01-09 18:30:00,259.13,259.95001,259.01001,259.73001,1971968,0,0
2026-01-09 19:30:00,259.73001,260.20999,259.67999,259.965,2732054,0,0
2026-01-09 20:30:00,259.95001,260.05499,258.95001,259.35001,2303687,0,0
2026-01-12 14:30:00,259.41,261.29999,256.79999,260.35001,8505619,0,0
2026-01-12 15:30:00,260.36499,260.45001,259.04999,260.23001,3280015,0,0
2026-01-12 16:30:00,260.23001,261.10999,259.70999,260.60931,2709473,0,0
2026-01-12 17:30:00,260.60001,261.29999,260.35001,260.89001,2160352,0,0
2026-01-12 18:30:00,260.89099,260.94,260.19,260.64001,7491015,0,0
2026-01-12 19:30:00,260.64999,261.19,260.48529,260.97,2654547,0,0
2026-01-12 20:30:00,260.95999,261.13,260.01001,260.20999,9801908,0,0
2026-01-13 14:30:00,258.72,261.81,258.39001,260.09009,8478567,0,0
2026-01-13 15:30:00,260.14001,260.27991,259.48999,259.91,2608808,0,0
2026-01-13 16:30:00,259.89999,261.16,259.85001,260.84,2483937,0,0
2026-01-13 17:30:00,260.85001,261.44,259.98999,259.98999,2059870,0,0
2026-01-13 18:30:00,259.98001,260.67361,259.14999,259.73999,7815502,0,0
2026-01-13 19:30:00,259.7399,259.79999,258.7601,259.01999,1960648,0,0
2026-01-13 20:30:00,259.01001,261.20001,258.84,261.04999,21564429,0,0
2026-01-14 14:30:00,259.48999,261.81,258.82001,259.75,5147768,0,0
2026-01-14 15:30:00,259.755,260.0,257.85999,258.73999,2978461,0,0
2026-01-14 16:30:00,258.73999,258.81,256.70999,257.38,2333928,0,0
2026-01-14 17:30:00,257.39001,257.715,256.91,257.53,1604961,0,0
2026-01-14 18:30:00,257.53,258.10001,257.05499,257.79999,1777225,0,0
2026-01-14 19:30:00,257.79999,259.98001,257.79001,259.97,10557652,0,0
2026-01-14 20:30:00,259.98001,260.60001,258.68411,259.95001,25320368,0,0
2026-01-15 14:30:00,260.64999,261.03,259.62,260.1001,5046140,0,0
2026-01-15 15:30:00,260.14001,260.7851,259.19,260.495,2795244,0,0
2026-01-15 16:30:00,260.5,260.63,259.29999,259.32999,2122658,0,0
2026-01-15 17:30:00,259.34,259.565,258.0,259.53,6687989,0,0
2026-01-15 18:30:00,259.54999,259.75,258.26001,258.32001,2003848,0,0
2026-01-15 19:30:00,258.34341,258.45001,257.04999,257.67001,3158266,0,0
2026-01-15 20:30:00,257.6575,258.38,257.10999,258.32999,2733911,0,0
2026-01-16 14:30:00,257.88,258.89999,256.46011,256.81,11278805,0,0
2026-01-16 15:30:00,256.81,256.92001,256.06,256.43991,2790833,0,0
2026-01-16 16:30:00,256.42651,256.63,255.82001,255.83,2796717,0,0
2026-01-16 17:30:00,255.83,256.0899,254.92999,256.03,3606144,0,0
2026-01-16 18:30:00,256.03,257.14999,255.91499,256.0,2811980,0,0
2026-01-16 19:30:00,256.0,256.97,255.94,256.17999,2648818,0,0
2026-01-16 20:30:00,256.17001,256.4725,255.13,255.48,3511559,0,0
2026-01-20 14:30:00,252.50999,254.78999,250.85001,251.61571,9087553,0,0
2026-01-20 15:30:00,251.64,252.13,250.69,251.30499,3367134,0,0
2026-01-20 16:30:00,251.3,251.59,250.35001,250.56,2677257,0,0
2026-01-20 17:30:00,250.52,250.7,249.08,249.19501,2979236,0,0
2026-01-20 18:30:00,249.17999,249.23,247.42,247.4525,3351984,0,0
2026-01-20 19:30:00,247.45,248.17999,245.08,245.46001,5956327,0,0
2026-01-20 20:30:00,245.46001,246.92999,243.42,246.69,10059596,0,0
2026-01-21 14:30:00,248.71001,248.75,246.08,247.57001,7305670,0,0
2026-01-21 15:30:00,247.57001,248.72,246.83,247.3,3802645,0,0
2026-01-21 16:30:00,247.31,247.36,245.19,245.83,3522211,0,0
2026-01-21 17:30:00,245.8201,246.47,245.58,245.88,2014798,0,0
2026-01-21 18:30:00,245.88,247.34,245.5,247.11031,2357431,0,0
2026-01-21 19:30:00,247.13,251.56,247.10001,248.3828,7898353,0,0
2026-01-21 20:30:00,248.39,248.58,246.84,247.63,4345220,0,0
2026-01-22 14:30:00,249.36,250.77991,248.38499,250.13,7300630,0,0
2026-01-22 15:30:00,250.14999,250.16,249.0,249.69991,3165743,0,0
2026-01-22 16:30:00,249.69501,249.89999,249.25999,249.74001,1884417,0,0
2026-01-22 17:30:00,249.75,250.82001,249.73,250.67999,1833609,0,0
2026-01-22 18:30:00,250.67,251.0,249.75011,250.52,2047891,0,0
2026-01-22 19:30:00,250.50999,250.625,248.26511,248.37,3355209,0,0
2026-01-22 20:30:00,248.34,248.92,248.17999,248.34,11112802,0,0
2026-01-23 14:30:00,245.75,247.24001,244.67999,247.0101,7601190,0,0
2026-01-23 15:30:00,247.02,249.41,246.97,248.35001,3278817,0,0
2026-01-23 16:30:00,248.37,248.8,247.88,248.7399,2265077,0,0
2026-01-23 17:30:00,248.72,248.80991,247.61,247.92999,1917515,0,0
2026-01-23 18:30:00,247.96001,248.02991,246.97,247.47501,2288896,0,0
2026-01-23 19:30:00,247.47,248.47,247.405,248.19,1941325,0,0
2026-01-23 20:30:00,248.19,248.85001,247.745,247.97,12375932,0,0
2026-01-26 14:30:00,251.48,254.89,249.8,254.03999,9810606,0,0
2026-01-26 15:30:00,254.03999,255.5,253.92,255.0999,4941159,0,0
2026-01-26 16:30:00,255.08501,255.42,254.25999,254.5,3015226,0,0
2026-01-26 17:30:00,254.47,254.75,254.08,254.64999,1861533,0,0
2026-01-26 18:30:00,254.64,255.97,254.32001,255.94,3013817,0,0
2026-01-26 19:30:00,255.92999,256.56,255.47,255.72501,12205705,0,0
2026-01-26 20:30:00,255.73,255.99001,254.89999,255.42,14219113,0,0
2026-01-27 14:30:00,259.14001,261.95001,258.66,259.845,10912773,0,0
2026-01-27 15:30:00,259.85999,261.39001,259.76001,260.72,3262895,0,0
2026-01-27 16:30:00,260.72,261.35999,260.47,261.31,2175987,0,0
2026-01-27 17:30:00,261.30011,261.35001,260.2301,260.255,1989091,0,0
2026-01-27 18:30:00,260.26999,260.35999,259.51999,259.875,2504629,0,0
2026-01-27 19:30:00,259.875,260.04001,259.14999,259.38,2602286,0,0
2026-01-27 20:30:00,259.38501,259.67499,258.20999,258.26999,12330990,0,0
2026-01-28 14:30:00,257.56,258.85501,255.215,256.09,6604210,0,0
2026-01-28 15:30:00,256.06,256.70999,255.25999,255.49001,2745774,0,0
2026-01-28 16:30:00,255.47,255.48,254.66,254.82001,2230506,0,0
2026-01-28 17:30:00,254.8,255.39,254.50999,255.255,1796542,0,0
2026-01-28 18:30:00,255.25999,255.88,254.78,255.11,1899457,0,0
2026-01-28 19:30:00,255.08,256.64001,255.05,256.47501,3391568,0,0
2026-01-28 20:30:00,256.45999,256.89999,255.92999,256.44,3092338,0,0
2026-01-29 14:30:00,258.07001,259.64999,255.49001,256.89999,7282171,0,0
2026-01-29 15:30:00,256.89001,257.04001,254.41,256.17001,4801889,0,0
2026-01-29 16:30:00,256.13,257.41,255.12,257.22,3524580,0,0
2026-01-29 17:30:00,257.20001,257.67001,256.54999,257.38,3232719,0,0
2026-01-29 18:30:00,257.36499,258.18161,257.16,258.14499,3079026,0,0
2026-01-29 19:30:00,258.14499,258.56839,257.74011,258.29501,4240841,0,0
2026-01-29 20:30:00,258.31,259.35001,257.75,258.17499,5861121,0,0
2026-01-30 14:30:00,255.16499,258.70001,252.17999,254.0,24014784,0,0
2026-01-30 15:30:00,254.08,256.905,253.69501,256.6875,7271698,0,0
2026-01-30 16:30:00,256.69,257.14001,254.28349,255.21001,5963004,0,0
2026-01-30 17:30:00,255.16,256.07001,254.53999,256.05499,4358054,0,0
2026-01-30 18:30:00,256.05499,258.28,255.75,257.58499,5172090,0,0
2026-01-30 19:30:00,257.60001,259.91,257.41,259.91,6597420,0,0
2026-01-30 20:30:00,259.92001,261.8999,258.0,259.48001,13030810,0,0
2026-02-02 14:30:00,260.01999,265.25,259.20499,265.04001,12724698,0,0
2026-02-02 15:30:00,265.035,265.37,262.31,264.29181,4300486,0,0
2026-02-02 16:30:00,264.29501,264.85001,263.81,264.17999,2688303,0,0
2026-02-02 17:30:00,264.19,265.31,263.78,265.13,2603466,0,0
2026-02-02 18:30:00,265.14499,267.35001,265.01001,267.17999,4680086,0,0
2026-02-02 19:30:00,267.125,269.56989,266.82001,268.98001,6110168,0,0
2026-02-02 20:30:00,268.97501,270.48999,268.84,269.95999,6031354,0,0
2026-02-03 14:30:00,269.13,271.57999,267.69,269.88501,9095951,0,0
2026-02-03 15:30:00,269.85001,271.285,267.60999,268.89499,5335029,0,0
2026-02-03 16:30:00,268.89999,270.5,268.29001,268.89999,3977028,0,0
2026-02-03 17:30:00,268.89001,270.37,268.755,269.34,3592052,0,0
2026-02-03 18:30:00,269.33499,271.875,268.85001,271.48001,15524047,0,0
2026-02-03 19:30:00,271.47,271.70001,268.67001,269.20999,3448770,0,0
2026-02-03 20:30:00,269.215,270.04999,268.84,269.45999,3048085,0,0
2026-02-04 14:30:00,272.31,278.81,272.285,276.10001,14363169,0,0
2026-02-04 15:30:00,276.125,277.39001,275.29999,277.21381,5901048,0,0
2026-02-04 16:30:00,277.19351,277.26001,273.89999,275.25,5657904,0,0
2026-02-04 17:30:00,275.26999,276.11499,273.14001,275.60001,5072262,0,0
2026-02-04 18:30:00,275.62,275.76001,274.35001,274.91,3128540,0,0
2026-02-04 19:30:00,274.90021,278.07999,274.82999,277.60999,26444117,0,0
2026-02-04 20:30:00,277.60999,278.95001,276.35999,276.45999,7312922,0,0
2026-02-05 14:30:00,278.01999,279.44,273.23001,276.785,12483022,0,0
2026-02-05 15:30:00,276.79001,277.39999,273.29001,275.22,4526349,0,0
2026-02-05 16:30:00,275.29001,275.5,273.52499,274.73999,2531820,0,0
2026-02-05 17:30:00,274.72,274.98001,273.91,274.32001,1764770,0,0
2026-02-05 18:30:00,274.26001,277.57001,274.11499,277.04501,2995492,1,0
2026-02-05 19:30:00,277.065,277.72,276.08569,276.63,3087121,0,0
2026-02-05 20:30:00,276.63,276.91,275.35001,275.92001,3990713,0,0
2026-02-06 14:30:00,277.16,280.905,277.0,279.29001,10777765,0,0
2026-02-06 15:30:00,279.29999,279.95001,278.35001,279.11499,5497042,0,0
2026-02-06 16:30:00,279.10001,279.77499,278.23999,278.67999,3039580,0,0
2026-02-06 17:30:00,278.70999,278.79999,277.49011,277.77499,2815770,0,0
2026-02-06 18:30:00,277.79999,277.95999,276.92499,277.13,2548586,0,0
2026-02-06 19:30:00,277.13,278.75,276.995,277.66,3186499,0,0
2026-02-06 20:30:00,277.655,279.01001,277.57001,278.07999,3255323,0,0
2026-02-09 14:30:00,277.905,278.04001,273.04999,273.0827,6334544,0,0
2026-02-09 15:30:00,273.09,273.75,272.76999,273.39819,2792572,0,0
2026-02-09 16:30:00,273.37,273.79999,271.70001,272.01151,7941127,0,0
2026-02-09 17:30:00,272.04001,272.34,271.76999,271.98001,1937150,0,0
2026-02-09 18:30:00,271.98001,273.70999,271.84,273.62,2566471,0,0
2026-02-09 19:30:00,273.63,274.25,272.91501,274.04001,2368415,0,0
2026-02-09 20:30:00,274.03,275.12,273.51001,274.54001,3837569,0,0
2026-02-10 14:30:00,274.88501,275.35999,273.20999,274.42001,4751268,0,0
2026-02-10 15:30:00,274.39001,274.91,273.98999,274.06,1866180,0,0
2026-02-10 16:30:00,274.01999,274.0499,272.94,273.35001,2051404,0,0
2026-02-10 17:30:00,273.35001,274.19,273.14999,274.05499,1646593,0,0
2026-02-10 18:30:00,274.05499,274.26999,273.66,273.965,1371940,0,0
2026-02-10 19:30:00,273.97,274.29999,273.51999,274.07001,1515644,0,0
2026-02-10 20:30:00,274.07999,274.48999,273.31,273.79001,9399403,0,0
2026-02-11 14:30:00,274.69501,277.44,274.45001,277.05011,9496956,0,0
2026-02-11 15:30:00,277.10001,279.98001,277.04001,278.19,4696556,0,0
2026-02-11 16:30:00,278.19,280.17999,278.16,279.94501,2685096,0,0
2026-02-11 17:30:00,279.9104,280.14999,278.5,278.95999,1893097,0,0
2026-02-11 18:30:00,278.935,279.67001,278.5,279.57999,1790251,0,0
2026-02-11 19:30:00,279.57999,279.59,274.81061,276.04999,6599667,0,0
2026-02-11 20:30:00,276.01001,276.54999,275.45999,275.54001,2931248,0,0
2026-02-12 14:30:00,275.60001,275.72,270.06,271.25,7875828,0,0
2026-02-12 15:30:00,271.26001,271.75,266.14999,266.17001,5405536,0,0
2026-02-12 16:30:00,266.19,267.04001,264.42001,264.60001,4717401,0,0
2026-02-12 17:30:00,264.57001,264.64999,260.17999,262.32999,7147306,0,0
2026-02-12 18:30:00,262.31,262.67001,261.23001,261.78,4007694,0,0
2026-02-12 19:30:00,261.76999,262.48999,261.10001,261.48999,3918342,0,0
2026-02-12 20:30:00,261.48001,262.51001,260.28,261.59,22727615,0,0
2026-02-13 14:30:00,262.01001,262.23001,258.79999,260.595,9803254,0,0
2026-02-13 15:30:00,260.57999,261.48999,258.37,259.28751,3397399,0,0
2026-02-13 16:30:00,259.29849,260.20999,258.60001,259.59,2315506,0,0
2026-02-13 17:30:00,259.59,260.26999,258.76999,258.91,8633452,0,0
2026-02-13 18:30:00,258.94,259.31,258.28,258.45999,9057962,0,0
2026-02-13 19:30:00,258.48001,258.73001,255.81731,255.91,3979292,0,0
2026-02-13 20:30:00,255.91,256.66,255.45,255.82001,6720926,0,0
