datetime,open,high,low,close,volume,is_min,is_max
2024-07-31 15:00:00,222.605,222.7899,222.3,222.535,1083454,0,0
2024-07-31 15:15:00,222.53999,223.17,222.3101,223.155,933865,0,0
2024-07-31 15:30:00,223.155,223.37,222.49001,222.58501,904908,0,0
2024-07-31 15:45:00,222.58501,222.73,222.35001,222.55,905899,0,0
2024-07-31 16:00:00,222.57001,222.7,222.36,222.61,675565,0,0
2024-07-31 16:15:00,222.61,222.62,222.17,222.37,621199,0,0
2024-07-31 16:30:00,222.38361,222.39,222.08009,222.3,563640,0,0
2024-07-31 16:45:00,222.28999,222.75999,222.25999,222.53999,762924,0,0
2024-07-31 17:00:00,222.53999,222.88,222.45,222.735,863847,0,0
2024-07-31 17:15:00,222.73,223.00999,222.52,222.60001,1293827,0,0
2024-07-31 17:30:00,222.595,222.60001,221.31,221.75,1164226,0,0
2024-07-31 17:45:00,221.73,222.45,221.67,222.17,723725,0,0
2024-07-31 18:00:00,222.19,222.78,221.92,222.66,994339,0,0
2024-07-31 18:15:00,222.65739,223.00999,222.65739,222.92999,627230,0,0
2024-07-31 18:30:00,222.94,223.37,222.34,223.17999,1059849,0,0
2024-07-31 18:45:00,223.17,223.30009,222.53999,222.66499,874564,0,0
2024-07-31 19:00:00,222.66499,223.03,222.42,222.58,1177188,0,0
2024-07-31 19:15:00,222.59,223.0199,221.285,221.61011,1839677,0,0
2024-07-31 19:30:00,221.64,223.00929,221.37,222.855,1665850,0,0
2024-07-31 19:45:00,222.84,222.98,221.66,221.99001,3952670,0,0
2024-08-01 13:30:00,224.37,224.4505,222.56,223.05,4110658,0,1
2024-08-01 13:45:00,223.08,224.3,223.08,224.28,2410042,0,0
2024-08-01 14:00:00,224.25999,224.3,222.95,223.155,2140717,0,0
2024-08-01 14:15:00,223.17,223.39,221.25999,221.28,1850652,0,0
2024-08-01 14:30:00,221.27969,221.73,220.61,221.10001,2230729,0,0
2024-08-01 14:45:00,221.08,221.42999,220.3503,220.985,1444372,0,0
2024-08-01 15:00:00,221.0,221.175,220.12,220.42,1449689,0,0
2024-08-01 15:15:00,220.42999,220.78999,220.12,220.53999,1184871,0,0
2024-08-01 15:30:00,220.56,220.85001,219.28,219.33,1388797,0,0
2024-08-01 15:45:00,219.34,220.12,219.2101,219.8,1019923,0,0
2024-08-01 16:00:00,219.7901,220.0699,219.64999,219.9142,894192,0,0
2024-08-01 16:15:00,219.89999,220.17,219.02,219.32001,1175019,0,0
2024-08-01 16:30:00,219.34,219.5,218.53999,218.769,1095308,0,0
2024-08-01 16:45:00,218.72,219.05991,218.455,218.74001,1380812,0,0
2024-08-01 17:00:00,218.72,218.89999,218.17999,218.255,897047,0,0
2024-08-01 17:15:00,218.25999,218.3,217.63,218.14999,1081941,0,0
2024-08-01 17:30:00,218.16,218.44,217.32001,217.35001,2371237,0,0
2024-08-01 17:45:00,217.3725,218.66,217.1908,218.63,1135963,0,0
2024-08-01 18:00:00,218.62,218.8,217.88,217.89999,1556888,0,0
2024-08-01 18:15:00,217.905,218.00999,217.21001,217.78999,1325980,0,0
2024-08-01 18:30:00,217.795,218.03999,217.17999,217.33,1235101,0,0
2024-08-01 18:45:00,217.33,217.88499,217.02,217.495,1763156,0,0
2024-08-01 19:00:00,217.48,217.95,217.12,217.69,1378915,0,0
2024-08-01 19:15:00,217.69,218.1599,217.33,218.05499,1653351,0,0
2024-08-01 19:30:00,218.05,218.53,217.61,217.88,2261601,0,0
2024-08-01 19:45:00,217.88499,219.14,217.13499,218.28,5176448,0,0
2024-08-02 13:30:00,219.14999,223.87,217.71001,223.58,13176254,0,0
2024-08-02 13:45:00,223.60001,224.41499,222.1001,223.23,5926851,0,1
2024-08-02 14:00:00,223.205,224.14999,220.67999,220.83501,4786292,0,0
2024-08-02 14:15:00,220.78,222.95,220.77,222.655,5647585,0,0
2024-08-02 14:30:00,222.63,223.5,222.58,223.37,3194419,0,0
2024-08-02 14:45:00,223.39999,224.3799,222.3557,222.39999,5909192,0,0
2024-08-02 15:00:00,222.41,223.22,221.75999,222.425,2907380,0,0
2024-08-02 15:15:00,222.42999,223.67,222.42999,222.83,2308389,0,0
2024-08-02 15:30:00,222.86,222.95,221.42,222.66,2962169,0,0
2024-08-02 15:45:00,222.64999,223.45,222.25,223.205,1770313,0,0
2024-08-02 16:00:00,223.205,223.98,222.73,222.905,1725305,0,0
2024-08-02 16:15:00,222.92,224.72,222.8,224.62,2640657,0,0
2024-08-02 16:30:00,224.61501,225.60001,224.52,224.9828,2423906,0,0
2024-08-02 16:45:00,224.94,225.0394,223.45,224.235,1891140,0,0
2024-08-02 17:00:00,224.215,224.95,224.14,224.82001,1575101,0,0
2024-08-02 17:15:00,224.83,225.27,224.5136,224.64,1597006,0,0
2024-08-02 17:30:00,224.63,225.005,224.35001,224.83,2043116,0,0
2024-08-02 17:45:00,224.815,224.99001,223.31,224.19,1856875,0,0
2024-08-02 18:00:00,224.21001,224.2222,222.57001,222.7,1709045,0,0
2024-08-02 18:15:00,222.685,223.435,221.91,223.435,1940407,0,0
2024-08-02 18:30:00,223.42,224.10001,223.19,223.63,1583975,0,0
2024-08-02 18:45:00,223.5643,224.0,222.63,222.7,1321956,0,0
2024-08-02 19:00:00,222.7,223.37,222.11501,222.89999,1703181,0,0
2024-08-02 19:15:00,222.89,223.17999,222.11,222.62,1918055,0,0
2024-08-02 19:30:00,222.63,222.9883,220.87,222.0201,3036507,0,0
2024-08-02 19:45:00,222.02,222.24001,219.06,219.8,8006267,0,0
2024-08-05 13:30:00,199.14,210.0,196.21001,208.55,27409767,1,0
2024-08-05 13:45:00,209.5,211.11,207.17,207.63,7244950,0,0
2024-08-05 14:00:00,207.81,211.00999,207.7901,209.78999,4714621,0,0
2024-08-05 14:15:00,209.74001,211.0,207.7,207.9787,3988021,0,0
2024-08-05 14:30:00,207.9407,210.39999,207.82001,208.4971,3526116,0,0
2024-08-05 14:45:00,208.53999,210.38,208.0,209.55991,2713821,0,0
2024-08-05 15:00:00,209.58501,212.94991,208.74001,212.25999,4297761,0,0
2024-08-05 15:15:00,212.39,213.47,211.17,211.17,2866456,0,0
2024-08-05 15:30:00,211.2,211.888,209.92,210.10001,2745094,0,0
2024-08-05 15:45:00,210.10001,211.33,209.505,210.33501,2402537,0,0
2024-08-05 16:00:00,210.33501,212.0,210.02,211.64,1740140,0,0
2024-08-05 16:15:00,211.7,213.0,211.45419,212.61501,1827364,0,0
2024-08-05 16:30:00,212.62,212.64999,210.55009,210.78999,1787765,0,1
2024-08-05 16:45:00,210.81,211.004,209.72,210.38,1483974,0,0
2024-08-05 17:00:00,210.36,211.785,209.91,211.44501,1734196,0,0
2024-08-05 17:15:00,211.42,211.7701,210.77,210.81,1240758,0,0
2024-08-05 17:30:00,210.78999,211.89,210.78,211.17999,1153205,0,0
2024-08-05 17:45:00,211.1873,211.39999,210.50999,210.7401,1309022,0,0
2024-08-05 18:00:00,210.77,210.91,209.37,209.4501,1296258,0,0
2024-08-05 18:15:00,209.45,210.64,209.38,210.61,1355478,0,0
2024-08-05 18:30:00,210.563,210.95,207.29601,207.55,3127214,0,0
2024-08-05 18:45:00,207.56,208.07001,203.92,204.784,6698815,0,0
2024-08-05 19:00:00,204.78999,206.42999,204.06,205.37,3424697,0,0
2024-08-05 19:15:00,205.405,207.14,205.27,206.42999,3427008,0,0
2024-08-05 19:30:00,206.42999,208.25,206.0117,207.57001,3388504,0,0
2024-08-05 19:45:00,207.57001,209.35001,206.8201,209.19,7863246,0,0
2024-08-06 13:30:00,205.39,206.25,201.64,201.66499,12361604,0,0
2024-08-06 13:45:00,201.67999,204.10001,201.07001,203.1321,5457976,0,0
2024-08-06 14:00:00,203.19,204.9492,202.42999,204.72,3385610,0,0
2024-08-06 14:15:00,204.75,205.8,204.41,204.89011,2895294,0,0
2024-08-06 14:30:00,204.98,206.33681,204.37,206.24001,2253181,0,0
2024-08-06 14:45:00,206.25,207.67999,206.17999,207.54601,2206492,0,0
2024-08-06 15:00:00,207.50999,207.7395,206.675,207.13361,1709353,0,0
2024-08-06 15:15:00,207.125,207.58,206.03999,206.11,1640347,0,0
2024-08-06 15:30:00,206.12041,207.71001,206.06,206.47,1632775,0,0
2024-08-06 15:45:00,206.47,208.5596,206.39999,208.46001,1766167,0,0
2024-08-06 16:00:00,208.46001,208.97,208.27,208.74001,1319411,0,0
2024-08-06 16:15:00,208.75999,208.99001,208.42,208.631,1183612,0,0
2024-08-06 16:30:00,208.67,208.99001,208.36,208.83,1096742,0,0
2024-08-06 16:45:00,208.82001,209.98,208.74001,209.7,1439879,0,0
2024-08-06 17:00:00,209.69,209.72,208.92,209.19,1178416,0,0
2024-08-06 17:15:00,209.19,209.34,208.52,208.99001,892554,0,0
2024-08-06 17:30:00,209.00999,209.185,208.55,208.785,1116548,0,0
2024-08-06 17:45:00,208.78999,208.97,208.33,208.50999,915071,0,0
2024-08-06 18:00:00,208.50999,208.50999,207.705,208.3,1554990,0,0
2024-08-06 18:15:00,208.285,209.4799,208.285,209.4464,1261674,0,0
2024-08-06 18:30:00,209.45,209.89,209.17,209.64,984330,0,0
2024-08-06 18:45:00,209.64011,209.95,208.7,208.745,1171682,0,1
2024-08-06 19:00:00,208.74001,208.83,207.61,207.96001,1479022,0,0
2024-08-06 19:15:00,207.97,208.7,207.39999,208.505,1635595,0,0
2024-08-06 19:30:00,208.505,208.59,207.74001,207.92,1535370,0,0
2024-08-06 19:45:00,207.9299,208.34,206.39999,207.125,4967888,0,0
2024-08-07 13:30:00,206.89,211.64,206.41,211.3898,8252453,1,0
2024-08-07 13:45:00,211.38,212.42999,210.92999,212.39999,2932864,0,0
2024-08-07 14:00:00,212.42999,212.89999,211.75999,211.96001,2457372,0,0
2024-08-07 14:15:00,212.0027,212.2099,210.81,211.7,2071979,0,0
2024-08-07 14:30:00,211.69,212.87,211.47,212.82001,1855237,0,0
2024-08-07 14:45:00,212.82001,213.47,212.72,213.14999,1740931,0,0
2024-08-07 15:00:00,213.17999,213.59,212.64999,213.21001,1545176,0,0
2024-08-07 15:15:00,213.215,213.39999,212.77,213.16,1226174,0,0
2024-08-07 15:30:00,213.12399,213.64,212.48,212.4819,1447642,0,0
2024-08-07 15:45:00,212.49001,212.7,211.96001,212.5799,1386171,0,0
2024-08-07 16:00:00,212.59,212.59,211.17999,212.2401,1380749,0,0
2024-08-07 16:15:00,212.23,212.81,211.98,212.58501,846265,0,0
2024-08-07 16:30:00,212.5997,212.97,212.07001,212.11,1303248,0,0
2024-08-07 16:45:00,212.14,212.36,211.4301,211.55499,1137842,0,0
2024-08-07 17:00:00,211.53999,211.85001,210.86,211.2726,1436075,0,0
2024-08-07 17:15:00,211.25,211.7,210.35001,211.03999,1335062,0,0
2024-08-07 17:30:00,211.03999,211.49001,210.86501,211.28,1005372,0,0
2024-08-07 17:45:00,211.27,211.44,210.5881,210.92999,937886,0,0
2024-08-07 18:00:00,210.89999,211.28,210.02,210.37,1217347,0,0
2024-08-07 18:15:00,210.36,211.2596,210.02,211.06,1934607,0,0
2024-08-07 18:30:00,211.02,211.02,209.5,209.63,1649132,0,0
2024-08-07 18:45:00,209.59,209.83,208.89,208.94,1285448,0,0
2024-08-07 19:00:00,208.94501,210.57001,208.48,209.92999,1949684,0,0
2024-08-07 19:15:00,209.95,210.84,209.89999,210.5201,1130785,0,0
2024-08-07 19:30:00,210.55,210.99001,210.22,210.575,1464122,0,0
2024-08-07 19:45:00,210.57001,210.83,209.41,209.86,3893889,0,0
2024-08-08 13:30:00,213.095,213.21001,210.19,210.19,4267992,0,0
2024-08-08 13:45:00,210.28999,210.74001,208.83,210.73,2308679,0,0
2024-08-08 14:00:00,210.67,211.89,210.5092,211.84,2123561,0,0
2024-08-08 14:15:00,211.84,212.62469,211.396,212.56,1769529,0,0
2024-08-08 14:30:00,212.58,212.685,212.14,212.34,1133289,0,0
2024-08-08 14:45:00,212.36,212.99001,211.96001,212.19,1198028,0,0
2024-08-08 15:00:00,212.19,212.21001,211.17,211.28999,1220506,0,0
2024-08-08 15:15:00,211.46001,212.35001,211.08,212.21001,1428505,0,0
2024-08-08 15:30:00,212.21001,212.67999,211.9203,212.08,1041767,0,0
2024-08-08 15:45:00,212.09,212.4595,211.71001,212.39,809171,0,0
2024-08-08 16:00:00,212.37,212.91,212.2325,212.84,1074574,0,0
2024-08-08 16:15:00,212.84,213.46001,212.66,213.25,1603744,0,0
2024-08-08 16:30:00,213.265,213.27,212.5,212.98,946917,0,0
2024-08-08 16:45:00,212.98,213.47,212.89999,213.175,890401,0,0
2024-08-08 17:00:00,213.22,213.38,212.6301,213.32471,969168,0,0
2024-08-08 17:15:00,213.32001,213.99001,213.28999,213.8976,1170580,0,0
2024-08-08 17:30:00,213.89999,214.2,213.67,213.73,877910,0,0
2024-08-08 17:45:00,213.74001,213.89,213.42999,213.6855,1256217,0,0
2024-08-08 18:00:00,213.67,213.84,213.35001,213.56,761787,0,0
2024-08-08 18:15:00,213.55,213.8,212.7075,212.98,1075810,0,0
2024-08-08 18:30:00,212.9959,213.42999,212.60001,212.75,862165,0,0
2024-08-08 18:45:00,212.74001,213.06,212.67999,212.91499,690494,0,0
2024-08-08 19:00:00,212.89999,213.41499,212.5,213.08,1024103,0,0
2024-08-08 19:15:00,213.09,213.2,212.12,212.1301,1257069,0,0
2024-08-08 19:30:00,212.14,213.185,211.88,213.03999,1645779,0,0
2024-08-08 19:45:00,213.035,213.52,212.50999,213.34,3019380,0,0
2024-08-09 13:30:00,212.08,213.48,211.98,212.25999,3212120,0,0
2024-08-09 13:45:00,212.27,213.3,212.24001,212.53,1565613,0,0
2024-08-09 14:00:00,212.58,214.49001,212.34,214.3871,1614260,0,0
2024-08-09 14:15:00,214.37,214.78951,214.02,214.7,1375537,0,0
2024-08-09 14:30:00,214.71001,214.755,213.67,213.83,1253790,0,0
2024-08-09 14:45:00,213.7901,215.17999,213.7603,214.765,1379938,0,0
2024-08-09 15:00:00,214.82001,215.52,214.80499,215.21001,1168644,0,0
2024-08-09 15:15:00,215.22,215.735,215.10001,215.13499,1050616,0,0
2024-08-09 15:30:00,215.12,215.71001,215.06,215.11,1052451,0,0
2024-08-09 15:45:00,215.11501,215.45,214.5401,214.71001,845636,0,0
2024-08-09 16:00:00,214.7,214.89999,214.41,214.53999,847615,0,0
2024-08-09 16:15:00,214.545,214.91,214.46001,214.53011,1247836,0,0
2024-08-09 16:30:00,214.53,214.9295,214.5101,214.85001,701982,0,0
2024-08-09 16:45:00,214.85001,215.45,214.71001,215.435,1104051,0,0
2024-08-09 17:00:00,215.4382,215.86,215.25,215.85001,743454,0,0
2024-08-09 17:15:00,215.83,216.53999,215.83,216.535,1256672,0,0
2024-08-09 17:30:00,216.53999,216.78,216.175,216.2578,1003281,0,1
2024-08-09 17:45:00,216.27,216.42,215.64,215.9164,814528,0,0
2024-08-09 18:00:00,215.92999,216.09151,215.28999,215.41,822474,0,0
2024-08-09 18:15:00,215.42,215.50999,214.92,215.28,891084,0,0
2024-08-09 18:30:00,215.27499,215.5071,214.89999,215.17999,890824,0,0
2024-08-09 18:45:00,215.16,215.675,215.03999,215.61,1166037,1,0
2024-08-09 19:00:00,215.605,216.08,215.21001,215.92,1058922,0,0
2024-08-09 19:15:00,215.94,216.38,215.64999,216.285,1110508,0,0
2024-08-09 19:30:00,216.25999,216.61501,216.10001,216.25,1440157,0,0
2024-08-09 19:45:00,216.25,216.60001,215.34,216.3,3798561,0,0
2024-08-12 13:30:00,216.0,217.64999,215.60001,216.67,3499175,0,0
2024-08-12 13:45:00,216.7058,217.12,216.6564,216.9924,1599621,0,0
2024-08-12 14:00:00,217.03,217.89,216.88,217.87,1630980,0,0
2024-08-12 14:15:00,217.88,218.715,217.662,218.45,1816113,0,0
2024-08-12 14:30:00,218.44,218.75,218.14999,218.315,1362286,0,0
2024-08-12 14:45:00,218.31,219.09,218.3,218.61,1343142,0,0
2024-08-12 15:00:00,218.64,219.5099,218.6185,219.0529,1360851,0,0
2024-08-12 15:15:00,219.05499,219.14999,217.14999,217.81,1719219,0,1
2024-08-12 15:30:00,217.7948,217.86,217.35001,217.7601,1516515,0,0
2024-08-12 15:45:00,217.77499,218.75,217.565,218.7301,1014031,0,0
2024-08-12 16:00:00,218.72,218.7574,218.11,218.11,782841,0,0
2024-08-12 16:15:00,218.11,218.21741,217.8,217.98,759514,0,0
2024-08-12 16:30:00,217.97,218.34,217.89999,218.08,837773,0,0
2024-08-12 16:45:00,218.09,218.30679,217.17999,217.19,733160,0,0
2024-08-12 17:00:00,217.19,217.47971,217.03,217.4101,864579,0,0
2024-08-12 17:15:00,217.42,217.7,217.14,217.2477,940996,0,0
2024-08-12 17:30:00,217.25,217.455,216.91,217.00999,800916,0,0
2024-08-12 17:45:00,216.99001,217.1199,216.48,216.845,869434,0,0
2024-08-12 18:00:00,216.85001,217.04849,216.53,216.89999,643516,0,0
2024-08-12 18:15:00,216.87,217.03999,216.58,216.745,614960,0,0
2024-08-12 18:30:00,216.7,217.09,216.595,217.00999,543884,0,0
2024-08-12 18:45:00,217.035,217.42,216.92,217.38519,588454,0,0
2024-08-12 19:00:00,217.39999,217.42999,216.96001,217.11,771314,0,0
2024-08-12 19:15:00,217.12,217.27499,216.98,217.03,754212,0,0
2024-08-12 19:30:00,217.03999,217.19,216.78,216.92,960071,0,0
2024-08-12 19:45:00,216.914,217.63,216.59,217.55,2219616,0,0
2024-08-13 13:30:00,219.105,221.47,219.00999,220.4211,6662922,0,0
2024-08-13 13:45:00,220.44,221.31,220.12,221.13,2242335,0,0
2024-08-13 14:00:00,221.13,221.71001,220.72,220.8,1764454,0,0
2024-08-13 14:15:00,220.78,221.12,220.3,221.0,1187917,0,0
2024-08-13 14:30:00,220.995,221.0,220.31,220.42999,1115481,0,0
2024-08-13 14:45:00,220.44,221.0701,220.2606,220.97,1299636,0,0
2024-08-13 15:00:00,220.99001,221.5,220.9124,221.39,1078527,0,0
2024-08-13 15:15:00,221.38499,221.42999,220.97,221.05499,831612,0,0
2024-08-13 15:30:00,221.05,221.25,220.89,221.21001,803521,0,0
2024-08-13 15:45:00,221.22,221.59869,221.00999,221.1203,1566429,0,0
2024-08-13 16:00:00,221.11,221.21001,220.92,221.12,701376,0,0
2024-08-13 16:15:00,221.125,221.4399,221.041,221.1105,619917,0,0
2024-08-13 16:30:00,221.09,221.395,220.96001,221.38499,646522,0,0
2024-08-13 16:45:00,221.38,221.59,221.3412,221.5899,755865,0,0
2024-08-13 17:00:00,221.57001,221.8,221.39999,221.77,865013,0,0
2024-08-13 17:15:00,221.76401,221.78999,221.55,221.69,558080,0,0
2024-08-13 17:30:00,221.69,221.89,221.3074,221.42,787759,0,0
2024-08-13 17:45:00,221.42,221.45,220.565,220.9101,928514,0,0
2024-08-13 18:00:00,220.92999,221.185,220.75999,221.095,657829,0,0
2024-08-13 18:15:00,221.10001,221.38,220.71001,221.218,666146,0,0
2024-08-13 18:30:00,221.24609,221.42999,221.2,221.33,546253,0,0
2024-08-13 18:45:00,221.33501,221.48489,221.20641,221.23,488724,0,0
2024-08-13 19:00:00,221.23,221.3,220.71001,220.722,701662,0,0
2024-08-13 19:15:00,220.72,220.92999,220.53999,220.66,822621,0,0
2024-08-13 19:30:00,220.67,220.895,220.42,220.78999,1007461,0,0
2024-08-13 19:45:00,220.78951,221.28,220.56261,221.27,2835241,0,0
2024-08-14 13:30:00,220.565,222.02,219.7,221.46001,5943203,0,0
2024-08-14 13:45:00,221.47,221.675,220.6814,220.95,1785622,0,0
2024-08-14 14:00:00,220.94501,221.4404,220.69,221.42999,1345034,0,0
2024-08-14 14:15:00,221.44,221.7,220.95,221.1104,1248147,0,0
2024-08-14 14:30:00,221.11,221.48,220.455,221.39999,1292931,0,0
2024-08-14 14:45:00,221.41,221.726,221.27,221.69009,1092996,0,0
2024-08-14 15:00:00,221.69501,222.28999,221.60001,222.25,1267633,0,0
2024-08-14 15:15:00,222.25,222.56,222.2,222.5587,864267,0,0
2024-08-14 15:30:00,222.55,222.89,222.39,222.39999,935396,0,0
2024-08-14 15:45:00,222.39999,223.03,222.39999,222.97009,881023,0,0
2024-08-14 16:00:00,222.97,222.97,222.35001,222.41,841177,0,0
2024-08-14 16:15:00,222.405,222.44991,221.015,221.30499,1372203,0,0
2024-08-14 16:30:00,221.32001,221.35001,220.58,220.58,988628,0,0
2024-08-14 16:45:00,220.58,221.03999,220.38,221.03,846435,0,0
2024-08-14 17:00:00,221.03,221.46001,220.88,221.32001,1170788,0,0
2024-08-14 17:15:00,221.3158,221.39,220.99001,221.175,640094,0,0
2024-08-14 17:30:00,221.16,221.49001,221.09039,221.34,626165,0,0
2024-08-14 17:45:00,221.34,221.769,221.27,221.27,889964,0,0
2024-08-14 18:00:00,221.25999,221.72,220.91,221.25,1047928,0,0
2024-08-14 18:15:00,221.25,221.58369,221.2,221.53999,535796,0,0
2024-08-14 18:30:00,221.53,221.61,221.17,221.23489,584205,0,0
2024-08-14 18:45:00,221.23,221.60001,221.00999,221.57001,743464,0,0
2024-08-14 19:00:00,221.57001,221.57001,220.81,220.9203,876944,0,0
2024-08-14 19:15:00,220.91051,221.27409,220.91051,221.16,785581,0,0
2024-08-14 19:30:00,221.16,221.89,221.15311,221.89,979316,0,0
2024-08-14 19:45:00,221.87,222.35001,221.5744,221.62,3133057,0,0
2024-08-15 13:30:00,224.55,224.87,222.75999,223.03,4455047,0,0
2024-08-15 13:45:00,223.03,224.50999,222.98,224.42999,1930713,0,0
2024-08-15 14:00:00,224.4201,224.78999,223.95,224.7097,2007081,0,0
2024-08-15 14:15:00,224.71001,224.99001,224.44,224.78999,1504293,0,0
2024-08-15 14:30:00,224.78,225.25999,224.7,224.8,1890172,0,0
2024-08-15 14:45:00,224.8,225.34,224.35001,224.45,1434885,0,0
2024-08-15 15:00:00,224.42999,224.61,224.17,224.49001,957034,0,0
2024-08-15 15:15:00,224.5,224.58,223.89999,224.005,1034587,0,0
2024-08-15 15:30:00,224.00999,224.48,223.85001,224.395,1013891,0,0
2024-08-15 15:45:00,224.39999,224.815,224.28999,224.66,796569,0,0
2024-08-15 16:00:00,224.6326,224.85001,224.58,224.77,599270,0,0
2024-08-15 16:15:00,224.78999,225.015,224.73,224.995,823831,0,0
2024-08-15 16:30:00,225.0,225.02,224.45,224.61,789630,0,0
2024-08-15 16:45:00,224.61,224.67,224.35001,224.565,651886,0,0
2024-08-15 17:00:00,224.5601,224.5601,224.245,224.50999,620713,0,0
2024-08-15 17:15:00,224.52,224.7,224.42,224.545,1445337,0,0
2024-08-15 17:30:00,224.56,224.87,224.50999,224.6573,544269,0,0
2024-08-15 17:45:00,224.66,224.8,224.60049,224.6761,689780,0,0
2024-08-15 18:00:00,224.6801,224.83,224.62,224.681,577081,0,0
2024-08-15 18:15:00,224.69,225.14999,224.69,225.07001,709496,0,0
2024-08-15 18:30:00,225.06,225.185,225.00999,225.09,662927,0,0
2024-08-15 18:45:00,225.0802,225.19,224.935,225.11,1418271,0,0
2024-08-15 19:00:00,225.11,225.33,224.94009,225.07761,899643,0,0
2024-08-15 19:15:00,225.08,225.14,224.9138,225.06,837716,0,0
2024-08-15 19:30:00,225.05499,225.09,224.88,224.92999,1032768,0,0
2024-08-15 19:45:00,224.92999,224.92999,223.845,224.71001,4032523,0,0
2024-08-16 13:30:00,223.92,224.64999,223.6501,224.11,6724547,0,0
2024-08-16 13:45:00,224.10001,224.69,223.97501,224.11501,2821606,0,0
2024-08-16 14:00:00,224.08,224.8698,224.02,224.75,1313410,0,0
2024-08-16 14:15:00,224.75,225.02,224.38,224.39,1046292,0,0
2024-08-16 14:30:00,224.38,224.66,224.25999,224.5,1144615,0,0
2024-08-16 14:45:00,224.508,224.56,223.96609,224.16,1155164,0,0
2024-08-16 15:00:00,224.14,224.50999,223.995,224.495,889170,0,0
2024-08-16 15:15:00,224.425,225.02,224.25,224.91,1311775,0,0
2024-08-16 15:30:00,224.91,225.67999,224.91,225.63,1410279,0,0
2024-08-16 15:45:00,225.63,226.03999,225.44,225.91499,1361656,0,0
2024-08-16 16:00:00,225.91,226.24001,225.784,226.235,1104190,0,0
2024-08-16 16:15:00,226.24001,226.4456,226.10001,226.34,1192606,0,0
2024-08-16 16:30:00,226.35001,226.69,226.31,226.66,1501231,0,0
2024-08-16 16:45:00,226.64999,226.8271,226.46001,226.6073,1037463,0,0
2024-08-16 17:00:00,226.61,226.66,226.36,226.61,732485,0,0
2024-08-16 17:15:00,226.6001,226.655,226.36011,226.55,1229183,0,0
2024-08-16 17:30:00,226.55,226.67,226.39999,226.524,417010,0,0
2024-08-16 17:45:00,226.52,226.57001,225.96001,226.14,699575,0,0
2024-08-16 18:00:00,226.14,226.1503,225.63,225.75999,739743,0,0
2024-08-16 18:15:00,225.7569,226.0,225.7569,225.99001,1167634,0,0
2024-08-16 18:30:00,225.985,226.17999,225.82001,225.85001,593758,0,0
2024-08-16 18:45:00,225.86501,226.16499,225.7636,226.13,494591,0,0
2024-08-16 19:00:00,226.12399,226.19,225.97,226.11,575378,0,0
2024-08-16 19:15:00,226.11,226.21001,225.8,225.96001,700309,0,0
2024-08-16 19:30:00,225.96049,226.14,225.82001,225.82001,938074,0,0
2024-08-16 19:45:00,225.83,226.14,225.53999,226.10001,2314280,0,0
2024-08-19 13:30:00,225.69501,225.69501,224.45,225.03999,3353822,0,0
2024-08-19 13:45:00,225.06,225.065,224.116,224.38,1753803,0,0
2024-08-19 14:00:00,224.39999,224.52,224.11,224.24969,1405686,0,0
2024-08-19 14:15:00,224.25,224.28999,223.03999,224.16,3156878,0,0
2024-08-19 14:30:00,224.16,224.35001,223.49001,223.56641,1055551,0,0
2024-08-19 14:45:00,223.57001,224.27991,223.55499,224.21001,1086422,0,0
2024-08-19 15:00:00,224.21001,224.73,224.09,224.47,1175568,0,0
2024-08-19 15:15:00,224.48,224.61,223.92999,224.43021,875512,0,0
2024-08-19 15:30:00,224.4276,224.64999,224.05,224.25,724027,0,0
2024-08-19 15:45:00,224.25999,224.395,223.75,223.8647,790424,0,0
2024-08-19 16:00:00,223.88,224.27,223.8,224.22,1150863,0,0
2024-08-19 16:15:00,224.22,224.46001,224.17,224.425,714288,0,0
2024-08-19 16:30:00,224.41,224.44,224.11501,224.405,626434,0,0
2024-08-19 16:45:00,224.39999,224.465,224.27,224.3633,610244,0,0
2024-08-19 17:00:00,224.36,224.42999,223.75,223.868,717383,0,0
2024-08-19 17:15:00,223.87,224.17999,223.815,224.02499,695692,0,0
2024-08-19 17:30:00,224.03,224.22,223.8,224.22,746149,0,0
2024-08-19 17:45:00,224.245,224.35001,224.13,224.315,584582,0,0
2024-08-19 18:00:00,224.3,224.545,224.28,224.476,727565,0,0
2024-08-19 18:15:00,224.47501,224.66,224.39,224.64,1498476,0,0
2024-08-19 18:30:00,224.645,224.7803,224.58,224.77,753038,0,0
2024-08-19 18:45:00,224.77499,224.92,224.71001,224.785,693549,0,0
2024-08-19 19:00:00,224.78,224.81,224.67,224.765,656732,0,0
2024-08-19 19:15:00,224.77,224.95,224.73,224.92999,711237,0,0
2024-08-19 19:30:00,224.925,225.28,224.89,225.22,1077313,0,0
2024-08-19 19:45:00,225.22,225.97,225.03,225.89999,3789980,0,0
2024-08-20 13:30:00,225.77,227.17,225.45,226.28999,3412655,0,0
2024-08-20 13:45:00,226.28999,227.155,226.105,227.02,1699143,0,0
2024-08-20 14:00:00,227.02,227.08,226.05,226.59,1358883,0,0
2024-08-20 14:15:00,226.60001,226.89,226.13,226.66,1222719,0,0
2024-08-20 14:30:00,226.67999,226.69,225.71001,225.78999,1250181,0,0
2024-08-20 14:45:00,225.78999,226.32001,225.785,225.96001,971145,0,0
2024-08-20 15:00:00,225.96001,226.48,225.86,226.44,662370,0,0
2024-08-20 15:15:00,226.42,226.53,226.21001,226.21001,728018,0,0
2024-08-20 15:30:00,226.205,226.71001,226.14999,226.21001,661873,0,0
2024-08-20 15:45:00,226.21001,226.9756,226.09,226.9268,666676,0,0
2024-08-20 16:00:00,226.92,227.095,226.83,227.03,703077,0,0
2024-08-20 16:15:00,227.03999,227.03999,226.60001,226.89999,540601,0,0
2024-08-20 16:30:00,226.895,227.09,226.812,226.95,591546,0,0
2024-08-20 16:45:00,226.93961,226.99001,226.46001,226.52,442085,0,0
2024-08-20 17:00:00,226.53,226.59441,226.11,226.5,589122,0,0
2024-08-20 17:15:00,226.52,226.78999,226.38,226.71001,463878,0,0
2024-08-20 17:30:00,226.7,226.73,226.35001,226.71001,409119,0,0
2024-08-20 17:45:00,226.67999,226.78999,226.5808,226.75999,409141,0,0
2024-08-20 18:00:00,226.75,227.03,226.65041,227.015,571365,0,0
2024-08-20 18:15:00,227.02,227.11,226.91,227.015,601649,0,0
2024-08-20 18:30:00,227.03,227.06,226.7601,226.7899,418961,0,0
2024-08-20 18:45:00,226.78999,226.85001,226.5202,226.52499,500621,0,0
2024-08-20 19:00:00,226.52,226.53999,226.265,226.39,631612,0,0
2024-08-20 19:15:00,226.37,226.53999,226.19,226.485,748025,0,0
2024-08-20 19:30:00,226.48,226.8286,226.39,226.64999,810671,0,0
2024-08-20 19:45:00,226.66,226.92999,226.39999,226.49001,1770867,0,0
2024-08-21 13:30:00,226.49001,226.8,225.91,226.78999,4006697,0,0
2024-08-21 13:45:00,226.778,227.0699,226.50999,227.0569,1465384,0,0
2024-08-21 14:00:00,227.07001,227.67,226.78,226.97501,1561383,0,0
2024-08-21 14:15:00,226.9899,227.60001,226.6636,227.22501,1126335,0,0
2024-08-21 14:30:00,227.23,227.91,226.7514,227.77319,1338924,0,0
2024-08-21 14:45:00,227.78999,227.98,225.88,226.28,1707867,0,1
2024-08-21 15:00:00,226.25999,226.88499,225.95,226.88499,964141,0,0
2024-08-21 15:15:00,226.87,226.98,226.4725,226.49001,744671,0,0
2024-08-21 15:30:00,226.49989,226.58,226.3,226.39,659723,0,0
2024-08-21 15:45:00,226.39999,226.59,225.758,226.21001,877793,0,0
2024-08-21 16:00:00,226.205,226.21001,225.63499,225.95,685199,0,0
2024-08-21 16:15:00,225.92999,226.28,225.89,226.24001,549375,0,0
2024-08-21 16:30:00,226.25,226.41,226.1001,226.11,559864,0,0
2024-08-21 16:45:00,226.11,226.504,226.07001,226.42,479991,0,0
2024-08-21 17:00:00,226.42,226.46001,226.19,226.2,476825,0,0
2024-08-21 17:15:00,226.2018,226.21001,225.9201,226.00011,544454,0,0
2024-08-21 17:30:00,226.00999,226.14,225.83,225.905,529800,0,0
2024-08-21 17:45:00,225.89999,226.24001,225.89,226.14999,548518,0,0
2024-08-21 18:00:00,226.17,226.42,225.86,226.2715,699478,0,0
2024-08-21 18:15:00,226.25999,226.45,226.21001,226.45,788918,0,0
2024-08-21 18:30:00,226.45,226.58,225.99001,226.205,699638,0,0
2024-08-21 18:45:00,226.205,226.48599,226.06,226.416,530473,0,0
2024-08-21 19:00:00,226.41,226.48,225.92999,225.96001,807622,0,0
2024-08-21 19:15:00,225.96001,225.97501,225.3302,225.77,946494,0,0
2024-08-21 19:30:00,225.78,225.785,225.19099,225.39999,1091069,0,0
2024-08-21 19:45:00,225.39999,226.56,225.36,226.39999,2743096,0,0
2024-08-22 13:30:00,227.60001,227.8,226.84,226.94501,2834495,0,0
2024-08-22 13:45:00,226.95,228.34,226.69,227.92999,2736934,0,0
2024-08-22 14:00:00,227.96001,228.2899,226.92999,227.24001,2089606,0,0
2024-08-22 14:15:00,227.23,227.25,226.55,226.77,1176804,0,0
2024-08-22 14:30:00,226.75999,227.05,226.37,226.83,817665,0,0
2024-08-22 14:45:00,226.85001,226.98,226.46001,226.785,730355,0,0
2024-08-22 15:00:00,226.785,227.21001,226.69,227.10989,1016078,0,0
2024-08-22 15:15:00,227.09,227.15401,226.14,226.17999,949378,0,0
2024-08-22 15:30:00,226.14,226.27,224.9201,225.14999,1285809,0,0
2024-08-22 15:45:00,225.17,225.72,225.05659,225.50999,841323,0,0
2024-08-22 16:00:00,225.50999,226.0,225.49001,225.78,609041,0,0
2024-08-22 16:15:00,225.78,226.44,225.58,226.42999,665033,0,0
2024-08-22 16:30:00,226.435,226.61,226.25,226.52499,675099,0,0
2024-08-22 16:45:00,226.52499,226.53,225.32001,225.505,734807,0,1
2024-08-22 17:00:00,225.50999,225.75999,225.08479,225.19,976899,0,0
2024-08-22 17:15:00,225.2,225.8,225.16,225.645,486893,0,0
2024-08-22 17:30:00,225.63,225.82001,224.5118,224.821,1355336,0,0
2024-08-22 17:45:00,224.81,224.84,224.00999,224.39,1029106,0,0
2024-08-22 18:00:00,224.39999,224.57001,223.89999,224.55,896788,0,0
2024-08-22 18:15:00,224.55009,224.87,224.35049,224.85989,670383,0,0
2024-08-22 18:30:00,224.86,224.86,224.56,224.7,581943,0,0
2024-08-22 18:45:00,224.69,224.92,224.34,224.39999,554359,0,0
2024-08-22 19:00:00,224.42,224.94,224.42,224.75999,650550,0,0
2024-08-22 19:15:00,224.755,224.85001,224.14999,224.32001,865960,0,0
2024-08-22 19:30:00,224.34,224.53,224.10001,224.4577,1200772,0,0
2024-08-22 19:45:00,224.4514,224.92,224.03,224.53,3673271,0,0
2024-08-23 13:30:00,225.65891,226.89,225.52,226.88049,2634361,0,0
2024-08-23 13:45:00,226.89,227.39,226.73,227.02,1865030,0,0
2024-08-23 14:00:00,227.06,228.21001,226.8,227.67,2488373,0,0
2024-08-23 14:15:00,227.66991,228.22,227.03,227.97501,1618974,0,0
2024-08-23 14:30:00,227.99001,228.10001,227.03999,227.2662,1426207,0,1
2024-08-23 14:45:00,227.27,227.38,225.50999,226.2399,1835732,0,0
2024-08-23 15:00:00,226.2,226.23,225.19009,226.21429,1291364,0,0
2024-08-23 15:15:00,226.22,226.74001,225.84,225.95,904116,0,0
2024-08-23 15:30:00,225.96851,226.71001,225.89,226.06,808461,0,0
2024-08-23 15:45:00,226.06,226.16,225.61,225.84,729625,0,0
2024-08-23 16:00:00,225.85001,225.905,225.0401,225.24001,774168,0,0
2024-08-23 16:15:00,225.2399,225.67999,224.88,225.11501,879833,0,0
2024-08-23 16:30:00,225.11,225.39999,224.39,224.61,840877,0,0
2024-08-23 16:45:00,224.64999,225.465,224.34,225.2999,802832,0,0
2024-08-23 17:00:00,225.33,225.5399,225.14999,225.50999,489232,0,0
2024-08-23 17:15:00,225.505,225.99001,225.455,225.965,531185,0,0
2024-08-23 17:30:00,225.97,226.5,225.95,226.47,608600,0,0
2024-08-23 17:45:00,226.48129,226.505,226.05,226.21001,643350,0,0
2024-08-23 18:00:00,226.22501,226.47,226.11,226.42999,453452,0,0
2024-08-23 18:15:00,226.435,226.55,226.17,226.4527,618334,0,0
2024-08-23 18:30:00,226.455,226.62,226.22,226.61,534181,0,0
2024-08-23 18:45:00,226.61,226.7,226.25,226.47,463352,0,0
2024-08-23 19:00:00,226.47,227.0,226.22,226.84,754537,0,0
2024-08-23 19:15:00,226.85001,227.10001,226.64,227.06,999979,0,0
2024-08-23 19:30:00,227.065,227.1669,226.42999,226.45,1103456,0,0
2024-08-23 19:45:00,226.465,227.10001,226.23,226.77361,2433162,0,0
2024-08-26 13:30:00,227.21001,227.21001,226.22009,226.54491,2594812,0,0
2024-08-26 13:45:00,226.5775,226.62,226.03999,226.34,960683,0,0
2024-08-26 14:00:00,226.35001,226.72,225.3,225.46001,1359929,0,0
2024-08-26 14:15:00,225.41,225.41,224.4772,224.95,1335680,0,0
2024-08-26 14:30:00,224.92,224.92,223.8905,224.11,1433484,0,0
2024-08-26 14:45:00,224.08,224.85001,223.92999,224.82001,949518,0,0
2024-08-26 15:00:00,224.80659,225.10001,224.71001,224.7832,796858,0,0
2024-08-26 15:15:00,224.77,225.19,224.53999,225.07001,750649,0,0
2024-08-26 15:30:00,225.06,225.39999,224.84,225.17,708539,0,0
2024-08-26 15:45:00,225.14,225.38,224.74001,224.87,602962,0,0
2024-08-26 16:00:00,224.84,225.17999,224.64,225.03011,1472019,0,0
2024-08-26 16:15:00,225.0,225.82001,224.99001,225.8105,552307,0,0
2024-08-26 16:30:00,225.811,226.08,225.75,226.03011,510479,0,0
2024-08-26 16:45:00,226.03999,226.23,225.83,226.185,491566,0,0
2024-08-26 17:00:00,226.18871,226.39999,226.02,226.28,631983,0,0
2024-08-26 17:15:00,226.27,226.38,225.95,226.12,458137,0,0
2024-08-26 17:30:00,226.13,226.425,225.67,225.92,734598,0,0
2024-08-26 17:45:00,225.9001,225.94,225.44299,225.60001,514941,0,0
2024-08-26 18:00:00,225.61,225.84,225.46001,225.7998,492472,0,0
2024-08-26 18:15:00,225.795,225.92999,225.56,225.87,509599,0,0
2024-08-26 18:30:00,225.86,226.16,225.7601,226.14,470685,0,0
2024-08-26 18:45:00,226.14,226.34,226.05009,226.325,559777,0,0
2024-08-26 19:00:00,226.31,226.42999,226.11501,226.36,645746,0,0
2024-08-26 19:15:00,226.36,226.67,226.25999,226.4301,768319,0,0
2024-08-26 19:30:00,226.42999,226.68851,226.28999,226.61,817134,0,0
2024-08-26 19:45:00,226.625,227.28,226.36,227.25999,2726279,0,0
2024-08-27 13:30:00,226.2101,226.25999,224.89,225.44,2738181,0,0
2024-08-27 13:45:00,225.435,226.84,224.94,226.745,1683640,1,0
2024-08-27 14:00:00,226.745,227.59,226.745,227.46201,2019489,0,0
2024-08-27 14:15:00,227.45,228.22,227.39999,227.97,2133986,0,0
2024-08-27 14:30:00,227.96001,228.23,227.6501,228.03,1134593,0,0
2024-08-27 14:45:00,228.0174,228.32001,227.71001,228.3067,1272201,0,0
2024-08-27 15:00:00,228.32001,228.81,228.315,228.735,1375709,0,0
2024-08-27 15:15:00,228.75,228.78,228.36,228.63,809484,0,0
2024-08-27 15:30:00,228.57001,228.63,227.9859,228.6201,928645,0,0
2024-08-27 15:45:00,228.62,228.66,227.97701,228.16499,641052,0,0
2024-08-27 16:00:00,228.145,228.49001,228.05029,228.45351,742402,0,0
2024-08-27 16:15:00,228.4507,228.47,227.87,227.94,564966,0,0
2024-08-27 16:30:00,227.92999,228.19,227.55,227.71001,620479,0,0
2024-08-27 16:45:00,227.73,228.2,227.64999,228.09,510850,0,0
2024-08-27 17:00:00,228.0804,228.25,227.83,228.21001,501917,0,0
2024-08-27 17:15:00,228.21001,228.53,228.14011,228.49001,517057,0,0
2024-08-27 17:30:00,228.5,228.664,228.07001,228.31979,544979,0,0
2024-08-27 17:45:00,228.3158,228.58,228.16,228.52499,430483,0,0
2024-08-27 18:00:00,228.53,228.58,228.25999,228.4599,497559,0,0
2024-08-27 18:15:00,228.46001,228.56,228.3282,228.4832,471272,0,0
2024-08-27 18:30:00,228.48,228.549,228.37,228.50999,415134,0,0
2024-08-27 18:45:00,228.5,228.50999,228.27,228.42999,415289,0,0
2024-08-27 19:00:00,228.42999,228.44501,228.09,228.241,536907,0,0
2024-08-27 19:15:00,228.23,228.28999,228.09,228.14999,517865,0,0
2024-08-27 19:30:00,228.14999,228.27,227.8869,228.10989,883906,0,0
2024-08-27 19:45:00,228.10989,228.2399,227.75,228.14,2512708,0,0
2024-08-28 13:30:00,228.05,229.64,227.871,229.17999,3448097,0,0
2024-08-28 13:45:00,229.08,229.10001,228.06,228.60001,1536002,0,0
2024-08-28 14:00:00,228.60001,229.1199,228.282,228.8903,1557427,0,0
2024-08-28 14:15:00,228.92,229.66,228.81,229.64,1579588,0,0
2024-08-28 14:30:00,229.63,229.85001,228.5865,228.67,1766114,0,0
2024-08-28 14:45:00,228.66,228.74001,227.42999,227.49001,1719329,0,0
2024-08-28 15:00:00,227.44,227.71001,226.6604,226.78999,1482785,0,0
2024-08-28 15:15:00,226.8074,226.9597,226.33,226.81,1023503,0,0
2024-08-28 15:30:00,226.8,226.9099,226.25999,226.70399,1204773,0,0
2024-08-28 15:45:00,226.71001,226.89,226.38,226.83,855767,0,0
2024-08-28 16:00:00,226.82001,227.27,226.71111,227.22,1939933,0,0
2024-08-28 16:15:00,227.22,227.25999,226.64999,227.03,1540267,0,0
2024-08-28 16:30:00,227.02,227.42909,227.00999,227.375,928058,0,0
2024-08-28 16:45:00,227.37,227.57201,227.08,227.519,1145966,0,0
2024-08-28 17:00:00,227.515,227.75999,227.05009,227.13,618309,0,0
2024-08-28 17:15:00,227.13,227.5,227.095,227.47,455275,0,0
2024-08-28 17:30:00,227.47,227.60001,227.0509,227.12,488792,0,0
2024-08-28 17:45:00,227.112,227.19,225.80791,225.895,725368,0,0
2024-08-28 18:00:00,225.895,226.3,225.6801,226.2,681096,1,0
2024-08-28 18:15:00,226.2,226.3,225.95,226.08,582422,0,0
2024-08-28 18:30:00,226.08,226.24001,225.965,226.078,430362,0,0
2024-08-28 18:45:00,226.09,227.2299,225.96001,227.16389,770008,0,0
2024-08-28 19:00:00,227.16,227.64,226.97,227.175,970753,0,0
2024-08-28 19:15:00,227.19,227.55,227.155,227.46001,846491,0,0
2024-08-28 19:30:00,227.45,227.53751,227.07001,227.3499,919244,0,0
2024-08-28 19:45:00,227.34,227.53999,226.34,226.49001,2687825,0,0
2024-08-29 13:30:00,230.28,231.45,228.88,230.97,8051995,0,0
2024-08-29 13:45:00,231.05,231.66,230.24001,231.57001,3307052,0,0
2024-08-29 14:00:00,231.58,231.94,230.33,230.91521,2064030,0,0
2024-08-29 14:15:00,230.92,231.52,230.31,231.42,1615513,0,0
2024-08-29 14:30:00,231.42999,232.44,231.38,232.17,2497896,0,0
2024-08-29 14:45:00,232.17999,232.7249,231.9749,232.38,2037453,0,0
2024-08-29 15:00:00,232.34,232.81,232.17171,232.78,1445222,0,0
2024-08-29 15:15:00,232.86,232.89,231.99001,232.45,1534014,0,0
2024-08-29 15:30:00,232.4476,232.70911,231.75999,231.78999,1276007,0,0
2024-08-29 15:45:00,231.8,231.955,231.49001,231.6799,913640,0,0
2024-08-29 16:00:00,231.67,232.2,231.60001,232.19,2088987,0,0
2024-08-29 16:15:00,232.19,232.56,231.842,232.45,880856,0,0
2024-08-29 16:30:00,232.45,232.71001,232.34,232.42,1115108,0,0
2024-08-29 16:45:00,232.41,232.57001,232.0,232.53999,822314,0,0
2024-08-29 17:00:00,232.52,232.58,231.95,232.005,744874,0,0
2024-08-29 17:15:00,232.0105,232.32001,231.87,232.13,611900,0,0
2024-08-29 17:30:00,232.14,232.5,231.62,231.68851,1183711,0,0
2024-08-29 17:45:00,231.685,231.95,231.34,231.74001,1261781,0,0
2024-08-29 18:00:00,231.75,231.75,231.05,231.32001,877661,0,0
2024-08-29 18:15:00,231.3,231.67999,230.55,230.836,1074078,0,0
2024-08-29 18:30:00,230.83,230.97,229.895,230.255,1694693,0,0
2024-08-29 18:45:00,230.3,230.75,229.85001,230.45,1238395,0,0
2024-08-29 19:00:00,230.42999,230.50999,229.6201,230.09,1129561,0,0
2024-08-29 19:15:00,230.09,230.74001,229.96001,230.14,1184761,0,0
2024-08-29 19:30:00,230.17,230.77,229.97,230.088,1088210,0,0
2024-08-29 19:45:00,230.10001,230.5,229.33,229.81,3467126,0,0
2024-08-30 13:30:00,230.0,230.39999,229.47,229.815,3823522,0,0
2024-08-30 13:45:00,229.83,230.12,228.81,229.09,2089964,0,0
2024-08-30 14:00:00,229.10001,229.32001,228.5401,228.7769,1757321,0,0
2024-08-30 14:15:00,228.77,229.2,228.60001,229.19501,1291462,0,0
2024-08-30 14:30:00,229.2,230.00999,229.13,229.53,1371963,0,0
2024-08-30 14:45:00,229.5,229.88,228.58,228.69,1121869,0,0
2024-08-30 15:00:00,228.7,229.0,228.12,228.33,1359108,0,0
2024-08-30 15:15:00,228.3291,228.47,227.73,228.245,1114253,0,0
2024-08-30 15:30:00,228.22,228.60001,227.55,228.59,1071915,0,0
2024-08-30 15:45:00,228.56,228.77499,228.19,228.62,825073,0,0
2024-08-30 16:00:00,228.61,228.875,228.05209,228.69991,719286,0,0
2024-08-30 16:15:00,228.69,228.7,227.94,228.03,640902,0,0
2024-08-30 16:30:00,228.0202,228.09,227.53,227.67999,926072,0,0
2024-08-30 16:45:00,227.64,228.49001,227.48,228.35001,729481,0,0
2024-08-30 17:00:00,228.37,228.7,228.2,228.36,535491,0,0
2024-08-30 17:15:00,228.35001,228.37,227.92,228.14999,492306,0,0
2024-08-30 17:30:00,228.13499,228.315,228.03,228.05,473078,0,0
2024-08-30 17:45:00,228.05,228.12,227.67931,227.75999,587551,0,0
2024-08-30 18:00:00,227.77,227.968,227.66,227.75,772070,0,0
2024-08-30 18:15:00,227.75,228.06,227.7,227.99001,581834,0,0
2024-08-30 18:30:00,228.0,228.295,227.95,228.14999,685021,0,0
2024-08-30 18:45:00,228.155,228.69,228.14999,228.56,766100,0,0
2024-08-30 19:00:00,228.56,228.73,228.24001,228.61,827054,0,0
2024-08-30 19:15:00,228.61,229.05,228.5,229.03999,1054382,0,0
2024-08-30 19:30:00,229.03999,229.075,228.38,228.67999,1245589,0,1
2024-08-30 19:45:00,228.67999,229.85001,228.60001,228.86,5676911,0,0
2024-09-03 13:30:00,228.61,229.0,226.03999,226.05499,5257981,0,0
2024-09-03 13:45:00,226.03999,226.67999,225.3,226.16,2439133,0,0
2024-09-03 14:00:00,226.19,226.48,224.81,224.86,1859865,0,0
2024-09-03 14:15:00,224.87,225.64,224.73,225.31,1412805,0,0
2024-09-03 14:30:00,225.30499,225.30499,224.14,224.162,1644366,0,0
2024-09-03 14:45:00,224.17999,224.49001,223.50999,223.645,1947937,0,0
2024-09-03 15:00:00,223.655,224.53,223.655,224.45,1351479,0,0
2024-09-03 15:15:00,224.47,224.67,223.82001,223.855,1041018,0,0
2024-09-03 15:30:00,223.86,224.42999,223.57001,223.5993,942240,0,0
2024-09-03 15:45:00,223.61,224.02,223.27,223.53999,977482,0,0
2024-09-03 16:00:00,223.55,223.92999,223.34,223.89,969750,0,0
2024-09-03 16:15:00,223.86501,224.31,223.73,223.89,830181,0,0
2024-09-03 16:30:00,223.88,224.03,223.5891,223.7399,651040,0,0
2024-09-03 16:45:00,223.73,223.91,223.45,223.71001,607695,0,0
2024-09-03 17:00:00,223.72,224.05,223.515,223.57001,578492,0,0
2024-09-03 17:15:00,223.5799,224.14999,223.53999,223.8315,683617,0,0
2024-09-03 17:30:00,223.8252,223.92,223.39999,223.495,734975,0,0
2024-09-03 17:45:00,223.48,223.55,223.17999,223.21001,641309,0,0
2024-09-03 18:00:00,223.24001,223.3,222.25999,222.39,1449839,0,0
2024-09-03 18:15:00,222.38,222.39999,221.84,222.13,1416165,0,0
2024-09-03 18:30:00,222.12,222.73,222.05,222.14,955178,0,0
2024-09-03 18:45:00,222.14,222.38,221.825,221.935,849852,0,0
2024-09-03 19:00:00,221.94501,222.42,221.77,222.3436,1016698,0,0
2024-09-03 19:15:00,222.35001,222.715,222.16,222.45,1514732,0,0
2024-09-03 19:30:00,222.44,222.52499,221.57001,221.845,1658871,0,0
2024-09-03 19:45:00,221.8175,222.78,221.17,222.75,4991628,0,0
2024-09-04 13:30:00,221.66,221.755,219.39,220.19501,4769061,0,0
2024-09-04 13:45:00,220.185,220.62,219.03999,219.57001,2394393,0,0
2024-09-04 14:00:00,219.56,219.56,217.8019,218.64999,3691916,0,0
2024-09-04 14:15:00,218.64999,218.87,217.48,218.63499,2564338,0,0
2024-09-04 14:30:00,218.63,219.56,218.53999,219.55,1790003,0,0
2024-09-04 14:45:00,219.55,219.62,218.64999,219.45,1567503,0,0
2024-09-04 15:00:00,219.48,220.25,219.16,219.39999,1702057,0,0
2024-09-04 15:15:00,219.44,219.78,218.67999,218.6801,1105420,0,0
2024-09-04 15:30:00,218.69501,219.03999,218.02,218.84,1138549,0,0
2024-09-04 15:45:00,218.85001,219.4595,218.82069,219.32001,878467,0,0
2024-09-04 16:00:00,219.315,219.57001,219.09,219.19,759479,0,0
2024-09-04 16:15:00,219.19501,219.965,219.19501,219.92999,734585,0,0
2024-09-04 16:30:00,220.11,220.2,219.62,219.7,730866,0,0
2024-09-04 16:45:00,219.7,220.215,219.53999,220.215,803870,0,0
2024-09-04 17:00:00,220.21001,220.37,219.78999,220.14,703450,0,0
2024-09-04 17:15:00,220.145,220.7843,219.99001,220.12,840946,0,0
2024-09-04 17:30:00,220.1046,220.59,220.07001,220.34,700838,0,0
2024-09-04 17:45:00,220.35001,220.91,220.35001,220.88,769231,0,0
2024-09-04 18:00:00,220.875,221.11,220.52,220.88,847338,0,0
2024-09-04 18:15:00,220.89011,221.09,220.39999,220.91,766788,0,0
2024-09-04 18:30:00,220.89999,221.14,220.5,220.78999,760817,0,0
2024-09-04 18:45:00,220.81,220.97,220.46001,220.50999,789914,0,0
2024-09-04 19:00:00,220.52,220.59,220.17,220.28,807039,0,0
2024-09-04 19:15:00,220.28999,220.589,220.2,220.55,877884,0,0
2024-09-04 19:30:00,220.55,221.27499,220.42,221.10989,1311418,0,0
2024-09-04 19:45:00,221.10001,221.4301,220.64,220.78999,3487321,0,0
2024-09-05 13:30:00,222.5,224.33,222.36,223.13499,5193802,0,0
2024-09-05 13:45:00,223.14999,224.85001,222.88,224.71001,1961921,0,0
2024-09-05 14:00:00,224.71001,225.23,223.88,224.22,1990234,0,0
2024-09-05 14:15:00,224.235,225.48,224.0101,225.06,1558371,0,0
2024-09-05 14:30:00,225.08,225.39,224.61,224.66,1102384,0,1
2024-09-05 14:45:00,224.63,224.7124,223.63,223.7,1082484,0,0
2024-09-05 15:00:00,223.7,223.82001,222.985,223.62,1258460,0,0
2024-09-05 15:15:00,223.63,223.87,222.38,222.48,1167589,0,0
2024-09-05 15:30:00,222.46001,222.64999,222.0,222.31,1010189,0,0
2024-09-05 15:45:00,222.34,222.63,221.89,221.97,845554,0,0
2024-09-05 16:00:00,221.98,222.74001,221.95621,222.21001,645827,0,0
2024-09-05 16:15:00,222.215,222.8196,221.98,222.7952,670338,0,0
2024-09-05 16:30:00,222.78999,223.14999,222.625,223.05,586893,0,0
2024-09-05 16:45:00,223.09,223.13499,222.7,222.825,727786,0,0
2024-09-05 17:00:00,222.83501,222.985,222.5,222.855,593335,0,0
2024-09-05 17:15:00,222.855,222.94,222.34,222.39,517299,0,0
2024-09-05 17:30:00,222.39771,223.27,222.37421,223.24001,728390,0,0
2024-09-05 17:45:00,223.24001,223.73,223.23,223.6001,707687,0,0
2024-09-05 18:00:00,223.63,223.75,223.3,223.32001,645145,0,0
2024-09-05 18:15:00,223.3,223.71001,223.17,223.3306,708790,0,0
2024-09-05 18:30:00,223.34,223.8,223.33,223.53,553129,0,0
2024-09-05 18:45:00,223.53,223.89999,223.2805,223.32001,623004,0,0
2024-09-05 19:00:00,223.33,223.3932,223.02,223.03999,507108,0,0
2024-09-05 19:15:00,223.0475,223.065,222.11,222.83,861823,0,0
2024-09-05 19:30:00,222.82001,223.37,222.03,222.2099,946935,0,0
2024-09-05 19:45:00,222.185,222.42999,221.8101,222.39999,2479678,0,0
2024-09-06 13:30:00,224.0,225.02,222.81,224.935,4139399,0,0
2024-09-06 13:45:00,224.92999,225.24001,223.94,224.07001,2731040,0,0
2024-09-06 14:00:00,224.045,224.74001,223.09,223.22,2068670,0,0
2024-09-06 14:15:00,223.25,223.74001,222.38,222.69,1898018,0,0
2024-09-06 14:30:00,222.67,223.02,221.10001,221.15199,1947289,0,0
2024-09-06 14:45:00,221.17999,221.61,220.92999,221.39999,1272311,0,0
2024-09-06 15:00:00,221.41,222.5571,221.27,221.77,1753706,0,0
2024-09-06 15:15:00,221.75999,221.86,220.83,221.25,1179785,0,0
2024-09-06 15:30:00,221.25,222.06779,221.16,221.50999,934648,0,0
2024-09-06 15:45:00,221.2,221.45,220.82001,220.965,1374698,0,0
2024-09-06 16:00:00,220.955,221.35001,220.662,221.11,988784,0,0
2024-09-06 16:15:00,221.082,221.24741,220.67999,220.6857,594474,0,0
2024-09-06 16:30:00,220.7,221.25,220.58,220.84,894803,0,0
2024-09-06 16:45:00,220.84,220.9848,220.46001,220.67999,835897,0,0
2024-09-06 17:00:00,220.67999,221.495,220.61,221.39999,842049,0,0
2024-09-06 17:15:00,221.41,221.64,220.91,220.98,846399,0,0
2024-09-06 17:30:00,220.95,221.09,220.22,220.39,700916,0,0
2024-09-06 17:45:00,220.38,220.67999,220.08,220.265,797780,0,0
2024-09-06 18:00:00,220.30791,220.52,219.81,220.18201,813189,0,0
2024-09-06 18:15:00,220.21001,220.50999,219.77,220.18781,688498,0,0
2024-09-06 18:30:00,220.19,220.33,219.82001,220.3201,865793,0,0
2024-09-06 18:45:00,220.32001,220.67909,219.91,220.53999,852902,0,0
2024-09-06 19:00:00,220.545,221.17,220.45,220.91,1128850,0,0
2024-09-06 19:15:00,220.9101,221.47,220.75999,221.06,1076801,0,0
2024-09-06 19:30:00,221.0625,221.3878,220.7,220.78,1087220,0,0
2024-09-06 19:45:00,220.77,221.55,220.14,220.91,3511201,0,0
2024-09-09 13:30:00,220.89999,221.0,217.82001,218.03999,5998612,0,0
2024-09-09 13:45:00,218.395,219.64999,218.14,219.22,3386236,0,0
2024-09-09 14:00:00,219.22,220.13,219.13,219.89,2076211,0,0
2024-09-09 14:15:00,219.88,219.98,218.74001,218.875,2123899,0,0
2024-09-09 14:30:00,218.88,218.88,217.85001,218.06,2153416,0,0
2024-09-09 14:45:00,218.05,218.34959,217.105,217.2,2005833,0,0
2024-09-09 15:00:00,217.2,218.08,217.05,217.875,1273047,1,0
2024-09-09 15:15:00,217.87,219.00999,217.82001,218.96001,1255185,0,0
2024-09-09 15:30:00,218.98,219.75999,218.92999,219.52,1347070,0,0
2024-09-09 15:45:00,219.53,219.91,219.28999,219.91,856561,0,0
2024-09-09 16:00:00,219.89,220.5,219.75999,219.77631,1276575,0,0
2024-09-09 16:15:00,219.75999,220.2429,219.6483,220.2039,888244,0,0
2024-09-09 16:30:00,220.2126,220.37,219.81,220.19,844358,0,0
2024-09-09 16:45:00,220.18381,220.61,219.94,220.14999,1653001,0,0
2024-09-09 17:00:00,220.16,220.77,219.89999,220.39,1172915,0,0
2024-09-09 17:15:00,220.38,220.92999,220.32001,220.84,1077715,0,0
2024-09-09 17:30:00,220.838,220.85001,219.5,219.53999,2046010,0,0
2024-09-09 17:45:00,219.565,220.36,218.4843,219.1694,3255157,0,0
2024-09-09 18:00:00,219.155,219.155,217.22,217.39,3631554,0,0
2024-09-09 18:15:00,217.37,218.16,217.08,217.17,2555924,0,0
2024-09-09 18:30:00,217.14,217.95,216.72,217.35001,3942192,1,0
2024-09-09 18:45:00,217.37219,218.0,217.35001,217.88,1564759,0,0
2024-09-09 19:00:00,217.86,218.78,217.782,218.4108,2131163,0,0
2024-09-09 19:15:00,218.3981,219.27251,218.26289,219.25999,1631401,0,0
2024-09-09 19:30:00,219.27,220.63,219.27,220.02,3151447,0,0
2024-09-09 19:45:00,220.02499,221.0365,219.75999,220.99001,5055482,0,0
2024-09-10 13:30:00,219.59,219.85001,216.73,217.2999,6133380,0,0
2024-09-10 13:45:00,217.27,217.84,216.84,217.515,2776465,1,0
2024-09-10 14:00:00,217.5,219.27,217.46001,218.39999,2768176,0,0
2024-09-10 14:15:00,218.3537,219.97501,218.09,219.78,2429283,0,0
2024-09-10 14:30:00,219.765,219.92,218.97,219.02,1849698,0,0
2024-09-10 14:45:00,218.94,219.48,218.22,219.1599,1626465,0,0
2024-09-10 15:00:00,219.14,219.78,218.944,219.74001,1093719,0,0
2024-09-10 15:15:00,219.73,220.22,219.53,219.95,1500631,0,0
2024-09-10 15:30:00,219.95,220.41,219.64,219.86,1153130,0,0
2024-09-10 15:45:00,219.84,219.84,218.25999,218.34,1355534,0,0
2024-09-10 16:00:00,218.32001,218.83,218.04041,218.4326,1272233,0,0
2024-09-10 16:15:00,218.44,218.64861,218.23,218.53999,775304,0,0
2024-09-10 16:30:00,218.53011,219.455,218.49001,219.42419,779478,0,0
2024-09-10 16:45:00,219.42999,219.94,219.21001,219.5461,957811,0,0
2024-09-10 17:00:00,219.55499,220.57899,219.53011,220.535,924454,0,0
2024-09-10 17:15:00,220.53,220.64999,220.2,220.27,1024159,0,0
2024-09-10 17:30:00,220.27,220.67999,220.19591,220.63,715048,0,0
2024-09-10 17:45:00,220.64999,220.94009,220.50999,220.81,833680,0,0
2024-09-10 18:00:00,220.81,221.48,220.81,221.10001,1528933,0,0
2024-09-10 18:15:00,221.101,221.28,220.64999,220.81,900373,0,0
2024-09-10 18:30:00,220.83,221.045,220.58,220.785,758641,0,0
2024-09-10 18:45:00,220.78,220.78,220.21001,220.3756,2433530,0,0
2024-09-10 19:00:00,220.37,220.74001,220.22,220.7274,1085965,0,0
2024-09-10 19:15:00,220.72,220.85001,220.42999,220.75,1054259,0,0
2024-09-10 19:30:00,220.745,220.99001,220.64,220.77499,1029848,0,0
2024-09-10 19:45:00,220.78,221.11,219.67999,220.17,3644349,0,0
2024-09-11 13:30:00,221.0,222.75,220.5,220.78999,4876148,0,0
2024-09-11 13:45:00,220.78999,221.10001,220.14999,220.505,1701716,0,0
2024-09-11 14:00:00,220.55,221.00999,219.67999,219.71001,1692185,0,0
2024-09-11 14:15:00,219.72,219.78999,219.14999,219.25,1441711,0,0
2024-09-11 14:30:00,219.24001,219.34,218.39,218.53999,1522956,0,0
2024-09-11 14:45:00,218.5,218.64,217.96899,218.59,1295439,1,0
2024-09-11 15:00:00,218.53999,219.21001,218.03999,219.05,1243341,0,0
2024-09-11 15:15:00,219.06,219.17999,218.53,218.89999,767558,0,0
2024-09-11 15:30:00,218.89999,219.85001,218.67,219.78,907676,0,0
2024-09-11 15:45:00,219.83,220.35001,219.00999,219.67999,1038952,0,0
2024-09-11 16:00:00,219.69991,220.8,219.64999,220.674,1103830,0,0
2024-09-11 16:15:00,220.69,220.95,220.23,220.83521,826993,0,0
2024-09-11 16:30:00,220.86,221.3299,220.62,220.66,719066,0,0
2024-09-11 16:45:00,220.705,221.10001,220.50999,221.0728,536172,0,0
2024-09-11 17:00:00,221.07001,221.85001,221.0,221.40891,932350,0,0
2024-09-11 17:15:00,221.39999,221.42999,220.99001,221.2097,658721,0,0
2024-09-11 17:30:00,221.22,221.37,220.84,221.08,840418,0,0
2024-09-11 17:45:00,221.10001,221.59,220.91991,221.08,944634,0,0
2024-09-11 18:00:00,221.07001,221.39999,220.86,221.19119,791067,0,0
2024-09-11 18:15:00,221.22,221.7,220.89999,221.62,919446,0,0
2024-09-11 18:30:00,221.64999,221.78999,221.14999,221.515,1087656,0,0
2024-09-11 18:45:00,221.52,221.60001,221.23,221.45,763774,0,0
2024-09-11 19:00:00,221.44,221.57001,221.27,221.36501,959779,0,0
2024-09-11 19:15:00,221.36,221.97,221.11,221.97,1474459,0,0
2024-09-11 19:30:00,221.955,222.12,221.67999,222.09,1442335,0,0
2024-09-11 19:45:00,222.06,223.0,221.98,222.86,4089053,0,0
2024-09-12 13:30:00,222.0,222.05,220.75,221.05,3256139,0,0
2024-09-12 13:45:00,221.03,221.14999,219.82001,221.03,2074557,0,0
2024-09-12 14:00:00,221.03999,221.95,220.94,221.935,1542045,0,0
2024-09-12 14:15:00,222.06,222.37939,221.97,222.07001,1323296,0,0
2024-09-12 14:30:00,222.0712,222.37,221.09,221.845,1025058,0,0
2024-09-12 14:45:00,221.99001,222.27,221.53999,221.8,950158,0,0
2024-09-12 15:00:00,221.81,223.0675,221.67999,222.73,1438746,0,0
2024-09-12 15:15:00,222.72,222.7728,221.69,221.89999,954553,0,0
2024-09-12 15:30:00,221.89999,222.53999,221.78,221.98,816322,0,0
2024-09-12 15:45:00,221.97,222.14999,221.77,221.97501,460706,0,0
2024-09-12 16:00:00,221.98,222.2,221.845,221.98,426378,0,0
2024-09-12 16:15:00,221.98,222.0,221.62,221.92999,585802,0,0
2024-09-12 16:30:00,221.95,221.9899,221.71001,221.88,436537,0,0
2024-09-12 16:45:00,221.88,222.5399,221.815,222.5,638524,0,0
2024-09-12 17:00:00,222.49001,222.84,222.42999,222.795,599435,0,0
2024-09-12 17:15:00,222.8,223.05,222.58,222.62,775522,0,0
2024-09-12 17:30:00,222.60001,223.23,222.58,222.8299,853397,0,0
2024-09-12 17:45:00,222.83,223.16,222.82001,223.075,648778,0,0
2024-09-12 18:00:00,223.09,223.17,222.78999,222.81461,747128,0,0
2024-09-12 18:15:00,222.82001,223.17,222.7,223.14011,679623,0,0
2024-09-12 18:30:00,223.14,223.53999,222.89999,223.38,775374,0,0
2024-09-12 18:45:00,223.38,223.53,222.16,223.19,1340050,0,0
2024-09-12 19:00:00,223.17999,223.5,222.99001,223.22,768089,0,0
2024-09-12 19:15:00,223.22,223.30499,222.655,222.94,955999,0,0
2024-09-12 19:30:00,222.92999,223.349,222.82001,223.255,1061185,0,0
2024-09-12 19:45:00,223.25,223.3,222.44,222.87,4175272,0,0
2024-09-13 13:30:00,223.0,223.14,222.28,222.58,4090551,0,0
2024-09-13 13:45:00,222.47,223.14,222.38,222.52,2031790,0,0
2024-09-13 14:00:00,222.5,223.39,222.19,223.0,1826179,0,0
2024-09-13 14:15:00,223.11,223.125,222.36,222.37,1640455,0,0
2024-09-13 14:30:00,222.35001,222.75,221.91,222.71001,1246458,0,0
2024-09-13 14:45:00,222.69321,223.19991,222.67999,223.16,1063432,0,0
2024-09-13 15:00:00,223.17999,223.75,223.14011,223.59109,1383623,0,0
2024-09-13 15:15:00,223.595,223.675,223.23,223.545,799452,0,0
2024-09-13 15:30:00,223.545,223.71001,223.33501,223.48399,692811,0,0
2024-09-13 15:45:00,223.49001,223.849,223.49001,223.81,827924,0,0
2024-09-13 16:00:00,223.8,223.99001,223.245,223.25999,790718,0,0
2024-09-13 16:15:00,223.25999,223.47,223.05499,223.3101,513892,0,0
2024-09-13 16:30:00,223.32001,223.49989,223.24001,223.32001,459885,0,0
2024-09-13 16:45:00,223.32001,223.94501,223.22,223.88,741994,0,0
2024-09-13 17:00:00,223.88,224.03,223.75,223.8,620614,0,0
2024-09-13 17:15:00,223.81,223.96001,223.42,223.5838,504341,0,0
2024-09-13 17:30:00,223.58,223.74001,223.32001,223.69,565223,0,0
2024-09-13 17:45:00,223.67999,223.806,223.56,223.69,530056,0,0
2024-09-13 18:00:00,223.7,224.02,223.09,223.55,899593,0,0
2024-09-13 18:15:00,223.53999,223.58,222.85001,223.0,950721,0,0
2024-09-13 18:30:00,222.995,223.05,222.55,222.66,815142,0,0
2024-09-13 18:45:00,222.6552,222.74001,222.41,222.47009,695389,0,0
2024-09-13 19:00:00,222.465,222.60719,222.33121,222.4258,841091,0,0
2024-09-13 19:15:00,222.4202,222.75,222.38,222.534,799119,0,0
2024-09-13 19:30:00,222.53999,222.8,222.31,222.77,1134132,0,0
2024-09-13 19:45:00,222.75999,222.843,222.33,222.46001,3292135,0,0
2024-09-16 13:30:00,216.47,216.52,213.92,215.19,11842428,0,0
2024-09-16 13:45:00,215.09,216.00999,214.78,215.19501,3902062,0,0
2024-09-16 14:00:00,215.17999,217.2,215.14,217.16499,3319248,0,0
2024-09-16 14:15:00,217.16,217.2,216.22,216.66,2326558,0,0
2024-09-16 14:30:00,216.64011,216.91499,215.64,215.705,2206483,0,0
2024-09-16 14:45:00,215.7101,215.85001,215.02,215.3,2058132,0,0
2024-09-16 15:00:00,215.28999,215.94,214.84,215.75,2229440,0,0
2024-09-16 15:15:00,215.69,216.58,215.56,216.5565,1668031,0,0
2024-09-16 15:30:00,216.55,216.58,215.58,215.58,1384977,0,0
2024-09-16 15:45:00,215.58,216.14999,215.5,215.955,1002040,0,0
2024-09-16 16:00:00,215.97,216.05,215.39999,215.47501,965150,0,0
2024-09-16 16:15:00,215.47501,215.49001,214.91,215.39999,1500354,0,0
2024-09-16 16:30:00,215.39,215.45,214.9201,215.1656,1034177,0,0
2024-09-16 16:45:00,215.16,215.71001,215.12,215.59,968287,0,0
2024-09-16 17:00:00,215.5856,215.85941,215.52,215.72,826400,0,0
2024-09-16 17:15:00,215.74001,215.98,215.60001,215.965,919278,0,0
2024-09-16 17:30:00,215.96001,216.14999,215.75,216.06,1058012,0,0
2024-09-16 17:45:00,216.10001,216.39999,216.08,216.22,890516,0,0
2024-09-16 18:00:00,216.215,216.49001,216.11,216.27,901384,0,0
2024-09-16 18:15:00,216.265,216.52,216.22,216.42999,756978,0,0
2024-09-16 18:30:00,216.425,216.45,216.28101,216.31,834150,0,0
2024-09-16 18:45:00,216.32001,216.4498,215.98,216.39999,1107925,0,0
2024-09-16 19:00:00,216.405,216.4668,216.13,216.1602,1035132,0,0
2024-09-16 19:15:00,216.16,216.28999,215.92,216.22501,1166960,0,0
2024-09-16 19:30:00,216.22501,216.7,216.22,216.52499,1713808,0,0
2024-09-16 19:45:00,216.53,216.60001,216.17999,216.3,3518416,0,0
2024-09-17 13:30:00,215.5,216.28999,214.5,216.075,5697305,1,0
2024-09-17 13:45:00,216.06,216.56,215.55,216.22,2305155,0,0
2024-09-17 14:00:00,216.24001,216.44991,215.72,215.9799,1950603,0,0
2024-09-17 14:15:00,215.95,216.53,215.62,216.42,1584439,0,0
2024-09-17 14:30:00,216.39999,216.7,216.0,216.47,1565584,0,0
2024-09-17 14:45:00,216.6375,216.89999,215.89,216.1299,1575571,0,0
2024-09-17 15:00:00,216.105,216.36,215.96001,216.28999,1042055,0,0
2024-09-17 15:15:00,216.295,216.465,216.03,216.205,903709,0,0
2024-09-17 15:30:00,216.21001,216.42,216.11,216.3799,936334,0,0
2024-09-17 15:45:00,216.36501,216.84,216.36501,216.5901,1214975,0,0
2024-09-17 16:00:00,216.60001,216.63,216.09,216.2701,938481,0,0
2024-09-17 16:15:00,216.27,216.27499,215.50999,215.75999,1473579,0,0
2024-09-17 16:30:00,215.77,216.23,215.5,216.00999,1127322,0,0
2024-09-17 16:45:00,215.9971,216.09,215.23,215.795,1423472,0,0
2024-09-17 17:00:00,215.81,216.11,215.63,215.98,849210,0,0
2024-09-17 17:15:00,215.99001,216.215,215.7802,216.17,1529349,0,0
2024-09-17 17:30:00,216.16,216.39,215.28999,215.38,785382,0,0
2024-09-17 17:45:00,215.36,216.16,215.06,216.1301,969816,0,0
2024-09-17 18:00:00,216.14,216.39,216.06,216.132,712172,0,0
2024-09-17 18:15:00,216.14,216.325,215.89999,216.14999,737226,0,0
2024-09-17 18:30:00,216.14,216.161,215.86,215.946,735282,0,0
2024-09-17 18:45:00,215.94,216.00999,215.3,215.84,879161,0,0
2024-09-17 19:00:00,215.8226,216.246,215.72009,216.235,924293,0,0
2024-09-17 19:15:00,216.23,216.62,216.13,216.61,1389413,0,0
2024-09-17 19:30:00,216.60001,216.74001,216.17,216.425,1427332,0,0
2024-09-17 19:45:00,216.42,216.85001,216.31,216.85001,3306195,0,0
2024-09-18 13:30:00,218.25,219.52991,218.1722,219.07001,5228964,0,0
2024-09-18 13:45:00,219.06,219.39999,218.46001,219.2,2129148,0,0
2024-09-18 14:00:00,219.21001,219.95,218.98,219.91,2147162,0,0
2024-09-18 14:15:00,219.92,220.735,219.215,220.735,2214516,0,0
2024-09-18 14:30:00,220.7301,221.61,220.46001,221.53999,2741042,0,0
2024-09-18 14:45:00,221.535,221.5694,220.86,220.92999,2234051,0,0
2024-09-18 15:00:00,220.935,221.3999,220.72,220.91,1686757,0,0
2024-09-18 15:15:00,220.92,220.94501,220.25101,220.63,1494998,0,0
2024-09-18 15:30:00,220.64,220.655,219.75999,219.84,1493043,0,0
2024-09-18 15:45:00,219.85001,220.0885,219.52,219.6115,1223187,0,0
2024-09-18 16:00:00,219.61,220.38,219.55,220.32001,905726,1,0
2024-09-18 16:15:00,220.32159,220.8699,220.32159,220.81,1108487,0,0
2024-09-18 16:30:00,220.8,221.0,220.25999,220.8,1127869,0,0
2024-09-18 16:45:00,220.795,221.35001,220.73,221.285,1167351,0,0
2024-09-18 17:00:00,221.285,221.34,220.88,221.00999,1052511,0,0
2024-09-18 17:15:00,221.02,221.32001,220.90089,221.2101,1315478,0,0
2024-09-18 17:30:00,221.22,221.52,220.66,220.89,1089150,0,0
2024-09-18 17:45:00,220.89999,220.9687,220.37,220.68159,1005620,0,0
2024-09-18 18:00:00,220.63,222.7,219.92999,221.09,3457613,0,0
2024-09-18 18:15:00,221.17999,222.23,220.97,221.4073,1864726,0,0
2024-09-18 18:30:00,221.4959,221.85001,219.84,220.315,1888482,0,0
2024-09-18 18:45:00,220.25,221.25,220.05,220.05009,1427224,0,0
2024-09-18 19:00:00,220.048,220.5069,218.92999,220.39999,2194495,0,0
2024-09-18 19:15:00,220.35001,221.77,219.45,221.5,1798927,0,0
2024-09-18 19:30:00,221.53999,221.81,220.75,220.8,1909714,0,0
2024-09-18 19:45:00,220.82001,221.05,219.88,220.69,4337992,0,0
2024-09-19 13:30:00,225.0,226.86,224.64,226.81,7010104,0,0
2024-09-19 13:45:00,227.215,227.42,226.69,227.31,4079822,0,0
2024-09-19 14:00:00,227.28999,228.73,227.25,228.71001,3813058,0,0
2024-09-19 14:15:00,228.61,229.60001,228.42999,229.495,3337753,0,0
2024-09-19 14:30:00,229.59,229.74001,228.73,228.96001,2715629,0,1
2024-09-19 14:45:00,228.77,228.89,227.7601,227.9402,2074222,0,0
2024-09-19 15:00:00,227.94,228.42,227.66,228.235,2071145,0,0
2024-09-19 15:15:00,228.22501,228.75,228.0213,228.49001,1985332,0,0
2024-09-19 15:30:00,228.4846,228.75,228.0,228.52,2301804,0,0
2024-09-19 15:45:00,228.49001,228.8699,228.17,228.37,1009771,0,0
2024-09-19 16:00:00,228.37,229.05499,228.28,228.73,1021035,0,0
2024-09-19 16:15:00,228.72501,229.17999,228.56,228.995,1396984,0,0
2024-09-19 16:30:00,228.99001,229.17,228.78999,229.05,1082810,0,0
2024-09-19 16:45:00,229.0401,229.33,229.02,229.17999,986338,0,0
2024-09-19 17:00:00,229.17999,229.25,228.72079,228.97,890157,0,0
2024-09-19 17:15:00,228.97,229.19611,228.87,229.1701,1139050,0,0
2024-09-19 17:30:00,229.1769,229.25999,228.97,229.19501,846092,0,0
2024-09-19 17:45:00,229.1969,229.4557,229.14999,229.38,1257535,0,0
2024-09-19 18:00:00,229.38,229.44,229.07961,229.07961,930249,0,0
2024-09-19 18:15:00,229.084,229.09,228.39999,228.87,1376565,0,0
2024-09-19 18:30:00,228.87,229.07001,228.8,228.98,974084,0,0
2024-09-19 18:45:00,228.98,229.3299,228.7601,229.32001,1024834,0,0
2024-09-19 19:00:00,229.32001,229.4299,229.10001,229.198,1129404,0,0
2024-09-19 19:15:00,229.2,229.49001,228.84,229.46719,1686979,0,0
2024-09-19 19:30:00,229.46001,229.59,229.08501,229.16499,1787714,0,0
2024-09-19 19:45:00,229.155,229.48,228.28999,228.82001,5589017,0,0
2024-09-20 13:30:00,230.13,231.16,229.3011,229.655,17685487,0,0
2024-09-20 13:45:00,229.75011,230.39,229.50999,230.0,4978218,0,0
2024-09-20 14:00:00,230.0,230.3573,229.61,229.81,2304026,0,0
2024-09-20 14:15:00,229.81,230.07001,229.37,230.0345,4016802,0,0
2024-09-20 14:30:00,230.03,230.58,229.58,230.504,2400390,0,0
2024-09-20 14:45:00,230.47,230.55,229.89999,230.30499,1948842,0,0
2024-09-20 15:00:00,230.30499,230.485,229.62,229.64,1781247,0,0
2024-09-20 15:15:00,229.642,230.21001,229.2,229.77,9233871,0,0
2024-09-20 15:30:00,229.75999,230.7,229.74001,230.625,2666714,0,0
2024-09-20 15:45:00,230.63,230.94991,230.39999,230.81,1866619,0,0
2024-09-20 16:00:00,230.8,231.48,230.75,231.34399,1930098,0,0
2024-09-20 16:15:00,231.34399,231.74001,231.1501,231.73,1451288,0,0
2024-09-20 16:30:00,231.72,231.75,231.33009,231.53,1452643,0,0
2024-09-20 16:45:00,231.53,231.92,231.46001,231.845,1520476,0,0
2024-09-20 17:00:00,231.845,231.89999,231.35001,231.67101,1636955,0,1
2024-09-20 17:15:00,231.6851,231.72,230.61,230.75,1875809,0,0
2024-09-20 17:30:00,230.74001,231.25999,230.6539,230.66499,1638200,0,0
2024-09-20 17:45:00,230.64999,230.98,230.61,230.66499,1803219,0,0
2024-09-20 18:00:00,230.66499,230.78,229.60001,230.08,2574185,0,0
2024-09-20 18:15:00,230.08051,230.2,229.60001,229.77721,1854876,0,0
2024-09-20 18:30:00,229.77,230.28,229.5,229.961,2348517,1,0
2024-09-20 18:45:00,229.966,231.61,229.94,231.48,3044056,0,0
2024-09-20 19:00:00,231.478,231.61,231.2,231.44501,2500102,0,0
2024-09-20 19:15:00,231.44501,232.0,231.39999,231.97501,2654287,0,0
2024-09-20 19:30:00,231.97501,233.09,231.8112,232.91,5287864,0,0
2024-09-20 19:45:00,232.89999,232.92,227.62,228.53,20254248,0,0
2024-09-23 13:30:00,227.34,227.84,225.86,227.30499,7058100,0,0
2024-09-23 13:45:00,227.28999,227.8,226.89,226.935,2191568,0,0
2024-09-23 14:00:00,226.935,227.2393,226.28999,226.5,2050563,0,0
2024-09-23 14:15:00,226.52,228.07001,226.465,228.00999,2071626,0,0
2024-09-23 14:30:00,228.00999,228.39,227.63,228.30949,1631895,0,0
2024-09-23 14:45:00,228.31,229.45,228.23,228.705,2823898,0,0
2024-09-23 15:00:00,228.7001,228.88,228.56,228.67,1156746,0,0
2024-09-23 15:15:00,228.66,228.8,228.25999,228.6534,915361,0,0
2024-09-23 15:30:00,228.66,228.89999,228.28,228.28,811045,0,0
2024-09-23 15:45:00,228.28,228.48,228.10001,228.34,750634,0,0
2024-09-23 16:00:00,228.3389,228.3389,227.35001,227.5127,943784,0,0
2024-09-23 16:15:00,227.515,227.52,226.92999,226.94,1070305,0,0
2024-09-23 16:30:00,226.94,227.41,226.75,226.89,793623,0,0
2024-09-23 16:45:00,226.89,227.0499,226.67999,226.7605,768763,0,0
2024-09-23 17:00:00,226.77,227.13989,226.63,226.86,990936,0,0
2024-09-23 17:15:00,226.86,227.05,226.6201,226.74001,675306,0,0
2024-09-23 17:30:00,226.74899,226.98,226.50999,226.56,790517,0,0
2024-09-23 17:45:00,226.56,227.14,226.55,227.10001,798777,0,0
2024-09-23 18:00:00,227.08,227.17999,226.75,226.76801,638476,0,0
2024-09-23 18:15:00,226.75,226.89999,226.61,226.67999,693722,0,0
2024-09-23 18:30:00,226.69,226.75999,226.52,226.6113,533397,0,0
2024-09-23 18:45:00,226.62,226.7572,226.485,226.67999,663740,0,0
2024-09-23 19:00:00,226.67999,226.705,225.89999,226.00999,1181021,0,0
2024-09-23 19:15:00,226.00999,226.38989,226.0,226.28999,1247455,0,0
2024-09-23 19:30:00,226.28,226.7,225.8744,225.99001,1627123,0,0
2024-09-23 19:45:00,225.99001,226.64,225.81,226.45,2770330,0,0
2024-09-24 13:30:00,228.645,229.35001,227.27,227.33,3366926,0,1
2024-09-24 13:45:00,227.33,227.94,227.17,227.41,1327240,0,0
2024-09-24 14:00:00,227.41,227.42999,226.42999,226.48,1800788,0,0
2024-09-24 14:15:00,226.48,226.83,226.05,226.07001,1091115,0,0
2024-09-24 14:30:00,226.07001,226.35001,225.74001,225.995,1424904,0,0
2024-09-24 14:45:00,225.98,227.3,225.955,227.185,1215826,1,0
2024-09-24 15:00:00,227.1857,227.48,227.14,227.37,935844,0,0
2024-09-24 15:15:00,227.38,227.4704,226.92999,227.0121,579336,0,0
2024-09-24 15:30:00,227.02,227.12,226.7,226.85629,586651,0,0
2024-09-24 15:45:00,226.83,227.61501,226.81,227.45,750622,0,0
2024-09-24 16:00:00,227.465,227.7394,227.46001,227.72,523591,0,0
2024-09-24 16:15:00,227.71001,227.71001,227.44,227.55,1023709,0,0
2024-09-24 16:30:00,227.53999,227.75999,227.33,227.43719,538223,0,0
2024-09-24 16:45:00,227.44501,227.55,226.97,227.0,517518,0,0
2024-09-24 17:00:00,227.0195,227.1899,226.81,227.08,551428,0,0
2024-09-24 17:15:00,227.08501,227.2999,227.02,227.24001,542010,0,0
2024-09-24 17:30:00,227.2422,227.48,227.14999,227.298,477638,0,0
2024-09-24 17:45:00,227.3,227.42999,227.19,227.28999,481088,0,0
2024-09-24 18:00:00,227.32001,227.39,226.89999,227.145,464759,0,0
2024-09-24 18:15:00,227.1499,227.15981,226.81,226.8791,531854,0,0
2024-09-24 18:30:00,226.87,227.05881,226.53999,226.92999,542008,0,0
2024-09-24 18:45:00,226.92999,226.985,226.71001,226.87,460820,0,0
2024-09-24 19:00:00,226.86,226.99989,226.84,226.895,454114,0,0
2024-09-24 19:15:00,226.89,227.09,226.86501,227.026,542614,0,0
2024-09-24 19:30:00,227.03999,227.25,227.00999,227.06,1275637,0,0
2024-09-24 19:45:00,227.0899,227.5,226.37,227.36,3381322,0,0
2024-09-25 13:30:00,225.25,226.05,224.61,225.57001,4192989,1,0
2024-09-25 13:45:00,225.59,226.97,225.55,226.89,1682408,0,0
2024-09-25 14:00:00,226.895,227.28999,226.61,227.13,1272944,0,0
2024-09-25 14:15:00,227.11,227.21001,226.13,226.38499,1325796,0,0
2024-09-25 14:30:00,226.27,226.60001,226.2,226.39999,1300796,0,0
2024-09-25 14:45:00,226.53999,226.7999,226.33099,226.371,892903,0,0
2024-09-25 15:00:00,226.3799,226.64999,226.02,226.1111,748661,0,0
2024-09-25 15:15:00,226.11,226.13,225.38,225.45,1163370,0,0
2024-09-25 15:30:00,225.39999,225.882,225.32001,225.76401,924649,0,0
2024-09-25 15:45:00,225.7699,225.7699,225.32001,225.50999,713211,0,0
2024-09-25 16:00:00,225.53,225.61501,225.39,225.50011,524490,0,0
2024-09-25 16:15:00,225.52,225.9899,225.45889,225.8701,611179,0,0
2024-09-25 16:30:00,225.86,226.02,225.64999,225.69501,474827,0,0
2024-09-25 16:45:00,225.69,225.88,225.53999,225.7999,974570,0,0
2024-09-25 17:00:00,225.8,225.8817,225.271,225.42,761205,0,0
2024-09-25 17:15:00,225.42,225.63,225.27,225.36,565477,0,0
2024-09-25 17:30:00,225.35001,225.45,225.03,225.11,649314,0,0
2024-09-25 17:45:00,225.09,225.1899,224.82001,224.96001,1129039,0,0
2024-09-25 18:00:00,224.97,225.09,224.09,224.14999,1600543,0,0
2024-09-25 18:15:00,224.1501,224.89999,224.03,224.89999,1172185,0,0
2024-09-25 18:30:00,224.89,225.0,224.765,224.965,718136,0,0
2024-09-25 18:45:00,224.965,225.10001,224.925,224.9355,669585,0,0
2024-09-25 19:00:00,224.92999,225.13,224.91,225.075,664827,0,0
2024-09-25 19:15:00,225.08,225.32001,224.99001,225.2599,697556,0,0
2024-09-25 19:30:00,225.25,225.50999,225.19,225.325,1061472,0,0
2024-09-25 19:45:00,225.34,226.44,225.33,226.31,2991332,0,0
2024-09-26 13:30:00,227.0,227.0997,225.91,225.95,3863369,0,0
2024-09-26 13:45:00,226.0,226.67999,225.89,226.52,1770473,0,0
2024-09-26 14:00:00,226.50999,226.95,226.05,226.64,1322660,0,0
2024-09-26 14:15:00,226.63,227.07001,226.4633,226.89999,909151,0,0
2024-09-26 14:30:00,226.91,228.07001,226.53,228.00661,1863971,0,0
2024-09-26 14:45:00,228.03,228.5,227.1501,227.16,1736557,0,0
2024-09-26 15:00:00,227.19,227.94,227.03,227.14999,1105723,0,0
2024-09-26 15:15:00,227.145,227.3999,226.8501,227.38969,944134,0,0
2024-09-26 15:30:00,227.38651,227.44,226.67999,227.39,1354960,0,0
2024-09-26 15:45:00,227.38,227.82001,227.14999,227.7,701211,0,0
2024-09-26 16:00:00,227.69,227.7,227.08701,227.12,488073,0,0
2024-09-26 16:15:00,227.14999,227.4285,227.01401,227.31,448134,0,0
2024-09-26 16:30:00,227.315,227.37,226.998,227.32001,348022,0,0
2024-09-26 16:45:00,227.325,227.39999,227.10001,227.2567,400742,0,0
2024-09-26 17:00:00,227.24001,227.28999,226.92999,226.95,482387,0,0
2024-09-26 17:15:00,226.9606,227.19991,226.67,227.155,588216,0,0
2024-09-26 17:30:00,227.155,227.48,227.14999,227.45,612067,0,0
2024-09-26 17:45:00,227.44,227.49001,227.05499,227.13499,559291,0,0
2024-09-26 18:00:00,227.14999,227.37,226.97099,227.3201,535416,0,0
2024-09-26 18:15:00,227.34,227.71001,227.33,227.705,563592,0,0
2024-09-26 18:30:00,227.71001,227.84,227.60001,227.6364,481519,0,0
2024-09-26 18:45:00,227.6201,227.8414,227.53,227.765,697173,0,0
2024-09-26 19:00:00,227.78,227.86501,227.61,227.8,565301,0,0
2024-09-26 19:15:00,227.78999,227.78999,227.46201,227.575,643950,0,0
2024-09-26 19:30:00,227.58,227.78999,227.33,227.37,833915,0,0
2024-09-26 19:45:00,227.37,227.74001,226.99001,227.62,3100534,0,0
2024-09-27 13:30:00,229.0,229.2999,227.99001,228.05991,3030651,0,0
2024-09-27 13:45:00,228.06,229.2,228.06,228.8,1452998,0,0
2024-09-27 14:00:00,228.81,229.52,228.78,229.03999,1592896,0,0
2024-09-27 14:15:00,229.03999,229.2699,228.84,228.965,998486,0,0
2024-09-27 14:30:00,228.965,229.00999,228.5,228.57201,1018856,0,0
2024-09-27 14:45:00,228.5731,229.07001,228.56,228.64,790271,0,0
2024-09-27 15:00:00,228.64,228.64,227.9373,228.16299,1058020,0,0
2024-09-27 15:15:00,228.16,228.24001,227.84,228.13,1204277,0,0
2024-09-27 15:30:00,228.12,228.25,227.67,228.11,646609,0,0
2024-09-27 15:45:00,228.13,228.17,227.3,227.50999,1476680,0,0
2024-09-27 16:00:00,227.50999,227.95,227.44,227.69,589144,0,0
2024-09-27 16:15:00,227.7001,228.25,227.6431,228.14999,626925,0,0
2024-09-27 16:30:00,228.14,228.34,228.052,228.30991,415492,0,0
2024-09-27 16:45:00,228.28999,228.32829,228.02,228.32001,444536,0,0
2024-09-27 17:00:00,228.34,228.62,228.0183,228.05,613998,0,0
2024-09-27 17:15:00,228.065,228.16,227.92,227.995,440183,0,0
2024-09-27 17:30:00,227.99001,228.1487,227.81,228.05499,426746,0,0
2024-09-27 17:45:00,228.07001,228.38409,227.88,228.36501,435451,0,0
2024-09-27 18:00:00,228.36,228.52,227.89999,227.9521,587054,0,0
2024-09-27 18:15:00,227.95,228.14,227.83,227.895,559445,0,0
2024-09-27 18:30:00,227.89999,227.9314,227.53,227.8,621164,0,0
2024-09-27 18:45:00,227.78999,228.19,227.78999,228.1066,464024,0,0
2024-09-27 19:00:00,228.11,228.12,227.86,227.935,495354,0,0
2024-09-27 19:15:00,227.92999,228.13,227.66409,227.81,584614,0,0
2024-09-27 19:30:00,227.82001,227.88,227.55,227.69,700912,0,0
2024-09-27 19:45:00,227.69,228.0,227.55,227.82001,3002242,0,0
2024-09-30 13:30:00,231.0,232.3412,230.94,231.53999,7113322,0,0
2024-09-30 13:45:00,231.55499,231.89999,230.72,230.925,1796420,0,0
2024-09-30 14:00:00,230.925,231.33,230.53999,230.632,1368732,0,0
2024-09-30 14:15:00,230.64,231.0,230.31,230.98,1509043,0,0
2024-09-30 14:30:00,230.97,231.5,230.75,231.0901,1217204,0,0
2024-09-30 14:45:00,231.12,231.75999,231.1001,231.61,1028551,0,0
2024-09-30 15:00:00,231.545,231.91,231.38,231.78999,1132697,0,0
2024-09-30 15:15:00,231.795,232.0499,231.52,231.89999,1210930,0,0
2024-09-30 15:30:00,232.02,232.1799,231.83,232.05,1105086,0,0
2024-09-30 15:45:00,232.05,232.42999,231.94,232.25,974518,0,0
2024-09-30 16:00:00,232.25,232.52,232.14,232.33,1079754,0,0
2024-09-30 16:15:00,232.35001,232.5383,232.08,232.12,788579,0,0
2024-09-30 16:30:00,232.12,232.1931,231.82001,232.11,679135,0,0
2024-09-30 16:45:00,232.10001,232.2,231.74001,231.7878,540999,0,0
2024-09-30 17:00:00,231.78,232.0399,231.39,231.455,734586,0,0
2024-09-30 17:15:00,231.455,231.96001,231.31,231.645,546046,0,0
2024-09-30 17:30:00,231.64999,231.81,231.3203,231.5,602573,0,0
2024-09-30 17:45:00,231.5,232.0,231.42999,231.84,667026,0,0
2024-09-30 18:00:00,231.825,231.88989,231.44321,231.50999,622335,0,0
2024-09-30 18:15:00,231.5,231.5556,230.55,231.00999,1213420,0,0
2024-09-30 18:30:00,231.0,231.81,230.7764,231.80009,920481,0,0
2024-09-30 18:45:00,231.82001,231.91,231.57001,231.7516,666451,0,0
2024-09-30 19:00:00,231.72501,231.83,231.32001,231.41499,917312,0,0
2024-09-30 19:15:00,231.41499,231.4799,231.03999,231.22,881586,0,0
2024-09-30 19:30:00,231.205,231.42999,231.11,231.39,1132873,0,0
2024-09-30 19:45:00,231.39,233.0,231.3201,233.0,7945125,0,0
2024-10-01 13:30:00,228.5,228.77,226.31,226.59,9345296,0,0
2024-10-01 13:45:00,226.81,226.909,225.62,226.125,3862818,0,0
2024-10-01 14:00:00,226.11481,226.28999,225.17,225.37,3142536,0,0
2024-10-01 14:15:00,225.37,225.37,224.66,224.96001,2436844,0,0
2024-10-01 14:30:00,224.7,225.47,224.53999,225.21001,1946146,1,0
2024-10-01 14:45:00,225.235,225.38,224.86,225.32001,1386229,0,0
2024-10-01 15:00:00,225.14079,225.14079,224.52,224.78999,1492250,0,0
2024-10-01 15:15:00,224.785,225.5,224.6814,225.47501,2419257,0,0
2024-10-01 15:30:00,225.47,225.94,225.05,225.69009,1411769,0,0
2024-10-01 15:45:00,225.69,225.77,225.21001,225.22,1007891,0,0
2024-10-01 16:00:00,225.21001,225.82001,225.075,225.28999,973271,0,0
2024-10-01 16:15:00,225.31,225.6514,225.205,225.313,1843331,0,0
2024-10-01 16:30:00,225.3,225.395,224.42999,224.519,1270330,0,0
2024-10-01 16:45:00,224.53951,225.0,224.26781,224.75,1106685,0,0
2024-10-01 17:00:00,224.75999,224.77,224.21001,224.23,901762,0,0
2024-10-01 17:15:00,224.235,224.24001,223.74001,223.92999,1350280,0,0
2024-10-01 17:30:00,223.92999,224.64,223.84,224.5401,1165026,1,0
2024-10-01 17:45:00,224.55,225.16,224.36,225.13,1071285,0,0
2024-10-01 18:00:00,225.12,225.5799,225.06261,225.45,1041431,0,0
2024-10-01 18:15:00,225.42,225.64,225.17999,225.46001,838205,0,0
2024-10-01 18:30:00,225.44,225.735,225.246,225.465,957129,0,0
2024-10-01 18:45:00,225.4601,225.63,225.33,225.604,862104,0,0
2024-10-01 19:00:00,225.60001,225.92,225.515,225.8401,884193,0,0
2024-10-01 19:15:00,225.845,226.1884,225.75,226.1501,1498949,0,0
2024-10-01 19:30:00,226.14999,226.34,225.92999,226.175,1707645,0,0
2024-10-01 19:45:00,226.17999,226.31,225.8757,226.25999,3336461,0,0
2024-10-02 13:30:00,225.89,226.11,223.63,223.6501,4018327,0,0
2024-10-02 13:45:00,223.64999,224.62,223.21001,223.36,2401305,0,0
2024-10-02 14:00:00,223.375,224.69,223.03,224.57001,1787177,0,0
2024-10-02 14:15:00,224.56,225.42,224.5,225.42,1178367,0,0
2024-10-02 14:30:00,225.39999,226.17,225.27,225.914,1283345,0,0
2024-10-02 14:45:00,225.88989,226.39,225.67,226.08,1405165,0,0
2024-10-02 15:00:00,226.08501,226.35001,225.91,226.13,911277,0,0
2024-10-02 15:15:00,226.29,226.60001,226.0,226.205,989893,0,0
2024-10-02 15:30:00,226.22,227.05,226.16499,227.03999,1539071,0,0
2024-10-02 15:45:00,227.03999,227.03999,226.55499,226.84,736793,0,0
2024-10-02 16:00:00,226.85001,226.94,226.64999,226.82001,555028,0,0
2024-10-02 16:15:00,226.83,227.0,226.66,226.952,1123820,0,0
2024-10-02 16:30:00,226.95,226.95,226.67,226.81,553892,0,0
2024-10-02 16:45:00,226.815,227.03,226.62,226.63499,569707,0,0
2024-10-02 17:00:00,226.63,227.0394,226.59,226.94,601024,0,0
2024-10-02 17:15:00,226.89,226.98,226.66,226.9599,448405,0,0
2024-10-02 17:30:00,226.94,227.02,226.35001,226.69,733249,0,0
2024-10-02 17:45:00,226.67999,227.14,226.67,227.116,553934,0,0
2024-10-02 18:00:00,227.11,227.17999,227.0166,227.07401,542418,0,0
2024-10-02 18:15:00,227.075,227.13989,226.46001,226.82001,588734,0,0
2024-10-02 18:30:00,226.8,226.92,226.64999,226.83,419597,0,0
2024-10-02 18:45:00,226.83,226.97,226.77,226.89999,476022,0,0
2024-10-02 19:00:00,226.89999,227.13,226.86,227.105,561121,0,0
2024-10-02 19:15:00,227.105,227.33,227.035,227.24001,648616,0,0
2024-10-02 19:30:00,227.22501,227.33,227.07001,227.252,763147,0,0
2024-10-02 19:45:00,227.25,227.37,226.69009,226.81,2030836,0,0
2024-10-03 13:30:00,225.24001,226.49001,224.89,225.98,2382413,0,0
2024-10-03 13:45:00,225.98,226.7,225.5701,226.30499,1273449,0,0
2024-10-03 14:00:00,226.31,226.8,225.2101,225.67999,1314586,0,0
2024-10-03 14:15:00,225.705,225.88499,224.72,224.83501,1250233,0,0
2024-10-03 14:30:00,224.81,225.53,224.53,224.64999,1200654,0,0
2024-10-03 14:45:00,224.64799,225.27,224.265,224.32001,1269183,0,0
2024-10-03 15:00:00,224.3663,224.71,224.30161,224.655,825685,0,0
2024-10-03 15:15:00,224.67,225.005,224.52071,224.87421,856107,0,0
2024-10-03 15:30:00,224.8884,225.2262,224.83,225.13,797905,0,0
2024-10-03 15:45:00,225.17999,225.25,225.00999,225.13499,599964,0,0
2024-10-03 16:00:00,225.1472,225.37,225.00999,225.25999,1448246,0,0
2024-10-03 16:15:00,225.2601,225.27,224.9631,225.0712,433940,0,0
2024-10-03 16:30:00,225.09,225.0963,224.226,224.48,766799,0,0
2024-10-03 16:45:00,224.44,224.45,223.64,223.82001,1045066,0,0
2024-10-03 17:00:00,223.78999,223.98,223.3239,223.75,848860,0,0
2024-10-03 17:15:00,223.7177,224.28,223.60001,223.83501,831475,0,0
2024-10-03 17:30:00,223.84,224.32001,223.795,224.17,514288,0,0
2024-10-03 17:45:00,224.17999,224.34,224.0,224.3,426628,0,0
2024-10-03 18:00:00,224.3,224.4099,224.0,224.05,462292,0,0
2024-10-03 18:15:00,224.07001,224.14999,223.7001,223.8401,508097,0,0
2024-10-03 18:30:00,223.83501,224.03999,223.7601,223.85989,436830,0,0
2024-10-03 18:45:00,223.8499,223.96001,223.6102,223.63,535272,0,0
2024-10-03 19:00:00,223.61,223.715,223.50011,223.60989,670734,0,0
2024-10-03 19:15:00,223.6066,223.89,223.53999,223.7,737827,0,0
2024-10-03 19:30:00,223.71001,224.09,223.66,224.08,1027694,0,0
2024-10-03 19:45:00,224.0769,225.84,223.995,225.67,4682045,0,0
2024-10-04 13:30:00,227.89,228.0,225.60001,225.97,3534157,0,1
2024-10-04 13:45:00,225.9601,226.255,225.06,225.1899,1791437,0,0
2024-10-04 14:00:00,225.14,225.63,224.60001,224.88499,1586568,0,0
2024-10-04 14:15:00,224.88,225.33,224.38,224.5105,1426311,0,0
2024-10-04 14:30:00,224.49001,225.345,224.14,225.28,1372586,0,0
2024-10-04 14:45:00,225.28,225.53999,224.8212,225.1088,1047768,0,0
2024-10-04 15:00:00,225.10001,225.33501,224.66,224.66,799400,0,0
2024-10-04 15:15:00,224.64999,225.00999,224.32001,224.56,952146,0,0
2024-10-04 15:30:00,224.53,225.03999,224.325,224.87,721093,0,0
2024-10-04 15:45:00,224.85001,225.52609,224.62,225.47,715104,0,0
2024-10-04 16:00:00,225.55,225.57001,224.8,224.86,1261296,0,0
2024-10-04 16:15:00,224.85001,225.03,224.69501,224.95,432185,0,0
2024-10-04 16:30:00,224.95711,225.48,224.8676,225.39,647606,0,0
2024-10-04 16:45:00,225.36501,225.47,224.94,225.14,528021,0,0
2024-10-04 17:00:00,225.14999,225.3,225.03,225.26401,348500,0,0
2024-10-04 17:15:00,225.2515,225.4099,225.1001,225.1001,454738,0,0
2024-10-04 17:30:00,225.12,225.34,224.55,225.33,734461,0,0
2024-10-04 17:45:00,225.31,225.35001,224.82581,224.88,537012,0,0
2024-10-04 18:00:00,224.89,225.0,224.7,224.81,570005,0,0
2024-10-04 18:15:00,224.785,225.19,224.64,225.09,589473,0,0
2024-10-04 18:30:00,225.09,225.28999,225.03999,225.23,562796,0,0
2024-10-04 18:45:00,225.24001,225.53999,225.22,225.53,754275,0,0
2024-10-04 19:00:00,225.53,225.5892,225.28999,225.36099,726967,0,0
2024-10-04 19:15:00,225.36,226.19,225.32001,226.0901,1084905,0,0
2024-10-04 19:30:00,226.095,226.36,225.92999,226.36,1133539,0,0
2024-10-04 19:45:00,226.31,226.98,226.06,226.78,3658369,0,0
2024-10-07 13:30:00,224.46001,225.10001,224.05499,224.84,3828239,1,0
2024-10-07 13:45:00,224.86501,225.41,224.73,225.09,1274983,0,0
2024-10-07 14:00:00,225.03,225.53999,224.42,225.08,1793606,0,0
2024-10-07 14:15:00,225.10001,225.53,224.94,225.32001,950115,0,0
2024-10-07 14:30:00,225.315,225.69,225.17,225.41,762106,0,0
2024-10-07 14:45:00,225.41991,225.5255,225.03999,225.3,776243,0,0
2024-10-07 15:00:00,225.31,225.31,224.48,224.92,1055589,0,0
2024-10-07 15:15:00,224.92,225.1499,224.8,225.0601,561459,0,0
2024-10-07 15:30:00,225.08,225.28,224.755,224.8399,653182,0,0
2024-10-07 15:45:00,224.8241,224.97,224.71001,224.89,599266,0,0
2024-10-07 16:00:00,224.88,224.92999,224.07001,224.57001,943283,0,0
2024-10-07 16:15:00,224.5701,224.81,224.24001,224.25999,538980,0,0
2024-10-07 16:30:00,224.25,224.39999,224.06,224.16,535572,0,0
2024-10-07 16:45:00,224.16,224.17799,223.892,223.9575,729891,0,0
2024-10-07 17:00:00,223.96001,224.57001,223.9536,224.28,615026,0,0
2024-10-07 17:15:00,224.32001,224.41341,223.81,223.81,591352,0,0
2024-10-07 17:30:00,223.78011,224.06,223.71001,223.7701,524964,0,0
2024-10-07 17:45:00,223.77,223.87,223.39999,223.8598,785632,0,0
2024-10-07 18:00:00,223.87,223.92999,223.55,223.685,504181,0,0
2024-10-07 18:15:00,223.67999,223.985,223.64,223.74989,562817,0,0
2024-10-07 18:30:00,223.73,223.73,222.75999,223.065,1407964,0,0
2024-10-07 18:45:00,223.08,223.146,222.23,222.33,1365897,0,0
2024-10-07 19:00:00,222.32001,222.78081,222.23,222.58,885204,0,0
2024-10-07 19:15:00,222.58,222.785,222.4348,222.565,836658,0,0
2024-10-07 19:30:00,222.564,222.63,222.16,222.23,1220458,0,0
2024-10-07 19:45:00,222.215,222.57001,221.33501,221.72,3475049,0,0
2024-10-08 13:30:00,224.31,224.53999,223.25,224.20599,4368880,0,0
2024-10-08 13:45:00,224.21001,225.17,223.7401,225.07001,1738558,0,0
2024-10-08 14:00:00,225.08,225.88,224.62,224.69,1784632,0,0
2024-10-08 14:15:00,224.69,225.10001,224.53999,224.89999,1077206,0,0
2024-10-08 14:30:00,224.8976,225.75999,224.808,225.61,1244061,0,0
2024-10-08 14:45:00,225.59,225.96001,224.91,225.03999,1212612,0,0
2024-10-08 15:00:00,225.045,225.23,224.7,224.89,677317,0,0
2024-10-08 15:15:00,224.8924,225.35001,224.66,225.33,668548,0,0
2024-10-08 15:30:00,225.33929,225.47,225.07001,225.405,625574,0,0
2024-10-08 15:45:00,225.405,225.60001,225.215,225.3452,582194,0,0
2024-10-08 16:00:00,225.34,225.35001,224.82001,225.03999,579419,0,0
2024-10-08 16:15:00,225.045,225.2263,224.74001,224.82001,391314,0,0
2024-10-08 16:30:00,224.83,225.0,224.71001,224.71091,350256,0,0
2024-10-08 16:45:00,224.7188,224.8255,224.57001,224.6973,369683,0,0
2024-10-08 17:00:00,224.692,224.75,224.2224,224.7,757585,0,0
2024-10-08 17:15:00,224.69,224.8,224.4216,224.74001,494377,0,0
2024-10-08 17:30:00,224.74001,224.98,224.709,224.75011,402474,0,0
2024-10-08 17:45:00,224.77,224.99001,224.66,224.96111,347988,0,0
2024-10-08 18:00:00,224.97,225.112,224.87,224.97501,463295,0,0
2024-10-08 18:15:00,224.97501,225.11501,224.9203,224.9297,347080,0,0
2024-10-08 18:30:00,224.92,225.3,224.78,224.97141,586987,0,0
2024-10-08 18:45:00,224.97501,225.42999,224.94,225.34,516513,0,0
2024-10-08 19:00:00,225.32001,225.59,225.14999,225.3,642026,0,0
2024-10-08 19:15:00,225.3,225.42,225.10001,225.27,847023,0,0
2024-10-08 19:30:00,225.27,225.58,225.235,225.4001,1181735,0,0
2024-10-08 19:45:00,225.39999,225.97501,225.38499,225.78,2612917,0,0
2024-10-09 13:30:00,225.5,226.39,224.83,225.7471,2639869,0,0
2024-10-09 13:45:00,225.73,226.485,225.7,226.14999,1108614,0,0
2024-10-09 14:00:00,226.14999,226.58,225.83,226.06,1245531,0,0
2024-10-09 14:15:00,226.062,227.17,225.83,227.10001,1796629,0,0
2024-10-09 14:30:00,227.10001,227.67999,226.97,227.56219,1261158,0,0
2024-10-09 14:45:00,227.58,227.8,227.2001,227.64999,1145968,0,0
2024-10-09 15:00:00,227.66,228.2243,227.64,228.17,1351385,0,0
2024-10-09 15:15:00,228.17,228.28999,227.82001,228.19,842521,0,0
2024-10-09 15:30:00,228.21001,228.55991,228.10001,228.4599,1048921,0,0
2024-10-09 15:45:00,228.45621,228.63,228.325,228.4245,747079,0,0
2024-10-09 16:00:00,228.42,228.505,228.082,228.32001,648507,0,0
2024-10-09 16:15:00,228.32001,228.71001,228.19,228.71001,620026,0,0
2024-10-09 16:30:00,228.72,229.0399,228.66,228.85001,884702,0,0
2024-10-09 16:45:00,228.85001,228.9899,228.52,228.64999,577491,0,0
2024-10-09 17:00:00,228.64,228.82001,228.57001,228.7859,434145,0,0
2024-10-09 17:15:00,228.78999,228.99001,228.75,228.86,421096,0,0
2024-10-09 17:30:00,228.84,229.0,228.64,228.6701,511702,0,0
2024-10-09 17:45:00,228.67,228.7299,228.03,228.5032,637897,0,0
2024-10-09 18:00:00,228.50999,228.78,228.41,228.7299,438863,0,0
2024-10-09 18:15:00,228.715,229.67,228.645,229.63,1116590,0,0
2024-10-09 18:30:00,229.62,229.6299,229.17,229.50999,843761,0,0
2024-10-09 18:45:00,229.52,229.59,229.00999,229.3,842254,0,0
2024-10-09 19:00:00,229.31,229.31,228.8,228.9245,892398,0,0
2024-10-09 19:15:00,228.9201,229.32001,228.92,229.0742,782755,0,0
2024-10-09 19:30:00,229.07001,229.67,229.06,229.465,903096,0,0
2024-10-09 19:45:00,229.46001,229.75,229.45,229.50999,2335559,0,0
2024-10-10 13:30:00,227.78,228.39,227.48,227.75,2825588,0,0
2024-10-10 13:45:00,227.74451,228.8298,227.17,228.44,1841340,0,0
2024-10-10 14:00:00,228.44,228.57001,227.82001,227.94,914791,0,0
2024-10-10 14:15:00,227.936,228.2699,227.66071,228.25549,809606,0,0
2024-10-10 14:30:00,228.2364,228.3399,227.63,228.14999,775369,0,0
2024-10-10 14:45:00,228.16499,228.29939,227.67,227.83,930469,0,0
2024-10-10 15:00:00,227.85001,228.16,227.69,228.14,878746,0,0
2024-10-10 15:15:00,228.17799,228.396,228.03999,228.28999,566009,0,0
2024-10-10 15:30:00,228.28999,228.44,228.14,228.36,503341,0,0
2024-10-10 15:45:00,228.36,228.66,228.1701,228.655,499156,0,0
2024-10-10 16:00:00,228.66,228.99001,228.636,228.8401,590380,0,0
2024-10-10 16:15:00,228.845,229.23,228.62,228.71001,641420,0,0
2024-10-10 16:30:00,228.72501,228.73911,228.25,228.35001,606453,0,0
2024-10-10 16:45:00,228.34,228.52,228.1203,228.44,403923,0,0
2024-10-10 17:00:00,228.44,228.67999,228.19,228.34,468731,0,0
2024-10-10 17:15:00,228.345,228.64999,228.285,228.5,378809,0,0
2024-10-10 17:30:00,228.49001,228.8,228.47,228.8,411887,0,0
2024-10-10 17:45:00,228.79401,228.8,228.03999,228.62,677016,0,0
2024-10-10 18:00:00,228.6499,228.6499,228.35001,228.47,337534,0,0
2024-10-10 18:15:00,228.47,228.55,228.27,228.32001,360468,0,0
2024-10-10 18:30:00,228.32001,228.44,228.07001,228.33,437917,0,0
2024-10-10 18:45:00,228.33501,228.49001,228.27,228.485,397211,0,0
2024-10-10 19:00:00,228.48,228.5699,228.25999,228.38499,402713,0,0
2024-10-10 19:15:00,228.38499,228.94501,228.3,228.855,686448,0,0
2024-10-10 19:30:00,228.855,229.10001,228.80499,229.07001,722673,0,0
2024-10-10 19:45:00,229.07001,229.5,228.9106,229.03,2367227,0,0
2024-10-11 13:30:00,228.295,228.7399,227.46001,227.47,2771982,0,0
2024-10-11 13:45:00,227.47,228.12,227.34,227.97,1273004,0,0
2024-10-11 14:00:00,227.965,228.62,227.62,228.5623,1316160,0,0
2024-10-11 14:15:00,228.60001,228.89999,228.21049,228.75999,909391,0,0
2024-10-11 14:30:00,228.74001,229.19,228.59,228.7701,788882,0,0
2024-10-11 14:45:00,228.78,228.82941,227.87,228.086,1162908,0,0
2024-10-11 15:00:00,228.08,228.39999,228.00999,228.2209,727785,0,0
2024-10-11 15:15:00,228.22,228.22,227.78999,227.97501,712746,0,0
2024-10-11 15:30:00,227.97009,228.11,227.685,227.925,694654,0,0
2024-10-11 15:45:00,227.925,228.10001,227.75,228.0699,722989,0,0
2024-10-11 16:00:00,228.065,228.09,227.8,227.875,1158939,0,0
2024-10-11 16:15:00,227.875,227.92999,227.66,227.83009,470953,0,0
2024-10-11 16:30:00,227.83,227.985,227.605,227.64549,462378,0,0
2024-10-11 16:45:00,227.649,227.89999,227.41,227.87,694664,0,0
2024-10-11 17:00:00,227.87,227.95,227.495,227.57651,526901,0,0
2024-10-11 17:15:00,227.575,227.8584,227.50999,227.84,407248,0,0
2024-10-11 17:30:00,227.825,227.89,227.58,227.72,400339,0,0
2024-10-11 17:45:00,227.71001,228.075,227.71001,227.8342,632143,0,0
2024-10-11 18:00:00,227.83,228.35201,227.82001,228.35001,692569,0,0
2024-10-11 18:15:00,228.35001,228.45,228.19,228.19501,629604,0,0
2024-10-11 18:30:00,228.19501,228.39999,228.06,228.34,559679,0,0
2024-10-11 18:45:00,228.34,228.63,228.34,228.58501,615262,0,0
2024-10-11 19:00:00,228.57001,228.97,228.5,228.81,852101,0,0
2024-10-11 19:15:00,228.78999,228.87,228.4001,228.69,801848,0,0
2024-10-11 19:30:00,228.68871,228.75999,228.42999,228.49001,851886,0,0
2024-10-11 19:45:00,228.49001,228.69,227.5,227.52,3103920,0,0
2024-10-14 13:30:00,228.7,231.31,228.60001,231.06,4712726,0,0
2024-10-14 13:45:00,231.07001,231.25,230.46001,230.55,1321424,0,1
2024-10-14 14:00:00,230.57001,230.7971,230.09,230.25999,1347034,0,0
2024-10-14 14:15:00,230.265,230.75999,229.92999,230.685,1161228,0,0
2024-10-14 14:30:00,230.685,230.8,230.34,230.64999,719202,0,0
2024-10-14 14:45:00,230.64,230.88,229.31,229.48,1233147,0,0
2024-10-14 15:00:00,229.47,229.88,229.14999,229.8414,1032892,0,0
2024-10-14 15:15:00,229.84,230.03,229.46001,229.69,675822,0,0
2024-10-14 15:30:00,229.67999,229.95,229.42999,229.7601,454549,0,0
2024-10-14 15:45:00,229.76289,230.35001,229.74001,230.34599,726823,0,0
2024-10-14 16:00:00,230.34,230.39,230.06,230.145,502894,0,0
2024-10-14 16:15:00,230.14,230.52921,229.97,230.2495,803905,0,0
2024-10-14 16:30:00,230.25999,230.5799,230.25999,230.57001,380824,0,0
2024-10-14 16:45:00,230.565,230.6064,230.2,230.33,487294,0,0
2024-10-14 17:00:00,230.355,230.53999,230.28999,230.505,421861,0,0
2024-10-14 17:15:00,230.52,230.55991,230.3,230.42999,311108,0,0
2024-10-14 17:30:00,230.41,230.42599,230.16499,230.36,531861,0,0
2024-10-14 17:45:00,230.38,230.49001,230.16,230.19,382571,0,0
2024-10-14 18:00:00,230.19,230.44971,230.06,230.33501,861209,0,0
2024-10-14 18:15:00,230.3362,230.55029,230.25771,230.46001,464398,0,0
2024-10-14 18:30:00,230.48351,231.13,230.45,230.96001,1065864,0,0
2024-10-14 18:45:00,230.965,231.19501,230.92999,231.14999,723147,0,0
2024-10-14 19:00:00,231.16,231.44679,231.06,231.36501,946969,0,0
2024-10-14 19:15:00,231.36,231.39,231.05,231.2226,838517,0,0
2024-10-14 19:30:00,231.22,231.69501,231.11,231.595,1089286,0,0
2024-10-14 19:45:00,231.58,231.7278,231.03999,231.3,3451950,0,0
2024-10-15 13:30:00,233.59,236.25,232.37,236.2,9115841,0,0
2024-10-15 13:45:00,236.19,237.13,235.96001,236.63499,5074307,0,0
2024-10-15 14:00:00,236.63499,237.49001,236.08,236.17979,4148540,0,1
2024-10-15 14:15:00,236.2,236.52,235.75999,235.82001,2774951,0,0
2024-10-15 14:30:00,235.82001,236.1142,235.42999,235.61011,2752238,0,0
2024-10-15 14:45:00,235.60001,236.13,235.14,235.36501,1904819,0,0
2024-10-15 15:00:00,235.37,235.81,234.6701,235.3351,2209997,0,0
2024-10-15 15:15:00,235.33,235.67,235.24001,235.4314,1218237,0,0
2024-10-15 15:30:00,235.42999,236.23,235.338,236.06,1527104,0,0
2024-10-15 15:45:00,236.07001,236.28999,235.33,235.38,1185613,0,0
2024-10-15 16:00:00,235.38,235.82001,235.37,235.505,1367680,0,0
2024-10-15 16:15:00,235.5,235.50999,234.55,234.75999,1356021,0,0
2024-10-15 16:30:00,234.75,235.2,234.71001,234.75999,828943,0,0
2024-10-15 16:45:00,234.784,234.91,234.31,234.48,812669,0,0
2024-10-15 17:00:00,234.46989,234.66,234.07001,234.39,896764,0,0
2024-10-15 17:15:00,234.38,234.5,233.85001,234.02,703729,0,0
2024-10-15 17:30:00,233.964,234.37,233.87,234.325,1248323,0,0
2024-10-15 17:45:00,234.325,234.47,233.73,233.75999,851284,0,0
2024-10-15 18:00:00,233.77,234.03,233.63,233.63499,707089,0,0
2024-10-15 18:15:00,233.63,234.17,233.5,233.94,747970,0,0
2024-10-15 18:30:00,233.94,234.08,233.8,234.06,575708,0,0
2024-10-15 18:45:00,234.03999,234.08,233.74001,233.78,560723,0,0
2024-10-15 19:00:00,233.8011,233.89999,233.045,233.42999,1252677,0,0
2024-10-15 19:15:00,233.42999,233.55,233.07001,233.24001,988588,0,0
2024-10-15 19:30:00,233.25,233.75999,232.81,233.545,1497946,0,0
2024-10-15 19:45:00,233.55,234.0699,233.46201,233.8,4222072,0,0
2024-10-16 13:30:00,231.62,232.12,230.38,230.685,5473730,0,0
2024-10-16 13:45:00,230.67999,230.99001,230.03,230.0786,2004151,0,0
2024-10-16 14:00:00,230.08501,230.892,229.85001,230.49001,2013764,0,0
2024-10-16 14:15:00,230.515,230.99001,230.19,230.72971,1135230,0,0
2024-10-16 14:30:00,230.71001,230.77,230.08,230.295,1060429,0,0
2024-10-16 14:45:00,230.29131,230.72,230.05,230.39951,1008420,0,0
2024-10-16 15:00:00,230.39999,231.00929,230.3401,230.99001,886750,0,0
2024-10-16 15:15:00,231.0098,231.14,230.39,230.58501,891398,0,0
2024-10-16 15:30:00,230.58,230.9599,230.38341,230.63499,804033,0,0
2024-10-16 15:45:00,230.63499,230.63499,230.1102,230.19881,793111,0,0
2024-10-16 16:00:00,230.19009,230.41,230.07001,230.16991,812988,0,0
2024-10-16 16:15:00,230.16,230.39999,230.061,230.34,1010700,0,0
2024-10-16 16:30:00,230.345,230.67,230.32001,230.575,595483,0,0
2024-10-16 16:45:00,230.58,231.07001,230.58,231.035,549699,0,0
2024-10-16 17:00:00,231.052,231.28999,230.91,231.06,605195,0,0
2024-10-16 17:15:00,231.07001,231.16299,230.72301,230.9099,509581,0,0
2024-10-16 17:30:00,230.9099,230.99001,230.58,230.83,495901,0,0
2024-10-16 17:45:00,230.83501,230.94,230.62,230.80499,547576,0,0
2024-10-16 18:00:00,230.8242,230.965,230.73,230.7901,474215,0,0
2024-10-16 18:15:00,230.78999,231.36,230.74001,231.11,733486,0,0
2024-10-16 18:30:00,231.10001,231.28999,230.98,231.24001,568154,0,0
2024-10-16 18:45:00,231.25,231.4399,231.10001,231.26759,486586,0,0
2024-10-16 19:00:00,231.27,231.535,231.2,231.435,618455,0,0
2024-10-16 19:15:00,231.435,231.62,231.3046,231.61501,681062,0,0
2024-10-16 19:30:00,231.62,231.92999,231.47,231.5,1183843,0,0
2024-10-16 19:45:00,231.502,231.85001,231.22,231.75,1837555,0,0
2024-10-17 13:30:00,233.44,233.85001,230.53,231.235,4486541,0,1
2024-10-17 13:45:00,231.28,232.02,231.25,231.72,1130424,0,0
2024-10-17 14:00:00,231.75999,232.08,231.28999,232.03,1067226,0,0
2024-10-17 14:15:00,232.02,232.57001,231.86,232.4001,1074853,0,0
2024-10-17 14:30:00,232.42999,232.4899,231.47099,231.63,933171,0,0
2024-10-17 14:45:00,231.62,231.6799,231.2,231.35989,747952,0,0
2024-10-17 15:00:00,231.36501,232.03,231.23,231.97501,583659,0,0
2024-10-17 15:15:00,231.98,232.321,231.95779,232.25999,611935,0,0
2024-10-17 15:30:00,232.25999,232.47,232.05,232.09109,737252,0,0
2024-10-17 15:45:00,232.11501,232.55,232.05,232.5462,517398,0,0
2024-10-17 16:00:00,232.53999,232.804,232.08501,232.215,636858,0,0
2024-10-17 16:15:00,232.23,232.36,232.145,232.25,372454,0,0
2024-10-17 16:30:00,232.24001,232.375,232.03,232.34,385089,0,0
2024-10-17 16:45:00,232.33501,232.3799,232.065,232.1761,330883,0,0
2024-10-17 17:00:00,232.19,232.5,232.07001,232.4855,1078654,0,0
2024-10-17 17:15:00,232.485,232.53,232.33,232.38741,365186,0,0
2024-10-17 17:30:00,232.39999,232.58,232.37,232.53011,417114,0,0
2024-10-17 17:45:00,232.55,232.57001,232.3,232.42999,486773,0,0
2024-10-17 18:00:00,232.42999,232.57001,231.57001,231.845,731077,0,0
2024-10-17 18:15:00,231.83,231.85001,231.27499,231.5865,1087285,0,0
2024-10-17 18:30:00,231.58,231.72501,231.37,231.5985,911091,0,0
2024-10-17 18:45:00,231.60001,232.11,231.53,232.10001,562225,0,0
2024-10-17 19:00:00,232.10001,232.11,231.7,231.94,572640,0,0
2024-10-17 19:15:00,231.94,232.08,231.75,231.755,520524,0,0
2024-10-17 19:30:00,231.755,232.2,231.66,232.14,1228427,0,0
2024-10-17 19:45:00,232.1469,232.33,231.64,232.25999,2257252,0,0
2024-10-18 13:30:00,235.88,236.05,234.02,234.97591,11456516,0,1
2024-10-18 13:45:00,234.97501,235.72,234.46001,235.42999,2260301,0,0
2024-10-18 14:00:00,235.42999,235.8799,235.08,235.095,1979629,0,0
2024-10-18 14:15:00,235.12,235.2099,234.64,234.77,1542114,0,0
2024-10-18 14:30:00,234.75999,234.92,234.35001,234.64999,1391936,0,0
2024-10-18 14:45:00,234.62,234.8,234.27499,234.69,1530831,0,0
2024-10-18 15:00:00,234.7,235.14999,234.64,235.0199,1017451,0,0
2024-10-18 15:15:00,235.00999,235.12,234.89999,235.03999,639578,0,0
2024-10-18 15:30:00,235.03999,235.25,234.75,234.995,2256655,0,0
2024-10-18 15:45:00,235.0,235.34,234.91,235.0275,630849,0,0
2024-10-18 16:00:00,235.02,235.14999,234.92999,234.96001,421958,0,0
2024-10-18 16:15:00,234.9599,235.035,234.86011,234.99001,1043844,0,0
2024-10-18 16:30:00,234.99001,235.24001,234.94,235.19,568247,0,0
2024-10-18 16:45:00,235.1902,235.645,235.09,235.464,909868,0,0
2024-10-18 17:00:00,235.465,235.85001,235.38,235.59399,810915,0,0
2024-10-18 17:15:00,235.59,235.64,235.17999,235.24001,684468,0,0
2024-10-18 17:30:00,235.24001,235.5,235.0416,235.37,634215,0,0
2024-10-18 17:45:00,235.36501,235.72,235.3201,235.64799,573563,0,0
2024-10-18 18:00:00,235.64,235.75,235.31,235.63499,614180,0,0
2024-10-18 18:15:00,235.63499,235.71001,235.495,235.53,495932,0,0
2024-10-18 18:30:00,235.52499,235.64,235.42999,235.53999,605095,0,0
2024-10-18 18:45:00,235.545,235.61,235.41,235.56,492898,0,0
2024-10-18 19:00:00,235.55499,235.55499,235.03,235.41499,966127,0,0
2024-10-18 19:15:00,235.41,235.435,235.1767,235.3,587388,0,0
2024-10-18 19:30:00,235.28999,235.3,234.8701,235.0201,915939,0,0
2024-10-18 19:45:00,235.02,235.19,234.8,234.98,2317672,0,0
2024-10-21 13:30:00,234.45,235.5,234.45,235.33,3726735,1,0
2024-10-21 13:45:00,235.33,235.485,234.82001,235.1703,1355677,0,0
2024-10-21 14:00:00,235.175,235.87,234.955,235.87,1314819,0,0
2024-10-21 14:15:00,235.87,235.99001,235.45,235.67,963282,0,0
2024-10-21 14:30:00,235.67,236.09,235.17,235.6658,985180,0,0
2024-10-21 14:45:00,235.67,236.03999,235.12,235.88,994170,0,0
2024-10-21 15:00:00,235.88,236.10001,235.17,235.52,1904345,0,0
2024-10-21 15:15:00,235.49001,235.6153,235.28011,235.42,1625832,0,0
2024-10-21 15:30:00,235.39999,235.7997,235.285,235.64,605327,0,0
2024-10-21 15:45:00,235.6338,236.45911,235.60001,236.24001,1925105,0,0
2024-10-21 16:00:00,236.23,236.58,235.94009,236.16499,762523,0,0
2024-10-21 16:15:00,236.1665,236.605,236.1665,236.28,622763,0,0
2024-10-21 16:30:00,236.3,236.405,236.114,236.2382,1013490,0,0
2024-10-21 16:45:00,236.235,236.57001,236.13499,236.50999,466242,0,0
2024-10-21 17:00:00,236.50999,236.61501,236.36,236.515,469631,0,0
2024-10-21 17:15:00,236.515,236.55,236.25999,236.3701,582195,0,0
2024-10-21 17:30:00,236.38,236.50999,236.2,236.26331,558670,0,0
2024-10-21 17:45:00,236.25999,236.85001,236.25999,236.67,588062,0,0
2024-10-21 18:00:00,236.69,236.81,236.405,236.59,581470,0,0
2024-10-21 18:15:00,236.57001,236.64799,236.2,236.22501,470284,0,0
2024-10-21 18:30:00,236.23,236.27,236.03011,236.03979,485379,0,0
2024-10-21 18:45:00,236.03,236.13,235.92999,235.985,524184,0,0
2024-10-21 19:00:00,235.99001,236.22,235.89,236.116,593351,0,0
2024-10-21 19:15:00,236.11501,236.2,236.03,236.13499,593584,0,0
2024-10-21 19:30:00,236.13499,236.13499,235.8275,236.03259,1016954,0,0
2024-10-21 19:45:00,236.03,236.58,235.88,236.58,2258606,0,0
2024-10-22 13:30:00,233.22,233.84,232.61,233.58521,5597968,0,0
2024-10-22 13:45:00,233.5807,233.78,232.91,233.16,1791439,0,0
2024-10-22 14:00:00,233.1646,234.142,233.0,234.14,1680799,0,0
2024-10-22 14:15:00,234.14,234.153,233.57001,233.91,1237601,0,0
2024-10-22 14:30:00,233.905,234.11,233.5047,233.63,932053,0,0
2024-10-22 14:45:00,233.64011,234.28999,233.47,234.22501,897400,0,0
2024-10-22 15:00:00,234.23,234.33501,234.03,234.03,616670,0,0
2024-10-22 15:15:00,234.03,234.45,233.95,234.39951,1114682,0,0
2024-10-22 15:30:00,234.4007,234.9099,234.35001,234.84171,821130,0,0
2024-10-22 15:45:00,234.8475,234.85001,234.44,234.4903,519075,0,0
2024-10-22 16:00:00,234.495,234.53999,234.2701,234.4825,441770,0,0
2024-10-22 16:15:00,234.5,234.64999,234.13,234.17,473801,0,0
2024-10-22 16:30:00,234.19,234.5199,234.14999,234.42999,1272003,0,0
2024-10-22 16:45:00,234.41499,234.94,234.38,234.92999,643236,0,0
2024-10-22 17:00:00,234.935,235.03999,234.74001,234.9597,926064,0,0
2024-10-22 17:15:00,234.95399,235.0,234.81,234.85001,398388,0,0
2024-10-22 17:30:00,234.85001,235.3799,234.845,235.215,724198,0,0
2024-10-22 17:45:00,235.21001,235.74989,235.17999,235.6738,701004,0,0
2024-10-22 18:00:00,235.675,236.005,235.295,235.3101,1362747,0,0
2024-10-22 18:15:00,235.31,235.44501,235.21001,235.3132,482251,0,0
2024-10-22 18:30:00,235.33,235.49001,235.17999,235.47501,471418,0,0
2024-10-22 18:45:00,235.48,235.57001,235.27,235.37,427511,0,0
2024-10-22 19:00:00,235.37,235.61,235.25999,235.57401,475745,0,0
2024-10-22 19:15:00,235.56,235.74001,235.55,235.7,544869,0,0
2024-10-22 19:30:00,235.7,235.89999,235.7,235.85001,759778,0,0
2024-10-22 19:45:00,235.845,236.19,235.78999,235.86,2576052,0,0
2024-10-23 13:30:00,234.32001,235.13989,233.81,234.4899,3246942,0,0
2024-10-23 13:45:00,234.46001,235.144,234.28011,234.91499,1029926,0,0
2024-10-23 14:00:00,234.91499,234.96001,234.11,234.82001,1310974,0,0
2024-10-23 14:15:00,234.81,234.8997,234.44,234.72,652447,0,0
2024-10-23 14:30:00,234.72,235.03999,234.62,234.91,720895,0,0
2024-10-23 14:45:00,234.89999,235.1199,234.27,234.2925,793900,0,0
2024-10-23 15:00:00,234.285,234.5621,233.5,233.62,899282,0,0
2024-10-23 15:15:00,233.63,233.77,233.325,233.5,1072010,0,0
2024-10-23 15:30:00,233.49001,233.57001,233.28,233.44,937495,0,0
2024-10-23 15:45:00,233.45,233.73621,230.58,231.56,5119354,0,0
2024-10-23 16:00:00,231.58,231.91991,230.37,230.94,4001269,0,0
2024-10-23 16:15:00,230.94,230.94991,229.64,229.69,2830105,0,0
2024-10-23 16:30:00,229.67,230.25,229.34,229.95,2038273,0,0
2024-10-23 16:45:00,229.94501,230.03,228.92999,229.64,1838492,0,0
2024-10-23 17:00:00,229.63,229.87,229.2,229.45,1278286,0,0
2024-10-23 17:15:00,229.45,230.19,229.28,230.05499,1399903,0,0
2024-10-23 17:30:00,230.02,230.07001,229.52,229.62,774157,0,0
2024-10-23 17:45:00,229.61,229.64999,228.28,228.375,1485808,0,0
2024-10-23 18:00:00,228.35001,228.46809,227.75999,228.32001,1489296,0,0
2024-10-23 18:15:00,228.32001,228.86501,228.00999,228.62,1098971,1,0
2024-10-23 18:30:00,228.60001,229.48,228.50999,229.38251,1167074,0,0
2024-10-23 18:45:00,229.39,229.66,229.14,229.25999,840467,0,0
2024-10-23 19:00:00,229.24001,229.67,229.18021,229.4501,768320,0,0
2024-10-23 19:15:00,229.46001,229.80991,229.45,229.675,1121946,0,0
2024-10-23 19:30:00,229.7,230.69,229.61,230.61,1407923,0,0
2024-10-23 19:45:00,230.62,230.86,230.32001,230.75,2865006,0,0
2024-10-24 13:30:00,229.91701,230.39999,228.6185,229.46001,3528775,0,0
2024-10-24 13:45:00,229.41,229.8251,228.41,229.8251,2275624,0,0
2024-10-24 14:00:00,229.815,230.2399,229.56,229.985,1319301,0,0
2024-10-24 14:15:00,229.99001,230.06,229.63,229.81,761326,0,0
2024-10-24 14:30:00,229.85001,230.38,229.80499,230.28999,814563,0,0
2024-10-24 14:45:00,230.25,230.25,229.24001,229.25,888881,0,0
2024-10-24 15:00:00,229.25999,230.17,229.23,230.14,779632,0,0
2024-10-24 15:15:00,230.12,230.19,229.8,229.82001,639460,0,0
2024-10-24 15:30:00,229.82001,230.03999,229.75,229.77,535766,0,0
2024-10-24 15:45:00,229.78,229.78,228.8806,229.58,1162336,0,0
2024-10-24 16:00:00,229.59,229.7121,228.67,228.88499,815546,0,0
2024-10-24 16:15:00,228.89999,229.53999,228.69009,229.51939,581815,0,0
2024-10-24 16:30:00,229.52,229.84,229.52,229.735,543280,0,0
2024-10-24 16:45:00,229.7361,230.34019,229.73,230.308,526899,0,0
2024-10-24 17:00:00,230.31,230.82001,230.2623,230.71001,661070,0,0
2024-10-24 17:15:00,230.72,230.73801,230.11,230.27,766308,0,0
2024-10-24 17:30:00,230.28,230.49001,230.21001,230.438,493031,0,0
2024-10-24 17:45:00,230.465,230.53999,230.19,230.255,418741,0,0
2024-10-24 18:00:00,230.25999,230.39999,230.03999,230.382,438770,0,0
2024-10-24 18:15:00,230.39,230.53999,230.25999,230.46001,459075,0,0
2024-10-24 18:30:00,230.42999,230.53,230.25999,230.42999,376154,0,0
2024-10-24 18:45:00,230.435,230.5676,230.338,230.45,366653,0,0
2024-10-24 19:00:00,230.45,230.81,230.12,230.66,596475,0,0
2024-10-24 19:15:00,230.64,230.6864,230.4101,230.53,561096,0,0
2024-10-24 19:30:00,230.53999,230.72,230.22,230.46001,728481,0,0
2024-10-24 19:45:00,230.46001,230.8,230.45,230.57001,2225426,0,0
2024-10-25 13:30:00,229.74001,231.59,229.57001,231.39999,3920105,0,0
2024-10-25 13:45:00,231.39999,232.07671,230.50999,231.82,1689107,0,0
2024-10-25 14:00:00,231.91,232.4299,231.81,232.02,1614205,0,0
2024-10-25 14:15:00,232.02,232.39,231.7202,232.13,1013476,0,0
2024-10-25 14:30:00,232.12,232.66,232.12,232.44,969646,0,0
2024-10-25 14:45:00,232.46001,232.91,232.22,232.8446,971835,0,0
2024-10-25 15:00:00,232.86,233.2,232.67,232.97,968155,0,0
2024-10-25 15:15:00,232.98,232.98,232.23,232.23,1241205,0,0
2024-10-25 15:30:00,232.23,232.355,231.91,232.09,1733420,0,0
2024-10-25 15:45:00,232.09399,232.34,231.75999,232.05,847539,0,0
2024-10-25 16:00:00,232.03,232.53999,231.9429,232.48,723892,0,0
2024-10-25 16:15:00,232.47,232.73199,232.42,232.71001,556383,0,0
2024-10-25 16:30:00,232.735,232.785,232.46001,232.765,543021,0,0
2024-10-25 16:45:00,232.75999,232.94,232.67,232.78,564545,0,0
2024-10-25 17:00:00,232.77,232.77,232.13,232.248,575778,0,0
2024-10-25 17:15:00,232.22,232.23,231.53,231.8575,683743,0,0
2024-10-25 17:30:00,231.83,231.94,231.14999,231.21001,703525,0,0
2024-10-25 17:45:00,231.19,231.9715,231.13,231.48,821954,1,0
2024-10-25 18:00:00,231.49001,231.67,231.07001,231.56,634586,0,0
2024-10-25 18:15:00,231.53999,231.94,231.388,231.84,657944,0,0
2024-10-25 18:30:00,231.84689,231.92999,231.67,231.74001,457883,0,0
2024-10-25 18:45:00,231.75,232.2,231.7415,232.14,570527,0,0
2024-10-25 19:00:00,232.12,232.16,231.5,231.6573,550171,0,0
2024-10-25 19:15:00,231.64999,231.80499,231.37,231.62,1064312,0,0
2024-10-25 19:30:00,231.64999,231.73,231.25,231.47,831119,0,0
2024-10-25 19:45:00,231.49001,231.8,231.11,231.39999,2866639,0,0
2024-10-28 13:30:00,233.315,234.55,233.07001,233.33,4471004,0,0
2024-10-28 13:45:00,233.33501,233.3896,232.55,233.17999,1157165,0,0
2024-10-28 14:00:00,233.17999,233.56,232.89999,233.27,930062,0,0
2024-10-28 14:15:00,233.31,233.64,232.9901,233.6346,902025,0,0
2024-10-28 14:30:00,233.62,234.33,233.42999,234.10001,1040773,0,0
2024-10-28 14:45:00,234.11,234.28999,233.75,233.92999,866519,0,0
2024-10-28 15:00:00,233.935,234.17999,233.42999,233.95,989842,0,0
2024-10-28 15:15:00,233.935,233.96001,233.22,233.55,842885,0,0
2024-10-28 15:30:00,233.55,233.83,233.25,233.52631,665026,0,0
2024-10-28 15:45:00,233.53,233.8,233.39,233.57001,706989,0,0
2024-10-28 16:00:00,233.53999,233.57249,233.14999,233.535,692426,0,0
2024-10-28 16:15:00,233.53,234.315,233.52,234.3101,848363,0,0
2024-10-28 16:30:00,234.31,234.62,233.9326,234.61,930301,0,0
2024-10-28 16:45:00,234.62,234.73,234.2506,234.32001,813174,0,0
2024-10-28 17:00:00,234.31,234.60001,234.08,234.08141,554974,0,0
2024-10-28 17:15:00,234.08,234.67999,234.07001,234.42999,575605,0,0
2024-10-28 17:30:00,234.425,234.645,234.34,234.418,443107,0,0
2024-10-28 17:45:00,234.41499,234.505,234.21001,234.395,403000,0,0
2024-10-28 18:00:00,234.395,234.39999,234.14,234.17,451401,0,0
2024-10-28 18:15:00,234.145,234.23,233.91,233.91499,462616,0,0
2024-10-28 18:30:00,233.91,234.05,233.75999,233.81,426501,0,0
2024-10-28 18:45:00,233.81,234.11,233.57001,233.75999,505342,0,0
2024-10-28 19:00:00,233.75999,234.0,233.63519,233.95,515346,0,0
2024-10-28 19:15:00,233.9501,234.00999,233.67999,233.97,566856,0,0
2024-10-28 19:30:00,233.96001,233.98129,233.61,233.675,818370,0,0
2024-10-28 19:45:00,233.67999,233.78,233.11,233.49001,3189842,0,0
2024-10-29 13:30:00,233.19501,233.88,232.32001,233.76559,2866663,0,0
2024-10-29 13:45:00,233.77499,233.95,232.60001,233.605,1368981,0,0
2024-10-29 14:00:00,233.60001,233.81441,233.10001,233.37,1070148,0,0
2024-10-29 14:15:00,233.36,234.05499,233.03,233.06,1362269,0,0
2024-10-29 14:30:00,233.05,233.41,233.03999,233.24001,803281,0,0
2024-10-29 14:45:00,233.235,233.69,233.1301,233.49001,842280,0,0
2024-10-29 15:00:00,233.505,233.55499,233.06,233.44501,772911,0,0
2024-10-29 15:15:00,233.44,233.63,233.155,233.27,588602,0,0
2024-10-29 15:30:00,233.25999,233.44,233.07001,233.09,547451,0,0
2024-10-29 15:45:00,233.09,233.47,233.0201,233.34,631694,0,0
2024-10-29 16:00:00,233.35001,233.59,233.17,233.39,639491,0,0
2024-10-29 16:15:00,233.39999,233.5499,233.10001,233.10001,434673,0,0
2024-10-29 16:30:00,233.105,233.53,233.02,233.5,837644,0,0
2024-10-29 16:45:00,233.50999,233.98,233.4595,233.9501,676121,0,0
2024-10-29 17:00:00,233.95,234.21001,233.89999,234.02119,669783,0,0
2024-10-29 17:15:00,234.02499,234.19,233.87,233.89,440378,0,0
2024-10-29 17:30:00,233.92,234.14,233.86501,233.97,352903,0,0
2024-10-29 17:45:00,233.97501,233.9946,233.78,233.82001,335253,0,0
2024-10-29 18:00:00,233.81,234.05499,233.75999,233.97,486729,0,0
2024-10-29 18:15:00,233.97,234.11,233.845,233.97,521726,0,0
2024-10-29 18:30:00,233.985,234.19,233.91,234.02,457557,0,0
2024-10-29 18:45:00,234.03,234.0999,233.9101,234.09,1779157,0,0
2024-10-29 19:00:00,234.095,234.145,233.88,234.03,607475,0,0
2024-10-29 19:15:00,234.02,234.21989,234.0,234.2,794701,0,0
2024-10-29 19:30:00,234.205,234.265,234.02,234.25,786015,0,0
2024-10-29 19:45:00,234.245,234.32001,233.53999,233.75,2674499,0,0
2024-10-30 13:30:00,232.62,233.2299,231.85001,232.12,4426060,0,0
2024-10-30 13:45:00,232.08,232.67999,232.0,232.59,1487849,0,0
2024-10-30 14:00:00,232.599,232.782,232.05,232.19,1277470,0,0
2024-10-30 14:15:00,232.22,232.30991,231.69,231.86,1280962,0,0
2024-10-30 14:30:00,231.8669,231.95,231.47501,231.69,1123651,0,0
2024-10-30 14:45:00,231.685,231.78999,231.14,231.15601,1447150,0,0
2024-10-30 15:00:00,231.16,231.32001,230.64,230.6501,1411105,0,0
2024-10-30 15:15:00,230.655,231.60001,230.505,231.55499,1473054,0,0
2024-10-30 15:30:00,231.56,231.66499,231.09,231.395,1139030,0,0
2024-10-30 15:45:00,231.38,231.53999,231.11,231.38989,794442,0,0
2024-10-30 16:00:00,231.38499,231.5499,231.24001,231.2482,635289,0,0
2024-10-30 16:15:00,231.27,231.27,231.06,231.19991,670519,0,0
2024-10-30 16:30:00,231.2,231.39,231.06,231.27,543245,0,0
2024-10-30 16:45:00,231.27,231.38,230.92,230.92,693687,0,0
2024-10-30 17:00:00,230.9183,231.05,230.67999,230.75,561600,0,0
2024-10-30 17:15:00,230.74001,230.78999,230.23,230.2411,859629,0,0
2024-10-30 17:30:00,230.245,230.3,229.87041,230.14,1190428,0,0
2024-10-30 17:45:00,230.13,230.44,230.06,230.2188,741465,0,0
2024-10-30 18:00:00,230.215,231.0,230.21111,230.8784,785395,0,0
2024-10-30 18:15:00,230.875,230.91,230.5,230.64999,850069,0,0
2024-10-30 18:30:00,230.6201,230.89,230.58,230.6658,595709,0,0
2024-10-30 18:45:00,230.66,230.8299,230.42999,230.505,599353,0,0
2024-10-30 19:00:00,230.5,230.7653,230.17,230.67999,971761,0,0
2024-10-30 19:15:00,230.675,230.94,230.42999,230.73,796677,0,0
2024-10-30 19:30:00,230.73,230.795,230.46001,230.5587,1905099,0,0
2024-10-30 19:45:00,230.57001,230.84,229.56,230.14,4946205,0,0
2024-10-31 13:30:00,229.23,229.83,228.1994,229.19,4442957,0,0
2024-10-31 13:45:00,229.16499,229.3399,228.6,229.20821,1838226,0,0
2024-10-31 14:00:00,229.19,229.25,227.81,227.98,1593897,0,0
2024-10-31 14:15:00,227.99001,228.94,227.895,228.44501,1291353,0,0
2024-10-31 14:30:00,228.45,228.73,228.14999,228.22,1065542,0,0
2024-10-31 14:45:00,228.22,228.27,227.42,227.71001,1450959,0,0
2024-10-31 15:00:00,227.685,227.75999,226.88,227.05,1951523,0,0
2024-10-31 15:15:00,227.03,227.63,226.97,227.315,1121818,0,0
2024-10-31 15:30:00,227.31,227.395,226.9129,227.15041,904887,0,0
2024-10-31 15:45:00,227.12,227.17,226.41,227.05499,1070399,0,0
2024-10-31 16:00:00,227.03,227.485,226.89,227.2153,953369,0,0
2024-10-31 16:15:00,227.21001,227.25,226.95,227.25,826643,0,0
2024-10-31 16:30:00,227.28,227.63,227.2002,227.60001,810413,0,0
2024-10-31 16:45:00,227.59,227.99001,227.56,227.73,912975,0,0
2024-10-31 17:00:00,227.735,227.92,227.58,227.595,757577,0,0
2024-10-31 17:15:00,227.59,228.1768,227.4501,227.86011,972258,0,0
2024-10-31 17:30:00,227.86,227.96629,227.41,227.44501,1089347,0,0
2024-10-31 17:45:00,227.44,227.44,226.88,226.905,959237,0,0
2024-10-31 18:00:00,226.89999,227.25,226.825,227.05499,855290,0,0
2024-10-31 18:15:00,227.06,227.19501,227.00031,227.09,893371,0,0
2024-10-31 18:30:00,227.095,227.2,226.69501,227.08501,1081201,0,0
2024-10-31 18:45:00,227.08501,227.22,226.75,227.075,1024296,0,0
2024-10-31 19:00:00,227.08,227.39,226.97501,227.21001,1351831,0,0
2024-10-31 19:15:00,227.21001,227.78,227.16,227.33,1603865,0,0
2024-10-31 19:30:00,227.33,227.405,226.75,227.05,1610627,0,0
2024-10-31 19:45:00,227.06,227.78,225.39,225.39,5457376,0,0
2024-11-01 13:30:00,220.97,223.67,220.28,222.755,10436540,1,0
2024-11-01 13:45:00,222.755,223.901,221.72,223.8499,3423099,0,0
2024-11-01 14:00:00,223.88,225.34,223.77,224.83,4318328,0,0
2024-11-01 14:15:00,224.84,225.19,223.95,224.07001,2755813,0,0
2024-11-01 14:30:00,224.09,224.214,221.87,222.10001,2948332,0,0
2024-11-01 14:45:00,222.10001,222.88,221.60001,222.435,2700400,0,0
2024-11-01 15:00:00,222.4205,222.87109,222.11,222.7197,3042407,0,0
2024-11-01 15:15:00,222.715,223.25999,222.37,223.21049,1548692,0,0
2024-11-01 15:30:00,223.22,223.25,222.12,222.37,2081270,0,0
2024-11-01 15:45:00,222.36,222.505,221.9,222.08,1258607,0,0
2024-11-01 16:00:00,222.075,222.50999,221.77,222.29,2000448,0,0
2024-11-01 16:15:00,222.39,222.53,222.015,222.16,1064763,0,0
2024-11-01 16:30:00,222.14,222.69,222.05,222.13,1150279,0,0
2024-11-01 16:45:00,222.1301,222.60001,222.10001,222.59,673149,0,0
2024-11-01 17:00:00,222.59109,222.7,222.07001,222.60001,983016,0,0
2024-11-01 17:15:00,222.59,223.3999,222.53999,223.34,1018439,0,0
2024-11-01 17:30:00,223.34019,223.36,222.31,222.41,956183,0,1
2024-11-01 17:45:00,222.39999,222.58,222.15331,222.2,819655,0,0
2024-11-01 18:00:00,222.17,222.5,222.08,222.315,726651,0,0
2024-11-01 18:15:00,222.28999,222.39,222.07001,222.245,911568,0,0
2024-11-01 18:30:00,222.24001,222.54401,222.14,222.38,1057880,0,0
2024-11-01 18:45:00,222.3575,222.675,222.25,222.60001,813081,0,0
2024-11-01 19:00:00,222.59,223.0999,222.5746,222.895,1190956,0,0
2024-11-01 19:15:00,222.89,222.97881,222.28,222.33,973386,0,0
2024-11-01 19:30:00,222.34,222.81,222.28999,222.57001,1201590,0,0
2024-11-01 19:45:00,222.57001,223.25,222.27,222.85001,4085601,0,0
2024-11-04 14:30:00,221.01199,222.39999,219.71001,220.85001,5500948,0,0
2024-11-04 14:45:00,220.85001,222.12,220.82001,222.065,1699478,0,0
2024-11-04 15:00:00,222.06,222.53999,221.60001,222.31,1362568,0,0
2024-11-04 15:15:00,222.33,222.48,221.64999,221.73151,1072861,0,0
2024-11-04 15:30:00,221.75,221.96001,221.35001,221.84419,1034584,0,0
2024-11-04 15:45:00,221.84,222.265,221.59,221.61,812999,0,0
2024-11-04 16:00:00,221.6423,222.00999,221.59,221.875,1325367,0,0
2024-11-04 16:15:00,221.8799,221.89999,221.1301,221.4801,1285195,0,0
2024-11-04 16:30:00,221.4808,221.57001,221.27,221.33771,2417505,0,0
2024-11-04 16:45:00,221.33,221.39,220.81,221.08,884724,0,0
2024-11-04 17:00:00,221.08,221.2,220.42,220.59,773805,0,0
2024-11-04 17:15:00,220.5802,221.12,220.41,221.1151,923183,1,0
2024-11-04 17:30:00,221.11501,221.58,221.0201,221.55,605723,0,0
2024-11-04 17:45:00,221.53,222.14,221.52,221.78999,747925,0,0
2024-11-04 18:00:00,221.77,222.40691,221.46001,222.33009,750411,0,0
2024-11-04 18:15:00,222.33,222.62,222.00999,222.02049,786071,0,0
2024-11-04 18:30:00,222.02,222.5,221.9601,222.39999,622034,0,0
2024-11-04 18:45:00,222.39999,222.6088,222.32001,222.395,511360,0,0
2024-11-04 19:00:00,222.46001,222.61909,222.34,222.522,684694,0,0
2024-11-04 19:15:00,222.53,222.55991,222.23,222.25999,594701,0,0
2024-11-04 19:30:00,222.25,222.73,222.2,222.72501,557852,0,0
2024-11-04 19:45:00,222.72,222.75999,222.53999,222.625,573638,0,0
2024-11-04 20:00:00,222.625,222.78999,222.46001,222.5,767158,0,0
2024-11-04 20:15:00,222.50011,222.74001,222.39999,222.48,605628,0,0
2024-11-04 20:30:00,222.5,222.56,221.78,222.215,1120232,0,0
2024-11-04 20:45:00,222.19341,222.36,221.52,222.12,2919445,0,0
2024-11-05 14:30:00,221.795,223.86,221.795,222.28,2990661,0,0
2024-11-05 14:45:00,222.255,223.94501,222.13,223.545,1493032,0,0
2024-11-05 15:00:00,223.56,223.8452,223.21001,223.435,1007967,0,0
2024-11-05 15:15:00,223.4314,223.64999,223.17999,223.31911,879815,0,0
2024-11-05 15:30:00,223.32001,223.48,222.826,222.9487,1035677,0,0
2024-11-05 15:45:00,222.95,222.96001,222.06,222.19501,1263145,0,0
2024-11-05 16:00:00,222.19501,223.06,221.935,222.99001,1137249,1,0
2024-11-05 16:15:00,222.98,223.03,222.645,222.67,610436,0,0
2024-11-05 16:30:00,222.67999,223.2,222.67999,222.772,587633,0,0
2024-11-05 16:45:00,222.8,223.33,222.8,223.23,497791,0,0
2024-11-05 17:00:00,223.22,223.73959,223.155,223.69501,594499,0,0
2024-11-05 17:15:00,223.7,223.75,223.31,223.38,483964,0,0
2024-11-05 17:30:00,223.39999,223.64999,223.38,223.56,581992,0,0
2024-11-05 17:45:00,223.57001,223.78,223.38,223.49001,425161,0,0
2024-11-05 18:00:00,223.495,223.50999,223.0,223.03999,519132,0,0
2024-11-05 18:15:00,223.05,223.2861,222.62,222.62,621558,0,0
2024-11-05 18:30:00,222.63,222.89,222.40021,222.83,669625,0,0
2024-11-05 18:45:00,222.82001,223.0199,222.73,222.85001,448326,0,0
2024-11-05 19:00:00,222.86,223.28,222.8316,223.0199,476348,0,0
2024-11-05 19:15:00,223.00999,223.45,222.845,223.33009,547298,0,0
2024-11-05 19:30:00,223.34,223.4471,223.24001,223.2556,411829,0,0
2024-11-05 19:45:00,223.25,223.2605,222.81,222.9399,543879,0,0
2024-11-05 20:00:00,222.92999,223.28999,222.8203,223.22,492122,0,0
2024-11-05 20:15:00,223.205,223.25999,223.07001,223.25,491678,0,0
2024-11-05 20:30:00,223.25,223.53,222.83,222.83,1017160,0,0
2024-11-05 20:45:00,222.83,223.53,222.71001,223.45,2324479,0,0
2024-11-06 14:30:00,221.215,225.64,221.19,223.74001,8121432,1,0
2024-11-06 14:45:00,223.74001,224.55,223.08,224.46001,3144267,0,0
2024-11-06 15:00:00,224.48,225.07001,224.46001,225.03,2627389,0,0
2024-11-06 15:15:00,225.05,225.89,224.96001,225.65131,1733638,0,0
2024-11-06 15:30:00,225.66,226.065,224.9801,225.05,1564154,0,0
2024-11-06 15:45:00,225.02499,225.1976,223.94501,224.21001,1480418,0,0
2024-11-06 16:00:00,224.205,224.52499,223.69501,224.48,1570991,0,0
2024-11-06 16:15:00,224.45,224.91,224.03,224.8,1318517,0,0
2024-11-06 16:30:00,224.8024,225.17999,224.66,225.00999,1168801,0,0
2024-11-06 16:45:00,225.02,225.11,224.66499,224.67999,847946,0,0
2024-11-06 17:00:00,224.66,224.67999,224.265,224.285,957928,0,0
2024-11-06 17:15:00,224.28999,224.53999,223.965,224.25999,1389472,0,0
2024-11-06 17:30:00,224.27,224.39999,224.155,224.3365,830675,0,0
2024-11-06 17:45:00,224.34,224.60001,224.34,224.35001,685444,0,0
2024-11-06 18:00:00,224.35001,224.56,224.12,224.33,883366,0,0
2024-11-06 18:15:00,224.32651,224.39,223.99001,224.1877,728287,0,0
2024-11-06 18:30:00,224.185,224.33,224.02499,224.09,642932,0,0
2024-11-06 18:45:00,224.11,224.22,223.845,223.91499,894695,0,0
2024-11-06 19:00:00,223.92,224.09,223.745,224.02,854032,0,0
2024-11-06 19:15:00,224.02499,224.03,223.77071,223.85001,909442,0,0
2024-11-06 19:30:00,223.86,223.97,223.48,223.53,875878,0,0
2024-11-06 19:45:00,223.53,223.71001,223.25999,223.4101,1109186,0,0
2024-11-06 20:00:00,223.41,224.175,223.36,224.14,1262296,0,0
2024-11-06 20:15:00,224.13,224.22501,223.575,223.6255,1215047,0,0
2024-11-06 20:30:00,223.66,223.88,223.46001,223.59,1142970,0,0
2024-11-06 20:45:00,223.58,223.69,222.5,222.7,3927225,0,0
2024-11-07 14:30:00,224.625,226.55,224.57001,225.96001,4734385,0,0
2024-11-07 14:45:00,225.96001,226.35001,225.11,226.3,1993574,0,0
2024-11-07 15:00:00,226.3,226.35001,225.55,225.7274,1565685,0,0
2024-11-07 15:15:00,225.7099,225.94,225.36011,225.7336,2053826,0,0
2024-11-07 15:30:00,225.75,225.8773,225.35001,225.58,1122096,0,0
2024-11-07 15:45:00,225.58,226.23,225.57001,226.23,883331,0,0
2024-11-07 16:00:00,226.23,226.42,225.785,226.155,855261,0,0
2024-11-07 16:15:00,226.14999,226.32001,225.82001,226.30499,735119,0,0
2024-11-07 16:30:00,226.3,226.45,226.17,226.38,724450,0,0
2024-11-07 16:45:00,226.39,227.10001,226.39,227.07001,1140782,0,0
2024-11-07 17:00:00,227.062,227.35001,226.75999,227.27,886345,0,0
2024-11-07 17:15:00,227.265,227.42,227.1001,227.215,696073,0,0
2024-11-07 17:30:00,227.21001,227.45,227.12,227.45,619860,0,0
2024-11-07 17:45:00,227.44,227.49001,227.14,227.2,667698,0,0
2024-11-07 18:00:00,227.205,227.23,226.78,226.845,710964,0,0
2024-11-07 18:15:00,226.85001,227.11,226.77,227.1033,600001,0,0
2024-11-07 18:30:00,227.10001,227.11,226.745,226.8279,474537,0,0
2024-11-07 18:45:00,226.83,227.25999,226.75,227.09891,525679,0,0
2024-11-07 19:00:00,227.0999,227.38,226.8,227.13989,682980,0,0
2024-11-07 19:15:00,227.14,227.2,226.96001,227.10001,487681,0,0
2024-11-07 19:30:00,227.11,227.42999,226.855,227.13,1250837,0,0
2024-11-07 19:45:00,227.12,227.50999,227.06,227.505,760677,0,0
2024-11-07 20:00:00,227.5,227.58501,227.25999,227.52,835796,0,0
2024-11-07 20:15:00,227.515,227.75999,227.5,227.53,1036788,0,0
2024-11-07 20:30:00,227.535,227.69,227.39,227.64999,926051,0,0
2024-11-07 20:45:00,227.655,227.87,226.75,227.69,4342816,0,0
2024-11-08 14:30:00,227.14,228.66,227.14,228.145,3054568,0,0
2024-11-08 14:45:00,228.155,228.21001,227.59,227.7699,1961694,0,0
2024-11-08 15:00:00,227.78,228.09,227.52299,227.7699,1195061,0,0
2024-11-08 15:15:00,227.75999,228.1499,227.44,227.49471,938509,0,0
2024-11-08 15:30:00,227.48,227.56,226.91,227.11,940100,0,0
2024-11-08 15:45:00,227.11,227.14,226.505,226.5101,902375,0,0
2024-11-08 16:00:00,226.515,226.91,226.4084,226.6624,1101532,0,0
2024-11-08 16:15:00,226.64999,227.00999,226.58,226.6881,846397,0,0
2024-11-08 16:30:00,226.685,227.38,226.685,227.28,770387,0,0
2024-11-08 16:45:00,227.27499,227.58,227.23,227.27,745686,0,0
2024-11-08 17:00:00,227.265,227.28,226.97,227.03999,643928,0,0
2024-11-08 17:15:00,227.03999,227.12,226.75,226.88,536406,0,0
2024-11-08 17:30:00,226.87,227.4565,226.86301,227.095,610406,0,0
2024-11-08 17:45:00,227.095,227.3,227.02,227.02,459779,0,0
2024-11-08 18:00:00,227.035,227.17999,226.895,226.965,1055669,0,0
2024-11-08 18:15:00,226.965,227.05,226.78999,226.995,440857,0,0
2024-11-08 18:30:00,227.0,227.44501,226.97,227.364,558714,0,0
2024-11-08 18:45:00,227.35201,227.61,227.17,227.5,2527799,0,0
2024-11-08 19:00:00,227.495,227.5782,227.23,227.39999,484883,0,0
2024-11-08 19:15:00,227.39999,227.605,227.3801,227.5399,429352,0,0
2024-11-08 19:30:00,227.53,227.67999,227.42,227.66,477848,0,0
2024-11-08 19:45:00,227.64999,227.66,227.38,227.44,408254,0,0
2024-11-08 20:00:00,227.435,227.60001,227.25999,227.52,684789,0,0
2024-11-08 20:15:00,227.5101,227.72,227.3101,227.48,742576,0,0
2024-11-08 20:30:00,227.45,227.485,226.89,226.955,984708,0,0
2024-11-08 20:45:00,226.955,227.3,226.72,227.16,5583109,0,0
2024-11-11 14:30:00,225.05499,225.7,223.745,224.19,4812751,0,0
2024-11-11 14:45:00,224.19,224.63,222.77,222.895,3243466,0,0
2024-11-11 15:00:00,222.89999,223.49001,222.8636,223.0899,1801008,0,0
2024-11-11 15:15:00,223.08,223.35001,222.78999,222.80499,1384834,0,0
2024-11-11 15:30:00,222.81,223.72,222.8,223.19,1556172,0,0
2024-11-11 15:45:00,223.19,223.24001,222.745,222.75,1423022,0,0
2024-11-11 16:00:00,222.755,223.35001,222.75,222.99001,1126651,0,0
2024-11-11 16:15:00,223.00999,223.03999,222.67,222.77,902767,0,0
2024-11-11 16:30:00,222.78,223.03,222.7,222.81,891452,0,0
2024-11-11 16:45:00,222.81,223.13879,222.66,222.77991,1611149,0,0
2024-11-11 17:00:00,222.78,222.875,222.39999,222.50999,940724,0,0
2024-11-11 17:15:00,222.52,222.52,222.00999,222.19501,1114408,0,0
2024-11-11 17:30:00,222.19,222.24001,221.88,221.905,1022067,0,0
2024-11-11 17:45:00,221.905,222.0,221.7,221.86,1038133,0,0
2024-11-11 18:00:00,221.86,221.86,221.5,221.795,999811,0,0
2024-11-11 18:15:00,221.8,222.46001,221.75,222.46001,645249,0,0
2024-11-11 18:30:00,222.44991,222.75,222.36,222.74519,849952,0,0
2024-11-11 18:45:00,222.745,222.99001,222.72,222.89999,742574,0,0
2024-11-11 19:00:00,222.90849,223.08501,222.84,222.985,654720,0,0
2024-11-11 19:15:00,223.0,223.10001,222.94,223.06,548303,0,0
2024-11-11 19:30:00,223.06,223.17999,222.97,223.03059,568177,0,0
2024-11-11 19:45:00,223.0388,223.13,222.97,223.045,461539,0,0
2024-11-11 20:00:00,223.05,223.36,223.015,223.34,664600,0,0
2024-11-11 20:15:00,223.34,223.74001,223.31,223.63499,876650,0,0
2024-11-11 20:30:00,223.64,223.92999,223.625,223.755,988346,0,0
2024-11-11 20:45:00,223.755,224.35001,223.46001,224.25,2934504,0,0
2024-11-12 14:30:00,224.63,225.03999,223.58,223.965,3280187,0,0
2024-11-12 14:45:00,223.95,224.5,223.575,224.25999,1416834,0,0
2024-11-12 15:00:00,224.25,224.3721,223.66,223.91,1062561,0,0
2024-11-12 15:15:00,223.91499,224.235,223.69,224.17,863846,0,0
2024-11-12 15:30:00,224.205,224.72,224.17999,224.47681,1164349,0,0
2024-11-12 15:45:00,224.5,225.03,224.42999,224.60001,1103654,0,0
2024-11-12 16:00:00,224.59,225.3643,224.53,225.23,1146691,0,0
2024-11-12 16:15:00,225.23,225.59,224.935,225.0,1281573,0,1
2024-11-12 16:30:00,224.99989,225.2,224.83,224.92,802025,0,0
2024-11-12 16:45:00,224.91499,225.50999,224.8,224.96561,1242401,0,0
2024-11-12 17:00:00,224.96001,225.07001,224.62,224.78,1133917,0,0
2024-11-12 17:15:00,224.795,224.84,223.88499,223.92,896875,0,0
2024-11-12 17:30:00,223.92,224.39999,223.86,224.13,771170,0,0
2024-11-12 17:45:00,224.14,224.14999,223.386,223.41991,712087,0,0
2024-11-12 18:00:00,223.42,223.89751,223.355,223.86301,641269,0,0
2024-11-12 18:15:00,223.86,224.47,223.78,224.47,689858,0,0
2024-11-12 18:30:00,224.45,224.59,224.285,224.44,640233,0,0
2024-11-12 18:45:00,224.44501,224.53999,224.14,224.1498,650355,0,0
2024-11-12 19:00:00,224.14,224.67,224.14,224.62,738805,0,0
2024-11-12 19:15:00,224.62,224.7599,224.42,224.6199,529620,0,0
2024-11-12 19:30:00,224.63,224.64999,224.46001,224.55099,427092,0,0
2024-11-12 19:45:00,224.57001,224.7299,224.5201,224.53,485487,0,0
2024-11-12 20:00:00,224.53,224.67,224.4404,224.515,540670,0,0
2024-11-12 20:15:00,224.5,224.82001,224.46001,224.60001,763948,0,0
2024-11-12 20:30:00,224.59,224.8,223.9404,224.095,1920763,0,0
2024-11-12 20:45:00,224.095,224.8,223.96001,224.24001,3555109,0,0
2024-11-13 14:30:00,223.95,225.2099,223.34,223.3416,5902226,0,0
2024-11-13 14:45:00,223.03999,223.67,222.75999,223.53999,1615191,1,0
2024-11-13 15:00:00,223.55,224.16,223.41,223.60001,1604080,0,0
2024-11-13 15:15:00,223.5901,223.7,223.16,223.21001,949144,0,0
2024-11-13 15:30:00,223.24001,224.06,223.22501,223.94991,1044612,0,0
2024-11-13 15:45:00,223.95,224.3,223.89,224.05,936042,0,0
2024-11-13 16:00:00,224.05,224.47,224.03999,224.14999,923478,0,0
2024-11-13 16:15:00,224.14999,224.42999,224.11,224.395,980186,0,0
2024-11-13 16:30:00,224.4649,224.4825,223.77,223.80499,728983,0,0
2024-11-13 16:45:00,223.80499,224.60001,223.77499,224.55,792433,0,0
2024-11-13 17:00:00,224.55499,225.36,224.55499,225.19,968263,0,0
2024-11-13 17:15:00,225.2,225.55,224.92,225.02,835983,0,0
2024-11-13 17:30:00,225.02499,225.78,224.94,225.73,819411,0,0
2024-11-13 17:45:00,225.72501,226.61,225.72501,226.521,1505619,0,0
2024-11-13 18:00:00,226.53,226.64999,226.175,226.56,792579,0,0
2024-11-13 18:15:00,226.56,226.56,226.22,226.3638,565143,0,0
2024-11-13 18:30:00,226.36,226.42999,225.87669,225.92,796034,0,0
2024-11-13 18:45:00,225.92,226.09,225.82001,226.02499,966082,0,0
2024-11-13 19:00:00,226.03,226.22501,225.825,226.10001,695723,0,0
2024-11-13 19:15:00,226.09,226.13,225.7529,225.91991,576758,0,0
2024-11-13 19:30:00,225.91,225.9913,225.37,225.37,730125,0,0
2024-11-13 19:45:00,225.34,225.74989,225.34,225.42999,541962,0,0
2024-11-13 20:00:00,225.42,225.71989,225.11861,225.64999,960827,0,0
2024-11-13 20:15:00,225.64,225.73,225.35001,225.37019,756654,0,0
2024-11-13 20:30:00,225.38,225.86,225.215,225.82001,893694,0,0
2024-11-13 20:45:00,225.81,225.92,224.47,225.07001,4191960,0,0
2024-11-14 14:30:00,225.07001,226.48,225.07001,225.75,4194363,0,0
2024-11-14 14:45:00,225.75999,226.405,225.58501,225.7215,1342678,0,0
2024-11-14 15:00:00,225.72,225.72,225.05,225.6461,1312236,0,0
2024-11-14 15:15:00,225.62,226.60001,225.481,226.57001,1521803,0,0
2024-11-14 15:30:00,226.565,226.9187,226.34,226.91,1577387,0,0
2024-11-14 15:45:00,226.91,227.03,226.465,226.53,1055873,0,0
2024-11-14 16:00:00,226.52,227.06,226.36,226.67999,886374,0,0
2024-11-14 16:15:00,226.67999,226.85001,226.42,226.42,789801,0,0
2024-11-14 16:30:00,226.58,227.08,226.5,226.87,707280,0,0
2024-11-14 16:45:00,226.8788,227.005,226.595,226.7401,572584,0,0
2024-11-14 17:00:00,226.75,227.05,226.51221,226.845,488140,0,0
2024-11-14 17:15:00,226.85989,227.07001,226.66161,227.0,604706,0,0
2024-11-14 17:30:00,227.00999,227.71001,226.77,227.7,1070905,0,0
2024-11-14 17:45:00,227.7,228.23,227.34,227.925,1626633,0,0
2024-11-14 18:00:00,227.925,228.25,227.85001,228.075,758284,0,0
2024-11-14 18:15:00,228.08,228.64,228.00999,228.47279,871476,0,0
2024-11-14 18:30:00,228.47009,228.71001,228.38,228.7,725930,0,0
2024-11-14 18:45:00,228.70779,228.71001,227.83,228.06,842425,0,0
2024-11-14 19:00:00,228.05,228.87,228.03,228.46001,940701,0,0
2024-11-14 19:15:00,228.46001,228.55991,228.22,228.5275,801541,0,0
2024-11-14 19:30:00,228.50999,228.71001,228.435,228.58501,678603,0,0
2024-11-14 19:45:00,228.59,228.67999,228.21001,228.25999,756620,0,0
2024-11-14 20:00:00,228.27499,228.28,227.31,227.39999,1441413,0,0
2024-11-14 20:15:00,227.42,228.00999,226.99001,227.035,2349505,0,0
2024-11-14 20:30:00,227.035,227.86501,227.035,227.78,1339153,0,0
2024-11-14 20:45:00,227.8,228.38,227.61,228.19,2937629,0,0
2024-11-15 14:30:00,225.92,226.92,225.09,225.1201,7709725,0,0
2024-11-15 14:45:00,225.14999,225.64999,224.85001,225.07001,1655477,0,0
2024-11-15 15:00:00,225.065,225.3,224.64,224.675,1539593,0,0
2024-11-15 15:15:00,224.67999,224.94,224.44,224.63,1245140,0,0
2024-11-15 15:30:00,224.63,224.99001,224.50999,224.77499,871989,0,0
2024-11-15 15:45:00,224.8,225.17,224.59,224.62,1124374,0,0
2024-11-15 16:00:00,224.64,224.91,224.47,224.78999,903998,0,0
2024-11-15 16:15:00,224.78999,225.24001,224.77,225.235,840007,0,0
2024-11-15 16:30:00,225.231,225.31,224.91,225.14999,637095,0,0
2024-11-15 16:45:00,225.16499,225.48,225.03999,225.10001,918419,0,0
2024-11-15 17:00:00,225.10001,225.10001,224.67,224.995,753790,0,0
2024-11-15 17:15:00,224.995,225.17999,224.82001,224.87241,756104,0,0
2024-11-15 17:30:00,224.87,224.88,224.44,224.7,634770,0,0
2024-11-15 17:45:00,224.69501,224.82001,224.27,224.73,2376378,0,0
2024-11-15 18:00:00,224.735,224.85001,224.48,224.64,1309459,0,0
2024-11-15 18:15:00,224.64,224.95,224.53641,224.735,585624,0,0
2024-11-15 18:30:00,224.7,224.85001,224.52,224.75,990518,0,0
2024-11-15 18:45:00,224.75999,224.77,224.45,224.66499,554381,0,0
2024-11-15 19:00:00,224.67,224.96001,224.57001,224.66,998604,0,0
2024-11-15 19:15:00,224.675,224.75999,224.33,224.3999,514750,0,0
2024-11-15 19:30:00,224.39999,224.92999,224.3,224.84,655688,0,0
2024-11-15 19:45:00,224.82001,224.95,224.47,224.82001,558084,0,0
2024-11-15 20:00:00,224.825,225.31,224.8,224.875,1048509,0,0
2024-11-15 20:15:00,224.8745,225.17999,224.8,224.81,897530,0,0
2024-11-15 20:30:00,224.81,225.06,224.72501,224.8,1046078,0,0
2024-11-15 20:45:00,224.78999,225.24001,224.5699,224.92,3191858,0,0
2024-11-18 14:30:00,225.2,227.09,225.17999,226.96001,3506931,0,0
2024-11-18 14:45:00,226.94501,227.2,226.33009,226.82001,1837946,0,0
2024-11-18 15:00:00,226.85001,227.64999,226.73,227.64999,1456931,0,0
2024-11-18 15:15:00,227.64999,228.22,227.56,228.10001,1555126,0,0
2024-11-18 15:30:00,228.10001,228.7921,228.10001,228.49001,1325742,0,0
2024-11-18 15:45:00,228.49001,228.92101,228.37,228.42999,997968,0,0
2024-11-18 16:00:00,228.41,228.72,228.36,228.63,893610,0,0
2024-11-18 16:15:00,228.63,229.21001,228.57001,229.06,1116629,0,0
2024-11-18 16:30:00,229.06509,229.16,228.58,228.94501,685307,0,0
2024-11-18 16:45:00,228.94701,228.94701,228.37,228.53999,1287294,0,0
2024-11-18 17:00:00,228.53,228.77,228.36,228.72,527088,0,0
2024-11-18 17:15:00,228.715,228.88,228.58,228.75,432426,0,0
2024-11-18 17:30:00,228.745,229.07001,228.73,228.92,518677,0,0
2024-11-18 17:45:00,228.9101,229.6188,228.63499,229.60201,888334,0,0
2024-11-18 18:00:00,229.605,229.74001,229.3,229.33501,1179459,0,0
2024-11-18 18:15:00,229.33,229.4272,228.95,228.96719,647220,0,0
2024-11-18 18:30:00,228.96001,229.21001,228.77,228.82001,682118,0,0
2024-11-18 18:45:00,228.83,229.498,228.67999,229.446,569864,0,0
2024-11-18 19:00:00,229.44,229.44,228.995,229.00999,581614,0,0
2024-11-18 19:15:00,229.0,229.08,228.69611,228.815,670941,0,0
2024-11-18 19:30:00,228.82001,228.96001,228.72,228.94501,975708,0,0
2024-11-18 19:45:00,228.94501,229.08031,228.83501,228.855,476855,0,0
2024-11-18 20:00:00,228.85001,228.91,228.52,228.53,1014817,0,0
2024-11-18 20:15:00,228.53999,228.59,228.03371,228.06,935847,0,0
2024-11-18 20:30:00,228.05,228.06,227.66,227.77,908271,0,0
2024-11-18 20:45:00,227.77,228.24001,227.32001,227.99001,2706236,0,0
2024-11-19 14:30:00,226.795,228.545,226.66,228.005,3262033,1,0
2024-11-19 14:45:00,228.03999,228.55,227.49001,228.435,1079595,0,0
2024-11-19 15:00:00,228.42999,228.69991,228.03,228.55,982356,0,0
2024-11-19 15:15:00,228.55,228.86501,228.2184,228.85001,858604,0,0
2024-11-19 15:30:00,228.84,229.23,228.67999,229.03,830774,0,0
2024-11-19 15:45:00,229.035,229.45,229.03,229.05,771463,0,0
2024-11-19 16:00:00,229.07001,229.5,229.05,229.4288,660824,0,0
2024-11-19 16:15:00,229.42999,229.61,229.08501,229.31,696745,0,0
2024-11-19 16:30:00,229.33501,229.57001,229.19,229.526,581833,0,0
2024-11-19 16:45:00,229.52499,229.6799,229.25999,229.34,610471,0,0
2024-11-19 17:00:00,229.35001,229.66,229.19,229.6324,1720760,0,0
2024-11-19 17:15:00,229.6333,229.86,229.2101,229.855,939542,0,0
2024-11-19 17:30:00,229.855,230.16,229.6701,229.67999,1623041,0,0
2024-11-19 17:45:00,229.67999,229.7952,229.315,229.39999,571858,0,0
2024-11-19 18:00:00,229.39,229.75,229.25,229.75,655642,0,0
2024-11-19 18:15:00,229.74001,229.799,229.4816,229.58,579786,0,0
2024-11-19 18:30:00,229.5345,229.78,229.455,229.707,621705,0,0
2024-11-19 18:45:00,229.705,229.965,229.705,229.935,520409,0,0
2024-11-19 19:00:00,229.94,229.99001,229.81,229.92999,529499,0,0
2024-11-19 19:15:00,229.92,229.92,229.355,229.39,572007,0,0
2024-11-19 19:30:00,229.39,229.49001,228.77,228.86501,772811,0,0
2024-11-19 19:45:00,228.8699,228.99001,228.65269,228.78,707018,0,0
2024-11-19 20:00:00,228.78,228.88,228.53999,228.58501,699338,0,0
2024-11-19 20:15:00,228.58501,228.61,228.35001,228.44,703409,0,0
2024-11-19 20:30:00,228.42999,228.42999,228.03,228.2,827250,0,0
2024-11-19 20:45:00,228.17999,228.72,227.72,228.34,3124164,0,0
2024-11-20 14:30:00,228.105,229.92999,227.882,228.52,3993224,0,0
2024-11-20 14:45:00,228.5101,228.60001,227.59,227.63,1348843,0,0
2024-11-20 15:00:00,227.63,228.02,226.84,227.2103,1312813,0,0
2024-11-20 15:15:00,227.21001,227.22,226.42,226.515,952396,0,0
2024-11-20 15:30:00,226.52499,227.205,226.36,226.81,1010420,0,0
2024-11-20 15:45:00,226.80499,227.12,226.78999,226.94,575840,0,0
2024-11-20 16:00:00,226.95,227.14,226.27,226.38499,780538,0,0
2024-11-20 16:15:00,226.39999,226.49001,226.10001,226.17999,637936,0,0
2024-11-20 16:30:00,226.19,226.9234,225.89,226.92,979921,0,0
2024-11-20 16:45:00,226.91,227.7,226.81,227.48,832218,0,0
2024-11-20 17:00:00,227.47,227.5867,227.11,227.1712,487061,0,0
2024-11-20 17:15:00,227.19,227.22,226.59,226.8501,494114,0,0
2024-11-20 17:30:00,226.85001,227.2495,226.81,227.07001,475959,0,0
2024-11-20 17:45:00,227.07001,227.37,226.74001,226.895,676980,0,0
2024-11-20 18:00:00,226.88,227.13,226.83,226.86659,402379,0,0
2024-11-20 18:15:00,226.86,226.96001,226.38,226.81329,562722,0,0
2024-11-20 18:30:00,226.78999,227.00999,226.44,226.53,423364,0,0
2024-11-20 18:45:00,226.53,226.9463,226.395,226.91631,420853,0,0
2024-11-20 19:00:00,226.89999,226.94,226.64999,226.7699,408136,0,0
2024-11-20 19:15:00,226.7545,226.88499,226.61,226.81,349711,0,0
2024-11-20 19:30:00,226.81,227.25999,226.7,227.2399,399030,0,0
2024-11-20 19:45:00,227.23,227.46001,227.22,227.39999,670378,0,0
2024-11-20 20:00:00,227.39999,227.55,227.22,227.52,566463,0,0
2024-11-20 20:15:00,227.53,228.0,227.495,227.9749,679651,0,0
2024-11-20 20:30:00,227.97,228.86,227.97,228.56,1501845,0,0
2024-11-20 20:45:00,228.57001,229.0,228.35001,229.0,2625423,0,0
2024-11-21 14:30:00,228.78999,229.92,226.89011,227.276,4252546,0,0
2024-11-21 14:45:00,227.19,228.22,226.83,227.0,1854801,0,0
2024-11-21 15:00:00,227.0,227.02,225.7103,226.81,2226300,0,0
2024-11-21 15:15:00,226.85001,227.32001,225.81,225.95,1288664,0,0
2024-11-21 15:30:00,225.94,227.11501,225.83,226.98,1105289,1,0
2024-11-21 15:45:00,226.99001,228.345,226.92999,228.34,1492661,0,0
2024-11-21 16:00:00,228.34,228.88,228.07001,228.83,1314936,0,0
2024-11-21 16:15:00,228.8201,228.92,228.45,228.77,861744,0,0
2024-11-21 16:30:00,228.75,229.11501,228.55499,228.75,870601,0,0
2024-11-21 16:45:00,228.73,228.91,228.49001,228.86121,728519,0,0
2024-11-21 17:00:00,228.85001,229.08,228.60001,228.9805,1030412,0,0
2024-11-21 17:15:00,228.985,229.46989,228.75,229.28999,840113,0,0
2024-11-21 17:30:00,229.31,229.89,229.27,229.81,1030180,0,0
2024-11-21 17:45:00,229.8101,230.14999,229.53619,229.78329,1084603,0,0
2024-11-21 18:00:00,229.78,230.0499,229.72,229.89,562429,0,0
2024-11-21 18:15:00,229.89,229.965,229.645,229.84,523538,0,0
2024-11-21 18:30:00,229.85001,229.9337,229.47,229.67999,595712,0,0
2024-11-21 18:45:00,229.675,229.715,229.22,229.48,747885,0,0
2024-11-21 19:00:00,229.46001,229.66,229.32001,229.56,648789,0,0
2024-11-21 19:15:00,229.5425,229.62,229.23,229.36,920936,0,0
2024-11-21 19:30:00,229.38,229.425,229.12,229.27,652436,0,0
2024-11-21 19:45:00,229.2711,229.39,228.99001,229.38,552061,0,0
2024-11-21 20:00:00,229.38,229.58,229.34151,229.42,651875,0,0
2024-11-21 20:15:00,229.41,229.41991,229.03999,229.27,753976,0,0
2024-11-21 20:30:00,229.27,229.28999,228.58,228.78,1049993,0,0
2024-11-21 20:45:00,228.77,228.92,228.27,228.50999,3432655,0,0
2024-11-22 14:30:00,228.06,230.13,228.06,229.985,3093267,1,0
2024-11-22 14:45:00,229.99001,230.08,229.46001,229.89,1399104,0,0
2024-11-22 15:00:00,229.95,229.95,229.14011,229.42,1175037,0,0
2024-11-22 15:15:00,229.44,229.64,229.00999,229.28,904129,0,0
2024-11-22 15:30:00,229.28,229.92999,229.07001,229.8,999967,0,0
2024-11-22 15:45:00,229.8,229.92999,229.27,229.5,773222,0,0
2024-11-22 16:00:00,229.5,229.64999,229.17999,229.2617,1931268,0,0
2024-11-22 16:15:00,229.27,229.53999,228.83,229.48,750152,0,0
2024-11-22 16:30:00,229.4899,229.67,229.23,229.23,559356,0,0
2024-11-22 16:45:00,229.23,229.67999,228.97,229.5799,856975,0,0
2024-11-22 17:00:00,229.58,229.92999,229.53,229.91499,882763,0,0
2024-11-22 17:15:00,229.91499,230.12,229.77,229.985,973484,0,0
2024-11-22 17:30:00,229.985,230.06,229.675,229.7401,677667,0,0
2024-11-22 17:45:00,229.75999,230.53,229.70061,230.39011,1069577,0,0
2024-11-22 18:00:00,230.38,230.71989,230.2802,230.455,876171,0,0
2024-11-22 18:15:00,230.45,230.515,230.12,230.17999,578334,0,0
2024-11-22 18:30:00,230.16499,230.39,229.86011,229.92,667169,0,0
2024-11-22 18:45:00,229.92,230.0499,229.82001,229.875,787072,0,0
2024-11-22 19:00:00,229.87,229.9931,229.64,229.6586,546117,0,0
2024-11-22 19:15:00,229.66,229.66,229.33,229.44,938987,0,0
2024-11-22 19:30:00,229.44501,229.64,229.32001,229.55499,634845,0,0
2024-11-22 19:45:00,229.55499,229.60001,229.44009,229.49001,587103,0,0
2024-11-22 20:00:00,229.48,229.492,229.09,229.1701,624407,0,0
2024-11-22 20:15:00,229.17999,229.42999,228.92999,229.375,918932,0,0
2024-11-22 20:30:00,229.37,229.74989,229.31,229.505,989316,0,0
2024-11-22 20:45:00,229.5173,230.14999,229.32001,229.75999,3356223,0,0
2024-11-25 14:30:00,231.84,233.14999,231.42,233.14,5737205,0,0
2024-11-25 14:45:00,232.94,233.185,231.99001,232.60001,1747576,0,0
2024-11-25 15:00:00,232.56,232.58,231.83,231.99001,1444361,0,0
2024-11-25 15:15:00,231.98,232.11,231.6199,232.0,916670,0,0
2024-11-25 15:30:00,231.98,232.80099,231.73,232.66499,1264214,0,0
2024-11-25 15:45:00,232.66,232.69501,231.87,231.895,885660,0,0
2024-11-25 16:00:00,231.888,232.3199,231.7701,232.2383,826831,0,0
2024-11-25 16:15:00,232.23,232.28,231.7003,231.71001,823202,0,0
2024-11-25 16:30:00,231.705,231.85001,231.075,231.13,1028044,0,0
2024-11-25 16:45:00,231.14,231.42,230.89,230.89999,642986,0,0
2024-11-25 17:00:00,230.88,231.03,229.96001,230.03999,1272294,0,0
2024-11-25 17:15:00,230.03999,230.42841,229.99001,230.2068,738938,0,0
2024-11-25 17:30:00,230.2,230.48,229.7601,229.87,653926,0,0
2024-11-25 17:45:00,229.88,230.39999,229.74001,230.11,1146371,0,0
2024-11-25 18:00:00,230.105,230.33,230.075,230.33,618452,0,0
2024-11-25 18:15:00,230.3326,230.58,230.095,230.41499,529222,0,0
2024-11-25 18:30:00,230.425,230.61,230.25,230.325,494584,0,0
2024-11-25 18:45:00,230.32001,230.61,230.2,230.285,476532,0,0
2024-11-25 19:00:00,230.28,230.64999,230.24001,230.61,507413,0,0
2024-11-25 19:15:00,230.61,230.74001,230.25999,230.685,579262,0,0
2024-11-25 19:30:00,230.66499,230.67999,230.30499,230.64999,684442,0,0
2024-11-25 19:45:00,230.645,230.85001,230.60001,230.67999,576486,0,0
2024-11-25 20:00:00,230.67999,230.71809,230.27499,230.32001,757675,0,0
2024-11-25 20:15:00,230.33,230.57651,230.095,230.52,733428,0,0
2024-11-25 20:30:00,230.5013,230.69501,230.22,230.35001,1043084,0,0
2024-11-25 20:45:00,230.355,233.17,229.845,232.88,10301724,0,0
2024-11-26 14:30:00,234.09,234.99001,233.47501,234.56,6133428,0,0
2024-11-26 14:45:00,234.57001,235.435,234.47,234.81,2850577,0,0
2024-11-26 15:00:00,234.78,235.0,233.78,233.92999,1857892,0,0
2024-11-26 15:15:00,233.935,234.52,233.64999,234.36,2137746,0,0
2024-11-26 15:30:00,234.36,235.44,234.21001,235.44,1502745,0,0
2024-11-26 15:45:00,235.44,235.57001,234.98,235.16991,1658039,0,0
2024-11-26 16:00:00,235.17,235.4487,235.07001,235.284,958043,0,0
2024-11-26 16:15:00,235.28999,235.46001,234.94,235.03999,854774,0,0
2024-11-26 16:30:00,235.03999,235.10471,234.66,234.77,935251,0,0
2024-11-26 16:45:00,234.77,235.06,234.61011,235.03,694554,0,0
2024-11-26 17:00:00,235.02,235.06,234.48,234.50999,716395,0,0
2024-11-26 17:15:00,234.50999,234.52,234.27,234.48,634546,0,0
2024-11-26 17:30:00,234.48,234.96001,234.42999,234.77,764494,0,0
2024-11-26 17:45:00,234.75999,235.17999,234.715,235.0,1329514,0,0
2024-11-26 18:00:00,235.005,235.0298,234.58,234.735,840309,0,0
2024-11-26 18:15:00,234.74001,234.77,234.35001,234.50999,581568,0,0
2024-11-26 18:30:00,234.50999,234.75,234.44501,234.715,449050,0,0
2024-11-26 18:45:00,234.72,235.08,234.48,235.08,742091,0,0
2024-11-26 19:00:00,235.07001,235.10001,234.64,234.965,851135,0,0
2024-11-26 19:15:00,234.965,235.0,234.56,234.92999,710312,0,0
2024-11-26 19:30:00,234.925,235.0284,234.75,234.84,600123,0,0
2024-11-26 19:45:00,234.84,235.0,234.73,234.92,590611,0,0
2024-11-26 20:00:00,234.91,235.24001,234.855,235.17999,861359,0,0
2024-11-26 20:15:00,235.175,235.25,234.73,234.81,948509,0,0
2024-11-26 20:30:00,234.81,234.91,234.64,234.7679,1140520,0,0
2024-11-26 20:45:00,234.77,235.28,234.58,235.08,4318311,0,0
2024-11-27 14:30:00,234.465,235.67999,233.85001,234.298,3041829,0,0
2024-11-27 14:45:00,234.28999,234.39,233.8101,234.32001,1313945,0,0
2024-11-27 15:00:00,234.33,235.41,233.9796,234.985,1480348,0,0
2024-11-27 15:15:00,234.99001,235.47861,234.75079,235.16,1222002,0,0
2024-11-27 15:30:00,235.16,235.57001,234.78999,235.55009,1179137,0,0
2024-11-27 15:45:00,235.55,235.69,234.59,234.62,1088307,0,0
2024-11-27 16:00:00,234.62,234.7381,234.1546,234.64999,925447,0,0
2024-11-27 16:15:00,234.64,234.8,234.265,234.67,616701,0,0
2024-11-27 16:30:00,234.6201,234.89,234.36,234.36279,577705,0,0
2024-11-27 16:45:00,234.37,234.5269,234.12,234.35249,831063,0,0
2024-11-27 17:00:00,234.35001,234.46001,233.98,234.285,965984,0,0
2024-11-27 17:15:00,234.285,234.60001,234.27,234.57001,471079,0,0
2024-11-27 17:30:00,234.56,234.71001,234.40939,234.58,943562,0,0
2024-11-27 17:45:00,234.55,234.74001,234.4126,234.73,375015,0,0
2024-11-27 18:00:00,234.73,235.0,234.6125,234.9845,580113,0,0
2024-11-27 18:15:00,234.98,235.0,234.75,234.78011,426822,0,0
2024-11-27 18:30:00,234.78,234.95,234.71001,234.9225,325119,0,0
2024-11-27 18:45:00,234.92,235.02,234.8,234.92999,394970,0,0
2024-11-27 19:00:00,234.925,235.03,234.78,235.02499,514521,0,0
2024-11-27 19:15:00,235.03,235.1371,234.89,234.98,448547,0,0
2024-11-27 19:30:00,234.98,235.1387,234.94,235.10291,389936,0,0
2024-11-27 19:45:00,235.11,235.25,235.05,235.06,647738,0,0
2024-11-27 20:00:00,235.06129,235.2,234.9317,234.9389,525474,0,0
2024-11-27 20:15:00,234.94,234.99001,234.735,234.845,482567,0,0
2024-11-27 20:30:00,234.84,234.94,234.58501,234.71001,682081,0,0
2024-11-27 20:45:00,234.7211,235.09,234.71001,234.99001,2237301,0,0
2024-11-29 14:30:00,234.84,235.645,233.97,235.38,2658738,0,0
2024-11-29 14:45:00,235.38,235.69,235.05,235.69,995742,0,0
2024-11-29 15:00:00,235.64,235.89,235.3,235.50999,1162965,0,0
2024-11-29 15:15:00,235.5,235.55,235.14,235.345,715062,0,0
2024-11-29 15:30:00,235.35001,235.83501,235.34,235.575,805655,0,0
2024-11-29 15:45:00,235.575,235.83,235.39999,235.81,703120,0,0
2024-11-29 16:00:00,235.82001,236.37,235.75,236.36,1511118,0,0
2024-11-29 16:15:00,236.3613,236.5999,236.16,236.39999,977739,0,0
2024-11-29 16:30:00,236.38,236.5,236.28999,236.39999,608752,0,0
2024-11-29 16:45:00,236.39999,237.13499,236.39999,237.05499,1399447,0,0
2024-11-29 17:00:00,237.06,237.14999,236.71381,236.98,905317,0,0
2024-11-29 17:15:00,236.97,236.97,236.37,236.37,929546,0,0
2024-11-29 17:30:00,236.37,236.89,236.37,236.83141,891698,0,0
2024-11-29 17:45:00,236.81,237.81,236.78011,237.4567,3601485,0,0
2024-11-29 18:00:00,237.46001,237.46001,237.33,237.33,10457472,0,0
2024-11-29 20:45:00,237.33,237.33,237.33,237.33,100855,0,0
2024-12-02 14:30:00,237.27,239.60001,237.16,238.46001,5144093,0,0
2024-12-02 14:45:00,238.455,239.35001,238.37,239.30499,1678061,0,0
2024-12-02 15:00:00,239.28,239.88,238.97,239.73,1796491,0,0
2024-12-02 15:15:00,239.7305,240.28,239.58,240.27,2524597,0,0
2024-12-02 15:30:00,240.27,240.78999,240.19,240.2,1859461,0,0
2024-12-02 15:45:00,240.2,240.48,239.8,240.09,1339465,0,0
2024-12-02 16:00:00,240.09,240.1619,239.62,240.095,1029467,0,0
2024-12-02 16:15:00,240.11,240.24001,239.44,239.83,1740207,0,0
2024-12-02 16:30:00,239.82719,239.92,239.36,239.88,857996,0,0
2024-12-02 16:45:00,239.88,240.0,239.73,239.9558,731436,0,0
2024-12-02 17:00:00,239.95,240.19,239.77499,239.84,596051,0,0
2024-12-02 17:15:00,239.85001,240.2,239.75999,239.83,664892,0,0
2024-12-02 17:30:00,239.84,240.0,239.71001,239.74001,496309,0,0
2024-12-02 17:45:00,239.74001,239.84,239.50999,239.5101,611044,0,0
2024-12-02 18:00:00,239.50999,239.72,239.24001,239.274,917985,0,0
2024-12-02 18:15:00,239.27,239.5999,239.25999,239.44,1573687,0,0
2024-12-02 18:30:00,239.42,239.5,239.24001,239.3582,496433,0,0
2024-12-02 18:45:00,239.35001,239.50999,239.03,239.1488,728592,0,0
2024-12-02 19:00:00,239.14011,239.4198,239.03,239.11,720853,0,0
2024-12-02 19:15:00,239.1042,239.35001,239.10001,239.33,426216,0,0
2024-12-02 19:30:00,239.33,239.46989,239.25011,239.36,561317,0,0
2024-12-02 19:45:00,239.36,239.67,239.34,239.64,611242,0,0
2024-12-02 20:00:00,239.64,239.73,239.34,239.4901,645987,0,0
2024-12-02 20:15:00,239.49001,239.84,239.35001,239.78999,679027,0,0
2024-12-02 20:30:00,239.78999,239.94,239.61501,239.73,796536,0,0
2024-12-02 20:45:00,239.72,239.87,239.05,239.60001,3062358,0,0
2024-12-03 14:30:00,239.92,239.94,238.9003,239.61501,3442984,0,0
2024-12-03 14:45:00,239.61,240.92,239.59,240.89,1935928,0,0
2024-12-03 15:00:00,240.86,241.24001,240.57001,241.23,1868305,0,0
2024-12-03 15:15:00,241.23621,241.3699,240.36,240.47,1301091,0,0
2024-12-03 15:30:00,240.47501,241.14999,240.45,240.875,1452467,0,0
2024-12-03 15:45:00,240.875,241.24001,240.72009,241.19051,960015,0,0
2024-12-03 16:00:00,241.19,241.22,240.85001,240.94991,811356,0,0
2024-12-03 16:15:00,240.94,241.34,240.81,241.33,738498,0,0
2024-12-03 16:30:00,241.33,241.39,240.98199,241.22,933822,0,0
2024-12-03 16:45:00,241.22,241.53799,241.19501,241.41,907845,0,0
2024-12-03 17:00:00,241.41,241.63499,241.36,241.41,684996,0,0
2024-12-03 17:15:00,241.41,241.55,241.21001,241.265,626029,0,0
2024-12-03 17:30:00,241.265,241.52,241.145,241.49001,624087,0,0
2024-12-03 17:45:00,241.495,241.69991,241.49001,241.66859,526184,0,0
2024-12-03 18:00:00,241.6601,241.69791,241.33,241.34,493862,0,0
2024-12-03 18:15:00,241.345,241.66,241.32001,241.42,513411,0,0
2024-12-03 18:30:00,241.42,241.82001,241.345,241.66499,747202,0,0
2024-12-03 18:45:00,241.66,241.795,241.58121,241.72501,478404,0,0
2024-12-03 19:00:00,241.72501,242.065,241.67,241.97501,1105558,0,0
2024-12-03 19:15:00,241.979,242.17,241.765,242.14999,980497,0,0
2024-12-03 19:30:00,242.155,242.22501,242.06,242.1183,781393,0,0
2024-12-03 19:45:00,242.11501,242.46001,242.07001,242.38,869072,0,0
2024-12-03 20:00:00,242.38,242.38,241.91,241.94009,834494,0,0
2024-12-03 20:15:00,241.94,242.11,241.85001,242.05321,789520,0,0
2024-12-03 20:30:00,242.06,242.3999,242.06,242.35001,905636,0,0
2024-12-03 20:45:00,242.34,242.755,242.14999,242.63,2798697,0,0
2024-12-04 14:30:00,242.88,243.756,242.50999,243.02,3317972,0,0
2024-12-04 14:45:00,243.05499,243.88,243.02,243.57001,1612139,0,0
2024-12-04 15:00:00,243.53999,244.105,243.14999,243.55,2150840,0,0
2024-12-04 15:15:00,243.57001,243.67,243.24001,243.45,1328914,0,0
2024-12-04 15:30:00,243.44,243.69,243.27,243.39999,925880,0,0
2024-12-04 15:45:00,243.39999,243.63,243.17999,243.465,902553,0,0
2024-12-04 16:00:00,243.47,243.82001,243.28,243.35001,733040,0,0
2024-12-04 16:15:00,243.34,243.39,242.85001,242.905,914791,0,0
2024-12-04 16:30:00,242.905,242.9099,242.11,242.14999,1669540,0,0
2024-12-04 16:45:00,242.1548,242.60001,242.14999,242.5,3432983,0,0
2024-12-04 17:00:00,242.48,242.485,241.92,242.065,931099,0,0
2024-12-04 17:15:00,242.05,242.17999,241.25,242.0399,1149792,0,0
2024-12-04 17:30:00,242.03999,242.16,241.64,241.94501,599157,0,0
2024-12-04 17:45:00,241.955,242.5,241.94,242.3687,604840,0,0
2024-12-04 18:00:00,242.36501,242.48689,242.26331,242.33501,512069,0,0
2024-12-04 18:15:00,242.34,242.50999,242.21001,242.2587,473834,0,0
2024-12-04 18:30:00,242.24001,242.285,241.92999,242.12,520062,0,0
2024-12-04 18:45:00,242.13989,242.88,242.13989,242.50999,676598,0,0
2024-12-04 19:00:00,242.52499,242.89999,242.39,242.83,1325091,0,0
2024-12-04 19:15:00,242.84,243.17641,242.82001,243.07001,533701,0,0
2024-12-04 19:30:00,243.06,243.125,242.78,242.87,597925,0,0
2024-12-04 19:45:00,242.88,243.0,242.82001,242.9101,925717,0,0
2024-12-04 20:00:00,242.91,243.0,242.83,242.935,612677,0,0
2024-12-04 20:15:00,242.92999,243.05,242.88499,242.985,615331,0,0
2024-12-04 20:30:00,242.985,243.19,242.85001,243.075,877650,0,0
2024-12-04 20:45:00,243.075,243.53999,242.8261,243.02,2860887,0,0
2024-12-05 14:30:00,244.05,244.53999,242.7128,243.1501,4036529,0,1
2024-12-05 14:45:00,243.155,243.52,243.0,243.5,1587530,0,0
2024-12-05 15:00:00,243.455,243.57001,243.05,243.12,1528855,0,0
2024-12-05 15:15:00,243.12,243.205,242.77,242.92999,1136483,0,0
2024-12-05 15:30:00,242.92999,243.08,242.67,242.92,900349,0,0
2024-12-05 15:45:00,242.91,242.97,242.24001,242.35001,1116909,0,0
2024-12-05 16:00:00,242.37,242.77,242.23,242.595,911778,0,0
2024-12-05 16:15:00,242.60001,242.75999,242.47,242.55,668548,0,0
2024-12-05 16:30:00,242.545,242.58501,242.33,242.46001,1834411,0,0
2024-12-05 16:45:00,242.47,242.66991,242.31,242.63,607088,0,0
2024-12-05 17:00:00,242.625,243.2505,242.46001,243.1884,841259,0,0
2024-12-05 17:15:00,243.185,243.4099,243.1109,243.36,979684,0,0
2024-12-05 17:30:00,243.35831,243.37,243.03,243.08,754661,0,0
2024-12-05 17:45:00,243.09,243.245,242.78999,242.89,835339,0,0
2024-12-05 18:00:00,242.89,243.14,242.85001,243.11501,640414,0,0
2024-12-05 18:15:00,243.11,243.25,242.61,242.88499,742821,0,0
2024-12-05 18:30:00,242.89,243.32269,242.84,243.13,768749,0,0
2024-12-05 18:45:00,243.13,243.25999,242.95,243.215,436055,0,0
2024-12-05 19:00:00,243.2299,243.59,243.0,243.5401,710878,0,0
2024-12-05 19:15:00,243.545,243.69,243.25999,243.28,597910,0,0
2024-12-05 19:30:00,243.285,243.36,242.97,243.0799,1073555,0,0
2024-12-05 19:45:00,243.07249,243.1299,242.98,243.11501,427136,0,0
2024-12-05 20:00:00,243.12,243.27,242.89,242.99001,733337,0,0
2024-12-05 20:15:00,242.99001,243.02,242.745,242.90581,840463,0,0
2024-12-05 20:30:00,242.905,242.9969,242.73,242.92999,956365,0,0
2024-12-05 20:45:00,242.924,243.08,242.13,243.08,3540973,0,0
2024-12-06 14:30:00,242.87,243.14,242.08,243.08,2750745,0,0
2024-12-06 14:45:00,243.08,244.2,243.07001,243.64,2274809,0,0
2024-12-06 15:00:00,243.69,244.63,243.59,244.17,1567973,0,0
2024-12-06 15:15:00,244.17999,244.31,243.03999,243.44,1303920,0,0
2024-12-06 15:30:00,243.45,243.74001,243.42,243.63,740144,0,0
2024-12-06 15:45:00,243.64,243.66,243.27499,243.5986,775329,0,0
2024-12-06 16:00:00,243.60001,244.10001,243.595,243.69,830663,0,0
2024-12-06 16:15:00,243.7,243.8829,243.50999,243.582,727361,0,0
2024-12-06 16:30:00,243.58,243.84,243.57001,243.69,571394,0,0
2024-12-06 16:45:00,243.69479,243.75,243.63499,243.64999,658298,0,0
2024-12-06 17:00:00,243.66,243.7299,243.21001,243.32001,883038,0,0
2024-12-06 17:15:00,243.32001,243.73,243.32001,243.60001,530478,0,0
2024-12-06 17:30:00,243.59,243.61501,242.94,243.0,852867,0,0
2024-12-06 17:45:00,243.0,243.1898,242.94,243.07001,547954,0,0
2024-12-06 18:00:00,243.05,243.2599,242.94,243.19501,470563,0,0
2024-12-06 18:15:00,243.22,243.355,243.1405,243.2641,444536,0,0
2024-12-06 18:30:00,243.25999,243.37,243.03999,243.34,453262,0,0
2024-12-06 18:45:00,243.3486,243.64,243.28,243.625,518596,0,0
2024-12-06 19:00:00,243.625,243.63,243.10001,243.41409,666635,0,0
2024-12-06 19:15:00,243.41499,243.53,243.125,243.1627,795919,0,0
2024-12-06 19:30:00,243.16,243.2,242.912,243.03999,1633751,0,0
2024-12-06 19:45:00,243.0257,243.28,242.96001,242.9601,576493,0,0
2024-12-06 20:00:00,242.95,243.33,242.8701,243.245,643231,0,0
2024-12-06 20:15:00,243.25,243.39999,242.995,243.05,678016,0,0
2024-12-06 20:30:00,243.05,243.14999,242.92039,242.98,816857,0,0
2024-12-06 20:45:00,242.99001,243.0379,242.2,242.86,3768679,0,0
2024-12-09 14:30:00,241.83,243.36,241.75999,243.27,2656262,1,0
2024-12-09 14:45:00,243.255,244.1497,243.255,243.92999,1739059,0,0
2024-12-09 15:00:00,243.92,244.72,243.761,244.41499,1493941,0,0
2024-12-09 15:15:00,244.45,244.66,244.0201,244.50999,874024,0,0
2024-12-09 15:30:00,244.48,245.36,244.42,245.24001,2151294,0,0
2024-12-09 15:45:00,245.23,246.28,245.03999,246.03999,1919014,0,0
2024-12-09 16:00:00,246.03,246.9791,246.002,246.885,1919660,0,0
2024-12-09 16:15:00,246.91,247.2388,246.32001,246.47,1906930,0,0
2024-12-09 16:30:00,246.485,247.05,246.31,246.41,1100578,0,0
2024-12-09 16:45:00,246.41,247.11,246.33,246.89,968628,0,0
2024-12-09 17:00:00,246.87,247.19,246.58,247.14,809633,0,0
2024-12-09 17:15:00,247.14999,247.24001,246.705,246.7903,860139,0,0
2024-12-09 17:30:00,246.825,247.01511,246.44,246.705,612467,0,0
2024-12-09 17:45:00,246.7,246.89999,245.71001,246.21899,1288290,0,0
2024-12-09 18:00:00,246.25,246.59,246.09,246.47,673417,0,0
2024-12-09 18:15:00,246.47,247.00999,246.46001,246.9054,641044,0,0
2024-12-09 18:30:00,246.89,246.89,246.38,246.53,574101,0,0
2024-12-09 18:45:00,246.57001,246.83701,246.42,246.735,530377,0,0
2024-12-09 19:00:00,246.73,246.75,246.25999,246.27,490230,0,0
2024-12-09 19:15:00,246.27499,246.435,246.06,246.095,515685,0,0
2024-12-09 19:30:00,246.095,246.3299,245.89999,246.16,604329,0,0
2024-12-09 19:45:00,246.14999,246.48,246.09,246.42661,593739,0,0
2024-12-09 20:00:00,246.425,246.5,246.21001,246.42999,602778,0,0
2024-12-09 20:15:00,246.44,246.78,246.3,246.75999,835353,0,0
2024-12-09 20:30:00,246.78,247.09,246.56,246.5755,1150000,0,0
2024-12-09 20:45:00,246.57001,247.0,246.11,246.81,4095539,0,0
2024-12-10 14:30:00,246.95,247.6501,245.81,246.9865,4270797,0,0
2024-12-10 14:45:00,246.98,247.78709,246.89,247.655,1583766,0,0
2024-12-10 15:00:00,247.64,247.67999,246.7,247.0899,1115210,0,0
2024-12-10 15:15:00,247.08,247.31,246.60001,246.73,999524,0,0
2024-12-10 15:30:00,246.735,246.92,246.27,246.30499,1023754,0,0
2024-12-10 15:45:00,246.30499,246.46001,245.83,245.8885,1078415,0,0
2024-12-10 16:00:00,245.88499,246.25999,245.57001,245.85339,969905,0,0
2024-12-10 16:15:00,245.84599,245.875,245.342,245.67,772988,0,0
2024-12-10 16:30:00,245.67,246.44,245.61,246.38,810592,1,0
2024-12-10 16:45:00,246.37,246.53999,246.2,246.39999,532740,0,0
2024-12-10 17:00:00,246.39999,246.91,246.39999,246.6207,600834,0,0
2024-12-10 17:15:00,246.64,247.17999,246.59,247.07001,724861,0,0
2024-12-10 17:30:00,247.06,247.32001,246.97,247.17751,468996,0,0
2024-12-10 17:45:00,247.2,247.2899,246.78011,246.85001,450053,0,0
2024-12-10 18:00:00,246.8513,247.03,246.72,246.77499,462130,0,0
2024-12-10 18:15:00,246.77,247.47839,246.77,247.4066,779180,0,0
2024-12-10 18:30:00,247.405,247.71001,247.35001,247.59,589195,0,0
2024-12-10 18:45:00,247.60001,247.78,247.55,247.61169,523565,0,0
2024-12-10 19:00:00,247.62,247.8,247.56,247.7977,596810,0,0
2024-12-10 19:15:00,247.795,247.795,247.37,247.42999,616732,0,0
2024-12-10 19:30:00,247.42999,247.649,247.41,247.595,684209,0,0
2024-12-10 19:45:00,247.595,248.09,247.58009,248.03,1181354,0,0
2024-12-10 20:00:00,248.03,248.21001,247.52,247.78999,1405431,0,0
2024-12-10 20:15:00,247.79401,247.83,247.5,247.72,867460,0,0
2024-12-10 20:30:00,247.72501,248.07001,247.64,247.8499,1043167,0,0
2024-12-10 20:45:00,247.85001,247.9099,247.37,247.8,2564635,0,0
2024-12-11 14:30:00,247.94501,249.47,247.64999,249.27,3975913,0,0
2024-12-11 14:45:00,249.2916,249.8,249.10001,249.30499,1922544,0,0
2024-12-11 15:00:00,249.30499,249.99001,249.13,249.67999,1367011,0,0
2024-12-11 15:15:00,249.6817,249.92999,249.35001,249.42999,1101900,0,0
2024-12-11 15:30:00,249.42999,250.2,249.395,249.655,2365825,0,0
2024-12-11 15:45:00,249.655,250.2,249.63499,250.1405,932862,0,0
2024-12-11 16:00:00,250.14999,250.8,249.92999,250.2498,1647785,0,0
2024-12-11 16:15:00,250.245,250.64999,249.99001,250.44,1639280,0,0
2024-12-11 16:30:00,250.42,250.42,249.57001,249.625,902012,0,0
2024-12-11 16:45:00,249.61501,249.8961,249.34,249.50999,622812,0,0
2024-12-11 17:00:00,249.52,249.78,249.39,249.586,729298,0,0
2024-12-11 17:15:00,249.58,249.84,249.53999,249.6814,538561,0,0
2024-12-11 17:30:00,249.67999,249.78,249.37,249.48,448854,0,0
2024-12-11 17:45:00,249.485,249.485,249.09,249.22501,535195,0,0
2024-12-11 18:00:00,249.22501,249.48,249.13,249.19501,574426,0,0
2024-12-11 18:15:00,249.21001,249.25,248.97,249.10001,475934,0,0
2024-12-11 18:30:00,249.09,249.16499,248.88,249.0,505237,0,0
2024-12-11 18:45:00,248.99001,248.99001,248.35001,248.37109,1052031,0,0
2024-12-11 19:00:00,248.38,248.57001,248.0863,248.4857,753559,0,0
2024-12-11 19:15:00,248.485,248.5799,248.21001,248.28,548791,0,0
2024-12-11 19:30:00,248.28011,248.44,248.03,248.03999,630819,0,0
2024-12-11 19:45:00,248.0435,248.075,247.58,247.81,998057,0,0
2024-12-11 20:00:00,247.815,247.91991,247.39,247.515,946970,0,0
2024-12-11 20:15:00,247.515,247.52499,247.05,247.14999,1127431,0,0
2024-12-11 20:30:00,247.14,247.16,246.7841,246.91,1277229,0,0
2024-12-11 20:45:00,246.91499,247.07001,246.2601,246.42999,3969781,0,0
2024-12-12 14:30:00,246.94501,247.58,245.67999,246.07001,4263693,0,0
2024-12-12 14:45:00,246.05,246.655,245.84,246.56,969849,1,0
2024-12-12 15:00:00,246.58,247.13,245.99001,247.13,1225260,0,0
2024-12-12 15:15:00,247.12,248.12,247.02,247.99001,1274305,0,0
2024-12-12 15:30:00,247.99001,248.57001,247.98,247.99001,1960219,0,0
2024-12-12 15:45:00,247.9883,248.37,247.8721,248.03999,995747,0,0
2024-12-12 16:00:00,248.05,248.20129,247.66,247.89,1175097,0,0
2024-12-12 16:15:00,247.89999,248.59959,247.82001,248.47099,668653,0,0
2024-12-12 16:30:00,248.48,248.5499,248.14,248.25999,418526,0,0
2024-12-12 16:45:00,248.25,248.37,248.0887,248.19031,437366,0,0
2024-12-12 17:00:00,248.19,248.36,247.99001,248.27699,640808,0,0
2024-12-12 17:15:00,248.28999,248.4265,248.06,248.0928,570422,0,0
2024-12-12 17:30:00,248.09,248.24071,247.64,248.22,597288,0,0
2024-12-12 17:45:00,248.22501,248.55,248.1013,248.55,418788,0,0
2024-12-12 18:00:00,248.53999,248.74001,248.34,248.6512,488854,0,0
2024-12-12 18:15:00,248.64999,248.74001,248.47,248.53,522306,0,0
2024-12-12 18:30:00,248.52,248.64999,248.47,248.505,387805,0,0
2024-12-12 18:45:00,248.5025,248.60001,248.42101,248.52361,431885,0,0
2024-12-12 19:00:00,248.5209,248.74001,248.42,248.45,497099,0,0
2024-12-12 19:15:00,248.4612,248.505,248.0,248.02,657358,0,0
2024-12-12 19:30:00,248.015,248.21001,247.8,247.965,429352,0,0
2024-12-12 19:45:00,247.9501,248.1299,247.88,247.935,381257,0,0
2024-12-12 20:00:00,247.92,247.94501,247.45,247.59,541178,0,0
2024-12-12 20:15:00,247.58501,247.8799,247.58,247.75,575927,0,0
2024-12-12 20:30:00,247.75999,248.1299,247.74001,247.92,656035,0,0
2024-12-12 20:45:00,247.91499,248.2,247.91499,247.95,2018186,0,0
2024-12-13 14:30:00,247.88,249.29021,247.7,248.9624,2055309,0,0
2024-12-13 14:45:00,248.985,249.0759,248.14011,248.37,890547,0,1
2024-12-13 15:00:00,248.37,248.39,247.56,247.739,893762,0,0
2024-12-13 15:15:00,247.74001,247.8499,247.35001,247.55,731442,0,0
2024-12-13 15:30:00,247.58,247.95,247.10001,247.35001,626773,0,0
2024-12-13 15:45:00,247.33,247.63,246.96001,247.2309,584313,0,0
2024-12-13 16:00:00,247.24001,247.31,246.5,246.62,704884,0,0
2024-12-13 16:15:00,246.63,247.14,246.51511,246.625,545766,0,0
2024-12-13 16:30:00,246.7701,247.03,246.42999,246.60001,810234,0,0
2024-12-13 16:45:00,246.605,246.78999,246.41,246.72,362412,0,0
2024-12-13 17:00:00,246.71001,246.72501,246.33,246.355,425798,0,0
2024-12-13 17:15:00,246.355,246.59,246.24001,246.46001,324632,0,0
2024-12-13 17:30:00,246.47,246.88,246.34,246.60899,386226,0,0
2024-12-13 17:45:00,246.605,246.78,246.47,246.58,232800,0,0
2024-12-13 18:00:00,246.58,246.89999,246.56,246.76759,233305,0,0
2024-12-13 18:15:00,246.75,247.25999,246.7202,247.19,362345,0,0
2024-12-13 18:30:00,247.175,247.63,247.1601,247.5965,428135,0,0
2024-12-13 18:45:00,247.59,247.88,247.57001,247.85001,340297,0,0
2024-12-13 19:00:00,247.845,248.015,247.58,247.62,412260,0,0
2024-12-13 19:15:00,247.66499,247.94,247.61011,247.91,303178,0,0
2024-12-13 19:30:00,247.905,248.03,247.80499,247.825,284673,0,0
2024-12-13 19:45:00,247.825,247.97,247.64,247.87,710483,0,0
2024-12-13 20:00:00,247.87,247.99001,247.82001,247.9599,388717,0,0
2024-12-13 20:15:00,247.95,248.10001,247.78011,248.02,471577,0,0
2024-12-13 20:30:00,248.02,248.28,247.95,248.06,488637,0,0
2024-12-13 20:45:00,248.14999,248.29871,247.89,248.13,1542401,0,0
2024-12-16 14:30:00,248.0,250.0,247.64999,249.7,3778383,0,0
2024-12-16 14:45:00,249.71001,249.78999,248.535,248.605,1279624,0,0
2024-12-16 15:00:00,248.61501,249.23,248.49001,249.14999,1285872,0,0
2024-12-16 15:15:00,249.16,249.24001,248.7,249.06,1543002,0,0
2024-12-16 15:30:00,249.03,249.47,248.82001,249.21001,610026,0,0
2024-12-16 15:45:00,249.205,249.48869,249.12,249.3,873928,0,0
2024-12-16 16:00:00,249.3,249.9399,249.13,249.89,972583,0,0
2024-12-16 16:15:00,249.895,249.96001,249.62,249.67,834785,0,0
2024-12-16 16:30:00,249.71001,249.89999,249.535,249.88,793573,0,0
2024-12-16 16:45:00,249.8714,250.28999,249.78,250.27499,1825104,0,0
2024-12-16 17:00:00,250.27,250.3,249.77049,250.10049,705411,0,0
2024-12-16 17:15:00,250.11501,250.23,249.86,250.06,642475,0,0
2024-12-16 17:30:00,250.06,250.64999,250.0526,250.6371,899156,0,0
2024-12-16 17:45:00,250.6441,251.37891,250.5,251.2859,1354787,0,0
2024-12-16 18:00:00,251.2863,251.2863,250.75999,251.1001,877133,0,0
2024-12-16 18:15:00,251.105,251.27,250.95,251.11,610811,0,0
2024-12-16 18:30:00,251.09,251.1178,250.58,251.1176,742951,0,0
2024-12-16 18:45:00,251.12,251.24719,250.85001,250.86,632859,0,0
2024-12-16 19:00:00,250.86,251.12,250.73,251.12,725494,0,0
2024-12-16 19:15:00,251.125,251.21001,250.8,250.80009,828357,0,0
2024-12-16 19:30:00,250.81,250.9599,250.67999,250.94501,632862,0,0
2024-12-16 19:45:00,250.94,251.0002,250.71001,250.81,1082616,0,0
2024-12-16 20:00:00,250.81,250.82001,250.21001,250.5,832727,0,0
2024-12-16 20:15:00,250.495,250.75,250.3176,250.69501,748709,0,0
2024-12-16 20:30:00,250.7,250.799,250.205,250.22,730050,0,0
2024-12-16 20:45:00,250.19,251.10001,249.95,251.03999,3025878,0,0
2024-12-17 14:30:00,250.13499,252.8604,249.78999,252.78,3923523,0,0
2024-12-17 14:45:00,252.75,252.98,251.92999,252.03999,1723726,0,0
2024-12-17 15:00:00,252.03999,252.58,251.81,251.94,1326100,0,0
2024-12-17 15:15:00,251.96001,252.5199,251.86,252.27,1299457,0,0
2024-12-17 15:30:00,252.255,252.39,251.77,252.36,1011813,0,0
2024-12-17 15:45:00,252.35001,252.67999,252.11,252.36,741873,0,0
2024-12-17 16:00:00,252.36501,253.35001,252.24001,253.07001,1658487,0,0
2024-12-17 16:15:00,253.06,253.06,252.31,252.55,1006102,0,0
2024-12-17 16:30:00,252.53,252.97,252.48,252.82899,1053084,0,0
2024-12-17 16:45:00,252.83,253.10001,252.77,253.075,835423,0,0
2024-12-17 17:00:00,253.08,253.24001,252.8101,252.84,861259,0,0
2024-12-17 17:15:00,252.83,253.3,252.58501,253.22501,944572,0,0
2024-12-17 17:30:00,253.25,253.28999,252.87,252.88,859375,0,0
2024-12-17 17:45:00,252.89,253.0397,252.8,252.91499,544706,0,0
2024-12-17 18:00:00,252.89999,253.06,252.69009,252.95,747340,0,0
2024-12-17 18:15:00,252.95,253.19,252.83,253.13,638527,0,0
2024-12-17 18:30:00,253.14,253.63499,253.09,253.58501,941396,0,0
2024-12-17 18:45:00,253.58,253.59,253.22009,253.33501,888133,0,0
2024-12-17 19:00:00,253.33009,253.39,253.03999,253.16,609954,0,0
2024-12-17 19:15:00,253.16,253.24001,252.92999,253.2,589195,0,0
2024-12-17 19:30:00,253.2,253.39,252.92,253.27,1048975,0,0
2024-12-17 19:45:00,253.255,253.38,253.0327,253.24001,545498,0,0
2024-12-17 20:00:00,253.24001,253.28,252.75,253.09,749483,0,0
2024-12-17 20:15:00,253.08,253.12,252.81,252.88,853875,0,0
2024-12-17 20:30:00,252.88,253.24001,252.64999,253.19,1489507,0,0
2024-12-17 20:45:00,253.19501,253.81,252.67,253.48,5028317,0,0
2024-12-18 14:30:00,252.22,253.39999,251.4265,251.75,3484538,0,0
2024-12-18 14:45:00,251.74001,252.36,251.33,252.02,1462028,1,0
2024-12-18 15:00:00,252.035,253.21001,251.98,253.06,1323631,0,0
2024-12-18 15:15:00,253.06,253.32539,252.75999,253.07001,911005,0,0
2024-12-18 15:30:00,253.07001,253.71001,252.89999,253.64,1031908,0,0
2024-12-18 15:45:00,253.63,253.7999,253.41499,253.47009,1018773,0,0
2024-12-18 16:00:00,253.52,253.53999,252.97,252.98,732621,0,0
2024-12-18 16:15:00,252.985,253.36,252.85001,253.32001,1755047,0,0
2024-12-18 16:30:00,253.32359,253.49609,253.175,253.42999,492559,0,0
2024-12-18 16:45:00,253.4371,253.62,253.28999,253.43089,497985,0,0
2024-12-18 17:00:00,253.42999,253.89,253.3506,253.8759,1562608,0,0
2024-12-18 17:15:00,253.88,254.03999,253.53999,253.63499,832374,0,0
2024-12-18 17:30:00,253.63,253.98,253.47,253.795,719930,0,0
2024-12-18 17:45:00,253.795,253.98,253.69,253.8535,523817,0,0
2024-12-18 18:00:00,253.85001,253.88989,253.61,253.80009,597481,0,0
2024-12-18 18:15:00,253.8,254.00999,253.64,253.7101,657390,0,0
2024-12-18 18:30:00,253.7,254.16,253.67,254.145,677465,0,0
2024-12-18 18:45:00,254.14999,254.28,253.98,254.09,706004,0,0
2024-12-18 19:00:00,254.08,254.10001,252.52,252.769,1503089,0,0
2024-12-18 19:15:00,252.78999,253.08,251.53999,252.45,1630614,0,0
2024-12-18 19:30:00,252.44901,252.98,252.1375,252.30499,1249979,0,0
2024-12-18 19:45:00,252.3,252.32001,250.9201,251.05,1625950,0,0
2024-12-18 20:00:00,251.02,251.38,250.39,250.57001,2062639,0,0
2024-12-18 20:15:00,250.56,250.77,249.5,249.89999,3065867,0,0
2024-12-18 20:30:00,249.92,250.3992,248.10001,248.11,3229836,0,0
2024-12-18 20:45:00,248.125,249.7,247.75,247.86,5436654,0,0
2024-12-19 14:30:00,247.46001,249.17,247.095,248.39999,5186324,1,0
2024-12-19 14:45:00,248.60001,248.94,247.765,248.69,1922656,0,0
2024-12-19 15:00:00,248.69,250.84,248.64999,250.75101,2855319,0,0
2024-12-19 15:15:00,250.75,251.02,249.86,249.89,3199281,0,0
2024-12-19 15:30:00,249.89,250.5899,249.37,250.21001,2108015,0,0
2024-12-19 15:45:00,250.21001,250.55,249.74001,250.46001,1443872,0,0
2024-12-19 16:00:00,250.46001,250.47,249.5,249.7925,1114465,0,0
2024-12-19 16:15:00,249.8,251.3876,249.75999,251.03999,1369633,0,0
2024-12-19 16:30:00,251.03999,251.69,250.83,251.532,1463845,0,0
2024-12-19 16:45:00,251.52,251.85001,250.99001,251.13,1053775,0,0
2024-12-19 17:00:00,251.13,251.69,251.13,251.28,849586,0,0
2024-12-19 17:15:00,251.28999,251.39999,250.535,250.58,960661,0,0
2024-12-19 17:30:00,250.59,250.74001,249.94,250.0869,933858,0,0
2024-12-19 17:45:00,250.09,250.6868,249.72,250.655,926327,0,0
2024-12-19 18:00:00,250.645,250.6478,249.82001,250.62,734486,0,0
2024-12-19 18:15:00,250.625,250.94,250.17,250.83,617557,0,0
2024-12-19 18:30:00,250.815,250.89,250.61,250.62,504826,0,0
2024-12-19 18:45:00,250.62,251.35001,250.56,251.3226,602753,0,0
2024-12-19 19:00:00,251.33,251.45,250.78999,250.88,567122,0,0
2024-12-19 19:15:00,250.895,251.03999,250.29021,250.52,581272,0,0
2024-12-19 19:30:00,250.50999,250.52,250.1599,250.34,568847,0,0
2024-12-19 19:45:00,250.33,250.3564,250.03101,250.06,603504,0,0
2024-12-19 20:00:00,250.06,250.16,249.53,249.82001,813930,0,0
2024-12-19 20:15:00,249.83,250.48,249.82829,250.325,885137,0,0
2024-12-19 20:30:00,250.33,250.55,249.53,250.28,1158579,0,0
2024-12-19 20:45:00,250.28,250.53999,249.4093,249.85001,3097814,0,0
2024-12-20 14:30:00,248.12,248.72,246.3,247.2,16801343,0,0
2024-12-20 14:45:00,247.19501,247.42999,246.42999,246.8313,1858214,0,0
2024-12-20 15:00:00,246.86,248.67999,246.81,248.66,1773052,0,0
2024-12-20 15:15:00,248.66499,249.6241,248.315,249.595,1173983,0,0
2024-12-20 15:30:00,249.59,250.39,249.39999,249.82001,1369845,0,0
2024-12-20 15:45:00,249.815,250.33,249.61011,249.95,936477,0,0
2024-12-20 16:00:00,249.985,251.44,249.86,251.44,1100113,0,0
2024-12-20 16:15:00,251.42999,252.0,251.3,251.99001,2131643,0,0
2024-12-20 16:30:00,251.98,253.25999,251.89,253.22,2448477,0,0
2024-12-20 16:45:00,253.22,253.38,252.73,253.14,1518345,0,0
2024-12-20 17:00:00,253.11501,253.92999,252.97,253.55,1588743,0,0
2024-12-20 17:15:00,253.55,253.81,253.295,253.735,1054252,0,0
2024-12-20 17:30:00,253.735,253.75,253.19,253.59,919680,0,0
2024-12-20 17:45:00,253.58501,253.77,253.30009,253.3559,761214,0,0
2024-12-20 18:00:00,253.36079,253.42999,253.13,253.33,686220,0,0
2024-12-20 18:15:00,253.33,253.39,252.772,252.87,1230448,0,0
2024-12-20 18:30:00,252.91,253.23,252.70731,253.09,873273,0,0
2024-12-20 18:45:00,253.09,253.46001,252.8,252.86501,963159,0,0
2024-12-20 19:00:00,252.89,253.14999,252.67999,252.91,748750,0,0
2024-12-20 19:15:00,252.9099,253.64999,252.81,253.6203,896514,0,0
2024-12-20 19:30:00,253.63,253.82001,253.48,253.61,855886,0,0
2024-12-20 19:45:00,253.60001,253.75,253.3,253.6028,847557,0,0
2024-12-20 20:00:00,253.61,253.85001,253.53999,253.78,1266016,0,0
2024-12-20 20:15:00,253.77499,254.19,253.42,253.49001,2126880,0,0
2024-12-20 20:30:00,253.5,253.88,252.78999,253.62,1563709,0,0
2024-12-20 20:45:00,253.61,255.0,252.96001,254.59,6897721,0,0
2024-12-23 14:30:00,254.77,255.645,253.89999,255.06,3809555,0,0
2024-12-23 14:45:00,255.0751,255.41,253.99001,254.9686,1868602,0,1
2024-12-23 15:00:00,254.95,255.03999,253.45,253.75,1818006,0,0
2024-12-23 15:15:00,253.73,254.49001,253.67999,254.07001,1143045,0,0
2024-12-23 15:30:00,254.05,254.3,253.7,254.00999,771863,0,0
2024-12-23 15:45:00,254.0,254.3,253.46001,253.61,793143,0,0
2024-12-23 16:00:00,253.60001,254.64,253.56,254.4949,735376,1,0
2024-12-23 16:15:00,254.50999,255.07001,254.505,254.83,833558,0,0
2024-12-23 16:30:00,254.8391,254.98,254.547,254.806,510694,0,0
2024-12-23 16:45:00,254.83,255.23,254.75999,254.905,538391,0,0
2024-12-23 17:00:00,254.89999,255.145,254.64999,254.74001,592644,0,0
2024-12-23 17:15:00,254.72501,254.75999,254.37,254.42999,755609,0,0
2024-12-23 17:30:00,254.42999,254.755,254.34,254.58,1564204,0,0
2024-12-23 17:45:00,254.5714,254.67,254.185,254.215,644356,0,0
2024-12-23 18:00:00,254.2131,254.31,253.9601,254.0,632220,0,0
2024-12-23 18:15:00,253.99001,254.07001,253.72,253.92,779102,0,0
2024-12-23 18:30:00,253.92,254.28999,253.92,254.075,785806,0,0
2024-12-23 18:45:00,254.07001,254.28,253.87,254.2238,575304,0,0
2024-12-23 19:00:00,254.21001,254.42,254.035,254.155,556737,0,0
2024-12-23 19:15:00,254.17,254.46001,254.05,254.295,523523,0,0
2024-12-23 19:30:00,254.3,254.39999,253.995,254.0,614752,0,0
2024-12-23 19:45:00,254.02,254.14999,253.89999,253.92999,622862,0,0
2024-12-23 20:00:00,253.91499,254.13,253.67999,254.12,683730,0,0
2024-12-23 20:15:00,254.1076,254.39,253.81,254.34,690840,0,0
2024-12-23 20:30:00,254.34,254.871,254.34,254.74001,878941,0,0
2024-12-23 20:45:00,254.75,255.64999,254.74001,255.31,3443403,0,0
2024-12-24 14:30:00,255.37,256.97989,255.36,256.69501,2910534,0,0
2024-12-24 14:45:00,256.625,256.98001,256.2601,256.76999,1096791,0,0
2024-12-24 15:00:00,256.867,257.42999,256.57999,257.19601,1201950,0,0
2024-12-24 15:15:00,257.23999,257.34109,256.89001,257.10501,1384545,0,0
2024-12-24 15:30:00,257.13,257.75,257.13,257.72501,991450,0,0
2024-12-24 15:45:00,257.73001,257.98999,257.52011,257.5661,1273494,0,0
2024-12-24 16:00:00,257.5101,257.70999,257.45999,257.5,756069,0,0
2024-12-24 16:15:00,257.5,257.66,257.26999,257.31,905972,0,0
2024-12-24 16:30:00,257.28,257.45001,257.20999,257.22501,1069352,0,0
2024-12-24 16:45:00,257.22159,257.35989,256.89001,257.07999,772703,0,0
2024-12-24 17:00:00,257.07501,257.4082,257.01639,257.3999,484604,0,0
2024-12-24 17:15:00,257.39499,257.535,257.20001,257.38,541295,0,0
2024-12-24 17:30:00,257.37759,257.48499,257.10001,257.17499,815330,0,0
2024-12-24 17:45:00,257.13,258.17999,257.0614,258.14999,2479092,0,0
2024-12-24 18:00:00,258.14999,258.20001,258.14999,258.20001,5909251,0,0
2024-12-24 20:45:00,258.20001,258.20001,258.20001,258.20001,0,0,0
2024-12-26 14:30:00,258.35501,260.09,258.10001,259.34,4008896,0,0
2024-12-26 14:45:00,259.34,259.35999,258.01999,258.78989,1747595,0,0
2024-12-26 15:00:00,258.76001,258.84,257.95001,258.23859,1234525,0,0
2024-12-26 15:15:00,258.255,258.37,257.63,258.36121,1045564,0,0
2024-12-26 15:30:00,258.36499,258.78519,258.32001,258.51001,842201,0,0
2024-12-26 15:45:00,258.5,258.6275,258.13,258.35501,616847,0,0
2024-12-26 16:00:00,258.37,258.97,258.31,258.9588,718033,0,0
2024-12-26 16:15:00,258.92999,259.19,258.75,258.88,709448,0,0
2024-12-26 16:30:00,258.89001,259.23001,258.8501,259.22,551369,0,0
2024-12-26 16:45:00,259.20999,259.20999,258.82001,258.89001,496599,0,0
2024-12-26 17:00:00,258.89041,259.22339,258.875,259.20999,380009,0,0
2024-12-26 17:15:00,259.20999,259.34,258.97,258.98499,561234,0,0
2024-12-26 17:30:00,258.98801,259.32501,258.97,259.13461,407348,0,0
2024-12-26 17:45:00,259.16501,259.1835,258.57001,258.85001,576818,0,0
2024-12-26 18:00:00,258.84399,259.06,258.64999,258.70999,526380,0,0
2024-12-26 18:15:00,258.69,258.94,258.66,258.81891,346479,0,0
2024-12-26 18:30:00,258.81,258.84,258.57999,258.75,394612,0,0
2024-12-26 18:45:00,258.745,258.94891,258.45999,258.64999,377935,0,0
2024-12-26 19:00:00,258.62,258.70001,258.42999,258.48001,346296,0,0
2024-12-26 19:15:00,258.5,258.66989,258.41,258.60001,413239,0,0
2024-12-26 19:30:00,258.60999,258.91,258.59,258.806,478984,0,0
2024-12-26 19:45:00,258.82001,259.10001,258.82001,259.08499,453635,0,0
2024-12-26 20:00:00,259.08499,259.47,259.07001,259.29001,824540,0,0
2024-12-26 20:15:00,259.3107,259.41,259.10999,259.10999,536653,0,0
2024-12-26 20:30:00,259.12,259.42999,259.07001,259.38989,616712,0,0
2024-12-26 20:45:00,259.39001,259.51001,259.01001,259.10001,2074602,0,0
2024-12-27 14:30:00,257.89999,258.70001,256.10999,256.44,2890590,0,0
2024-12-27 14:45:00,256.45001,257.01999,256.23001,256.61969,1119138,0,0
2024-12-27 15:00:00,256.66,256.66,255.31,255.45,1701165,0,0
2024-12-27 15:15:00,255.44,255.5699,254.91,254.99001,1568229,0,0
2024-12-27 15:30:00,254.96001,255.39999,254.5,255.28799,1556617,0,0
2024-12-27 15:45:00,255.28999,255.34,254.91,254.95,1089642,0,0
2024-12-27 16:00:00,254.95,255.03999,254.09,254.12,1561438,0,0
2024-12-27 16:15:00,254.13,254.75,254.03999,254.73,1044758,0,0
2024-12-27 16:30:00,254.74001,254.8,254.06,254.08,928242,0,0
2024-12-27 16:45:00,254.07001,254.2399,253.36,253.63499,1372721,0,0
2024-12-27 17:00:00,253.62,253.73,253.06,253.5002,1740489,0,0
2024-12-27 17:15:00,253.5062,254.0,253.31,253.67999,754042,0,0
2024-12-27 17:30:00,253.67,254.13,253.6478,254.07001,1374173,0,0
2024-12-27 17:45:00,254.065,254.55,253.88,254.5,693352,0,0
2024-12-27 18:00:00,254.485,254.83,254.28999,254.56,726754,0,0
2024-12-27 18:15:00,254.545,254.9799,254.53,254.95,544012,0,0
2024-12-27 18:30:00,254.94,255.17999,254.86,255.125,666598,0,0
2024-12-27 18:45:00,255.125,255.34,254.94,255.3,550805,0,0
2024-12-27 19:00:00,255.28999,255.41,255.1884,255.2865,499396,0,0
2024-12-27 19:15:00,255.2838,255.50999,254.97501,255.015,706545,0,0
2024-12-27 19:30:00,255.03,255.37,254.98,255.35001,472848,0,0
2024-12-27 19:45:00,255.34,255.55991,255.28999,255.46001,566154,0,0
2024-12-27 20:00:00,255.4501,255.46001,254.96001,255.02,737151,0,0
2024-12-27 20:15:00,255.02,255.22,254.97,255.17,736892,0,0
2024-12-27 20:30:00,255.17,255.21001,254.97,255.03,1136344,0,0
2024-12-27 20:45:00,255.03,255.82001,254.98,255.72,4133398,0,0
2024-12-30 14:30:00,252.23,253.0,250.92999,251.11,2484554,0,0
2024-12-30 14:45:00,251.08009,251.64999,250.89,251.27,1043046,0,0
2024-12-30 15:00:00,251.26131,252.06,251.0,252.03931,1127949,0,0
2024-12-30 15:15:00,252.02,252.03,250.75,250.92,811673,0,0
2024-12-30 15:30:00,250.916,252.03999,250.916,251.69,711439,1,0
2024-12-30 15:45:00,251.69,252.1599,251.11,251.69,576333,0,0
2024-12-30 16:00:00,251.69,251.745,251.06,251.28,607969,0,0
2024-12-30 16:15:00,251.25999,252.285,251.23,251.89999,599632,0,0
2024-12-30 16:30:00,251.89,252.59531,251.81,252.53641,470796,0,0
2024-12-30 16:45:00,252.52,252.6488,252.1701,252.53999,464385,0,0
2024-12-30 17:00:00,252.49001,252.8105,252.35001,252.5303,492349,0,0
2024-12-30 17:15:00,252.53999,253.10001,252.5,253.05,421086,0,0
2024-12-30 17:30:00,253.06,253.27991,252.92,253.245,473980,0,0
2024-12-30 17:45:00,253.23,253.47,252.7,253.41,381348,0,0
2024-12-30 18:00:00,253.145,253.41,252.87,253.062,334352,0,0
2024-12-30 18:15:00,253.045,253.14999,252.5,252.82001,329932,0,0
2024-12-30 18:30:00,252.80499,253.2899,252.77,253.145,334206,0,0
2024-12-30 18:45:00,253.16,253.28999,252.946,253.13,323032,0,0
2024-12-30 19:00:00,253.1201,253.202,252.75999,252.91499,344471,0,0
2024-12-30 19:15:00,252.92,253.03,252.59,252.9364,376640,0,0
2024-12-30 19:30:00,252.92999,253.25999,252.89,253.12,6441932,0,0
2024-12-30 19:45:00,253.12379,253.49989,253.05,253.34,355206,0,0
2024-12-30 20:00:00,253.34801,253.48,253.08,253.39999,395941,0,0
2024-12-30 20:15:00,253.2795,253.47,252.69,252.72,444963,0,0
2024-12-30 20:30:00,252.73,252.9725,252.56,252.84,551685,0,0
2024-12-30 20:45:00,252.85001,253.03999,252.03999,252.12,1853647,0,0
2024-12-31 14:30:00,252.66,253.28,251.86501,252.0739,2434434,0,0
2024-12-31 14:45:00,252.06,252.32001,251.55009,252.269,1113240,0,0
2024-12-31 15:00:00,252.25,252.39999,251.32001,251.91,863334,0,0
2024-12-31 15:15:00,251.89999,252.3,251.61,251.6877,707023,0,0
2024-12-31 15:30:00,251.69,252.13989,251.46001,251.5598,734623,0,0
2024-12-31 15:45:00,251.57001,251.985,251.39999,251.8185,466049,0,0
2024-12-31 16:00:00,251.83,251.84599,251.06,251.46001,628676,0,0
2024-12-31 16:15:00,251.455,251.4899,251.02499,251.17999,550420,0,0
2024-12-31 16:30:00,251.17999,251.35001,251.05,251.25,379491,0,0
2024-12-31 16:45:00,251.25,251.55,251.1301,251.315,470286,0,0
2024-12-31 17:00:00,251.32001,251.53,250.92999,251.255,584501,0,0
2024-12-31 17:15:00,251.22501,251.46001,250.64999,250.71629,541039,0,0
2024-12-31 17:30:00,250.7,250.75999,250.075,250.25,877371,0,0
2024-12-31 17:45:00,250.24001,250.71001,250.07001,250.67,825728,0,0
2024-12-31 18:00:00,250.66,250.73,250.09,250.12,1071088,0,0
2024-12-31 18:15:00,250.13609,250.25,249.44,249.69,1120598,0,0
2024-12-31 18:30:00,249.69,250.02,249.53,249.9799,572916,0,0
2024-12-31 18:45:00,249.96001,250.205,249.8504,249.88,505979,0,0
2024-12-31 19:00:00,249.88989,250.26801,249.67999,250.185,627662,0,0
2024-12-31 19:15:00,250.2,250.22,249.67,249.77,565514,0,0
2024-12-31 19:30:00,249.765,250.116,249.69,249.98,636043,0,0
2024-12-31 19:45:00,249.98,250.42999,249.89999,250.42,644343,0,0
2024-12-31 20:00:00,250.395,250.44,249.795,249.97501,860699,0,0
2024-12-31 20:15:00,249.99001,250.88,249.92999,250.7701,1235554,0,0
2024-12-31 20:30:00,250.77,251.0148,250.495,250.82001,1291315,0,0
2024-12-31 20:45:00,250.82001,251.08,249.5,250.38,5871661,0,0
2025-01-02 14:30:00,248.92999,249.10001,244.8,245.196,6834532,0,0
2025-01-02 14:45:00,245.2065,246.99001,244.97,246.8526,2915985,0,0
2025-01-02 15:00:00,246.88499,247.81,246.28,247.39999,1853465,0,0
2025-01-02 15:15:00,247.41,247.46001,245.28999,245.7399,1897247,0,0
2025-01-02 15:30:00,245.63,245.74159,244.9321,245.14999,1926339,0,0
2025-01-02 15:45:00,245.14999,245.88,244.82001,245.41499,1890755,0,0
2025-01-02 16:00:00,245.4175,245.485,244.1601,244.34,1778498,0,0
2025-01-02 16:15:00,244.36,245.08,244.185,244.895,1236618,0,0
2025-01-02 16:30:00,244.9099,245.155,244.67999,244.78999,908632,0,0
2025-01-02 16:45:00,244.82001,245.24001,244.52,244.64,957638,0,0
2025-01-02 17:00:00,244.67999,245.25,244.55,245.11369,875138,0,0
2025-01-02 17:15:00,245.11,245.11,243.32001,243.4286,1643144,0,0
2025-01-02 17:30:00,243.41,243.41,242.39999,242.61,1717784,0,0
2025-01-02 17:45:00,242.64999,243.08,242.31,242.985,1494518,0,0
2025-01-02 18:00:00,242.98,243.03,242.39259,242.56,1912107,0,0
2025-01-02 18:15:00,242.565,242.91991,242.31,242.6862,1340053,0,0
2025-01-02 18:30:00,242.67,242.69,242.17999,242.62621,1571621,0,0
2025-01-02 18:45:00,242.61,242.62,241.8201,242.23,1623542,0,0
2025-01-02 19:00:00,242.23,242.74001,242.03,242.19,1201949,0,0
2025-01-02 19:15:00,242.2,242.84,242.13,242.4884,1150865,0,0
2025-01-02 19:30:00,242.48,242.52,242.14999,242.34,922764,0,0
2025-01-02 19:45:00,242.34,242.63901,241.87131,241.96001,1506998,0,0
2025-01-02 20:00:00,241.97,243.44,241.97,243.25,1370470,0,0
2025-01-02 20:15:00,243.23,243.42999,243.02,243.23109,1306186,0,0
2025-01-02 20:30:00,243.25,243.64,243.01019,243.52,1430706,0,0
2025-01-02 20:45:00,243.52,243.95,243.32001,243.82001,4737251,0,0
2025-01-03 14:30:00,243.37,243.94,241.89,243.89,4603816,0,0
2025-01-03 14:45:00,243.88499,244.17999,242.37061,243.095,1881367,0,0
2025-01-03 15:00:00,243.11,244.0,242.69,243.37,1413192,0,0
2025-01-03 15:15:00,243.39,243.5399,242.35001,242.45979,1237154,0,0
2025-01-03 15:30:00,242.45,242.89999,242.14,242.84,1373548,0,0
2025-01-03 15:45:00,242.825,243.25,242.7484,243.00751,1660546,0,0
2025-01-03 16:00:00,243.03,243.6377,242.67999,243.27,1034953,0,0
2025-01-03 16:15:00,243.235,243.6756,243.17999,243.49001,899921,0,0
2025-01-03 16:30:00,243.48,244.0486,243.39149,243.795,1070784,0,0
2025-01-03 16:45:00,243.78,243.86,243.3,243.3201,694092,0,0
2025-01-03 17:00:00,243.34,243.519,242.75,242.776,971911,0,0
2025-01-03 17:15:00,242.77,243.00999,242.67,242.77071,936602,0,0
2025-01-03 17:30:00,242.78,242.91,242.56,242.649,716098,0,0
2025-01-03 17:45:00,242.64,242.75,242.39,242.528,842528,0,0
2025-01-03 18:00:00,242.515,242.94,242.28,242.7431,926530,0,0
2025-01-03 18:15:00,242.72301,243.16,242.72301,243.00999,828215,0,0
2025-01-03 18:30:00,243.0,243.06,242.59,243.05,777228,0,0
2025-01-03 18:45:00,243.04919,243.0555,242.57001,242.72,983378,0,0
2025-01-03 19:00:00,242.7,242.985,242.57001,242.87,707793,0,0
2025-01-03 19:15:00,242.87801,242.89,242.67,242.67,666985,0,0
2025-01-03 19:30:00,242.66,243.3201,242.64,243.2874,1072011,0,0
2025-01-03 19:45:00,243.28999,243.4424,243.0605,243.25999,714073,0,0
2025-01-03 20:00:00,243.25,243.2599,242.825,242.905,679617,0,0
2025-01-03 20:15:00,242.89,242.99719,242.8,242.85001,541441,0,0
2025-01-03 20:30:00,242.84,242.895,242.61,242.89,1006580,0,0
2025-01-03 20:45:00,242.88499,243.60001,242.66,243.3,3388252,0,0
2025-01-06 14:30:00,244.33,246.18269,243.84,244.64,5892888,0,0
2025-01-06 14:45:00,244.71001,245.02,244.17999,244.4256,1766628,0,0
2025-01-06 15:00:00,244.47,245.42,244.44,245.37,1712903,0,0
2025-01-06 15:15:00,245.37,245.77,245.2,245.55,1205180,0,0
2025-01-06 15:30:00,245.53999,246.14999,245.33,246.05,1140326,0,0
2025-01-06 15:45:00,246.05,246.46001,245.96001,246.34,1113695,0,0
2025-01-06 16:00:00,246.35001,247.33,246.31,246.75,1609342,0,0
2025-01-06 16:15:00,246.75999,246.82339,246.215,246.74001,1143437,0,1
2025-01-06 16:30:00,246.755,246.761,246.03999,246.15581,764887,0,0
2025-01-06 16:45:00,246.151,246.34,245.89,246.25,1478494,0,0
2025-01-06 17:00:00,246.25,246.49001,245.97,246.00999,576034,0,0
2025-01-06 17:15:00,246.02,246.14999,245.70129,245.77,534678,0,0
2025-01-06 17:30:00,245.75999,245.87,245.35001,245.42999,671696,0,0
2025-01-06 17:45:00,245.43629,245.43629,244.73,244.95,1071819,0,0
2025-01-06 18:00:00,244.98,245.0121,244.48,244.82001,707279,0,0
2025-01-06 18:15:00,244.81,245.05,244.60001,245.03,619283,0,0
2025-01-06 18:30:00,245.03,245.11,244.87,244.95,581770,0,0
2025-01-06 18:45:00,244.9539,245.12,244.60001,244.87,500719,0,0
2025-01-06 19:00:00,244.87,245.10001,244.72,245.02,533029,0,0
2025-01-06 19:15:00,245.02,245.17999,244.97,244.98,450252,0,0
2025-01-06 19:30:00,244.98,245.0899,244.87,245.0563,502084,0,0
2025-01-06 19:45:00,245.06,245.13,244.5,244.59,606987,0,0
2025-01-06 20:00:00,244.57001,244.83,244.425,244.739,571193,0,0
2025-01-06 20:15:00,244.74001,244.97501,244.6125,244.895,625911,0,0
2025-01-06 20:30:00,244.91,245.05,244.56,244.61,793104,0,0
2025-01-06 20:45:00,244.64,245.34,244.42,245.0,2979925,0,0
2025-01-07 14:30:00,242.98,245.12,242.83,244.92,4001065,1,0
2025-01-07 14:45:00,244.91,245.36,244.67,244.9053,1371786,0,0
2025-01-07 15:00:00,244.89999,245.0,244.34399,244.75,1443677,0,0
2025-01-07 15:15:00,244.71899,245.55,244.1951,245.16499,1405147,0,0
2025-01-07 15:30:00,245.16,245.38,244.42,244.94501,1373835,0,0
2025-01-07 15:45:00,244.935,244.935,244.03,244.67,1110289,0,0
2025-01-07 16:00:00,244.67,244.78,243.87,244.146,696599,0,0
2025-01-07 16:15:00,244.145,244.27,243.71001,243.77,527413,0,0
2025-01-07 16:30:00,243.74001,243.855,243.17,243.548,638322,0,0
2025-01-07 16:45:00,243.59801,243.8752,243.0,243.08,455664,0,0
2025-01-07 17:00:00,243.06,243.31,242.91,243.12,455284,0,0
2025-01-07 17:15:00,243.12,243.17,242.1382,242.39,678638,0,0
2025-01-07 17:30:00,242.39999,242.72,242.00999,242.05949,483818,0,0
2025-01-07 17:45:00,242.035,242.34509,241.36,242.25999,797717,0,0
2025-01-07 18:00:00,242.27,242.84801,242.17999,242.78,588628,0,0
2025-01-07 18:15:00,242.77,243.4084,242.67999,243.1555,482317,0,0
2025-01-07 18:30:00,243.14999,243.17999,242.1136,242.25999,646339,0,0
2025-01-07 18:45:00,242.25999,242.53,242.0701,242.32001,505071,0,0
2025-01-07 19:00:00,242.3101,242.57001,242.3101,242.42999,393016,0,0
2025-01-07 19:15:00,242.42999,242.5499,242.34,242.45799,413891,0,0
2025-01-07 19:30:00,242.45,242.49001,241.877,242.05901,407819,0,0
2025-01-07 19:45:00,242.045,242.23,241.84,242.21021,342298,0,0
2025-01-07 20:00:00,242.2399,242.28,241.75,241.85001,578902,0,0
2025-01-07 20:15:00,242.06,242.14,241.84241,242.00999,585235,0,0
2025-01-07 20:30:00,242.02,242.1209,241.539,241.64,1009768,0,0
2025-01-07 20:45:00,241.64,242.405,241.57001,242.19,1704967,0,0
2025-01-08 14:30:00,241.97,242.0,240.05,241.16,3020299,0,0
2025-01-08 14:45:00,241.14999,241.64,240.64999,240.9286,1491922,0,0
2025-01-08 15:00:00,240.94501,241.75,240.87,241.50301,1241344,0,0
2025-01-08 15:15:00,241.53,242.86549,241.47,242.4099,1416985,0,0
2025-01-08 15:30:00,242.39,242.99001,242.08501,242.72,1025442,0,0
2025-01-08 15:45:00,242.75,243.7123,242.66721,243.47,1479550,0,0
2025-01-08 16:00:00,243.48,243.66,243.05,243.16499,951764,0,1
2025-01-08 16:15:00,243.17,243.35941,242.66,242.71001,697472,0,0
2025-01-08 16:30:00,242.7261,243.5578,242.64,243.44501,564627,0,0
2025-01-08 16:45:00,243.42999,243.58,243.14999,243.27499,702703,0,0
2025-01-08 17:00:00,243.28,243.28281,242.27,242.34,645345,0,0
2025-01-08 17:15:00,242.345,242.5,241.24001,241.37,1097283,0,0
2025-01-08 17:30:00,241.36,241.6499,241.2,241.58,760867,0,0
2025-01-08 17:45:00,241.61,241.683,241.25,241.39999,671308,0,0
2025-01-08 18:00:00,241.39,242.24001,241.35001,241.97,635091,0,0
2025-01-08 18:15:00,241.965,242.5087,241.91,242.35001,545582,0,0
2025-01-08 18:30:00,242.35001,242.48,241.87,242.235,528042,0,0
2025-01-08 18:45:00,242.23,242.23,241.125,241.422,708755,0,0
2025-01-08 19:00:00,241.425,242.0201,241.04401,241.40981,792181,0,0
2025-01-08 19:15:00,241.42999,242.98,241.42999,242.795,732249,0,0
2025-01-08 19:30:00,242.7,242.72,241.87,241.995,565207,0,0
2025-01-08 19:45:00,241.97,242.11501,241.75999,241.87,483692,0,0
2025-01-08 20:00:00,241.89,242.1411,241.7,241.72,780670,0,0
2025-01-08 20:15:00,241.72,242.49001,241.72,242.384,622650,0,0
2025-01-08 20:30:00,242.38,242.42999,241.85001,242.14,655352,0,0
2025-01-08 20:45:00,242.13,242.987,241.8,242.72,2918080,0,0
2025-01-10 14:30:00,240.02499,240.14999,238.0,238.99001,6041114,0,0
2025-01-10 14:45:00,239.0,239.06,237.47,237.95,2307389,0,0
2025-01-10 15:00:00,237.88,237.91499,235.8,236.485,2912573,0,0
2025-01-10 15:15:00,236.49159,237.49001,236.22,237.425,1876327,0,0
2025-01-10 15:30:00,237.42419,237.4483,236.80009,236.91,1651032,0,0
2025-01-10 15:45:00,236.9397,237.19,235.47,235.91,1788948,0,0
2025-01-10 16:00:00,235.925,236.58,235.25,235.355,1670900,0,0
2025-01-10 16:15:00,235.3616,235.38,233.5,233.77,3321568,0,0
2025-01-10 16:30:00,233.77,234.6799,233.0,234.33,2745049,1,0
2025-01-10 16:45:00,234.34,234.9684,233.9801,234.89,1902592,0,0
2025-01-10 17:00:00,234.89999,235.89999,234.82001,235.75999,1528251,0,0
2025-01-10 17:15:00,235.78,235.78999,235.3,235.57001,1003779,0,0
2025-01-10 17:30:00,235.53999,235.85001,235.065,235.7,1023397,0,0
2025-01-10 17:45:00,235.69,235.89999,235.49001,235.715,771351,0,0
2025-01-10 18:00:00,235.715,236.97,235.64,236.75999,1149098,0,0
2025-01-10 18:15:00,236.75,237.33971,236.53,237.11501,1014725,0,0
2025-01-10 18:30:00,237.12,237.45,236.89999,236.96001,960265,0,0
2025-01-10 18:45:00,236.96001,237.58501,236.95,237.44,773971,0,0
2025-01-10 19:00:00,237.42999,237.48,236.41,236.495,841398,0,0
2025-01-10 19:15:00,236.50999,236.95,236.42,236.83,599729,0,0
2025-01-10 19:30:00,236.84,236.88,236.2001,236.23,772397,0,0
2025-01-10 19:45:00,236.2475,236.48,235.94,236.35989,717602,0,0
2025-01-10 20:00:00,236.33,236.36,235.8201,235.89,1016701,0,0
2025-01-10 20:15:00,235.905,236.34,235.75,235.995,1075893,0,0
2025-01-10 20:30:00,235.995,236.4942,235.77,236.33,1370617,0,0
2025-01-10 20:45:00,236.33,237.28999,235.91,236.92999,3727039,0,0
2025-01-13 14:30:00,233.5,233.59,230.2,231.17,6548873,0,0
2025-01-13 14:45:00,231.17,231.63,230.21001,230.32001,2791266,0,0
2025-01-13 15:00:00,230.325,231.3175,229.72,231.125,2565860,0,0
2025-01-13 15:15:00,231.13,231.32001,230.11,230.38,1408475,0,0
2025-01-13 15:30:00,230.38,231.72501,230.22,231.36501,2031738,0,0
2025-01-13 15:45:00,231.36501,231.8,230.72,231.11501,1286305,0,0
2025-01-13 16:00:00,231.16,231.62,230.52499,230.625,1022481,0,0
2025-01-13 16:15:00,230.6357,230.92999,230.37,230.72501,1020192,0,0
2025-01-13 16:30:00,230.7325,231.7,230.71001,231.50999,982030,0,0
2025-01-13 16:45:00,231.50999,231.72,230.46001,230.64951,1075837,0,0
2025-01-13 17:00:00,230.67,231.92999,230.39999,231.9151,1028753,0,0
2025-01-13 17:15:00,231.911,232.53,231.8468,232.32001,1073875,0,0
2025-01-13 17:30:00,232.28999,232.7825,231.98,232.10001,812795,0,0
2025-01-13 17:45:00,232.11,233.235,232.06,233.1501,779436,0,0
2025-01-13 18:00:00,233.14,233.435,232.95,233.1107,728427,0,0
2025-01-13 18:15:00,233.11,233.39,232.84,233.38,599964,0,0
2025-01-13 18:30:00,233.38,233.66,233.28,233.3,771699,0,0
2025-01-13 18:45:00,233.31,233.89999,233.25999,233.88,701283,0,0
2025-01-13 19:00:00,233.85001,233.97,233.37,233.42999,632265,0,0
2025-01-13 19:15:00,233.45,233.64,233.27,233.56,573278,0,0
2025-01-13 19:30:00,233.55,234.2,233.42999,234.0864,700583,0,0
2025-01-13 19:45:00,234.0997,234.11,233.37,233.92999,686541,0,0
2025-01-13 20:00:00,233.92999,233.98759,233.42999,233.50999,793474,0,0
2025-01-13 20:15:00,233.50999,233.97,233.435,233.6844,1110340,0,0
2025-01-13 20:30:00,233.69,233.89999,233.655,233.875,1076642,0,0
2025-01-13 20:45:00,233.88,234.67,233.75999,234.39999,3503210,0,0
2025-01-14 14:30:00,234.75,236.03,234.25999,235.545,3337153,0,0
2025-01-14 14:45:00,235.545,235.7,234.83,234.925,1311667,0,0
2025-01-14 15:00:00,234.937,236.12,234.75999,235.4399,1206210,0,0
2025-01-14 15:15:00,235.435,236.03999,235.42999,235.61,1008510,0,0
2025-01-14 15:30:00,235.60001,235.97,235.05,235.84,1143028,0,0
2025-01-14 15:45:00,235.83,235.83,234.6501,234.77,946044,0,0
2025-01-14 16:00:00,234.78,234.8822,234.41479,234.61501,735699,0,0
2025-01-14 16:15:00,234.61,234.67999,234.13,234.21001,1011919,0,0
2025-01-14 16:30:00,234.19,234.4763,233.35,233.45,913612,0,0
2025-01-14 16:45:00,233.4928,233.60001,233.145,233.17419,753901,0,0
2025-01-14 17:00:00,233.16499,233.57001,232.845,233.25,863286,0,0
2025-01-14 17:15:00,233.25999,233.39999,232.87,233.325,561660,0,0
2025-01-14 17:30:00,233.31,233.45,232.64999,233.3701,593625,0,0
2025-01-14 17:45:00,233.38,233.42999,232.9601,233.03,454884,0,0
2025-01-14 18:00:00,233.02,233.77,232.97,233.625,545270,0,0
2025-01-14 18:15:00,233.62,234.12,233.39999,234.0202,585276,0,0
2025-01-14 18:30:00,234.03999,234.42,233.72,234.3385,582493,0,0
2025-01-14 18:45:00,234.345,234.7731,234.2401,234.69501,618186,0,0
2025-01-14 19:00:00,234.72,234.92,234.57001,234.67,608272,0,1
2025-01-14 19:15:00,234.67,234.85001,234.235,234.2587,639459,0,0
2025-01-14 19:30:00,234.25,234.64999,234.17999,234.2261,827777,0,0
2025-01-14 19:45:00,234.22501,234.23,233.05,233.14999,1032532,0,0
2025-01-14 20:00:00,233.13499,233.22,232.472,232.6673,931062,0,0
2025-01-14 20:15:00,232.67,233.31,232.66499,233.295,828601,0,0
2025-01-14 20:30:00,233.28,233.39529,232.53999,232.98,1022585,0,0
2025-01-14 20:45:00,232.98,233.44,232.78,233.28,3829357,0,0
2025-01-15 14:30:00,234.64,237.52,234.42999,237.35001,3646234,0,0
2025-01-15 14:45:00,237.34,238.121,237.17,237.35001,1971559,0,0
2025-01-15 15:00:00,237.37,238.39,237.36,237.50999,1642266,0,0
2025-01-15 15:15:00,237.5,238.10001,237.39999,237.9201,1339591,0,0
2025-01-15 15:30:00,237.96001,238.34,237.45,238.0,1083374,0,0
2025-01-15 15:45:00,237.995,238.23,237.78999,237.97501,769610,0,0
2025-01-15 16:00:00,237.965,238.53999,237.66,237.91,956814,0,0
2025-01-15 16:15:00,237.91,238.07001,237.31,237.4007,902557,0,0
2025-01-15 16:30:00,237.39999,237.39999,236.92999,237.00999,942996,0,0
2025-01-15 16:45:00,237.00999,237.13,236.5024,236.77499,754932,0,0
2025-01-15 17:00:00,236.78,237.58,236.67,237.44501,676696,0,0
2025-01-15 17:15:00,237.455,237.49001,237.03999,237.1199,584960,0,0
2025-01-15 17:30:00,237.11501,237.57001,237.11501,237.50999,636587,0,0
2025-01-15 17:45:00,237.5174,237.74001,237.16,237.19,617322,0,0
2025-01-15 18:00:00,237.2,237.47,236.97,237.02499,524556,0,0
2025-01-15 18:15:00,237.02,237.53999,236.99001,237.53,428039,0,0
2025-01-15 18:30:00,237.52,237.60001,237.25999,237.55659,539088,0,0
2025-01-15 18:45:00,237.55,237.7247,237.495,237.565,493187,0,0
2025-01-15 19:00:00,237.58,237.75999,237.57001,237.75999,419790,0,0
2025-01-15 19:15:00,237.75999,237.75999,237.42999,237.5601,456189,0,0
2025-01-15 19:30:00,237.58,238.03419,237.58,237.83501,635859,0,0
2025-01-15 19:45:00,237.83501,237.94,237.74001,237.81,549679,0,0
2025-01-15 20:00:00,237.83,237.91341,237.623,237.81,717381,0,0
2025-01-15 20:15:00,237.81,237.83,237.52,237.6212,879167,0,0
2025-01-15 20:30:00,237.62,237.92,237.60001,237.82001,964782,0,0
2025-01-15 20:45:00,237.8141,238.47,237.39,237.85001,3719603,0,0
2025-01-16 14:30:00,237.49001,238.00999,235.92,236.25,3969308,0,0
2025-01-16 14:45:00,236.24001,236.28,234.74001,234.845,2058278,0,0
2025-01-16 15:00:00,234.845,235.17,233.91,233.99001,2215730,0,0
2025-01-16 15:15:00,233.985,234.31,232.7106,232.81799,2202458,0,0
2025-01-16 15:30:00,232.802,233.02,231.81,232.3,3391403,0,0
2025-01-16 15:45:00,232.32001,232.38,231.16,231.9601,2821642,0,0
2025-01-16 16:00:00,231.965,232.3125,231.49001,231.92,2026598,0,0
2025-01-16 16:15:00,231.92,232.03,230.16,230.58501,2826870,0,0
2025-01-16 16:30:00,230.5995,230.7599,229.75,229.94,2967873,0,0
2025-01-16 16:45:00,229.95,230.78999,229.7814,230.68539,1738069,0,0
2025-01-16 17:00:00,230.67999,230.94,230.54601,230.8338,1512182,0,0
2025-01-16 17:15:00,230.83,231.10001,230.38,230.92,2193939,0,0
2025-01-16 17:30:00,230.92,231.2,230.64,231.17999,1175422,0,0
2025-01-16 17:45:00,231.1801,231.2,230.45,230.46001,1263491,0,1
2025-01-16 18:00:00,230.48,230.67,230.06,230.09,1163863,0,0
2025-01-16 18:15:00,230.09,230.10001,229.07001,229.19,2620448,0,0
2025-01-16 18:30:00,229.185,229.21001,228.62,229.02,2060744,0,0
2025-01-16 18:45:00,229.0199,229.265,228.8327,229.0,1220762,0,0
2025-01-16 19:00:00,228.97,229.39999,228.8,229.07001,1112706,0,0
2025-01-16 19:15:00,229.09,229.245,228.56,229.175,1451920,0,0
2025-01-16 19:30:00,229.175,229.58,229.00999,229.27499,1278622,0,0
2025-01-16 19:45:00,229.27499,229.92999,228.99001,229.86,1459134,0,0
2025-01-16 20:00:00,229.855,230.0686,229.50999,229.52,2014008,0,0
2025-01-16 20:15:00,229.52,229.60001,228.89999,229.02499,1717822,0,0
2025-01-16 20:30:00,229.00999,229.29179,228.58501,228.735,2310547,0,0
2025-01-16 20:45:00,228.735,228.75999,228.03,228.24001,7117986,0,0
2025-01-17 14:30:00,232.11501,232.28999,229.72,229.88901,17873507,0,1
2025-01-17 14:45:00,229.8701,231.08,229.87,230.78999,3560262,0,0
2025-01-17 15:00:00,230.77,231.27,230.53999,230.625,2313976,0,0
2025-01-17 15:15:00,230.62,230.69,230.0,230.38499,1956641,0,0
2025-01-17 15:30:00,230.39999,231.64999,230.35001,231.14,2063801,0,0
2025-01-17 15:45:00,231.17,231.44,230.86,231.3398,1210819,0,0
2025-01-17 16:00:00,231.3376,231.405,231.00999,231.063,1823882,0,0
2025-01-17 16:15:00,231.08,231.50999,230.87,231.2813,1543882,0,0
2025-01-17 16:30:00,231.28999,231.32001,230.08,230.2663,1512852,0,0
2025-01-17 16:45:00,230.2699,230.37,229.55,229.6611,1211750,0,0
2025-01-17 17:00:00,229.64,230.06,229.49001,229.73,1774980,0,0
2025-01-17 17:15:00,229.72,230.3443,229.50011,230.25909,1136440,0,0
2025-01-17 17:30:00,230.265,230.2952,229.89,229.995,1164111,0,0
2025-01-17 17:45:00,229.995,230.44,229.99001,230.16,843559,0,0
2025-01-17 18:00:00,230.14999,230.2,229.92999,230.065,789616,0,0
2025-01-17 18:15:00,230.0584,230.35001,229.89,229.91,842069,0,0
2025-01-17 18:30:00,229.9102,229.95,229.5226,229.57001,1413357,0,0
2025-01-17 18:45:00,229.58,229.62,229.12,229.28999,1224660,0,0
2025-01-17 19:00:00,229.285,229.32001,228.48,228.94991,1412548,0,0
2025-01-17 19:15:00,228.94,229.25,228.7345,229.17999,946033,0,0
2025-01-17 19:30:00,229.17999,229.49989,229.17419,229.28,919883,0,0
2025-01-17 19:45:00,229.28999,229.6088,229.17999,229.2057,956523,0,0
2025-01-17 20:00:00,229.2,229.77,229.08,229.6696,1342676,0,0
2025-01-17 20:15:00,229.66,229.75,229.375,229.44009,1189615,0,0
2025-01-17 20:30:00,229.44,229.685,229.315,229.4258,1518633,0,0
2025-01-17 20:45:00,229.4209,230.02,229.23,229.99001,3911519,0,0
2025-01-21 14:30:00,224.0,224.42,220.8,220.89999,13601143,0,0
2025-01-21 14:45:00,220.9119,222.41,220.89,221.86,5680372,0,0
2025-01-21 15:00:00,221.85001,222.3,221.19,221.35001,3227062,0,0
2025-01-21 15:15:00,221.345,222.05,221.25,221.77029,2746236,0,0
2025-01-21 15:30:00,221.77,222.09,220.61,220.97,3722128,0,0
2025-01-21 15:45:00,220.995,221.33881,220.60001,221.31,2507834,0,0
2025-01-21 16:00:00,221.31,221.44,220.35001,220.51981,2378083,0,0
2025-01-21 16:15:00,220.50999,220.53,219.7,220.1078,3181857,0,0
2025-01-21 16:30:00,220.09,220.38,219.38,219.57021,2224365,0,0
2025-01-21 16:45:00,219.58501,220.38,219.515,220.17,1554898,0,0
2025-01-21 17:00:00,220.1757,220.77,219.91,220.64,1313018,0,0
2025-01-21 17:15:00,220.63499,220.67,219.83,220.36,1539952,0,0
2025-01-21 17:30:00,220.36,220.8,220.345,220.78,1063162,0,0
2025-01-21 17:45:00,220.78,221.07001,220.22,220.235,1300363,0,0
2025-01-21 18:00:00,220.22,220.405,220.02,220.23,1030426,0,0
2025-01-21 18:15:00,220.25,220.5,220.00999,220.405,1018840,0,0
2025-01-21 18:30:00,220.40469,221.265,220.37,221.22,1221612,0,0
2025-01-21 18:45:00,221.22,221.28,220.6805,221.21001,1017826,0,0
2025-01-21 19:00:00,221.17999,221.36,220.95,221.30499,966762,0,0
2025-01-21 19:15:00,221.32001,221.69,220.97,221.60989,1132091,0,0
2025-01-21 19:30:00,221.60001,221.61,220.53,220.63499,1341711,0,0
2025-01-21 19:45:00,220.6395,221.1499,220.38,221.1203,1006120,0,0
2025-01-21 20:00:00,221.125,221.39751,220.31,221.36,1476852,0,0
2025-01-21 20:15:00,221.36,221.67,221.27,221.6499,1242661,0,0
2025-01-21 20:30:00,221.62,221.83,221.34,221.55,1334353,0,0
2025-01-21 20:45:00,221.56,222.78,221.431,222.66,3489215,0,0
2025-01-22 14:30:00,219.94,223.09,219.8,221.448,8296681,1,0
2025-01-22 14:45:00,221.44009,223.28,221.07001,222.96001,3736417,0,0
2025-01-22 15:00:00,222.96001,223.3528,222.382,222.46001,2650520,0,0
2025-01-22 15:15:00,222.45,222.53999,221.52,221.631,1615044,0,0
2025-01-22 15:30:00,221.63499,222.22,221.55,221.85001,1983357,0,0
2025-01-22 15:45:00,221.85001,222.97,221.81,222.935,1757940,0,0
2025-01-22 16:00:00,222.94,223.02,222.67999,222.87289,1461027,0,0
2025-01-22 16:15:00,222.88,223.08,222.47,222.8598,1540810,0,0
2025-01-22 16:30:00,222.85789,222.92799,221.89999,221.98,1319329,0,0
2025-01-22 16:45:00,221.97,222.05,221.7,221.92999,1354876,0,0
2025-01-22 17:00:00,221.94501,222.09,221.8,221.98,1144128,0,0
2025-01-22 17:15:00,221.98801,222.59,221.9642,222.565,1276414,0,0
2025-01-22 17:30:00,222.565,222.8299,222.35001,222.75,976434,0,0
2025-01-22 17:45:00,222.74001,222.8,222.41,222.7299,898064,0,0
2025-01-22 18:00:00,222.73,222.85001,222.358,222.49001,953334,0,0
2025-01-22 18:15:00,222.495,222.55,222.015,222.11571,1126396,0,0
2025-01-22 18:30:00,222.13,222.21989,221.91,222.16,881527,0,0
2025-01-22 18:45:00,222.155,222.7,222.03999,222.44,901688,0,0
2025-01-22 19:00:00,222.4299,222.59,222.35001,222.545,706935,0,0
2025-01-22 19:15:00,222.55,222.86501,222.55,222.746,894382,0,0
2025-01-22 19:30:00,222.75,222.91991,222.55,222.61,1287100,0,0
2025-01-22 19:45:00,222.61,223.39999,222.42,223.3889,1444076,0,0
2025-01-22 20:00:00,223.3891,223.60001,222.85001,222.935,1487591,0,0
2025-01-22 20:15:00,222.935,223.435,222.82001,223.35001,1387743,0,0
2025-01-22 20:30:00,223.36501,223.485,223.06,223.162,1316761,0,0
2025-01-22 20:45:00,223.1554,223.98,223.06,223.77,3710850,0,0
2025-01-23 14:30:00,224.73,226.25999,224.5,224.77,6234470,0,0
2025-01-23 14:45:00,224.77499,225.58,224.25999,225.16499,2367934,0,0
2025-01-23 15:00:00,225.19,226.10001,224.8903,226.06,2761257,0,0
2025-01-23 15:15:00,226.06,227.03,225.845,225.97,2952351,0,0
2025-01-23 15:30:00,225.965,226.37,225.52,226.17,1868152,0,0
2025-01-23 15:45:00,226.17999,226.19,225.10001,225.3242,1611242,0,1
2025-01-23 16:00:00,225.33369,225.41,224.68,224.95,1594900,0,0
2025-01-23 16:15:00,224.95,225.22,224.38,225.175,1591812,0,0
2025-01-23 16:30:00,225.16,225.19501,224.12131,224.42999,1487991,0,0
2025-01-23 16:45:00,224.45,224.59,223.81,224.03999,1311081,0,0
2025-01-23 17:00:00,224.06,224.1586,223.3857,224.10989,1282858,0,0
2025-01-23 17:15:00,224.1011,224.13,223.485,223.57001,1185435,0,0
2025-01-23 17:30:00,223.565,223.60001,223.19,223.42999,1546823,0,0
2025-01-23 17:45:00,223.41,223.72,223.31,223.69501,1919755,0,0
2025-01-23 18:00:00,223.69,223.78,223.39999,223.72,863257,0,0
2025-01-23 18:15:00,223.71111,223.71111,223.45,223.55,753608,0,0
2025-01-23 18:30:00,223.56,223.63499,223.23,223.38499,863465,0,0
2025-01-23 18:45:00,223.38,223.45,223.00999,223.0743,1052535,0,0
2025-01-23 19:00:00,223.075,223.1599,222.5,222.64,1205305,0,0
2025-01-23 19:15:00,222.6599,223.005,222.42999,222.8,1253866,0,0
2025-01-23 19:30:00,222.81,222.97,222.575,222.64999,1058005,0,0
2025-01-23 19:45:00,222.64999,222.84,222.64,222.75,914122,0,0
2025-01-23 20:00:00,222.74001,223.13,222.6805,222.90871,1092287,0,0
2025-01-23 20:15:00,222.91,223.17,222.84,222.88,1032367,0,0
2025-01-23 20:30:00,222.86501,222.94,222.3,222.36,1408333,0,0
2025-01-23 20:45:00,222.37,223.64999,222.37,223.64999,5495496,0,0
2025-01-24 14:30:00,224.97501,225.63,224.33,225.095,7878347,0,0
2025-01-24 14:45:00,225.10001,225.425,224.31,224.50999,2144101,0,1
2025-01-24 15:00:00,224.535,224.59,222.89999,223.255,3135560,0,0
2025-01-24 15:15:00,223.2599,223.37,222.53011,222.73,2088316,0,0
2025-01-24 15:30:00,222.735,223.37,222.66,223.215,1798051,0,0
2025-01-24 15:45:00,223.215,223.33,222.94,223.065,1249415,0,0
2025-01-24 16:00:00,223.0,223.10001,222.38,222.67999,1542781,0,0
2025-01-24 16:15:00,222.71001,222.78999,222.3501,222.75999,1046378,0,0
2025-01-24 16:30:00,222.77,223.46001,222.60001,223.4165,7381379,0,0
2025-01-24 16:45:00,223.42,223.49001,222.655,222.73,7669772,0,0
2025-01-24 17:00:00,222.7399,223.27,222.66,223.1105,681977,0,0
2025-01-24 17:15:00,223.11011,223.19,222.14,222.28,861091,0,0
2025-01-24 17:30:00,222.22,222.41,221.95,222.3401,787956,0,0
2025-01-24 17:45:00,222.53999,222.7245,222.34,222.3924,680645,0,0
2025-01-24 18:00:00,222.36,222.56,222.0201,222.21001,520273,0,0
2025-01-24 18:15:00,222.24001,222.38989,222.06,222.16,539629,0,0
2025-01-24 18:30:00,222.19,222.36,222.07001,222.32001,9241346,0,0
2025-01-24 18:45:00,222.31,222.55,221.92,222.05,635823,0,0
2025-01-24 19:00:00,222.06,222.35001,222.02,222.23711,548543,0,0
2025-01-24 19:15:00,222.22031,222.39999,222.17999,222.37,423170,0,0
2025-01-24 19:30:00,222.35001,222.75999,222.32001,222.71001,694874,0,0
2025-01-24 19:45:00,222.72501,222.87,222.56,222.60001,645889,0,0
2025-01-24 20:00:00,222.5517,222.88,222.46001,222.87,10798962,0,0
2025-01-24 20:15:00,222.86,222.92999,221.41,222.32001,1282541,0,0
2025-01-24 20:30:00,222.38499,222.52969,222.2,222.27499,915637,0,0
2025-01-24 20:45:00,222.25999,223.045,222.25,222.78999,3420255,0,0
2025-01-27 14:30:00,224.03,227.38,224.0,226.7205,13709218,0,0
2025-01-27 14:45:00,226.75,227.7,225.42,225.66,4353866,0,0
2025-01-27 15:00:00,225.64999,226.03999,224.82001,225.19,2642756,0,0
2025-01-27 15:15:00,225.19501,227.2923,225.0601,227.2923,2221605,0,0
2025-01-27 15:30:00,227.3,228.5876,227.09,227.88,3110234,0,0
2025-01-27 15:45:00,227.92,228.21001,227.2601,227.78999,2225166,0,0
2025-01-27 16:00:00,227.75999,228.83,227.71001,227.85001,2382474,0,0
2025-01-27 16:15:00,227.83501,228.55,227.50999,228.4938,1847196,0,0
2025-01-27 16:30:00,228.47,229.60001,228.2301,229.60001,2339925,0,0
2025-01-27 16:45:00,229.58501,229.78,228.17999,228.44501,2896372,0,0
2025-01-27 17:00:00,228.46609,229.2999,228.28999,229.14,1494366,0,0
2025-01-27 17:15:00,229.17,230.14,228.86,230.09,1793092,0,0
2025-01-27 17:30:00,230.09,230.47,229.94,230.295,1718706,0,0
2025-01-27 17:45:00,230.295,230.48,229.8105,230.14999,1667097,0,0
2025-01-27 18:00:00,230.17,230.88,230.07001,230.6701,1604006,0,0
2025-01-27 18:15:00,230.69,231.38,230.5,231.32001,1776243,0,0
2025-01-27 18:30:00,231.3,231.78,231.13,231.328,2243887,0,0
2025-01-27 18:45:00,231.32001,231.66499,231.02,231.435,1650916,0,0
2025-01-27 19:00:00,231.42999,231.62,230.99001,231.155,1487810,0,0
2025-01-27 19:15:00,231.17999,232.14999,231.13,232.03,1697826,0,0
2025-01-27 19:30:00,232.03,232.03,231.12,231.2,1575868,0,0
2025-01-27 19:45:00,231.19,231.67,230.14,231.58,1904360,0,0
2025-01-27 20:00:00,231.59,231.91,230.85001,231.00999,2628496,0,0
2025-01-27 20:15:00,230.995,231.37,230.17999,230.67999,3364402,0,0
2025-01-27 20:30:00,230.7,231.38,230.53999,230.88,2399603,0,0
2025-01-27 20:45:00,230.87,230.92,228.48,229.94,8415555,0,0
2025-01-28 14:30:00,230.85,235.38,230.85,235.03,262206,0,0
2025-01-28 14:45:00,235.01,235.55,233.89,234.76,175869,0,0
2025-01-28 15:00:00,234.66,236.84,234.415,236.54,139801,0,0
2025-01-28 15:15:00,236.68,237.79,236.26,237.64,158757,0,0
2025-01-28 15:30:00,237.645,238.72,237.63,238.63,180610,0,0
2025-01-28 15:45:00,238.6,239.24,238.1,238.8,86243,0,0
2025-01-28 16:00:00,238.885,239.43,238.18,239.34,74798,0,0
2025-01-28 16:15:00,239.4,239.425,238.815,238.95,80529,0,0
2025-01-28 16:30:00,239.18,240.19,239.18,239.45,103633,0,0
2025-01-28 16:45:00,239.525,239.82,239.18,239.69,64103,0,0
2025-01-28 17:00:00,239.715,240.17,239.34,239.36,63335,0,0
2025-01-28 17:15:00,239.34,239.345,238.2,238.64,58382,0,0
2025-01-28 17:30:00,238.64,238.92,238.51,238.56,41641,0,0
2025-01-28 17:45:00,238.585,238.81,238.27,238.795,31771,0,0
2025-01-28 18:00:00,238.74,239.25,238.72,238.875,35333,0,0
2025-01-28 18:15:00,238.835,238.945,238.48,238.71,53233,0,0
2025-01-28 18:30:00,238.76,238.995,238.63,238.995,41156,0,0
2025-01-28 18:45:00,238.97,239.03,238.68,238.86,139609,0,0
2025-01-28 19:00:00,238.815,238.94,238.6,238.77,53007,0,0
2025-01-28 19:15:00,238.77,239.085,238.71,238.93,31375,0,0
2025-01-28 19:30:00,238.82,239.375,238.8,239.245,34794,0,0
2025-01-28 19:45:00,239.26,239.48,239.02,239.095,37686,0,0
2025-01-28 20:00:00,239.17,239.19,238.31,238.62,33798,0,0
2025-01-28 20:15:00,238.55,239.24,238.55,238.82,47272,0,0
2025-01-28 20:30:00,238.84,238.93,238.5,238.875,52582,0,0
2025-01-28 20:45:00,238.865,238.96,237.77,238.23,188050,0,0
2025-01-29 14:30:00,234.14999,236.17,234.00999,235.7982,6725284,1,0
2025-01-29 14:45:00,235.74001,236.28999,234.98,235.77,1772207,0,0
2025-01-29 15:00:00,235.80499,236.87,235.52,236.55,1749070,0,0
2025-01-29 15:15:00,236.56,237.13,236.17,236.83,1364549,0,0
2025-01-29 15:30:00,236.81,237.955,236.71001,237.58,1555145,0,0
2025-01-29 15:45:00,237.5703,238.0,237.3,237.7894,1243691,0,0
2025-01-29 16:00:00,237.78,237.95,237.08,237.1797,1025231,0,0
2025-01-29 16:15:00,237.17999,237.255,236.42999,236.5157,1036067,0,0
2025-01-29 16:30:00,236.53,237.22,236.5,237.065,856582,0,0
2025-01-29 16:45:00,237.07471,237.1225,236.13,236.53999,928522,0,0
2025-01-29 17:00:00,236.53999,236.85001,236.3008,236.6722,961682,0,0
2025-01-29 17:15:00,236.69,237.19,236.69,236.869,1308700,0,0
2025-01-29 17:30:00,236.87,236.94,236.60001,236.7774,617746,0,0
2025-01-29 17:45:00,236.7706,236.77991,235.94501,236.03999,671173,0,0
2025-01-29 18:00:00,236.03999,236.53999,235.46001,236.515,1792675,0,0
2025-01-29 18:15:00,236.5247,237.435,236.45821,237.42999,817820,0,0
2025-01-29 18:30:00,237.45,237.66,236.9364,237.05,782863,0,0
2025-01-29 18:45:00,237.05,237.39,236.87,237.0,530271,0,0
2025-01-29 19:00:00,236.97,237.22,236.50999,236.6926,799868,0,0
2025-01-29 19:15:00,236.74001,236.95,236.31,236.44501,652956,0,0
2025-01-29 19:30:00,236.44,238.14999,236.345,238.09,1365659,1,0
2025-01-29 19:45:00,238.11,238.28999,237.745,238.08,901019,0,0
2025-01-29 20:00:00,238.07001,238.69,237.86,238.16,1192028,0,0
2025-01-29 20:15:00,238.2,239.24001,237.69,239.05,1427481,0,0
2025-01-29 20:30:00,239.06,239.39999,238.72,239.01199,1517095,0,0
2025-01-29 20:45:00,239.03999,239.855,238.83,239.35001,3547429,0,0
2025-01-30 14:30:00,238.66499,240.78999,238.41,239.28439,4341724,0,0
2025-01-30 14:45:00,239.28999,240.355,238.92,239.42,1750619,0,0
2025-01-30 15:00:00,239.42,239.42,238.09,238.63,1555413,0,0
2025-01-30 15:15:00,238.61,239.03,238.4106,238.46001,1153169,0,0
2025-01-30 15:30:00,238.46001,239.02,238.3,238.96989,979345,0,0
2025-01-30 15:45:00,238.955,239.03,238.06,238.06,875977,0,0
2025-01-30 16:00:00,238.08501,238.49001,237.24001,237.33,3182763,0,0
2025-01-30 16:15:00,237.36,238.3195,237.21001,238.16,1181388,0,0
2025-01-30 16:30:00,238.1844,238.47,238.01,238.065,710301,0,0
2025-01-30 16:45:00,238.08501,238.84,238.08,238.78,851989,0,0
2025-01-30 17:00:00,238.77,238.88,238.14999,238.53,916946,0,0
2025-01-30 17:15:00,238.53,238.60001,237.81,238.03,747214,0,0
2025-01-30 17:30:00,238.03,238.32001,237.905,238.05,776706,0,0
2025-01-30 17:45:00,238.05,238.55,238.05,238.395,581765,0,0
2025-01-30 18:00:00,238.39,238.7686,238.37,238.5002,688259,0,0
2025-01-30 18:15:00,238.5247,238.55,238.28999,238.45,637242,0,0
2025-01-30 18:30:00,238.44,239.22,238.44,239.09,760201,0,0
2025-01-30 18:45:00,239.10001,239.67,239.08,239.64999,863527,0,0
2025-01-30 19:00:00,239.649,239.649,238.931,239.2952,891467,0,0
2025-01-30 19:15:00,239.28,239.39999,239.14,239.25,845016,0,0
2025-01-30 19:30:00,239.25,239.63,239.21001,239.53,928944,0,0
2025-01-30 19:45:00,239.53,239.87,239.27,239.86501,1033006,0,0
2025-01-30 20:00:00,239.86501,240.05,239.7021,239.86501,1451920,0,0
2025-01-30 20:15:00,239.86501,239.95,239.455,239.58,1385253,0,0
2025-01-30 20:30:00,239.58,239.855,237.75,237.95,2497884,0,0
2025-01-30 20:45:00,237.94,238.75,237.24001,237.56,4338195,0,0
2025-01-31 14:30:00,247.03999,247.19,242.14999,242.295,14383478,0,1
2025-01-31 14:45:00,242.28999,243.59,241.35001,241.605,5557628,0,0
2025-01-31 15:00:00,241.58,243.245,241.36,241.9299,3715254,0,0
2025-01-31 15:15:00,241.8959,242.33,240.55,240.9436,3678035,0,0
2025-01-31 15:30:00,240.905,240.99001,240.00999,240.71001,2695488,0,0
2025-01-31 15:45:00,240.71001,241.42931,240.19009,240.95,2536863,0,0
2025-01-31 16:00:00,240.91,241.11,239.82001,240.06,2091344,0,0
2025-01-31 16:15:00,240.05,240.10989,238.59,238.94901,2846094,0,0
2025-01-31 16:30:00,238.97,239.77,238.82001,239.72,1633342,0,0
2025-01-31 16:45:00,239.74001,240.05,238.75999,238.92999,1700004,0,0
2025-01-31 17:00:00,238.92,239.6423,238.74001,239.28999,1446958,0,0
2025-01-31 17:15:00,239.3,239.82001,238.882,239.74001,1442634,0,0
2025-01-31 17:30:00,239.75,239.80099,238.97,239.03,1135313,0,0
2025-01-31 17:45:00,239.02499,239.28,238.3,238.31,1978840,0,0
2025-01-31 18:00:00,238.32001,238.5399,237.52,237.52,1802692,0,0
2025-01-31 18:15:00,237.56,237.5899,236.22,236.425,2905233,0,0
2025-01-31 18:30:00,236.42999,236.86,235.89999,236.42999,1879839,0,0
2025-01-31 18:45:00,236.42999,236.45,235.11279,235.25999,1772456,0,0
2025-01-31 19:00:00,235.28,235.7,234.47,235.59,2189691,0,0
2025-01-31 19:15:00,235.59,235.91,235.0,235.13499,1538328,0,0
2025-01-31 19:30:00,235.155,235.27991,233.92,233.98,1869005,0,0
2025-01-31 19:45:00,234.0191,234.72,233.44,234.13,2215115,0,0
2025-01-31 20:00:00,234.11501,234.11501,233.55499,233.8,1690439,0,0
2025-01-31 20:15:00,233.8243,234.37,233.62,234.28999,2171011,0,0
2025-01-31 20:30:00,234.31,234.49001,233.74001,234.1904,1782657,0,0
2025-01-31 20:45:00,234.19,236.5,234.09,235.86,6597201,0,0
2025-02-03 14:30:00,229.44,231.83,229.44,230.17999,10210944,0,0
2025-02-03 14:45:00,230.22501,230.48,228.77,228.84,3153253,0,0
2025-02-03 15:00:00,228.81,228.825,226.63499,226.63989,4082549,0,0
2025-02-03 15:15:00,226.64,229.46001,226.64,229.25999,3751503,0,0
2025-02-03 15:30:00,229.25999,229.8199,228.75,229.21001,2583031,0,0
2025-02-03 15:45:00,229.17,229.33,227.88,227.89,2218781,0,0
2025-02-03 16:00:00,227.9232,228.45,226.95,226.98,2580980,0,0
2025-02-03 16:15:00,226.8699,227.24001,226.08,226.42,2970891,0,0
2025-02-03 16:30:00,226.41,227.13,225.71001,226.14999,2330061,0,0
2025-02-03 16:45:00,226.13499,227.07001,226.03,226.38,1771101,0,0
2025-02-03 17:00:00,226.37,226.60001,225.86,226.22,1559755,0,0
2025-02-03 17:15:00,226.22,227.03,226.19,226.3699,1406720,0,0
2025-02-03 17:30:00,226.36,226.42999,225.95,226.17999,1304489,0,0
2025-02-03 17:45:00,226.179,227.00999,226.08,226.81,1483051,0,0
2025-02-03 18:00:00,226.82001,226.98,226.19501,226.72,1130200,0,0
2025-02-03 18:15:00,226.75999,227.07001,226.61,226.89999,1034332,0,0
2025-02-03 18:30:00,226.91,227.5175,226.89,227.325,1244399,0,0
2025-02-03 18:45:00,227.34,228.2998,227.34,228.25,1407504,0,0
2025-02-03 19:00:00,228.24001,228.57001,227.655,228.53,1391971,0,0
2025-02-03 19:15:00,228.5295,228.8477,228.25999,228.47,1239794,0,0
2025-02-03 19:30:00,228.48,228.8,228.32001,228.63,911011,0,0
2025-02-03 19:45:00,228.63,229.11,228.58,228.84,1053875,0,0
2025-02-03 20:00:00,228.87,229.21001,228.7001,228.7471,1331965,0,0
2025-02-03 20:15:00,228.72,229.06,228.45,228.55009,1202179,0,0
2025-02-03 20:30:00,228.57001,228.96989,228.1701,228.67999,1814398,0,0
2025-02-03 20:45:00,228.69,228.83,227.63,227.98,3834353,0,0
2025-02-04 14:30:00,227.2,228.59,226.64999,227.91,5954186,1,0
2025-02-04 14:45:00,227.92999,229.21001,227.75999,228.922,2048952,0,0
2025-02-04 15:00:00,228.94,230.03999,228.64,229.60001,2013785,0,0
2025-02-04 15:15:00,229.60001,230.4118,228.97,230.37,1618682,0,0
2025-02-04 15:30:00,230.38,231.45,230.22,231.3399,1684944,0,0
2025-02-04 15:45:00,231.33501,231.5488,230.4601,230.52,1486416,0,0
2025-02-04 16:00:00,230.53,230.98,230.19,230.255,1046228,0,0
2025-02-04 16:15:00,230.26939,231.07001,230.13499,231.05,1148563,0,0
2025-02-04 16:30:00,231.06,232.4604,231.05,232.3801,1442807,0,0
2025-02-04 16:45:00,232.39999,232.41,231.75999,232.19009,1137421,0,0
2025-02-04 17:00:00,232.19,232.78999,232.12,232.715,1314978,0,0
2025-02-04 17:15:00,232.71001,232.7453,231.67,231.78,1313973,0,0
2025-02-04 17:30:00,231.78999,232.255,231.39,232.235,1041503,0,0
2025-02-04 17:45:00,232.22009,232.25,231.75999,232.245,692830,0,0
2025-02-04 18:00:00,232.24001,232.38,231.64,231.83,639325,0,0
2025-02-04 18:15:00,231.825,232.3,231.69,232.22,722312,0,0
2025-02-04 18:30:00,232.22569,232.36,231.67,231.8,532839,0,0
2025-02-04 18:45:00,231.82001,232.0274,231.49001,231.49001,498677,0,0
2025-02-04 19:00:00,231.4839,232.09,231.38,232.015,583183,0,0
2025-02-04 19:15:00,232.02,232.36,231.95,232.14,671897,0,0
2025-02-04 19:30:00,232.14,232.6256,232.13499,232.605,711991,0,0
2025-02-04 19:45:00,232.60181,232.77,232.27,232.53999,819963,0,0
2025-02-04 20:00:00,232.5564,232.95,232.41,232.9256,824417,0,0
2025-02-04 20:15:00,232.925,232.94,232.22,232.30901,988247,0,0
2025-02-04 20:30:00,232.28999,232.59,232.03,232.23,940675,0,0
2025-02-04 20:45:00,232.25,233.13,232.181,232.78999,2550209,0,0
2025-02-05 14:30:00,229.39529,230.515,228.3,229.85001,5226438,0,0
2025-02-05 14:45:00,229.86,230.61971,229.58,230.16499,1705846,0,0
2025-02-05 15:00:00,230.0,230.56,228.46001,228.97,1871637,0,0
2025-02-05 15:15:00,228.94,229.56,228.42,229.5,1146551,1,0
2025-02-05 15:30:00,229.50999,229.56,228.85139,229.14,882536,0,0
2025-02-05 15:45:00,229.17999,230.10001,229.10001,229.53,982510,0,0
2025-02-05 16:00:00,229.52,230.19749,229.44,229.61,814701,0,0
2025-02-05 16:15:00,229.60001,230.10001,229.25999,230.09,768294,0,0
2025-02-05 16:30:00,230.08,230.34,229.99001,230.23,889800,0,0
2025-02-05 16:45:00,230.22929,230.815,230.11,230.7,771190,0,0
2025-02-05 17:00:00,230.7299,231.23,230.62,231.185,656298,0,0
2025-02-05 17:15:00,231.185,231.28,230.67,230.69,598920,0,1
2025-02-05 17:30:00,230.67999,230.75,230.16,230.2,570296,0,0
2025-02-05 17:45:00,230.2,230.45,229.99001,230.05,581077,0,0
2025-02-05 18:00:00,230.05499,230.16,229.7301,229.815,610440,0,0
2025-02-05 18:15:00,229.81,229.9653,229.63,229.91,614816,0,0
2025-02-05 18:30:00,229.89999,230.17,229.71001,229.97,736174,0,0
2025-02-05 18:45:00,229.9799,230.55,229.88,230.53999,600222,0,0
2025-02-05 19:00:00,230.53999,231.53,230.49001,231.25,844339,0,0
2025-02-05 19:15:00,231.243,231.2999,230.56,230.6487,862704,0,0
2025-02-05 19:30:00,230.64,230.94,230.5,230.91,612350,0,0
2025-02-05 19:45:00,230.91,231.34,230.8801,231.28,657158,0,0
2025-02-05 20:00:00,231.32001,231.77,231.285,231.49989,769546,0,0
2025-02-05 20:15:00,231.5,231.87,231.5,231.795,834496,0,0
2025-02-05 20:30:00,231.78,232.12421,231.11011,231.455,1036982,0,0
2025-02-05 20:45:00,231.44501,232.67,231.44501,232.46001,2406190,0,0
2025-02-06 14:30:00,231.34,233.55499,230.7793,233.39,3109823,0,0
2025-02-06 14:45:00,233.39999,233.8,232.92,233.52,1593174,0,0
2025-02-06 15:00:00,233.48,233.53999,232.42999,232.92999,1101576,0,0
2025-02-06 15:15:00,232.92,232.94,231.39,231.53999,1114508,0,0
2025-02-06 15:30:00,231.58501,232.32561,231.41,231.73,910063,0,0
2025-02-06 15:45:00,231.77969,231.77969,230.425,230.94991,1335846,0,0
2025-02-06 16:00:00,230.94,231.7,230.87,231.58,709271,0,0
2025-02-06 16:15:00,231.5898,231.89999,231.40041,231.515,646930,0,0
2025-02-06 16:30:00,231.50999,231.63499,231.2401,231.52499,522704,0,0
2025-02-06 16:45:00,231.52,231.60429,230.92,231.06,786778,0,0
2025-02-06 17:00:00,231.06,231.34,230.89999,231.10001,440481,0,0
2025-02-06 17:15:00,231.11,231.5675,231.00999,231.33,463554,0,0
2025-02-06 17:30:00,231.345,231.53999,231.03,231.13499,586048,0,0
2025-02-06 17:45:00,231.14281,231.9162,231.08,231.77,785936,0,0
2025-02-06 18:00:00,231.785,232.22,231.75,232.11,511685,0,0
2025-02-06 18:15:00,232.11,232.34,231.96001,232.19,509886,0,0
2025-02-06 18:30:00,232.19,232.44,232.13499,232.38989,420443,0,0
2025-02-06 18:45:00,232.38499,232.49001,232.08,232.4007,357365,0,0
2025-02-06 19:00:00,232.41,232.81,232.35001,232.75999,508779,0,0
2025-02-06 19:15:00,232.765,233.11,232.765,232.87,532131,0,0
2025-02-06 19:30:00,232.89,232.89,232.03,232.52,671385,0,0
2025-02-06 19:45:00,232.52811,232.71001,232.11,232.17,520972,0,0
2025-02-06 20:00:00,232.16,232.19,231.895,232.0248,480576,0,0
2025-02-06 20:15:00,232.03,232.47,232.0,232.28,532739,0,0
2025-02-06 20:30:00,232.28999,232.425,231.92999,232.13499,638459,0,0
2025-02-06 20:45:00,232.13,233.28,232.03,233.22,2472909,0,0
2025-02-07 14:30:00,232.515,234.0,232.09,233.14,2650932,0,0
2025-02-07 14:45:00,233.14,233.7,232.57001,232.69,1200535,0,0
2025-02-07 15:00:00,232.675,232.675,230.27,230.28999,2340925,0,0
2025-02-07 15:15:00,230.315,230.931,229.88,230.39,1622413,0,0
2025-02-07 15:30:00,230.34,230.77361,230.1501,230.405,888247,0,0
2025-02-07 15:45:00,230.42999,231.26801,229.12,230.53,1480447,0,0
2025-02-07 16:00:00,230.52,230.59,228.95329,229.0401,1912954,0,0
2025-02-07 16:15:00,229.041,230.25,228.89999,229.05499,1548806,0,0
2025-02-07 16:30:00,229.08501,229.35001,228.89999,229.03,629712,0,0
2025-02-07 16:45:00,229.002,229.32001,228.55009,229.03,1143841,0,0
2025-02-07 17:00:00,229.03,229.33,228.71001,229.2502,748311,0,0
2025-02-07 17:15:00,229.25,229.42,228.19501,228.4006,1241574,0,0
2025-02-07 17:30:00,228.39,228.86,228.3633,228.71001,762525,0,0
2025-02-07 17:45:00,228.7104,228.99001,228.41499,228.73,1646056,0,0
2025-02-07 18:00:00,228.72,229.27,228.58,229.10001,551236,0,0
2025-02-07 18:15:00,229.10001,229.44,229.0101,229.2989,761417,0,0
2025-02-07 18:30:00,229.28999,229.5,228.62,228.64999,560078,0,0
2025-02-07 18:45:00,228.67,228.69,228.06,228.10989,686699,0,0
2025-02-07 19:00:00,228.11,228.35001,227.88,228.005,683223,0,0
2025-02-07 19:15:00,227.996,228.27,227.83,227.88,672577,0,0
2025-02-07 19:30:00,227.89,228.42,227.78999,228.36,733903,0,0
2025-02-07 19:45:00,228.36369,228.41,227.99001,228.295,624052,0,0
2025-02-07 20:00:00,228.28,228.58,228.09,228.35001,676583,0,0
2025-02-07 20:15:00,228.34,228.4595,227.97,228.0,931068,0,0
2025-02-07 20:30:00,227.99001,228.14999,227.48,227.63,1563701,0,0
2025-02-07 20:45:00,227.64,228.07001,227.25999,227.71001,3466812,0,0
2025-02-10 14:30:00,229.57001,230.4819,229.16,229.84,2875626,0,0
2025-02-10 14:45:00,229.86,230.50999,229.02,229.16,1160458,0,0
2025-02-10 15:00:00,229.16,230.58501,228.8,230.495,1525966,0,0
2025-02-10 15:15:00,230.53999,230.58,229.85001,229.8662,801474,0,1
2025-02-10 15:30:00,229.89,229.91161,229.334,229.36,1136953,0,0
2025-02-10 15:45:00,229.3746,229.63,228.9101,229.03999,862216,0,0
2025-02-10 16:00:00,229.03,229.37,228.74001,229.28999,1004544,0,0
2025-02-10 16:15:00,229.28,229.50999,228.91,229.36,752284,0,0
2025-02-10 16:30:00,229.3708,229.38499,228.88,229.05,496528,0,0
2025-02-10 16:45:00,229.05,229.3,228.77,229.22,610531,0,0
2025-02-10 17:00:00,229.03999,229.255,228.375,228.502,726097,0,0
2025-02-10 17:15:00,228.49001,228.67999,228.2392,228.4707,642660,0,0
2025-02-10 17:30:00,228.47,228.84,228.4585,228.69,441893,0,0
2025-02-10 17:45:00,228.67999,228.67999,228.44,228.66499,579896,0,0
2025-02-10 18:00:00,228.66,228.88,228.4709,228.48,394098,0,0
2025-02-10 18:15:00,228.47501,228.74989,228.37,228.47,1042872,0,0
2025-02-10 18:30:00,228.485,228.64,228.42039,228.44,384106,0,0
2025-02-10 18:45:00,228.43739,228.7,228.43739,228.5593,378015,0,0
2025-02-10 19:00:00,228.56,228.735,228.405,228.625,398676,0,0
2025-02-10 19:15:00,228.63,229.035,228.55,228.69991,564025,0,0
2025-02-10 19:30:00,228.7,228.84,228.28,228.3902,549213,0,0
2025-02-10 19:45:00,228.395,228.405,227.91,228.03999,808816,0,0
2025-02-10 20:00:00,227.94051,228.07001,227.60001,227.84,806115,0,0
2025-02-10 20:15:00,227.85001,227.91,227.67999,227.69,807855,0,0
2025-02-10 20:30:00,227.73,227.85001,227.2,227.48199,1228480,0,0
2025-02-10 20:45:00,227.47501,227.88,227.25,227.64,2279114,1,0
2025-02-11 14:30:00,228.2,231.89999,228.13,230.10001,9803332,0,0
2025-02-11 14:45:00,230.13,230.35001,229.3546,230.32001,1691984,0,0
2025-02-11 15:00:00,230.33,231.72,230.0666,231.55,2345923,0,0
2025-02-11 15:15:00,231.8008,233.49001,231.515,233.34,2609214,0,0
2025-02-11 15:30:00,233.215,234.14,232.8201,234.1201,2149136,0,0
2025-02-11 15:45:00,234.13,234.67999,233.9501,234.28999,2158181,0,0
2025-02-11 16:00:00,234.34,234.46001,233.69501,234.065,1464580,0,0
2025-02-11 16:15:00,234.07001,234.7179,233.67,234.64999,1273042,0,0
2025-02-11 16:30:00,234.66,235.23,234.24001,235.06,2362189,0,0
2025-02-11 16:45:00,235.06,235.14999,234.44,234.72,1072452,0,0
2025-02-11 17:00:00,234.71001,235.17999,234.09,234.14999,1242590,0,0
2025-02-11 17:15:00,234.14999,234.85001,233.72169,234.5723,1062570,0,0
2025-02-11 17:30:00,234.59,234.625,233.91,234.28,1041509,0,0
2025-02-11 17:45:00,234.28,234.4182,233.97,234.21001,586092,0,0
2025-02-11 18:00:00,234.23,234.42461,233.755,234.03,570939,0,0
2025-02-11 18:15:00,234.03999,234.2498,233.25,233.545,845749,0,0
2025-02-11 18:30:00,233.72,234.1899,233.4901,233.8999,614021,0,0
2025-02-11 18:45:00,233.89999,234.07001,233.67999,233.8497,490964,0,0
2025-02-11 19:00:00,233.7782,233.89,233.53,233.56461,542786,0,0
2025-02-11 19:15:00,233.55,233.78,233.13,233.37,1166375,0,0
2025-02-11 19:30:00,233.36211,233.55,233.285,233.36079,1145857,0,0
2025-02-11 19:45:00,233.35539,233.49001,233.23,233.3685,588969,0,0
2025-02-11 20:00:00,233.38,233.925,232.97,233.19,1151000,0,0
2025-02-11 20:15:00,233.19501,233.25999,232.89999,233.11079,827847,0,0
2025-02-11 20:30:00,233.11,233.3,232.82001,232.98,1218356,0,0
2025-02-11 20:45:00,232.96001,233.00999,232.17,232.77,3396683,0,0
2025-02-12 14:30:00,231.27499,232.6539,230.67999,231.61,5711670,1,0
2025-02-12 14:45:00,231.61,233.03,231.22,232.56,1781558,0,0
2025-02-12 15:00:00,232.56,232.69,231.36,231.86501,1702934,0,0
2025-02-12 15:15:00,231.91,234.05,231.85001,233.605,2171813,0,0
2025-02-12 15:30:00,233.58121,234.66991,233.58,234.09,1872477,0,0
2025-02-12 15:45:00,234.12,234.84,233.72,234.6347,1318693,0,0
2025-02-12 16:00:00,234.64,234.88,233.99001,234.36,1160196,0,0
2025-02-12 16:15:00,234.35001,235.14,234.23,235.07001,1116706,0,0
2025-02-12 16:30:00,235.07001,235.34,234.73,235.02,872419,0,0
2025-02-12 16:45:00,235.02,235.5,234.86,235.4024,874624,0,0
2025-02-12 17:00:00,235.38499,235.66,234.9632,235.3103,997691,0,0
2025-02-12 17:15:00,235.31,235.60001,235.1711,235.28999,777679,0,0
2025-02-12 17:30:00,235.2733,235.42,234.86,235.0508,621150,0,0
2025-02-12 17:45:00,235.03999,235.6869,235.02,235.66,654984,0,0
2025-02-12 18:00:00,235.67,235.89,235.52,235.60001,840407,0,0
2025-02-12 18:15:00,235.61,235.674,235.0899,235.48,702457,0,0
2025-02-12 18:30:00,235.47321,235.64,235.32001,235.46001,519190,0,0
2025-02-12 18:45:00,235.47,235.88,235.4332,235.60001,653916,0,0
2025-02-12 19:00:00,235.6024,236.08501,235.55,236.045,920957,0,0
2025-02-12 19:15:00,236.03999,236.42,235.955,236.21001,941858,0,0
2025-02-12 19:30:00,236.21001,236.5,236.07001,236.39,767155,0,0
2025-02-12 19:45:00,236.39999,236.5,236.255,236.47,854033,0,0
2025-02-12 20:00:00,236.48,236.50999,236.16,236.36,763466,0,0
2025-02-12 20:15:00,236.36,236.66,236.26241,236.465,958414,0,0
2025-02-12 20:30:00,236.46001,236.72,236.32001,236.325,1091079,0,0
2025-02-12 20:45:00,236.33,236.96001,235.91,236.89,3402699,0,0
2025-02-13 14:30:00,238.42,239.0,235.9001,236.77991,5486363,0,0
2025-02-13 14:45:00,236.75,237.229,236.24001,236.31,1316386,0,0
2025-02-13 15:00:00,236.28999,236.72,235.57001,236.33,1656957,0,0
2025-02-13 15:15:00,236.34,238.03,236.19,237.88,1380524,0,0
2025-02-13 15:30:00,237.896,239.03,237.73,238.99001,1403988,0,0
2025-02-13 15:45:00,239.0099,239.50999,238.77,239.28011,1709188,0,0
2025-02-13 16:00:00,239.28,241.61,239.12,241.125,4152090,0,0
2025-02-13 16:15:00,241.08,241.42999,240.36,240.48,1681424,0,0
2025-02-13 16:30:00,240.4903,240.75,239.82001,240.08,1443928,0,0
2025-02-13 16:45:00,240.08501,240.56,240.0657,240.39,834345,0,0
2025-02-13 17:00:00,240.42,240.84,240.071,240.435,921702,0,0
2025-02-13 17:15:00,240.44,240.58,240.265,240.345,594502,0,0
2025-02-13 17:30:00,240.3499,240.66,240.19,240.53,569333,0,0
2025-02-13 17:45:00,240.57001,241.14999,240.57001,240.6891,1017976,0,0
2025-02-13 18:00:00,240.67999,241.35001,240.38,241.17999,853116,0,0
2025-02-13 18:15:00,241.17,241.35001,240.3,241.03,748578,0,0
2025-02-13 18:30:00,241.03999,241.1899,240.53,241.0,856575,0,0
2025-02-13 18:45:00,240.98,241.60001,240.8,241.595,1005602,0,0
2025-02-13 19:00:00,241.58501,241.88,241.39,241.785,919912,0,0
2025-02-13 19:15:00,241.785,242.07001,241.55,241.7699,980169,0,0
2025-02-13 19:30:00,241.75011,242.08,241.59,241.82001,695211,0,0
2025-02-13 19:45:00,241.81,242.3399,241.72501,242.22,950197,0,0
2025-02-13 20:00:00,242.22,242.23061,241.69,241.77,899854,0,0
2025-02-13 20:15:00,241.7706,242.0,241.25999,241.545,1160018,0,0
2025-02-13 20:30:00,241.545,241.545,241.02,241.22,1080858,0,0
2025-02-13 20:45:00,241.2235,241.769,241.00999,241.52,3176728,0,0
2025-02-14 14:30:00,241.07001,243.74001,241.0,243.58,4699221,1,0
2025-02-14 14:45:00,243.58,244.42,243.3,244.32001,2170960,0,0
2025-02-14 15:00:00,244.31,245.05,243.85001,244.62,2804521,0,0
2025-02-14 15:15:00,244.6499,244.88,244.05,244.38,1611949,0,0
2025-02-14 15:30:00,244.38,244.38,243.17999,243.69,1790913,0,0
2025-02-14 15:45:00,243.69501,244.3,243.32001,244.28,1256785,0,0
2025-02-14 16:00:00,244.28,244.315,243.78,243.88499,1105447,0,0
2025-02-14 16:15:00,243.89999,244.0108,243.16,243.94501,914560,0,0
2025-02-14 16:30:00,243.94,244.11501,243.7106,244.0645,1486851,0,0
2025-02-14 16:45:00,244.0652,244.44,243.92999,244.38,889341,0,0
2025-02-14 17:00:00,244.37,244.44,243.69,243.89,703042,0,0
2025-02-14 17:15:00,243.89999,244.53,243.7901,243.8152,1099017,0,0
2025-02-14 17:30:00,243.825,243.86971,243.34,243.42999,829766,0,0
2025-02-14 17:45:00,243.45,244.0099,243.345,243.91,641216,0,0
2025-02-14 18:00:00,243.91499,244.31,243.83,244.0,510677,0,0
2025-02-14 18:15:00,243.9846,244.23,243.81,243.99989,444329,0,0
2025-02-14 18:30:00,243.98,244.47,243.98,244.36,459122,0,0
2025-02-14 18:45:00,244.36,244.53999,244.08,244.16,512914,0,0
2025-02-14 19:00:00,244.1602,244.3,243.98,244.2861,509092,0,0
2025-02-14 19:15:00,244.285,244.285,243.94,244.14999,497673,0,0
2025-02-14 19:30:00,244.13989,244.37,244.1236,244.25,489639,0,0
2025-02-14 19:45:00,244.26199,244.3,244.0,244.2683,491053,0,0
2025-02-14 20:00:00,244.25999,244.25999,243.9101,244.14,709457,0,0
2025-02-14 20:15:00,244.14999,244.25,243.9608,244.10001,737671,0,0
2025-02-14 20:30:00,244.08,244.38,243.91,244.31,1134577,0,0
2025-02-14 20:45:00,244.3036,245.41,244.21001,244.57001,3747831,0,0
2025-02-18 14:30:00,243.91,245.005,242.86011,243.61,6206174,0,0
2025-02-18 14:45:00,243.60001,245.17999,243.23,244.92999,2064852,0,0
2025-02-18 15:00:00,244.98399,245.0972,244.11,244.4601,1188584,0,0
2025-02-18 15:15:00,244.48,244.92999,243.86,244.0905,1365500,0,0
2025-02-18 15:30:00,244.08,244.69,244.02699,244.36,849137,0,0
2025-02-18 15:45:00,244.34,244.45,243.94,244.33,899157,0,0
2025-02-18 16:00:00,244.33,244.66,244.23,244.3609,610345,0,0
2025-02-18 16:15:00,244.375,244.96989,244.285,244.73,803569,0,0
2025-02-18 16:30:00,244.72,244.86,244.35001,244.47,833931,0,0
2025-02-18 16:45:00,244.455,245.05,244.44,244.89,1176666,0,0
2025-02-18 17:00:00,244.895,244.95,244.17999,244.41,556083,0,0
2025-02-18 17:15:00,244.42,244.57001,244.24001,244.42999,505921,0,0
2025-02-18 17:30:00,244.45,244.5,243.92999,244.19,660803,0,0
2025-02-18 17:45:00,244.2,244.31,243.95,243.97501,495696,0,0
2025-02-18 18:00:00,243.97,244.11549,243.6201,243.69,881047,0,0
2025-02-18 18:15:00,243.67999,243.86,243.25,243.435,615478,0,0
2025-02-18 18:30:00,243.42999,243.48331,242.39,242.77,1015139,0,0
2025-02-18 18:45:00,242.795,242.8325,242.3101,242.62,672863,0,0
2025-02-18 19:00:00,242.61,242.75,241.84,242.05499,753640,0,0
2025-02-18 19:15:00,242.05009,243.0836,242.0,243.05499,861575,1,0
2025-02-18 19:30:00,243.05499,243.4599,242.98,243.27499,892034,0,0
2025-02-18 19:45:00,243.24001,243.83501,243.24001,243.69501,778005,0,0
2025-02-18 20:00:00,243.6989,243.83,243.52,243.71001,618269,0,0
2025-02-18 20:15:00,243.72,243.735,243.45,243.52,635002,0,0
2025-02-18 20:30:00,243.53,243.64,243.19,243.27,792801,0,0
2025-02-18 20:45:00,243.28999,244.60001,243.14999,244.47,4179777,0,0
2025-02-19 14:30:00,244.61,246.00999,244.1181,244.7,4657757,0,0
2025-02-19 14:45:00,244.7,245.2,244.338,245.07001,1109246,0,0
2025-02-19 15:00:00,245.07001,245.58,244.25,244.4657,1254764,0,0
2025-02-19 15:15:00,244.47,244.7,243.78999,243.9399,932145,0,0
2025-02-19 15:30:00,243.92999,244.49001,243.37,243.98,1119316,0,0
2025-02-19 15:45:00,243.97501,244.3,243.25999,243.41499,864611,0,0
2025-02-19 16:00:00,243.41,244.3699,243.1604,244.2099,1191117,1,0
2025-02-19 16:15:00,244.23,244.44,243.98,244.39571,700798,0,0
2025-02-19 16:30:00,244.39,244.85001,244.03,244.75,679879,0,0
2025-02-19 16:45:00,244.75999,244.94991,244.58,244.78,1048618,0,0
2025-02-19 17:00:00,244.78999,245.6514,244.745,245.49001,962564,0,0
2025-02-19 17:15:00,245.4843,245.56,244.89999,245.14999,637457,0,0
2025-02-19 17:30:00,245.14,245.28,244.72,244.8,485333,0,0
2025-02-19 17:45:00,244.825,244.955,244.6273,244.72,512683,0,0
2025-02-19 18:00:00,244.73,244.75,244.23,244.3322,515049,0,0
2025-02-19 18:15:00,244.34,244.82021,244.3,244.71001,451971,0,0
2025-02-19 18:30:00,244.715,245.1899,244.715,245.0,454670,0,0
2025-02-19 18:45:00,244.9911,245.07001,244.53999,244.73,403864,0,0
2025-02-19 19:00:00,244.74001,244.94769,244.22,244.94769,575938,0,0
2025-02-19 19:15:00,244.94,245.08,244.75999,244.9001,590599,0,0
2025-02-19 19:30:00,244.89999,244.89999,244.53,244.55,506140,0,0
2025-02-19 19:45:00,244.55,244.854,244.4501,244.83501,582225,0,0
2025-02-19 20:00:00,244.84,245.02,244.645,244.99001,628076,0,0
2025-02-19 20:15:00,245.0,245.17,244.81,244.88,959836,0,0
2025-02-19 20:30:00,244.88,245.07001,244.815,244.905,748496,0,0
2025-02-19 20:45:00,244.91,245.0896,244.535,244.88,2215118,0,0
2025-02-20 14:30:00,244.97,246.78,244.61,245.72,2953691,0,0
2025-02-20 14:45:00,245.73309,246.5,244.675,244.91,1807225,0,0
2025-02-20 15:00:00,244.89999,245.25999,244.28999,244.97,1403335,0,0
2025-02-20 15:15:00,244.97,245.179,244.44,244.745,895223,0,0
2025-02-20 15:30:00,244.74001,245.16991,244.59,244.8432,692002,0,0
2025-02-20 15:45:00,244.83,245.3539,244.66,245.07001,925678,0,0
2025-02-20 16:00:00,245.11501,246.7,245.08,246.575,1699301,0,0
2025-02-20 16:15:00,246.5793,246.58,245.64999,246.1306,1015995,0,0
2025-02-20 16:30:00,246.125,246.21001,245.67,245.8242,987071,0,0
2025-02-20 16:45:00,245.83,245.88,245.095,245.27499,1364832,0,0
2025-02-20 17:00:00,245.265,246.19,245.03,246.17,707533,0,0
2025-02-20 17:15:00,246.17999,246.46001,246.05,246.38,1012739,0,0
2025-02-20 17:30:00,246.37,246.41,245.50999,245.9395,599687,0,0
2025-02-20 17:45:00,245.89,245.99001,245.34,245.35001,498940,0,0
2025-02-20 18:00:00,245.369,245.81779,245.16,245.77,592937,0,0
2025-02-20 18:15:00,245.75999,245.78999,245.22501,245.44501,556505,0,0
2025-02-20 18:30:00,245.44,245.58,245.2,245.45,422504,0,0
2025-02-20 18:45:00,245.44,245.48531,245.02,245.3506,494243,0,0
2025-02-20 19:00:00,245.33,245.47,245.17,245.4411,384804,0,0
2025-02-20 19:15:00,245.44501,245.575,245.2,245.255,490032,0,0
2025-02-20 19:30:00,245.25,245.25,244.85001,245.24001,558885,0,0
2025-02-20 19:45:00,245.241,245.75,245.2,245.33501,574667,0,0
2025-02-20 20:00:00,245.33,245.645,245.2735,245.49001,567347,0,0
2025-02-20 20:15:00,245.49001,245.7402,245.28999,245.62,638127,0,0
2025-02-20 20:30:00,245.61,245.64999,245.36,245.58,810347,0,0
2025-02-20 20:45:00,245.57001,246.0,245.47,245.86,2342129,0,0
2025-02-21 14:30:00,245.965,246.94,245.59,245.71001,5410111,0,0
2025-02-21 14:45:00,245.72,246.03999,245.48,245.69,942676,0,0
2025-02-21 15:00:00,245.66,246.0,245.22,245.795,1022663,0,0
2025-02-21 15:15:00,245.78,246.00999,245.45,245.78999,831847,0,0
2025-02-21 15:30:00,245.77499,245.95,245.3,245.355,628814,0,0
2025-02-21 15:45:00,245.34,245.83,245.22,245.83,1283615,0,0
2025-02-21 16:00:00,245.815,246.6899,245.815,246.67999,1202064,0,0
2025-02-21 16:15:00,246.69,247.45,246.53,247.13,2326261,0,0
2025-02-21 16:30:00,247.145,247.3596,246.83,247.12,969448,0,0
2025-02-21 16:45:00,247.125,247.5,246.64999,247.015,2076865,0,0
2025-02-21 17:00:00,247.03,247.64999,246.9801,247.2267,830414,0,0
2025-02-21 17:15:00,247.2216,247.52,246.89999,247.37,824223,0,0
2025-02-21 17:30:00,247.38,248.39,247.2,248.345,1890176,0,0
2025-02-21 17:45:00,248.34081,248.69,247.92999,248.42999,1706160,0,0
2025-02-21 18:00:00,248.45,248.49001,247.2,247.31,1595397,0,0
2025-02-21 18:15:00,247.345,247.69,247.10001,247.44119,1672664,0,0
2025-02-21 18:30:00,247.4451,248.07671,247.03999,247.56,2316988,0,0
2025-02-21 18:45:00,247.565,248.0175,247.52,247.74001,666170,0,0
2025-02-21 19:00:00,247.75,247.86,247.435,247.67731,897730,0,0
2025-02-21 19:15:00,247.64999,247.72,246.42999,246.49001,1105397,0,0
2025-02-21 19:30:00,246.505,246.82001,245.78011,246.24001,2291789,0,0
2025-02-21 19:45:00,246.3,246.64999,245.632,245.91229,1462258,0,0
2025-02-21 20:00:00,245.91,246.009,245.39011,245.735,1496409,0,0
2025-02-21 20:15:00,245.72,245.97,245.435,245.8,2577328,0,0
2025-02-21 20:30:00,245.815,245.94,245.45,245.52,1627204,0,0
2025-02-21 20:45:00,245.5399,246.09,245.33,245.59,3970748,0,0
2025-02-24 14:30:00,244.808,247.89999,244.59,246.07001,5494656,1,0
2025-02-24 14:45:00,246.065,248.14,245.6501,248.065,2748777,0,0
2025-02-24 15:00:00,248.08,248.86,247.23,247.35001,3503841,0,1
2025-02-24 15:15:00,247.28999,247.88499,247.28999,247.85001,1447211,0,0
2025-02-24 15:30:00,247.85001,247.9541,246.00999,246.17999,2007284,0,0
2025-02-24 15:45:00,246.17999,247.74001,246.09,247.22501,2119064,0,0
2025-02-24 16:00:00,247.16499,247.60001,246.8,246.84,1482372,0,0
2025-02-24 16:15:00,246.86,247.44,246.27,247.1102,1207996,0,0
2025-02-24 16:30:00,247.13,248.24001,247.12,248.19501,1191296,0,0
2025-02-24 16:45:00,248.19501,248.32001,247.75101,248.0,1078130,0,0
2025-02-24 17:00:00,248.0,248.168,247.45,247.8002,628827,0,0
2025-02-24 17:15:00,247.81,248.28,247.75999,247.795,740517,0,0
2025-02-24 17:30:00,247.82001,247.96001,247.52,247.5722,588144,0,0
2025-02-24 17:45:00,247.58,247.8562,247.27,247.27,626895,0,0
2025-02-24 18:00:00,247.27,247.71001,247.22,247.69,570722,0,0
2025-02-24 18:15:00,247.7,248.14,247.6001,248.05,765767,0,0
2025-02-24 18:30:00,248.05,248.22,247.67,248.0443,768902,0,0
2025-02-24 18:45:00,248.05,248.14,247.7804,247.96001,995414,0,0
2025-02-24 19:00:00,247.98,248.72,247.92999,248.35001,1681842,0,0
2025-02-24 19:15:00,248.36,248.8,248.35001,248.66,918667,0,0
2025-02-24 19:30:00,248.66,248.75,247.7901,247.89999,739485,0,0
2025-02-24 19:45:00,248.0,248.1907,247.42999,247.98,1087786,0,0
2025-02-24 20:00:00,248.0,248.23,247.63,248.005,835348,0,0
2025-02-24 20:15:00,248.02,248.09,247.595,247.61,994447,0,0
2025-02-24 20:30:00,247.595,247.73,247.3,247.48,1012012,0,0
2025-02-24 20:45:00,247.47,247.78999,246.82001,247.23,3964810,0,0
2025-02-25 14:30:00,248.0,249.52,247.10001,247.58,6155782,0,0
2025-02-25 14:45:00,247.49001,248.28,247.23,247.825,1848398,0,0
2025-02-25 15:00:00,247.825,247.89999,246.10001,246.14,2413326,0,0
2025-02-25 15:15:00,246.13,246.46001,244.91,245.11,2125908,0,0
2025-02-25 15:30:00,245.13,246.17999,244.91,245.495,1759200,0,0
2025-02-25 15:45:00,245.47,246.36,245.2,246.075,1110244,0,0
2025-02-25 16:00:00,246.09,246.66,245.64999,246.19,1219679,0,0
2025-02-25 16:15:00,246.17999,246.87,246.17,246.52499,823613,0,0
2025-02-25 16:30:00,246.535,248.07001,246.4301,247.99001,1689333,0,0
2025-02-25 16:45:00,247.98,249.98,247.8,249.54201,2534422,0,0
2025-02-25 17:00:00,249.565,249.69,249.02,249.355,1272342,0,0
2025-02-25 17:15:00,249.34,249.63,248.88,249.58,1215601,0,0
2025-02-25 17:30:00,249.58,249.62,248.71001,249.11,1094617,0,1
2025-02-25 17:45:00,249.13,249.2708,248.08,248.17,814548,0,0
2025-02-25 18:00:00,248.17999,248.84,248.17,248.235,663162,0,0
2025-02-25 18:15:00,248.2,248.57001,247.73,247.98,632209,0,0
2025-02-25 18:30:00,247.97,248.62,247.78999,248.495,779778,0,0
2025-02-25 18:45:00,248.49001,248.52,247.96001,248.14,666588,0,0
2025-02-25 19:00:00,248.13,248.22,247.38029,247.38029,885540,0,0
2025-02-25 19:15:00,247.38,247.8896,247.16,247.66811,904379,0,0
2025-02-25 19:30:00,247.64,248.50999,247.55,248.46001,937157,0,0
2025-02-25 19:45:00,248.46001,248.59,248.1409,248.42,763711,0,0
2025-02-25 20:00:00,248.42,248.53999,247.77,248.0258,752102,0,0
2025-02-25 20:15:00,248.00999,248.28979,247.63,247.72,955456,0,0
2025-02-25 20:30:00,247.72501,247.77,246.97501,247.30009,1198682,0,0
2025-02-25 20:45:00,247.28999,247.56,246.045,247.05,3092508,0,0
2025-02-26 14:30:00,244.33,244.98,241.42,242.03999,6749490,0,0
2025-02-26 14:45:00,242.03999,243.98,241.8539,243.42999,2260453,0,0
2025-02-26 15:00:00,243.42,244.0,243.32001,243.85069,1488241,0,0
2025-02-26 15:15:00,243.87,244.62,243.33,243.48,1424141,0,0
2025-02-26 15:30:00,243.495,243.72,242.02499,242.08501,1353292,0,0
2025-02-26 15:45:00,242.10001,242.81,242.00999,242.19,1411812,0,0
2025-02-26 16:00:00,242.19501,242.63,242.065,242.1906,961795,0,0
2025-02-26 16:15:00,242.19,242.30051,241.58,241.81,1117633,0,0
2025-02-26 16:30:00,241.8,243.24001,241.75,243.07001,1013279,0,0
2025-02-26 16:45:00,243.07001,243.5,242.80099,243.19,892092,0,0
2025-02-26 17:00:00,243.23,243.89,243.17999,243.75,693059,0,0
2025-02-26 17:15:00,243.77,243.80251,242.87,243.13,662309,0,1
2025-02-26 17:30:00,243.14,243.28999,241.96001,242.235,995372,0,0
2025-02-26 17:45:00,242.22,242.32001,241.39999,241.55,1001103,0,0
2025-02-26 18:00:00,241.52,241.74001,240.83,241.22,1061971,0,0
2025-02-26 18:15:00,241.21001,241.22,240.24001,240.3403,952861,0,0
2025-02-26 18:30:00,240.34,240.39,239.19,239.48,1411469,0,0
2025-02-26 18:45:00,239.49001,239.99001,239.13,239.64999,1118422,0,0
2025-02-26 19:00:00,239.64,239.78999,239.34,239.60001,753878,0,0
2025-02-26 19:15:00,239.61501,240.125,239.5,239.82001,812582,0,0
2025-02-26 19:30:00,239.81,240.285,239.64,240.2,742502,0,0
2025-02-26 19:45:00,240.2,240.3699,239.60001,239.72,741428,0,0
2025-02-26 20:00:00,239.72,240.09,239.53,239.83,776069,0,0
2025-02-26 20:15:00,239.83,240.45,239.5901,239.95,900835,0,0
2025-02-26 20:30:00,239.96001,240.3,239.685,240.2,1060898,0,0
2025-02-26 20:45:00,240.2,240.71001,240.02,240.31,3005497,0,0
2025-02-27 14:30:00,239.345,242.28,238.92999,241.2957,7428302,0,0
2025-02-27 14:45:00,241.32001,241.53,239.99001,240.58,1470202,0,0
2025-02-27 15:00:00,240.62,240.62,238.47,240.14999,1959138,0,0
2025-02-27 15:15:00,240.12,241.67999,240.09,241.375,1003286,0,0
2025-02-27 15:30:00,241.36,241.8,240.64,241.3783,927330,0,0
2025-02-27 15:45:00,241.37,241.59,241.0,241.255,624504,0,0
2025-02-27 16:00:00,241.23,241.89999,240.89999,241.89,787584,0,0
2025-02-27 16:15:00,241.895,242.46001,241.45,241.52,975178,0,0
2025-02-27 16:30:00,241.52,241.78481,240.94,241.0912,650449,0,0
2025-02-27 16:45:00,241.095,241.25,240.25011,240.435,617932,0,0
2025-02-27 17:00:00,240.46001,240.48,239.99001,240.2,526150,0,0
2025-02-27 17:15:00,240.23,241.06,239.58501,241.058,689053,0,0
2025-02-27 17:30:00,241.1297,241.345,240.36,240.64,578516,0,0
2025-02-27 17:45:00,240.655,240.98,240.36,240.77499,380889,0,0
2025-02-27 18:00:00,240.78,241.67,240.75999,241.50999,570317,0,0
2025-02-27 18:15:00,241.52361,242.17999,241.4958,241.89999,594218,0,0
2025-02-27 18:30:00,241.92999,242.03999,241.6601,241.75,392846,0,0
2025-02-27 18:45:00,241.77499,242.05,241.56,241.61,865468,0,0
2025-02-27 19:00:00,241.6001,241.75999,241.21001,241.27,554991,0,0
2025-02-27 19:15:00,241.27,241.2999,240.52,240.63,563325,0,0
2025-02-27 19:30:00,240.645,240.66,239.96001,240.28,960853,0,0
2025-02-27 19:45:00,240.25,240.34,239.53999,239.71001,922372,0,0
2025-02-27 20:00:00,239.71001,239.72,238.77029,239.0499,1117367,0,0
2025-02-27 20:15:00,239.0,239.92999,238.89,238.92,1411033,0,0
2025-02-27 20:30:00,238.955,239.36951,238.25999,238.505,1279550,0,0
2025-02-27 20:45:00,238.48,238.48,237.10001,237.38,4702280,0,0
2025-02-28 14:30:00,236.95,237.3,234.50999,236.5992,5235212,0,0
2025-02-28 14:45:00,236.63,237.41,236.07001,236.74001,1489184,0,0
2025-02-28 15:00:00,236.745,237.42,235.8801,236.62,1381583,0,0
2025-02-28 15:15:00,236.62,237.8,235.64,237.595,1754752,0,0
2025-02-28 15:30:00,237.58,237.64,236.5,236.92999,1151935,0,0
2025-02-28 15:45:00,236.925,237.83,236.7701,237.47,844331,0,0
2025-02-28 16:00:00,237.485,237.53999,236.49001,236.60001,950285,0,0
2025-02-28 16:15:00,236.58,237.28,236.49001,236.92,910412,0,0
2025-02-28 16:30:00,236.87,237.67,236.84,237.32201,1008584,0,0
2025-02-28 16:45:00,237.345,237.535,236.96001,237.09,588238,0,0
2025-02-28 17:00:00,237.09,237.325,236.55,237.00999,590705,0,0
2025-02-28 17:15:00,236.98,237.75,236.87,237.605,668985,0,0
2025-02-28 17:30:00,237.69,237.89999,237.02,237.31,849735,0,0
2025-02-28 17:45:00,237.29021,237.77,236.94051,237.37,792352,0,0
2025-02-28 18:00:00,237.3896,237.62,236.84309,237.06,657704,0,0
2025-02-28 18:15:00,237.08,237.45,236.23,237.41,953772,0,0
2025-02-28 18:30:00,237.405,238.3083,237.31,237.985,954584,0,0
2025-02-28 18:45:00,238.0,238.12,237.00999,237.03999,706377,0,0
2025-02-28 19:00:00,237.03999,237.80499,237.0304,237.5,669225,0,0
2025-02-28 19:15:00,237.49001,238.27,237.49001,237.92,744391,0,0
2025-02-28 19:30:00,237.88,238.75,237.70039,238.63,1047073,0,0
2025-02-28 19:45:00,238.61,238.88,238.12,238.88,1032108,0,0
2025-02-28 20:00:00,238.875,239.53999,238.81,239.295,1285867,0,0
2025-02-28 20:15:00,239.29761,239.78,238.78999,239.71001,1242342,0,0
2025-02-28 20:30:00,239.69,239.87,238.81,239.73,1259974,0,0
2025-02-28 20:45:00,239.72,242.09,239.60001,241.84,6394896,0,0
2025-03-03 14:30:00,241.722,244.02721,241.02,243.105,5364356,0,0
2025-03-03 14:45:00,243.105,243.23,240.47,240.82001,1950276,0,1
2025-03-03 15:00:00,240.84,241.21001,239.825,240.46001,1714554,0,0
2025-03-03 15:15:00,240.46001,241.52,240.0,241.485,1107815,0,0
2025-03-03 15:30:00,241.5,242.47,241.2,242.4552,1446367,0,0
2025-03-03 15:45:00,242.42999,242.44,241.12669,241.2,809930,0,0
2025-03-03 16:00:00,241.23,241.94,241.16,241.8403,854842,0,0
2025-03-03 16:15:00,241.87,242.63,241.18201,241.19,851209,0,0
2025-03-03 16:30:00,241.23,241.50999,240.66499,240.92081,814815,0,0
2025-03-03 16:45:00,240.91,241.98,240.88,241.815,688877,1,0
2025-03-03 17:00:00,241.81,242.31,241.61,242.17999,682202,0,0
2025-03-03 17:15:00,242.185,242.55,242.07001,242.53999,540968,0,0
2025-03-03 17:30:00,242.53999,242.9868,242.39999,242.71001,661360,0,0
2025-03-03 17:45:00,242.7,242.74001,241.89999,242.33,626110,0,0
2025-03-03 18:00:00,242.31,242.36,241.13,241.19569,786962,0,0
2025-03-03 18:15:00,241.23,241.73,240.74001,240.965,818342,0,0
2025-03-03 18:30:00,241.02,241.27,240.63,240.95,1190704,0,0
2025-03-03 18:45:00,240.92999,241.42999,240.44,241.32001,1006535,0,0
2025-03-03 19:00:00,241.31,241.87,241.24001,241.45351,869361,0,0
2025-03-03 19:15:00,241.46001,241.52,240.9109,241.15179,649620,0,0
2025-03-03 19:30:00,241.16,242.0,241.14999,241.84,695659,0,0
2025-03-03 19:45:00,241.83,241.83,239.88,240.28999,1287535,0,0
2025-03-03 20:00:00,240.28,240.285,238.09,238.28,1520237,0,0
2025-03-03 20:15:00,238.31,238.64,236.64999,236.88921,1751698,0,0
2025-03-03 20:30:00,236.88,237.53,236.112,236.42,2196414,0,0
2025-03-03 20:45:00,236.42999,238.56,236.34,238.14,4166546,0,0
2025-03-04 14:30:00,237.705,239.39,237.2,239.245,5667562,0,0
2025-03-04 14:45:00,239.23,239.35001,236.5,236.63,2195579,0,0
2025-03-04 15:00:00,236.62,239.11,236.35001,238.94,2451955,0,0
2025-03-04 15:15:00,238.89999,239.2296,237.35001,238.39999,2259780,0,0
2025-03-04 15:30:00,238.39999,239.81,238.31,239.22,2001980,0,0
2025-03-04 15:45:00,239.25,239.64999,238.77,239.09,1347112,0,0
2025-03-04 16:00:00,239.09,239.58,237.64999,239.27499,1813100,0,0
2025-03-04 16:15:00,239.22,239.66,238.17,238.63,1257366,0,0
2025-03-04 16:30:00,238.59,239.63,238.59,239.53999,1279116,0,0
2025-03-04 16:45:00,239.53999,240.07001,238.9308,239.08,1388271,0,0
2025-03-04 17:00:00,239.14,239.23,238.33,238.50999,975909,0,0
2025-03-04 17:15:00,238.495,239.12,238.12891,238.16499,974538,0,0
2025-03-04 17:30:00,238.11,238.1799,237.41,237.64999,930969,0,0
2025-03-04 17:45:00,237.63,237.99001,236.25,236.59,1365268,0,0
2025-03-04 18:00:00,236.605,237.8,236.16,237.63,1054879,0,0
2025-03-04 18:15:00,237.6102,237.64,236.44,236.75,946565,0,0
2025-03-04 18:30:00,236.75,237.5,236.42999,237.39,939405,0,0
2025-03-04 18:45:00,237.37,238.03,237.14,237.89,702844,0,0
2025-03-04 19:00:00,237.88,238.50999,237.77,238.10001,787923,0,0
2025-03-04 19:15:00,238.10001,238.56,237.45,238.28889,1094385,0,0
2025-03-04 19:30:00,238.28999,238.605,238.16,238.35001,778689,0,0
2025-03-04 19:45:00,238.34,238.77361,237.9823,238.31,823938,0,0
2025-03-04 20:00:00,238.31,238.985,238.21001,238.95,1215477,0,0
2025-03-04 20:15:00,238.94,239.24989,238.6,238.69,1295640,0,0
2025-03-04 20:30:00,238.67999,238.75,236.91,237.17,1768123,0,0
2025-03-04 20:45:00,237.17999,237.5199,234.7,236.07001,4702303,0,0
2025-03-05 14:30:00,235.495,235.95,233.44,233.9201,3955887,0,0
2025-03-05 14:45:00,233.89999,234.0,231.03999,231.77,2970167,0,0
2025-03-05 15:00:00,231.83,233.25,231.83,232.9207,2522192,0,0
2025-03-05 15:15:00,232.95,233.11861,230.55,230.92,1948035,0,0
2025-03-05 15:30:00,230.94,233.2,230.8,232.88,1388959,0,0
2025-03-05 15:45:00,232.87,233.07001,232.06,232.57001,863980,0,0
2025-03-05 16:00:00,232.565,232.63,230.8506,231.36,1297445,0,0
2025-03-05 16:15:00,231.36,231.38609,230.14,230.649,1206701,0,0
2025-03-05 16:30:00,230.62,230.62,229.23,229.46001,1699799,0,0
2025-03-05 16:45:00,229.47,232.45,229.33,232.2,1729008,0,0
2025-03-05 17:00:00,232.2,232.89,232.14,232.49001,1060157,0,0
2025-03-05 17:15:00,232.4912,234.64999,232.41,234.5399,1342403,0,0
2025-03-05 17:30:00,234.53999,234.75,234.0,234.50999,953490,0,0
2025-03-05 17:45:00,234.495,235.39999,234.17,234.94501,1110237,0,0
2025-03-05 18:00:00,234.94501,235.53999,234.03,234.8399,1263478,0,0
2025-03-05 18:15:00,234.81,235.25,234.44,234.67999,560443,0,0
2025-03-05 18:30:00,234.6653,235.11,234.10001,234.67999,764059,0,0
2025-03-05 18:45:00,234.6584,235.85001,234.6584,235.82001,618483,0,0
2025-03-05 19:00:00,235.81,236.55,235.39999,236.3,752336,0,0
2025-03-05 19:15:00,236.32001,236.5,235.61,235.7475,702317,0,0
2025-03-05 19:30:00,235.8,236.09,235.14999,235.77,652177,0,0
2025-03-05 19:45:00,235.74001,236.19,235.46001,235.49001,601618,0,0
2025-03-05 20:00:00,235.48,236.48,235.442,236.355,759118,0,0
2025-03-05 20:15:00,236.355,236.44,235.21001,236.03999,1090721,0,0
2025-03-05 20:30:00,236.00999,236.02,235.2901,235.88499,1077367,0,0
2025-03-05 20:45:00,235.87,236.35001,235.06,235.77,2786637,0,0
2025-03-06 14:30:00,234.435,236.46001,233.53999,235.25,4458884,1,0
2025-03-06 14:45:00,235.25,235.6234,234.46001,235.375,1516846,0,0
2025-03-06 15:00:00,235.31,236.73,234.9359,236.24989,1640886,0,0
2025-03-06 15:15:00,236.23,237.16,236.06,236.47,1348458,0,0
2025-03-06 15:30:00,236.47,237.715,236.245,237.59,1143917,0,0
2025-03-06 15:45:00,237.53999,237.86,236.55,236.95,1112351,0,0
2025-03-06 16:00:00,236.98,237.72,236.95,237.38499,795392,0,0
2025-03-06 16:15:00,237.36,237.57001,236.25,236.78,1274684,0,0
2025-03-06 16:30:00,236.74001,237.34,235.8273,236.00999,954361,0,0
2025-03-06 16:45:00,236.03999,236.03999,234.8201,234.935,975638,0,0
2025-03-06 17:00:00,234.95,235.25999,234.17999,234.86,1087771,0,0
2025-03-06 17:15:00,234.87,235.28,234.04041,234.41499,1229187,0,0
2025-03-06 17:30:00,234.39999,235.2099,234.33,234.71001,866335,0,0
2025-03-06 17:45:00,234.715,235.31,234.06,235.03999,1022039,0,0
2025-03-06 18:00:00,235.02,235.12,234.55,235.015,818733,0,0
2025-03-06 18:15:00,235.0,235.42999,234.21001,234.295,953180,0,0
2025-03-06 18:30:00,234.30499,234.97,233.96001,234.5,948333,0,0
2025-03-06 18:45:00,234.5224,235.17,234.17439,234.28,1092476,0,0
2025-03-06 19:00:00,234.28999,234.42,233.5,234.03999,1007906,0,0
2025-03-06 19:15:00,234.02,234.28999,233.39999,233.69,1285255,0,0
2025-03-06 19:30:00,233.655,234.7657,233.33,234.7,1209231,0,0
2025-03-06 19:45:00,234.66,236.00999,234.3,234.41,1530307,0,0
2025-03-06 20:00:00,234.42999,235.28,234.19,235.2,1124105,0,0
2025-03-06 20:15:00,235.2,235.50999,234.58521,235.17999,1062941,0,0
2025-03-06 20:30:00,235.17,235.5,234.61,234.81,1493705,0,0
2025-03-06 20:45:00,234.77,235.75999,234.45,235.32001,3307098,0,0
2025-03-07 14:30:00,235.105,238.74001,234.835,238.4097,3655413,0,0
2025-03-07 14:45:00,238.38,239.42999,238.11,238.33501,2142587,0,0
2025-03-07 15:00:00,238.34,238.97,237.88,238.37,1463760,0,0
2025-03-07 15:15:00,238.36,238.74001,237.8,238.31,1339245,0,0
2025-03-07 15:30:00,238.315,238.32851,237.03011,238.05,1619308,0,0
2025-03-07 15:45:00,238.05,240.16,237.91,238.91499,2042363,0,0
2025-03-07 16:00:00,238.91,239.53,238.4115,238.72,1318702,0,0
2025-03-07 16:15:00,238.73,239.41,238.32001,239.02,1465011,0,0
2025-03-07 16:30:00,239.03999,239.339,237.87,238.32001,1846188,0,0
2025-03-07 16:45:00,238.27,239.27,238.00169,239.205,1751286,0,0
2025-03-07 17:00:00,239.2106,239.69749,237.86,238.64,1541642,0,0
2025-03-07 17:15:00,238.655,239.47569,238.44009,239.28999,1090630,0,0
2025-03-07 17:30:00,239.25999,239.75999,238.8,239.58,1306316,0,0
2025-03-07 17:45:00,239.58,240.83,239.47,240.03,2189364,0,0
2025-03-07 18:00:00,240.035,241.37,239.99001,240.96001,1510172,0,0
2025-03-07 18:15:00,240.94,241.19501,240.07001,240.4144,1258914,0,0
2025-03-07 18:30:00,240.425,240.91,239.87,240.19,1113171,0,0
2025-03-07 18:45:00,240.16499,240.28,239.3703,239.42999,938236,0,0
2025-03-07 19:00:00,239.44501,239.91,238.57001,238.98,1203951,0,0
2025-03-07 19:15:00,238.98,239.87,238.72,239.64999,853698,0,0
2025-03-07 19:30:00,239.66499,239.86,238.99001,239.16,710978,0,0
2025-03-07 19:45:00,239.19501,239.42999,238.69,239.22,867676,0,0
2025-03-07 20:00:00,239.2,239.255,238.55,238.58,852881,0,0
2025-03-07 20:15:00,238.57001,238.96001,238.08,238.8114,833791,0,0
2025-03-07 20:30:00,238.8,239.13,237.94,238.5768,1230085,0,0
2025-03-07 20:45:00,238.53999,239.77,238.44501,239.07001,3581826,0,0
2025-03-10 13:30:00,235.48,236.16,230.83,231.00751,6704055,0,0
2025-03-10 13:45:00,231.005,231.23,229.14999,230.205,3748764,0,0
2025-03-10 14:00:00,230.17999,230.39,228.78,229.74001,2729076,0,0
2025-03-10 14:15:00,229.73,230.03999,228.52,228.55,2028697,0,0
2025-03-10 14:30:00,228.55499,229.5,228.00999,228.13,2781475,0,0
2025-03-10 14:45:00,228.11,228.25,225.37,226.19,4156031,0,0
2025-03-10 15:00:00,226.1759,226.39,225.28999,225.87,2868453,0,0
2025-03-10 15:15:00,225.8501,226.72,225.38,226.5087,2073332,0,0
2025-03-10 15:30:00,226.53,227.28999,226.36,226.63,1764272,0,0
2025-03-10 15:45:00,226.64,227.02,226.33,226.59,1459006,0,0
2025-03-10 16:00:00,226.58,226.97,225.52,226.28999,1372073,0,0
2025-03-10 16:15:00,226.285,226.3699,224.22,225.48,2132947,0,0
2025-03-10 16:30:00,225.53999,226.69,224.99001,225.12,1569556,0,0
2025-03-10 16:45:00,225.10001,226.17999,225.08,225.55,1087497,0,0
2025-03-10 17:00:00,225.55,225.66,224.325,224.48,1490062,0,0
2025-03-10 17:15:00,224.45,225.50999,224.34,225.21001,1294087,1,0
2025-03-10 17:30:00,225.24001,225.55,224.87,225.36,1234889,0,0
2025-03-10 17:45:00,225.34,226.09,225.23,225.86,1136724,0,0
2025-03-10 18:00:00,225.855,226.98,225.42999,226.11,1761238,0,0
2025-03-10 18:15:00,226.10001,226.745,226.09,226.58,1210326,0,0
2025-03-10 18:30:00,226.59,226.99001,226.07001,226.25,1456767,0,0
2025-03-10 18:45:00,226.25,226.28999,225.1064,225.28,1146541,0,0
2025-03-10 19:00:00,225.28999,226.36,224.4209,225.56,2304657,0,0
2025-03-10 19:15:00,225.57001,227.515,225.4644,226.9762,2219547,0,0
2025-03-10 19:30:00,226.99001,228.64999,226.5,226.55991,2850513,0,0
2025-03-10 19:45:00,226.53,228.14,226.5136,227.541,5206969,0,0
2025-03-11 13:30:00,223.8,225.8399,222.64999,224.0,6597182,0,0
2025-03-11 13:45:00,224.0,224.02,221.75999,222.0524,4108726,0,0
2025-03-11 14:00:00,222.02,222.87,220.00999,222.24609,4513836,0,0
2025-03-11 14:15:00,222.21581,223.5,222.11501,222.52,2485494,0,0
2025-03-11 14:30:00,222.49001,222.95,221.10001,221.25999,2328207,0,0
2025-03-11 14:45:00,221.24001,222.66,220.8903,221.05499,1703607,0,0
2025-03-11 15:00:00,221.05499,222.13,220.59,221.21,1901075,0,0
2025-03-11 15:15:00,221.46001,221.82069,220.61501,221.0032,1930640,0,0
2025-03-11 15:30:00,220.98,221.45,220.25999,221.27139,1747861,0,0
2025-03-11 15:45:00,221.31,221.74001,220.86,221.1398,1220672,0,0
2025-03-11 16:00:00,221.10001,221.11,219.27,219.35001,2454143,0,0
2025-03-11 16:15:00,219.36,219.88,218.5,218.55,2942562,0,0
2025-03-11 16:30:00,218.53999,219.88,218.45,219.46001,2050445,0,0
2025-03-11 16:45:00,219.49001,219.81,218.5,219.0,1326344,0,0
2025-03-11 17:00:00,218.97,219.05,218.3712,218.5231,1365314,0,0
2025-03-11 17:15:00,218.535,218.99001,217.45,217.755,2526558,0,0
2025-03-11 17:30:00,217.73,218.925,217.67999,218.88,1472467,0,0
2025-03-11 17:45:00,218.86,219.53,217.94501,218.28999,1697328,0,0
2025-03-11 18:00:00,218.3004,220.69,218.25999,220.66991,1907168,0,0
2025-03-11 18:15:00,220.655,220.98,220.16,220.545,1327057,0,0
2025-03-11 18:30:00,220.55,221.85001,220.09019,221.75999,1592921,0,0
2025-03-11 18:45:00,221.81,222.7,221.32001,222.16499,1932687,0,0
2025-03-11 19:00:00,222.2,223.28,221.37,222.02499,2187202,0,1
2025-03-11 19:15:00,222.0,222.49001,221.37,221.82021,1398154,0,0
2025-03-11 19:30:00,221.82001,221.89,220.58,221.36011,1963395,0,0
2025-03-11 19:45:00,221.36,222.05,220.63,220.73,4610668,0,0
2025-03-12 13:30:00,220.17999,221.75,219.27,220.5101,6344059,0,0
2025-03-12 13:45:00,220.60001,221.64,219.75011,221.41,2689645,0,0
2025-03-12 14:00:00,221.39,221.75,220.2,220.73,2013482,0,0
2025-03-12 14:15:00,220.73,220.798,218.83,218.95,2538644,0,0
2025-03-12 14:30:00,218.95,219.39999,216.91,217.11,3049543,0,0
2025-03-12 14:45:00,217.105,217.24001,216.0,216.10001,2520915,0,0
2025-03-12 15:00:00,216.13,216.32001,214.91,215.2,3023516,0,0
2025-03-12 15:15:00,215.055,216.8,214.91,216.44501,2184275,1,0
2025-03-12 15:30:00,216.47,217.2599,216.33,216.60001,2146056,0,0
2025-03-12 15:45:00,216.6002,217.89301,216.55,217.78,1315338,0,0
2025-03-12 16:00:00,217.78,218.24001,217.5,218.19501,1233247,0,0
2025-03-12 16:15:00,218.27,218.61,217.89,218.3604,1267559,0,0
2025-03-12 16:30:00,218.44501,218.60001,216.88,217.09,1600765,0,1
2025-03-12 16:45:00,217.10001,218.2099,217.03,217.245,1139074,0,0
2025-03-12 17:00:00,217.27,218.02,217.09,218.01289,892250,0,0
2025-03-12 17:15:00,217.99001,218.23,217.61,218.1898,869716,0,0
2025-03-12 17:30:00,218.13,218.22,217.14999,217.14999,1791476,0,0
2025-03-12 17:45:00,217.16499,217.47,216.06,216.11,1367681,0,0
2025-03-12 18:00:00,216.095,216.96001,216.07001,216.58,1028776,0,0
2025-03-12 18:15:00,216.58,216.62,215.92999,216.11,1153429,0,0
2025-03-12 18:30:00,216.12,216.6358,215.84,216.5722,1074657,0,0
2025-03-12 18:45:00,216.58,217.0899,216.19,216.42999,1343611,0,0
2025-03-12 19:00:00,216.42,216.45,215.63,215.67,1734646,0,0
2025-03-12 19:15:00,215.67,215.95,215.05,215.63989,1895856,0,0
2025-03-12 19:30:00,215.64999,215.81,215.28,215.76559,2151179,0,0
2025-03-12 19:45:00,215.77,217.27,215.63,216.94,5163579,0,0
2025-03-13 13:30:00,215.94,216.8394,214.37,215.53,5284728,0,0
2025-03-13 13:45:00,215.48061,215.80499,214.45,215.265,2180979,0,0
2025-03-13 14:00:00,215.25,215.506,214.5,215.05499,2247616,0,0
2025-03-13 14:15:00,215.07829,215.935,214.22,214.28,1830105,0,0
2025-03-13 14:30:00,214.3,214.82001,213.64999,213.75,2116851,0,0
2025-03-13 14:45:00,213.75,214.78,213.72,214.22501,1540048,0,0
2025-03-13 15:00:00,214.25,214.79221,213.78,213.88519,1176805,0,0
2025-03-13 15:15:00,213.94,214.13,213.63,214.04021,1207765,0,0
2025-03-13 15:30:00,214.045,214.35001,212.82001,213.45,2066569,0,0
2025-03-13 15:45:00,213.41,213.84,212.0,212.0757,2150079,0,0
2025-03-13 16:00:00,212.09,212.32001,211.56,211.96001,2760776,0,0
2025-03-13 16:15:00,211.97,212.32001,211.72,211.94,1277030,0,0
2025-03-13 16:30:00,211.93381,212.92999,211.8054,212.105,1418794,0,0
2025-03-13 16:45:00,212.0899,212.14011,211.13,211.49001,1796466,0,0
2025-03-13 17:00:00,211.49001,211.7,210.92999,211.2,1316847,0,0
2025-03-13 17:15:00,211.205,211.22099,210.69,211.155,1417671,0,0
2025-03-13 17:30:00,211.14,211.27,210.55029,210.77,1298635,0,0
2025-03-13 17:45:00,210.77499,211.35001,210.50011,211.11501,1121197,0,0
2025-03-13 18:00:00,211.10001,212.47,211.0507,212.3033,1271906,0,0
2025-03-13 18:15:00,212.31,212.3299,211.39999,212.28999,1342311,0,1
2025-03-13 18:30:00,212.286,212.46989,212.03889,212.23,1305372,0,0
2025-03-13 18:45:00,212.23,212.25,211.39,211.92,1467330,0,0
2025-03-13 19:00:00,211.91,212.28999,210.86,211.0334,1538176,0,0
2025-03-13 19:15:00,211.05,211.47,210.36,210.63,1586692,0,0
2025-03-13 19:30:00,210.67,210.71001,208.42,208.97,4156619,0,0
2025-03-13 19:45:00,208.98,209.75999,208.52,209.71001,5352197,0,0
2025-03-14 13:30:00,211.25,213.42999,211.0,213.03,6596228,0,0
2025-03-14 13:45:00,213.02499,213.3,212.24001,212.49001,1930840,0,0
2025-03-14 14:00:00,212.44,212.44,210.27,210.36,2866157,0,0
2025-03-14 14:15:00,210.375,210.56,209.58,210.3781,3055017,0,0
2025-03-14 14:30:00,210.38,211.60001,209.98,211.25999,2319449,0,0
2025-03-14 14:45:00,211.25999,211.8893,211.05,211.74001,1780431,0,0
2025-03-14 15:00:00,211.7625,212.08,211.2,211.28999,1814666,0,0
2025-03-14 15:15:00,211.31,212.38,211.28999,211.92999,1345130,0,0
2025-03-14 15:30:00,211.92999,213.88,211.91,213.85001,2431971,0,0
2025-03-14 15:45:00,213.85001,213.94,212.88,213.265,1234043,0,1
2025-03-14 16:00:00,213.28,213.28999,212.39999,212.44501,1055378,0,0
2025-03-14 16:15:00,212.42999,212.74001,212.2307,212.2307,1228670,0,0
2025-03-14 16:30:00,212.235,212.95,212.0723,212.9232,851956,0,0
2025-03-14 16:45:00,212.935,213.23,212.6568,212.88,829191,0,0
2025-03-14 17:00:00,212.87,213.5,212.78999,212.85001,972880,0,0
2025-03-14 17:15:00,212.83501,213.03979,212.25999,212.315,925020,0,0
2025-03-14 17:30:00,212.3026,212.5399,211.96001,212.17551,1171106,0,0
2025-03-14 17:45:00,212.161,212.625,212.10001,212.39,802839,0,0
2025-03-14 18:00:00,212.38499,212.6899,210.92999,211.24001,2372070,0,0
2025-03-14 18:15:00,211.24001,211.42,210.75999,211.245,1695605,1,0
2025-03-14 18:30:00,211.25,212.5,211.25,212.37,1173538,0,0
2025-03-14 18:45:00,212.375,212.7,212.24001,212.61,1029347,0,0
2025-03-14 19:00:00,212.61,213.339,212.485,213.3253,1213981,0,0
2025-03-14 19:15:00,213.325,213.411,212.81,212.9053,1204954,0,0
2025-03-14 19:30:00,212.89461,213.27,212.71001,212.9812,1390449,0,0
2025-03-14 19:45:00,212.98,213.89999,212.75,213.38,4959909,0,0
2025-03-17 13:30:00,213.36,214.97,212.17,214.33,4946162,0,0
2025-03-17 13:45:00,214.325,214.41,212.95,213.72,1704245,0,0
2025-03-17 14:00:00,213.73,214.0,212.72,213.7,1539345,0,0
2025-03-17 14:15:00,213.7,213.81,213.03,213.2247,1393702,0,0
2025-03-17 14:30:00,213.22501,213.25999,212.64,212.745,1286747,0,0
2025-03-17 14:45:00,212.745,212.77,211.3075,211.33,1581977,0,0
2025-03-17 15:00:00,211.39,211.67,210.4697,211.325,1946100,0,0
2025-03-17 15:15:00,211.34,211.39999,210.69,210.7547,1124599,0,0
2025-03-17 15:30:00,210.755,211.00999,209.98,210.39999,1299100,0,0
2025-03-17 15:45:00,210.3956,211.045,210.36,210.91499,1033154,1,0
2025-03-17 16:00:00,210.9157,211.8,210.57001,211.7,1045592,0,0
2025-03-17 16:15:00,211.7001,211.8,211.06,211.2,1016944,0,0
2025-03-17 16:30:00,211.21001,211.74001,211.14,211.52,771531,0,0
2025-03-17 16:45:00,211.53,211.7906,211.25,211.56619,571627,0,0
2025-03-17 17:00:00,211.55,211.67999,211.09,211.67,757466,0,0
2025-03-17 17:15:00,211.6714,212.37,211.55,212.33031,982764,0,0
2025-03-17 17:30:00,212.355,213.17,212.28,213.125,1117336,0,0
2025-03-17 17:45:00,213.125,213.7478,213.05,213.67,898725,0,0
2025-03-17 18:00:00,213.66,214.47,213.50999,214.37,1181460,0,0
2025-03-17 18:15:00,214.3501,214.73019,214.09,214.455,928852,0,0
2025-03-17 18:30:00,214.45,214.78,214.315,214.3972,863386,0,0
2025-03-17 18:45:00,214.39,214.7968,214.39,214.55,928418,0,0
2025-03-17 19:00:00,214.55,214.62,214.07001,214.27,934087,0,0
2025-03-17 19:15:00,214.28,214.71001,214.17999,214.685,898001,0,0
2025-03-17 19:30:00,214.67999,215.22,214.58009,215.09,2034489,0,0
2025-03-17 19:45:00,215.09,215.1701,213.67,214.19,4896340,0,0
2025-03-18 13:30:00,214.14,215.05,213.36,213.36,3878094,0,0
2025-03-18 13:45:00,213.345,214.67999,212.95,214.42999,2437615,0,0
2025-03-18 14:00:00,214.42,215.14999,213.685,213.75999,2527659,0,0
2025-03-18 14:15:00,213.78,214.73,213.73,214.55141,1360614,0,0
2025-03-18 14:30:00,214.55,214.89,214.03999,214.21001,1043169,0,0
2025-03-18 14:45:00,214.21001,214.245,213.47009,213.715,1146417,0,0
2025-03-18 15:00:00,213.7047,213.81,212.92,212.92999,1155117,0,0
2025-03-18 15:15:00,212.925,213.48,212.64999,213.33,1132639,0,0
2025-03-18 15:30:00,213.25,213.435,212.91,212.965,779641,0,0
2025-03-18 15:45:00,212.96001,213.41499,212.78999,213.345,775247,0,0
2025-03-18 16:00:00,213.315,213.72,213.24001,213.67,953994,0,0
2025-03-18 16:15:00,213.69501,213.98,213.1301,213.72,667632,0,0
2025-03-18 16:30:00,213.7,213.77361,212.22,212.22,823867,0,0
2025-03-18 16:45:00,212.21001,212.39999,211.59,212.205,1722583,0,0
2025-03-18 17:00:00,212.19501,212.42999,211.85001,212.25,873167,0,0
2025-03-18 17:15:00,212.25,212.575,211.49001,212.2834,1115928,0,0
2025-03-18 17:30:00,212.3,212.3,211.5598,211.82001,858380,0,0
2025-03-18 17:45:00,211.83501,212.31,211.69,211.86,733070,0,0
2025-03-18 18:00:00,211.85001,211.94,211.67999,211.72,654915,0,0
2025-03-18 18:15:00,211.74001,212.32001,211.72,211.995,759948,0,0
2025-03-18 18:30:00,212.0,212.24001,211.8103,211.9355,668269,0,0
2025-03-18 18:45:00,211.92999,212.655,211.9202,212.205,966451,0,0
2025-03-18 19:00:00,212.215,212.3,211.89,212.283,853138,0,0
2025-03-18 19:15:00,212.285,212.62,212.07001,212.345,947330,0,0
2025-03-18 19:30:00,212.345,213.25999,212.31,212.92,1300925,0,0
2025-03-18 19:45:00,212.94,213.00999,212.42999,212.78999,3095324,0,0
2025-03-19 13:30:00,214.22,215.55,213.9101,214.685,3538343,0,0
2025-03-19 13:45:00,214.685,217.72,214.56,217.14,3148546,0,0
2025-03-19 14:00:00,217.155,218.75999,217.14999,218.09,3087809,0,0
2025-03-19 14:15:00,218.089,218.27,217.06,217.145,1634421,0,0
2025-03-19 14:30:00,217.21001,217.2198,216.10001,216.34,1345988,0,0
2025-03-19 14:45:00,216.33,216.37,215.45,215.55,1540179,0,0
2025-03-19 15:00:00,215.50999,215.89,215.3,215.3535,1173294,0,0
2025-03-19 15:15:00,215.35001,215.73,214.96001,215.66901,1062238,0,0
2025-03-19 15:30:00,215.69,216.36501,215.63499,216.1055,1039622,0,0
2025-03-19 15:45:00,216.12,216.75,215.92,216.269,868240,0,0
2025-03-19 16:00:00,216.25,216.34,215.25,215.545,807829,0,0
2025-03-19 16:15:00,215.575,215.6389,215.17999,215.3,543388,0,0
2025-03-19 16:30:00,215.28999,215.33,214.6003,214.755,883565,0,0
2025-03-19 16:45:00,214.76089,215.1297,214.44,214.95731,731226,0,0
2025-03-19 17:00:00,214.97,215.10001,214.58,214.60001,558395,0,0
2025-03-19 17:15:00,214.59,214.63,214.28999,214.38,628108,0,0
2025-03-19 17:30:00,214.392,214.66,214.11,214.485,770719,0,0
2025-03-19 17:45:00,214.47501,214.5,213.86,214.05,865761,0,0
2025-03-19 18:00:00,213.96001,214.88,213.75,214.81,1506517,1,0
2025-03-19 18:15:00,214.81,215.0497,214.16,214.27,1680381,0,0
2025-03-19 18:30:00,214.27,215.28,214.25,215.17059,1478510,0,0
2025-03-19 18:45:00,215.21001,215.605,214.86,215.58881,1216621,0,0
2025-03-19 19:00:00,215.57001,217.05901,215.55,216.5,1865005,0,0
2025-03-19 19:15:00,216.50999,216.53999,215.21001,215.5099,1498792,0,1
2025-03-19 19:30:00,215.5,215.67999,215.10001,215.57001,1714709,0,0
2025-03-19 19:45:00,215.58,215.64,214.48,215.3,3541003,0,0
2025-03-20 13:30:00,213.99001,214.6799,212.89999,214.6299,3000667,1,0
2025-03-20 13:45:00,214.605,215.49001,214.48,215.49001,1375253,0,0
2025-03-20 14:00:00,215.485,216.69,215.39999,216.47501,1481392,0,0
2025-03-20 14:15:00,216.48,217.4899,216.38,216.9904,1670445,0,0
2025-03-20 14:30:00,216.98,217.295,216.64999,216.81,1149321,0,0
2025-03-20 14:45:00,216.81,217.28,216.14,216.14999,1422002,0,0
2025-03-20 15:00:00,216.17,216.52901,215.7876,216.38,1376046,0,0
2025-03-20 15:15:00,216.37,216.4207,215.81,215.9,622192,0,0
2025-03-20 15:30:00,215.94,216.33,215.42999,216.28,684117,0,0
2025-03-20 15:45:00,216.25999,216.46001,215.57001,215.5963,776490,0,0
2025-03-20 16:00:00,215.589,216.44,214.98,215.16,1398231,0,0
2025-03-20 16:15:00,215.17,215.17999,214.02,214.14,1572251,0,0
2025-03-20 16:30:00,214.14,214.50999,213.36,213.50999,1367911,0,0
2025-03-20 16:45:00,213.52499,213.8696,213.0,213.53999,1929515,0,0
2025-03-20 17:00:00,213.53,214.02,213.491,213.77499,826818,0,0
2025-03-20 17:15:00,213.75999,213.8,213.10001,213.23,1025519,0,0
2025-03-20 17:30:00,213.25999,213.71001,213.23,213.59,753313,0,0
2025-03-20 17:45:00,213.57001,213.89,213.17999,213.39999,668740,0,0
2025-03-20 18:00:00,213.42999,213.82001,213.36,213.58,790739,0,0
2025-03-20 18:15:00,213.56,213.6852,212.73,212.75999,967257,0,0
2025-03-20 18:30:00,212.77,212.82001,212.22,212.59419,1374116,0,0
2025-03-20 18:45:00,212.5701,213.09,212.33,212.3694,1138983,0,0
2025-03-20 19:00:00,212.35001,212.99001,212.34,212.91499,858050,0,0
2025-03-20 19:15:00,212.91,213.39999,212.58,212.6835,1159915,0,0
2025-03-20 19:30:00,212.69,213.69501,212.69,213.68449,1226787,0,0
2025-03-20 19:45:00,213.67999,214.75999,213.23,214.14999,4126211,0,0
2025-03-21 13:30:00,211.515,213.8,211.47,213.03259,17018408,0,0
2025-03-21 13:45:00,213.05,214.41,212.6712,214.12,1788084,0,0
2025-03-21 14:00:00,214.16,214.2263,213.17,213.83,1532670,0,0
2025-03-21 14:15:00,213.81,214.07001,213.27,213.74001,910166,0,0
2025-03-21 14:30:00,213.71001,214.14999,213.41,214.02,1353074,0,0
2025-03-21 14:45:00,214.0,214.53999,213.66,214.4528,1820166,0,0
2025-03-21 15:00:00,214.47,214.84,214.14999,214.162,3862901,0,0
2025-03-21 15:15:00,214.1657,214.175,213.2607,213.4435,836240,0,0
2025-03-21 15:30:00,213.44,213.85989,212.69501,212.71001,873437,0,0
2025-03-21 15:45:00,212.7,213.57001,212.67999,213.26019,772817,1,0
2025-03-21 16:00:00,213.25,214.53,212.64,214.47211,1036535,0,0
2025-03-21 16:15:00,214.465,215.39999,214.3,214.655,1131196,0,0
2025-03-21 16:30:00,214.67,215.42,214.62,215.08,1301144,0,0
2025-03-21 16:45:00,215.09,215.48,215.06,215.42999,824413,0,0
2025-03-21 17:00:00,215.425,215.425,214.97,215.06,575925,0,0
2025-03-21 17:15:00,215.05,215.12,214.4848,214.62,665152,0,0
2025-03-21 17:30:00,214.61,215.039,214.41,214.62241,889539,0,0
2025-03-21 17:45:00,214.64,214.92999,214.2601,214.28999,635102,0,0
2025-03-21 18:00:00,214.28,214.785,214.28,214.75,830457,0,0
2025-03-21 18:15:00,214.7493,214.9399,214.5,214.67,736292,0,0
2025-03-21 18:30:00,214.67,215.3,214.67,215.24899,881467,0,0
2025-03-21 18:45:00,215.24831,215.37,214.64,215.17,1107057,0,0
2025-03-21 19:00:00,215.17,215.21941,214.86,215.06149,1235114,0,0
2025-03-21 19:15:00,215.02901,215.34,214.92,215.31,965365,0,0
2025-03-21 19:30:00,215.31,215.405,215.00999,215.37,1349661,0,0
2025-03-21 19:45:00,215.36,218.84,215.34,218.36,8799224,0,0
2025-03-24 13:30:00,221.0,221.021,218.58,219.45,4969168,0,1
2025-03-24 13:45:00,219.57001,220.72,219.25,220.2101,1762203,0,0
2025-03-24 14:00:00,220.2065,220.37,219.35001,219.58,1437549,0,0
2025-03-24 14:15:00,219.58,220.11,219.22,219.77,1175892,0,0
2025-03-24 14:30:00,219.81,219.83591,219.25,219.74001,1014880,0,0
2025-03-24 14:45:00,219.73,220.24001,219.62,219.73,1023285,0,0
2025-03-24 15:00:00,219.73,220.69,219.6035,220.0,1515802,0,0
2025-03-24 15:15:00,219.99001,220.0,219.02921,219.1575,1114551,0,0
2025-03-24 15:30:00,219.155,219.72,218.96001,219.28999,947591,0,0
2025-03-24 15:45:00,219.31,219.82001,219.3096,219.78999,699885,0,0
2025-03-24 16:00:00,219.78999,220.05,219.53,219.60001,803114,0,0
2025-03-24 16:15:00,219.595,219.67,218.98,219.0,814130,0,0
2025-03-24 16:30:00,219.015,219.2224,218.82001,219.14,734711,0,0
2025-03-24 16:45:00,219.145,219.33,219.08,219.28999,603255,0,0
2025-03-24 17:00:00,219.28999,219.2998,218.89,219.285,1159802,0,0
2025-03-24 17:15:00,219.28,219.5,219.1312,219.28999,559247,0,0
2025-03-24 17:30:00,219.32001,219.4899,219.10001,219.1871,629374,0,0
2025-03-24 17:45:00,219.17999,219.59,219.09,219.57001,637358,0,0
2025-03-24 18:00:00,219.57001,219.61,219.17,219.34801,619960,0,0
2025-03-24 18:15:00,219.36,219.85001,219.32001,219.75999,644209,0,0
2025-03-24 18:30:00,219.77499,220.27,219.46581,220.0274,947942,0,0
2025-03-24 18:45:00,220.03999,220.3799,219.58659,220.125,1034711,0,0
2025-03-24 19:00:00,220.13319,220.47,219.77,219.78999,945705,0,0
2025-03-24 19:15:00,219.78999,220.03999,219.58369,219.77,1210660,0,0
2025-03-24 19:30:00,219.78999,220.015,219.66,219.895,977911,0,0
2025-03-24 19:45:00,219.895,221.00999,219.89,220.42999,5023475,0,0
2025-03-25 13:30:00,220.77,222.52,220.085,221.73,149680,0,0
2025-03-25 13:45:00,221.66,222.72,221.58,222.71,82582,0,0
2025-03-25 14:00:00,222.69,223.12,222.08,222.92,137473,0,0
2025-03-25 14:15:00,222.9,223.38,222.77,223.37,114636,0,0
2025-03-25 14:30:00,223.33,223.33,222.3,223.01,82008,0,0
2025-03-25 14:45:00,223.0,223.74,222.96,223.65,77202,0,0
2025-03-25 15:00:00,223.65,223.895,223.32,223.48,55245,0,0
2025-03-25 15:15:00,223.46,223.57,222.96,223.55,36568,0,0
2025-03-25 15:30:00,223.555,223.685,223.18,223.4,33047,0,0
2025-03-25 15:45:00,223.39,223.59,223.13,223.54,38182,0,0
2025-03-25 16:00:00,223.53,223.54,223.155,223.385,29748,0,0
2025-03-25 16:15:00,223.385,223.385,223.01,223.135,34700,0,0
2025-03-25 16:30:00,223.105,223.31,222.85,223.165,52595,0,0
2025-03-25 16:45:00,223.17,223.255,223.01,223.1,23704,0,0
2025-03-25 17:00:00,223.12,223.63,223.12,223.46,23963,0,0
2025-03-25 17:15:00,223.46,223.53,222.83,222.83,35101,0,0
2025-03-25 17:30:00,222.835,222.95,222.615,222.88,22918,0,0
2025-03-25 17:45:00,222.87,223.09,222.685,222.97,28937,0,0
2025-03-25 18:00:00,222.96,223.94,222.95,223.795,40284,0,0
2025-03-25 18:15:00,223.78,223.89,223.47,223.49,45054,0,0
2025-03-25 18:30:00,223.495,223.71,223.15,223.22,43416,0,0
2025-03-25 18:45:00,223.175,223.28,222.84,222.85,36754,0,0
2025-03-25 19:00:00,222.8,223.21,222.79,223.2,42444,0,0
2025-03-25 19:15:00,223.21,223.61,223.09,223.39,72384,0,0
2025-03-25 19:30:00,223.41,223.84,223.3,223.77,64047,0,0
2025-03-25 19:45:00,223.77,224.1,223.57,223.76,153614,0,0
2025-03-26 13:30:00,223.50999,224.9286,223.31,224.895,3259180,0,0
2025-03-26 13:45:00,224.86,225.02,224.12,224.3,1915028,0,0
2025-03-26 14:00:00,224.315,224.3658,223.25999,223.485,1568526,0,0
2025-03-26 14:15:00,223.50999,224.10001,222.84,224.07449,1480395,0,0
2025-03-26 14:30:00,224.08501,224.10001,223.11,223.34,1184742,0,0
2025-03-26 14:45:00,223.36501,223.8488,223.3,223.64999,748298,0,0
2025-03-26 15:00:00,223.645,223.85001,223.5,223.755,575501,0,0
2025-03-26 15:15:00,223.755,224.3156,223.7,223.72,744585,0,0
2025-03-26 15:30:00,223.72009,223.89999,222.97,222.97,764051,0,0
2025-03-26 15:45:00,222.97,223.205,222.12,222.69501,1024735,0,0
2025-03-26 16:00:00,222.69,223.16499,222.50999,222.98,732715,0,0
2025-03-26 16:15:00,222.97501,223.75,222.69141,223.675,698606,0,0
2025-03-26 16:30:00,223.675,223.78999,223.17,223.22,473179,0,0
2025-03-26 16:45:00,223.215,223.5399,222.67,222.8054,710757,0,0
2025-03-26 17:00:00,222.8,222.91,222.34,222.44,628038,0,0
2025-03-26 17:15:00,222.43201,222.45,221.63,222.08,1043150,0,0
2025-03-26 17:30:00,222.08,222.22,221.7,221.7224,711736,0,0
2025-03-26 17:45:00,221.7002,221.87041,221.4001,221.66969,520564,0,0
2025-03-26 18:00:00,221.67,222.09,221.62,221.89999,492353,0,0
2025-03-26 18:15:00,221.89,222.03999,221.73199,221.83501,494914,0,0
2025-03-26 18:30:00,221.815,221.88499,221.55,221.64999,480183,0,0
2025-03-26 18:45:00,221.63,221.77,221.3,221.575,597074,0,0
2025-03-26 19:00:00,221.57001,221.67999,220.86571,221.045,880226,0,0
2025-03-26 19:15:00,221.045,221.22,220.60001,220.60001,1097193,0,0
2025-03-26 19:30:00,220.61501,221.39999,220.47,221.14999,1256613,0,0
2025-03-26 19:45:00,221.145,221.88,220.99001,221.39999,2883424,0,0
2025-03-27 13:30:00,221.33,222.10001,220.5601,221.38,2451840,0,0
2025-03-27 13:45:00,221.39,222.075,220.91,221.55499,1336470,0,0
2025-03-27 14:00:00,221.58,221.69,220.81,221.27499,1023602,0,0
2025-03-27 14:15:00,221.28999,221.71001,220.84,221.64999,696812,0,0
2025-03-27 14:30:00,221.64999,222.0799,221.5,221.66,836801,0,0
2025-03-27 14:45:00,221.67,222.56,221.39999,222.485,904386,0,0
2025-03-27 15:00:00,222.485,222.9742,222.36,222.88,827173,0,0
2025-03-27 15:15:00,222.86771,223.24001,222.675,222.80009,1216124,0,0
2025-03-27 15:30:00,222.8,223.28999,222.565,223.10001,781306,0,0
2025-03-27 15:45:00,223.105,223.5771,222.94,223.0,788668,0,0
2025-03-27 16:00:00,223.005,223.48,222.91,223.065,681875,0,0
2025-03-27 16:15:00,223.05499,223.75999,222.98,223.19501,615109,0,0
2025-03-27 16:30:00,223.17999,223.98,223.17999,223.66,642081,0,0
2025-03-27 16:45:00,223.655,223.77,222.72,222.89,638238,0,0
2025-03-27 17:00:00,222.905,223.605,222.72,223.59,629052,0,0
2025-03-27 17:15:00,223.59,223.645,223.03,223.105,1599822,0,0
2025-03-27 17:30:00,223.08,223.56,223.05,223.2726,523083,0,0
2025-03-27 17:45:00,223.28999,223.7,223.24001,223.32001,561979,0,0
2025-03-27 18:00:00,223.32001,224.35001,223.295,224.295,1421495,0,0
2025-03-27 18:15:00,224.295,224.56,224.12,224.37,1014960,0,0
2025-03-27 18:30:00,224.35001,224.95,224.17,224.63,972956,0,0
2025-03-27 18:45:00,224.64999,224.78999,224.035,224.106,718216,0,0
2025-03-27 19:00:00,224.095,224.71001,223.94501,224.705,714612,0,0
2025-03-27 19:15:00,224.7,224.99001,224.62691,224.78999,970835,0,0
2025-03-27 19:30:00,224.8,224.81,224.34,224.7,2109823,0,0
2025-03-27 19:45:00,224.69501,224.99001,223.7,223.92999,3381991,0,0
2025-03-28 13:30:00,221.649,223.1263,220.99001,222.9785,3894961,0,0
2025-03-28 13:45:00,222.96001,223.8,222.75999,223.38,1361990,0,0
2025-03-28 14:00:00,223.34,223.73,221.7,221.86,1437125,0,0
2025-03-28 14:15:00,221.87,221.87,219.69501,219.91,2206153,0,0
2025-03-28 14:30:00,219.89,220.4977,219.63,220.46001,1550613,0,0
2025-03-28 14:45:00,220.46001,220.64999,220.095,220.60001,1005723,0,0
2025-03-28 15:00:00,220.595,220.60001,219.7001,220.0,1210988,0,0
2025-03-28 15:15:00,219.98,220.17,219.17,219.98,1051689,0,0
2025-03-28 15:30:00,219.8911,220.22,219.31,219.57001,869642,0,0
2025-03-28 15:45:00,219.56,219.75999,219.28799,219.53,643539,0,0
2025-03-28 16:00:00,219.5,219.83,219.2,219.28,673280,0,0
2025-03-28 16:15:00,219.25999,219.28,218.35001,218.69,888636,0,0
2025-03-28 16:30:00,218.67,219.12,218.66,218.75999,589764,0,0
2025-03-28 16:45:00,218.75999,218.95,218.55,218.60001,606812,0,0
2025-03-28 17:00:00,218.59,218.99001,218.42,218.465,1113894,0,0
2025-03-28 17:15:00,218.48,219.10001,218.21001,218.49001,749008,0,0
2025-03-28 17:30:00,218.5,218.83,218.24001,218.36501,577076,0,0
2025-03-28 17:45:00,218.36,218.78999,218.17999,218.75999,533759,0,0
2025-03-28 18:00:00,218.73,219.0,218.48,218.72,567714,0,0
2025-03-28 18:15:00,218.73,219.1665,218.565,219.05,628505,0,0
2025-03-28 18:30:00,219.03999,219.14999,218.57001,218.81,723302,0,0
2025-03-28 18:45:00,218.81,218.89,218.40311,218.50999,732429,0,0
2025-03-28 19:00:00,218.50999,218.64999,218.1104,218.4319,850974,0,0
2025-03-28 19:15:00,218.44,218.6727,218.1965,218.50999,881325,0,0
2025-03-28 19:30:00,218.5,218.53999,218.06,218.11,1345269,0,0
2025-03-28 19:45:00,218.12,218.75,217.67999,217.88,3974420,0,0
2025-03-31 13:30:00,217.22,218.5,216.24001,217.98,7346056,0,0
2025-03-31 13:45:00,217.99001,218.2,216.84,217.13,2509010,0,0
2025-03-31 14:00:00,217.14,218.87,217.00999,218.85001,1820858,0,0
2025-03-31 14:15:00,218.83,219.31,218.2,218.57001,1935447,0,0
2025-03-31 14:30:00,218.61,219.25,218.35,218.86,1338418,0,0
2025-03-31 14:45:00,218.88,219.6888,218.78999,219.25,1132952,0,0
2025-03-31 15:00:00,219.28,220.08,219.27,219.345,1156098,0,0
2025-03-31 15:15:00,219.345,219.83,218.9393,219.13,1504375,0,0
2025-03-31 15:30:00,219.10001,219.875,218.88519,219.59,940086,0,0
2025-03-31 15:45:00,219.57001,220.58,219.52,220.35001,1005304,0,0
2025-03-31 16:00:00,220.38,220.49001,219.56,219.9929,801204,0,0
2025-03-31 16:15:00,220.00999,220.92999,219.86,220.92,965324,0,0
2025-03-31 16:30:00,220.89999,221.02,220.46001,220.48,778665,0,0
2025-03-31 16:45:00,220.52,220.78,220.08501,220.10001,646708,0,0
2025-03-31 17:00:00,220.08,220.75999,219.925,220.47,707612,0,0
2025-03-31 17:15:00,220.47,220.495,219.39,219.87,712590,0,0
2025-03-31 17:30:00,219.85001,219.87,219.35001,219.38,536212,0,0
2025-03-31 17:45:00,219.38499,220.25,219.2417,219.4669,709266,0,0
2025-03-31 18:00:00,219.50999,220.88,219.455,220.42,804668,0,0
2025-03-31 18:15:00,220.39999,220.81,220.23,220.795,714739,0,0
2025-03-31 18:30:00,220.8,221.0979,220.64,220.72,1008325,0,0
2025-03-31 18:45:00,220.69501,221.21001,220.39,220.58,904283,0,0
2025-03-31 19:00:00,220.56,221.61501,220.55,221.53999,1100613,0,0
2025-03-31 19:15:00,221.52,221.735,221.07001,221.22501,1159062,0,0
2025-03-31 19:30:00,221.21001,222.36,220.9901,222.0899,2223972,0,0
2025-03-31 19:45:00,222.08501,224.97,221.21001,221.995,9263587,0,0
2025-04-01 13:30:00,219.80499,221.2899,218.89999,221.0284,3935505,0,0
2025-04-01 13:45:00,221.02,223.36,220.92999,223.14,2302356,0,0
2025-04-01 14:00:00,223.12,223.39,221.24001,221.505,2091051,0,0
2025-04-01 14:15:00,221.50999,222.36,220.8201,221.5199,1309964,0,0
2025-04-01 14:30:00,221.49001,222.67999,221.36,222.39011,1282818,0,0
2025-04-01 14:45:00,222.39,222.67,221.82001,222.5688,884594,0,0
2025-04-01 15:00:00,222.55499,223.07001,222.33,222.97,900933,0,0
2025-04-01 15:15:00,223.065,223.42999,222.75,222.8799,1137718,0,0
2025-04-01 15:30:00,222.86501,223.03999,222.34,222.64999,1026476,0,0
2025-04-01 15:45:00,222.645,222.77,222.14999,222.5802,604229,0,0
2025-04-01 16:00:00,222.60001,222.88,222.395,222.75,583312,0,0
2025-04-01 16:15:00,222.75,223.14,222.45,222.53,730538,0,0
2025-04-01 16:30:00,222.55499,222.7899,222.31,222.395,570164,0,0
2025-04-01 16:45:00,222.39,223.08,222.36,222.77,469137,0,0
2025-04-01 17:00:00,222.75999,222.97,222.44,222.8214,500912,0,0
2025-04-01 17:15:00,222.80499,222.95,222.19,222.3385,539622,0,0
2025-04-01 17:30:00,222.3,222.75,222.10001,222.255,594940,0,0
2025-04-01 17:45:00,222.25,222.77499,222.12,222.2,571347,0,0
2025-04-01 18:00:00,222.2,222.24001,221.45,221.79761,589851,0,0
2025-04-01 18:15:00,221.8,221.91,221.485,221.5,527114,0,0
2025-04-01 18:30:00,221.49001,221.62,221.185,221.60001,647921,0,0
2025-04-01 18:45:00,221.60001,221.8363,221.14999,221.8102,555884,0,0
2025-04-01 19:00:00,221.81,222.015,221.48,221.64,583147,0,0
2025-04-01 19:15:00,221.63499,222.12,221.57269,221.73,733859,0,0
2025-04-01 19:30:00,221.71001,222.39999,221.57001,222.32001,911887,0,0
2025-04-01 19:45:00,222.3,223.49001,222.25999,223.14,3221959,0,0
2025-04-02 13:30:00,221.19,222.85989,221.05,222.81,2549526,0,0
2025-04-02 13:45:00,222.81,223.0,222.35001,222.84,983797,0,0
2025-04-02 14:00:00,222.83,223.575,222.49001,222.94,1535774,0,0
2025-04-02 14:15:00,222.94,224.10851,222.78391,224.03999,914961,0,0
2025-04-02 14:30:00,224.02,224.41,223.655,224.17,1268550,0,0
2025-04-02 14:45:00,224.2,224.46001,223.97501,224.35001,727017,0,0
2025-04-02 15:00:00,224.35001,224.39999,223.57001,223.58501,772211,0,0
2025-04-02 15:15:00,223.58,224.71539,223.45,224.48,936732,0,0
2025-04-02 15:30:00,224.45,224.60001,223.53,223.58,848213,0,0
2025-04-02 15:45:00,223.55,223.89,223.11,223.685,697574,0,0
2025-04-02 16:00:00,223.67999,224.06,223.62,223.97,642881,0,0
2025-04-02 16:15:00,223.965,224.14999,223.75,224.13,506213,0,0
2025-04-02 16:30:00,224.13,224.46001,223.92999,224.45,576096,0,0
2025-04-02 16:45:00,224.45,224.95779,224.2924,224.67999,951517,0,0
2025-04-02 17:00:00,224.7,225.0,224.58,224.97501,1176124,0,0
2025-04-02 17:15:00,224.97501,225.19,223.19,224.72,912527,0,1
2025-04-02 17:30:00,224.72,224.81,223.19,224.46001,694404,0,0
2025-04-02 17:45:00,224.45,224.50999,223.97,224.19031,575085,0,0
2025-04-02 18:00:00,224.17999,224.28,223.33501,223.50999,601643,0,0
2025-04-02 18:15:00,223.5,223.58,222.92,222.92999,574408,0,0
2025-04-02 18:30:00,222.92,223.88499,222.8614,223.86,692950,1,0
2025-04-02 18:45:00,223.84,223.94099,222.92,222.92,820945,0,0
2025-04-02 19:00:00,222.9453,223.59,222.94501,223.2,534594,0,0
2025-04-02 19:15:00,223.2,223.8,223.17999,223.6601,605410,0,0
2025-04-02 19:30:00,223.67,224.325,223.5,224.295,1019122,0,0
2025-04-02 19:45:00,224.28999,224.46001,223.78999,223.78999,3035283,0,0
2025-04-03 13:30:00,205.52,207.4899,202.52,202.89999,18519793,0,0
2025-04-03 13:45:00,202.91499,205.07001,202.52,204.3588,6346735,0,0
2025-04-03 14:00:00,204.23,204.59,203.201,204.03999,3584576,0,0
2025-04-03 14:15:00,204.08,206.3521,204.06,205.63499,4416924,0,0
2025-04-03 14:30:00,205.63499,206.47,205.08,205.325,3346239,0,0
2025-04-03 14:45:00,205.34,205.44,203.37,204.3712,3118927,0,0
2025-04-03 15:00:00,204.37,204.75,203.49001,204.19501,2751335,0,0
2025-04-03 15:15:00,204.19501,205.03,204.02,204.05,2275779,0,0
2025-04-03 15:30:00,204.05,206.23,203.7043,206.215,2771285,1,0
2025-04-03 15:45:00,206.23,206.23,205.06,205.595,1830837,0,0
2025-04-03 16:00:00,205.61501,207.03999,205.48,206.86,2014523,0,0
2025-04-03 16:15:00,206.87,206.97,205.67,206.06,1836479,0,1
2025-04-03 16:30:00,206.10001,206.3,204.91,205.08,1788018,0,0
2025-04-03 16:45:00,205.06,205.455,204.56,204.81,1258963,0,0
2025-04-03 17:00:00,204.83,205.37,204.73,204.92,1203710,0,0
2025-04-03 17:15:00,204.91,204.97,203.8401,204.005,1476469,0,0
2025-04-03 17:30:00,203.99001,204.535,203.84,204.465,1208165,0,0
2025-04-03 17:45:00,204.44,204.6051,203.21001,203.4299,1377592,0,0
2025-04-03 18:00:00,203.41,203.645,202.7,203.05,2005430,0,0
2025-04-03 18:15:00,203.05,203.38,202.77,203.0,1735759,0,0
2025-04-03 18:30:00,202.9828,203.52,202.38,203.10001,2533555,0,0
2025-04-03 18:45:00,203.08,203.4399,202.56,202.905,2010713,0,0
2025-04-03 19:00:00,202.86,203.03,202.48,202.75,2310995,0,0
2025-04-03 19:15:00,202.77,202.78,202.14,202.2,2950903,0,0
2025-04-03 19:30:00,202.2,202.35989,201.58,201.90691,4920504,0,0
2025-04-03 19:45:00,201.89,203.86,201.25,203.06,9231573,0,0
2025-04-04 13:30:00,196.17,198.39999,192.8,195.955,18220864,0,0
2025-04-04 13:45:00,195.95,199.88,195.77,199.235,5657463,0,0
2025-04-04 14:00:00,199.27,199.31,195.89,196.94099,4316866,0,0
2025-04-04 14:15:00,196.9575,197.71001,194.82001,195.28,3924430,0,0
2025-04-04 14:30:00,195.295,196.09,193.42999,193.59,4329197,0,0
2025-04-04 14:45:00,193.61501,194.34,191.06,193.48,7125403,0,0
2025-04-04 15:00:00,193.45,197.2117,193.355,196.59,4751922,1,0
2025-04-04 15:15:00,196.58,197.16,194.25999,194.49001,3468256,0,0
2025-04-04 15:30:00,194.465,195.27,193.8,194.3,2441385,0,0
2025-04-04 15:45:00,194.295,196.0,193.8101,194.16499,2486704,0,0
2025-04-04 16:00:00,194.16299,195.03999,194.13,194.66,2289035,0,0
2025-04-04 16:15:00,194.72,194.8636,192.25999,192.81,2177449,0,0
2025-04-04 16:30:00,192.78,193.9762,192.17999,193.1443,2115090,0,0
2025-04-04 16:45:00,193.14,193.5199,192.6701,192.97,1630862,0,0
2025-04-04 17:00:00,192.955,193.53,191.50999,191.67,1849306,0,0
2025-04-04 17:15:00,191.66,192.00999,190.89999,190.99001,2663568,0,0
2025-04-04 17:30:00,190.98,192.57001,190.67,191.56,4610477,0,0
2025-04-04 17:45:00,191.57001,192.16,190.88,191.67999,2225973,0,0
2025-04-04 18:00:00,191.66,192.53999,190.485,190.5,2108591,0,0
2025-04-04 18:15:00,190.5,190.55,188.83099,188.88,3296443,0,0
2025-04-04 18:30:00,188.89999,189.14999,187.345,187.7227,3238407,0,0
2025-04-04 18:45:00,187.7,189.73,187.59,188.88,2634463,0,0
2025-04-04 19:00:00,188.77,190.42,188.01401,190.02,3444934,0,0
2025-04-04 19:15:00,189.98,190.8688,189.24001,190.23,4450617,0,0
2025-04-04 19:30:00,190.155,191.73,189.6701,190.60001,4905795,0,0
2025-04-04 19:45:00,190.59,191.16,188.06,188.38,9408824,0,0
2025-04-07 13:30:00,177.24001,178.88,174.62,176.50999,28330708,0,0
2025-04-07 13:45:00,176.56,181.14,175.935,180.49001,10120797,0,0
2025-04-07 14:00:00,180.49001,189.52499,179.10001,188.81,10781177,0,0
2025-04-07 14:15:00,188.7832,194.14,182.39999,182.39999,10819550,0,0
2025-04-07 14:30:00,181.75,185.9398,179.63,182.53,6969134,0,0
2025-04-07 14:45:00,182.53999,184.6799,180.09,183.87,3927882,0,0
2025-04-07 15:00:00,183.88,185.17999,176.08,177.94501,4521056,0,0
2025-04-07 15:15:00,177.935,180.84,175.7,176.36,6919648,0,0
2025-04-07 15:30:00,176.41,179.75,176.38,179.52991,4407883,0,0
2025-04-07 15:45:00,179.52,180.16,178.33,178.78,2615709,0,0
2025-04-07 16:00:00,178.78,178.84129,176.395,177.19,2866498,0,0
2025-04-07 16:15:00,177.16,178.245,175.75,178.14,3033016,0,0
2025-04-07 16:30:00,178.10001,179.8,177.84039,179.0,2303432,0,0
2025-04-07 16:45:00,178.98,179.06,177.23,177.60001,2297744,0,0
2025-04-07 17:00:00,177.6125,180.36,177.10001,179.4612,3323687,0,0
2025-04-07 17:15:00,179.37,181.72,178.96001,181.53999,2895845,0,0
2025-04-07 17:30:00,181.55499,181.9099,179.96001,181.77499,2106421,0,0
2025-04-07 17:45:00,181.7625,182.9404,180.91,182.60001,2786577,0,0
2025-04-07 18:00:00,182.64,182.76981,179.5,180.11501,2656472,0,1
2025-04-07 18:15:00,180.08,183.89,180.00999,180.33501,4810932,0,0
2025-04-07 18:30:00,180.34,182.3,179.7,181.39,2612601,0,0
2025-04-07 18:45:00,181.41,181.7263,179.45,179.97,2815040,0,0
2025-04-07 19:00:00,179.965,181.11501,178.836,178.94501,3271897,0,0
2025-04-07 19:15:00,178.94,180.21001,178.28011,178.4213,3354310,0,0
2025-04-07 19:30:00,178.44,181.16,178.435,179.14999,3952712,0,0
2025-04-07 19:45:00,179.14999,182.0,178.63,181.59,7837307,0,0
2025-04-08 13:30:00,186.73,187.52,185.10001,186.33,11828895,0,0
2025-04-08 13:45:00,186.9975,188.56,185.25729,188.0,5180120,0,0
2025-04-08 14:00:00,188.0,189.57001,187.78,189.285,4673625,0,0
2025-04-08 14:15:00,189.27,190.33501,189.22,189.33,3654037,0,0
2025-04-08 14:30:00,189.32001,189.92999,188.60001,188.63,2533728,0,0
2025-04-08 14:45:00,188.62,189.1199,186.17999,186.2,3311966,0,0
2025-04-08 15:00:00,186.215,186.94,184.91,185.2132,3147886,0,0
2025-04-08 15:15:00,185.215,185.44,184.06,184.09,2829171,0,0
2025-04-08 15:30:00,184.07001,185.53999,184.0,185.03,2012074,0,0
2025-04-08 15:45:00,185.02499,185.41,183.03,184.47,1998918,0,0
2025-04-08 16:00:00,184.47,184.86819,183.91,184.03,1602566,0,0
2025-04-08 16:15:00,184.015,184.16,182.28999,183.33,2211698,0,0
2025-04-08 16:30:00,183.32001,183.515,179.06,180.03,4368888,0,0
2025-04-08 16:45:00,180.03,181.59,178.9409,179.1685,3679956,0,0
2025-04-08 17:00:00,179.14999,179.60001,176.8,177.295,3882319,0,0
2025-04-08 17:15:00,177.295,178.13,175.0,175.03,3781435,0,0
2025-04-08 17:30:00,175.02,178.60989,174.85001,177.94569,4794719,0,0
2025-04-08 17:45:00,177.95,178.53999,176.53999,178.145,2408588,0,0
2025-04-08 18:00:00,178.16,178.21001,176.0,176.40041,2124604,0,0
2025-04-08 18:15:00,176.41,177.455,175.2,175.33,2235002,0,0
2025-04-08 18:30:00,175.31219,177.23,174.92,175.6068,3153256,0,0
2025-04-08 18:45:00,175.6225,177.03999,174.52,174.59,3285062,0,0
2025-04-08 19:00:00,174.58,174.888,172.58,172.87959,4128177,0,0
2025-04-08 19:15:00,172.88,173.49001,171.63,172.89,4474210,0,0
2025-04-08 19:30:00,172.87,172.89999,169.82001,169.92,5853537,0,0
2025-04-08 19:45:00,169.89999,173.44,169.2101,172.77,10303277,1,0
2025-04-09 13:30:00,172.179,178.89999,171.89,176.6104,17980534,0,0
2025-04-09 13:45:00,176.58,178.44,175.8116,177.49001,5183960,0,0
2025-04-09 14:00:00,178.19,179.42,176.72,177.675,5306468,0,0
2025-04-09 14:15:00,177.69,179.349,177.46001,178.4118,3817987,0,0
2025-04-09 14:30:00,178.50999,180.42,178.32001,179.39999,4772596,0,0
2025-04-09 14:45:00,179.39999,180.0,176.83,177.72,4470285,0,0
2025-04-09 15:00:00,177.7,179.7,177.595,178.8786,3617640,0,0
2025-04-09 15:15:00,178.91,180.17999,178.91,179.755,3136000,0,0
2025-04-09 15:30:00,179.75,180.5,177.75,177.8916,3369221,0,0
2025-04-09 15:45:00,177.9493,179.94501,177.91,178.73,3146902,0,0
2025-04-09 16:00:00,178.71001,180.67999,177.875,180.30679,2557845,0,0
2025-04-09 16:15:00,180.28,181.07001,179.13,179.59,2647084,0,0
2025-04-09 16:30:00,179.5799,180.17999,179.24001,179.925,1522306,0,0
2025-04-09 16:45:00,179.97,181.35001,179.42999,181.07001,2492216,0,0
2025-04-09 17:00:00,181.10001,183.0233,180.56,181.69501,3469939,0,0
2025-04-09 17:15:00,181.73,194.49001,179.3,188.52499,11552170,0,0
2025-04-09 17:30:00,188.50999,194.8699,188.13,189.69119,9194207,0,0
2025-04-09 17:45:00,189.69,193.38,189.69,193.105,5731041,0,0
2025-04-09 18:00:00,193.10001,194.6499,190.02,190.10001,6468483,0,0
2025-04-09 18:15:00,190.10001,191.49001,188.17999,190.8,5882538,0,0
2025-04-09 18:30:00,190.78999,191.34,186.17,186.66,5440683,0,0
2025-04-09 18:45:00,186.71001,188.5,184.17999,184.86011,5714050,0,0
2025-04-09 19:00:00,184.89999,189.03999,183.87,188.78999,4884283,0,0
2025-04-09 19:15:00,188.83,198.98,188.48,196.06,14310683,0,0
2025-04-09 19:30:00,196.0,198.84,195.91,196.76019,7190016,0,0
2025-04-09 19:45:00,196.81,200.61,196.45,198.85001,13757367,0,0
2025-04-10 13:30:00,189.16499,193.86501,189.0,192.8694,13762368,0,0
2025-04-10 13:45:00,192.83501,194.77991,192.5204,193.285,4970423,0,0
2025-04-10 14:00:00,193.285,194.0,191.14999,191.64,4339717,0,0
2025-04-10 14:15:00,191.64999,193.0244,191.3558,192.145,2711194,0,0
2025-04-10 14:30:00,192.22,193.57001,191.89999,192.145,2495828,0,0
2025-04-10 14:45:00,192.17999,192.34,189.77,189.92999,2624450,0,0
2025-04-10 15:00:00,189.91,191.11,189.39,189.54041,2611336,0,0
2025-04-10 15:15:00,189.50999,189.6019,188.69,188.85921,2616501,0,0
2025-04-10 15:30:00,188.855,189.23,188.0,188.31,2567450,0,0
2025-04-10 15:45:00,188.25999,188.67,186.45,186.6499,6751245,0,0
2025-04-10 16:00:00,186.5975,187.73,186.02,186.10001,2906982,0,0
2025-04-10 16:15:00,186.08,186.14999,183.0,184.27,4173326,0,0
2025-04-10 16:30:00,184.265,187.66,184.175,187.53,3769151,1,0
2025-04-10 16:45:00,187.52991,188.3,186.52,187.53,3129927,0,0
2025-04-10 17:00:00,187.5,189.89999,184.97,185.5399,4265024,0,0
2025-04-10 17:15:00,185.41499,188.14999,184.66,188.00999,2763120,0,0
2025-04-10 17:30:00,187.97,189.6199,186.0,188.19,3839921,0,0
2025-04-10 17:45:00,188.21001,191.28,188.12,190.39,4058098,0,0
2025-04-10 18:00:00,190.36501,191.60001,188.13,188.42821,3031960,0,0
2025-04-10 18:15:00,188.39999,192.0,188.12,191.75999,3406478,0,0
2025-04-10 18:30:00,191.75,192.12,189.83,191.87,2439959,0,0
2025-04-10 18:45:00,191.855,191.855,189.02,190.73,2443604,0,0
2025-04-10 19:00:00,190.78,192.155,190.0201,190.8344,2542516,0,0
2025-04-10 19:15:00,190.85001,192.8,189.94701,189.985,2820819,0,0
2025-04-10 19:30:00,190.0,191.3056,187.83,188.24989,3319108,0,0
2025-04-10 19:45:00,188.235,192.435,188.05,190.44,7097920,0,0
2025-04-11 13:30:00,186.17999,191.358,186.06,190.73,7959702,1,0
2025-04-11 13:45:00,190.69,193.25,190.52499,191.5529,4071830,0,0
2025-04-11 14:00:00,191.42999,192.92,190.32001,191.46001,3196558,0,0
2025-04-11 14:15:00,191.42999,192.46001,189.45,189.92999,2397749,0,0
2025-04-11 14:30:00,189.94,193.08,189.64,192.925,2600168,0,0
2025-04-11 14:45:00,192.89999,193.6998,192.07021,192.28,2442800,0,0
2025-04-11 15:00:00,192.25999,194.2,191.5,192.73,3173918,0,0
2025-04-11 15:15:00,192.7,193.62,191.9408,193.32001,2008011,0,0
2025-04-11 15:30:00,193.28999,194.9595,192.8786,194.63,2121066,0,0
2025-04-11 15:45:00,194.59,195.66,194.45,195.64,2699163,0,0
2025-04-11 16:00:00,195.63,197.67,195.21001,195.862,4117440,0,0
2025-04-11 16:15:00,195.87,197.08,195.61011,195.80099,2488620,0,0
2025-04-11 16:30:00,195.82001,198.175,195.81,197.8,2573429,0,0
2025-04-11 16:45:00,197.845,199.35001,197.72,198.46919,3569866,0,0
2025-04-11 17:00:00,198.49001,198.88,197.6301,198.159,1957548,0,0
2025-04-11 17:15:00,198.155,198.39,196.58,196.8307,2171676,0,0
2025-04-11 17:30:00,196.85249,199.53999,196.0379,199.1631,2914527,0,0
2025-04-11 17:45:00,199.14,199.21001,197.72,198.25999,2104575,0,0
2025-04-11 18:00:00,198.2643,198.63,197.28999,198.21001,1745124,0,0
2025-04-11 18:15:00,198.185,198.38,196.9704,197.58,1439797,0,0
2025-04-11 18:30:00,197.60001,198.46001,197.42101,198.2,1273947,0,0
2025-04-11 18:45:00,198.22,198.65041,197.40179,197.53999,1345623,0,0
2025-04-11 19:00:00,197.545,198.78999,197.49001,198.60001,1667021,0,0
2025-04-11 19:15:00,198.66,198.94389,197.91499,198.342,1943152,0,0
2025-04-11 19:30:00,198.35001,198.39,197.5414,198.105,2352204,0,0
2025-04-11 19:45:00,198.105,199.0,197.58,198.02,7267282,0,0
2025-04-14 13:30:00,211.44,212.94,206.10001,207.0296,23988588,0,1
2025-04-14 13:45:00,207.00999,207.89999,206.23,206.75999,5461932,0,0
2025-04-14 14:00:00,206.8,207.66949,205.17,205.22,5093956,0,0
2025-04-14 14:15:00,205.24001,205.72501,204.61,204.75,4308106,0,0
2025-04-14 14:30:00,204.8,206.19991,204.42999,205.67,3819113,0,0
2025-04-14 14:45:00,205.685,206.00999,204.96001,205.2446,2538800,0,0
2025-04-14 15:00:00,205.22,205.59,203.963,204.78,3056916,0,0
2025-04-14 15:15:00,204.78,204.99001,203.41,203.60001,2411839,0,0
2025-04-14 15:30:00,203.64999,204.0694,202.11,202.97,2813462,0,0
2025-04-14 15:45:00,202.96001,203.2,201.7948,202.5096,2571480,0,0
2025-04-14 16:00:00,202.50999,203.25,201.60001,202.44,2099518,0,0
2025-04-14 16:15:00,202.44501,204.38,201.16209,201.75,4316999,0,0
2025-04-14 16:30:00,201.73,203.13,201.58501,203.0166,2162456,1,0
2025-04-14 16:45:00,203.05499,203.14999,202.0601,202.18469,1417025,0,0
2025-04-14 17:00:00,202.23,203.69,202.09,203.23,1953817,0,0
2025-04-14 17:15:00,203.205,204.9785,202.97,203.864,2491685,0,0
2025-04-14 17:30:00,203.88499,204.35001,203.5201,203.89,1789588,0,0
2025-04-14 17:45:00,203.94,204.81,203.42999,204.63,1472782,0,0
2025-04-14 18:00:00,204.64,205.36971,204.42,205.155,1674505,0,0
2025-04-14 18:15:00,205.17999,205.81,204.81799,205.78999,1272819,0,0
2025-04-14 18:30:00,205.78999,206.00999,205.39,205.96091,1636553,0,0
2025-04-14 18:45:00,205.96001,206.1899,205.575,205.89,1389519,0,0
2025-04-14 19:00:00,205.89,206.66,205.87,206.46001,1906124,0,0
2025-04-14 19:15:00,206.46001,206.485,205.46001,205.71001,1930014,0,1
2025-04-14 19:30:00,205.72,205.89999,205.2375,205.66499,2153961,0,0
2025-04-14 19:45:00,205.66499,205.71001,202.32001,202.59,6255290,0,0
2025-04-15 13:30:00,201.855,203.24001,201.14,202.455,5868784,0,0
2025-04-15 13:45:00,202.44,203.505,201.92,202.935,2265866,0,0
2025-04-15 14:00:00,202.935,203.06,201.6967,201.75,2184293,0,0
2025-04-15 14:15:00,201.77,202.44,199.82001,200.8,3134428,0,0
2025-04-15 14:30:00,200.78999,202.67,200.686,202.44,2032837,1,0
2025-04-15 14:45:00,202.42999,202.46001,201.0106,201.7812,1497551,0,0
2025-04-15 15:00:00,201.82001,202.36,201.25,202.35001,1299740,0,0
2025-04-15 15:15:00,202.37,203.09,202.0513,202.11501,1272972,0,0
2025-04-15 15:30:00,202.14,202.70599,201.96001,202.36501,978602,0,0
2025-04-15 15:45:00,202.35001,203.3,202.14999,202.8871,1042459,0,0
2025-04-15 16:00:00,202.875,203.00999,202.30009,202.76981,781712,0,0
2025-04-15 16:15:00,202.78,203.35001,202.48,203.03999,927380,0,0
2025-04-15 16:30:00,203.05,203.284,202.715,203.0802,601038,0,0
2025-04-15 16:45:00,203.10001,203.257,201.3112,201.49001,1060324,0,0
2025-04-15 17:00:00,201.48,202.42999,201.11501,202.39861,1121410,0,0
2025-04-15 17:15:00,202.39999,202.49001,201.52,201.6044,1110882,0,0
2025-04-15 17:30:00,201.58501,202.7769,201.55,202.60001,882871,0,0
2025-04-15 17:45:00,202.61,202.72,201.86,202.35001,831444,0,0
2025-04-15 18:00:00,202.38499,202.66,201.74001,202.00999,1265205,0,0
2025-04-15 18:15:00,201.97,202.12,201.30499,201.765,1066135,0,0
2025-04-15 18:30:00,201.715,202.35001,201.64,202.23,940806,0,0
2025-04-15 18:45:00,202.23,202.64999,202.1212,202.45,895902,0,0
2025-04-15 19:00:00,202.455,202.95,202.13,202.86501,950802,0,0
2025-04-15 19:15:00,202.87,203.28999,202.52,202.8,1261273,0,1
2025-04-15 19:30:00,202.83,202.959,202.38,202.62,1149223,0,0
2025-04-15 19:45:00,202.61,202.8,201.92,202.13,3260060,0,0
2025-04-16 13:30:00,198.36,200.7,198.3,198.92999,5896957,0,0
2025-04-16 13:45:00,198.94501,199.06,196.3,196.56,3469265,0,0
2025-04-16 14:00:00,196.55,197.44,196.02,196.3,2595550,0,0
2025-04-16 14:15:00,196.32001,197.38,196.21001,197.07001,1975366,0,0
2025-04-16 14:30:00,197.06,198.44,196.81,198.17,1893474,0,0
2025-04-16 14:45:00,198.1877,198.19,197.46001,197.58,1626629,0,0
2025-04-16 15:00:00,197.58,197.91,197.24001,197.58,1372531,0,0
2025-04-16 15:15:00,197.62,198.98849,197.10001,198.3501,1479423,0,0
2025-04-16 15:30:00,198.375,198.39999,197.57001,197.71001,1035427,0,1
2025-04-16 15:45:00,197.69,197.7435,196.71001,196.75,1159390,0,0
2025-04-16 16:00:00,196.755,197.0,196.44,196.77,1202486,0,0
2025-04-16 16:15:00,196.7699,196.95219,196.3905,196.91,972660,0,0
2025-04-16 16:30:00,196.91,197.35001,196.64999,197.10001,836135,0,0
2025-04-16 16:45:00,197.07001,197.28999,196.83,197.21271,736541,0,0
2025-04-16 17:00:00,197.22501,197.55991,197.03999,197.33,919654,0,0
2025-04-16 17:15:00,197.32001,197.92,197.3,197.75999,859287,0,0
2025-04-16 17:30:00,197.75999,197.81,195.8215,195.935,2170542,0,1
2025-04-16 17:45:00,195.92,195.92,193.92,194.0096,2720585,0,0
2025-04-16 18:00:00,193.98,195.39999,193.942,194.95,1866615,0,0
2025-04-16 18:15:00,194.97,195.27,194.36501,194.55499,1164758,0,0
2025-04-16 18:30:00,194.53999,194.64371,193.505,193.735,1326947,0,0
2025-04-16 18:45:00,193.735,194.1331,193.30499,193.33501,1160754,0,0
2025-04-16 19:00:00,193.33,193.5797,192.56,193.19,1610189,0,0
2025-04-16 19:15:00,193.17,193.44,192.37,192.57001,1733207,0,0
2025-04-16 19:30:00,192.58,193.60001,192.57001,193.325,2148994,0,0
2025-04-16 19:45:00,193.32001,194.86349,193.28,194.3,4900443,0,0
2025-04-17 13:30:00,197.14999,197.2,194.73,194.94099,6858949,0,0
2025-04-17 13:45:00,194.925,196.2699,194.64,196.06,1980161,0,0
2025-04-17 14:00:00,196.08,196.50999,195.55,195.87,1693778,0,0
2025-04-17 14:15:00,195.88,196.28,195.42999,195.64,1462180,0,0
2025-04-17 14:30:00,195.69,197.095,194.42,196.75999,2820226,0,0
2025-04-17 14:45:00,196.75,196.78999,195.73,195.78259,1163946,0,0
2025-04-17 15:00:00,195.78999,196.92999,195.42999,196.88499,1767615,0,0
2025-04-17 15:15:00,196.89999,197.0696,195.92999,196.03999,1083297,0,0
2025-04-17 15:30:00,196.03,197.0,195.98869,196.27,920389,0,0
2025-04-17 15:45:00,196.28999,196.9456,196.02,196.11,912861,0,0
2025-04-17 16:00:00,196.12,197.83,196.08,197.59,1636517,0,0
2025-04-17 16:15:00,197.55009,198.05,197.16499,197.80499,1233565,0,0
2025-04-17 16:30:00,197.826,198.32001,197.17999,197.34,1263754,0,0
2025-04-17 16:45:00,197.33,198.57001,197.19,198.17,1367051,0,0
2025-04-17 17:00:00,198.16,198.38,197.21001,197.315,949255,0,0
2025-04-17 17:15:00,197.32001,197.44,196.67999,196.7,1373503,0,0
2025-04-17 17:30:00,196.71001,197.71001,196.67,197.38,811836,0,0
2025-04-17 17:45:00,197.38,198.25999,197.35001,197.81,1112536,0,0
2025-04-17 18:00:00,197.82001,198.8335,197.67999,198.25999,1049737,0,0
2025-04-17 18:15:00,198.255,198.73,198.0,198.28,884540,0,0
2025-04-17 18:30:00,198.28999,198.66,198.22,198.35001,910110,0,0
2025-04-17 18:45:00,198.34,198.5399,197.3763,197.395,1606047,0,0
2025-04-17 19:00:00,197.39999,197.53999,196.94,197.09,1060128,0,0
2025-04-17 19:15:00,197.09,197.75999,196.87,197.2422,1281083,0,0
2025-04-17 19:30:00,197.25,197.7,196.95,197.2737,1154073,0,0
2025-04-17 19:45:00,197.28999,197.36,195.82001,196.87,3356918,0,0
2025-04-21 13:30:00,193.265,193.8,192.38,193.14,3867399,0,0
2025-04-21 13:45:00,193.13499,193.71001,192.45,192.4995,1585534,0,0
2025-04-21 14:00:00,192.45,192.58,191.36,192.4106,1958645,0,0
2025-04-21 14:15:00,192.41,192.64999,191.71001,192.12,1451271,0,0
2025-04-21 14:30:00,192.11,192.49001,191.62,191.91541,1041965,0,0
2025-04-21 14:45:00,191.92999,192.005,191.27,191.495,1199829,0,0
2025-04-21 15:00:00,191.5,191.955,191.1301,191.25,1073996,0,0
2025-04-21 15:15:00,191.22,191.61,190.605,190.735,1164580,0,0
2025-04-21 15:30:00,190.72,190.82001,190.09,190.25999,1505846,0,0
2025-04-21 15:45:00,190.25,190.3093,189.8112,190.25,1411942,0,0
2025-04-21 16:00:00,190.24001,191.23,190.23,191.14999,848688,0,0
2025-04-21 16:15:00,191.16,191.32001,190.82001,191.13,702634,0,0
2025-04-21 16:30:00,191.12,191.75,191.11,191.23,780986,0,0
2025-04-21 16:45:00,191.24001,191.30991,190.67999,190.765,772282,0,0
2025-04-21 17:00:00,190.765,190.9899,190.14,190.25999,1037102,0,0
2025-04-21 17:15:00,190.265,190.88,190.17,190.614,741259,0,0
2025-04-21 17:30:00,190.59,191.0,190.34,190.59,836979,0,0
2025-04-21 17:45:00,190.58,190.7,190.28999,190.50999,714629,0,0
2025-04-21 18:00:00,190.50999,190.595,190.24001,190.55,623173,0,0
2025-04-21 18:15:00,190.53999,190.92999,190.52,190.82001,673489,0,0
2025-04-21 18:30:00,190.815,191.14,190.52,190.59,808840,0,0
2025-04-21 18:45:00,190.61,190.66499,190.2,190.27,758015,0,0
2025-04-21 19:00:00,190.25999,190.92,190.24001,190.815,800870,0,0
2025-04-21 19:15:00,190.81,191.38,190.605,191.105,1102566,0,0
2025-04-21 19:30:00,191.09,192.0829,191.05,191.895,1559285,0,0
2025-04-21 19:45:00,191.91,193.42,191.61,193.09,3778714,0,0
2025-04-22 13:30:00,196.07001,197.5074,196.0,197.25,3776820,0,0
2025-04-22 13:45:00,197.27,197.87,197.131,197.82001,1534302,0,0
2025-04-22 14:00:00,197.83,198.94,197.66,198.17419,1832429,0,0
2025-04-22 14:15:00,198.175,198.27,197.6696,198.11,1200016,0,0
2025-04-22 14:30:00,198.12,198.81,197.67,198.495,1091981,0,0
2025-04-22 14:45:00,198.495,199.39,198.32001,199.30009,1662243,0,0
2025-04-22 15:00:00,199.31,199.47,198.94,199.395,1132435,0,0
2025-04-22 15:15:00,199.39999,199.55,198.77,198.83,1313935,0,0
2025-04-22 15:30:00,198.83,198.8513,197.86,198.03999,1075865,0,0
2025-04-22 15:45:00,198.03999,199.38,197.96001,199.33,1216342,0,0
2025-04-22 16:00:00,199.34,200.22,199.02,200.0499,2374560,0,0
2025-04-22 16:15:00,200.03,201.55,199.75,201.38,2319775,0,0
2025-04-22 16:30:00,201.4001,201.53,200.42999,200.91499,1721559,0,1
2025-04-22 16:45:00,200.91,201.09,200.2704,200.5901,1104378,0,0
2025-04-22 17:00:00,200.5945,201.00999,199.5201,199.67999,1635409,0,0
2025-04-22 17:15:00,199.72,200.1859,198.3203,198.53999,1748919,0,0
2025-04-22 17:30:00,198.5162,199.25999,198.17039,198.83,1330224,0,0
2025-04-22 17:45:00,198.83,198.875,198.11,198.25121,803660,0,0
2025-04-22 18:00:00,198.25,199.37,198.1024,199.325,803066,1,0
2025-04-22 18:15:00,199.31,200.00999,198.98,199.8918,928428,0,0
2025-04-22 18:30:00,199.88,200.14,199.8,200.00999,856072,0,0
2025-04-22 18:45:00,200.03,200.5,200.03,200.14999,3997889,0,0
2025-04-22 19:00:00,200.14,200.42,199.48,199.57001,942217,0,0
2025-04-22 19:15:00,199.59,199.64999,198.56,198.62019,1186696,0,0
2025-04-22 19:30:00,198.625,199.11501,198.0,198.89101,1448988,0,0
2025-04-22 19:45:00,198.86,199.89,198.69009,199.66,4094180,0,0
2025-04-23 13:30:00,206.0,207.50999,204.6301,206.7,8518660,0,0
2025-04-23 13:45:00,206.67999,207.62,205.86,207.38,2970979,0,0
2025-04-23 14:00:00,207.32339,208.0,205.71001,206.39999,2136462,0,0
2025-04-23 14:15:00,206.37,207.10001,205.63,206.80499,1548408,0,0
2025-04-23 14:30:00,206.81,207.95,206.66,207.72,1660026,0,0
2025-04-23 14:45:00,207.735,207.75999,206.6875,206.89999,1212915,0,1
2025-04-23 15:00:00,206.92999,207.57001,206.23,206.82491,1723202,0,0
2025-04-23 15:15:00,206.821,206.845,204.06,204.63,2858976,0,0
2025-04-23 15:30:00,204.625,205.41,204.17,204.84,1618614,0,0
2025-04-23 15:45:00,204.87489,205.16,203.6501,204.27,2149223,0,0
2025-04-23 16:00:00,204.27,204.36,203.58,203.82001,937417,0,0
2025-04-23 16:15:00,203.82001,204.17,202.799,204.11,1084221,1,0
2025-04-23 16:30:00,204.14,204.44,203.735,204.13,878460,0,0
2025-04-23 16:45:00,204.13409,204.955,203.5184,204.75999,675673,0,0
2025-04-23 17:00:00,204.75,205.07001,203.83,204.9481,871208,0,0
2025-04-23 17:15:00,204.92,205.44,204.79871,204.95,725017,0,0
2025-04-23 17:30:00,205.0,205.37,204.22,204.645,742541,0,0
2025-04-23 17:45:00,204.675,205.64999,204.40199,205.41,683039,0,0
2025-04-23 18:00:00,205.38499,205.5,204.6601,205.03,865011,0,0
2025-04-23 18:15:00,205.05,205.39,204.25,204.48241,765652,0,0
2025-04-23 18:30:00,204.47,204.99001,204.31,204.31,601237,0,0
2025-04-23 18:45:00,204.32001,205.10001,204.24001,204.74001,809683,0,0
2025-04-23 19:00:00,204.72,205.17,204.3,204.45,1045059,0,0
2025-04-23 19:15:00,204.44,204.63,203.65669,204.00999,1131175,0,0
2025-04-23 19:30:00,204.0309,204.5,203.61,204.23,1244501,0,0
2025-04-23 19:45:00,204.22501,205.75,203.99001,204.36,4179568,0,0
2025-04-24 13:30:00,204.88499,205.49001,202.94,204.53,3786024,0,0
2025-04-24 13:45:00,204.5175,205.64,204.31,205.59,1815486,0,0
2025-04-24 14:00:00,205.57001,205.96001,205.48,205.74001,1617095,0,0
2025-04-24 14:15:00,205.74989,206.35001,205.36,206.32001,1219057,0,0
2025-04-24 14:30:00,206.28999,206.66,205.22009,205.49001,1293589,0,0
2025-04-24 14:45:00,205.485,206.11501,205.25,205.955,1122229,0,0
2025-04-24 15:00:00,205.96001,206.28999,205.49001,206.13,873846,0,0
2025-04-24 15:15:00,206.12,206.48,205.6131,205.925,973154,0,0
2025-04-24 15:30:00,205.88499,206.375,205.58009,206.0551,798003,0,0
2025-04-24 15:45:00,206.05,206.715,205.78059,206.09,1134693,0,0
2025-04-24 16:00:00,206.11,206.2,205.64999,206.19,1030140,0,0
2025-04-24 16:15:00,206.17,206.75,205.87,206.28999,1499363,0,0
2025-04-24 16:30:00,206.28999,206.705,206.0173,206.10001,480812,0,0
2025-04-24 16:45:00,206.12,206.71001,205.82001,206.53999,630106,0,0
2025-04-24 17:00:00,206.53999,206.87,206.246,206.82001,613213,0,0
2025-04-24 17:15:00,206.82001,207.03,206.09,206.905,817619,0,0
2025-04-24 17:30:00,206.92,207.17,206.5701,206.74001,632950,0,0
2025-04-24 17:45:00,206.7384,207.48,206.55,207.45,680757,0,0
2025-04-24 18:00:00,207.44,207.78999,207.33,207.49001,799366,0,0
2025-04-24 18:15:00,207.48,207.685,207.0575,207.289,574216,0,0
2025-04-24 18:30:00,207.3,208.10001,207.28999,207.91251,1436632,0,0
2025-04-24 18:45:00,207.91,208.05009,207.78,207.86,591368,0,0
2025-04-24 19:00:00,207.85001,207.895,207.41,207.58501,901168,0,0
2025-04-24 19:15:00,207.60001,207.87,207.03,207.0901,908143,0,0
2025-04-24 19:30:00,207.11,208.0876,207.09,207.96001,1139472,0,0
2025-04-24 19:45:00,207.965,208.8299,207.95,208.2,4646085,0,0
2025-04-25 13:30:00,206.42999,208.37,206.2,208.06,3715780,1,0
2025-04-25 13:45:00,208.06,209.0696,207.82001,208.21001,1898264,0,0
2025-04-25 14:00:00,208.23,209.24989,207.92,208.32001,1478779,0,0
2025-04-25 14:15:00,208.33859,208.64,206.53,206.6348,1465017,0,0
2025-04-25 14:30:00,206.64,207.76289,206.515,207.59,1353580,0,0
2025-04-25 14:45:00,207.59,207.6185,206.96001,207.315,868800,0,0
2025-04-25 15:00:00,207.31,207.60001,207.00999,207.53,788992,0,0
2025-04-25 15:15:00,207.50999,207.53,206.92999,207.10001,754758,0,0
2025-04-25 15:30:00,207.11,207.49001,206.66,206.985,986087,0,0
2025-04-25 15:45:00,207.045,207.64,206.83,207.5,679431,0,0
2025-04-25 16:00:00,207.485,208.05,207.47,208.05,1142411,0,0
2025-04-25 16:15:00,208.0412,208.89999,207.92999,208.59129,991302,0,0
2025-04-25 16:30:00,208.60001,208.89999,208.4751,208.875,563639,0,0
2025-04-25 16:45:00,208.86,208.87,208.28999,208.675,599645,0,0
2025-04-25 17:00:00,208.66,209.09,208.63499,208.935,799223,0,0
2025-04-25 17:15:00,208.94099,209.41,208.71001,209.37019,1752454,0,0
2025-04-25 17:30:00,209.39,209.41499,207.89,208.315,1147655,0,0
2025-04-25 17:45:00,208.35001,208.37601,207.37,208.10001,739154,0,0
2025-04-25 18:00:00,208.09,208.76961,207.89999,208.4174,666467,0,0
2025-04-25 18:15:00,208.395,208.82401,208.32001,208.5045,499779,0,0
2025-04-25 18:30:00,208.50999,208.77,208.39011,208.64999,510426,0,0
2025-04-25 18:45:00,208.64999,208.8,208.14,208.38,572809,0,0
2025-04-25 19:00:00,208.39,208.87,208.28999,208.52499,659761,0,0
2025-04-25 19:15:00,208.53999,208.67999,208.19,208.22,614463,0,0
2025-04-25 19:30:00,208.21001,208.39999,207.87,208.34,979388,0,0
2025-04-25 19:45:00,208.33,209.42999,208.05,209.23,3438799,0,0
2025-04-28 13:30:00,210.055,211.45,208.95,211.31,158264,0,0
2025-04-28 13:45:00,211.29,211.32,209.18,209.41,70822,0,0
2025-04-28 14:00:00,209.4,209.8,208.84,209.57,37248,0,0
2025-04-28 14:15:00,209.545,209.68,208.76,208.84,62152,0,0
2025-04-28 14:30:00,208.83,209.57,208.73,209.45,60383,0,0
2025-04-28 14:45:00,209.45,209.79,208.88,209.03,36806,0,0
2025-04-28 15:00:00,209.04,209.5,208.77,209.1,52137,0,0
2025-04-28 15:15:00,209.07,209.09,207.86,207.97,63966,0,0
2025-04-28 15:30:00,207.99,208.39,207.6,207.92,23474,0,0
2025-04-28 15:45:00,207.88,208.32,207.76,207.96,23362,0,0
2025-04-28 16:00:00,207.95,208.025,207.51,207.635,28803,0,0
2025-04-28 16:15:00,207.65,208.06,207.47,207.86,25709,0,0
2025-04-28 16:30:00,207.89,208.57,207.855,208.47,27963,0,0
2025-04-28 16:45:00,208.465,208.71,207.91,208.445,27113,0,0
2025-04-28 17:00:00,208.42,208.71,208.06,208.12,18870,0,0
2025-04-28 17:15:00,208.15,208.64,207.925,208.16,24254,0,0
2025-04-28 17:30:00,208.07,209.08,208.07,209.02,32314,0,0
2025-04-28 17:45:00,209.02,209.85,208.99,209.75,32882,0,0
2025-04-28 18:00:00,209.73,210.05,209.565,209.85,48783,0,0
2025-04-28 18:15:00,209.88,210.04,209.5,209.87,29585,0,0
2025-04-28 18:30:00,209.87,210.1,209.8,209.89,25360,0,0
2025-04-28 18:45:00,209.88,210.005,209.8,209.875,23430,0,0
2025-04-28 19:00:00,209.87,210.32,209.81,210.29,52103,0,0
2025-04-28 19:15:00,210.28,210.94,210.25,210.54,52434,0,0
2025-04-28 19:30:00,210.53,210.83,210.48,210.69,36580,0,0
2025-04-28 19:45:00,210.71,211.48,210.04,210.1,178152,0,0
2025-04-29 13:30:00,208.69299,210.47,208.37,210.2917,4800974,1,0
2025-04-29 13:45:00,210.28999,211.25,210.224,210.8,1370978,0,0
2025-04-29 14:00:00,210.82001,212.10899,210.33,212.02,1718658,0,0
2025-04-29 14:15:00,212.015,212.24001,210.7,210.95,1299906,0,0
2025-04-29 14:30:00,210.96001,211.49001,210.8494,211.23,823002,0,0
2025-04-29 14:45:00,211.25,212.07001,211.205,211.6111,931928,0,0
2025-04-29 15:00:00,211.62,211.8,210.92999,211.1282,728459,0,0
2025-04-29 15:15:00,211.12,211.23,210.67,211.03999,735065,0,0
2025-04-29 15:30:00,211.03999,211.17101,210.39999,211.16,1090023,0,0
2025-04-29 15:45:00,211.14999,211.21001,210.5101,210.61501,450309,0,0
2025-04-29 16:00:00,210.61501,211.3253,210.61501,210.86,547267,0,0
2025-04-29 16:15:00,210.87,210.91,210.42,210.48801,582096,0,0
2025-04-29 16:30:00,210.49001,210.62,210.13,210.515,707311,0,0
2025-04-29 16:45:00,210.5,210.52,209.35001,209.7326,753901,0,0
2025-04-29 17:00:00,209.74001,210.03,209.50999,209.98,558298,0,0
2025-04-29 17:15:00,209.96001,210.69,209.94501,210.36,542878,0,0
2025-04-29 17:30:00,210.37,210.87,210.22,210.83501,401536,0,0
2025-04-29 17:45:00,210.84,211.75,210.69,211.58,828022,0,0
2025-04-29 18:00:00,211.58501,211.77,211.16,211.4046,601406,0,0
2025-04-29 18:15:00,211.395,211.85001,211.1787,211.7227,636194,0,0
2025-04-29 18:30:00,211.72,211.9606,211.41,211.80499,556692,0,0
2025-04-29 18:45:00,211.8,211.8,211.1879,211.3,466126,0,0
2025-04-29 19:00:00,211.3,211.89,211.17,211.50999,816316,0,0
2025-04-29 19:15:00,211.5,211.53,211.1001,211.3,680176,0,0
2025-04-29 19:30:00,211.31,211.42,210.95,211.06,786639,0,0
2025-04-29 19:45:00,211.07001,211.77,210.961,211.24001,2435493,0,0
2025-04-30 13:30:00,209.3,209.72,206.6705,207.41499,4281472,0,0
2025-04-30 13:45:00,207.41,208.16,207.0,207.14,1394076,0,0
2025-04-30 14:00:00,207.185,208.34,207.14,208.22,1149211,0,0
2025-04-30 14:15:00,208.2142,209.3499,208.2142,209.3212,945782,0,0
2025-04-30 14:30:00,209.3495,209.69,208.7101,209.42,1039961,0,0
2025-04-30 14:45:00,209.38,209.75,208.87,209.6355,903257,0,0
2025-04-30 15:00:00,209.59,210.63,209.56,210.5,1009727,0,0
2025-04-30 15:15:00,210.505,210.86,209.99001,210.545,829765,0,0
2025-04-30 15:30:00,210.56,210.72,209.95,210.63,630031,0,0
2025-04-30 15:45:00,210.59061,211.13,210.44,211.05,797777,0,0
2025-04-30 16:00:00,211.03999,211.28,210.58,210.61,770638,0,0
2025-04-30 16:15:00,210.61,210.95,210.39,210.59,542089,0,0
2025-04-30 16:30:00,210.59,211.36,210.22,211.06,724811,0,0
2025-04-30 16:45:00,211.07001,211.07001,210.64999,210.92,508297,0,0
2025-04-30 17:00:00,210.89999,211.17,209.8,210.14,630800,0,0
2025-04-30 17:15:00,210.16,211.21001,210.16,211.08,598300,0,0
2025-04-30 17:30:00,211.07001,211.85001,210.92,211.52499,762172,0,0
2025-04-30 17:45:00,211.53999,211.548,211.10139,211.1031,519612,0,0
2025-04-30 18:00:00,211.13,212.97,210.75999,211.45,1348214,0,0
2025-04-30 18:15:00,211.4987,211.85001,210.315,210.715,817794,0,0
2025-04-30 18:30:00,210.7,211.07001,210.39,210.63,881125,0,0
2025-04-30 18:45:00,210.60001,211.31,210.57001,210.65199,666592,0,0
2025-04-30 19:00:00,210.66,211.03999,210.64999,211.03011,522270,0,0
2025-04-30 19:15:00,211.0321,211.07001,210.28,210.3446,801383,0,0
2025-04-30 19:30:00,210.375,211.0,210.05,210.95,949311,0,0
2025-04-30 19:45:00,210.95,213.53999,210.95,212.49001,6127352,0,0
2025-05-01 13:30:00,209.00999,212.5,208.89999,211.78,6278349,1,0
2025-05-01 13:45:00,211.78,211.98,210.49001,210.64,1599776,0,0
2025-05-01 14:00:00,210.8,211.60001,209.71001,210.5807,1992645,0,0
2025-05-01 14:15:00,210.595,211.84,210.42,211.74001,1589591,0,0
2025-05-01 14:30:00,211.75,212.42,211.315,212.28999,1469372,0,0
2025-05-01 14:45:00,212.31,213.09,211.55,212.88989,1522438,0,0
2025-05-01 15:00:00,212.89,213.75999,211.55,213.7406,1424486,0,0
2025-05-01 15:15:00,213.755,214.22,211.55,212.89661,1378176,0,1
2025-05-01 15:30:00,212.895,213.12,211.55,212.59,936295,0,0
2025-05-01 15:45:00,212.60001,212.80991,211.41499,211.5844,1148543,0,0
2025-05-01 16:00:00,211.60001,212.76401,211.53,212.49001,1037296,0,0
2025-05-01 16:15:00,212.49001,212.84,211.94,212.78,883056,0,0
2025-05-01 16:30:00,212.78,212.845,212.33,212.56,740140,0,0
2025-05-01 16:45:00,212.53999,212.61501,211.85001,212.13499,608311,0,0
2025-05-01 17:00:00,212.12,212.85001,212.07001,212.57001,2049934,0,0
2025-05-01 17:15:00,212.575,212.87759,212.42999,212.50999,734695,0,0
2025-05-01 17:30:00,212.50999,212.755,212.065,212.2,677999,0,0
2025-05-01 17:45:00,212.17,212.78999,212.1114,212.595,690832,0,0
2025-05-01 18:00:00,212.59,213.0,212.53,212.7,673798,0,0
2025-05-01 18:15:00,212.7,212.91,212.52,212.78,784926,0,0
2025-05-01 18:30:00,212.78999,212.955,212.63,212.95,644257,0,0
2025-05-01 18:45:00,212.95,213.2,212.52119,212.545,898621,0,0
2025-05-01 19:00:00,212.55,212.88,212.3,212.545,1299818,0,0
2025-05-01 19:15:00,212.55,212.9599,212.52499,212.94,1099292,0,0
2025-05-01 19:30:00,212.94,213.42,212.71001,213.3392,1989822,0,0
2025-05-01 19:45:00,213.33009,214.55,212.47,212.83,5145282,0,0
2025-05-02 13:30:00,206.09,206.42999,202.16,203.6312,16810797,0,0
2025-05-02 13:45:00,203.61459,203.88,202.21001,203.78999,4789355,1,0
2025-05-02 14:00:00,203.77,205.36501,203.25,205.12,4644937,0,0
2025-05-02 14:15:00,205.11121,206.8199,204.8,206.72,4459315,0,0
2025-05-02 14:30:00,206.72,206.99001,205.39999,205.97,3033550,0,0
2025-05-02 14:45:00,205.98,206.58,204.77,205.17979,2555391,0,0
2025-05-02 15:00:00,205.19,205.44,204.60001,205.2,1957144,0,0
2025-05-02 15:15:00,205.185,205.73,204.66,204.9008,1777130,0,0
2025-05-02 15:30:00,204.92,205.57001,204.8606,205.57001,1654537,0,0
2025-05-02 15:45:00,205.57001,205.64,204.98,205.48,1696383,0,0
2025-05-02 16:00:00,205.4874,206.58,204.89999,205.28,3443556,0,0
2025-05-02 16:15:00,205.28,205.57001,204.95,205.0,1923531,0,0
2025-05-02 16:30:00,205.0,205.55,204.86,205.5197,2509202,0,0
2025-05-02 16:45:00,205.49001,205.89,204.87,204.9395,1778703,0,0
2025-05-02 17:00:00,204.92999,205.14999,204.14999,204.52,1963350,0,0
2025-05-02 17:15:00,204.52,204.96001,204.35001,204.69901,1384098,0,0
2025-05-02 17:30:00,204.7,205.53,204.7,205.4415,1277955,0,0
2025-05-02 17:45:00,205.45,205.83,204.85001,205.39999,3121090,0,0
2025-05-02 18:00:00,205.39,205.61,205.16,205.25999,1238074,0,0
2025-05-02 18:15:00,205.2545,205.255,204.82001,204.88,1450126,0,0
2025-05-02 18:30:00,204.87,205.36,204.63161,205.33501,2085949,0,0
2025-05-02 18:45:00,205.33501,205.42999,204.09599,204.17999,2091789,0,0
2025-05-02 19:00:00,204.17,204.35049,203.685,203.7049,2484827,0,0
2025-05-02 19:15:00,203.7,204.98151,203.66,204.75999,2219926,0,0
2025-05-02 19:30:00,204.75999,205.1544,204.25999,204.33501,3438147,0,0
2025-05-02 19:45:00,204.33501,205.5,203.89,205.3,6551918,0,0
2025-05-05 13:30:00,203.125,204.10001,200.57001,201.11501,6508929,0,0
2025-05-05 13:45:00,201.075,201.26019,199.5,199.72501,4034540,0,0
2025-05-05 14:00:00,199.75999,200.32001,199.25,199.685,3129266,0,0
2025-05-05 14:15:00,199.7,200.035,198.62,198.78,3690582,0,0
2025-05-05 14:30:00,198.787,199.17,198.21001,199.0,3013395,0,0
2025-05-05 14:45:00,199.02431,199.09,198.39999,198.9335,1814855,0,0
2025-05-05 15:00:00,198.92999,199.06,198.5,198.81979,1685814,0,0
2025-05-05 15:15:00,198.81,199.64999,198.795,199.1996,1960321,0,0
2025-05-05 15:30:00,199.19,199.42,198.66,199.0,1641892,0,0
2025-05-05 15:45:00,198.99001,199.33,198.86,199.27499,1443820,0,0
2025-05-05 16:00:00,199.27499,199.78999,199.10001,199.185,1560263,0,0
2025-05-05 16:15:00,199.1747,200.03999,199.13,199.974,1332389,0,0
2025-05-05 16:30:00,199.96001,200.02,199.46,199.9453,1282542,0,0
2025-05-05 16:45:00,199.92731,200.015,199.72,199.8911,863631,0,0
2025-05-05 17:00:00,199.88,200.47,199.6701,200.32001,1752692,0,0
2025-05-05 17:15:00,200.315,200.64,200.16,200.41,1051771,0,0
2025-05-05 17:30:00,200.41,200.63,200.27,200.39999,862847,0,0
2025-05-05 17:45:00,200.4001,200.63,200.3,200.36,839630,0,0
2025-05-05 18:00:00,200.37,201.09,200.16,201.05499,1280289,0,0
2025-05-05 18:15:00,201.05,201.08,200.66,200.96001,859209,0,0
2025-05-05 18:30:00,200.95,201.16,200.595,200.83749,1249712,0,0
2025-05-05 18:45:00,200.86,201.03999,200.42999,200.53,1117134,0,0
2025-05-05 19:00:00,200.52,200.52,200.07001,200.27,1222184,0,0
2025-05-05 19:15:00,200.285,200.47,199.39999,199.39999,1811782,0,0
2025-05-05 19:30:00,199.39999,199.5999,199.10001,199.25031,1985105,0,0
2025-05-05 19:45:00,199.28,199.36501,198.5197,198.77,4801879,0,0
2025-05-06 13:30:00,198.125,199.88,197.39999,199.14999,9059663,0,0
2025-05-06 13:45:00,199.21001,199.23309,197.02,197.67999,2581136,0,0
2025-05-06 14:00:00,197.655,198.85001,197.655,198.53,2742324,1,0
2025-05-06 14:15:00,198.52,199.5,198.25,198.91,2178439,0,0
2025-05-06 14:30:00,198.89999,199.13,197.97501,198.1601,1478837,0,0
2025-05-06 14:45:00,198.16,198.575,197.85001,198.3,1242496,0,0
2025-05-06 15:00:00,198.27,198.78,197.95,198.50999,1196789,0,0
2025-05-06 15:15:00,198.53,199.08,198.41,199.035,1264665,0,0
2025-05-06 15:30:00,199.035,199.45,198.7,198.83,1181742,0,0
2025-05-06 15:45:00,198.83,199.0699,198.66,198.78,828014,0,0
2025-05-06 16:00:00,198.83,200.649,198.705,200.465,1645994,0,0
2025-05-06 16:15:00,200.485,200.5,198.82001,198.98,1053679,0,1
2025-05-06 16:30:00,198.97501,199.755,198.96001,199.53999,775317,0,0
2025-05-06 16:45:00,199.53999,199.96001,199.3768,199.505,771586,0,0
2025-05-06 17:00:00,199.52,200.02,199.50999,199.62041,751413,0,0
2025-05-06 17:15:00,199.62,199.78999,199.0,199.425,757125,0,0
2025-05-06 17:30:00,199.45,199.82001,198.69,198.73,803814,0,0
2025-05-06 17:45:00,198.73,199.16,198.7,199.00999,692100,1,0
2025-05-06 18:00:00,199.03,199.55,198.81,198.92999,675279,0,0
2025-05-06 18:15:00,198.92999,199.48,198.92999,199.30499,665655,0,0
2025-05-06 18:30:00,199.295,199.4799,199.02,199.2502,935511,0,0
2025-05-06 18:45:00,199.25,199.85001,199.16,199.85001,696166,0,0
2025-05-06 19:00:00,199.84,199.84,199.2204,199.56,851416,0,0
2025-05-06 19:15:00,199.55,199.80499,199.33,199.7084,858968,0,0
2025-05-06 19:30:00,199.73,200.00999,199.58,199.87,1103086,0,0
2025-05-06 19:45:00,199.89,200.17,198.38,198.41,3500027,0,0
2025-05-07 13:30:00,199.19501,199.295,197.35001,198.33,5418848,0,0
2025-05-07 13:45:00,198.32001,198.69,197.67999,197.80499,1955694,0,0
2025-05-07 14:00:00,197.80499,199.14,197.75,199.07001,1494282,0,0
2025-05-07 14:15:00,199.07001,199.44,198.8,199.22,1003087,0,0
2025-05-07 14:30:00,199.22701,199.39999,198.85001,199.00999,797235,0,0
2025-05-07 14:45:00,199.0002,199.05,197.44,197.47,1726476,0,0
2025-05-07 15:00:00,197.48,197.5,194.23,194.405,4788109,0,0
2025-05-07 15:15:00,194.42999,194.96001,193.81,194.35069,3945309,0,0
2025-05-07 15:30:00,194.36,194.67,193.25,194.41,2891287,0,0
2025-05-07 15:45:00,194.41,195.1198,193.89999,195.105,1898481,0,0
2025-05-07 16:00:00,195.10001,195.28,194.55,195.095,1580886,0,0
2025-05-07 16:15:00,195.08,195.37,194.50999,194.87,1601191,0,0
2025-05-07 16:30:00,194.85001,195.55,194.575,195.53,1647105,0,0
2025-05-07 16:45:00,195.51849,195.78,195.25999,195.621,862319,0,0
2025-05-07 17:00:00,195.61501,195.75999,195.21001,195.5701,766116,0,0
2025-05-07 17:15:00,195.5999,195.6497,195.05,195.3,774345,0,0
2025-05-07 17:30:00,195.32001,195.36,194.5,194.64,1004193,0,0
2025-05-07 17:45:00,194.64999,195.11,194.23,194.66,1335718,0,0
2025-05-07 18:00:00,194.61501,195.13,193.3,193.73,1669174,0,0
2025-05-07 18:15:00,193.7,194.31,193.46001,194.00999,1104302,0,0
2025-05-07 18:30:00,193.99699,195.23,193.83141,194.86,1183722,0,0
2025-05-07 18:45:00,194.88,195.71001,194.03999,195.44,1419779,0,0
2025-05-07 19:00:00,195.44,195.44501,194.73,195.108,1083065,0,0
2025-05-07 19:15:00,195.10001,195.2496,194.12,194.32001,1199848,0,0
2025-05-07 19:30:00,194.34,197.46989,194.28999,196.205,2415039,0,0
2025-05-07 19:45:00,196.22,196.75999,195.05,196.25,3884664,0,0
2025-05-08 13:30:00,197.74001,198.13,196.25999,196.6497,4180973,0,1
2025-05-08 13:45:00,196.59,196.86,196.08211,196.14999,1650963,0,0
2025-05-08 14:00:00,196.14999,196.31,194.6796,194.901,2621970,0,0
2025-05-08 14:15:00,194.89,195.94,194.8,195.82001,1995793,1,0
2025-05-08 14:30:00,195.83,196.5656,195.515,196.53999,1587046,0,0
2025-05-08 14:45:00,196.53999,197.24969,196.09801,196.62,1471527,0,0
2025-05-08 15:00:00,196.58,197.02,196.4296,196.83,865179,0,0
2025-05-08 15:15:00,196.81,197.83,196.61,197.53999,1713969,0,0
2025-05-08 15:30:00,197.53,199.32001,197.31,198.9899,2306620,0,0
2025-05-08 15:45:00,199.02,199.75,199.02,199.34,1776286,0,0
2025-05-08 16:00:00,199.34,200.03999,199.2859,199.908,1611462,0,0
2025-05-08 16:15:00,199.92,200.0498,199.23,199.24001,1004507,0,0
2025-05-08 16:30:00,199.2357,199.9402,199.0101,199.83,803663,0,0
2025-05-08 16:45:00,199.81,199.99001,199.50999,199.69501,804014,0,0
2025-05-08 17:00:00,199.72,199.85001,199.4032,199.53149,674598,0,0
2025-05-08 17:15:00,199.53,199.575,199.05,199.14,810866,0,0
2025-05-08 17:30:00,199.14,199.21201,198.62,198.89,806168,0,0
2025-05-08 17:45:00,198.8902,198.92999,198.3033,198.3213,744115,0,0
2025-05-08 18:00:00,198.33,198.44,198.09,198.32001,858646,0,0
2025-05-08 18:15:00,198.31,198.66499,198.28619,198.64,899018,1,0
2025-05-08 18:30:00,198.64,199.25929,198.6353,198.98,992986,0,0
2025-05-08 18:45:00,198.98669,199.02991,198.57001,198.62,646580,0,0
2025-05-08 19:00:00,198.62,198.89,198.45,198.786,698151,0,0
2025-05-08 19:15:00,198.795,199.688,198.72,199.56,1376629,0,0
2025-05-08 19:30:00,199.57001,199.62,198.5,198.57001,1247544,0,0
2025-05-08 19:45:00,198.5732,198.675,197.164,197.39999,4031999,0,0
2025-05-09 13:30:00,199.005,200.5399,198.395,198.6335,4836849,0,0
2025-05-09 13:45:00,198.6982,199.8,198.42,199.75,1575523,0,0
2025-05-09 14:00:00,199.745,200.235,199.16,199.63,1825343,0,0
2025-05-09 14:15:00,199.64999,199.73,198.12,198.36011,1591986,0,0
2025-05-09 14:30:00,198.38499,198.58,197.535,198.095,1614084,0,0
2025-05-09 14:45:00,198.11031,198.5,197.92999,198.38,909928,0,0
2025-05-09 15:00:00,198.38,198.995,198.3,198.89,963027,0,0
2025-05-09 15:15:00,198.89,199.17999,198.2,198.42999,1219713,0,0
2025-05-09 15:30:00,198.42,198.664,198.14,198.52789,802395,0,0
2025-05-09 15:45:00,198.53,199.00999,198.37,198.7585,733373,0,0
2025-05-09 16:00:00,198.74001,198.7597,197.92999,198.47,870261,0,0
2025-05-09 16:15:00,198.47,198.66,198.11,198.13499,485783,0,0
2025-05-09 16:30:00,198.13,198.38,197.83501,197.89951,635637,0,0
2025-05-09 16:45:00,197.89,198.2899,197.75,197.97,820492,0,0
2025-05-09 17:00:00,197.9492,198.45,197.78,198.065,765132,0,0
2025-05-09 17:15:00,198.06,198.41,197.60001,198.14,832963,0,0
2025-05-09 17:30:00,198.145,198.535,197.91,198.46001,643080,0,0
2025-05-09 17:45:00,198.46001,198.815,198.4503,198.7057,588041,0,0
2025-05-09 18:00:00,198.71001,198.99989,198.64,198.98,551871,0,0
2025-05-09 18:15:00,198.955,199.0999,198.50999,198.91,687214,0,0
2025-05-09 18:30:00,198.94,199.14,198.78999,198.8598,547737,0,0
2025-05-09 18:45:00,198.85001,199.14,198.72,198.92999,632812,0,0
2025-05-09 19:00:00,198.9222,199.42999,198.89999,199.09,982584,0,0
2025-05-09 19:15:00,199.105,199.25,198.71001,198.78,782234,0,0
2025-05-09 19:30:00,198.8,198.9299,198.42999,198.69,1019558,0,0
2025-05-09 19:45:00,198.7,198.85001,198.3401,198.53999,2454732,0,0
2025-05-12 13:30:00,210.97,211.26649,206.75,207.39011,13378548,0,1
2025-05-12 13:45:00,207.39999,208.53999,207.31,208.53,3652266,0,0
2025-05-12 14:00:00,208.52499,209.96001,208.465,209.85001,3463346,0,0
2025-05-12 14:15:00,209.86,210.09,208.56,209.16,3295486,0,0
2025-05-12 14:30:00,209.17,209.77,208.48,209.765,1827038,0,0
2025-05-12 14:45:00,209.75999,210.23,208.96471,209.12,1866018,0,0
2025-05-12 15:00:00,209.11501,209.13,208.25011,208.32001,1363900,0,0
2025-05-12 15:15:00,208.33,208.78999,208.12,208.75999,1264859,0,0
2025-05-12 15:30:00,208.78,208.9865,208.45,208.62,1028011,0,0
2025-05-12 15:45:00,208.59,208.8149,208.4068,208.425,1021877,0,0
2025-05-12 16:00:00,208.425,208.77,208.25,208.75999,978481,0,0
2025-05-12 16:15:00,208.77,208.98,208.39,208.73,915957,0,0
2025-05-12 16:30:00,208.73,209.25999,208.7092,209.2164,1288857,0,0
2025-05-12 16:45:00,209.205,209.56,209.03,209.23,1089436,0,0
2025-05-12 17:00:00,209.23,209.91,209.2,209.8887,896399,0,0
2025-05-12 17:15:00,209.89,209.99001,209.61,209.935,1048775,0,0
2025-05-12 17:30:00,209.94,210.25,209.935,210.228,1265946,0,0
2025-05-12 17:45:00,210.23,210.87421,210.22,210.62,1477109,0,0
2025-05-12 18:00:00,210.64,210.96001,210.5,210.62,1066739,0,0
2025-05-12 18:15:00,210.61011,210.88,210.58,210.77,841231,0,0
2025-05-12 18:30:00,210.78,211.14,210.75,210.96989,1284981,0,0
2025-05-12 18:45:00,210.96001,211.14999,210.48,210.61729,1086980,0,0
2025-05-12 19:00:00,210.6102,210.92,210.31149,210.53999,1330549,0,0
2025-05-12 19:15:00,210.56,210.74001,209.92,210.05,1206867,0,0
2025-05-12 19:30:00,210.06,210.34979,210.0,210.06,1518087,0,0
2025-05-12 19:45:00,210.05,210.85001,209.96001,210.83,4297103,0,0
2025-05-13 13:30:00,210.42999,211.61,209.395,209.834,8734243,0,0
2025-05-13 13:45:00,209.78,210.41,209.08,209.94,2244345,0,0
2025-05-13 14:00:00,209.92999,211.41,209.8,211.34,2047603,0,0
2025-05-13 14:15:00,211.34,211.6657,210.86,211.45,2235177,0,0
2025-05-13 14:30:00,211.44501,211.88,211.2,211.32001,1593623,0,0
2025-05-13 14:45:00,211.33,211.78999,211.08,211.49001,1209751,0,0
2025-05-13 15:00:00,211.515,211.55,211.22,211.2691,923859,0,0
2025-05-13 15:15:00,211.25999,211.61,211.25,211.38499,1074284,0,0
2025-05-13 15:30:00,211.39751,211.61,210.78,210.85001,1317940,0,0
2025-05-13 15:45:00,210.85001,211.25,210.48,210.87,1327160,0,0
2025-05-13 16:00:00,210.91,211.0448,210.64999,210.98,746523,0,0
2025-05-13 16:15:00,210.9808,211.30499,210.72,211.28,794962,0,0
2025-05-13 16:30:00,211.28,211.4572,210.90981,211.295,867761,0,0
2025-05-13 16:45:00,211.3,211.63,211.3,211.5,780598,0,0
2025-05-13 17:00:00,211.5,211.80499,211.35001,211.71001,904074,0,0
2025-05-13 17:15:00,211.72,211.94,211.47,211.71001,778635,0,0
2025-05-13 17:30:00,211.71001,212.97,211.7099,212.70531,1881962,0,0
2025-05-13 17:45:00,212.71001,212.84,212.3201,212.5,890700,0,0
2025-05-13 18:00:00,212.50011,212.60001,212.2303,212.58,769101,0,0
2025-05-13 18:15:00,212.57001,212.7498,212.39999,212.46001,691065,0,0
2025-05-13 18:30:00,212.4752,212.63,212.07001,212.114,789835,0,0
2025-05-13 18:45:00,212.1162,212.56,212.03999,212.5457,1086046,0,0
2025-05-13 19:00:00,212.535,213.3,212.45,213.2829,1614861,0,0
2025-05-13 19:15:00,213.28999,213.39999,212.97,213.23,1161689,0,0
2025-05-13 19:30:00,213.19,213.36,212.81,212.92,1166864,0,0
2025-05-13 19:45:00,212.9202,213.28,212.605,212.84,3429293,0,0
2025-05-14 13:30:00,212.425,213.61,211.87,213.38,5855346,0,0
2025-05-14 13:45:00,213.34,213.34,211.91,213.11501,2513413,0,0
2025-05-14 14:00:00,213.11,213.4185,212.5524,213.0701,1768029,0,0
2025-05-14 14:15:00,213.0872,213.94,212.89999,213.28999,1963411,0,0
2025-05-14 14:30:00,213.30499,213.7164,212.64,212.67,1259281,0,0
2025-05-14 14:45:00,212.67,213.06531,212.37,212.98,1239269,0,0
2025-05-14 15:00:00,213.00999,213.0999,212.06,212.11,1201302,0,0
2025-05-14 15:15:00,212.1162,212.89,211.8898,212.62,1239335,0,0
2025-05-14 15:30:00,212.618,212.85001,212.41,212.85001,889810,0,0
2025-05-14 15:45:00,212.83,212.88,212.35249,212.39,722616,0,0
2025-05-14 16:00:00,212.3811,212.64,212.08,212.17999,744502,0,0
2025-05-14 16:15:00,212.19,212.41,211.99001,212.28999,735813,0,0
2025-05-14 16:30:00,212.295,212.60001,211.97,212.11,816160,0,0
2025-05-14 16:45:00,212.11,212.45,212.0038,212.00999,696181,0,0
2025-05-14 17:00:00,212.0,212.03,211.25,211.36011,1358878,0,0
2025-05-14 17:15:00,211.36,211.38,210.58009,210.96001,1363910,0,0
2025-05-14 17:30:00,210.97,211.71989,210.96001,211.519,1022745,0,0
2025-05-14 17:45:00,211.50999,211.74989,211.37801,211.69501,607517,0,0
2025-05-14 18:00:00,211.7,211.92,211.41,211.71001,680755,0,0
2025-05-14 18:15:00,211.69,211.94521,211.36,211.37,740738,0,0
2025-05-14 18:30:00,211.38,212.05,211.32001,211.4884,1104746,0,0
2025-05-14 18:45:00,211.49001,211.57001,211.19,211.39999,803459,0,0
2025-05-14 19:00:00,211.39999,211.52,211.0,211.41071,945805,0,0
2025-05-14 19:15:00,211.41251,211.63499,210.99001,211.3595,947264,0,0
2025-05-14 19:30:00,211.34,211.59,211.24001,211.4646,1148485,0,0
2025-05-14 19:45:00,211.46989,212.60001,211.24001,212.41,5203599,0,0
2025-05-15 13:30:00,210.995,212.53,210.97501,211.11,5331047,0,0
2025-05-15 13:45:00,211.07001,211.27879,210.08,210.42,1763821,0,0
2025-05-15 14:00:00,210.45,210.71001,209.53999,210.33839,1648528,0,0
2025-05-15 14:15:00,210.34,210.58,210.06,210.27499,1182051,0,0
2025-05-15 14:30:00,210.32001,211.47,210.19,211.32001,1368861,0,0
2025-05-15 14:45:00,211.32001,211.94,211.19,211.92,1276726,0,0
2025-05-15 15:00:00,211.92,212.02499,211.27,211.6701,1207211,0,0
2025-05-15 15:15:00,211.67,212.8,211.67,212.4964,1262401,0,0
2025-05-15 15:30:00,212.5,212.91,212.2,212.78999,1174239,0,0
2025-05-15 15:45:00,212.81,212.96001,211.88,211.96001,1305572,0,0
2025-05-15 16:00:00,211.9613,212.25,211.56979,211.73,1039066,0,0
2025-05-15 16:15:00,211.73,212.0,211.4101,211.64169,777503,0,0
2025-05-15 16:30:00,211.63,211.69,211.21001,211.6599,763297,0,0
2025-05-15 16:45:00,211.66,212.10001,211.66,212.03999,725973,0,0
2025-05-15 17:00:00,212.02499,212.13,211.73,212.11011,756308,0,0
2025-05-15 17:15:00,212.104,212.28,211.95,212.1201,681626,0,0
2025-05-15 17:30:00,212.13,212.13,211.66499,211.87579,608564,0,0
2025-05-15 17:45:00,211.88,211.94,211.03999,211.1801,898290,0,0
2025-05-15 18:00:00,211.17,211.3299,210.67999,210.83,964986,0,0
2025-05-15 18:15:00,210.8264,210.89999,210.25999,210.63,1177452,0,0
2025-05-15 18:30:00,210.63,211.21001,210.62,211.08,871585,0,0
2025-05-15 18:45:00,211.06,211.09,210.49049,210.655,773997,0,0
2025-05-15 19:00:00,210.66,211.09,210.59,210.73,912819,0,0
2025-05-15 19:15:00,210.73,211.05,210.325,210.36,1071513,0,0
2025-05-15 19:30:00,210.35001,210.71001,210.14999,210.46001,1083364,0,0
2025-05-15 19:45:00,210.44501,211.46001,210.375,211.45799,4793740,0,0
2025-05-16 13:30:00,212.32001,212.57001,211.00999,211.4211,9265186,0,1
2025-05-16 13:45:00,211.42,211.78999,211.03,211.75,2439637,0,0
2025-05-16 14:00:00,211.7,211.92999,211.30009,211.53999,1548744,0,0
2025-05-16 14:15:00,211.53,211.53999,210.56,210.60001,2584614,0,0
2025-05-16 14:30:00,210.59,210.66,209.77,209.85001,1585629,0,0
2025-05-16 14:45:00,209.84959,210.53,209.825,210.2301,1209419,0,0
2025-05-16 15:00:00,210.24001,210.44,210.07001,210.16,3363604,0,0
2025-05-16 15:15:00,210.14999,210.49001,209.905,210.08,843960,0,0
2025-05-16 15:30:00,210.09,210.83,210.09,210.515,1132249,0,0
2025-05-16 15:45:00,210.52,210.92,210.35001,210.67,909118,0,0
2025-05-16 16:00:00,210.67,210.89,210.45,210.82001,650916,0,0
2025-05-16 16:15:00,210.815,211.1499,210.71001,210.955,961826,0,0
2025-05-16 16:30:00,210.96001,211.11839,210.7,210.94,583853,0,0
2025-05-16 16:45:00,210.97501,211.17,210.911,210.911,636391,0,0
2025-05-16 17:00:00,210.91,211.2469,210.75999,211.17999,700420,0,0
2025-05-16 17:15:00,211.175,211.42,210.985,211.11,1320365,0,0
2025-05-16 17:30:00,211.11,211.2961,211.015,211.10001,478545,0,0
2025-05-16 17:45:00,211.095,211.145,210.73,210.97501,1857644,0,0
2025-05-16 18:00:00,210.97639,211.19501,210.925,211.19501,614589,0,0
2025-05-16 18:15:00,211.19501,211.74001,211.17,211.62,947651,0,0
2025-05-16 18:30:00,211.63,211.8998,211.565,211.6084,813331,0,0
2025-05-16 18:45:00,211.63,211.7999,211.42999,211.52499,740950,0,0
2025-05-16 19:00:00,211.52,211.92999,211.515,211.74001,802005,0,0
2025-05-16 19:15:00,211.75,211.82539,211.4725,211.72501,918670,0,0
2025-05-16 19:30:00,211.71001,211.73,211.17999,211.27,1002350,0,0
2025-05-16 19:45:00,211.2502,211.71001,211.11,211.19,2917806,0,0
2025-05-19 13:30:00,208.02499,208.27,204.39999,205.53,7679098,0,0
2025-05-19 13:45:00,205.52499,205.87,204.25999,205.72,2972082,1,0
2025-05-19 14:00:00,205.72,207.17999,205.67,206.8035,2611775,0,0
2025-05-19 14:15:00,206.8,207.48,206.39999,206.6199,1912676,0,0
2025-05-19 14:30:00,206.61,207.41,206.24001,207.41,1664494,0,0
2025-05-19 14:45:00,207.41,207.59,206.78999,207.53999,1357713,0,0
2025-05-19 15:00:00,207.56,208.03999,207.38,207.61,1297054,0,0
2025-05-19 15:15:00,207.61,207.78,206.965,207.33,999092,0,0
2025-05-19 15:30:00,207.32001,207.96001,207.28,207.7,790921,0,0
2025-05-19 15:45:00,207.7,207.83,207.38,207.63,597491,0,0
2025-05-19 16:00:00,207.63,208.03999,207.58009,207.9948,579807,0,0
2025-05-19 16:15:00,208.0,208.58,207.99001,208.4826,1065498,0,0
2025-05-19 16:30:00,208.49001,208.55499,208.07001,208.21001,858624,0,0
2025-05-19 16:45:00,208.21001,208.72,208.17999,208.57001,687268,0,0
2025-05-19 17:00:00,208.57001,209.48,208.56,209.32001,1020978,0,0
2025-05-19 17:15:00,209.32001,209.47,208.87,208.92999,797020,0,1
2025-05-19 17:30:00,208.92999,209.2,208.72,208.74001,731353,0,0
2025-05-19 17:45:00,208.74001,208.77,208.35001,208.4146,652213,0,0
2025-05-19 18:00:00,208.41499,208.4568,207.97,208.0166,698474,0,0
2025-05-19 18:15:00,208.0,208.47,207.78,208.03,1024611,0,0
2025-05-19 18:30:00,208.05,208.63989,208.03,208.4212,597605,0,0
2025-05-19 18:45:00,208.42999,208.735,208.21001,208.66,581581,0,0
2025-05-19 19:00:00,208.67,208.8,208.3446,208.39999,716112,0,0
2025-05-19 19:15:00,208.39,208.39999,207.96001,208.1274,807583,0,0
2025-05-19 19:30:00,208.12,208.44,208.10001,208.14999,943323,0,0
2025-05-19 19:45:00,208.17,208.92999,208.16,208.75999,3102502,0,0
2025-05-20 13:30:00,208.045,208.07001,206.47,207.0303,5550535,0,0
2025-05-20 13:45:00,207.03999,207.94,206.7,207.50999,1968593,0,0
2025-05-20 14:00:00,207.48,208.00999,207.09,207.9016,1144467,0,0
2025-05-20 14:15:00,207.895,208.1436,207.575,207.845,1247516,0,0
2025-05-20 14:30:00,207.83,208.08501,207.66,207.98,1027668,0,0
2025-05-20 14:45:00,207.98,208.47,207.5359,207.59,1020943,0,0
2025-05-20 15:00:00,207.58,207.78999,207.37,207.55,853478,0,0
2025-05-20 15:15:00,207.56,207.67999,207.22,207.63429,860155,0,0
2025-05-20 15:30:00,207.64999,207.66,207.09,207.105,746402,0,0
2025-05-20 15:45:00,207.10001,208.42999,207.05,207.91499,1886751,0,0
2025-05-20 16:00:00,207.91,208.08,207.52,207.73,852682,0,0
2025-05-20 16:15:00,207.71001,207.92,207.57001,207.81,616970,0,0
2025-05-20 16:30:00,207.81,208.0154,207.71001,207.9597,650077,0,0
2025-05-20 16:45:00,207.95,207.99001,207.58,207.61,558737,0,0
2025-05-20 17:00:00,207.61,207.73,207.38,207.42999,693349,0,0
2025-05-20 17:15:00,207.42999,207.45979,207.11,207.38,901138,0,0
2025-05-20 17:30:00,207.37,207.405,206.94,206.97,901955,0,0
2025-05-20 17:45:00,206.95,207.045,206.685,206.8486,834945,0,0
2025-05-20 18:00:00,206.84,206.855,206.61,206.78,789208,0,0
2025-05-20 18:15:00,206.77,206.78,205.47,205.59,1673805,0,0
2025-05-20 18:30:00,205.58,205.72,205.21001,205.48,1403753,0,0
2025-05-20 18:45:00,205.48,205.66,205.33,205.35001,1059448,0,0
2025-05-20 19:00:00,205.33,205.84911,205.03,205.81,1339773,0,0
2025-05-20 19:15:00,205.812,206.41,205.75,206.27,1041528,0,0
2025-05-20 19:30:00,206.27,206.52499,206.09,206.09,1110818,0,0
2025-05-20 19:45:00,206.08,206.94,205.92999,206.87,2620692,0,0
2025-05-21 13:30:00,205.12,205.28999,204.06,205.21001,3896971,0,0
2025-05-21 13:45:00,205.23,205.77,204.84,205.44,1832140,0,0
2025-05-21 14:00:00,205.42999,206.60001,205.03,206.5899,1974459,0,0
2025-05-21 14:15:00,206.60001,206.77991,205.6001,205.81,1238105,0,0
2025-05-21 14:30:00,205.85001,206.48,205.75929,205.80499,1098856,0,0
2025-05-21 14:45:00,205.7937,206.22,205.4762,206.2012,1088489,0,0
2025-05-21 15:00:00,206.17999,206.94,206.16,206.69501,1088876,0,0
2025-05-21 15:15:00,206.67999,207.03999,206.53,206.58,997350,0,0
2025-05-21 15:30:00,206.57001,206.87,206.22,206.565,1078433,0,0
2025-05-21 15:45:00,206.56821,206.575,205.99001,206.0,834192,0,0
2025-05-21 16:00:00,205.995,206.27,205.8,205.91,886657,0,0
2025-05-21 16:15:00,205.91,205.94,205.5201,205.64,771171,0,0
2025-05-21 16:30:00,205.64999,206.09,205.63499,205.965,799137,0,0
2025-05-21 16:45:00,205.96001,206.09,205.0,205.15981,1212267,0,0
2025-05-21 17:00:00,205.22,205.2699,202.7,203.45,6829736,0,0
2025-05-21 17:15:00,203.47,203.5,202.02,202.10001,3564246,0,0
2025-05-21 17:30:00,202.09,203.345,201.81,202.7,2322723,0,0
2025-05-21 17:45:00,202.67999,203.2699,202.57001,203.09309,1660284,0,0
2025-05-21 18:00:00,203.10001,203.25999,202.53,202.71001,1482462,0,0
2025-05-21 18:15:00,202.69,202.8725,201.75999,202.34151,2219127,0,0
2025-05-21 18:30:00,202.32001,202.61,201.935,202.17999,1360460,0,0
2025-05-21 18:45:00,202.1702,202.22,200.89999,201.3895,1969841,0,0
2025-05-21 19:00:00,201.3868,201.81,200.72,201.14,1995551,0,0
2025-05-21 19:15:00,201.16,201.41,200.7984,201.03011,1703116,0,0
2025-05-21 19:30:00,201.06,202.03,201.05,201.88,1999461,0,0
2025-05-21 19:45:00,201.87,202.49001,201.57001,202.06,4085950,0,0
2025-05-22 13:30:00,200.715,201.4422,199.7,200.37,6516173,0,0
2025-05-22 13:45:00,200.38,201.33,200.28999,201.2,2706084,0,0
2025-05-22 14:00:00,201.21001,201.64,200.855,200.96001,2363407,0,0
2025-05-22 14:15:00,200.97,201.12,200.25929,200.36,1754203,0,0
2025-05-22 14:30:00,200.37,201.00999,200.35361,200.7018,1675658,0,0
2025-05-22 14:45:00,200.69,201.17999,200.39999,200.86501,1360870,0,0
2025-05-22 15:00:00,200.87,201.22,200.64999,201.03999,1066499,0,0
2025-05-22 15:15:00,201.05,201.36,200.75999,200.95,1142194,0,0
2025-05-22 15:30:00,200.95,202.03,200.86,202.0285,1461141,0,0
2025-05-22 15:45:00,202.0108,202.28999,201.55,201.75,1196941,0,0
2025-05-22 16:00:00,201.75,202.14481,201.60001,202.12,875360,0,0
2025-05-22 16:15:00,202.12,202.4099,201.8912,201.95,940401,0,0
2025-05-22 16:30:00,201.94501,202.0699,201.67999,201.8765,853357,0,0
2025-05-22 16:45:00,201.88499,202.02,201.61,201.6328,602800,0,0
2025-05-22 17:00:00,201.64,201.75999,201.16,201.3,866912,0,0
2025-05-22 17:15:00,201.31,201.95,201.28,201.89,900200,0,0
2025-05-22 17:30:00,201.88,202.08501,201.67,202.05231,1072321,0,0
2025-05-22 17:45:00,202.06779,202.17999,201.77499,201.89,628183,0,0
2025-05-22 18:00:00,201.88499,202.11,201.675,202.075,1065883,0,0
2025-05-22 18:15:00,202.07001,202.22,201.89999,201.97,786175,0,0
2025-05-22 18:30:00,201.96001,201.96001,201.64999,201.71001,917368,0,0
2025-05-22 18:45:00,201.72,202.255,201.69009,202.13,1083468,0,0
2025-05-22 19:00:00,202.12,202.64999,202.11,202.52,1407116,0,0
2025-05-22 19:15:00,202.50999,202.72,202.10001,202.61,1663420,0,0
2025-05-22 19:30:00,202.62,202.64999,201.77499,201.82001,1538909,0,0
2025-05-22 19:45:00,201.81,202.17999,201.0,201.37,4166829,0,0
2025-05-23 13:30:00,193.66499,197.0999,193.46001,196.0,16270475,1,0
2025-05-23 13:45:00,195.98,196.81,195.32001,196.37,4604995,0,0
2025-05-23 14:00:00,196.34,197.37,195.985,196.92999,4163950,0,0
2025-05-23 14:15:00,196.92,197.7,196.49001,197.17,2931069,0,0
2025-05-23 14:30:00,197.14999,197.37,196.1449,196.19,2662108,0,0
2025-05-23 14:45:00,196.2048,196.64,195.69,195.9301,1986497,0,0
2025-05-23 15:00:00,195.94,196.5,195.8,196.0808,1742333,0,0
2025-05-23 15:15:00,196.07001,196.6088,195.91,196.58501,1398628,0,0
2025-05-23 15:30:00,196.59,197.12,196.461,196.7251,2397956,0,0
2025-05-23 15:45:00,196.71001,196.745,195.9801,196.2001,1260336,0,0
2025-05-23 16:00:00,196.19,196.67,195.715,195.9341,1893500,0,0
2025-05-23 16:15:00,195.92,196.295,195.75999,196.0502,1349173,0,0
2025-05-23 16:30:00,196.0508,196.14,195.63499,196.11749,1379556,0,0
2025-05-23 16:45:00,196.12,196.4299,195.89,196.10001,1500362,0,0
2025-05-23 17:00:00,196.105,196.19991,195.77,196.02,1639319,0,0
2025-05-23 17:15:00,196.00999,196.67239,195.935,196.62,1574693,0,0
2025-05-23 17:30:00,196.60001,196.60001,195.59,195.81,1759066,0,0
2025-05-23 17:45:00,195.81,196.2,195.67,195.98,1402872,0,0
2025-05-23 18:00:00,195.955,196.53,195.92,196.47,1240598,0,0
2025-05-23 18:15:00,196.45,196.5,195.09,195.75,2898253,0,0
2025-05-23 18:30:00,195.72,195.89999,195.2906,195.66,1232216,0,0
2025-05-23 18:45:00,195.67,195.82001,195.33,195.52499,1084938,0,0
2025-05-23 19:00:00,195.52,195.89999,195.175,195.685,1446893,0,0
2025-05-23 19:15:00,195.67999,195.69,195.03,195.4624,2527458,0,0
2025-05-23 19:30:00,195.46001,195.97,195.32001,195.735,2278231,0,0
2025-05-23 19:45:00,195.73,195.8,195.03,195.34,5850546,0,0
2025-05-27 13:30:00,198.3,199.17,197.53999,197.89999,6398376,0,0
2025-05-27 13:45:00,197.88,198.3499,197.42999,198.0676,2454263,0,0
2025-05-27 14:00:00,198.08,198.64,197.92999,198.28999,2461671,0,0
2025-05-27 14:15:00,198.31,198.755,198.03999,198.35001,2028887,0,0
2025-05-27 14:30:00,198.36,198.8799,198.00999,198.69,1818832,0,0
2025-05-27 14:45:00,198.7,198.84,198.02,198.155,1529518,0,0
2025-05-27 15:00:00,198.17,198.78,198.105,198.6535,1475046,0,0
2025-05-27 15:15:00,198.645,199.37,198.5941,199.36501,2053791,0,0
2025-05-27 15:30:00,199.36,199.6012,199.0,199.52,1313139,0,0
2025-05-27 15:45:00,199.52499,200.093,199.44501,200.07001,2061538,0,0
2025-05-27 16:00:00,200.07001,200.58,200.0,200.31,1794327,0,0
2025-05-27 16:15:00,200.285,200.42999,199.9614,199.995,1328049,0,0
2025-05-27 16:30:00,199.99001,200.64999,199.96001,200.27,1455428,0,0
2025-05-27 16:45:00,200.27,200.34,199.89,200.03999,1039574,0,0
2025-05-27 17:00:00,200.045,200.12,199.67,199.9216,1200419,0,0
2025-05-27 17:15:00,199.914,200.09,199.7635,199.9599,1093536,0,0
2025-05-27 17:30:00,199.955,200.14999,199.81,200.015,968519,0,0
2025-05-27 17:45:00,200.01109,200.55,199.9492,200.5407,1070998,0,0
2025-05-27 18:00:00,200.53999,200.74001,200.38,200.52,1356372,0,0
2025-05-27 18:15:00,200.52499,200.55,200.3537,200.37,803229,0,0
2025-05-27 18:30:00,200.38,200.55,200.22,200.28999,942181,0,0
2025-05-27 18:45:00,200.28999,200.50999,200.23,200.46381,1150518,0,0
2025-05-27 19:00:00,200.45,200.55,200.28999,200.38499,1049978,0,0
2025-05-27 19:15:00,200.38,200.485,200.19,200.2944,1201930,0,0
2025-05-27 19:30:00,200.3,200.46001,199.95,200.41,1727153,0,0
2025-05-27 19:45:00,200.41,200.47,199.92999,200.2,4301535,0,0
2025-05-28 13:30:00,200.67999,202.73,200.5,201.21001,5011555,0,0
2025-05-28 13:45:00,201.205,201.205,199.89999,200.08,2942905,0,0
2025-05-28 14:00:00,200.07001,200.7,200.0,200.57001,1940526,0,0
2025-05-28 14:15:00,200.58,200.89999,200.5,200.75,1489149,0,0
2025-05-28 14:30:00,200.74001,200.78999,200.21001,200.6525,1413775,0,0
2025-05-28 14:45:00,200.66991,201.05,200.64999,200.79559,1423916,0,0
2025-05-28 15:00:00,200.78999,201.31,200.58,201.06,1213579,0,0
2025-05-28 15:15:00,201.07001,201.3,200.94,201.045,938232,0,0
2025-05-28 15:30:00,201.05,201.28999,200.99001,201.14,708550,0,0
2025-05-28 15:45:00,201.14999,201.25999,200.88879,200.9099,697014,0,0
2025-05-28 16:00:00,200.91,201.25999,200.862,201.21001,717447,0,0
2025-05-28 16:15:00,201.2,201.28999,201.03,201.10001,558799,0,0
2025-05-28 16:30:00,201.09,201.35001,201.03999,201.215,616761,0,0
2025-05-28 16:45:00,201.21989,201.23869,200.825,201.08,694451,0,0
2025-05-28 17:00:00,201.09,201.32001,200.92999,201.19501,654277,0,0
2025-05-28 17:15:00,201.19,201.52,201.09,201.11,727466,0,0
2025-05-28 17:30:00,201.12,201.1375,200.73,200.88,908382,0,0
2025-05-28 17:45:00,200.88,200.95,200.7601,200.86,536934,0,0
2025-05-28 18:00:00,200.85921,201.25,200.82021,201.125,574314,0,0
2025-05-28 18:15:00,201.125,201.17,200.8,200.85001,545006,0,0
2025-05-28 18:30:00,200.84,201.21001,200.78,201.07001,674599,0,0
2025-05-28 18:45:00,201.08,201.19501,200.32001,200.88499,972237,0,0
2025-05-28 19:00:00,200.87,201.5211,200.81,201.13,1082818,0,0
2025-05-28 19:15:00,201.14,201.24001,200.91,201.1286,972563,0,0
2025-05-28 19:30:00,201.09,201.35001,200.95399,201.31,1265739,0,0
2025-05-28 19:45:00,201.3286,201.395,200.19501,200.42,3373135,0,0
2025-05-29 13:30:00,203.27,203.78,201.95,202.16,7018750,0,1
2025-05-29 13:45:00,202.17999,202.41969,201.0,201.345,2682428,0,0
2025-05-29 14:00:00,201.33,201.66451,200.75999,201.17509,2233408,0,0
2025-05-29 14:15:00,201.19,201.38499,200.85001,201.14,1347946,0,0
2025-05-29 14:30:00,201.11,201.38,200.87,201.0,1241853,0,0
2025-05-29 14:45:00,200.98,201.64999,200.961,201.46001,1250774,0,0
2025-05-29 15:00:00,201.45,201.4899,200.92999,200.97501,1105443,0,0
2025-05-29 15:15:00,200.955,201.05,200.55,200.74001,1367605,0,0
2025-05-29 15:30:00,200.74001,200.8,199.96001,200.03,1867179,0,0
2025-05-29 15:45:00,200.03,200.24001,198.7,198.86501,1613932,0,0
2025-05-29 16:00:00,198.83,199.53999,198.50999,199.53999,1650639,1,0
2025-05-29 16:15:00,199.53,199.75,199.38,199.42,1005270,0,0
2025-05-29 16:30:00,199.39999,199.86,199.39999,199.83,858475,0,0
2025-05-29 16:45:00,199.8336,200.205,199.62,200.1001,1006031,0,0
2025-05-29 17:00:00,200.09,200.4496,200.07001,200.16,807433,0,0
2025-05-29 17:15:00,200.19,200.32001,199.92,199.97501,1263203,0,0
2025-05-29 17:30:00,199.96001,200.17,199.47,199.495,1015583,0,0
2025-05-29 17:45:00,199.5,199.6469,199.06,199.21001,990124,0,0
2025-05-29 18:00:00,199.205,199.77,199.205,199.66,897791,0,0
2025-05-29 18:15:00,199.67,199.705,199.03999,199.03999,959782,0,0
2025-05-29 18:30:00,199.03999,199.48,198.95,199.3,973253,0,0
2025-05-29 18:45:00,199.32001,199.57001,198.77,198.925,1103803,0,0
2025-05-29 19:00:00,198.91499,199.14999,198.57001,198.715,1446554,0,0
2025-05-29 19:15:00,198.73,199.44501,198.66,199.1393,1327204,0,0
2025-05-29 19:30:00,199.125,199.3898,199.08,199.38499,1655855,0,0
2025-05-29 19:45:00,199.38,200.248,199.35001,199.95,4232667,0,0
2025-05-30 13:30:00,199.405,199.57001,198.37,198.58,4351060,0,0
2025-05-30 13:45:00,198.545,198.9799,197.97,198.2477,1826310,0,0
2025-05-30 14:00:00,198.22,199.343,198.15601,198.94501,1733687,1,0
2025-05-30 14:15:00,198.95,199.33,198.86501,199.24001,1034011,0,0
2025-05-30 14:30:00,199.23,199.48,199.08,199.14999,881978,0,0
2025-05-30 14:45:00,199.13,199.485,198.89999,199.035,1030601,0,0
2025-05-30 15:00:00,199.05,199.44,198.95,199.10741,693015,0,0
2025-05-30 15:15:00,199.11,199.41,198.81,199.31,696951,0,0
2025-05-30 15:30:00,199.3,199.37,198.73,198.74001,813883,0,0
2025-05-30 15:45:00,198.74001,199.17,198.61011,198.88,656266,0,0
2025-05-30 16:00:00,198.88,198.99001,198.61,198.85001,633112,0,0
2025-05-30 16:15:00,198.85001,198.89,197.5504,197.715,1535234,0,0
2025-05-30 16:30:00,197.72,197.785,196.78,197.36,2069279,0,0
2025-05-30 16:45:00,197.35001,197.44,197.09,197.3567,1125660,0,0
2025-05-30 17:00:00,197.34,198.17,197.17,197.97,1301846,1,0
2025-05-30 17:15:00,197.99001,198.10001,197.69,198.08501,609056,0,0
2025-05-30 17:30:00,198.08,198.36,197.95,198.08,688066,0,0
2025-05-30 17:45:00,198.07001,198.47,197.98,198.215,698351,0,0
2025-05-30 18:00:00,198.22,198.7,198.17999,198.55,629524,0,0
2025-05-30 18:15:00,198.55,199.17999,198.50999,199.12,1172867,0,0
2025-05-30 18:30:00,199.12,199.2699,198.92,198.99001,1193571,0,0
2025-05-30 18:45:00,199.02,199.36,199.0007,199.32001,774382,0,0
2025-05-30 19:00:00,199.31,199.81,199.28889,199.6321,1230904,0,0
2025-05-30 19:15:00,199.63499,200.23,199.63029,200.0506,1454881,0,0
2025-05-30 19:30:00,200.07001,200.47,199.8,200.05,5932128,0,0
2025-05-30 19:45:00,200.05499,201.95,199.7401,200.66,8608243,0,0
2025-06-02 13:30:00,201.625,202.13,201.05,201.53999,4059005,0,0
2025-06-02 13:45:00,201.545,201.67,200.53,201.11,1956231,0,0
2025-06-02 14:00:00,201.06,201.13,200.12,200.66,1885311,0,0
2025-06-02 14:15:00,200.67999,200.75,200.13,200.53,966360,0,0
2025-06-02 14:30:00,200.52,201.05,200.35001,201.021,1107387,0,0
2025-06-02 14:45:00,201.0372,201.4872,200.95,201.435,1336265,0,0
2025-06-02 15:00:00,201.42999,201.99001,201.12,201.21001,1580031,0,0
2025-06-02 15:15:00,201.21001,201.285,200.627,200.71001,866605,0,0
2025-06-02 15:30:00,200.72,200.8423,200.3,200.5,919259,0,0
2025-06-02 15:45:00,200.49001,201.10001,200.45,201.005,867268,0,0
2025-06-02 16:00:00,201.01421,201.1187,200.715,201.05499,749829,0,0
2025-06-02 16:15:00,201.03999,201.10001,200.87,201.03,611509,0,0
2025-06-02 16:30:00,201.03,201.168,200.57001,200.64999,617820,0,0
2025-06-02 16:45:00,200.64,201.0135,200.60001,200.89349,470735,0,0
2025-06-02 17:00:00,200.895,201.12,200.86,200.95,608850,0,0
2025-06-02 17:15:00,200.98,201.12,200.86,200.86011,530061,0,0
2025-06-02 17:30:00,200.86,201.0036,200.65581,200.705,657494,0,0
2025-06-02 17:45:00,200.71001,200.92,200.58009,200.89999,537426,0,0
2025-06-02 18:00:00,200.89999,201.0448,200.63,200.92999,785303,0,0
2025-06-02 18:15:00,200.92999,201.53,200.92999,201.45399,824536,0,0
2025-06-02 18:30:00,201.45,201.53,201.22,201.27,575354,0,0
2025-06-02 18:45:00,201.27,201.3999,201.175,201.265,584118,0,0
2025-06-02 19:00:00,201.27,201.45,201.14,201.285,771214,0,0
2025-06-02 19:15:00,201.285,201.77991,201.22,201.66,874913,0,0
2025-06-02 19:30:00,201.64999,201.6669,201.42,201.5,1460738,0,0
2025-06-02 19:45:00,201.50999,201.80991,201.3,201.8,2512091,0,0
2025-06-03 13:30:00,202.13499,202.5923,200.955,202.00999,4754139,0,0
2025-06-03 13:45:00,202.015,203.055,201.87,202.55,2406243,0,0
2025-06-03 14:00:00,202.56,203.24001,202.185,202.28999,1748431,0,0
2025-06-03 14:15:00,202.28,202.42,201.61,201.74001,1419815,0,0
2025-06-03 14:30:00,201.74001,201.89999,201.5202,201.8446,1315578,0,0
2025-06-03 14:45:00,201.85001,202.14999,201.72501,202.05499,1097120,0,0
2025-06-03 15:00:00,202.06,202.59,202.06,202.53,1160241,0,0
2025-06-03 15:15:00,202.52,202.69,202.37,202.5,1178007,0,0
2025-06-03 15:30:00,202.52,202.58501,202.35001,202.45,780211,0,0
2025-06-03 15:45:00,202.46741,202.97,202.06,202.92,1027247,0,0
2025-06-03 16:00:00,202.92999,203.34,202.59,202.83,1382424,0,0
2025-06-03 16:15:00,202.83,203.22,202.75,203.05499,1028093,0,0
2025-06-03 16:30:00,203.06,203.74001,203.05,203.45,1329649,0,0
2025-06-03 16:45:00,203.455,203.455,203.00999,203.14999,777804,0,0
2025-06-03 17:00:00,203.14999,203.24001,202.89999,203.2,767798,0,0
2025-06-03 17:15:00,203.2,203.39999,202.72,203.31461,945320,0,0
2025-06-03 17:30:00,203.33501,203.77,203.285,203.60001,1045438,0,0
2025-06-03 17:45:00,203.63,203.66,203.17,203.215,658543,0,0
2025-06-03 18:00:00,203.23,203.27,202.5,202.66,888342,0,0
2025-06-03 18:15:00,202.655,203.10001,202.50999,203.09171,747185,0,0
2025-06-03 18:30:00,203.08,203.375,203.08,203.3454,659072,0,0
2025-06-03 18:45:00,203.36,203.41,203.14999,203.39999,601973,0,0
2025-06-03 19:00:00,203.395,203.4399,203.00999,203.16,863902,0,0
2025-06-03 19:15:00,203.155,203.3,202.99001,203.17999,866283,0,0
2025-06-03 19:30:00,203.17999,203.39,202.99001,203.0813,934771,0,0
2025-06-03 19:45:00,203.08,203.46989,202.98,203.34,3100337,0,0
2025-06-04 13:30:00,202.91,204.84,202.6508,204.533,5210457,0,0
2025-06-04 13:45:00,204.5484,205.36,204.25,205.0349,2358559,0,0
2025-06-04 14:00:00,205.06,206.24001,204.62,205.55,3188681,0,0
2025-06-04 14:15:00,205.55,205.78999,204.645,205.14,1880918,0,1
2025-06-04 14:30:00,205.12,205.17999,204.49001,204.50999,1041498,0,0
2025-06-04 14:45:00,204.52,204.64999,203.9901,204.28,1207311,0,0
2025-06-04 15:00:00,204.28999,204.71001,204.14999,204.325,1179279,0,0
2025-06-04 15:15:00,204.33,204.50999,204.09,204.09,1011057,0,0
2025-06-04 15:30:00,204.09,204.60001,202.14999,202.9399,2166929,0,0
2025-06-04 15:45:00,202.92999,203.82001,202.64,203.36,3077343,0,0
2025-06-04 16:00:00,203.35001,203.39,202.9082,202.94099,1030596,0,0
2025-06-04 16:15:00,202.94,203.32001,202.82001,202.83,855307,0,0
2025-06-04 16:30:00,202.82001,202.89999,202.61501,202.83,681726,0,0
2025-06-04 16:45:00,202.82001,203.27,202.82001,203.2,588043,0,0
2025-06-04 17:00:00,203.23,203.53,203.2,203.34,715452,0,0
2025-06-04 17:15:00,203.34,203.59,203.28999,203.41499,654001,0,0
2025-06-04 17:30:00,203.412,203.47,202.85001,203.095,719505,0,0
2025-06-04 17:45:00,203.095,203.36501,202.94881,203.28999,700449,0,0
2025-06-04 18:00:00,203.28999,203.39999,203.10001,203.17999,539229,0,0
2025-06-04 18:15:00,203.17,203.45,203.08,203.12,650407,0,0
2025-06-04 18:30:00,203.11,203.13,202.75999,202.99001,747006,0,0
2025-06-04 18:45:00,202.97,203.00999,202.765,202.935,620292,0,0
2025-06-04 19:00:00,202.92999,203.25,202.89999,203.09,785941,0,0
2025-06-04 19:15:00,203.08,203.24001,202.87,203.19,960934,0,0
2025-06-04 19:30:00,203.19,203.44769,203.05,203.11,1128686,0,0
2025-06-04 19:45:00,203.12,203.25,202.75999,202.88699,2414638,0,0
2025-06-05 13:30:00,203.595,203.84,202.66,203.5,3696292,0,0
2025-06-05 13:45:00,203.50999,203.59,201.27,201.57001,2497702,0,0
2025-06-05 14:00:00,201.56,202.3,201.48,201.651,1828040,1,0
2025-06-05 14:15:00,201.66,202.5338,201.35001,202.45,1769731,0,0
2025-06-05 14:30:00,202.45,203.28,201.6772,202.75999,2360912,0,0
2025-06-05 14:45:00,202.74001,203.33,202.42999,203.2,1337095,0,0
2025-06-05 15:00:00,203.2,203.55,203.06,203.4604,1132666,0,0
2025-06-05 15:15:00,203.4501,204.59,203.33,204.54379,1800847,0,0
2025-06-05 15:30:00,204.535,204.75,204.10001,204.21001,1521070,0,0
2025-06-05 15:45:00,204.22459,204.405,203.87109,204.16499,1012983,0,0
2025-06-05 16:00:00,204.16499,204.39,203.1554,203.1998,1143875,0,0
2025-06-05 16:15:00,203.0462,203.14,202.48,203.14,1114728,0,0
2025-06-05 16:30:00,203.14,203.25,202.7623,202.78999,831221,0,0
2025-06-05 16:45:00,202.78999,202.78999,201.6964,201.8437,1177501,0,0
2025-06-05 17:00:00,201.83501,202.215,201.55,202.17999,1118561,0,0
2025-06-05 17:15:00,202.17999,202.67,202.13,202.6001,823583,0,0
2025-06-05 17:30:00,202.60001,202.89999,202.53999,202.75999,676025,0,0
2025-06-05 17:45:00,202.765,202.89999,202.25,202.35001,619343,0,0
2025-06-05 18:00:00,202.37,202.41,201.83,201.98,716149,0,0
2025-06-05 18:15:00,201.98,202.215,201.14999,202.2104,1134369,0,0
2025-06-05 18:30:00,202.21001,202.6,202.06,202.53,789208,0,0
2025-06-05 18:45:00,202.52,202.72,202.27,202.35001,757988,0,0
2025-06-05 19:00:00,202.34,202.41,201.72,201.7701,895466,0,0
2025-06-05 19:15:00,201.785,201.95,200.2,200.73,2390617,0,0
2025-06-05 19:30:00,200.74001,201.395,200.62,200.8,1746210,0,0
2025-06-05 19:45:00,200.8,201.77,200.15961,200.55,4445208,0,0
2025-06-06 13:30:00,202.995,205.7,202.98309,204.505,6167027,0,0
2025-06-06 13:45:00,204.63,205.16,204.04,204.53999,2065362,0,1
2025-06-06 14:00:00,204.57001,204.7446,203.99001,204.295,1387234,0,0
2025-06-06 14:15:00,204.295,204.42999,203.33,203.66,1498847,0,0
2025-06-06 14:30:00,203.53999,203.89,203.34,203.78281,1014244,0,0
2025-06-06 14:45:00,203.77,203.92,203.12,203.14999,1355474,0,0
2025-06-06 15:00:00,203.14,204.06,203.11,203.92,1926990,0,0
2025-06-06 15:15:00,203.94,203.946,202.86011,203.03999,1125492,0,0
2025-06-06 15:30:00,203.02,203.28,202.87,203.075,781166,0,0
2025-06-06 15:45:00,203.075,203.60001,202.97791,203.045,797805,0,0
2025-06-06 16:00:00,203.05,203.1808,202.91,203.14999,764622,0,0
2025-06-06 16:15:00,203.14,203.14999,202.61,202.625,861521,0,0
2025-06-06 16:30:00,202.6622,202.74001,202.05,202.19,1085444,0,0
2025-06-06 16:45:00,202.1899,202.7757,202.09,202.69501,1543999,1,0
2025-06-06 17:00:00,202.69,203.25,202.61,203.25,851454,0,0
2025-06-06 17:15:00,203.24001,203.78,203.17999,203.59,925915,0,0
2025-06-06 17:30:00,203.60001,204.0,203.59,203.985,838493,0,0
2025-06-06 17:45:00,203.98,204.14999,203.81,204.05499,710736,0,0
2025-06-06 18:00:00,204.06,204.95,204.0401,204.75999,1292735,0,0
2025-06-06 18:15:00,204.75999,205.21001,204.755,204.985,1410373,0,0
2025-06-06 18:30:00,204.99001,205.47,204.99001,205.17,1140172,0,0
2025-06-06 18:45:00,205.1601,205.42999,205.09,205.265,861506,0,0
2025-06-06 19:00:00,205.19901,205.3,204.92999,204.955,1237133,0,0
2025-06-06 19:15:00,204.97,204.9899,204.685,204.7,1015048,0,0
2025-06-06 19:30:00,204.69,205.065,204.64999,204.98,1278055,0,0
2025-06-06 19:45:00,204.97501,205.22,203.895,203.92999,4676059,0,0
2025-06-09 13:30:00,204.39999,205.55,203.98,204.84,4851305,0,0
2025-06-09 13:45:00,204.845,205.32001,204.41,204.83,1845066,0,0
2025-06-09 14:00:00,204.85001,206.0,204.67,205.785,2152267,0,0
2025-06-09 14:15:00,205.78999,205.85001,205.13,205.32001,1355964,0,0
2025-06-09 14:30:00,205.3,205.74001,205.17,205.38,1478720,0,0
2025-06-09 14:45:00,205.395,205.39999,204.53,204.72,1329937,0,0
2025-06-09 15:00:00,204.72,204.94,204.645,204.71001,1087692,0,0
2025-06-09 15:15:00,204.7,204.8985,204.50999,204.53,750183,0,0
2025-06-09 15:30:00,204.53011,204.64999,204.2612,204.425,909362,0,0
2025-06-09 15:45:00,204.46001,204.59,204.3,204.46001,846973,0,0
2025-06-09 16:00:00,204.48,204.91,204.03999,204.12621,1400891,0,0
2025-06-09 16:15:00,204.12,204.25999,203.73,203.9288,1505871,0,0
2025-06-09 16:30:00,203.92999,204.66,203.89,204.66,1120868,0,0
2025-06-09 16:45:00,204.64999,204.81,204.58,204.7,1140571,0,0
2025-06-09 17:00:00,204.71001,205.2999,201.34,201.66,5009395,0,0
2025-06-09 17:15:00,201.63901,202.0,200.02,200.72,7678690,0,0
2025-06-09 17:30:00,200.71001,202.17,200.03,202.17,5384207,0,0
2025-06-09 17:45:00,202.17,202.57001,201.58501,202.465,2966601,0,0
2025-06-09 18:00:00,202.45,202.66769,201.675,201.94,2595861,0,0
2025-06-09 18:15:00,201.94,202.22,201.27,201.46001,2106856,0,0
2025-06-09 18:30:00,201.42999,201.618,200.735,200.91991,2779630,0,0
2025-06-09 18:45:00,200.91,201.7,200.63,201.52,2606902,0,0
2025-06-09 19:00:00,201.5399,201.58,201.03,201.0799,1291753,0,0
2025-06-09 19:15:00,201.07001,201.25,200.84,201.25,1942065,0,0
2025-06-09 19:30:00,201.21001,201.39999,200.92999,201.03,1762237,0,0
2025-06-09 19:45:00,201.02,202.355,200.89,201.44,5636612,0,0
2025-06-10 13:30:00,200.60001,203.14999,200.57001,201.799,6349149,1,0
2025-06-10 13:45:00,201.80499,203.11,201.38,202.2,2845101,0,0
2025-06-10 14:00:00,202.2,203.3569,202.17999,202.735,2368216,0,0
2025-06-10 14:15:00,202.97,203.34,202.52029,202.87,1638226,0,0
2025-06-10 14:30:00,202.86,203.28,202.73,203.21001,1425579,0,0
2025-06-10 14:45:00,203.22,204.35001,203.16,204.12,2266028,0,0
2025-06-10 15:00:00,204.11,204.255,203.13,203.19,1727036,0,0
2025-06-10 15:15:00,203.25,203.75,203.2,203.315,1256931,0,0
2025-06-10 15:30:00,203.32001,203.32001,202.30009,202.92999,1442778,0,0
2025-06-10 15:45:00,202.92,203.14999,202.765,202.92,782218,0,0
2025-06-10 16:00:00,202.92999,203.14999,202.39999,202.425,1125836,0,0
2025-06-10 16:15:00,202.49139,202.84,202.44,202.5388,943302,0,0
2025-06-10 16:30:00,202.53,202.763,202.28,202.33,752349,0,0
2025-06-10 16:45:00,202.33501,202.644,202.0704,202.58501,953977,0,0
2025-06-10 17:00:00,202.58501,202.645,202.16,202.19501,1182643,0,0
2025-06-10 17:15:00,202.2,202.29781,201.75,201.75999,1285185,0,0
2025-06-10 17:30:00,201.77499,201.80499,201.31,201.36,1470282,0,0
2025-06-10 17:45:00,201.3604,202.03,201.35001,201.75,1386718,0,0
2025-06-10 18:00:00,201.75031,201.81,201.36,201.55,1145354,0,0
2025-06-10 18:15:00,201.5428,202.10001,201.4903,201.7,1124223,0,0
2025-06-10 18:30:00,201.69,201.96001,201.60001,201.92999,848459,0,0
2025-06-10 18:45:00,201.92979,203.0735,201.84,202.66,1572525,0,0
2025-06-10 19:00:00,202.69,203.22501,202.66,203.07001,1352017,0,0
2025-06-10 19:15:00,203.075,203.12,202.64999,202.82001,1182807,0,0
2025-06-10 19:30:00,202.82111,202.97501,202.59,202.75,1043342,0,0
2025-06-10 19:45:00,202.77,202.97,202.33,202.75,3037944,0,0
2025-06-11 13:30:00,203.47,204.5,202.5538,202.73,4900235,0,0
2025-06-11 13:45:00,202.73,203.00999,202.5,202.78011,2069072,0,0
2025-06-11 14:00:00,202.8,203.0,202.33,202.765,1697433,0,0
2025-06-11 14:15:00,202.765,203.03,202.4601,202.7601,1721065,0,0
2025-06-11 14:30:00,202.70351,202.8,201.91,202.0377,1700376,0,0
2025-06-11 14:45:00,202.02,202.44,201.995,202.13499,1424242,0,0
2025-06-11 15:00:00,202.13,202.24541,201.02,201.10001,2508706,0,0
2025-06-11 15:15:00,201.10001,201.67,200.97,201.00999,1790203,0,0
2025-06-11 15:30:00,200.98,201.13,200.82001,200.9052,1491554,0,0
2025-06-11 15:45:00,200.89999,201.14999,200.62,200.74001,1626442,0,0
2025-06-11 16:00:00,200.73,200.75999,199.75,200.21001,4834846,0,0
2025-06-11 16:15:00,200.21001,200.24989,199.65961,200.20711,2115585,0,0
2025-06-11 16:30:00,200.1907,200.58,200.185,200.45,2590964,0,0
2025-06-11 16:45:00,200.46001,200.84,200.42999,200.66,1126913,0,0
2025-06-11 17:00:00,200.64999,201.2365,200.56,201.08591,1061622,0,0
2025-06-11 17:15:00,201.08,201.17999,200.875,200.91,1049936,0,0
2025-06-11 17:30:00,200.905,200.985,200.25,200.34,1398972,0,0
2025-06-11 17:45:00,200.33,200.36,199.81,199.905,1226455,0,0
2025-06-11 18:00:00,199.91,200.0,199.09,199.10001,2012802,0,0
2025-06-11 18:15:00,199.09,199.37,198.71001,199.2392,1690294,0,0
2025-06-11 18:30:00,199.22,199.60001,198.765,199.52,1478830,0,0
2025-06-11 18:45:00,199.5,199.58,198.98,199.0652,1596501,0,0
2025-06-11 19:00:00,198.81,199.3611,198.75,198.99001,1663176,0,0
2025-06-11 19:15:00,198.99001,199.23,198.62,198.98,1770816,0,0
2025-06-11 19:30:00,198.95,199.125,198.60001,198.96001,1502863,0,0
2025-06-11 19:45:00,198.96001,199.06,198.41,198.85001,4576320,0,0
2025-06-12 13:30:00,198.8988,199.39,197.73959,197.87,4866906,0,0
2025-06-12 13:45:00,197.9705,198.25999,197.74001,197.94,1949039,0,0
2025-06-12 14:00:00,197.925,198.429,197.36011,198.25999,2294560,0,0
2025-06-12 14:15:00,198.2699,198.78,197.9601,198.0667,1489373,0,0
2025-06-12 14:30:00,198.08,198.5088,198.00999,198.33,1197246,0,0
2025-06-12 14:45:00,198.33,198.58,198.17999,198.27879,1166087,0,0
2025-06-12 15:00:00,198.25999,198.92,198.24049,198.85,1411549,0,0
2025-06-12 15:15:00,198.81,198.845,197.8627,198.16499,1577565,0,0
2025-06-12 15:30:00,198.09,198.2,197.755,197.99001,968736,0,0
2025-06-12 15:45:00,197.99001,198.3278,197.84,198.3,1049897,0,0
2025-06-12 16:00:00,198.3098,198.59,198.08,198.37,1070383,0,0
2025-06-12 16:15:00,198.37691,198.64,198.14,198.59,711287,0,0
2025-06-12 16:30:00,198.58,198.97,198.21001,198.75999,1139258,0,0
2025-06-12 16:45:00,198.75999,198.925,198.45959,198.5625,844566,0,0
2025-06-12 17:00:00,198.57001,199.22501,198.46001,199.22501,1111548,0,0
2025-06-12 17:15:00,199.2101,199.44,199.16,199.25999,1085343,0,0
2025-06-12 17:30:00,199.25999,199.6799,199.14999,199.185,990596,0,0
2025-06-12 17:45:00,199.2,199.22501,198.9404,198.9404,616276,0,0
2025-06-12 18:00:00,198.96001,199.19,198.84,198.86,618168,0,0
2025-06-12 18:15:00,198.86,199.07001,198.6696,198.75,1102913,0,0
2025-06-12 18:30:00,198.75999,198.8799,198.545,198.77,903881,0,0
2025-06-12 18:45:00,198.75999,199.03,198.66,198.985,814114,0,0
2025-06-12 19:00:00,198.98,199.06039,198.87,198.88,654399,0,0
2025-06-12 19:15:00,198.88499,199.03999,198.8299,198.88499,693017,0,0
2025-06-12 19:30:00,198.88,198.89999,198.5874,198.62,814872,0,0
2025-06-12 19:45:00,198.62,199.2,198.39999,199.2,2996100,0,0
2025-06-13 13:30:00,199.50999,200.37,197.27,197.5,7317228,0,0
2025-06-13 13:45:00,197.53,197.66,196.75999,196.89999,2822627,0,0
2025-06-13 14:00:00,196.95,197.39729,195.91,196.23981,2680281,0,0
2025-06-13 14:15:00,196.23,196.53,196.0,196.155,2018204,0,0
2025-06-13 14:30:00,196.14,197.17,195.98,196.64999,2052479,1,0
2025-06-13 14:45:00,196.66,197.1998,196.39999,197.11,1415590,0,0
2025-06-13 15:00:00,197.11,197.44099,196.98,197.24001,1311902,0,0
2025-06-13 15:15:00,197.2375,197.64,197.10921,197.50999,1090099,0,0
2025-06-13 15:30:00,197.52,197.69881,197.21001,197.67,968076,0,0
2025-06-13 15:45:00,197.6707,197.88,197.59,197.6888,1006746,0,0
2025-06-13 16:00:00,197.67999,198.03,197.42999,197.91499,1046946,0,0
2025-06-13 16:15:00,197.91,198.0475,197.22,197.27,1056253,0,0
2025-06-13 16:30:00,197.28999,197.48,197.08,197.17999,1116004,0,0
2025-06-13 16:45:00,197.17999,197.57001,197.13499,197.46001,791373,0,0
2025-06-13 17:00:00,197.42999,197.47,196.97,197.28,905692,0,0
2025-06-13 17:15:00,197.25,197.53,196.92,197.27,798952,0,0
2025-06-13 17:30:00,197.25,197.52,197.2,197.44949,710596,0,0
2025-06-13 17:45:00,197.44,197.71001,197.25999,197.53999,609738,0,0
2025-06-13 18:00:00,197.53999,197.69,196.53999,196.64,1336169,0,0
2025-06-13 18:15:00,196.64,196.84,196.22,196.278,1355584,0,0
2025-06-13 18:30:00,196.25999,196.31,195.81,196.10001,1903892,0,0
2025-06-13 18:45:00,196.11,196.485,196.02,196.465,1000315,0,0
2025-06-13 19:00:00,196.455,196.64,196.11,196.49001,1010781,0,0
2025-06-13 19:15:00,196.50999,196.58,196.08,196.22,1251244,0,0
2025-06-13 19:30:00,196.24001,196.69,195.985,196.045,1500125,0,0
2025-06-13 19:45:00,196.03999,196.50999,195.77,196.45,4157457,0,0
2025-06-16 13:30:00,197.28999,197.84,196.59,197.00999,4560372,0,0
2025-06-16 13:45:00,196.98,198.35001,196.5636,198.32001,2544665,0,0
2025-06-16 14:00:00,198.34,198.685,197.64,197.91,1654626,0,0
2025-06-16 14:15:00,197.925,198.53999,197.73,198.42999,1833293,0,0
2025-06-16 14:30:00,198.435,198.66,198.03999,198.31,1404424,0,1
2025-06-16 14:45:00,198.315,198.39999,198.00999,198.22,1044875,0,0
2025-06-16 15:00:00,198.22501,198.22501,197.62,197.8,1326465,0,0
2025-06-16 15:15:00,197.765,197.85001,197.16499,197.315,1315250,0,0
2025-06-16 15:30:00,197.31,197.49001,196.92,197.16,1390541,0,0
2025-06-16 15:45:00,197.14999,197.42,196.875,197.3699,1242557,0,0
2025-06-16 16:00:00,197.36501,197.42999,197.17,197.33,685922,0,0
2025-06-16 16:15:00,197.3197,197.63,197.02,197.08,954164,0,0
2025-06-16 16:30:00,197.10001,197.41,197.02,197.24001,645698,0,0
2025-06-16 16:45:00,197.2476,197.60001,197.17999,197.52,575595,0,0
2025-06-16 17:00:00,197.50999,197.56,197.33,197.49001,609157,0,0
2025-06-16 17:15:00,197.49001,197.955,197.47,197.875,847930,0,0
2025-06-16 17:30:00,197.88499,198.14,197.86,198.03999,961709,0,0
2025-06-16 17:45:00,198.0573,198.19,197.77,197.84,992133,0,0
2025-06-16 18:00:00,197.86,198.12981,197.825,198.0,644559,0,0
2025-06-16 18:15:00,198.0,198.02,197.81,197.98869,602424,0,0
2025-06-16 18:30:00,197.99001,198.03999,197.84,197.8535,552019,0,0
2025-06-16 18:45:00,197.86,198.3985,197.77,198.3201,819733,0,0
2025-06-16 19:00:00,198.32001,198.3786,197.66,198.035,1076722,0,0
2025-06-16 19:15:00,198.03,198.39999,197.84,198.245,1120672,0,0
2025-06-16 19:30:00,198.245,198.4787,198.10181,198.3,1052340,0,0
2025-06-16 19:45:00,198.28,198.49001,197.92999,198.37,3668508,0,0
2025-06-17 13:30:00,197.25,197.92999,196.56,196.56,3596316,0,0
2025-06-17 13:45:00,196.57,197.02361,196.255,196.81,1894386,0,0
2025-06-17 14:00:00,196.83,197.69,196.69,197.6297,1430083,0,0
2025-06-17 14:15:00,197.62,197.91,197.44,197.58,994315,0,0
2025-06-17 14:30:00,197.58299,197.7,197.325,197.50999,981703,0,0
2025-06-17 14:45:00,197.505,197.77,197.35001,197.3801,873278,0,0
2025-06-17 15:00:00,197.38,197.78999,197.345,197.69,739106,0,0
2025-06-17 15:15:00,197.69769,197.785,197.35001,197.58,773496,0,0
2025-06-17 15:30:00,197.59,198.375,197.515,198.33,1158298,0,0
2025-06-17 15:45:00,198.34109,198.3889,197.785,197.785,839583,0,1
2025-06-17 16:00:00,197.785,198.13,197.63,198.11,741356,0,0
2025-06-17 16:15:00,198.11,198.14999,197.46001,197.61501,775187,0,0
2025-06-17 16:30:00,197.61,197.8457,197.21091,197.3067,562404,0,0
2025-06-17 16:45:00,197.28,197.41,196.67999,196.77499,1124678,0,0
2025-06-17 17:00:00,196.75999,196.86,196.465,196.685,1021989,0,0
2025-06-17 17:15:00,196.69,196.83,196.5,196.52,1765073,0,0
2025-06-17 17:30:00,196.50999,196.82001,196.2701,196.31,873764,0,0
2025-06-17 17:45:00,196.31,196.425,195.94,196.12,1159315,0,0
2025-06-17 18:00:00,196.12,196.12,195.58,195.74001,1042670,0,0
2025-06-17 18:15:00,195.73,195.83,195.21001,195.46001,937966,0,0
2025-06-17 18:30:00,195.48,195.86,195.4203,195.69,898566,0,0
2025-06-17 18:45:00,195.69,195.87,195.535,195.8403,683346,0,0
2025-06-17 19:00:00,195.85001,195.91499,195.49001,195.84,1143471,0,0
2025-06-17 19:15:00,195.845,195.94,195.62,195.84,891044,0,0
2025-06-17 19:30:00,195.85001,195.88499,195.455,195.63,1251113,0,0
2025-06-17 19:45:00,195.63,195.86,195.44099,195.64,3070468,0,0
2025-06-18 13:30:00,195.94501,196.14,195.07001,195.48,3511634,0,0
2025-06-18 13:45:00,195.47,196.465,195.27,196.39,1800506,0,0
2025-06-18 14:00:00,196.39,197.2406,196.21001,197.0799,1988311,0,0
2025-06-18 14:15:00,197.07001,197.50999,196.9801,197.0602,1362680,0,0
2025-06-18 14:30:00,197.11,197.57001,196.97,197.3,1236787,0,0
2025-06-18 14:45:00,197.295,197.3717,197.08,197.25,913560,0,0
2025-06-18 15:00:00,197.24001,197.295,196.73,196.75,903949,0,0
2025-06-18 15:15:00,196.815,197.07001,196.63499,196.94,942284,0,0
2025-06-18 15:30:00,196.88,196.89,196.50031,196.703,778495,0,0
2025-06-18 15:45:00,196.7,197.22,196.67,196.82001,870108,0,0
2025-06-18 16:00:00,196.82001,197.23,196.75999,197.07001,525757,0,0
2025-06-18 16:15:00,197.08,197.185,196.78,196.95081,516786,0,0
2025-06-18 16:30:00,196.94,197.02,196.72,196.83,548395,0,0
2025-06-18 16:45:00,196.82001,196.95,196.42,196.455,720113,0,0
2025-06-18 17:00:00,196.45,196.53979,196.25,196.455,701549,0,0
2025-06-18 17:15:00,196.465,196.57001,196.05,196.06,557922,0,0
2025-06-18 17:30:00,196.07001,196.53999,195.8,196.53619,715619,0,0
2025-06-18 17:45:00,196.53999,196.85989,196.3,196.47,1010975,0,0
2025-06-18 18:00:00,196.5,196.98,195.87,196.0248,1078910,0,0
2025-06-18 18:15:00,196.03,196.14,195.63,195.91,878310,0,0
2025-06-18 18:30:00,195.91,196.45,195.6306,196.32091,1165523,0,0
2025-06-18 18:45:00,196.32001,196.32001,195.11,195.36,1247259,0,0
2025-06-18 19:00:00,195.37,196.10001,195.14,195.95,1384118,0,0
2025-06-18 19:15:00,195.96001,196.2892,195.60001,195.64,1213004,0,0
2025-06-18 19:30:00,195.63,196.3,195.466,196.28999,1509102,0,0
2025-06-18 19:45:00,196.28,197.11,196.0601,196.25,6153108,0,0
2025-06-20 13:30:00,198.235,200.94,197.53,200.5995,18081985,0,0
2025-06-20 13:45:00,200.595,200.7191,199.73,199.845,2704015,0,0
2025-06-20 14:00:00,199.84,199.94,198.98,199.57001,2185758,0,0
2025-06-20 14:15:00,199.545,199.74001,198.56,198.67999,3064638,0,0
2025-06-20 14:30:00,198.69,198.69,197.63,197.7919,2064731,0,0
2025-06-20 14:45:00,197.78999,197.84,197.035,197.2798,1523922,0,0
2025-06-20 15:00:00,197.25999,197.75,196.8596,197.66,2021234,1,0
2025-06-20 15:15:00,197.67,198.01,197.50999,197.67,1362893,0,0
2025-06-20 15:30:00,197.71001,198.86,197.7,198.77499,1765433,0,0
2025-06-20 15:45:00,198.75,198.8,197.99001,198.08,1123375,0,0
2025-06-20 16:00:00,198.06,198.50999,197.91,198.18919,588688,0,0
2025-06-20 16:15:00,198.17,198.536,197.92,198.49001,851445,0,0
2025-06-20 16:30:00,198.49001,198.825,198.28999,198.5,733443,0,0
2025-06-20 16:45:00,198.485,198.9391,198.33,198.81,1695094,0,0
2025-06-20 17:00:00,198.78999,199.235,198.52,199.16901,742530,0,0
2025-06-20 17:15:00,199.1776,199.37,198.27,198.32001,1115796,0,0
2025-06-20 17:30:00,198.32001,198.655,198.07001,198.485,1210356,0,0
2025-06-20 17:45:00,198.48,199.17999,198.36,199.14,1584207,0,0
2025-06-20 18:00:00,199.145,199.80499,199.1129,199.73,1201932,0,0
2025-06-20 18:15:00,199.71001,200.19,199.655,199.81,1320714,0,0
2025-06-20 18:30:00,199.82001,200.17,199.81,199.95,1786428,0,0
2025-06-20 18:45:00,199.96001,200.14,199.64999,199.71001,1563273,0,0
2025-06-20 19:00:00,199.71001,200.3367,199.62,199.92,2533449,0,0
2025-06-20 19:15:00,199.91,200.17999,199.6001,199.92999,2044487,0,0
2025-06-20 19:30:00,199.92,200.19501,199.77,199.97,1703645,0,0
2025-06-20 19:45:00,199.97501,201.7,199.94501,200.94,9051479,0,0
2025-06-23 13:30:00,201.532,201.72,199.94,201.52,6565539,0,0
2025-06-23 13:45:00,201.53,201.91,201.21539,201.71001,2252893,0,0
2025-06-23 14:00:00,201.72,202.3,201.53,201.60001,2520639,0,1
2025-06-23 14:15:00,201.61,201.7,201.17,201.3718,1490138,0,0
2025-06-23 14:30:00,201.38,201.55,200.91,201.535,1322873,0,0
2025-06-23 14:45:00,201.53999,201.59,200.38,200.455,1437507,0,0
2025-06-23 15:00:00,200.465,200.86,200.31,200.57001,1264729,0,0
2025-06-23 15:15:00,200.59,200.76,200.22501,200.53,1341335,0,0
2025-06-23 15:30:00,200.33,200.41499,199.50999,199.715,1843910,0,0
2025-06-23 15:45:00,199.715,200.01041,199.63,199.88,1176491,0,0
2025-06-23 16:00:00,199.88,199.99001,199.61,199.96001,877595,0,0
2025-06-23 16:15:00,199.95,200.52,199.89999,200.1396,1122121,0,0
2025-06-23 16:30:00,200.14,200.5,198.96001,200.265,1515058,0,0
2025-06-23 16:45:00,200.25999,200.53,199.6252,199.71001,962812,0,0
2025-06-23 17:00:00,199.63,200.95,199.63,200.48,1196528,0,0
2025-06-23 17:15:00,200.49001,201.52,200.45,201.439,1222060,0,0
2025-06-23 17:30:00,201.46001,201.82001,201.3,201.44,1197460,0,0
2025-06-23 17:45:00,201.44,201.62,201.08,201.23,799971,0,0
2025-06-23 18:00:00,201.25,202.07001,201.235,202.0,2595629,0,0
2025-06-23 18:15:00,202.00999,202.24001,201.66,201.69,2042394,0,0
2025-06-23 18:30:00,201.67,201.8968,201.63,201.675,939169,0,0
2025-06-23 18:45:00,201.66,201.7011,201.35001,201.42999,809414,0,0
2025-06-23 19:00:00,201.42,201.75999,201.30479,201.3596,1019326,0,0
2025-06-23 19:15:00,201.37,201.52,201.0507,201.3602,1416649,0,0
2025-06-23 19:30:00,201.35001,201.4798,201.13499,201.1993,1095383,0,0
2025-06-23 19:45:00,201.185,201.84,201.14999,201.55,2869896,0,0
2025-06-24 13:30:00,202.59,202.78,201.44,201.85049,5549166,0,1
2025-06-24 13:45:00,201.85001,201.88,200.22,200.42,3316543,0,0
2025-06-24 14:00:00,200.42999,201.17999,200.2,200.73959,2186243,0,0
2025-06-24 14:15:00,200.77,201.33,200.64999,200.9823,1475328,0,0
2025-06-24 14:30:00,200.99001,201.42,200.90021,201.38,1086002,0,0
2025-06-24 14:45:00,201.38,201.58,200.75,200.98,1424761,0,0
2025-06-24 15:00:00,200.98,201.295,200.7404,201.2058,1309190,0,0
2025-06-24 15:15:00,201.1895,201.42,201.0,201.38,881644,0,0
2025-06-24 15:30:00,201.46001,202.03999,201.24001,201.995,1323846,0,0
2025-06-24 15:45:00,201.995,202.09,201.67999,201.905,1025675,0,0
2025-06-24 16:00:00,201.905,202.47501,201.81,202.19,1332565,0,0
2025-06-24 16:15:00,202.185,202.565,202.08,202.45,1062712,0,0
2025-06-24 16:30:00,202.45151,203.44,202.42999,203.34,2274594,0,0
2025-06-24 16:45:00,203.35001,203.395,202.28999,202.435,2276888,0,1
2025-06-24 17:00:00,202.42,202.53999,201.99001,202.14999,1074141,0,0
2025-06-24 17:15:00,202.16,202.52,201.94,201.96001,1304894,0,0
2025-06-24 17:30:00,201.96001,202.2888,201.84,202.21001,1120634,0,0
2025-06-24 17:45:00,202.22,202.33,202.03999,202.205,908207,0,0
2025-06-24 18:00:00,202.21001,202.2608,201.44,201.49001,1450403,0,0
2025-06-24 18:15:00,201.5,201.69,201.31,201.57001,1119827,0,0
2025-06-24 18:30:00,201.58,201.84,201.47,201.57001,921739,0,0
2025-06-24 18:45:00,201.57001,201.62601,201.30499,201.4453,1326861,0,0
2025-06-24 19:00:00,201.44901,202.015,201.425,201.755,1674129,0,0
2025-06-24 19:15:00,201.755,201.91499,201.52,201.53,1092548,0,0
2025-06-24 19:30:00,201.535,201.5999,200.81419,200.845,2070596,0,0
2025-06-24 19:45:00,200.845,200.94,200.27,200.28999,5417609,0,0
2025-06-25 13:30:00,201.42,203.66,201.2,202.2652,5551247,0,0
2025-06-25 13:45:00,202.255,202.8,201.67,201.78999,2279493,0,0
2025-06-25 14:00:00,201.75999,201.78,201.34219,201.41,1557533,0,0
2025-06-25 14:15:00,201.41,202.45,201.24001,202.44,1506087,0,0
2025-06-25 14:30:00,202.44,203.175,202.25999,203.0945,1879943,0,0
2025-06-25 14:45:00,203.09,203.10001,202.27499,202.455,1258140,0,0
2025-06-25 15:00:00,202.44,202.55,202.14999,202.25,1776768,0,0
2025-06-25 15:15:00,202.2,202.235,201.96,202.10001,1021123,0,0
2025-06-25 15:30:00,202.105,202.17,201.82761,201.94501,815272,0,0
2025-06-25 15:45:00,201.89999,202.09,201.84,201.97501,1288025,0,0
2025-06-25 16:00:00,201.99001,202.12981,201.7002,201.7989,660997,0,0
2025-06-25 16:15:00,201.8,201.92999,201.39999,201.87,811348,0,0
2025-06-25 16:30:00,201.88,201.89,201.67999,201.74001,550201,0,0
2025-06-25 16:45:00,201.75999,202.19991,201.75,202.05499,754028,0,0
2025-06-25 17:00:00,202.0563,202.09,201.48,201.66499,812549,0,0
2025-06-25 17:15:00,201.66,201.67,201.09,201.14,714124,0,0
2025-06-25 17:30:00,201.14,201.14,200.6201,200.92,1223007,0,0
2025-06-25 17:45:00,200.90199,201.28,200.87,200.99989,835121,0,0
2025-06-25 18:00:00,201.0,201.11,200.8558,200.97,563771,0,0
2025-06-25 18:15:00,200.97,201.0287,200.88,201.0154,536974,0,0
2025-06-25 18:30:00,201.02,201.5,200.95,201.2263,750467,0,0
2025-06-25 18:45:00,201.22501,201.355,201.03999,201.075,507345,0,0
2025-06-25 19:00:00,201.07001,201.375,201.065,201.28999,819920,0,0
2025-06-25 19:15:00,201.28999,201.38,201.00999,201.15981,996080,0,0
2025-06-25 19:30:00,201.14,201.35989,200.88499,201.09,1318151,0,0
2025-06-25 19:45:00,201.08,201.62,201.0,201.60001,2740597,0,0
2025-06-26 13:30:00,201.42999,202.61501,199.66,200.02,5411859,0,0
2025-06-26 13:45:00,200.0199,201.05,199.7612,201.0,2599919,0,0
2025-06-26 14:00:00,201.005,201.35001,200.63,200.67999,1665017,0,0
2025-06-26 14:15:00,200.67999,200.96001,199.64999,199.75,2184306,0,0
2025-06-26 14:30:00,199.74001,200.09891,199.675,199.85001,1683581,0,0
2025-06-26 14:45:00,199.85001,200.45,199.8,200.27991,1449659,0,0
2025-06-26 15:00:00,200.3,200.50999,199.86,199.95,1301453,0,0
2025-06-26 15:15:00,199.94099,200.32001,199.62,199.69,1592129,0,0
2025-06-26 15:30:00,199.71001,200.10001,199.46001,200.03999,1497339,0,0
2025-06-26 15:45:00,200.03,200.09,199.82001,200.0,787437,0,0
2025-06-26 16:00:00,199.995,200.53999,199.97,200.53999,1428156,0,0
2025-06-26 16:15:00,200.55,200.78999,200.10001,200.1228,1065391,0,0
2025-06-26 16:30:00,200.1378,200.27,199.94,199.94209,1371327,0,0
2025-06-26 16:45:00,199.94501,200.1088,199.82001,199.99001,774037,0,0
2025-06-26 17:00:00,200.0,200.11,199.85001,199.99001,1011635,0,0
2025-06-26 17:15:00,199.99001,200.26579,199.63499,200.24001,1411503,0,0
2025-06-26 17:30:00,200.25,200.44,199.97501,200.235,1063596,0,0
2025-06-26 17:45:00,200.2234,200.71001,200.03,200.63,1015891,0,0
2025-06-26 18:00:00,200.64,200.96001,200.42999,200.92,1269937,0,0
2025-06-26 18:15:00,200.91,201.36,200.9035,200.98,1678327,0,0
2025-06-26 18:30:00,200.99001,201.13,200.85001,201.015,1044424,0,0
2025-06-26 18:45:00,201.015,201.145,200.88,201.0388,909817,0,0
2025-06-26 19:00:00,201.035,201.05,200.8,200.845,874186,0,0
2025-06-26 19:15:00,200.84019,201.1787,200.75,201.175,1143262,0,0
2025-06-26 19:30:00,201.1752,201.55499,200.99001,201.16,1570924,0,0
2025-06-26 19:45:00,201.16,201.56,200.78999,200.94,4374696,0,0
2025-06-27 13:30:00,201.895,203.22,201.25999,202.19,5211684,0,0
2025-06-27 13:45:00,202.22501,203.13,202.0901,202.79739,2215180,0,0
2025-06-27 14:00:00,202.85001,202.99001,202.03,202.08,1997113,0,1
2025-06-27 14:15:00,202.07001,202.2,201.42999,201.58009,1968939,0,0
2025-06-27 14:30:00,201.59,201.9502,200.97,201.5899,2232274,0,0
2025-06-27 14:45:00,201.58501,201.60001,200.855,201.1987,1658091,0,0
2025-06-27 15:00:00,201.21001,201.44,200.955,201.26019,1242074,0,0
2025-06-27 15:15:00,201.26019,201.418,201.11501,201.38181,937170,0,0
2025-06-27 15:30:00,201.39999,201.81,201.39,201.75,1150390,0,0
2025-06-27 15:45:00,201.755,202.05,201.74001,201.88,1159676,0,0
2025-06-27 16:00:00,201.88,202.03,201.57001,201.96001,1089999,0,0
2025-06-27 16:15:00,201.97231,202.0,201.74001,201.99001,742606,0,0
2025-06-27 16:30:00,201.99001,202.13,201.73,201.89,856095,0,0
2025-06-27 16:45:00,201.88,202.63,201.83,202.60001,1368208,0,0
2025-06-27 17:00:00,202.58,202.7,202.25999,202.67,1154265,0,0
2025-06-27 17:15:00,202.69,202.69,202.02,202.08,1121342,0,0
2025-06-27 17:30:00,202.10001,202.12,201.09,201.30499,1721608,0,0
2025-06-27 17:45:00,201.28999,201.50999,200.92999,201.3736,1271732,0,0
2025-06-27 18:00:00,201.3848,201.63,201.22,201.245,1169355,0,0
2025-06-27 18:15:00,201.2431,201.6568,201.13,201.44,985051,0,0
2025-06-27 18:30:00,201.45,201.52,200.89999,201.19,1507652,0,0
2025-06-27 18:45:00,201.17999,201.27,200.78999,200.905,1254112,0,0
2025-06-27 19:00:00,200.91,201.425,200.84,201.35001,1338846,0,0
2025-06-27 19:15:00,201.36,201.44,201.10001,201.125,1237583,0,0
2025-06-27 19:30:00,201.13,201.25,200.94501,201.03011,1456823,0,0
2025-06-27 19:45:00,201.035,201.27,200.22,201.10001,4869713,0,0
2025-06-30 13:30:00,202.00999,202.19,200.55009,201.0793,4419014,0,1
2025-06-30 13:45:00,201.09,201.19,200.62,200.75999,1879728,0,0
2025-06-30 14:00:00,200.755,201.37109,200.3524,201.08,2297215,0,0
2025-06-30 14:15:00,201.07001,201.12,200.765,201.0099,1353547,0,0
2025-06-30 14:30:00,201.005,201.32001,200.129,200.16,1939924,0,0
2025-06-30 14:45:00,200.1552,200.21001,199.5901,199.97,2627095,0,0
2025-06-30 15:00:00,199.97,200.27,199.63,200.08,1621408,0,0
2025-06-30 15:15:00,200.08,200.28529,199.86,199.97,1160322,0,0
2025-06-30 15:30:00,199.9892,200.16,199.8,200.06,1707004,0,0
2025-06-30 15:45:00,200.07001,200.23,199.821,200.03999,921299,0,0
2025-06-30 16:00:00,200.03999,200.42,199.99001,200.32001,1303238,0,0
2025-06-30 16:15:00,200.31,200.41,200.045,200.325,777734,0,0
2025-06-30 16:30:00,200.31,200.48,200.14999,200.34,795848,0,0
2025-06-30 16:45:00,200.34,200.41,199.845,200.12,1235363,0,0
2025-06-30 17:00:00,200.12,200.261,199.95,200.09,1155813,0,0
2025-06-30 17:15:00,200.08,200.1889,199.94,200.155,1040042,0,0
2025-06-30 17:30:00,200.155,200.33,200.08,200.3,738481,0,0
2025-06-30 17:45:00,200.3008,200.33501,199.89999,200.27,985715,0,0
2025-06-30 18:00:00,200.27499,200.49001,200.27499,200.4301,831069,0,0
2025-06-30 18:15:00,200.42999,200.83,200.37,200.69501,1119432,0,0
2025-06-30 18:30:00,200.6951,200.73,199.2607,199.815,2275738,0,0
2025-06-30 18:45:00,199.85001,202.45,199.53,201.91949,6200479,0,0
2025-06-30 19:00:00,201.91,205.61,201.89,205.4,7520883,0,0
2025-06-30 19:15:00,205.42999,207.09,204.39999,206.5856,10979420,0,0
2025-06-30 19:30:00,206.55,207.39,206.13,206.31,6169604,0,0
2025-06-30 19:45:00,206.32001,206.7,205.05,205.12,7809505,0,0
2025-07-01 13:30:00,206.66499,208.38,206.14011,207.53,11796278,0,0
2025-07-01 13:45:00,207.53,209.11,207.48,209.08479,6250227,0,0
2025-07-01 14:00:00,209.06,209.67999,208.56,209.66,4490826,0,0
2025-07-01 14:15:00,209.66,209.83,208.42,209.5401,4189720,0,1
2025-07-01 14:30:00,209.55009,209.89999,207.92,208.47,4605242,0,0
2025-07-01 14:45:00,208.4877,209.0,207.47,208.96001,3141529,0,0
2025-07-01 15:00:00,208.96001,210.18649,208.06,208.68381,5346029,0,0
2025-07-01 15:15:00,208.67081,208.88,207.776,207.95,2382723,0,0
2025-07-01 15:30:00,207.96001,208.13,206.78999,207.09,2471474,0,0
2025-07-01 15:45:00,207.11,207.64,207.06911,207.3029,1542789,0,0
2025-07-01 16:00:00,207.31,207.91,207.17,207.86501,1329090,0,0
2025-07-01 16:15:00,207.87,208.185,207.545,207.875,2069419,0,0
2025-07-01 16:30:00,207.87,208.53,207.62,208.27,1915822,0,0
2025-07-01 16:45:00,208.28,208.28,207.14,207.1754,1700183,0,0
2025-07-01 17:00:00,207.185,207.739,207.10001,207.73,1328572,0,0
2025-07-01 17:15:00,207.72839,208.13499,207.55,208.09,1144576,0,0
2025-07-01 17:30:00,208.0889,208.33,207.61,208.28,1199749,0,0
2025-07-01 17:45:00,208.28,208.37,207.95,208.14999,1274033,0,0
2025-07-01 18:00:00,208.14999,208.35001,207.88,207.985,1151757,0,0
2025-07-01 18:15:00,207.985,208.42,207.895,208.21001,1040601,0,0
2025-07-01 18:30:00,208.21001,208.4299,207.96001,208.10001,1001693,0,0
2025-07-01 18:45:00,208.095,208.24001,207.8501,208.0,913841,0,0
2025-07-01 19:00:00,208.02,208.02,207.375,207.91,1572595,0,0
2025-07-01 19:15:00,207.91,208.35001,207.785,208.19,1545789,0,0
2025-07-01 19:30:00,208.185,208.23,207.515,207.77,1542721,0,0
2025-07-01 19:45:00,207.78999,208.045,207.62,207.86,3743291,0,0
2025-07-02 13:30:00,209.08,211.83,208.14,211.42999,10068138,0,0
2025-07-02 13:45:00,211.42,213.34,211.39999,212.62,7065459,0,0
2025-07-02 14:00:00,212.62,212.755,211.52451,212.39371,4227288,0,0
2025-07-02 14:15:00,212.3801,212.97,211.2737,212.3,3448190,0,0
2025-07-02 14:30:00,212.28,212.69591,211.89999,212.2,2502492,0,0
2025-07-02 14:45:00,212.21001,212.85001,211.46001,211.91,2219130,0,0
2025-07-02 15:00:00,211.935,212.49001,211.8,212.45,1831666,0,0
2025-07-02 15:15:00,212.46989,212.59,211.42,211.47501,1785637,0,0
2025-07-02 15:30:00,211.49001,212.02,211.25,211.2787,1661714,0,0
2025-07-02 15:45:00,211.28,211.6851,211.23,211.55,1225831,0,0
2025-07-02 16:00:00,211.56,211.57001,210.86,211.1207,1512545,0,0
2025-07-02 16:15:00,211.125,211.91879,210.87,210.9203,1658956,0,0
2025-07-02 16:30:00,210.92,210.9899,210.23,210.27341,1376950,0,0
2025-07-02 16:45:00,210.285,211.25,210.22,211.105,1484213,0,0
2025-07-02 17:00:00,211.10001,211.35001,210.70621,210.7926,1123875,0,0
2025-07-02 17:15:00,210.78999,210.98,210.44,210.8181,1054260,0,0
2025-07-02 17:30:00,210.81,211.08501,210.74001,211.00999,826471,0,0
2025-07-02 17:45:00,211.0,211.72,210.89999,211.6097,1234077,0,0
2025-07-02 18:00:00,211.60001,211.69,211.16,211.42979,914795,0,0
2025-07-02 18:15:00,211.42999,211.77,211.27,211.59,728950,0,0
2025-07-02 18:30:00,211.575,211.67999,211.37,211.50999,1052305,0,0
2025-07-02 18:45:00,211.515,212.5,211.46001,212.27,1773374,0,0
2025-07-02 19:00:00,212.27,212.96001,212.14999,212.285,2495481,0,0
2025-07-02 19:15:00,212.28999,212.5955,211.84,211.94501,1674645,0,0
2025-07-02 19:30:00,211.94,212.35001,211.92999,212.03,1796855,0,0
2025-07-02 19:45:00,212.03,212.75,211.98,212.41,4490835,0,0
2025-07-03 13:30:00,212.145,212.88,211.825,212.76,272009,0,0
2025-07-03 13:45:00,212.79,213.78,212.78,213.33,274641,0,0
2025-07-03 14:00:00,213.36,213.855,213.23,213.33,137304,0,0
2025-07-03 14:15:00,213.35,213.77,213.25,213.715,92320,0,0
2025-07-03 14:30:00,213.74,214.41,213.74,214.01,283198,0,0
2025-07-03 14:45:00,213.99,214.02,213.04,213.96,139456,0,0
2025-07-03 15:00:00,213.97,214.22,213.88,214.075,113980,0,0
2025-07-03 15:15:00,214.1,214.45,213.86,213.88,140870,0,0
2025-07-03 15:30:00,213.885,214.61,213.67,214.61,125092,0,0
2025-07-03 15:45:00,214.61,214.65,214.23,214.32,97119,0,0
2025-07-03 16:00:00,214.34,214.495,214.05,214.19,109321,0,0
2025-07-03 16:15:00,214.19,214.48,213.96,214.1,219257,0,0
2025-07-03 16:30:00,214.1,214.14,213.78,213.85,89602,0,0
2025-07-03 16:45:00,213.85,213.92,213.34,213.44,183112,0,0
2025-07-07 13:30:00,212.67999,216.23,212.67,213.25,7537382,0,0
2025-07-07 13:45:00,213.25999,213.39,212.47,212.95,2324525,0,0
2025-07-07 14:00:00,212.96001,213.12,212.02,212.28,1891874,0,0
2025-07-07 14:15:00,212.28999,212.74969,211.81,212.36,1929834,0,0
2025-07-07 14:30:00,212.37,212.38,211.83,211.9713,1109080,0,0
2025-07-07 14:45:00,211.97,212.33501,211.60001,212.10001,1388006,0,0
2025-07-07 15:00:00,212.11501,212.42999,211.86501,212.28,1005360,0,0
2025-07-07 15:15:00,212.28,212.60001,211.89999,212.03999,1002423,0,0
2025-07-07 15:30:00,212.035,212.16,211.78999,211.795,894132,0,0
2025-07-07 15:45:00,211.78149,212.06,211.5349,211.75,982263,0,0
2025-07-07 16:00:00,211.74001,212.09,211.74001,211.9937,661705,0,0
2025-07-07 16:15:00,212.01891,212.22,210.38,210.8365,2305840,0,0
2025-07-07 16:30:00,210.839,211.16991,210.265,210.34,1255227,0,0
2025-07-07 16:45:00,210.34,210.755,209.89999,210.63499,1584869,0,0
2025-07-07 17:00:00,210.64,210.795,210.06,210.285,1061679,0,0
2025-07-07 17:15:00,210.285,210.4501,209.52,209.67039,1138039,0,0
2025-07-07 17:30:00,209.67,210.5,209.55,209.67,1160549,0,0
2025-07-07 17:45:00,209.69,210.08501,209.67,210.05,771443,0,0
2025-07-07 18:00:00,210.06,210.21001,209.71001,209.92999,831848,0,0
2025-07-07 18:15:00,209.92999,209.995,208.91,208.9404,1446799,0,0
2025-07-07 18:30:00,208.94,209.42,208.8,209.28,1270961,0,0
2025-07-07 18:45:00,209.28,209.78,209.28,209.7623,998116,0,0
2025-07-07 19:00:00,209.765,210.07001,209.5448,209.72,1052865,0,0
2025-07-07 19:15:00,209.73,209.77499,209.34,209.45,1066379,0,0
2025-07-07 19:30:00,209.46001,209.55991,209.19,209.4471,1320795,0,0
2025-07-07 19:45:00,209.44501,210.25,209.3,209.94,3447638,0,0
2025-07-08 13:30:00,210.13,210.46001,208.48,209.02,4381330,0,0
2025-07-08 13:45:00,209.015,209.5,208.53999,208.66,1947388,0,0
2025-07-08 14:00:00,208.645,209.58501,208.45,208.905,2006856,0,0
2025-07-08 14:15:00,208.905,209.67999,208.905,209.28,1078269,0,0
2025-07-08 14:30:00,209.285,210.32001,209.25999,210.2,1313046,0,0
2025-07-08 14:45:00,210.22,210.83,209.71001,210.72501,1759982,0,0
2025-07-08 15:00:00,210.73,211.42999,210.7197,211.34,1410887,0,0
2025-07-08 15:15:00,211.325,211.36501,209.78,209.8707,1384575,0,0
2025-07-08 15:30:00,209.88,210.09,209.78,209.92999,953735,0,0
2025-07-08 15:45:00,209.935,210.64999,209.92,210.55,1171554,0,0
2025-07-08 16:00:00,210.56,211.06,210.46001,210.95,909226,0,0
2025-07-08 16:15:00,210.97,211.185,210.82001,210.83,736509,0,0
2025-07-08 16:30:00,210.84,210.89,210.2603,210.5712,851635,0,0
2025-07-08 16:45:00,210.57001,210.73109,210.31,210.38,907893,0,0
2025-07-08 17:00:00,210.37,210.435,209.8,209.81,954387,0,0
2025-07-08 17:15:00,209.825,209.98,209.5,209.83501,1011594,0,0
2025-07-08 17:30:00,209.84,209.935,209.41,209.53999,641730,0,0
2025-07-08 17:45:00,209.535,209.88,209.32001,209.85001,785563,0,0
2025-07-08 18:00:00,209.81,210.25999,209.72,209.9743,908027,0,0
2025-07-08 18:15:00,209.965,210.19,209.84,209.94501,546254,0,0
2025-07-08 18:30:00,209.95,210.045,209.67999,209.69,570233,0,0
2025-07-08 18:45:00,209.69,209.91,209.56,209.7,585979,0,0
2025-07-08 19:00:00,209.69,209.73,209.42999,209.49071,731002,0,0
2025-07-08 19:15:00,209.49001,209.64999,209.405,209.605,749468,0,0
2025-07-08 19:30:00,209.59,209.69991,209.3,209.5213,1492311,0,0
2025-07-08 19:45:00,209.52,210.34,209.4752,210.035,3628829,0,0
2025-07-09 13:30:00,209.53,210.89999,209.35001,209.89999,4023477,0,0
2025-07-09 13:45:00,209.89,210.34,209.575,209.86,1930043,0,0
2025-07-09 14:00:00,209.87,210.495,209.72,209.99001,1771513,0,0
2025-07-09 14:15:00,209.98,210.255,209.58501,209.91,1267916,0,0
2025-07-09 14:30:00,209.89,209.89999,208.75999,208.85001,2128812,0,0
2025-07-09 14:45:00,208.87,208.98,207.45,207.6481,2265315,0,0
2025-07-09 15:00:00,207.64,207.75999,207.315,207.58501,2044183,0,0
2025-07-09 15:15:00,207.588,207.94,207.22,207.80499,1871008,0,0
2025-07-09 15:30:00,207.81,207.9707,207.52,207.88499,1129867,0,0
2025-07-09 15:45:00,207.88,207.88651,207.2659,207.73,1282559,0,0
2025-07-09 16:00:00,207.739,208.22,207.539,207.62579,1476076,0,0
2025-07-09 16:15:00,207.62,207.935,207.58,207.8,787991,0,0
2025-07-09 16:30:00,207.81039,207.89999,207.5714,207.84,748836,0,0
2025-07-09 16:45:00,207.83,208.44009,207.78,208.21001,1040119,0,0
2025-07-09 17:00:00,208.21001,208.72,207.98,208.465,996865,0,0
2025-07-09 17:15:00,208.425,209.045,208.39999,208.9156,1178945,0,0
2025-07-09 17:30:00,208.91499,209.06,208.72,208.94,908360,0,0
2025-07-09 17:45:00,208.95,209.37959,208.935,209.24001,969845,0,0
2025-07-09 18:00:00,209.21001,209.98,209.16,209.92999,1231974,0,0
2025-07-09 18:15:00,209.92039,209.92999,209.55,209.7325,906443,0,0
2025-07-09 18:30:00,209.745,209.88499,209.62,209.66,700084,0,0
2025-07-09 18:45:00,209.6763,210.06,209.66,209.9361,1029840,0,0
2025-07-09 19:00:00,209.94,210.19,209.64011,209.81,1118308,0,0
2025-07-09 19:15:00,209.82001,209.99,209.7,209.89,876204,0,0
2025-07-09 19:30:00,209.88,210.33,209.73,210.3,1148257,0,0
2025-07-09 19:45:00,210.299,211.33,210.19,211.11,5042978,0,0
2025-07-10 13:30:00,210.505,211.14,210.12,210.59,3556739,0,0
2025-07-10 13:45:00,210.5899,211.2899,210.505,211.27499,1917171,0,0
2025-07-10 14:00:00,211.27,211.85001,210.72,211.39999,2158536,0,0
2025-07-10 14:15:00,211.42,212.2999,211.33,212.00999,2002838,0,0
2025-07-10 14:30:00,212.03,213.47,211.89999,213.36,3331279,0,0
2025-07-10 14:45:00,213.36011,213.48,212.03,212.36,2337143,0,1
2025-07-10 15:00:00,212.36659,212.9993,212.31,212.95,1311022,0,0
2025-07-10 15:15:00,212.955,213.3194,212.85001,212.98,1785184,0,0
2025-07-10 15:30:00,212.99001,213.13071,212.4489,213.095,1157457,0,0
2025-07-10 15:45:00,213.11,213.17999,212.23,212.39,1211983,0,0
2025-07-10 16:00:00,212.375,212.39999,211.83,212.0304,1047221,0,0
2025-07-10 16:15:00,212.035,212.2099,211.92999,212.08,1181492,0,0
2025-07-10 16:30:00,212.07001,212.36,211.85001,212.28,1061957,0,0
2025-07-10 16:45:00,212.28,212.3,211.96001,212.0174,690166,0,0
2025-07-10 17:00:00,212.02,212.2299,211.92999,212.1288,695000,0,0
2025-07-10 17:15:00,212.1301,212.78,212.0,212.62,937816,0,0
2025-07-10 17:30:00,212.61,213.16,212.5513,212.6075,1129761,0,0
2025-07-10 17:45:00,212.61,212.67,212.371,212.371,533631,0,0
2025-07-10 18:00:00,212.39,212.64999,212.31,212.5042,585466,0,0
2025-07-10 18:15:00,212.50999,213.0,212.47,212.60001,776528,0,0
2025-07-10 18:30:00,212.59489,212.9798,212.57001,212.74001,567286,0,0
2025-07-10 18:45:00,212.74001,213.1425,212.72,212.935,849656,0,0
2025-07-10 19:00:00,212.91,213.45,212.67999,212.81,1052637,0,0
2025-07-10 19:15:00,212.82001,212.96001,212.57001,212.575,878743,0,0
2025-07-10 19:30:00,212.58,213.02,212.545,212.88,1073602,0,0
2025-07-10 19:45:00,212.875,212.965,212.09,212.42,3396829,0,0
2025-07-11 13:30:00,210.565,211.02991,209.86,210.19,4071150,0,0
2025-07-11 13:45:00,210.17999,211.1274,209.86501,210.99001,1677654,0,0
2025-07-11 14:00:00,210.985,211.78,210.88,211.69119,1486909,0,0
2025-07-11 14:15:00,211.7,212.13,211.48,211.78999,1356460,0,0
2025-07-11 14:30:00,211.78999,211.78999,211.03,211.16499,1038956,0,0
2025-07-11 14:45:00,211.1593,211.30991,210.8,210.96001,1015079,0,0
2025-07-11 15:00:00,210.95,211.14999,210.63,210.64011,922920,0,0
2025-07-11 15:15:00,210.63,211.06,210.48,210.825,1054753,0,0
2025-07-11 15:30:00,210.83,211.21001,210.66,211.13,1027850,0,0
2025-07-11 15:45:00,211.13,211.14999,210.4283,210.67,1074701,0,0
2025-07-11 16:00:00,210.69,210.96001,210.66,210.84,654749,0,0
2025-07-11 16:15:00,210.85001,211.05901,210.59,210.63499,661623,0,0
2025-07-11 16:30:00,210.62,210.6899,210.45,210.53999,753985,0,0
2025-07-11 16:45:00,210.52,211.078,210.49001,211.02049,747248,0,0
2025-07-11 17:00:00,211.011,211.28999,210.89999,211.0401,713836,0,0
2025-07-11 17:15:00,211.045,211.23,211.0,211.16499,590594,0,0
2025-07-11 17:30:00,211.155,211.22,210.952,211.16071,501437,0,0
2025-07-11 17:45:00,211.16,211.24001,211.08,211.21001,403591,0,0
2025-07-11 18:00:00,211.2,211.65981,211.185,211.35001,774178,0,0
2025-07-11 18:15:00,211.35001,211.55,211.28999,211.405,701463,0,0
2025-07-11 18:30:00,211.41,211.517,211.3,211.41,463822,0,0
2025-07-11 18:45:00,211.403,211.47,211.03,211.13499,483932,0,0
2025-07-11 19:00:00,211.12,211.13499,210.62,210.98,809339,0,0
2025-07-11 19:15:00,210.99001,211.3,210.96001,211.16,614689,0,0
2025-07-11 19:30:00,211.13,211.23,211.0293,211.08279,725519,0,0
2025-07-11 19:45:00,211.08,211.39999,211.03,211.075,3432384,0,0
2025-07-14 13:30:00,209.909,210.91,208.242,208.25999,4544212,0,0
2025-07-14 13:45:00,208.25999,208.57001,207.67,207.88,3018908,0,0
2025-07-14 14:00:00,207.91,208.4101,207.53999,208.39,2386289,0,0
2025-07-14 14:15:00,208.39,208.78,207.97,208.03,1460913,0,0
2025-07-14 14:30:00,208.03,208.61,207.825,208.47,1183433,0,0
2025-07-14 14:45:00,208.46001,208.755,208.19,208.485,1002576,0,0
2025-07-14 15:00:00,208.48,208.89169,208.3802,208.5076,991955,0,0
2025-07-14 15:15:00,208.52,208.77499,208.2001,208.765,921066,0,0
2025-07-14 15:30:00,208.77,209.14999,208.575,208.87,1231956,0,0
2025-07-14 15:45:00,208.875,208.92999,208.56,208.84,920525,0,0
2025-07-14 16:00:00,208.83,209.17999,208.77,208.92999,681617,0,0
2025-07-14 16:15:00,208.92999,209.08,208.69,208.8407,608155,0,0
2025-07-14 16:30:00,208.85001,209.145,208.78999,208.9604,606983,0,0
2025-07-14 16:45:00,208.9538,209.24001,208.8909,208.89999,538632,0,0
2025-07-14 17:00:00,208.895,209.005,208.76019,208.92999,556654,0,0
2025-07-14 17:15:00,208.925,209.33,208.905,209.0,794439,0,0
2025-07-14 17:30:00,209.01331,209.2672,209.00999,209.19,519644,0,0
2025-07-14 17:45:00,209.1796,209.3,209.05,209.14999,633405,0,0
2025-07-14 18:00:00,209.16499,209.45,209.10001,209.2,623676,0,0
2025-07-14 18:15:00,209.20129,209.28999,208.9608,209.0,610832,0,0
2025-07-14 18:30:00,209.0,209.33501,208.99001,209.3,559853,0,0
2025-07-14 18:45:00,209.30209,209.4073,209.155,209.3101,611361,0,0
2025-07-14 19:00:00,209.315,209.36,208.8701,209.16499,998158,0,0
2025-07-14 19:15:00,209.17999,209.355,209.02,209.19991,1042281,0,0
2025-07-14 19:30:00,209.17,209.19,208.5813,208.685,1101309,0,0
2025-07-14 19:45:00,208.685,208.89999,208.52,208.53999,3079585,0,0
2025-07-15 13:30:00,209.14999,211.13,208.92,210.67,5235946,0,0
2025-07-15 13:45:00,210.67,210.69,209.39999,209.645,1957468,0,1
2025-07-15 14:00:00,209.64999,210.17,209.34,210.02991,1425791,0,0
2025-07-15 14:15:00,210.015,210.3,209.6922,210.17,1185444,0,0
2025-07-15 14:30:00,210.14,210.17999,209.5,209.85651,1089218,0,0
2025-07-15 14:45:00,209.85001,210.08,209.19769,209.35001,1095470,0,0
2025-07-15 15:00:00,209.35001,210.57001,209.25999,210.2101,1519813,0,0
2025-07-15 15:15:00,210.23,211.42999,210.0,211.42999,1596217,0,0
2025-07-15 15:30:00,211.42999,211.89,211.03999,211.5509,1778799,0,0
2025-07-15 15:45:00,211.56,211.7498,210.73,210.78,1255778,0,1
2025-07-15 16:00:00,210.78999,210.91,210.38,210.56,1017595,0,0
2025-07-15 16:15:00,210.53999,210.8,210.36,210.67999,580008,0,0
2025-07-15 16:30:00,210.69501,210.985,210.4501,210.545,518554,0,0
2025-07-15 16:45:00,210.55,210.9287,210.38,210.58,572886,0,0
2025-07-15 17:00:00,210.56,211.07001,210.52,210.61,571278,0,0
2025-07-15 17:15:00,210.61,210.75481,210.45,210.6727,448350,0,0
2025-07-15 17:30:00,210.685,211.11,210.66,210.97501,530381,0,0
2025-07-15 17:45:00,210.99001,211.35001,210.9101,211.28,663187,0,0
2025-07-15 18:00:00,211.28,211.64,211.205,211.59,756222,0,0
2025-07-15 18:15:00,211.59,211.67,211.28999,211.375,806331,0,1
2025-07-15 18:30:00,211.3889,211.48,210.99001,211.03,1310052,0,0
2025-07-15 18:45:00,211.03,211.03999,210.42999,210.50999,751494,0,0
2025-07-15 19:00:00,210.50999,210.68629,210.39999,210.5401,673758,0,0
2025-07-15 19:15:00,210.53999,210.60001,209.96001,210.17999,1207919,0,0
2025-07-15 19:30:00,210.203,210.28999,209.43021,209.8,1350736,0,0
2025-07-15 19:45:00,209.80499,209.89999,208.99001,209.00999,2522137,0,0
2025-07-16 13:30:00,210.28999,211.21001,210.19,210.94,5166435,0,0
2025-07-16 13:45:00,210.9299,211.08,209.91051,211.07001,2051443,0,0
2025-07-16 14:00:00,211.05,211.49001,210.60001,211.4399,1806881,0,0
2025-07-16 14:15:00,211.42999,212.39999,211.37,212.08501,2838981,0,0
2025-07-16 14:30:00,212.11,212.18449,210.9782,211.02,1626418,0,1
2025-07-16 14:45:00,211.00999,211.27,210.4893,210.7825,1705677,0,0
2025-07-16 15:00:00,210.8,210.99001,210.55,210.83099,1085863,0,0
2025-07-16 15:15:00,210.82001,210.86,209.28999,210.12,2298232,0,0
2025-07-16 15:30:00,210.1488,210.1488,208.64,209.6412,2275998,0,0
2025-07-16 15:45:00,209.67,210.5,209.4809,209.8307,1502069,0,0
2025-07-16 16:00:00,209.85001,210.0533,209.55,209.705,918071,0,0
2025-07-16 16:15:00,209.6796,209.8855,209.5,209.59,587419,0,0
2025-07-16 16:30:00,209.60001,210.02,209.60001,209.74001,590963,0,0
2025-07-16 16:45:00,209.74001,210.42999,209.37,210.39,782630,0,0
2025-07-16 17:00:00,210.395,210.948,210.36,210.685,975861,0,0
2025-07-16 17:15:00,210.69,210.82001,210.34,210.35001,608785,0,0
2025-07-16 17:30:00,210.34,210.6319,210.265,210.37,537609,0,0
2025-07-16 17:45:00,210.37,210.48,210.19881,210.27,577245,0,0
2025-07-16 18:00:00,210.25999,210.2812,209.89999,210.1201,639430,0,0
2025-07-16 18:15:00,210.14,210.2,209.871,210.0385,575389,0,0
2025-07-16 18:30:00,210.03999,210.3298,210.03999,210.31419,433598,0,0
2025-07-16 18:45:00,210.31,210.47,210.07111,210.4593,495476,0,0
2025-07-16 19:00:00,210.455,210.5851,210.23,210.3029,535269,0,0
2025-07-16 19:15:00,210.30029,210.3652,210.11501,210.325,599822,0,0
2025-07-16 19:30:00,210.32001,210.6366,210.22501,210.4451,789941,0,0
2025-07-16 19:45:00,210.44501,210.58501,209.97,210.22,3520130,0,0
2025-07-17 13:30:00,210.625,211.00999,210.06,210.44,5230983,0,0
2025-07-17 13:45:00,210.45,210.77,209.97501,210.27,1690209,0,0
2025-07-17 14:00:00,210.27,210.60001,209.71001,209.80499,1575628,0,0
2025-07-17 14:15:00,209.81,210.13,209.59,209.95,1466807,0,0
2025-07-17 14:30:00,209.94,210.21001,209.77,210.0,1120703,0,0
2025-07-17 14:45:00,210.015,210.2682,209.94,210.175,961121,0,0
2025-07-17 15:00:00,210.175,210.83,210.0817,210.60001,1338706,0,0
2025-07-17 15:15:00,210.58,210.66,210.36,210.44,1062950,0,0
2025-07-17 15:30:00,210.45,210.505,210.11,210.13499,1140316,0,0
2025-07-17 15:45:00,210.12,210.69,210.105,210.6501,1069265,0,0
2025-07-17 16:00:00,210.66,211.12,210.535,210.9399,1679245,0,0
2025-07-17 16:15:00,210.95,211.45,210.88499,211.39,1826107,0,0
2025-07-17 16:30:00,211.3889,211.50999,211.10001,211.22,1252299,0,0
2025-07-17 16:45:00,211.2298,211.44,210.94501,211.02,1011540,0,0
2025-07-17 17:00:00,211.00999,211.16,210.95,211.03371,788010,0,0
2025-07-17 17:15:00,211.03999,211.065,210.78999,210.955,800324,0,0
2025-07-17 17:30:00,210.95,211.37,210.9001,211.23,1245805,0,0
2025-07-17 17:45:00,211.24001,211.5,211.16,211.48849,1231370,0,0
2025-07-17 18:00:00,211.485,211.8,211.14011,211.35001,1242112,0,0
2025-07-17 18:15:00,211.35001,211.69501,211.09,211.28,1568212,0,0
2025-07-17 18:30:00,211.28,211.28,210.96001,210.995,955459,0,0
2025-07-17 18:45:00,210.995,211.0625,210.87,210.92,895025,0,0
2025-07-17 19:00:00,210.94,211.05499,210.78,210.825,1468830,0,0
2025-07-17 19:15:00,210.825,211.065,210.825,210.995,1126140,0,0
2025-07-17 19:30:00,210.99989,211.05,210.67999,210.71001,1093905,0,0
2025-07-17 19:45:00,210.72,210.7491,209.74001,210.061,5922175,0,0
2025-07-18 13:30:00,210.755,211.00999,209.89,210.03999,10936096,0,0
2025-07-18 13:45:00,210.22,210.50999,209.89,210.32001,2052371,0,0
2025-07-18 14:00:00,210.34,210.62,209.7045,210.095,1502841,0,0
2025-07-18 14:15:00,210.10001,210.32269,209.89,209.9543,1238376,0,0
2025-07-18 14:30:00,209.96001,210.5,209.77,210.30969,1403102,0,0
2025-07-18 14:45:00,210.32001,211.00999,210.265,210.47009,1572048,0,0
2025-07-18 15:00:00,210.511,211.0,210.42,210.7484,1059667,0,0
2025-07-18 15:15:00,210.74001,210.89999,210.42,210.85001,922543,0,0
2025-07-18 15:30:00,210.855,211.005,210.69,210.9613,1379013,0,0
2025-07-18 15:45:00,210.97501,211.10001,210.9201,211.075,929826,0,0
2025-07-18 16:00:00,211.0701,211.13,210.89999,210.94501,665994,0,0
2025-07-18 16:15:00,210.92,211.10001,210.67999,211.00999,1018520,0,0
2025-07-18 16:30:00,211.02,211.7599,210.88,211.66,1293991,0,0
2025-07-18 16:45:00,211.65131,211.78999,211.19,211.32001,1095033,0,0
2025-07-18 17:00:00,211.32001,211.41901,211.04221,211.24001,785777,0,0
2025-07-18 17:15:00,211.24699,211.425,211.10001,211.19,665586,0,0
2025-07-18 17:30:00,211.17999,211.53999,211.02,211.325,896509,0,0
2025-07-18 17:45:00,211.325,211.435,210.97,211.09,726020,0,0
2025-07-18 18:00:00,211.10001,211.25999,210.875,210.92999,876691,0,0
2025-07-18 18:15:00,210.935,210.98,210.75999,210.935,555074,0,0
2025-07-18 18:30:00,210.92999,211.06,210.87,211.00999,500444,0,0
2025-07-18 18:45:00,211.0,211.05,210.78999,210.965,660620,0,0
2025-07-18 19:00:00,210.96001,211.045,210.87,211.02,580848,0,0
2025-07-18 19:15:00,211.02,211.19501,210.895,210.95,897815,0,0
2025-07-18 19:30:00,210.94,211.0687,210.83,210.96001,1081560,0,0
2025-07-18 19:45:00,210.96001,211.345,210.83501,211.22,3351744,0,0
2025-07-21 13:30:00,212.05,214.86501,211.6409,214.66499,9410413,0,0
2025-07-21 13:45:00,214.67999,215.78,213.96001,214.0,5375671,0,0
2025-07-21 14:00:00,214.00999,214.75999,214.00999,214.735,2577979,0,0
2025-07-21 14:15:00,214.71001,215.19,214.13,214.645,2567434,0,0
2025-07-21 14:30:00,214.64,214.71001,213.57001,213.8,2415253,0,0
2025-07-21 14:45:00,213.78999,213.86951,213.2852,213.41,1928807,0,0
2025-07-21 15:00:00,213.41,213.41,212.87,213.14,1801291,0,0
2025-07-21 15:15:00,213.119,213.64999,213.11,213.47,1342455,0,0
2025-07-21 15:30:00,213.46001,213.67,213.16,213.44,997756,0,0
2025-07-21 15:45:00,213.4366,213.71001,213.26981,213.3996,854066,0,0
2025-07-21 16:00:00,213.38499,213.48,213.17,213.4187,622120,0,0
2025-07-21 16:15:00,213.41,213.58,213.27271,213.3196,665433,0,0
2025-07-21 16:30:00,213.315,213.42999,213.14,213.24651,698379,0,0
2025-07-21 16:45:00,213.24001,213.86,213.235,213.56,982518,0,0
2025-07-21 17:00:00,213.55,213.6907,213.41,213.42999,651067,0,0
2025-07-21 17:15:00,213.425,213.72501,213.41,213.67999,575079,0,0
2025-07-21 17:30:00,213.66,213.71001,213.11,213.3107,957337,0,0
2025-07-21 17:45:00,213.32001,213.42,212.88499,212.9099,732124,0,0
2025-07-21 18:00:00,212.91,213.03,212.50999,212.995,1178927,0,0
2025-07-21 18:15:00,212.995,213.27,212.95,213.25999,1186937,0,0
2025-07-21 18:30:00,213.2688,213.42999,213.17,213.2701,578484,0,0
2025-07-21 18:45:00,213.27,213.28999,213.0,213.0502,711631,0,0
2025-07-21 19:00:00,213.07001,213.10989,212.50999,212.69501,834051,0,0
2025-07-21 19:15:00,212.69501,212.82001,212.5452,212.58,766058,0,0
2025-07-21 19:30:00,212.58,212.7186,212.28999,212.35001,996445,0,0
2025-07-21 19:45:00,212.355,212.56,212.07001,212.53999,2812006,0,0
2025-07-22 13:30:00,213.235,214.03,212.2301,213.25999,5369952,0,0
2025-07-22 13:45:00,213.27,213.7,212.28,213.58,3539586,0,0
2025-07-22 14:00:00,213.58,213.77,212.67999,213.08501,2071171,0,0
2025-07-22 14:15:00,213.10001,213.67999,213.0844,213.2655,1396801,0,0
2025-07-22 14:30:00,213.25999,213.62,213.14,213.155,1125360,0,0
2025-07-22 14:45:00,213.17999,213.27,212.72,213.21291,1843212,0,0
2025-07-22 15:00:00,213.21001,213.47,213.16,213.2196,853012,0,0
2025-07-22 15:15:00,213.23,213.69,213.0,213.47729,899815,0,0
2025-07-22 15:30:00,213.47,213.82001,212.855,212.87,1930720,0,0
2025-07-22 15:45:00,212.88,213.28709,212.75999,213.265,1400729,0,0
2025-07-22 16:00:00,213.265,213.74001,213.19,213.505,1057179,0,0
2025-07-22 16:15:00,213.50999,213.62,212.98,213.28,1222857,0,0
2025-07-22 16:30:00,213.24001,213.47,212.84,213.08,844397,0,0
2025-07-22 16:45:00,213.0799,213.53999,213.02119,213.41,844274,0,0
2025-07-22 17:00:00,213.39999,213.85001,213.37,213.67,982878,0,0
2025-07-22 17:15:00,213.67999,214.48,213.6701,214.41119,1396797,0,0
2025-07-22 17:30:00,214.39999,214.4234,213.72,213.897,1156580,0,0
2025-07-22 17:45:00,213.91,214.14999,213.7901,213.845,882706,0,0
2025-07-22 18:00:00,213.8634,214.06,213.75,213.91769,669704,0,0
2025-07-22 18:15:00,213.92,213.95,213.44,213.71001,911994,0,0
2025-07-22 18:30:00,213.71001,214.21001,213.71001,214.0202,740557,0,0
2025-07-22 18:45:00,214.02,214.19,213.85201,214.17,692175,0,0
2025-07-22 19:00:00,214.14,214.41991,214.07001,214.31,1114500,0,0
2025-07-22 19:15:00,214.31,214.33,213.825,214.185,1202741,0,0
2025-07-22 19:30:00,214.17999,214.355,214.08,214.13499,946133,0,0
2025-07-22 19:45:00,214.13499,214.645,213.92999,214.39,3842161,0,0
2025-07-23 13:30:00,215.045,215.10001,213.25999,213.53999,6605095,0,1
2025-07-23 13:45:00,213.185,213.1899,212.42,212.56,2988491,0,0
2025-07-23 14:00:00,212.55,213.16,212.41,212.595,2499155,0,0
2025-07-23 14:15:00,212.61,213.13,212.59,212.9351,1386468,0,0
2025-07-23 14:30:00,212.94991,213.0616,212.5,212.60001,1250125,0,0
2025-07-23 14:45:00,212.60001,212.84,212.53999,212.66,1030370,0,0
2025-07-23 15:00:00,212.675,212.98,212.6519,212.72,1068479,0,0
2025-07-23 15:15:00,212.71001,213.17,212.66,213.14999,1239683,0,0
2025-07-23 15:30:00,213.14999,213.1799,212.64999,212.937,991187,0,0
2025-07-23 15:45:00,212.935,213.81,212.91499,213.355,1495918,0,0
2025-07-23 16:00:00,213.35001,213.67,213.21001,213.39,847991,0,0
2025-07-23 16:15:00,213.38,213.72,213.2101,213.5,1130003,0,0
2025-07-23 16:30:00,213.5,213.63,213.41,213.5,505570,0,0
2025-07-23 16:45:00,213.5,213.63,213.36,213.5999,551698,0,0
2025-07-23 17:00:00,213.59,213.87,213.50999,213.77,537903,0,0
2025-07-23 17:15:00,213.8,214.2285,213.72,214.125,957275,0,0
2025-07-23 17:30:00,214.12,214.63499,214.07001,214.62,1348429,0,0
2025-07-23 17:45:00,214.625,214.625,214.22,214.4601,1103117,0,0
2025-07-23 18:00:00,214.47,214.56,214.25,214.535,889520,0,0
2025-07-23 18:15:00,214.53999,214.59,214.28999,214.405,1009835,0,0
2025-07-23 18:30:00,214.405,214.57001,214.32001,214.53551,756871,0,0
2025-07-23 18:45:00,214.53,214.69501,214.41,214.56,874041,0,0
2025-07-23 19:00:00,214.57001,214.63,214.11,214.14999,905461,0,0
2025-07-23 19:15:00,214.14,214.24989,213.94,214.14,1004991,0,0
2025-07-23 19:30:00,214.145,214.19,213.83231,213.9601,1091466,0,0
2025-07-23 19:45:00,213.965,214.31,213.61,214.31,3098622,0,0
2025-07-24 13:30:00,214.06,215.69,213.97,214.79131,6523205,0,0
2025-07-24 13:45:00,214.795,214.875,213.53,213.83,2054581,0,0
2025-07-24 14:00:00,213.84,214.67,213.565,214.42999,1910696,0,0
2025-07-24 14:15:00,214.45,214.83,214.24001,214.46001,1252231,0,0
2025-07-24 14:30:00,214.45,214.6434,214.189,214.22,1078770,0,0
2025-07-24 14:45:00,214.215,214.56,214.0596,214.3223,1606743,0,0
2025-07-24 15:00:00,214.32001,214.86,214.31,214.86,1068486,0,0
2025-07-24 15:15:00,214.85001,215.35001,214.64,215.25999,2354821,0,0
2025-07-24 15:30:00,215.2616,215.49001,214.86,214.925,1593395,0,0
2025-07-24 15:45:00,214.92,215.0907,214.47,214.89529,1489262,0,0
2025-07-24 16:00:00,214.87,214.89,214.22501,214.235,1047050,0,0
2025-07-24 16:15:00,214.235,214.565,214.2,214.34,815431,0,0
2025-07-24 16:30:00,214.34,214.58501,214.28,214.575,811106,0,0
2025-07-24 16:45:00,214.58,214.7999,214.46001,214.675,685560,0,0
2025-07-24 17:00:00,214.67,215.16,214.60001,215.10139,887769,0,0
2025-07-24 17:15:00,215.11,215.2,214.78999,214.78999,603337,0,0
2025-07-24 17:30:00,214.78999,214.92,214.56,214.6599,603064,0,0
2025-07-24 17:45:00,214.66,214.72,214.5616,214.67999,430067,0,0
2025-07-24 18:00:00,214.67999,215.2,214.67999,214.92999,871498,0,0
2025-07-24 18:15:00,214.935,214.97,214.67999,214.735,634337,0,0
2025-07-24 18:30:00,214.73891,214.855,214.47,214.56,679926,0,0
2025-07-24 18:45:00,214.565,214.57001,214.33,214.53,787247,0,0
2025-07-24 19:00:00,214.52,214.77,214.42999,214.72,732477,0,0
2025-07-24 19:15:00,214.73,215.02,214.69,214.81,939294,0,0
2025-07-24 19:30:00,214.811,214.94,214.63,214.74001,843110,0,0
2025-07-24 19:45:00,214.735,214.7453,213.72,213.75999,5000321,0,0
2025-07-25 13:30:00,214.7,214.86,213.8,213.9478,5040490,0,0
2025-07-25 13:45:00,214.0,214.52,213.92999,214.0918,1692114,0,0
2025-07-25 14:00:00,214.09,214.42999,213.74001,214.2,1610094,0,0
2025-07-25 14:15:00,214.2,214.64999,214.09,214.5853,1707070,0,0
2025-07-25 14:30:00,214.59,215.24001,214.535,214.67,2039854,0,0
2025-07-25 14:45:00,214.67,214.75999,214.41389,214.73019,977724,0,0
2025-07-25 15:00:00,214.73,214.78,214.355,214.49001,842862,0,0
2025-07-25 15:15:00,214.49001,214.675,214.21001,214.50999,1272911,0,0
2025-07-25 15:30:00,214.5,214.64,214.14999,214.21001,1437553,0,0
2025-07-25 15:45:00,214.2,214.46989,214.09,214.2365,2346321,0,0
2025-07-25 16:00:00,214.23,214.53999,214.05,214.42999,904042,0,0
2025-07-25 16:15:00,214.4404,214.61501,214.345,214.3896,594612,0,0
2025-07-25 16:30:00,214.39,214.51961,214.35001,214.49001,587330,0,0
2025-07-25 16:45:00,214.485,214.59,214.33,214.405,679267,0,0
2025-07-25 17:00:00,214.40491,214.405,214.16499,214.24471,607850,0,0
2025-07-25 17:15:00,214.245,214.28,214.03999,214.17,762096,0,0
2025-07-25 17:30:00,214.17039,214.50999,214.02,214.09419,865106,0,0
2025-07-25 17:45:00,214.09,214.22,213.92,213.9901,1012108,0,0
2025-07-25 18:00:00,213.995,214.16991,213.89999,214.03,612788,0,0
2025-07-25 18:15:00,214.02,214.03999,213.82001,213.89,570913,0,0
2025-07-25 18:30:00,213.91,214.00999,213.78999,213.8907,634955,0,0
2025-07-25 18:45:00,213.89,213.96001,213.7,213.7935,730946,0,0
2025-07-25 19:00:00,213.78999,213.89999,213.705,213.71001,693952,0,0
2025-07-25 19:15:00,213.715,213.82671,213.39999,213.5,898104,0,0
2025-07-25 19:30:00,213.505,213.7188,213.49001,213.61301,1165329,0,0
2025-07-25 19:45:00,213.61,214.0,213.59,213.96001,3235534,0,0
2025-07-28 13:30:00,214.03,214.67,213.58,213.7998,3205107,0,0
2025-07-28 13:45:00,213.7865,214.21989,213.72,213.89999,1583771,0,0
2025-07-28 14:00:00,213.925,214.67999,213.86,214.62,1727383,0,0
2025-07-28 14:15:00,214.62,214.74001,214.3501,214.52,1322601,0,0
2025-07-28 14:30:00,214.535,214.845,214.465,214.495,1363642,0,0
2025-07-28 14:45:00,214.4948,214.56,214.395,214.42,760049,0,0
2025-07-28 15:00:00,214.455,214.535,214.23,214.50999,781074,0,0
2025-07-28 15:15:00,214.50999,214.55,214.1223,214.435,967636,0,0
2025-07-28 15:30:00,214.44,214.60001,214.35001,214.42,758427,0,0
2025-07-28 15:45:00,214.425,214.55,214.39999,214.42999,573601,0,0
2025-07-28 16:00:00,214.435,214.53999,214.28999,214.5,585105,0,0
2025-07-28 16:15:00,214.5,214.75,214.45,214.53999,663819,0,0
2025-07-28 16:30:00,214.535,214.575,214.22501,214.36,1145205,0,0
2025-07-28 16:45:00,214.36011,214.39999,214.22501,214.33,416898,0,0
2025-07-28 17:00:00,214.34,214.45,213.98,214.03999,699013,0,0
2025-07-28 17:15:00,214.03999,214.03999,213.41499,213.645,1713923,0,0
2025-07-28 17:30:00,213.63499,213.95869,213.62,213.8535,613043,0,0
2025-07-28 17:45:00,213.83,214.02,213.72501,213.735,584646,0,0
2025-07-28 18:00:00,213.735,213.9399,213.6703,213.91,617768,0,0
2025-07-28 18:15:00,213.8996,213.98,213.71001,213.8,576716,0,0
2025-07-28 18:30:00,213.82001,213.83,213.45,213.46001,872408,0,0
2025-07-28 18:45:00,213.461,213.61,213.06,213.12,1031310,0,0
2025-07-28 19:00:00,213.14,213.32001,213.065,213.31,887303,0,0
2025-07-28 19:15:00,213.32001,213.4364,213.08501,213.42999,1606155,0,0
2025-07-28 19:30:00,213.42,213.86501,213.32001,213.845,1081039,0,0
2025-07-28 19:45:00,213.84,214.05,213.64999,214.03999,2895148,0,0
2025-07-29 13:30:00,214.16,214.81,213.75011,213.88,4515272,0,1
2025-07-29 13:45:00,213.88499,213.88499,211.50999,212.53999,3415573,0,0
2025-07-29 14:00:00,212.53999,213.25999,212.07001,213.10001,1954535,0,0
2025-07-29 14:15:00,213.10001,213.39,212.61,213.05,1933481,0,0
2025-07-29 14:30:00,213.03999,213.24831,212.39999,212.49001,1599061,0,0
2025-07-29 14:45:00,212.485,212.81,212.12,212.60001,1376099,0,0
2025-07-29 15:00:00,212.605,212.7695,212.25999,212.405,1142608,0,0
2025-07-29 15:15:00,212.38499,212.57001,211.89,211.89999,1312284,0,0
2025-07-29 15:30:00,211.881,212.22,211.7,211.8125,1352397,0,0
2025-07-29 15:45:00,211.825,212.53999,211.8103,212.50999,1231489,0,0
2025-07-29 16:00:00,212.50999,212.92999,212.32001,212.47,1348232,0,0
2025-07-29 16:15:00,212.47,212.72,212.0,212.0,910384,0,0
2025-07-29 16:30:00,211.99001,212.17999,211.84,211.92,838536,0,0
2025-07-29 16:45:00,211.92999,212.2365,211.8799,212.17999,762016,0,0
2025-07-29 17:00:00,212.16,212.31,210.825,212.08,1904456,0,0
2025-07-29 17:15:00,212.07449,212.39,211.94,212.2,1053631,0,0
2025-07-29 17:30:00,212.21001,212.38499,212.03011,212.1393,783325,0,0
2025-07-29 17:45:00,212.14999,212.34,211.9301,212.075,646427,0,0
2025-07-29 18:00:00,212.065,212.39,212.02,212.12959,766931,0,0
2025-07-29 18:15:00,212.125,212.25999,211.815,211.96001,828194,0,0
2025-07-29 18:30:00,211.965,212.44,211.965,212.155,749228,0,0
2025-07-29 18:45:00,212.16,212.21001,211.97,211.98,574184,0,0
2025-07-29 19:00:00,211.97,212.05,211.60001,211.78999,997640,0,0
2025-07-29 19:15:00,211.7852,212.035,211.75999,211.89,1055031,0,0
2025-07-29 19:30:00,211.89,211.91,211.48,211.67999,1033493,0,0
2025-07-29 19:45:00,211.67,211.78,211.0545,211.35001,3802998,0,0
2025-07-30 13:30:00,211.895,212.39,210.42999,211.0195,3604299,0,0
2025-07-30 13:45:00,211.00999,211.13,210.02,210.45,1476944,0,0
2025-07-30 14:00:00,210.42,210.72501,210.1001,210.44,1295819,0,0
2025-07-30 14:15:00,210.42999,210.88,210.36,210.61,1080321,0,0
2025-07-30 14:30:00,210.62,210.72,210.36,210.39,874828,0,0
2025-07-30 14:45:00,210.39,210.67999,210.35001,210.42999,744709,0,0
2025-07-30 15:00:00,210.44,210.575,209.7,209.83,1157560,0,0
2025-07-30 15:15:00,209.825,210.06,209.62,209.715,963692,0,0
2025-07-30 15:30:00,209.72,209.89,209.57001,209.8696,715899,0,0
2025-07-30 15:45:00,209.85001,210.19,209.66,210.1604,837744,0,0
2025-07-30 16:00:00,210.14999,210.34,210.09,210.19501,695664,0,0
2025-07-30 16:15:00,210.2,210.42,210.07001,210.12,548406,0,0
2025-07-30 16:30:00,210.11,210.17,209.94,209.99001,577669,0,0
2025-07-30 16:45:00,210.0,210.03999,209.50999,209.58,774568,0,0
2025-07-30 17:00:00,209.58501,209.75999,209.32001,209.42999,886767,0,0
2025-07-30 17:15:00,209.43021,209.815,209.42999,209.7565,602869,0,0
2025-07-30 17:30:00,209.75,210.1499,209.72,210.08,613774,0,0
2025-07-30 17:45:00,210.09,210.09,209.745,209.895,617240,0,0
2025-07-30 18:00:00,209.94,210.035,209.5,209.55,1269868,0,0
2025-07-30 18:15:00,209.5502,209.87981,209.48,209.855,711207,0,0
2025-07-30 18:30:00,209.855,210.14,209.36011,209.8,1100117,0,0
2025-07-30 18:45:00,209.795,209.80499,208.3,208.35001,1765699,0,0
2025-07-30 19:00:00,208.31,208.53,207.72,208.28,1726501,0,0
2025-07-30 19:15:00,208.285,208.71001,208.14999,208.52,1310075,0,0
2025-07-30 19:30:00,208.50999,208.83,208.13,208.16,1243367,0,0
2025-07-30 19:45:00,208.17,209.10989,208.14999,209.02,2968601,0,0
2025-07-31 13:30:00,208.38,209.45,207.825,208.94,5556566,0,0
2025-07-31 13:45:00,208.94,209.09,208.37,208.485,2131360,0,0
2025-07-31 14:00:00,208.47,209.62,208.37,209.49001,1933269,0,0
2025-07-31 14:15:00,209.49001,209.6815,208.81,208.84241,1716329,0,1
2025-07-31 14:30:00,208.86,209.55,208.8593,209.31,1763738,0,0
2025-07-31 14:45:00,209.32001,209.36,208.72,208.98,1996185,0,0
2025-07-31 15:00:00,208.98,209.24001,208.31,208.3295,1463455,0,0
2025-07-31 15:15:00,208.33,208.59869,208.07001,208.28281,1485689,0,0
2025-07-31 15:30:00,208.27,208.92,208.17,208.8338,1584055,0,0
2025-07-31 15:45:00,208.83,208.86,208.3157,208.61501,1204336,0,0
2025-07-31 16:00:00,208.62,209.0,208.62,208.78999,874749,0,0
2025-07-31 16:15:00,208.78999,208.97,208.61,208.9545,910686,0,0
2025-07-31 16:30:00,208.95,209.3152,208.86,209.25,960822,0,0
2025-07-31 16:45:00,209.25999,209.3799,208.96001,209.0672,1161834,0,0
2025-07-31 17:00:00,209.06821,209.84,208.74001,209.661,1730615,0,0
2025-07-31 17:15:00,209.655,209.7,208.5,208.66499,1296531,0,0
2025-07-31 17:30:00,208.66499,208.88,208.3273,208.655,1061583,0,0
2025-07-31 17:45:00,208.66,208.92,208.149,208.32001,987959,0,0
2025-07-31 18:00:00,208.295,208.56,207.92,208.03,1256816,0,0
2025-07-31 18:15:00,208.03,208.76981,207.59,208.61,1695363,0,0
2025-07-31 18:30:00,208.61,209.03,208.53999,208.92999,1463038,0,0
2025-07-31 18:45:00,208.92999,209.25,208.71001,208.94,1301477,0,0
2025-07-31 19:00:00,208.99001,209.38429,208.73,208.77991,1794014,0,0
2025-07-31 19:15:00,208.77,209.07001,208.49001,208.5699,1553000,0,0
2025-07-31 19:30:00,208.57001,208.85001,208.39999,208.67,1938091,0,0
2025-07-31 19:45:00,208.6725,208.78,207.16,207.61,6308362,0,0
2025-08-01 13:30:00,210.84,213.58,208.17999,208.19501,13095328,0,1
2025-08-01 13:45:00,208.2,208.45,206.28,207.045,6311827,0,0
2025-08-01 14:00:00,207.03999,207.47,205.52,206.38,4755706,0,0
2025-08-01 14:15:00,206.36501,206.8399,204.37,205.36,5167418,0,0
2025-08-01 14:30:00,205.33,205.73,203.715,203.745,3910223,0,0
2025-08-01 14:45:00,203.78,204.44,203.7596,204.0399,2641944,0,0
2025-08-01 15:00:00,204.03,204.58501,203.69,204.05,2695114,0,0
2025-08-01 15:15:00,204.03999,204.39999,203.07001,203.44,2500873,0,0
2025-08-01 15:30:00,203.42,204.59,203.22501,204.42,2598729,0,0
2025-08-01 15:45:00,204.42,204.58,203.58501,203.73,2037226,0,0
2025-08-01 16:00:00,203.71001,204.00999,202.965,203.14999,2346258,0,0
2025-08-01 16:15:00,203.14,203.21001,202.64999,202.75,2278677,0,0
2025-08-01 16:30:00,202.75999,203.28,202.62,203.03,1947845,0,0
2025-08-01 16:45:00,203.0,203.28951,201.9601,202.08501,2619090,0,0
2025-08-01 17:00:00,202.07001,202.36501,201.53999,201.77,2190693,0,0
2025-08-01 17:15:00,201.76559,202.3,201.5,201.9825,1743730,1,0
2025-08-01 17:30:00,201.9801,202.495,201.6301,201.8511,2076789,0,0
2025-08-01 17:45:00,201.8597,202.55,201.7,202.218,2111943,0,0
2025-08-01 18:00:00,202.2171,202.8792,202.2,202.48,1921307,0,0
2025-08-01 18:15:00,202.46001,203.73,202.41,203.55,1916594,0,0
2025-08-01 18:30:00,203.55,204.27,203.37,204.21001,2082043,0,0
2025-08-01 18:45:00,204.2169,204.3212,203.575,203.82001,1788860,0,1
2025-08-01 19:00:00,203.81,204.02,203.32001,203.60001,1731179,0,0
2025-08-01 19:15:00,203.59,203.78999,202.89999,203.19,2082308,0,0
2025-08-01 19:30:00,203.17999,203.2191,202.57001,202.6404,2354558,0,0
2025-08-01 19:45:00,202.64,203.24001,202.17,202.27,6062409,0,0
2025-08-04 13:30:00,204.505,206.11,204.19501,205.42,6634632,0,0
2025-08-04 13:45:00,205.38,206.31,205.36,206.17,2525031,0,0
2025-08-04 14:00:00,206.19501,206.58,205.94,206.03999,2477558,0,0
2025-08-04 14:15:00,206.03,206.84,206.0,206.75999,1794815,0,0
2025-08-04 14:30:00,206.75999,207.88,206.53,207.39,2495560,0,0
2025-08-04 14:45:00,207.37,207.8,206.0706,207.19501,3292998,0,0
2025-08-04 15:00:00,207.19501,207.4099,206.405,206.485,1368858,0,0
2025-08-04 15:15:00,206.485,206.49001,205.74001,205.77,1661207,0,0
2025-08-04 15:30:00,205.75999,205.88,205.47,205.66,1252859,0,0
2025-08-04 15:45:00,205.67,205.7,205.265,205.28999,1251446,0,0
2025-08-04 16:00:00,205.3,205.505,204.44,204.5,1679384,0,0
2025-08-04 16:15:00,204.4911,204.60001,203.92999,203.935,1575737,0,0
2025-08-04 16:30:00,203.94,204.39,203.86501,204.35001,1683864,0,0
2025-08-04 16:45:00,204.353,204.36,203.88,204.14,1225722,0,0
2025-08-04 17:00:00,204.1434,204.48,204.035,204.29269,1046769,0,0
2025-08-04 17:15:00,204.3,204.33,203.94,204.14999,1090439,0,0
2025-08-04 17:30:00,204.14,204.2,203.8,203.81,1125347,0,0
2025-08-04 17:45:00,203.80341,204.11,203.57001,203.7114,982810,0,0
2025-08-04 18:00:00,203.72,204.22,203.46001,203.61,1475081,0,0
2025-08-04 18:15:00,203.61,203.8752,203.41,203.42999,1075987,0,0
2025-08-04 18:30:00,203.44,203.53,202.67,202.7401,2271720,0,0
2025-08-04 18:45:00,202.75999,203.034,202.07001,202.59,2084619,0,0
2025-08-04 19:00:00,202.59,202.96001,202.27,202.91,3131394,0,0
2025-08-04 19:15:00,202.9399,203.08501,202.285,202.325,3106841,0,0
2025-08-04 19:30:00,202.33,202.655,201.675,202.5045,3296799,0,0
2025-08-04 19:45:00,202.5,203.45,202.345,203.34,5377070,0,0
2025-08-05 13:30:00,203.435,204.25909,202.16,202.595,4253916,0,0
2025-08-05 13:45:00,202.61,203.67,202.61,203.37,1836637,0,0
2025-08-05 14:00:00,203.31,204.2588,202.89999,204.03999,2131433,0,0
2025-08-05 14:15:00,204.03999,204.55499,203.94501,204.53,1627028,0,0
2025-08-05 14:30:00,204.535,204.79041,203.905,204.27879,1649202,0,0
2025-08-05 14:45:00,204.28,204.5399,204.03,204.23,1499927,0,0
2025-08-05 15:00:00,204.23,205.34,204.075,205.29961,2032634,0,0
2025-08-05 15:15:00,205.28999,205.33859,204.39,204.63,1284426,0,0
2025-08-05 15:30:00,204.62,204.69,203.9503,204.05,1300880,0,0
2025-08-05 15:45:00,204.03999,204.1501,203.6779,203.9201,932671,0,0
2025-08-05 16:00:00,203.91,203.9319,203.44,203.53999,869008,0,0
2025-08-05 16:15:00,203.55,203.78999,203.5201,203.71001,680115,0,0
2025-08-05 16:30:00,203.71001,203.92,203.09,203.295,1112558,0,0
2025-08-05 16:45:00,203.28999,203.89999,203.17,203.851,1002912,0,0
2025-08-05 17:00:00,203.83,204.17,203.75999,204.03,953031,0,0
2025-08-05 17:15:00,204.02,204.1597,203.82001,204.035,652475,0,0
2025-08-05 17:30:00,204.05,204.095,203.75999,203.965,706334,0,0
2025-08-05 17:45:00,203.96001,204.12,203.86,204.03,516190,0,0
2025-08-05 18:00:00,204.035,204.3,203.991,204.25101,666066,0,0
2025-08-05 18:15:00,204.25,204.28999,203.83,203.87,789116,0,0
2025-08-05 18:30:00,203.86,203.97,203.6201,203.77,827653,0,0
2025-08-05 18:45:00,203.78,203.8544,203.19009,203.58,912836,0,0
2025-08-05 19:00:00,203.595,203.67999,203.36,203.42999,787148,0,0
2025-08-05 19:15:00,203.44,203.52,203.25999,203.33501,827120,0,0
2025-08-05 19:30:00,203.34,203.41,202.89,203.02991,1216663,0,0
2025-08-05 19:45:00,203.03,203.07001,202.67,202.92999,2568088,0,0
2025-08-06 13:30:00,205.60001,209.84,205.59,209.78,11301932,0,0
2025-08-06 13:45:00,209.77499,210.32001,209.33,209.545,5202201,0,0
2025-08-06 14:00:00,209.545,211.14999,209.5,210.56,4265290,0,0
2025-08-06 14:15:00,210.53999,210.91499,210.07001,210.75999,3431710,0,0
2025-08-06 14:30:00,210.75999,212.27,210.63,212.2093,3690103,0,0
2025-08-06 14:45:00,212.22,212.2599,210.92999,211.075,3404313,0,0
2025-08-06 15:00:00,211.08,212.3,210.66,212.17999,3185358,0,0
2025-08-06 15:15:00,212.17999,214.34,212.075,214.22501,5338399,0,0
2025-08-06 15:30:00,214.22501,214.7,213.81,214.27,5101215,0,0
2025-08-06 15:45:00,214.28,214.89999,213.67,214.63,3507039,0,0
2025-08-06 16:00:00,214.63499,214.9899,214.375,214.75999,4106362,0,0
2025-08-06 16:15:00,214.75999,214.99001,214.17999,214.49989,2682692,0,0
2025-08-06 16:30:00,214.5197,214.61,213.869,214.2636,2293142,0,0
2025-08-06 16:45:00,214.25999,214.75,214.17,214.48,1646825,0,0
2025-08-06 17:00:00,214.485,214.59,214.03999,214.3401,1656437,0,0
2025-08-06 17:15:00,214.36501,214.88989,214.36,214.53999,1735591,0,0
2025-08-06 17:30:00,214.515,215.38,214.429,215.1245,2951453,0,0
2025-08-06 17:45:00,215.11301,215.14999,214.09,214.38499,2008457,0,0
2025-08-06 18:00:00,214.38,214.7,214.13,214.67509,1740918,0,0
2025-08-06 18:15:00,214.675,214.9299,214.4949,214.60249,1517486,0,0
2025-08-06 18:30:00,214.61,214.795,214.45,214.50999,1302865,0,0
2025-08-06 18:45:00,214.515,214.71001,214.38,214.3999,1519044,0,0
2025-08-06 19:00:00,214.395,214.55,213.82001,213.86501,1948926,0,0
2025-08-06 19:15:00,213.87,214.45,213.75,213.875,2410974,0,0
2025-08-06 19:30:00,213.88499,214.42,213.71001,214.035,2488096,0,0
2025-08-06 19:45:00,214.035,214.25,212.81,213.25,7065023,0,0
2025-08-07 13:30:00,218.875,219.85001,216.58,219.67889,15078254,0,0
2025-08-07 13:45:00,219.67999,220.33,218.21001,219.55499,7426738,0,0
2025-08-07 14:00:00,219.59,219.99001,218.24001,218.3864,4765104,0,0
2025-08-07 14:15:00,218.37,218.37,217.56,218.27,3495560,0,0
2025-08-07 14:30:00,218.2863,218.85001,217.92,218.27,2235205,0,0
2025-08-07 14:45:00,218.24001,219.14549,217.64999,219.14549,3174110,1,0
2025-08-07 15:00:00,219.145,219.5,218.97,219.395,3168173,0,0
2025-08-07 15:15:00,219.39,220.13,219.21001,219.629,3379823,0,0
2025-08-07 15:30:00,219.62,220.1998,219.42,219.73,3566349,0,0
2025-08-07 15:45:00,219.73,219.98,219.53,219.605,1646792,0,0
2025-08-07 16:00:00,219.60001,220.14,219.55,220.02,2477798,0,0
2025-08-07 16:15:00,220.00999,220.34,219.72,219.91499,2205886,0,0
2025-08-07 16:30:00,219.92,220.21001,219.11,219.19,2067672,0,0
2025-08-07 16:45:00,219.17999,219.38,218.8,219.205,2045170,0,0
2025-08-07 17:00:00,219.22,219.61,213.25,219.35001,1690172,0,0
2025-08-07 17:15:00,219.33,219.39999,218.70261,218.71001,1379631,0,0
2025-08-07 17:30:00,218.72,219.52,218.7101,219.3,1413996,0,0
2025-08-07 17:45:00,219.295,219.4399,219.03,219.27,1118864,0,0
2025-08-07 18:00:00,219.27,219.73,219.0354,219.4411,1218293,0,0
2025-08-07 18:15:00,219.42999,219.52,219.17,219.5,978200,0,0
2025-08-07 18:30:00,219.49001,219.98,219.2435,219.84,1508614,0,0
2025-08-07 18:45:00,219.8439,220.85001,219.84,220.42999,3094411,0,0
2025-08-07 19:00:00,220.45,220.5798,219.73,219.81,2032934,0,0
2025-08-07 19:15:00,219.81,220.05,219.3,219.30009,2676176,0,0
2025-08-07 19:30:00,219.3045,220.08,219.25,220.045,1956741,0,0
2025-08-07 19:45:00,220.05,220.2,219.3949,220.13,4941928,0,0
2025-08-08 13:30:00,220.82001,221.00999,219.25,220.38499,5163138,0,0
2025-08-08 13:45:00,220.39999,222.2998,220.339,222.175,3509867,0,0
2025-08-08 14:00:00,222.19,223.10001,221.87,222.22,4168003,0,0
2025-08-08 14:15:00,222.22,222.8,221.82001,222.78169,2711236,0,0
2025-08-08 14:30:00,222.78,223.57001,222.66,223.53,2943321,0,0
2025-08-08 14:45:00,223.53,223.53059,222.63,222.955,2444865,0,0
2025-08-08 15:00:00,222.94,223.96001,222.89999,223.69,2557616,0,0
2025-08-08 15:15:00,223.6926,224.63,223.46651,224.36,2728756,0,0
2025-08-08 15:30:00,224.355,225.34,224.31,224.89999,4129510,0,0
2025-08-08 15:45:00,224.95,226.3299,224.755,225.99001,4116108,0,0
2025-08-08 16:00:00,225.9865,226.86,225.89,226.552,3822288,0,0
2025-08-08 16:15:00,226.545,228.22501,226.46519,228.2,4967263,0,0
2025-08-08 16:30:00,228.20979,229.89999,227.9436,229.55,8032338,0,0
2025-08-08 16:45:00,229.55161,230.56,229.31,229.78999,8558556,0,0
2025-08-08 17:00:00,229.78461,230.91,229.47,230.3,5088127,0,0
2025-08-08 17:15:00,230.295,230.295,228.67,228.675,3875255,0,0
2025-08-08 17:30:00,228.67,229.89999,228.55,229.46001,3341675,0,0
2025-08-08 17:45:00,229.455,230.5,229.44501,230.245,3407295,0,0
2025-08-08 18:00:00,230.245,230.99001,229.825,229.845,3433053,0,0
2025-08-08 18:15:00,229.845,230.03,229.1714,229.28999,2370842,0,0
2025-08-08 18:30:00,229.2916,229.8799,229.19,229.64,2333128,0,0
2025-08-08 18:45:00,229.67,229.67999,229.07001,229.11,2070905,0,0
2025-08-08 19:00:00,229.12,229.53,228.88,228.92999,2256892,0,0
2025-08-08 19:15:00,228.92999,229.6199,228.50999,228.83,4551380,0,0
2025-08-08 19:30:00,228.82001,229.17,228.46001,229.00999,4518903,0,0
2025-08-08 19:45:00,229.00999,229.69,228.995,229.37,6669597,0,0
2025-08-11 13:30:00,226.75,228.73,224.76241,225.935,9182567,0,0
2025-08-11 13:45:00,225.935,226.69,225.56039,226.0407,2669785,0,0
2025-08-11 14:00:00,226.03999,227.17,225.839,227.02499,2354026,0,0
2025-08-11 14:15:00,227.03,227.3,226.49139,226.77499,1993950,0,0
2025-08-11 14:30:00,226.78999,227.89,226.6601,227.36501,1866490,0,0
2025-08-11 14:45:00,227.36,227.42,226.495,226.52,1469364,0,0
2025-08-11 15:00:00,226.521,227.17999,226.10001,226.88499,3080251,0,0
2025-08-11 15:15:00,226.88,227.64999,226.5901,227.47,1561749,0,0
2025-08-11 15:30:00,227.47,228.7,227.47,228.16499,2450002,0,0
2025-08-11 15:45:00,228.16499,228.96001,228.05,228.625,1594483,0,0
2025-08-11 16:00:00,228.63,229.56,228.55,228.82001,1858434,0,0
2025-08-11 16:15:00,228.82001,229.0462,228.3401,228.73,1517264,0,0
2025-08-11 16:30:00,228.735,229.0999,228.5601,228.75,1048125,0,0
2025-08-11 16:45:00,228.73,228.89999,228.10001,228.395,978471,0,0
2025-08-11 17:00:00,228.39999,228.57001,228.11,228.125,976874,0,0
2025-08-11 17:15:00,228.12,228.61,228.0,228.10001,1117407,0,0
2025-08-11 17:30:00,228.09,228.19501,227.24001,227.34,1552620,0,0
2025-08-11 17:45:00,227.33,227.64999,227.00999,227.23759,1304160,0,0
2025-08-11 18:00:00,227.245,228.03979,227.10001,227.9745,1243471,0,0
2025-08-11 18:15:00,227.97,228.17999,227.41,227.735,1213246,0,0
2025-08-11 18:30:00,227.75999,227.96001,227.16,227.16,940098,0,0
2025-08-11 18:45:00,227.175,227.67999,227.10001,227.53999,1088712,0,0
2025-08-11 19:00:00,227.53999,227.8,227.1862,227.765,2547383,0,0
2025-08-11 19:15:00,227.75999,227.94,227.53,227.64999,3008734,0,0
2025-08-11 19:30:00,227.65919,227.69501,227.161,227.295,1322241,0,0
2025-08-11 19:45:00,227.30499,227.39999,226.64,227.205,4526816,0,0
2025-08-12 13:30:00,228.005,229.9399,227.33,227.375,5947245,0,0
2025-08-12 13:45:00,227.36,228.5999,227.10001,227.875,2694881,0,0
2025-08-12 14:00:00,227.875,228.84,227.32001,228.75999,1965999,0,0
2025-08-12 14:15:00,228.75999,229.46001,228.37,228.57001,1998818,0,0
2025-08-12 14:30:00,228.59,228.84,228.35001,228.625,1368757,0,0
2025-08-12 14:45:00,228.63,229.72,228.25999,229.50031,2476988,0,0
2025-08-12 15:00:00,229.5273,230.5865,229.4761,229.96001,4381337,0,0
2025-08-12 15:15:00,229.965,230.35001,229.429,229.73,1865417,0,0
2025-08-12 15:30:00,229.7299,229.791,228.32001,229.19501,2168926,0,0
2025-08-12 15:45:00,229.2,229.87,229.10001,229.71001,1002766,0,0
2025-08-12 16:00:00,229.71001,230.11,229.6301,229.91499,981333,0,0
2025-08-12 16:15:00,229.91499,230.08,229.47,229.78,715349,0,0
2025-08-12 16:30:00,229.78,230.48,229.66,230.46001,1074420,0,0
2025-08-12 16:45:00,230.47,230.78,230.11,230.39,2402059,0,0
2025-08-12 17:00:00,230.39999,230.71001,230.07001,230.35001,899186,0,0
2025-08-12 17:15:00,230.32001,230.455,229.7701,229.77499,696936,0,0
2025-08-12 17:30:00,229.7701,230.49001,229.52499,230.48,1251597,0,0
2025-08-12 17:45:00,230.49001,230.55,229.87,229.94501,866857,0,0
2025-08-12 18:00:00,229.9462,230.1097,229.56,229.67,682151,0,0
2025-08-12 18:15:00,229.66,229.795,229.45,229.57001,792795,0,0
2025-08-12 18:30:00,229.58,229.61,229.02,229.2298,824427,0,0
2025-08-12 18:45:00,229.22,229.47501,229.1301,229.2901,755906,0,0
2025-08-12 19:00:00,229.30499,229.31081,228.92,229.1414,810142,0,0
2025-08-12 19:15:00,229.14,229.32001,229.06,229.183,937396,0,0
2025-08-12 19:30:00,229.17,229.64999,229.07001,229.265,1338208,0,0
2025-08-12 19:45:00,229.25999,230.10001,229.06,229.64999,3396499,0,0
2025-08-13 13:30:00,231.07001,232.1899,230.42999,231.08,5734772,0,0
2025-08-13 13:45:00,231.08,231.91,230.45,231.7775,3138071,0,0
2025-08-13 14:00:00,231.75,232.58,231.16,232.425,3334093,0,0
2025-08-13 14:15:00,232.39,232.72,231.55,231.81,2531720,0,0
2025-08-13 14:30:00,231.81,233.4299,231.77,233.28999,2991936,0,0
2025-08-13 14:45:00,233.285,234.55,233.11,233.60001,3806170,0,0
2025-08-13 15:00:00,233.53,233.91499,231.78,231.85001,2927848,0,0
2025-08-13 15:15:00,231.845,232.62,231.67999,232.28999,1879622,0,0
2025-08-13 15:30:00,232.28,233.3186,232.0302,232.97,1548882,0,0
2025-08-13 15:45:00,232.96001,233.2,232.53011,232.66499,1195638,0,0
2025-08-13 16:00:00,232.67999,232.95,232.345,232.88499,1054754,0,0
2025-08-13 16:15:00,232.88,233.39729,232.72501,233.095,2166970,0,0
2025-08-13 16:30:00,233.07001,233.17999,232.75999,232.94,1039173,0,0
2025-08-13 16:45:00,232.94501,233.36,232.07001,232.1068,1258548,0,0
2025-08-13 17:00:00,232.09869,232.3275,231.61,231.66499,2048597,0,0
2025-08-13 17:15:00,231.66589,232.47,231.5601,232.455,1070906,0,0
2025-08-13 17:30:00,232.45,232.55,232.02,232.55,839268,0,0
2025-08-13 17:45:00,232.56,233.19,232.39,233.11,1138078,0,0
2025-08-13 18:00:00,233.1001,234.99001,232.53999,234.39,3319176,0,0
2025-08-13 18:15:00,234.42,234.539,232.48,232.925,2840825,0,0
2025-08-13 18:30:00,232.94,233.3885,230.8,232.78011,3536236,0,0
2025-08-13 18:45:00,232.80499,233.28999,232.64999,233.12,1197261,0,0
2025-08-13 19:00:00,233.12,233.84,233.06,233.8197,2715261,0,0
2025-08-13 19:15:00,233.81,233.91,233.31,233.58501,1744090,0,0
2025-08-13 19:30:00,233.58501,234.33,233.50999,234.015,2033314,0,0
2025-08-13 19:45:00,234.00999,234.13,233.11,233.33,3705038,0,0
2025-08-14 13:30:00,234.05499,235.11,232.89,233.905,9601048,0,1
2025-08-14 13:45:00,233.89,234.6096,233.2498,233.41,2159523,0,0
2025-08-14 14:00:00,233.395,233.42,231.6702,231.74001,2074721,0,0
2025-08-14 14:15:00,231.77,232.33,231.73,232.21001,2217649,0,0
2025-08-14 14:30:00,232.205,232.46001,231.8277,232.09061,1610891,0,0
2025-08-14 14:45:00,232.10001,232.35001,231.545,231.64999,1407636,0,0
2025-08-14 15:00:00,231.655,231.71001,230.85001,231.12,1921816,0,0
2025-08-14 15:15:00,231.11,231.84,231.09,231.7402,1684333,0,0
2025-08-14 15:30:00,231.75,232.295,231.22,231.23,1274990,0,0
2025-08-14 15:45:00,231.2,231.595,230.91,231.32001,1189236,0,0
2025-08-14 16:00:00,231.325,231.7,231.31,231.44,1002420,0,0
2025-08-14 16:15:00,231.44,232.1496,231.42999,232.00999,857051,0,0
2025-08-14 16:30:00,232.02,232.28149,231.9688,232.09,570739,0,0
2025-08-14 16:45:00,232.08279,232.53999,232.02,232.4906,791104,0,0
2025-08-14 17:00:00,232.495,232.89999,232.48,232.71001,958706,0,0
2025-08-14 17:15:00,232.7,233.14,232.6902,232.92731,888824,0,0
2025-08-14 17:30:00,232.92999,233.03999,232.86,233.0,1335631,0,0
2025-08-14 17:45:00,232.9812,233.13,232.4584,232.705,806003,0,0
2025-08-14 18:00:00,232.72501,232.74001,232.44009,232.52,741429,0,0
2025-08-14 18:15:00,232.53,232.8,232.32001,232.73,751156,0,0
2025-08-14 18:30:00,232.71001,232.73,232.44,232.59,883682,0,0
2025-08-14 18:45:00,232.59,233.37,232.53999,232.99001,1154091,0,0
2025-08-14 19:00:00,232.9893,233.44,232.92979,233.09911,1156003,0,0
2025-08-14 19:15:00,233.11,233.49001,232.88,232.94501,1329402,0,0
2025-08-14 19:30:00,232.92999,233.0799,232.69,233.0,1538872,0,0
2025-08-14 19:45:00,233.00999,233.50999,232.73,232.83,3003671,0,0
2025-08-15 13:30:00,233.73,234.22141,232.81,232.86,6893584,0,0
2025-08-15 13:45:00,232.83,233.08,231.8,232.06,1736168,0,0
2025-08-15 14:00:00,232.0,232.4166,231.55009,232.25,1636734,0,0
2025-08-15 14:15:00,232.27,232.685,232.06,232.17,1336796,0,0
2025-08-15 14:30:00,232.16141,232.28999,231.431,231.66,1191814,0,0
2025-08-15 14:45:00,231.66,231.66,230.75,230.87,1482884,0,0
2025-08-15 15:00:00,230.87,231.39,230.47,231.35001,1662909,0,0
2025-08-15 15:15:00,231.36,231.55499,231.0312,231.07001,981817,0,0
2025-08-15 15:30:00,231.07001,231.19,230.63,230.66,1108152,0,0
2025-08-15 15:45:00,230.67,231.455,230.61971,231.02,1198879,0,0
2025-08-15 16:00:00,231.02,231.36,230.82001,231.2849,946110,0,0
2025-08-15 16:15:00,231.28,231.28,230.7301,230.74001,704140,0,0
2025-08-15 16:30:00,230.7442,230.84,230.47369,230.55,2191943,0,0
2025-08-15 16:45:00,230.5528,231.08,230.5528,230.91,805330,0,0
2025-08-15 17:00:00,230.91,231.22501,230.64,230.7,2186730,0,0
2025-08-15 17:15:00,230.71001,230.755,230.23,230.57001,953963,0,0
2025-08-15 17:30:00,230.56,230.82001,230.5,230.5999,890404,0,0
2025-08-15 17:45:00,230.61,230.91,230.49001,230.89,625351,0,0
2025-08-15 18:00:00,230.88499,231.2899,229.36,231.02,2345644,0,0
2025-08-15 18:15:00,231.00999,231.07001,230.63,230.85001,674273,0,0
2025-08-15 18:30:00,230.86,230.98,230.64999,230.69,1085882,0,0
2025-08-15 18:45:00,230.69,230.97,230.48,230.7697,1961409,0,0
2025-08-15 19:00:00,230.77,231.36,230.5905,231.35001,817830,0,0
2025-08-15 19:15:00,231.34,231.5,231.103,231.36,2305633,0,0
2025-08-15 19:30:00,231.37,231.7,231.1235,231.655,1223647,0,0
2025-08-15 19:45:00,231.655,231.77,231.02,231.64999,3472449,0,0
2025-08-18 13:30:00,231.78,232.55,231.34,232.05,3439541,0,0
2025-08-18 13:45:00,232.0,232.73,231.83,232.35001,1702034,0,0
2025-08-18 14:00:00,232.35001,233.12,231.50999,231.55,2129070,0,1
2025-08-18 14:15:00,231.575,231.743,230.61,230.66,2107875,0,0
2025-08-18 14:30:00,230.62,231.14999,230.37,230.73,1463508,0,0
2025-08-18 14:45:00,230.73,230.96001,230.5,230.50999,1301330,0,0
2025-08-18 15:00:00,230.5305,231.2197,230.47,230.83501,1300322,0,0
2025-08-18 15:15:00,230.84,231.22,230.78999,230.86,673326,0,0
2025-08-18 15:30:00,230.86501,230.98,230.5,230.72501,929748,0,0
2025-08-18 15:45:00,230.71581,231.03999,230.71001,230.905,739835,0,0
2025-08-18 16:00:00,230.89999,231.10001,230.755,230.76849,618518,0,0
2025-08-18 16:15:00,230.75999,231.10001,230.655,230.67999,670930,0,0
2025-08-18 16:30:00,230.67999,230.75999,230.159,230.245,880548,0,0
2025-08-18 16:45:00,230.25,230.61,230.11,230.595,801378,0,0
2025-08-18 17:00:00,230.595,230.94991,230.59,230.84,640815,0,0
2025-08-18 17:15:00,230.85001,231.14999,230.84,231.07001,622096,0,0
2025-08-18 17:30:00,231.08,231.67,231.02,231.03,906120,0,0
2025-08-18 17:45:00,231.02,231.17,230.89999,231.08,1222315,0,0
2025-08-18 18:00:00,231.09,231.33,230.94,231.16,587244,0,0
2025-08-18 18:15:00,231.16161,231.24001,231.0,231.145,554812,0,0
2025-08-18 18:30:00,231.14999,231.32001,231.10001,231.235,536454,0,0
2025-08-18 18:45:00,231.24001,231.57001,231.11459,231.46001,644451,0,0
2025-08-18 19:00:00,231.47,231.675,231.23,231.27499,921562,0,0
2025-08-18 19:15:00,231.2701,231.49989,231.16,231.22501,783983,0,0
2025-08-18 19:30:00,231.22,231.5314,231.09,231.36501,963042,0,0
2025-08-18 19:45:00,231.37,231.55,230.88,230.88,1879533,0,0
2025-08-19 13:30:00,231.27499,232.045,230.59,231.23,3069048,0,0
2025-08-19 13:45:00,231.24001,232.28999,231.0,232.07001,1536884,0,0
2025-08-19 14:00:00,232.03999,232.86501,231.96001,232.63,1637246,0,0
2025-08-19 14:15:00,232.63,232.64999,231.59,231.83,1346760,0,1
2025-08-19 14:30:00,231.82001,232.27,231.31,231.39999,1321288,0,0
2025-08-19 14:45:00,231.37,231.38,230.78999,230.86,1691875,0,0
2025-08-19 15:00:00,230.88,231.17999,230.47,230.995,1269750,0,0
2025-08-19 15:15:00,230.99001,231.34,230.58501,231.3226,1048452,0,0
2025-08-19 15:30:00,231.32001,231.66,231.14,231.53999,1087016,0,0
2025-08-19 15:45:00,231.55,231.59,231.14999,231.395,645956,0,0
2025-08-19 16:00:00,231.3912,231.53999,231.05499,231.28,588173,0,0
2025-08-19 16:15:00,231.28,231.5336,231.16,231.30991,996591,0,0
2025-08-19 16:30:00,231.28,231.33,230.73,230.96001,780283,0,0
2025-08-19 16:45:00,230.9493,231.02,230.7,230.715,762135,0,0
2025-08-19 17:00:00,230.715,230.75,230.3,230.526,1158342,0,0
2025-08-19 17:15:00,230.53,230.64999,230.06,230.625,625394,0,0
2025-08-19 17:30:00,230.62,230.875,230.5542,230.71001,627879,0,0
2025-08-19 17:45:00,230.71001,230.89999,230.66,230.78999,473547,0,0
2025-08-19 18:00:00,230.78999,230.78999,230.0899,230.21001,770461,0,0
2025-08-19 18:15:00,230.19,230.272,229.87,230.05,1291987,0,0
2025-08-19 18:30:00,230.02499,230.09,229.62,229.75999,792752,0,0
2025-08-19 18:45:00,229.75999,230.00999,229.58,229.75,894772,0,0
2025-08-19 19:00:00,229.75999,229.96001,229.35001,229.7,977381,0,0
2025-08-19 19:15:00,229.7,230.19,229.59,230.185,870954,0,0
2025-08-19 19:30:00,230.185,230.38499,230.14,230.38,1026991,0,0
2025-08-19 19:45:00,230.38541,230.69,229.99001,230.53999,2953566,0,0
2025-08-20 13:30:00,229.97,230.46989,227.35001,227.735,4034481,0,0
2025-08-20 13:45:00,227.71001,228.27,226.5,227.31,2960655,0,0
2025-08-20 14:00:00,227.285,227.78,227.0,227.36501,2091348,0,0
2025-08-20 14:15:00,227.36501,227.72,226.69501,226.72009,1567662,0,0
2025-08-20 14:30:00,226.74001,227.0432,226.48,226.8,1352340,0,0
2025-08-20 14:45:00,226.78999,226.87,226.22,226.57001,1269663,0,0
2025-08-20 15:00:00,226.53999,226.92999,226.11,226.7374,1255822,0,0
2025-08-20 15:15:00,226.72501,227.55,226.72,227.33501,977768,0,0
2025-08-20 15:30:00,227.33,227.37,226.83,227.0826,991180,0,0
2025-08-20 15:45:00,227.09,227.2299,226.41,226.5598,735331,0,0
2025-08-20 16:00:00,226.55,227.0251,226.5249,227.0,1149816,0,0
2025-08-20 16:15:00,226.98,227.14,226.73,227.1346,723652,0,0
2025-08-20 16:30:00,227.13,227.16,226.50999,226.595,686441,0,0
2025-08-20 16:45:00,226.605,226.625,225.89,226.27,1040158,0,0
2025-08-20 17:00:00,226.2601,226.83,226.18201,226.57001,815319,0,0
2025-08-20 17:15:00,226.58,226.85001,226.14,226.295,629650,0,0
2025-08-20 17:30:00,226.3,226.78,226.23,226.64999,578350,0,0
2025-08-20 17:45:00,226.66499,226.83,226.33369,226.38,635722,0,0
2025-08-20 18:00:00,226.38,226.53999,225.77,226.2784,875902,0,0
2025-08-20 18:15:00,226.27499,226.37,225.91451,225.9901,607037,0,0
2025-08-20 18:30:00,225.99001,226.339,225.99001,226.185,521775,0,0
2025-08-20 18:45:00,226.18069,226.37869,225.87,226.08,630290,0,0
2025-08-20 19:00:00,226.10001,226.61,225.99001,226.50999,1083509,0,0
2025-08-20 19:15:00,226.52,226.73,226.36,226.44501,1153113,0,0
2025-08-20 19:30:00,226.44,226.64751,226.31,226.61501,939892,0,0
2025-08-20 19:45:00,226.61,227.0,225.92999,225.96001,3565065,0,0
2025-08-21 13:30:00,226.28,226.52,224.67999,225.71001,2750090,0,0
2025-08-21 13:45:00,225.72,226.33,225.1942,225.2,1351274,0,0
2025-08-21 14:00:00,225.2,226.0,225.02,225.77,1128462,0,0
2025-08-21 14:15:00,225.77,226.02,225.11,225.5799,1033434,0,0
2025-08-21 14:30:00,225.5273,225.58501,225.10001,225.32001,773771,0,0
2025-08-21 14:45:00,225.31,225.48421,225.16,225.28999,728597,0,0
2025-08-21 15:00:00,225.28999,225.4801,224.64,224.67999,1070651,0,0
2025-08-21 15:15:00,224.67,225.1702,224.5101,225.13,1054946,0,0
2025-08-21 15:30:00,225.13499,225.84,225.11501,225.75999,871439,0,0
2025-08-21 15:45:00,225.765,225.77,225.23,225.25999,654731,0,0
2025-08-21 16:00:00,225.25999,225.27499,224.99001,224.995,565209,0,0
2025-08-21 16:15:00,224.98,225.08,224.8,224.83,665207,0,0
2025-08-21 16:30:00,224.83,224.99631,224.69,224.7251,580943,0,0
2025-08-21 16:45:00,224.7285,225.00999,224.53999,224.61,644293,0,0
2025-08-21 17:00:00,224.62,224.82001,224.315,224.36,851091,0,0
2025-08-21 17:15:00,224.35001,224.37,223.7804,224.175,1251558,0,0
2025-08-21 17:30:00,224.17081,224.7785,224.16,224.55499,810830,0,0
2025-08-21 17:45:00,224.53999,224.75,224.53999,224.56,489261,0,0
2025-08-21 18:00:00,224.55,224.56,224.34,224.49001,539538,0,0
2025-08-21 18:15:00,224.46001,224.59,224.19,224.23,589088,0,0
2025-08-21 18:30:00,224.2235,224.47,224.09419,224.27499,639158,0,0
2025-08-21 18:45:00,224.28,224.5899,224.16,224.50999,573465,0,0
2025-08-21 19:00:00,224.5,224.89999,224.48,224.80161,648492,0,0
2025-08-21 19:15:00,224.80499,225.05499,224.7,224.88,843467,0,0
2025-08-21 19:30:00,224.89999,224.92,224.3884,224.755,1449381,0,0
2025-08-21 19:45:00,224.7588,225.25,224.66,224.91,2527995,0,0
2025-08-22 13:30:00,226.17,226.96001,225.41,226.78,2618992,0,0
2025-08-22 13:45:00,226.77499,226.9855,225.77,225.98,1261426,0,0
2025-08-22 14:00:00,225.97,228.19,225.97,227.60989,2430239,0,0
2025-08-22 14:15:00,227.59,228.1599,227.34,227.95,1930341,0,0
2025-08-22 14:30:00,227.97,228.67,227.8,228.09,1803100,0,0
2025-08-22 14:45:00,228.11,228.60001,227.97099,228.22501,1487567,0,0
2025-08-22 15:00:00,228.22,228.72,228.00929,228.46001,1131778,0,0
2025-08-22 15:15:00,228.47,228.48,228.03,228.06,810682,0,0
2025-08-22 15:30:00,228.03999,228.435,227.81,227.95,760152,0,0
2025-08-22 15:45:00,227.96001,228.2,227.31,227.355,839187,0,0
2025-08-22 16:00:00,227.35001,227.41,227.08,227.24001,793573,0,0
2025-08-22 16:15:00,227.25,227.42,226.925,227.1693,787543,0,0
2025-08-22 16:30:00,227.17,227.48,227.12,227.2804,547554,0,0
2025-08-22 16:45:00,227.28,227.4016,227.07001,227.24001,501801,0,0
2025-08-22 17:00:00,227.23,229.0,227.16499,228.3,1975711,0,0
2025-08-22 17:15:00,228.3,229.09,227.89999,228.61,1922311,0,0
2025-08-22 17:30:00,228.6274,228.6274,228.0201,228.10001,909372,0,0
2025-08-22 17:45:00,228.11501,228.21001,227.78,227.88499,771450,0,0
2025-08-22 18:00:00,227.89999,228.399,227.89011,228.2388,1989188,0,0
2025-08-22 18:15:00,228.23,228.495,227.78999,227.87,983611,0,0
2025-08-22 18:30:00,227.88,228.45,227.825,228.42,1924658,0,0
2025-08-22 18:45:00,228.41,228.51981,228.1684,228.2,636714,0,0
2025-08-22 19:00:00,228.2,228.375,227.965,228.12,837119,0,0
2025-08-22 19:15:00,228.11,228.12981,227.785,227.85001,653029,0,0
2025-08-22 19:30:00,227.84,228.0499,227.44,227.94,1125314,0,0
2025-08-22 19:45:00,227.92999,228.31,227.47,227.75,3013758,0,0
2025-08-25 13:30:00,226.405,228.07001,226.24001,228.0399,3090044,1,0
2025-08-25 13:45:00,228.02,229.05,227.735,228.565,2017146,0,0
2025-08-25 14:00:00,228.57001,229.12,228.25,228.3334,1554022,0,0
2025-08-25 14:15:00,228.315,229.08,228.09,228.81,1339623,0,0
2025-08-25 14:30:00,228.77,228.77,228.3,228.355,1400232,0,0
2025-08-25 14:45:00,228.35001,229.24001,228.28999,228.92999,1162018,0,0
2025-08-25 15:00:00,228.92999,229.19,228.4601,228.81,1168715,0,0
2025-08-25 15:15:00,228.81,229.0201,228.55,228.565,587291,0,0
2025-08-25 15:30:00,228.57001,229.06,228.50011,229.05,692666,0,0
2025-08-25 15:45:00,229.05,229.3,228.94,229.16,619972,0,0
2025-08-25 16:00:00,229.14999,229.17999,228.63,228.67,578938,0,0
2025-08-25 16:15:00,228.67,228.755,228.515,228.53999,535655,0,0
2025-08-25 16:30:00,228.53999,228.545,228.3477,228.5199,530932,0,0
2025-08-25 16:45:00,228.52,228.6483,228.38499,228.505,517181,0,0
2025-08-25 17:00:00,228.505,228.685,228.39999,228.63499,579904,0,0
2025-08-25 17:15:00,228.63,228.75999,228.32001,228.435,727510,0,0
2025-08-25 17:30:00,228.435,228.63,228.36,228.50999,725645,0,0
2025-08-25 17:45:00,228.53999,228.655,228.265,228.30499,572028,0,0
2025-08-25 18:00:00,228.31,228.37109,228.08,228.1499,726281,0,0
2025-08-25 18:15:00,228.14999,228.155,227.74001,227.88499,660949,0,0
2025-08-25 18:30:00,227.875,227.905,227.47,227.52499,688295,0,0
2025-08-25 18:45:00,227.52,227.7,227.44501,227.55,653087,0,0
2025-08-25 19:00:00,227.545,227.8358,227.53999,227.72,610720,0,0
2025-08-25 19:15:00,227.71001,227.7224,227.52,227.5984,709883,0,0
2025-08-25 19:30:00,227.60001,227.7,227.5,227.7,824739,0,0
2025-08-25 19:45:00,227.71001,227.72,227.12,227.14999,2437725,0,0
2025-08-26 13:30:00,226.87,227.05,225.25999,225.30969,2589610,0,0
2025-08-26 13:45:00,225.28,225.4799,224.69,225.25999,2055020,0,0
2025-08-26 14:00:00,225.28999,225.8,224.8866,225.72,1863529,0,0
2025-08-26 14:15:00,225.72,226.5,225.69,226.5,1291412,0,0
2025-08-26 14:30:00,226.50999,226.92,226.28999,226.89,1038481,0,0
2025-08-26 14:45:00,226.89,227.08,226.60001,226.61501,1351440,0,0
2025-08-26 15:00:00,226.63,227.11,226.60001,226.86,686094,0,0
2025-08-26 15:15:00,226.86,227.2999,226.74001,226.96159,709316,0,0
2025-08-26 15:30:00,226.965,227.2899,226.74001,227.0407,598801,0,0
2025-08-26 15:45:00,227.06,227.08,226.55,226.69501,1140909,0,0
2025-08-26 16:00:00,226.71001,227.48,226.71001,227.28,1716783,0,0
2025-08-26 16:15:00,227.28999,227.7,227.1855,227.5705,1062661,0,0
2025-08-26 16:30:00,227.56,227.97,227.4601,227.605,1007869,0,0
2025-08-26 16:45:00,227.605,227.82001,227.42,227.7,611733,0,0
2025-08-26 17:00:00,227.71001,227.86,227.64,227.845,444353,0,0
2025-08-26 17:15:00,227.845,228.17,227.78011,228.1116,620612,0,0
2025-08-26 17:30:00,228.11,228.13,227.74001,227.87,526055,0,0
2025-08-26 17:45:00,227.85001,228.03,227.735,227.9957,522222,0,0
2025-08-26 18:00:00,227.99001,228.14999,227.92,227.99001,536067,0,0
2025-08-26 18:15:00,227.9901,228.50999,227.9901,228.35921,815272,0,0
2025-08-26 18:30:00,228.36,228.52901,228.0701,228.12,546201,0,0
2025-08-26 18:45:00,228.12,228.1373,227.9057,227.97,615533,0,0
2025-08-26 19:00:00,227.98,228.23,227.77,228.23,606266,0,0
2025-08-26 19:15:00,228.22,228.62,228.14,228.56821,836761,0,0
2025-08-26 19:30:00,228.57001,228.72,228.23,228.35001,1281787,0,0
2025-08-26 19:45:00,228.35001,229.49001,227.72501,229.3,3869681,0,0
2025-08-27 13:30:00,228.58,230.25,228.295,229.24989,3489733,0,0
2025-08-27 13:45:00,229.2,229.825,228.75,229.795,1720719,0,0
2025-08-27 14:00:00,229.74001,230.05,229.4501,229.55,1447669,0,0
2025-08-27 14:15:00,229.56,230.093,229.28999,230.015,1181980,0,0
2025-08-27 14:30:00,230.03,230.7,229.98,230.20731,1422397,0,0
2025-08-27 14:45:00,230.21001,230.28979,229.82001,230.17999,1336561,0,0
2025-08-27 15:00:00,230.17999,230.34,229.955,230.02,787001,0,0
2025-08-27 15:15:00,230.00999,230.065,229.48,229.5741,899206,0,0
2025-08-27 15:30:00,229.57001,229.84,229.31,229.785,1039428,0,0
2025-08-27 15:45:00,229.77,230.06,229.72501,229.91499,498017,0,0
2025-08-27 16:00:00,229.92,230.088,229.88499,229.93221,438891,0,0
2025-08-27 16:15:00,229.94,229.95,229.67999,229.87,513835,0,0
2025-08-27 16:30:00,229.89,229.9882,229.64999,229.6601,522676,0,0
2025-08-27 16:45:00,229.66,229.895,229.60001,229.78,452926,0,0
2025-08-27 17:00:00,229.77,230.09,229.67,229.99159,541221,0,0
2025-08-27 17:15:00,230.0,230.03,229.8,229.84,402213,0,0
2025-08-27 17:30:00,229.84,229.99001,229.8,229.97501,416773,0,0
2025-08-27 17:45:00,229.98,230.075,229.895,229.985,428006,0,0
2025-08-27 18:00:00,229.97,230.32001,229.89,230.2516,499159,0,0
2025-08-27 18:15:00,230.25999,230.67999,230.16,230.625,924646,0,0
2025-08-27 18:30:00,230.62,230.63499,230.235,230.24001,602464,0,0
2025-08-27 18:45:00,230.235,230.32001,230.08,230.14999,448500,0,0
2025-08-27 19:00:00,230.155,230.155,229.72,229.7601,621739,0,0
2025-08-27 19:15:00,229.77,230.16,229.7601,230.13251,583569,0,0
2025-08-27 19:30:00,230.125,230.5766,230.12,230.55499,1029787,0,0
2025-08-27 19:45:00,230.55499,230.89999,230.42999,230.44,2771721,0,0
2025-08-28 13:30:00,230.81,230.88,229.33501,230.41051,4734123,0,0
2025-08-28 13:45:00,230.44,230.69,229.67999,230.47,1382560,0,0
2025-08-28 14:00:00,230.42999,230.89999,230.02,230.69,1114843,0,0
2025-08-28 14:15:00,230.705,230.75,230.28,230.4158,785995,0,0
2025-08-28 14:30:00,230.4301,230.99001,230.35001,230.97501,785934,0,0
2025-08-28 14:45:00,231.0,231.89999,230.95,231.35989,1598111,0,0
2025-08-28 15:00:00,231.37,231.5,231.09,231.4201,693029,0,0
2025-08-28 15:15:00,231.4511,231.59,230.71001,230.95,841996,0,0
2025-08-28 15:30:00,230.96001,231.52,230.9482,231.31,786152,0,0
2025-08-28 15:45:00,231.32001,231.785,231.28999,231.55499,652869,0,0
2025-08-28 16:00:00,231.55,231.83,231.41,231.815,490913,0,0
2025-08-28 16:15:00,231.8185,232.355,231.78999,232.28999,1187236,0,0
2025-08-28 16:30:00,232.28,232.5,232.08,232.36,1110490,0,0
2025-08-28 16:45:00,232.355,232.59,232.30029,232.42999,875513,0,0
2025-08-28 17:00:00,232.4603,232.9877,232.39,232.80499,946303,0,0
2025-08-28 17:15:00,232.8163,233.12,232.73,233.0,841686,0,0
2025-08-28 17:30:00,233.00999,233.224,232.925,233.09,786624,0,0
2025-08-28 17:45:00,233.12,233.38,233.1142,233.16499,632017,0,0
2025-08-28 18:00:00,233.16,233.41,232.86,233.125,994921,0,0
2025-08-28 18:15:00,233.121,233.14999,232.83009,232.9192,632294,0,0
2025-08-28 18:30:00,232.92,233.17,232.83,232.963,615966,0,0
2025-08-28 18:45:00,232.96001,232.97,232.69,232.87,660925,0,0
2025-08-28 19:00:00,232.87,232.92,232.72,232.825,564923,0,0
2025-08-28 19:15:00,232.83,233.06,232.77,232.97501,898564,0,0
2025-08-28 19:30:00,232.97501,232.99001,232.6404,232.965,975313,0,0
2025-08-28 19:45:00,232.97,233.33,232.48,232.49001,3938290,0,0
2025-08-29 13:30:00,232.56,233.3613,231.83,232.59,3847952,0,0
2025-08-29 13:45:00,232.545,233.2688,232.35001,232.575,1567740,0,0
2025-08-29 14:00:00,232.56,232.78,231.37,232.33,2108819,0,0
2025-08-29 14:15:00,232.32001,232.89999,231.63,232.8096,1270496,0,0
2025-08-29 14:30:00,232.80499,233.16,232.5,232.7,1094371,0,0
2025-08-29 14:45:00,232.7001,233.05,232.57069,232.875,902020,0,0
2025-08-29 15:00:00,232.86,233.11,232.8,232.82001,729979,0,0
2025-08-29 15:15:00,232.825,233.05499,232.62,232.96001,873616,0,0
2025-08-29 15:30:00,232.985,233.03,231.94,232.14,1664963,0,0
2025-08-29 15:45:00,232.145,232.145,231.39999,231.77319,1258903,0,0
2025-08-29 16:00:00,231.7625,232.375,231.73,232.36591,807507,0,0
2025-08-29 16:15:00,232.355,232.62,232.28011,232.5,683449,0,0
2025-08-29 16:30:00,232.50999,232.94679,232.50999,232.77,660088,0,0
2025-08-29 16:45:00,232.77,232.96001,232.7,232.86,550528,0,0
2025-08-29 17:00:00,232.85001,232.86,232.21021,232.25999,769881,0,0
2025-08-29 17:15:00,232.25999,232.2999,231.98,232.03,697056,0,0
2025-08-29 17:30:00,232.0325,232.38499,232.02,232.21001,1426350,0,0
2025-08-29 17:45:00,232.24001,232.575,232.19,232.33,696112,0,0
2025-08-29 18:00:00,232.33,232.41499,232.02,232.3699,625655,0,0
2025-08-29 18:15:00,232.36,232.47,231.97,232.17999,667779,0,0
2025-08-29 18:30:00,232.19,232.41499,232.08,232.11819,453308,0,0
2025-08-29 18:45:00,232.13,232.27,232.0,232.14999,597962,0,0
2025-08-29 19:00:00,232.1499,232.75,232.1102,232.44,787855,0,0
2025-08-29 19:15:00,232.42999,232.62,232.3,232.35429,594578,0,0
2025-08-29 19:30:00,232.35001,232.83771,232.25011,232.7003,978415,0,0
2025-08-29 19:45:00,232.7,232.73,231.48,232.27,3695244,0,0
2025-09-02 13:30:00,229.7,229.7,227.69,229.39,5017317,0,0
2025-09-02 13:45:00,229.37,230.455,229.0,230.19,1810347,0,0
2025-09-02 14:00:00,230.13,230.69501,230.03,230.17,1510823,0,0
2025-09-02 14:15:00,230.16,230.78,229.99001,230.60001,1348854,0,0
2025-09-02 14:30:00,230.60001,230.75,229.31,229.37,1130893,0,0
2025-09-02 14:45:00,229.41,229.46001,228.0,228.10001,1591933,0,0
2025-09-02 15:00:00,228.095,228.43739,227.9115,227.94,1134491,0,0
2025-09-02 15:15:00,227.935,228.1499,227.5284,227.82899,1267637,0,0
2025-09-02 15:30:00,227.82001,228.00999,227.32001,227.46001,1009992,0,0
2025-09-02 15:45:00,227.45,227.69501,227.17,227.41541,837071,0,0
2025-09-02 16:00:00,227.39999,227.8799,227.38,227.86,688628,0,0
2025-09-02 16:15:00,227.84019,228.1469,227.77499,227.85001,600687,0,0
2025-09-02 16:30:00,227.8437,228.14999,227.67,228.02,751529,0,0
2025-09-02 16:45:00,228.02631,228.14999,227.64999,228.0172,563789,0,0
2025-09-02 17:00:00,228.02,228.21989,227.87,227.965,570130,0,0
2025-09-02 17:15:00,227.95,228.54539,227.85001,228.41,644995,0,0
2025-09-02 17:30:00,228.42,229.08,228.38,228.9507,705843,0,0
2025-09-02 17:45:00,228.95,229.34,228.61,228.61,628933,0,0
2025-09-02 18:00:00,228.59,228.78,228.53999,228.59,535075,0,0
2025-09-02 18:15:00,228.60001,228.645,228.33,228.39999,477041,0,0
2025-09-02 18:30:00,228.39999,228.5943,228.35001,228.505,505744,0,0
2025-09-02 18:45:00,228.505,228.8999,228.42,228.5715,577437,0,0
2025-09-02 19:00:00,228.57001,228.89999,226.97,228.85001,1652789,0,0
2025-09-02 19:15:00,228.85001,229.08,228.75,228.94,768419,0,0
2025-09-02 19:30:00,228.9247,229.2,228.9247,229.145,949044,0,0
2025-09-02 19:45:00,229.14,230.0,228.895,229.71001,3738274,0,0
2025-09-03 13:30:00,237.2,237.97,234.49001,234.505,10280377,0,0
2025-09-03 13:45:00,234.4908,236.48,234.37,235.69,6949052,0,0
2025-09-03 14:00:00,235.63,236.16,235.11,235.8,3189356,0,0
2025-09-03 14:15:00,235.78,237.27,235.78,236.83,3489207,0,0
2025-09-03 14:30:00,236.8139,237.49001,236.67999,237.095,2628511,0,0
2025-09-03 14:45:00,237.09,237.60001,236.84019,237.00999,2244509,0,0
2025-09-03 15:00:00,237.02,237.175,236.05,236.27,2015231,0,0
2025-09-03 15:15:00,236.28,236.5799,235.99001,236.011,1396652,0,0
2025-09-03 15:30:00,236.02,236.34,235.66,236.24001,1443353,0,0
2025-09-03 15:45:00,236.23,236.35001,235.49001,235.61501,1158622,0,0
2025-09-03 16:00:00,235.61,236.28999,235.52,236.28,1259698,1,0
2025-09-03 16:15:00,236.28,236.82001,236.13,236.49001,969075,0,0
2025-09-03 16:30:00,236.4998,237.1095,236.44,236.955,1021497,0,0
2025-09-03 16:45:00,236.95,237.35001,236.72,237.05499,1052561,0,0
2025-09-03 17:00:00,237.03999,237.89999,236.99001,237.77,1447168,0,0
2025-09-03 17:15:00,237.75999,237.8385,237.34,237.4272,1130617,0,0
2025-09-03 17:30:00,237.425,237.44,236.84,236.89,1193296,0,0
2025-09-03 17:45:00,236.89,237.39,236.63,237.06,1175059,0,0
2025-09-03 18:00:00,237.06,237.12,236.75999,237.03,1017315,0,0
2025-09-03 18:15:00,237.03,237.065,236.75999,236.91,958980,0,0
2025-09-03 18:30:00,236.89999,237.25,236.77,237.17999,1154427,0,0
2025-09-03 18:45:00,237.175,237.27,236.78999,236.94141,931574,0,0
2025-09-03 19:00:00,236.94,237.39999,236.8,237.09,1369557,0,0
2025-09-03 19:15:00,237.08,237.45,236.89,237.155,1378804,0,0
2025-09-03 19:30:00,237.15581,237.8,237.15041,237.69501,1841147,0,0
2025-09-03 19:45:00,237.69,238.71001,237.41,238.49001,7050488,0,0
2025-09-04 13:30:00,238.45,239.36,237.03999,238.3438,4467145,0,0
2025-09-04 13:45:00,238.32001,239.8932,238.28889,239.52,3751737,0,0
2025-09-04 14:00:00,239.53999,239.59,238.05,238.05009,2035729,0,1
2025-09-04 14:15:00,238.06,238.23,237.61,237.69,1761520,0,0
2025-09-04 14:30:00,237.67999,238.10001,237.36,237.38499,1367735,0,0
2025-09-04 14:45:00,237.3781,237.78,237.17,237.4716,1400319,0,0
2025-09-04 15:00:00,237.47,238.10001,237.44,237.48,1212410,0,0
2025-09-04 15:15:00,237.48,237.5768,237.075,237.39999,1242845,0,0
2025-09-04 15:30:00,237.39,237.49001,236.74001,236.985,1307507,0,0
2025-09-04 15:45:00,236.96001,237.48,236.89999,237.41,924861,0,0
2025-09-04 16:00:00,237.4184,237.61,237.07001,237.5218,768314,0,0
2025-09-04 16:15:00,237.50999,237.67461,237.14,237.16,678257,0,0
2025-09-04 16:30:00,237.14999,237.35001,237.02,237.03,509902,0,0
2025-09-04 16:45:00,237.05,237.63,236.97,237.50999,947507,0,0
2025-09-04 17:00:00,237.5101,238.03999,237.5,237.795,951964,0,0
2025-09-04 17:15:00,237.78999,238.09,237.78011,238.03999,662149,0,0
2025-09-04 17:30:00,238.0401,238.11,237.50999,237.69,1853744,0,0
2025-09-04 17:45:00,237.69,238.22,237.62,238.145,1641290,0,0
2025-09-04 18:00:00,238.14999,238.3118,237.88,238.31,919156,0,0
2025-09-04 18:15:00,238.3116,238.39,237.89,238.06,679229,0,0
2025-09-04 18:30:00,238.07001,238.23151,237.88,237.99001,607698,0,0
2025-09-04 18:45:00,238.00259,238.7115,237.97,238.47501,1132280,0,0
2025-09-04 19:00:00,238.49001,238.83,238.33,238.815,949607,0,0
2025-09-04 19:15:00,238.82001,238.98,238.64999,238.7045,1125339,0,0
2025-09-04 19:30:00,238.7,238.92999,238.49001,238.89999,1234303,0,0
2025-09-04 19:45:00,238.89999,239.8999,238.8058,239.71001,4707945,0,0
2025-09-05 13:30:00,239.99001,240.62,239.17999,239.64999,8926910,0,0
2025-09-05 13:45:00,239.64,240.64999,239.52,240.0742,2298365,0,0
2025-09-05 14:00:00,240.08501,241.32001,239.84,240.72,3055239,0,0
2025-09-05 14:15:00,240.73,240.815,239.12,239.285,3218756,0,0
2025-09-05 14:30:00,239.25,239.63989,238.81,239.00999,1761081,0,0
2025-09-05 14:45:00,239.005,239.4299,238.64,238.99001,1674273,0,0
2025-09-05 15:00:00,238.99001,239.5,238.8,239.4101,1459323,0,0
2025-09-05 15:15:00,239.425,240.17,239.39,239.80499,1643526,0,0
2025-09-05 15:30:00,239.82001,240.315,239.81,240.0401,1360922,0,0
2025-09-05 15:45:00,240.03999,240.05,238.92,238.9946,1171728,0,0
2025-09-05 16:00:00,238.99001,239.265,238.71001,239.08,899663,0,0
2025-09-05 16:15:00,239.07001,239.13,238.52,238.77,787557,0,0
2025-09-05 16:30:00,238.78,239.44,238.4901,239.4109,1019417,0,0
2025-09-05 16:45:00,239.41,239.72,238.9052,239.33,1307994,0,0
2025-09-05 17:00:00,239.3,239.72501,239.14999,239.57001,968465,0,0
2025-09-05 17:15:00,239.58,239.67999,239.3428,239.625,697483,0,0
2025-09-05 17:30:00,239.6485,239.64999,238.91,239.0,778847,0,0
2025-09-05 17:45:00,238.99001,239.10001,238.73,238.86501,774675,0,0
2025-09-05 18:00:00,238.87,239.0899,238.85001,239.03,669781,0,0
2025-09-05 18:15:00,239.02,239.24001,238.955,239.12,561240,0,0
2025-09-05 18:30:00,239.12,239.78,239.10001,239.78,1319341,0,0
2025-09-05 18:45:00,239.77859,239.98,239.48,239.955,1008931,0,0
2025-09-05 19:00:00,239.95,240.03,239.75999,239.98,1401261,0,0
2025-09-05 19:15:00,239.98,240.13,239.75999,239.925,1467560,0,0
2025-09-05 19:30:00,239.92999,240.015,239.53999,239.92931,1185687,0,0
2025-09-05 19:45:00,239.925,239.99001,239.06,239.67,3688547,0,0
2025-09-08 13:30:00,239.3,240.14999,238.74001,239.565,5144519,0,0
2025-09-08 13:45:00,239.56,239.88,238.92,239.35001,2222102,0,0
2025-09-08 14:00:00,239.32001,239.82001,239.0,239.67999,3225462,0,0
2025-09-08 14:15:00,239.6842,239.84,239.05,239.23,1293305,0,0
2025-09-08 14:30:00,239.22,239.49001,239.0602,239.09,1193797,0,0
2025-09-08 14:45:00,239.10001,239.28,238.83501,239.14999,1333803,0,0
2025-09-08 15:00:00,239.14,239.57001,239.02,239.09,1413977,0,0
2025-09-08 15:15:00,239.08009,239.10001,238.61501,238.7,1307179,0,0
2025-09-08 15:30:00,238.69501,238.7883,238.35001,238.55,1066377,0,0
2025-09-08 15:45:00,238.53999,238.53999,237.98,238.28,1292969,0,0
2025-09-08 16:00:00,238.27,238.375,237.8028,237.89999,1112506,0,0
2025-09-08 16:15:00,237.89,237.89,237.60001,237.73,977001,0,0
2025-09-08 16:30:00,237.72,237.7897,237.27499,237.45,949977,0,0
2025-09-08 16:45:00,237.44501,237.45,236.86,236.98,1113134,0,0
2025-09-08 17:00:00,236.98,237.089,236.34,236.42,1201646,0,0
2025-09-08 17:15:00,236.42,237.8799,236.36501,237.8058,1452350,0,0
2025-09-08 17:30:00,237.80991,237.91,237.5,237.86,1030565,0,0
2025-09-08 17:45:00,237.8528,237.955,237.57001,237.75,990340,0,0
2025-09-08 18:00:00,237.75,237.85001,237.44501,237.78999,1321490,0,0
2025-09-08 18:15:00,237.78,237.78,237.105,237.16499,771884,0,0
2025-09-08 18:30:00,237.155,237.19501,236.64999,236.87,967178,0,0
2025-09-08 18:45:00,236.87,237.02991,236.61,236.875,992160,0,0
2025-09-08 19:00:00,236.87,237.09509,236.75,236.80499,763549,0,0
2025-09-08 19:15:00,236.80499,237.24989,236.75,237.11,1038528,0,0
2025-09-08 19:30:00,237.11501,237.50999,236.90421,237.495,1255137,0,0
2025-09-08 19:45:00,237.495,238.00999,237.45,237.92,3922062,0,0
2025-09-09 13:30:00,237.0,238.0,236.35001,236.67,3374238,0,0
2025-09-09 13:45:00,236.67999,237.00999,236.22,236.8,1773797,0,0
2025-09-09 14:00:00,236.84,236.91,236.34,236.42999,1554003,0,0
2025-09-09 14:15:00,236.42999,236.60001,236.075,236.3101,1188714,0,0
2025-09-09 14:30:00,236.31,236.345,235.78999,235.88,1352720,0,0
2025-09-09 14:45:00,235.86,236.6785,235.78,236.545,1065340,0,0
2025-09-09 15:00:00,236.545,236.67999,235.935,236.149,981776,0,0
2025-09-09 15:15:00,236.1543,236.42,236.0,236.22501,877639,0,0
2025-09-09 15:30:00,236.23,236.25999,235.92,235.94,767217,0,0
2025-09-09 15:45:00,235.94501,236.14999,235.55,235.67999,1440836,0,0
2025-09-09 16:00:00,235.67999,236.10001,235.56,236.0428,1120883,0,0
2025-09-09 16:15:00,236.05,236.24001,235.6702,236.0,971194,0,0
2025-09-09 16:30:00,236.0,236.12,235.825,235.98,631946,0,0
2025-09-09 16:45:00,235.99001,236.64999,235.95,236.6196,1085549,0,0
2025-09-09 17:00:00,236.62,238.58,236.62,238.05,4576252,0,0
2025-09-09 17:15:00,238.049,238.7805,237.34,237.75,3380957,0,0
2025-09-09 17:30:00,237.75999,238.10001,236.32001,236.83,4278980,0,0
2025-09-09 17:45:00,236.8174,237.50999,236.41,236.53,2081047,0,0
2025-09-09 18:00:00,236.53999,236.7899,233.67,235.07001,5905423,0,0
2025-09-09 18:15:00,235.03461,235.10001,233.82001,234.52859,3809226,0,0
2025-09-09 18:30:00,234.55,234.69,233.78,233.80499,2634528,0,0
2025-09-09 18:45:00,233.82001,233.95,233.37,233.7399,2818312,0,0
2025-09-09 19:00:00,233.72,234.2769,233.56,234.23,2435704,0,0
2025-09-09 19:15:00,234.24001,234.49001,234.22,234.31,1665278,0,0
2025-09-09 19:30:00,234.31,234.42999,233.515,233.57001,1973457,0,0
2025-09-09 19:45:00,233.57001,234.63499,233.52,234.35001,4343722,0,0
2025-09-10 13:30:00,232.02499,232.34,228.84,229.22,9870156,0,0
2025-09-10 13:45:00,229.22501,230.53,229.14999,229.54961,3997137,0,0
2025-09-10 14:00:00,229.53259,229.8,228.67,229.24001,3690184,0,0
2025-09-10 14:15:00,229.24001,229.39999,227.55,228.108,4609758,0,0
2025-09-10 14:30:00,228.11,228.34641,227.71001,227.81,2679973,0,0
2025-09-10 14:45:00,227.78,228.25999,227.35001,227.73,3174155,0,0
2025-09-10 15:00:00,227.73,228.0999,227.425,227.86501,2827865,0,0
2025-09-10 15:15:00,227.86501,227.89999,227.02,227.03999,2878553,0,0
2025-09-10 15:30:00,227.03999,227.10001,226.2401,226.765,3470701,0,0
2025-09-10 15:45:00,226.765,227.35989,226.72749,227.25999,2431917,0,0
2025-09-10 16:00:00,227.255,227.785,226.985,227.74001,2137422,0,0
2025-09-10 16:15:00,227.745,228.05499,227.53999,227.7386,2116821,0,0
2025-09-10 16:30:00,227.745,227.7899,226.82001,227.00999,2637637,0,0
2025-09-10 16:45:00,227.02499,227.42,226.99001,227.41,1369968,0,0
2025-09-10 17:00:00,227.405,227.745,227.315,227.49001,1186319,0,0
2025-09-10 17:15:00,227.49001,227.65981,226.62,226.80499,1385327,0,0
2025-09-10 17:30:00,226.8,227.08,226.60001,226.67999,1435387,0,0
2025-09-10 17:45:00,226.6884,226.9998,226.58859,226.68761,1225065,0,0
2025-09-10 18:00:00,226.675,226.92999,226.35001,226.9099,1492883,0,0
2025-09-10 18:15:00,226.905,227.08501,226.62,227.06,2061308,0,0
2025-09-10 18:30:00,227.05499,227.35001,226.8,226.815,1355792,0,0
2025-09-10 18:45:00,226.82001,226.92999,226.41499,226.89,1463285,0,0
2025-09-10 19:00:00,226.89,227.047,226.25999,226.28,1690426,0,0
2025-09-10 19:15:00,226.28999,226.60001,226.17999,226.185,1656547,0,0
2025-09-10 19:30:00,226.185,226.5,225.95219,226.47,2637925,0,0
2025-09-10 19:45:00,226.46001,227.10001,226.38,226.78,5089566,0,0
2025-09-11 13:30:00,226.875,228.42999,226.64999,227.94,6463343,0,0
2025-09-11 13:45:00,227.935,229.14999,227.89,229.045,2780151,0,0
2025-09-11 14:00:00,229.0201,229.185,228.75999,228.9969,2769155,0,0
2025-09-11 14:15:00,229.0,229.11,228.36,228.94,1808442,0,0
2025-09-11 14:30:00,228.94,229.3,228.50999,228.645,1309824,0,0
2025-09-11 14:45:00,228.64999,229.073,228.32021,229.035,2890170,0,0
2025-09-11 15:00:00,229.03641,229.32001,228.61,228.7,1135751,0,0
2025-09-11 15:15:00,228.7,228.83,228.41,228.74001,1385983,0,0
2025-09-11 15:30:00,228.75,228.75999,228.33,228.67,1049535,0,0
2025-09-11 15:45:00,228.67,228.78,228.189,228.41,948358,0,0
2025-09-11 16:00:00,228.41,228.52,228.03,228.285,824417,0,0
2025-09-11 16:15:00,228.2851,228.75999,228.24001,228.61,691658,0,0
2025-09-11 16:30:00,228.60001,228.675,228.38,228.59,616617,0,0
2025-09-11 16:45:00,228.59821,228.78999,228.31,228.75,678200,0,0
2025-09-11 17:00:00,228.75999,229.3264,228.64481,229.17999,1189251,0,0
2025-09-11 17:15:00,229.1801,229.53999,229.03999,229.4725,1032331,0,0
2025-09-11 17:30:00,229.47,229.81,229.39,229.77,900634,0,0
2025-09-11 17:45:00,229.78,230.16,229.5714,230.06,1281074,0,0
2025-09-11 18:00:00,230.06,230.08,229.52,229.55499,1277253,0,0
2025-09-11 18:15:00,229.56,229.61501,229.17999,229.46001,1204544,0,0
2025-09-11 18:30:00,229.465,229.99001,229.44,229.965,833183,0,0
2025-09-11 18:45:00,229.96001,230.1508,229.75,229.8575,1002114,0,0
2025-09-11 19:00:00,229.87,230.065,229.41,229.64,1127398,0,0
2025-09-11 19:15:00,229.655,229.91,229.53999,229.85001,922111,0,0
2025-09-11 19:30:00,229.84,230.185,229.83501,230.03999,1548632,0,0
2025-09-11 19:45:00,230.03999,230.45,229.91,230.02,4079367,0,0
2025-09-12 13:30:00,230.0,230.94,229.02,229.17999,5833240,0,0
2025-09-12 13:45:00,229.16,231.2204,229.10001,231.214,2194816,0,0
2025-09-12 14:00:00,231.17,232.78999,230.92999,232.3801,3626140,0,0
2025-09-12 14:15:00,232.39999,234.078,232.32001,234.07001,3334096,0,0
2025-09-12 14:30:00,234.08,234.50999,233.52499,233.9003,2915644,0,0
2025-09-12 14:45:00,233.91,234.17999,233.47,233.94,1780641,0,0
2025-09-12 15:00:00,233.95,234.28999,233.56,233.89999,1746737,0,0
2025-09-12 15:15:00,233.89999,234.22,233.36,234.095,1601854,0,0
2025-09-12 15:30:00,234.09,234.27,233.621,233.86,1127829,0,0
2025-09-12 15:45:00,233.85001,234.49001,233.85001,233.97,1533146,0,0
2025-09-12 16:00:00,233.9855,234.17999,233.765,234.08,1241478,0,0
2025-09-12 16:15:00,234.09,234.265,233.9328,233.96941,808328,0,0
2025-09-12 16:30:00,233.9637,233.965,233.61,233.73,866674,0,0
2025-09-12 16:45:00,233.74001,233.845,233.125,233.1385,2011149,0,0
2025-09-12 17:00:00,233.125,233.28999,233.0,233.14,1218910,0,0
2025-09-12 17:15:00,233.14,233.46001,233.045,233.235,872671,0,0
2025-09-12 17:30:00,233.22,233.62,233.21851,233.425,783800,0,0
2025-09-12 17:45:00,233.42999,233.87,233.375,233.66,814991,0,0
2025-09-12 18:00:00,233.67999,233.705,233.22,233.53,787668,0,0
2025-09-12 18:15:00,233.5255,233.71159,233.37,233.53999,817420,0,0
2025-09-12 18:30:00,233.53999,234.19,233.44,234.16499,1796453,0,0
2025-09-12 18:45:00,234.16499,234.22,233.03,234.0,2868740,0,0
2025-09-12 19:00:00,234.00999,234.45,234.00999,234.39169,1288522,0,0
2025-09-12 19:15:00,234.39999,234.42,233.73,233.7755,1017136,0,0
2025-09-12 19:30:00,233.78,233.95551,233.50999,233.75999,1531081,0,0
2025-09-12 19:45:00,233.75999,234.28999,233.72,234.06,4343652,0,0
2025-09-15 13:30:00,237.0,238.19,235.66,235.6825,7824038,0,0
2025-09-15 13:45:00,235.685,235.94,235.03,235.35989,2909603,0,0
2025-09-15 14:00:00,235.34,235.67,235.05499,235.36,1686678,0,0
2025-09-15 14:15:00,235.37,236.3,235.2534,236.215,1713898,0,0
2025-09-15 14:30:00,236.21001,236.62,235.66,236.47,1480624,0,0
2025-09-15 14:45:00,236.46001,237.02,236.22,236.97501,1478494,0,0
2025-09-15 15:00:00,236.95,237.0,236.42,236.63,1138910,0,0
2025-09-15 15:15:00,236.63499,236.89,236.51151,236.82001,921726,0,0
2025-09-15 15:30:00,236.815,237.3,236.74001,236.89999,1319944,0,0
2025-09-15 15:45:00,236.895,237.27,236.75999,237.065,912895,0,0
2025-09-15 16:00:00,237.065,237.065,236.7,236.78,769220,0,0
2025-09-15 16:15:00,236.78999,236.84,236.47,236.57001,684444,0,0
2025-09-15 16:30:00,236.5649,236.5905,236.203,236.425,743918,0,0
2025-09-15 16:45:00,236.42,236.45,236.08,236.24001,638018,0,0
2025-09-15 17:00:00,236.23,236.37,236.03,236.11,771226,0,0
2025-09-15 17:15:00,236.11,236.22141,235.7,235.75999,811286,0,0
2025-09-15 17:30:00,235.75,235.855,235.58,235.71001,772190,0,0
2025-09-15 17:45:00,235.7099,236.12,235.64,236.02,855444,0,0
2025-09-15 18:00:00,236.02,236.14,235.8215,235.995,694021,0,0
2025-09-15 18:15:00,235.99001,235.99001,235.6324,235.64,632099,0,0
2025-09-15 18:30:00,235.63499,235.82001,235.27,235.3381,816967,0,0
2025-09-15 18:45:00,235.345,236.17,235.33501,236.17,943728,0,0
2025-09-15 19:00:00,236.175,236.34,235.84,235.87,930076,0,0
2025-09-15 19:15:00,235.841,236.05499,235.71001,235.97,879715,0,0
2025-09-15 19:30:00,235.97,236.13,235.73,235.7617,1227046,0,0
2025-09-15 19:45:00,235.75999,236.78999,235.67999,236.75999,3505483,0,0
2025-09-16 13:30:00,237.0,238.34,236.3235,238.30499,4822422,0,0
2025-09-16 13:45:00,238.285,240.56,238.02,240.36,4366754,0,0
2025-09-16 14:00:00,240.375,241.22,240.17,240.66,3103433,0,0
2025-09-16 14:15:00,240.67999,240.99001,239.48,239.53,2126668,0,1
2025-09-16 14:30:00,239.53,239.73,239.17,239.24001,1518814,0,0
2025-09-16 14:45:00,239.23,239.28999,238.73,238.98,1240140,0,0
2025-09-16 15:00:00,238.99001,239.36681,238.245,239.3593,1341231,0,0
2025-09-16 15:15:00,239.35001,239.85001,239.00999,239.5929,1238093,0,0
2025-09-16 15:30:00,239.58009,239.58009,238.465,238.67999,975702,0,0
2025-09-16 15:45:00,238.67,239.03,238.6207,238.655,682984,0,0
2025-09-16 16:00:00,238.66499,239.10001,238.63,239.0688,715799,0,0
2025-09-16 16:15:00,239.05,239.4142,238.98,239.19501,726072,0,0
2025-09-16 16:30:00,239.2,239.343,238.89999,239.25841,571789,0,0
2025-09-16 16:45:00,239.265,239.35001,239.02,239.14,546004,0,0
2025-09-16 17:00:00,239.14999,239.39999,238.98,239.14,551936,0,0
2025-09-16 17:15:00,239.14999,239.39,239.03999,239.0856,554951,0,0
2025-09-16 17:30:00,239.10001,239.11,238.31,238.395,746753,0,0
2025-09-16 17:45:00,238.38499,238.479,238.13,238.32001,666281,0,0
2025-09-16 18:00:00,238.32001,238.96001,238.2099,238.78,702446,0,0
2025-09-16 18:15:00,238.785,239.03,238.66,238.92999,601624,0,0
2025-09-16 18:30:00,238.94,239.08,238.81,239.00999,623656,0,0
2025-09-16 18:45:00,239.02,239.11,238.89999,239.06,544312,0,0
2025-09-16 19:00:00,239.06,239.5865,239.05,239.545,999976,0,0
2025-09-16 19:15:00,239.535,239.60001,238.86,238.93829,977349,0,0
2025-09-16 19:30:00,238.94,239.1799,238.80499,238.94,953919,0,0
2025-09-16 19:45:00,238.95,239.42,238.08009,238.14,19497573,0,0
2025-09-17 13:30:00,238.97,240.10001,238.78999,239.83369,4856547,0,0
2025-09-17 13:45:00,239.83,239.86,238.935,239.215,2184990,0,0
2025-09-17 14:00:00,239.23,239.94,239.0675,239.53,1528184,0,0
2025-09-17 14:15:00,239.53,240.00999,239.485,239.63,1356963,0,0
2025-09-17 14:30:00,239.64,239.84,239.38,239.47501,993780,0,0
2025-09-17 14:45:00,239.48,240.00999,239.46001,239.535,1167781,0,0
2025-09-17 15:00:00,239.53999,239.63,239.25,239.3423,917053,0,0
2025-09-17 15:15:00,239.33501,239.62,239.2,239.48,923696,0,0
2025-09-17 15:30:00,239.485,239.78,239.35001,239.5535,691463,0,0
2025-09-17 15:45:00,239.55,239.69,239.38,239.5527,1095628,0,0
2025-09-17 16:00:00,239.56,239.6199,239.28,239.515,661406,0,0
2025-09-17 16:15:00,239.50999,239.69,239.495,239.6743,722174,0,0
2025-09-17 16:30:00,239.67999,239.77,239.41,239.52,864764,0,0
2025-09-17 16:45:00,239.52,239.7,239.35001,239.58501,929613,0,0
2025-09-17 17:00:00,239.58501,239.62,239.465,239.496,547383,0,0
2025-09-17 17:15:00,239.5,239.605,239.39999,239.52,550863,0,0
2025-09-17 17:30:00,239.52,239.62,238.97,239.0,883411,0,0
2025-09-17 17:45:00,239.0,239.48,238.925,239.44,906815,0,0
2025-09-17 18:00:00,239.42999,239.82001,238.86,238.875,1439101,0,0
2025-09-17 18:15:00,238.8701,239.60001,238.45,239.56,1340722,0,0
2025-09-17 18:30:00,239.55,239.63,238.33,238.56509,1525267,0,0
2025-09-17 18:45:00,238.62,238.64,237.7301,238.58099,1710163,0,0
2025-09-17 19:00:00,238.58,239.46001,238.52,238.85001,1434243,0,0
2025-09-17 19:15:00,238.86,239.39,238.83,239.26289,1240546,0,0
2025-09-17 19:30:00,239.27,239.28,238.765,238.95,1309894,0,0
2025-09-17 19:45:00,238.92999,239.0201,238.48,238.97,2916301,0,0
2025-09-18 13:30:00,239.95,241.2,238.065,238.0762,4866179,0,1
2025-09-18 13:45:00,238.10001,238.59,237.63,238.44501,2179610,0,0
2025-09-18 14:00:00,238.42999,238.42999,236.64999,237.00999,2349493,0,0
2025-09-18 14:15:00,237.00999,237.6268,236.7731,237.56,2058182,1,0
2025-09-18 14:30:00,237.565,238.14999,237.315,237.94,1516987,0,0
2025-09-18 14:45:00,237.92999,238.39,237.8201,238.235,1159732,0,0
2025-09-18 15:00:00,238.25,238.795,238.2104,238.39,1116595,0,0
2025-09-18 15:15:00,238.39999,238.57001,238.10001,238.19,794585,0,0
2025-09-18 15:30:00,238.21001,238.53999,238.21001,238.325,900417,0,0
2025-09-18 15:45:00,238.33,238.47009,237.35001,237.61,1142413,0,0
2025-09-18 16:00:00,237.59,237.82001,237.45,237.77,802482,0,0
2025-09-18 16:15:00,237.77499,238.17999,237.73,237.94,763831,0,0
2025-09-18 16:30:00,237.95,238.11,237.64,238.08,794791,0,0
2025-09-18 16:45:00,238.08,238.13499,237.86011,237.955,762060,0,0
2025-09-18 17:00:00,237.95,238.2,237.8325,238.0,743486,0,0
2025-09-18 17:15:00,238.005,238.12,237.755,237.88,1255771,0,0
2025-09-18 17:30:00,237.87,238.10001,237.495,237.52,760795,0,0
2025-09-18 17:45:00,237.52,237.605,237.21021,237.39,688829,0,0
2025-09-18 18:00:00,237.38,237.99001,237.313,237.88,898810,0,0
2025-09-18 18:15:00,237.88,238.02,237.64999,237.8018,661854,0,0
2025-09-18 18:30:00,237.81,237.9464,237.66499,237.705,705848,0,0
2025-09-18 18:45:00,237.705,237.80099,237.57001,237.69,776590,0,0
2025-09-18 19:00:00,237.69,237.8,237.515,237.62,818046,0,0
2025-09-18 19:15:00,237.61,237.72501,237.25011,237.45,1240217,0,0
2025-09-18 19:30:00,237.455,237.91431,237.435,237.78999,1063214,0,0
2025-09-18 19:45:00,237.78999,238.11,237.46001,237.85001,2986169,0,0
2025-09-19 13:30:00,241.175,242.59,240.42,240.94839,19206420,0,0
2025-09-19 13:45:00,240.95,241.73,240.35001,240.88499,5691062,0,0
2025-09-19 14:00:00,240.88499,241.50999,240.55,241.3212,2438156,0,0
2025-09-19 14:15:00,241.285,241.36,240.2106,241.14999,2286853,0,0
2025-09-19 14:30:00,241.14999,242.08,241.06,241.91,2436091,0,0
2025-09-19 14:45:00,241.92,243.16,241.82001,242.84,3656406,0,0
2025-09-19 15:00:00,242.855,243.0,242.17,242.22,2218476,0,0
2025-09-19 15:15:00,242.215,242.28,241.8,242.28,1832385,0,0
2025-09-19 15:30:00,242.2737,242.8669,242.04919,242.645,1703266,0,0
2025-09-19 15:45:00,242.64,243.39,242.33,243.28999,1525915,0,0
2025-09-19 16:00:00,243.27,244.2751,243.17,244.2751,2214573,0,0
2025-09-19 16:15:00,244.28,244.56911,243.83,244.52,3587351,0,0
2025-09-19 16:30:00,244.5125,245.8,244.26871,245.5426,4787834,0,0
2025-09-19 16:45:00,245.5415,245.92,245.10001,245.155,4247726,0,0
2025-09-19 17:00:00,245.16,245.5,244.89999,245.175,1724969,0,0
2025-09-19 17:15:00,245.175,245.41,245.03,245.2438,1509303,0,0
2025-09-19 17:30:00,245.24001,245.52,244.89999,245.36501,1584969,0,0
2025-09-19 17:45:00,245.37,245.87,245.0475,245.39999,1692790,0,0
2025-09-19 18:00:00,245.405,246.13,244.95,246.12621,3289368,0,0
2025-09-19 18:15:00,246.13,246.2699,245.39999,245.48849,3179840,0,0
2025-09-19 18:30:00,245.485,246.10001,245.34,245.82001,1641495,0,0
2025-09-19 18:45:00,245.81,245.91,245.19099,245.50999,1563834,0,0
2025-09-19 19:00:00,245.5,245.78999,245.44099,245.69501,2284537,0,0
2025-09-19 19:15:00,245.69031,245.89,245.47,245.61,2000545,0,0
2025-09-19 19:30:00,245.60001,245.9368,244.81,244.85001,3170903,0,0
2025-09-19 19:45:00,244.86,246.3,244.74001,245.28999,9815625,0,0
2025-09-22 13:30:00,248.34,251.28,248.17,250.6602,14956752,0,0
2025-09-22 13:45:00,250.64999,251.3443,250.02,251.095,4522379,0,0
2025-09-22 14:00:00,251.11,252.23,250.78999,251.56509,4505642,0,0
2025-09-22 14:15:00,251.565,252.735,251.47,252.6716,3840349,0,0
2025-09-22 14:30:00,252.66,252.9299,252.08,252.455,2871423,0,0
2025-09-22 14:45:00,252.44501,253.6898,252.35001,253.60001,3311657,0,0
2025-09-22 15:00:00,253.62,254.73,253.38499,254.64,4866072,0,0
2025-09-22 15:15:00,254.64,256.07999,254.58,255.78979,5934624,0,0
2025-09-22 15:30:00,255.77,255.82001,254.7,255.07001,4219849,0,0
2025-09-22 15:45:00,255.07001,256.63,255.03,256.0531,3943093,0,0
2025-09-22 16:00:00,256.07001,256.31,254.75,255.465,4264512,0,1
2025-09-22 16:15:00,255.465,255.50999,253.58,253.72,3620240,0,0
2025-09-22 16:30:00,253.73,254.08,253.16,253.8484,2911022,0,0
2025-09-22 16:45:00,253.85001,254.215,253.41,254.21001,1926846,0,0
2025-09-22 17:00:00,254.205,254.38,253.52,254.0099,1904885,0,0
2025-09-22 17:15:00,254.00999,254.73,253.93401,254.5929,1711239,0,0
2025-09-22 17:30:00,254.58,254.94,254.24001,254.58,1547809,0,0
2025-09-22 17:45:00,254.58,254.62,253.89999,254.1067,1146597,0,0
2025-09-22 18:00:00,254.10001,254.83,254.02,254.765,1257578,0,0
2025-09-22 18:15:00,254.7614,255.25999,254.61,255.24001,1290145,0,0
2025-09-22 18:30:00,255.245,255.7666,254.7347,255.39,2096616,0,0
2025-09-22 18:45:00,255.38499,255.7,255.09,255.39999,1734772,0,0
2025-09-22 19:00:00,255.39999,255.73,255.31,255.45,1896819,0,0
2025-09-22 19:15:00,255.45,256.06,255.39999,255.78999,2486766,0,0
2025-09-22 19:30:00,255.80499,256.04001,255.61501,255.83,2425468,0,0
2025-09-22 19:45:00,255.82001,256.26001,255.75,256.09,6666458,0,0
2025-09-23 13:30:00,256.5,257.34,255.28,255.50999,6026726,0,0
2025-09-23 13:45:00,255.5,256.655,255.485,256.20001,1828449,0,0
2025-09-23 14:00:00,256.20999,256.45001,255.52,256.25061,1710795,0,0
2025-09-23 14:15:00,256.23001,257.0,255.75,256.61731,1697672,0,0
2025-09-23 14:30:00,256.60999,256.70001,255.64999,255.74001,1237535,0,0
2025-09-23 14:45:00,255.77,255.78999,255.00999,255.28999,1842950,0,0
2025-09-23 15:00:00,255.31,255.85001,255.22,255.845,1125085,0,0
2025-09-23 15:15:00,255.841,256.38,255.8,256.10001,1284491,0,0
2025-09-23 15:30:00,256.13,256.14999,255.35001,255.47,914667,0,0
2025-09-23 15:45:00,255.48,256.10001,255.46001,255.96561,905947,0,0
2025-09-23 16:00:00,255.965,256.20999,255.60001,255.7299,671446,0,0
2025-09-23 16:15:00,255.7186,256.08701,255.56,255.7269,740467,0,0
2025-09-23 16:30:00,255.72009,255.85001,255.45,255.69,613703,0,0
2025-09-23 16:45:00,255.69009,255.7751,254.67999,255.093,691922,0,0
2025-09-23 17:00:00,255.08,255.23,254.86,254.935,620417,0,0
2025-09-23 17:15:00,254.935,255.03999,254.39999,254.67,921395,0,0
2025-09-23 17:30:00,254.66,254.88499,254.21001,254.45799,1016134,0,0
2025-09-23 17:45:00,254.49001,254.64,253.92999,254.32761,12092091,0,0
2025-09-23 18:00:00,254.33501,254.53999,253.97,254.47,979152,0,0
2025-09-23 18:15:00,254.46001,254.961,254.3,254.64,2193558,0,0
2025-09-23 18:30:00,254.64,254.84,254.3356,254.35001,1065148,0,0
2025-09-23 18:45:00,254.3448,254.53,254.10001,254.125,1291155,0,0
2025-09-23 19:00:00,254.12,254.24001,253.59,253.85001,1324949,0,0
2025-09-23 19:15:00,253.83501,254.21001,253.785,254.16991,1011302,0,0
2025-09-23 19:30:00,254.16,254.255,253.75999,254.21001,1416052,0,0
2025-09-23 19:45:00,254.2049,254.53,253.67,254.53,3660583,0,0
2025-09-24 13:30:00,255.0,255.37,252.565,252.78,2951341,0,0
2025-09-24 13:45:00,252.78999,253.41,252.28,253.25,1385805,0,0
2025-09-24 14:00:00,253.28,253.2995,252.08,252.49001,1374236,0,0
2025-09-24 14:15:00,252.48,253.0497,252.42,252.62199,791576,0,0
2025-09-24 14:30:00,252.625,252.99001,251.72,252.175,1260544,0,0
2025-09-24 14:45:00,252.17999,252.38,251.88,252.2101,654064,0,0
2025-09-24 15:00:00,252.215,252.31,251.53999,251.77,694808,0,0
2025-09-24 15:15:00,251.77,252.24001,251.75999,252.12,682312,0,0
2025-09-24 15:30:00,252.12,252.21001,251.83,252.00591,5038909,0,0
2025-09-24 15:45:00,251.99001,252.05,251.28,251.41,855313,0,0
2025-09-24 16:00:00,251.42,251.63499,251.03999,251.4614,860635,0,0
2025-09-24 16:15:00,251.46001,252.25999,251.19,252.16499,806361,0,0
2025-09-24 16:30:00,252.1714,252.25999,251.5601,251.77499,546981,0,0
2025-09-24 16:45:00,251.77,251.7999,251.39999,251.5397,388629,0,0
2025-09-24 17:00:00,251.53999,251.83,251.46001,251.61,390970,0,0
2025-09-24 17:15:00,251.60001,251.69,251.34,251.49001,310741,0,0
2025-09-24 17:30:00,251.515,252.11,251.49001,251.72,359650,0,0
2025-09-24 17:45:00,251.72501,251.7599,251.32001,251.5,364341,0,0
2025-09-24 18:00:00,251.4938,251.5199,251.28,251.39999,364128,0,0
2025-09-24 18:15:00,251.4016,251.84,251.4016,251.765,534605,0,0
2025-09-24 18:30:00,251.75,251.78999,251.36011,251.44,327791,0,0
2025-09-24 18:45:00,251.44501,251.735,251.25,251.72501,425927,0,0
2025-09-24 19:00:00,251.72,251.765,251.3,251.33501,478336,0,0
2025-09-24 19:15:00,251.33,251.50999,251.24001,251.39,448862,0,0
2025-09-24 19:30:00,251.39,251.53999,251.28999,251.53999,499797,0,0
2025-09-24 19:45:00,251.535,252.49001,251.48399,252.24001,10958815,0,0
2025-09-25 13:30:00,253.0,253.34,251.71201,252.71001,4069142,0,0
2025-09-25 13:45:00,252.7025,253.92,251.97,252.31,1842425,0,0
2025-09-25 14:00:00,252.31,253.8369,252.12,253.59,4443849,0,0
2025-09-25 14:15:00,253.60001,254.12,253.08,254.0,1086428,0,0
2025-09-25 14:30:00,254.00011,254.13879,253.12,253.26401,817331,0,0
2025-09-25 14:45:00,253.25999,253.7933,253.03,253.67999,806301,0,0
2025-09-25 15:00:00,253.69,253.84,253.1105,253.60001,5209048,0,0
2025-09-25 15:15:00,253.605,254.13,253.27,253.50011,865242,0,0
2025-09-25 15:30:00,253.50011,253.91,253.2,253.86,587438,0,0
2025-09-25 15:45:00,253.855,253.87199,252.83,252.88499,640344,0,0
2025-09-25 16:00:00,252.8756,252.99001,252.53,252.55499,6256284,0,0
2025-09-25 16:15:00,252.55499,252.75999,252.3,252.5303,626496,0,0
2025-09-25 16:30:00,252.53999,253.35271,252.5,253.269,642528,0,0
2025-09-25 16:45:00,253.255,253.36,252.9976,253.23,482061,0,0
2025-09-25 17:00:00,253.23,253.88,253.23,253.73,754149,0,0
2025-09-25 17:15:00,253.73,253.875,253.12,253.5,7528225,0,0
2025-09-25 17:30:00,253.49001,253.605,253.255,253.33,410430,0,0
2025-09-25 17:45:00,253.34,253.7,253.1601,253.21001,470780,0,0
2025-09-25 18:00:00,253.21001,253.92999,252.85001,253.87,838935,0,0
2025-09-25 18:15:00,253.855,254.59,253.83,254.56,914650,0,0
2025-09-25 18:30:00,254.55,256.10001,254.23,255.7514,2058634,0,0
2025-09-25 18:45:00,255.77,256.09,254.98,256.0,1457306,0,0
2025-09-25 19:00:00,255.99001,256.39999,255.87,256.28259,1520348,0,0
2025-09-25 19:15:00,256.285,257.17001,256.20999,256.95999,2071451,0,0
2025-09-25 19:30:00,256.95001,257.10999,255.9601,256.10001,13056726,0,0
2025-09-25 19:45:00,256.10172,256.98001,255.42,256.94,15367137,0,0
2025-09-26 13:30:00,254.0,256.04001,253.78,255.72,4219953,1,0
2025-09-26 13:45:00,255.735,256.34,255.60001,256.2886,1414839,0,0
2025-09-26 14:00:00,256.26501,256.60001,254.83009,254.955,1361251,0,0
2025-09-26 14:15:00,254.96001,255.23,254.3401,255.02,1038455,0,0
2025-09-26 14:30:00,255.02,255.67999,254.5712,255.50999,1368001,0,0
2025-09-26 14:45:00,255.52,255.6301,254.82001,255.02499,761576,0,0
2025-09-26 15:00:00,255.02,255.50999,254.92,255.185,798780,0,0
2025-09-26 15:15:00,255.17999,255.99001,255.071,255.97009,786484,0,0
2025-09-26 15:30:00,255.97,256.04001,254.86,254.93201,656823,0,0
2025-09-26 15:45:00,254.92999,255.53,254.87,255.06,601040,0,0
2025-09-26 16:00:00,255.07001,255.33,254.92,255.14259,469188,0,0
2025-09-26 16:15:00,255.16,255.71001,254.9762,255.66499,549723,0,0
2025-09-26 16:30:00,255.66,255.9362,255.48,255.74001,384689,0,0
2025-09-26 16:45:00,255.72,256.39999,255.64999,256.34,543707,0,0
2025-09-26 17:00:00,256.32999,256.97501,256.20001,256.89499,650542,0,0
2025-09-26 17:15:00,256.89499,256.95999,256.38,256.51999,507104,0,0
2025-09-26 17:30:00,256.51999,257.35999,256.26999,256.75,984546,0,0
2025-09-26 17:45:00,256.74979,256.81,255.86,256.10001,619110,0,0
2025-09-26 18:00:00,256.09,256.44,256.04001,256.38501,456494,0,0
2025-09-26 18:15:00,256.39001,256.78,256.39001,256.55499,593363,0,0
2025-09-26 18:30:00,256.565,256.72989,256.32001,256.32001,463790,0,0
2025-09-26 18:45:00,256.32999,256.34,255.9655,256.20001,453196,0,0
2025-09-26 19:00:00,256.20001,256.22,255.5201,255.53,585307,0,0
2025-09-26 19:15:00,255.53,255.83,255.49001,255.645,587022,0,0
2025-09-26 19:30:00,255.64,255.6498,254.96001,255.16499,927736,0,0
2025-09-26 19:45:00,255.17,255.52991,254.89999,255.46001,2093779,0,0
2025-09-29 13:30:00,254.0,254.39,253.00999,253.965,3197773,0,0
2025-09-29 13:45:00,253.97,254.34,253.67999,253.705,1207662,0,0
2025-09-29 14:00:00,253.705,254.45,253.2709,254.4221,1128124,0,0
2025-09-29 14:15:00,254.42979,254.5,253.8287,254.21989,772503,0,0
2025-09-29 14:30:00,254.205,254.24001,253.7,254.12,800507,0,0
2025-09-29 14:45:00,254.13,254.23981,253.7641,253.92999,756525,0,0
2025-09-29 15:00:00,253.95,254.17,253.8425,253.8425,617509,0,0
2025-09-29 15:15:00,253.85001,253.92999,253.31,253.47,660323,0,0
2025-09-29 15:30:00,253.46651,253.64861,253.12,253.49001,685804,0,0
2025-09-29 15:45:00,253.48,253.63,253.24001,253.535,571824,0,0
2025-09-29 16:00:00,253.53,254.07001,253.53,254.005,599466,0,0
2025-09-29 16:15:00,254.0051,254.06,253.64,253.66,418148,0,0
2025-09-29 16:30:00,253.67,253.77991,253.52,253.5394,442386,0,0
2025-09-29 16:45:00,253.53,253.58,253.25,253.34,493499,0,0
2025-09-29 17:00:00,253.35001,253.465,253.24319,253.31509,415362,0,0
2025-09-29 17:15:00,253.31,253.46001,253.21001,253.39999,393607,0,0
2025-09-29 17:30:00,253.39,253.5,253.17,253.21001,495817,0,0
2025-09-29 17:45:00,253.2,253.46001,253.13,253.36,418941,0,0
2025-09-29 18:00:00,253.355,254.0471,253.3412,254.03,702896,0,0
2025-09-29 18:15:00,254.03999,254.61501,254.03,254.57001,679398,0,0
2025-09-29 18:30:00,254.57001,254.60001,253.895,254.065,523266,0,0
2025-09-29 18:45:00,254.06,254.12,253.9001,254.06,439203,0,0
2025-09-29 19:00:00,254.05499,254.05499,253.7,253.77499,510486,0,0
2025-09-29 19:15:00,253.77271,254.13,253.61,253.99001,584843,0,0
2025-09-29 19:30:00,253.99001,254.45,253.94,254.23,760566,0,0
2025-09-29 19:45:00,254.205,254.83,254.17,254.35001,1752505,0,0
2025-09-30 13:30:00,255.0,255.59,253.96001,254.31,3129291,0,0
2025-09-30 13:45:00,254.33,255.64,254.2,255.53,1062617,0,0
2025-09-30 14:00:00,255.48,255.91901,254.62,254.73,1068953,0,0
2025-09-30 14:15:00,254.755,255.17,254.58,254.8862,640671,0,0
2025-09-30 14:30:00,254.91,255.38699,254.77,255.36,608709,0,0
2025-09-30 14:45:00,255.345,255.52,255.0,255.5,550768,0,0
2025-09-30 15:00:00,255.5,255.675,254.495,254.495,587594,0,0
2025-09-30 15:15:00,254.48,254.67999,253.8201,254.22,718093,0,0
2025-09-30 15:30:00,254.21001,254.85001,254.1601,254.5432,532323,0,0
2025-09-30 15:45:00,254.55499,254.875,254.36,254.71001,338594,0,0
2025-09-30 16:00:00,254.69,254.78,254.38,254.48,267973,0,0
2025-09-30 16:15:00,254.49001,254.97,254.48199,254.5351,392590,0,0
2025-09-30 16:30:00,254.5506,254.67,254.3501,254.48,281428,0,0
2025-09-30 16:45:00,254.48,254.50999,254.035,254.0799,337046,0,0
2025-09-30 17:00:00,254.065,254.25,253.45,253.565,464387,0,0
2025-09-30 17:15:00,253.55499,253.785,253.31171,253.735,540472,0,0
2025-09-30 17:30:00,253.75999,253.89,253.60001,253.8,360004,0,0
2025-09-30 17:45:00,253.8,253.99001,253.69,253.72501,312235,0,0
2025-09-30 18:00:00,253.72,253.91499,253.53,253.8,342587,0,0
2025-09-30 18:15:00,253.8,253.94991,253.11,253.34,649462,0,0
2025-09-30 18:30:00,253.34,253.85001,253.271,253.8372,403838,0,0
2025-09-30 18:45:00,253.8297,254.24001,253.7226,254.19,6777180,0,0
2025-09-30 19:00:00,254.19501,254.2325,253.6501,253.675,497822,0,0
2025-09-30 19:15:00,253.69,254.02,253.5,253.95,591058,0,0
2025-09-30 19:30:00,253.96001,254.21001,253.81,254.06,674957,0,0
2025-09-30 19:45:00,254.06,255.17999,254.03,254.56,2355724,0,0
2025-10-01 13:30:00,255.25,258.79001,255.05,257.67001,5035629,0,0
2025-10-01 13:45:00,257.64999,257.67911,255.28,256.505,2107710,0,0
2025-10-01 14:00:00,256.51501,256.73999,255.435,255.98,1150062,0,0
2025-10-01 14:15:00,255.9875,257.32999,255.94,256.16141,1384042,0,0
2025-10-01 14:30:00,256.17999,256.259,255.39999,255.55,937400,0,0
2025-10-01 14:45:00,255.56,255.94501,255.50999,255.53,640883,0,0
2025-10-01 15:00:00,255.53,255.64,255.2,255.55,771816,0,0
2025-10-01 15:15:00,255.53841,255.58,255.10001,255.52451,621975,0,0
2025-10-01 15:30:00,255.53011,255.89,255.50999,255.795,530375,0,0
2025-10-01 15:45:00,255.795,256.12,255.55,256.10001,606047,0,0
2025-10-01 16:00:00,256.10001,256.92001,256.09,256.64001,692406,0,0
2025-10-01 16:15:00,256.64001,256.64001,255.93761,256.16,509914,0,0
2025-10-01 16:30:00,256.1636,256.63,256.03,256.26001,525228,0,0
2025-10-01 16:45:00,256.25,256.565,256.12,256.45319,368725,0,0
2025-10-01 17:00:00,256.45999,256.8298,256.02499,256.04001,496509,0,0
2025-10-01 17:15:00,256.04001,256.23001,255.855,256.14041,436225,0,0
2025-10-01 17:30:00,256.16501,256.5,256.06,256.35999,8496968,0,0
2025-10-01 17:45:00,256.37,256.56,256.215,256.45609,496648,0,0
2025-10-01 18:00:00,256.4512,256.67001,256.39999,256.59,611542,0,0
2025-10-01 18:15:00,256.57001,256.68591,256.45001,256.48499,510768,0,0
2025-10-01 18:30:00,256.48001,256.54001,256.26501,256.32501,506549,0,0
2025-10-01 18:45:00,256.32199,256.75,256.23499,256.73999,557635,0,0
2025-10-01 19:00:00,256.73441,256.94,256.53299,256.66,766907,0,0
2025-10-01 19:15:00,256.64999,256.69,255.87,255.94,920524,0,0
2025-10-01 19:30:00,255.94,256.14001,255.32001,255.35001,1911891,0,0
2025-10-01 19:45:00,255.36,255.91,255.28,255.41,2967271,0,0
2025-10-02 13:30:00,256.59,257.29999,254.14999,254.755,6903601,0,0
2025-10-02 13:45:00,254.75999,256.07999,254.52499,256.035,2026276,0,0
2025-10-02 14:00:00,256.02499,256.26001,255.64999,256.23129,1417697,0,0
2025-10-02 14:15:00,256.23001,256.685,255.995,256.22009,1222595,0,0
2025-10-02 14:30:00,256.23001,256.67001,256.09,256.61499,1052282,0,0
2025-10-02 14:45:00,256.63,256.79001,255.98,256.26001,1129219,0,0
2025-10-02 15:00:00,256.25,256.62,255.97,256.58331,1047320,0,0
2025-10-02 15:15:00,256.57999,257.64001,256.10001,257.16501,1571484,0,0
2025-10-02 15:30:00,257.14999,257.67029,256.72101,257.48001,1502027,0,0
2025-10-02 15:45:00,257.45001,257.98999,256.8541,257.77271,1048843,0,0
2025-10-02 16:00:00,257.76999,258.17999,257.69,257.79001,1216582,0,0
2025-10-02 16:15:00,257.79001,257.875,257.31,257.345,620954,0,0
2025-10-02 16:30:00,257.345,257.57001,257.117,257.2099,592072,0,0
2025-10-02 16:45:00,257.23999,257.56531,257.11389,257.51501,479956,0,0
2025-10-02 17:00:00,257.495,257.81909,257.34,257.76999,627194,0,0
2025-10-02 17:15:00,257.79001,257.8226,257.20999,257.41,591097,0,0
2025-10-02 17:30:00,257.39001,257.75,257.31,257.42001,521537,0,0
2025-10-02 17:45:00,257.42001,257.5007,257.05801,257.12,523882,0,0
2025-10-02 18:00:00,257.12,257.57001,257.03,257.3913,775936,0,0
2025-10-02 18:15:00,257.39001,257.91,257.34,257.88,655277,0,0
2025-10-02 18:30:00,257.87,258.16,257.70999,257.98001,2222606,0,0
2025-10-02 18:45:00,257.97,258.07999,257.73999,257.92999,695975,0,0
2025-10-02 19:00:00,257.92999,257.95099,257.5,257.60001,738291,0,0
2025-10-02 19:15:00,257.60001,257.67999,257.375,257.51001,955830,0,0
2025-10-02 19:30:00,257.51001,257.875,257.33499,257.37,1183528,0,0
2025-10-02 19:45:00,257.37,257.60001,256.88,257.14001,3917463,0,0
2025-10-03 13:30:00,254.66499,258.20001,253.96001,257.89499,7942115,1,0
2025-10-03 13:45:00,257.92999,259.04001,257.63,258.05161,4292682,0,0
2025-10-03 14:00:00,258.04001,258.79001,257.34,258.65649,2421566,0,0
2025-10-03 14:15:00,258.6586,258.73001,257.81,257.85001,1673947,0,0
2025-10-03 14:30:00,257.85999,258.73999,257.51999,258.1701,1707277,0,0
2025-10-03 14:45:00,258.17999,258.42999,257.89001,258.17499,924052,0,0
2025-10-03 15:00:00,258.17001,258.41,257.89499,258.3894,851265,0,0
2025-10-03 15:15:00,258.38,258.73001,258.29999,258.51001,970354,0,0
2025-10-03 15:30:00,258.49301,259.23999,258.42499,258.76999,2201205,0,0
2025-10-03 15:45:00,258.79941,258.84,258.26001,258.405,1137690,0,0
2025-10-03 16:00:00,258.41309,258.60001,258.25711,258.37,761245,0,0
2025-10-03 16:15:00,258.41,258.85999,258.35501,258.54871,728590,0,0
2025-10-03 16:30:00,258.54001,258.64001,258.19,258.62,735138,0,0
2025-10-03 16:45:00,258.63501,258.92999,258.54999,258.79501,828193,0,0
2025-10-03 17:00:00,258.80991,258.80991,258.12,258.54001,1178888,0,0
2025-10-03 17:15:00,258.54001,258.63,258.23001,258.31,666522,0,0
2025-10-03 17:30:00,258.29999,258.3288,257.76999,257.81,1100384,0,0
2025-10-03 17:45:00,257.81,257.82501,257.12,257.43719,1644189,0,0
2025-10-03 18:00:00,257.436,257.62,256.95999,257.595,1050616,0,0
2025-10-03 18:15:00,257.57999,258.59,257.54001,258.37,1664050,0,0
2025-10-03 18:30:00,258.37,258.51999,258.0477,258.4729,875487,0,0
2025-10-03 18:45:00,258.48001,258.58499,258.31009,258.33029,778597,0,0
2025-10-03 19:00:00,258.35001,258.4126,258.0,258.03,742045,0,0
2025-10-03 19:15:00,258.01001,258.16901,257.85001,257.92001,654198,0,0
2025-10-03 19:30:00,257.92001,258.26001,257.85001,257.98999,1139159,0,0
2025-10-03 19:45:00,257.98499,258.20001,257.4035,258.01501,3328895,0,0
2025-10-06 13:30:00,257.94501,259.07001,255.63,255.75999,3198993,0,0
2025-10-06 13:45:00,255.755,258.14999,255.05,256.27499,4329489,1,0
2025-10-06 14:00:00,256.26999,258.62,256.19,258.39999,2198425,0,0
2025-10-06 14:15:00,258.39001,258.75,257.76001,257.78,1942251,0,0
2025-10-06 14:30:00,257.79999,257.97491,257.28,257.92001,1245969,0,0
2025-10-06 14:45:00,257.91,257.98001,257.51999,257.84,845095,0,0
2025-10-06 15:00:00,257.845,257.95499,257.51999,257.51999,681179,0,0
2025-10-06 15:15:00,257.53,257.69751,257.375,257.5513,675157,0,0
2025-10-06 15:30:00,257.565,257.67001,256.82999,257.04999,839984,0,0
2025-10-06 15:45:00,257.0401,257.53,257.01001,257.17001,1156008,0,0
2025-10-06 16:00:00,257.15009,257.57001,256.8252,256.86499,673455,0,0
2025-10-06 16:15:00,256.85999,257.34,256.76999,257.13,832386,0,0
2025-10-06 16:30:00,257.13,257.31989,256.92349,257.17001,602199,0,0
2025-10-06 16:45:00,257.16,257.48001,257.0,257.33499,538381,0,0
2025-10-06 17:00:00,257.33011,257.39999,256.84021,257.11499,608907,0,0
2025-10-06 17:15:00,257.10001,257.13,256.13049,256.56,1127735,0,0
2025-10-06 17:30:00,256.54999,256.68121,255.855,255.86,1075807,0,0
2025-10-06 17:45:00,255.87,256.23999,255.5,255.61501,1392395,0,0
2025-10-06 18:00:00,255.61099,256.32999,255.61099,255.78999,2689008,0,0
2025-10-06 18:15:00,255.78,256.23999,255.78,256.185,765326,0,0
2025-10-06 18:30:00,256.18021,256.57999,256.065,256.17999,676424,0,0
2025-10-06 18:45:00,256.17001,256.45999,256.10501,256.22,543074,0,0
2025-10-06 19:00:00,256.20999,256.66,256.13501,256.60001,690414,0,0
2025-10-06 19:15:00,256.61499,256.64001,256.29999,256.51001,783812,0,0
2025-10-06 19:30:00,256.51001,256.97,256.45999,256.92499,969917,0,0
2025-10-06 19:45:00,256.92001,257.25,256.60999,256.64999,2607825,0,0
2025-10-07 13:30:00,256.82001,257.39999,256.28,256.535,2630087,0,0
2025-10-07 13:45:00,256.54999,257.39999,256.41,257.16351,1353567,0,0
2025-10-07 14:00:00,257.155,257.24051,256.64639,257.17001,1326043,0,0
2025-10-07 14:15:00,257.185,257.22,256.47,256.67999,1115660,0,0
2025-10-07 14:30:00,256.67001,256.79001,255.96001,255.96001,1038113,0,0
2025-10-07 14:45:00,255.95,256.12,255.60001,255.91,1323348,0,0
2025-10-07 15:00:00,255.89,257.10791,255.89,256.94,1455160,0,0
2025-10-07 15:15:00,256.92001,256.935,256.29001,256.379,718365,0,0
2025-10-07 15:30:00,256.39001,256.84979,256.19,256.69501,913585,0,0
2025-10-07 15:45:00,256.70999,256.70999,256.18719,256.29999,830879,0,0
2025-10-07 16:00:00,256.29401,256.64999,255.94009,256.03,1231694,0,0
2025-10-07 16:15:00,256.01001,256.4899,255.89,256.33841,717614,0,0
2025-10-07 16:30:00,256.32999,256.66,256.32999,256.60999,760114,0,0
2025-10-07 16:45:00,256.59,256.64828,255.905,256.07999,535658,0,0
2025-10-07 17:00:00,256.08499,256.22,255.89,256.01001,483106,0,0
2025-10-07 17:15:00,256.01999,256.17999,255.7543,255.89,556815,0,0
2025-10-07 17:30:00,255.86,256.06329,255.80009,255.92,470112,0,0
2025-10-07 17:45:00,255.92999,256.05499,255.42999,255.84,550085,0,0
2025-10-07 18:00:00,255.84,256.13,255.565,256.04001,618025,0,0
2025-10-07 18:15:00,256.01999,256.14999,255.96001,256.06989,656211,0,0
2025-10-07 18:30:00,256.07001,256.20999,256.005,256.13831,454999,0,0
2025-10-07 18:45:00,256.14001,256.20001,256.0,256.155,527491,0,0
2025-10-07 19:00:00,256.15991,256.30151,256.069,256.26999,649087,0,0
2025-10-07 19:15:00,256.28,256.28711,255.9101,256.01999,729897,0,0
2025-10-07 19:30:00,256.01999,256.57999,255.92,256.54001,1098258,0,0
2025-10-07 19:45:00,256.5401,256.62,256.23999,256.48999,2880258,0,0
2025-10-08 13:30:00,256.53,257.6799,256.10999,256.92001,4075118,0,0
2025-10-08 13:45:00,256.89499,257.89001,256.82999,257.22,1513604,0,0
2025-10-08 14:00:00,257.22,258.1196,257.17001,257.78,1805468,0,0
2025-10-08 14:15:00,257.80499,258.19,257.62,257.84,1065087,0,0
2025-10-08 14:30:00,257.85999,257.85999,257.20001,257.38,1041737,0,0
2025-10-08 14:45:00,257.39499,257.70999,257.2901,257.60999,827194,0,0
2025-10-08 15:00:00,257.60001,258.39999,257.57501,258.20001,1832586,0,0
2025-10-08 15:15:00,258.20001,258.45499,257.95001,258.04001,725760,0,0
2025-10-08 15:30:00,258.05499,258.10999,257.56,257.70499,683517,0,0
2025-10-08 15:45:00,257.72,258.07001,257.69,257.95499,633086,0,0
2025-10-08 16:00:00,257.95499,258.51999,257.78,258.3501,845355,0,0
2025-10-08 16:15:00,258.34,258.37,258.05011,258.20001,670276,0,0
2025-10-08 16:30:00,258.19,258.32501,257.97,258.01999,488446,0,0
2025-10-08 16:45:00,258.01001,258.01001,257.625,257.79999,531544,0,0
2025-10-08 17:00:00,257.79501,258.08099,257.75,258.06,585726,0,0
2025-10-08 17:15:00,258.06,258.0907,257.78009,257.92499,494239,0,0
2025-10-08 17:30:00,257.92499,258.20001,257.71011,257.73001,564909,0,0
2025-10-08 17:45:00,257.73999,257.95999,257.66,257.815,503395,0,0
2025-10-08 18:00:00,257.81,258.07999,257.64999,257.91,618524,0,0
2025-10-08 18:15:00,257.89999,258.19,257.89001,257.91501,593797,0,0
2025-10-08 18:30:00,257.89999,257.995,257.82001,257.91,409027,0,0
2025-10-08 18:45:00,257.92001,257.96011,257.7605,257.79999,485099,0,0
2025-10-08 19:00:00,257.81,258.12,257.73999,258.11951,639746,0,0
2025-10-08 19:15:00,258.12,258.42999,257.9101,258.25,1030597,0,0
2025-10-08 19:30:00,258.23999,258.48999,258.1301,258.345,973924,0,0
2025-10-08 19:45:00,258.34,258.39761,257.88,258.03,3240194,0,0
2025-10-09 13:30:00,257.775,258.0,255.5,255.50079,4066357,0,0
2025-10-09 13:45:00,255.725,256.035,254.78,255.2,2116253,0,0
2025-10-09 14:00:00,255.185,255.615,255.175,255.47501,2112724,0,0
2025-10-09 14:15:00,255.565,255.83,254.91,254.98,605029,0,0
2025-10-09 14:30:00,254.89,255.11501,254.5701,254.9,1649830,0,0
2025-10-09 14:45:00,254.88,255.19,254.75,254.935,1040769,0,0
2025-10-09 15:00:00,254.95,255.23,254.72,255.07,445906,0,0
2025-10-09 15:15:00,255.07,255.12,254.64,254.65,1533082,0,0
2025-10-09 15:30:00,254.62,254.62,253.82,254.155,1767954,0,0
2025-10-09 15:45:00,254.18,254.37,254.04781,254.1,1132476,0,0
2025-10-09 16:00:00,254.11,254.75,254.11,254.37,917031,0,0
2025-10-09 16:15:00,254.35,254.435,253.77,253.99,880163,0,0
2025-10-09 16:30:00,253.985,253.99,253.55,253.79,635278,0,0
2025-10-09 16:45:00,253.765,254.04,253.61,253.63989,673302,0,0
2025-10-09 17:00:00,253.74,253.88,253.23,253.27,509294,0,0
2025-10-09 17:15:00,253.33,253.50999,253.19,253.4576,1023807,0,0
2025-10-09 17:30:00,253.41,253.74,253.14,253.47,739297,0,0
2025-10-09 17:45:00,253.47,253.7,253.365,253.62,744649,0,0
2025-10-09 18:00:00,253.62,253.81,253.47,253.71,379255,0,0
2025-10-09 18:15:00,253.71001,253.84,253.425,253.435,673871,0,0
2025-10-09 18:30:00,253.42,253.655,253.395,253.45,2022157,0,0
2025-10-09 18:45:00,253.41,253.82,253.32,253.8,61008,0,0
2025-10-09 19:00:00,253.81,254.11,253.65,253.952,1266279,0,0
2025-10-09 19:15:00,253.995,254.09,253.78,253.78,785107,0,0
2025-10-09 19:30:00,253.77,253.82,253.56,253.685,1197610,0,0
2025-10-09 19:45:00,253.675,254.27,253.595,254.03,2189907,0,0
2025-10-10 13:30:00,254.87,256.37,254.44,255.425,5989140,0,0
2025-10-10 13:45:00,255.45,255.8499,254.92,255.47501,2717065,0,0
2025-10-10 14:00:00,255.58,255.9489,255.035,255.065,2310915,0,1
2025-10-10 14:15:00,255.08501,255.675,254.88,255.088,1990277,0,0
2025-10-10 14:30:00,255.03999,255.3,255.00999,255.09,767930,0,0
2025-10-10 14:45:00,255.10339,255.34,253.07001,253.09,2077433,0,0
2025-10-10 15:00:00,253.05,253.05,250.23,251.45,6227629,0,0
2025-10-10 15:15:00,251.44,251.44,248.95,249.41,5078124,0,0
2025-10-10 15:30:00,249.125,249.63,248.42,249.58,4233006,0,0
2025-10-10 15:45:00,249.68311,249.94501,248.56,248.78999,2768461,0,0
2025-10-10 16:00:00,248.77,249.02,247.75999,248.85001,1667401,0,0
2025-10-10 16:15:00,248.85001,248.96001,248.265,248.61,973591,0,0
2025-10-10 16:30:00,248.59,249.06,247.94,247.94,988013,0,0
2025-10-10 16:45:00,247.94,248.42999,247.32001,247.49001,1280169,0,0
2025-10-10 17:00:00,247.5,247.7,247.06,247.1543,1238387,0,0
2025-10-10 17:15:00,247.2,247.88,247.11,247.81,888426,0,0
2025-10-10 17:30:00,247.77,248.42,247.67999,248.22,1093224,0,0
2025-10-10 17:45:00,248.2093,248.57001,247.73,248.00999,1743271,0,0
2025-10-10 18:00:00,248.03999,248.05,247.30119,247.6301,1057305,0,0
2025-10-10 18:15:00,247.64,247.8,247.08,247.16,989182,0,0
2025-10-10 18:30:00,247.1371,247.31,246.13,246.16,1478652,0,0
2025-10-10 18:45:00,246.17,246.55,245.815,245.9995,1370714,0,0
2025-10-10 19:00:00,246.0,246.4001,245.89,246.116,1186591,0,0
2025-10-10 19:15:00,246.12,246.35001,245.92999,246.16499,1390882,0,0
2025-10-10 19:30:00,246.17,246.99001,245.88,246.89,2125289,0,0
2025-10-10 19:45:00,246.91,246.98,244.7,245.31,6384962,0,0
2025-10-13 13:30:00,249.38,249.49001,245.56,246.8,4879503,0,1
2025-10-13 13:45:00,246.8,247.59,246.10001,246.62,1665798,0,0
2025-10-13 14:00:00,246.63499,247.6283,246.52,247.36,1680478,0,0
2025-10-13 14:15:00,247.39,247.52,246.10001,246.37601,1133603,0,0
2025-10-13 14:30:00,246.37,247.45,246.23,246.99001,1054467,1,0
2025-10-13 14:45:00,246.99001,247.59,246.75,246.94,882798,0,0
2025-10-13 15:00:00,246.94,247.85001,246.66,247.53,1457566,0,0
2025-10-13 15:15:00,247.53,248.6599,247.21001,248.5903,2421959,0,0
2025-10-13 15:30:00,248.62,248.99001,248.36,248.55499,1016594,0,0
2025-10-13 15:45:00,248.55499,248.94,248.52,248.78,597641,0,0
2025-10-13 16:00:00,248.78999,249.2,248.7401,249.119,713516,0,0
2025-10-13 16:15:00,249.14,249.62,248.98,249.17999,787836,0,0
2025-10-13 16:30:00,249.17,249.22,248.62,248.6745,641266,0,0
2025-10-13 16:45:00,248.685,249.60001,248.55,249.55,696094,0,0
2025-10-13 17:00:00,249.56,249.6893,248.985,249.05,581327,0,0
2025-10-13 17:15:00,249.04919,249.3,248.89,249.1042,379577,0,0
2025-10-13 17:30:00,249.09,249.179,248.89,248.895,461789,0,0
2025-10-13 17:45:00,248.87,249.07001,248.688,249.03999,401593,0,0
2025-10-13 18:00:00,249.03999,249.125,248.81,248.82001,651491,0,0
2025-10-13 18:15:00,248.83,249.32001,248.83,249.14619,660875,0,0
2025-10-13 18:30:00,249.14,249.24001,248.46001,248.61,626517,0,0
2025-10-13 18:45:00,248.64999,248.71001,248.32001,248.46001,467075,0,0
2025-10-13 19:00:00,248.46001,248.64,248.13,248.41,578685,0,0
2025-10-13 19:15:00,248.42999,248.7115,248.25,248.32001,638432,0,0
2025-10-13 19:30:00,248.32001,248.59,248.145,248.52,740890,0,0
2025-10-13 19:45:00,248.53,248.5365,247.33,247.59,3045832,0,0
2025-10-14 13:30:00,246.61501,247.14,244.7,245.0508,3205847,0,0
2025-10-14 13:45:00,245.05,246.3345,244.78999,246.24001,1325485,1,0
2025-10-14 14:00:00,246.24001,246.78999,245.86749,246.41,1233856,0,0
2025-10-14 14:15:00,246.405,247.23,246.31,247.02,1135961,0,0
2025-10-14 14:30:00,247.0,247.5,246.9501,247.185,908660,0,0
2025-10-14 14:45:00,247.185,247.7,247.0,247.25999,874750,0,0
2025-10-14 15:00:00,247.25999,247.74989,246.63499,246.7,735727,0,0
2025-10-14 15:15:00,246.7,246.7,246.12,246.214,773293,0,0
2025-10-14 15:30:00,246.23,247.17,246.17,246.97,1085110,0,0
2025-10-14 15:45:00,246.99001,247.46001,246.94009,247.38,509472,0,0
2025-10-14 16:00:00,247.36,247.41071,246.85001,247.05499,469436,0,0
2025-10-14 16:15:00,247.06,247.75,247.06,247.39,659995,0,0
2025-10-14 16:30:00,247.39,247.71001,247.38499,247.64999,480147,0,0
2025-10-14 16:45:00,247.66,248.0354,247.57001,247.58,636181,0,0
2025-10-14 17:00:00,247.595,247.85001,247.465,247.49001,466853,0,0
2025-10-14 17:15:00,247.5,247.89999,247.49001,247.798,465585,0,0
2025-10-14 17:30:00,247.81,247.82001,247.17999,247.61,613560,0,0
2025-10-14 17:45:00,247.605,247.7748,247.40021,247.595,453112,0,0
2025-10-14 18:00:00,247.58,247.705,247.3082,247.435,509622,0,0
2025-10-14 18:15:00,247.42999,247.535,247.19,247.485,556302,0,0
2025-10-14 18:30:00,247.49001,247.61349,247.14439,247.49001,511691,0,0
2025-10-14 18:45:00,247.48,247.96001,247.35001,247.94,825325,0,0
2025-10-14 19:00:00,247.94,248.75,247.925,248.045,1548068,0,0
2025-10-14 19:15:00,248.045,248.42999,247.89999,248.42,937646,0,0
2025-10-14 19:30:00,248.42999,248.845,246.77,247.09,1960201,0,0
2025-10-14 19:45:00,247.06,248.02,246.73,247.85001,2522058,0,0
2025-10-15 13:30:00,249.38,250.63499,248.64,249.56,4132456,0,0
2025-10-15 13:45:00,249.55,250.75,249.3275,250.7112,1209260,0,0
2025-10-15 14:00:00,250.77,251.82001,250.77,250.845,1870374,0,0
2025-10-15 14:15:00,250.87,251.50999,250.77,250.85001,972661,0,1
2025-10-15 14:30:00,250.87,251.46919,250.64,250.82001,976417,0,1
2025-10-15 14:45:00,250.82001,250.855,250.28,250.5378,740172,0,0
2025-10-15 15:00:00,250.55,250.8499,250.38,250.42,776654,0,0
2025-10-15 15:15:00,250.39999,250.5899,249.8,249.85989,937576,0,0
2025-10-15 15:30:00,249.82001,249.87,249.0601,249.44,798980,0,0
2025-10-15 15:45:00,249.44,249.44,248.72,248.97,816271,0,0
2025-10-15 16:00:00,248.955,249.85001,248.91,249.85001,612582,0,0
2025-10-15 16:15:00,249.855,250.0497,249.65401,249.77499,651677,0,0
2025-10-15 16:30:00,249.78,249.94991,249.45,249.47749,453821,0,0
2025-10-15 16:45:00,249.47501,249.49001,248.71001,248.95,543878,0,0
2025-10-15 17:00:00,248.96001,249.02,247.83,247.84,652875,0,0
2025-10-15 17:15:00,247.81171,248.325,247.48,248.0905,639717,1,0
2025-10-15 17:30:00,248.105,249.14999,248.05,249.12,603403,0,0
2025-10-15 17:45:00,249.14999,249.72,249.11,249.48,534148,0,0
2025-10-15 18:00:00,249.51041,249.63499,249.20799,249.41,432583,0,0
2025-10-15 18:15:00,249.42999,249.8,249.40669,249.647,364078,0,0
2025-10-15 18:30:00,249.64999,249.86,249.48,249.718,390717,0,0
2025-10-15 18:45:00,249.705,249.99001,249.63,249.94501,453657,0,0
2025-10-15 19:00:00,249.96001,250.0,249.49001,249.75999,645515,0,0
2025-10-15 19:15:00,249.75079,250.10001,249.75,249.92,649570,0,0
2025-10-15 19:30:00,249.92999,250.07001,249.09,249.49001,725403,0,0
2025-10-15 19:45:00,249.491,249.491,248.17,249.42999,3503770,0,0
2025-10-16 13:30:00,248.27,248.38,246.17999,248.11099,4726905,0,0
2025-10-16 13:45:00,248.12,248.34,247.31,247.5,2006551,0,0
2025-10-16 14:00:00,247.5,247.67999,246.92,247.14999,1677537,0,0
2025-10-16 14:15:00,247.145,247.73,246.86,247.50999,1153064,1,0
2025-10-16 14:30:00,247.49001,248.78999,247.4817,248.545,1444066,0,0
2025-10-16 14:45:00,248.57001,248.91,247.9698,248.60001,1268401,0,0
2025-10-16 15:00:00,248.62,248.94991,248.02,248.94991,1043797,0,0
2025-10-16 15:15:00,248.92,249.03999,247.89,248.235,1070668,0,0
2025-10-16 15:30:00,248.17,248.6631,247.7901,247.99001,757783,0,0
2025-10-16 15:45:00,247.99001,248.34,247.50169,247.97,738818,0,0
2025-10-16 16:00:00,247.96001,248.2,247.66,247.99001,564054,0,0
2025-10-16 16:15:00,247.97,247.99001,247.035,247.72,1245339,0,0
2025-10-16 16:30:00,247.7001,247.71001,246.4101,246.7941,1139733,0,0
2025-10-16 16:45:00,246.77499,247.67999,246.03999,247.64999,1510919,0,0
2025-10-16 17:00:00,247.64999,247.77209,246.87,247.06,718254,0,0
2025-10-16 17:15:00,247.0,247.5,246.58,247.22,676302,0,0
2025-10-16 17:30:00,247.22,247.42,246.31,246.4686,1080788,0,0
2025-10-16 17:45:00,246.47,246.67999,246.2,246.565,693409,0,0
2025-10-16 18:00:00,246.55,246.67,245.368,245.61,947664,0,0
2025-10-16 18:15:00,245.56,245.9062,245.25999,245.66,1273885,1,0
2025-10-16 18:30:00,245.64,246.91,245.13,246.32001,1083565,0,0
2025-10-16 18:45:00,246.36,246.7099,246.17999,246.605,786955,0,0
2025-10-16 19:00:00,246.605,247.02,246.41051,246.67,737533,0,0
2025-10-16 19:15:00,246.67999,246.96001,246.28999,246.55,995212,0,0
2025-10-16 19:30:00,246.56,247.05,246.35001,247.005,848554,0,0
2025-10-16 19:45:00,246.99001,247.91,246.71001,247.42999,2886395,0,0
2025-10-17 13:30:00,248.02,249.19,247.34,247.5699,5817615,0,0
2025-10-17 13:45:00,247.5,248.89,247.27,248.41,1933964,0,0
2025-10-17 14:00:00,248.41,249.88,248.25999,249.81,1300468,0,0
2025-10-17 14:15:00,249.82001,250.32001,249.1701,249.5601,2090946,0,1
2025-10-17 14:30:00,249.644,249.715,248.95,249.2001,1109825,0,0
2025-10-17 14:45:00,249.21651,249.86,248.66521,248.87399,707783,0,0
2025-10-17 15:00:00,248.89,249.582,248.69501,248.69501,725584,0,0
2025-10-17 15:15:00,248.74001,249.03999,248.23,248.48,916139,0,0
2025-10-17 15:30:00,248.48,249.11,248.0972,249.0899,1359312,1,0
2025-10-17 15:45:00,249.078,249.78,248.95,249.5775,929305,0,0
2025-10-17 16:00:00,249.53999,250.21001,249.53999,249.78,1034891,0,0
2025-10-17 16:15:00,249.78999,250.35001,249.4502,250.29649,954206,0,0
2025-10-17 16:30:00,250.2933,250.86,250.27521,250.61639,1335834,0,0
2025-10-17 16:45:00,250.64,251.36,250.44,251.13,1367905,0,0
2025-10-17 17:00:00,251.1321,251.33,250.36,251.11,2163452,0,0
2025-10-17 17:15:00,251.10001,251.13,250.61659,250.815,1196769,0,0
2025-10-17 17:30:00,250.8,251.00999,250.35001,250.5,628402,0,0
2025-10-17 17:45:00,250.50011,251.37,250.245,251.3,1033838,0,0
2025-10-17 18:00:00,251.319,252.03,251.319,251.83299,1175437,0,0
2025-10-17 18:15:00,251.825,252.535,251.80119,252.3,1115307,0,0
2025-10-17 18:30:00,252.28239,252.44,251.75,251.75,840941,0,0
2025-10-17 18:45:00,251.77,252.31,251.7,252.2735,770607,0,0
2025-10-17 19:00:00,252.28,252.64,252.1001,252.6254,1156005,0,0
2025-10-17 19:15:00,252.62,252.82001,252.36,252.75999,1215102,0,0
2025-10-17 19:30:00,252.75,253.38,252.42,253.215,2152057,0,0
2025-10-17 19:45:00,253.22,253.3418,252.12,252.3,5095731,0,0
2025-10-20 13:30:00,255.88499,259.20001,255.63,258.45999,9237930,0,0
2025-10-20 13:45:00,258.47,259.87,257.73999,258.97751,4505507,0,0
2025-10-20 14:00:00,258.89001,259.56989,258.07019,258.66,3223610,0,0
2025-10-20 14:15:00,258.67999,259.76999,258.40009,259.505,2559684,0,0
2025-10-20 14:30:00,259.48999,260.38,259.07001,259.70001,5149613,0,0
2025-10-20 14:45:00,259.71991,261.63,259.64999,261.57999,3658370,0,0
2025-10-20 15:00:00,261.57999,263.47,261.51999,262.76999,7691710,0,0
2025-10-20 15:15:00,262.79001,263.54999,262.23999,262.57001,4190356,0,0
2025-10-20 15:30:00,262.54999,263.59,262.41751,263.5488,2686920,0,0
2025-10-20 15:45:00,263.54999,264.375,263.04999,263.31,4230456,0,0
2025-10-20 16:00:00,263.34,264.23001,263.04001,263.11639,3926377,0,0
2025-10-20 16:15:00,263.10001,263.64999,262.81009,263.48999,2921056,0,0
2025-10-20 16:30:00,263.48001,263.70001,262.73001,262.79999,2044545,0,0
2025-10-20 16:45:00,262.82001,263.67001,262.64999,263.62,2114260,0,0
2025-10-20 17:00:00,263.61011,264.20999,263.26001,263.3497,2478023,0,0
2025-10-20 17:15:00,263.32199,263.57001,262.88089,263.16501,1452689,0,0
2025-10-20 17:30:00,263.17999,263.20999,262.97,263.035,935579,0,0
2025-10-20 17:45:00,263.035,263.37,262.82599,262.92499,1360733,0,0
2025-10-20 18:00:00,262.92001,263.67999,262.79001,263.6702,1335115,0,0
2025-10-20 18:15:00,263.6799,263.82999,263.35999,263.73001,1125372,0,0
2025-10-20 18:30:00,263.73999,263.755,263.25,263.37,1406498,0,0
2025-10-20 18:45:00,263.37,263.42999,263.04001,263.28,973368,0,0
2025-10-20 19:00:00,263.29999,263.81,263.20059,263.5,1642562,0,0
2025-10-20 19:15:00,263.5,263.60001,263.20999,263.42001,1440482,0,0
2025-10-20 19:30:00,263.44,263.85001,263.38,263.535,1976625,0,0
2025-10-20 19:45:00,263.53,263.76999,261.92999,262.23001,6044842,0,0
2025-10-21 13:30:00,261.88,265.0,261.88,264.39999,8575495,0,0
2025-10-21 13:45:00,264.42001,265.29001,262.94,263.80499,4245025,0,0
2025-10-21 14:00:00,263.79001,264.64001,263.5401,263.79001,2475742,0,0
2025-10-21 14:15:00,263.79001,264.25,263.22,263.49991,1707318,0,0
2025-10-21 14:30:00,263.45999,263.82999,262.76999,262.91,1363032,0,0
2025-10-21 14:45:00,262.92999,263.23999,262.53,263.0499,1304716,0,0
2025-10-21 15:00:00,263.07999,263.42001,262.70001,262.98499,1027018,0,0
2025-10-21 15:15:00,263.0,263.75299,262.51001,263.66199,1026499,0,0
2025-10-21 15:30:00,263.67001,264.535,263.67001,263.90851,1553423,0,0
2025-10-21 15:45:00,263.91,264.26999,263.8067,264.12,1873746,0,0
2025-10-21 16:00:00,264.10999,264.38699,263.5,263.62491,928128,0,0
2025-10-21 16:15:00,263.63,263.77301,263.08011,263.17001,1158956,0,0
2025-10-21 16:30:00,263.16,263.40991,263.09,263.2341,555923,0,0
2025-10-21 16:45:00,263.23999,263.37,262.85001,263.07001,822748,0,0
2025-10-21 17:00:00,263.065,263.6799,262.8475,263.55499,711388,0,0
2025-10-21 17:15:00,263.54001,263.55991,263.121,263.32651,581547,0,0
2025-10-21 17:30:00,263.32581,263.80991,263.29001,263.6825,582590,0,0
2025-10-21 17:45:00,263.68179,263.89999,263.53,263.76001,884946,0,0
2025-10-21 18:00:00,263.77829,264.04999,263.73999,263.83499,680698,0,0
2025-10-21 18:15:00,263.83401,263.85449,262.14999,263.44989,1569861,0,0
2025-10-21 18:30:00,263.44958,263.70001,263.245,263.28,596311,0,0
2025-10-21 18:45:00,263.29001,263.73819,263.26999,263.42001,841431,0,0
2025-10-21 19:00:00,263.435,263.57001,263.2225,263.33499,915949,0,0
2025-10-21 19:15:00,263.33499,263.5,262.95001,263.08499,1077289,0,0
2025-10-21 19:30:00,263.095,263.20999,262.87,262.98001,978714,0,0
2025-10-21 19:45:00,262.98001,263.16,262.47,262.84,2514304,0,0
2025-10-22 13:30:00,262.79001,262.85001,260.03,260.55499,3900237,0,0
2025-10-22 13:45:00,260.55499,261.10999,259.92999,260.39999,3186722,0,0
2025-10-22 14:00:00,260.41251,261.32001,259.72,261.03879,1802470,0,0
2025-10-22 14:15:00,261.03,261.37,259.92068,260.0499,1396041,0,0
2025-10-22 14:30:00,260.0,260.76001,259.745,260.64999,1364071,0,0
2025-10-22 14:45:00,260.59,261.13,260.17001,260.73999,1014532,0,0
2025-10-22 15:00:00,260.75,260.76001,259.39001,259.67499,1253283,0,0
2025-10-22 15:15:00,259.66,259.70999,257.64011,258.4299,2298328,0,0
2025-10-22 15:30:00,258.45001,258.99911,258.10001,258.57999,1334708,0,0
2025-10-22 15:45:00,258.60001,259.48999,258.57111,259.30499,946138,0,0
2025-10-22 16:00:00,259.30499,259.41,258.53,258.57001,734592,0,0
2025-10-22 16:15:00,258.56,258.74881,258.04999,258.54999,748483,0,0
2025-10-22 16:30:00,258.54999,258.76999,256.375,257.66,2112389,0,0
2025-10-22 16:45:00,257.67499,258.20999,257.09,257.67001,855117,0,0
2025-10-22 17:00:00,257.64001,257.8204,257.16,257.17001,643190,0,0
2025-10-22 17:15:00,257.19,257.23999,256.29999,256.69141,1068445,0,0
2025-10-22 17:30:00,256.67001,256.78711,255.67999,255.7496,1522054,0,0
2025-10-22 17:45:00,255.73,256.35001,255.42999,256.35001,1171207,1,0
2025-10-22 18:00:00,256.31,256.84,256.22009,256.51001,788693,0,0
2025-10-22 18:15:00,256.5,257.0798,256.26001,256.55099,739089,0,0
2025-10-22 18:30:00,256.54999,256.87,256.14001,256.67999,795483,0,0
2025-10-22 18:45:00,256.69,257.01901,256.41,256.97,643875,0,0
2025-10-22 19:00:00,256.95999,257.62,256.5,257.48499,925097,0,0
2025-10-22 19:15:00,257.48499,257.67999,257.14001,257.51001,830686,0,0
2025-10-22 19:30:00,257.51999,257.98999,257.42999,257.60001,1221543,0,0
2025-10-22 19:45:00,257.60999,258.81,257.53,258.42999,3041979,0,0
2025-10-23 13:30:00,259.89001,260.1799,258.12,258.5,2655705,0,0
2025-10-23 13:45:00,258.48499,259.14001,258.0101,258.35001,1449768,0,0
2025-10-23 14:00:00,258.39001,259.22989,258.12,259.20001,1088719,0,0
2025-10-23 14:15:00,259.17169,259.63,258.67001,259.47989,1056815,0,0
2025-10-23 14:30:00,259.42001,259.59,259.01999,259.32501,612917,0,0
2025-10-23 14:45:00,259.32501,259.66,258.73001,259.62219,921326,0,0
2025-10-23 15:00:00,259.60999,259.67999,258.95999,259.09,640883,0,0
2025-10-23 15:15:00,259.08499,259.42999,258.95001,259.39999,677664,0,0
2025-10-23 15:30:00,259.39999,259.85699,259.0834,259.23999,1052326,0,0
2025-10-23 15:45:00,259.23999,260.53,259.14999,260.25,1028407,0,0
2025-10-23 16:00:00,260.20499,260.6199,260.17059,260.39001,558282,0,0
2025-10-23 16:15:00,260.3765,260.54001,259.92499,260.04001,529106,0,0
2025-10-23 16:30:00,260.04999,260.39001,259.95001,260.20001,560462,0,0
2025-10-23 16:45:00,260.23001,260.29999,260.04001,260.26001,500685,0,0
2025-10-23 17:00:00,260.25,260.54999,259.51999,260.02509,1081341,0,0
2025-10-23 17:15:00,260.02499,260.10999,259.66501,259.85999,431721,0,0
2025-10-23 17:30:00,259.88,260.42499,259.82999,260.23001,569515,0,0
2025-10-23 17:45:00,260.23999,260.32001,260.14999,260.20999,1767726,0,0
2025-10-23 18:00:00,260.20999,260.42001,259.84299,260.14999,502651,0,0
2025-10-23 18:15:00,260.125,260.125,259.87,259.97,480300,0,0
2025-10-23 18:30:00,259.97,260.01999,259.79001,259.91501,545872,0,0
2025-10-23 18:45:00,259.91501,259.96552,259.66,259.85001,485948,0,0
2025-10-23 19:00:00,259.85999,259.90799,259.72,259.785,515729,0,0
2025-10-23 19:15:00,259.785,259.9136,259.62,259.89999,689622,0,0
2025-10-23 19:30:00,259.91,260.01999,259.69,259.82001,766162,0,0
2025-10-23 19:45:00,259.82819,260.04999,259.07999,259.57999,2377694,0,0
2025-10-24 13:30:00,261.19,261.62,259.39499,260.32001,3210604,0,0
2025-10-24 13:45:00,260.32001,260.51999,259.17999,260.17001,1512558,0,0
2025-10-24 14:00:00,260.23999,260.64999,259.88,260.56,1388141,0,0
2025-10-24 14:15:00,260.59,261.29999,260.41,260.94141,1176224,0,0
2025-10-24 14:30:00,260.94,261.64001,260.79001,261.54001,990667,0,0
2025-10-24 14:45:00,261.54999,262.35001,261.34,261.83099,1711913,0,0
2025-10-24 15:00:00,261.85001,262.92499,261.76001,262.88,1278056,0,0
2025-10-24 15:15:00,262.88,263.35999,262.73001,263.28,1510284,0,0
2025-10-24 15:30:00,263.29001,263.78,263.04501,263.315,1499802,0,0
2025-10-24 15:45:00,263.28,263.54999,262.95001,263.33719,1018766,0,0
2025-10-24 16:00:00,263.345,263.69,263.3002,263.60001,852661,0,0
2025-10-24 16:15:00,263.57239,264.03,263.42001,263.57999,1087437,0,0
2025-10-24 16:30:00,263.59,263.6084,262.85001,263.06021,810625,0,0
2025-10-24 16:45:00,263.03,263.34,262.92999,263.10989,605659,0,0
2025-10-24 17:00:00,263.10001,263.70999,263.09,263.57001,905795,0,0
2025-10-24 17:15:00,263.565,263.67999,263.20001,263.60999,608377,0,0
2025-10-24 17:30:00,263.60999,263.95001,263.41,263.88,711655,0,0
2025-10-24 17:45:00,263.86499,264.09,263.80701,263.90009,735114,0,0
2025-10-24 18:00:00,263.89001,263.931,263.66,263.66409,593652,0,0
2025-10-24 18:15:00,263.66461,264.13,263.60001,264.01999,803447,0,0
2025-10-24 18:30:00,264.02499,264.10001,263.64999,263.79059,721697,0,0
2025-10-24 18:45:00,263.81,263.9429,263.42001,263.51999,818074,0,0
2025-10-24 19:00:00,263.51001,263.565,263.20999,263.37201,817579,0,0
2025-10-24 19:15:00,263.39001,263.51999,263.14999,263.5,830199,0,0
2025-10-24 19:30:00,263.51001,263.66,263.32501,263.32999,1030038,0,0
2025-10-24 19:45:00,263.34,263.42999,262.13,262.73999,3712446,0,0
2025-10-27 13:30:00,264.88,266.66,264.65009,265.76501,4664567,0,0
2025-10-27 13:45:00,265.76001,266.57999,265.64999,266.25,1764539,0,0
2025-10-27 14:00:00,266.23999,267.04999,266.20999,266.23969,1898118,0,0
2025-10-27 14:15:00,266.23999,266.36841,265.66,265.73001,992287,0,0
2025-10-27 14:30:00,265.73999,265.98001,265.41,265.94,1075179,0,0
2025-10-27 14:45:00,265.95001,266.42001,265.20001,265.38501,1185257,0,0
2025-10-27 15:00:00,265.39999,265.72,265.19501,265.67499,928376,0,0
2025-10-27 15:15:00,265.67999,266.10001,265.57999,265.70999,862040,0,0
2025-10-27 15:30:00,265.70999,265.78,265.29999,265.47,789578,0,0
2025-10-27 15:45:00,265.45001,265.56,265.04999,265.41019,952223,0,0
2025-10-27 16:00:00,265.42001,266.09,265.23999,265.95499,1039599,0,0
2025-10-27 16:15:00,265.95999,266.0,265.72,265.92999,736495,0,0
2025-10-27 16:30:00,265.94,266.09,265.82001,265.98001,640962,0,0
2025-10-27 16:45:00,265.97501,266.125,265.56,265.59,688960,0,0
2025-10-27 17:00:00,265.59201,265.8299,265.56,265.82651,527727,0,0
2025-10-27 17:15:00,265.82999,265.8855,265.51001,265.62,1473498,0,0
2025-10-27 17:30:00,265.63,266.01501,265.51001,265.979,675840,0,0
2025-10-27 17:45:00,265.97,265.98999,265.67841,265.86011,560865,0,0
2025-10-27 18:00:00,265.85999,265.85999,265.60001,265.64499,409271,0,0
2025-10-27 18:15:00,265.64499,265.70999,265.52151,265.595,525779,0,0
2025-10-27 18:30:00,265.59,265.92001,265.47,265.86499,649164,0,0
2025-10-27 18:45:00,265.87,266.32999,265.86499,266.23499,932961,0,0
2025-10-27 19:00:00,266.23499,266.73999,266.03021,266.61499,1057218,0,0
2025-10-27 19:15:00,266.61499,267.39999,266.60001,267.27499,1619846,0,0
2025-10-27 19:30:00,267.26999,267.76001,267.20999,267.73999,1620586,0,0
2025-10-27 19:45:00,267.7301,269.07999,267.69,268.73999,5375506,0,0
2025-10-28 13:30:00,269.13501,269.87,268.26001,269.48999,5840266,0,0
2025-10-28 13:45:00,269.51999,269.75,268.31961,268.98999,2457176,0,0
2025-10-28 14:00:00,268.98001,269.06,268.29001,268.64001,1621931,0,0
2025-10-28 14:15:00,268.66,268.78,268.25,268.64999,1913393,0,0
2025-10-28 14:30:00,268.6423,268.64999,268.14999,268.28,950108,0,0
2025-10-28 14:45:00,268.29001,269.14001,268.25,268.82001,1082595,0,0
2025-10-28 15:00:00,268.87,269.07001,268.31,268.36499,760362,0,0
2025-10-28 15:15:00,268.36499,268.78,268.31,268.6972,757319,0,0
2025-10-28 15:30:00,268.69501,269.01999,268.35001,268.79001,975387,0,0
2025-10-28 15:45:00,268.79001,269.07581,268.7182,268.91,663093,0,0
2025-10-28 16:00:00,268.9119,269.01001,268.81,268.88,541908,0,0
2025-10-28 16:15:00,268.88019,269.06,268.66,268.995,577664,0,0
2025-10-28 16:30:00,268.98001,269.39999,268.82001,268.94,735911,0,0
2025-10-28 16:45:00,268.95001,269.87,268.89999,269.59,1209042,0,0
2025-10-28 17:00:00,269.60001,269.73999,268.94501,269.00699,835626,0,0
2025-10-28 17:15:00,269.01001,269.69,269.00009,269.495,723285,0,0
2025-10-28 17:30:00,269.495,269.495,268.98999,269.065,878378,0,0
2025-10-28 17:45:00,269.04999,269.0625,268.79999,268.92999,691803,0,0
2025-10-28 18:00:00,268.90341,269.20001,268.86499,269.10281,691346,0,0
2025-10-28 18:15:00,269.10001,269.29999,269.01999,269.09021,920143,0,0
2025-10-28 18:30:00,269.10501,269.16,268.78,268.97,841906,0,0
2025-10-28 18:45:00,268.97409,269.23499,268.9501,269.11499,820400,0,0
2025-10-28 19:00:00,269.11499,269.41,269.03009,269.22,1004491,0,0
2025-10-28 19:15:00,269.20999,269.44,268.92001,269.20001,1453552,0,0
2025-10-28 19:30:00,269.20001,269.20001,268.68839,268.82431,1251374,0,0
2025-10-28 19:45:00,268.82001,269.35501,268.60001,269.03,4088279,0,0
2025-10-29 13:30:00,269.27499,271.20001,268.70001,270.04999,6147005,0,0
2025-10-29 13:45:00,270.07999,271.29001,269.86011,270.89001,1494360,0,0
2025-10-29 14:00:00,270.94,271.41,270.45001,270.82501,1385066,0,1
2025-10-29 14:15:00,270.82999,270.85999,270.17999,270.42001,1182799,0,0
2025-10-29 14:30:00,270.41,270.44501,269.41,269.75,1343890,0,0
2025-10-29 14:45:00,269.763,269.92999,268.61499,268.85001,1905657,0,0
2025-10-29 15:00:00,268.84,269.20999,268.39999,268.76999,1678899,0,0
2025-10-29 15:15:00,268.78,268.78,267.51221,267.63,1319393,0,0
2025-10-29 15:30:00,267.60999,267.95001,267.10999,267.9227,1367461,1,0
2025-10-29 15:45:00,267.91,268.17001,267.72,267.76999,1477107,0,0
2025-10-29 16:00:00,267.78,268.82001,267.70001,268.66,769038,0,0
2025-10-29 16:15:00,268.664,268.85999,268.42999,268.62,981515,0,0
2025-10-29 16:30:00,268.603,269.06,268.47009,268.92999,589247,0,0
2025-10-29 16:45:00,268.93591,269.10999,268.63,268.87,658962,0,0
2025-10-29 17:00:00,268.86829,269.32999,268.86829,269.25,747916,0,0
2025-10-29 17:15:00,269.26999,269.93011,269.05539,269.93011,1069956,0,0
2025-10-29 17:30:00,269.89001,270.48001,269.79001,270.17499,1430416,0,0
2025-10-29 17:45:00,270.16299,270.66,269.79999,270.44501,1226257,0,0
2025-10-29 18:00:00,270.47,270.76999,270.14999,270.66,1342046,0,0
2025-10-29 18:15:00,270.64001,270.85001,270.06161,270.81,964459,0,0
2025-10-29 18:30:00,270.785,270.92999,268.70001,268.70999,1736008,0,0
2025-10-29 18:45:00,268.72,269.92999,268.60001,269.51001,1545113,0,0
2025-10-29 19:00:00,269.52991,269.63,268.26001,268.64001,968370,0,0
2025-10-29 19:15:00,268.66,268.95999,268.2991,268.31,906612,0,0
2025-10-29 19:30:00,268.32001,269.20999,267.79999,269.20001,1270749,0,0
2025-10-29 19:45:00,269.19409,270.38,269.0433,269.73001,3055155,0,0
2025-10-30 13:30:00,271.98999,274.14001,270.60999,271.215,4623956,0,1
2025-10-30 13:45:00,271.21509,271.8699,270.82999,271.06,1336064,0,0
2025-10-30 14:00:00,271.10941,271.37991,270.01001,270.285,1257207,0,0
2025-10-30 14:15:00,270.31,270.51001,268.98999,269.09,1170613,0,0
2025-10-30 14:30:00,269.09,269.75,269.03,269.57001,904744,0,0
2025-10-30 14:45:00,269.54999,269.62,268.48001,268.89999,840938,0,0
2025-10-30 15:00:00,268.89999,270.92999,268.89001,270.92001,1108288,1,0
2025-10-30 15:15:00,270.89999,271.17001,270.54031,270.79001,1032774,0,0
2025-10-30 15:30:00,270.78,270.92001,270.26309,270.7504,757674,0,0
2025-10-30 15:45:00,270.75,271.74799,270.57999,271.17499,1043097,0,0
2025-10-30 16:00:00,271.17001,271.97,271.17001,271.95999,1020866,0,0
2025-10-30 16:15:00,271.95999,272.39001,271.81009,272.01001,1048149,0,0
2025-10-30 16:30:00,272.0,272.06781,271.44,271.815,750064,0,0
2025-10-30 16:45:00,271.815,271.92001,271.25,271.29999,590428,0,0
2025-10-30 17:00:00,271.30991,271.44,271.04001,271.39001,507686,0,0
2025-10-30 17:15:00,271.39001,271.98001,271.19,271.95001,561370,0,0
2025-10-30 17:30:00,271.95001,271.98999,271.28,271.42001,554850,0,0
2025-10-30 17:45:00,271.41,272.07001,271.4039,272.0,873080,0,0
2025-10-30 18:00:00,272.0,272.29999,271.67999,272.17999,1041780,0,0
2025-10-30 18:15:00,272.17001,272.17999,271.47,271.75,965345,0,0
2025-10-30 18:30:00,271.76001,272.008,271.28,271.755,767771,0,0
2025-10-30 18:45:00,271.755,271.78,271.17999,271.35999,785276,0,0
2025-10-30 19:00:00,271.34,271.62991,271.20999,271.35999,894669,0,0
2025-10-30 19:15:00,271.36499,271.60001,270.995,271.34,1383633,0,0
2025-10-30 19:30:00,271.34,271.48001,271.04999,271.38,1294760,0,0
2025-10-30 19:45:00,271.37271,271.67001,271.09,271.29001,3882680,0,0
2025-10-31 13:30:00,276.98999,277.32001,269.16,270.70499,10498579,0,1
2025-10-31 13:45:00,270.72,272.06,269.76999,270.43701,2927674,0,0
2025-10-31 14:00:00,270.435,270.70999,269.29999,269.3501,2190126,0,0
2025-10-31 14:15:00,269.41,270.63989,269.16,270.38,1611799,0,0
2025-10-31 14:30:00,270.42999,271.55991,270.1001,270.71301,1565026,0,0
2025-10-31 14:45:00,270.70999,271.0,270.28,270.59,1025988,0,0
2025-10-31 15:00:00,270.625,271.22,270.39999,270.94031,1040815,0,0
2025-10-31 15:15:00,270.92499,271.51999,270.7428,271.29999,963237,0,0
2025-10-31 15:30:00,271.2999,271.36499,270.22,271.01999,1070513,0,0
2025-10-31 15:45:00,271.01999,271.54001,270.59,271.45999,920428,0,0
2025-10-31 16:00:00,271.44,271.76001,270.73999,271.52051,914660,0,0
2025-10-31 16:15:00,271.53079,272.85849,271.41,272.435,1395641,0,0
2025-10-31 16:30:00,272.42999,273.17001,272.17999,272.63,1333219,0,0
2025-10-31 16:45:00,272.64001,272.79999,271.48001,271.62,824642,0,1
2025-10-31 17:00:00,271.64001,271.79001,270.92999,271.14999,1019452,0,0
2025-10-31 17:15:00,271.16,271.39001,270.14999,270.34879,828214,0,0
2025-10-31 17:30:00,270.32999,271.04999,270.10999,271.04999,710040,1,0
2025-10-31 17:45:00,271.03,271.59,270.98999,271.37,507163,0,0
2025-10-31 18:00:00,271.35999,272.05991,271.35999,271.42999,522596,0,0
2025-10-31 18:15:00,271.39999,271.85001,271.22049,271.81,656861,0,0
2025-10-31 18:30:00,271.79001,272.12,271.66,271.85559,520032,0,0
2025-10-31 18:45:00,271.85501,271.92499,271.26999,271.67001,684935,0,0
2025-10-31 19:00:00,271.70001,271.95999,271.38,271.89999,691234,0,0
2025-10-31 19:15:00,271.89999,272.17499,271.42999,272.10501,1005532,0,0
2025-10-31 19:30:00,272.13,272.64999,272.01001,272.32001,1229821,0,0
2025-10-31 19:45:00,272.32001,272.59,269.95999,270.25,5371257,0,0
2025-11-03 14:30:00,270.42001,270.78,267.2301,267.505,5356591,0,0
2025-11-03 14:45:00,267.45999,267.51999,266.35501,267.28,1945910,0,0
2025-11-03 15:00:00,267.37,268.04999,266.25,267.76511,1715142,0,0
2025-11-03 15:15:00,267.73141,268.70001,267.45001,267.63,1205874,0,0
2025-11-03 15:30:00,267.64001,268.28,267.51001,267.69009,842170,0,0
2025-11-03 15:45:00,267.70001,268.09,267.2601,267.5499,659101,0,0
2025-11-03 16:00:00,267.52499,267.60001,266.85999,267.24301,844835,0,0
2025-11-03 16:15:00,267.29001,267.34,266.5,266.64001,756440,0,0
2025-11-03 16:30:00,266.65991,267.62,266.52231,267.59,741733,0,0
2025-11-03 16:45:00,267.59,268.0,267.57001,267.84,732107,0,0
2025-11-03 17:00:00,267.85001,267.92001,267.36011,267.88821,623957,0,0
2025-11-03 17:15:00,267.88,268.14999,267.44189,267.535,723902,0,0
2025-11-03 17:30:00,267.51999,267.62,267.28,267.48901,500193,0,0
2025-11-03 17:45:00,267.51999,267.87,267.32999,267.423,372719,0,0
2025-11-03 18:00:00,267.45001,267.85999,267.25,267.60999,535973,0,0
2025-11-03 18:15:00,267.60999,268.0,267.31,267.67801,625224,0,0
2025-11-03 18:30:00,267.7099,268.62,267.67999,268.535,468397,0,0
2025-11-03 18:45:00,268.535,268.57999,268.01999,268.13,403421,0,0
2025-11-03 19:00:00,268.14001,268.29999,267.37,267.63559,658789,0,0
2025-11-03 19:15:00,267.62259,267.76999,267.31,267.31,544661,0,0
2025-11-03 19:30:00,267.32001,267.53,266.91,267.07999,529804,0,0
2025-11-03 19:45:00,267.08499,267.38361,267.08499,267.19501,457916,0,0
2025-11-03 20:00:00,267.20999,267.39001,266.95221,267.29001,593980,0,0
2025-11-03 20:15:00,267.29999,267.79001,267.18039,267.62,661734,0,0
2025-11-03 20:30:00,267.63,268.09,267.62,268.06,909650,0,0
2025-11-03 20:45:00,268.09,269.10999,267.45999,269.06,2473488,0,0
2025-11-04 14:30:00,268.24249,269.5,267.61499,269.42999,6990127,0,0
2025-11-04 14:45:00,269.39001,269.59,267.95999,268.3002,1277691,0,0
2025-11-04 15:00:00,268.33499,268.798,267.89001,268.26001,2892884,0,0
2025-11-04 15:15:00,268.26999,269.04999,268.13,268.42999,550770,0,0
2025-11-04 15:30:00,268.42999,268.91,268.2901,268.655,462612,0,0
2025-11-04 15:45:00,268.67999,268.70001,267.70999,268.2735,540511,0,0
2025-11-04 16:00:00,268.2742,269.67001,268.2702,269.54001,772065,0,0
2025-11-04 16:15:00,269.54001,271.0,269.41,270.60999,1503166,0,0
2025-11-04 16:30:00,270.64001,271.48599,270.35999,271.0452,1199046,0,0
2025-11-04 16:45:00,271.04001,271.17999,270.10001,270.54999,1204654,0,0
2025-11-04 17:00:00,270.57001,270.59271,269.75,269.82001,670683,0,0
2025-11-04 17:15:00,269.82599,270.04501,268.98001,270.01001,772443,0,0
2025-11-04 17:30:00,270.005,270.48001,269.89001,270.22,515551,0,0
2025-11-04 17:45:00,270.23499,270.92999,270.20999,270.76999,632081,0,0
2025-11-04 18:00:00,270.745,270.7789,270.39999,270.73001,456844,0,0
2025-11-04 18:15:00,270.73001,270.85999,270.39999,270.6384,467977,0,0
2025-11-04 18:30:00,270.60999,270.82001,270.1456,270.62549,713573,0,0
2025-11-04 18:45:00,270.62,270.64999,270.07001,270.48999,671311,0,0
2025-11-04 19:00:00,270.48001,270.79999,270.245,270.29001,537772,0,0
2025-11-04 19:15:00,270.28,270.67999,269.87,270.51041,639876,0,0
2025-11-04 19:30:00,270.53,270.60999,270.06,270.34451,596043,0,0
2025-11-04 19:45:00,270.34,270.57999,270.12,270.39999,538864,0,0
2025-11-04 20:00:00,270.42001,270.48999,269.64999,269.79999,732416,0,0
2025-11-04 20:15:00,269.79999,270.10001,269.28271,270.09052,726865,0,0
2025-11-04 20:30:00,270.10001,270.32001,269.93011,270.06,648227,0,0
2025-11-04 20:45:00,270.07001,270.405,269.5,270.20999,2874134,0,0
2025-11-05 14:30:00,268.59,269.14999,266.92999,267.89999,5505076,0,0
2025-11-05 14:45:00,267.875,269.57001,267.69,269.23499,1034134,1,0
2025-11-05 15:00:00,269.20001,269.5899,268.69,268.88,808971,0,0
2025-11-05 15:15:00,268.8855,269.37991,268.55499,269.0101,647372,0,0
2025-11-05 15:30:00,268.98999,269.73999,268.95999,269.31839,514132,0,0
2025-11-05 15:45:00,269.3067,269.39001,268.76001,269.37091,513907,0,0
2025-11-05 16:00:00,269.39999,269.44,268.92999,269.20001,467588,0,0
2025-11-05 16:15:00,269.23001,270.38,269.08011,270.29001,673808,0,0
2025-11-05 16:30:00,270.28,270.46179,270.10001,270.33499,432731,0,0
2025-11-05 16:45:00,270.3494,270.47,269.97501,269.99091,393675,0,0
2025-11-05 17:00:00,270.01001,270.01001,269.5,269.70779,411377,0,0
2025-11-05 17:15:00,269.70001,270.09,269.59,269.97,394058,0,0
2025-11-05 17:30:00,269.97,270.76999,269.92999,270.69501,442128,0,0
2025-11-05 17:45:00,270.69,270.79001,270.43149,270.54001,297658,0,0
2025-11-05 18:00:00,270.54001,270.67001,270.17001,270.38,247640,0,0
2025-11-05 18:15:00,270.37,270.63,269.97,270.12,439166,0,0
2025-11-05 18:30:00,270.10999,270.19,269.82001,270.116,334431,0,0
2025-11-05 18:45:00,270.13,270.35001,269.9798,270.07001,316738,0,0
2025-11-05 19:00:00,270.04999,271.70001,269.76999,270.60001,11296820,0,0
2025-11-05 19:15:00,270.58499,270.95999,270.32999,270.42999,642057,0,0
2025-11-05 19:30:00,270.41,271.5,270.07999,270.095,924081,0,0
2025-11-05 19:45:00,270.07999,270.19,269.64001,269.66641,509957,0,0
2025-11-05 20:00:00,269.64001,270.0,269.59,269.67499,6813909,0,0
2025-11-05 20:15:00,269.67499,269.95001,269.53,269.60001,418001,0,0
2025-11-05 20:30:00,269.60999,269.64001,269.03119,269.22,696529,0,0
2025-11-05 20:45:00,269.22,270.39999,268.995,270.10999,10324054,0,0
2025-11-06 14:30:00,267.89001,269.5,267.89001,268.73001,2849642,1,0
2025-11-06 14:45:00,268.75,270.01001,268.34,269.94101,1275198,0,0
2025-11-06 15:00:00,269.94,270.0899,269.0914,269.905,1060062,0,0
2025-11-06 15:15:00,269.89001,272.82001,269.72,272.82001,2108385,0,0
2025-11-06 15:30:00,272.828,273.06,271.55011,272.32001,1599254,0,1
2025-11-06 15:45:00,272.32001,273.39999,272.16,272.28,5557360,0,0
2025-11-06 16:00:00,272.285,272.6593,271.67001,272.38989,877188,0,0
2025-11-06 16:15:00,272.38,272.63361,271.63,272.18149,1200581,0,0
2025-11-06 16:30:00,272.17999,272.22,270.92001,271.24261,1008739,0,0
2025-11-06 16:45:00,271.23001,271.23941,270.54001,270.57999,872101,0,0
2025-11-06 17:00:00,270.60001,271.39999,270.42999,270.72501,726037,0,0
2025-11-06 17:15:00,270.73999,271.45001,270.39001,271.42499,591156,0,0
2025-11-06 17:30:00,271.42001,272.25,271.33041,272.1084,721044,0,0
2025-11-06 17:45:00,272.10999,272.46979,271.92001,272.27499,768319,0,0
2025-11-06 18:00:00,272.27499,272.45001,271.15009,271.22,619745,0,0
2025-11-06 18:15:00,271.20001,271.56,270.92001,271.35001,512731,0,0
2025-11-06 18:30:00,271.37,271.5,271.02039,271.39499,398684,0,0
2025-11-06 18:45:00,271.405,271.77631,271.26001,271.39539,466771,0,0
2025-11-06 19:00:00,271.41,271.98001,271.34,271.9418,430619,0,0
2025-11-06 19:15:00,271.95001,272.16,271.63,271.99011,487412,0,0
2025-11-06 19:30:00,272.005,272.20001,270.73499,270.98001,667310,0,0
2025-11-06 19:45:00,270.98999,271.39999,270.91,271.2356,522508,0,0
2025-11-06 20:00:00,271.23001,271.67001,271.04999,271.62851,436759,0,0
2025-11-06 20:15:00,271.63,271.64331,271.09,271.20999,9314360,0,0
2025-11-06 20:30:00,271.20001,271.5202,271.07999,271.10001,801396,0,0
2025-11-06 20:45:00,271.09,271.23999,269.595,269.64001,3024137,0,0
2025-11-07 14:30:00,269.79501,270.5,267.26999,268.34009,3319666,0,0
2025-11-07 14:45:00,268.32999,270.20001,268.06,270.0,1418441,1,0
2025-11-07 15:00:00,269.92999,271.45001,269.81329,271.19,1421665,0,0
2025-11-07 15:15:00,271.20001,272.29001,271.20001,271.57999,1695618,0,0
2025-11-07 15:30:00,271.56,271.97,271.09,271.35999,893037,0,0
2025-11-07 15:45:00,271.37,271.42001,270.61179,270.67001,1038374,0,0
2025-11-07 16:00:00,270.655,271.20999,270.20999,270.35001,985376,0,0
2025-11-07 16:15:00,270.35001,270.42999,269.48001,269.53,1074418,0,0
2025-11-07 16:30:00,269.51999,269.89001,269.19,269.565,697763,0,0
2025-11-07 16:45:00,269.56,269.79001,268.56,268.89499,837156,0,0
2025-11-07 17:00:00,268.88,269.04999,268.32001,268.57001,1005249,0,0
2025-11-07 17:15:00,268.56,269.47,268.51501,269.10999,736095,0,0
2025-11-07 17:30:00,269.11499,269.14001,268.29999,268.51001,651271,0,0
2025-11-07 17:45:00,268.505,268.93161,268.27011,268.79129,454959,0,0
2025-11-07 18:00:00,268.79999,269.04501,268.12,268.39999,401640,0,0
2025-11-07 18:15:00,268.4101,268.97,268.05881,268.45001,533820,0,0
2025-11-07 18:30:00,268.45001,268.66,268.1301,268.405,427470,0,0
2025-11-07 18:45:00,268.42001,268.53,267.64001,268.13,692568,0,0
2025-11-07 19:00:00,268.06,268.3504,267.45999,267.60001,477879,0,0
2025-11-07 19:15:00,267.59451,267.79001,267.095,267.25,619631,0,0
2025-11-07 19:30:00,267.26001,268.5,267.26001,268.08499,1293643,0,0
2025-11-07 19:45:00,268.07001,268.09,267.26001,267.6232,948601,0,0
2025-11-07 20:00:00,267.60001,267.76999,266.78,267.20499,891653,0,0
2025-11-07 20:15:00,267.23001,267.85999,267.09,267.75989,787430,0,0
2025-11-07 20:30:00,267.76001,268.5,267.73001,268.5,1063258,0,0
2025-11-07 20:45:00,268.5325,268.57999,267.69,268.42001,2213563,0,0
2025-11-10 14:30:00,268.95001,272.28,268.95001,272.19,3377247,0,0
2025-11-10 14:45:00,272.16,273.73001,272.04999,273.27499,1823714,0,0
2025-11-10 15:00:00,273.255,273.29001,272.14999,272.59,1034535,0,0
2025-11-10 15:15:00,272.60501,272.75,271.54001,271.85699,795485,0,0
2025-11-10 15:30:00,271.82999,271.98999,271.14999,271.23999,871581,0,0
2025-11-10 15:45:00,271.23001,271.81161,270.57999,270.75989,738897,0,0
2025-11-10 16:00:00,270.73001,270.79001,269.47,270.07001,875876,0,0
2025-11-10 16:15:00,270.08499,270.09,269.04999,269.06641,597322,0,0
2025-11-10 16:30:00,269.04001,269.2558,268.5,268.70001,632671,0,0
2025-11-10 16:45:00,268.69,269.35001,268.48999,269.31,685379,0,0
2025-11-10 17:00:00,269.32501,269.75879,269.14001,269.25,654214,0,0
2025-11-10 17:15:00,269.23001,269.45001,268.98999,269.07999,373949,0,0
2025-11-10 17:30:00,269.07001,269.47,269.01001,269.17499,505110,0,0
2025-11-10 17:45:00,269.16,269.77499,269.10001,269.54999,397542,0,0
2025-11-10 18:00:00,269.54999,270.19971,269.51001,270.12601,451078,0,0
2025-11-10 18:15:00,270.10001,270.23001,269.70001,269.73001,453712,0,0
2025-11-10 18:30:00,269.70999,269.94,269.60001,269.85999,417424,0,0
2025-11-10 18:45:00,269.85999,270.14999,269.72101,269.98999,424779,0,0
2025-11-10 19:00:00,269.995,270.30771,267.45499,269.18839,1617283,0,0
2025-11-10 19:15:00,269.17001,269.87,269.01999,269.66,729181,0,0
2025-11-10 19:30:00,269.63,269.81,269.47,269.60999,525341,0,0
2025-11-10 19:45:00,269.62,269.78,269.39001,269.51999,611639,0,0
2025-11-10 20:00:00,269.51999,269.63,269.17999,269.34,572694,0,0
2025-11-10 20:15:00,269.32999,269.38989,269.04999,269.11859,538536,0,0
2025-11-10 20:30:00,269.10001,269.29999,268.80499,269.005,791431,0,0
2025-11-10 20:45:00,269.0,269.60001,268.76001,269.35999,2101463,0,0
2025-11-11 14:30:00,269.81,273.20999,269.79999,273.15509,3003743,0,0
2025-11-11 14:45:00,273.14999,274.37,272.97,273.84,2904022,0,0
2025-11-11 15:00:00,273.83499,273.845,272.51999,273.38501,1490486,0,0
2025-11-11 15:15:00,273.37,274.73999,272.77011,274.10001,1846457,0,0
2025-11-11 15:30:00,274.10001,274.3461,273.01001,273.19821,1184591,0,1
2025-11-11 15:45:00,273.20999,273.39001,272.61499,272.9617,946616,0,0
2025-11-11 16:00:00,272.98001,273.57999,272.88,273.20071,606868,0,0
2025-11-11 16:15:00,273.19,273.19101,272.42999,272.5,714421,0,0
2025-11-11 16:30:00,272.51001,272.5325,271.78,271.875,674299,0,0
2025-11-11 16:45:00,271.88,272.25,271.81781,271.95001,529409,0,0
2025-11-11 17:00:00,271.92999,272.81,271.8718,272.57559,574059,0,0
2025-11-11 17:15:00,272.57001,273.61499,272.50739,273.315,747847,0,0
2025-11-11 17:30:00,273.32999,273.57999,273.03,273.57999,535060,0,0
2025-11-11 17:45:00,273.57901,273.89999,273.345,273.82999,724813,0,0
2025-11-11 18:00:00,273.82999,274.32999,273.70001,274.12701,689124,0,0
2025-11-11 18:15:00,274.13,274.70001,274.04999,274.48001,685769,0,0
2025-11-11 18:30:00,274.48999,274.98001,274.16,274.45001,1000581,0,0
2025-11-11 18:45:00,274.44,274.68909,274.285,274.45999,480527,0,0
2025-11-11 19:00:00,274.45001,275.12,274.19,274.89499,7899741,0,0
2025-11-11 19:15:00,274.89001,275.66,274.88,275.32001,885514,0,0
2025-11-11 19:30:00,275.32999,275.48001,275.06039,275.10999,589451,0,0
2025-11-11 19:45:00,275.10901,275.54999,275.04999,275.54999,581453,0,0
2025-11-11 20:00:00,275.54001,275.76001,275.39999,275.42181,780130,0,0
2025-11-11 20:15:00,275.42999,275.54001,275.22,275.25,702397,0,0
2025-11-11 20:30:00,275.23999,275.54999,275.01001,275.45001,847339,0,0
2025-11-11 20:45:00,275.47,275.845,274.79999,275.29999,3192374,0,0
2025-11-12 14:30:00,275.07501,275.23999,272.04999,272.29779,7079670,0,0
2025-11-12 14:45:00,272.31,272.75,271.87,272.16,1470796,0,0
2025-11-12 15:00:00,272.16,273.41,272.0,272.89999,1067752,1,0
2025-11-12 15:15:00,272.9068,273.44989,272.66,272.94,1100207,0,0
2025-11-12 15:30:00,272.91,274.39899,272.54999,273.89499,1168312,0,0
2025-11-12 15:45:00,273.89001,274.23999,273.57001,274.13251,838347,0,0
2025-11-12 16:00:00,274.10999,274.32001,273.81,274.20999,716885,0,0
2025-11-12 16:15:00,274.20999,274.60999,274.01999,274.60001,604621,0,0
2025-11-12 16:30:00,274.59,274.85001,274.20999,274.76999,882321,0,0
2025-11-12 16:45:00,274.77499,274.85001,273.87,274.1701,527043,0,0
2025-11-12 17:00:00,274.20001,274.25989,273.72501,273.94,353310,0,0
2025-11-12 17:15:00,273.95001,274.4599,273.85001,274.39001,341667,0,0
2025-11-12 17:30:00,274.38,274.79999,274.35999,274.44,348686,0,0
2025-11-12 17:45:00,274.42001,274.62,274.12,274.56,337636,0,0
2025-11-12 18:00:00,274.57999,275.14001,274.5,275.04999,580910,0,0
2025-11-12 18:15:00,275.04999,275.12,274.75,274.98001,374895,0,0
2025-11-12 18:30:00,274.98999,275.35001,274.73911,275.20999,488100,0,0
2025-11-12 18:45:00,275.20001,275.45999,274.95361,275.41,430554,0,0
2025-11-12 19:00:00,275.44,275.73001,274.95999,274.95999,675200,0,0
2025-11-12 19:15:00,274.97,275.10449,274.42999,274.45001,419713,0,0
2025-11-12 19:30:00,274.45001,274.49039,274.14001,274.36011,461288,0,0
2025-11-12 19:45:00,274.35001,274.69,274.14001,274.34,488163,0,0
2025-11-12 20:00:00,274.33499,274.41101,273.53009,273.60001,640013,0,0
2025-11-12 20:15:00,273.59,274.10001,273.5,274.04999,470036,0,0
2025-11-12 20:30:00,274.04999,274.25,273.61499,273.94,747234,0,0
2025-11-12 20:45:00,273.94,274.39999,272.97,273.47,11348179,0,0
2025-11-13 14:30:00,274.26999,276.69901,273.59,276.32999,6630828,0,0
2025-11-13 14:45:00,276.32999,276.34,274.30011,275.147,1362927,0,1
2025-11-13 15:00:00,275.13,275.16,274.03,274.13,980171,0,0
2025-11-13 15:15:00,274.13,274.52701,273.29001,273.70999,1040794,0,0
2025-11-13 15:30:00,273.7001,273.72501,272.42999,272.57501,1042829,0,0
2025-11-13 15:45:00,272.565,273.12,272.17999,272.92999,1006891,1,0
2025-11-13 16:00:00,272.94501,273.17499,272.38,273.12079,752836,0,0
2025-11-13 16:15:00,273.10999,274.19,273.07999,274.03711,1128950,0,0
2025-11-13 16:30:00,274.03,274.4899,273.45001,273.51001,681424,0,0
2025-11-13 16:45:00,273.505,273.89001,273.04999,273.73001,620137,0,0
2025-11-13 17:00:00,273.73001,274.04001,272.45999,272.54001,510676,0,0
2025-11-13 17:15:00,272.56,273.04001,272.51001,272.85999,527607,0,0
2025-11-13 17:30:00,272.84,273.03931,272.5,272.5701,456800,0,0
2025-11-13 17:45:00,272.60001,272.85001,272.5,272.60989,483592,0,0
2025-11-13 18:00:00,272.60999,273.2699,272.5,273.22021,4935161,0,0
2025-11-13 18:15:00,273.20999,273.32001,272.5,272.5701,515982,0,0
2025-11-13 18:30:00,272.56,273.22879,272.10001,273.215,937282,0,0
2025-11-13 18:45:00,273.215,273.85001,273.13181,273.43921,850971,0,0
2025-11-13 19:00:00,273.45999,273.51001,272.87,273.23001,587133,0,0
2025-11-13 19:15:00,273.25,273.79999,273.1301,273.53,685514,0,0
2025-11-13 19:30:00,273.535,273.69,272.67001,272.95001,612202,0,0
2025-11-13 19:45:00,272.97,273.12,272.54999,272.98001,574941,0,0
2025-11-13 20:00:00,272.98001,273.04999,272.54501,272.73001,748720,0,0
2025-11-13 20:15:00,272.72501,273.12,272.67999,273.03961,667181,0,0
2025-11-13 20:30:00,273.03,273.42999,272.73999,273.155,1415195,0,0
2025-11-13 20:45:00,273.14999,273.60001,272.5,273.04001,9610158,0,0
2025-11-14 14:30:00,271.04999,272.0,269.60001,270.88,6373664,0,0
2025-11-14 14:45:00,270.89999,273.0817,270.48001,273.0,1861054,0,0
2025-11-14 15:00:00,273.01001,273.22,272.16,272.9613,1209951,0,0
2025-11-14 15:15:00,272.94,273.89001,272.84,273.75919,1173153,0,0
2025-11-14 15:30:00,273.76999,274.14999,273.20001,274.10999,847330,0,0
2025-11-14 15:45:00,274.10001,274.53,273.97,274.24551,1013770,0,0
2025-11-14 16:00:00,274.259,274.35999,273.52731,273.84,761159,0,0
2025-11-14 16:15:00,273.84,274.64999,273.72,274.64999,947644,0,0
2025-11-14 16:30:00,274.64499,274.64999,273.54999,274.23001,1147558,0,0
2025-11-14 16:45:00,274.20999,274.94989,273.91,274.82999,1055234,0,0
2025-11-14 17:00:00,274.79999,275.66199,274.56,275.6499,1011433,0,0
2025-11-14 17:15:00,275.63,275.92001,275.39011,275.70499,1037768,0,0
2025-11-14 17:30:00,275.70999,275.95831,275.42001,275.54999,481281,0,0
2025-11-14 17:45:00,275.54001,275.69,274.84979,275.13,678199,0,0
2025-11-14 18:00:00,275.12,275.12,274.23001,274.95801,457156,0,0
2025-11-14 18:15:00,274.965,274.97,274.28,274.58499,347121,0,0
2025-11-14 18:30:00,274.57001,274.76001,273.94,274.0,397621,0,0
2025-11-14 18:45:00,274.0,274.5799,273.84,274.14999,395185,0,0
2025-11-14 19:00:00,274.16681,274.42001,273.85001,274.14999,368218,0,0
2025-11-14 19:15:00,274.14999,274.39001,273.91,273.95999,432827,0,0
2025-11-14 19:30:00,273.97,274.17999,273.89001,273.91699,399632,0,0
2025-11-14 19:45:00,273.92999,274.25,273.79999,274.01999,427488,0,0
2025-11-14 20:00:00,274.01999,274.23999,273.66,273.75,562058,0,0
2025-11-14 20:15:00,273.73001,273.82001,272.89001,272.98999,717158,0,0
2025-11-14 20:30:00,272.97,273.26001,272.63,272.91501,826717,0,0
2025-11-14 20:45:00,272.90411,273.0455,272.17001,272.54999,2384172,0,0
2025-11-17 14:30:00,268.72,269.69,267.0,269.39999,5408853,0,0
2025-11-17 14:45:00,269.38,270.48999,269.10001,270.04001,1391933,0,0
2025-11-17 15:00:00,270.01001,270.32001,268.83719,269.76501,926972,0,0
2025-11-17 15:15:00,269.76999,269.80499,268.89001,269.28,782048,0,0
2025-11-17 15:30:00,269.23001,269.39001,268.06,268.5441,891459,0,0
2025-11-17 15:45:00,268.5,268.6991,267.76001,268.0,797494,0,0
2025-11-17 16:00:00,268.0,268.19,267.20001,267.25,746457,0,0
2025-11-17 16:15:00,267.25,267.88501,266.64999,267.87991,944351,1,0
2025-11-17 16:30:00,267.85001,268.76001,267.82001,268.668,704214,0,0
2025-11-17 16:45:00,268.67499,269.54999,268.62,269.52991,566008,0,0
2025-11-17 17:00:00,269.51001,269.51999,269.07999,269.23001,444663,0,0
2025-11-17 17:15:00,269.20001,269.34991,268.67999,268.92001,375112,0,0
2025-11-17 17:30:00,268.94,269.35001,268.63,268.66,603093,0,0
2025-11-17 17:45:00,268.64499,268.70999,267.87,267.88501,429347,0,0
2025-11-17 18:00:00,267.92999,267.98999,267.44,267.93329,511460,0,0
2025-11-17 18:15:00,267.91,268.12,267.69,267.78,379542,0,0
2025-11-17 18:30:00,267.76999,268.0,267.60001,267.9599,356016,0,0
2025-11-17 18:45:00,267.94,268.34,267.17639,267.28,563167,0,0
2025-11-17 19:00:00,267.26999,267.505,267.06,267.3075,513745,0,0
2025-11-17 19:15:00,267.34,267.46899,266.85999,267.29001,598063,0,0
2025-11-17 19:30:00,267.29501,267.38,266.64001,266.87,564835,0,0
2025-11-17 19:45:00,266.89999,266.89999,265.84399,265.85049,619596,0,0
2025-11-17 20:00:00,265.84,266.42999,265.73001,266.29001,796654,1,0
2025-11-17 20:15:00,266.29999,266.58499,266.23001,266.44,756903,0,0
2025-11-17 20:30:00,266.44,266.72989,266.19,266.62,1028811,0,0
2025-11-17 20:45:00,266.60999,267.57999,266.31,267.45999,2459005,0,0
2025-11-18 14:30:00,269.91501,270.70499,267.63,267.79999,3252493,0,1
2025-11-18 14:45:00,267.79999,268.72629,266.45001,266.73001,1745462,0,0
2025-11-18 15:00:00,266.72501,267.29001,265.76001,266.53,1666581,0,0
2025-11-18 15:15:00,266.53,267.95001,265.32001,267.64999,1555449,0,0
2025-11-18 15:30:00,267.66501,268.12,266.86499,267.56,787146,0,0
2025-11-18 15:45:00,267.54999,267.76001,266.45999,266.54999,812779,0,0
2025-11-18 16:00:00,266.54001,267.35501,266.02802,267.01501,1015726,0,0
2025-11-18 16:15:00,267.0,268.12,266.81,267.84,906161,0,0
2025-11-18 16:30:00,267.84,268.07999,267.26999,268.06,811930,0,0
2025-11-18 16:45:00,268.07001,268.33801,267.51999,267.70001,792397,0,0
2025-11-18 17:00:00,267.70001,268.20999,267.48999,267.51001,501643,0,0
2025-11-18 17:15:00,267.51001,267.95999,267.14001,267.16501,636487,0,0
2025-11-18 17:30:00,267.16,268.57001,266.42999,268.44,668707,0,0
2025-11-18 17:45:00,268.42001,268.79001,267.98999,268.56,548725,0,0
2025-11-18 18:00:00,268.57861,268.82999,268.14999,268.51999,503244,0,0
2025-11-18 18:15:00,268.54501,268.92999,268.01999,268.45001,561843,0,0
2025-11-18 18:30:00,268.45001,269.13641,268.36499,268.57001,648545,0,0
2025-11-18 18:45:00,268.56,269.22,268.17001,268.26999,449110,0,0
2025-11-18 19:00:00,268.26999,268.73001,268.10999,268.48499,597400,0,0
2025-11-18 19:15:00,268.48999,268.51999,267.95999,268.03448,481505,0,0
2025-11-18 19:30:00,268.04999,268.72,267.67999,268.10001,567634,0,0
2025-11-18 19:45:00,268.12,268.79999,268.04001,268.79001,547637,0,0
2025-11-18 20:00:00,268.79001,268.92499,268.1087,268.28,436863,0,0
2025-11-18 20:15:00,268.26999,268.5,267.98001,268.28021,563003,0,0
2025-11-18 20:30:00,268.29999,268.42999,267.89001,267.89001,705656,0,0
2025-11-18 20:45:00,267.94,268.20999,267.32999,267.51001,2422133,0,0
2025-11-19 14:30:00,265.52499,269.45001,265.5,269.45001,2885124,1,0
2025-11-19 14:45:00,269.44,270.91,268.75,270.88501,1465040,0,0
2025-11-19 15:00:00,270.92001,271.48001,270.44,271.11499,1130293,0,0
2025-11-19 15:15:00,271.10001,272.20999,270.81,271.85001,1298105,0,0
2025-11-19 15:30:00,271.8501,272.01001,270.935,271.2785,736102,0,1
2025-11-19 15:45:00,271.28,271.39001,270.0585,270.26999,751014,0,0
2025-11-19 16:00:00,270.23001,270.57001,269.3201,269.64499,745741,0,0
2025-11-19 16:15:00,269.63,270.13501,269.37,269.73001,559489,0,0
2025-11-19 16:30:00,269.75,270.29001,269.53,270.21991,573976,0,0
2025-11-19 16:45:00,270.20999,270.59,269.85889,270.56,470084,0,0
2025-11-19 17:00:00,270.5618,270.655,269.72,270.04999,557802,0,0
2025-11-19 17:15:00,270.04001,270.51999,269.78,270.39999,399168,0,0
2025-11-19 17:30:00,270.45999,270.60999,269.62,270.39999,620348,0,0
2025-11-19 17:45:00,270.39001,271.0,270.01999,270.845,415215,0,0
2025-11-19 18:00:00,270.845,271.31,270.70001,271.06,436219,0,0
2025-11-19 18:15:00,271.06,271.11499,270.01001,270.03,577980,0,0
2025-11-19 18:30:00,270.01001,271.01001,269.95001,270.32001,477110,0,0
2025-11-19 18:45:00,270.32999,270.92001,269.95001,270.79999,408667,0,0
2025-11-19 19:00:00,270.88,270.94,270.39999,270.76001,418565,0,0
2025-11-19 19:15:00,270.79001,270.82001,269.63,269.67001,339784,0,0
2025-11-19 19:30:00,269.67001,269.76999,269.34,269.62,346798,0,0
2025-11-19 19:45:00,269.60001,270.10999,269.17001,269.76999,572474,0,0
2025-11-19 20:00:00,269.70001,270.07999,269.66,270.01001,380450,0,0
2025-11-19 20:15:00,270.0,270.73499,269.85999,270.035,838137,0,0
2025-11-19 20:30:00,270.0,270.32999,269.66,269.76001,7139674,0,0
2025-11-19 20:45:00,269.76001,269.76001,268.14001,268.54999,2601739,0,0
2025-11-20 14:30:00,270.81,274.89929,270.81,274.86459,4222598,0,0
2025-11-20 14:45:00,274.85001,275.42999,274.17001,274.94,1868222,0,0
2025-11-20 15:00:00,274.95499,275.10001,273.57001,273.73999,896779,0,1
2025-11-20 15:15:00,273.73999,274.23001,273.095,273.905,882288,0,0
2025-11-20 15:30:00,273.91,274.73001,273.76001,274.12021,776532,0,0
2025-11-20 15:45:00,274.16,274.32001,273.19,273.54001,641483,0,0
2025-11-20 16:00:00,273.60001,273.60001,272.44501,272.47,609066,0,0
2025-11-20 16:15:00,272.47,272.5,271.62,271.78,829844,0,0
2025-11-20 16:30:00,271.78,271.78,270.6922,270.79501,794542,0,0
2025-11-20 16:45:00,270.79501,271.10001,269.0,269.349,951897,0,0
2025-11-20 17:00:00,269.32001,270.0,268.44,269.02509,1178946,0,0
2025-11-20 17:15:00,269.01501,269.44,268.04999,268.94,1130721,0,0
2025-11-20 17:30:00,268.87,269.25,268.13,268.16,746115,0,0
2025-11-20 17:45:00,268.14001,268.69,267.02011,267.51999,825759,0,0
2025-11-20 18:00:00,267.51001,269.17499,267.31,269.16,826486,0,0
2025-11-20 18:15:00,269.17529,269.20999,268.04999,268.81,583577,0,0
2025-11-20 18:30:00,268.79001,268.92999,267.44,267.46329,444503,0,0
2025-11-20 18:45:00,267.45001,267.561,266.51999,266.94,786747,0,0
2025-11-20 19:00:00,266.98001,267.13501,266.35999,266.905,580817,0,0
2025-11-20 19:15:00,266.89001,268.07001,266.7403,267.79501,580322,0,0
2025-11-20 19:30:00,267.78,267.79999,267.01999,267.54001,440620,0,0
2025-11-20 19:45:00,267.55499,267.91,267.14001,267.80499,418849,0,0
2025-11-20 20:00:00,267.81,267.88,267.04999,267.42099,555051,0,0
2025-11-20 20:15:00,267.41,267.81,267.0,267.32001,679928,0,0
2025-11-20 20:30:00,267.32001,267.57999,266.38,266.60001,952504,0,0
2025-11-20 20:45:00,266.60001,266.84,265.92001,266.38,2537082,0,0
2025-11-21 14:30:00,265.88,269.4299,265.82001,269.32501,5863951,1,0
2025-11-21 14:45:00,269.35001,269.61609,267.98001,268.29001,1624467,0,0
2025-11-21 15:00:00,268.32999,269.67999,267.81021,269.22009,1498300,0,0
2025-11-21 15:15:00,269.20001,270.45001,268.73999,269.85001,1671940,0,0
2025-11-21 15:30:00,269.79001,270.44,269.22,269.595,1501672,0,0
2025-11-21 15:45:00,269.595,271.47,269.44,270.88,1517373,0,0
2025-11-21 16:00:00,270.85999,271.04001,269.67001,270.36499,924633,0,0
2025-11-21 16:15:00,270.32001,271.14001,270.1701,270.89999,886316,0,0
2025-11-21 16:30:00,270.89001,271.07999,270.07001,270.31,778520,0,0
2025-11-21 16:45:00,270.26999,270.85999,269.81,270.84,744219,0,0
2025-11-21 17:00:00,270.89999,271.12,270.54999,271.0101,815970,0,0
2025-11-21 17:15:00,271.04999,271.095,270.39951,270.54999,9296994,0,0
2025-11-21 17:30:00,270.63,271.60001,270.63,271.10999,721444,0,0
2025-11-21 17:45:00,271.12,271.39999,270.76001,271.23999,406385,0,0
2025-11-21 18:00:00,271.245,271.44821,270.45001,270.57001,463961,0,0
2025-11-21 18:15:00,270.55499,270.98959,270.20001,270.98001,432030,0,0
2025-11-21 18:30:00,270.98001,272.0,270.86499,271.92999,639953,0,0
2025-11-21 18:45:00,271.92001,273.07001,271.48001,272.48001,1240370,0,0
2025-11-21 19:00:00,272.45999,273.13,272.315,272.89999,863962,0,0
2025-11-21 19:15:00,272.91,273.315,272.57999,272.60999,818561,0,1
2025-11-21 19:30:00,272.57501,273.28,272.38,272.64499,902929,0,0
2025-11-21 19:45:00,272.67999,272.70001,271.92999,272.19,827929,0,0
2025-11-21 20:00:00,272.14001,272.31,271.819,272.19901,655630,0,0
2025-11-21 20:15:00,272.19,272.25,271.35001,271.37,749478,0,0
2025-11-21 20:30:00,271.35001,272.13,270.98001,271.47699,1390523,0,0
2025-11-21 20:45:00,271.45999,272.04999,270.59,271.5,16052620,0,0
2025-11-24 14:30:00,270.89999,275.92001,270.89999,274.75,4568379,1,0
2025-11-24 14:45:00,274.72,274.72519,272.76001,273.505,1417868,0,0
2025-11-24 15:00:00,273.48001,273.82001,272.35001,273.79999,1223698,0,0
2025-11-24 15:15:00,273.7699,273.84,272.67999,273.095,785748,0,0
2025-11-24 15:30:00,273.07999,274.0116,272.64999,273.67999,842574,0,0
2025-11-24 15:45:00,273.67499,274.26999,273.5,273.79001,4442621,0,0
2025-11-24 16:00:00,273.79999,275.21881,273.75,275.08499,1035396,0,0
2025-11-24 16:15:00,275.09009,275.38959,274.89001,275.0,911956,0,0
2025-11-24 16:30:00,274.97,275.26999,274.87,274.92001,784366,0,0
2025-11-24 16:45:00,274.91,275.17001,274.44,275.01001,716542,0,0
2025-11-24 17:00:00,275.01001,275.20001,274.70999,274.85001,558425,0,0
2025-11-24 17:15:00,274.84,275.20999,274.815,274.85001,523756,0,0
2025-11-24 17:30:00,274.85001,275.13699,274.75,275.0,660160,0,0
2025-11-24 17:45:00,274.995,275.35001,274.91,275.19,663279,0,0
2025-11-24 18:00:00,275.20511,276.29001,275.14999,276.17001,1159656,0,0
2025-11-24 18:15:00,276.19,276.51001,275.78,276.12,921137,0,0
2025-11-24 18:30:00,276.12,276.37,275.85001,276.33841,726966,0,0
2025-11-24 18:45:00,276.32999,276.35001,276.0,276.03,565889,0,0
2025-11-24 19:00:00,276.01999,276.34,275.89999,276.17001,595974,0,0
2025-11-24 19:15:00,276.19,276.45001,276.07001,276.21951,551292,0,0
2025-11-24 19:30:00,276.23001,276.26001,275.35501,275.98599,931754,0,0
2025-11-24 19:45:00,275.98001,276.10999,275.70999,276.09,579699,0,0
2025-11-24 20:00:00,276.10001,276.5,275.98,276.29001,680799,0,0
2025-11-24 20:15:00,276.29001,276.655,276.23999,276.47501,806681,0,0
2025-11-24 20:30:00,276.47,276.98001,276.44,276.79999,1245436,0,0
2025-11-24 20:45:00,276.79001,276.95001,275.10999,275.98001,3658603,0,0
2025-11-25 14:30:00,275.29999,280.38,275.26999,279.94989,5413179,0,0
2025-11-25 14:45:00,279.92001,279.92001,277.91,279.38,1981707,0,0
2025-11-25 15:00:00,279.39999,279.42001,277.66,278.86499,1415591,0,0
2025-11-25 15:15:00,278.85001,279.25,278.19,278.905,913131,0,0
2025-11-25 15:30:00,278.89001,279.63,278.75,279.56049,849298,0,0
2025-11-25 15:45:00,279.54999,279.60999,278.51999,278.83899,665629,0,0
2025-11-25 16:00:00,278.83499,279.04999,278.3334,278.35001,650672,0,0
2025-11-25 16:15:00,278.35001,278.70001,277.78,277.82999,674834,0,0
2025-11-25 16:30:00,277.82001,278.03,277.60001,277.8699,679698,0,0
2025-11-25 16:45:00,277.88501,278.73999,277.5,278.66,664474,0,0
2025-11-25 17:00:00,278.64999,279.01001,278.32001,278.92999,631080,0,0
2025-11-25 17:15:00,278.92999,279.31,278.78,279.0701,529427,0,0
2025-11-25 17:30:00,279.09,279.37,278.91501,279.06009,594530,0,0
2025-11-25 17:45:00,279.06,279.20001,278.40451,278.53,487713,0,0
2025-11-25 18:00:00,278.53,278.75,278.23001,278.64499,476646,0,0
2025-11-25 18:15:00,278.64499,278.81,278.42999,278.76001,366224,0,0
2025-11-25 18:30:00,278.76501,278.78,278.51999,278.6391,413300,0,0
2025-11-25 18:45:00,278.64511,278.70001,278.26999,278.29999,436042,0,0
2025-11-25 19:00:00,278.28,278.37,277.88,278.34,447535,0,0
2025-11-25 19:15:00,278.34,278.35001,277.79001,278.035,430850,0,0
2025-11-25 19:30:00,278.04001,278.06,277.69,277.98499,389902,0,0
2025-11-25 19:45:00,277.98001,278.14499,277.51001,277.51001,449559,0,0
2025-11-25 20:00:00,277.51999,278.06,277.4975,277.745,530294,0,0
2025-11-25 20:15:00,277.76001,277.89499,277.5,277.565,540040,0,0
2025-11-25 20:30:00,277.56,277.8699,277.29999,277.35001,657443,0,0
2025-11-25 20:45:00,277.37,278.0,276.85999,276.95001,1790762,0,0
2025-11-26 14:30:00,276.95999,279.04749,276.95999,277.28,2592150,0,0
2025-11-26 14:45:00,277.285,278.36621,276.85001,277.10239,1019147,0,0
2025-11-26 15:00:00,277.01001,277.67999,276.63,277.42499,923851,0,0
2025-11-26 15:15:00,277.39999,277.9299,276.96219,277.81,550959,0,0
2025-11-26 15:30:00,277.79001,277.87,277.08081,277.20999,554042,0,0
2025-11-26 15:45:00,277.22021,278.23999,276.81,278.07999,676026,0,0
2025-11-26 16:00:00,278.11011,278.64999,277.86609,278.59,584906,0,0
2025-11-26 16:15:00,278.62,279.14001,278.47781,279.0101,695637,0,0
2025-11-26 16:30:00,279.03,279.5,278.87,279.43011,673885,0,0
2025-11-26 16:45:00,279.44,279.53,279.26999,279.29999,884960,0,0
2025-11-26 17:00:00,279.32001,279.4299,278.89001,279.14001,572488,0,0
2025-11-26 17:15:00,279.16,279.23001,278.89001,279.07901,455021,0,0
2025-11-26 17:30:00,279.07001,279.20999,278.57999,279.10919,491534,0,0
2025-11-26 17:45:00,279.10999,279.29001,278.76999,278.88,506339,0,0
2025-11-26 18:00:00,278.87,279.07501,278.095,278.54999,470113,0,0
2025-11-26 18:15:00,278.57999,278.79999,278.19,278.54999,403293,0,0
2025-11-26 18:30:00,278.56,278.58179,278.035,278.07001,383993,0,0
2025-11-26 18:45:00,278.06,278.35001,277.98001,278.12,289647,0,0
2025-11-26 19:00:00,278.10999,278.44,277.92499,278.27499,407368,0,0
2025-11-26 19:15:00,278.26001,278.41,278.22,278.26001,351956,0,0
2025-11-26 19:30:00,278.2601,278.45999,278.09,278.16,342130,0,0
2025-11-26 19:45:00,278.17001,278.44,278.14001,278.4101,327275,0,0
2025-11-26 20:00:00,278.43661,278.94,278.42999,278.70999,640911,0,0
2025-11-26 20:15:00,278.72501,278.79999,278.01001,278.07999,642938,0,0
2025-11-26 20:30:00,278.07001,278.29999,277.79001,278.17999,604414,0,0
2025-11-26 20:45:00,278.17999,278.26999,277.14999,277.47,8511588,0,0
2025-11-28 14:30:00,277.26001,278.2392,276.10999,276.4201,2108736,0,0
2025-11-28 14:45:00,276.45001,277.07999,276.01999,276.27011,828314,0,0
2025-11-28 15:00:00,276.32001,276.92999,276.22,276.67001,635932,0,0
2025-11-28 15:15:00,276.69,276.89999,276.13,276.26001,467481,0,0
2025-11-28 15:30:00,276.29001,276.6373,276.20001,276.4874,387247,0,0
2025-11-28 15:45:00,276.51001,276.88,276.32999,276.45999,461166,0,0
2025-11-28 16:00:00,276.465,276.91989,276.23001,276.68549,388825,0,0
2025-11-28 16:15:00,276.69,276.715,275.98999,276.25,506599,0,0
2025-11-28 16:30:00,276.245,276.56,275.98651,276.48001,412721,0,0
2025-11-28 16:45:00,276.45139,276.79999,276.34,276.67001,420989,0,0
2025-11-28 17:00:00,276.66501,276.76999,276.53,276.565,433475,0,0
2025-11-28 17:15:00,276.56741,277.1601,276.42999,277.04999,524221,0,0
2025-11-28 17:30:00,277.06,277.29001,276.90079,277.01001,541151,0,0
2025-11-28 17:45:00,277.0,279.0,277.0,278.85999,1964385,0,0
2025-12-01 14:30:00,278.14999,278.76999,276.45001,276.4801,2290946,0,0
2025-12-01 14:45:00,276.45999,277.64001,276.14001,277.58499,1195630,0,0
2025-12-01 15:00:00,277.57001,277.72,276.88,277.71011,926622,0,0
2025-12-01 15:15:00,277.70999,278.16,277.57001,278.14209,701175,0,0
2025-12-01 15:30:00,278.10001,278.22,277.30499,277.39999,436755,0,0
2025-12-01 15:45:00,277.45001,278.30499,277.44,278.06,460743,0,0
2025-12-01 16:00:00,278.06,278.4801,277.83499,277.91101,458562,0,0
2025-12-01 16:15:00,277.88,278.0705,277.6778,277.92001,375072,0,0
2025-12-01 16:30:00,277.89999,278.73999,277.89001,278.42099,403730,0,0
2025-12-01 16:45:00,278.35001,279.28989,278.35001,278.82501,715501,0,0
2025-12-01 17:00:00,278.79999,279.43781,278.75,279.23001,446243,0,0
2025-12-01 17:15:00,279.23001,279.89001,278.94,279.77051,526445,0,0
2025-12-01 17:30:00,279.77499,279.85989,279.4801,279.82001,367500,0,0
2025-12-01 17:45:00,279.81,279.94,279.45999,279.51001,511592,0,0
2025-12-01 18:00:00,279.48999,280.29001,279.48999,280.03931,763506,0,0
2025-12-01 18:15:00,280.03949,280.64001,279.965,280.5882,579749,0,0
2025-12-01 18:30:00,280.59009,280.92001,280.45001,280.82999,627818,0,0
2025-12-01 18:45:00,280.83499,281.04001,280.64999,280.9194,679815,0,0
2025-12-01 19:00:00,280.92001,281.0799,280.73001,281.01501,725223,0,0
2025-12-01 19:15:00,281.01001,281.22,280.82999,280.89001,887009,0,0
2025-12-01 19:30:00,280.88,281.6597,280.70999,281.53,830442,0,0
2025-12-01 19:45:00,281.5499,281.72,281.47,281.51999,660635,0,0
2025-12-01 20:00:00,281.5,281.92999,281.45999,281.9241,703854,0,0
2025-12-01 20:15:00,281.92001,281.94,281.56,281.91,721765,0,0
2025-12-01 20:30:00,281.92001,282.45999,281.73001,282.45001,1267368,0,0
2025-12-01 20:45:00,282.45001,283.41,282.20001,283.32001,4090505,0,0
2025-12-02 14:30:00,283.0,284.68991,282.73001,284.54001,3529286,0,0
2025-12-02 14:45:00,284.51001,285.04999,283.07999,283.39001,1825716,0,0
2025-12-02 15:00:00,283.39499,284.95001,283.26001,284.76001,1169951,0,0
2025-12-02 15:15:00,284.75,285.30899,284.48001,284.57001,1353220,0,0
2025-12-02 15:30:00,284.54001,285.95001,284.14999,285.935,1498292,0,0
2025-12-02 15:45:00,285.95001,286.98001,285.76001,286.95551,2107533,0,0
2025-12-02 16:00:00,286.94,287.39999,285.94501,286.04999,1643922,0,0
2025-12-02 16:15:00,286.04001,286.32281,285.37,285.54001,971865,0,0
2025-12-02 16:30:00,285.54001,285.88,284.82999,285.8064,1062249,0,0
2025-12-02 16:45:00,285.81,285.94,285.14999,285.14999,550055,0,0
2025-12-02 17:00:00,285.15131,285.29999,284.82999,285.22,650647,0,0
2025-12-02 17:15:00,285.23001,285.99991,285.17999,285.87,584105,0,0
2025-12-02 17:30:00,285.88,286.34,285.88,286.15689,570585,0,0
2025-12-02 17:45:00,286.17001,286.20499,285.16,285.16351,608764,0,0
2025-12-02 18:00:00,285.14999,285.47,285.04999,285.17001,868855,0,0
2025-12-02 18:15:00,285.17999,285.39001,284.94,285.215,677454,0,0
2025-12-02 18:30:00,285.20001,285.32999,285.01501,285.22,394427,0,0
2025-12-02 18:45:00,285.22,285.39999,285.01501,285.13989,440214,0,0
2025-12-02 19:00:00,285.12,286.09,285.10999,285.98499,723215,0,0
2025-12-02 19:15:00,285.98999,286.13,285.42001,285.625,589092,0,0
2025-12-02 19:30:00,285.60001,286.38,285.58011,286.13,584320,0,0
2025-12-02 19:45:00,286.14001,286.64999,286.04999,286.40811,719185,0,0
2025-12-02 20:00:00,286.41,286.77991,286.20001,286.73999,10938970,0,0
2025-12-02 20:15:00,286.75,286.82001,286.1001,286.23999,861592,0,0
2025-12-02 20:30:00,286.23999,286.47,286.19009,286.42999,971827,0,0
2025-12-02 20:45:00,286.45001,286.60999,285.70999,286.23001,2160825,0,0
2025-12-03 14:30:00,286.20001,288.60999,285.89999,287.72559,3576056,0,0
2025-12-03 14:45:00,287.70001,288.11951,286.98999,287.85001,1292370,0,0
2025-12-03 15:00:00,287.845,288.23999,287.34,287.76999,1065178,0,0
2025-12-03 15:15:00,287.78,287.87,287.29999,287.34052,693624,0,0
2025-12-03 15:30:00,287.32001,287.59,286.19,286.23999,1269013,0,0
2025-12-03 15:45:00,286.26001,286.75201,286.03,286.04001,813629,0,0
2025-12-03 16:00:00,286.01999,286.6499,285.75,286.41,890668,0,0
2025-12-03 16:15:00,286.41,286.73999,285.95001,286.41,608283,0,0
2025-12-03 16:30:00,286.42001,286.82001,286.29999,286.72409,549148,0,0
2025-12-03 16:45:00,286.70999,286.71509,285.64001,285.84,614402,0,0
2025-12-03 17:00:00,285.82999,285.94,285.5,285.91409,451175,0,0
2025-12-03 17:15:00,285.92001,286.45499,285.8501,286.38501,512234,0,0
2025-12-03 17:30:00,286.35001,286.44,285.70999,285.91501,416671,0,0
2025-12-03 17:45:00,285.92999,286.12,285.72,285.86551,405539,0,0
2025-12-03 18:00:00,285.88,286.09,285.44,285.57001,471434,0,0
2025-12-03 18:15:00,285.57001,285.89999,285.34,285.67929,833742,0,0
2025-12-03 18:30:00,285.67999,285.91,285.63501,285.89001,320806,0,0
2025-12-03 18:45:00,285.89999,285.94,285.44019,285.48001,328521,0,0
2025-12-03 19:00:00,285.45999,285.63,285.10999,285.34,444242,0,0
2025-12-03 19:15:00,285.34,285.51749,284.88431,285.20999,525034,0,0
2025-12-03 19:30:00,285.23001,285.24991,284.45001,284.64001,900693,0,0
2025-12-03 19:45:00,284.63,285.10001,284.37,284.76981,594352,0,0
2025-12-03 20:00:00,284.76001,284.82999,284.45999,284.63,646691,0,0
2025-12-03 20:15:00,284.62,284.69299,284.27499,284.55499,9016595,0,0
2025-12-03 20:30:00,284.54999,284.60999,283.89001,284.48001,930475,0,0
2025-12-03 20:45:00,284.48001,284.70001,283.54001,284.14999,2795077,0,0
2025-12-04 14:30:00,284.10999,284.73001,282.3201,282.76999,2626537,0,0
2025-12-04 14:45:00,282.76999,282.76999,281.19501,281.44,1474526,0,0
2025-12-04 15:00:00,281.42999,282.0,281.06,281.8699,1114230,0,0
2025-12-04 15:15:00,281.82001,282.07999,280.26999,281.22501,1195550,0,0
2025-12-04 15:30:00,281.20999,281.60001,281.125,281.34,782649,0,0
2025-12-04 15:45:00,281.34,281.54999,280.44,280.76999,803815,0,0
2025-12-04 16:00:00,280.78,281.02,280.14001,280.35001,686008,0,0
2025-12-04 16:15:00,280.32999,280.54501,279.81,280.28,719982,0,0
2025-12-04 16:30:00,280.285,280.76999,280.14001,280.23999,651620,0,0
2025-12-04 16:45:00,280.25,280.9335,280.25,280.3429,537745,0,0
2025-12-04 17:00:00,280.32999,280.73999,280.01999,280.2757,583009,0,0
2025-12-04 17:15:00,280.28448,280.31,279.93781,280.11499,513020,0,0
2025-12-04 17:30:00,280.13,280.34,279.81,280.06921,524805,0,0
2025-12-04 17:45:00,280.09,280.48669,280.03,280.31961,395214,0,0
2025-12-04 18:00:00,280.29999,280.31989,279.64001,279.91,449173,0,0
2025-12-04 18:15:00,279.91,280.14001,279.81,280.005,437037,0,0
2025-12-04 18:30:00,279.98999,280.10001,279.60001,279.81,543114,0,0
2025-12-04 18:45:00,279.82001,280.03,279.38,279.38,596801,0,0
2025-12-04 19:00:00,279.38,279.57001,279.10999,279.42001,5899698,0,0
2025-12-04 19:15:00,279.42001,279.45001,278.59,278.85999,725536,0,0
2025-12-04 19:30:00,278.85999,279.97,278.82001,279.97,698641,1,0
2025-12-04 19:45:00,279.97,280.35001,279.89001,280.34,654285,0,0
2025-12-04 20:00:00,280.32999,280.73001,280.16,280.34009,786616,0,0
2025-12-04 20:15:00,280.34,280.54999,280.09,280.125,668454,0,0
2025-12-04 20:30:00,280.12,280.23999,279.89999,280.13,730365,0,0
2025-12-04 20:45:00,280.14001,280.69,279.57999,280.64999,2435143,0,0
2025-12-05 14:30:00,280.54001,281.04999,279.26999,279.5,2041658,0,0
2025-12-05 14:45:00,279.5,280.26001,279.29999,280.17999,782182,0,0
2025-12-05 15:00:00,280.20999,280.70001,279.67999,280.6701,794823,0,0
2025-12-05 15:15:00,280.69,281.14001,280.31,280.45511,774482,0,0
2025-12-05 15:30:00,280.45999,280.98001,280.20999,280.32501,731532,0,0
2025-12-05 15:45:00,280.33279,280.51001,279.81,280.07501,523728,0,0
2025-12-05 16:00:00,280.07999,280.32001,279.78,279.85001,457038,0,0
2025-12-05 16:15:00,279.85001,279.94,279.29001,279.29501,1866949,0,0
2025-12-05 16:30:00,279.29999,279.32999,278.79001,279.04999,649567,0,0
2025-12-05 16:45:00,279.03,279.17999,278.76001,278.78,566820,0,0
2025-12-05 17:00:00,278.76999,278.85001,278.12,278.12,652443,0,0
2025-12-05 17:15:00,278.12,278.54001,278.11499,278.315,456838,1,0
2025-12-05 17:30:00,278.315,279.0798,278.04999,279.03351,525389,0,0
2025-12-05 17:45:00,279.03,279.45001,278.80411,279.39001,435265,0,0
2025-12-05 18:00:00,279.38,279.45001,279.01901,279.14001,337973,0,0
2025-12-05 18:15:00,279.14001,279.4801,278.89001,279.44,394678,0,0
2025-12-05 18:30:00,279.48001,279.57001,279.07001,279.17969,396529,0,0
2025-12-05 18:45:00,279.17999,279.28,278.58499,278.70001,358138,0,0
2025-12-05 19:00:00,278.69,279.44589,278.64999,279.42001,372649,0,0
2025-12-05 19:15:00,279.42999,279.42999,279.10999,279.2338,426516,0,0
2025-12-05 19:30:00,279.23001,279.29999,278.73999,278.87451,463136,0,0
2025-12-05 19:45:00,278.88,279.01999,278.72839,278.88321,505325,0,0
2025-12-05 20:00:00,278.89001,278.94501,278.59509,278.8634,486479,0,0
2025-12-05 20:15:00,278.85999,278.90991,278.54001,278.80139,482298,0,0
2025-12-05 20:30:00,278.79999,279.02499,278.79001,278.92999,581249,0,0
2025-12-05 20:45:00,278.92001,278.95999,278.19,278.79001,2138221,0,0
2025-12-08 14:30:00,278.16849,279.66931,277.45001,277.89001,3594064,0,0
2025-12-08 14:45:00,277.88501,278.37,277.5,277.953,820642,0,0
2025-12-08 15:00:00,277.95499,278.32001,277.54999,278.04999,937707,0,0
2025-12-08 15:15:00,278.01999,278.5199,277.48999,277.56,933513,0,0
2025-12-08 15:30:00,277.54999,277.85999,277.13,277.37,818316,0,0
2025-12-08 15:45:00,277.39001,277.53,277.04999,277.33499,714799,0,0
2025-12-08 16:00:00,277.33499,277.88,276.91861,277.26001,1054336,0,0
2025-12-08 16:15:00,277.25,277.57999,276.70499,277.45999,738875,0,0
2025-12-08 16:30:00,277.47,277.51001,277.00009,277.4968,439338,0,0
2025-12-08 16:45:00,277.48999,277.70001,277.38,277.48499,493106,0,0
2025-12-08 17:00:00,277.48999,277.54001,277.04999,277.19,470762,0,0
2025-12-08 17:15:00,277.22,277.819,277.19,277.23001,493275,0,0
2025-12-08 17:30:00,277.20999,277.39999,277.04999,277.14011,501282,0,0
2025-12-08 17:45:00,277.16,277.54001,276.87,277.32999,530176,0,0
2025-12-08 18:00:00,277.32001,277.84991,277.09,277.31,633820,0,0
2025-12-08 18:15:00,277.32001,277.48001,276.92001,276.97,333746,0,0
2025-12-08 18:30:00,276.94949,276.94949,276.39999,276.5,468381,0,0
2025-12-08 18:45:00,276.48999,276.57999,276.20001,276.37,447013,0,0
2025-12-08 19:00:00,276.35999,276.73999,276.20999,276.34,499973,0,0
2025-12-08 19:15:00,276.34,276.5784,276.26999,276.35999,409741,0,0
2025-12-08 19:30:00,276.37,276.5871,276.14999,276.35999,477683,0,0
2025-12-08 19:45:00,276.37,276.53,276.20169,276.31,418280,0,0
2025-12-08 20:00:00,276.32001,276.70001,276.29999,276.67999,1463074,0,0
2025-12-08 20:15:00,276.67999,276.97,276.62,276.92499,6787018,0,0
2025-12-08 20:30:00,276.92999,277.23001,276.66,277.22501,617887,0,0
2025-12-08 20:45:00,277.23001,277.98499,277.14001,277.95999,1996013,0,0
2025-12-09 14:30:00,277.89001,280.03,277.89001,279.04001,2662902,0,0
2025-12-09 14:45:00,279.04001,279.67001,278.41,278.565,1014150,0,1
2025-12-09 15:00:00,278.54999,278.54999,277.57999,277.57999,894756,0,0
2025-12-09 15:15:00,277.57999,278.01981,277.35001,277.70001,769696,0,0
2025-12-09 15:30:00,277.70001,277.92999,277.22,277.89099,692623,0,0
2025-12-09 15:45:00,277.89099,278.0,277.48001,277.82501,498943,0,0
2025-12-09 16:00:00,277.82501,277.98999,277.03,277.5101,671916,0,0
2025-12-09 16:15:00,277.5101,277.70999,277.23001,277.41,426669,0,0
2025-12-09 16:30:00,277.41,277.79001,277.20001,277.38339,415764,0,0
2025-12-09 16:45:00,277.38339,278.01999,277.35001,277.98499,400334,0,0
2025-12-09 17:00:00,277.98499,278.12,277.69,277.858,430214,0,0
2025-12-09 17:15:00,277.858,278.06,277.38,277.875,450617,0,0
2025-12-09 17:30:00,277.875,278.60001,277.79999,278.13,572549,0,0
2025-12-09 17:45:00,278.13,278.37,277.84009,278.32001,305952,0,0
2025-12-09 18:00:00,278.32001,278.57001,278.17001,278.51001,462648,0,0
2025-12-09 18:15:00,278.51001,278.73999,278.25,278.38501,647306,0,0
2025-12-09 18:30:00,278.38501,278.51001,278.22,278.31,257579,0,0
2025-12-09 18:45:00,278.30881,278.69901,278.12,278.66,318385,0,0
2025-12-09 19:00:00,278.66,278.89001,278.48001,278.70999,412092,0,0
2025-12-09 19:15:00,278.70999,278.82001,278.62,278.69,274837,0,0
2025-12-09 19:30:00,278.69,278.75,278.10001,278.125,308088,0,0
2025-12-09 19:45:00,278.14001,278.14999,277.7601,277.82999,525830,0,0
2025-12-09 20:00:00,277.82999,277.92001,277.64999,277.785,607242,0,0
2025-12-09 20:15:00,277.785,278.13501,277.75,277.86499,465378,0,0
2025-12-09 20:30:00,277.86499,277.92999,277.64001,277.77499,5934364,0,0
2025-12-09 20:45:00,277.76999,278.25,276.92001,277.23001,2224096,0,0
2025-12-10 14:30:00,277.87,278.29999,276.58499,277.82999,1719162,0,0
2025-12-10 14:45:00,277.815,278.793,277.60001,277.88,845838,0,0
2025-12-10 15:00:00,277.875,277.97501,276.92999,277.25009,804444,0,0
2025-12-10 15:15:00,277.26001,277.70999,277.20001,277.45001,498721,0,0
2025-12-10 15:30:00,277.45499,277.54001,276.79999,277.04501,556624,0,0
2025-12-10 15:45:00,277.01999,277.17001,276.59,276.75,390491,0,0
2025-12-10 16:00:00,276.72299,277.23999,276.44,277.155,414464,1,0
2025-12-10 16:15:00,277.16,278.28,277.06,278.25769,518461,0,0
2025-12-10 16:30:00,278.23001,278.60001,278.13,278.25,440921,0,0
2025-12-10 16:45:00,278.2301,278.89001,277.97501,278.75,394386,0,0
2025-12-10 17:00:00,278.73999,278.75,278.26001,278.51001,363785,0,0
2025-12-10 17:15:00,278.47,278.77991,278.31,278.52649,412826,0,0
2025-12-10 17:30:00,278.51999,278.64001,278.23999,278.32001,228295,0,0
2025-12-10 17:45:00,278.29999,279.28,278.28,278.70999,429732,0,0
2025-12-10 18:00:00,278.66,278.97501,278.57001,278.84009,371860,0,0
2025-12-10 18:15:00,278.84,278.98001,278.08499,278.12,344388,0,0
2025-12-10 18:30:00,278.12,278.45999,278.06,278.14999,285300,0,0
2025-12-10 18:45:00,278.14999,278.45001,278.09,278.39001,254274,0,0
2025-12-10 19:00:00,278.35999,279.22,278.28,278.79001,609639,0,0
2025-12-10 19:15:00,278.79001,279.13,277.91,278.22,482577,0,0
2025-12-10 19:30:00,278.22,279.20999,277.70001,278.37,5283567,0,0
2025-12-10 19:45:00,278.37,279.5925,278.37,279.38,579997,0,0
2025-12-10 20:00:00,279.39999,279.75,279.29501,279.47,571980,0,0
2025-12-10 20:15:00,279.48001,279.53,278.94,278.98001,676515,0,0
2025-12-10 20:30:00,278.98999,279.23001,278.86011,279.09,633178,0,0
2025-12-10 20:45:00,279.07999,279.37,278.59,278.72,1609473,0,0
2025-12-11 14:30:00,279.095,279.57999,275.03,275.30551,2353534,0,0
2025-12-11 14:45:00,275.31741,275.35901,273.81,274.20999,1823778,0,0
2025-12-11 15:00:00,274.20001,276.23999,274.01001,276.17999,1656519,1,0
2025-12-11 15:15:00,276.20001,276.54999,275.56,276.12,1053377,0,0
2025-12-11 15:30:00,276.11499,276.29001,275.34,276.20999,594788,0,0
2025-12-11 15:45:00,276.20999,276.29221,275.20001,275.92999,624241,0,0
2025-12-11 16:00:00,275.94,276.56799,275.63,276.45999,661343,0,0
2025-12-11 16:15:00,276.44,276.59,275.75,275.82501,463235,0,0
2025-12-11 16:30:00,275.82001,277.57999,275.81,277.47,552366,0,0
2025-12-11 16:45:00,277.46579,277.72,276.3501,276.73001,593199,0,0
2025-12-11 17:00:00,276.72,277.56,276.66,277.44,601470,0,0
2025-12-11 17:15:00,277.42999,278.17999,277.37009,277.905,667105,0,0
2025-12-11 17:30:00,277.92001,278.35001,277.92001,278.25,451011,0,0
2025-12-11 17:45:00,278.23001,278.29001,277.47,277.59,376286,0,0
2025-12-11 18:00:00,277.57999,277.95999,277.5,277.60001,363235,0,0
2025-12-11 18:15:00,277.60999,277.76001,277.38,277.52261,283126,0,0
2025-12-11 18:30:00,277.52499,278.20999,277.51001,277.94,365830,0,0
2025-12-11 18:45:00,277.9523,278.20999,277.67001,277.70499,337013,0,0
2025-12-11 19:00:00,277.70001,277.98001,277.52499,277.70001,365328,0,0
2025-12-11 19:15:00,277.70001,277.98999,277.6272,277.76001,364146,0,0
2025-12-11 19:30:00,277.76001,278.01999,277.65961,277.89999,417028,0,0
2025-12-11 19:45:00,277.91,277.92001,277.59131,277.63,491873,0,0
2025-12-11 20:00:00,277.64001,278.04999,277.60999,278.04001,455743,0,0
2025-12-11 20:15:00,278.04001,278.215,277.82999,278.095,452990,0,0
2025-12-11 20:30:00,278.09,278.20999,277.76999,277.89999,593405,0,0
2025-12-11 20:45:00,277.88,278.10999,277.47,278.06,1391947,0,0
2025-12-12 14:30:00,277.79501,279.1908,276.82001,278.60999,1662056,0,0
2025-12-12 14:45:00,278.60999,279.22,278.01999,278.95499,703150,0,0
2025-12-12 15:00:00,278.94,279.15991,278.35919,278.63,720536,0,0
2025-12-12 15:15:00,278.64999,278.70511,277.82001,277.87,821586,0,0
2025-12-12 15:30:00,277.88,278.85999,277.54001,278.56,922417,0,0
2025-12-12 15:45:00,278.57001,278.69,277.70999,277.85001,691633,0,0
2025-12-12 16:00:00,277.79999,278.38,277.51001,277.67001,945296,0,0
2025-12-12 16:15:00,277.64001,278.17999,277.44,277.73999,926199,0,0
2025-12-12 16:30:00,277.76999,278.01999,277.28079,277.95999,671064,0,0
2025-12-12 16:45:00,277.95001,278.03,277.46011,277.73001,420908,0,0
2025-12-12 17:00:00,277.70001,278.215,277.64001,277.82019,562741,0,0
2025-12-12 17:15:00,277.82999,278.44,277.81,277.85501,441419,0,0
2025-12-12 17:30:00,277.83499,279.19,277.83499,278.85001,973006,0,0
2025-12-12 17:45:00,278.82001,279.01001,278.60001,278.76999,427203,0,0
2025-12-12 18:00:00,278.79001,279.19,278.64001,278.95999,537735,0,0
2025-12-12 18:15:00,278.965,279.10999,278.5,279.04999,626781,0,0
2025-12-12 18:30:00,279.04001,279.04999,278.51501,278.67499,676478,0,0
2025-12-12 18:45:00,278.69,278.76001,278.32001,278.35999,546623,0,0
2025-12-12 19:00:00,278.35999,278.42999,278.01999,278.10001,638626,0,0
2025-12-12 19:15:00,278.07639,278.16,277.73001,277.95001,492738,0,0
2025-12-12 19:30:00,277.95001,278.22,277.81,277.89999,440279,0,0
2025-12-12 19:45:00,277.89499,278.44479,277.86029,278.38,506597,0,0
2025-12-12 20:00:00,278.37,278.82,278.245,278.39999,589802,0,0
2025-12-12 20:15:00,278.39999,278.44101,277.90009,278.05499,860531,0,0
2025-12-12 20:30:00,278.04999,278.12,276.94501,277.67331,1062519,0,0
2025-12-12 20:45:00,277.67999,278.5,277.13,278.37,1725352,0,0
2025-12-15 14:30:00,280.0,280.04999,274.70499,274.95999,3208758,0,1
2025-12-15 14:45:00,274.95999,275.10999,274.16,274.85001,2264058,0,0
2025-12-15 15:00:00,274.82001,275.59,274.0,274.26999,1517416,0,0
2025-12-15 15:15:00,274.25,274.34,273.62,274.14499,1123730,0,0
2025-12-15 15:30:00,274.17001,274.81,273.91501,274.55499,1217234,0,0
2025-12-15 15:45:00,274.55499,274.63,273.72,274.37,914738,0,0
2025-12-15 16:00:00,274.39001,274.50549,274.04001,274.185,596694,0,0
2025-12-15 16:15:00,274.1875,275.64041,274.17999,275.51001,4675328,0,0
2025-12-15 16:30:00,275.54001,275.69501,274.20999,274.22,573774,0,0
2025-12-15 16:45:00,274.23001,275.20001,274.14999,274.95001,597843,0,0
2025-12-15 17:00:00,274.95001,275.17999,274.51999,274.75,473767,0,0
2025-12-15 17:15:00,274.72,275.16,274.48999,274.92001,490900,0,0
2025-12-15 17:30:00,274.92499,275.10001,274.54001,274.9545,463189,0,0
2025-12-15 17:45:00,274.97,275.07999,274.38,274.70001,513987,0,0
2025-12-15 18:00:00,274.69501,274.81,274.25,274.47269,480794,0,0
2025-12-15 18:15:00,274.47769,274.51999,273.73001,274.04001,534718,0,0
2025-12-15 18:30:00,274.01999,274.25,273.44,273.69501,542006,0,0
2025-12-15 18:45:00,273.70331,274.07999,273.67001,273.91,528277,0,0
2025-12-15 19:00:00,273.905,274.14999,273.51001,273.51999,610665,0,0
2025-12-15 19:15:00,273.51001,273.53,273.07999,273.37,749205,0,0
2025-12-15 19:30:00,273.38,273.44,272.84,273.1799,677341,0,0
2025-12-15 19:45:00,273.17999,273.57999,273.07501,273.5405,669894,0,0
2025-12-15 20:00:00,273.54001,273.67999,273.23001,273.48001,684822,0,0
2025-12-15 20:15:00,273.48499,273.8425,273.39001,273.80499,772559,0,0
2025-12-15 20:30:00,273.81,273.89999,273.51999,273.67899,868814,0,0
2025-12-15 20:45:00,273.67001,274.72,273.57001,274.11499,3235616,0,0
2025-12-16 14:30:00,272.82001,273.92999,271.79001,272.375,2783210,0,0
2025-12-16 14:45:00,272.38,274.03,272.20001,273.60999,897018,0,0
2025-12-16 15:00:00,273.70999,273.94,272.54999,273.25519,847860,0,0
2025-12-16 15:15:00,273.255,273.42999,272.54999,273.17001,686218,0,0
2025-12-16 15:30:00,273.17001,273.57001,272.5,273.3299,691203,0,0
2025-12-16 15:45:00,273.32999,273.82001,273.20001,273.42001,502446,0,0
2025-12-16 16:00:00,273.42001,273.73999,273.10999,273.1799,519488,0,0
2025-12-16 16:15:00,273.16,273.21011,272.57001,272.81,568922,0,0
2025-12-16 16:30:00,272.79999,273.44,272.69,273.32001,498471,0,0
2025-12-16 16:45:00,273.35999,273.94,273.07999,273.91,447112,0,0
2025-12-16 17:00:00,273.89001,274.28,273.47,273.85501,635025,0,0
2025-12-16 17:15:00,273.84,274.04001,273.16,273.20001,349196,0,0
2025-12-16 17:30:00,273.19989,273.48999,272.64001,272.71841,451298,0,0
2025-12-16 17:45:00,272.72,272.84,272.10001,272.17999,4284807,0,0
2025-12-16 18:00:00,272.17001,272.53,271.79999,272.26999,662466,0,0
2025-12-16 18:15:00,272.26999,272.54001,272.06061,272.13,473372,0,0
2025-12-16 18:30:00,272.13501,273.42999,272.13501,273.42001,619122,0,0
2025-12-16 18:45:00,273.42999,273.91,273.42001,273.70999,511380,0,0
2025-12-16 19:00:00,273.70001,273.76001,273.01999,273.13,491173,0,0
2025-12-16 19:15:00,273.125,273.5755,272.98999,273.565,386363,0,0
2025-12-16 19:30:00,273.565,274.13,273.54001,274.01999,453644,0,0
2025-12-16 19:45:00,274.03,274.42001,273.88,274.12,480825,0,0
2025-12-16 20:00:00,274.09,274.64999,274.01999,274.34,473499,0,0
2025-12-16 20:15:00,274.34,274.79999,274.34,274.56,504621,0,0
2025-12-16 20:30:00,274.54999,275.35501,274.54001,275.13501,674084,0,0
2025-12-16 20:45:00,275.14001,275.5,274.45001,274.47,1687763,0,0
2025-12-17 14:30:00,275.01001,276.16,274.82999,275.61011,2112654,0,0
2025-12-17 14:45:00,275.60999,275.98999,274.97,275.31,968099,0,0
2025-12-17 15:00:00,275.35999,275.85999,275.0,275.39499,745825,0,0
2025-12-17 15:15:00,275.39499,275.85999,275.25,275.495,748272,0,0
2025-12-17 15:30:00,275.47,275.73001,274.94,275.01511,871567,0,0
2025-12-17 15:45:00,275.0,275.095,274.31,274.61499,701990,0,0
2025-12-17 16:00:00,274.60001,275.06,273.79999,273.85001,3306353,0,0
2025-12-17 16:15:00,273.84729,273.92001,273.04501,273.48999,901379,0,0
2025-12-17 16:30:00,273.48999,273.48999,272.7301,272.91,651268,0,0
2025-12-17 16:45:00,272.89001,273.07999,272.31,272.63989,565810,0,0
2025-12-17 17:00:00,272.61139,272.76999,272.28,272.35999,592336,0,0
2025-12-17 17:15:00,272.35999,273.12991,272.35001,272.87,563395,0,0
2025-12-17 17:30:00,272.88,273.51001,272.85001,272.97,477334,0,0
2025-12-17 17:45:00,272.97,273.63,272.94,273.38,374185,0,0
2025-12-17 18:00:00,273.38,273.69,272.81,272.82001,372541,0,0
2025-12-17 18:15:00,272.81,273.2189,272.64999,273.01999,475062,0,0
2025-12-17 18:30:00,272.99011,273.09009,272.44,272.88989,419430,0,0
2025-12-17 18:45:00,272.85999,273.12,272.70001,272.98999,488902,0,0
2025-12-17 19:00:00,272.97,273.44,272.79999,273.375,471786,0,0
2025-12-17 19:15:00,273.35001,273.97,273.35001,273.785,666245,0,0
2025-12-17 19:30:00,273.76999,274.10999,273.69,273.89001,501463,0,0
2025-12-17 19:45:00,273.91,274.03,273.59,273.64999,694325,0,0
2025-12-17 20:00:00,273.66,273.95001,273.57001,273.79999,421701,0,0
2025-12-17 20:15:00,273.79001,273.935,273.57501,273.65009,549991,0,0
2025-12-17 20:30:00,273.67001,273.87,273.4101,273.5,848643,0,0
2025-12-17 20:45:00,273.5,273.57999,271.69,271.85999,4282093,0,0
2025-12-18 14:30:00,273.60501,273.62,266.95999,268.168,4332523,0,0
2025-12-18 14:45:00,268.20999,269.63,268.07001,268.82001,2832135,0,0
2025-12-18 15:00:00,268.82001,269.54999,268.38,269.41,1446645,0,0
2025-12-18 15:15:00,269.39999,271.065,268.70999,270.89999,1515783,0,0
2025-12-18 15:30:00,270.862,272.22501,270.81,271.67001,1184566,0,0
2025-12-18 15:45:00,271.67001,272.1105,271.18091,272.01999,803068,0,0
2025-12-18 16:00:00,272.0,272.66,271.92999,272.48999,855810,0,0
2025-12-18 16:15:00,272.48999,272.72,272.0,272.29999,815791,0,0
2025-12-18 16:30:00,272.29001,273.164,272.26001,273.04971,625960,0,0
2025-12-18 16:45:00,273.04001,273.14999,272.66,272.85999,1878840,0,0
2025-12-18 17:00:00,272.85501,272.85999,270.92999,271.02499,6084623,0,0
2025-12-18 17:15:00,270.98999,270.98999,269.94,270.25,626166,0,0
2025-12-18 17:30:00,270.20001,271.98999,270.12,271.95999,631432,1,0
2025-12-18 17:45:00,271.98001,272.42001,271.98001,272.38989,491245,0,0
2025-12-18 18:00:00,272.35999,272.45999,271.85999,272.07001,379390,0,0
2025-12-18 18:15:00,272.07001,272.75,272.07001,272.64999,418445,0,0
2025-12-18 18:30:00,272.67001,272.95999,272.42001,272.655,444001,0,1
2025-12-18 18:45:00,272.64499,272.66501,271.60999,271.75,490685,0,0
2025-12-18 19:00:00,271.715,271.89999,271.10001,271.35001,615322,0,0
2025-12-18 19:15:00,271.35001,271.53,271.09,271.37,558837,0,0
2025-12-18 19:30:00,271.37,271.39001,270.64001,270.75,541791,0,0
2025-12-18 19:45:00,270.73001,271.04999,270.5,270.86499,8963409,1,0
2025-12-18 20:00:00,270.875,271.60001,270.67001,271.57001,763539,0,0
2025-12-18 20:15:00,271.57501,271.96991,271.5,271.84,680950,0,0
2025-12-18 20:30:00,271.85001,272.60001,271.785,272.58499,830930,0,0
2025-12-18 20:45:00,272.56,273.20001,272.10001,272.16,2125836,0,0
2025-12-19 14:30:00,272.14499,272.80249,271.57001,272.63629,15739748,0,0
2025-12-19 14:45:00,272.67999,272.92001,271.45471,271.70001,918352,0,1
2025-12-19 15:00:00,271.69,272.17999,270.95001,271.83499,1198386,0,0
2025-12-19 15:15:00,271.85001,271.9899,271.26001,271.73499,718280,0,0
2025-12-19 15:30:00,271.72009,272.82001,271.45001,271.8876,827199,0,0
2025-12-19 15:45:00,271.85999,271.90961,271.17001,271.20999,875994,0,0
2025-12-19 16:00:00,271.20999,271.95999,270.995,271.35001,650792,0,0
2025-12-19 16:15:00,271.35001,271.62,271.20999,271.2608,565561,0,0
2025-12-19 16:30:00,271.2623,271.45999,270.965,270.965,581646,0,0
2025-12-19 16:45:00,270.98001,271.42001,270.845,270.98999,605102,0,0
2025-12-19 17:00:00,271.0,271.17001,270.66699,270.69,604903,0,0
2025-12-19 17:15:00,270.69,270.94861,270.26999,270.655,837914,0,0
2025-12-19 17:30:00,270.66,271.35001,270.34,271.34,762908,0,0
2025-12-19 17:45:00,271.35001,271.63,271.04999,271.44009,648276,0,0
2025-12-19 18:00:00,271.45001,271.67999,270.98001,271.22501,1058098,0,0
2025-12-19 18:15:00,271.23001,271.80951,270.73999,270.75,616332,0,0
2025-12-19 18:30:00,270.76001,271.07001,270.39999,271.04001,644522,0,0
2025-12-19 18:45:00,271.035,271.07001,270.67999,270.85999,637994,0,0
2025-12-19 19:00:00,270.85001,271.26001,270.56,271.20999,768188,0,0
2025-12-19 19:15:00,271.20001,271.50989,271.13,271.37,494234,0,0
2025-12-19 19:30:00,271.38,271.64999,271.345,271.48999,547954,0,0
2025-12-19 19:45:00,271.5,271.73999,271.41,271.47,540055,0,0
2025-12-19 20:00:00,271.45999,271.56,271.10501,271.20001,739601,0,0
2025-12-19 20:15:00,271.20001,271.38681,270.17499,270.79999,1280509,0,0
2025-12-19 20:30:00,270.81,271.07001,270.32001,270.59,1160634,0,0
2025-12-19 20:45:00,270.59,274.57629,269.89999,273.67001,7032675,0,0
2025-12-22 14:30:00,272.85999,273.88,272.32,272.78311,2896710,0,0
2025-12-22 14:45:00,272.78,273.02249,272.07001,272.48001,1094369,0,0
2025-12-22 15:00:00,272.47,272.75,271.94,272.03,1288518,0,0
2025-12-22 15:15:00,272.01001,272.4899,271.57001,272.01501,831311,0,0
2025-12-22 15:30:00,272.03,272.17001,271.51001,272.01501,810770,0,0
2025-12-22 15:45:00,272.03009,272.42001,271.98001,272.32999,626421,0,0
2025-12-22 16:00:00,272.3399,272.79999,272.25,272.35001,568062,0,0
2025-12-22 16:15:00,272.35999,272.68121,272.20001,272.44,462657,0,0
2025-12-22 16:30:00,272.42001,272.51001,272.10501,272.14001,463318,0,0
2025-12-22 16:45:00,272.13,272.24829,271.92999,272.19061,510047,0,0
2025-12-22 17:00:00,272.20999,272.29999,271.63,271.75,578602,0,0
2025-12-22 17:15:00,271.75,271.98999,271.51999,271.94,562966,0,0
2025-12-22 17:30:00,271.92001,272.14001,271.80011,271.98999,551786,0,0
2025-12-22 17:45:00,271.98059,272.14001,271.39999,271.47009,564944,0,0
2025-12-22 18:00:00,271.49179,271.50681,270.91,270.94,580826,0,0
2025-12-22 18:15:00,270.9353,271.009,270.73999,270.93991,529091,0,0
2025-12-22 18:30:00,270.935,271.14001,270.75,270.935,498909,0,0
2025-12-22 18:45:00,270.92999,270.95001,270.51001,270.76501,649523,0,0
2025-12-22 19:00:00,270.76001,270.92001,270.69,270.83011,400841,0,0
2025-12-22 19:15:00,270.85999,271.01999,270.64999,270.86499,410806,0,0
2025-12-22 19:30:00,270.87,271.04999,270.76001,270.92001,479843,0,0
2025-12-22 19:45:00,270.92001,271.07999,270.85999,270.92499,405757,0,0
2025-12-22 20:00:00,270.92499,271.05499,270.82999,270.995,487907,0,0
2025-12-22 20:15:00,270.995,271.10999,270.715,270.72,626286,0,0
2025-12-22 20:30:00,270.715,270.73499,270.505,270.62,782142,0,0
2025-12-22 20:45:00,270.62,271.19989,270.57999,270.82001,1817829,0,0
2025-12-23 14:30:00,270.35999,271.26999,269.56,271.19,2029995,0,0
2025-12-23 14:45:00,271.20001,271.92999,271.07001,271.23001,1236126,0,0
2025-12-23 15:00:00,271.22501,271.53,270.70001,271.28,1061941,0,0
2025-12-23 15:15:00,271.26999,271.60999,270.56,270.84,776700,0,0
2025-12-23 15:30:00,270.84,271.20001,270.70001,271.17001,554145,0,0
2025-12-23 15:45:00,271.17999,271.57001,271.10999,271.45999,461628,0,0
2025-12-23 16:00:00,271.44,271.89999,271.43011,271.75,753027,0,0
2025-12-23 16:15:00,271.77011,271.95001,271.51999,271.7814,475000,0,0
2025-12-23 16:30:00,271.815,272.17001,271.72,271.98499,545239,0,0
2025-12-23 16:45:00,271.98999,272.31119,271.97,272.159,448209,0,0
2025-12-23 17:00:00,272.14499,272.23151,271.685,271.78,676475,0,0
2025-12-23 17:15:00,271.76999,271.85001,271.47299,271.53,416396,0,0
2025-12-23 17:30:00,271.54001,271.60999,271.10999,271.435,379465,0,0
2025-12-23 17:45:00,271.43359,271.64999,271.26999,271.60999,330906,0,0
2025-12-23 18:00:00,271.60001,271.755,271.56,271.655,321228,0,0
2025-12-23 18:15:00,271.66,271.81,271.5,271.70001,279134,0,0
2025-12-23 18:30:00,271.70001,272.12,271.69,272.07999,277785,0,0
2025-12-23 18:45:00,272.09,272.09,271.64001,271.70001,380022,0,0
2025-12-23 19:00:00,271.70001,271.72,271.5,271.57001,367090,0,0
2025-12-23 19:15:00,271.57001,271.81,271.54001,271.81,417231,0,0
2025-12-23 19:30:00,271.81,272.21579,271.76001,272.17001,482525,0,0
2025-12-23 19:45:00,272.14999,272.44,272.04999,272.08499,477912,0,0
2025-12-23 20:00:00,272.09,272.1799,271.98001,272.02499,420556,0,0
2025-12-23 20:15:00,272.01999,272.12,271.92999,272.10699,476129,0,0
2025-12-23 20:30:00,272.10001,272.17499,271.84009,271.94501,454290,0,0
2025-12-23 20:45:00,271.965,272.45001,271.84,272.23999,1833419,0,0
2025-12-24 14:30:00,273.25,274.73999,273.09,274.13501,2540696,0,0
2025-12-24 14:45:00,274.11499,274.42599,273.57269,274.19501,839574,0,0
2025-12-24 15:00:00,274.17542,274.29999,273.70001,274.04501,628906,0,0
2025-12-24 15:15:00,274.03,274.45001,273.79999,274.0351,580447,0,0
2025-12-24 15:30:00,274.04001,274.34,273.91,274.24899,486522,0,0
2025-12-24 15:45:00,274.25,274.56909,274.17999,274.56909,455720,0,0
2025-12-24 16:00:00,274.5625,275.04999,274.48999,274.98981,647073,0,0
2025-12-24 16:15:00,274.98999,275.04001,274.69,274.85101,506918,0,0
2025-12-24 16:30:00,274.85999,275.20999,274.82999,275.16,620978,0,0
2025-12-24 16:45:00,275.17999,275.34,275.10999,275.14999,464495,0,0
2025-12-24 17:00:00,275.17001,275.29001,274.97,275.22,499772,0,0
2025-12-24 17:15:00,275.22,275.42999,275.12009,275.35999,469910,0,0
2025-12-24 17:30:00,275.35501,275.39001,274.85001,274.89001,581086,0,0
2025-12-24 17:45:00,274.8501,274.92499,273.56,273.85001,1372566,0,0
2025-12-26 14:30:00,274.25,275.31,274.06,275.09,1299308,0,0
2025-12-26 14:45:00,275.10999,275.37,274.34,274.45999,630780,0,0
2025-12-26 15:00:00,274.465,274.73999,274.13501,274.34,501548,0,0
2025-12-26 15:15:00,274.38,274.82999,274.28,274.8248,468350,0,0
2025-12-26 15:30:00,274.815,274.95999,274.66,274.67001,390493,0,0
2025-12-26 15:45:00,274.64001,274.89001,274.45999,274.72409,325636,0,0
2025-12-26 16:00:00,274.70999,274.98001,274.42999,274.435,421307,0,0
2025-12-26 16:15:00,274.45001,274.94,274.37,274.88,297447,0,0
2025-12-26 16:30:00,274.88,274.935,274.60001,274.60001,248659,0,0
2025-12-26 16:45:00,274.62,274.73001,274.53,274.57999,230264,0,0
2025-12-26 17:00:00,274.59,274.75,274.41,274.53,373212,0,0
2025-12-26 17:15:00,274.509,274.69,274.47,274.64001,226965,0,0
2025-12-26 17:30:00,274.63,274.64001,274.22501,274.36319,248910,0,0
2025-12-26 17:45:00,274.35001,274.50009,274.33011,274.5,186213,0,0
2025-12-26 18:00:00,274.48001,274.64999,274.45999,274.59009,228040,0,0
2025-12-26 18:15:00,274.57999,274.63,274.42749,274.51999,240084,0,0
2025-12-26 18:30:00,274.52499,274.95001,274.38,274.73529,579274,0,0
2025-12-26 18:45:00,274.73999,274.98499,274.67001,274.73001,232815,0,0
2025-12-26 19:00:00,274.73001,274.77011,274.51999,274.60999,348880,0,0
2025-12-26 19:15:00,274.62,274.814,274.57999,274.7601,286372,0,0
2025-12-26 19:30:00,274.76501,274.82999,274.51001,274.5199,283352,0,0
2025-12-26 19:45:00,274.51001,274.60001,274.47,274.49921,275928,0,0
2025-12-26 20:00:00,274.48999,274.54001,274.10999,274.14499,422501,0,0
2025-12-26 20:15:00,274.14011,274.17999,273.87009,273.98001,481766,0,0
2025-12-26 20:30:00,273.98001,273.98999,273.60001,273.72,729370,0,0
2025-12-26 20:45:00,273.73001,273.73999,272.87,273.25,1833881,0,0
2025-12-29 14:30:00,272.69,274.35999,272.39001,273.66501,1826316,0,0
2025-12-29 14:45:00,273.69,274.07001,273.48999,273.85999,567304,0,0
2025-12-29 15:00:00,273.87,273.98901,272.92001,273.10999,649918,0,0
2025-12-29 15:15:00,273.12,274.0199,273.11151,273.95432,661533,0,0
2025-12-29 15:30:00,273.95001,274.03,273.73999,273.76001,467778,0,0
2025-12-29 15:45:00,273.76501,273.79999,272.98999,273.26001,461323,0,0
2025-12-29 16:00:00,273.25,273.45001,273.13,273.29999,320015,0,0
2025-12-29 16:15:00,273.285,273.35999,273.07001,273.22,284263,0,0
2025-12-29 16:30:00,273.21881,273.29001,272.82999,273.01999,332731,0,0
2025-12-29 16:45:00,273.02499,273.26999,272.95999,273.14999,321001,0,0
2025-12-29 17:00:00,273.14999,273.285,273.01001,273.10999,282099,0,0
2025-12-29 17:15:00,273.10501,273.28,272.97,273.04001,267536,0,0
2025-12-29 17:30:00,273.04001,273.14011,272.95029,273.08499,263844,0,0
2025-12-29 17:45:00,273.09091,273.26999,273.02011,273.17999,344015,0,0
2025-12-29 18:00:00,273.16,273.48999,273.08011,273.45999,293132,0,0
2025-12-29 18:15:00,273.47,273.67001,273.44,273.64001,2333561,0,0
2025-12-29 18:30:00,273.63,274.0,273.56,273.9639,2365874,0,0
2025-12-29 18:45:00,273.98001,273.98001,273.75,273.8956,249363,0,0
2025-12-29 19:00:00,273.89999,273.9101,273.51599,273.54581,294951,0,0
2025-12-29 19:15:00,273.5401,273.79001,273.44,273.67999,278368,0,0
2025-12-29 19:30:00,273.67999,273.88,273.67001,273.79999,321637,0,0
2025-12-29 19:45:00,273.79999,274.0,273.77011,273.91,361881,0,0
2025-12-29 20:00:00,273.91,274.0,273.8201,273.88559,3311290,0,0
2025-12-29 20:15:00,273.88501,273.94989,273.73001,273.9028,359092,0,0
2025-12-29 20:30:00,273.91,273.94,273.54001,273.64999,447446,0,0
2025-12-29 20:45:00,273.67001,273.88,273.45999,273.79901,1005367,0,0
2025-12-30 14:30:00,274.0,274.07001,272.47,273.32001,1652607,0,0
2025-12-30 14:45:00,273.31,273.85001,273.0,273.64001,546787,0,0
2025-12-30 15:00:00,273.62,273.70001,272.51999,272.60999,589070,0,0
2025-12-30 15:15:00,272.60999,273.0,272.39481,272.59,547369,0,0
2025-12-30 15:30:00,272.57999,272.8299,272.42001,272.5,454990,0,0
2025-12-30 15:45:00,272.51511,273.04999,272.45001,272.85999,486783,0,0
2025-12-30 16:00:00,272.85999,273.31989,272.82001,273.095,413058,0,0
2025-12-30 16:15:00,273.08011,273.32001,272.78,272.8598,356390,0,0
2025-12-30 16:30:00,272.82999,272.92001,272.5,272.69,415125,0,0
2025-12-30 16:45:00,272.70001,272.72,272.31,272.38,427765,0,0
2025-12-30 17:00:00,272.37,272.48999,272.28,272.42999,342465,0,0
2025-12-30 17:15:00,272.42081,272.63,272.35721,272.59,397333,0,0
2025-12-30 17:30:00,272.59,272.85999,272.56,272.76001,295010,0,0
2025-12-30 17:45:00,272.76501,272.97501,272.69,272.89001,225730,0,0
2025-12-30 18:00:00,272.8949,273.13721,272.73001,273.07001,334799,0,0
2025-12-30 18:15:00,273.06,273.19,273.06,273.10001,281833,0,0
2025-12-30 18:30:00,273.10001,273.26999,273.0101,273.23499,406460,0,0
2025-12-30 18:45:00,273.23999,273.37991,273.17999,273.23001,309529,0,0
2025-12-30 19:00:00,273.22,273.47501,273.17999,273.39001,331789,0,0
2025-12-30 19:15:00,273.38,273.52179,273.31009,273.39001,348525,0,0
2025-12-30 19:30:00,273.38,273.45001,273.20001,273.22,296125,0,0
2025-12-30 19:45:00,273.22,273.29999,273.09,273.29001,340554,0,0
2025-12-30 20:00:00,273.29001,273.39001,273.23001,273.26999,398225,0,0
2025-12-30 20:15:00,273.26999,273.47449,273.16,273.16501,361401,0,0
2025-12-30 20:30:00,273.16,273.255,273.06,273.14999,593938,0,0
2025-12-30 20:45:00,273.14999,273.19119,272.73999,272.98999,1528035,0,0
2025-12-31 14:30:00,273.35999,273.67999,272.29001,272.38501,1571556,0,0
2025-12-31 14:45:00,272.37,273.12,272.23181,273.06,470591,0,0
2025-12-31 15:00:00,273.07999,273.10999,272.85001,273.07071,423632,0,0
2025-12-31 15:15:00,273.10001,273.10999,272.38501,272.48999,478204,0,0
2025-12-31 15:30:00,272.495,272.58499,272.24969,272.418,423879,0,0
2025-12-31 15:45:00,272.40231,272.40231,271.76001,271.89001,548070,0,0
2025-12-31 16:00:00,271.92001,272.26999,271.90491,272.14401,455954,0,0
2025-12-31 16:15:00,272.16,272.5,272.10001,272.48999,458810,0,0
2025-12-31 16:30:00,272.48999,272.63,272.26999,272.40991,424517,0,0
2025-12-31 16:45:00,272.39499,272.76999,272.29001,272.76141,312197,0,0
2025-12-31 17:00:00,272.76001,272.79001,272.30499,272.51999,1950337,0,0
2025-12-31 17:15:00,272.52499,272.79999,272.51001,272.67001,269600,0,0
2025-12-31 17:30:00,272.66,272.81,272.57001,272.7901,305926,0,0
2025-12-31 17:45:00,272.785,272.88,272.66,272.76999,320097,0,0
2025-12-31 18:00:00,272.76599,273.09,272.70999,273.09,406097,0,0
2025-12-31 18:15:00,273.09,273.10001,272.54999,272.625,413551,0,0
2025-12-31 18:30:00,272.625,272.95001,272.57999,272.94,327182,0,0
2025-12-31 18:45:00,272.95001,273.32999,272.92999,273.29501,379138,0,0
2025-12-31 19:00:00,273.28,273.42999,273.11499,273.23001,443841,0,0
2025-12-31 19:15:00,273.23999,273.23999,272.95999,272.96091,306129,0,0
2025-12-31 19:30:00,272.97021,273.00681,272.60339,272.94,327038,0,0
2025-12-31 19:45:00,272.92001,272.94,272.62,272.70999,292183,0,0
2025-12-31 20:00:00,272.70999,272.73001,272.17999,272.32999,3130260,0,0
2025-12-31 20:15:00,272.32001,272.48999,271.95999,272.07999,405770,0,0
2025-12-31 20:30:00,272.09,272.73999,272.01999,272.70999,500348,0,0
2025-12-31 20:45:00,272.70999,272.75,271.75,271.84,5218607,0,0
2026-01-02 14:30:00,272.0,275.54999,272.0,275.54999,3170646,0,0
2026-01-02 14:45:00,275.57001,277.8248,275.52899,276.95499,2138837,0,0
2026-01-02 15:00:00,276.95499,277.75,275.51001,275.51001,1295296,0,1
2026-01-02 15:15:00,275.51001,275.51001,273.37009,273.39001,1080744,0,0
2026-01-02 15:30:00,273.37,273.39001,272.35999,272.75,1002422,0,0
2026-01-02 15:45:00,272.76001,273.29001,270.60001,270.64999,1248184,0,0
2026-01-02 16:00:00,270.64999,270.73801,269.82999,270.625,1125539,0,0
2026-01-02 16:15:00,270.625,270.84839,270.01001,270.32458,702339,0,0
2026-01-02 16:30:00,270.29999,270.95999,270.14999,270.14999,600550,0,0
2026-01-02 16:45:00,270.14001,270.32001,269.58011,269.64999,628531,0,0
2026-01-02 17:00:00,269.64001,270.24991,269.10999,270.23001,707529,0,0
2026-01-02 17:15:00,270.22501,270.27499,269.78,270.14999,495263,0,0
2026-01-02 17:30:00,270.17999,270.26999,269.91,270.13501,487945,0,0
2026-01-02 17:45:00,270.14999,270.29999,269.73001,270.14001,5297434,0,0
2026-01-02 18:00:00,270.11731,270.48001,269.94,269.95001,406242,0,0
2026-01-02 18:15:00,269.94,270.26999,269.89001,270.07999,354172,0,0
2026-01-02 18:30:00,270.09,270.14999,269.66,269.92999,368276,0,0
2026-01-02 18:45:00,269.92999,270.07999,269.01999,269.40009,545557,0,0
2026-01-02 19:00:00,269.40729,270.24991,269.29999,269.91501,566183,0,0
2026-01-02 19:15:00,269.92999,270.17999,269.4801,270.13,540814,0,0
2026-01-02 19:30:00,270.14001,270.70999,270.09,270.4986,586064,0,0
2026-01-02 19:45:00,270.48999,270.59,270.23001,270.35999,465911,0,0
2026-01-02 20:00:00,270.35999,270.79001,270.29999,270.66,548579,0,0
2026-01-02 20:15:00,270.66,270.84,270.21661,270.51001,506933,0,0
2026-01-02 20:30:00,270.53,270.78,270.35001,270.60999,641012,0,0
2026-01-02 20:45:00,270.60999,271.04999,270.36499,270.98001,2009892,0,0
2026-01-05 14:30:00,270.63501,270.85999,267.85999,269.17999,3566827,0,0
2026-01-05 14:45:00,269.20001,270.14499,268.72009,269.38501,1169361,0,0
2026-01-05 15:00:00,269.44,271.17999,269.29999,270.31,1458252,0,0
2026-01-05 15:15:00,270.31021,270.465,269.60001,269.81,994896,0,0
2026-01-05 15:30:00,269.79999,270.22,268.97,269.12,945145,0,0
2026-01-05 15:45:00,269.12,269.32999,268.87,269.01999,751844,0,0
2026-01-05 16:00:00,269.01999,269.185,268.73999,268.73999,689828,0,0
2026-01-05 16:15:00,268.73999,269.35001,268.70001,268.79001,733159,0,0
2026-01-05 16:30:00,268.78,268.85001,268.25,268.4201,791585,0,0
2026-01-05 16:45:00,268.44,268.72,267.98001,268.01999,706609,0,0
2026-01-05 17:00:00,268.035,268.28,267.64001,267.81,791748,0,0
2026-01-05 17:15:00,267.81,267.92001,266.92001,266.97,795156,0,0
2026-01-05 17:30:00,266.98999,267.26999,266.77011,267.19,769911,0,0
2026-01-05 17:45:00,267.17001,267.64001,267.17001,267.56839,563954,0,0
2026-01-05 18:00:00,267.57001,267.89001,267.5,267.59,596001,0,0
2026-01-05 18:15:00,267.59,267.70001,267.255,267.42001,566589,0,0
2026-01-05 18:30:00,267.41,267.66501,267.09,267.26999,550642,0,0
2026-01-05 18:45:00,267.26999,267.48001,267.0,267.01999,499992,0,0
2026-01-05 19:00:00,267.03,267.35001,266.97,267.16,563223,0,0
2026-01-05 19:15:00,267.14099,267.16,266.14001,266.2699,900634,0,0
2026-01-05 19:30:00,266.26999,266.76999,266.20001,266.63,731369,0,0
2026-01-05 19:45:00,266.63,266.66,266.25,266.25,547795,0,0
2026-01-05 20:00:00,266.25,266.97,266.23999,266.8804,695956,0,0
2026-01-05 20:15:00,266.89999,267.04001,266.71201,267.01901,711432,0,0
2026-01-05 20:30:00,267.03,267.48999,266.98999,267.28,907219,0,0
2026-01-05 20:45:00,267.28,267.73999,266.45001,267.26001,1987403,0,0
2026-01-06 14:30:00,267.008,267.008,263.03,263.82,3382230,0,0
2026-01-06 14:45:00,263.8,264.69,263.42999,264.45621,2502077,0,0
2026-01-06 15:00:00,264.48001,265.69,264.41,264.755,1365453,0,0
2026-01-06 15:15:00,264.73999,264.79999,263.87,264.03,930073,0,0
2026-01-06 15:30:00,264.03,265.10001,263.95001,265.05499,766587,0,0
2026-01-06 15:45:00,264.92999,265.04999,263.79001,263.85501,944602,0,0
2026-01-06 16:00:00,263.85001,263.85001,262.53329,262.70999,1633902,0,0
2026-01-06 16:15:00,262.79999,263.04001,262.29999,262.41989,1530049,0,0
2026-01-06 16:30:00,262.42001,262.81,262.2,262.78,1215231,0,0
2026-01-06 16:45:00,262.76999,263.01,262.54901,262.72,564685,0,0
2026-01-06 17:00:00,262.66,263.01,262.45,262.63641,750063,0,0
2026-01-06 17:15:00,262.625,263.01,262.35999,262.88461,718975,0,0
2026-01-06 17:30:00,262.89001,263.45999,262.82001,263.39001,671146,0,0
2026-01-06 17:45:00,263.48,263.79999,262.73999,262.86151,740274,0,0
2026-01-06 18:00:00,262.87,263.07999,262.75,263.01001,648872,0,0
2026-01-06 18:15:00,263.01501,263.24,262.49011,262.845,571584,0,0
2026-01-06 18:30:00,262.92999,263.06812,262.76001,262.94989,515347,0,0
2026-01-06 18:45:00,262.94501,263.07001,262.54001,262.89001,497857,0,0
2026-01-06 19:00:00,262.92001,263.01501,262.63501,262.73,425317,0,0
2026-01-06 19:15:00,262.76001,262.98001,262.72501,262.87701,603240,0,0
2026-01-06 19:30:00,262.84,263.01501,262.69,262.88,687293,0,0
2026-01-06 19:45:00,262.89001,262.95,262.54,262.64999,676061,0,0
2026-01-06 20:00:00,262.655,262.85999,262.15,262.18,811075,0,0
2026-01-06 20:15:00,262.37,262.82999,262.26001,262.82001,1063015,0,0
2026-01-06 20:30:00,262.82999,262.96,262.61499,262.85999,974733,0,0
2026-01-06 20:45:00,262.97,263.0,262.22,262.22,1522214,0,0
2026-01-07 14:30:00,263.26999,263.67999,261.23499,262.435,3246739,0,0
2026-01-07 14:45:00,262.42499,262.85001,261.41,261.41,1552023,0,0
2026-01-07 15:00:00,261.44,262.13,261.20999,262.03989,1488142,0,0
2026-01-07 15:15:00,262.02499,262.42999,261.66,262.03,1081794,0,0
2026-01-07 15:30:00,262.01999,262.28,261.32501,261.62,1091345,0,0
2026-01-07 15:45:00,261.63,262.29001,261.60001,261.9899,797730,0,0
2026-01-07 16:00:00,261.98999,262.20999,261.61499,261.64001,604875,0,0
2026-01-07 16:15:00,261.62781,261.642,260.91,261.08371,1071649,0,0
2026-01-07 16:30:00,261.08499,262.10001,261.07001,262.00009,981022,0,0
2026-01-07 16:45:00,262.0,262.35999,261.89999,262.17999,843006,0,0
2026-01-07 17:00:00,262.17999,262.57001,262.17899,262.34,740412,0,0
2026-01-07 17:15:00,262.34,262.48001,261.98999,262.35999,771575,0,0
2026-01-07 17:30:00,262.37,262.51999,262.155,262.35999,543453,0,0
2026-01-07 17:45:00,262.36499,262.70001,262.31,262.315,660238,0,0
2026-01-07 18:00:00,262.315,262.32001,261.30969,261.69,954654,0,0
2026-01-07 18:15:00,261.67999,261.70999,261.07999,261.22,732319,0,0
2026-01-07 18:30:00,261.245,261.87,261.13,261.85001,856595,0,0
2026-01-07 18:45:00,261.85001,262.14999,261.70999,262.01001,551862,0,0
2026-01-07 19:00:00,262.02499,262.20001,261.70001,261.76501,667668,0,0
2026-01-07 19:15:00,261.7601,261.77499,261.26651,261.59,498237,0,0
2026-01-07 19:30:00,261.59,262.51999,261.5101,262.32501,629827,0,0
2026-01-07 19:45:00,262.32001,262.32999,261.76999,261.84,589022,0,0
2026-01-07 20:00:00,261.85001,261.97,261.39999,261.49799,687321,0,0
2026-01-07 20:15:00,261.48001,261.66,261.26001,261.32999,821736,0,0
2026-01-07 20:30:00,261.32999,261.32999,260.60001,260.685,1414464,0,0
2026-01-07 20:45:00,260.68149,260.79001,259.82001,260.35999,3133312,0,0
2026-01-08 14:30:00,256.375,257.76999,255.89999,256.10001,5072440,0,0
2026-01-08 14:45:00,256.12,257.06,255.85001,256.29001,1933260,0,0
2026-01-08 15:00:00,256.28,256.97,255.7,256.92999,1831640,0,0
2026-01-08 15:15:00,256.92999,257.01999,256.13501,256.745,1346339,0,0
2026-01-08 15:30:00,256.72009,257.19,256.51001,256.73999,1247540,0,0
2026-01-08 15:45:00,256.75,256.89999,255.95,256.69,1112321,0,0
2026-01-08 16:00:00,256.70001,256.97,256.07999,256.14001,911326,0,0
2026-01-08 16:15:00,256.12,256.45999,256.0,256.10999,895906,0,0
2026-01-08 16:30:00,256.10999,257.95001,255.97,257.89001,1240227,0,0
2026-01-08 16:45:00,257.90799,258.60001,257.19009,257.69501,1394349,0,0
2026-01-08 17:00:00,257.70499,257.85999,257.06,257.27499,636982,0,0
2026-01-08 17:15:00,257.25,257.444,256.67999,256.70901,620926,0,0
2026-01-08 17:30:00,256.69009,257.35001,256.59799,257.15991,771912,0,0
2026-01-08 17:45:00,257.16,257.63,257.04999,257.39001,568031,0,0
2026-01-08 18:00:00,257.39029,257.62,256.69,256.70001,463669,0,0
2026-01-08 18:15:00,256.70499,257.57001,256.67999,257.48001,644706,0,0
2026-01-08 18:30:00,257.51001,257.51999,257.06,257.32999,468701,0,0
2026-01-08 18:45:00,257.328,257.5,256.84,256.935,456679,0,0
2026-01-08 19:00:00,256.92001,257.20251,256.67999,256.69,592930,0,0
2026-01-08 19:15:00,256.69,256.85001,256.29999,256.60001,881045,0,0
2026-01-08 19:30:00,256.60501,257.06,256.38,257.01999,640235,0,0
2026-01-08 19:45:00,257.035,257.32999,256.89999,257.23001,760920,0,0
2026-01-08 20:00:00,257.22,257.62,257.20001,257.42001,1022032,0,0
2026-01-08 20:15:00,257.44,258.32999,257.39011,258.28,1120361,0,0
2026-01-08 20:30:00,258.28,258.91,257.96011,258.31009,1215870,0,0
2026-01-08 20:45:00,258.32001,259.28,258.29999,259.06,1997815,0,0
2026-01-09 14:30:00,259.07501,260.0,257.70001,258.29001,2940922,0,1
2026-01-09 14:45:00,258.125,258.32001,256.38,256.935,1709347,0,0
2026-01-09 15:00:00,256.88,258.39999,256.22009,258.29001,1383241,1,0
2026-01-09 15:15:00,258.29349,258.67001,257.685,258.45999,1186543,0,0
2026-01-09 15:30:00,258.45999,258.75,257.755,257.8306,818872,0,0
2026-01-09 15:45:00,257.82999,258.14001,257.54999,257.76999,700096,0,0
2026-01-09 16:00:00,257.77499,258.60001,257.70999,258.19,694728,0,0
2026-01-09 16:15:00,258.17999,258.26999,256.88,256.95999,998623,0,0
2026-01-09 16:30:00,256.95129,257.17999,256.76639,256.935,887394,0,0
2026-01-09 16:45:00,256.92929,257.68771,256.85001,257.67999,881048,0,0
2026-01-09 17:00:00,257.67499,258.64999,257.54999,258.57999,905541,0,0
2026-01-09 17:15:00,258.57999,259.05499,258.16,258.92999,671113,0,0
2026-01-09 17:30:00,258.91,259.01501,258.53,258.64001,537665,0,0
2026-01-09 17:45:00,258.67001,259.16,258.66,258.76071,673116,0,0
2026-01-09 18:00:00,258.76001,258.875,258.24011,258.29001,505279,0,0
2026-01-09 18:15:00,258.32001,259.14999,258.2662,259.12,457710,0,0
2026-01-09 18:30:00,259.13,259.5,259.01001,259.19,582483,0,0
2026-01-09 18:45:00,259.23999,259.54001,259.10001,259.48001,378769,0,0
2026-01-09 19:00:00,259.47501,259.63101,259.38,259.48001,429642,0,0
2026-01-09 19:15:00,259.48001,259.95001,259.48001,259.73001,581074,0,0
2026-01-09 19:30:00,259.73001,260.0,259.67999,259.82001,587915,0,0
2026-01-09 19:45:00,259.81,260.20001,259.67999,259.97009,787386,0,0
2026-01-09 20:00:00,259.95999,260.20999,259.80099,259.98001,624390,0,0
2026-01-09 20:15:00,259.98001,260.17999,259.82001,259.965,732363,0,0
2026-01-09 20:30:00,259.95001,260.05499,259.62,259.77701,739614,0,0
2026-01-09 20:45:00,259.76999,259.89001,258.95001,259.35001,1564073,0,0
2026-01-12 14:30:00,259.41,260.26999,256.79999,257.54999,3496481,0,0
2026-01-12 14:45:00,257.75,258.72,257.75,258.32999,1819056,0,0
2026-01-12 15:00:00,258.26999,259.87,258.14999,259.63,1123118,0,0
2026-01-12 15:15:00,259.60999,261.29999,258.89001,260.35001,2066964,0,0
2026-01-12 15:30:00,260.36499,260.43231,259.04999,259.69,1121903,0,0
2026-01-12 15:45:00,259.67999,259.7399,259.23001,259.39001,641064,0,0
2026-01-12 16:00:00,259.39999,260.32999,259.16,260.315,801852,0,0
2026-01-12 16:15:00,260.315,260.45001,259.97501,260.23001,715196,0,0
2026-01-12 16:30:00,260.23001,260.5,259.70999,259.76001,679573,0,0
2026-01-12 16:45:00,259.75,261.10999,259.72,261.0,902441,0,0
2026-01-12 17:00:00,260.98999,261.07999,260.41,260.58499,574632,0,0
2026-01-12 17:15:00,260.57001,260.66,260.23499,260.60931,552827,0,0
2026-01-12 17:30:00,260.60001,260.67001,260.35001,260.53,476229,0,0
2026-01-12 17:45:00,260.53,261.10999,260.41,260.67499,680402,0,0
2026-01-12 18:00:00,260.66,261.29999,260.64001,260.75,591915,0,0
2026-01-12 18:15:00,260.73999,261.10999,260.67999,260.89001,411806,0,0
2026-01-12 18:30:00,260.89099,260.94,260.63,260.67999,426707,0,0
2026-01-12 18:45:00,260.67001,260.81989,260.29999,260.41,5931563,0,0
2026-01-12 19:00:00,260.39999,260.54001,260.19,260.26001,482616,0,0
2026-01-12 19:15:00,260.26999,260.88,260.26999,260.64001,650129,0,0
2026-01-12 19:30:00,260.64999,261.01999,260.48529,260.56,543234,0,0
2026-01-12 19:45:00,260.54999,261.17001,260.5025,261.13,574762,0,0
2026-01-12 20:00:00,261.12,261.19,260.935,261.04001,804005,0,0
2026-01-12 20:15:00,261.04001,261.10999,260.73001,260.97,732546,0,0
2026-01-12 20:30:00,260.95999,261.13,260.58499,260.93771,737815,0,0
2026-01-12 20:45:00,260.94,260.965,260.01001,260.20999,9064093,0,0
2026-01-13 14:30:00,258.72,261.81,258.39001,260.215,5344626,1,0
2026-01-13 14:45:00,260.215,260.54001,259.51999,259.91,1138293,0,0
2026-01-13 15:00:00,259.89999,260.48999,259.28,260.03,1080827,0,0
2026-01-13 15:15:00,260.04001,260.285,259.42001,260.09009,914821,0,0
2026-01-13 15:30:00,260.14001,260.1799,259.62,259.82999,678768,0,0
2026-01-13 15:45:00,259.82001,260.19,259.48999,259.92999,793780,0,0
2026-01-13 16:00:00,259.94,260.27991,259.76501,260.0,625171,0,0
2026-01-13 16:15:00,260.005,260.14001,259.62,259.91,511089,0,0
2026-01-13 16:30:00,259.89999,261.01999,259.85001,260.82001,811435,0,0
2026-01-13 16:45:00,260.82001,261.03,260.62,260.89999,660945,0,0
2026-01-13 17:00:00,260.89001,261.16,260.72,260.73999,473976,0,0
2026-01-13 17:15:00,260.745,260.97,260.17999,260.84,537581,0,0
2026-01-13 17:30:00,260.85001,261.44,260.72,261.13,614531,0,0
2026-01-13 17:45:00,261.13,261.20001,260.41,260.51999,478077,0,0
2026-01-13 18:00:00,260.5,260.87,260.22,260.85001,539735,0,0
2026-01-13 18:15:00,260.85999,260.92999,259.98999,259.98999,427527,0,0
2026-01-13 18:30:00,259.98001,260.67361,259.965,260.18079,516234,0,0
2026-01-13 18:45:00,260.185,260.48999,259.76001,259.95999,538178,0,0
2026-01-13 19:00:00,259.95999,260.09,259.20999,259.25,6148201,0,0
2026-01-13 19:15:00,259.25,259.91,259.14999,259.73999,612889,0,0
2026-01-13 19:30:00,259.7399,259.79999,259.39999,259.51999,417943,0,0
2026-01-13 19:45:00,259.5,259.75,259.29001,259.45999,412443,0,0
2026-01-13 20:00:00,259.465,259.465,258.92999,258.95999,581711,0,0
2026-01-13 20:15:00,258.965,259.2955,258.7601,259.01999,548551,0,0
2026-01-13 20:30:00,259.01001,259.54001,258.84,259.44,629705,0,0
2026-01-13 20:45:00,259.42999,261.20001,259.37,261.04999,20934724,0,0
2026-01-14 14:30:00,259.48999,261.81,259.23999,259.95001,2367601,0,0
2026-01-14 14:45:00,259.94,260.19,259.04999,259.10001,891554,0,0
2026-01-14 15:00:00,259.17999,260.39999,258.82001,260.35001,1057188,0,0
2026-01-14 15:15:00,260.37,260.95001,259.54001,259.75,831425,0,0
2026-01-14 15:30:00,259.755,260.0,259.26999,259.48499,651068,0,0
2026-01-14 15:45:00,259.48001,259.57001,257.85999,258.07101,1049745,0,0
2026-01-14 16:00:00,258.07001,258.81,257.89999,258.09,701509,0,0
2026-01-14 16:15:00,258.07999,258.95001,258.07001,258.73999,576139,0,0
2026-01-14 16:30:00,258.73999,258.81,257.79001,257.88049,565980,0,0
2026-01-14 16:45:00,257.89001,257.9317,257.25,257.72,570788,0,0
2026-01-14 17:00:00,257.72,258.04999,257.44,257.48999,499591,0,0
2026-01-14 17:15:00,257.5,257.54001,256.70999,257.38,697569,0,0
2026-01-14 17:30:00,257.39001,257.42001,257.04001,257.23001,408693,0,0
2026-01-14 17:45:00,257.23001,257.715,257.11499,257.26001,396180,0,0
2026-01-14 18:00:00,257.23001,257.42001,257.09,257.17999,380158,0,0
2026-01-14 18:15:00,257.1702,257.53,256.91,257.53,419930,0,0
2026-01-14 18:30:00,257.53,257.85999,257.05499,257.85999,437081,0,0
2026-01-14 18:45:00,257.87,258.10001,257.56,258.0,428917,0,0
2026-01-14 19:00:00,257.98999,258.0,257.51001,257.62,490693,0,0
2026-01-14 19:15:00,257.61499,257.94031,257.565,257.79999,420534,0,0
2026-01-14 19:30:00,257.79999,258.4317,257.79001,258.32001,576227,0,0
2026-01-14 19:45:00,258.31,258.48001,258.10001,258.26001,439943,0,0
2026-01-14 20:00:00,258.26501,259.67181,258.1134,259.4201,796325,0,0
2026-01-14 20:15:00,259.41,259.98001,259.20001,259.97,8745157,0,0
2026-01-14 20:30:00,259.98001,260.60001,259.95999,260.07999,909427,0,0
2026-01-14 20:45:00,260.07999,260.23999,258.68411,259.95001,24410941,0,0
2026-01-15 14:30:00,260.64999,261.03,259.78,260.69,2499572,0,0
2026-01-15 14:45:00,260.69501,260.98001,259.62,260.17999,992766,0,0
2026-01-15 15:00:00,260.09,260.57001,259.89999,260.23999,920913,0,0
2026-01-15 15:15:00,260.29001,260.67999,259.89999,260.1001,632889,0,0
2026-01-15 15:30:00,260.14001,260.7851,259.91,259.95499,742027,0,0
2026-01-15 15:45:00,259.92999,259.98999,259.19,259.92999,752020,0,0
2026-01-15 16:00:00,259.95999,260.23999,259.73999,259.88,708281,0,0
2026-01-15 16:15:00,259.87,260.60001,259.79001,260.495,592916,0,0
2026-01-15 16:30:00,260.5,260.63,260.29001,260.54001,505239,0,0
2026-01-15 16:45:00,260.54001,260.54999,259.92001,259.98499,560504,0,0
2026-01-15 17:00:00,259.97,260.285,259.94,260.01999,547091,0,0
2026-01-15 17:15:00,260.0192,260.20001,259.29999,259.32999,509824,0,0
2026-01-15 17:30:00,259.34,259.39999,258.0,258.99011,5434924,0,0
2026-01-15 17:45:00,258.98999,259.17999,258.84,258.94,459531,0,0
2026-01-15 18:00:00,258.92001,259.28,258.89999,259.16,394297,0,0
2026-01-15 18:15:00,259.17999,259.565,259.07999,259.53,399237,0,0
2026-01-15 18:30:00,259.54999,259.75,259.47,259.66,438293,0,0
2026-01-15 18:45:00,259.64999,259.66,259.22,259.23001,375771,0,0
2026-01-15 19:00:00,259.22,259.22,258.45999,258.64001,537655,0,0
2026-01-15 19:15:00,258.64001,258.7399,258.26001,258.32001,652129,0,0
2026-01-15 19:30:00,258.34341,258.45001,257.6601,257.69989,850454,0,0
2026-01-15 19:45:00,257.69,258.125,257.5,257.60999,796778,0,0
2026-01-15 20:00:00,257.60001,257.79999,257.39001,257.40921,638338,0,0
2026-01-15 20:15:00,257.38,257.67001,257.04999,257.67001,872696,0,0
2026-01-15 20:30:00,257.6575,257.67001,257.23499,257.4512,799703,0,0
2026-01-15 20:45:00,257.45999,258.38,257.10999,258.32999,1934208,0,0
2026-01-16 14:30:00,257.88,258.89999,257.49469,257.56,8285086,0,0
2026-01-16 14:45:00,257.57999,257.79999,256.76999,256.85001,1422067,0,0
2026-01-16 15:00:00,256.85001,257.25,256.62,256.88,886868,0,0
2026-01-16 15:15:00,256.89001,257.01999,256.46011,256.81,684784,0,0
2026-01-16 15:30:00,256.81,256.92001,256.06,256.35999,786675,0,0
2026-01-16 15:45:00,256.35999,256.63,256.24011,256.57999,537809,0,0
2026-01-16 16:00:00,256.57001,256.87,256.36499,256.7294,663309,0,0
2026-01-16 16:15:00,256.72,256.73999,256.13,256.43991,803040,0,0
2026-01-16 16:30:00,256.42651,256.60999,256.22,256.54999,655789,0,0
2026-01-16 16:45:00,256.54999,256.63,255.95,256.16699,727465,0,0
2026-01-16 17:00:00,256.17999,256.54999,256.06,256.28,687001,0,0
2026-01-16 17:15:00,256.26999,256.37,255.82001,255.83,726462,0,0
2026-01-16 17:30:00,255.83,255.88,255.14999,255.3999,1177120,0,0
2026-01-16 17:45:00,255.3804,255.41,254.92999,255.17,945788,0,0
2026-01-16 18:00:00,255.18649,255.60001,255.09,255.4805,732093,0,0
2026-01-16 18:15:00,255.49001,256.0899,255.49001,256.03,751143,0,0
2026-01-16 18:30:00,256.03,256.741,255.92,256.70999,862368,0,0
2026-01-16 18:45:00,256.70999,256.85001,256.48499,256.54999,575040,0,0
2026-01-16 19:00:00,256.54001,257.14999,256.26001,256.26999,724692,0,0
2026-01-16 19:15:00,256.26999,256.42001,255.91499,256.0,649880,0,0
2026-01-16 19:30:00,256.0,256.75,255.94,256.56,608705,0,0
2026-01-16 19:45:00,256.595,256.97,256.53,256.59,626730,0,0
2026-01-16 20:00:00,256.57999,256.85001,256.10999,256.155,610611,0,0
2026-01-16 20:15:00,256.1701,256.35001,255.97501,256.17999,802772,0,0
2026-01-16 20:30:00,256.17001,256.4725,255.64,255.64999,972900,0,0
2026-01-16 20:45:00,255.64999,255.88,255.13,255.48,2538659,0,0
2026-01-20 14:30:00,252.50999,254.78999,252.36,253.07001,4775257,0,0
2026-01-20 14:45:00,253.08,253.17999,251.86,252.58,1671773,0,0
2026-01-20 15:00:00,252.47,252.75999,251.02,251.14,1414733,0,0
2026-01-20 15:15:00,251.17,251.74001,250.85001,251.61571,1225790,0,0
2026-01-20 15:30:00,251.64,251.7,251.0,251.53999,1032328,0,0
2026-01-20 15:45:00,251.53999,251.69,250.89999,251.55,899363,0,0
2026-01-20 16:00:00,251.57001,252.13,251.4501,251.67999,691871,0,0
2026-01-20 16:15:00,251.67,251.67999,250.69,251.30499,743572,0,0
2026-01-20 16:30:00,251.3,251.59,250.82001,250.8503,705338,0,0
2026-01-20 16:45:00,250.88,251.25999,250.35001,251.2,901663,0,0
2026-01-20 17:00:00,251.2,251.28,250.66,250.75999,537205,0,0
2026-01-20 17:15:00,250.77,250.89,250.5,250.56,533051,0,0
2026-01-20 17:30:00,250.52,250.7,250.21001,250.3302,596285,0,0
2026-01-20 17:45:00,250.35001,250.44501,250.08,250.27,685457,0,0
2026-01-20 18:00:00,250.24001,250.5,249.56,249.71001,1084253,0,0
2026-01-20 18:15:00,249.72,249.92,249.08,249.19501,613241,0,0
2026-01-20 18:30:00,249.17999,249.23,248.5,248.62,902891,0,0
2026-01-20 18:45:00,248.61,248.6665,248.2412,248.53,759635,0,0
2026-01-20 19:00:00,248.53999,248.67999,248.0401,248.13,788322,0,0
2026-01-20 19:15:00,248.13,248.22,247.42,247.4525,901136,0,0
2026-01-20 19:30:00,247.45,248.17999,247.25999,247.703,1051734,0,0
2026-01-20 19:45:00,247.7,247.71001,246.8091,246.955,1105249,0,0
2026-01-20 20:00:00,246.95,247.22,246.71001,246.74001,1316258,0,0
2026-01-20 20:15:00,246.75,247.02499,245.08,245.46001,2483086,0,0
2026-01-20 20:30:00,245.46001,245.52679,244.2701,244.49001,2466339,0,0
2026-01-20 20:45:00,244.5,246.92999,243.42,246.69,7593257,0,0
2026-01-21 14:30:00,248.71001,248.75,246.08,246.77,3521710,0,0
2026-01-21 14:45:00,246.77,247.52,246.315,246.89999,1259737,0,0
2026-01-21 15:00:00,246.89999,247.36,246.28999,246.91,1396623,0,0
2026-01-21 15:15:00,246.91499,248.0,246.87,247.57001,1127600,0,0
2026-01-21 15:30:00,247.57001,248.50999,247.47,248.48,993609,0,0
2026-01-21 15:45:00,248.49001,248.72,247.925,248.145,921218,0,1
2026-01-21 16:00:00,248.16991,248.28999,247.25,247.26109,995663,0,0
2026-01-21 16:15:00,247.25999,247.52,246.83,247.3,892155,0,0
2026-01-21 16:30:00,247.31,247.36,245.97,245.995,1016231,0,0
2026-01-21 16:45:00,246.005,246.325,245.71091,245.78,850563,0,0
2026-01-21 17:00:00,245.78,246.03999,245.2,245.28999,795888,0,0
2026-01-21 17:15:00,245.295,246.16631,245.19,245.83,859529,0,0
2026-01-21 17:30:00,245.8201,246.16,245.58,245.9501,510087,0,0
2026-01-21 17:45:00,245.965,246.47,245.88,246.22009,480484,0,0
2026-01-21 18:00:00,246.235,246.42,245.62,246.2,623911,0,0
2026-01-21 18:15:00,246.2,246.27,245.86,245.88,400316,0,0
2026-01-21 18:30:00,245.88,246.0,245.5,245.86,452039,0,0
2026-01-21 18:45:00,245.87,246.375,245.74001,246.125,523987,0,0
2026-01-21 19:00:00,246.12,246.17999,245.74001,245.895,507187,0,0
2026-01-21 19:15:00,245.89999,247.34,245.58,247.11031,874218,0,0
2026-01-21 19:30:00,247.13,249.34,247.10001,249.13989,1564406,0,0
2026-01-21 19:45:00,249.17,250.83,249.11,250.71001,2993575,0,0
2026-01-21 20:00:00,250.72,251.56,250.31,250.35001,1876604,0,0
2026-01-21 20:15:00,250.33,250.39,248.3828,248.3828,1463768,0,0
2026-01-21 20:30:00,248.39,248.58,247.58,248.16,1188498,0,0
2026-01-21 20:45:00,248.14,248.2,246.84,247.63,3156722,0,0
2026-01-22 14:30:00,249.36,250.77991,248.8,249.73,3343760,0,0
2026-01-22 14:45:00,249.74001,249.99001,248.38499,249.855,1860587,0,0
2026-01-22 15:00:00,249.87,250.3,249.57001,249.86,1336418,0,0
2026-01-22 15:15:00,249.86,250.25999,249.3,250.13,759865,0,0
2026-01-22 15:30:00,250.14999,250.16,249.57001,249.73,715563,0,0
2026-01-22 15:45:00,249.739,249.83,249.0,249.0892,977409,0,0
2026-01-22 16:00:00,249.10001,249.82001,249.05,249.52,850024,0,0
2026-01-22 16:15:00,249.49001,250.0,249.46001,249.69991,622747,0,0
2026-01-22 16:30:00,249.69501,249.81,249.25999,249.67999,459178,0,0
2026-01-22 16:45:00,249.7,249.89999,249.57001,249.59,505135,0,0
2026-01-22 17:00:00,249.58,249.8,249.44,249.66,502613,0,0
2026-01-22 17:15:00,249.66,249.88,249.61,249.74001,417491,0,0
2026-01-22 17:30:00,249.75,250.5275,249.7301,250.27,502525,0,0
2026-01-22 17:45:00,250.27,250.28,250.03999,250.14999,409480,0,0
2026-01-22 18:00:00,250.12,250.28,249.73,250.007,462179,0,0
2026-01-22 18:15:00,250.00999,250.82001,249.99001,250.67999,459425,0,0
2026-01-22 18:30:00,250.67,250.6825,250.10001,250.2,451247,0,0
2026-01-22 18:45:00,250.19,250.39999,249.75011,250.22,461446,0,0
2026-01-22 19:00:00,250.2399,251.0,250.22,250.845,648830,0,0
2026-01-22 19:15:00,250.8246,250.94,250.45,250.52,486368,0,0
2026-01-22 19:30:00,250.50999,250.625,249.52,249.53,791244,0,0
2026-01-22 19:45:00,249.52,249.60001,248.76981,248.88,966833,0,0
2026-01-22 20:00:00,248.86,249.21989,248.81,249.06,665233,0,0
2026-01-22 20:15:00,249.084,249.17,248.26511,248.37,931899,0,0
2026-01-22 20:30:00,248.34,248.85001,248.31,248.63,742573,0,0
2026-01-22 20:45:00,248.60989,248.92,248.17999,248.34,10370229,0,0
2026-01-23 14:30:00,245.75,246.48,245.33411,245.83009,3288078,1,0
2026-01-23 14:45:00,245.83,246.27361,244.67999,245.89,2023440,0,0
2026-01-23 15:00:00,245.92,246.45,245.81,245.95,1121755,0,0
2026-01-23 15:15:00,245.94,247.24001,245.71001,247.0101,1167917,0,0
2026-01-23 15:30:00,247.02,248.33501,246.97,248.03999,932602,0,0
2026-01-23 15:45:00,248.061,249.3,247.85001,248.98,944450,0,0
2026-01-23 16:00:00,248.98,249.41,248.64011,248.83,717208,0,0
2026-01-23 16:15:00,248.8284,248.935,248.28,248.35001,684557,0,0
2026-01-23 16:30:00,248.37,248.70689,247.88,248.31,693662,0,0
2026-01-23 16:45:00,248.31,248.63,248.03999,248.24001,536363,0,0
2026-01-23 17:00:00,248.24001,248.25999,247.88,248.05,501500,0,0
2026-01-23 17:15:00,248.125,248.8,247.95,248.7399,533552,0,0
2026-01-23 17:30:00,248.72,248.80991,247.89301,248.08,448310,0,0
2026-01-23 17:45:00,248.08,248.21989,247.61,247.78999,550414,0,0
2026-01-23 18:00:00,247.77,248.06,247.64999,247.69769,521096,0,0
2026-01-23 18:15:00,247.705,248.16,247.696,247.92999,397695,0,0
2026-01-23 18:30:00,247.96001,248.02991,247.34,247.39,523217,0,0
2026-01-23 18:45:00,247.38,247.56,246.97,247.52,573818,0,0
2026-01-23 19:00:00,247.53,247.88,247.23,247.77,664368,0,0
2026-01-23 19:15:00,247.755,248.00999,247.47,247.47501,527493,0,0
2026-01-23 19:30:00,247.47,248.194,247.405,248.151,441537,0,0
2026-01-23 19:45:00,248.14999,248.25,247.91,248.17,410790,0,0
2026-01-23 20:00:00,248.17,248.25999,247.96001,248.1855,450889,0,0
2026-01-23 20:15:00,248.215,248.47,248.14999,248.19,638109,0,0
2026-01-23 20:30:00,248.19,248.73,248.06,248.71001,10466320,0,0
2026-01-23 20:45:00,248.71001,248.85001,247.745,247.97,1909612,0,0
2026-01-26 14:30:00,251.48,253.25,249.8,252.71001,4751362,0,0
2026-01-26 14:45:00,252.73,253.7869,252.27,252.75999,1703995,0,0
2026-01-26 15:00:00,252.74001,254.10001,252.62,253.68201,1759095,0,0
2026-01-26 15:15:00,253.7,254.89,253.50999,254.03999,1596154,0,0
2026-01-26 15:30:00,254.03999,255.34,253.92,254.951,1649373,0,0
2026-01-26 15:45:00,254.965,255.5,254.67,254.8,1118042,0,0
2026-01-26 16:00:00,254.80901,255.32001,254.56,255.1201,1196000,0,0
2026-01-26 16:15:00,255.13499,255.21001,254.23,255.0999,977744,0,0
2026-01-26 16:30:00,255.08501,255.28,254.81,255.0,1077473,0,0
2026-01-26 16:45:00,255.0099,255.25,254.60001,254.86,632106,0,0
2026-01-26 17:00:00,254.87,255.42,254.25999,254.28999,818089,0,0
2026-01-26 17:15:00,254.289,254.8499,254.289,254.5,487558,0,0
2026-01-26 17:30:00,254.47,254.75,254.42999,254.66,495724,0,0
2026-01-26 17:45:00,254.6628,254.66991,254.08,254.33,463095,0,0
2026-01-26 18:00:00,254.33,254.48,254.08,254.24001,458423,0,0
2026-01-26 18:15:00,254.235,254.69,254.09,254.64999,444291,0,0
2026-01-26 18:30:00,254.64,255.17,254.32001,254.59,598755,0,0
2026-01-26 18:45:00,254.595,255.35001,254.48,255.11,742727,0,0
2026-01-26 19:00:00,255.10001,255.55321,255.10001,255.435,829052,0,0
2026-01-26 19:15:00,255.4501,255.97,255.28,255.94,843283,0,0
2026-01-26 19:30:00,255.92999,256.26501,255.71001,256.13,841819,0,0
2026-01-26 19:45:00,256.14001,256.56,256.07501,256.10001,9699907,0,0
2026-01-26 20:00:00,256.10501,256.37,255.73,255.8,736410,0,0
2026-01-26 20:15:00,255.81,255.96001,255.47,255.72501,927569,0,0
2026-01-26 20:30:00,255.73,255.99001,255.455,255.505,919533,0,0
2026-01-26 20:45:00,255.50999,255.64999,254.89999,255.42,13299580,0,0
2026-01-27 14:30:00,259.14001,260.77249,258.66,260.59,5329210,0,0
2026-01-27 14:45:00,260.60001,261.95001,260.38,261.465,2577343,0,0
2026-01-27 15:00:00,261.48001,261.57999,259.95001,260.03,1753863,0,0
2026-01-27 15:15:00,260.04999,260.20999,259.53,259.845,1252357,0,0
2026-01-27 15:30:00,259.85999,260.54999,259.76001,260.38,880061,0,0
2026-01-27 15:45:00,260.35001,260.67999,260.01999,260.34,687420,0,0
2026-01-27 16:00:00,260.35999,261.23999,260.35001,261.14999,867816,0,0
2026-01-27 16:15:00,261.14499,261.39001,260.60999,260.72,827598,0,0
2026-01-27 16:30:00,260.72,261.14999,260.47,260.90689,611187,0,0
2026-01-27 16:45:00,260.91,261.04761,260.73001,260.78,525215,0,0
2026-01-27 17:00:00,260.76999,261.17001,260.73999,260.91,558986,0,0
2026-01-27 17:15:00,260.89001,261.35999,260.82001,261.31,480599,0,0
2026-01-27 17:30:00,261.30011,261.35001,260.85001,260.85001,428161,0,0
2026-01-27 17:45:00,260.85001,260.92999,260.62,260.70999,488063,0,0
2026-01-27 18:00:00,260.70001,261.13,260.51999,260.9801,554248,0,0
2026-01-27 18:15:00,260.98001,260.99991,260.2301,260.255,518619,0,0
2026-01-27 18:30:00,260.26999,260.35999,259.79999,259.85001,836748,0,0
2026-01-27 18:45:00,259.84839,259.97,259.51999,259.82001,592221,0,0
2026-01-27 19:00:00,259.84,260.01999,259.53,259.81,570380,0,0
2026-01-27 19:15:00,259.81,259.97,259.62,259.875,505280,0,0
2026-01-27 19:30:00,259.875,259.89999,259.51501,259.60501,541752,0,0
2026-01-27 19:45:00,259.60999,260.04001,259.17499,259.73999,788484,0,0
2026-01-27 20:00:00,259.745,259.96671,259.45001,259.62,603931,0,0
2026-01-27 20:15:00,259.61499,259.64001,259.14999,259.38,668119,0,0
2026-01-27 20:30:00,259.38501,259.67499,259.215,259.34,891298,0,0
2026-01-27 20:45:00,259.32999,259.54001,258.20999,258.26999,11439692,0,0
2026-01-28 14:30:00,257.56,258.85501,255.82001,256.63,3189845,0,0
2026-01-28 14:45:00,256.6799,257.23999,255.73,256.14499,1307599,0,0
2026-01-28 15:00:00,256.14001,256.75,255.215,256.45999,1289781,0,0
2026-01-28 15:15:00,256.45999,257.04999,256.03,256.09,816985,0,0
2026-01-28 15:30:00,256.06,256.70999,255.89,256.0209,858201,0,0
2026-01-28 15:45:00,256.04001,256.22,255.72,255.84,669190,0,0
2026-01-28 16:00:00,255.84,256.22,255.7,255.9062,537980,0,0
2026-01-28 16:15:00,255.89999,256.03,255.25999,255.49001,680403,0,0
2026-01-28 16:30:00,255.47,255.48,254.78999,254.89,809877,0,0
2026-01-28 16:45:00,254.88,255.36501,254.74001,255.34,543199,0,0
2026-01-28 17:00:00,255.33,255.42,255.07809,255.25,395773,0,0
2026-01-28 17:15:00,255.237,255.39999,254.66,254.82001,481657,0,0
2026-01-28 17:30:00,254.8,255.11,254.50999,255.03,453925,0,0
2026-01-28 17:45:00,255.03,255.11,254.72,254.83,615128,0,0
2026-01-28 18:00:00,254.82001,255.0,254.53999,254.955,352062,0,0
2026-01-28 18:15:00,254.95,255.39,254.95,255.255,375427,0,0
2026-01-28 18:30:00,255.25999,255.345,254.88,255.315,391362,0,0
2026-01-28 18:45:00,255.32001,255.88,255.14999,255.65649,484107,0,0
2026-01-28 19:00:00,255.66,255.86501,254.9301,255.00999,486838,0,0
2026-01-28 19:15:00,255.0,255.3694,254.78,255.11,537150,0,0
2026-01-28 19:30:00,255.08,255.89999,255.05,255.64,832930,0,0
2026-01-28 19:45:00,255.64,256.37,255.63,256.29001,791057,0,0
2026-01-28 20:00:00,256.29001,256.64001,256.03,256.20001,875253,0,0
2026-01-28 20:15:00,256.19,256.54999,255.97,256.47501,892328,0,0
2026-01-28 20:30:00,256.45999,256.64001,256.185,256.53,847011,0,0
2026-01-28 20:45:00,256.51001,256.89999,255.92999,256.44,2245327,0,0
2026-01-29 14:30:00,258.07001,259.64999,256.22,256.22,3158117,0,1
2026-01-29 14:45:00,256.25,257.66,256.07001,256.79999,1398253,0,0
2026-01-29 15:00:00,256.81,256.82001,255.49001,256.32999,1409972,0,0
2026-01-29 15:15:00,256.36499,257.69,256.36499,256.89999,1315829,0,0
2026-01-29 15:30:00,256.89001,257.04001,254.78999,255.14,1324622,0,0
2026-01-29 15:45:00,255.14,255.91,254.41,255.455,1228231,0,0
2026-01-29 16:00:00,255.45,256.13,254.89999,255.86,1105408,0,0
2026-01-29 16:15:00,255.88,256.41,255.39999,256.17001,1143628,0,0
2026-01-29 16:30:00,256.13,256.32999,255.395,255.5901,836347,0,0
2026-01-29 16:45:00,255.64,255.77,255.12,255.39,698565,0,0
2026-01-29 17:00:00,255.39999,256.755,255.345,256.54999,749322,0,0
2026-01-29 17:15:00,256.56,257.41,256.01001,257.22,1240346,0,0
2026-01-29 17:30:00,257.20001,257.67001,256.85001,257.06,913374,0,0
2026-01-29 17:45:00,257.06,257.20001,256.54999,256.935,981995,0,0
2026-01-29 18:00:00,256.98001,257.29001,256.64001,256.95001,731153,0,0
2026-01-29 18:15:00,256.92999,257.45999,256.73001,257.38,606197,0,0
2026-01-29 18:30:00,257.36499,258.03,257.17999,257.62009,914528,0,0
2026-01-29 18:45:00,257.63,257.64001,257.16,257.32999,634610,0,0
2026-01-29 19:00:00,257.34,257.88,257.22,257.81,698731,0,0
2026-01-29 19:15:00,257.81281,258.18161,257.78,258.14499,831157,0,0
2026-01-29 19:30:00,258.14499,258.39001,257.89999,258.03,943663,0,0
2026-01-29 19:45:00,258.03,258.0799,257.74011,257.92001,813122,0,0
2026-01-29 20:00:00,257.92499,258.51999,257.8399,258.19,1135010,0,0
2026-01-29 20:15:00,258.18991,258.56839,258.14001,258.29501,1349046,0,0
2026-01-29 20:30:00,258.31,258.54001,257.91,258.44,1476410,0,0
2026-01-29 20:45:00,258.435,259.35001,257.75,258.17499,4384711,0,0
2026-01-30 14:30:00,255.16499,256.95999,252.17999,253.53999,10336866,0,0
2026-01-30 14:45:00,253.5004,256.39001,252.73,256.29001,3075921,1,0
2026-01-30 15:00:00,256.29999,258.35999,255.86,258.26999,2759309,0,0
2026-01-30 15:15:00,258.27499,258.70001,253.92999,254.0,7842688,0,0
2026-01-30 15:30:00,254.08,255.97,253.69501,255.605,2105383,0,0
2026-01-30 15:45:00,255.5901,255.84,254.67999,254.94,1681076,0,0
2026-01-30 16:00:00,254.91499,256.26001,254.75,255.5,1868721,0,0
2026-01-30 16:15:00,255.535,256.905,255.1806,256.6875,1616518,0,0
2026-01-30 16:30:00,256.69,257.14001,256.30029,256.81,1716344,0,0
2026-01-30 16:45:00,256.82001,257.13,255.88,256.10501,1125507,0,1
2026-01-30 17:00:00,256.09,256.14999,254.28349,254.52499,1603623,0,0
2026-01-30 17:15:00,254.52499,255.505,254.39,255.21001,1517530,0,0
2026-01-30 17:30:00,255.16,255.34,254.53999,254.71001,1072792,0,0
2026-01-30 17:45:00,254.71001,255.23,254.67999,254.855,903103,0,0
2026-01-30 18:00:00,254.84,255.64999,254.71001,255.46001,1023455,0,0
2026-01-30 18:15:00,255.45,256.07001,254.58,256.05499,1358704,0,0
2026-01-30 18:30:00,256.05499,256.48999,255.78,256.1467,1155060,0,0
2026-01-30 18:45:00,256.14001,258.28,255.75,257.35001,1510834,0,0
2026-01-30 19:00:00,257.375,258.07999,257.36499,257.79001,1287515,0,0
2026-01-30 19:15:00,257.76999,257.97,257.32999,257.58499,1218681,0,0
2026-01-30 19:30:00,257.60001,258.42999,257.41,258.095,1278561,0,0
2026-01-30 19:45:00,258.09,258.94,257.95999,258.26999,1471149,0,0
2026-01-30 20:00:00,258.29001,258.73999,257.56,258.64999,1527033,0,0
2026-01-30 20:15:00,258.64999,259.91,258.45001,259.91,2320677,0,0
2026-01-30 20:30:00,259.92001,261.04001,259.82001,260.98999,4203613,0,0
2026-01-30 20:45:00,260.98001,261.8999,258.0,259.48001,8827197,0,0
2026-02-02 14:30:00,260.01999,263.97,259.20499,261.1579,5610936,0,0
2026-02-02 14:45:00,261.17999,263.92999,260.92001,263.32501,2530490,0,0
2026-02-02 15:00:00,263.29001,264.681,263.17999,264.655,2574750,0,0
2026-02-02 15:15:00,264.63,265.25,264.07999,265.04001,2008522,0,0
2026-02-02 15:30:00,265.035,265.37,263.595,263.95001,1355687,0,0
2026-02-02 15:45:00,263.92001,263.965,262.31,262.73999,1119624,0,0
2026-02-02 16:00:00,262.70001,263.41989,262.51001,263.255,925579,0,0
2026-02-02 16:15:00,263.23999,264.56351,263.13,264.29181,899596,0,0
2026-02-02 16:30:00,264.29501,264.73001,264.20999,264.69501,689157,0,0
2026-02-02 16:45:00,264.70679,264.70679,263.89001,264.465,671923,0,0
2026-02-02 17:00:00,264.45001,264.85001,264.32999,264.36499,684340,0,0
2026-02-02 17:15:00,264.38,264.51001,263.81,264.17999,642883,0,0
2026-02-02 17:30:00,264.19,264.4335,263.78,263.92999,561395,0,0
2026-02-02 17:45:00,263.92999,264.42999,263.85001,264.1738,474130,0,0
2026-02-02 18:00:00,264.19,265.31,264.19,264.79001,811233,0,0
2026-02-02 18:15:00,264.78,265.26999,264.62,265.13,756708,0,0
2026-02-02 18:30:00,265.14499,265.70001,265.01001,265.41,869955,0,0
2026-02-02 18:45:00,265.38,266.73499,265.34,266.70499,1318241,0,0
2026-02-02 19:00:00,266.70001,267.13501,266.54001,267.12,1359574,0,0
2026-02-02 19:15:00,267.10999,267.35001,266.76001,267.17999,1132316,0,0
2026-02-02 19:30:00,267.125,267.44,266.82001,267.285,1086412,0,0
2026-02-02 19:45:00,267.30991,268.28,267.23001,268.0,1389323,0,0
2026-02-02 20:00:00,268.0,269.56989,267.85089,268.54999,2336738,0,0
2026-02-02 20:15:00,268.54999,269.39999,268.31,268.98001,1297695,0,0
2026-02-02 20:30:00,268.97501,269.70999,268.84,269.45001,1717343,0,0
2026-02-02 20:45:00,269.42001,270.48999,269.39999,269.95999,4314011,0,0
2026-02-03 14:30:00,269.13,270.32999,267.69,268.20999,3438941,0,0
2026-02-03 14:45:00,268.23001,271.57999,268.14001,270.36069,2301307,0,0
2026-02-03 15:00:00,270.38501,270.67001,268.70499,268.95001,1603518,0,0
2026-02-03 15:15:00,268.95001,270.01001,268.38129,269.88501,1752185,0,0
2026-02-03 15:30:00,269.85001,269.96552,267.60999,268.42001,1226402,0,0
2026-02-03 15:45:00,268.41,271.14001,268.29001,271.07001,1528671,0,0
2026-02-03 16:00:00,271.07999,271.285,269.97,270.08499,1419056,0,0
2026-02-03 16:15:00,270.08499,270.59,268.79001,268.89499,1160900,0,0
2026-02-03 16:30:00,268.89999,270.5,268.54999,269.73499,1491777,0,0
2026-02-03 16:45:00,269.76001,269.98001,268.7803,268.95999,669490,0,0
2026-02-03 17:00:00,268.94,269.78,268.64001,268.92001,982098,0,0
2026-02-03 17:15:00,268.84,269.34,268.29001,268.89999,833663,0,0
2026-02-03 17:30:00,268.89001,269.54501,268.755,269.44,1176806,0,0
2026-02-03 17:45:00,269.38501,270.0,269.01001,269.63,842536,0,0
2026-02-03 18:00:00,269.67999,270.37,269.32001,269.38501,755079,0,0
2026-02-03 18:15:00,269.35001,269.98001,268.94,269.34,817631,0,0
2026-02-03 18:30:00,269.33499,269.69,268.85001,269.52499,903572,0,0
2026-02-03 18:45:00,269.52499,270.57001,269.37,270.25,11973789,0,0
2026-02-03 19:00:00,270.25,270.98001,269.92001,270.84,1308859,0,0
2026-02-03 19:15:00,270.82001,271.875,270.60999,271.48001,1337827,0,0
2026-02-03 19:30:00,271.47,271.70001,270.66501,270.95001,782240,0,0
2026-02-03 19:45:00,270.95999,271.16,269.95001,270.0,901265,0,0
2026-02-03 20:00:00,269.97,270.23999,268.67001,269.82999,1051636,0,0
2026-02-03 20:15:00,269.84,269.84,268.81,269.20999,713629,0,0
2026-02-03 20:30:00,269.215,270.04999,269.215,269.41,1058915,0,0
2026-02-03 20:45:00,269.42001,270.0,268.84,269.45999,1989170,0,0
2026-02-04 14:30:00,272.31,277.05991,272.285,276.57999,5404777,0,0
2026-02-04 14:45:00,276.595,278.81,276.56,277.47,4506587,0,0
2026-02-04 15:00:00,277.48001,277.59,274.81,274.89999,2627604,0,0
2026-02-04 15:15:00,274.89999,276.27991,274.55011,276.10001,1824201,0,0
2026-02-04 15:30:00,276.125,276.56,275.29999,275.82001,1734379,0,0
2026-02-04 15:45:00,275.79501,277.39001,275.57999,277.10999,1577592,0,0
2026-02-04 16:00:00,277.095,277.30969,275.95999,276.64999,1343961,0,0
2026-02-04 16:15:00,276.64499,277.29999,275.995,277.21381,1245116,0,0
2026-02-04 16:30:00,277.19351,277.26001,275.29001,275.51999,1021377,0,0
2026-02-04 16:45:00,275.53,275.70001,273.89999,274.965,1925733,0,0
2026-02-04 17:00:00,274.95001,276.57999,274.901,276.48999,1375581,0,0
2026-02-04 17:15:00,276.5199,276.60001,274.54501,275.25,1335213,0,0
2026-02-04 17:30:00,275.26999,276.11499,273.89001,274.85001,1761200,0,0
2026-02-04 17:45:00,274.82999,274.95001,273.685,274.08499,1067035,0,0
2026-02-04 18:00:00,274.09,275.35501,273.14001,275.10001,1520170,0,0
2026-02-04 18:15:00,275.10159,275.70001,274.97,275.60001,723857,0,0
2026-02-04 18:30:00,275.62,275.76001,274.91,275.26001,746570,0,0
2026-02-04 18:45:00,275.16501,275.73999,274.84,275.38989,667158,0,0
2026-02-04 19:00:00,275.41,275.48001,274.35001,275.15729,934300,0,0
2026-02-04 19:15:00,275.14011,275.57999,274.60001,274.91,780512,0,0
2026-02-04 19:30:00,274.90021,275.45999,274.90009,275.345,667112,0,0
2026-02-04 19:45:00,275.35999,275.78,274.89999,275.14499,22310500,0,0
2026-02-04 20:00:00,275.14001,275.685,274.82999,275.685,1222931,0,0
2026-02-04 20:15:00,275.69,278.07999,275.6001,277.60999,2243574,0,0
2026-02-04 20:30:00,277.60999,277.79001,276.85001,276.92999,2015765,0,0
2026-02-04 20:45:00,276.95001,278.95001,276.35999,276.45999,5297157,0,0
2026-02-05 14:30:00,278.01999,279.44,273.5401,273.66,4060919,0,1
2026-02-05 14:45:00,273.655,276.69,273.23001,274.36499,1935568,0,0
2026-02-05 15:00:00,274.35999,275.64999,273.62,274.53,1530396,0,0
2026-02-05 15:15:00,274.51001,276.84,274.45761,276.785,4956139,0,0
2026-02-05 15:30:00,276.79001,277.39999,275.23001,275.98001,1331172,0,0
2026-02-05 15:45:00,275.95999,276.07999,273.91199,274.45001,1205545,0,0
2026-02-05 16:00:00,274.45001,274.94,273.29001,273.34,945370,0,0
2026-02-05 16:15:00,273.34,276.2204,273.34,275.22,1044262,1,0
2026-02-05 16:30:00,275.29001,275.35001,274.60999,274.66501,716120,0,0
2026-02-05 16:45:00,274.67999,275.5,274.47501,275.23999,643430,0,0
2026-02-05 17:00:00,275.19,275.20001,274.01001,274.07001,570200,0,0
2026-02-05 17:15:00,274.09,274.95999,273.52499,274.73999,602070,0,0
2026-02-05 17:30:00,274.72,274.98001,274.16,274.44,454768,0,0
2026-02-05 17:45:00,274.45999,274.95001,274.07001,274.595,445012,0,0
2026-02-05 18:00:00,274.595,274.94,273.91,274.06,437361,0,0
2026-02-05 18:15:00,274.065,274.54999,273.98001,274.32001,427629,0,0
2026-02-05 18:30:00,274.26001,274.88,274.11499,274.57999,574744,0,0
2026-02-05 18:45:00,274.56,275.0,274.1973,274.98001,576065,0,0
2026-02-05 19:00:00,274.98999,276.69,274.92001,276.67999,856405,0,0
2026-02-05 19:15:00,276.67001,277.57001,276.64499,277.04501,988278,0,0
2026-02-05 19:30:00,277.065,277.45999,276.08569,276.42001,732395,0,1
2026-02-05 19:45:00,276.405,276.78,276.28329,276.70999,618345,0,0
2026-02-05 20:00:00,276.72,277.72,276.51001,276.58011,937101,0,0
2026-02-05 20:15:00,276.61401,276.67001,276.10999,276.63,799280,0,0
2026-02-05 20:30:00,276.63,276.91,275.35001,275.45001,1186843,0,0
2026-02-05 20:45:00,275.39499,276.57999,275.38,275.92001,2803870,0,0
2026-02-06 14:30:00,277.16,279.92999,277.0,279.17001,4107057,0,0
2026-02-06 14:45:00,279.23999,280.73999,278.95999,280.52499,3220285,0,0
2026-02-06 15:00:00,280.54001,280.905,279.04001,279.14001,1937064,0,1
2026-02-06 15:15:00,279.14001,279.89999,278.51001,279.29001,1513359,0,0
2026-02-06 15:30:00,279.29999,279.95001,279.16,279.51001,957677,0,0
2026-02-06 15:45:00,279.50681,279.76999,278.35001,278.815,2005704,0,0
2026-02-06 16:00:00,278.81,279.44,278.48999,278.95999,1317452,0,0
2026-02-06 16:15:00,278.98001,279.66,278.81,279.11499,1216209,0,0
2026-02-06 16:30:00,279.10001,279.72369,279.0,279.34,794552,0,0
2026-02-06 16:45:00,279.37,279.77499,278.87,279.08499,1030565,0,0
2026-02-06 17:00:00,279.04999,279.47,278.94,279.09009,569335,0,0
2026-02-06 17:15:00,279.09,279.23679,278.23999,278.67999,645128,0,0
2026-02-06 17:30:00,278.70999,278.79999,277.89999,278.32999,675536,0,0
2026-02-06 17:45:00,278.32999,278.47,278.11499,278.29501,619141,0,0
2026-02-06 18:00:00,278.29501,278.68619,278.23999,278.34,665521,0,0
2026-02-06 18:15:00,278.32001,278.52499,277.49011,277.77499,855572,0,0
2026-02-06 18:30:00,277.79999,277.815,277.04001,277.6235,730603,0,0
2026-02-06 18:45:00,277.61499,277.76001,276.92499,277.48001,706922,0,0
2026-02-06 19:00:00,277.48999,277.95999,277.34,277.44,589395,0,0
2026-02-06 19:15:00,277.44,277.92999,277.13,277.13,521666,0,0
2026-02-06 19:30:00,277.13,277.42001,276.995,277.23001,457776,0,0
2026-02-06 19:45:00,277.23999,278.64499,277.22,278.57999,888092,0,0
2026-02-06 20:00:00,278.565,278.75,277.85001,277.85001,771950,0,0
2026-02-06 20:15:00,277.85001,278.32999,277.56,277.66,1068681,0,0
2026-02-06 20:30:00,277.655,278.315,277.57001,278.10001,956625,0,0
2026-02-06 20:45:00,278.10001,279.01001,278.04001,278.07999,2298698,0,0
2026-02-09 14:30:00,277.905,278.04001,273.48999,274.3114,2755498,0,0
2026-02-09 14:45:00,274.345,274.94,273.16,273.95999,1487644,0,0
2026-02-09 15:00:00,273.95999,274.07999,273.04999,273.51501,1139245,0,0
2026-02-09 15:15:00,273.51999,274.26001,273.06,273.0827,952157,0,0
2026-02-09 15:30:00,273.09,273.75,273.06,273.42999,649139,0,0
2026-02-09 15:45:00,273.42999,273.52499,272.76999,273.25,867221,0,0
2026-02-09 16:00:00,273.2681,273.70001,273.07999,273.32001,641760,0,0
2026-02-09 16:15:00,273.35001,273.47,272.85001,273.39819,634452,0,0
2026-02-09 16:30:00,273.37,273.79999,273.26001,273.42001,571336,0,0
2026-02-09 16:45:00,273.38,273.45001,272.75,272.79999,708051,0,0
2026-02-09 17:00:00,272.81,273.10999,271.89999,272.35001,5839878,0,0
2026-02-09 17:15:00,272.345,272.51999,271.70001,272.01151,821862,0,0
2026-02-09 17:30:00,272.04001,272.34,271.82999,271.845,568016,0,0
2026-02-09 17:45:00,271.85001,272.34,271.76999,271.965,498592,0,0
2026-02-09 18:00:00,271.965,272.19,271.79001,271.92999,440913,0,0
2026-02-09 18:15:00,271.92999,272.26999,271.82999,271.98001,429629,0,0
2026-02-09 18:30:00,271.98001,273.00989,271.84,272.935,641887,0,0
2026-02-09 18:45:00,272.92001,273.20999,272.73999,272.89999,635173,0,0
2026-02-09 19:00:00,272.89999,273.42999,272.84,273.26999,647463,0,0
2026-02-09 19:15:00,273.28891,273.70999,273.01001,273.62,641948,0,0
2026-02-09 19:30:00,273.63,273.72501,273.07999,273.10999,450952,0,0
2026-02-09 19:45:00,273.10999,273.29001,272.91501,272.95999,390031,0,0
2026-02-09 20:00:00,272.95999,273.69,272.95999,273.57999,609604,0,0
2026-02-09 20:15:00,273.58289,274.25,273.55069,274.04001,917828,0,0
2026-02-09 20:30:00,274.03,274.20999,273.51001,273.88,970675,0,0
2026-02-09 20:45:00,273.85001,275.12,273.81,274.54001,2866894,0,0
2026-02-10 14:30:00,274.88501,275.28,273.30609,274.19501,2204506,0,0
2026-02-10 14:45:00,274.20999,274.95001,273.20999,274.76001,959484,0,0
2026-02-10 15:00:00,274.79999,275.35999,273.85999,274.26001,959892,0,0
2026-02-10 15:15:00,274.25,274.745,274.07999,274.42001,627386,0,0
2026-02-10 15:30:00,274.39001,274.70001,274.17999,274.655,542731,0,0
2026-02-10 15:45:00,274.69501,274.91,274.14001,274.14001,479135,0,0
2026-02-10 16:00:00,274.14499,274.47989,274.12,274.19,428161,0,0
2026-02-10 16:15:00,274.19501,274.60001,273.98999,274.06,416153,0,0
2026-02-10 16:30:00,274.01999,274.0499,273.20001,273.39999,526152,0,0
2026-02-10 16:45:00,273.42001,273.59,273.10001,273.2901,462792,0,0
2026-02-10 17:00:00,273.29001,273.79999,273.26999,273.48001,474275,0,0
2026-02-10 17:15:00,273.47,273.48999,272.94,273.35001,588185,0,0
2026-02-10 17:30:00,273.35001,273.70999,273.14999,273.70099,419243,0,0
2026-02-10 17:45:00,273.72,274.10999,273.68011,274.09,383600,0,0
2026-02-10 18:00:00,274.10501,274.17999,273.79999,273.98001,306470,0,0
2026-02-10 18:15:00,273.98999,274.19,273.39999,274.05499,537280,0,0
2026-02-10 18:30:00,274.05499,274.26999,273.8718,274.22501,383430,0,0
2026-02-10 18:45:00,274.22,274.26001,273.6701,273.92999,339390,0,0
2026-02-10 19:00:00,273.95001,274.10999,273.72,274.0,350735,0,0
2026-02-10 19:15:00,273.95999,274.06,273.66,273.965,298385,0,0
2026-02-10 19:30:00,273.97,274.07001,273.60001,273.73999,362399,0,0
2026-02-10 19:45:00,273.75,274.03,273.51999,274.03,383923,0,0
2026-02-10 20:00:00,274.01001,274.22,273.73001,274.14001,361781,0,0
2026-02-10 20:15:00,274.14999,274.29999,273.89001,274.07001,407541,0,0
2026-02-10 20:30:00,274.07999,274.38,273.97,274.25,437676,0,0
2026-02-10 20:45:00,274.29001,274.48999,273.31,273.79001,8961727,0,0
2026-02-11 14:30:00,274.69501,276.82999,274.45001,275.60001,5691798,0,0
2026-02-11 14:45:00,275.59,277.44,275.54001,276.39999,1481822,0,0
2026-02-11 15:00:00,276.41,277.03,275.76999,276.285,1050726,0,0
2026-02-11 15:15:00,276.29001,277.25,275.75,277.05011,1272610,0,0
2026-02-11 15:30:00,277.10001,279.04999,277.04001,278.13,1624504,0,0
2026-02-11 15:45:00,278.16501,279.905,277.98001,279.755,1202585,0,0
2026-02-11 16:00:00,279.755,279.98001,278.81,279.67499,1070854,0,0
2026-02-11 16:15:00,279.67001,279.97,278.17499,278.19,798613,0,0
2026-02-11 16:30:00,278.19,279.20499,278.16,279.01999,639195,0,0
2026-02-11 16:45:00,279.035,279.10001,278.28,278.35001,444629,0,0
2026-02-11 17:00:00,278.34,279.10999,278.17999,278.70001,624464,0,0
2026-02-11 17:15:00,278.73001,280.17999,278.715,279.94501,976808,0,0
2026-02-11 17:30:00,279.9104,280.14999,279.39999,279.76001,523365,0,0
2026-02-11 17:45:00,279.75,280.10001,279.35999,279.42001,469905,0,0
2026-02-11 18:00:00,279.42001,279.69,278.5,278.67001,480200,0,0
2026-02-11 18:15:00,278.66,279.16501,278.565,278.95999,419627,0,0
2026-02-11 18:30:00,278.935,279.07001,278.62,278.81989,363689,0,0
2026-02-11 18:45:00,278.81921,279.01001,278.67001,278.89261,365769,0,0
2026-02-11 19:00:00,278.89999,279.03,278.5,278.85999,524308,0,0
2026-02-11 19:15:00,278.86591,279.67001,278.76001,279.57999,536485,0,0
2026-02-11 19:30:00,279.57999,279.59,278.57999,278.87,499321,0,0
2026-02-11 19:45:00,278.85001,278.89001,274.81061,276.59,3821435,0,0
2026-02-11 20:00:00,276.57999,277.29001,276.17001,276.24271,1109229,0,0
2026-02-11 20:15:00,276.23001,276.28769,275.01999,276.04999,1169682,0,0
2026-02-11 20:30:00,276.01001,276.54999,275.85999,276.27499,744371,0,0
2026-02-11 20:45:00,276.2814,276.35001,275.45999,275.54001,2186877,0,0
2026-02-12 14:30:00,275.60001,275.72,271.91,272.04001,3399573,0,0
2026-02-12 14:45:00,271.98001,273.0,271.54999,272.16,1336733,0,0
2026-02-12 15:00:00,272.16,272.23001,270.06,270.255,1734081,0,0
2026-02-12 15:15:00,270.26001,271.75,270.255,271.25,1405441,0,0
2026-02-12 15:30:00,271.26001,271.75,270.89999,270.9288,865645,0,0
2026-02-12 15:45:00,270.88959,271.185,268.13,268.17999,1550488,0,0
2026-02-12 16:00:00,268.173,268.23999,267.39001,267.95999,1435469,0,0
2026-02-12 16:15:00,267.92999,267.94,266.14999,266.17001,1553934,0,0
2026-02-12 16:30:00,266.19,267.04001,265.57001,265.60999,1689751,0,0
2026-02-12 16:45:00,265.595,265.97,264.62,265.42999,1270934,0,0
2026-02-12 17:00:00,265.44421,265.85001,264.62,264.73999,979431,0,0
2026-02-12 17:15:00,264.73001,264.85999,264.42001,264.60001,777285,0,0
2026-02-12 17:30:00,264.57001,264.64999,263.39999,263.54001,1342357,0,0
2026-02-12 17:45:00,263.56,263.57999,261.53,261.77899,1650508,0,0
2026-02-12 18:00:00,261.79001,262.97989,260.86011,260.89001,2431940,0,0
2026-02-12 18:15:00,260.89011,262.48001,260.17999,262.32999,1722501,0,0
2026-02-12 18:30:00,262.31,262.57501,261.5,262.32001,1023482,0,0
2026-02-12 18:45:00,262.32001,262.39001,261.23001,261.73499,1017038,0,0
2026-02-12 19:00:00,261.70999,262.12,261.28,261.33679,933935,0,0
2026-02-12 19:15:00,261.35999,262.67001,261.35001,261.78,1033239,0,0
2026-02-12 19:30:00,261.76999,262.1611,261.48001,261.64001,903671,0,0
2026-02-12 19:45:00,261.66,262.44,261.51001,262.04999,1002772,0,0
2026-02-12 20:00:00,262.06,262.48999,261.60001,262.0,952586,0,0
2026-02-12 20:15:00,262.005,262.03,261.10001,261.48999,1059313,0,0
2026-02-12 20:30:00,261.48001,261.72,260.70001,260.75,18366301,0,0
2026-02-12 20:45:00,260.745,262.51001,260.28,261.59,4361314,0,0
2026-02-13 14:30:00,262.01001,262.23001,258.79999,259.51999,5998022,0,0
2026-02-13 14:45:00,259.51001,260.98001,258.82001,259.32999,1631418,0,0
2026-02-13 15:00:00,259.31,260.70001,258.88,260.01999,1218850,0,0
2026-02-13 15:15:00,260.04999,260.82001,259.32001,260.595,954964,0,0
2026-02-13 15:30:00,260.57999,261.48999,259.45001,259.48959,1041244,0,0
2026-02-13 15:45:00,259.57001,259.84,258.37,259.39001,917549,0,0
2026-02-13 16:00:00,259.42999,259.76001,258.94,259.33499,777148,0,0
2026-02-13 16:15:00,259.345,259.78,258.69501,259.28751,661458,0,0
2026-02-13 16:30:00,259.29849,259.62,258.60001,259.45001,651923,0,0
2026-02-13 16:45:00,259.48001,259.78,259.14999,259.17999,558760,0,0
2026-02-13 17:00:00,259.20001,259.87,258.89001,259.845,499412,0,0
2026-02-13 17:15:00,259.85999,260.20999,259.59,259.59,605411,0,0
2026-02-13 17:30:00,259.59,260.26999,259.5,260.10001,581671,0,0
2026-02-13 17:45:00,260.12,260.17999,259.02499,259.04501,831719,0,0
2026-02-13 18:00:00,259.04501,259.20001,258.76999,259.06,582278,0,0
2026-02-13 18:15:00,259.04999,259.48999,258.79999,258.91,6637784,0,0
2026-02-13 18:30:00,258.94,259.20001,258.79999,258.97299,505503,0,0
2026-02-13 18:45:00,258.98499,259.31,258.57999,258.70001,832506,0,0
2026-02-13 19:00:00,258.71011,259.01999,258.60001,258.82001,552100,0,0
2026-02-13 19:15:00,258.81009,258.98001,258.28,258.45999,7167853,0,0
2026-02-13 19:30:00,258.48001,258.59,257.96011,258.0452,686220,0,0
2026-02-13 19:45:00,258.03,258.73001,257.92999,258.10999,629729,0,0
2026-02-13 20:00:00,258.10501,258.53989,257.51999,257.51999,1012689,0,0
2026-02-13 20:15:00,257.54001,257.70001,255.81731,255.91,1650654,0,0
2026-02-13 20:30:00,255.91,256.20999,255.45,255.875,1930916,0,0
2026-02-13 20:45:00,255.88,256.66,255.59,255.82001,4790010,0,0
