datetime,0
2026-01-08 17:54:00,1.0
2026-01-08 17:55:00,1.0
2026-01-08 17:56:00,1.0
2026-01-08 17:57:00,1.0
2026-01-08 17:58:00,1.0
2026-01-08 17:59:00,1.0
2026-01-08 18:00:00,1.0
2026-01-08 18:01:00,1.0
2026-01-08 18:02:00,1.0
2026-01-08 18:03:00,1.0
2026-01-08 18:04:00,1.0
2026-01-08 18:05:00,1.0
2026-01-08 18:06:00,1.0
2026-01-08 18:07:00,1.0
2026-01-08 18:08:00,1.0
2026-01-08 18:09:00,1.0
2026-01-08 18:10:00,1.0
2026-01-08 18:11:00,1.0
2026-01-08 18:12:00,1.0
2026-01-08 18:13:00,1.0
2026-01-08 18:14:00,1.0
2026-01-08 18:15:00,1.0
2026-01-08 18:16:00,1.0
2026-01-08 18:17:00,1.0
2026-01-08 18:18:00,1.0
2026-01-08 18:19:00,1.0
2026-01-08 18:20:00,1.0
2026-01-08 18:21:00,1.0
2026-01-08 18:26:00,1.0
2026-01-08 18:27:00,1.0
2026-01-08 18:28:00,1.0
2026-01-08 18:29:00,1.0
2026-01-08 18:30:00,1.0
2026-01-08 18:31:00,1.0
2026-01-08 18:32:00,1.0
2026-01-08 18:33:00,1.0
2026-01-08 18:34:00,1.0
2026-01-08 18:35:00,1.0
2026-01-08 18:36:00,1.0
2026-01-08 18:37:00,1.0
2026-01-08 18:38:00,1.0
2026-01-08 18:39:00,1.0
2026-01-08 18:40:00,1.0
2026-01-08 18:41:00,1.0
2026-01-08 18:42:00,1.0
2026-01-08 18:43:00,1.0
2026-01-08 18:44:00,1.0
2026-01-08 18:45:00,1.0
2026-01-08 18:46:00,1.0
2026-01-08 18:47:00,1.0
2026-01-08 18:48:00,1.0
2026-01-08 18:49:00,1.0
2026-01-08 18:50:00,1.0
2026-01-08 18:51:00,1.0
2026-01-08 18:52:00,1.0
2026-01-08 18:53:00,1.0
2026-01-08 18:54:00,1.0
2026-01-08 18:55:00,1.0
2026-01-08 18:56:00,1.0
2026-01-08 18:57:00,1.0
2026-01-08 18:58:00,1.0
2026-01-08 18:59:00,1.0
2026-01-08 19:00:00,1.0
2026-01-08 19:01:00,1.0
2026-01-08 19:02:00,1.0
2026-01-08 19:03:00,1.0
2026-01-08 19:04:00,1.0
2026-01-08 19:05:00,1.0
2026-01-08 19:06:00,1.0
2026-01-08 19:07:00,1.0
2026-01-08 19:08:00,1.0
2026-01-08 19:09:00,1.0
2026-01-08 19:10:00,1.0
2026-01-08 19:11:00,1.0
2026-01-08 19:12:00,1.0
2026-01-08 19:13:00,1.0
2026-01-08 19:14:00,1.0
2026-01-08 19:15:00,1.0
2026-01-08 19:16:00,1.0
2026-01-08 19:17:00,1.0
2026-01-08 19:18:00,1.0
2026-01-08 19:19:00,1.0
2026-01-08 19:20:00,1.0
2026-01-08 19:21:00,1.0
2026-01-08 19:22:00,1.0
2026-01-08 19:23:00,1.0
2026-01-08 19:24:00,1.0
2026-01-08 19:25:00,1.0
2026-01-08 19:26:00,1.0
2026-01-08 19:27:00,1.0
2026-01-08 19:28:00,1.0
2026-01-08 19:29:00,1.0
2026-01-08 19:30:00,1.0
2026-01-08 19:31:00,1.0
2026-01-08 19:32:00,1.0
2026-01-08 19:33:00,1.0
2026-01-08 19:34:00,1.0
2026-01-08 19:35:00,1.0
2026-01-08 19:36:00,1.0
2026-01-08 19:37:00,1.0
2026-01-08 19:38:00,1.0
2026-01-08 19:39:00,1.0
2026-01-08 19:40:00,1.0
2026-01-08 19:41:00,1.0
2026-01-08 19:42:00,1.0
2026-01-08 19:43:00,1.0
2026-01-08 19:44:00,1.0
2026-01-08 19:45:00,1.0
2026-01-08 19:46:00,1.0
2026-01-08 19:47:00,1.0
2026-01-08 19:48:00,1.0
2026-01-08 19:49:00,1.0
2026-01-08 19:50:00,1.0
2026-01-08 19:51:00,1.0
2026-01-08 19:52:00,1.0
2026-01-08 19:53:00,1.0
2026-01-08 19:54:00,1.0
2026-01-08 19:55:00,1.0
2026-01-08 19:56:00,1.0
2026-01-08 19:57:00,1.0
2026-01-08 19:58:00,1.0
2026-01-08 19:59:00,1.0
2026-01-08 20:00:00,1.0
2026-01-08 20:01:00,1.0
2026-01-08 20:02:00,1.0
2026-01-08 20:06:00,1.0
2026-01-08 20:07:00,1.0
2026-01-08 20:08:00,1.0
2026-01-08 20:09:00,1.0
2026-01-08 20:10:00,1.0
2026-01-08 20:11:00,1.0
2026-01-08 20:12:00,1.0
2026-01-08 20:13:00,1.0
2026-01-08 20:14:00,1.0
2026-01-08 20:15:00,1.0
2026-01-08 20:16:00,1.0
2026-01-08 20:17:00,1.0
2026-01-08 20:18:00,1.0
2026-01-08 20:19:00,1.0
2026-01-08 20:20:00,1.0
2026-01-08 20:21:00,1.0
2026-01-08 20:22:00,1.0
2026-01-08 20:23:00,1.0
2026-01-08 20:24:00,1.0
2026-01-08 20:25:00,1.0
2026-01-08 20:26:00,1.0
2026-01-08 20:30:00,1.0
2026-01-08 20:31:00,1.0
2026-01-08 20:32:00,1.0
2026-01-08 20:33:00,1.0
2026-01-08 20:34:00,1.0
2026-01-08 20:35:00,1.0
2026-01-08 20:36:00,1.0
2026-01-08 20:37:00,1.0
2026-01-08 20:38:00,1.0
2026-01-08 20:39:00,1.0
2026-01-08 20:40:00,1.0
2026-01-08 20:41:00,1.0
2026-01-08 20:42:00,1.0
2026-01-08 20:43:00,1.0
2026-01-08 20:44:00,1.0
2026-01-08 20:45:00,1.0
2026-01-08 20:46:00,1.0
2026-01-08 20:47:00,1.0
2026-01-08 20:48:00,1.0
2026-01-08 20:49:00,1.0
2026-01-08 20:50:00,1.0
2026-01-08 20:51:00,1.0
2026-01-08 20:52:00,1.0
2026-01-08 20:53:00,1.0
2026-01-08 20:54:00,1.0
2026-01-08 20:55:00,1.0
2026-01-08 20:56:00,1.0
2026-01-08 20:57:00,1.0
2026-01-09 14:30:00,1.0
2026-01-09 14:31:00,1.0
2026-01-09 14:32:00,1.0
2026-01-09 14:33:00,1.0
2026-01-09 14:34:00,1.0
2026-01-09 14:35:00,1.0
2026-01-09 14:36:00,1.0
2026-01-09 14:37:00,1.0
2026-01-09 14:38:00,1.0
2026-01-09 14:39:00,1.0
2026-01-09 14:40:00,1.0
2026-01-09 14:41:00,1.0
2026-01-09 14:42:00,1.0
2026-01-09 14:43:00,1.0
2026-01-09 14:44:00,1.0
2026-01-09 14:45:00,1.0
2026-01-09 14:46:00,1.0
2026-01-09 14:47:00,1.0
2026-01-09 14:48:00,1.0
2026-01-09 14:49:00,1.0
2026-01-09 14:50:00,1.0
2026-01-09 14:51:00,1.0
2026-01-09 14:52:00,1.0
2026-01-09 14:53:00,1.0
2026-01-09 14:54:00,1.0
2026-01-09 14:55:00,1.0
2026-01-09 14:56:00,1.0
2026-01-09 14:57:00,1.0
2026-01-09 14:58:00,1.0
2026-01-09 14:59:00,1.0
2026-01-09 15:00:00,1.0
2026-01-09 15:01:00,1.0
2026-01-09 15:02:00,1.0
2026-01-09 15:03:00,1.0
2026-01-09 15:04:00,1.0
2026-01-09 15:05:00,1.0
2026-01-09 15:06:00,1.0
2026-01-09 15:07:00,1.0
2026-01-09 15:08:00,1.0
2026-01-09 15:09:00,1.0
2026-01-09 15:10:00,1.0
2026-01-09 15:11:00,1.0
2026-01-09 15:12:00,1.0
2026-01-09 15:13:00,1.0
2026-01-09 15:14:00,1.0
2026-01-09 15:15:00,1.0
2026-01-09 15:16:00,1.0
2026-01-09 15:17:00,1.0
2026-01-09 15:18:00,1.0
2026-01-09 15:19:00,1.0
2026-01-09 15:20:00,1.0
2026-01-09 15:21:00,1.0
2026-01-09 15:22:00,1.0
2026-01-09 15:23:00,1.0
2026-01-09 15:24:00,1.0
2026-01-09 15:25:00,1.0
2026-01-09 15:26:00,1.0
2026-01-09 15:27:00,1.0
2026-01-09 15:28:00,1.0
2026-01-09 15:29:00,1.0
2026-01-09 15:30:00,1.0
2026-01-09 15:31:00,1.0
2026-01-09 15:32:00,1.0
2026-01-09 15:33:00,1.0
2026-01-09 15:34:00,1.0
2026-01-09 15:35:00,1.0
2026-01-09 15:36:00,1.0
2026-01-09 15:37:00,1.0
2026-01-09 15:38:00,1.0
2026-01-09 15:39:00,1.0
2026-01-09 15:40:00,1.0
2026-01-09 15:41:00,1.0
2026-01-09 15:42:00,1.0
2026-01-09 15:43:00,1.0
2026-01-09 15:44:00,1.0
2026-01-09 15:45:00,1.0
2026-01-09 15:46:00,1.0
2026-01-09 15:47:00,1.0
2026-01-09 15:48:00,1.0
2026-01-09 15:49:00,1.0
2026-01-09 15:50:00,1.0
2026-01-09 15:51:00,1.0
2026-01-09 15:52:00,1.0
2026-01-09 15:53:00,1.0
2026-01-09 15:54:00,1.0
2026-01-09 15:55:00,1.0
2026-01-09 15:56:00,1.0
2026-01-09 15:57:00,1.0
2026-01-09 15:58:00,1.0
2026-01-09 15:59:00,1.0
2026-01-09 16:00:00,1.0
2026-01-09 16:01:00,1.0
2026-01-09 16:02:00,1.0
2026-01-09 16:03:00,1.0
2026-01-09 16:04:00,1.0
2026-01-09 16:05:00,1.0
2026-01-09 16:06:00,1.0
2026-01-09 16:07:00,1.0
2026-01-09 16:08:00,1.0
2026-01-09 16:09:00,1.0
2026-01-09 16:10:00,1.0
2026-01-09 16:11:00,1.0
2026-01-09 16:12:00,1.0
2026-01-09 16:13:00,1.0
2026-01-09 16:14:00,1.0
2026-01-09 16:15:00,1.0
2026-01-09 16:16:00,1.0
2026-01-09 16:17:00,1.0
2026-01-09 16:18:00,1.0
2026-01-09 16:19:00,1.0
2026-01-09 16:20:00,1.0
2026-01-09 16:21:00,1.0
2026-01-09 16:22:00,1.0
2026-01-09 16:23:00,1.0
2026-01-09 16:24:00,1.0
2026-01-09 16:25:00,1.0
2026-01-09 16:26:00,1.0
2026-01-09 16:27:00,1.0
2026-01-09 16:28:00,1.0
2026-01-09 16:29:00,1.0
2026-01-09 16:30:00,1.0
2026-01-09 16:31:00,1.0
2026-01-09 16:32:00,1.0
2026-01-09 16:33:00,1.0
2026-01-09 16:34:00,1.0
2026-01-09 16:35:00,1.0
2026-01-09 16:36:00,1.0
2026-01-09 16:37:00,1.0
2026-01-09 16:38:00,1.0
2026-01-09 16:39:00,1.0
2026-01-09 16:40:00,1.0
2026-01-09 16:41:00,1.0
2026-01-09 16:42:00,1.0
2026-01-09 16:43:00,1.0
2026-01-09 16:44:00,1.0
2026-01-09 16:45:00,1.0
2026-01-09 16:46:00,1.0
2026-01-09 16:47:00,1.0
2026-01-09 16:48:00,1.0
2026-01-09 16:49:00,1.0
2026-01-09 16:50:00,1.0
2026-01-09 16:51:00,1.0
2026-01-09 16:52:00,1.0
2026-01-09 16:53:00,1.0
2026-01-09 16:54:00,1.0
2026-01-09 16:55:00,1.0
2026-01-09 16:56:00,1.0
2026-01-09 16:57:00,1.0
2026-01-09 16:58:00,1.0
2026-01-09 16:59:00,1.0
2026-01-09 17:00:00,1.0
2026-01-09 17:01:00,1.0
2026-01-09 17:02:00,1.0
2026-01-09 17:03:00,1.0
2026-01-09 17:04:00,1.0
2026-01-09 17:05:00,1.0
2026-01-09 17:06:00,1.0
2026-01-09 17:07:00,1.0
2026-01-09 17:08:00,1.0
2026-01-09 17:09:00,1.0
2026-01-09 17:10:00,1.0
2026-01-09 17:11:00,1.0
2026-01-09 17:12:00,1.0
2026-01-09 17:13:00,1.0
2026-01-09 17:14:00,1.0
2026-01-09 17:15:00,1.0
2026-01-09 17:16:00,1.0
2026-01-09 17:17:00,1.0
2026-01-09 17:18:00,1.0
2026-01-09 17:19:00,1.0
2026-01-09 17:20:00,1.0
2026-01-09 17:21:00,1.0
2026-01-09 17:22:00,1.0
2026-01-09 17:23:00,1.0
2026-01-09 17:24:00,1.0
2026-01-09 17:25:00,1.0
2026-01-09 17:28:00,1.0
2026-01-09 17:29:00,1.0
2026-01-09 17:30:00,1.0
2026-01-09 17:31:00,1.0
2026-01-09 17:32:00,1.0
2026-01-09 17:33:00,1.0
2026-01-09 17:34:00,1.0
2026-01-09 17:35:00,1.0
2026-01-09 17:36:00,1.0
2026-01-09 17:37:00,1.0
2026-01-09 17:38:00,1.0
2026-01-09 17:39:00,1.0
2026-01-09 17:40:00,1.0
2026-01-09 17:41:00,1.0
2026-01-09 17:42:00,1.0
2026-01-09 17:43:00,1.0
2026-01-09 17:44:00,1.0
2026-01-09 17:45:00,1.0
2026-01-09 17:46:00,1.0
2026-01-09 17:47:00,1.0
2026-01-09 17:48:00,1.0
2026-01-09 17:49:00,1.0
2026-01-09 17:50:00,1.0
2026-01-09 17:51:00,1.0
2026-01-09 17:52:00,1.0
2026-01-09 17:53:00,1.0
2026-01-09 17:54:00,1.0
2026-01-09 17:55:00,1.0
2026-01-09 17:56:00,1.0
2026-01-09 17:57:00,1.0
2026-01-09 17:58:00,1.0
2026-01-09 17:59:00,1.0
2026-01-09 18:00:00,1.0
2026-01-09 18:01:00,1.0
2026-01-09 18:02:00,1.0
2026-01-09 18:03:00,1.0
2026-01-09 18:04:00,1.0
2026-01-09 18:05:00,1.0
2026-01-09 18:06:00,1.0
2026-01-09 18:07:00,1.0
2026-01-09 18:08:00,1.0
2026-01-09 18:09:00,1.0
2026-01-09 18:10:00,1.0
2026-01-09 18:11:00,1.0
2026-01-09 18:12:00,1.0
2026-01-09 18:13:00,1.0
2026-01-09 18:14:00,1.0
2026-01-09 18:15:00,1.0
2026-01-09 18:16:00,1.0
2026-01-09 18:17:00,1.0
2026-01-09 18:18:00,1.0
2026-01-09 18:19:00,1.0
2026-01-09 18:20:00,1.0
2026-01-09 18:21:00,1.0
2026-01-09 18:22:00,1.0
2026-01-09 18:23:00,1.0
2026-01-09 18:24:00,1.0
2026-01-09 18:25:00,1.0
2026-01-09 18:26:00,1.0
2026-01-09 18:27:00,1.0
2026-01-09 18:28:00,1.0
2026-01-09 18:29:00,1.0
2026-01-09 18:30:00,1.0
2026-01-09 18:31:00,1.0
2026-01-09 18:32:00,1.0
2026-01-09 18:33:00,1.0
2026-01-09 18:34:00,1.0
2026-01-09 18:35:00,1.0
2026-01-09 18:36:00,1.0
2026-01-09 18:37:00,1.0
2026-01-09 18:38:00,1.0
2026-01-09 18:39:00,1.0
2026-01-09 18:40:00,1.0
2026-01-09 18:41:00,1.0
2026-01-09 18:42:00,1.0
2026-01-09 18:43:00,1.0
2026-01-09 18:44:00,1.0
2026-01-09 18:45:00,1.0
2026-01-09 18:46:00,1.0
2026-01-09 18:47:00,1.0
2026-01-09 18:48:00,1.0
2026-01-09 18:49:00,1.0
2026-01-09 18:50:00,1.0
2026-01-09 18:51:00,1.0
2026-01-09 18:52:00,1.0
2026-01-09 18:53:00,1.0
2026-01-09 18:54:00,1.0
2026-01-09 18:55:00,1.0
2026-01-09 18:56:00,1.0
2026-01-09 18:57:00,1.0
2026-01-09 18:58:00,1.0
2026-01-09 18:59:00,1.0
2026-01-09 19:00:00,1.0
2026-01-09 19:02:00,1.0
2026-01-09 19:03:00,1.0
2026-01-09 19:04:00,1.0
2026-01-09 19:05:00,1.0
2026-01-09 19:06:00,1.0
2026-01-09 19:07:00,1.0
2026-01-09 19:08:00,1.0
2026-01-09 19:09:00,1.0
2026-01-09 19:10:00,1.0
2026-01-09 19:11:00,1.0
2026-01-09 19:12:00,1.0
2026-01-09 19:13:00,1.0
2026-01-09 19:14:00,1.0
2026-01-09 19:15:00,1.0
2026-01-09 19:16:00,1.0
2026-01-09 19:17:00,1.0
2026-01-09 19:18:00,1.0
2026-01-09 19:19:00,1.0
2026-01-09 19:20:00,1.0
2026-01-09 19:27:00,1.0
2026-01-09 19:28:00,1.0
2026-01-09 19:29:00,1.0
2026-01-09 19:30:00,1.0
2026-01-09 19:31:00,1.0
2026-01-09 19:32:00,1.0
2026-01-09 19:33:00,1.0
2026-01-09 19:34:00,1.0
2026-01-09 19:35:00,1.0
2026-01-09 19:36:00,1.0
2026-01-09 19:37:00,1.0
2026-01-09 19:38:00,1.0
2026-01-09 19:39:00,1.0
2026-01-09 19:40:00,1.0
2026-01-09 19:41:00,1.0
2026-01-09 19:42:00,1.0
2026-01-09 19:43:00,1.0
2026-01-09 19:44:00,1.0
2026-01-09 19:45:00,1.0
2026-01-09 19:46:00,1.0
2026-01-09 19:47:00,1.0
2026-01-09 19:48:00,1.0
2026-01-09 19:49:00,1.0
2026-01-09 19:50:00,1.0
2026-01-09 19:51:00,1.0
2026-01-09 19:52:00,1.0
2026-01-09 19:53:00,1.0
2026-01-09 19:54:00,1.0
2026-01-09 19:55:00,1.0
2026-01-09 19:56:00,1.0
2026-01-09 19:57:00,1.0
2026-01-09 19:58:00,1.0
2026-01-09 19:59:00,1.0
2026-01-09 20:00:00,1.0
2026-01-09 20:01:00,1.0
2026-01-09 20:02:00,1.0
2026-01-09 20:03:00,1.0
2026-01-09 20:04:00,1.0
2026-01-09 20:05:00,1.0
2026-01-09 20:06:00,1.0
2026-01-09 20:07:00,1.0
2026-01-09 20:08:00,1.0
2026-01-09 20:09:00,1.0
2026-01-09 20:10:00,1.0
2026-01-09 20:11:00,1.0
2026-01-09 20:12:00,1.0
2026-01-09 20:13:00,1.0
2026-01-09 20:14:00,1.0
2026-01-09 20:15:00,1.0
2026-01-09 20:16:00,1.0
2026-01-09 20:17:00,1.0
2026-01-09 20:18:00,1.0
2026-01-09 20:19:00,1.0
2026-01-09 20:20:00,1.0
2026-01-09 20:21:00,1.0
2026-01-09 20:22:00,1.0
2026-01-09 20:23:00,1.0
2026-01-09 20:24:00,1.0
2026-01-09 20:25:00,1.0
2026-01-09 20:26:00,1.0
2026-01-09 20:27:00,1.0
2026-01-09 20:28:00,1.0
2026-01-09 20:29:00,1.0
2026-01-09 20:30:00,1.0
2026-01-09 20:31:00,1.0
2026-01-09 20:32:00,1.0
2026-01-09 20:33:00,1.0
2026-01-09 20:34:00,1.0
2026-01-09 20:35:00,1.0
2026-01-09 20:36:00,1.0
2026-01-09 20:37:00,1.0
2026-01-09 20:38:00,1.0
2026-01-09 20:39:00,1.0
2026-01-09 20:40:00,1.0
2026-01-09 20:41:00,1.0
2026-01-09 20:42:00,1.0
2026-01-09 20:43:00,1.0
2026-01-09 20:44:00,1.0
2026-01-09 20:45:00,1.0
2026-01-09 20:46:00,1.0
2026-01-09 20:47:00,1.0
2026-01-09 20:48:00,1.0
2026-01-09 20:49:00,1.0
2026-01-09 20:50:00,1.0
2026-01-09 20:51:00,1.0
2026-01-09 20:52:00,1.0
2026-01-09 20:53:00,1.0
2026-01-09 20:54:00,1.0
2026-01-09 20:55:00,1.0
2026-01-09 20:56:00,1.0
2026-01-09 20:57:00,1.0
2026-01-09 20:58:00,1.0
2026-01-09 20:59:00,1.0
2026-01-12 14:30:00,1.0
2026-01-12 14:31:00,1.0
2026-01-12 14:32:00,1.0
2026-01-12 14:33:00,1.0
2026-01-12 14:34:00,1.0
2026-01-12 14:35:00,1.0
2026-01-12 14:36:00,1.0
2026-01-12 14:37:00,1.0
2026-01-12 14:38:00,1.0
2026-01-12 14:39:00,1.0
2026-01-12 14:40:00,1.0
2026-01-12 14:41:00,1.0
2026-01-12 14:42:00,1.0
2026-01-12 14:43:00,1.0
2026-01-12 14:44:00,1.0
2026-01-12 14:45:00,1.0
2026-01-12 14:46:00,1.0
2026-01-12 14:47:00,1.0
2026-01-12 14:48:00,1.0
2026-01-12 14:49:00,1.0
2026-01-12 14:50:00,1.0
2026-01-12 14:51:00,1.0
2026-01-12 14:52:00,1.0
2026-01-12 14:53:00,1.0
2026-01-12 14:54:00,1.0
2026-01-12 14:55:00,1.0
2026-01-12 14:56:00,1.0
2026-01-12 14:57:00,1.0
2026-01-12 14:58:00,1.0
2026-01-12 14:59:00,1.0
2026-01-12 15:00:00,1.0
2026-01-12 15:01:00,1.0
2026-01-12 15:02:00,1.0
2026-01-12 15:03:00,1.0
2026-01-12 15:04:00,1.0
2026-01-12 15:05:00,1.0
2026-01-12 15:06:00,1.0
2026-01-12 15:07:00,1.0
2026-01-12 15:08:00,1.0
2026-01-12 15:09:00,1.0
2026-01-12 15:10:00,1.0
2026-01-12 15:11:00,1.0
2026-01-12 15:12:00,1.0
2026-01-12 15:13:00,1.0
2026-01-12 15:14:00,1.0
2026-01-12 15:15:00,1.0
2026-01-12 15:16:00,1.0
2026-01-12 15:17:00,1.0
2026-01-12 15:18:00,1.0
2026-01-12 15:19:00,1.0
2026-01-12 15:20:00,1.0
2026-01-12 15:21:00,1.0
2026-01-12 15:22:00,1.0
2026-01-12 15:23:00,1.0
2026-01-12 15:24:00,1.0
2026-01-12 15:25:00,1.0
2026-01-12 15:26:00,1.0
2026-01-12 15:27:00,1.0
2026-01-12 15:28:00,1.0
2026-01-12 15:29:00,1.0
2026-01-12 15:30:00,1.0
2026-01-12 15:31:00,1.0
2026-01-12 15:32:00,1.0
2026-01-12 15:33:00,1.0
2026-01-12 15:34:00,1.0
2026-01-12 15:35:00,1.0
2026-01-12 15:36:00,1.0
2026-01-12 15:37:00,1.0
2026-01-12 15:38:00,1.0
2026-01-12 15:39:00,1.0
2026-01-12 15:40:00,1.0
2026-01-12 15:41:00,1.0
2026-01-12 15:42:00,1.0
2026-01-12 15:43:00,1.0
2026-01-12 15:44:00,1.0
2026-01-12 15:45:00,1.0
2026-01-12 15:46:00,1.0
2026-01-12 15:47:00,1.0
2026-01-12 15:48:00,1.0
2026-01-12 15:49:00,1.0
2026-01-12 15:50:00,1.0
2026-01-12 15:51:00,1.0
2026-01-12 15:52:00,1.0
2026-01-12 15:53:00,1.0
2026-01-12 15:54:00,1.0
2026-01-12 15:55:00,1.0
2026-01-12 15:56:00,1.0
2026-01-12 15:57:00,1.0
2026-01-12 15:58:00,1.0
2026-01-12 15:59:00,1.0
2026-01-12 16:00:00,1.0
2026-01-12 16:01:00,1.0
2026-01-12 16:02:00,1.0
2026-01-12 16:03:00,1.0
2026-01-12 16:04:00,1.0
2026-01-12 16:05:00,1.0
2026-01-12 16:06:00,1.0
2026-01-12 16:07:00,1.0
2026-01-12 16:08:00,1.0
2026-01-12 16:09:00,1.0
2026-01-12 16:10:00,1.0
2026-01-12 16:11:00,1.0
2026-01-12 16:12:00,1.0
2026-01-12 16:13:00,1.0
2026-01-12 16:14:00,1.0
2026-01-12 16:15:00,1.0
2026-01-12 16:16:00,1.0
2026-01-12 16:17:00,1.0
2026-01-12 16:18:00,1.0
2026-01-12 16:19:00,1.0
2026-01-12 16:20:00,1.0
2026-01-12 16:21:00,1.0
2026-01-12 16:22:00,1.0
2026-01-12 16:23:00,1.0
2026-01-12 16:24:00,1.0
2026-01-12 16:25:00,1.0
2026-01-12 16:26:00,1.0
2026-01-12 16:27:00,1.0
2026-01-12 16:28:00,1.0
2026-01-12 16:29:00,1.0
2026-01-12 16:30:00,1.0
2026-01-12 16:31:00,1.0
2026-01-12 16:32:00,1.0
2026-01-12 16:33:00,1.0
2026-01-12 16:34:00,1.0
2026-01-12 16:35:00,1.0
2026-01-12 16:36:00,1.0
2026-01-12 16:37:00,1.0
2026-01-12 16:38:00,1.0
2026-01-12 16:39:00,1.0
2026-01-12 16:40:00,1.0
2026-01-12 16:41:00,1.0
2026-01-12 16:42:00,1.0
2026-01-12 16:43:00,1.0
2026-01-12 16:44:00,1.0
2026-01-12 16:45:00,1.0
2026-01-12 16:46:00,1.0
2026-01-12 16:47:00,1.0
2026-01-12 16:48:00,1.0
2026-01-12 16:49:00,1.0
2026-01-12 16:50:00,1.0
2026-01-12 16:51:00,1.0
2026-01-12 16:52:00,1.0
2026-01-12 16:53:00,1.0
2026-01-12 16:54:00,1.0
2026-01-12 16:56:00,1.0
2026-01-12 16:57:00,1.0
2026-01-12 16:58:00,1.0
2026-01-12 16:59:00,1.0
2026-01-12 17:00:00,1.0
2026-01-12 17:01:00,1.0
2026-01-12 17:02:00,1.0
2026-01-12 17:03:00,1.0
2026-01-12 17:04:00,1.0
2026-01-12 17:05:00,1.0
2026-01-12 17:06:00,1.0
2026-01-12 17:07:00,1.0
2026-01-12 17:08:00,1.0
2026-01-12 17:09:00,1.0
2026-01-12 17:10:00,1.0
2026-01-12 17:11:00,1.0
2026-01-12 17:12:00,1.0
2026-01-12 17:13:00,1.0
2026-01-12 17:14:00,1.0
2026-01-12 17:15:00,1.0
2026-01-12 17:16:00,1.0
2026-01-12 17:17:00,1.0
2026-01-12 17:18:00,1.0
2026-01-12 17:19:00,1.0
2026-01-12 17:20:00,1.0
2026-01-12 17:21:00,1.0
2026-01-12 17:22:00,1.0
2026-01-12 17:23:00,1.0
2026-01-12 17:24:00,1.0
2026-01-12 17:25:00,1.0
2026-01-12 17:26:00,1.0
2026-01-12 17:27:00,1.0
2026-01-12 17:28:00,1.0
2026-01-12 17:29:00,1.0
2026-01-12 17:30:00,1.0
2026-01-12 17:31:00,1.0
2026-01-12 17:32:00,1.0
2026-01-12 17:33:00,1.0
2026-01-12 17:34:00,1.0
2026-01-12 17:35:00,1.0
2026-01-12 17:36:00,1.0
2026-01-12 17:37:00,1.0
2026-01-12 17:38:00,1.0
2026-01-12 17:39:00,1.0
2026-01-12 17:40:00,1.0
2026-01-12 17:41:00,1.0
2026-01-12 17:42:00,1.0
2026-01-12 17:43:00,1.0
2026-01-12 17:44:00,1.0
2026-01-12 17:45:00,1.0
2026-01-12 17:46:00,1.0
2026-01-12 17:47:00,1.0
2026-01-12 17:48:00,1.0
2026-01-12 17:49:00,1.0
2026-01-12 17:50:00,1.0
2026-01-12 17:51:00,1.0
2026-01-12 17:52:00,1.0
2026-01-12 17:53:00,1.0
2026-01-12 17:54:00,1.0
2026-01-12 17:55:00,1.0
2026-01-12 17:56:00,1.0
2026-01-12 17:57:00,1.0
2026-01-12 17:58:00,1.0
2026-01-12 17:59:00,1.0
2026-01-12 18:00:00,1.0
2026-01-12 18:01:00,1.0
2026-01-12 18:02:00,1.0
2026-01-12 18:03:00,1.0
2026-01-12 18:04:00,1.0
2026-01-12 18:05:00,1.0
2026-01-12 18:06:00,1.0
2026-01-12 18:07:00,1.0
2026-01-12 18:08:00,1.0
2026-01-12 18:09:00,1.0
2026-01-12 18:10:00,1.0
2026-01-12 18:11:00,1.0
2026-01-12 18:12:00,1.0
2026-01-12 18:13:00,1.0
2026-01-12 18:14:00,1.0
2026-01-12 18:15:00,1.0
2026-01-12 18:16:00,1.0
2026-01-12 18:17:00,1.0
2026-01-12 18:18:00,1.0
2026-01-12 18:19:00,1.0
2026-01-12 18:20:00,1.0
2026-01-12 18:21:00,1.0
2026-01-12 18:22:00,1.0
2026-01-12 18:23:00,1.0
2026-01-12 18:24:00,1.0
2026-01-12 18:25:00,1.0
2026-01-12 18:26:00,1.0
2026-01-12 18:27:00,1.0
2026-01-12 18:28:00,1.0
2026-01-12 18:29:00,1.0
2026-01-12 18:30:00,1.0
2026-01-12 18:31:00,1.0
2026-01-12 18:32:00,1.0
2026-01-12 18:33:00,1.0
2026-01-12 18:34:00,1.0
2026-01-12 18:35:00,1.0
2026-01-12 18:36:00,1.0
2026-01-12 18:37:00,1.0
2026-01-12 18:38:00,1.0
2026-01-12 18:39:00,1.0
2026-01-12 18:40:00,1.0
2026-01-12 18:41:00,1.0
2026-01-12 18:42:00,1.0
2026-01-12 18:43:00,1.0
2026-01-12 18:44:00,1.0
2026-01-12 18:45:00,1.0
2026-01-12 18:46:00,1.0
2026-01-12 18:47:00,1.0
2026-01-12 18:48:00,1.0
2026-01-12 18:49:00,1.0
2026-01-12 18:50:00,1.0
2026-01-12 18:51:00,1.0
2026-01-12 18:52:00,1.0
2026-01-12 18:53:00,1.0
2026-01-12 18:54:00,1.0
2026-01-12 18:55:00,1.0
2026-01-12 18:56:00,1.0
2026-01-12 18:57:00,1.0
2026-01-12 18:58:00,1.0
2026-01-12 18:59:00,1.0
2026-01-12 19:00:00,1.0
2026-01-12 19:01:00,1.0
2026-01-12 19:02:00,1.0
2026-01-12 19:03:00,1.0
2026-01-12 19:04:00,1.0
2026-01-12 19:05:00,1.0
2026-01-12 19:06:00,1.0
2026-01-12 19:07:00,1.0
2026-01-12 19:08:00,1.0
2026-01-12 19:09:00,1.0
2026-01-12 19:10:00,1.0
2026-01-12 19:11:00,1.0
2026-01-12 19:12:00,1.0
2026-01-12 19:13:00,1.0
2026-01-12 19:14:00,1.0
2026-01-12 19:15:00,1.0
2026-01-12 19:16:00,1.0
2026-01-12 19:17:00,1.0
2026-01-12 19:18:00,1.0
2026-01-12 19:19:00,1.0
2026-01-12 19:20:00,1.0
2026-01-12 19:21:00,1.0
2026-01-12 19:22:00,1.0
2026-01-12 19:23:00,1.0
2026-01-12 19:24:00,1.0
2026-01-12 19:25:00,1.0
2026-01-12 19:26:00,1.0
2026-01-12 19:27:00,1.0
2026-01-12 19:28:00,1.0
2026-01-12 19:29:00,1.0
2026-01-12 19:30:00,1.0
2026-01-12 19:31:00,1.0
2026-01-12 19:32:00,1.0
2026-01-12 19:33:00,1.0
2026-01-12 19:34:00,1.0
2026-01-12 19:35:00,1.0
2026-01-12 19:36:00,1.0
2026-01-12 19:37:00,1.0
2026-01-12 19:38:00,1.0
2026-01-12 19:39:00,1.0
2026-01-12 19:40:00,1.0
2026-01-12 19:41:00,1.0
2026-01-12 19:42:00,1.0
2026-01-12 19:43:00,1.0
2026-01-12 19:44:00,1.0
2026-01-12 19:45:00,1.0
2026-01-12 19:46:00,1.0
2026-01-12 19:47:00,1.0
2026-01-12 19:48:00,1.0
2026-01-12 19:49:00,1.0
2026-01-12 19:50:00,1.0
2026-01-12 19:51:00,1.0
2026-01-12 19:52:00,1.0
2026-01-12 19:53:00,1.0
2026-01-12 19:54:00,1.0
2026-01-12 19:55:00,1.0
2026-01-12 19:56:00,1.0
2026-01-12 19:57:00,1.0
2026-01-12 19:58:00,1.0
2026-01-12 20:01:00,1.0
2026-01-12 20:02:00,1.0
2026-01-12 20:03:00,1.0
2026-01-12 20:04:00,1.0
2026-01-12 20:05:00,1.0
2026-01-12 20:06:00,1.0
2026-01-12 20:07:00,1.0
2026-01-12 20:08:00,1.0
2026-01-12 20:09:00,1.0
2026-01-12 20:10:00,1.0
2026-01-12 20:11:00,1.0
2026-01-12 20:12:00,1.0
2026-01-12 20:13:00,1.0
2026-01-12 20:14:00,1.0
2026-01-12 20:15:00,1.0
2026-01-12 20:16:00,1.0
2026-01-12 20:17:00,1.0
2026-01-12 20:18:00,1.0
2026-01-12 20:19:00,1.0
2026-01-12 20:20:00,1.0
2026-01-12 20:21:00,1.0
2026-01-12 20:22:00,1.0
2026-01-12 20:23:00,1.0
2026-01-12 20:24:00,1.0
2026-01-12 20:25:00,1.0
2026-01-12 20:26:00,1.0
2026-01-12 20:27:00,1.0
2026-01-12 20:28:00,1.0
2026-01-12 20:29:00,1.0
2026-01-12 20:30:00,1.0
2026-01-12 20:31:00,1.0
2026-01-12 20:32:00,1.0
2026-01-12 20:33:00,1.0
2026-01-12 20:34:00,1.0
2026-01-12 20:35:00,1.0
2026-01-12 20:36:00,1.0
2026-01-12 20:37:00,1.0
2026-01-12 20:38:00,1.0
2026-01-12 20:39:00,1.0
2026-01-12 20:40:00,1.0
2026-01-12 20:41:00,1.0
2026-01-12 20:42:00,1.0
2026-01-12 20:43:00,1.0
2026-01-12 20:44:00,1.0
2026-01-12 20:45:00,1.0
2026-01-12 20:46:00,1.0
2026-01-12 20:47:00,1.0
2026-01-12 20:48:00,1.0
2026-01-12 20:49:00,1.0
2026-01-12 20:50:00,1.0
2026-01-12 20:51:00,1.0
2026-01-12 20:52:00,1.0
2026-01-12 20:53:00,1.0
2026-01-12 20:54:00,1.0
2026-01-12 20:55:00,1.0
2026-01-12 20:56:00,1.0
2026-01-12 20:57:00,1.0
2026-01-12 20:58:00,1.0
2026-01-12 20:59:00,1.0
2026-01-13 14:30:00,1.0
2026-01-13 14:31:00,1.0
2026-01-13 14:32:00,1.0
2026-01-13 14:33:00,1.0
2026-01-13 14:34:00,1.0
2026-01-13 14:35:00,1.0
2026-01-13 14:36:00,1.0
2026-01-13 14:37:00,1.0
2026-01-13 14:38:00,1.0
2026-01-13 14:39:00,1.0
2026-01-13 14:40:00,1.0
2026-01-13 14:41:00,1.0
2026-01-13 14:42:00,1.0
2026-01-13 14:43:00,1.0
2026-01-13 14:44:00,1.0
2026-01-13 14:45:00,1.0
2026-01-13 14:46:00,1.0
2026-01-13 14:47:00,1.0
2026-01-13 14:48:00,1.0
2026-01-13 14:49:00,1.0
2026-01-13 14:50:00,1.0
2026-01-13 14:51:00,1.0
2026-01-13 14:52:00,1.0
2026-01-13 14:53:00,1.0
2026-01-13 14:54:00,1.0
2026-01-13 14:55:00,1.0
2026-01-13 14:56:00,1.0
2026-01-13 14:57:00,1.0
2026-01-13 14:58:00,1.0
2026-01-13 14:59:00,1.0
2026-01-13 15:00:00,1.0
2026-01-13 15:01:00,1.0
2026-01-13 15:02:00,1.0
2026-01-13 15:03:00,1.0
2026-01-13 15:04:00,1.0
2026-01-13 15:05:00,1.0
2026-01-13 15:06:00,1.0
2026-01-13 15:07:00,1.0
2026-01-13 15:08:00,1.0
2026-01-13 15:09:00,1.0
2026-01-13 15:10:00,1.0
2026-01-13 15:11:00,1.0
2026-01-13 15:12:00,1.0
2026-01-13 15:13:00,1.0
2026-01-13 15:14:00,1.0
2026-01-13 15:15:00,1.0
2026-01-13 15:16:00,1.0
2026-01-13 15:17:00,1.0
2026-01-13 15:18:00,1.0
2026-01-13 15:19:00,1.0
2026-01-13 15:20:00,1.0
2026-01-13 15:21:00,1.0
2026-01-13 15:22:00,1.0
2026-01-13 15:23:00,1.0
2026-01-13 15:24:00,1.0
2026-01-13 15:25:00,1.0
2026-01-13 15:26:00,1.0
2026-01-13 15:27:00,1.0
2026-01-13 15:28:00,1.0
2026-01-13 15:29:00,1.0
2026-01-13 15:30:00,1.0
2026-01-13 15:31:00,1.0
2026-01-13 15:32:00,1.0
2026-01-13 15:33:00,1.0
2026-01-13 15:34:00,1.0
2026-01-13 15:35:00,1.0
2026-01-13 15:36:00,1.0
2026-01-13 15:37:00,1.0
2026-01-13 15:38:00,1.0
2026-01-13 15:39:00,1.0
2026-01-13 15:40:00,1.0
2026-01-13 15:41:00,1.0
2026-01-13 15:42:00,1.0
2026-01-13 15:43:00,1.0
2026-01-13 15:44:00,1.0
2026-01-13 15:45:00,1.0
2026-01-13 15:46:00,1.0
2026-01-13 15:47:00,1.0
2026-01-13 15:48:00,1.0
2026-01-13 15:49:00,1.0
2026-01-13 15:50:00,1.0
2026-01-13 15:51:00,1.0
2026-01-13 15:52:00,1.0
2026-01-13 15:53:00,1.0
2026-01-13 15:54:00,1.0
2026-01-13 15:55:00,1.0
2026-01-13 15:56:00,1.0
2026-01-13 15:57:00,1.0
2026-01-13 15:58:00,1.0
2026-01-13 15:59:00,1.0
2026-01-13 16:00:00,1.0
2026-01-13 16:01:00,1.0
2026-01-13 16:02:00,1.0
2026-01-13 16:03:00,1.0
2026-01-13 16:04:00,1.0
2026-01-13 16:05:00,1.0
2026-01-13 16:06:00,1.0
2026-01-13 16:07:00,1.0
2026-01-13 16:08:00,1.0
2026-01-13 16:09:00,1.0
2026-01-13 16:10:00,1.0
2026-01-13 16:11:00,1.0
2026-01-13 16:12:00,1.0
2026-01-13 16:13:00,1.0
2026-01-13 16:14:00,1.0
2026-01-13 16:15:00,1.0
2026-01-13 16:16:00,1.0
2026-01-13 16:17:00,1.0
2026-01-13 16:18:00,1.0
2026-01-13 16:19:00,1.0
2026-01-13 16:20:00,1.0
2026-01-13 16:21:00,1.0
2026-01-13 16:22:00,1.0
2026-01-13 16:23:00,1.0
2026-01-13 16:24:00,1.0
2026-01-13 16:25:00,1.0
2026-01-13 16:26:00,1.0
2026-01-13 16:27:00,1.0
2026-01-13 16:28:00,1.0
2026-01-13 16:29:00,1.0
2026-01-13 16:30:00,1.0
2026-01-13 16:31:00,1.0
2026-01-13 16:32:00,1.0
2026-01-13 16:33:00,1.0
2026-01-13 16:34:00,1.0
2026-01-13 16:35:00,1.0
2026-01-13 16:36:00,1.0
2026-01-13 16:39:00,1.0
2026-01-13 16:40:00,1.0
2026-01-13 16:41:00,1.0
2026-01-13 16:42:00,1.0
2026-01-13 16:43:00,1.0
2026-01-13 16:44:00,1.0
2026-01-13 16:45:00,1.0
2026-01-13 16:46:00,1.0
2026-01-13 16:47:00,1.0
2026-01-13 16:48:00,1.0
2026-01-13 16:49:00,1.0
2026-01-13 16:50:00,1.0
2026-01-13 16:51:00,1.0
2026-01-13 16:52:00,1.0
2026-01-13 16:53:00,1.0
2026-01-13 16:54:00,1.0
2026-01-13 16:55:00,1.0
2026-01-13 16:56:00,1.0
2026-01-13 16:57:00,1.0
2026-01-13 16:58:00,1.0
2026-01-13 16:59:00,1.0
2026-01-13 17:00:00,1.0
2026-01-13 17:01:00,1.0
2026-01-13 17:02:00,1.0
2026-01-13 17:03:00,1.0
2026-01-13 17:04:00,1.0
2026-01-13 17:05:00,1.0
2026-01-13 17:06:00,1.0
2026-01-13 17:07:00,1.0
2026-01-13 17:08:00,1.0
2026-01-13 17:09:00,1.0
2026-01-13 17:10:00,1.0
2026-01-13 17:11:00,1.0
2026-01-13 17:12:00,1.0
2026-01-13 17:13:00,1.0
2026-01-13 17:14:00,1.0
2026-01-13 17:15:00,1.0
2026-01-13 17:16:00,1.0
2026-01-13 17:17:00,1.0
2026-01-13 17:18:00,1.0
2026-01-13 17:19:00,1.0
2026-01-13 17:20:00,1.0
2026-01-13 17:21:00,1.0
2026-01-13 17:22:00,1.0
2026-01-13 17:23:00,1.0
2026-01-13 17:24:00,1.0
2026-01-13 17:25:00,1.0
2026-01-13 17:26:00,1.0
2026-01-13 17:27:00,1.0
2026-01-13 17:28:00,1.0
2026-01-13 17:29:00,1.0
2026-01-13 17:30:00,1.0
2026-01-13 17:31:00,1.0
2026-01-13 17:32:00,1.0
2026-01-13 17:33:00,1.0
2026-01-13 17:34:00,1.0
2026-01-13 17:35:00,1.0
2026-01-13 17:36:00,1.0
2026-01-13 17:37:00,1.0
2026-01-13 17:38:00,1.0
2026-01-13 17:39:00,1.0
2026-01-13 17:40:00,1.0
2026-01-13 17:41:00,1.0
2026-01-13 17:42:00,1.0
2026-01-13 17:43:00,1.0
2026-01-13 17:44:00,1.0
2026-01-13 17:45:00,1.0
2026-01-13 17:46:00,1.0
2026-01-13 17:47:00,1.0
2026-01-13 17:48:00,1.0
2026-01-13 17:49:00,1.0
2026-01-13 17:50:00,1.0
2026-01-13 17:51:00,1.0
2026-01-13 17:52:00,1.0
2026-01-13 17:53:00,1.0
2026-01-13 17:54:00,1.0
2026-01-13 17:55:00,1.0
2026-01-13 17:56:00,1.0
2026-01-13 17:57:00,1.0
2026-01-13 17:58:00,1.0
2026-01-13 17:59:00,1.0
2026-01-13 18:00:00,1.0
2026-01-13 18:01:00,1.0
2026-01-13 18:02:00,1.0
2026-01-13 18:03:00,1.0
2026-01-13 18:04:00,1.0
2026-01-13 18:05:00,1.0
2026-01-13 18:06:00,1.0
2026-01-13 18:07:00,1.0
2026-01-13 18:08:00,1.0
2026-01-13 18:09:00,1.0
2026-01-13 18:10:00,1.0
2026-01-13 18:11:00,1.0
2026-01-13 18:12:00,1.0
2026-01-13 18:13:00,1.0
2026-01-13 18:14:00,1.0
2026-01-13 18:15:00,1.0
2026-01-13 18:16:00,1.0
2026-01-13 18:17:00,1.0
2026-01-13 18:18:00,1.0
2026-01-13 18:19:00,1.0
2026-01-13 18:20:00,1.0
2026-01-13 18:21:00,1.0
2026-01-13 18:22:00,1.0
2026-01-13 18:23:00,1.0
2026-01-13 18:24:00,1.0
2026-01-13 18:25:00,1.0
2026-01-13 18:26:00,1.0
2026-01-13 18:27:00,1.0
2026-01-13 18:28:00,1.0
2026-01-13 18:29:00,1.0
2026-01-13 18:30:00,1.0
2026-01-13 18:31:00,1.0
2026-01-13 18:32:00,1.0
2026-01-13 18:33:00,1.0
2026-01-13 18:34:00,1.0
2026-01-13 18:35:00,1.0
2026-01-13 18:36:00,1.0
2026-01-13 18:37:00,1.0
2026-01-13 18:38:00,1.0
2026-01-13 18:39:00,1.0
2026-01-13 18:40:00,1.0
2026-01-13 18:41:00,1.0
2026-01-13 18:42:00,1.0
2026-01-13 18:43:00,1.0
2026-01-13 18:44:00,1.0
2026-01-13 18:45:00,1.0
2026-01-13 18:46:00,1.0
2026-01-13 18:47:00,1.0
2026-01-13 18:48:00,1.0
2026-01-13 18:49:00,1.0
2026-01-13 18:50:00,1.0
2026-01-13 18:51:00,1.0
2026-01-13 18:52:00,1.0
2026-01-13 18:53:00,1.0
2026-01-13 18:54:00,1.0
2026-01-13 18:55:00,1.0
2026-01-13 18:56:00,1.0
2026-01-13 18:57:00,1.0
2026-01-13 18:58:00,1.0
2026-01-13 18:59:00,1.0
2026-01-13 19:00:00,1.0
2026-01-13 19:01:00,1.0
2026-01-13 19:02:00,1.0
2026-01-13 19:03:00,1.0
2026-01-13 19:04:00,1.0
2026-01-13 19:05:00,1.0
2026-01-13 19:06:00,1.0
2026-01-13 19:07:00,1.0
2026-01-13 19:08:00,1.0
2026-01-13 19:09:00,1.0
2026-01-13 19:10:00,1.0
2026-01-13 19:11:00,1.0
2026-01-13 19:12:00,1.0
2026-01-13 19:13:00,1.0
2026-01-13 19:14:00,1.0
2026-01-13 19:15:00,1.0
2026-01-13 19:16:00,1.0
2026-01-13 19:17:00,1.0
2026-01-13 19:18:00,1.0
2026-01-13 19:19:00,1.0
2026-01-13 19:20:00,1.0
2026-01-13 19:21:00,1.0
2026-01-13 19:22:00,1.0
2026-01-13 19:23:00,1.0
2026-01-13 19:24:00,1.0
2026-01-13 19:25:00,1.0
2026-01-13 19:26:00,1.0
2026-01-13 19:27:00,1.0
2026-01-13 19:28:00,1.0
2026-01-13 19:29:00,1.0
2026-01-13 19:30:00,1.0
2026-01-13 19:31:00,1.0
2026-01-13 19:32:00,1.0
2026-01-13 19:33:00,1.0
2026-01-13 19:34:00,1.0
2026-01-13 19:35:00,1.0
2026-01-13 19:36:00,1.0
2026-01-13 19:37:00,1.0
2026-01-13 19:38:00,1.0
2026-01-13 19:39:00,1.0
2026-01-13 19:40:00,1.0
2026-01-13 19:41:00,1.0
2026-01-13 19:42:00,1.0
2026-01-13 19:43:00,1.0
2026-01-13 19:44:00,1.0
2026-01-13 19:45:00,1.0
2026-01-13 19:46:00,1.0
2026-01-13 19:47:00,1.0
2026-01-13 19:48:00,1.0
2026-01-13 19:49:00,1.0
2026-01-13 19:50:00,1.0
2026-01-13 19:51:00,1.0
2026-01-13 19:52:00,1.0
2026-01-13 19:53:00,1.0
2026-01-13 19:54:00,1.0
2026-01-13 19:55:00,1.0
2026-01-13 19:56:00,1.0
2026-01-13 19:57:00,1.0
2026-01-13 19:58:00,1.0
2026-01-13 19:59:00,1.0
2026-01-13 20:00:00,1.0
2026-01-13 20:01:00,1.0
2026-01-13 20:02:00,1.0
2026-01-13 20:03:00,1.0
2026-01-13 20:04:00,1.0
2026-01-13 20:05:00,1.0
2026-01-13 20:06:00,1.0
2026-01-13 20:07:00,1.0
2026-01-13 20:08:00,1.0
2026-01-13 20:09:00,1.0
2026-01-13 20:10:00,1.0
2026-01-13 20:11:00,1.0
2026-01-13 20:12:00,1.0
2026-01-13 20:13:00,1.0
2026-01-13 20:14:00,1.0
2026-01-13 20:15:00,1.0
2026-01-13 20:16:00,1.0
2026-01-13 20:17:00,1.0
2026-01-13 20:18:00,1.0
2026-01-13 20:19:00,1.0
2026-01-13 20:20:00,1.0
2026-01-13 20:21:00,1.0
2026-01-13 20:22:00,1.0
2026-01-13 20:23:00,1.0
2026-01-13 20:24:00,1.0
2026-01-13 20:25:00,1.0
2026-01-13 20:26:00,1.0
2026-01-13 20:27:00,1.0
2026-01-13 20:28:00,1.0
2026-01-13 20:29:00,1.0
2026-01-13 20:30:00,1.0
2026-01-13 20:31:00,1.0
2026-01-13 20:32:00,1.0
2026-01-13 20:33:00,1.0
2026-01-13 20:34:00,1.0
2026-01-13 20:35:00,1.0
2026-01-13 20:36:00,1.0
2026-01-13 20:37:00,1.0
2026-01-13 20:38:00,1.0
2026-01-13 20:39:00,1.0
2026-01-13 20:40:00,1.0
2026-01-13 20:41:00,1.0
2026-01-13 20:42:00,1.0
2026-01-13 20:43:00,1.0
2026-01-13 20:44:00,1.0
2026-01-13 20:45:00,1.0
2026-01-13 20:46:00,1.0
2026-01-13 20:47:00,1.0
2026-01-13 20:48:00,1.0
2026-01-13 20:49:00,1.0
2026-01-13 20:50:00,1.0
2026-01-13 20:51:00,1.0
2026-01-13 20:52:00,1.0
2026-01-13 20:53:00,1.0
2026-01-13 20:59:00,1.0
2026-01-14 14:30:00,1.0
2026-01-14 14:31:00,1.0
2026-01-14 14:32:00,1.0
2026-01-14 14:33:00,1.0
2026-01-14 14:34:00,1.0
2026-01-14 14:35:00,1.0
2026-01-14 14:36:00,1.0
2026-01-14 14:37:00,1.0
2026-01-14 14:38:00,1.0
2026-01-14 14:39:00,1.0
2026-01-14 14:40:00,1.0
2026-01-14 14:41:00,1.0
2026-01-14 14:42:00,1.0
2026-01-14 14:43:00,1.0
2026-01-14 14:44:00,1.0
2026-01-14 14:45:00,1.0
2026-01-14 14:46:00,1.0
2026-01-14 14:47:00,1.0
2026-01-14 14:48:00,1.0
2026-01-14 14:49:00,1.0
2026-01-14 14:50:00,1.0
2026-01-14 14:51:00,1.0
2026-01-14 14:52:00,1.0
2026-01-14 14:53:00,1.0
2026-01-14 14:54:00,1.0
2026-01-14 14:55:00,1.0
2026-01-14 14:56:00,1.0
2026-01-14 14:57:00,1.0
2026-01-14 14:58:00,1.0
2026-01-14 14:59:00,1.0
2026-01-14 15:00:00,1.0
2026-01-14 15:01:00,1.0
2026-01-14 15:02:00,1.0
2026-01-14 15:03:00,1.0
2026-01-14 15:04:00,1.0
2026-01-14 15:05:00,1.0
2026-01-14 15:06:00,1.0
2026-01-14 15:07:00,1.0
2026-01-14 15:08:00,1.0
2026-01-14 15:09:00,1.0
2026-01-14 15:10:00,1.0
2026-01-14 15:11:00,1.0
2026-01-14 15:12:00,1.0
2026-01-14 15:13:00,1.0
2026-01-14 15:14:00,1.0
2026-01-14 15:15:00,1.0
2026-01-14 15:16:00,1.0
2026-01-14 15:17:00,1.0
2026-01-14 15:18:00,1.0
2026-01-14 15:19:00,1.0
2026-01-14 15:20:00,1.0
2026-01-14 15:21:00,1.0
2026-01-14 15:22:00,1.0
2026-01-14 15:23:00,1.0
2026-01-14 15:24:00,1.0
2026-01-14 15:25:00,1.0
2026-01-14 15:26:00,1.0
2026-01-14 15:27:00,1.0
2026-01-14 15:28:00,1.0
2026-01-14 15:29:00,1.0
2026-01-14 15:30:00,1.0
2026-01-14 15:31:00,1.0
2026-01-14 15:32:00,1.0
2026-01-14 15:33:00,1.0
2026-01-14 15:34:00,1.0
2026-01-14 15:35:00,1.0
2026-01-14 15:36:00,1.0
2026-01-14 15:37:00,1.0
2026-01-14 15:38:00,1.0
2026-01-14 15:39:00,1.0
2026-01-14 15:40:00,1.0
2026-01-14 15:41:00,1.0
2026-01-14 15:42:00,1.0
2026-01-14 15:43:00,1.0
2026-01-14 15:44:00,1.0
2026-01-14 15:45:00,1.0
2026-01-14 15:46:00,1.0
2026-01-14 15:47:00,1.0
2026-01-14 15:48:00,1.0
2026-01-14 15:49:00,1.0
2026-01-14 15:50:00,1.0
2026-01-14 15:51:00,1.0
2026-01-14 15:52:00,1.0
2026-01-14 15:53:00,1.0
2026-01-14 15:54:00,1.0
2026-01-14 15:55:00,1.0
2026-01-14 15:56:00,1.0
2026-01-14 15:57:00,1.0
2026-01-14 15:58:00,1.0
2026-01-14 15:59:00,1.0
2026-01-14 16:00:00,1.0
2026-01-14 16:01:00,1.0
2026-01-14 16:02:00,1.0
2026-01-14 16:03:00,1.0
2026-01-14 16:04:00,1.0
2026-01-14 16:05:00,1.0
2026-01-14 16:06:00,1.0
2026-01-14 16:07:00,1.0
2026-01-14 16:08:00,1.0
2026-01-14 16:09:00,1.0
2026-01-14 16:10:00,1.0
2026-01-14 16:11:00,1.0
2026-01-14 16:12:00,1.0
2026-01-14 16:13:00,1.0
2026-01-14 16:14:00,1.0
2026-01-14 16:15:00,1.0
2026-01-14 16:16:00,1.0
2026-01-14 16:17:00,1.0
2026-01-14 16:18:00,1.0
2026-01-14 16:19:00,1.0
2026-01-14 16:20:00,1.0
2026-01-14 16:21:00,1.0
2026-01-14 16:22:00,1.0
2026-01-14 16:23:00,1.0
2026-01-14 16:24:00,1.0
2026-01-14 16:25:00,1.0
2026-01-14 16:26:00,1.0
2026-01-14 16:27:00,1.0
2026-01-14 16:28:00,1.0
2026-01-14 16:29:00,1.0
2026-01-14 16:30:00,1.0
2026-01-14 16:31:00,1.0
2026-01-14 16:32:00,1.0
2026-01-14 16:33:00,1.0
2026-01-14 16:34:00,1.0
2026-01-14 16:35:00,1.0
2026-01-14 16:36:00,1.0
2026-01-14 16:37:00,1.0
2026-01-14 16:38:00,1.0
2026-01-14 16:39:00,1.0
2026-01-14 16:40:00,1.0
2026-01-14 16:41:00,1.0
2026-01-14 16:42:00,1.0
2026-01-14 16:43:00,1.0
2026-01-14 16:44:00,1.0
2026-01-14 16:45:00,1.0
2026-01-14 16:46:00,1.0
2026-01-14 16:47:00,1.0
2026-01-14 16:48:00,1.0
2026-01-14 16:49:00,1.0
2026-01-14 16:50:00,1.0
2026-01-14 16:51:00,1.0
2026-01-14 16:52:00,1.0
2026-01-14 16:53:00,1.0
2026-01-14 16:54:00,1.0
2026-01-14 16:55:00,1.0
2026-01-14 16:56:00,1.0
2026-01-14 16:57:00,1.0
2026-01-14 16:58:00,1.0
2026-01-14 16:59:00,1.0
2026-01-14 17:00:00,1.0
2026-01-14 17:01:00,1.0
2026-01-14 17:02:00,1.0
2026-01-14 17:03:00,1.0
2026-01-14 17:04:00,1.0
2026-01-14 17:05:00,1.0
2026-01-14 17:06:00,1.0
2026-01-14 17:07:00,1.0
2026-01-14 17:08:00,1.0
2026-01-14 17:09:00,1.0
2026-01-14 17:10:00,1.0
2026-01-14 17:11:00,1.0
2026-01-14 17:12:00,1.0
2026-01-14 17:13:00,1.0
2026-01-14 17:14:00,1.0
2026-01-14 17:15:00,1.0
2026-01-14 17:16:00,1.0
2026-01-14 17:17:00,1.0
2026-01-14 17:18:00,1.0
2026-01-14 17:19:00,1.0
2026-01-14 17:20:00,1.0
2026-01-14 17:21:00,1.0
2026-01-14 17:22:00,1.0
2026-01-14 17:23:00,1.0
2026-01-14 17:24:00,1.0
2026-01-14 17:25:00,1.0
2026-01-14 17:26:00,1.0
2026-01-14 17:27:00,1.0
2026-01-14 17:28:00,1.0
2026-01-14 17:29:00,1.0
2026-01-14 17:30:00,1.0
2026-01-14 17:31:00,1.0
2026-01-14 17:32:00,1.0
2026-01-14 17:33:00,1.0
2026-01-14 17:34:00,1.0
2026-01-14 17:35:00,1.0
2026-01-14 17:36:00,1.0
2026-01-14 17:37:00,1.0
2026-01-14 17:38:00,1.0
2026-01-14 17:39:00,1.0
2026-01-14 17:40:00,1.0
2026-01-14 17:41:00,1.0
2026-01-14 17:42:00,1.0
2026-01-14 17:43:00,1.0
2026-01-14 17:44:00,1.0
2026-01-14 17:45:00,1.0
2026-01-14 17:46:00,1.0
2026-01-14 17:47:00,1.0
2026-01-14 17:48:00,1.0
2026-01-14 17:49:00,1.0
2026-01-14 17:50:00,1.0
2026-01-14 17:51:00,1.0
2026-01-14 17:52:00,1.0
2026-01-14 17:53:00,1.0
2026-01-14 17:54:00,1.0
2026-01-14 17:55:00,1.0
2026-01-14 17:56:00,1.0
2026-01-14 17:57:00,1.0
2026-01-14 17:58:00,1.0
2026-01-14 17:59:00,1.0
2026-01-14 18:00:00,1.0
2026-01-14 18:01:00,1.0
2026-01-14 18:02:00,1.0
2026-01-14 18:03:00,1.0
2026-01-14 18:04:00,1.0
2026-01-14 18:05:00,1.0
2026-01-14 18:06:00,1.0
2026-01-14 18:07:00,1.0
2026-01-14 18:08:00,1.0
2026-01-14 18:09:00,1.0
2026-01-14 18:10:00,1.0
2026-01-14 18:11:00,1.0
2026-01-14 18:12:00,1.0
2026-01-14 18:13:00,1.0
2026-01-14 18:14:00,1.0
2026-01-14 18:15:00,1.0
2026-01-14 18:16:00,1.0
2026-01-14 18:17:00,1.0
2026-01-14 18:18:00,1.0
2026-01-14 18:19:00,1.0
2026-01-14 18:20:00,1.0
2026-01-14 18:21:00,1.0
2026-01-14 18:22:00,1.0
2026-01-14 18:23:00,1.0
2026-01-14 18:24:00,1.0
2026-01-14 18:25:00,1.0
2026-01-14 18:26:00,1.0
2026-01-14 18:29:00,1.0
2026-01-14 18:30:00,1.0
2026-01-14 18:31:00,1.0
2026-01-14 18:32:00,1.0
2026-01-14 18:33:00,1.0
2026-01-14 18:34:00,1.0
2026-01-14 18:35:00,1.0
2026-01-14 18:36:00,1.0
2026-01-14 18:37:00,1.0
2026-01-14 18:38:00,1.0
2026-01-14 18:39:00,1.0
2026-01-14 18:40:00,1.0
2026-01-14 18:41:00,1.0
2026-01-14 18:42:00,1.0
2026-01-14 18:43:00,1.0
2026-01-14 18:44:00,1.0
2026-01-14 18:47:00,1.0
2026-01-14 18:48:00,1.0
2026-01-14 18:49:00,1.0
2026-01-14 18:50:00,1.0
2026-01-14 18:51:00,1.0
2026-01-14 18:52:00,1.0
2026-01-14 18:53:00,1.0
2026-01-14 18:54:00,1.0
2026-01-14 18:55:00,1.0
2026-01-14 18:56:00,1.0
2026-01-14 18:57:00,1.0
2026-01-14 18:58:00,1.0
2026-01-14 18:59:00,1.0
2026-01-14 19:00:00,1.0
2026-01-14 19:01:00,1.0
2026-01-14 19:02:00,1.0
2026-01-14 19:03:00,1.0
2026-01-14 19:04:00,1.0
2026-01-14 19:05:00,1.0
2026-01-14 19:06:00,1.0
2026-01-14 19:07:00,1.0
2026-01-14 19:08:00,1.0
2026-01-14 19:09:00,1.0
2026-01-14 19:10:00,1.0
2026-01-14 19:11:00,1.0
2026-01-14 19:12:00,1.0
2026-01-14 19:13:00,1.0
2026-01-14 19:14:00,1.0
2026-01-14 19:15:00,1.0
2026-01-14 19:16:00,1.0
2026-01-14 19:17:00,1.0
2026-01-14 19:18:00,1.0
2026-01-14 19:19:00,1.0
2026-01-14 19:20:00,1.0
2026-01-14 19:21:00,1.0
2026-01-14 19:22:00,1.0
2026-01-14 19:23:00,1.0
2026-01-14 19:24:00,1.0
2026-01-14 19:25:00,1.0
2026-01-14 19:26:00,1.0
2026-01-14 19:27:00,1.0
2026-01-14 19:28:00,1.0
2026-01-14 19:29:00,1.0
2026-01-14 19:30:00,1.0
2026-01-14 19:31:00,1.0
2026-01-14 19:32:00,1.0
2026-01-14 19:33:00,1.0
2026-01-14 19:34:00,1.0
2026-01-14 19:35:00,1.0
2026-01-14 19:36:00,1.0
2026-01-14 19:37:00,1.0
2026-01-14 19:38:00,1.0
2026-01-14 19:39:00,1.0
2026-01-14 19:40:00,1.0
2026-01-14 19:41:00,1.0
2026-01-14 19:44:00,1.0
2026-01-14 19:45:00,1.0
2026-01-14 19:46:00,1.0
2026-01-14 19:47:00,1.0
2026-01-14 19:48:00,1.0
2026-01-14 19:49:00,1.0
2026-01-14 19:50:00,1.0
2026-01-14 19:51:00,1.0
2026-01-14 19:52:00,1.0
2026-01-14 19:53:00,1.0
2026-01-14 19:54:00,1.0
2026-01-14 19:55:00,1.0
2026-01-14 19:56:00,1.0
2026-01-14 19:57:00,1.0
2026-01-14 19:58:00,1.0
2026-01-14 19:59:00,1.0
2026-01-14 20:00:00,1.0
2026-01-14 20:01:00,1.0
2026-01-14 20:02:00,1.0
2026-01-14 20:03:00,1.0
2026-01-14 20:04:00,1.0
2026-01-14 20:05:00,1.0
2026-01-14 20:06:00,1.0
2026-01-14 20:07:00,1.0
2026-01-14 20:08:00,1.0
2026-01-14 20:09:00,1.0
2026-01-14 20:10:00,1.0
2026-01-14 20:11:00,1.0
2026-01-14 20:12:00,1.0
2026-01-14 20:13:00,1.0
2026-01-14 20:14:00,1.0
2026-01-14 20:15:00,1.0
2026-01-14 20:16:00,1.0
2026-01-14 20:17:00,1.0
2026-01-14 20:18:00,1.0
2026-01-14 20:19:00,1.0
2026-01-14 20:20:00,1.0
2026-01-14 20:21:00,1.0
2026-01-14 20:22:00,1.0
2026-01-14 20:23:00,1.0
2026-01-14 20:24:00,1.0
2026-01-14 20:28:00,1.0
2026-01-14 20:29:00,1.0
2026-01-14 20:30:00,1.0
2026-01-14 20:31:00,1.0
2026-01-14 20:32:00,1.0
2026-01-14 20:33:00,1.0
2026-01-14 20:34:00,1.0
2026-01-14 20:35:00,1.0
2026-01-14 20:36:00,1.0
2026-01-14 20:37:00,1.0
2026-01-14 20:38:00,1.0
2026-01-14 20:39:00,1.0
2026-01-14 20:40:00,1.0
2026-01-14 20:41:00,1.0
2026-01-14 20:42:00,1.0
2026-01-14 20:43:00,1.0
2026-01-14 20:44:00,1.0
2026-01-14 20:45:00,1.0
2026-01-14 20:46:00,1.0
2026-01-14 20:47:00,1.0
2026-01-14 20:48:00,1.0
2026-01-14 20:49:00,1.0
2026-01-14 20:50:00,1.0
2026-01-14 20:51:00,1.0
2026-01-14 20:52:00,1.0
2026-01-14 20:53:00,1.0
2026-01-14 20:54:00,1.0
2026-01-14 20:55:00,1.0
2026-01-14 20:56:00,1.0
2026-01-14 20:57:00,1.0
2026-01-14 20:58:00,1.0
2026-01-14 20:59:00,1.0
2026-01-15 14:30:00,1.0
2026-01-15 14:31:00,1.0
2026-01-15 14:32:00,1.0
2026-01-15 14:33:00,1.0
2026-01-15 14:34:00,1.0
2026-01-15 14:35:00,1.0
2026-01-15 14:36:00,1.0
2026-01-15 14:37:00,1.0
2026-01-15 14:38:00,1.0
2026-01-15 14:39:00,1.0
2026-01-15 14:40:00,1.0
2026-01-15 14:41:00,1.0
2026-01-15 14:42:00,1.0
2026-01-15 14:43:00,1.0
2026-01-15 14:44:00,1.0
2026-01-15 14:45:00,1.0
2026-01-15 14:46:00,1.0024228906400618
2026-01-15 14:47:00,1.0024228906400618
2026-01-15 14:48:00,1.0024228906400618
2026-01-15 14:49:00,1.0024228906400618
2026-01-15 14:50:00,1.0024228906400618
2026-01-15 14:51:00,1.0024228906400618
2026-01-15 14:52:00,1.0024228906400618
2026-01-15 14:53:00,1.0024228906400618
2026-01-15 14:54:00,1.0024228906400618
2026-01-15 14:55:00,1.0024228906400618
2026-01-15 14:56:00,1.0024228906400618
2026-01-15 14:57:00,1.0024228906400618
2026-01-15 14:58:00,1.0024228906400618
2026-01-15 14:59:00,1.0024228906400618
2026-01-15 15:00:00,1.0024228906400618
2026-01-15 15:01:00,1.0024228906400618
2026-01-15 15:02:00,1.0024228906400618
2026-01-15 15:03:00,1.0024228906400618
2026-01-15 15:04:00,1.0024228906400618
2026-01-15 15:05:00,1.0024228906400618
2026-01-15 15:06:00,1.0024228906400618
2026-01-15 15:07:00,1.0024228906400618
2026-01-15 15:08:00,1.0024228906400618
2026-01-15 15:09:00,1.0024228906400618
2026-01-15 15:10:00,1.0024228906400618
2026-01-15 15:11:00,1.0024228906400618
2026-01-15 15:12:00,1.0024228906400618
2026-01-15 15:13:00,1.0024228906400618
2026-01-15 15:14:00,1.0024228906400618
2026-01-15 15:15:00,1.0024228906400618
2026-01-15 15:16:00,1.0024228906400618
2026-01-15 15:17:00,1.0024228906400618
2026-01-15 15:18:00,1.0024228906400618
2026-01-15 15:19:00,1.0024228906400618
2026-01-15 15:20:00,1.0024228906400618
2026-01-15 15:21:00,1.0024228906400618
2026-01-15 15:22:00,1.0024228906400618
2026-01-15 15:23:00,1.0024228906400618
2026-01-15 15:24:00,1.0024228906400618
2026-01-15 15:25:00,1.0024228906400618
2026-01-15 15:26:00,1.0024228906400618
2026-01-15 15:27:00,1.0024228906400618
2026-01-15 15:28:00,1.0024228906400618
2026-01-15 15:29:00,1.0024228906400618
2026-01-15 15:30:00,1.0024228906400618
2026-01-15 15:31:00,1.0024228906400618
2026-01-15 15:32:00,1.0024228906400618
2026-01-15 15:33:00,1.0024228906400618
2026-01-15 15:34:00,1.0024228906400618
2026-01-15 15:35:00,1.0024228906400618
2026-01-15 15:36:00,1.0024228906400618
2026-01-15 15:37:00,1.0024228906400618
2026-01-15 15:38:00,1.0024228906400618
2026-01-15 15:39:00,1.0024228906400618
2026-01-15 15:40:00,1.0024228906400618
2026-01-15 15:41:00,1.0024228906400618
2026-01-15 15:42:00,1.0024228906400618
2026-01-15 15:43:00,1.0024228906400618
2026-01-15 15:44:00,1.0024228906400618
2026-01-15 15:45:00,1.0024228906400618
2026-01-15 15:46:00,1.0024228906400618
2026-01-15 15:47:00,1.0024228906400618
2026-01-15 15:48:00,1.0024228906400618
2026-01-15 15:49:00,1.0024228906400618
2026-01-15 15:50:00,1.0024228906400618
2026-01-15 15:51:00,1.0024228906400618
2026-01-15 15:52:00,1.0024228906400618
2026-01-15 15:53:00,1.0024228906400618
2026-01-15 15:54:00,1.0024228906400618
2026-01-15 15:55:00,1.0024228906400618
2026-01-15 15:56:00,1.0024228906400618
2026-01-15 15:57:00,1.0024228906400618
2026-01-15 15:58:00,1.0024228906400618
2026-01-15 15:59:00,1.0024228906400618
2026-01-15 16:00:00,1.0024228906400618
2026-01-15 16:01:00,1.0024228906400618
2026-01-15 16:02:00,1.0024228906400618
2026-01-15 16:03:00,1.0024228906400618
2026-01-15 16:04:00,1.0024228906400618
2026-01-15 16:05:00,1.0024228906400618
2026-01-15 16:06:00,1.0024228906400618
2026-01-15 16:07:00,1.0024228906400618
2026-01-15 16:08:00,1.0024228906400618
2026-01-15 16:09:00,1.0024228906400618
2026-01-15 16:10:00,1.0024228906400618
2026-01-15 16:11:00,1.0024228906400618
2026-01-15 16:12:00,1.0024228906400618
2026-01-15 16:13:00,1.0024228906400618
2026-01-15 16:14:00,1.0024228906400618
2026-01-15 16:15:00,1.0024228906400618
2026-01-15 16:16:00,1.0021144231864996
2026-01-15 16:17:00,1.0021144231864996
2026-01-15 16:18:00,1.0021144231864996
2026-01-15 16:19:00,1.0021144231864996
2026-01-15 16:20:00,1.0021144231864996
2026-01-15 16:21:00,1.0021144231864996
2026-01-15 16:22:00,1.0021144231864996
2026-01-15 16:23:00,1.0021144231864996
2026-01-15 16:24:00,1.0021144231864996
2026-01-15 16:25:00,1.0021144231864996
2026-01-15 16:26:00,1.0021144231864996
2026-01-15 16:27:00,1.0021144231864996
2026-01-15 16:28:00,1.0021144231864996
2026-01-15 16:29:00,1.0021144231864996
2026-01-15 16:30:00,1.0021144231864996
2026-01-15 16:31:00,1.0021144231864996
2026-01-15 16:32:00,1.0021144231864996
2026-01-15 16:33:00,1.0021144231864996
2026-01-15 16:34:00,1.0021144231864996
2026-01-15 16:35:00,1.0021144231864996
2026-01-15 16:36:00,1.0021144231864996
2026-01-15 16:37:00,1.0021144231864996
2026-01-15 16:38:00,1.0021144231864996
2026-01-15 16:39:00,1.0021144231864996
2026-01-15 16:40:00,1.0021144231864996
2026-01-15 16:41:00,1.0021144231864996
2026-01-15 16:42:00,1.0021144231864996
2026-01-15 16:43:00,1.0021144231864996
2026-01-15 16:44:00,1.0021144231864996
2026-01-15 16:45:00,1.0021144231864996
2026-01-15 16:46:00,1.0021144231864996
2026-01-15 16:47:00,1.0021144231864996
2026-01-15 16:48:00,1.0021144231864996
2026-01-15 16:49:00,1.0021144231864996
2026-01-15 16:50:00,1.0021144231864996
2026-01-15 16:51:00,1.0021144231864996
2026-01-15 16:52:00,1.0021144231864996
2026-01-15 16:53:00,1.0021144231864996
2026-01-15 16:54:00,1.0021144231864996
2026-01-15 16:55:00,1.0021144231864996
2026-01-15 16:56:00,1.0021144231864996
2026-01-15 16:57:00,1.0021144231864996
2026-01-15 16:58:00,1.0021144231864996
2026-01-15 16:59:00,1.0021144231864996
2026-01-15 17:00:00,1.0021144231864996
2026-01-15 17:01:00,1.0021144231864996
2026-01-15 17:02:00,1.0021144231864996
2026-01-15 17:03:00,1.0021144231864996
2026-01-15 17:04:00,1.0021144231864996
2026-01-15 17:05:00,1.0021144231864996
2026-01-15 17:06:00,1.0021144231864996
2026-01-15 17:07:00,1.0021144231864996
2026-01-15 17:08:00,1.0021144231864996
2026-01-15 17:09:00,1.0021144231864996
2026-01-15 17:10:00,1.0021144231864996
2026-01-15 17:11:00,1.0021144231864996
2026-01-15 17:12:00,1.0021144231864996
2026-01-15 17:13:00,1.0021144231864996
2026-01-15 17:14:00,1.0021144231864996
2026-01-15 17:15:00,1.0021144231864996
2026-01-15 17:16:00,1.0021144231864996
2026-01-15 17:17:00,1.0021144231864996
2026-01-15 17:18:00,1.0021144231864996
2026-01-15 17:19:00,1.0021144231864996
2026-01-15 17:20:00,1.0021144231864996
2026-01-15 17:21:00,1.0021144231864996
2026-01-15 17:22:00,1.0021144231864996
2026-01-15 17:23:00,1.0021144231864996
2026-01-15 17:24:00,1.0021144231864996
2026-01-15 17:25:00,1.0021144231864996
2026-01-15 17:26:00,1.0021144231864996
2026-01-15 17:27:00,1.0021144231864996
2026-01-15 17:28:00,1.0021144231864996
2026-01-15 17:29:00,1.0021144231864996
2026-01-15 17:30:00,1.0021144231864996
2026-01-15 17:31:00,1.0021144231864996
2026-01-15 17:32:00,1.0021144231864996
2026-01-15 17:33:00,1.0021144231864996
2026-01-15 17:34:00,1.0021144231864996
2026-01-15 17:35:00,1.0021144231864996
2026-01-15 17:36:00,1.0021144231864996
2026-01-15 17:37:00,1.0021144231864996
2026-01-15 17:38:00,1.0021144231864996
2026-01-15 17:39:00,1.0021144231864996
2026-01-15 17:40:00,1.0021144231864996
2026-01-15 17:41:00,1.0021144231864996
2026-01-15 17:42:00,1.0021144231864996
2026-01-15 17:43:00,1.0021144231864996
2026-01-15 17:44:00,1.0021144231864996
2026-01-15 17:45:00,0.9995282105280779
2026-01-15 17:46:00,0.9995282105280779
2026-01-15 17:47:00,0.9995282105280779
2026-01-15 17:48:00,0.9995282105280779
2026-01-15 17:49:00,0.9995282105280779
2026-01-15 17:50:00,0.9995282105280779
2026-01-15 17:51:00,0.9995282105280779
2026-01-15 17:52:00,0.9995282105280779
2026-01-15 17:53:00,0.9995282105280779
2026-01-15 17:54:00,0.9995282105280779
2026-01-15 17:55:00,0.9995282105280779
2026-01-15 17:56:00,0.9995282105280779
2026-01-15 17:57:00,0.9995282105280779
2026-01-15 17:58:00,0.9995282105280779
2026-01-15 17:59:00,0.9995282105280779
2026-01-15 18:00:00,0.9995282105280779
2026-01-15 18:01:00,0.9995282105280779
2026-01-15 18:02:00,0.9995282105280779
2026-01-15 18:03:00,0.9996628109534478
2026-01-15 18:04:00,0.9996628109534478
2026-01-15 18:05:00,0.9996628109534478
2026-01-15 18:06:00,0.9996628109534478
2026-01-15 18:07:00,0.9996628109534478
2026-01-15 18:08:00,0.9996628109534478
2026-01-15 18:09:00,0.9996628109534478
2026-01-15 18:10:00,0.9996628109534478
2026-01-15 18:11:00,0.9996628109534478
2026-01-15 18:12:00,0.9996628109534478
2026-01-15 18:13:00,0.9996628109534478
2026-01-15 18:14:00,0.9996628109534478
2026-01-15 18:15:00,0.9996628109534478
2026-01-15 18:16:00,0.9996628109534478
2026-01-15 18:17:00,0.9996628109534478
2026-01-15 18:18:00,0.9996628109534478
2026-01-15 18:19:00,0.9996628109534478
2026-01-15 18:20:00,0.9996628109534478
2026-01-15 18:21:00,0.9996628109534478
2026-01-15 18:22:00,0.9996628109534478
2026-01-15 18:23:00,0.9996628109534478
2026-01-15 18:24:00,0.9996628109534478
2026-01-15 18:25:00,0.9996628109534478
2026-01-15 18:26:00,0.9996628109534478
2026-01-15 18:27:00,0.9996628109534478
2026-01-15 18:28:00,0.9996628109534478
2026-01-15 18:29:00,0.9996628109534478
2026-01-15 18:30:00,0.9996628109534478
2026-01-15 18:31:00,0.9996628109534478
2026-01-15 18:32:00,0.9996628109534478
2026-01-15 18:33:00,0.9996628109534478
2026-01-15 18:34:00,0.9996628109534478
2026-01-15 18:35:00,0.9996628109534478
2026-01-15 18:36:00,0.9996628109534478
2026-01-15 18:37:00,0.9996628109534478
2026-01-15 18:38:00,0.9996628109534478
2026-01-15 18:39:00,0.9996628109534478
2026-01-15 18:40:00,0.9996628109534478
2026-01-15 18:41:00,0.9996628109534478
2026-01-15 18:42:00,0.9996628109534478
2026-01-15 18:43:00,0.9996628109534478
2026-01-15 18:44:00,0.9996628109534478
2026-01-15 18:45:00,0.9996628109534478
2026-01-15 18:46:00,0.9996628109534478
2026-01-15 18:47:00,0.9996628109534478
2026-01-15 18:48:00,0.9996628109534478
2026-01-15 18:49:00,0.9996628109534478
2026-01-15 18:50:00,0.9996628109534478
2026-01-15 18:51:00,0.9996628109534478
2026-01-15 18:52:00,0.9996628109534478
2026-01-15 18:53:00,0.9996628109534478
2026-01-15 18:54:00,0.9996628109534478
2026-01-15 18:55:00,0.9996628109534478
2026-01-15 18:56:00,0.9996628109534478
2026-01-15 18:57:00,0.9996628109534478
2026-01-15 18:58:00,0.9996628109534478
2026-01-15 18:59:00,0.9996628109534478
2026-01-15 19:00:00,0.9996628109534478
2026-01-15 19:01:00,0.9996628109534478
2026-01-15 19:02:00,0.9996628109534478
2026-01-15 19:03:00,0.9996628109534478
2026-01-15 19:04:00,0.9996628109534478
2026-01-15 19:05:00,0.9996628109534478
2026-01-15 19:06:00,0.9996628109534478
2026-01-15 19:07:00,0.9996628109534478
2026-01-15 19:08:00,0.9996628109534478
2026-01-15 19:09:00,0.9996628109534478
2026-01-15 19:10:00,0.9996628109534478
2026-01-15 19:11:00,0.9996628109534478
2026-01-15 19:12:00,0.9996628109534478
2026-01-15 19:13:00,0.9996628109534478
2026-01-15 19:14:00,0.9996628109534478
2026-01-15 19:15:00,0.9996628109534478
2026-01-15 19:16:00,0.9996628109534478
2026-01-15 19:17:00,0.9996628109534478
2026-01-15 19:18:00,0.9976948199864147
2026-01-15 19:19:00,0.9976948199864147
2026-01-15 19:20:00,0.9976948199864147
2026-01-15 19:21:00,0.9976948199864147
2026-01-15 19:22:00,0.9976948199864147
2026-01-15 19:23:00,0.9976948199864147
2026-01-15 19:24:00,0.9976948199864147
2026-01-15 19:25:00,0.9976948199864147
2026-01-15 19:26:00,0.9976948199864147
2026-01-15 19:27:00,0.9976948199864147
2026-01-15 19:28:00,0.9976948199864147
2026-01-15 19:29:00,0.9976948199864147
2026-01-15 19:30:00,0.9976948199864147
2026-01-15 19:31:00,0.9976948199864147
2026-01-15 19:32:00,0.9976948199864147
2026-01-15 19:33:00,0.9976948199864147
2026-01-15 19:34:00,0.9976948199864147
2026-01-15 19:35:00,0.9976948199864147
2026-01-15 19:36:00,0.9976948199864147
2026-01-15 19:37:00,0.9976948199864147
2026-01-15 19:38:00,0.9976948199864147
2026-01-15 19:39:00,0.9976948199864147
2026-01-15 19:40:00,0.9976948199864147
2026-01-15 19:41:00,0.9976948199864147
2026-01-15 19:42:00,0.9976948199864147
2026-01-15 19:43:00,0.9976948199864147
2026-01-15 19:44:00,0.9976948199864147
2026-01-15 19:45:00,0.9976948199864147
2026-01-15 19:46:00,0.9976948199864147
2026-01-15 19:47:00,0.9976948199864147
2026-01-15 19:48:00,0.9976948199864147
2026-01-15 19:49:00,0.9976948199864147
2026-01-15 19:50:00,0.9976948199864147
2026-01-15 19:51:00,0.9976948199864147
2026-01-15 19:52:00,0.9976948199864147
2026-01-15 19:53:00,0.9976948199864147
2026-01-15 19:54:00,0.9976948199864147
2026-01-15 19:55:00,0.9969986035803686
2026-01-15 19:56:00,0.9969986035803686
2026-01-15 19:57:00,0.9969986035803686
2026-01-15 19:58:00,0.9969986035803686
2026-01-15 19:59:00,0.9969986035803686
2026-01-15 20:00:00,0.9969986035803686
2026-01-15 20:01:00,0.9969986035803686
2026-01-15 20:02:00,0.9969986035803686
2026-01-15 20:03:00,0.9969986035803686
2026-01-15 20:04:00,0.9969986035803686
2026-01-15 20:05:00,0.9969986035803686
2026-01-15 20:06:00,0.9969986035803686
2026-01-15 20:07:00,0.9969986035803686
2026-01-15 20:08:00,0.9969986035803686
2026-01-15 20:09:00,0.9969986035803686
2026-01-15 20:10:00,0.9969986035803686
2026-01-15 20:11:00,0.9969986035803686
2026-01-15 20:12:00,0.9969986035803686
2026-01-15 20:13:00,0.9969986035803686
2026-01-15 20:14:00,0.9969986035803686
2026-01-15 20:15:00,0.9969986035803686
2026-01-15 20:16:00,0.9969986035803686
2026-01-15 20:17:00,0.9969986035803686
2026-01-15 20:18:00,0.9969986035803686
2026-01-15 20:19:00,0.9969986035803686
2026-01-15 20:20:00,0.9969986035803686
2026-01-15 20:21:00,0.9969986035803686
2026-01-15 20:22:00,0.9969986035803686
2026-01-15 20:23:00,0.9969986035803686
2026-01-15 20:24:00,0.9969986035803686
2026-01-15 20:25:00,0.9969986035803686
2026-01-15 20:26:00,0.9969986035803686
2026-01-15 20:27:00,0.9969986035803686
2026-01-15 20:28:00,0.9969986035803686
2026-01-15 20:29:00,0.9969986035803686
2026-01-15 20:30:00,0.9969986035803686
2026-01-15 20:31:00,0.997076037732539
2026-01-15 20:32:00,0.997076037732539
2026-01-15 20:33:00,0.997076037732539
2026-01-15 20:34:00,0.997076037732539
2026-01-15 20:35:00,0.997076037732539
2026-01-15 20:36:00,0.997076037732539
2026-01-15 20:37:00,0.997076037732539
2026-01-15 20:38:00,0.997076037732539
2026-01-15 20:39:00,0.997076037732539
2026-01-15 20:40:00,0.997076037732539
2026-01-15 20:41:00,0.997076037732539
2026-01-15 20:42:00,0.997076037732539
2026-01-15 20:43:00,0.997076037732539
2026-01-15 20:44:00,0.997076037732539
2026-01-15 20:45:00,0.997076037732539
2026-01-15 20:46:00,0.997076037732539
2026-01-15 20:47:00,0.997076037732539
2026-01-15 20:48:00,0.997076037732539
2026-01-15 20:49:00,0.997076037732539
2026-01-15 20:50:00,0.997076037732539
2026-01-15 20:51:00,0.997076037732539
2026-01-15 20:52:00,0.997076037732539
2026-01-15 20:53:00,0.997076037732539
2026-01-15 20:54:00,0.997076037732539
2026-01-15 20:55:00,0.997076037732539
2026-01-15 20:56:00,0.997076037732539
2026-01-15 20:57:00,0.997076037732539
2026-01-15 20:58:00,0.997076037732539
2026-01-15 20:59:00,0.997076037732539
2026-01-16 14:30:00,0.997076037732539
2026-01-16 14:31:00,0.997076037732539
2026-01-16 14:32:00,0.997076037732539
2026-01-16 14:33:00,0.997076037732539
2026-01-16 14:34:00,0.997076037732539
2026-01-16 14:35:00,0.997076037732539
2026-01-16 14:36:00,0.997076037732539
2026-01-16 14:37:00,0.997076037732539
2026-01-16 14:38:00,0.997076037732539
2026-01-16 14:39:00,0.997076037732539
2026-01-16 14:40:00,0.997076037732539
2026-01-16 14:41:00,0.997076037732539
2026-01-16 14:42:00,0.997076037732539
2026-01-16 14:43:00,0.997076037732539
2026-01-16 14:44:00,0.997076037732539
2026-01-16 14:45:00,0.997076037732539
2026-01-16 14:46:00,0.997076037732539
2026-01-16 14:47:00,0.997076037732539
2026-01-16 14:48:00,0.997076037732539
2026-01-16 14:49:00,0.997076037732539
2026-01-16 14:50:00,0.997076037732539
2026-01-16 14:51:00,0.997076037732539
2026-01-16 14:52:00,0.997076037732539
2026-01-16 14:53:00,0.997076037732539
2026-01-16 14:54:00,0.997076037732539
2026-01-16 14:55:00,0.997076037732539
2026-01-16 14:56:00,0.997076037732539
2026-01-16 14:57:00,0.997076037732539
2026-01-16 14:58:00,0.997076037732539
2026-01-16 14:59:00,0.997076037732539
2026-01-16 15:00:00,0.997076037732539
2026-01-16 15:01:00,0.997076037732539
2026-01-16 15:02:00,0.997076037732539
2026-01-16 15:03:00,0.997076037732539
2026-01-16 15:04:00,0.997076037732539
2026-01-16 15:05:00,0.997076037732539
2026-01-16 15:06:00,0.997076037732539
2026-01-16 15:07:00,0.997076037732539
2026-01-16 15:08:00,0.997076037732539
2026-01-16 15:09:00,0.997076037732539
2026-01-16 15:10:00,0.997076037732539
2026-01-16 15:11:00,0.997076037732539
2026-01-16 15:12:00,0.997076037732539
2026-01-16 15:13:00,0.997076037732539
2026-01-16 15:14:00,0.997076037732539
2026-01-16 15:15:00,0.997076037732539
2026-01-16 15:16:00,0.997076037732539
2026-01-16 15:17:00,0.997076037732539
2026-01-16 15:18:00,0.997076037732539
2026-01-16 15:19:00,0.997076037732539
2026-01-16 15:20:00,0.997076037732539
2026-01-16 15:21:00,0.997076037732539
2026-01-16 15:22:00,0.997076037732539
2026-01-16 15:23:00,0.997076037732539
2026-01-16 15:24:00,0.997076037732539
2026-01-16 15:25:00,0.997076037732539
2026-01-16 15:26:00,0.997076037732539
2026-01-16 15:27:00,0.997076037732539
2026-01-16 15:28:00,0.997076037732539
2026-01-16 15:29:00,0.997076037732539
2026-01-16 15:30:00,0.997076037732539
2026-01-16 15:31:00,0.997076037732539
2026-01-16 15:32:00,0.997076037732539
2026-01-16 15:33:00,0.997076037732539
2026-01-16 15:34:00,0.997076037732539
2026-01-16 15:35:00,0.997076037732539
2026-01-16 15:36:00,0.997076037732539
2026-01-16 15:37:00,0.997076037732539
2026-01-16 15:38:00,0.997076037732539
2026-01-16 15:39:00,0.997076037732539
2026-01-16 15:40:00,0.997076037732539
2026-01-16 15:41:00,0.997076037732539
2026-01-16 15:42:00,0.997076037732539
2026-01-16 15:43:00,0.997076037732539
2026-01-16 15:44:00,0.997076037732539
2026-01-16 15:45:00,0.997076037732539
2026-01-16 15:46:00,0.997076037732539
2026-01-16 15:47:00,0.997076037732539
2026-01-16 15:48:00,0.997076037732539
2026-01-16 15:49:00,0.997076037732539
2026-01-16 15:50:00,0.997076037732539
2026-01-16 15:51:00,0.997076037732539
2026-01-16 15:52:00,0.997076037732539
2026-01-16 15:53:00,0.997076037732539
2026-01-16 15:54:00,0.997076037732539
2026-01-16 15:55:00,0.997076037732539
2026-01-16 15:56:00,0.997076037732539
2026-01-16 15:57:00,0.997076037732539
2026-01-16 15:58:00,0.997076037732539
2026-01-16 15:59:00,0.997076037732539
2026-01-16 16:00:00,0.997076037732539
2026-01-16 16:01:00,0.997076037732539
2026-01-16 16:02:00,0.997076037732539
2026-01-16 16:03:00,0.997076037732539
2026-01-16 16:04:00,0.997076037732539
2026-01-16 16:05:00,0.997076037732539
2026-01-16 16:06:00,0.997076037732539
2026-01-16 16:07:00,0.997076037732539
2026-01-16 16:08:00,0.997076037732539
2026-01-16 16:09:00,0.997076037732539
2026-01-16 16:10:00,0.997076037732539
2026-01-16 16:11:00,0.997076037732539
2026-01-16 16:12:00,0.997076037732539
2026-01-16 16:13:00,0.997076037732539
2026-01-16 16:14:00,0.997076037732539
2026-01-16 16:15:00,0.997076037732539
2026-01-16 16:16:00,0.997076037732539
2026-01-16 16:17:00,0.997076037732539
2026-01-16 16:18:00,0.997076037732539
2026-01-16 16:19:00,0.997076037732539
2026-01-16 16:20:00,0.997076037732539
2026-01-16 16:21:00,0.997076037732539
2026-01-16 16:22:00,0.997076037732539
2026-01-16 16:23:00,0.997076037732539
2026-01-16 16:24:00,0.997076037732539
2026-01-16 16:25:00,0.997076037732539
2026-01-16 16:26:00,0.997076037732539
2026-01-16 16:27:00,0.997076037732539
2026-01-16 16:28:00,0.997076037732539
2026-01-16 16:29:00,0.997076037732539
2026-01-16 16:30:00,0.997076037732539
2026-01-16 16:31:00,0.997076037732539
2026-01-16 16:32:00,0.997076037732539
2026-01-16 16:33:00,0.997076037732539
2026-01-16 16:34:00,0.997076037732539
2026-01-16 16:35:00,0.997076037732539
2026-01-16 16:36:00,0.997076037732539
2026-01-16 16:37:00,0.997076037732539
2026-01-16 16:38:00,0.997076037732539
2026-01-16 16:39:00,0.997076037732539
2026-01-16 16:40:00,0.997076037732539
2026-01-16 16:41:00,0.997076037732539
2026-01-16 16:42:00,0.997076037732539
2026-01-16 16:43:00,0.997076037732539
2026-01-16 16:44:00,0.997076037732539
2026-01-16 16:45:00,0.997076037732539
2026-01-16 16:46:00,0.997076037732539
2026-01-16 16:47:00,0.997076037732539
2026-01-16 16:48:00,0.997076037732539
2026-01-16 16:49:00,0.997076037732539
2026-01-16 16:50:00,0.997076037732539
2026-01-16 16:51:00,0.997076037732539
2026-01-16 16:52:00,0.997076037732539
2026-01-16 16:53:00,0.997076037732539
2026-01-16 16:54:00,0.997076037732539
2026-01-16 16:55:00,0.997076037732539
2026-01-16 16:56:00,0.997076037732539
2026-01-16 16:57:00,0.997076037732539
2026-01-16 16:58:00,0.997076037732539
2026-01-16 16:59:00,0.997076037732539
2026-01-16 17:00:00,0.997076037732539
2026-01-16 17:01:00,0.9980450615254275
2026-01-16 17:02:00,0.9980450615254275
2026-01-16 17:03:00,0.9980450615254275
2026-01-16 17:04:00,0.9980450615254275
2026-01-16 17:05:00,0.9980450615254275
2026-01-16 17:06:00,0.9980450615254275
2026-01-16 17:07:00,0.9980450615254275
2026-01-16 17:08:00,0.9980450615254275
2026-01-16 17:09:00,0.9980450615254275
2026-01-16 17:10:00,0.9980450615254275
2026-01-16 17:11:00,0.9980450615254275
2026-01-16 17:12:00,0.9980450615254275
2026-01-16 17:13:00,0.9980450615254275
2026-01-16 17:14:00,0.9980450615254275
2026-01-16 17:15:00,0.9980450615254275
2026-01-16 17:16:00,0.9980450615254275
2026-01-16 17:17:00,0.9980450615254275
2026-01-16 17:18:00,0.9980450615254275
2026-01-16 17:19:00,0.9980450615254275
2026-01-16 17:20:00,0.9995655411470513
2026-01-16 17:21:00,0.9995655411470513
2026-01-16 17:22:00,0.9995655411470513
2026-01-16 17:23:00,0.9995655411470513
2026-01-16 17:24:00,0.9995655411470513
2026-01-16 17:25:00,0.9995655411470513
2026-01-16 17:26:00,0.9995655411470513
2026-01-16 17:27:00,0.9995655411470513
2026-01-16 17:28:00,0.9995655411470513
2026-01-16 17:29:00,0.9995655411470513
2026-01-16 17:30:00,0.9995655411470513
2026-01-16 17:31:00,0.9995655411470513
2026-01-16 17:32:00,0.9995655411470513
2026-01-16 17:33:00,0.9995655411470513
2026-01-16 17:34:00,0.9995655411470513
2026-01-16 17:35:00,0.9995655411470513
2026-01-16 17:36:00,0.9995655411470513
2026-01-16 17:37:00,0.9995655411470513
2026-01-16 17:38:00,0.9995655411470513
2026-01-16 17:39:00,0.9995655411470513
2026-01-16 17:40:00,0.9995655411470513
2026-01-16 17:41:00,0.9995655411470513
2026-01-16 17:42:00,0.9995655411470513
2026-01-16 17:43:00,0.9995655411470513
2026-01-16 17:44:00,0.9995655411470513
2026-01-16 17:45:00,0.9995655411470513
2026-01-16 17:46:00,0.9995655411470513
2026-01-16 17:47:00,0.9995655411470513
2026-01-16 17:48:00,0.9995655411470513
2026-01-16 17:49:00,0.9995655411470513
2026-01-16 17:50:00,0.9995655411470513
2026-01-16 17:51:00,0.9995655411470513
2026-01-16 17:52:00,0.9995655411470513
2026-01-16 17:53:00,0.9995655411470513
2026-01-16 17:54:00,0.9995655411470513
2026-01-16 17:55:00,0.9995655411470513
2026-01-16 17:56:00,0.9995655411470513
2026-01-16 17:57:00,0.9995655411470513
2026-01-16 17:58:00,0.9995655411470513
2026-01-16 17:59:00,0.9995655411470513
2026-01-16 18:00:00,0.9995655411470513
2026-01-16 18:01:00,0.9995655411470513
2026-01-16 18:02:00,0.9995655411470513
2026-01-16 18:03:00,0.9995655411470513
2026-01-16 18:04:00,0.9995655411470513
2026-01-16 18:05:00,0.9995655411470513
2026-01-16 18:06:00,0.9995655411470513
2026-01-16 18:07:00,0.9995655411470513
2026-01-16 18:08:00,0.9995655411470513
2026-01-16 18:09:00,0.9995655411470513
2026-01-16 18:10:00,0.9995655411470513
2026-01-16 18:11:00,0.9995655411470513
2026-01-16 18:12:00,0.9995655411470513
2026-01-16 18:13:00,0.9995655411470513
2026-01-16 18:14:00,0.9995655411470513
2026-01-16 18:15:00,0.9995655411470513
2026-01-16 18:16:00,0.9995655411470513
2026-01-16 18:17:00,0.9995655411470513
2026-01-16 18:18:00,0.9995655411470513
2026-01-16 18:19:00,0.9995655411470513
2026-01-16 18:20:00,0.9995655411470513
2026-01-16 18:21:00,0.9995655411470513
2026-01-16 18:22:00,0.9995655411470513
2026-01-16 18:23:00,0.9995655411470513
2026-01-16 18:24:00,0.9995655411470513
2026-01-16 18:25:00,0.9995655411470513
2026-01-16 18:26:00,0.9995655411470513
2026-01-16 18:27:00,0.9995655411470513
2026-01-16 18:28:00,0.9995655411470513
2026-01-16 18:29:00,0.9995655411470513
2026-01-16 18:30:00,0.9995655411470513
2026-01-16 18:31:00,0.9995655411470513
2026-01-16 18:32:00,0.9995655411470513
2026-01-16 18:33:00,0.9995655411470513
2026-01-16 18:34:00,0.9995655411470513
2026-01-16 18:35:00,0.9995655411470513
2026-01-16 18:36:00,0.9995655411470513
2026-01-16 18:37:00,0.9995655411470513
2026-01-16 18:38:00,0.9995655411470513
2026-01-16 18:39:00,0.9995655411470513
2026-01-16 18:40:00,0.9995655411470513
2026-01-16 18:41:00,0.9995655411470513
2026-01-16 18:42:00,0.9995655411470513
2026-01-16 18:43:00,0.9995655411470513
2026-01-16 18:44:00,0.9995655411470513
2026-01-16 18:45:00,0.9995655411470513
2026-01-16 18:46:00,0.9995655411470513
2026-01-16 18:47:00,0.9995655411470513
2026-01-16 18:48:00,0.9995655411470513
2026-01-16 18:49:00,0.9995655411470513
2026-01-16 18:50:00,0.9995655411470513
2026-01-16 18:51:00,0.9995655411470513
2026-01-16 18:52:00,0.9995655411470513
2026-01-16 18:53:00,0.9995655411470513
2026-01-16 18:54:00,0.9995655411470513
2026-01-16 18:55:00,0.9995655411470513
2026-01-16 18:56:00,0.9995655411470513
2026-01-16 18:57:00,0.9995655411470513
2026-01-16 18:58:00,0.9995655411470513
2026-01-16 18:59:00,0.9995655411470513
2026-01-16 19:00:00,0.9995655411470513
2026-01-16 19:01:00,0.9995655411470513
2026-01-16 19:02:00,0.9995655411470513
2026-01-16 19:03:00,0.9995655411470513
2026-01-16 19:04:00,0.9995655411470513
2026-01-16 19:05:00,0.9995655411470513
2026-01-16 19:06:00,0.9995655411470513
2026-01-16 19:07:00,0.9995655411470513
2026-01-16 19:08:00,0.9995655411470513
2026-01-16 19:09:00,0.9995655411470513
2026-01-16 19:10:00,0.9995655411470513
2026-01-16 19:11:00,0.9995655411470513
2026-01-16 19:12:00,0.9995655411470513
2026-01-16 19:13:00,0.9995655411470513
2026-01-16 19:14:00,0.9995655411470513
2026-01-16 19:15:00,0.9995655411470513
2026-01-16 19:16:00,0.9995655411470513
2026-01-16 19:17:00,0.9995655411470513
2026-01-16 19:18:00,0.9995655411470513
2026-01-16 19:19:00,0.9995655411470513
2026-01-16 19:20:00,0.9995655411470513
2026-01-16 19:21:00,0.9995655411470513
2026-01-16 19:22:00,0.9995655411470513
2026-01-16 19:23:00,0.9995655411470513
2026-01-16 19:24:00,0.9995655411470513
2026-01-16 19:25:00,0.9995655411470513
2026-01-16 19:26:00,0.9995655411470513
2026-01-16 19:27:00,0.9995655411470513
2026-01-16 19:28:00,0.9995655411470513
2026-01-16 19:29:00,0.9995655411470513
2026-01-16 19:30:00,0.9995655411470513
2026-01-16 19:31:00,0.9995655411470513
2026-01-16 19:32:00,0.9995655411470513
2026-01-16 19:33:00,0.9995655411470513
2026-01-16 19:34:00,0.9995655411470513
2026-01-16 19:35:00,0.9995655411470513
2026-01-16 19:36:00,0.9995655411470513
2026-01-16 19:37:00,0.9995655411470513
2026-01-16 19:38:00,0.9995655411470513
2026-01-16 19:39:00,0.9995655411470513
2026-01-16 19:40:00,0.9995655411470513
2026-01-16 19:41:00,0.9995655411470513
2026-01-16 19:42:00,0.9995655411470513
2026-01-16 19:43:00,0.9995655411470513
2026-01-16 19:44:00,0.9995655411470513
2026-01-16 19:45:00,0.9995655411470513
2026-01-16 19:46:00,0.9995655411470513
2026-01-16 19:47:00,0.9995655411470513
2026-01-16 19:48:00,0.9995655411470513
2026-01-16 19:49:00,0.9995655411470513
2026-01-16 19:50:00,0.9995655411470513
2026-01-16 19:51:00,0.9995655411470513
2026-01-16 19:52:00,0.9995655411470513
2026-01-16 19:53:00,0.9995655411470513
2026-01-16 19:54:00,0.9995655411470513
2026-01-16 19:55:00,0.9995655411470513
2026-01-16 19:56:00,0.9995655411470513
2026-01-16 19:57:00,0.9995655411470513
2026-01-16 19:58:00,0.9995655411470513
2026-01-16 19:59:00,0.9995655411470513
2026-01-16 20:00:00,0.9995655411470513
2026-01-16 20:01:00,0.9995655411470513
2026-01-16 20:02:00,0.9995655411470513
2026-01-16 20:03:00,0.9995655411470513
2026-01-16 20:04:00,0.9995655411470513
2026-01-16 20:05:00,0.9995655411470513
2026-01-16 20:06:00,0.9995655411470513
2026-01-16 20:07:00,0.9995655411470513
2026-01-16 20:08:00,0.9995655411470513
2026-01-16 20:09:00,0.9995655411470513
2026-01-16 20:10:00,0.9995655411470513
2026-01-16 20:11:00,0.9995655411470513
2026-01-16 20:12:00,0.9995655411470513
2026-01-16 20:13:00,0.9995655411470513
2026-01-16 20:14:00,0.9995655411470513
2026-01-16 20:15:00,0.9995655411470513
2026-01-16 20:16:00,0.9995655411470513
2026-01-16 20:17:00,0.9995655411470513
2026-01-16 20:18:00,0.9995655411470513
2026-01-16 20:19:00,0.9995655411470513
2026-01-16 20:20:00,0.9995655411470513
2026-01-16 20:21:00,0.9995655411470513
2026-01-16 20:22:00,0.9995655411470513
2026-01-16 20:23:00,0.9995655411470513
2026-01-16 20:24:00,0.9995655411470513
2026-01-16 20:25:00,0.9995655411470513
2026-01-16 20:26:00,0.9995655411470513
2026-01-16 20:27:00,0.9990584648398697
2026-01-16 20:28:00,0.9990584648398697
2026-01-16 20:29:00,0.9990584648398697
2026-01-16 20:30:00,0.9990584648398697
2026-01-16 20:31:00,0.9990584648398697
2026-01-16 20:32:00,0.9990584648398697
2026-01-16 20:33:00,0.9990584648398697
2026-01-16 20:34:00,0.9990584648398697
2026-01-16 20:35:00,0.9990584648398697
2026-01-16 20:36:00,0.9990584648398697
2026-01-16 20:37:00,0.9990584648398697
2026-01-16 20:38:00,0.9990584648398697
2026-01-16 20:39:00,0.9990584648398697
2026-01-16 20:40:00,0.9990584648398697
2026-01-16 20:41:00,0.9990584648398697
2026-01-16 20:42:00,0.9990584648398697
2026-01-16 20:43:00,0.9990584648398697
2026-01-16 20:44:00,0.9990584648398697
2026-01-16 20:45:00,0.9990584648398697
2026-01-16 20:46:00,0.9990584648398697
2026-01-16 20:47:00,0.9990584648398697
2026-01-16 20:48:00,0.9990584648398697
2026-01-16 20:49:00,0.9990584648398697
2026-01-16 20:50:00,0.9990584648398697
2026-01-16 20:51:00,0.9990584648398697
2026-01-16 20:52:00,0.9990584648398697
2026-01-16 20:53:00,0.9990584648398697
2026-01-16 20:54:00,0.9990584648398697
2026-01-16 20:55:00,0.9990584648398697
2026-01-16 20:56:00,0.9990584648398697
2026-01-16 20:57:00,0.9990584648398697
2026-01-16 20:58:00,0.9990584648398697
2026-01-16 20:59:00,0.9990584648398697
2026-01-20 14:30:00,0.9990584648398697
2026-01-20 14:31:00,0.9990584648398697
2026-01-20 14:32:00,0.9990584648398697
2026-01-20 14:33:00,0.9990584648398697
2026-01-20 14:34:00,0.9990584648398697
2026-01-20 14:35:00,0.9990584648398697
2026-01-20 14:36:00,0.9990584648398697
2026-01-20 14:37:00,0.9990584648398697
2026-01-20 14:38:00,0.9990584648398697
2026-01-20 14:39:00,0.9990584648398697
2026-01-20 14:40:00,0.9990584648398697
2026-01-20 14:41:00,0.9990584648398697
2026-01-20 14:42:00,0.9990584648398697
2026-01-20 14:43:00,0.9990584648398697
2026-01-20 14:44:00,0.9990584648398697
2026-01-20 14:45:00,1.010193815113719
2026-01-20 14:46:00,1.010193815113719
2026-01-20 14:47:00,1.010193815113719
2026-01-20 14:48:00,1.010193815113719
2026-01-20 14:49:00,1.010193815113719
2026-01-20 14:50:00,1.010193815113719
2026-01-20 14:51:00,1.010193815113719
2026-01-20 14:52:00,1.010193815113719
2026-01-20 14:53:00,1.010193815113719
2026-01-20 14:54:00,1.010193815113719
2026-01-20 14:55:00,1.010193815113719
2026-01-20 14:56:00,1.010193815113719
2026-01-20 14:57:00,1.010193815113719
2026-01-20 14:58:00,1.010193815113719
2026-01-20 14:59:00,1.010193815113719
2026-01-20 15:00:00,1.010193815113719
2026-01-20 15:01:00,1.010193815113719
2026-01-20 15:02:00,1.010193815113719
2026-01-20 15:03:00,1.010193815113719
2026-01-20 15:04:00,1.010193815113719
2026-01-20 15:05:00,1.010193815113719
2026-01-20 15:06:00,1.010193815113719
2026-01-20 15:07:00,1.010193815113719
2026-01-20 15:08:00,1.010193815113719
2026-01-20 15:09:00,1.010193815113719
2026-01-20 15:10:00,1.010193815113719
2026-01-20 15:11:00,1.010193815113719
2026-01-20 15:12:00,1.010193815113719
2026-01-20 15:13:00,1.010193815113719
2026-01-20 15:14:00,1.010193815113719
2026-01-20 15:15:00,1.010193815113719
2026-01-20 15:16:00,1.010193815113719
2026-01-20 15:17:00,1.010193815113719
2026-01-20 15:18:00,1.010193815113719
2026-01-20 15:19:00,1.010193815113719
2026-01-20 15:20:00,1.010193815113719
2026-01-20 15:21:00,1.010193815113719
2026-01-20 15:22:00,1.010193815113719
2026-01-20 15:23:00,1.010193815113719
2026-01-20 15:24:00,1.010193815113719
2026-01-20 15:25:00,1.010193815113719
2026-01-20 15:26:00,1.010193815113719
2026-01-20 15:27:00,1.010193815113719
2026-01-20 15:28:00,1.010193815113719
2026-01-20 15:29:00,1.010193815113719
2026-01-20 15:30:00,1.010193815113719
2026-01-20 15:31:00,1.010193815113719
2026-01-20 15:32:00,1.010193815113719
2026-01-20 15:33:00,1.010193815113719
2026-01-20 15:34:00,1.010193815113719
2026-01-20 15:35:00,1.010193815113719
2026-01-20 15:36:00,1.0121262355238754
2026-01-20 15:37:00,1.0121262355238754
2026-01-20 15:38:00,1.0121262355238754
2026-01-20 15:39:00,1.0121262355238754
2026-01-20 15:40:00,1.0121262355238754
2026-01-20 15:41:00,1.0121262355238754
2026-01-20 15:42:00,1.0121262355238754
2026-01-20 15:43:00,1.0121262355238754
2026-01-20 15:44:00,1.0121262355238754
2026-01-20 15:45:00,1.0121262355238754
2026-01-20 15:46:00,1.0121262355238754
2026-01-20 15:47:00,1.0121262355238754
2026-01-20 15:48:00,1.0121262355238754
2026-01-20 15:49:00,1.0121262355238754
2026-01-20 15:50:00,1.0121262355238754
2026-01-20 15:51:00,1.0121262355238754
2026-01-20 15:52:00,1.0121262355238754
2026-01-20 15:53:00,1.0121262355238754
2026-01-20 15:54:00,1.0121262355238754
2026-01-20 15:55:00,1.0121262355238754
2026-01-20 15:56:00,1.0121262355238754
2026-01-20 15:57:00,1.0121262355238754
2026-01-20 15:58:00,1.0121262355238754
2026-01-20 15:59:00,1.0121262355238754
2026-01-20 16:00:00,1.0121262355238754
2026-01-20 16:01:00,1.0121262355238754
2026-01-20 16:02:00,1.0121262355238754
2026-01-20 16:03:00,1.0121262355238754
2026-01-20 16:04:00,1.0121262355238754
2026-01-20 16:05:00,1.0121262355238754
2026-01-20 16:06:00,1.0121262355238754
2026-01-20 16:07:00,1.0121262355238754
2026-01-20 16:08:00,1.0121262355238754
2026-01-20 16:09:00,1.0121262355238754
2026-01-20 16:10:00,1.0121262355238754
2026-01-20 16:11:00,1.0121262355238754
2026-01-20 16:12:00,1.0121262355238754
2026-01-20 16:13:00,1.0121262355238754
2026-01-20 16:14:00,1.0121262355238754
2026-01-20 16:15:00,1.0121262355238754
2026-01-20 16:16:00,1.0124079808827182
2026-01-20 16:17:00,1.0124079808827182
2026-01-20 16:18:00,1.0124079808827182
2026-01-20 16:19:00,1.0124079808827182
2026-01-20 16:20:00,1.0124079808827182
2026-01-20 16:21:00,1.0124079808827182
2026-01-20 16:22:00,1.0124079808827182
2026-01-20 16:23:00,1.0124079808827182
2026-01-20 16:24:00,1.0124079808827182
2026-01-20 16:25:00,1.0124079808827182
2026-01-20 16:26:00,1.0124079808827182
2026-01-20 16:27:00,1.0124079808827182
2026-01-20 16:28:00,1.0124079808827182
2026-01-20 16:29:00,1.0124079808827182
2026-01-20 16:30:00,1.0124079808827182
2026-01-20 16:31:00,1.0124079808827182
2026-01-20 16:32:00,1.0124079808827182
2026-01-20 16:33:00,1.0124079808827182
2026-01-20 16:34:00,1.0124079808827182
2026-01-20 16:35:00,1.0124079808827182
2026-01-20 16:36:00,1.0124079808827182
2026-01-20 16:37:00,1.0124079808827182
2026-01-20 16:38:00,1.0124079808827182
2026-01-20 16:39:00,1.0124079808827182
2026-01-20 16:40:00,1.0124079808827182
2026-01-20 16:41:00,1.0124079808827182
2026-01-20 16:42:00,1.0124079808827182
2026-01-20 16:43:00,1.0124079808827182
2026-01-20 16:44:00,1.0124079808827182
2026-01-20 16:45:00,1.0124079808827182
2026-01-20 16:46:00,1.014871064152923
2026-01-20 16:47:00,1.014871064152923
2026-01-20 16:48:00,1.014871064152923
2026-01-20 16:49:00,1.014871064152923
2026-01-20 16:50:00,1.014871064152923
2026-01-20 16:51:00,1.014871064152923
2026-01-20 16:52:00,1.014871064152923
2026-01-20 16:53:00,1.014871064152923
2026-01-20 16:54:00,1.014871064152923
2026-01-20 16:55:00,1.014871064152923
2026-01-20 16:56:00,1.014871064152923
2026-01-20 16:57:00,1.014871064152923
2026-01-20 16:58:00,1.014871064152923
2026-01-20 16:59:00,1.014871064152923
2026-01-20 17:00:00,1.014871064152923
2026-01-20 17:01:00,1.014871064152923
2026-01-20 17:02:00,1.01689489669022
2026-01-20 17:03:00,1.01689489669022
2026-01-20 17:04:00,1.01689489669022
2026-01-20 17:05:00,1.01689489669022
2026-01-20 17:06:00,1.01689489669022
2026-01-20 17:07:00,1.01689489669022
2026-01-20 17:08:00,1.01689489669022
2026-01-20 17:09:00,1.01689489669022
2026-01-20 17:10:00,1.01689489669022
2026-01-20 17:11:00,1.01689489669022
2026-01-20 17:12:00,1.01689489669022
2026-01-20 17:13:00,1.01689489669022
2026-01-20 17:14:00,1.01689489669022
2026-01-20 17:15:00,1.01689489669022
2026-01-20 17:16:00,1.01689489669022
2026-01-20 17:17:00,1.01689489669022
2026-01-20 17:18:00,1.01689489669022
2026-01-20 17:19:00,1.01689489669022
2026-01-20 17:20:00,1.01689489669022
2026-01-20 17:21:00,1.01689489669022
2026-01-20 17:22:00,1.01689489669022
2026-01-20 17:23:00,1.01689489669022
2026-01-20 17:24:00,1.01689489669022
2026-01-20 17:25:00,1.01689489669022
2026-01-20 17:26:00,1.01689489669022
2026-01-20 17:27:00,1.01689489669022
2026-01-20 17:28:00,1.016651622135725
2026-01-20 17:29:00,1.016651622135725
2026-01-20 17:30:00,1.016651622135725
2026-01-20 17:31:00,1.016651622135725
2026-01-20 17:32:00,1.016651622135725
2026-01-20 17:33:00,1.016651622135725
2026-01-20 17:34:00,1.016651622135725
2026-01-20 17:35:00,1.016651622135725
2026-01-20 17:36:00,1.016651622135725
2026-01-20 17:37:00,1.016651622135725
2026-01-20 17:38:00,1.016651622135725
2026-01-20 17:39:00,1.016651622135725
2026-01-20 17:40:00,1.016651622135725
2026-01-20 17:41:00,1.016651622135725
2026-01-20 17:42:00,1.016651622135725
2026-01-20 17:43:00,1.016651622135725
2026-01-20 17:44:00,1.016651622135725
2026-01-20 17:45:00,1.016651622135725
2026-01-20 17:46:00,1.016651622135725
2026-01-20 17:47:00,1.016651622135725
2026-01-20 17:48:00,1.016651622135725
2026-01-20 17:49:00,1.016651622135725
2026-01-20 17:50:00,1.016651622135725
2026-01-20 17:51:00,1.016651622135725
2026-01-20 17:52:00,1.016651622135725
2026-01-20 17:53:00,1.016651622135725
2026-01-20 17:54:00,1.016651622135725
2026-01-20 17:55:00,1.016651622135725
2026-01-20 17:56:00,1.016651622135725
2026-01-20 17:57:00,1.016651622135725
2026-01-20 17:58:00,1.016651622135725
2026-01-20 17:59:00,1.016651622135725
2026-01-20 18:00:00,1.016651622135725
2026-01-20 18:01:00,1.016651622135725
2026-01-20 18:02:00,1.016651622135725
2026-01-20 18:03:00,1.016651622135725
2026-01-20 18:04:00,1.016651622135725
2026-01-20 18:05:00,1.016651622135725
2026-01-20 18:06:00,1.016651622135725
2026-01-20 18:07:00,1.016651622135725
2026-01-20 18:08:00,1.016651622135725
2026-01-20 18:09:00,1.016651622135725
2026-01-20 18:10:00,1.016651622135725
2026-01-20 18:11:00,1.016651622135725
2026-01-20 18:12:00,1.016651622135725
2026-01-20 18:13:00,1.016651622135725
2026-01-20 18:14:00,1.016651622135725
2026-01-20 18:15:00,1.016651622135725
2026-01-20 18:16:00,1.016651622135725
2026-01-20 18:17:00,1.016651622135725
2026-01-20 18:18:00,1.016651622135725
2026-01-20 18:19:00,1.016651622135725
2026-01-20 18:20:00,1.016651622135725
2026-01-20 18:21:00,1.016651622135725
2026-01-20 18:22:00,1.016651622135725
2026-01-20 18:23:00,1.016651622135725
2026-01-20 18:24:00,1.016651622135725
2026-01-20 18:25:00,1.016651622135725
2026-01-20 18:26:00,1.016651622135725
2026-01-20 18:27:00,1.016651622135725
2026-01-20 18:28:00,1.016651622135725
2026-01-20 18:29:00,1.016651622135725
2026-01-20 18:30:00,1.016651622135725
2026-01-20 18:31:00,1.016651622135725
2026-01-20 18:32:00,1.016651622135725
2026-01-20 18:33:00,1.016651622135725
2026-01-20 18:34:00,1.016651622135725
2026-01-20 18:35:00,1.016651622135725
2026-01-20 18:36:00,1.016651622135725
2026-01-20 18:37:00,1.016651622135725
2026-01-20 18:38:00,1.0134039148010767
2026-01-20 18:39:00,1.0134039148010767
2026-01-20 18:40:00,1.0134039148010767
2026-01-20 18:41:00,1.0134039148010767
2026-01-20 18:42:00,1.0134039148010767
2026-01-20 18:43:00,1.0134039148010767
2026-01-20 18:44:00,1.0134039148010767
2026-01-20 18:45:00,1.0134039148010767
2026-01-20 18:46:00,1.0134039148010767
2026-01-20 18:47:00,1.0134039148010767
2026-01-20 18:48:00,1.0134039148010767
2026-01-20 18:49:00,1.0134039148010767
2026-01-20 18:50:00,1.0134039148010767
2026-01-20 18:51:00,1.0134039148010767
2026-01-20 18:52:00,1.0134039148010767
2026-01-20 18:53:00,1.0134039148010767
2026-01-20 18:54:00,1.0134039148010767
2026-01-20 18:55:00,1.0134039148010767
2026-01-20 18:56:00,1.0134039148010767
2026-01-20 18:57:00,1.0134039148010767
2026-01-20 18:58:00,1.0134039148010767
2026-01-20 18:59:00,1.0134039148010767
2026-01-20 19:00:00,1.0134039148010767
2026-01-20 19:01:00,1.0134039148010767
2026-01-20 19:02:00,1.0134039148010767
2026-01-20 19:03:00,1.0134039148010767
2026-01-20 19:04:00,1.0134039148010767
2026-01-20 19:05:00,1.0134039148010767
2026-01-20 19:06:00,1.0134039148010767
2026-01-20 19:07:00,1.0134039148010767
2026-01-20 19:08:00,1.0134039148010767
2026-01-20 19:09:00,1.0134039148010767
2026-01-20 19:10:00,1.0134039148010767
2026-01-20 19:11:00,1.0134039148010767
2026-01-20 19:12:00,1.0134039148010767
2026-01-20 19:13:00,1.0152828170500905
2026-01-20 19:14:00,1.0152828170500905
2026-01-20 19:15:00,1.0152828170500905
2026-01-20 19:16:00,1.0152828170500905
2026-01-20 19:17:00,1.0152828170500905
2026-01-20 19:18:00,1.0152828170500905
2026-01-20 19:19:00,1.0152828170500905
2026-01-20 19:20:00,1.0152828170500905
2026-01-20 19:21:00,1.0152828170500905
2026-01-20 19:22:00,1.0152828170500905
2026-01-20 19:23:00,1.0152828170500905
2026-01-20 19:24:00,1.0152828170500905
2026-01-20 19:25:00,1.0152828170500905
2026-01-20 19:26:00,1.0152828170500905
2026-01-20 19:27:00,1.0152828170500905
2026-01-20 19:28:00,1.0152828170500905
2026-01-20 19:29:00,1.0152828170500905
2026-01-20 19:30:00,1.0152828170500905
2026-01-20 19:31:00,1.0152828170500905
2026-01-20 19:32:00,1.0152828170500905
2026-01-20 19:33:00,1.0152828170500905
2026-01-20 19:34:00,1.0152828170500905
2026-01-20 19:35:00,1.0152828170500905
2026-01-20 19:36:00,1.0152828170500905
2026-01-20 19:37:00,1.0152828170500905
2026-01-20 19:38:00,1.015132022069619
2026-01-20 19:39:00,1.015132022069619
2026-01-20 19:40:00,1.015132022069619
2026-01-20 19:41:00,1.015132022069619
2026-01-20 19:42:00,1.015132022069619
2026-01-20 19:43:00,1.015132022069619
2026-01-20 19:44:00,1.015132022069619
2026-01-20 19:45:00,1.015132022069619
2026-01-20 19:46:00,1.015132022069619
2026-01-20 19:47:00,1.015132022069619
2026-01-20 19:48:00,1.015132022069619
2026-01-20 19:49:00,1.015132022069619
2026-01-20 19:50:00,1.015132022069619
2026-01-20 19:51:00,1.015132022069619
2026-01-20 19:52:00,1.015132022069619
2026-01-20 19:53:00,1.015132022069619
2026-01-20 19:54:00,1.015132022069619
2026-01-20 19:55:00,1.015132022069619
2026-01-20 19:56:00,1.015132022069619
2026-01-20 19:57:00,1.015132022069619
2026-01-20 19:58:00,1.015132022069619
2026-01-20 19:59:00,1.015132022069619
2026-01-20 20:00:00,1.015132022069619
2026-01-20 20:01:00,1.015132022069619
2026-01-20 20:02:00,1.015132022069619
2026-01-20 20:03:00,1.015132022069619
2026-01-20 20:04:00,1.015132022069619
2026-01-20 20:05:00,1.015132022069619
2026-01-20 20:06:00,1.015132022069619
2026-01-20 20:07:00,1.015132022069619
2026-01-20 20:08:00,1.015132022069619
2026-01-20 20:09:00,1.015132022069619
2026-01-20 20:10:00,1.015132022069619
2026-01-20 20:11:00,1.015132022069619
2026-01-20 20:12:00,1.015132022069619
2026-01-20 20:13:00,1.015132022069619
2026-01-20 20:14:00,1.015132022069619
2026-01-20 20:15:00,1.015132022069619
2026-01-20 20:16:00,1.015132022069619
2026-01-20 20:17:00,1.015132022069619
2026-01-20 20:18:00,1.015132022069619
2026-01-20 20:19:00,1.015132022069619
2026-01-20 20:20:00,1.015132022069619
2026-01-20 20:21:00,1.015132022069619
2026-01-20 20:22:00,1.015132022069619
2026-01-20 20:23:00,1.015132022069619
2026-01-20 20:24:00,1.015132022069619
2026-01-20 20:25:00,1.015132022069619
2026-01-20 20:26:00,1.015132022069619
2026-01-20 20:27:00,1.015132022069619
2026-01-20 20:28:00,1.015132022069619
2026-01-20 20:29:00,1.015132022069619
2026-01-20 20:30:00,1.015132022069619
2026-01-20 20:31:00,1.015132022069619
2026-01-20 20:32:00,1.015132022069619
2026-01-20 20:33:00,1.015132022069619
2026-01-20 20:34:00,1.015132022069619
2026-01-20 20:35:00,1.0095738695774314
2026-01-20 20:36:00,1.0095738695774314
2026-01-20 20:37:00,1.0095738695774314
2026-01-20 20:38:00,1.0095738695774314
2026-01-20 20:39:00,1.0095738695774314
2026-01-20 20:40:00,1.0095738695774314
2026-01-20 20:41:00,1.0095738695774314
2026-01-20 20:42:00,1.0095738695774314
2026-01-20 20:43:00,1.0095738695774314
2026-01-20 20:44:00,1.0095738695774314
2026-01-20 20:45:00,1.0095738695774314
2026-01-20 20:46:00,1.0095738695774314
2026-01-20 20:47:00,1.0095738695774314
2026-01-20 20:48:00,1.0095738695774314
2026-01-20 20:49:00,1.0095738695774314
2026-01-20 20:50:00,1.0095738695774314
2026-01-20 20:51:00,1.0095738695774314
2026-01-20 20:52:00,1.0095738695774314
2026-01-20 20:53:00,1.0095738695774314
2026-01-20 20:54:00,1.0095738695774314
2026-01-20 20:55:00,1.0095738695774314
2026-01-20 20:56:00,1.0095738695774314
2026-01-20 20:57:00,1.0095738695774314
2026-01-20 20:58:00,1.0095738695774314
2026-01-20 20:59:00,1.0095738695774314
2026-01-21 14:30:00,1.0095738695774314
2026-01-21 14:31:00,1.0095738695774314
2026-01-21 14:32:00,1.0095738695774314
2026-01-21 14:33:00,1.0095738695774314
2026-01-21 14:34:00,1.0095738695774314
2026-01-21 14:35:00,1.0095738695774314
2026-01-21 14:36:00,1.0095738695774314
2026-01-21 14:37:00,1.0095738695774314
2026-01-21 14:38:00,1.0095738695774314
2026-01-21 14:39:00,1.0095738695774314
2026-01-21 14:40:00,1.0095738695774314
2026-01-21 14:41:00,1.0095738695774314
2026-01-21 14:42:00,1.0095738695774314
2026-01-21 14:43:00,1.0095738695774314
2026-01-21 14:44:00,1.0095738695774314
2026-01-21 14:45:00,1.0095738695774314
2026-01-21 14:46:00,1.017758165541567
2026-01-21 14:47:00,1.017758165541567
2026-01-21 14:48:00,1.017758165541567
2026-01-21 14:49:00,1.017758165541567
2026-01-21 14:50:00,1.017758165541567
2026-01-21 14:51:00,1.017758165541567
2026-01-21 14:52:00,1.017758165541567
2026-01-21 14:53:00,1.017758165541567
2026-01-21 14:54:00,1.017758165541567
2026-01-21 14:55:00,1.017758165541567
2026-01-21 14:56:00,1.017758165541567
2026-01-21 14:57:00,1.017758165541567
2026-01-21 14:58:00,1.017758165541567
2026-01-21 14:59:00,1.017758165541567
2026-01-21 15:00:00,1.017758165541567
2026-01-21 15:01:00,1.017758165541567
2026-01-21 15:02:00,1.017758165541567
2026-01-21 15:03:00,1.017758165541567
2026-01-21 15:04:00,1.0209764384127002
2026-01-21 15:05:00,1.0209764384127002
2026-01-21 15:06:00,1.0209764384127002
2026-01-21 15:07:00,1.0209764384127002
2026-01-21 15:08:00,1.0209764384127002
2026-01-21 15:09:00,1.0209764384127002
2026-01-21 15:10:00,1.0209764384127002
2026-01-21 15:11:00,1.0209764384127002
2026-01-21 15:12:00,1.0209764384127002
2026-01-21 15:13:00,1.0209764384127002
2026-01-21 15:14:00,1.0209764384127002
2026-01-21 15:15:00,1.0209764384127002
2026-01-21 15:16:00,1.0209764384127002
2026-01-21 15:17:00,1.0209764384127002
2026-01-21 15:18:00,1.0209764384127002
2026-01-21 15:19:00,1.0209764384127002
2026-01-21 15:20:00,1.0209764384127002
2026-01-21 15:21:00,1.0209764384127002
2026-01-21 15:22:00,1.0209764384127002
2026-01-21 15:23:00,1.0209764384127002
2026-01-21 15:24:00,1.0209764384127002
2026-01-21 15:25:00,1.0209764384127002
2026-01-21 15:26:00,1.0209764384127002
2026-01-21 15:27:00,1.0209764384127002
2026-01-21 15:28:00,1.0209764384127002
2026-01-21 15:29:00,1.0209764384127002
2026-01-21 15:30:00,1.0209764384127002
2026-01-21 15:31:00,1.0209764384127002
2026-01-21 15:32:00,1.0209764384127002
2026-01-21 15:33:00,1.0209764384127002
2026-01-21 15:34:00,1.0209764384127002
2026-01-21 15:35:00,1.0209764384127002
2026-01-21 15:36:00,1.0209764384127002
2026-01-21 15:37:00,1.0209764384127002
2026-01-21 15:38:00,1.0209764384127002
2026-01-21 15:39:00,1.0209764384127002
2026-01-21 15:40:00,1.0209764384127002
2026-01-21 15:41:00,1.0209764384127002
2026-01-21 15:42:00,1.0209764384127002
2026-01-21 15:43:00,1.0209764384127002
2026-01-21 15:44:00,1.0209764384127002
2026-01-21 15:45:00,1.0209764384127002
2026-01-21 15:46:00,1.0209764384127002
2026-01-21 15:47:00,1.0209764384127002
2026-01-21 15:48:00,1.0209764384127002
2026-01-21 15:49:00,1.0209764384127002
2026-01-21 15:50:00,1.0209764384127002
2026-01-21 15:51:00,1.0209764384127002
2026-01-21 15:52:00,1.0209764384127002
2026-01-21 15:53:00,1.0209764384127002
2026-01-21 15:54:00,1.0209764384127002
2026-01-21 15:55:00,1.0209764384127002
2026-01-21 15:56:00,1.0209764384127002
2026-01-21 15:57:00,1.0209764384127002
2026-01-21 15:58:00,1.0209764384127002
2026-01-21 15:59:00,1.0216557316081383
2026-01-21 16:00:00,1.0216557316081383
2026-01-21 16:01:00,1.0216557316081383
2026-01-21 16:02:00,1.0216557316081383
2026-01-21 16:03:00,1.0216557316081383
2026-01-21 16:04:00,1.0216557316081383
2026-01-21 16:05:00,1.0216557316081383
2026-01-21 16:06:00,1.0216557316081383
2026-01-21 16:07:00,1.0216557316081383
2026-01-21 16:08:00,1.0216557316081383
2026-01-21 16:09:00,1.0216557316081383
2026-01-21 16:10:00,1.0216557316081383
2026-01-21 16:11:00,1.0216557316081383
2026-01-21 16:12:00,1.0216557316081383
2026-01-21 16:13:00,1.0216557316081383
2026-01-21 16:14:00,1.0216557316081383
2026-01-21 16:15:00,1.0216557316081383
2026-01-21 16:16:00,1.0216557316081383
2026-01-21 16:17:00,1.0216557316081383
2026-01-21 16:18:00,1.0216557316081383
2026-01-21 16:19:00,1.0216557316081383
2026-01-21 16:20:00,1.0216557316081383
2026-01-21 16:21:00,1.0216557316081383
2026-01-21 16:22:00,1.0216557316081383
2026-01-21 16:23:00,1.0216557316081383
2026-01-21 16:24:00,1.0216557316081383
2026-01-21 16:25:00,1.0216557316081383
2026-01-21 16:26:00,1.0216557316081383
2026-01-21 16:27:00,1.0216557316081383
2026-01-21 16:28:00,1.0216557316081383
2026-01-21 16:29:00,1.0216557316081383
2026-01-21 16:30:00,1.0216557316081383
2026-01-21 16:31:00,1.0216557316081383
2026-01-21 16:32:00,1.0216557316081383
2026-01-21 16:33:00,1.0216557316081383
2026-01-21 16:34:00,1.0216557316081383
2026-01-21 16:35:00,1.0216557316081383
2026-01-21 16:36:00,1.0216557316081383
2026-01-21 16:37:00,1.0216557316081383
2026-01-21 16:38:00,1.0216557316081383
2026-01-21 16:39:00,1.0216557316081383
2026-01-21 16:40:00,1.0216557316081383
2026-01-21 16:41:00,1.0216557316081383
2026-01-21 16:42:00,1.0216557316081383
2026-01-21 16:43:00,1.0216557316081383
2026-01-21 16:44:00,1.0216557316081383
2026-01-21 16:45:00,1.0216557316081383
2026-01-21 16:46:00,1.0216557316081383
2026-01-21 16:47:00,1.0216557316081383
2026-01-21 16:48:00,1.0216557316081383
2026-01-21 16:49:00,1.0216557316081383
2026-01-21 16:50:00,1.0216557316081383
2026-01-21 16:51:00,1.0216557316081383
2026-01-21 16:52:00,1.0216557316081383
2026-01-21 16:53:00,1.0216557316081383
2026-01-21 16:54:00,1.0216557316081383
2026-01-21 16:55:00,1.0216557316081383
2026-01-21 16:56:00,1.0216557316081383
2026-01-21 16:57:00,1.0216557316081383
2026-01-21 16:58:00,1.0216557316081383
2026-01-21 16:59:00,1.0216557316081383
2026-01-21 17:00:00,1.0216557316081383
2026-01-21 17:01:00,1.0216557316081383
2026-01-21 17:02:00,1.0216557316081383
2026-01-21 17:03:00,1.0216557316081383
2026-01-21 17:04:00,1.0216557316081383
2026-01-21 17:05:00,1.0216557316081383
2026-01-21 17:06:00,1.0216557316081383
2026-01-21 17:07:00,1.0216557316081383
2026-01-21 17:08:00,1.0216557316081383
2026-01-21 17:09:00,1.0216557316081383
2026-01-21 17:10:00,1.0216557316081383
2026-01-21 17:11:00,1.0216557316081383
2026-01-21 17:12:00,1.0216557316081383
2026-01-21 17:13:00,1.0216557316081383
2026-01-21 17:14:00,1.0216557316081383
2026-01-21 17:15:00,1.0216557316081383
2026-01-21 17:16:00,1.0216557316081383
2026-01-21 17:17:00,1.0216557316081383
2026-01-21 17:18:00,1.0216557316081383
2026-01-21 17:19:00,1.0216557316081383
2026-01-21 17:20:00,1.0216557316081383
2026-01-21 17:21:00,1.0230398915411498
2026-01-21 17:22:00,1.0230398915411498
2026-01-21 17:23:00,1.0230398915411498
2026-01-21 17:24:00,1.0230398915411498
2026-01-21 17:25:00,1.0230398915411498
2026-01-21 17:26:00,1.0230398915411498
2026-01-21 17:27:00,1.0230398915411498
2026-01-21 17:28:00,1.0230398915411498
2026-01-21 17:29:00,1.0230398915411498
2026-01-21 17:30:00,1.0230398915411498
2026-01-21 17:31:00,1.0230398915411498
2026-01-21 17:32:00,1.0230398915411498
2026-01-21 17:33:00,1.0230398915411498
2026-01-21 17:34:00,1.0230398915411498
2026-01-21 17:35:00,1.0230398915411498
2026-01-21 17:36:00,1.0230398915411498
2026-01-21 17:37:00,1.0232584898085733
2026-01-21 17:38:00,1.0232584898085733
2026-01-21 17:39:00,1.0232584898085733
2026-01-21 17:40:00,1.0232584898085733
2026-01-21 17:41:00,1.0232584898085733
2026-01-21 17:42:00,1.0232584898085733
2026-01-21 17:43:00,1.0232584898085733
2026-01-21 17:44:00,1.0232584898085733
2026-01-21 17:45:00,1.0232584898085733
2026-01-21 17:46:00,1.0232584898085733
2026-01-21 17:47:00,1.0232584898085733
2026-01-21 17:48:00,1.0232584898085733
2026-01-21 17:49:00,1.0232584898085733
2026-01-21 17:50:00,1.0232584898085733
2026-01-21 17:51:00,1.0232584898085733
2026-01-21 17:52:00,1.0232584898085733
2026-01-21 17:53:00,1.0232584898085733
2026-01-21 17:54:00,1.0232584898085733
2026-01-21 17:55:00,1.0232584898085733
2026-01-21 17:56:00,1.0232584898085733
2026-01-21 17:57:00,1.0232584898085733
2026-01-21 17:58:00,1.0232584898085733
2026-01-21 17:59:00,1.0232584898085733
2026-01-21 18:00:00,1.0232584898085733
2026-01-21 18:01:00,1.0232584898085733
2026-01-21 18:02:00,1.0232584898085733
2026-01-21 18:03:00,1.0232584898085733
2026-01-21 18:04:00,1.0232584898085733
2026-01-21 18:05:00,1.0232584898085733
2026-01-21 18:06:00,1.0232584898085733
2026-01-21 18:07:00,1.0232584898085733
2026-01-21 18:08:00,1.0232584898085733
2026-01-21 18:09:00,1.0232584898085733
2026-01-21 18:10:00,1.0232584898085733
2026-01-21 18:11:00,1.0232584898085733
2026-01-21 18:12:00,1.0232584898085733
2026-01-21 18:13:00,1.0232584898085733
2026-01-21 18:14:00,1.0232584898085733
2026-01-21 18:15:00,1.0232584898085733
2026-01-21 18:16:00,1.0232584898085733
2026-01-21 18:17:00,1.0232584898085733
2026-01-21 18:18:00,1.0232584898085733
2026-01-21 18:19:00,1.0232584898085733
2026-01-21 18:20:00,1.0232584898085733
2026-01-21 18:21:00,1.0232584898085733
2026-01-21 18:22:00,1.0232584898085733
2026-01-21 18:23:00,1.0232584898085733
2026-01-21 18:24:00,1.0232584898085733
2026-01-21 18:25:00,1.0232584898085733
2026-01-21 18:26:00,1.0232584898085733
2026-01-21 18:27:00,1.0232584898085733
2026-01-21 18:28:00,1.0232584898085733
2026-01-21 18:29:00,1.0232584898085733
2026-01-21 18:30:00,1.0232584898085733
2026-01-21 18:31:00,1.0232584898085733
2026-01-21 18:32:00,1.0232584898085733
2026-01-21 18:33:00,1.0232584898085733
2026-01-21 18:34:00,1.0232584898085733
2026-01-21 18:35:00,1.0232584898085733
2026-01-21 18:36:00,1.0232584898085733
2026-01-21 18:37:00,1.0232584898085733
2026-01-21 18:38:00,1.0232584898085733
2026-01-21 18:39:00,1.0232584898085733
2026-01-21 18:40:00,1.0232584898085733
2026-01-21 18:41:00,1.0232584898085733
2026-01-21 18:42:00,1.0232584898085733
2026-01-21 18:43:00,1.0232584898085733
2026-01-21 18:44:00,1.0232584898085733
2026-01-21 18:45:00,1.0232584898085733
2026-01-21 18:46:00,1.0232584898085733
2026-01-21 18:47:00,1.0232584898085733
2026-01-21 18:48:00,1.0232584898085733
2026-01-21 18:49:00,1.0232584898085733
2026-01-21 18:50:00,1.0232584898085733
2026-01-21 18:51:00,1.0232584898085733
2026-01-21 18:52:00,1.0232584898085733
2026-01-21 18:53:00,1.0232584898085733
2026-01-21 18:54:00,1.0232584898085733
2026-01-21 18:55:00,1.0232584898085733
2026-01-21 18:56:00,1.0232584898085733
2026-01-21 18:57:00,1.0232584898085733
2026-01-21 18:58:00,1.0232584898085733
2026-01-21 18:59:00,1.0232584898085733
2026-01-21 19:00:00,1.0232584898085733
2026-01-21 19:01:00,1.0232584898085733
2026-01-21 19:02:00,1.0232584898085733
2026-01-21 19:03:00,1.0232584898085733
2026-01-21 19:04:00,1.0232584898085733
2026-01-21 19:05:00,1.0232584898085733
2026-01-21 19:06:00,1.0232584898085733
2026-01-21 19:07:00,1.0232584898085733
2026-01-21 19:08:00,1.0232584898085733
2026-01-21 19:09:00,1.0232584898085733
2026-01-21 19:10:00,1.0232584898085733
2026-01-21 19:11:00,1.0232584898085733
2026-01-21 19:12:00,1.0232584898085733
2026-01-21 19:13:00,1.0232584898085733
2026-01-21 19:14:00,1.0232584898085733
2026-01-21 19:15:00,1.0232584898085733
2026-01-21 19:16:00,1.0232584898085733
2026-01-21 19:17:00,1.0232584898085733
2026-01-21 19:18:00,1.0232584898085733
2026-01-21 19:19:00,1.0232584898085733
2026-01-21 19:20:00,1.0232584898085733
2026-01-21 19:21:00,1.0232584898085733
2026-01-21 19:22:00,1.0232584898085733
2026-01-21 19:23:00,1.0232584898085733
2026-01-21 19:24:00,1.0232584898085733
2026-01-21 19:25:00,1.0232584898085733
2026-01-21 19:26:00,1.0232584898085733
2026-01-21 19:27:00,1.0232584898085733
2026-01-21 19:28:00,1.0280474661364256
2026-01-21 19:29:00,1.0280474661364256
2026-01-21 19:30:00,1.0280474661364256
2026-01-21 19:31:00,1.0280474661364256
2026-01-21 19:32:00,1.0280474661364256
2026-01-21 19:33:00,1.0280474661364256
2026-01-21 19:34:00,1.0280474661364256
2026-01-21 19:35:00,1.0280474661364256
2026-01-21 19:36:00,1.0280474661364256
2026-01-21 19:37:00,1.0280474661364256
2026-01-21 19:38:00,1.0280474661364256
2026-01-21 19:39:00,1.0280474661364256
2026-01-21 19:40:00,1.0280474661364256
2026-01-21 19:41:00,1.0280474661364256
2026-01-21 19:42:00,1.0280474661364256
2026-01-21 19:43:00,1.0280474661364256
2026-01-21 19:44:00,1.0186810227984744
2026-01-21 19:45:00,1.0186810227984744
2026-01-21 19:46:00,1.0186810227984744
2026-01-21 19:47:00,1.0186810227984744
2026-01-21 19:48:00,1.0186810227984744
2026-01-21 19:49:00,1.0186810227984744
2026-01-21 19:50:00,1.0186810227984744
2026-01-21 19:51:00,1.0186810227984744
2026-01-21 19:52:00,1.0186810227984744
2026-01-21 19:53:00,1.0186810227984744
2026-01-21 19:54:00,1.0186810227984744
2026-01-21 19:55:00,1.0186810227984744
2026-01-21 19:56:00,1.0186810227984744
2026-01-21 19:57:00,1.0186810227984744
2026-01-21 19:58:00,1.0186810227984744
2026-01-21 19:59:00,1.0186810227984744
2026-01-21 20:00:00,1.0162439868587652
2026-01-21 20:05:00,1.0162439868587652
2026-01-21 20:06:00,1.0162439868587652
2026-01-21 20:07:00,1.0162439868587652
2026-01-21 20:08:00,1.0162439868587652
2026-01-21 20:09:00,1.0162439868587652
2026-01-21 20:10:00,1.0162439868587652
2026-01-21 20:11:00,1.0162439868587652
2026-01-21 20:12:00,1.0162439868587652
2026-01-21 20:13:00,1.0162439868587652
2026-01-21 20:14:00,1.0162439868587652
2026-01-21 20:15:00,1.0162439868587652
2026-01-21 20:16:00,1.0162439868587652
2026-01-21 20:17:00,1.0162439868587652
2026-01-21 20:18:00,1.0162439868587652
2026-01-21 20:19:00,1.0162439868587652
2026-01-21 20:20:00,1.0162439868587652
2026-01-21 20:21:00,1.0162439868587652
2026-01-21 20:22:00,1.0162439868587652
2026-01-21 20:23:00,1.0162439868587652
2026-01-21 20:24:00,1.0162439868587652
2026-01-21 20:25:00,1.0162439868587652
2026-01-21 20:26:00,1.0162439868587652
2026-01-21 20:27:00,1.0162439868587652
2026-01-21 20:28:00,1.0162439868587652
2026-01-21 20:29:00,1.0162439868587652
2026-01-21 20:30:00,1.0162439868587652
2026-01-21 20:31:00,1.0162439868587652
2026-01-21 20:32:00,1.0162439868587652
2026-01-21 20:33:00,1.0162439868587652
2026-01-21 20:34:00,1.0162439868587652
2026-01-21 20:35:00,1.0162439868587652
2026-01-21 20:36:00,1.0162439868587652
2026-01-21 20:37:00,1.0162439868587652
2026-01-21 20:38:00,1.0162439868587652
2026-01-21 20:39:00,1.0162439868587652
2026-01-21 20:40:00,1.0162439868587652
2026-01-21 20:41:00,1.0162439868587652
2026-01-21 20:42:00,1.0162439868587652
2026-01-21 20:43:00,1.0162439868587652
2026-01-21 20:44:00,1.0162439868587652
2026-01-21 20:45:00,1.0162439868587652
2026-01-21 20:46:00,1.0162439868587652
2026-01-21 20:47:00,1.0162439868587652
2026-01-21 20:48:00,1.0162439868587652
2026-01-21 20:49:00,1.0162439868587652
2026-01-21 20:50:00,1.0162439868587652
2026-01-21 20:51:00,1.0162439868587652
2026-01-21 20:52:00,1.0162439868587652
2026-01-21 20:53:00,1.0162439868587652
2026-01-21 20:54:00,1.0162439868587652
2026-01-21 20:55:00,1.0162439868587652
2026-01-21 20:56:00,1.0162439868587652
2026-01-21 20:57:00,1.0162439868587652
2026-01-21 20:58:00,1.0162439868587652
2026-01-21 20:59:00,1.0153620491970852
2026-01-22 14:30:00,1.0153620491970852
2026-01-22 14:31:00,1.0153620491970852
2026-01-22 14:32:00,1.0153620491970852
2026-01-22 14:33:00,1.0153620491970852
2026-01-22 14:34:00,1.0153620491970852
2026-01-22 14:35:00,1.0153620491970852
2026-01-22 14:36:00,1.0153620491970852
2026-01-22 14:37:00,1.0153620491970852
2026-01-22 14:38:00,1.0153620491970852
2026-01-22 14:39:00,1.0153620491970852
2026-01-22 14:40:00,1.0153620491970852
2026-01-22 14:41:00,1.0153620491970852
2026-01-22 14:42:00,1.0153620491970852
2026-01-22 14:43:00,1.0153620491970852
2026-01-22 14:44:00,1.0153620491970852
2026-01-22 14:45:00,1.0153620491970852
2026-01-22 14:46:00,1.0163605982143955
2026-01-22 14:47:00,1.0163605982143955
2026-01-22 14:48:00,1.0163605982143955
2026-01-22 14:49:00,1.0163605982143955
2026-01-22 14:50:00,1.0163605982143955
2026-01-22 14:51:00,1.0163605982143955
2026-01-22 14:52:00,1.0163605982143955
2026-01-22 14:53:00,1.0163605982143955
2026-01-22 14:54:00,1.0163605982143955
2026-01-22 14:55:00,1.0163605982143955
2026-01-22 14:56:00,1.0163605982143955
2026-01-22 14:57:00,1.0163605982143955
2026-01-22 14:58:00,1.0163605982143955
2026-01-22 14:59:00,1.0163605982143955
2026-01-22 15:00:00,1.0163605982143955
2026-01-22 15:01:00,1.0163605982143955
2026-01-22 15:02:00,1.0163605982143955
2026-01-22 15:03:00,1.0163605982143955
2026-01-22 15:04:00,1.0163605982143955
2026-01-22 15:05:00,1.0163605982143955
2026-01-22 15:06:00,1.0163605982143955
2026-01-22 15:07:00,1.0163605982143955
2026-01-22 15:08:00,1.0163605982143955
2026-01-22 15:09:00,1.0163605982143955
2026-01-22 15:10:00,1.0163605982143955
2026-01-22 15:11:00,1.0163605982143955
2026-01-22 15:12:00,1.0163605982143955
2026-01-22 15:13:00,1.0163605982143955
2026-01-22 15:14:00,1.0163605982143955
2026-01-22 15:15:00,1.0153032008454328
2026-01-22 15:16:00,1.0153032008454328
2026-01-22 15:17:00,1.0153032008454328
2026-01-22 15:18:00,1.0153032008454328
2026-01-22 15:19:00,1.0153032008454328
2026-01-22 15:20:00,1.0153032008454328
2026-01-22 15:21:00,1.0153032008454328
2026-01-22 15:22:00,1.0153032008454328
2026-01-22 15:23:00,1.0153032008454328
2026-01-22 15:24:00,1.0153032008454328
2026-01-22 15:25:00,1.0153032008454328
2026-01-22 15:26:00,1.0153032008454328
2026-01-22 15:27:00,1.0153032008454328
2026-01-22 15:28:00,1.0153032008454328
2026-01-22 15:29:00,1.0153032008454328
2026-01-22 15:30:00,1.0153032008454328
2026-01-22 15:31:00,1.0153032008454328
2026-01-22 15:32:00,1.0153032008454328
2026-01-22 15:33:00,1.0153032008454328
2026-01-22 15:34:00,1.0153032008454328
2026-01-22 15:35:00,1.0153032008454328
2026-01-22 15:36:00,1.0153032008454328
2026-01-22 15:37:00,1.0153032008454328
2026-01-22 15:38:00,1.0153032008454328
2026-01-22 15:39:00,1.0165633361389512
2026-01-22 15:40:00,1.0165633361389512
2026-01-22 15:41:00,1.0165633361389512
2026-01-22 15:42:00,1.0165633361389512
2026-01-22 15:43:00,1.0165633361389512
2026-01-22 15:44:00,1.0165633361389512
2026-01-22 15:45:00,1.0165633361389512
2026-01-22 15:46:00,1.0165633361389512
2026-01-22 15:47:00,1.0165633361389512
2026-01-22 15:48:00,1.0165633361389512
2026-01-22 15:49:00,1.0165633361389512
2026-01-22 15:50:00,1.0165633361389512
2026-01-22 15:51:00,1.0165633361389512
2026-01-22 15:52:00,1.0165633361389512
2026-01-22 15:53:00,1.0165633361389512
2026-01-22 15:54:00,1.0165633361389512
2026-01-22 15:55:00,1.0165633361389512
2026-01-22 15:56:00,1.0165633361389512
2026-01-22 15:57:00,1.0165633361389512
2026-01-22 15:58:00,1.0165633361389512
2026-01-22 15:59:00,1.0165633361389512
2026-01-22 16:00:00,1.0165633361389512
2026-01-22 16:01:00,1.0165633361389512
2026-01-22 16:02:00,1.0165633361389512
2026-01-22 16:03:00,1.0165633361389512
2026-01-22 16:04:00,1.0165633361389512
2026-01-22 16:05:00,1.0165633361389512
2026-01-22 16:06:00,1.0165633361389512
2026-01-22 16:07:00,1.0165633361389512
2026-01-22 16:08:00,1.0165633361389512
2026-01-22 16:09:00,1.0165633361389512
2026-01-22 16:10:00,1.0165633361389512
2026-01-22 16:11:00,1.0165633361389512
2026-01-22 16:12:00,1.0165633361389512
2026-01-22 16:13:00,1.0165633361389512
2026-01-22 16:14:00,1.0165633361389512
2026-01-22 16:15:00,1.0165633361389512
2026-01-22 16:16:00,1.0165633361389512
2026-01-22 16:17:00,1.0165633361389512
2026-01-22 16:18:00,1.0165633361389512
2026-01-22 16:19:00,1.0165633361389512
2026-01-22 16:20:00,1.0165633361389512
2026-01-22 16:21:00,1.0165633361389512
2026-01-22 16:22:00,1.014955976621809
2026-01-22 16:23:00,1.014955976621809
2026-01-22 16:24:00,1.014955976621809
2026-01-22 16:25:00,1.014955976621809
2026-01-22 16:26:00,1.014955976621809
2026-01-22 16:27:00,1.014955976621809
2026-01-22 16:28:00,1.014955976621809
2026-01-22 16:29:00,1.014955976621809
2026-01-22 16:30:00,1.014955976621809
2026-01-22 16:31:00,1.014955976621809
2026-01-22 16:32:00,1.014955976621809
2026-01-22 16:33:00,1.014955976621809
2026-01-22 16:34:00,1.014955976621809
2026-01-22 16:35:00,1.014955976621809
2026-01-22 16:36:00,1.014955976621809
2026-01-22 16:37:00,1.014955976621809
2026-01-22 16:38:00,1.014955976621809
2026-01-22 16:39:00,1.014955976621809
2026-01-22 16:40:00,1.014955976621809
2026-01-22 16:41:00,1.014955976621809
2026-01-22 16:42:00,1.014955976621809
2026-01-22 16:43:00,1.014955976621809
2026-01-22 16:44:00,1.014955976621809
2026-01-22 16:45:00,1.014955976621809
2026-01-22 16:46:00,1.014955976621809
2026-01-22 16:47:00,1.014955976621809
2026-01-22 16:48:00,1.014955976621809
2026-01-22 16:49:00,1.014955976621809
2026-01-22 16:50:00,1.014955976621809
2026-01-22 16:51:00,1.014955976621809
2026-01-22 16:52:00,1.014955976621809
2026-01-22 16:53:00,1.014955976621809
2026-01-22 16:54:00,1.014955976621809
2026-01-22 16:55:00,1.0153622028295088
2026-01-22 16:56:00,1.0153622028295088
2026-01-22 16:57:00,1.0153622028295088
2026-01-22 16:58:00,1.0153622028295088
2026-01-22 16:59:00,1.0153622028295088
2026-01-22 17:00:00,1.0153622028295088
2026-01-22 17:01:00,1.0153622028295088
2026-01-22 17:02:00,1.0153622028295088
2026-01-22 17:03:00,1.0153622028295088
2026-01-22 17:04:00,1.0153622028295088
2026-01-22 17:05:00,1.0153622028295088
2026-01-22 17:06:00,1.0153622028295088
2026-01-22 17:07:00,1.0153622028295088
2026-01-22 17:08:00,1.0153622028295088
2026-01-22 17:09:00,1.0153622028295088
2026-01-22 17:10:00,1.0153622028295088
2026-01-22 17:11:00,1.0153622028295088
2026-01-22 17:12:00,1.0153622028295088
2026-01-22 17:13:00,1.0153622028295088
2026-01-22 17:14:00,1.0153622028295088
2026-01-22 17:15:00,1.0153622028295088
2026-01-22 17:16:00,1.0153622028295088
2026-01-22 17:17:00,1.0160945382528606
2026-01-22 17:18:00,1.0160945382528606
2026-01-22 17:19:00,1.0160945382528606
2026-01-22 17:20:00,1.0160945382528606
2026-01-22 17:21:00,1.0160945382528606
2026-01-22 17:22:00,1.0160945382528606
2026-01-22 17:23:00,1.0160945382528606
2026-01-22 17:24:00,1.0160945382528606
2026-01-22 17:25:00,1.0160945382528606
2026-01-22 17:26:00,1.0160945382528606
2026-01-22 17:27:00,1.0160945382528606
2026-01-22 17:28:00,1.0160945382528606
2026-01-22 17:29:00,1.0160945382528606
2026-01-22 17:30:00,1.0160945382528606
2026-01-22 17:31:00,1.0160945382528606
2026-01-22 17:32:00,1.0160945382528606
2026-01-22 17:33:00,1.0160945382528606
2026-01-22 17:34:00,1.0160945382528606
2026-01-22 17:35:00,1.0160945382528606
2026-01-22 17:40:00,1.0160945382528606
2026-01-22 17:41:00,1.0160945382528606
2026-01-22 17:42:00,1.0160945382528606
2026-01-22 17:43:00,1.0160945382528606
2026-01-22 17:44:00,1.0160945382528606
2026-01-22 17:45:00,1.0160945382528606
2026-01-22 17:46:00,1.0160945382528606
2026-01-22 17:47:00,1.0160945382528606
2026-01-22 17:48:00,1.0160945382528606
2026-01-22 17:49:00,1.0160945382528606
2026-01-22 17:50:00,1.0160945382528606
2026-01-22 17:51:00,1.0160945382528606
2026-01-22 17:52:00,1.0160945382528606
2026-01-22 17:53:00,1.0160945382528606
2026-01-22 17:54:00,1.0160945382528606
2026-01-22 17:55:00,1.0160945382528606
2026-01-22 17:56:00,1.0160945382528606
2026-01-22 17:57:00,1.0160945382528606
2026-01-22 17:58:00,1.0160945382528606
2026-01-22 17:59:00,1.0160945382528606
2026-01-22 18:00:00,1.0160945382528606
2026-01-22 18:01:00,1.0160945382528606
2026-01-22 18:02:00,1.0160945382528606
2026-01-22 18:03:00,1.0160945382528606
2026-01-22 18:04:00,1.0160945382528606
2026-01-22 18:05:00,1.0160945382528606
2026-01-22 18:06:00,1.0160945382528606
2026-01-22 18:07:00,1.0160945382528606
2026-01-22 18:08:00,1.0160945382528606
2026-01-22 18:09:00,1.0160945382528606
2026-01-22 18:10:00,1.0160945382528606
2026-01-22 18:11:00,1.0160945382528606
2026-01-22 18:12:00,1.0160945382528606
2026-01-22 18:13:00,1.0160945382528606
2026-01-22 18:14:00,1.0160945382528606
2026-01-22 18:15:00,1.0160945382528606
2026-01-22 18:16:00,1.0160945382528606
2026-01-22 18:17:00,1.0160945382528606
2026-01-22 18:18:00,1.0160945382528606
2026-01-22 18:19:00,1.0160945382528606
2026-01-22 18:20:00,1.0160945382528606
2026-01-22 18:21:00,1.0160945382528606
2026-01-22 18:26:00,1.0160945382528606
2026-01-22 18:27:00,1.0160945382528606
2026-01-22 18:28:00,1.0160945382528606
2026-01-22 18:29:00,1.0160945382528606
2026-01-22 18:30:00,1.0160945382528606
2026-01-22 18:31:00,1.0160945382528606
2026-01-22 18:32:00,1.0160945382528606
2026-01-22 18:33:00,1.0160945382528606
2026-01-22 18:34:00,1.0160945382528606
2026-01-22 18:35:00,1.0160945382528606
2026-01-22 18:36:00,1.0160945382528606
2026-01-22 18:37:00,1.0160945382528606
2026-01-22 18:38:00,1.0160945382528606
2026-01-22 18:39:00,1.0160945382528606
2026-01-22 18:40:00,1.0160945382528606
2026-01-22 18:41:00,1.0160945382528606
2026-01-22 18:42:00,1.0160945382528606
2026-01-22 18:43:00,1.0160945382528606
2026-01-22 18:44:00,1.0160945382528606
2026-01-22 18:45:00,1.0160945382528606
2026-01-22 18:46:00,1.0160945382528606
2026-01-22 18:47:00,1.0160945382528606
2026-01-22 18:48:00,1.0160945382528606
2026-01-22 18:49:00,1.0160945382528606
2026-01-22 18:50:00,1.0160945382528606
2026-01-22 18:51:00,1.0160945382528606
2026-01-22 18:52:00,1.0160945382528606
2026-01-22 18:53:00,1.0160945382528606
2026-01-22 18:54:00,1.0160945382528606
2026-01-22 18:55:00,1.0160945382528606
2026-01-22 18:56:00,1.0160945382528606
2026-01-22 18:57:00,1.0160945382528606
2026-01-22 18:58:00,1.0160945382528606
2026-01-22 18:59:00,1.0160945382528606
2026-01-22 19:00:00,1.0160945382528606
2026-01-22 19:01:00,1.0160945382528606
2026-01-22 19:02:00,1.0160945382528606
2026-01-22 19:03:00,1.0160945382528606
2026-01-22 19:04:00,1.0160945382528606
2026-01-22 19:05:00,1.0160945382528606
2026-01-22 19:06:00,1.0160945382528606
2026-01-22 19:07:00,1.0160945382528606
2026-01-22 19:08:00,1.0160945382528606
2026-01-22 19:09:00,1.0160945382528606
2026-01-22 19:10:00,1.0160945382528606
2026-01-22 19:11:00,1.0160945382528606
2026-01-22 19:12:00,1.0160945382528606
2026-01-22 19:13:00,1.0160945382528606
2026-01-22 19:14:00,1.0160945382528606
2026-01-22 19:15:00,1.0160945382528606
2026-01-22 19:16:00,1.0160945382528606
2026-01-22 19:17:00,1.0160945382528606
2026-01-22 19:18:00,1.0160945382528606
2026-01-22 19:19:00,1.0160945382528606
2026-01-22 19:20:00,1.0160945382528606
2026-01-22 19:21:00,1.0160945382528606
2026-01-22 19:22:00,1.0160945382528606
2026-01-22 19:23:00,1.0160945382528606
2026-01-22 19:24:00,1.0160945382528606
2026-01-22 19:25:00,1.0160945382528606
2026-01-22 19:26:00,1.0160945382528606
2026-01-22 19:27:00,1.0160945382528606
2026-01-22 19:28:00,1.0160945382528606
2026-01-22 19:29:00,1.0160945382528606
2026-01-22 19:30:00,1.0160945382528606
2026-01-22 19:31:00,1.0160945382528606
2026-01-22 19:32:00,1.0160945382528606
2026-01-22 19:33:00,1.0160945382528606
2026-01-22 19:34:00,1.0160945382528606
2026-01-22 19:35:00,1.0160945382528606
2026-01-22 19:36:00,1.0160945382528606
2026-01-22 19:37:00,1.0160945382528606
2026-01-22 19:38:00,1.0160945382528606
2026-01-22 19:39:00,1.0160945382528606
2026-01-22 19:40:00,1.0160945382528606
2026-01-22 19:41:00,1.0160945382528606
2026-01-22 19:42:00,1.0160945382528606
2026-01-22 19:43:00,1.0160945382528606
2026-01-22 19:44:00,1.0160945382528606
2026-01-22 19:45:00,1.0160945382528606
2026-01-22 19:46:00,1.0160945382528606
2026-01-22 19:47:00,1.0160945382528606
2026-01-22 19:48:00,1.0160945382528606
2026-01-22 19:49:00,1.0160945382528606
2026-01-22 19:50:00,1.0160945382528606
2026-01-22 19:51:00,1.0160945382528606
2026-01-22 19:52:00,1.0160945382528606
2026-01-22 19:53:00,1.0160945382528606
2026-01-22 19:54:00,1.0160945382528606
2026-01-22 19:55:00,1.0160945382528606
2026-01-22 19:56:00,1.0160945382528606
2026-01-22 19:57:00,1.0160945382528606
2026-01-22 19:58:00,1.0160945382528606
2026-01-22 19:59:00,1.0160945382528606
2026-01-22 20:00:00,1.0160945382528606
2026-01-22 20:01:00,1.013691901436114
2026-01-22 20:02:00,1.013691901436114
2026-01-22 20:03:00,1.013691901436114
2026-01-22 20:04:00,1.013691901436114
2026-01-22 20:05:00,1.013691901436114
2026-01-22 20:06:00,1.013691901436114
2026-01-22 20:07:00,1.013691901436114
2026-01-22 20:08:00,1.013691901436114
2026-01-22 20:09:00,1.013691901436114
2026-01-22 20:10:00,1.013691901436114
2026-01-22 20:11:00,1.013691901436114
2026-01-22 20:12:00,1.013691901436114
2026-01-22 20:13:00,1.013691901436114
2026-01-22 20:14:00,1.013691901436114
2026-01-22 20:15:00,1.013691901436114
2026-01-22 20:16:00,1.013691901436114
2026-01-22 20:17:00,1.013691901436114
2026-01-22 20:18:00,1.013691901436114
2026-01-22 20:19:00,1.013691901436114
2026-01-22 20:20:00,1.013691901436114
2026-01-22 20:21:00,1.013691901436114
2026-01-22 20:22:00,1.013691901436114
2026-01-22 20:23:00,1.013691901436114
2026-01-22 20:24:00,1.013691901436114
2026-01-22 20:25:00,1.013691901436114
2026-01-22 20:26:00,1.013691901436114
2026-01-22 20:27:00,1.013691901436114
2026-01-22 20:28:00,1.013691901436114
2026-01-22 20:29:00,1.013691901436114
2026-01-22 20:30:00,1.013691901436114
2026-01-22 20:31:00,1.013691901436114
2026-01-22 20:32:00,1.012999891102211
2026-01-22 20:33:00,1.012999891102211
2026-01-22 20:34:00,1.012999891102211
2026-01-22 20:35:00,1.012999891102211
2026-01-22 20:36:00,1.012999891102211
2026-01-22 20:37:00,1.012999891102211
2026-01-22 20:38:00,1.012999891102211
2026-01-22 20:39:00,1.012999891102211
2026-01-22 20:40:00,1.012999891102211
2026-01-22 20:41:00,1.012999891102211
2026-01-22 20:42:00,1.012999891102211
2026-01-22 20:43:00,1.012999891102211
2026-01-22 20:44:00,1.012999891102211
2026-01-22 20:45:00,1.012999891102211
2026-01-22 20:46:00,1.012999891102211
2026-01-22 20:47:00,1.012999891102211
2026-01-22 20:48:00,1.0146311557523255
2026-01-22 20:49:00,1.0146311557523255
2026-01-22 20:50:00,1.0146311557523255
2026-01-22 20:51:00,1.0146311557523255
2026-01-22 20:52:00,1.0146311557523255
2026-01-22 20:53:00,1.0146311557523255
2026-01-22 20:54:00,1.0146311557523255
2026-01-22 20:55:00,1.0146311557523255
2026-01-22 20:56:00,1.0165514856950493
2026-01-22 20:57:00,1.0165514856950493
2026-01-22 20:58:00,1.0165514856950493
2026-01-22 20:59:00,1.016633319068844
2026-01-23 14:30:00,1.016633319068844
2026-01-23 14:31:00,1.016633319068844
2026-01-23 14:32:00,1.016633319068844
2026-01-23 14:33:00,1.016633319068844
2026-01-23 14:34:00,1.016633319068844
2026-01-23 14:35:00,1.016633319068844
2026-01-23 14:36:00,1.016633319068844
2026-01-23 14:37:00,1.016633319068844
2026-01-23 14:38:00,1.016633319068844
2026-01-23 14:39:00,1.016633319068844
2026-01-23 14:40:00,1.016633319068844
2026-01-23 14:41:00,1.016633319068844
2026-01-23 14:42:00,1.016633319068844
2026-01-23 14:43:00,1.016633319068844
2026-01-23 14:44:00,1.016633319068844
2026-01-23 14:45:00,1.016633319068844
2026-01-23 14:46:00,1.0148337850147444
2026-01-23 14:47:00,1.0148337850147444
2026-01-23 14:48:00,1.0148337850147444
2026-01-23 14:49:00,1.0148337850147444
2026-01-23 14:50:00,1.0148337850147444
2026-01-23 14:51:00,1.0148337850147444
2026-01-23 14:52:00,1.0148337850147444
2026-01-23 14:53:00,1.0148337850147444
2026-01-23 14:54:00,1.0148337850147444
2026-01-23 14:55:00,1.0148337850147444
2026-01-23 14:56:00,1.0148337850147444
2026-01-23 14:57:00,1.0148337850147444
2026-01-23 14:58:00,1.0148337850147444
2026-01-23 14:59:00,1.0148337850147444
2026-01-23 15:00:00,1.0148337850147444
2026-01-23 15:01:00,1.0148337850147444
2026-01-23 15:02:00,1.0148337850147444
2026-01-23 15:03:00,1.0148337850147444
2026-01-23 15:04:00,1.0148337850147444
2026-01-23 15:05:00,1.0148337850147444
2026-01-23 15:06:00,1.0148337850147444
2026-01-23 15:07:00,1.0148337850147444
2026-01-23 15:08:00,1.0148337850147444
2026-01-23 15:09:00,1.0132265355684267
2026-01-23 15:10:00,1.0132265355684267
2026-01-23 15:11:00,1.0132265355684267
2026-01-23 15:12:00,1.0132265355684267
2026-01-23 15:13:00,1.0132265355684267
2026-01-23 15:14:00,1.0132265355684267
2026-01-23 15:15:00,1.0132265355684267
2026-01-23 15:16:00,1.0132265355684267
2026-01-23 15:17:00,1.0132265355684267
2026-01-23 15:18:00,1.0132265355684267
2026-01-23 15:19:00,1.0132265355684267
2026-01-23 15:20:00,1.0132265355684267
2026-01-23 15:21:00,1.0132265355684267
2026-01-23 15:22:00,1.0132265355684267
2026-01-23 15:23:00,1.0132265355684267
2026-01-23 15:24:00,1.0132265355684267
2026-01-23 15:25:00,1.0132265355684267
2026-01-23 15:26:00,1.0132265355684267
2026-01-23 15:27:00,1.0132265355684267
2026-01-23 15:28:00,1.0132265355684267
2026-01-23 15:29:00,1.0132265355684267
2026-01-23 15:30:00,1.0132265355684267
2026-01-23 15:31:00,1.0132265355684267
2026-01-23 15:32:00,1.0132265355684267
2026-01-23 15:33:00,1.0132265355684267
2026-01-23 15:34:00,1.0132265355684267
2026-01-23 15:35:00,1.0132265355684267
2026-01-23 15:36:00,1.0132265355684267
2026-01-23 15:37:00,1.0132265355684267
2026-01-23 15:38:00,1.0132265355684267
2026-01-23 15:39:00,1.0132265355684267
2026-01-23 15:40:00,1.0132265355684267
2026-01-23 15:41:00,1.0132265355684267
2026-01-23 15:42:00,1.0132265355684267
2026-01-23 15:43:00,1.0132265355684267
2026-01-23 15:44:00,1.0132265355684267
2026-01-23 15:45:00,1.0132265355684267
2026-01-23 15:46:00,1.0132265355684267
2026-01-23 15:47:00,1.0132265355684267
2026-01-23 15:48:00,1.0132265355684267
2026-01-23 15:49:00,1.0132265355684267
2026-01-23 15:50:00,1.0132265355684267
2026-01-23 15:51:00,1.0132265355684267
2026-01-23 15:52:00,1.0132265355684267
2026-01-23 15:53:00,1.0071452239705314
2026-01-23 15:54:00,1.0071452239705314
2026-01-23 15:55:00,1.0071452239705314
2026-01-23 15:56:00,1.0071452239705314
2026-01-23 15:57:00,1.0071452239705314
2026-01-23 15:58:00,1.0071452239705314
2026-01-23 15:59:00,1.0071452239705314
2026-01-23 16:00:00,1.0071452239705314
2026-01-23 16:01:00,1.0071452239705314
2026-01-23 16:02:00,1.0071452239705314
2026-01-23 16:03:00,1.0071452239705314
2026-01-23 16:04:00,1.0071452239705314
2026-01-23 16:05:00,1.0071452239705314
2026-01-23 16:06:00,1.0071452239705314
2026-01-23 16:07:00,1.0071452239705314
2026-01-23 16:08:00,1.0071452239705314
2026-01-23 16:09:00,1.0071452239705314
2026-01-23 16:10:00,1.0071452239705314
2026-01-23 16:11:00,1.0071452239705314
2026-01-23 16:12:00,1.0071452239705314
2026-01-23 16:13:00,1.0071452239705314
2026-01-23 16:14:00,1.0071452239705314
2026-01-23 16:15:00,1.0071452239705314
2026-01-23 16:16:00,1.0071452239705314
2026-01-23 16:17:00,1.0071452239705314
2026-01-23 16:18:00,1.0071452239705314
2026-01-23 16:19:00,1.0071452239705314
2026-01-23 16:20:00,1.0071452239705314
2026-01-23 16:21:00,1.0071452239705314
2026-01-23 16:22:00,1.0071452239705314
2026-01-23 16:23:00,1.0071452239705314
2026-01-23 16:24:00,1.0071452239705314
2026-01-23 16:25:00,1.0071452239705314
2026-01-23 16:26:00,1.0097385570759072
2026-01-23 16:27:00,1.0097385570759072
2026-01-23 16:28:00,1.0097385570759072
2026-01-23 16:29:00,1.0097385570759072
2026-01-23 16:30:00,1.0097385570759072
2026-01-23 16:31:00,1.0097385570759072
2026-01-23 16:32:00,1.0097385570759072
2026-01-23 16:33:00,1.0097385570759072
2026-01-23 16:34:00,1.0097385570759072
2026-01-23 16:35:00,1.0097385570759072
2026-01-23 16:36:00,1.0097385570759072
2026-01-23 16:37:00,1.0097385570759072
2026-01-23 16:38:00,1.0097385570759072
2026-01-23 16:39:00,1.0097385570759072
2026-01-23 16:40:00,1.0097385570759072
2026-01-23 16:41:00,1.0097385570759072
2026-01-23 16:42:00,1.0097385570759072
2026-01-23 16:43:00,1.0097385570759072
2026-01-23 16:44:00,1.0097385570759072
2026-01-23 16:45:00,1.0097385570759072
2026-01-23 16:46:00,1.0097385570759072
2026-01-23 16:47:00,1.0097385570759072
2026-01-23 16:48:00,1.0097385570759072
2026-01-23 16:49:00,1.0097385570759072
2026-01-23 16:50:00,1.0097385570759072
2026-01-23 16:51:00,1.0097385570759072
2026-01-23 16:52:00,1.0097385570759072
2026-01-23 16:53:00,1.0100643854778475
2026-01-23 16:54:00,1.0100643854778475
2026-01-23 16:55:00,1.0100643854778475
2026-01-23 16:56:00,1.0100643854778475
2026-01-23 16:57:00,1.0100643854778475
2026-01-23 16:58:00,1.0100643854778475
2026-01-23 16:59:00,1.0100643854778475
2026-01-23 17:00:00,1.0100643854778475
2026-01-23 17:01:00,1.0100643854778475
2026-01-23 17:02:00,1.0100643854778475
2026-01-23 17:03:00,1.0100643854778475
2026-01-23 17:04:00,1.0100643854778475
2026-01-23 17:05:00,1.0100643854778475
2026-01-23 17:06:00,1.0100643854778475
2026-01-23 17:07:00,1.0100643854778475
2026-01-23 17:08:00,1.0100643854778475
2026-01-23 17:09:00,1.0100643854778475
2026-01-23 17:10:00,1.0100643854778475
2026-01-23 17:11:00,1.0100643854778475
2026-01-23 17:12:00,1.0100643854778475
2026-01-23 17:13:00,1.0100643854778475
2026-01-23 17:14:00,1.0100643854778475
2026-01-23 17:15:00,1.0100643854778475
2026-01-23 17:16:00,1.0100643854778475
2026-01-23 17:17:00,1.0100643854778475
2026-01-23 17:18:00,1.0100643854778475
2026-01-23 17:19:00,1.0100643854778475
2026-01-23 17:20:00,1.0100643854778475
2026-01-23 17:21:00,1.0100643854778475
2026-01-23 17:25:00,1.0100643854778475
2026-01-23 17:26:00,1.0100643854778475
2026-01-23 17:27:00,1.0100643854778475
2026-01-23 17:28:00,1.0100643854778475
2026-01-23 17:29:00,1.0100643854778475
2026-01-23 17:30:00,1.0100643854778475
2026-01-23 17:31:00,1.0100643854778475
2026-01-23 17:32:00,1.0100643854778475
2026-01-23 17:33:00,1.0100643854778475
2026-01-23 17:34:00,1.0100643854778475
2026-01-23 17:35:00,1.0100643854778475
2026-01-23 17:36:00,1.0100643854778475
2026-01-23 17:37:00,1.0100643854778475
2026-01-23 17:38:00,1.0100643854778475
2026-01-23 17:39:00,1.0100643854778475
2026-01-23 17:40:00,1.0100643854778475
2026-01-23 17:41:00,1.0100643854778475
2026-01-23 17:42:00,1.0100643854778475
2026-01-23 17:43:00,1.0100643854778475
2026-01-23 17:44:00,1.0100643854778475
2026-01-23 17:45:00,1.0100643854778475
2026-01-23 17:46:00,1.0100643854778475
2026-01-23 17:47:00,1.0100643854778475
2026-01-23 17:48:00,1.0100643854778475
2026-01-23 17:49:00,1.0100643854778475
2026-01-23 17:50:00,1.0100643854778475
2026-01-23 17:51:00,1.0100643854778475
2026-01-23 17:52:00,1.0100643854778475
2026-01-23 17:53:00,1.0100643854778475
2026-01-23 17:54:00,1.0100643854778475
2026-01-23 17:55:00,1.0100643854778475
2026-01-23 17:56:00,1.0100643854778475
2026-01-23 17:57:00,1.0100643854778475
2026-01-23 17:58:00,1.0100643854778475
2026-01-23 17:59:00,1.0100643854778475
2026-01-23 18:00:00,1.0100643854778475
2026-01-23 18:01:00,1.0100643854778475
2026-01-23 18:02:00,1.0100643854778475
2026-01-23 18:03:00,1.0100643854778475
2026-01-23 18:04:00,1.0100643854778475
2026-01-23 18:05:00,1.0100643854778475
2026-01-23 18:06:00,1.0100643854778475
2026-01-23 18:07:00,1.0100643854778475
2026-01-23 18:08:00,1.0100643854778475
2026-01-23 18:09:00,1.0100643854778475
2026-01-23 18:10:00,1.0100643854778475
2026-01-23 18:11:00,1.0100643854778475
2026-01-23 18:12:00,1.0100643854778475
2026-01-23 18:13:00,1.0100643854778475
2026-01-23 18:14:00,1.0100643854778475
2026-01-23 18:15:00,1.0100643854778475
2026-01-23 18:16:00,1.0100643854778475
2026-01-23 18:17:00,1.0100643854778475
2026-01-23 18:18:00,1.0100643854778475
2026-01-23 18:19:00,1.0100643854778475
2026-01-23 18:20:00,1.0100643854778475
2026-01-23 18:21:00,1.0100643854778475
2026-01-23 18:22:00,1.0100643854778475
2026-01-23 18:23:00,1.0100643854778475
2026-01-23 18:24:00,1.0100643854778475
2026-01-23 18:25:00,1.0100643854778475
2026-01-23 18:26:00,1.0100643854778475
2026-01-23 18:27:00,1.0100643854778475
2026-01-23 18:28:00,1.0100643854778475
2026-01-23 18:29:00,1.0100643854778475
2026-01-23 18:30:00,1.0100643854778475
2026-01-23 18:31:00,1.0100643854778475
2026-01-23 18:32:00,1.0100643854778475
2026-01-23 18:33:00,1.0100643854778475
2026-01-23 18:34:00,1.0100643854778475
2026-01-23 18:35:00,1.0100643854778475
2026-01-23 18:36:00,1.0100643854778475
2026-01-23 18:37:00,1.0100643854778475
2026-01-23 18:38:00,1.0100643854778475
2026-01-23 18:39:00,1.0100643854778475
2026-01-23 18:40:00,1.0100643854778475
2026-01-23 18:41:00,1.0100643854778475
2026-01-23 18:42:00,1.0100643854778475
2026-01-23 18:43:00,1.0100643854778475
2026-01-23 18:44:00,1.0100643854778475
2026-01-23 18:45:00,1.0100643854778475
2026-01-23 18:46:00,1.0100643854778475
2026-01-23 18:47:00,1.0100643854778475
2026-01-23 18:48:00,1.0100643854778475
2026-01-23 18:49:00,1.0100643854778475
2026-01-23 18:50:00,1.0100643854778475
2026-01-23 18:51:00,1.0100643854778475
2026-01-23 18:52:00,1.0100643854778475
2026-01-23 18:53:00,1.0100643854778475
2026-01-23 18:54:00,1.0100643854778475
2026-01-23 18:55:00,1.0100643854778475
2026-01-23 18:56:00,1.0100643854778475
2026-01-23 18:57:00,1.0094931051725637
2026-01-23 18:58:00,1.0094931051725637
2026-01-23 18:59:00,1.0094931051725637
2026-01-23 19:00:00,1.0094931051725637
2026-01-23 19:01:00,1.0094931051725637
2026-01-23 19:02:00,1.0094931051725637
2026-01-23 19:03:00,1.0094931051725637
2026-01-23 19:04:00,1.0094931051725637
2026-01-23 19:05:00,1.0094931051725637
2026-01-23 19:06:00,1.0094931051725637
2026-01-23 19:07:00,1.0094931051725637
2026-01-23 19:08:00,1.0094931051725637
2026-01-23 19:09:00,1.0094931051725637
2026-01-23 19:10:00,1.0094931051725637
2026-01-23 19:11:00,1.0094931051725637
2026-01-23 19:12:00,1.0094931051725637
2026-01-23 19:13:00,1.0094931051725637
2026-01-23 19:14:00,1.0094931051725637
2026-01-23 19:15:00,1.0094931051725637
2026-01-23 19:16:00,1.0094931051725637
2026-01-23 19:17:00,1.0094931051725637
2026-01-23 19:18:00,1.0094931051725637
2026-01-23 19:19:00,1.0094931051725637
2026-01-23 19:20:00,1.0094931051725637
2026-01-23 19:21:00,1.0094931051725637
2026-01-23 19:22:00,1.0094931051725637
2026-01-23 19:23:00,1.0094931051725637
2026-01-23 19:24:00,1.0094931051725637
2026-01-23 19:26:00,1.0094931051725637
2026-01-23 19:27:00,1.0094931051725637
2026-01-23 19:28:00,1.0094931051725637
2026-01-23 19:29:00,1.0094931051725637
2026-01-23 19:30:00,1.0094931051725637
2026-01-23 19:31:00,1.0094931051725637
2026-01-23 19:32:00,1.0094931051725637
2026-01-23 19:33:00,1.0094931051725637
2026-01-23 19:34:00,1.0094931051725637
2026-01-23 19:35:00,1.0094931051725637
2026-01-23 19:36:00,1.0094931051725637
2026-01-23 19:37:00,1.0094931051725637
2026-01-23 19:38:00,1.0094931051725637
2026-01-23 19:39:00,1.0094931051725637
2026-01-23 19:40:00,1.0094931051725637
2026-01-23 19:41:00,1.0094931051725637
2026-01-23 19:42:00,1.0094931051725637
2026-01-23 19:43:00,1.0094931051725637
2026-01-23 19:44:00,1.0094931051725637
2026-01-23 19:45:00,1.0094931051725637
2026-01-23 19:46:00,1.0094931051725637
2026-01-23 19:47:00,1.0094931051725637
2026-01-23 19:48:00,1.0094931051725637
2026-01-23 19:49:00,1.0094931051725637
2026-01-23 19:50:00,1.0094931051725637
2026-01-23 19:51:00,1.0094931051725637
2026-01-23 19:52:00,1.0085979119638977
2026-01-23 19:53:00,1.0085979119638977
2026-01-23 19:54:00,1.0085979119638977
2026-01-23 19:55:00,1.0085979119638977
2026-01-23 19:56:00,1.0085979119638977
2026-01-23 19:57:00,1.0085979119638977
2026-01-23 19:58:00,1.0085979119638977
2026-01-23 19:59:00,1.0085979119638977
2026-01-23 20:00:00,1.0085979119638977
2026-01-23 20:02:00,1.0085979119638977
2026-01-23 20:03:00,1.0085979119638977
2026-01-23 20:04:00,1.0085979119638977
2026-01-23 20:05:00,1.0085979119638977
2026-01-23 20:06:00,1.0085979119638977
2026-01-23 20:07:00,1.0085979119638977
2026-01-23 20:08:00,1.0085979119638977
2026-01-23 20:09:00,1.0085979119638977
2026-01-23 20:10:00,1.0085979119638977
2026-01-23 20:11:00,1.0085979119638977
2026-01-23 20:12:00,1.0085979119638977
2026-01-23 20:13:00,1.0085979119638977
2026-01-23 20:14:00,1.0085979119638977
2026-01-23 20:15:00,1.0085979119638977
2026-01-23 20:16:00,1.0085979119638977
2026-01-23 20:17:00,1.0085979119638977
2026-01-23 20:18:00,1.0085979119638977
2026-01-23 20:19:00,1.0085979119638977
2026-01-23 20:20:00,1.0085979119638977
2026-01-23 20:21:00,1.0085979119638977
2026-01-23 20:22:00,1.0085979119638977
2026-01-23 20:23:00,1.0085979119638977
2026-01-23 20:24:00,1.0085979119638977
2026-01-23 20:25:00,1.0085979119638977
2026-01-23 20:26:00,1.0085979119638977
2026-01-23 20:27:00,1.0085979119638977
2026-01-23 20:28:00,1.0085979119638977
2026-01-23 20:29:00,1.008638550100485
2026-01-23 20:30:00,1.008638550100485
2026-01-23 20:31:00,1.008638550100485
2026-01-23 20:32:00,1.008638550100485
2026-01-23 20:33:00,1.008638550100485
2026-01-23 20:34:00,1.008638550100485
2026-01-23 20:35:00,1.008638550100485
2026-01-23 20:36:00,1.008638550100485
2026-01-23 20:37:00,1.008638550100485
2026-01-23 20:38:00,1.008638550100485
2026-01-23 20:39:00,1.008638550100485
2026-01-23 20:40:00,1.008638550100485
2026-01-23 20:41:00,1.008638550100485
2026-01-23 20:42:00,1.008638550100485
2026-01-23 20:43:00,1.008638550100485
2026-01-23 20:44:00,1.008638550100485
2026-01-23 20:45:00,1.008638550100485
2026-01-23 20:46:00,1.008638550100485
2026-01-23 20:47:00,1.008638550100485
2026-01-23 20:48:00,1.008638550100485
2026-01-23 20:49:00,1.008638550100485
2026-01-23 20:50:00,1.008638550100485
2026-01-23 20:51:00,1.008638550100485
2026-01-23 20:52:00,1.008638550100485
2026-01-23 20:53:00,1.008638550100485
2026-01-23 20:54:00,1.008638550100485
2026-01-23 20:55:00,1.008638550100485
2026-01-23 20:56:00,1.008638550100485
2026-01-23 20:57:00,1.008638550100485
2026-01-23 20:58:00,1.008638550100485
2026-01-23 20:59:00,1.0079475347320759
2026-01-26 14:30:00,1.0079475347320759
2026-01-26 14:31:00,1.0079475347320759
2026-01-26 14:32:00,1.0079475347320759
2026-01-26 14:33:00,1.0079475347320759
2026-01-26 14:34:00,1.0079475347320759
2026-01-26 14:35:00,1.0079475347320759
2026-01-26 14:36:00,1.0079475347320759
2026-01-26 14:37:00,1.0079475347320759
2026-01-26 14:38:00,1.0079475347320759
2026-01-26 14:39:00,1.0079475347320759
2026-01-26 14:40:00,1.0079475347320759
2026-01-26 14:41:00,1.0079475347320759
2026-01-26 14:42:00,1.0079475347320759
2026-01-26 14:43:00,1.0079475347320759
2026-01-26 14:44:00,1.0079475347320759
2026-01-26 14:45:00,1.0079475347320759
2026-01-26 14:46:00,1.0079475347320759
2026-01-26 14:47:00,1.0079475347320759
2026-01-26 14:48:00,1.0079475347320759
2026-01-26 14:49:00,1.0079475347320759
2026-01-26 14:50:00,1.0079475347320759
2026-01-26 14:51:00,1.0079475347320759
2026-01-26 14:52:00,1.0079475347320759
2026-01-26 14:53:00,1.0079475347320759
2026-01-26 14:54:00,1.0079475347320759
2026-01-26 14:55:00,1.0079475347320759
2026-01-26 14:56:00,1.0079475347320759
2026-01-26 14:57:00,1.0079475347320759
2026-01-26 14:58:00,1.0079475347320759
2026-01-26 14:59:00,1.0079475347320759
2026-01-26 15:00:00,1.0079475347320759
2026-01-26 15:01:00,1.0079475347320759
2026-01-26 15:02:00,1.0079475347320759
2026-01-26 15:03:00,1.0079475347320759
2026-01-26 15:04:00,1.0079475347320759
2026-01-26 15:05:00,1.0079475347320759
2026-01-26 15:06:00,1.0079475347320759
2026-01-26 15:07:00,1.0079475347320759
2026-01-26 15:08:00,1.0079475347320759
2026-01-26 15:09:00,1.0079475347320759
2026-01-26 15:10:00,1.0079475347320759
2026-01-26 15:11:00,1.0079475347320759
2026-01-26 15:12:00,1.0079475347320759
2026-01-26 15:13:00,1.0079475347320759
2026-01-26 15:14:00,1.0079475347320759
2026-01-26 15:15:00,1.0079475347320759
2026-01-26 15:16:00,1.0079475347320759
2026-01-26 15:17:00,1.0079475347320759
2026-01-26 15:18:00,1.0079475347320759
2026-01-26 15:19:00,1.0079475347320759
2026-01-26 15:20:00,1.0079475347320759
2026-01-26 15:21:00,1.0045030211185102
2026-01-26 15:22:00,1.0045030211185102
2026-01-26 15:25:00,1.0045030211185102
2026-01-26 15:26:00,1.0045030211185102
2026-01-26 15:27:00,1.0045030211185102
2026-01-26 15:28:00,1.0045030211185102
2026-01-26 15:29:00,1.0045030211185102
2026-01-26 15:30:00,1.0045030211185102
2026-01-26 15:31:00,1.0045030211185102
2026-01-26 15:32:00,1.0045030211185102
2026-01-26 15:33:00,1.0045030211185102
2026-01-26 15:34:00,1.0045030211185102
2026-01-26 15:35:00,1.0045030211185102
2026-01-26 15:36:00,1.0045030211185102
2026-01-26 15:37:00,1.0045030211185102
2026-01-26 15:38:00,1.0045030211185102
2026-01-26 15:39:00,1.0045030211185102
2026-01-26 15:40:00,1.003556899304534
2026-01-26 15:41:00,1.003556899304534
2026-01-26 15:42:00,1.003556899304534
2026-01-26 15:43:00,1.003556899304534
2026-01-26 15:44:00,1.003556899304534
2026-01-26 15:45:00,1.003556899304534
2026-01-26 15:46:00,1.003556899304534
2026-01-26 15:47:00,1.003556899304534
2026-01-26 15:48:00,1.003556899304534
2026-01-26 15:49:00,1.003556899304534
2026-01-26 15:50:00,1.003556899304534
2026-01-26 15:51:00,1.003556899304534
2026-01-26 15:52:00,1.003556899304534
2026-01-26 15:53:00,1.003556899304534
2026-01-26 15:54:00,1.003556899304534
2026-01-26 15:55:00,1.003556899304534
2026-01-26 15:56:00,1.003556899304534
2026-01-26 15:57:00,1.003556899304534
2026-01-26 15:58:00,1.003556899304534
2026-01-26 15:59:00,1.003556899304534
2026-01-26 16:00:00,1.003556899304534
2026-01-26 16:01:00,1.003556899304534
2026-01-26 16:02:00,1.003556899304534
2026-01-26 16:03:00,1.003556899304534
2026-01-26 16:04:00,1.003556899304534
2026-01-26 16:05:00,1.003556899304534
2026-01-26 16:06:00,1.003556899304534
2026-01-26 16:07:00,1.003556899304534
2026-01-26 16:08:00,1.003556899304534
2026-01-26 16:09:00,1.003556899304534
2026-01-26 16:10:00,1.003556899304534
2026-01-26 16:11:00,1.003556899304534
2026-01-26 16:12:00,1.003556899304534
2026-01-26 16:13:00,1.003556899304534
2026-01-26 16:14:00,1.003556899304534
2026-01-26 16:15:00,1.003556899304534
2026-01-26 16:16:00,1.003556899304534
2026-01-26 16:17:00,1.003556899304534
2026-01-26 16:18:00,1.003556899304534
2026-01-26 16:19:00,1.003556899304534
2026-01-26 16:20:00,1.003556899304534
2026-01-26 16:21:00,1.003556899304534
2026-01-26 16:22:00,1.003556899304534
2026-01-26 16:23:00,1.003556899304534
2026-01-26 16:24:00,1.003556899304534
2026-01-26 16:25:00,1.003556899304534
2026-01-26 16:26:00,1.003556899304534
2026-01-26 16:27:00,1.003556899304534
2026-01-26 16:29:00,1.003556899304534
2026-01-26 16:30:00,1.003556899304534
2026-01-26 16:31:00,1.003556899304534
2026-01-26 16:32:00,1.003556899304534
2026-01-26 16:33:00,1.003556899304534
2026-01-26 16:34:00,1.003556899304534
2026-01-26 16:35:00,1.003556899304534
2026-01-26 16:36:00,1.003556899304534
2026-01-26 16:37:00,1.003556899304534
2026-01-26 16:38:00,1.003556899304534
2026-01-26 16:39:00,1.003556899304534
2026-01-26 16:40:00,1.003556899304534
2026-01-26 16:41:00,1.003556899304534
2026-01-26 16:42:00,1.0022932716127975
2026-01-26 16:43:00,1.0022932716127975
2026-01-26 16:44:00,1.0022932716127975
2026-01-26 16:45:00,1.0022932716127975
2026-01-26 16:46:00,1.0022932716127975
2026-01-26 16:47:00,1.0022932716127975
2026-01-26 16:48:00,1.0022932716127975
2026-01-26 16:49:00,1.0022932716127975
2026-01-26 16:50:00,1.0022932716127975
2026-01-26 16:51:00,1.0022932716127975
2026-01-26 16:52:00,1.0022932716127975
2026-01-26 16:53:00,1.0022932716127975
2026-01-26 16:54:00,1.0022932716127975
2026-01-26 16:55:00,1.0022932716127975
2026-01-26 16:56:00,1.0022932716127975
2026-01-26 16:57:00,1.0022932716127975
2026-01-26 16:58:00,1.0022932716127975
2026-01-26 16:59:00,1.0022932716127975
2026-01-26 17:00:00,1.0022932716127975
2026-01-26 17:01:00,1.0022932716127975
2026-01-26 17:02:00,1.0022932716127975
2026-01-26 17:03:00,1.0022932716127975
2026-01-26 17:04:00,1.0022932716127975
2026-01-26 17:05:00,1.0022932716127975
2026-01-26 17:06:00,1.0022932716127975
2026-01-26 17:08:00,1.0022932716127975
2026-01-26 17:09:00,1.0022932716127975
2026-01-26 17:10:00,1.0022932716127975
2026-01-26 17:11:00,1.0022932716127975
2026-01-26 17:12:00,1.0022932716127975
2026-01-26 17:13:00,1.0022932716127975
2026-01-26 17:14:00,1.0022932716127975
2026-01-26 17:15:00,1.0022932716127975
2026-01-26 17:16:00,1.0022932716127975
2026-01-26 17:17:00,1.0022932716127975
2026-01-26 17:18:00,1.0022932716127975
2026-01-26 17:19:00,1.0022932716127975
2026-01-26 17:20:00,1.0046159983786518
2026-01-26 17:21:00,1.0046159983786518
2026-01-26 17:22:00,1.0046159983786518
2026-01-26 17:23:00,1.0046159983786518
2026-01-26 17:24:00,1.0046159983786518
2026-01-26 17:25:00,1.0046159983786518
2026-01-26 17:26:00,1.0046159983786518
2026-01-26 17:27:00,1.0046159983786518
2026-01-26 17:28:00,1.0046159983786518
2026-01-26 17:29:00,1.0046159983786518
2026-01-26 17:30:00,1.0046159983786518
2026-01-26 17:31:00,1.0046159983786518
2026-01-26 17:32:00,1.0046159983786518
2026-01-26 17:33:00,1.0046159983786518
2026-01-26 17:34:00,1.0046159983786518
2026-01-26 17:35:00,1.0046159983786518
2026-01-26 17:36:00,1.0046159983786518
2026-01-26 17:37:00,1.0046159983786518
2026-01-26 17:38:00,1.0046159983786518
2026-01-26 17:39:00,1.0046159983786518
2026-01-26 17:40:00,1.0046159983786518
2026-01-26 17:41:00,1.0046159983786518
2026-01-26 17:42:00,1.0046159983786518
2026-01-26 17:43:00,1.0046159983786518
2026-01-26 17:44:00,1.0046159983786518
2026-01-26 17:45:00,1.0046159983786518
2026-01-26 17:46:00,1.0042015108804407
2026-01-26 17:47:00,1.0042015108804407
2026-01-26 17:48:00,1.0042015108804407
2026-01-26 17:49:00,1.0042015108804407
2026-01-26 17:50:00,1.0042015108804407
2026-01-26 17:51:00,1.0042015108804407
2026-01-26 17:52:00,1.0042015108804407
2026-01-26 17:53:00,1.0042015108804407
2026-01-26 17:54:00,1.0042015108804407
2026-01-26 17:56:00,1.0042015108804407
2026-01-26 17:57:00,1.0042015108804407
2026-01-26 17:58:00,1.0042015108804407
2026-01-26 17:59:00,1.0042015108804407
2026-01-26 18:00:00,1.0042015108804407
2026-01-26 18:01:00,1.0042015108804407
2026-01-26 18:02:00,1.0042015108804407
2026-01-26 18:03:00,1.0042015108804407
2026-01-26 18:04:00,1.0034908118166836
2026-01-26 18:05:00,1.0034908118166836
2026-01-26 18:06:00,1.0034908118166836
2026-01-26 18:07:00,1.0034908118166836
2026-01-26 18:08:00,1.0034908118166836
2026-01-26 18:09:00,1.0034908118166836
2026-01-26 18:10:00,1.0034908118166836
2026-01-26 18:11:00,1.0034908118166836
2026-01-26 18:12:00,1.0034908118166836
2026-01-26 18:13:00,1.0034908118166836
2026-01-26 18:14:00,1.0034908118166836
2026-01-26 18:15:00,1.0034908118166836
2026-01-26 18:16:00,1.0034908118166836
2026-01-26 18:17:00,1.0034908118166836
2026-01-26 18:18:00,1.0034908118166836
2026-01-26 18:19:00,1.0034908118166836
2026-01-26 18:20:00,1.0034908118166836
2026-01-26 18:21:00,1.0034908118166836
2026-01-26 18:22:00,1.0034908118166836
2026-01-26 18:23:00,1.0034908118166836
2026-01-26 18:24:00,1.0034908118166836
2026-01-26 18:25:00,1.0034908118166836
2026-01-26 18:26:00,1.0034908118166836
2026-01-26 18:27:00,1.0034908118166836
2026-01-26 18:28:00,1.0034908118166836
2026-01-26 18:29:00,1.0034908118166836
2026-01-26 18:30:00,1.0034908118166836
2026-01-26 18:31:00,1.0034908118166836
2026-01-26 18:32:00,1.0034908118166836
2026-01-26 18:33:00,1.0034908118166836
2026-01-26 18:34:00,1.0034908118166836
2026-01-26 18:35:00,1.0034908118166836
2026-01-26 18:36:00,1.0034908118166836
2026-01-26 18:37:00,1.0034908118166836
2026-01-26 18:38:00,1.0034908118166836
2026-01-26 18:39:00,1.0034908118166836
2026-01-26 18:40:00,1.0034908118166836
2026-01-26 18:41:00,1.0034908118166836
2026-01-26 18:42:00,1.0034908118166836
2026-01-26 18:43:00,1.0034908118166836
2026-01-26 18:44:00,1.0034908118166836
2026-01-26 18:45:00,1.0034908118166836
2026-01-26 18:46:00,1.0034908118166836
2026-01-26 18:47:00,1.0034908118166836
2026-01-26 18:48:00,1.0034908118166836
2026-01-26 18:49:00,1.0034908118166836
2026-01-26 18:50:00,1.0034908118166836
2026-01-26 18:51:00,1.0034908118166836
2026-01-26 18:52:00,1.0034908118166836
2026-01-26 18:53:00,1.0034908118166836
2026-01-26 18:54:00,1.0034908118166836
2026-01-26 18:55:00,1.0034908118166836
2026-01-26 18:56:00,1.0034908118166836
2026-01-26 18:57:00,1.0034908118166836
2026-01-26 18:58:00,1.0034908118166836
2026-01-26 18:59:00,1.0034908118166836
2026-01-26 19:00:00,1.0034908118166836
2026-01-26 19:01:00,1.0034908118166836
2026-01-26 19:02:00,1.0034908118166836
2026-01-26 19:03:00,1.0034908118166836
2026-01-26 19:04:00,1.0034908118166836
2026-01-26 19:05:00,1.0034908118166836
2026-01-26 19:06:00,1.0034908118166836
2026-01-26 19:07:00,1.0034908118166836
2026-01-26 19:08:00,1.0034908118166836
2026-01-26 19:09:00,1.0034908118166836
2026-01-26 19:10:00,1.0034908118166836
2026-01-26 19:11:00,1.0034908118166836
2026-01-26 19:12:00,1.0034908118166836
2026-01-26 19:13:00,1.0034908118166836
2026-01-26 19:14:00,1.0034908118166836
2026-01-26 19:15:00,1.0034908118166836
2026-01-26 19:16:00,1.0034908118166836
2026-01-26 19:17:00,1.0034908118166836
2026-01-26 19:18:00,1.0034908118166836
2026-01-26 19:19:00,1.0034908118166836
2026-01-26 19:20:00,1.0034908118166836
2026-01-26 19:21:00,1.0034908118166836
2026-01-26 19:22:00,1.0034908118166836
2026-01-26 19:23:00,1.0034908118166836
2026-01-26 19:24:00,1.0034908118166836
2026-01-26 19:25:00,1.0034908118166836
2026-01-26 19:26:00,1.0034908118166836
2026-01-26 19:27:00,1.0034908118166836
2026-01-26 19:28:00,1.0034908118166836
2026-01-26 19:29:00,1.0034908118166836
2026-01-26 19:30:00,1.0034908118166836
2026-01-26 19:31:00,1.0034908118166836
2026-01-26 19:32:00,1.0034908118166836
2026-01-26 19:33:00,1.0034908118166836
2026-01-26 19:34:00,1.0034908118166836
2026-01-26 19:35:00,1.0034908118166836
2026-01-26 19:36:00,1.0034908118166836
2026-01-26 19:37:00,1.0034908118166836
2026-01-26 19:38:00,1.0034908118166836
2026-01-26 19:39:00,1.0034908118166836
2026-01-26 19:40:00,1.0034908118166836
2026-01-26 19:41:00,1.0034908118166836
2026-01-26 19:42:00,1.0034908118166836
2026-01-26 19:43:00,1.0034908118166836
2026-01-26 19:44:00,1.0034908118166836
2026-01-26 19:45:00,1.0034908118166836
2026-01-26 19:46:00,1.0034908118166836
2026-01-26 19:47:00,1.0034908118166836
2026-01-26 19:48:00,1.0034908118166836
2026-01-26 19:49:00,1.0034908118166836
2026-01-26 19:50:00,1.0034908118166836
2026-01-26 19:51:00,1.0034908118166836
2026-01-26 19:52:00,1.0034908118166836
2026-01-26 19:53:00,1.0034908118166836
2026-01-26 19:54:00,1.0034908118166836
2026-01-26 19:55:00,1.0034908118166836
2026-01-26 19:56:00,1.0034908118166836
2026-01-26 19:57:00,1.0034908118166836
2026-01-26 19:58:00,1.0034908118166836
2026-01-26 19:59:00,1.0034908118166836
2026-01-26 20:00:00,1.0034908118166836
2026-01-26 20:01:00,1.0034908118166836
2026-01-26 20:02:00,1.0034908118166836
2026-01-26 20:03:00,1.0034908118166836
2026-01-26 20:04:00,1.0034908118166836
2026-01-26 20:05:00,1.0034908118166836
2026-01-26 20:06:00,1.0034908118166836
2026-01-26 20:07:00,1.0034908118166836
2026-01-26 20:08:00,1.0034908118166836
2026-01-26 20:09:00,1.0034908118166836
2026-01-26 20:10:00,1.0034908118166836
2026-01-26 20:11:00,1.0034908118166836
2026-01-26 20:12:00,1.0034908118166836
2026-01-26 20:13:00,1.0034908118166836
2026-01-26 20:14:00,1.0034908118166836
2026-01-26 20:15:00,1.0034908118166836
2026-01-26 20:16:00,1.0034908118166836
2026-01-26 20:17:00,1.0034908118166836
2026-01-26 20:18:00,1.0034908118166836
2026-01-26 20:19:00,1.0034908118166836
2026-01-26 20:20:00,1.0034908118166836
2026-01-26 20:21:00,1.0034908118166836
2026-01-26 20:22:00,1.0034908118166836
2026-01-26 20:23:00,1.0034908118166836
2026-01-26 20:24:00,1.0034908118166836
2026-01-26 20:25:00,1.0034908118166836
2026-01-26 20:26:00,1.0034908118166836
2026-01-26 20:27:00,1.0034908118166836
2026-01-26 20:28:00,1.0034908118166836
2026-01-26 20:29:00,1.0034908118166836
2026-01-26 20:30:00,1.0034908118166836
2026-01-26 20:31:00,1.0034908118166836
2026-01-26 20:32:00,1.0034908118166836
2026-01-26 20:33:00,1.0034908118166836
2026-01-26 20:34:00,1.0034908118166836
2026-01-26 20:35:00,1.0034908118166836
2026-01-26 20:36:00,1.0034908118166836
2026-01-26 20:37:00,1.0034908118166836
2026-01-26 20:38:00,1.0053566907413662
2026-01-26 20:39:00,1.0053566907413662
2026-01-26 20:40:00,1.0053566907413662
2026-01-26 20:41:00,1.0053566907413662
2026-01-26 20:42:00,1.0053566907413662
2026-01-26 20:43:00,1.0053566907413662
2026-01-26 20:44:00,1.0053566907413662
2026-01-26 20:45:00,1.0053566907413662
2026-01-26 20:46:00,1.0053566907413662
2026-01-26 20:47:00,1.0053566907413662
2026-01-26 20:48:00,1.0053566907413662
2026-01-26 20:49:00,1.0053566907413662
2026-01-26 20:50:00,1.0053566907413662
2026-01-26 20:51:00,1.0053566907413662
2026-01-26 20:52:00,1.0053566907413662
2026-01-26 20:53:00,1.0053566907413662
2026-01-26 20:54:00,1.0042743743117768
2026-01-26 20:55:00,1.0042743743117768
2026-01-26 20:56:00,1.0042743743117768
2026-01-26 20:57:00,1.0042743743117768
2026-01-26 20:58:00,1.0042743743117768
2026-01-26 20:59:00,1.0042350557629431
2026-01-27 14:30:00,1.0042350557629431
2026-01-27 14:31:00,1.0042350557629431
2026-01-27 14:32:00,1.0042350557629431
2026-01-27 14:33:00,1.0042350557629431
2026-01-27 14:34:00,1.0042350557629431
2026-01-27 14:35:00,1.0042350557629431
2026-01-27 14:36:00,1.0042350557629431
2026-01-27 14:37:00,1.0042350557629431
2026-01-27 14:38:00,1.0042350557629431
2026-01-27 14:39:00,1.0042350557629431
2026-01-27 14:40:00,1.0042350557629431
2026-01-27 14:41:00,1.0042350557629431
2026-01-27 14:42:00,1.0042350557629431
2026-01-27 14:43:00,1.0042350557629431
2026-01-27 14:44:00,1.0042350557629431
2026-01-27 14:45:00,1.0042350557629431
2026-01-27 14:46:00,1.0042350557629431
2026-01-27 14:47:00,1.0042350557629431
2026-01-27 14:48:00,1.0042350557629431
2026-01-27 14:49:00,1.0042350557629431
2026-01-27 14:50:00,1.0042350557629431
2026-01-27 14:51:00,1.0042350557629431
2026-01-27 14:52:00,1.0042350557629431
2026-01-27 14:53:00,1.0042350557629431
2026-01-27 14:54:00,1.0042350557629431
2026-01-27 14:55:00,1.0042350557629431
2026-01-27 14:56:00,1.0042350557629431
2026-01-27 14:57:00,1.0042350557629431
2026-01-27 14:58:00,1.0042350557629431
2026-01-27 14:59:00,1.0042350557629431
2026-01-27 15:00:00,1.0042350557629431
2026-01-27 15:01:00,1.0042350557629431
2026-01-27 15:02:00,1.0042350557629431
2026-01-27 15:03:00,1.0042350557629431
2026-01-27 15:04:00,1.0042350557629431
2026-01-27 15:05:00,1.0042350557629431
2026-01-27 15:06:00,1.0042350557629431
2026-01-27 15:07:00,1.0042350557629431
2026-01-27 15:08:00,1.0042350557629431
2026-01-27 15:09:00,1.0042350557629431
2026-01-27 15:10:00,1.0042350557629431
2026-01-27 15:11:00,1.0042350557629431
2026-01-27 15:12:00,1.0042350557629431
2026-01-27 15:13:00,1.0042350557629431
2026-01-27 15:14:00,1.0042350557629431
2026-01-27 15:15:00,1.0042350557629431
2026-01-27 15:16:00,1.0042350557629431
2026-01-27 15:17:00,1.0042350557629431
2026-01-27 15:18:00,1.0042350557629431
2026-01-27 15:19:00,1.0042350557629431
2026-01-27 15:20:00,1.0042350557629431
2026-01-27 15:21:00,1.0042350557629431
2026-01-27 15:22:00,1.0042350557629431
2026-01-27 15:23:00,1.0042350557629431
2026-01-27 15:24:00,1.0042350557629431
2026-01-27 15:25:00,1.0042350557629431
2026-01-27 15:26:00,1.0042350557629431
2026-01-27 15:27:00,1.0042350557629431
2026-01-27 15:28:00,1.0042350557629431
2026-01-27 15:29:00,1.0042350557629431
2026-01-27 15:30:00,1.0042350557629431
2026-01-27 15:31:00,1.0042350557629431
2026-01-27 15:32:00,1.0042350557629431
2026-01-27 15:33:00,1.0042350557629431
2026-01-27 15:34:00,1.0042350557629431
2026-01-27 15:35:00,1.0042350557629431
2026-01-27 15:36:00,1.0042350557629431
2026-01-27 15:37:00,1.0042350557629431
2026-01-27 15:38:00,1.0042350557629431
2026-01-27 15:39:00,1.0042350557629431
2026-01-27 15:40:00,1.0042350557629431
2026-01-27 15:41:00,1.0042350557629431
2026-01-27 15:42:00,1.0042350557629431
2026-01-27 15:43:00,1.0042350557629431
2026-01-27 15:44:00,1.0042350557629431
2026-01-27 15:45:00,1.0042350557629431
2026-01-27 15:46:00,1.0042350557629431
2026-01-27 15:47:00,1.0042350557629431
2026-01-27 15:48:00,1.0042350557629431
2026-01-27 15:49:00,1.0042350557629431
2026-01-27 15:50:00,1.0042350557629431
2026-01-27 15:51:00,1.0042350557629431
2026-01-27 15:52:00,1.0042350557629431
2026-01-27 15:53:00,1.0042350557629431
2026-01-27 15:54:00,1.0042350557629431
2026-01-27 15:55:00,1.0043508399693806
2026-01-27 15:56:00,1.0043508399693806
2026-01-27 15:57:00,1.0043508399693806
2026-01-27 15:58:00,1.0043508399693806
2026-01-27 15:59:00,1.0043508399693806
2026-01-27 16:00:00,1.0043508399693806
2026-01-27 16:01:00,1.0043508399693806
2026-01-27 16:02:00,1.0043508399693806
2026-01-27 16:03:00,1.0043508399693806
2026-01-27 16:04:00,1.0043508399693806
2026-01-27 16:05:00,1.0043508399693806
2026-01-27 16:06:00,1.0043508399693806
2026-01-27 16:07:00,1.0043508399693806
2026-01-27 16:08:00,1.0043508399693806
2026-01-27 16:09:00,1.0043508399693806
2026-01-27 16:10:00,1.0043508399693806
2026-01-27 16:11:00,1.0043508399693806
2026-01-27 16:12:00,1.0043508399693806
2026-01-27 16:13:00,1.0043508399693806
2026-01-27 16:14:00,1.0043508399693806
2026-01-27 16:15:00,1.0043508399693806
2026-01-27 16:16:00,1.0043508399693806
2026-01-27 16:17:00,1.0043508399693806
2026-01-27 16:18:00,1.0043508399693806
2026-01-27 16:19:00,1.0043508399693806
2026-01-27 16:20:00,1.0043508399693806
2026-01-27 16:21:00,1.0043508399693806
2026-01-27 16:22:00,1.0043508399693806
2026-01-27 16:23:00,1.0043508399693806
2026-01-27 16:24:00,1.0043508399693806
2026-01-27 16:25:00,1.0055449366646765
2026-01-27 16:26:00,1.0055449366646765
2026-01-27 16:27:00,1.0055449366646765
2026-01-27 16:28:00,1.0055449366646765
2026-01-27 16:29:00,1.0055449366646765
2026-01-27 16:30:00,1.0055449366646765
2026-01-27 16:31:00,1.0055449366646765
2026-01-27 16:32:00,1.0055449366646765
2026-01-27 16:33:00,1.0055449366646765
2026-01-27 16:34:00,1.0055449366646765
2026-01-27 16:35:00,1.0055449366646765
2026-01-27 16:36:00,1.0055449366646765
2026-01-27 16:37:00,1.0055449366646765
2026-01-27 16:38:00,1.0055449366646765
2026-01-27 16:39:00,1.0055449366646765
2026-01-27 16:40:00,1.0055449366646765
2026-01-27 16:41:00,1.0055449366646765
2026-01-27 16:42:00,1.0055449366646765
2026-01-27 16:43:00,1.0055449366646765
2026-01-27 16:44:00,1.0055449366646765
2026-01-27 16:45:00,1.0055449366646765
2026-01-27 16:46:00,1.0055449366646765
2026-01-27 16:47:00,1.0055449366646765
2026-01-27 16:48:00,1.0055449366646765
2026-01-27 16:49:00,1.0055449366646765
2026-01-27 16:50:00,1.0055449366646765
2026-01-27 16:51:00,1.0055449366646765
2026-01-27 16:52:00,1.0055449366646765
2026-01-27 16:53:00,1.0055449366646765
2026-01-27 16:54:00,1.0055449366646765
2026-01-27 16:55:00,1.0055449366646765
2026-01-27 16:56:00,1.0055449366646765
2026-01-27 16:57:00,1.0055449366646765
2026-01-27 16:58:00,1.0055449366646765
2026-01-27 16:59:00,1.0055449366646765
2026-01-27 17:00:00,1.0055449366646765
2026-01-27 17:01:00,1.0055449366646765
2026-01-27 17:02:00,1.0055449366646765
2026-01-27 17:03:00,1.0055449366646765
2026-01-27 17:04:00,1.0055449366646765
2026-01-27 17:05:00,1.0055449366646765
2026-01-27 17:06:00,1.0055449366646765
2026-01-27 17:07:00,1.0055449366646765
2026-01-27 17:08:00,1.0055449366646765
2026-01-27 17:09:00,1.0055449366646765
2026-01-27 17:10:00,1.0055449366646765
2026-01-27 17:11:00,1.0055449366646765
2026-01-27 17:12:00,1.0055449366646765
2026-01-27 17:13:00,1.0055449366646765
2026-01-27 17:14:00,1.0055449366646765
2026-01-27 17:15:00,1.0055449366646765
2026-01-27 17:16:00,1.0055449366646765
2026-01-27 17:17:00,1.0055449366646765
2026-01-27 17:18:00,1.0055449366646765
2026-01-27 17:19:00,1.0055449366646765
2026-01-27 17:20:00,1.0055449366646765
2026-01-27 17:21:00,1.0055449366646765
2026-01-27 17:22:00,1.0055449366646765
2026-01-27 17:23:00,1.0055449366646765
2026-01-27 17:24:00,1.0055449366646765
2026-01-27 17:25:00,1.0055449366646765
2026-01-27 17:26:00,1.0055449366646765
2026-01-27 17:27:00,1.0055449366646765
2026-01-27 17:28:00,1.0055449366646765
2026-01-27 17:29:00,1.0055449366646765
2026-01-27 17:30:00,1.0055449366646765
2026-01-27 17:31:00,1.0055449366646765
2026-01-27 17:32:00,1.0055449366646765
2026-01-27 17:33:00,1.0055449366646765
2026-01-27 17:34:00,1.0055449366646765
2026-01-27 17:35:00,1.0055449366646765
2026-01-27 17:36:00,1.0055449366646765
2026-01-27 17:37:00,1.0055449366646765
2026-01-27 17:38:00,1.0055449366646765
2026-01-27 17:39:00,1.0055449366646765
2026-01-27 17:40:00,1.0055449366646765
2026-01-27 17:41:00,1.0055449366646765
2026-01-27 17:42:00,1.0055449366646765
2026-01-27 17:43:00,1.0055449366646765
2026-01-27 17:44:00,1.0055449366646765
2026-01-27 17:45:00,1.0055449366646765
2026-01-27 17:46:00,1.0055449366646765
2026-01-27 17:47:00,1.0055449366646765
2026-01-27 17:48:00,1.0055449366646765
2026-01-27 17:49:00,1.0055449366646765
2026-01-27 17:50:00,1.0055449366646765
2026-01-27 17:51:00,1.0055449366646765
2026-01-27 17:52:00,1.0055449366646765
2026-01-27 17:53:00,1.0055449366646765
2026-01-27 17:54:00,1.0055449366646765
2026-01-27 17:55:00,1.0055449366646765
2026-01-27 17:56:00,1.0055449366646765
2026-01-27 17:57:00,1.0055449366646765
2026-01-27 17:58:00,1.0055449366646765
2026-01-27 17:59:00,1.0055449366646765
2026-01-27 18:00:00,1.0055449366646765
2026-01-27 18:01:00,1.005756916399955
2026-01-27 18:02:00,1.005756916399955
2026-01-27 18:03:00,1.005756916399955
2026-01-27 18:04:00,1.005756916399955
2026-01-27 18:05:00,1.005756916399955
2026-01-27 18:06:00,1.005756916399955
2026-01-27 18:07:00,1.005756916399955
2026-01-27 18:08:00,1.005756916399955
2026-01-27 18:09:00,1.005756916399955
2026-01-27 18:10:00,1.005756916399955
2026-01-27 18:11:00,1.005756916399955
2026-01-27 18:12:00,1.005756916399955
2026-01-27 18:13:00,1.005756916399955
2026-01-27 18:14:00,1.005756916399955
2026-01-27 18:15:00,1.005756916399955
2026-01-27 18:16:00,1.005756916399955
2026-01-27 18:17:00,1.005756916399955
2026-01-27 18:18:00,1.005756916399955
2026-01-27 18:19:00,1.005756916399955
2026-01-27 18:20:00,1.005756916399955
2026-01-27 18:21:00,1.005756916399955
2026-01-27 18:22:00,1.005756916399955
2026-01-27 18:23:00,1.005756916399955
2026-01-27 18:24:00,1.005756916399955
2026-01-27 18:25:00,1.0065668833985162
2026-01-27 18:26:00,1.0065668833985162
2026-01-27 18:27:00,1.0065668833985162
2026-01-27 18:28:00,1.0065668833985162
2026-01-27 18:29:00,1.0065668833985162
2026-01-27 18:30:00,1.0065668833985162
2026-01-27 18:31:00,1.0065668833985162
2026-01-27 18:32:00,1.0065668833985162
2026-01-27 18:33:00,1.0065668833985162
2026-01-27 18:34:00,1.0091210322547313
2026-01-27 18:35:00,1.0091210322547313
2026-01-27 18:36:00,1.0091210322547313
2026-01-27 18:37:00,1.0091210322547313
2026-01-27 18:38:00,1.0091210322547313
2026-01-27 18:39:00,1.0091210322547313
2026-01-27 18:40:00,1.0091210322547313
2026-01-27 18:41:00,1.0091210322547313
2026-01-27 18:42:00,1.0091210322547313
2026-01-27 18:43:00,1.0091210322547313
2026-01-27 18:44:00,1.0091210322547313
2026-01-27 18:45:00,1.0091210322547313
2026-01-27 18:46:00,1.0091210322547313
2026-01-27 18:47:00,1.0091210322547313
2026-01-27 18:48:00,1.0091210322547313
2026-01-27 18:49:00,1.0091210322547313
2026-01-27 18:50:00,1.0080734242168483
2026-01-27 18:51:00,1.0080734242168483
2026-01-27 18:52:00,1.0080734242168483
2026-01-27 18:53:00,1.0080734242168483
2026-01-27 18:54:00,1.0080734242168483
2026-01-27 18:55:00,1.0080734242168483
2026-01-27 18:56:00,1.0080734242168483
2026-01-27 18:57:00,1.0080734242168483
2026-01-27 18:58:00,1.0080734242168483
2026-01-27 18:59:00,1.0080734242168483
2026-01-27 19:00:00,1.0080734242168483
2026-01-27 19:01:00,1.0080734242168483
2026-01-27 19:02:00,1.0080734242168483
2026-01-27 19:03:00,1.0080734242168483
2026-01-27 19:04:00,1.0080734242168483
2026-01-27 19:05:00,1.0080734242168483
2026-01-27 19:06:00,1.0080734242168483
2026-01-27 19:07:00,1.0080734242168483
2026-01-27 19:08:00,1.0080734242168483
2026-01-27 19:09:00,1.0080734242168483
2026-01-27 19:10:00,1.0080734242168483
2026-01-27 19:11:00,1.0080734242168483
2026-01-27 19:12:00,1.0080734242168483
2026-01-27 19:13:00,1.0080734242168483
2026-01-27 19:14:00,1.0080734242168483
2026-01-27 19:15:00,1.0080734242168483
2026-01-27 19:16:00,1.0080734242168483
2026-01-27 19:17:00,1.0080734242168483
2026-01-27 19:18:00,1.0080734242168483
2026-01-27 19:19:00,1.0080734242168483
2026-01-27 19:20:00,1.0080734242168483
2026-01-27 19:21:00,1.0080734242168483
2026-01-27 19:22:00,1.0080734242168483
2026-01-27 19:23:00,1.0080734242168483
2026-01-27 19:24:00,1.0080734242168483
2026-01-27 19:25:00,1.0089858271516274
2026-01-27 19:26:00,1.0089858271516274
2026-01-27 19:27:00,1.0089858271516274
2026-01-27 19:28:00,1.0089858271516274
2026-01-27 19:29:00,1.0089858271516274
2026-01-27 19:30:00,1.0089858271516274
2026-01-27 19:31:00,1.0089858271516274
2026-01-27 19:32:00,1.0089858271516274
2026-01-27 19:33:00,1.0089858271516274
2026-01-27 19:34:00,1.0089858271516274
2026-01-27 19:35:00,1.0089858271516274
2026-01-27 19:36:00,1.0089858271516274
2026-01-27 19:37:00,1.0089858271516274
2026-01-27 19:38:00,1.0089858271516274
2026-01-27 19:39:00,1.0089858271516274
2026-01-27 19:40:00,1.0089858271516274
2026-01-27 19:41:00,1.0089858271516274
2026-01-27 19:42:00,1.0089858271516274
2026-01-27 19:43:00,1.0089858271516274
2026-01-27 19:44:00,1.0089858271516274
2026-01-27 19:45:00,1.0089858271516274
2026-01-27 19:46:00,1.0089858271516274
2026-01-27 19:47:00,1.0089858271516274
2026-01-27 19:48:00,1.0089858271516274
2026-01-27 19:49:00,1.0086556114889158
2026-01-27 19:50:00,1.0086556114889158
2026-01-27 19:51:00,1.0086556114889158
2026-01-27 19:52:00,1.0086556114889158
2026-01-27 19:53:00,1.0086556114889158
2026-01-27 19:54:00,1.0086556114889158
2026-01-27 19:55:00,1.0086556114889158
2026-01-27 19:56:00,1.0086556114889158
2026-01-27 19:57:00,1.0086556114889158
2026-01-27 19:58:00,1.0086556114889158
2026-01-27 19:59:00,1.0086556114889158
2026-01-27 20:00:00,1.0086556114889158
2026-01-27 20:01:00,1.0086556114889158
2026-01-27 20:02:00,1.0086556114889158
2026-01-27 20:03:00,1.0086556114889158
2026-01-27 20:04:00,1.0086556114889158
2026-01-27 20:05:00,1.0086556114889158
2026-01-27 20:06:00,1.0086556114889158
2026-01-27 20:07:00,1.0086556114889158
2026-01-27 20:08:00,1.0086556114889158
2026-01-27 20:09:00,1.0086556114889158
2026-01-27 20:10:00,1.0086556114889158
2026-01-27 20:11:00,1.0085972991652872
2026-01-27 20:12:00,1.0085972991652872
2026-01-27 20:13:00,1.0085972991652872
2026-01-27 20:14:00,1.0085972991652872
2026-01-27 20:15:00,1.0085972991652872
2026-01-27 20:16:00,1.0085972991652872
2026-01-27 20:17:00,1.0085972991652872
2026-01-27 20:18:00,1.0085972991652872
2026-01-27 20:19:00,1.0085972991652872
2026-01-27 20:20:00,1.0085972991652872
2026-01-27 20:21:00,1.0085972991652872
2026-01-27 20:22:00,1.0085972991652872
2026-01-27 20:23:00,1.0085972991652872
2026-01-27 20:24:00,1.0085972991652872
2026-01-27 20:25:00,1.0085972991652872
2026-01-27 20:26:00,1.0085972991652872
2026-01-27 20:27:00,1.0085972991652872
2026-01-27 20:28:00,1.0085972991652872
2026-01-27 20:29:00,1.0085972991652872
2026-01-27 20:30:00,1.0085972991652872
2026-01-27 20:31:00,1.0085972991652872
2026-01-27 20:32:00,1.0085972991652872
2026-01-27 20:33:00,1.0085972991652872
2026-01-27 20:34:00,1.0085972991652872
2026-01-27 20:35:00,1.0085972991652872
2026-01-27 20:36:00,1.0085972991652872
2026-01-27 20:37:00,1.0085972991652872
2026-01-27 20:38:00,1.0085972991652872
2026-01-27 20:39:00,1.0085972991652872
2026-01-27 20:40:00,1.0098815699173256
2026-01-27 20:41:00,1.0098815699173256
2026-01-27 20:42:00,1.0098815699173256
2026-01-27 20:43:00,1.0098815699173256
2026-01-27 20:44:00,1.0098815699173256
2026-01-27 20:45:00,1.0098815699173256
2026-01-27 20:46:00,1.0098815699173256
2026-01-27 20:47:00,1.0098815699173256
2026-01-27 20:48:00,1.0098815699173256
2026-01-27 20:49:00,1.0098815699173256
2026-01-27 20:50:00,1.0098815699173256
2026-01-27 20:51:00,1.0098815699173256
2026-01-27 20:52:00,1.0098815699173256
2026-01-27 20:53:00,1.0098815699173256
2026-01-27 20:54:00,1.0098815699173256
2026-01-27 20:55:00,1.0098815699173256
2026-01-27 20:56:00,1.0143374861944532
2026-01-27 20:57:00,1.0143374861944532
2026-01-27 20:58:00,1.0143374861944532
2026-01-27 20:59:00,1.0143374861944532
2026-01-28 14:30:00,1.0143374861944532
2026-01-28 14:31:00,1.0143374861944532
2026-01-28 14:32:00,1.0143374861944532
2026-01-28 14:33:00,1.0143374861944532
2026-01-28 14:34:00,1.0143374861944532
2026-01-28 14:35:00,1.0143374861944532
2026-01-28 14:36:00,1.0143374861944532
2026-01-28 14:37:00,1.0143374861944532
2026-01-28 14:38:00,1.0143374861944532
2026-01-28 14:39:00,1.0143374861944532
2026-01-28 14:40:00,1.0143374861944532
2026-01-28 14:41:00,1.0143374861944532
2026-01-28 14:42:00,1.0143374861944532
2026-01-28 14:43:00,1.0143374861944532
2026-01-28 14:44:00,1.0143374861944532
2026-01-28 14:45:00,1.0143374861944532
2026-01-28 14:46:00,1.0110297047142949
2026-01-28 14:47:00,1.0110297047142949
2026-01-28 14:48:00,1.0110297047142949
2026-01-28 14:49:00,1.0110297047142949
2026-01-28 14:50:00,1.0110297047142949
2026-01-28 14:51:00,1.0110297047142949
2026-01-28 14:52:00,1.0110297047142949
2026-01-28 14:53:00,1.0110297047142949
2026-01-28 14:54:00,1.0110297047142949
2026-01-28 14:55:00,1.0110297047142949
2026-01-28 14:56:00,1.0110297047142949
2026-01-28 14:57:00,1.0110297047142949
2026-01-28 14:58:00,1.0110297047142949
2026-01-28 14:59:00,1.0110297047142949
2026-01-28 15:00:00,1.0110297047142949
2026-01-28 15:01:00,1.0160097572081963
2026-01-28 15:02:00,1.0160097572081963
2026-01-28 15:03:00,1.0160097572081963
2026-01-28 15:04:00,1.0160097572081963
2026-01-28 15:05:00,1.0160097572081963
2026-01-28 15:06:00,1.0160097572081963
2026-01-28 15:07:00,1.0160097572081963
2026-01-28 15:08:00,1.0160097572081963
2026-01-28 15:09:00,1.0160097572081963
2026-01-28 15:10:00,1.0160097572081963
2026-01-28 15:11:00,1.0160097572081963
2026-01-28 15:12:00,1.0160097572081963
2026-01-28 15:13:00,1.0160097572081963
2026-01-28 15:14:00,1.0160097572081963
2026-01-28 15:15:00,1.0160097572081963
2026-01-28 15:16:00,1.0160097572081963
2026-01-28 15:17:00,1.0193425710755668
2026-01-28 15:18:00,1.0193425710755668
2026-01-28 15:19:00,1.0193425710755668
2026-01-28 15:20:00,1.0193425710755668
2026-01-28 15:21:00,1.0193425710755668
2026-01-28 15:22:00,1.0193425710755668
2026-01-28 15:23:00,1.0193425710755668
2026-01-28 15:24:00,1.0193425710755668
2026-01-28 15:25:00,1.0193425710755668
2026-01-28 15:26:00,1.0193425710755668
2026-01-28 15:27:00,1.0193425710755668
2026-01-28 15:28:00,1.0193425710755668
2026-01-28 15:29:00,1.0193425710755668
2026-01-28 15:30:00,1.0193425710755668
2026-01-28 15:31:00,1.0193425710755668
2026-01-28 15:32:00,1.0193425710755668
2026-01-28 15:33:00,1.0193425710755668
2026-01-28 15:34:00,1.0193425710755668
2026-01-28 15:35:00,1.0193425710755668
2026-01-28 15:36:00,1.0193425710755668
2026-01-28 15:37:00,1.0193425710755668
2026-01-28 15:38:00,1.0193425710755668
2026-01-28 15:39:00,1.0207331073267694
2026-01-28 15:40:00,1.0207331073267694
2026-01-28 15:41:00,1.0207331073267694
2026-01-28 15:42:00,1.0207331073267694
2026-01-28 15:43:00,1.0207331073267694
2026-01-28 15:44:00,1.0207331073267694
2026-01-28 15:45:00,1.0207331073267694
2026-01-28 15:46:00,1.0207331073267694
2026-01-28 15:47:00,1.0207331073267694
2026-01-28 15:48:00,1.0207331073267694
2026-01-28 15:49:00,1.0207331073267694
2026-01-28 15:50:00,1.0207331073267694
2026-01-28 15:51:00,1.0207331073267694
2026-01-28 15:52:00,1.0207331073267694
2026-01-28 15:53:00,1.0207331073267694
2026-01-28 15:54:00,1.0207331073267694
2026-01-28 15:55:00,1.0207331073267694
2026-01-28 15:56:00,1.0207331073267694
2026-01-28 15:57:00,1.0207331073267694
2026-01-28 15:58:00,1.0207331073267694
2026-01-28 15:59:00,1.0207331073267694
2026-01-28 16:00:00,1.0207331073267694
2026-01-28 16:01:00,1.0207331073267694
2026-01-28 16:02:00,1.0207331073267694
2026-01-28 16:03:00,1.0207331073267694
2026-01-28 16:04:00,1.0207331073267694
2026-01-28 16:05:00,1.0207331073267694
2026-01-28 16:06:00,1.0207331073267694
2026-01-28 16:07:00,1.0207331073267694
2026-01-28 16:08:00,1.0207331073267694
2026-01-28 16:09:00,1.0207331073267694
2026-01-28 16:10:00,1.0207331073267694
2026-01-28 16:11:00,1.0207331073267694
2026-01-28 16:12:00,1.0207331073267694
2026-01-28 16:13:00,1.0207331073267694
2026-01-28 16:14:00,1.0207331073267694
2026-01-28 16:15:00,1.0207331073267694
2026-01-28 16:16:00,1.0207331073267694
2026-01-28 16:17:00,1.0207331073267694
2026-01-28 16:18:00,1.0207331073267694
2026-01-28 16:19:00,1.0207331073267694
2026-01-28 16:20:00,1.0207331073267694
2026-01-28 16:21:00,1.0207331073267694
2026-01-28 16:22:00,1.0207331073267694
2026-01-28 16:23:00,1.0207331073267694
2026-01-28 16:24:00,1.0207331073267694
2026-01-28 16:25:00,1.0207331073267694
2026-01-28 16:26:00,1.0207331073267694
2026-01-28 16:27:00,1.0207331073267694
2026-01-28 16:28:00,1.0207331073267694
2026-01-28 16:29:00,1.0207331073267694
2026-01-28 16:30:00,1.0207331073267694
2026-01-28 16:31:00,1.0207331073267694
2026-01-28 16:32:00,1.0207331073267694
2026-01-28 16:33:00,1.0207331073267694
2026-01-28 16:34:00,1.0207331073267694
2026-01-28 16:35:00,1.0207331073267694
2026-01-28 16:36:00,1.0207331073267694
2026-01-28 16:37:00,1.0207331073267694
2026-01-28 16:38:00,1.0189555573521654
2026-01-28 16:39:00,1.0189555573521654
2026-01-28 16:40:00,1.0189555573521654
2026-01-28 16:41:00,1.0189555573521654
2026-01-28 16:42:00,1.0189555573521654
2026-01-28 16:43:00,1.0189555573521654
2026-01-28 16:44:00,1.0189555573521654
2026-01-28 16:45:00,1.0189555573521654
2026-01-28 16:46:00,1.0189555573521654
2026-01-28 16:47:00,1.0189555573521654
2026-01-28 16:48:00,1.0189555573521654
2026-01-28 16:49:00,1.0189555573521654
2026-01-28 16:50:00,1.0189555573521654
2026-01-28 16:51:00,1.0189555573521654
2026-01-28 16:52:00,1.0189555573521654
2026-01-28 16:53:00,1.0189555573521654
2026-01-28 16:54:00,1.0189555573521654
2026-01-28 16:55:00,1.0189555573521654
2026-01-28 16:56:00,1.0189555573521654
2026-01-28 16:57:00,1.0189555573521654
2026-01-28 16:58:00,1.0189555573521654
2026-01-28 16:59:00,1.0203941956792766
2026-01-28 17:00:00,1.0203941956792766
2026-01-28 17:01:00,1.0203941956792766
2026-01-28 17:02:00,1.0203941956792766
2026-01-28 17:03:00,1.0203941956792766
2026-01-28 17:04:00,1.0203941956792766
2026-01-28 17:05:00,1.0203941956792766
2026-01-28 17:06:00,1.0203941956792766
2026-01-28 17:07:00,1.0203941956792766
2026-01-28 17:08:00,1.0203941956792766
2026-01-28 17:09:00,1.0203941956792766
2026-01-28 17:10:00,1.0203941956792766
2026-01-28 17:11:00,1.0203941956792766
2026-01-28 17:12:00,1.0203941956792766
2026-01-28 17:13:00,1.0203941956792766
2026-01-28 17:14:00,1.0203941956792766
2026-01-28 17:15:00,1.0203941956792766
2026-01-28 17:16:00,1.0203941956792766
2026-01-28 17:17:00,1.0203941956792766
2026-01-28 17:18:00,1.0203941956792766
2026-01-28 17:19:00,1.0203941956792766
2026-01-28 17:20:00,1.0203941956792766
2026-01-28 17:21:00,1.0203941956792766
2026-01-28 17:22:00,1.0203941956792766
2026-01-28 17:23:00,1.0203941956792766
2026-01-28 17:24:00,1.0203941956792766
2026-01-28 17:25:00,1.0203941956792766
2026-01-28 17:26:00,1.0203941956792766
2026-01-28 17:27:00,1.0203941956792766
2026-01-28 17:28:00,1.0203941956792766
2026-01-28 17:29:00,1.0203941956792766
2026-01-28 17:30:00,1.0203941956792766
2026-01-28 17:31:00,1.0203941956792766
2026-01-28 17:32:00,1.0203941956792766
2026-01-28 17:33:00,1.0203941956792766
2026-01-28 17:34:00,1.0203941956792766
2026-01-28 17:35:00,1.0203941956792766
2026-01-28 17:36:00,1.0203941956792766
2026-01-28 17:37:00,1.0203941956792766
2026-01-28 17:38:00,1.0203941956792766
2026-01-28 17:39:00,1.0203941956792766
2026-01-28 17:40:00,1.0203941956792766
2026-01-28 17:41:00,1.0203941956792766
2026-01-28 17:42:00,1.0203941956792766
2026-01-28 17:43:00,1.0203941956792766
2026-01-28 17:44:00,1.0203941956792766
2026-01-28 17:45:00,1.0203941956792766
2026-01-28 17:46:00,1.0203941956792766
2026-01-28 17:47:00,1.0203941956792766
2026-01-28 17:48:00,1.0215963022631365
2026-01-28 17:49:00,1.0215963022631365
2026-01-28 17:50:00,1.0215963022631365
2026-01-28 17:51:00,1.0215963022631365
2026-01-28 17:52:00,1.0215963022631365
2026-01-28 17:53:00,1.0215963022631365
2026-01-28 17:54:00,1.0215963022631365
2026-01-28 17:55:00,1.0215963022631365
2026-01-28 17:56:00,1.0215963022631365
2026-01-28 17:57:00,1.0215963022631365
2026-01-28 17:58:00,1.0215963022631365
2026-01-28 17:59:00,1.0215963022631365
2026-01-28 18:00:00,1.0215963022631365
2026-01-28 18:01:00,1.0215963022631365
2026-01-28 18:02:00,1.0215963022631365
2026-01-28 18:03:00,1.0215963022631365
2026-01-28 18:04:00,1.0215963022631365
2026-01-28 18:05:00,1.0215963022631365
2026-01-28 18:06:00,1.0215963022631365
2026-01-28 18:07:00,1.0215963022631365
2026-01-28 18:08:00,1.0215963022631365
2026-01-28 18:09:00,1.0215963022631365
2026-01-28 18:10:00,1.0215963022631365
2026-01-28 18:11:00,1.0215963022631365
2026-01-28 18:12:00,1.0215963022631365
2026-01-28 18:13:00,1.0215963022631365
2026-01-28 18:14:00,1.0215963022631365
2026-01-28 18:15:00,1.0215963022631365
2026-01-28 18:16:00,1.0215963022631365
2026-01-28 18:17:00,1.0215963022631365
2026-01-28 18:19:00,1.0215963022631365
2026-01-28 18:20:00,1.0215963022631365
2026-01-28 18:21:00,1.0215963022631365
2026-01-28 18:22:00,1.0215963022631365
2026-01-28 18:23:00,1.0215963022631365
2026-01-28 18:24:00,1.0215963022631365
2026-01-28 18:25:00,1.0215963022631365
2026-01-28 18:26:00,1.0215963022631365
2026-01-28 18:27:00,1.0215963022631365
2026-01-28 18:28:00,1.0215963022631365
2026-01-28 18:29:00,1.0215963022631365
2026-01-28 18:30:00,1.0215963022631365
2026-01-28 18:31:00,1.0215963022631365
2026-01-28 18:32:00,1.0215963022631365
2026-01-28 18:33:00,1.0215963022631365
2026-01-28 18:34:00,1.0223485999774207
2026-01-28 18:35:00,1.0223485999774207
2026-01-28 18:36:00,1.0223485999774207
2026-01-28 18:37:00,1.0223485999774207
2026-01-28 18:38:00,1.0223485999774207
2026-01-28 18:39:00,1.0223485999774207
2026-01-28 18:40:00,1.0223485999774207
2026-01-28 18:41:00,1.0223485999774207
2026-01-28 18:42:00,1.0223485999774207
2026-01-28 18:43:00,1.0223485999774207
2026-01-28 18:44:00,1.0223485999774207
2026-01-28 18:45:00,1.0223485999774207
2026-01-28 18:46:00,1.0223485999774207
2026-01-28 18:47:00,1.0223485999774207
2026-01-28 18:48:00,1.0223485999774207
2026-01-28 18:49:00,1.0223485999774207
2026-01-28 18:50:00,1.0223485999774207
2026-01-28 18:51:00,1.0223485999774207
2026-01-28 18:52:00,1.0223485999774207
2026-01-28 18:53:00,1.0223485999774207
2026-01-28 18:54:00,1.0223485999774207
2026-01-28 18:55:00,1.0223485999774207
2026-01-28 18:56:00,1.0223485999774207
2026-01-28 18:57:00,1.0223485999774207
2026-01-28 18:58:00,1.0223485999774207
2026-01-28 18:59:00,1.0223485999774207
2026-01-28 19:00:00,1.0223485999774207
2026-01-28 19:01:00,1.0221484699444767
2026-01-28 19:02:00,1.0221484699444767
2026-01-28 19:03:00,1.0221484699444767
2026-01-28 19:04:00,1.0221484699444767
2026-01-28 19:05:00,1.0221484699444767
2026-01-28 19:06:00,1.0221484699444767
2026-01-28 19:07:00,1.0221484699444767
2026-01-28 19:08:00,1.0221484699444767
2026-01-28 19:09:00,1.0221484699444767
2026-01-28 19:10:00,1.0221484699444767
2026-01-28 19:11:00,1.0221484699444767
2026-01-28 19:12:00,1.0221484699444767
2026-01-28 19:13:00,1.0221484699444767
2026-01-28 19:14:00,1.0221484699444767
2026-01-28 19:15:00,1.0221484699444767
2026-01-28 19:16:00,1.0221484699444767
2026-01-28 19:17:00,1.0221484699444767
2026-01-28 19:18:00,1.0221484699444767
2026-01-28 19:19:00,1.0221484699444767
2026-01-28 19:20:00,1.0221484699444767
2026-01-28 19:21:00,1.0221484699444767
2026-01-28 19:22:00,1.0221484699444767
2026-01-28 19:23:00,1.0221484699444767
2026-01-28 19:24:00,1.0227496323845944
2026-01-28 19:25:00,1.0227496323845944
2026-01-28 19:26:00,1.0227496323845944
2026-01-28 19:27:00,1.0227496323845944
2026-01-28 19:28:00,1.0227496323845944
2026-01-28 19:29:00,1.0227496323845944
2026-01-28 19:30:00,1.0227496323845944
2026-01-28 19:31:00,1.0227496323845944
2026-01-28 19:32:00,1.0227496323845944
2026-01-28 19:33:00,1.0227496323845944
2026-01-28 19:34:00,1.0227496323845944
2026-01-28 19:35:00,1.0227496323845944
2026-01-28 19:36:00,1.0227496323845944
2026-01-28 19:37:00,1.0227496323845944
2026-01-28 19:38:00,1.0227496323845944
2026-01-28 19:39:00,1.0227496323845944
2026-01-28 19:40:00,1.0217087873659085
2026-01-28 19:41:00,1.0217087873659085
2026-01-28 19:42:00,1.0217087873659085
2026-01-28 19:43:00,1.0217087873659085
2026-01-28 19:44:00,1.0217087873659085
2026-01-28 19:45:00,1.0217087873659085
2026-01-28 19:46:00,1.0217087873659085
2026-01-28 19:47:00,1.0217087873659085
2026-01-28 19:48:00,1.0217087873659085
2026-01-28 19:49:00,1.0217087873659085
2026-01-28 19:50:00,1.0217087873659085
2026-01-28 19:51:00,1.0217087873659085
2026-01-28 19:52:00,1.0217087873659085
2026-01-28 19:53:00,1.0217087873659085
2026-01-28 19:54:00,1.0217087873659085
2026-01-28 19:55:00,1.0217087873659085
2026-01-28 19:56:00,1.0217087873659085
2026-01-28 19:57:00,1.0217087873659085
2026-01-28 19:58:00,1.0217087873659085
2026-01-28 19:59:00,1.0217087873659085
2026-01-28 20:00:00,1.0217087873659085
2026-01-28 20:01:00,1.0217087873659085
2026-01-28 20:02:00,1.0197559952848956
2026-01-28 20:03:00,1.0197559952848956
2026-01-28 20:04:00,1.0197559952848956
2026-01-28 20:05:00,1.0197559952848956
2026-01-28 20:06:00,1.0197559952848956
2026-01-28 20:07:00,1.0197559952848956
2026-01-28 20:08:00,1.0197559952848956
2026-01-28 20:09:00,1.0197559952848956
2026-01-28 20:10:00,1.0197559952848956
2026-01-28 20:11:00,1.0197559952848956
2026-01-28 20:12:00,1.0197559952848956
2026-01-28 20:13:00,1.0197559952848956
2026-01-28 20:14:00,1.0197559952848956
2026-01-28 20:15:00,1.0197559952848956
2026-01-28 20:16:00,1.0197559952848956
2026-01-28 20:17:00,1.0197559952848956
2026-01-28 20:18:00,1.0197559952848956
2026-01-28 20:19:00,1.0197559952848956
2026-01-28 20:20:00,1.0197559952848956
2026-01-28 20:21:00,1.0197559952848956
2026-01-28 20:22:00,1.0197559952848956
2026-01-28 20:23:00,1.0197559952848956
2026-01-28 20:24:00,1.0197559952848956
2026-01-28 20:25:00,1.0197559952848956
2026-01-28 20:26:00,1.0197559952848956
2026-01-28 20:27:00,1.0197559952848956
2026-01-28 20:28:00,1.0197559952848956
2026-01-28 20:29:00,1.0197559952848956
2026-01-28 20:30:00,1.0197559952848956
2026-01-28 20:31:00,1.0197559952848956
2026-01-28 20:32:00,1.0197559952848956
2026-01-28 20:33:00,1.0197559952848956
2026-01-28 20:34:00,1.0197559952848956
2026-01-28 20:35:00,1.0197559952848956
2026-01-28 20:36:00,1.0197559952848956
2026-01-28 20:37:00,1.0197559952848956
2026-01-28 20:38:00,1.0197559952848956
2026-01-28 20:39:00,1.0197559952848956
2026-01-28 20:40:00,1.0197559952848956
2026-01-28 20:41:00,1.0197559952848956
2026-01-28 20:42:00,1.0197559952848956
2026-01-28 20:43:00,1.0197559952848956
2026-01-28 20:44:00,1.0197559952848956
2026-01-28 20:45:00,1.0197559952848956
2026-01-28 20:46:00,1.0197559952848956
2026-01-28 20:47:00,1.0197559952848956
2026-01-28 20:48:00,1.0197559952848956
2026-01-28 20:49:00,1.0197559952848956
2026-01-28 20:50:00,1.0197559952848956
2026-01-28 20:51:00,1.0197559952848956
2026-01-28 20:52:00,1.0197559952848956
2026-01-28 20:53:00,1.0197559952848956
2026-01-28 20:54:00,1.0197559952848956
2026-01-28 20:55:00,1.0197559952848956
2026-01-28 20:56:00,1.0197559952848956
2026-01-28 20:57:00,1.0197559952848956
2026-01-28 20:58:00,1.0197559952848956
2026-01-28 20:59:00,1.0197559952848956
2026-01-29 14:30:00,1.0197559952848956
2026-01-29 14:31:00,1.0197559952848956
2026-01-29 14:32:00,1.0197559952848956
2026-01-29 14:33:00,1.0197559952848956
2026-01-29 14:34:00,1.0197559952848956
2026-01-29 14:35:00,1.0197559952848956
2026-01-29 14:36:00,1.0197559952848956
2026-01-29 14:37:00,1.0197559952848956
2026-01-29 14:38:00,1.0197559952848956
2026-01-29 14:39:00,1.0197559952848956
2026-01-29 14:40:00,1.0197559952848956
2026-01-29 14:41:00,1.0197559952848956
2026-01-29 14:42:00,1.0197559952848956
2026-01-29 14:43:00,1.0197559952848956
2026-01-29 14:44:00,1.0197559952848956
2026-01-29 14:45:00,1.0197559952848956
2026-01-29 14:46:00,1.0197559952848956
2026-01-29 14:47:00,1.0197559952848956
2026-01-29 14:48:00,1.0197559952848956
2026-01-29 14:49:00,1.0197559952848956
2026-01-29 14:50:00,1.0197559952848956
2026-01-29 14:51:00,1.0197559952848956
2026-01-29 14:52:00,1.0197559952848956
2026-01-29 14:53:00,1.0197559952848956
2026-01-29 14:54:00,1.0197559952848956
2026-01-29 14:55:00,1.0197559952848956
2026-01-29 14:56:00,1.0197559952848956
2026-01-29 14:57:00,1.0197559952848956
2026-01-29 14:58:00,1.0197559952848956
2026-01-29 14:59:00,1.0197559952848956
2026-01-29 15:00:00,1.0197559952848956
2026-01-29 15:01:00,1.0197559952848956
2026-01-29 15:02:00,1.0197559952848956
2026-01-29 15:03:00,1.0197559952848956
2026-01-29 15:04:00,1.0197559952848956
2026-01-29 15:05:00,1.0197559952848956
2026-01-29 15:06:00,1.0197559952848956
2026-01-29 15:07:00,1.0197559952848956
2026-01-29 15:08:00,1.0197559952848956
2026-01-29 15:09:00,1.0197559952848956
2026-01-29 15:10:00,1.0197559952848956
2026-01-29 15:11:00,1.0197559952848956
2026-01-29 15:12:00,1.0197559952848956
2026-01-29 15:13:00,1.0197559952848956
2026-01-29 15:14:00,1.0197559952848956
2026-01-29 15:15:00,1.0197559952848956
2026-01-29 15:16:00,1.0197559952848956
2026-01-29 15:17:00,1.0197559952848956
2026-01-29 15:18:00,1.0197559952848956
2026-01-29 15:19:00,1.0197559952848956
2026-01-29 15:20:00,1.0197559952848956
2026-01-29 15:21:00,1.0197559952848956
2026-01-29 15:22:00,1.0197559952848956
2026-01-29 15:23:00,1.0197559952848956
2026-01-29 15:24:00,1.0197559952848956
2026-01-29 15:25:00,1.0197559952848956
2026-01-29 15:26:00,1.0197559952848956
2026-01-29 15:27:00,1.0197559952848956
2026-01-29 15:28:00,1.0197559952848956
2026-01-29 15:29:00,1.0197559952848956
2026-01-29 15:30:00,1.0197559952848956
2026-01-29 15:31:00,1.0197559952848956
2026-01-29 15:32:00,1.0197559952848956
2026-01-29 15:33:00,1.0197559952848956
2026-01-29 15:34:00,1.0197559952848956
2026-01-29 15:35:00,1.0197559952848956
2026-01-29 15:36:00,1.0197559952848956
2026-01-29 15:37:00,1.0238807267950067
2026-01-29 15:38:00,1.0238807267950067
2026-01-29 15:39:00,1.0238807267950067
2026-01-29 15:40:00,1.0238807267950067
2026-01-29 15:41:00,1.0238807267950067
2026-01-29 15:42:00,1.0238807267950067
2026-01-29 15:43:00,1.0238807267950067
2026-01-29 15:44:00,1.0238807267950067
2026-01-29 15:45:00,1.0238807267950067
2026-01-29 15:46:00,1.0238807267950067
2026-01-29 15:47:00,1.0238807267950067
2026-01-29 15:48:00,1.0238807267950067
2026-01-29 15:49:00,1.0238807267950067
2026-01-29 15:50:00,1.0238807267950067
2026-01-29 15:51:00,1.0238807267950067
2026-01-29 15:52:00,1.0238807267950067
2026-01-29 15:53:00,1.0238807267950067
2026-01-29 15:54:00,1.0238807267950067
2026-01-29 15:55:00,1.0238807267950067
2026-01-29 15:56:00,1.0238807267950067
2026-01-29 15:57:00,1.0238807267950067
2026-01-29 15:59:00,1.0238807267950067
2026-01-29 16:00:00,1.0238807267950067
2026-01-29 16:01:00,1.0238807267950067
2026-01-29 16:02:00,1.0238807267950067
2026-01-29 16:03:00,1.0238807267950067
2026-01-29 16:04:00,1.0238807267950067
2026-01-29 16:05:00,1.0238807267950067
2026-01-29 16:06:00,1.0238807267950067
2026-01-29 16:07:00,1.0238807267950067
2026-01-29 16:08:00,1.0238807267950067
2026-01-29 16:09:00,1.0238807267950067
2026-01-29 16:10:00,1.0238807267950067
2026-01-29 16:11:00,1.0238807267950067
2026-01-29 16:12:00,1.0238807267950067
2026-01-29 16:13:00,1.0238807267950067
2026-01-29 16:14:00,1.0238807267950067
2026-01-29 16:15:00,1.0238807267950067
2026-01-29 16:16:00,1.0238807267950067
2026-01-29 16:17:00,1.0238807267950067
2026-01-29 16:18:00,1.0238807267950067
2026-01-29 16:19:00,1.0238807267950067
2026-01-29 16:20:00,1.0238807267950067
2026-01-29 16:21:00,1.0238807267950067
2026-01-29 16:22:00,1.0238807267950067
2026-01-29 16:23:00,1.0238807267950067
2026-01-29 16:24:00,1.0238807267950067
2026-01-29 16:25:00,1.0238807267950067
2026-01-29 16:26:00,1.0238807267950067
2026-01-29 16:27:00,1.0238807267950067
2026-01-29 16:28:00,1.0238807267950067
2026-01-29 16:29:00,1.0238807267950067
2026-01-29 16:30:00,1.0238807267950067
2026-01-29 16:31:00,1.0238807267950067
2026-01-29 16:32:00,1.0238807267950067
2026-01-29 16:33:00,1.0238807267950067
2026-01-29 16:34:00,1.0238807267950067
2026-01-29 16:35:00,1.0238807267950067
2026-01-29 16:36:00,1.0238807267950067
2026-01-29 16:37:00,1.0238807267950067
2026-01-29 16:38:00,1.0238807267950067
2026-01-29 16:39:00,1.0238807267950067
2026-01-29 16:40:00,1.0238807267950067
2026-01-29 16:41:00,1.0238807267950067
2026-01-29 16:42:00,1.0238807267950067
2026-01-29 16:43:00,1.0238807267950067
2026-01-29 16:44:00,1.0238807267950067
2026-01-29 16:45:00,1.0238807267950067
2026-01-29 16:46:00,1.0238807267950067
2026-01-29 16:47:00,1.0238807267950067
2026-01-29 16:48:00,1.0238807267950067
2026-01-29 16:49:00,1.0238807267950067
2026-01-29 16:50:00,1.0238807267950067
2026-01-29 16:51:00,1.0238807267950067
2026-01-29 16:52:00,1.0238807267950067
2026-01-29 16:53:00,1.0238807267950067
2026-01-29 16:54:00,1.0238807267950067
2026-01-29 16:55:00,1.0238807267950067
2026-01-29 16:56:00,1.0238807267950067
2026-01-29 16:57:00,1.0238807267950067
2026-01-29 16:58:00,1.0238807267950067
2026-01-29 16:59:00,1.0238807267950067
2026-01-29 17:00:00,1.0238807267950067
2026-01-29 17:01:00,1.0238807267950067
2026-01-29 17:02:00,1.0238807267950067
2026-01-29 17:03:00,1.0238807267950067
2026-01-29 17:04:00,1.0238807267950067
2026-01-29 17:05:00,1.0238807267950067
2026-01-29 17:06:00,1.0238807267950067
2026-01-29 17:07:00,1.0238807267950067
2026-01-29 17:08:00,1.0238807267950067
2026-01-29 17:09:00,1.0238807267950067
2026-01-29 17:10:00,1.0238807267950067
2026-01-29 17:11:00,1.0238807267950067
2026-01-29 17:12:00,1.0238807267950067
2026-01-29 17:13:00,1.0191885367306441
2026-01-29 17:14:00,1.0191885367306441
2026-01-29 17:15:00,1.0191885367306441
2026-01-29 17:16:00,1.0191885367306441
2026-01-29 17:17:00,1.0191885367306441
2026-01-29 17:18:00,1.0191885367306441
2026-01-29 17:19:00,1.0191885367306441
2026-01-29 17:20:00,1.0191885367306441
2026-01-29 17:21:00,1.0191885367306441
2026-01-29 17:22:00,1.0191885367306441
2026-01-29 17:23:00,1.0191885367306441
2026-01-29 17:24:00,1.0191885367306441
2026-01-29 17:25:00,1.0191885367306441
2026-01-29 17:26:00,1.0191885367306441
2026-01-29 17:27:00,1.0191885367306441
2026-01-29 17:28:00,1.0191885367306441
2026-01-29 17:29:00,1.0191885367306441
2026-01-29 17:30:00,1.0168504425236036
2026-01-29 17:31:00,1.0168504425236036
2026-01-29 17:32:00,1.0168504425236036
2026-01-29 17:33:00,1.0168504425236036
2026-01-29 17:34:00,1.0168504425236036
2026-01-29 17:35:00,1.0168504425236036
2026-01-29 17:36:00,1.0168504425236036
2026-01-29 17:37:00,1.0168504425236036
2026-01-29 17:38:00,1.0168504425236036
2026-01-29 17:39:00,1.0168504425236036
2026-01-29 17:40:00,1.0168504425236036
2026-01-29 17:41:00,1.0168504425236036
2026-01-29 17:42:00,1.0168504425236036
2026-01-29 17:43:00,1.0168504425236036
2026-01-29 17:44:00,1.0168504425236036
2026-01-29 17:45:00,1.0168504425236036
2026-01-29 17:46:00,1.0168504425236036
2026-01-29 17:47:00,1.0168504425236036
2026-01-29 17:48:00,1.0168504425236036
2026-01-29 17:49:00,1.0168504425236036
2026-01-29 17:50:00,1.0168504425236036
2026-01-29 17:51:00,1.0168504425236036
2026-01-29 17:52:00,1.0168504425236036
2026-01-29 17:53:00,1.0168504425236036
2026-01-29 17:54:00,1.0168504425236036
2026-01-29 17:55:00,1.0168504425236036
2026-01-29 17:56:00,1.0168504425236036
2026-01-29 17:57:00,1.0168504425236036
2026-01-29 17:58:00,1.0168504425236036
2026-01-29 17:59:00,1.0168504425236036
2026-01-29 18:00:00,1.0168504425236036
2026-01-29 18:01:00,1.0168504425236036
2026-01-29 18:02:00,1.0168504425236036
2026-01-29 18:03:00,1.0168504425236036
2026-01-29 18:04:00,1.0168504425236036
2026-01-29 18:05:00,1.0168504425236036
2026-01-29 18:06:00,1.0168504425236036
2026-01-29 18:07:00,1.0168504425236036
2026-01-29 18:08:00,1.0168504425236036
2026-01-29 18:09:00,1.0168504425236036
2026-01-29 18:10:00,1.0168504425236036
2026-01-29 18:11:00,1.0168504425236036
2026-01-29 18:12:00,1.0168504425236036
2026-01-29 18:13:00,1.0168504425236036
2026-01-29 18:14:00,1.0168504425236036
2026-01-29 18:15:00,1.0168504425236036
2026-01-29 18:16:00,1.0168504425236036
2026-01-29 18:17:00,1.0168504425236036
2026-01-29 18:18:00,1.0168504425236036
2026-01-29 18:19:00,1.0168504425236036
2026-01-29 18:20:00,1.0168504425236036
2026-01-29 18:21:00,1.0168504425236036
2026-01-29 18:22:00,1.0168504425236036
2026-01-29 18:23:00,1.0168504425236036
2026-01-29 18:24:00,1.0168504425236036
2026-01-29 18:25:00,1.0168504425236036
2026-01-29 18:26:00,1.0168504425236036
2026-01-29 18:27:00,1.0168504425236036
2026-01-29 18:28:00,1.0168504425236036
2026-01-29 18:29:00,1.0168504425236036
2026-01-29 18:30:00,1.0168504425236036
2026-01-29 18:31:00,1.0168504425236036
2026-01-29 18:32:00,1.0168504425236036
2026-01-29 18:33:00,1.0168504425236036
2026-01-29 18:34:00,1.0168504425236036
2026-01-29 18:35:00,1.0168504425236036
2026-01-29 18:36:00,1.0168504425236036
2026-01-29 18:37:00,1.0168504425236036
2026-01-29 18:38:00,1.0168504425236036
2026-01-29 18:39:00,1.0168504425236036
2026-01-29 18:40:00,1.0168504425236036
2026-01-29 18:41:00,1.0168504425236036
2026-01-29 18:42:00,1.0168504425236036
2026-01-29 18:43:00,1.0168504425236036
2026-01-29 18:44:00,1.0168504425236036
2026-01-29 18:45:00,1.0168504425236036
2026-01-29 18:46:00,1.0168504425236036
2026-01-29 18:47:00,1.0168504425236036
2026-01-29 18:48:00,1.0168504425236036
2026-01-29 18:49:00,1.0168504425236036
2026-01-29 18:50:00,1.0168504425236036
2026-01-29 18:51:00,1.0168504425236036
2026-01-29 18:52:00,1.0168504425236036
2026-01-29 18:53:00,1.0168504425236036
2026-01-29 18:54:00,1.0168504425236036
2026-01-29 18:55:00,1.0168504425236036
2026-01-29 18:56:00,1.0168504425236036
2026-01-29 18:57:00,1.0168504425236036
2026-01-29 18:58:00,1.0168504425236036
2026-01-29 18:59:00,1.0168504425236036
2026-01-29 19:00:00,1.0168504425236036
2026-01-29 19:01:00,1.0168504425236036
2026-01-29 19:02:00,1.0168504425236036
2026-01-29 19:03:00,1.0168504425236036
2026-01-29 19:04:00,1.0168504425236036
2026-01-29 19:05:00,1.0168504425236036
2026-01-29 19:06:00,1.0180069448064315
2026-01-29 19:07:00,1.0180069448064315
2026-01-29 19:08:00,1.0180069448064315
2026-01-29 19:09:00,1.0180069448064315
2026-01-29 19:10:00,1.0180069448064315
2026-01-29 19:11:00,1.0180069448064315
2026-01-29 19:12:00,1.0180069448064315
2026-01-29 19:13:00,1.0180069448064315
2026-01-29 19:14:00,1.0180069448064315
2026-01-29 19:15:00,1.0169806460133544
2026-01-29 19:20:00,1.0169806460133544
2026-01-29 19:21:00,1.0169806460133544
2026-01-29 19:22:00,1.0169806460133544
2026-01-29 19:23:00,1.0169806460133544
2026-01-29 19:24:00,1.0169806460133544
2026-01-29 19:25:00,1.0169806460133544
2026-01-29 19:26:00,1.0169806460133544
2026-01-29 19:27:00,1.0169806460133544
2026-01-29 19:28:00,1.0169806460133544
2026-01-29 19:29:00,1.0169806460133544
2026-01-29 19:30:00,1.0169806460133544
2026-01-29 19:31:00,1.0169806460133544
2026-01-29 19:32:00,1.0169806460133544
2026-01-29 19:33:00,1.0169806460133544
2026-01-29 19:34:00,1.0169806460133544
2026-01-29 19:35:00,1.0169806460133544
2026-01-29 19:36:00,1.0169806460133544
2026-01-29 19:37:00,1.0169806460133544
2026-01-29 19:38:00,1.0169806460133544
2026-01-29 19:39:00,1.0169806460133544
2026-01-29 19:40:00,1.0169806460133544
2026-01-29 19:41:00,1.0169806460133544
2026-01-29 19:42:00,1.0169806460133544
2026-01-29 19:43:00,1.0169806460133544
2026-01-29 19:44:00,1.0169806460133544
2026-01-29 19:45:00,1.0169806460133544
2026-01-29 19:46:00,1.0169806460133544
2026-01-29 19:47:00,1.0169806460133544
2026-01-29 19:48:00,1.0169806460133544
2026-01-29 19:49:00,1.0169806460133544
2026-01-29 19:50:00,1.0169806460133544
2026-01-29 19:51:00,1.0169806460133544
2026-01-29 19:52:00,1.0169806460133544
2026-01-29 19:53:00,1.0169806460133544
2026-01-29 19:54:00,1.0169806460133544
2026-01-29 19:55:00,1.0169806460133544
2026-01-29 19:56:00,1.0169806460133544
2026-01-29 19:57:00,1.0169806460133544
2026-01-29 19:58:00,1.0169806460133544
2026-01-29 19:59:00,1.0169806460133544
2026-01-29 20:00:00,1.0169806460133544
2026-01-29 20:01:00,1.0169806460133544
2026-01-29 20:02:00,1.0169806460133544
2026-01-29 20:03:00,1.0169806460133544
2026-01-29 20:04:00,1.0169806460133544
2026-01-29 20:05:00,1.0169806460133544
2026-01-29 20:06:00,1.0169806460133544
2026-01-29 20:07:00,1.0169806460133544
2026-01-29 20:08:00,1.0169806460133544
2026-01-29 20:09:00,1.0169806460133544
2026-01-29 20:10:00,1.0169806460133544
2026-01-29 20:11:00,1.0169806460133544
2026-01-29 20:12:00,1.0169806460133544
2026-01-29 20:13:00,1.0169806460133544
2026-01-29 20:14:00,1.0169806460133544
2026-01-29 20:15:00,1.0169806460133544
2026-01-29 20:16:00,1.0169806460133544
2026-01-29 20:17:00,1.0169806460133544
2026-01-29 20:18:00,1.0169806460133544
2026-01-29 20:19:00,1.0169806460133544
2026-01-29 20:20:00,1.0169806460133544
2026-01-29 20:21:00,1.0169806460133544
2026-01-29 20:22:00,1.0169806460133544
2026-01-29 20:23:00,1.0169806460133544
2026-01-29 20:24:00,1.0169806460133544
2026-01-29 20:25:00,1.0169806460133544
2026-01-29 20:26:00,1.0169806460133544
2026-01-29 20:27:00,1.0169806460133544
2026-01-29 20:28:00,1.0169806460133544
2026-01-29 20:29:00,1.0169806460133544
2026-01-29 20:30:00,1.0169806460133544
2026-01-29 20:31:00,1.0169806460133544
2026-01-29 20:32:00,1.0169806460133544
2026-01-29 20:33:00,1.0169806460133544
2026-01-29 20:34:00,1.0169806460133544
2026-01-29 20:35:00,1.0169806460133544
2026-01-29 20:36:00,1.0169806460133544
2026-01-29 20:37:00,1.0169806460133544
2026-01-29 20:38:00,1.0169806460133544
2026-01-29 20:39:00,1.0169806460133544
2026-01-29 20:40:00,1.0169806460133544
2026-01-29 20:42:00,1.0169806460133544
2026-01-29 20:43:00,1.0169806460133544
2026-01-29 20:44:00,1.0169806460133544
2026-01-29 20:45:00,1.0169806460133544
2026-01-29 20:46:00,1.0169806460133544
2026-01-29 20:47:00,1.0169806460133544
2026-01-29 20:48:00,1.0169806460133544
2026-01-29 20:49:00,1.0169806460133544
2026-01-29 20:50:00,1.0217838364978922
2026-01-29 20:51:00,1.0217838364978922
2026-01-29 20:52:00,1.0217838364978922
2026-01-29 20:53:00,1.0217838364978922
2026-01-29 20:54:00,1.0217838364978922
2026-01-29 20:55:00,1.0217838364978922
2026-01-29 20:56:00,1.0217838364978922
2026-01-29 20:57:00,1.0217838364978922
2026-01-29 20:58:00,1.0217838364978922
2026-01-29 20:59:00,1.0217838364978922
2026-01-30 14:30:00,1.0217838364978922
2026-01-30 14:31:00,1.0217838364978922
2026-01-30 14:32:00,1.0217838364978922
2026-01-30 14:33:00,1.0217838364978922
2026-01-30 14:34:00,1.0217838364978922
2026-01-30 14:35:00,1.0217838364978922
2026-01-30 14:36:00,1.0217838364978922
2026-01-30 14:37:00,1.0217838364978922
2026-01-30 14:38:00,1.0217838364978922
2026-01-30 14:39:00,1.0217838364978922
2026-01-30 14:40:00,1.0217838364978922
2026-01-30 14:41:00,1.0217838364978922
2026-01-30 14:42:00,1.0217838364978922
2026-01-30 14:43:00,1.0217838364978922
2026-01-30 14:44:00,1.0217838364978922
2026-01-30 14:45:00,1.0217838364978922
2026-01-30 14:46:00,1.0217838364978922
2026-01-30 14:47:00,1.0217838364978922
2026-01-30 14:48:00,1.0217838364978922
2026-01-30 14:49:00,1.0217838364978922
2026-01-30 14:50:00,1.0217838364978922
2026-01-30 14:51:00,1.0217838364978922
2026-01-30 14:52:00,1.0217838364978922
2026-01-30 14:53:00,1.0217838364978922
2026-01-30 14:54:00,1.0217838364978922
2026-01-30 14:55:00,1.0217838364978922
2026-01-30 14:56:00,1.0217838364978922
2026-01-30 14:57:00,1.0217838364978922
2026-01-30 14:58:00,1.0217838364978922
2026-01-30 14:59:00,1.0217838364978922
2026-01-30 15:00:00,1.0217838364978922
2026-01-30 15:01:00,1.0217838364978922
2026-01-30 15:02:00,1.0217838364978922
2026-01-30 15:05:00,1.0217838364978922
2026-01-30 15:06:00,1.0217838364978922
2026-01-30 15:07:00,1.0217838364978922
2026-01-30 15:08:00,1.0217838364978922
2026-01-30 15:09:00,1.0217838364978922
2026-01-30 15:10:00,1.0217838364978922
2026-01-30 15:11:00,1.0217838364978922
2026-01-30 15:12:00,1.0217838364978922
2026-01-30 15:13:00,1.0217838364978922
2026-01-30 15:14:00,1.0217838364978922
2026-01-30 15:15:00,1.0217838364978922
2026-01-30 15:16:00,1.0217838364978922
2026-01-30 15:17:00,1.0217838364978922
2026-01-30 15:18:00,1.0217838364978922
2026-01-30 15:19:00,1.0217838364978922
2026-01-30 15:20:00,1.0217838364978922
2026-01-30 15:21:00,1.0217838364978922
2026-01-30 15:22:00,1.0217838364978922
2026-01-30 15:23:00,1.0217838364978922
2026-01-30 15:24:00,1.0217838364978922
2026-01-30 15:25:00,1.0217838364978922
2026-01-30 15:26:00,1.0217838364978922
2026-01-30 15:27:00,1.0217838364978922
2026-01-30 15:28:00,1.0217838364978922
2026-01-30 15:29:00,1.0217838364978922
2026-01-30 15:30:00,1.0217838364978922
2026-01-30 15:31:00,1.0217838364978922
2026-01-30 15:32:00,1.0217838364978922
2026-01-30 15:33:00,1.0217838364978922
2026-01-30 15:34:00,1.0217838364978922
2026-01-30 15:35:00,1.0217838364978922
2026-01-30 15:36:00,1.0217838364978922
2026-01-30 15:37:00,1.0217838364978922
2026-01-30 15:38:00,1.0217838364978922
2026-01-30 15:39:00,1.0217838364978922
2026-01-30 15:40:00,1.0217838364978922
2026-01-30 15:41:00,1.0217838364978922
2026-01-30 15:42:00,1.0217838364978922
2026-01-30 15:43:00,1.0217838364978922
2026-01-30 15:44:00,1.0217838364978922
2026-01-30 15:45:00,1.0217838364978922
2026-01-30 15:46:00,1.0217838364978922
2026-01-30 15:47:00,1.0217838364978922
2026-01-30 15:48:00,1.0217838364978922
2026-01-30 15:49:00,1.0217838364978922
2026-01-30 15:50:00,1.0217838364978922
2026-01-30 15:51:00,1.0217838364978922
2026-01-30 15:52:00,1.0241953030069295
2026-01-30 15:53:00,1.0241953030069295
2026-01-30 15:54:00,1.0241953030069295
2026-01-30 15:55:00,1.0241953030069295
2026-01-30 15:56:00,1.0241953030069295
2026-01-30 15:57:00,1.0241953030069295
2026-01-30 15:58:00,1.0241953030069295
2026-01-30 15:59:00,1.0241953030069295
2026-01-30 16:00:00,1.0241953030069295
2026-01-30 16:01:00,1.0241953030069295
2026-01-30 16:02:00,1.0241953030069295
2026-01-30 16:03:00,1.0241953030069295
2026-01-30 16:04:00,1.0241953030069295
2026-01-30 16:05:00,1.0241953030069295
2026-01-30 16:06:00,1.0241953030069295
2026-01-30 16:07:00,1.0241953030069295
2026-01-30 16:08:00,1.0241953030069295
2026-01-30 16:09:00,1.0241953030069295
2026-01-30 16:10:00,1.0241953030069295
2026-01-30 16:11:00,1.0241953030069295
2026-01-30 16:12:00,1.0241953030069295
2026-01-30 16:13:00,1.0241953030069295
2026-01-30 16:14:00,1.0241953030069295
2026-01-30 16:15:00,1.0241953030069295
2026-01-30 16:16:00,1.0241953030069295
2026-01-30 16:17:00,1.0241953030069295
2026-01-30 16:18:00,1.0241953030069295
2026-01-30 16:19:00,1.0241953030069295
2026-01-30 16:20:00,1.0241953030069295
2026-01-30 16:21:00,1.0241953030069295
2026-01-30 16:22:00,1.0241953030069295
2026-01-30 16:23:00,1.0241953030069295
2026-01-30 16:24:00,1.0239553084739141
2026-01-30 16:25:00,1.0239553084739141
2026-01-30 16:26:00,1.0239553084739141
2026-01-30 16:27:00,1.0239553084739141
2026-01-30 16:28:00,1.0239553084739141
2026-01-30 16:29:00,1.0239553084739141
2026-01-30 16:30:00,1.0239553084739141
2026-01-30 16:31:00,1.0239553084739141
2026-01-30 16:32:00,1.0239553084739141
2026-01-30 16:33:00,1.0239553084739141
2026-01-30 16:34:00,1.0239553084739141
2026-01-30 16:35:00,1.0239553084739141
2026-01-30 16:36:00,1.0239553084739141
2026-01-30 16:37:00,1.0239553084739141
2026-01-30 16:38:00,1.0239553084739141
2026-01-30 16:39:00,1.0239553084739141
2026-01-30 16:40:00,1.0239553084739141
2026-01-30 16:41:00,1.0210767770463356
2026-01-30 16:42:00,1.0210767770463356
2026-01-30 16:43:00,1.0210767770463356
2026-01-30 16:44:00,1.0210767770463356
2026-01-30 16:45:00,1.0210767770463356
2026-01-30 16:46:00,1.0210767770463356
2026-01-30 16:47:00,1.0210767770463356
2026-01-30 16:48:00,1.0210767770463356
2026-01-30 16:49:00,1.0210767770463356
2026-01-30 16:50:00,1.0210767770463356
2026-01-30 16:51:00,1.0210767770463356
2026-01-30 16:52:00,1.0210767770463356
2026-01-30 16:53:00,1.0210767770463356
2026-01-30 16:54:00,1.0210767770463356
2026-01-30 16:55:00,1.0210767770463356
2026-01-30 16:56:00,1.0210767770463356
2026-01-30 16:57:00,1.024745188717609
2026-01-30 16:58:00,1.024745188717609
2026-01-30 16:59:00,1.024745188717609
2026-01-30 17:00:00,1.024745188717609
2026-01-30 17:01:00,1.024745188717609
2026-01-30 17:02:00,1.024745188717609
2026-01-30 17:03:00,1.024745188717609
2026-01-30 17:04:00,1.024745188717609
2026-01-30 17:05:00,1.024745188717609
2026-01-30 17:06:00,1.024745188717609
2026-01-30 17:07:00,1.024745188717609
2026-01-30 17:08:00,1.024745188717609
2026-01-30 17:09:00,1.024745188717609
2026-01-30 17:10:00,1.024745188717609
2026-01-30 17:11:00,1.024745188717609
2026-01-30 17:12:00,1.024745188717609
2026-01-30 17:13:00,1.024745188717609
2026-01-30 17:14:00,1.024745188717609
2026-01-30 17:15:00,1.024745188717609
2026-01-30 17:16:00,1.024745188717609
2026-01-30 17:17:00,1.024745188717609
2026-01-30 17:18:00,1.024745188717609
2026-01-30 17:19:00,1.024745188717609
2026-01-30 17:20:00,1.024745188717609
2026-01-30 17:21:00,1.024745188717609
2026-01-30 17:22:00,1.024745188717609
2026-01-30 17:23:00,1.024745188717609
2026-01-30 17:24:00,1.024745188717609
2026-01-30 17:25:00,1.024745188717609
2026-01-30 17:26:00,1.024745188717609
2026-01-30 17:27:00,1.024745188717609
2026-01-30 17:28:00,1.024745188717609
2026-01-30 17:29:00,1.024745188717609
2026-01-30 17:30:00,1.024745188717609
2026-01-30 17:31:00,1.024745188717609
2026-01-30 17:32:00,1.024745188717609
2026-01-30 17:33:00,1.024745188717609
2026-01-30 17:34:00,1.024745188717609
2026-01-30 17:35:00,1.024745188717609
2026-01-30 17:36:00,1.024745188717609
2026-01-30 17:37:00,1.024745188717609
2026-01-30 17:38:00,1.024745188717609
2026-01-30 17:39:00,1.0252475640232896
2026-01-30 17:40:00,1.0252475640232896
2026-01-30 17:41:00,1.0252475640232896
2026-01-30 17:42:00,1.0252475640232896
2026-01-30 17:43:00,1.0252475640232896
2026-01-30 17:44:00,1.0252475640232896
2026-01-30 17:45:00,1.0252475640232896
2026-01-30 17:46:00,1.0252475640232896
2026-01-30 17:47:00,1.0252475640232896
2026-01-30 17:48:00,1.0252475640232896
2026-01-30 17:49:00,1.0252475640232896
2026-01-30 17:50:00,1.0252475640232896
2026-01-30 17:51:00,1.0252475640232896
2026-01-30 17:52:00,1.0252475640232896
2026-01-30 17:53:00,1.0252475640232896
2026-01-30 17:54:00,1.0252475640232896
2026-01-30 17:55:00,1.0252475640232896
2026-01-30 17:56:00,1.0252475640232896
2026-01-30 17:57:00,1.0252475640232896
2026-01-30 17:58:00,1.0252475640232896
2026-01-30 17:59:00,1.0252475640232896
2026-01-30 18:00:00,1.0252475640232896
2026-01-30 18:01:00,1.0252475640232896
2026-01-30 18:02:00,1.0254083532639555
2026-01-30 18:03:00,1.0254083532639555
2026-01-30 18:04:00,1.0254083532639555
2026-01-30 18:05:00,1.0254083532639555
2026-01-30 18:06:00,1.0254083532639555
2026-01-30 18:08:00,1.0254083532639555
2026-01-30 18:09:00,1.0254083532639555
2026-01-30 18:10:00,1.0254083532639555
2026-01-30 18:11:00,1.0254083532639555
2026-01-30 18:12:00,1.0254083532639555
2026-01-30 18:13:00,1.0254083532639555
2026-01-30 18:14:00,1.0254083532639555
2026-01-30 18:15:00,1.0254083532639555
2026-01-30 18:16:00,1.0254083532639555
2026-01-30 18:17:00,1.0254083532639555
2026-01-30 18:18:00,1.0254083532639555
2026-01-30 18:19:00,1.0254083532639555
2026-01-30 18:20:00,1.0254083532639555
2026-01-30 18:21:00,1.0264354525031276
2026-01-30 18:22:00,1.0264354525031276
2026-01-30 18:23:00,1.0264354525031276
2026-01-30 18:24:00,1.0264354525031276
2026-01-30 18:25:00,1.0264354525031276
2026-01-30 18:26:00,1.0264354525031276
2026-01-30 18:27:00,1.0264354525031276
2026-01-30 18:28:00,1.0264354525031276
2026-01-30 18:29:00,1.0264354525031276
2026-01-30 18:30:00,1.0264354525031276
2026-01-30 18:31:00,1.0264354525031276
2026-01-30 18:32:00,1.0264354525031276
2026-01-30 18:33:00,1.0264354525031276
2026-01-30 18:34:00,1.0264354525031276
2026-01-30 18:35:00,1.0264354525031276
2026-01-30 18:36:00,1.0264354525031276
2026-01-30 18:37:00,1.0264354525031276
2026-01-30 18:38:00,1.0264354525031276
2026-01-30 18:39:00,1.0264354525031276
2026-01-30 18:40:00,1.0264354525031276
2026-01-30 18:41:00,1.0264354525031276
2026-01-30 18:42:00,1.0264354525031276
2026-01-30 18:43:00,1.0264354525031276
2026-01-30 18:44:00,1.0264354525031276
2026-01-30 18:45:00,1.0264354525031276
2026-01-30 18:46:00,1.0264354525031276
2026-01-30 18:47:00,1.0264354525031276
2026-01-30 18:48:00,1.0264354525031276
2026-01-30 18:49:00,1.0264354525031276
2026-01-30 18:51:00,1.0264354525031276
2026-01-30 18:52:00,1.0264354525031276
2026-01-30 18:53:00,1.0264354525031276
2026-01-30 18:54:00,1.0264354525031276
2026-01-30 18:55:00,1.0264354525031276
2026-01-30 18:56:00,1.0264354525031276
2026-01-30 18:57:00,1.0264354525031276
2026-01-30 18:58:00,1.0264354525031276
2026-01-30 18:59:00,1.0264354525031276
2026-01-30 19:00:00,1.0264354525031276
2026-01-30 19:01:00,1.0264354525031276
2026-01-30 19:02:00,1.0264354525031276
2026-01-30 19:03:00,1.0264354525031276
2026-01-30 19:04:00,1.0264354525031276
2026-01-30 19:05:00,1.0264354525031276
2026-01-30 19:06:00,1.0264354525031276
2026-01-30 19:08:00,1.0264354525031276
2026-01-30 19:09:00,1.0264354525031276
2026-01-30 19:10:00,1.0264354525031276
2026-01-30 19:11:00,1.0264354525031276
2026-01-30 19:12:00,1.0264354525031276
2026-01-30 19:13:00,1.0264354525031276
2026-01-30 19:14:00,1.0264354525031276
2026-01-30 19:15:00,1.0264354525031276
2026-01-30 19:16:00,1.0264354525031276
2026-01-30 19:17:00,1.0264354525031276
2026-01-30 19:18:00,1.0264354525031276
2026-01-30 19:19:00,1.0264354525031276
2026-01-30 19:20:00,1.0264354525031276
2026-01-30 19:21:00,1.0264354525031276
2026-01-30 19:22:00,1.0264354525031276
2026-01-30 19:23:00,1.0264354525031276
2026-01-30 19:24:00,1.0264354525031276
2026-01-30 19:25:00,1.0264354525031276
2026-01-30 19:26:00,1.0264354525031276
2026-01-30 19:27:00,1.0264354525031276
2026-01-30 19:28:00,1.0264354525031276
2026-01-30 19:29:00,1.0264354525031276
2026-01-30 19:30:00,1.0264354525031276
2026-01-30 19:31:00,1.0264354525031276
2026-01-30 19:32:00,1.0264354525031276
2026-01-30 19:33:00,1.0264354525031276
2026-01-30 19:34:00,1.0264354525031276
2026-01-30 19:35:00,1.0264354525031276
2026-01-30 19:36:00,1.0264354525031276
2026-01-30 19:37:00,1.0264354525031276
2026-01-30 19:38:00,1.0264354525031276
2026-01-30 19:39:00,1.0264354525031276
2026-01-30 19:40:00,1.0264354525031276
2026-01-30 19:41:00,1.0264354525031276
2026-01-30 19:42:00,1.0264354525031276
2026-01-30 19:43:00,1.024627408040817
2026-01-30 19:44:00,1.024627408040817
2026-01-30 19:45:00,1.024627408040817
2026-01-30 19:46:00,1.024627408040817
2026-01-30 19:47:00,1.024627408040817
2026-01-30 19:48:00,1.024627408040817
2026-01-30 19:49:00,1.024627408040817
2026-01-30 19:50:00,1.024627408040817
2026-01-30 19:51:00,1.024627408040817
2026-01-30 19:52:00,1.024627408040817
2026-01-30 19:53:00,1.024627408040817
2026-01-30 19:54:00,1.024627408040817
2026-01-30 19:55:00,1.024627408040817
2026-01-30 19:56:00,1.024627408040817
2026-01-30 19:57:00,1.024627408040817
2026-01-30 19:58:00,1.024627408040817
2026-01-30 19:59:00,1.024627408040817
2026-01-30 20:00:00,1.024627408040817
2026-01-30 20:01:00,1.024627408040817
2026-01-30 20:02:00,1.024627408040817
2026-01-30 20:03:00,1.024627408040817
2026-01-30 20:04:00,1.024627408040817
2026-01-30 20:05:00,1.024627408040817
2026-01-30 20:06:00,1.024627408040817
2026-01-30 20:07:00,1.0262521550075976
2026-01-30 20:08:00,1.0262521550075976
2026-01-30 20:09:00,1.0262521550075976
2026-01-30 20:10:00,1.0299179503373403
2026-01-30 20:11:00,1.0299179503373403
2026-01-30 20:12:00,1.0299179503373403
2026-01-30 20:13:00,1.0299179503373403
2026-01-30 20:14:00,1.0299179503373403
2026-01-30 20:15:00,1.0299179503373403
2026-01-30 20:16:00,1.0299179503373403
2026-01-30 20:17:00,1.0299179503373403
2026-01-30 20:18:00,1.0299179503373403
2026-01-30 20:19:00,1.0299179503373403
2026-01-30 20:20:00,1.0299179503373403
2026-01-30 20:21:00,1.0299179503373403
2026-01-30 20:22:00,1.0299179503373403
2026-01-30 20:23:00,1.0299179503373403
2026-01-30 20:24:00,1.0299179503373403
2026-01-30 20:25:00,1.0299179503373403
2026-01-30 20:26:00,1.0259093312322962
2026-01-30 20:27:00,1.0259093312322962
2026-01-30 20:28:00,1.0259093312322962
2026-01-30 20:29:00,1.0259093312322962
2026-01-30 20:30:00,1.0259093312322962
2026-01-30 20:31:00,1.0259093312322962
2026-01-30 20:32:00,1.0259093312322962
2026-01-30 20:33:00,1.0259093312322962
2026-01-30 20:34:00,1.0259093312322962
2026-01-30 20:35:00,1.0259093312322962
2026-01-30 20:36:00,1.0259093312322962
2026-01-30 20:37:00,1.0259093312322962
2026-01-30 20:38:00,1.0259093312322962
2026-01-30 20:39:00,1.0259093312322962
2026-01-30 20:40:00,1.0259093312322962
2026-01-30 20:41:00,1.0259093312322962
2026-01-30 20:42:00,1.0259093312322962
2026-01-30 20:43:00,1.0259093312322962
2026-01-30 20:44:00,1.0259093312322962
2026-01-30 20:45:00,1.0259093312322962
2026-01-30 20:46:00,1.0206670250636036
2026-01-30 20:47:00,1.0206670250636036
2026-01-30 20:48:00,1.0206670250636036
2026-01-30 20:49:00,1.0206670250636036
2026-01-30 20:50:00,1.0206670250636036
2026-01-30 20:51:00,1.0206670250636036
2026-01-30 20:52:00,1.0206670250636036
2026-01-30 20:53:00,1.0206670250636036
2026-01-30 20:54:00,1.0206670250636036
2026-01-30 20:55:00,1.0206670250636036
2026-01-30 20:56:00,1.0206670250636036
2026-01-30 20:57:00,1.0206670250636036
2026-01-30 20:58:00,1.0206670250636036
2026-01-30 20:59:00,1.0279833129732119
2026-02-02 14:30:00,1.0279833129732119
2026-02-02 14:31:00,1.0279833129732119
2026-02-02 14:32:00,1.0279833129732119
2026-02-02 14:33:00,1.0279833129732119
2026-02-02 14:34:00,1.0279833129732119
2026-02-02 14:35:00,1.0279833129732119
2026-02-02 14:36:00,1.0279833129732119
2026-02-02 14:37:00,1.0279833129732119
2026-02-02 14:38:00,1.0279833129732119
2026-02-02 14:39:00,1.0279833129732119
2026-02-02 14:40:00,1.0279833129732119
2026-02-02 14:41:00,1.0279833129732119
2026-02-02 14:42:00,1.0279833129732119
2026-02-02 14:43:00,1.0279833129732119
2026-02-02 14:44:00,1.0279833129732119
2026-02-02 14:45:00,1.0279833129732119
2026-02-02 14:46:00,1.0279833129732119
2026-02-02 14:47:00,1.0279833129732119
2026-02-02 14:48:00,1.0279833129732119
2026-02-02 14:49:00,1.0279833129732119
2026-02-02 14:50:00,1.0279833129732119
2026-02-02 14:51:00,1.0279833129732119
2026-02-02 14:52:00,1.0279833129732119
2026-02-02 14:53:00,1.0279833129732119
2026-02-02 14:54:00,1.0279833129732119
2026-02-02 14:55:00,1.0279833129732119
2026-02-02 14:56:00,1.0279833129732119
2026-02-02 14:57:00,1.0279833129732119
2026-02-02 14:58:00,1.0279833129732119
2026-02-02 14:59:00,1.0279833129732119
2026-02-02 15:00:00,1.0279833129732119
2026-02-02 15:01:00,1.0180051625940774
2026-02-02 15:02:00,1.0180051625940774
2026-02-02 15:03:00,1.0180051625940774
2026-02-02 15:04:00,1.0180051625940774
2026-02-02 15:05:00,1.0180051625940774
2026-02-02 15:06:00,1.0180051625940774
2026-02-02 15:07:00,1.0180051625940774
2026-02-02 15:08:00,1.0180051625940774
2026-02-02 15:09:00,1.0180051625940774
2026-02-02 15:10:00,1.0180051625940774
2026-02-02 15:11:00,1.0180051625940774
2026-02-02 15:12:00,1.0180051625940774
2026-02-02 15:13:00,1.0180051625940774
2026-02-02 15:14:00,1.0180051625940774
2026-02-02 15:15:00,1.0180051625940774
2026-02-02 15:16:00,1.0180051625940774
2026-02-02 15:17:00,1.0180051625940774
2026-02-02 15:18:00,1.0180051625940774
2026-02-02 15:19:00,1.0180051625940774
2026-02-02 15:20:00,1.0180051625940774
2026-02-02 15:21:00,1.0180051625940774
2026-02-02 15:22:00,1.0180051625940774
2026-02-02 15:23:00,1.0180051625940774
2026-02-02 15:24:00,1.0180051625940774
2026-02-02 15:25:00,1.0180051625940774
2026-02-02 15:26:00,1.0180051625940774
2026-02-02 15:27:00,1.0180051625940774
2026-02-02 15:28:00,1.0180051625940774
2026-02-02 15:29:00,1.0180051625940774
2026-02-02 15:30:00,1.0180051625940774
2026-02-02 15:31:00,1.0180051625940774
2026-02-02 15:32:00,1.0180051625940774
2026-02-02 15:33:00,1.0180051625940774
2026-02-02 15:34:00,1.0180051625940774
2026-02-02 15:35:00,1.0180051625940774
2026-02-02 15:36:00,1.0180051625940774
2026-02-02 15:37:00,1.0180051625940774
2026-02-02 15:38:00,1.0180051625940774
2026-02-02 15:39:00,1.0180051625940774
2026-02-02 15:40:00,1.0180051625940774
2026-02-02 15:41:00,1.0180051625940774
2026-02-02 15:42:00,1.0180051625940774
2026-02-02 15:43:00,1.0180051625940774
2026-02-02 15:44:00,1.0180051625940774
2026-02-02 15:45:00,1.0180051625940774
2026-02-02 15:46:00,1.0180051625940774
2026-02-02 15:47:00,1.0180051625940774
2026-02-02 15:48:00,1.0180051625940774
2026-02-02 15:49:00,1.0180051625940774
2026-02-02 15:50:00,1.0180051625940774
2026-02-02 15:51:00,1.0180051625940774
2026-02-02 15:52:00,1.0180051625940774
2026-02-02 15:53:00,1.0180051625940774
2026-02-02 15:54:00,1.0180051625940774
2026-02-02 15:55:00,1.0180051625940774
2026-02-02 15:56:00,1.0180051625940774
2026-02-02 15:57:00,1.0180051625940774
2026-02-02 15:58:00,1.0180051625940774
2026-02-02 15:59:00,1.0180051625940774
2026-02-02 16:00:00,1.0180051625940774
2026-02-02 16:01:00,1.0180051625940774
2026-02-02 16:02:00,1.0180051625940774
2026-02-02 16:03:00,1.0180051625940774
2026-02-02 16:04:00,1.0180051625940774
2026-02-02 16:05:00,1.0180051625940774
2026-02-02 16:06:00,1.0180051625940774
2026-02-02 16:07:00,1.0180051625940774
2026-02-02 16:08:00,1.0180051625940774
2026-02-02 16:09:00,1.0180051625940774
2026-02-02 16:10:00,1.0180051625940774
2026-02-02 16:11:00,1.0180051625940774
2026-02-02 16:12:00,1.0180051625940774
2026-02-02 16:13:00,1.0180051625940774
2026-02-02 16:14:00,1.0180051625940774
2026-02-02 16:15:00,1.0180051625940774
2026-02-02 16:16:00,1.0180051625940774
2026-02-02 16:17:00,1.0180051625940774
2026-02-02 16:18:00,1.0165623273850337
2026-02-02 16:26:00,1.0165623273850337
2026-02-02 16:27:00,1.0165623273850337
2026-02-02 16:28:00,1.0165623273850337
2026-02-02 16:29:00,1.0165623273850337
2026-02-02 16:30:00,1.0165623273850337
2026-02-02 16:31:00,1.0165623273850337
2026-02-02 16:32:00,1.0165623273850337
2026-02-02 16:33:00,1.0165623273850337
2026-02-02 16:34:00,1.0165623273850337
2026-02-02 16:35:00,1.0165623273850337
2026-02-02 16:36:00,1.0165623273850337
2026-02-02 16:37:00,1.0165623273850337
2026-02-02 16:38:00,1.0165623273850337
2026-02-02 16:39:00,1.0165623273850337
2026-02-02 16:40:00,1.0165623273850337
2026-02-02 16:41:00,1.0165623273850337
2026-02-02 16:42:00,1.0165623273850337
2026-02-02 16:43:00,1.0165623273850337
2026-02-02 16:44:00,1.0165623273850337
2026-02-02 16:45:00,1.0165623273850337
2026-02-02 16:46:00,1.0165623273850337
2026-02-02 16:47:00,1.0165623273850337
2026-02-02 16:48:00,1.0165623273850337
2026-02-02 16:49:00,1.0165623273850337
2026-02-02 16:50:00,1.0165623273850337
2026-02-02 16:51:00,1.0173747698718878
2026-02-02 16:52:00,1.0173747698718878
2026-02-02 16:53:00,1.0173747698718878
2026-02-02 16:54:00,1.0173747698718878
2026-02-02 16:55:00,1.0173747698718878
2026-02-02 16:56:00,1.0173747698718878
2026-02-02 16:57:00,1.0173747698718878
2026-02-02 16:58:00,1.0173747698718878
2026-02-02 16:59:00,1.0173747698718878
2026-02-02 17:00:00,1.0173747698718878
2026-02-02 17:01:00,1.0173747698718878
2026-02-02 17:02:00,1.0173747698718878
2026-02-02 17:03:00,1.0173747698718878
2026-02-02 17:04:00,1.0173747698718878
2026-02-02 17:05:00,1.0173747698718878
2026-02-02 17:06:00,1.0173747698718878
2026-02-02 17:07:00,1.0173747698718878
2026-02-02 17:08:00,1.0173747698718878
2026-02-02 17:09:00,1.0173747698718878
2026-02-02 17:10:00,1.0173747698718878
2026-02-02 17:11:00,1.0173747698718878
2026-02-02 17:12:00,1.0173747698718878
2026-02-02 17:13:00,1.0173747698718878
2026-02-02 17:14:00,1.0171631479071366
2026-02-02 17:15:00,1.0171631479071366
2026-02-02 17:16:00,1.0171631479071366
2026-02-02 17:17:00,1.0171631479071366
2026-02-02 17:18:00,1.0171631479071366
2026-02-02 17:19:00,1.0171631479071366
2026-02-02 17:20:00,1.0171631479071366
2026-02-02 17:21:00,1.0171631479071366
2026-02-02 17:22:00,1.0171631479071366
2026-02-02 17:23:00,1.0171631479071366
2026-02-02 17:24:00,1.0171631479071366
2026-02-02 17:25:00,1.0171631479071366
2026-02-02 17:26:00,1.0171631479071366
2026-02-02 17:27:00,1.0171631479071366
2026-02-02 17:28:00,1.0171631479071366
2026-02-02 17:29:00,1.0171631479071366
2026-02-02 17:30:00,1.0171631479071366
2026-02-02 17:31:00,1.0171631479071366
2026-02-02 17:32:00,1.0171631479071366
2026-02-02 17:33:00,1.0171631479071366
2026-02-02 17:34:00,1.0171631479071366
2026-02-02 17:35:00,1.0171631479071366
2026-02-02 17:36:00,1.0171631479071366
2026-02-02 17:37:00,1.0171631479071366
2026-02-02 17:38:00,1.0171631479071366
2026-02-02 17:39:00,1.0171631479071366
2026-02-02 17:40:00,1.0171631479071366
2026-02-02 17:41:00,1.0171631479071366
2026-02-02 17:42:00,1.0171631479071366
2026-02-02 17:43:00,1.0171631479071366
2026-02-02 17:44:00,1.0171631479071366
2026-02-02 17:45:00,1.0171631479071366
2026-02-02 17:46:00,1.0171631479071366
2026-02-02 17:47:00,1.0171631479071366
2026-02-02 17:48:00,1.0171631479071366
2026-02-02 17:49:00,1.0171631479071366
2026-02-02 17:50:00,1.0171631479071366
2026-02-02 17:51:00,1.0171631479071366
2026-02-02 17:52:00,1.0171631479071366
2026-02-02 17:53:00,1.0171631479071366
2026-02-02 17:54:00,1.0187053744084749
2026-02-02 17:55:00,1.0187053744084749
2026-02-02 17:56:00,1.0187053744084749
2026-02-02 17:57:00,1.0187053744084749
2026-02-02 17:58:00,1.0187053744084749
2026-02-02 17:59:00,1.0187053744084749
2026-02-02 18:00:00,1.0187053744084749
2026-02-02 18:01:00,1.0187053744084749
2026-02-02 18:02:00,1.0187053744084749
2026-02-02 18:03:00,1.0187053744084749
2026-02-02 18:04:00,1.0187053744084749
2026-02-02 18:05:00,1.0187053744084749
2026-02-02 18:06:00,1.0187053744084749
2026-02-02 18:07:00,1.0187053744084749
2026-02-02 18:08:00,1.0187053744084749
2026-02-02 18:09:00,1.0187053744084749
2026-02-02 18:10:00,1.0151321079868543
2026-02-02 18:11:00,1.0151321079868543
2026-02-02 18:12:00,1.0151321079868543
2026-02-02 18:13:00,1.0151321079868543
2026-02-02 18:14:00,1.0151321079868543
2026-02-02 18:15:00,1.0151321079868543
2026-02-02 18:16:00,1.0151321079868543
2026-02-02 18:17:00,1.0151321079868543
2026-02-02 18:18:00,1.0151321079868543
2026-02-02 18:19:00,1.0151321079868543
2026-02-02 18:20:00,1.0151321079868543
2026-02-02 18:21:00,1.0151321079868543
2026-02-02 18:22:00,1.0151321079868543
2026-02-02 18:23:00,1.0151321079868543
2026-02-02 18:24:00,1.0151321079868543
2026-02-02 18:25:00,1.0151321079868543
2026-02-02 18:26:00,1.0151321079868543
2026-02-02 18:27:00,1.014328157017985
2026-02-02 18:30:00,1.014328157017985
2026-02-02 18:31:00,1.014328157017985
2026-02-02 18:32:00,1.014328157017985
2026-02-02 18:33:00,1.014328157017985
2026-02-02 18:34:00,1.014328157017985
2026-02-02 18:35:00,1.014328157017985
2026-02-02 18:36:00,1.014328157017985
2026-02-02 18:37:00,1.014328157017985
2026-02-02 18:38:00,1.014328157017985
2026-02-02 18:39:00,1.014328157017985
2026-02-02 18:40:00,1.014328157017985
2026-02-02 18:41:00,1.014328157017985
2026-02-02 18:42:00,1.014328157017985
2026-02-02 18:43:00,1.014328157017985
2026-02-02 18:44:00,1.014328157017985
2026-02-02 18:45:00,1.0128761145047191
2026-02-02 18:46:00,1.0128761145047191
2026-02-02 18:47:00,1.0128761145047191
2026-02-02 18:48:00,1.0128761145047191
2026-02-02 18:49:00,1.0128761145047191
2026-02-02 18:50:00,1.0128761145047191
2026-02-02 18:51:00,1.0128761145047191
2026-02-02 18:52:00,1.0128761145047191
2026-02-02 18:53:00,1.0128761145047191
2026-02-02 18:54:00,1.0128761145047191
2026-02-02 18:55:00,1.0128761145047191
2026-02-02 18:56:00,1.0128761145047191
2026-02-02 18:57:00,1.0128761145047191
2026-02-02 18:58:00,1.0096058806478287
2026-02-02 19:03:00,1.0096058806478287
2026-02-02 19:04:00,1.0096058806478287
2026-02-02 19:05:00,1.0096058806478287
2026-02-02 19:06:00,1.0096058806478287
2026-02-02 19:07:00,1.0096058806478287
2026-02-02 19:08:00,1.0096058806478287
2026-02-02 19:09:00,1.0096058806478287
2026-02-02 19:10:00,1.0096058806478287
2026-02-02 19:11:00,1.0096058806478287
2026-02-02 19:12:00,1.0096058806478287
2026-02-02 19:13:00,1.0096058806478287
2026-02-02 19:14:00,1.0096058806478287
2026-02-02 19:15:00,1.0096058806478287
2026-02-02 19:16:00,1.0096058806478287
2026-02-02 19:17:00,1.0096058806478287
2026-02-02 19:18:00,1.0096058806478287
2026-02-02 19:19:00,1.0096058806478287
2026-02-02 19:20:00,1.0096058806478287
2026-02-02 19:21:00,1.0096058806478287
2026-02-02 19:22:00,1.0096058806478287
2026-02-02 19:23:00,1.0096058806478287
2026-02-02 19:24:00,1.0096058806478287
2026-02-02 19:25:00,1.0096058806478287
2026-02-02 19:26:00,1.0096058806478287
2026-02-02 19:27:00,1.0096058806478287
2026-02-02 19:28:00,1.0096058806478287
2026-02-02 19:29:00,1.0096058806478287
2026-02-02 19:30:00,1.0096058806478287
2026-02-02 19:31:00,1.0096058806478287
2026-02-02 19:32:00,1.0096058806478287
2026-02-02 19:33:00,1.0096058806478287
2026-02-02 19:34:00,1.0096058806478287
2026-02-02 19:35:00,1.0096058806478287
2026-02-02 19:36:00,1.0096058806478287
2026-02-02 19:37:00,1.0096058806478287
2026-02-02 19:38:00,1.0096058806478287
2026-02-02 19:39:00,1.0096058806478287
2026-02-02 19:40:00,1.0096058806478287
2026-02-02 19:41:00,1.0096058806478287
2026-02-02 19:42:00,1.0096058806478287
2026-02-02 19:43:00,1.0096058806478287
2026-02-02 19:44:00,1.0096058806478287
2026-02-02 19:45:00,1.0096058806478287
2026-02-02 19:46:00,1.0096058806478287
2026-02-02 19:47:00,1.0096058806478287
2026-02-02 19:48:00,1.0082378522775954
2026-02-02 19:51:00,1.0082378522775954
2026-02-02 19:52:00,1.0082378522775954
2026-02-02 19:53:00,1.0082378522775954
2026-02-02 19:54:00,1.0082378522775954
2026-02-02 19:55:00,1.0082378522775954
2026-02-02 19:56:00,1.0082378522775954
2026-02-02 19:57:00,1.0082378522775954
2026-02-02 19:58:00,1.0082378522775954
2026-02-02 19:59:00,1.0082378522775954
2026-02-02 20:00:00,1.0082378522775954
2026-02-02 20:01:00,1.0082378522775954
2026-02-02 20:02:00,1.0082378522775954
2026-02-02 20:03:00,1.0082378522775954
2026-02-02 20:04:00,1.0082378522775954
2026-02-02 20:05:00,1.0082378522775954
2026-02-02 20:06:00,1.0082378522775954
2026-02-02 20:07:00,1.0082378522775954
2026-02-02 20:08:00,1.0082378522775954
2026-02-02 20:09:00,1.0082378522775954
2026-02-02 20:10:00,1.0082378522775954
2026-02-02 20:11:00,1.0082378522775954
2026-02-02 20:12:00,1.0082378522775954
2026-02-02 20:13:00,1.0082378522775954
2026-02-02 20:14:00,1.0082378522775954
2026-02-02 20:15:00,1.0082378522775954
2026-02-02 20:16:00,1.0082378522775954
2026-02-02 20:17:00,1.0082378522775954
2026-02-02 20:18:00,1.0082378522775954
2026-02-02 20:19:00,1.0082378522775954
2026-02-02 20:20:00,1.0082378522775954
2026-02-02 20:21:00,1.0082378522775954
2026-02-02 20:22:00,1.0082378522775954
2026-02-02 20:23:00,1.0082378522775954
2026-02-02 20:24:00,1.0082378522775954
2026-02-02 20:25:00,1.0082378522775954
2026-02-02 20:26:00,1.0082378522775954
2026-02-02 20:27:00,1.0082378522775954
2026-02-02 20:28:00,1.0082378522775954
2026-02-02 20:29:00,1.0082378522775954
2026-02-02 20:30:00,1.0082378522775954
2026-02-02 20:31:00,1.0082378522775954
2026-02-02 20:32:00,1.0082378522775954
2026-02-02 20:33:00,1.0082378522775954
2026-02-02 20:34:00,1.0082378522775954
2026-02-02 20:35:00,1.0082378522775954
2026-02-02 20:36:00,1.0082378522775954
2026-02-02 20:37:00,1.0082378522775954
2026-02-02 20:38:00,1.0082378522775954
2026-02-02 20:39:00,1.0082378522775954
2026-02-02 20:40:00,1.0082378522775954
2026-02-02 20:41:00,1.006087176754296
2026-02-02 20:42:00,1.006087176754296
2026-02-02 20:43:00,1.006087176754296
2026-02-02 20:44:00,1.006087176754296
2026-02-02 20:45:00,1.006087176754296
2026-02-02 20:46:00,1.006087176754296
2026-02-02 20:47:00,1.006087176754296
2026-02-02 20:48:00,1.006087176754296
2026-02-02 20:49:00,1.006087176754296
2026-02-02 20:50:00,1.006087176754296
2026-02-02 20:51:00,1.006087176754296
2026-02-02 20:52:00,1.006087176754296
2026-02-02 20:53:00,1.006087176754296
2026-02-02 20:54:00,1.006087176754296
2026-02-02 20:55:00,1.006087176754296
2026-02-02 20:56:00,1.006087176754296
2026-02-02 20:57:00,1.006087176754296
2026-02-02 20:58:00,1.006087176754296
2026-02-02 20:59:00,1.006087176754296
2026-02-03 14:30:00,1.006087176754296
2026-02-03 14:31:00,1.006087176754296
2026-02-03 14:32:00,1.006087176754296
2026-02-03 14:33:00,1.006087176754296
2026-02-03 14:34:00,1.006087176754296
2026-02-03 14:35:00,1.006087176754296
2026-02-03 14:36:00,1.006087176754296
2026-02-03 14:37:00,1.006087176754296
2026-02-03 14:38:00,1.006087176754296
2026-02-03 14:39:00,1.006087176754296
2026-02-03 14:40:00,1.006087176754296
2026-02-03 14:41:00,1.006087176754296
2026-02-03 14:42:00,1.006087176754296
2026-02-03 14:43:00,1.006087176754296
2026-02-03 14:44:00,1.006087176754296
2026-02-03 14:45:00,1.006087176754296
2026-02-03 14:46:00,1.006087176754296
2026-02-03 14:47:00,1.006087176754296
2026-02-03 14:48:00,1.006087176754296
2026-02-03 14:49:00,1.006087176754296
2026-02-03 14:50:00,1.006087176754296
2026-02-03 14:51:00,1.006087176754296
2026-02-03 14:52:00,1.006087176754296
2026-02-03 14:53:00,1.006087176754296
2026-02-03 14:54:00,1.006087176754296
2026-02-03 14:55:00,1.006087176754296
2026-02-03 14:56:00,1.006087176754296
2026-02-03 14:57:00,1.006087176754296
2026-02-03 14:58:00,1.006087176754296
2026-02-03 14:59:00,1.006087176754296
2026-02-03 15:00:00,1.006087176754296
2026-02-03 15:01:00,1.006087176754296
2026-02-03 15:02:00,1.006087176754296
2026-02-03 15:03:00,1.006087176754296
2026-02-03 15:04:00,1.006087176754296
2026-02-03 15:05:00,1.0079926822542087
2026-02-03 15:06:00,1.0079926822542087
2026-02-03 15:07:00,1.0079926822542087
2026-02-03 15:08:00,1.0079926822542087
2026-02-03 15:09:00,1.0079926822542087
2026-02-03 15:10:00,1.0079926822542087
2026-02-03 15:11:00,1.0079926822542087
2026-02-03 15:12:00,1.0079926822542087
2026-02-03 15:13:00,1.0079926822542087
2026-02-03 15:14:00,1.0079926822542087
2026-02-03 15:15:00,1.0079926822542087
2026-02-03 15:16:00,1.0079926822542087
2026-02-03 15:17:00,1.0079926822542087
2026-02-03 15:18:00,1.0079926822542087
2026-02-03 15:19:00,1.0079926822542087
2026-02-03 15:20:00,1.0079926822542087
2026-02-03 15:21:00,1.0079926822542087
2026-02-03 15:22:00,1.0079926822542087
2026-02-03 15:23:00,1.0079926822542087
2026-02-03 15:24:00,1.0079926822542087
2026-02-03 15:25:00,1.0079926822542087
2026-02-03 15:26:00,1.0079926822542087
2026-02-03 15:27:00,1.0079926822542087
2026-02-03 15:28:00,1.0079926822542087
2026-02-03 15:29:00,1.0079926822542087
2026-02-03 15:30:00,1.0079926822542087
2026-02-03 15:31:00,1.0079926822542087
2026-02-03 15:32:00,1.0079926822542087
2026-02-03 15:33:00,1.0079926822542087
2026-02-03 15:34:00,1.0079926822542087
2026-02-03 15:35:00,1.0079926822542087
2026-02-03 15:36:00,1.0079926822542087
2026-02-03 15:37:00,1.0079926822542087
2026-02-03 15:38:00,1.0079926822542087
2026-02-03 15:39:00,1.0079926822542087
2026-02-03 15:40:00,1.0079926822542087
2026-02-03 15:41:00,1.0079926822542087
2026-02-03 15:42:00,1.0079926822542087
2026-02-03 15:43:00,1.0079926822542087
2026-02-03 15:44:00,1.0079926822542087
2026-02-03 15:45:00,1.0135174786433465
2026-02-03 15:46:00,1.0135174786433465
2026-02-03 15:47:00,1.0135174786433465
2026-02-03 15:48:00,1.0135174786433465
2026-02-03 15:50:00,1.0135174786433465
2026-02-03 15:51:00,1.0135174786433465
2026-02-03 15:52:00,1.0135174786433465
2026-02-03 15:53:00,1.0135174786433465
2026-02-03 15:54:00,1.0135174786433465
2026-02-03 15:55:00,1.0135174786433465
2026-02-03 15:56:00,1.0135174786433465
2026-02-03 15:57:00,1.0135174786433465
2026-02-03 15:58:00,1.0135174786433465
2026-02-03 15:59:00,1.0135174786433465
2026-02-03 16:01:00,1.0135174786433465
2026-02-03 16:02:00,1.0135174786433465
2026-02-03 16:03:00,1.0135174786433465
2026-02-03 16:04:00,1.0135174786433465
2026-02-03 16:05:00,1.0135174786433465
2026-02-03 16:06:00,1.0135174786433465
2026-02-03 16:07:00,1.0135174786433465
2026-02-03 16:08:00,1.0135174786433465
2026-02-03 16:09:00,1.0135174786433465
2026-02-03 16:10:00,1.0135174786433465
2026-02-03 16:11:00,1.0135174786433465
2026-02-03 16:12:00,1.0135174786433465
2026-02-03 16:13:00,1.0135174786433465
2026-02-03 16:14:00,1.0135174786433465
2026-02-03 16:15:00,1.013536267278406
2026-02-03 16:16:00,1.013536267278406
2026-02-03 16:17:00,1.013536267278406
2026-02-03 16:18:00,1.013536267278406
2026-02-03 16:19:00,1.013536267278406
2026-02-03 16:20:00,1.013536267278406
2026-02-03 16:21:00,1.013536267278406
2026-02-03 16:22:00,1.013536267278406
2026-02-03 16:23:00,1.013536267278406
2026-02-03 16:24:00,1.013536267278406
2026-02-03 16:25:00,1.013536267278406
2026-02-03 16:26:00,1.013536267278406
2026-02-03 16:27:00,1.013536267278406
2026-02-03 16:28:00,1.013536267278406
2026-02-03 16:29:00,1.013536267278406
2026-02-03 16:30:00,1.013536267278406
2026-02-03 16:31:00,1.013536267278406
2026-02-03 16:32:00,1.013536267278406
2026-02-03 16:33:00,1.013536267278406
2026-02-03 16:34:00,1.013536267278406
2026-02-03 16:35:00,1.013536267278406
2026-02-03 16:36:00,1.013536267278406
2026-02-03 16:37:00,1.013536267278406
2026-02-03 16:38:00,1.013536267278406
2026-02-03 16:39:00,1.013536267278406
2026-02-03 16:40:00,1.013536267278406
2026-02-03 16:41:00,1.013536267278406
2026-02-03 16:42:00,1.013536267278406
2026-02-03 16:43:00,1.013536267278406
2026-02-03 16:44:00,1.013536267278406
2026-02-03 16:45:00,1.013536267278406
2026-02-03 16:46:00,1.013536267278406
2026-02-03 16:47:00,1.013536267278406
2026-02-03 16:48:00,1.013536267278406
2026-02-03 16:49:00,1.013536267278406
2026-02-03 16:50:00,1.013536267278406
2026-02-03 16:51:00,1.013536267278406
2026-02-03 16:52:00,1.013536267278406
2026-02-03 16:53:00,1.013536267278406
2026-02-03 16:54:00,1.013536267278406
2026-02-03 16:55:00,1.013536267278406
2026-02-03 16:56:00,1.013536267278406
2026-02-03 16:57:00,1.013536267278406
2026-02-03 16:58:00,1.013536267278406
2026-02-03 16:59:00,1.013536267278406
2026-02-03 17:00:00,1.013536267278406
2026-02-03 17:01:00,1.013536267278406
2026-02-03 17:02:00,1.013536267278406
2026-02-03 17:03:00,1.013536267278406
2026-02-03 17:04:00,1.013536267278406
2026-02-03 17:05:00,1.013536267278406
2026-02-03 17:06:00,1.013536267278406
2026-02-03 17:07:00,1.013536267278406
2026-02-03 17:08:00,1.013536267278406
2026-02-03 17:09:00,1.013536267278406
2026-02-03 17:10:00,1.013536267278406
2026-02-03 17:11:00,1.013536267278406
2026-02-03 17:12:00,1.013536267278406
2026-02-03 17:13:00,1.013536267278406
2026-02-03 17:14:00,1.013536267278406
2026-02-03 17:15:00,1.013536267278406
2026-02-03 17:16:00,1.013536267278406
2026-02-03 17:17:00,1.013536267278406
2026-02-03 17:18:00,1.013536267278406
2026-02-03 17:19:00,1.013536267278406
2026-02-03 17:20:00,1.013536267278406
2026-02-03 17:21:00,1.013536267278406
2026-02-03 17:22:00,1.013536267278406
2026-02-03 17:23:00,1.0170257021185587
2026-02-03 17:24:00,1.0170257021185587
2026-02-03 17:25:00,1.0170257021185587
2026-02-03 17:26:00,1.0170257021185587
2026-02-03 17:27:00,1.0170257021185587
2026-02-03 17:28:00,1.0170257021185587
2026-02-03 17:29:00,1.0170257021185587
2026-02-03 17:30:00,1.0170257021185587
2026-02-03 17:31:00,1.0170257021185587
2026-02-03 17:32:00,1.0170257021185587
2026-02-03 17:33:00,1.0170257021185587
2026-02-03 17:34:00,1.0170257021185587
2026-02-03 17:35:00,1.0170257021185587
2026-02-03 17:36:00,1.0170257021185587
2026-02-03 17:37:00,1.0170257021185587
2026-02-03 17:38:00,1.0170257021185587
2026-02-03 17:39:00,1.0170257021185587
2026-02-03 17:40:00,1.0170257021185587
2026-02-03 17:41:00,1.0170257021185587
2026-02-03 17:42:00,1.0170257021185587
2026-02-03 17:43:00,1.0170257021185587
2026-02-03 17:44:00,1.0170257021185587
2026-02-03 17:45:00,1.0170257021185587
2026-02-03 17:46:00,1.0170257021185587
2026-02-03 17:47:00,1.0170257021185587
2026-02-03 17:48:00,1.0170257021185587
2026-02-03 17:49:00,1.0170257021185587
2026-02-03 17:50:00,1.0170257021185587
2026-02-03 17:51:00,1.0170257021185587
2026-02-03 17:52:00,1.0170257021185587
2026-02-03 17:53:00,1.0170257021185587
2026-02-03 17:54:00,1.0170257021185587
2026-02-03 17:55:00,1.0170257021185587
2026-02-03 17:56:00,1.0170257021185587
2026-02-03 17:57:00,1.0170257021185587
2026-02-03 17:58:00,1.0170257021185587
2026-02-03 17:59:00,1.0170257021185587
2026-02-03 18:00:00,1.0170257021185587
2026-02-03 18:01:00,1.0170257021185587
2026-02-03 18:02:00,1.0170257021185587
2026-02-03 18:03:00,1.0170257021185587
2026-02-03 18:04:00,1.0170257021185587
2026-02-03 18:05:00,1.0170257021185587
2026-02-03 18:06:00,1.0170257021185587
2026-02-03 18:07:00,1.0150311953690911
2026-02-03 18:08:00,1.0150311953690911
2026-02-03 18:09:00,1.0150311953690911
2026-02-03 18:10:00,1.0150311953690911
2026-02-03 18:11:00,1.0150311953690911
2026-02-03 18:12:00,1.0150311953690911
2026-02-03 18:13:00,1.0150311953690911
2026-02-03 18:14:00,1.0150311953690911
2026-02-03 18:15:00,1.0150311953690911
2026-02-03 18:16:00,1.0150311953690911
2026-02-03 18:17:00,1.0150311953690911
2026-02-03 18:18:00,1.0150311953690911
2026-02-03 18:19:00,1.0150311953690911
2026-02-03 18:20:00,1.0150311953690911
2026-02-03 18:21:00,1.0150311953690911
2026-02-03 18:22:00,1.0150311953690911
2026-02-03 18:23:00,1.0150311953690911
2026-02-03 18:24:00,1.0150311953690911
2026-02-03 18:25:00,1.0150311953690911
2026-02-03 18:26:00,1.0150311953690911
2026-02-03 18:27:00,1.0150311953690911
2026-02-03 18:28:00,1.0150311953690911
2026-02-03 18:29:00,1.0150311953690911
2026-02-03 18:30:00,1.0150311953690911
2026-02-03 18:31:00,1.0150311953690911
2026-02-03 18:32:00,1.0150311953690911
2026-02-03 18:33:00,1.0150311953690911
2026-02-03 18:34:00,1.0150311953690911
2026-02-03 18:35:00,1.0150311953690911
2026-02-03 18:36:00,1.0150311953690911
2026-02-03 18:37:00,1.0150311953690911
2026-02-03 18:38:00,1.0150311953690911
2026-02-03 18:39:00,1.0150311953690911
2026-02-03 18:40:00,1.0150311953690911
2026-02-03 18:41:00,1.0150311953690911
2026-02-03 18:42:00,1.0150311953690911
2026-02-03 18:43:00,1.0150311953690911
2026-02-03 18:44:00,1.0150311953690911
2026-02-03 18:45:00,1.0150311953690911
2026-02-03 18:46:00,1.0150311953690911
2026-02-03 18:47:00,1.0150311953690911
2026-02-03 18:48:00,1.0150311953690911
2026-02-03 18:49:00,1.0150311953690911
2026-02-03 18:51:00,1.0150311953690911
2026-02-03 18:52:00,1.0150311953690911
2026-02-03 18:53:00,1.0150311953690911
2026-02-03 18:54:00,1.0150311953690911
2026-02-03 18:55:00,1.0150311953690911
2026-02-03 18:56:00,1.0150311953690911
2026-02-03 18:57:00,1.0150311953690911
2026-02-03 18:58:00,1.0150311953690911
2026-02-03 18:59:00,1.0150311953690911
2026-02-03 19:00:00,1.0150311953690911
2026-02-03 19:01:00,1.0150311953690911
2026-02-03 19:02:00,1.0150311953690911
2026-02-03 19:03:00,1.0150311953690911
2026-02-03 19:04:00,1.0150311953690911
2026-02-03 19:05:00,1.0150311953690911
2026-02-03 19:06:00,1.0139042677594055
2026-02-03 19:07:00,1.0139042677594055
2026-02-03 19:08:00,1.0139042677594055
2026-02-03 19:09:00,1.0139042677594055
2026-02-03 19:10:00,1.0139042677594055
2026-02-03 19:11:00,1.0139042677594055
2026-02-03 19:12:00,1.0139042677594055
2026-02-03 19:13:00,1.0139042677594055
2026-02-03 19:14:00,1.0139042677594055
2026-02-03 19:15:00,1.0139042677594055
2026-02-03 19:16:00,1.0139042677594055
2026-02-03 19:17:00,1.0139042677594055
2026-02-03 19:18:00,1.0139042677594055
2026-02-03 19:19:00,1.0139042677594055
2026-02-03 19:20:00,1.0139042677594055
2026-02-03 19:21:00,1.0139042677594055
2026-02-03 19:22:00,1.0139042677594055
2026-02-03 19:23:00,1.0139042677594055
2026-02-03 19:24:00,1.0139042677594055
2026-02-03 19:25:00,1.0139042677594055
2026-02-03 19:26:00,1.0139042677594055
2026-02-03 19:27:00,1.0139042677594055
2026-02-03 19:28:00,1.0139042677594055
2026-02-03 19:29:00,1.0139042677594055
2026-02-03 19:30:00,1.0139042677594055
2026-02-03 19:31:00,1.0139042677594055
2026-02-03 19:32:00,1.0139042677594055
2026-02-03 19:33:00,1.0139042677594055
2026-02-03 19:34:00,1.0139042677594055
2026-02-03 19:35:00,1.0139042677594055
2026-02-03 19:36:00,1.0139042677594055
2026-02-03 19:37:00,1.0139042677594055
2026-02-03 19:38:00,1.0139042677594055
2026-02-03 19:39:00,1.0139042677594055
2026-02-03 19:40:00,1.0139042677594055
2026-02-03 19:41:00,1.0139042677594055
2026-02-03 19:42:00,1.0139042677594055
2026-02-03 19:43:00,1.0139042677594055
2026-02-03 19:44:00,1.0139042677594055
2026-02-03 19:45:00,1.0139042677594055
2026-02-03 19:46:00,1.0139042677594055
2026-02-03 19:47:00,1.0139042677594055
2026-02-03 19:48:00,1.0139042677594055
2026-02-03 19:49:00,1.0139042677594055
2026-02-03 19:50:00,1.0139042677594055
2026-02-03 19:51:00,1.0139042677594055
2026-02-03 19:52:00,1.0139042677594055
2026-02-03 19:53:00,1.0139042677594055
2026-02-03 19:54:00,1.0139042677594055
2026-02-03 19:55:00,1.0139042677594055
2026-02-03 19:56:00,1.0139042677594055
2026-02-03 19:57:00,1.0139042677594055
2026-02-03 19:58:00,1.0139042677594055
2026-02-03 19:59:00,1.0139042677594055
2026-02-03 20:00:00,1.0139042677594055
2026-02-03 20:01:00,1.0139042677594055
2026-02-03 20:02:00,1.0139042677594055
2026-02-03 20:03:00,1.0139042677594055
2026-02-03 20:04:00,1.0139042677594055
2026-02-03 20:05:00,1.0139042677594055
2026-02-03 20:06:00,1.0139042677594055
2026-02-03 20:07:00,1.0139042677594055
2026-02-03 20:08:00,1.0139042677594055
2026-02-03 20:09:00,1.0139042677594055
2026-02-03 20:10:00,1.0139042677594055
2026-02-03 20:11:00,1.0139042677594055
2026-02-03 20:12:00,1.0139042677594055
2026-02-03 20:13:00,1.0139042677594055
2026-02-03 20:14:00,1.0139042677594055
2026-02-03 20:15:00,1.0139042677594055
2026-02-03 20:16:00,1.0139042677594055
2026-02-03 20:17:00,1.0139042677594055
2026-02-03 20:18:00,1.0139042677594055
2026-02-03 20:19:00,1.0139042677594055
2026-02-03 20:20:00,1.0139042677594055
2026-02-03 20:21:00,1.013320633610265
2026-02-03 20:22:00,1.013320633610265
2026-02-03 20:23:00,1.013320633610265
2026-02-03 20:24:00,1.013320633610265
2026-02-03 20:25:00,1.013320633610265
2026-02-03 20:26:00,1.013320633610265
2026-02-03 20:27:00,1.013320633610265
2026-02-03 20:28:00,1.013320633610265
2026-02-03 20:29:00,1.013320633610265
2026-02-03 20:30:00,1.013320633610265
2026-02-03 20:31:00,1.013320633610265
2026-02-03 20:32:00,1.013320633610265
2026-02-03 20:33:00,1.013320633610265
2026-02-03 20:34:00,1.013320633610265
2026-02-03 20:35:00,1.013320633610265
2026-02-03 20:36:00,1.013320633610265
2026-02-03 20:37:00,1.013320633610265
2026-02-03 20:38:00,1.013320633610265
2026-02-03 20:39:00,1.013320633610265
2026-02-03 20:40:00,1.013320633610265
2026-02-03 20:41:00,1.013320633610265
2026-02-03 20:42:00,1.013320633610265
2026-02-03 20:43:00,1.013320633610265
2026-02-03 20:44:00,1.0140353103245376
2026-02-03 20:45:00,1.0140353103245376
2026-02-03 20:46:00,1.0140353103245376
2026-02-03 20:47:00,1.0140353103245376
2026-02-03 20:48:00,1.0140353103245376
2026-02-03 20:49:00,1.0140353103245376
2026-02-03 20:50:00,1.0140353103245376
2026-02-03 20:51:00,1.0140353103245376
2026-02-03 20:52:00,1.0140353103245376
2026-02-03 20:53:00,1.0140353103245376
2026-02-03 20:54:00,1.0140353103245376
2026-02-03 20:55:00,1.0140353103245376
2026-02-03 20:56:00,1.0140353103245376
2026-02-03 20:57:00,1.0140353103245376
2026-02-03 20:58:00,1.0140353103245376
2026-02-03 20:59:00,1.0140353103245376
2026-02-04 14:30:00,1.0140353103245376
2026-02-04 14:31:00,1.0140353103245376
2026-02-04 14:32:00,1.0140353103245376
2026-02-04 14:33:00,1.0140353103245376
2026-02-04 14:34:00,1.0140353103245376
2026-02-04 14:35:00,1.0140353103245376
2026-02-04 14:36:00,1.0140353103245376
2026-02-04 14:37:00,1.0140353103245376
2026-02-04 14:38:00,1.0140353103245376
2026-02-04 14:39:00,1.0140353103245376
2026-02-04 14:40:00,1.0140353103245376
2026-02-04 14:41:00,1.0140353103245376
2026-02-04 14:42:00,1.0140353103245376
2026-02-04 14:43:00,1.0140353103245376
2026-02-04 14:44:00,1.0140353103245376
2026-02-04 14:45:00,0.9871295329079076
2026-02-04 14:46:00,0.9871295329079076
2026-02-04 14:47:00,0.9871295329079076
2026-02-04 14:48:00,0.9871295329079076
2026-02-04 14:49:00,0.9871295329079076
2026-02-04 14:50:00,0.9871295329079076
2026-02-04 14:51:00,0.9871295329079076
2026-02-04 14:52:00,0.9871295329079076
2026-02-04 14:53:00,0.9871295329079076
2026-02-04 14:54:00,0.9871295329079076
2026-02-04 14:55:00,0.9871295329079076
2026-02-04 14:56:00,0.9871295329079076
2026-02-04 14:57:00,0.9871295329079076
2026-02-04 14:58:00,0.9871295329079076
2026-02-04 14:59:00,0.9871295329079076
2026-02-04 15:00:00,0.9871295329079076
2026-02-04 15:01:00,0.9871295329079076
2026-02-04 15:02:00,0.9871295329079076
2026-02-04 15:03:00,0.9871295329079076
2026-02-04 15:04:00,0.9871295329079076
2026-02-04 15:05:00,0.9871295329079076
2026-02-04 15:06:00,0.9871295329079076
2026-02-04 15:07:00,0.9871295329079076
2026-02-04 15:08:00,0.9871295329079076
2026-02-04 15:09:00,0.9871295329079076
2026-02-04 15:10:00,0.9871295329079076
2026-02-04 15:11:00,0.9871295329079076
2026-02-04 15:12:00,0.9871295329079076
2026-02-04 15:13:00,0.9871295329079076
2026-02-04 15:14:00,0.9871295329079076
2026-02-04 15:15:00,0.9871295329079076
2026-02-04 15:16:00,0.9871295329079076
2026-02-04 15:17:00,0.9871295329079076
2026-02-04 15:18:00,0.9871295329079076
2026-02-04 15:19:00,0.9871295329079076
2026-02-04 15:20:00,0.9871295329079076
2026-02-04 15:21:00,0.9871295329079076
2026-02-04 15:22:00,0.9871295329079076
2026-02-04 15:23:00,0.9871295329079076
2026-02-04 15:24:00,0.9871295329079076
2026-02-04 15:25:00,0.9871295329079076
2026-02-04 15:26:00,0.9871295329079076
2026-02-04 15:27:00,0.9871295329079076
2026-02-04 15:28:00,0.9871295329079076
2026-02-04 15:29:00,0.9871295329079076
2026-02-04 15:30:00,0.9871295329079076
2026-02-04 15:31:00,0.9871295329079076
2026-02-04 15:32:00,0.9871295329079076
2026-02-04 15:33:00,0.9871295329079076
2026-02-04 15:34:00,0.9871295329079076
2026-02-04 15:35:00,0.9871295329079076
2026-02-04 15:36:00,0.9871295329079076
2026-02-04 15:37:00,0.9871295329079076
2026-02-04 15:38:00,0.9871295329079076
2026-02-04 15:39:00,0.9871295329079076
2026-02-04 15:40:00,0.9871295329079076
2026-02-04 15:41:00,0.9871295329079076
2026-02-04 15:42:00,0.9871295329079076
2026-02-04 15:43:00,0.9871295329079076
2026-02-04 15:44:00,0.9871295329079076
2026-02-04 15:45:00,0.9871295329079076
2026-02-04 15:46:00,0.9871295329079076
2026-02-04 15:47:00,0.9871295329079076
2026-02-04 15:48:00,0.9871295329079076
2026-02-04 15:49:00,0.9871295329079076
2026-02-04 15:50:00,0.9871295329079076
2026-02-04 15:51:00,0.9871295329079076
2026-02-04 15:52:00,0.9871295329079076
2026-02-04 15:53:00,0.9871295329079076
2026-02-04 15:54:00,0.9871295329079076
2026-02-04 15:55:00,0.9871295329079076
2026-02-04 15:56:00,0.9871295329079076
2026-02-04 15:57:00,0.9871295329079076
2026-02-04 15:58:00,0.9871295329079076
2026-02-04 15:59:00,0.9871295329079076
2026-02-04 16:00:00,0.9871295329079076
2026-02-04 16:01:00,0.9871295329079076
2026-02-04 16:02:00,0.9871295329079076
2026-02-04 16:03:00,0.9871295329079076
2026-02-04 16:04:00,0.9871295329079076
2026-02-04 16:05:00,0.9871295329079076
2026-02-04 16:06:00,0.9871295329079076
2026-02-04 16:07:00,0.9871295329079076
2026-02-04 16:08:00,0.9871295329079076
2026-02-04 16:09:00,0.9871295329079076
2026-02-04 16:10:00,0.9871295329079076
2026-02-04 16:11:00,0.9871295329079076
2026-02-04 16:12:00,0.9871295329079076
2026-02-04 16:13:00,0.9871295329079076
2026-02-04 16:14:00,0.9871295329079076
2026-02-04 16:15:00,0.9871295329079076
2026-02-04 16:16:00,0.9871295329079076
2026-02-04 16:17:00,0.9871295329079076
2026-02-04 16:18:00,0.9871295329079076
2026-02-04 16:19:00,0.9871295329079076
2026-02-04 16:20:00,0.9871295329079076
2026-02-04 16:21:00,0.9871295329079076
2026-02-04 16:22:00,0.9871295329079076
2026-02-04 16:23:00,0.9871295329079076
2026-02-04 16:24:00,0.9871295329079076
2026-02-04 16:25:00,0.9871295329079076
2026-02-04 16:26:00,0.9871295329079076
2026-02-04 16:27:00,0.9871295329079076
2026-02-04 16:28:00,0.9871295329079076
2026-02-04 16:29:00,0.9871295329079076
2026-02-04 16:30:00,0.9871295329079076
2026-02-04 16:31:00,0.9871295329079076
2026-02-04 16:32:00,0.9871295329079076
2026-02-04 16:33:00,0.9871295329079076
2026-02-04 16:34:00,0.9871295329079076
2026-02-04 16:35:00,0.9871295329079076
2026-02-04 16:36:00,0.9871295329079076
2026-02-04 16:37:00,0.9871295329079076
2026-02-04 16:38:00,0.9871295329079076
2026-02-04 16:39:00,0.9871295329079076
2026-02-04 16:40:00,0.9871295329079076
2026-02-04 16:41:00,0.9871295329079076
2026-02-04 16:42:00,0.9871295329079076
2026-02-04 16:43:00,0.9871295329079076
2026-02-04 16:44:00,0.9871295329079076
2026-02-04 16:45:00,0.9871295329079076
2026-02-04 16:46:00,0.9871295329079076
2026-02-04 16:47:00,0.9871295329079076
2026-02-04 16:48:00,0.9871295329079076
2026-02-04 16:49:00,0.9871295329079076
2026-02-04 16:50:00,0.9871295329079076
2026-02-04 16:51:00,0.9871295329079076
2026-02-04 16:52:00,0.9871295329079076
2026-02-04 16:53:00,0.9871295329079076
2026-02-04 16:54:00,0.9871295329079076
2026-02-04 16:55:00,0.9871295329079076
2026-02-04 16:56:00,0.9871295329079076
2026-02-04 16:57:00,0.9871295329079076
2026-02-04 16:58:00,0.9827634448326129
2026-02-04 16:59:00,0.9827634448326129
2026-02-04 17:00:00,0.9827634448326129
2026-02-04 17:01:00,0.9827634448326129
2026-02-04 17:02:00,0.9827634448326129
2026-02-04 17:03:00,0.9827634448326129
2026-02-04 17:07:00,0.9827634448326129
2026-02-04 17:08:00,0.9827634448326129
2026-02-04 17:09:00,0.9827634448326129
2026-02-04 17:10:00,0.9827634448326129
2026-02-04 17:11:00,0.9827634448326129
2026-02-04 17:12:00,0.9827634448326129
2026-02-04 17:13:00,0.9827634448326129
2026-02-04 17:14:00,0.9827634448326129
2026-02-04 17:15:00,0.9827634448326129
2026-02-04 17:16:00,0.9827634448326129
2026-02-04 17:17:00,0.9827634448326129
2026-02-04 17:18:00,0.9827634448326129
2026-02-04 17:19:00,0.9827634448326129
2026-02-04 17:20:00,0.9827634448326129
2026-02-04 17:21:00,0.9827634448326129
2026-02-04 17:22:00,0.9827634448326129
2026-02-04 17:23:00,0.9827634448326129
2026-02-04 17:24:00,0.9827634448326129
2026-02-04 17:25:00,0.9827634448326129
2026-02-04 17:26:00,0.9827634448326129
2026-02-04 17:27:00,0.9827634448326129
2026-02-04 17:28:00,0.9827634448326129
2026-02-04 17:29:00,0.9827634448326129
2026-02-04 17:30:00,0.9827634448326129
2026-02-04 17:31:00,0.9827634448326129
2026-02-04 17:32:00,0.9827634448326129
2026-02-04 17:33:00,0.9827634448326129
2026-02-04 17:34:00,0.9827634448326129
2026-02-04 17:35:00,0.9827634448326129
2026-02-04 17:36:00,0.9827634448326129
2026-02-04 17:37:00,0.9827634448326129
2026-02-04 17:38:00,0.9827634448326129
2026-02-04 17:39:00,0.9827634448326129
2026-02-04 17:40:00,0.9827634448326129
2026-02-04 17:41:00,0.9827634448326129
2026-02-04 17:42:00,0.9827634448326129
2026-02-04 17:43:00,0.9827634448326129
2026-02-04 17:44:00,0.9827634448326129
2026-02-04 17:45:00,0.9827634448326129
2026-02-04 17:46:00,0.9827634448326129
2026-02-04 17:47:00,0.9827634448326129
2026-02-04 17:48:00,0.9827634448326129
2026-02-04 17:49:00,0.9827634448326129
2026-02-04 17:50:00,0.9827634448326129
2026-02-04 17:51:00,0.9827634448326129
2026-02-04 17:52:00,0.9827634448326129
2026-02-04 17:53:00,0.9827634448326129
2026-02-04 17:54:00,0.9827634448326129
2026-02-04 17:55:00,0.9827634448326129
2026-02-04 17:56:00,0.9827634448326129
2026-02-04 17:57:00,0.9827634448326129
2026-02-04 17:58:00,0.9827634448326129
2026-02-04 17:59:00,0.9827634448326129
2026-02-04 18:00:00,0.9827634448326129
2026-02-04 18:01:00,0.9827634448326129
2026-02-04 18:02:00,0.9827634448326129
2026-02-04 18:03:00,0.9827634448326129
2026-02-04 18:04:00,0.9827634448326129
2026-02-04 18:05:00,0.9827634448326129
2026-02-04 18:06:00,0.9827634448326129
2026-02-04 18:07:00,0.9827634448326129
2026-02-04 18:08:00,0.9827634448326129
2026-02-04 18:09:00,0.9827634448326129
2026-02-04 18:10:00,0.9827634448326129
2026-02-04 18:11:00,0.9815119366615713
2026-02-04 18:12:00,0.9815119366615713
2026-02-04 18:13:00,0.9815119366615713
2026-02-04 18:14:00,0.9815119366615713
2026-02-04 18:15:00,0.9815119366615713
2026-02-04 18:16:00,0.9815119366615713
2026-02-04 18:17:00,0.9815119366615713
2026-02-04 18:18:00,0.9815119366615713
2026-02-04 18:19:00,0.9815119366615713
2026-02-04 18:20:00,0.9815119366615713
2026-02-04 18:21:00,0.9815119366615713
2026-02-04 18:22:00,0.9815119366615713
2026-02-04 18:23:00,0.9815119366615713
2026-02-04 18:24:00,0.9815119366615713
2026-02-04 18:25:00,0.9815119366615713
2026-02-04 18:26:00,0.9815119366615713
2026-02-04 18:27:00,0.9815119366615713
2026-02-04 18:28:00,0.9815119366615713
2026-02-04 18:29:00,0.9815119366615713
2026-02-04 18:30:00,0.9815119366615713
2026-02-04 18:31:00,0.9815119366615713
2026-02-04 18:32:00,0.9815119366615713
2026-02-04 18:33:00,0.9815119366615713
2026-02-04 18:34:00,0.9815119366615713
2026-02-04 18:35:00,0.9815119366615713
2026-02-04 18:36:00,0.9815119366615713
2026-02-04 18:37:00,0.9815119366615713
2026-02-04 18:38:00,0.9815119366615713
2026-02-04 18:39:00,0.9815119366615713
2026-02-04 18:40:00,0.9815119366615713
2026-02-04 18:41:00,0.9815119366615713
2026-02-04 18:42:00,0.9815119366615713
2026-02-04 18:43:00,0.9815119366615713
2026-02-04 18:44:00,0.9815119366615713
2026-02-04 18:45:00,0.9815119366615713
2026-02-04 18:46:00,0.9815119366615713
2026-02-04 18:47:00,0.9815119366615713
2026-02-04 18:48:00,0.9815119366615713
2026-02-04 18:49:00,0.9815119366615713
2026-02-04 18:50:00,0.9815119366615713
2026-02-04 18:51:00,0.9815119366615713
2026-02-04 18:52:00,0.9815119366615713
2026-02-04 18:53:00,0.9815119366615713
2026-02-04 18:54:00,0.9815119366615713
2026-02-04 18:55:00,0.9815119366615713
2026-02-04 18:56:00,0.9815119366615713
2026-02-04 18:57:00,0.9803720267460159
2026-02-04 19:00:00,0.9803720267460159
2026-02-04 19:01:00,0.9803720267460159
2026-02-04 19:02:00,0.9803720267460159
2026-02-04 19:03:00,0.9803720267460159
2026-02-04 19:04:00,0.9803720267460159
2026-02-04 19:05:00,0.9803720267460159
2026-02-04 19:06:00,0.9803720267460159
2026-02-04 19:07:00,0.9803720267460159
2026-02-04 19:08:00,0.9803720267460159
2026-02-04 19:09:00,0.9803720267460159
2026-02-04 19:10:00,0.9803720267460159
2026-02-04 19:11:00,0.9803720267460159
2026-02-04 19:12:00,0.9803720267460159
2026-02-04 19:13:00,0.9803720267460159
2026-02-04 19:14:00,0.9803720267460159
2026-02-04 19:15:00,0.9803720267460159
2026-02-04 19:16:00,0.9803720267460159
2026-02-04 19:17:00,0.9803720267460159
2026-02-04 19:18:00,0.9803720267460159
2026-02-04 19:19:00,0.9803720267460159
2026-02-04 19:20:00,0.9803720267460159
2026-02-04 19:21:00,0.9803720267460159
2026-02-04 19:22:00,0.9803720267460159
2026-02-04 19:23:00,0.9803720267460159
2026-02-04 19:24:00,0.9803720267460159
2026-02-04 19:25:00,0.9803720267460159
2026-02-04 19:26:00,0.9803720267460159
2026-02-04 19:27:00,0.9803720267460159
2026-02-04 19:28:00,0.9803720267460159
2026-02-04 19:29:00,0.9803720267460159
2026-02-04 19:30:00,0.9803720267460159
2026-02-04 19:31:00,0.9803720267460159
2026-02-04 19:32:00,0.9803720267460159
2026-02-04 19:33:00,0.9803720267460159
2026-02-04 19:34:00,0.9803720267460159
2026-02-04 19:35:00,0.9820118264339723
2026-02-04 19:36:00,0.9820118264339723
2026-02-04 19:37:00,0.9820118264339723
2026-02-04 19:38:00,0.9820118264339723
2026-02-04 19:39:00,0.9820118264339723
2026-02-04 19:40:00,0.9820118264339723
2026-02-04 19:41:00,0.9820118264339723
2026-02-04 19:42:00,0.9820118264339723
2026-02-04 19:43:00,0.9820118264339723
2026-02-04 19:44:00,0.9820118264339723
2026-02-04 19:45:00,0.9820118264339723
2026-02-04 19:46:00,0.9820118264339723
2026-02-04 19:47:00,0.9820118264339723
2026-02-04 19:48:00,0.9820118264339723
2026-02-04 19:49:00,0.9820118264339723
2026-02-04 19:50:00,0.9820118264339723
2026-02-04 19:51:00,0.9820118264339723
2026-02-04 19:52:00,0.9820118264339723
2026-02-04 19:53:00,0.9820118264339723
2026-02-04 19:54:00,0.9813877964766136
2026-02-04 19:55:00,0.9813877964766136
2026-02-04 19:56:00,0.9813877964766136
2026-02-04 19:57:00,0.9813877964766136
2026-02-04 19:58:00,0.9813877964766136
2026-02-04 19:59:00,0.9813877964766136
2026-02-04 20:00:00,0.9813877964766136
2026-02-04 20:01:00,0.9813877964766136
2026-02-04 20:02:00,0.9813877964766136
2026-02-04 20:03:00,0.9813877964766136
2026-02-04 20:04:00,0.9813877964766136
2026-02-04 20:05:00,0.9813877964766136
2026-02-04 20:06:00,0.9813877964766136
2026-02-04 20:07:00,0.9813877964766136
2026-02-04 20:08:00,0.9813877964766136
2026-02-04 20:09:00,0.9813877964766136
2026-02-04 20:10:00,0.9813877964766136
2026-02-04 20:11:00,0.9813877964766136
2026-02-04 20:12:00,0.9813877964766136
2026-02-04 20:13:00,0.9813877964766136
2026-02-04 20:14:00,0.9813877964766136
2026-02-04 20:15:00,0.9813877964766136
2026-02-04 20:16:00,0.9813877964766136
2026-02-04 20:17:00,0.9813877964766136
2026-02-04 20:18:00,0.9813877964766136
2026-02-04 20:19:00,0.9813877964766136
2026-02-04 20:20:00,0.9813877964766136
2026-02-04 20:21:00,0.9813877964766136
2026-02-04 20:22:00,0.9813877964766136
2026-02-04 20:23:00,0.9751881404740482
2026-02-04 20:24:00,0.9751881404740482
2026-02-04 20:25:00,0.9751881404740482
2026-02-04 20:26:00,0.9751881404740482
2026-02-04 20:27:00,0.9751881404740482
2026-02-04 20:28:00,0.9751881404740482
2026-02-04 20:29:00,0.9751881404740482
2026-02-04 20:30:00,0.9751881404740482
2026-02-04 20:31:00,0.9751881404740482
2026-02-04 20:32:00,0.9751881404740482
2026-02-04 20:33:00,0.9751881404740482
2026-02-04 20:34:00,0.9751881404740482
2026-02-04 20:35:00,0.9751881404740482
2026-02-04 20:36:00,0.9751881404740482
2026-02-04 20:37:00,0.9751881404740482
2026-02-04 20:38:00,0.9751881404740482
2026-02-04 20:39:00,0.9751881404740482
2026-02-04 20:40:00,0.9751881404740482
2026-02-04 20:41:00,0.9751881404740482
2026-02-04 20:42:00,0.9751881404740482
2026-02-04 20:43:00,0.9751881404740482
2026-02-04 20:44:00,0.9751881404740482
2026-02-04 20:45:00,0.9751881404740482
2026-02-04 20:46:00,0.9751881404740482
2026-02-04 20:47:00,0.9751881404740482
2026-02-04 20:48:00,0.9751881404740482
2026-02-04 20:49:00,0.9751881404740482
2026-02-04 20:50:00,0.9751881404740482
2026-02-04 20:51:00,0.9751881404740482
2026-02-04 20:52:00,0.9751881404740482
2026-02-04 20:53:00,0.9751881404740482
2026-02-04 20:54:00,0.9751881404740482
2026-02-04 20:55:00,0.9751881404740482
2026-02-04 20:56:00,0.9751881404740482
2026-02-04 20:57:00,0.9751881404740482
2026-02-04 20:58:00,0.9751881404740482
2026-02-04 20:59:00,0.9751881404740482
2026-02-05 14:30:00,0.9751881404740482
2026-02-05 14:31:00,0.9751881404740482
2026-02-05 14:32:00,0.9751881404740482
2026-02-05 14:33:00,0.9751881404740482
2026-02-05 14:34:00,0.9751881404740482
2026-02-05 14:35:00,0.9751881404740482
2026-02-05 14:36:00,0.9751881404740482
2026-02-05 14:37:00,0.9751881404740482
2026-02-05 14:38:00,0.9751881404740482
2026-02-05 14:39:00,0.9751881404740482
2026-02-05 14:40:00,0.9751881404740482
2026-02-05 14:41:00,0.9751881404740482
2026-02-05 14:42:00,0.9751881404740482
2026-02-05 14:43:00,0.9751881404740482
2026-02-05 14:44:00,0.9751881404740482
2026-02-05 14:45:00,0.9751881404740482
2026-02-05 14:46:00,0.9751881404740482
2026-02-05 14:47:00,0.9751881404740482
2026-02-05 14:48:00,0.9751881404740482
2026-02-05 14:49:00,0.9751881404740482
2026-02-05 14:50:00,0.9751881404740482
2026-02-05 14:51:00,0.9751881404740482
2026-02-05 14:52:00,0.9751881404740482
2026-02-05 14:53:00,0.9751881404740482
2026-02-05 14:54:00,0.9751881404740482
2026-02-05 14:55:00,0.9751881404740482
2026-02-05 14:56:00,0.9751881404740482
2026-02-05 14:57:00,0.9751881404740482
2026-02-05 14:58:00,0.9751881404740482
2026-02-05 14:59:00,0.9751881404740482
2026-02-05 15:00:00,0.9751881404740482
2026-02-05 15:01:00,0.9751881404740482
2026-02-05 15:02:00,0.9751881404740482
2026-02-05 15:03:00,0.9751881404740482
2026-02-05 15:04:00,0.9751881404740482
2026-02-05 15:05:00,0.9751881404740482
2026-02-05 15:06:00,0.9751881404740482
2026-02-05 15:07:00,0.9751881404740482
2026-02-05 15:08:00,0.9751881404740482
2026-02-05 15:09:00,0.9751881404740482
2026-02-05 15:10:00,0.9751881404740482
2026-02-05 15:11:00,0.9751881404740482
2026-02-05 15:12:00,0.9751881404740482
2026-02-05 15:13:00,0.9751881404740482
2026-02-05 15:14:00,0.9751881404740482
2026-02-05 15:15:00,0.9751881404740482
2026-02-05 15:16:00,0.9751881404740482
2026-02-05 15:17:00,0.9751881404740482
2026-02-05 15:18:00,0.9751881404740482
2026-02-05 15:19:00,0.9751881404740482
2026-02-05 15:20:00,0.9751881404740482
2026-02-05 15:21:00,0.9751881404740482
2026-02-05 15:22:00,0.9751881404740482
2026-02-05 15:23:00,0.9751881404740482
2026-02-05 15:24:00,0.9751881404740482
2026-02-05 15:25:00,0.9751881404740482
2026-02-05 15:26:00,0.9751881404740482
2026-02-05 15:27:00,0.9751881404740482
2026-02-05 15:28:00,0.9751881404740482
2026-02-05 15:29:00,0.9751881404740482
2026-02-05 15:30:00,0.9751881404740482
2026-02-05 15:31:00,0.9751881404740482
2026-02-05 15:32:00,0.9751881404740482
2026-02-05 15:33:00,0.9751881404740482
2026-02-05 15:34:00,0.9751881404740482
2026-02-05 15:35:00,0.9751881404740482
2026-02-05 15:36:00,0.9747289017020867
2026-02-05 15:37:00,0.9747289017020867
2026-02-05 15:38:00,0.9747289017020867
2026-02-05 15:39:00,0.9747289017020867
2026-02-05 15:40:00,0.9747289017020867
2026-02-05 15:41:00,0.9747289017020867
2026-02-05 15:42:00,0.9747289017020867
2026-02-05 15:43:00,0.9747289017020867
2026-02-05 15:44:00,0.9747289017020867
2026-02-05 15:45:00,0.9747289017020867
2026-02-05 15:46:00,0.9747289017020867
2026-02-05 15:47:00,0.9747289017020867
2026-02-05 15:48:00,0.9747289017020867
2026-02-05 15:49:00,0.9747289017020867
2026-02-05 15:50:00,0.9747289017020867
2026-02-05 15:51:00,0.9747289017020867
2026-02-05 15:52:00,0.9747289017020867
2026-02-05 15:53:00,0.9747289017020867
2026-02-05 15:54:00,0.9747289017020867
2026-02-05 15:55:00,0.9747289017020867
2026-02-05 15:56:00,0.9747289017020867
2026-02-05 15:57:00,0.9747289017020867
2026-02-05 15:58:00,0.9806626569329
2026-02-05 15:59:00,0.9806626569329
2026-02-05 16:00:00,0.9806626569329
2026-02-05 16:01:00,0.9806626569329
2026-02-05 16:02:00,0.9806626569329
2026-02-05 16:03:00,0.9806626569329
2026-02-05 16:04:00,0.9806626569329
2026-02-05 16:05:00,0.9806626569329
2026-02-05 16:06:00,0.9806626569329
2026-02-05 16:07:00,0.9806626569329
2026-02-05 16:08:00,0.9806626569329
2026-02-05 16:09:00,0.9806626569329
2026-02-05 16:10:00,0.9806626569329
2026-02-05 16:11:00,0.9806626569329
2026-02-05 16:12:00,0.9806626569329
2026-02-05 16:13:00,0.9806626569329
2026-02-05 16:14:00,0.9806626569329
2026-02-05 16:15:00,0.9806626569329
2026-02-05 16:16:00,0.9806626569329
2026-02-05 16:17:00,0.9806626569329
2026-02-05 16:18:00,0.9806626569329
2026-02-05 16:19:00,0.9875860580554082
2026-02-05 16:20:00,0.9875860580554082
2026-02-05 16:21:00,0.9867254284020143
2026-02-05 16:24:00,0.9867254284020143
2026-02-05 16:25:00,0.9867254284020143
2026-02-05 16:26:00,0.9867254284020143
2026-02-05 16:27:00,0.9867254284020143
2026-02-05 16:28:00,0.9867254284020143
2026-02-05 16:29:00,0.9867254284020143
2026-02-05 16:30:00,0.9867254284020143
2026-02-05 16:31:00,0.9867254284020143
2026-02-05 16:32:00,0.9867254284020143
2026-02-05 16:33:00,0.9867254284020143
2026-02-05 16:34:00,0.9867254284020143
2026-02-05 16:35:00,0.9867254284020143
2026-02-05 16:36:00,0.9867254284020143
2026-02-05 16:37:00,0.9867254284020143
2026-02-05 16:38:00,0.9867254284020143
2026-02-05 16:39:00,0.9867254284020143
2026-02-05 16:40:00,0.9867254284020143
2026-02-05 16:41:00,0.9867254284020143
2026-02-05 16:42:00,0.9867254284020143
2026-02-05 16:43:00,0.9867254284020143
2026-02-05 16:44:00,0.9867254284020143
2026-02-05 16:45:00,0.9867254284020143
2026-02-05 16:46:00,0.9867254284020143
2026-02-05 16:47:00,0.9867254284020143
2026-02-05 16:48:00,0.9867254284020143
2026-02-05 16:49:00,0.9867254284020143
2026-02-05 16:50:00,0.9867254284020143
2026-02-05 16:51:00,0.9867254284020143
2026-02-05 16:52:00,0.9867254284020143
2026-02-05 16:53:00,0.9867254284020143
2026-02-05 16:54:00,0.9867254284020143
2026-02-05 16:55:00,0.9867254284020143
2026-02-05 16:56:00,0.9867254284020143
2026-02-05 16:57:00,0.9867254284020143
2026-02-05 16:58:00,0.9867254284020143
2026-02-05 16:59:00,0.9867254284020143
2026-02-05 17:00:00,0.9867254284020143
2026-02-05 17:01:00,0.9867254284020143
2026-02-05 17:02:00,0.9867254284020143
2026-02-05 17:03:00,0.9867254284020143
2026-02-05 17:04:00,0.9867254284020143
2026-02-05 17:05:00,0.9867254284020143
2026-02-05 17:06:00,0.9867254284020143
2026-02-05 17:07:00,0.9867254284020143
2026-02-05 17:08:00,0.9867254284020143
2026-02-05 17:09:00,0.9907184483848334
2026-02-05 17:10:00,0.9907184483848334
2026-02-05 17:11:00,0.9907184483848334
2026-02-05 17:12:00,0.9907184483848334
2026-02-05 17:13:00,0.9907184483848334
2026-02-05 17:14:00,0.9907184483848334
2026-02-05 17:15:00,0.9907184483848334
2026-02-05 17:16:00,0.9907184483848334
2026-02-05 17:17:00,0.9907184483848334
2026-02-05 17:18:00,0.9907184483848334
2026-02-05 17:19:00,0.9907184483848334
2026-02-05 17:20:00,0.9907184483848334
2026-02-05 17:21:00,0.9907184483848334
2026-02-05 17:22:00,0.9907184483848334
2026-02-05 17:23:00,0.9907184483848334
2026-02-05 17:24:00,0.9907184483848334
2026-02-05 17:25:00,0.9907184483848334
2026-02-05 17:26:00,0.9907184483848334
2026-02-05 17:27:00,0.9907184483848334
2026-02-05 17:29:00,0.9907184483848334
2026-02-05 17:30:00,0.9907184483848334
2026-02-05 17:31:00,0.9907184483848334
2026-02-05 17:32:00,0.9907184483848334
2026-02-05 17:33:00,0.9907184483848334
2026-02-05 17:34:00,0.9907184483848334
2026-02-05 17:35:00,0.9907184483848334
2026-02-05 17:36:00,0.9907184483848334
2026-02-05 17:37:00,0.9907184483848334
2026-02-05 17:38:00,0.9907184483848334
2026-02-05 17:39:00,0.9907184483848334
2026-02-05 17:40:00,0.9907184483848334
2026-02-05 17:41:00,0.9895275435593505
2026-02-05 17:42:00,0.9895275435593505
2026-02-05 17:43:00,0.9895275435593505
2026-02-05 17:44:00,0.9895275435593505
2026-02-05 17:45:00,0.9895275435593505
2026-02-05 17:46:00,0.9895275435593505
2026-02-05 17:47:00,0.9895275435593505
2026-02-05 17:48:00,0.9895275435593505
2026-02-05 17:49:00,0.9895275435593505
2026-02-05 17:50:00,0.9895275435593505
2026-02-05 17:51:00,0.9895275435593505
2026-02-05 17:52:00,0.9895275435593505
2026-02-05 17:53:00,0.9895275435593505
2026-02-05 17:54:00,0.9895275435593505
2026-02-05 17:55:00,0.9895275435593505
2026-02-05 17:56:00,0.9895275435593505
2026-02-05 17:57:00,0.9905732929912678
2026-02-05 17:58:00,0.9905732929912678
2026-02-05 17:59:00,0.9905732929912678
2026-02-05 18:00:00,0.9905732929912678
2026-02-05 18:01:00,0.9905732929912678
2026-02-05 18:02:00,0.9905732929912678
2026-02-05 18:03:00,0.9905732929912678
2026-02-05 18:04:00,0.9905732929912678
2026-02-05 18:05:00,0.9905732929912678
2026-02-05 18:06:00,0.9905732929912678
2026-02-05 18:07:00,0.9905732929912678
2026-02-05 18:08:00,0.9905732929912678
2026-02-05 18:09:00,0.9905732929912678
2026-02-05 18:10:00,0.9905732929912678
2026-02-05 18:11:00,0.9905732929912678
2026-02-05 18:12:00,0.9905732929912678
2026-02-05 18:13:00,0.9905732929912678
2026-02-05 18:14:00,0.9905732929912678
2026-02-05 18:15:00,0.9905732929912678
2026-02-05 18:16:00,0.9905732929912678
2026-02-05 18:17:00,0.9936455665774994
2026-02-05 18:18:00,0.9936455665774994
2026-02-05 18:19:00,0.9936455665774994
2026-02-05 18:20:00,0.9936455665774994
2026-02-05 18:21:00,0.9936455665774994
2026-02-05 18:22:00,0.9936455665774994
2026-02-05 18:23:00,0.9936455665774994
2026-02-05 18:24:00,0.9936455665774994
2026-02-05 18:25:00,0.9936455665774994
2026-02-05 18:26:00,0.9936455665774994
2026-02-05 18:27:00,0.9936455665774994
2026-02-05 18:28:00,0.9936455665774994
2026-02-05 18:29:00,0.9936455665774994
2026-02-05 18:30:00,0.9936455665774994
2026-02-05 18:31:00,0.9936455665774994
2026-02-05 18:32:00,0.9936455665774994
2026-02-05 18:33:00,0.9936455665774994
2026-02-05 18:34:00,0.9936455665774994
2026-02-05 18:35:00,0.9936455665774994
2026-02-05 18:36:00,0.9936455665774994
2026-02-05 18:37:00,0.9936455665774994
2026-02-05 18:38:00,0.9936455665774994
2026-02-05 18:39:00,0.9936455665774994
2026-02-05 18:40:00,0.9936455665774994
2026-02-05 18:41:00,0.9936455665774994
2026-02-05 18:42:00,0.9936455665774994
2026-02-05 18:43:00,0.9936455665774994
2026-02-05 18:44:00,0.9936455665774994
2026-02-05 18:45:00,0.9936455665774994
2026-02-05 18:46:00,0.9936455665774994
2026-02-05 18:47:00,0.9936455665774994
2026-02-05 18:48:00,0.9936455665774994
2026-02-05 18:49:00,0.9936455665774994
2026-02-05 18:50:00,0.9936455665774994
2026-02-05 18:51:00,0.9936455665774994
2026-02-05 18:52:00,0.9936455665774994
2026-02-05 18:53:00,0.9936455665774994
2026-02-05 18:54:00,0.9936455665774994
2026-02-05 18:55:00,0.9936455665774994
2026-02-05 18:56:00,0.9936455665774994
2026-02-05 18:57:00,0.9936455665774994
2026-02-05 18:58:00,0.9936455665774994
2026-02-05 18:59:00,0.9936455665774994
2026-02-05 19:00:00,0.9936455665774994
2026-02-05 19:01:00,0.9936455665774994
2026-02-05 19:02:00,0.9916247881874239
2026-02-05 19:05:00,0.9916247881874239
2026-02-05 19:06:00,0.9916247881874239
2026-02-05 19:07:00,0.9916247881874239
2026-02-05 19:08:00,0.9916247881874239
2026-02-05 19:09:00,0.9916247881874239
2026-02-05 19:10:00,0.9916247881874239
2026-02-05 19:11:00,0.9916247881874239
2026-02-05 19:12:00,0.9916247881874239
2026-02-05 19:13:00,0.9916247881874239
2026-02-05 19:14:00,0.9916247881874239
2026-02-05 19:18:00,0.9916247881874239
2026-02-05 19:19:00,0.9916247881874239
2026-02-05 19:20:00,0.9916247881874239
2026-02-05 19:21:00,0.9916247881874239
2026-02-05 19:22:00,0.9916247881874239
2026-02-05 19:23:00,0.9916247881874239
2026-02-05 19:24:00,0.9916247881874239
2026-02-05 19:25:00,0.9916247881874239
2026-02-05 19:26:00,0.9916247881874239
2026-02-05 19:27:00,0.9916247881874239
2026-02-05 19:28:00,0.9916247881874239
2026-02-05 19:29:00,0.9916247881874239
2026-02-05 19:30:00,0.9916247881874239
2026-02-05 19:31:00,0.9916247881874239
2026-02-05 19:32:00,0.9916247881874239
2026-02-05 19:33:00,0.9916247881874239
2026-02-05 19:34:00,0.9916247881874239
2026-02-05 19:35:00,0.9916247881874239
2026-02-05 19:36:00,0.9916247881874239
2026-02-05 19:37:00,0.9916247881874239
2026-02-05 19:38:00,0.9916247881874239
2026-02-05 19:39:00,0.9916247881874239
2026-02-05 19:40:00,0.9916247881874239
2026-02-05 19:41:00,0.9916247881874239
2026-02-05 19:42:00,0.9916247881874239
2026-02-05 19:43:00,0.9916247881874239
2026-02-05 19:44:00,0.9916247881874239
2026-02-05 19:45:00,0.9916247881874239
2026-02-05 19:46:00,0.9916247881874239
2026-02-05 19:47:00,0.9916247881874239
2026-02-05 19:48:00,0.9916247881874239
2026-02-05 19:49:00,0.9916247881874239
2026-02-05 19:50:00,0.9916247881874239
2026-02-05 19:51:00,0.9916247881874239
2026-02-05 19:52:00,0.9916247881874239
2026-02-05 19:53:00,0.9916247881874239
2026-02-05 19:54:00,0.9916247881874239
2026-02-05 19:55:00,0.9916247881874239
2026-02-05 19:56:00,0.9916247881874239
2026-02-05 19:57:00,0.9916247881874239
2026-02-05 19:58:00,0.9916247881874239
2026-02-05 19:59:00,0.9916247881874239
2026-02-05 20:00:00,0.9916247881874239
2026-02-05 20:01:00,0.9916247881874239
2026-02-05 20:02:00,0.9916247881874239
2026-02-05 20:03:00,0.9916247881874239
2026-02-05 20:04:00,0.9916247881874239
2026-02-05 20:05:00,0.9916247881874239
2026-02-05 20:06:00,0.9916247881874239
2026-02-05 20:07:00,0.9916247881874239
2026-02-05 20:08:00,0.9916247881874239
2026-02-05 20:09:00,0.9916247881874239
2026-02-05 20:10:00,0.9916247881874239
2026-02-05 20:11:00,0.9916247881874239
2026-02-05 20:12:00,0.9916247881874239
2026-02-05 20:13:00,0.9916247881874239
2026-02-05 20:14:00,0.9916247881874239
2026-02-05 20:15:00,0.9916247881874239
2026-02-05 20:16:00,0.9916247881874239
2026-02-05 20:17:00,0.9916247881874239
2026-02-05 20:18:00,0.9934543239705113
2026-02-05 20:19:00,0.9934543239705113
2026-02-05 20:20:00,0.9934543239705113
2026-02-05 20:21:00,0.9934543239705113
2026-02-05 20:22:00,0.9934543239705113
2026-02-05 20:23:00,0.9934543239705113
2026-02-05 20:24:00,0.9934543239705113
2026-02-05 20:25:00,0.9934543239705113
2026-02-05 20:26:00,0.9934543239705113
2026-02-05 20:27:00,0.9934543239705113
2026-02-05 20:28:00,0.9934543239705113
2026-02-05 20:29:00,0.9934543239705113
2026-02-05 20:30:00,0.9934543239705113
2026-02-05 20:31:00,0.9934543239705113
2026-02-05 20:32:00,0.9934543239705113
2026-02-05 20:33:00,0.9934543239705113
2026-02-05 20:34:00,0.9934543239705113
2026-02-05 20:35:00,0.9934543239705113
2026-02-05 20:36:00,0.9934543239705113
2026-02-05 20:37:00,0.9934543239705113
2026-02-05 20:38:00,0.9934543239705113
2026-02-05 20:39:00,0.9934543239705113
2026-02-05 20:40:00,0.9934543239705113
2026-02-05 20:41:00,0.9934543239705113
2026-02-05 20:42:00,0.9934543239705113
2026-02-05 20:43:00,0.9934543239705113
2026-02-05 20:44:00,0.9934543239705113
2026-02-05 20:45:00,0.9934543239705113
2026-02-05 20:46:00,0.9934543239705113
2026-02-05 20:47:00,0.9934543239705113
2026-02-05 20:48:00,0.9934543239705113
2026-02-05 20:49:00,0.9934543239705113
2026-02-05 20:50:00,0.9934543239705113
2026-02-05 20:51:00,0.9934543239705113
2026-02-05 20:52:00,0.9934543239705113
2026-02-05 20:53:00,0.9934543239705113
2026-02-05 20:54:00,0.9934543239705113
2026-02-05 20:55:00,0.9934543239705113
2026-02-05 20:56:00,0.9934543239705113
2026-02-05 20:57:00,0.9934543239705113
2026-02-05 20:58:00,0.9934543239705113
2026-02-05 20:59:00,0.9934543239705113
2026-02-06 14:30:00,0.9934543239705113
2026-02-06 14:31:00,0.9934543239705113
2026-02-06 14:32:00,0.9934543239705113
2026-02-06 14:33:00,0.9934543239705113
2026-02-06 14:34:00,0.9934543239705113
2026-02-06 14:35:00,0.9934543239705113
2026-02-06 14:36:00,0.9934543239705113
2026-02-06 14:37:00,0.9934543239705113
2026-02-06 14:38:00,0.9934543239705113
2026-02-06 14:39:00,0.9934543239705113
2026-02-06 14:40:00,0.9934543239705113
2026-02-06 14:41:00,0.9934543239705113
2026-02-06 14:42:00,0.9934543239705113
2026-02-06 14:43:00,0.9934543239705113
2026-02-06 14:44:00,0.9934543239705113
2026-02-06 14:45:00,0.9934543239705113
2026-02-06 14:46:00,0.9934543239705113
2026-02-06 14:47:00,0.9934543239705113
2026-02-06 14:48:00,0.9934543239705113
2026-02-06 14:49:00,0.9934543239705113
2026-02-06 14:50:00,0.9934543239705113
2026-02-06 14:51:00,0.9934543239705113
2026-02-06 14:52:00,0.9934543239705113
2026-02-06 14:53:00,0.9934543239705113
2026-02-06 14:54:00,0.9934543239705113
2026-02-06 14:55:00,0.9934543239705113
2026-02-06 14:56:00,0.9934543239705113
2026-02-06 14:57:00,0.9934543239705113
2026-02-06 14:58:00,0.9934543239705113
2026-02-06 14:59:00,0.9934543239705113
2026-02-06 15:00:00,0.9934543239705113
2026-02-06 15:01:00,0.9934543239705113
2026-02-06 15:02:00,0.9934543239705113
2026-02-06 15:03:00,0.9934543239705113
2026-02-06 15:04:00,0.9934543239705113
2026-02-06 15:05:00,0.9934543239705113
2026-02-06 15:06:00,0.9934543239705113
2026-02-06 15:07:00,0.9934543239705113
2026-02-06 15:08:00,0.9934543239705113
2026-02-06 15:09:00,0.9934543239705113
2026-02-06 15:10:00,0.9934543239705113
2026-02-06 15:11:00,0.9934543239705113
2026-02-06 15:12:00,0.9934543239705113
2026-02-06 15:13:00,0.9934543239705113
2026-02-06 15:14:00,0.9934543239705113
2026-02-06 15:15:00,0.9934543239705113
2026-02-06 15:16:00,0.9934543239705113
2026-02-06 15:17:00,0.9934543239705113
2026-02-06 15:18:00,0.9934543239705113
2026-02-06 15:19:00,0.9934543239705113
2026-02-06 15:20:00,0.9934543239705113
2026-02-06 15:21:00,0.9934543239705113
2026-02-06 15:22:00,0.9934543239705113
2026-02-06 15:23:00,0.9934543239705113
2026-02-06 15:24:00,0.9934543239705113
2026-02-06 15:25:00,0.9934543239705113
2026-02-06 15:26:00,0.9934543239705113
2026-02-06 15:27:00,0.9934543239705113
2026-02-06 15:28:00,0.9934543239705113
2026-02-06 15:29:00,0.9934543239705113
2026-02-06 15:30:00,0.9934543239705113
2026-02-06 15:31:00,0.9934543239705113
2026-02-06 15:32:00,0.9934543239705113
2026-02-06 15:33:00,0.9934543239705113
2026-02-06 15:34:00,0.9934543239705113
2026-02-06 15:35:00,0.9934543239705113
2026-02-06 15:36:00,0.9934543239705113
2026-02-06 15:37:00,0.9934543239705113
2026-02-06 15:38:00,0.9934543239705113
2026-02-06 15:39:00,0.9934543239705113
2026-02-06 15:40:00,0.9934543239705113
2026-02-06 15:41:00,0.9934543239705113
2026-02-06 15:42:00,0.9934543239705113
2026-02-06 15:43:00,0.9934543239705113
2026-02-06 15:44:00,0.9934543239705113
2026-02-06 15:45:00,0.9934543239705113
2026-02-06 15:46:00,0.9934543239705113
2026-02-06 15:47:00,0.9934543239705113
2026-02-06 15:48:00,0.9934543239705113
2026-02-06 15:49:00,0.9934543239705113
2026-02-06 15:50:00,0.9934543239705113
2026-02-06 15:51:00,0.9934543239705113
2026-02-06 15:52:00,0.9934543239705113
2026-02-06 15:53:00,0.9934543239705113
2026-02-06 15:54:00,0.9934543239705113
2026-02-06 15:55:00,0.9934543239705113
2026-02-06 15:56:00,0.9934543239705113
2026-02-06 15:57:00,0.9934543239705113
2026-02-06 15:58:00,0.9934543239705113
2026-02-06 15:59:00,0.9934543239705113
2026-02-06 16:00:00,0.9934543239705113
2026-02-06 16:01:00,0.9934543239705113
2026-02-06 16:02:00,0.9934543239705113
2026-02-06 16:03:00,0.9934543239705113
2026-02-06 16:04:00,0.9934543239705113
2026-02-06 16:05:00,0.9934543239705113
2026-02-06 16:06:00,0.9934543239705113
2026-02-06 16:07:00,0.9934543239705113
2026-02-06 16:08:00,0.9934543239705113
2026-02-06 16:09:00,0.9952013946349867
2026-02-06 16:10:00,0.9952013946349867
2026-02-06 16:11:00,0.9952013946349867
2026-02-06 16:12:00,0.9952013946349867
2026-02-06 16:13:00,0.9952013946349867
2026-02-06 16:14:00,0.9952013946349867
2026-02-06 16:15:00,0.9952013946349867
2026-02-06 16:16:00,0.9952013946349867
2026-02-06 16:17:00,0.9952013946349867
2026-02-06 16:18:00,0.9952013946349867
2026-02-06 16:19:00,0.9952013946349867
2026-02-06 16:20:00,0.9952013946349867
2026-02-06 16:21:00,0.9952013946349867
2026-02-06 16:22:00,0.9952013946349867
2026-02-06 16:23:00,0.9952013946349867
2026-02-06 16:24:00,0.9952013946349867
2026-02-06 16:25:00,0.9952013946349867
2026-02-06 16:26:00,0.9952013946349867
2026-02-06 16:27:00,0.9952013946349867
2026-02-06 16:28:00,0.9952013946349867
2026-02-06 16:29:00,0.9952013946349867
2026-02-06 16:30:00,0.9952013946349867
2026-02-06 16:31:00,0.9952013946349867
2026-02-06 16:32:00,0.9952013946349867
2026-02-06 16:33:00,0.9952013946349867
2026-02-06 16:34:00,0.9952013946349867
2026-02-06 16:35:00,0.9952013946349867
2026-02-06 16:36:00,0.9957598042721119
2026-02-06 16:37:00,0.9957598042721119
2026-02-06 16:38:00,0.9957598042721119
2026-02-06 16:39:00,0.9957598042721119
2026-02-06 16:40:00,0.9957598042721119
2026-02-06 16:41:00,0.9957598042721119
2026-02-06 16:42:00,0.9957598042721119
2026-02-06 16:43:00,0.9957598042721119
2026-02-06 16:44:00,0.9957598042721119
2026-02-06 16:45:00,0.9957598042721119
2026-02-06 16:46:00,0.9957598042721119
2026-02-06 16:47:00,0.9957598042721119
2026-02-06 16:48:00,0.9957598042721119
2026-02-06 16:49:00,0.9957598042721119
2026-02-06 16:50:00,0.9957598042721119
2026-02-06 16:51:00,0.9957598042721119
2026-02-06 16:52:00,0.9957598042721119
2026-02-06 16:53:00,0.9957598042721119
2026-02-06 16:54:00,0.9957598042721119
2026-02-06 16:55:00,0.9957598042721119
2026-02-06 16:56:00,0.9957598042721119
2026-02-06 16:57:00,0.9957598042721119
2026-02-06 16:58:00,0.9957598042721119
2026-02-06 16:59:00,0.9957598042721119
2026-02-06 17:00:00,0.9957598042721119
2026-02-06 17:01:00,0.9957598042721119
2026-02-06 17:02:00,0.9957598042721119
2026-02-06 17:03:00,0.9957598042721119
2026-02-06 17:04:00,0.9957598042721119
2026-02-06 17:05:00,0.9957598042721119
2026-02-06 17:06:00,0.9957598042721119
2026-02-06 17:07:00,0.9957598042721119
2026-02-06 17:08:00,0.9957598042721119
2026-02-06 17:09:00,0.9957598042721119
2026-02-06 17:10:00,0.9957598042721119
2026-02-06 17:11:00,0.9957598042721119
2026-02-06 17:12:00,0.9957598042721119
2026-02-06 17:13:00,0.9957598042721119
2026-02-06 17:14:00,0.9957598042721119
2026-02-06 17:15:00,0.9957598042721119
2026-02-06 17:16:00,0.9957598042721119
2026-02-06 17:17:00,0.9957598042721119
2026-02-06 17:18:00,0.9967946365692414
2026-02-06 17:19:00,0.9967946365692414
2026-02-06 17:20:00,0.9967946365692414
2026-02-06 17:21:00,0.9967946365692414
2026-02-06 17:22:00,0.9967946365692414
2026-02-06 17:23:00,0.9967946365692414
2026-02-06 17:24:00,0.9967946365692414
2026-02-06 17:25:00,0.9967946365692414
2026-02-06 17:26:00,0.9967946365692414
2026-02-06 17:27:00,0.9967946365692414
2026-02-06 17:28:00,0.9967946365692414
2026-02-06 17:29:00,0.9967946365692414
2026-02-06 17:30:00,0.9967946365692414
2026-02-06 17:31:00,0.9967946365692414
2026-02-06 17:32:00,0.9967946365692414
2026-02-06 17:33:00,0.9967946365692414
2026-02-06 17:34:00,0.9967946365692414
2026-02-06 17:35:00,0.9967946365692414
2026-02-06 17:36:00,0.9967946365692414
2026-02-06 17:37:00,0.9967946365692414
2026-02-06 17:38:00,0.9944342589137601
2026-02-06 17:39:00,0.9944342589137601
2026-02-06 17:40:00,0.9944342589137601
2026-02-06 17:41:00,0.9944342589137601
2026-02-06 17:42:00,0.9944342589137601
2026-02-06 17:43:00,0.9944342589137601
2026-02-06 17:44:00,0.9944342589137601
2026-02-06 17:45:00,0.9944342589137601
2026-02-06 17:46:00,0.9944342589137601
2026-02-06 17:47:00,0.9944342589137601
2026-02-06 17:48:00,0.9944342589137601
2026-02-06 17:49:00,0.9944342589137601
2026-02-06 17:50:00,0.9944342589137601
2026-02-06 17:51:00,0.9944342589137601
2026-02-06 17:52:00,0.9944342589137601
2026-02-06 17:53:00,0.9944342589137601
2026-02-06 17:54:00,0.9944342589137601
2026-02-06 17:55:00,0.9944342589137601
2026-02-06 17:56:00,0.9944342589137601
2026-02-06 17:57:00,0.9944342589137601
2026-02-06 17:58:00,0.9944342589137601
2026-02-06 17:59:00,0.9944342589137601
2026-02-06 18:00:00,0.9944342589137601
2026-02-06 18:01:00,0.9944342589137601
2026-02-06 18:02:00,0.9944342589137601
2026-02-06 18:03:00,0.9944342589137601
2026-02-06 18:04:00,0.9944342589137601
2026-02-06 18:05:00,0.9944342589137601
2026-02-06 18:06:00,0.9944342589137601
2026-02-06 18:07:00,0.9944342589137601
2026-02-06 18:08:00,0.9944342589137601
2026-02-06 18:09:00,0.9944342589137601
2026-02-06 18:10:00,0.9944342589137601
2026-02-06 18:11:00,0.9944342589137601
2026-02-06 18:12:00,0.9944342589137601
2026-02-06 18:13:00,0.9944342589137601
2026-02-06 18:14:00,0.9944342589137601
2026-02-06 18:15:00,0.9944342589137601
2026-02-06 18:16:00,0.9944342589137601
2026-02-06 18:17:00,0.9944342589137601
2026-02-06 18:18:00,0.9944342589137601
2026-02-06 18:19:00,0.9944342589137601
2026-02-06 18:20:00,0.9944342589137601
2026-02-06 18:21:00,0.9944342589137601
2026-02-06 18:22:00,0.9944342589137601
2026-02-06 18:23:00,0.9944342589137601
2026-02-06 18:24:00,0.9944342589137601
2026-02-06 18:25:00,0.9944342589137601
2026-02-06 18:26:00,0.9944342589137601
2026-02-06 18:27:00,0.9944342589137601
2026-02-06 18:28:00,0.9944342589137601
2026-02-06 18:29:00,0.9944342589137601
2026-02-06 18:30:00,0.9944342589137601
2026-02-06 18:31:00,0.9944342589137601
2026-02-06 18:32:00,0.9944342589137601
2026-02-06 18:33:00,0.9944342589137601
2026-02-06 18:34:00,0.9944342589137601
2026-02-06 18:35:00,0.9944342589137601
2026-02-06 18:36:00,0.9944342589137601
2026-02-06 18:37:00,0.9944342589137601
2026-02-06 18:38:00,0.9944342589137601
2026-02-06 18:39:00,0.9944342589137601
2026-02-06 18:40:00,0.9944342589137601
2026-02-06 18:41:00,0.9944342589137601
2026-02-06 18:42:00,0.9944342589137601
2026-02-06 18:43:00,0.9944342589137601
2026-02-06 18:44:00,0.9944342589137601
2026-02-06 18:45:00,0.9939685533845558
2026-02-06 18:46:00,0.9939685533845558
2026-02-06 18:47:00,0.9939685533845558
2026-02-06 18:48:00,0.9939685533845558
2026-02-06 18:49:00,0.9939685533845558
2026-02-06 18:50:00,0.9939685533845558
2026-02-06 18:51:00,0.9939685533845558
2026-02-06 18:52:00,0.9939685533845558
2026-02-06 18:53:00,0.9939685533845558
2026-02-06 18:54:00,0.9939685533845558
2026-02-06 18:55:00,0.9939685533845558
2026-02-06 18:56:00,0.9939685533845558
2026-02-06 18:57:00,0.9939685533845558
2026-02-06 18:58:00,0.9939685533845558
2026-02-06 18:59:00,0.9939685533845558
2026-02-06 19:00:00,0.9939685533845558
2026-02-06 19:01:00,0.9939685533845558
2026-02-06 19:02:00,0.9939685533845558
2026-02-06 19:03:00,0.9939685533845558
2026-02-06 19:04:00,0.9939685533845558
2026-02-06 19:05:00,0.9939685533845558
2026-02-06 19:06:00,0.9939685533845558
2026-02-06 19:07:00,0.9939685533845558
2026-02-06 19:08:00,0.9939685533845558
2026-02-06 19:09:00,0.9939685533845558
2026-02-06 19:10:00,0.9939685533845558
2026-02-06 19:11:00,0.9939685533845558
2026-02-06 19:12:00,0.9939685533845558
2026-02-06 19:13:00,0.9939685533845558
2026-02-06 19:14:00,0.9943982205831741
2026-02-06 19:15:00,0.9943982205831741
2026-02-06 19:16:00,0.9943982205831741
2026-02-06 19:17:00,0.9943982205831741
2026-02-06 19:18:00,0.9943982205831741
2026-02-06 19:19:00,0.9943982205831741
2026-02-06 19:20:00,0.9943982205831741
2026-02-06 19:21:00,0.9943982205831741
2026-02-06 19:22:00,0.9943982205831741
2026-02-06 19:23:00,0.9943982205831741
2026-02-06 19:24:00,0.9943982205831741
2026-02-06 19:25:00,0.9943982205831741
2026-02-06 19:26:00,0.9943982205831741
2026-02-06 19:27:00,0.9943982205831741
2026-02-06 19:28:00,0.9943982205831741
2026-02-06 19:29:00,0.9943982205831741
2026-02-06 19:30:00,0.9936450279005662
2026-02-06 19:31:00,0.9936450279005662
2026-02-06 19:32:00,0.9936450279005662
2026-02-06 19:33:00,0.9936450279005662
2026-02-06 19:34:00,0.9936450279005662
2026-02-06 19:35:00,0.9936450279005662
2026-02-06 19:36:00,0.9936450279005662
2026-02-06 19:37:00,0.9936450279005662
2026-02-06 19:38:00,0.9936450279005662
2026-02-06 19:39:00,0.9936450279005662
2026-02-06 19:40:00,0.9936450279005662
2026-02-06 19:41:00,0.9936450279005662
2026-02-06 19:42:00,0.9936450279005662
2026-02-06 19:43:00,0.9936450279005662
2026-02-06 19:44:00,0.9936450279005662
2026-02-06 19:45:00,0.9936450279005662
2026-02-06 19:46:00,0.9948640922728328
2026-02-06 19:47:00,0.9948640922728328
2026-02-06 19:48:00,0.9948640922728328
2026-02-06 19:49:00,0.9948640922728328
2026-02-06 19:50:00,0.9948640922728328
2026-02-06 19:51:00,0.9948640922728328
2026-02-06 19:52:00,0.9948640922728328
2026-02-06 19:53:00,0.9948640922728328
2026-02-06 19:54:00,0.9948640922728328
2026-02-06 19:55:00,0.9948640922728328
2026-02-06 19:56:00,0.9948640922728328
2026-02-06 19:57:00,0.9948640922728328
2026-02-06 19:58:00,0.9948640922728328
2026-02-06 19:59:00,0.9948640922728328
2026-02-06 20:00:00,0.9948640922728328
2026-02-06 20:01:00,0.9948640922728328
2026-02-06 20:02:00,0.9948640922728328
2026-02-06 20:03:00,0.9904485977923798
2026-02-06 20:04:00,0.9904485977923798
2026-02-06 20:05:00,0.9904485977923798
2026-02-06 20:06:00,0.9904485977923798
2026-02-06 20:07:00,0.9904485977923798
2026-02-06 20:08:00,0.9904485977923798
2026-02-06 20:09:00,0.9904485977923798
2026-02-06 20:10:00,0.9904485977923798
2026-02-06 20:11:00,0.9904485977923798
2026-02-06 20:12:00,0.9904485977923798
2026-02-06 20:13:00,0.9904485977923798
2026-02-06 20:14:00,0.9904485977923798
2026-02-06 20:15:00,0.9904485977923798
2026-02-06 20:16:00,0.9904485977923798
2026-02-06 20:17:00,0.9904485977923798
2026-02-06 20:18:00,0.9904485977923798
2026-02-06 20:19:00,0.9936925807465661
2026-02-06 20:20:00,0.9936925807465661
2026-02-06 20:21:00,0.9936925807465661
2026-02-06 20:22:00,0.9936925807465661
2026-02-06 20:23:00,0.9936925807465661
2026-02-06 20:24:00,0.9936925807465661
2026-02-06 20:25:00,0.9936925807465661
2026-02-06 20:26:00,0.9936925807465661
2026-02-06 20:27:00,0.9936925807465661
2026-02-06 20:28:00,0.9936925807465661
2026-02-06 20:29:00,0.9936925807465661
2026-02-06 20:30:00,0.9936925807465661
2026-02-06 20:31:00,0.9936925807465661
2026-02-06 20:32:00,0.9936925807465661
2026-02-06 20:33:00,0.9936925807465661
2026-02-06 20:34:00,0.9936925807465661
2026-02-06 20:35:00,0.9936925807465661
2026-02-06 20:36:00,0.9936925807465661
2026-02-06 20:37:00,0.9936925807465661
2026-02-06 20:38:00,0.9936925807465661
2026-02-06 20:39:00,0.9936925807465661
2026-02-06 20:40:00,0.9942111830080798
2026-02-06 20:41:00,0.9942111830080798
2026-02-06 20:42:00,0.9942111830080798
2026-02-06 20:43:00,0.9942111830080798
2026-02-06 20:44:00,0.9942111830080798
2026-02-06 20:45:00,0.9942111830080798
2026-02-06 20:46:00,0.9942111830080798
2026-02-06 20:47:00,0.9942111830080798
2026-02-06 20:48:00,0.9942111830080798
2026-02-06 20:49:00,0.9942111830080798
2026-02-06 20:50:00,0.9942111830080798
2026-02-06 20:51:00,0.9942111830080798
2026-02-06 20:52:00,0.9942111830080798
2026-02-06 20:53:00,0.9942111830080798
2026-02-06 20:54:00,0.9942111830080798
2026-02-06 20:55:00,0.9942111830080798
2026-02-06 20:56:00,0.9942111830080798
2026-02-06 20:57:00,0.9942111830080798
2026-02-06 20:58:00,0.9929608989896394
2026-02-06 20:59:00,0.9929608989896394
2026-02-09 14:30:00,0.9929608989896394
2026-02-09 14:31:00,0.9929608989896394
2026-02-09 14:32:00,0.9929608989896394
2026-02-09 14:33:00,0.9929608989896394
2026-02-09 14:34:00,0.9929608989896394
2026-02-09 14:35:00,0.9929608989896394
2026-02-09 14:36:00,0.9929608989896394
2026-02-09 14:37:00,0.9929608989896394
2026-02-09 14:38:00,0.9929608989896394
2026-02-09 14:39:00,0.9929608989896394
2026-02-09 14:40:00,0.9929608989896394
2026-02-09 14:41:00,0.9929608989896394
2026-02-09 14:42:00,0.9929608989896394
2026-02-09 14:43:00,0.9929608989896394
2026-02-09 14:44:00,0.9929608989896394
2026-02-09 14:45:00,0.9929608989896394
2026-02-09 14:46:00,0.9929608989896394
2026-02-09 14:47:00,0.9929608989896394
2026-02-09 14:48:00,0.9929608989896394
2026-02-09 14:49:00,0.9929608989896394
2026-02-09 14:50:00,0.9929608989896394
2026-02-09 14:51:00,0.9929608989896394
2026-02-09 14:52:00,0.9929608989896394
2026-02-09 14:53:00,0.9929608989896394
2026-02-09 14:54:00,0.9929608989896394
2026-02-09 14:55:00,0.9929608989896394
2026-02-09 14:56:00,0.9929608989896394
2026-02-09 14:57:00,0.9929608989896394
2026-02-09 14:58:00,0.9929608989896394
2026-02-09 14:59:00,0.9929608989896394
2026-02-09 15:00:00,0.9929608989896394
2026-02-09 15:01:00,0.9929608989896394
2026-02-09 15:02:00,0.9929608989896394
2026-02-09 15:03:00,0.9929608989896394
2026-02-09 15:04:00,0.9929608989896394
2026-02-09 15:05:00,0.9929608989896394
2026-02-09 15:06:00,0.9929608989896394
2026-02-09 15:07:00,0.9929608989896394
2026-02-09 15:08:00,0.9929608989896394
2026-02-09 15:09:00,0.9929608989896394
2026-02-09 15:10:00,0.9929608989896394
2026-02-09 15:11:00,0.9969929703206794
2026-02-09 15:12:00,0.9969929703206794
2026-02-09 15:13:00,0.9969929703206794
2026-02-09 15:14:00,0.9969929703206794
2026-02-09 15:15:00,0.9969929703206794
2026-02-09 15:16:00,0.9969929703206794
2026-02-09 15:17:00,0.9969929703206794
2026-02-09 15:18:00,0.9969929703206794
2026-02-09 15:19:00,0.9969929703206794
2026-02-09 15:20:00,0.9969929703206794
2026-02-09 15:21:00,0.9969929703206794
2026-02-09 15:22:00,0.9969929703206794
2026-02-09 15:23:00,0.9969929703206794
2026-02-09 15:24:00,0.9969929703206794
2026-02-09 15:25:00,0.9969929703206794
2026-02-09 15:26:00,0.9969929703206794
2026-02-09 15:27:00,0.9969929703206794
2026-02-09 15:28:00,0.9969929703206794
2026-02-09 15:29:00,0.9969929703206794
2026-02-09 15:30:00,0.9969929703206794
2026-02-09 15:31:00,0.9969929703206794
2026-02-09 15:32:00,0.9969929703206794
2026-02-09 15:33:00,0.9969929703206794
2026-02-09 15:34:00,0.9969929703206794
2026-02-09 15:35:00,0.9969929703206794
2026-02-09 15:36:00,0.9996192278295275
2026-02-09 15:37:00,0.9996192278295275
2026-02-09 15:38:00,0.9996192278295275
2026-02-09 15:39:00,0.9996192278295275
2026-02-09 15:40:00,0.9996192278295275
2026-02-09 15:41:00,0.9996192278295275
2026-02-09 15:42:00,0.9996192278295275
2026-02-09 15:43:00,0.9996192278295275
2026-02-09 15:44:00,0.9996192278295275
2026-02-09 15:45:00,0.9996192278295275
2026-02-09 15:46:00,0.9996192278295275
2026-02-09 15:47:00,1.0008978462504474
2026-02-09 15:48:00,1.0008978462504474
2026-02-09 15:49:00,1.0008978462504474
2026-02-09 15:50:00,1.0008978462504474
2026-02-09 15:51:00,1.0008978462504474
2026-02-09 15:52:00,1.0008978462504474
2026-02-09 15:53:00,1.0008978462504474
2026-02-09 15:54:00,1.0008978462504474
2026-02-09 15:55:00,1.0008978462504474
2026-02-09 15:56:00,1.0008978462504474
2026-02-09 15:57:00,1.0008978462504474
2026-02-09 15:58:00,1.0008978462504474
2026-02-09 15:59:00,1.0008978462504474
2026-02-09 16:00:00,1.0008978462504474
2026-02-09 16:01:00,1.0008978462504474
2026-02-09 16:02:00,1.0008978462504474
2026-02-09 16:03:00,1.0005131729752288
2026-02-09 16:04:00,1.0005131729752288
2026-02-09 16:05:00,1.0005131729752288
2026-02-09 16:06:00,1.0005131729752288
2026-02-09 16:07:00,1.0005131729752288
2026-02-09 16:08:00,1.0005131729752288
2026-02-09 16:09:00,1.0005131729752288
2026-02-09 16:10:00,1.0005131729752288
2026-02-09 16:11:00,1.0005131729752288
2026-02-09 16:12:00,1.0005131729752288
2026-02-09 16:13:00,1.0005131729752288
2026-02-09 16:14:00,1.0005131729752288
2026-02-09 16:15:00,1.0005131729752288
2026-02-09 16:16:00,1.0005131729752288
2026-02-09 16:17:00,1.0005131729752288
2026-02-09 16:18:00,1.0005131729752288
2026-02-09 16:19:00,1.0005131729752288
2026-02-09 16:20:00,1.0005131729752288
2026-02-09 16:21:00,1.0005131729752288
2026-02-09 16:22:00,1.0005131729752288
2026-02-09 16:23:00,1.0005131729752288
2026-02-09 16:24:00,1.0005131729752288
2026-02-09 16:25:00,1.0005131729752288
2026-02-09 16:26:00,1.0005131729752288
2026-02-09 16:27:00,1.0005131729752288
2026-02-09 16:28:00,1.0005131729752288
2026-02-09 16:29:00,1.0005131729752288
2026-02-09 16:30:00,1.0005131729752288
2026-02-09 16:31:00,1.0005131729752288
2026-02-09 16:32:00,1.0005131729752288
2026-02-09 16:33:00,1.0005131729752288
2026-02-09 16:34:00,1.0005131729752288
2026-02-09 16:35:00,1.0005131729752288
2026-02-09 16:36:00,1.0005131729752288
2026-02-09 16:37:00,1.0005131729752288
2026-02-09 16:38:00,1.0005131729752288
2026-02-09 16:39:00,1.0005131729752288
2026-02-09 16:40:00,1.0005131729752288
2026-02-09 16:41:00,1.0005131729752288
2026-02-09 16:42:00,1.0005131729752288
2026-02-09 16:43:00,1.0005131729752288
2026-02-09 16:44:00,1.0005131729752288
2026-02-09 16:45:00,1.0005131729752288
2026-02-09 16:46:00,1.0005131729752288
2026-02-09 16:47:00,1.0005131729752288
2026-02-09 16:48:00,1.0005131729752288
2026-02-09 16:49:00,1.0005131729752288
2026-02-09 16:50:00,1.0005131729752288
2026-02-09 16:51:00,1.0005131729752288
2026-02-09 16:52:00,1.0005131729752288
2026-02-09 16:53:00,1.0005131729752288
2026-02-09 16:54:00,1.0006595716693385
2026-02-09 16:55:00,1.0006595716693385
2026-02-09 16:56:00,1.0006595716693385
2026-02-09 16:57:00,1.0006595716693385
2026-02-09 16:58:00,1.0006595716693385
2026-02-09 16:59:00,1.0006595716693385
2026-02-09 17:00:00,1.0006595716693385
2026-02-09 17:01:00,1.0006595716693385
2026-02-09 17:02:00,1.0006595716693385
2026-02-09 17:03:00,1.0006595716693385
2026-02-09 17:04:00,1.0006595716693385
2026-02-09 17:05:00,1.0006595716693385
2026-02-09 17:06:00,1.0006595716693385
2026-02-09 17:07:00,1.0006595716693385
2026-02-09 17:08:00,1.0006595716693385
2026-02-09 17:09:00,1.0006595716693385
2026-02-09 17:10:00,1.0049995650095225
2026-02-09 17:11:00,1.0049995650095225
2026-02-09 17:12:00,1.0049995650095225
2026-02-09 17:13:00,1.0049995650095225
2026-02-09 17:14:00,1.0049995650095225
2026-02-09 17:15:00,1.0049995650095225
2026-02-09 17:16:00,1.0049995650095225
2026-02-09 17:17:00,1.0049995650095225
2026-02-09 17:18:00,1.0049995650095225
2026-02-09 17:19:00,1.0049995650095225
2026-02-09 17:20:00,1.0049995650095225
2026-02-09 17:21:00,1.0049995650095225
2026-02-09 17:22:00,1.0049995650095225
2026-02-09 17:23:00,1.0049995650095225
2026-02-09 17:24:00,1.0049995650095225
2026-02-09 17:25:00,1.0049995650095225
2026-02-09 17:26:00,1.0049995650095225
2026-02-09 17:27:00,1.0049995650095225
2026-02-09 17:28:00,1.0049995650095225
2026-02-09 17:29:00,1.0049995650095225
2026-02-09 17:30:00,1.0049995650095225
2026-02-09 17:31:00,1.0049995650095225
2026-02-09 17:32:00,1.0049995650095225
2026-02-09 17:33:00,1.0049995650095225
2026-02-09 17:34:00,1.0049995650095225
2026-02-09 17:35:00,1.0049995650095225
2026-02-09 17:36:00,1.0049995650095225
2026-02-09 17:37:00,1.0049995650095225
2026-02-09 17:38:00,1.0049995650095225
2026-02-09 17:39:00,1.0049995650095225
2026-02-09 17:40:00,1.0049995650095225
2026-02-09 17:41:00,1.0049995650095225
2026-02-09 17:42:00,1.0049995650095225
2026-02-09 17:43:00,1.0049995650095225
2026-02-09 17:44:00,1.0049995650095225
2026-02-09 17:45:00,1.0062197710298155
2026-02-09 17:46:00,1.0062197710298155
2026-02-09 17:47:00,1.0062197710298155
2026-02-09 17:48:00,1.0062197710298155
2026-02-09 17:49:00,1.0062197710298155
2026-02-09 17:50:00,1.0062197710298155
2026-02-09 17:51:00,1.0062197710298155
2026-02-09 17:52:00,1.0062197710298155
2026-02-09 17:53:00,1.0062197710298155
2026-02-09 17:54:00,1.0062197710298155
2026-02-09 17:55:00,1.0062197710298155
2026-02-09 17:56:00,1.0062197710298155
2026-02-09 17:57:00,1.0062197710298155
2026-02-09 17:58:00,1.0062197710298155
2026-02-09 17:59:00,1.0062197710298155
2026-02-09 18:00:00,1.0062197710298155
2026-02-09 18:01:00,1.0062197710298155
2026-02-09 18:02:00,1.0062197710298155
2026-02-09 18:03:00,1.0062197710298155
2026-02-09 18:04:00,1.0062197710298155
2026-02-09 18:05:00,1.0062197710298155
2026-02-09 18:06:00,1.0062197710298155
2026-02-09 18:07:00,1.0062197710298155
2026-02-09 18:08:00,1.0062197710298155
2026-02-09 18:09:00,1.0062197710298155
2026-02-09 18:10:00,1.0062197710298155
2026-02-09 18:11:00,1.0062197710298155
2026-02-09 18:12:00,1.0062197710298155
2026-02-09 18:13:00,1.0062197710298155
2026-02-09 18:14:00,1.0062197710298155
2026-02-09 18:15:00,1.0062197710298155
2026-02-09 18:16:00,1.0062197710298155
2026-02-09 18:17:00,1.0062197710298155
2026-02-09 18:18:00,1.0062197710298155
2026-02-09 18:19:00,1.0062197710298155
2026-02-09 18:20:00,1.0061088805988005
2026-02-09 18:21:00,1.0061088805988005
2026-02-09 18:22:00,1.0061088805988005
2026-02-09 18:23:00,1.0061088805988005
2026-02-09 18:24:00,1.0061088805988005
2026-02-09 18:25:00,1.0061088805988005
2026-02-09 18:26:00,1.0061088805988005
2026-02-09 18:27:00,1.0061088805988005
2026-02-09 18:28:00,1.0061088805988005
2026-02-09 18:29:00,1.0061088805988005
2026-02-09 18:30:00,1.0061088805988005
2026-02-09 18:31:00,1.0061088805988005
2026-02-09 18:32:00,1.0061088805988005
2026-02-09 18:33:00,1.0061088805988005
2026-02-09 18:34:00,1.0061088805988005
2026-02-09 18:35:00,1.0061088805988005
2026-02-09 18:36:00,1.0061088805988005
2026-02-09 18:37:00,1.0058317397404635
2026-02-09 18:38:00,1.0058317397404635
2026-02-09 18:39:00,1.0058317397404635
2026-02-09 18:40:00,1.0058317397404635
2026-02-09 18:41:00,1.0058317397404635
2026-02-09 18:42:00,1.0058317397404635
2026-02-09 18:43:00,1.0058317397404635
2026-02-09 18:44:00,1.0058317397404635
2026-02-09 18:45:00,1.0058317397404635
2026-02-09 18:46:00,1.0058317397404635
2026-02-09 18:47:00,1.0058317397404635
2026-02-09 18:48:00,1.0058317397404635
2026-02-09 18:49:00,1.0058317397404635
2026-02-09 18:50:00,1.0058317397404635
2026-02-09 18:51:00,1.0058317397404635
2026-02-09 18:52:00,1.0058317397404635
2026-02-09 18:53:00,1.0058317397404635
2026-02-09 18:54:00,1.0058317397404635
2026-02-09 18:55:00,1.0058317397404635
2026-02-09 18:56:00,1.0058317397404635
2026-02-09 18:57:00,1.0058317397404635
2026-02-09 18:58:00,1.0058317397404635
2026-02-09 18:59:00,1.0058317397404635
2026-02-09 19:00:00,1.0058317397404635
2026-02-09 19:01:00,1.0058317397404635
2026-02-09 19:02:00,1.0058317397404635
2026-02-09 19:03:00,1.0058317397404635
2026-02-09 19:04:00,1.0058317397404635
2026-02-09 19:05:00,1.0058317397404635
2026-02-09 19:06:00,1.0058317397404635
2026-02-09 19:07:00,1.0058317397404635
2026-02-09 19:08:00,1.0058317397404635
2026-02-09 19:09:00,1.0058317397404635
2026-02-09 19:10:00,1.0058317397404635
2026-02-09 19:11:00,1.0058317397404635
2026-02-09 19:12:00,1.0058317397404635
2026-02-09 19:13:00,1.0058317397404635
2026-02-09 19:14:00,1.0058317397404635
2026-02-09 19:15:00,1.0058317397404635
2026-02-09 19:16:00,1.0058317397404635
2026-02-09 19:17:00,1.0058317397404635
2026-02-09 19:18:00,1.0058317397404635
2026-02-09 19:19:00,1.0058317397404635
2026-02-09 19:20:00,1.0058317397404635
2026-02-09 19:21:00,1.0058317397404635
2026-02-09 19:22:00,1.0058317397404635
2026-02-09 19:23:00,1.0058317397404635
2026-02-09 19:24:00,1.0058317397404635
2026-02-09 19:25:00,1.0058317397404635
2026-02-09 19:26:00,1.0058317397404635
2026-02-09 19:27:00,1.0058317397404635
2026-02-09 19:28:00,1.0047658506645125
2026-02-09 19:29:00,1.0047658506645125
2026-02-09 19:30:00,1.0047658506645125
2026-02-09 19:31:00,1.0047658506645125
2026-02-09 19:32:00,1.0047658506645125
2026-02-09 19:33:00,1.0047658506645125
2026-02-09 19:34:00,1.0047658506645125
2026-02-09 19:35:00,1.0047658506645125
2026-02-09 19:36:00,1.0047658506645125
2026-02-09 19:37:00,1.0047658506645125
2026-02-09 19:38:00,1.0047658506645125
2026-02-09 19:39:00,1.0047658506645125
2026-02-09 19:40:00,1.0047658506645125
2026-02-09 19:41:00,1.0047658506645125
2026-02-09 19:42:00,1.0047658506645125
2026-02-09 19:43:00,1.0047658506645125
2026-02-09 19:44:00,1.0047658506645125
2026-02-09 19:45:00,1.0047658506645125
2026-02-09 19:46:00,1.0047658506645125
2026-02-09 19:47:00,1.0047658506645125
2026-02-09 19:48:00,1.0047658506645125
2026-02-09 19:49:00,1.0047658506645125
2026-02-09 19:50:00,1.0047658506645125
2026-02-09 19:51:00,1.0047658506645125
2026-02-09 19:52:00,1.0047658506645125
2026-02-09 19:53:00,1.0047658506645125
2026-02-09 19:54:00,1.0047658506645125
2026-02-09 19:55:00,1.0047658506645125
2026-02-09 19:56:00,1.0047658506645125
2026-02-09 19:57:00,1.0047658506645125
2026-02-09 19:58:00,1.0047658506645125
2026-02-09 19:59:00,1.0047658506645125
2026-02-09 20:00:00,1.0047658506645125
2026-02-09 20:01:00,1.0047658506645125
2026-02-09 20:02:00,1.0047658506645125
2026-02-09 20:03:00,1.0047658506645125
2026-02-09 20:04:00,1.0047658506645125
2026-02-09 20:05:00,1.0047658506645125
2026-02-09 20:06:00,1.0047658506645125
2026-02-09 20:07:00,1.0047658506645125
2026-02-09 20:08:00,1.0047658506645125
2026-02-09 20:09:00,1.0047658506645125
2026-02-09 20:10:00,1.0047658506645125
2026-02-09 20:11:00,1.0047658506645125
2026-02-09 20:12:00,1.0047658506645125
2026-02-09 20:13:00,1.0047658506645125
2026-02-09 20:14:00,1.0047658506645125
2026-02-09 20:15:00,1.0047658506645125
2026-02-09 20:16:00,1.0047658506645125
2026-02-09 20:17:00,1.0047658506645125
2026-02-09 20:18:00,1.0047658506645125
2026-02-09 20:19:00,1.0047658506645125
2026-02-09 20:20:00,1.0047658506645125
2026-02-09 20:21:00,1.0047658506645125
2026-02-09 20:22:00,1.0047658506645125
2026-02-09 20:23:00,1.0047658506645125
2026-02-09 20:24:00,1.0047658506645125
2026-02-09 20:25:00,1.0047658506645125
2026-02-09 20:26:00,1.0047658506645125
2026-02-09 20:27:00,1.0047658506645125
2026-02-09 20:28:00,1.0047658506645125
2026-02-09 20:29:00,1.0047658506645125
2026-02-09 20:30:00,1.0047658506645125
2026-02-09 20:31:00,1.0047658506645125
2026-02-09 20:32:00,1.0047658506645125
2026-02-09 20:33:00,1.0047658506645125
2026-02-09 20:34:00,1.0047658506645125
2026-02-09 20:35:00,1.0047658506645125
2026-02-09 20:36:00,1.0047658506645125
2026-02-09 20:37:00,1.0047658506645125
2026-02-09 20:38:00,1.0047658506645125
2026-02-09 20:39:00,1.0047658506645125
2026-02-09 20:40:00,1.0047658506645125
2026-02-09 20:41:00,1.0047658506645125
2026-02-09 20:42:00,1.0047658506645125
2026-02-09 20:43:00,1.0047658506645125
2026-02-09 20:44:00,1.0047658506645125
2026-02-09 20:45:00,1.0047658506645125
2026-02-09 20:46:00,1.0047658506645125
2026-02-09 20:47:00,1.0047658506645125
2026-02-09 20:48:00,1.0047658506645125
2026-02-09 20:49:00,1.0047658506645125
2026-02-09 20:50:00,1.0025714432968673
2026-02-09 20:51:00,1.0025714432968673
2026-02-09 20:52:00,1.0025714432968673
2026-02-09 20:53:00,1.0025714432968673
2026-02-09 20:54:00,1.0025714432968673
2026-02-09 20:55:00,1.0025714432968673
2026-02-09 20:56:00,1.0025714432968673
2026-02-09 20:57:00,1.0025714432968673
2026-02-09 20:58:00,1.0025714432968673
2026-02-09 20:59:00,1.0025714432968673
2026-02-10 14:30:00,1.0025714432968673
2026-02-10 14:31:00,1.0025714432968673
2026-02-10 14:32:00,1.0025714432968673
2026-02-10 14:33:00,1.0025714432968673
2026-02-10 14:34:00,1.0025714432968673
2026-02-10 14:35:00,1.0025714432968673
2026-02-10 14:36:00,1.0025714432968673
2026-02-10 14:37:00,1.0025714432968673
2026-02-10 14:38:00,1.0025714432968673
2026-02-10 14:39:00,1.0025714432968673
2026-02-10 14:40:00,1.0025714432968673
2026-02-10 14:41:00,1.0025714432968673
2026-02-10 14:42:00,1.0025714432968673
2026-02-10 14:43:00,1.0025714432968673
2026-02-10 14:44:00,1.0025714432968673
2026-02-10 14:45:00,1.0025714432968673
2026-02-10 14:46:00,1.0025714432968673
2026-02-10 14:47:00,1.0025714432968673
2026-02-10 14:48:00,1.0025714432968673
2026-02-10 14:49:00,1.0025714432968673
2026-02-10 14:50:00,1.0025714432968673
2026-02-10 14:51:00,1.0025714432968673
2026-02-10 14:52:00,1.0025714432968673
2026-02-10 14:53:00,1.0025714432968673
2026-02-10 14:54:00,1.0025714432968673
2026-02-10 14:55:00,1.0025714432968673
2026-02-10 14:56:00,1.0025714432968673
2026-02-10 14:57:00,1.0025714432968673
2026-02-10 14:58:00,1.0025714432968673
2026-02-10 14:59:00,1.0025714432968673
2026-02-10 15:00:00,1.0025714432968673
2026-02-10 15:01:00,1.0025714432968673
2026-02-10 15:02:00,1.0025714432968673
2026-02-10 15:03:00,1.0025714432968673
2026-02-10 15:04:00,1.0025714432968673
2026-02-10 15:05:00,1.0025714432968673
2026-02-10 15:06:00,1.0025714432968673
2026-02-10 15:07:00,1.0025714432968673
2026-02-10 15:08:00,1.0025714432968673
2026-02-10 15:09:00,1.0025714432968673
2026-02-10 15:10:00,1.0025714432968673
2026-02-10 15:11:00,1.0025714432968673
2026-02-10 15:12:00,1.0025714432968673
2026-02-10 15:13:00,1.0025714432968673
2026-02-10 15:14:00,1.0025714432968673
2026-02-10 15:15:00,1.0025714432968673
2026-02-10 15:16:00,1.0025714432968673
2026-02-10 15:17:00,1.0025714432968673
2026-02-10 15:18:00,1.0025714432968673
2026-02-10 15:19:00,1.0025714432968673
2026-02-10 15:20:00,1.0025714432968673
2026-02-10 15:21:00,1.0025714432968673
2026-02-10 15:22:00,1.0025714432968673
2026-02-10 15:23:00,1.0025714432968673
2026-02-10 15:24:00,1.0025714432968673
2026-02-10 15:25:00,1.0025714432968673
2026-02-10 15:26:00,1.0025714432968673
2026-02-10 15:27:00,1.0025714432968673
2026-02-10 15:28:00,1.0025714432968673
2026-02-10 15:29:00,1.0025714432968673
2026-02-10 15:30:00,1.0025714432968673
2026-02-10 15:31:00,1.0025714432968673
2026-02-10 15:32:00,1.0025714432968673
2026-02-10 15:33:00,1.0025714432968673
2026-02-10 15:34:00,1.0025714432968673
2026-02-10 15:35:00,1.0025714432968673
2026-02-10 15:36:00,1.0025714432968673
2026-02-10 15:37:00,1.0025714432968673
2026-02-10 15:38:00,1.0025714432968673
2026-02-10 15:39:00,1.0025714432968673
2026-02-10 15:40:00,1.0025714432968673
2026-02-10 15:41:00,1.0025714432968673
2026-02-10 15:42:00,1.0025714432968673
2026-02-10 15:43:00,1.0025714432968673
2026-02-10 15:44:00,1.0025714432968673
2026-02-10 15:45:00,1.0025714432968673
2026-02-10 15:46:00,1.0025714432968673
2026-02-10 15:47:00,1.0025714432968673
2026-02-10 15:48:00,1.0025714432968673
2026-02-10 15:49:00,1.0025714432968673
2026-02-10 15:50:00,1.0025714432968673
2026-02-10 15:51:00,1.0025714432968673
2026-02-10 15:52:00,1.0025714432968673
2026-02-10 15:53:00,1.0025714432968673
2026-02-10 15:54:00,1.0025714432968673
2026-02-10 15:55:00,1.0025714432968673
2026-02-10 15:56:00,1.0025714432968673
2026-02-10 15:57:00,1.0025714432968673
2026-02-10 15:58:00,1.0025714432968673
2026-02-10 15:59:00,1.0025714432968673
2026-02-10 16:00:00,1.0025714432968673
2026-02-10 16:01:00,1.0025714432968673
2026-02-10 16:02:00,1.0025714432968673
2026-02-10 16:03:00,1.0025714432968673
2026-02-10 16:04:00,1.0025714432968673
2026-02-10 16:05:00,1.0025714432968673
2026-02-10 16:06:00,1.0025714432968673
2026-02-10 16:07:00,1.0025714432968673
2026-02-10 16:08:00,1.0025714432968673
2026-02-10 16:09:00,1.0025714432968673
2026-02-10 16:10:00,1.0025714432968673
2026-02-10 16:11:00,1.0025714432968673
2026-02-10 16:12:00,1.0025714432968673
2026-02-10 16:13:00,1.0025714432968673
2026-02-10 16:14:00,1.0025714432968673
2026-02-10 16:15:00,1.0025714432968673
2026-02-10 16:16:00,1.0025714432968673
2026-02-10 16:17:00,1.0025714432968673
2026-02-10 16:18:00,1.0025714432968673
2026-02-10 16:19:00,1.0025714432968673
2026-02-10 16:20:00,1.0025714432968673
2026-02-10 16:21:00,1.0025714432968673
2026-02-10 16:22:00,1.0025714432968673
2026-02-10 16:23:00,1.0025714432968673
2026-02-10 16:24:00,1.0025714432968673
2026-02-10 16:25:00,1.0025714432968673
2026-02-10 16:26:00,1.0025714432968673
2026-02-10 16:27:00,1.0025714432968673
2026-02-10 16:28:00,1.0025714432968673
2026-02-10 16:29:00,1.0025714432968673
2026-02-10 16:30:00,1.0025714432968673
2026-02-10 16:31:00,1.0025714432968673
2026-02-10 16:32:00,1.0025714432968673
2026-02-10 16:33:00,1.0025714432968673
2026-02-10 16:34:00,1.0025714432968673
2026-02-10 16:35:00,1.0025714432968673
2026-02-10 16:36:00,1.0025714432968673
2026-02-10 16:37:00,1.0025714432968673
2026-02-10 16:38:00,1.0025714432968673
2026-02-10 16:39:00,1.0025714432968673
2026-02-10 16:40:00,1.0025714432968673
2026-02-10 16:41:00,1.0025714432968673
2026-02-10 16:42:00,1.0025714432968673
2026-02-10 16:43:00,1.0025714432968673
2026-02-10 16:44:00,1.0025714432968673
2026-02-10 16:45:00,1.0025714432968673
2026-02-10 16:46:00,1.0025714432968673
2026-02-10 16:47:00,1.0025714432968673
2026-02-10 16:48:00,1.0025714432968673
2026-02-10 16:49:00,1.0025714432968673
2026-02-10 16:50:00,1.0025714432968673
2026-02-10 16:51:00,1.0025714432968673
2026-02-10 16:52:00,1.0025714432968673
2026-02-10 16:53:00,1.0025714432968673
2026-02-10 16:54:00,1.0025714432968673
2026-02-10 16:55:00,1.0025714432968673
2026-02-10 16:56:00,1.0025714432968673
2026-02-10 16:57:00,1.0025714432968673
2026-02-10 16:58:00,1.0025714432968673
2026-02-10 16:59:00,1.0025714432968673
2026-02-10 17:00:00,1.0025714432968673
2026-02-10 17:01:00,1.0025714432968673
2026-02-10 17:02:00,1.0025714432968673
2026-02-10 17:03:00,1.0025714432968673
2026-02-10 17:04:00,1.0025714432968673
2026-02-10 17:05:00,1.0025714432968673
2026-02-10 17:06:00,1.0025714432968673
2026-02-10 17:07:00,1.0025714432968673
2026-02-10 17:08:00,1.0025714432968673
2026-02-10 17:09:00,1.0025714432968673
2026-02-10 17:10:00,1.0025714432968673
2026-02-10 17:11:00,1.0025714432968673
2026-02-10 17:12:00,1.0025714432968673
2026-02-10 17:13:00,1.0025714432968673
2026-02-10 17:14:00,1.0025714432968673
2026-02-10 17:15:00,1.0025714432968673
2026-02-10 17:16:00,1.0025714432968673
2026-02-10 17:17:00,1.0025714432968673
2026-02-10 17:18:00,1.0025714432968673
2026-02-10 17:19:00,1.0025714432968673
2026-02-10 17:20:00,1.0025714432968673
2026-02-10 17:21:00,1.0025714432968673
2026-02-10 17:22:00,1.0025714432968673
2026-02-10 17:23:00,1.0025714432968673
2026-02-10 17:24:00,1.0025714432968673
2026-02-10 17:25:00,1.0025714432968673
2026-02-10 17:26:00,1.0025714432968673
2026-02-10 17:27:00,1.0025714432968673
2026-02-10 17:28:00,1.0025714432968673
2026-02-10 17:29:00,1.0025714432968673
2026-02-10 17:30:00,1.0025714432968673
2026-02-10 17:31:00,1.0025714432968673
2026-02-10 17:32:00,1.0025714432968673
2026-02-10 17:33:00,1.0025714432968673
2026-02-10 17:34:00,1.0025714432968673
2026-02-10 17:35:00,1.0025714432968673
2026-02-10 17:36:00,1.0025714432968673
2026-02-10 17:37:00,1.0025714432968673
2026-02-10 17:38:00,1.0025714432968673
2026-02-10 17:39:00,1.0025714432968673
2026-02-10 17:40:00,1.0025714432968673
2026-02-10 17:41:00,1.0025714432968673
2026-02-10 17:42:00,1.0025714432968673
2026-02-10 17:43:00,1.0025714432968673
2026-02-10 17:44:00,1.0025714432968673
2026-02-10 17:45:00,1.0025714432968673
2026-02-10 17:46:00,1.0025714432968673
2026-02-10 17:47:00,1.0025714432968673
2026-02-10 17:49:00,1.0025714432968673
2026-02-10 17:50:00,1.0025714432968673
2026-02-10 17:51:00,1.0025714432968673
2026-02-10 17:52:00,1.0025714432968673
2026-02-10 17:53:00,1.0025714432968673
2026-02-10 17:54:00,1.0025714432968673
2026-02-10 17:55:00,1.0025714432968673
2026-02-10 17:56:00,1.0025714432968673
2026-02-10 17:57:00,1.0025714432968673
2026-02-10 17:58:00,1.0025714432968673
2026-02-10 17:59:00,1.0025714432968673
2026-02-10 18:00:00,1.0025714432968673
2026-02-10 18:01:00,1.0025714432968673
2026-02-10 18:02:00,1.0025714432968673
2026-02-10 18:03:00,1.0025714432968673
2026-02-10 18:04:00,1.0025714432968673
2026-02-10 18:05:00,1.0025714432968673
2026-02-10 18:06:00,1.0025714432968673
2026-02-10 18:07:00,1.0025714432968673
2026-02-10 18:08:00,1.0025714432968673
2026-02-10 18:09:00,1.0025714432968673
2026-02-10 18:10:00,1.0025714432968673
2026-02-10 18:11:00,1.0025714432968673
2026-02-10 18:12:00,1.0025714432968673
2026-02-10 18:13:00,1.0025714432968673
2026-02-10 18:14:00,1.0025714432968673
2026-02-10 18:15:00,1.0025714432968673
2026-02-10 18:16:00,1.0025714432968673
2026-02-10 18:17:00,1.0025714432968673
2026-02-10 18:18:00,1.0025714432968673
2026-02-10 18:19:00,1.0025714432968673
2026-02-10 18:20:00,1.0025714432968673
2026-02-10 18:21:00,1.0025714432968673
2026-02-10 18:22:00,1.0025714432968673
2026-02-10 18:23:00,1.0025714432968673
2026-02-10 18:24:00,1.0025714432968673
2026-02-10 18:25:00,1.0025714432968673
2026-02-10 18:26:00,1.0025714432968673
2026-02-10 18:27:00,1.0025714432968673
2026-02-10 18:28:00,1.0025714432968673
2026-02-10 18:29:00,1.0025714432968673
2026-02-10 18:30:00,1.0025714432968673
2026-02-10 18:31:00,1.0025714432968673
2026-02-10 18:32:00,1.0025714432968673
2026-02-10 18:33:00,1.0025714432968673
2026-02-10 18:34:00,1.0025714432968673
2026-02-10 18:35:00,1.0025714432968673
2026-02-10 18:36:00,1.0025714432968673
2026-02-10 18:37:00,1.0025714432968673
2026-02-10 18:38:00,1.0025714432968673
2026-02-10 18:39:00,1.0025714432968673
2026-02-10 18:40:00,1.0025714432968673
2026-02-10 18:41:00,1.0025714432968673
2026-02-10 18:42:00,1.0025714432968673
2026-02-10 18:43:00,1.0025714432968673
2026-02-10 18:44:00,1.0025714432968673
2026-02-10 18:45:00,1.0025714432968673
2026-02-10 18:46:00,1.0025714432968673
2026-02-10 18:47:00,1.0025714432968673
2026-02-10 18:48:00,1.0025714432968673
2026-02-10 18:49:00,1.0025714432968673
2026-02-10 18:50:00,1.0025714432968673
2026-02-10 18:51:00,1.0025714432968673
2026-02-10 18:52:00,1.0025714432968673
2026-02-10 18:53:00,1.0025714432968673
2026-02-10 18:54:00,1.0025714432968673
2026-02-10 18:55:00,1.0025714432968673
2026-02-10 18:56:00,1.0025714432968673
2026-02-10 18:57:00,1.0025714432968673
2026-02-10 18:58:00,1.0025714432968673
2026-02-10 18:59:00,1.0025714432968673
2026-02-10 19:00:00,1.0025714432968673
2026-02-10 19:01:00,1.0025714432968673
2026-02-10 19:02:00,1.0025714432968673
2026-02-10 19:03:00,1.0025714432968673
2026-02-10 19:04:00,1.0025714432968673
2026-02-10 19:05:00,1.0025714432968673
2026-02-10 19:06:00,1.0025714432968673
2026-02-10 19:07:00,1.0025714432968673
2026-02-10 19:08:00,1.0025714432968673
2026-02-10 19:09:00,1.0025714432968673
2026-02-10 19:10:00,1.0025714432968673
2026-02-10 19:11:00,1.0025714432968673
2026-02-10 19:12:00,1.0025714432968673
2026-02-10 19:13:00,1.0025714432968673
2026-02-10 19:14:00,1.0025714432968673
2026-02-10 19:15:00,1.0025714432968673
2026-02-10 19:16:00,1.0025714432968673
2026-02-10 19:17:00,1.0025714432968673
2026-02-10 19:18:00,1.0025714432968673
2026-02-10 19:19:00,1.0025714432968673
2026-02-10 19:20:00,1.0025714432968673
2026-02-10 19:21:00,1.0025714432968673
2026-02-10 19:22:00,1.0025714432968673
2026-02-10 19:23:00,1.0025714432968673
2026-02-10 19:24:00,1.0025714432968673
2026-02-10 19:25:00,1.0025714432968673
2026-02-10 19:26:00,1.0025714432968673
2026-02-10 19:27:00,1.0025714432968673
2026-02-10 19:28:00,1.0025714432968673
2026-02-10 19:29:00,1.0025714432968673
2026-02-10 19:30:00,1.0025714432968673
2026-02-10 19:31:00,1.0025714432968673
2026-02-10 19:32:00,1.0025714432968673
2026-02-10 19:33:00,1.0025714432968673
2026-02-10 19:34:00,1.0025714432968673
2026-02-10 19:35:00,1.0025714432968673
2026-02-10 19:36:00,1.0025714432968673
2026-02-10 19:37:00,1.0025714432968673
2026-02-10 19:38:00,1.0025714432968673
2026-02-10 19:39:00,1.0025714432968673
2026-02-10 19:40:00,1.0025714432968673
2026-02-10 19:41:00,1.0025714432968673
2026-02-10 19:42:00,1.0025714432968673
2026-02-10 19:43:00,1.0025714432968673
2026-02-10 19:44:00,1.0025714432968673
2026-02-10 19:45:00,1.0025714432968673
2026-02-10 19:46:00,1.0025714432968673
2026-02-10 19:47:00,1.0025714432968673
2026-02-10 19:48:00,1.0025714432968673
2026-02-10 19:49:00,1.0025714432968673
2026-02-10 19:50:00,1.0025714432968673
2026-02-10 19:51:00,1.0025714432968673
2026-02-10 19:52:00,1.0025714432968673
2026-02-10 19:53:00,1.0025714432968673
2026-02-10 19:54:00,1.0025714432968673
2026-02-10 19:55:00,1.0025714432968673
2026-02-10 19:56:00,1.0025714432968673
2026-02-10 19:57:00,1.0025714432968673
2026-02-10 19:58:00,1.0025714432968673
2026-02-10 19:59:00,1.0025714432968673
2026-02-10 20:00:00,1.0025714432968673
2026-02-10 20:01:00,1.0025714432968673
2026-02-10 20:02:00,1.0025714432968673
2026-02-10 20:03:00,1.0025714432968673
2026-02-10 20:04:00,1.0025714432968673
2026-02-10 20:05:00,1.0025714432968673
2026-02-10 20:06:00,1.0025714432968673
2026-02-10 20:07:00,1.0025714432968673
2026-02-10 20:08:00,1.0025714432968673
2026-02-10 20:09:00,1.0025714432968673
2026-02-10 20:10:00,1.0025714432968673
2026-02-10 20:11:00,1.0025714432968673
2026-02-10 20:12:00,1.0025714432968673
2026-02-10 20:13:00,1.0025714432968673
2026-02-10 20:14:00,1.0025714432968673
2026-02-10 20:15:00,1.0025714432968673
2026-02-10 20:16:00,1.0025714432968673
2026-02-10 20:17:00,1.0025714432968673
2026-02-10 20:18:00,1.0025714432968673
2026-02-10 20:19:00,1.0025714432968673
2026-02-10 20:20:00,1.0025714432968673
2026-02-10 20:21:00,1.0025714432968673
2026-02-10 20:22:00,1.0025714432968673
2026-02-10 20:23:00,1.0025714432968673
2026-02-10 20:24:00,1.0025714432968673
2026-02-10 20:25:00,1.0025714432968673
2026-02-10 20:26:00,1.0025714432968673
2026-02-10 20:27:00,1.0025714432968673
2026-02-10 20:28:00,1.0025714432968673
2026-02-10 20:29:00,1.0025714432968673
2026-02-10 20:30:00,1.0025714432968673
2026-02-10 20:31:00,1.0025714432968673
2026-02-10 20:32:00,1.0025714432968673
2026-02-10 20:33:00,1.0025714432968673
2026-02-10 20:34:00,1.0025714432968673
2026-02-10 20:35:00,1.0025714432968673
2026-02-10 20:36:00,1.0025714432968673
2026-02-10 20:37:00,1.0025714432968673
2026-02-10 20:38:00,1.0025714432968673
2026-02-10 20:39:00,1.0025714432968673
2026-02-10 20:40:00,1.0025714432968673
2026-02-10 20:41:00,1.0025714432968673
2026-02-10 20:42:00,1.0025714432968673
2026-02-10 20:43:00,1.0025714432968673
2026-02-10 20:44:00,1.0025714432968673
2026-02-10 20:45:00,1.0025714432968673
2026-02-10 20:46:00,1.0025714432968673
2026-02-10 20:47:00,1.0025714432968673
2026-02-10 20:48:00,1.0025714432968673
2026-02-10 20:49:00,1.0025714432968673
2026-02-10 20:50:00,1.0025714432968673
2026-02-10 20:51:00,1.0025714432968673
2026-02-10 20:52:00,1.0025714432968673
2026-02-10 20:53:00,1.0025714432968673
2026-02-10 20:54:00,1.0025714432968673
2026-02-10 20:55:00,1.0025714432968673
2026-02-10 20:56:00,1.0025714432968673
2026-02-10 20:57:00,1.0025714432968673
2026-02-10 20:58:00,1.0025714432968673
2026-02-10 20:59:00,1.0025714432968673
2026-02-11 14:30:00,1.0025714432968673
2026-02-11 14:31:00,1.0025714432968673
2026-02-11 14:32:00,1.0025714432968673
2026-02-11 14:33:00,1.0025714432968673
2026-02-11 14:34:00,1.0025714432968673
2026-02-11 14:35:00,1.0025714432968673
2026-02-11 14:36:00,1.0025714432968673
2026-02-11 14:37:00,1.0025714432968673
2026-02-11 14:38:00,1.0025714432968673
2026-02-11 14:39:00,1.0025714432968673
2026-02-11 14:40:00,1.0025714432968673
2026-02-11 14:41:00,1.0025714432968673
2026-02-11 14:42:00,1.0025714432968673
2026-02-11 14:43:00,1.0025714432968673
2026-02-11 14:44:00,1.0025714432968673
2026-02-11 14:45:00,1.0025714432968673
2026-02-11 14:46:00,1.0025714432968673
2026-02-11 14:47:00,1.0025714432968673
2026-02-11 14:48:00,1.0025714432968673
2026-02-11 14:49:00,1.0025714432968673
2026-02-11 14:50:00,1.0025714432968673
2026-02-11 14:51:00,1.0025714432968673
2026-02-11 14:52:00,1.0025714432968673
2026-02-11 14:53:00,1.0025714432968673
2026-02-11 14:54:00,1.0025714432968673
2026-02-11 14:55:00,1.0025714432968673
2026-02-11 14:56:00,1.0025714432968673
2026-02-11 14:57:00,1.0025714432968673
2026-02-11 14:58:00,1.0025714432968673
2026-02-11 14:59:00,1.0025714432968673
2026-02-11 15:00:00,1.0025714432968673
2026-02-11 15:01:00,1.0025714432968673
2026-02-11 15:02:00,1.0025714432968673
2026-02-11 15:03:00,1.0025714432968673
2026-02-11 15:04:00,1.0025714432968673
2026-02-11 15:05:00,1.0025714432968673
2026-02-11 15:06:00,1.0025714432968673
2026-02-11 15:07:00,1.0025714432968673
2026-02-11 15:08:00,1.0025714432968673
2026-02-11 15:09:00,1.0025714432968673
2026-02-11 15:10:00,1.0025714432968673
2026-02-11 15:11:00,1.0025714432968673
2026-02-11 15:12:00,1.0025714432968673
2026-02-11 15:13:00,1.0025714432968673
2026-02-11 15:14:00,1.0025714432968673
2026-02-11 15:15:00,1.0025714432968673
2026-02-11 15:16:00,1.0025714432968673
2026-02-11 15:17:00,1.0025714432968673
2026-02-11 15:18:00,1.0025714432968673
2026-02-11 15:19:00,1.0025714432968673
2026-02-11 15:20:00,1.0025714432968673
2026-02-11 15:21:00,1.0025714432968673
2026-02-11 15:22:00,1.0025714432968673
2026-02-11 15:23:00,1.0025714432968673
2026-02-11 15:24:00,1.0025714432968673
2026-02-11 15:25:00,1.0025714432968673
2026-02-11 15:26:00,1.0025714432968673
2026-02-11 15:27:00,1.0025714432968673
2026-02-11 15:28:00,1.0025714432968673
2026-02-11 15:29:00,1.0025714432968673
2026-02-11 15:30:00,1.0025714432968673
2026-02-11 15:31:00,1.0025714432968673
2026-02-11 15:32:00,1.0025714432968673
2026-02-11 15:33:00,1.0025714432968673
2026-02-11 15:37:00,1.0025714432968673
2026-02-11 15:38:00,1.0025714432968673
2026-02-11 15:39:00,1.0025714432968673
2026-02-11 15:40:00,1.0025714432968673
2026-02-11 15:41:00,1.0025714432968673
2026-02-11 15:42:00,1.0025714432968673
2026-02-11 15:43:00,1.0025714432968673
2026-02-11 15:44:00,1.0025714432968673
2026-02-11 15:45:00,1.0025714432968673
2026-02-11 15:46:00,1.0025714432968673
2026-02-11 15:47:00,1.0025714432968673
2026-02-11 15:48:00,1.0025714432968673
2026-02-11 15:49:00,1.0025714432968673
2026-02-11 15:50:00,1.0025714432968673
2026-02-11 15:51:00,1.0025714432968673
2026-02-11 15:52:00,1.0025714432968673
2026-02-11 15:53:00,1.0025714432968673
2026-02-11 15:54:00,1.0025714432968673
2026-02-11 15:55:00,1.0025714432968673
2026-02-11 15:56:00,1.0025714432968673
2026-02-11 15:57:00,1.0025714432968673
2026-02-11 15:58:00,1.0025714432968673
2026-02-11 15:59:00,1.0025714432968673
2026-02-11 16:00:00,1.0025714432968673
2026-02-11 16:01:00,1.0025714432968673
2026-02-11 16:02:00,1.0025714432968673
2026-02-11 16:03:00,1.0025714432968673
2026-02-11 16:04:00,1.0025714432968673
2026-02-11 16:05:00,1.0025714432968673
2026-02-11 16:06:00,1.0025714432968673
2026-02-11 16:07:00,1.0025714432968673
2026-02-11 16:08:00,1.0025714432968673
2026-02-11 16:09:00,1.0025714432968673
2026-02-11 16:10:00,1.0025714432968673
2026-02-11 16:11:00,1.0025714432968673
2026-02-11 16:12:00,1.0025714432968673
2026-02-11 16:13:00,1.0025714432968673
2026-02-11 16:14:00,1.0025714432968673
2026-02-11 16:15:00,1.0025714432968673
2026-02-11 16:16:00,1.0025714432968673
2026-02-11 16:17:00,1.0025714432968673
2026-02-11 16:18:00,1.0025714432968673
2026-02-11 16:19:00,1.0025714432968673
2026-02-11 16:20:00,1.0025714432968673
2026-02-11 16:21:00,1.0025714432968673
2026-02-11 16:22:00,1.0025714432968673
2026-02-11 16:23:00,1.0025714432968673
2026-02-11 16:24:00,1.0025714432968673
2026-02-11 16:25:00,1.0025714432968673
2026-02-11 16:26:00,1.0025714432968673
2026-02-11 16:27:00,1.0025714432968673
2026-02-11 16:28:00,1.0025714432968673
2026-02-11 16:29:00,1.0025714432968673
2026-02-11 16:30:00,1.0025714432968673
2026-02-11 16:31:00,1.0025714432968673
2026-02-11 16:32:00,1.0025714432968673
2026-02-11 16:33:00,1.0025714432968673
2026-02-11 16:34:00,1.0025714432968673
2026-02-11 16:35:00,1.0025714432968673
2026-02-11 16:36:00,1.0025714432968673
2026-02-11 16:37:00,1.0025714432968673
2026-02-11 16:38:00,1.0025714432968673
2026-02-11 16:39:00,1.0025714432968673
2026-02-11 16:40:00,1.0025714432968673
2026-02-11 16:41:00,1.0025714432968673
2026-02-11 16:42:00,1.0025714432968673
2026-02-11 16:43:00,1.0025714432968673
2026-02-11 16:44:00,1.0025714432968673
2026-02-11 16:45:00,1.0025714432968673
2026-02-11 16:46:00,1.0025714432968673
2026-02-11 16:47:00,1.0025714432968673
2026-02-11 16:48:00,1.0025714432968673
2026-02-11 16:49:00,1.0025714432968673
2026-02-11 16:50:00,1.0025714432968673
2026-02-11 16:51:00,1.0025714432968673
2026-02-11 16:52:00,1.0025714432968673
2026-02-11 16:53:00,1.0025714432968673
2026-02-11 16:54:00,1.0025714432968673
2026-02-11 16:55:00,1.0025714432968673
2026-02-11 16:56:00,1.0025714432968673
2026-02-11 16:57:00,1.0025714432968673
2026-02-11 16:58:00,1.0025714432968673
2026-02-11 16:59:00,1.0025714432968673
2026-02-11 17:00:00,1.0025714432968673
2026-02-11 17:01:00,1.0025714432968673
2026-02-11 17:02:00,1.0025714432968673
2026-02-11 17:03:00,1.0025714432968673
2026-02-11 17:04:00,1.0025714432968673
2026-02-11 17:05:00,1.0025714432968673
2026-02-11 17:06:00,1.0025714432968673
2026-02-11 17:07:00,1.0025714432968673
2026-02-11 17:08:00,1.0025714432968673
2026-02-11 17:09:00,1.0025714432968673
2026-02-11 17:10:00,1.0025714432968673
2026-02-11 17:11:00,1.0025714432968673
2026-02-11 17:12:00,1.0025714432968673
2026-02-11 17:13:00,1.0025714432968673
2026-02-11 17:14:00,1.0025714432968673
2026-02-11 17:15:00,1.0025714432968673
2026-02-11 17:16:00,1.0025714432968673
2026-02-11 17:17:00,1.0025714432968673
2026-02-11 17:18:00,1.0025714432968673
2026-02-11 17:19:00,1.0025714432968673
2026-02-11 17:20:00,1.0025714432968673
2026-02-11 17:21:00,1.0025714432968673
2026-02-11 17:22:00,1.0025714432968673
2026-02-11 17:23:00,1.0025714432968673
2026-02-11 17:24:00,1.0025714432968673
2026-02-11 17:25:00,1.0025714432968673
2026-02-11 17:26:00,1.0025714432968673
2026-02-11 17:27:00,1.0025714432968673
2026-02-11 17:28:00,1.0025714432968673
2026-02-11 17:29:00,1.0025714432968673
2026-02-11 17:30:00,1.0025714432968673
2026-02-11 17:31:00,1.0025714432968673
2026-02-11 17:32:00,1.0025714432968673
2026-02-11 17:33:00,1.0025714432968673
2026-02-11 17:34:00,1.0025714432968673
2026-02-11 17:35:00,1.0025714432968673
2026-02-11 17:36:00,1.0025714432968673
2026-02-11 17:37:00,1.0025714432968673
2026-02-11 17:38:00,1.0025714432968673
2026-02-11 17:39:00,1.0025714432968673
2026-02-11 17:40:00,1.0025714432968673
2026-02-11 17:41:00,1.0025714432968673
2026-02-11 17:42:00,1.0025714432968673
2026-02-11 17:43:00,1.0025714432968673
2026-02-11 17:44:00,1.0025714432968673
2026-02-11 17:45:00,1.0025714432968673
2026-02-11 17:46:00,1.0025714432968673
2026-02-11 17:47:00,1.0025714432968673
2026-02-11 17:48:00,1.0025714432968673
2026-02-11 17:49:00,1.0025714432968673
2026-02-11 17:50:00,1.0025714432968673
2026-02-11 17:51:00,1.0025714432968673
2026-02-11 17:52:00,1.0025714432968673
2026-02-11 17:53:00,1.0025714432968673
2026-02-11 17:54:00,1.0025714432968673
2026-02-11 17:55:00,1.0025714432968673
2026-02-11 17:56:00,1.0025714432968673
2026-02-11 17:57:00,1.0025714432968673
2026-02-11 17:58:00,1.0025714432968673
2026-02-11 17:59:00,1.0025714432968673
2026-02-11 18:00:00,1.0025714432968673
2026-02-11 18:01:00,1.0025714432968673
2026-02-11 18:02:00,1.0025714432968673
2026-02-11 18:03:00,1.0025714432968673
2026-02-11 18:04:00,1.0025714432968673
2026-02-11 18:05:00,1.0025714432968673
2026-02-11 18:06:00,1.0025714432968673
2026-02-11 18:07:00,1.0025714432968673
2026-02-11 18:08:00,1.0025714432968673
2026-02-11 18:09:00,1.0025714432968673
2026-02-11 18:10:00,1.0025714432968673
2026-02-11 18:11:00,1.0025714432968673
2026-02-11 18:12:00,1.0025714432968673
2026-02-11 18:13:00,1.0025714432968673
2026-02-11 18:14:00,1.0025714432968673
2026-02-11 18:15:00,1.0025714432968673
2026-02-11 18:16:00,1.0025714432968673
2026-02-11 18:17:00,1.0025714432968673
2026-02-11 18:18:00,1.0025714432968673
2026-02-11 18:19:00,1.0025714432968673
2026-02-11 18:20:00,1.0025714432968673
2026-02-11 18:21:00,1.0025714432968673
2026-02-11 18:22:00,1.0025714432968673
2026-02-11 18:23:00,1.0025714432968673
2026-02-11 18:24:00,1.0025714432968673
2026-02-11 18:25:00,1.0025714432968673
2026-02-11 18:26:00,1.0025714432968673
2026-02-11 18:27:00,1.0025714432968673
2026-02-11 18:28:00,1.0025714432968673
2026-02-11 18:29:00,1.0025714432968673
2026-02-11 18:30:00,1.0025714432968673
2026-02-11 18:31:00,1.0025714432968673
2026-02-11 18:32:00,1.0025714432968673
2026-02-11 18:33:00,1.0025714432968673
2026-02-11 18:34:00,1.0025714432968673
2026-02-11 18:35:00,1.0025714432968673
2026-02-11 18:36:00,1.0025714432968673
2026-02-11 18:37:00,1.0025714432968673
2026-02-11 18:38:00,1.0025714432968673
2026-02-11 18:39:00,1.0025714432968673
2026-02-11 18:40:00,1.0025714432968673
2026-02-11 18:41:00,1.0025714432968673
2026-02-11 18:42:00,1.0025714432968673
2026-02-11 18:43:00,1.0025714432968673
2026-02-11 18:44:00,1.0025714432968673
2026-02-11 18:45:00,1.0025714432968673
2026-02-11 18:46:00,1.0025714432968673
2026-02-11 18:47:00,1.0025714432968673
2026-02-11 18:48:00,1.0025714432968673
2026-02-11 18:49:00,1.0025714432968673
2026-02-11 18:50:00,1.0025714432968673
2026-02-11 18:51:00,1.0025714432968673
2026-02-11 18:52:00,1.0025714432968673
2026-02-11 18:53:00,1.0025714432968673
2026-02-11 18:54:00,1.0025714432968673
2026-02-11 18:55:00,1.0025714432968673
2026-02-11 18:56:00,1.0025714432968673
2026-02-11 18:57:00,1.0025714432968673
2026-02-11 18:58:00,1.0025714432968673
2026-02-11 18:59:00,1.0025714432968673
2026-02-11 19:00:00,1.0025714432968673
2026-02-11 19:01:00,1.0025714432968673
2026-02-11 19:02:00,1.0025714432968673
2026-02-11 19:03:00,1.0025714432968673
2026-02-11 19:04:00,1.0025714432968673
2026-02-11 19:05:00,1.0025714432968673
2026-02-11 19:06:00,1.0025714432968673
2026-02-11 19:07:00,1.0025714432968673
2026-02-11 19:08:00,1.0025714432968673
2026-02-11 19:09:00,1.0025714432968673
2026-02-11 19:10:00,1.0025714432968673
2026-02-11 19:11:00,1.0025714432968673
2026-02-11 19:12:00,1.0025714432968673
2026-02-11 19:13:00,1.0025714432968673
2026-02-11 19:14:00,1.0025714432968673
2026-02-11 19:15:00,1.0025714432968673
2026-02-11 19:16:00,1.0025714432968673
2026-02-11 19:17:00,1.0025714432968673
2026-02-11 19:18:00,1.0025714432968673
2026-02-11 19:19:00,1.0025714432968673
2026-02-11 19:20:00,1.0025714432968673
2026-02-11 19:21:00,1.0025714432968673
2026-02-11 19:22:00,1.0025714432968673
2026-02-11 19:23:00,1.0025714432968673
2026-02-11 19:24:00,1.0025714432968673
2026-02-11 19:25:00,1.0025714432968673
2026-02-11 19:26:00,1.0025714432968673
2026-02-11 19:27:00,1.0025714432968673
2026-02-11 19:28:00,1.0025714432968673
2026-02-11 19:29:00,1.0025714432968673
2026-02-11 19:30:00,1.0025714432968673
2026-02-11 19:31:00,1.0025714432968673
2026-02-11 19:32:00,1.0025714432968673
2026-02-11 19:33:00,1.0025714432968673
2026-02-11 19:34:00,1.0025714432968673
2026-02-11 19:35:00,1.0025714432968673
2026-02-11 19:36:00,1.0025714432968673
2026-02-11 19:37:00,1.0025714432968673
2026-02-11 19:38:00,1.0025714432968673
2026-02-11 19:39:00,1.0025714432968673
2026-02-11 19:40:00,1.0025714432968673
2026-02-11 19:41:00,1.0025714432968673
2026-02-11 19:42:00,1.0025714432968673
2026-02-11 19:43:00,1.0025714432968673
2026-02-11 19:44:00,1.0025714432968673
2026-02-11 19:45:00,1.0025714432968673
2026-02-11 19:46:00,1.0025714432968673
2026-02-11 19:47:00,1.0025714432968673
2026-02-11 19:48:00,1.0025714432968673
2026-02-11 19:49:00,1.0025714432968673
2026-02-11 19:50:00,1.0025714432968673
2026-02-11 19:51:00,1.0025714432968673
2026-02-11 19:52:00,1.0025714432968673
2026-02-11 19:53:00,1.0025714432968673
2026-02-11 19:54:00,1.0025714432968673
2026-02-11 19:55:00,1.0025714432968673
2026-02-11 19:56:00,1.0025714432968673
2026-02-11 19:57:00,1.0025714432968673
2026-02-11 19:58:00,1.0025714432968673
2026-02-11 19:59:00,1.0025714432968673
2026-02-11 20:00:00,1.0025714432968673
2026-02-11 20:01:00,1.0025714432968673
2026-02-11 20:02:00,1.0025714432968673
2026-02-11 20:03:00,1.0025714432968673
2026-02-11 20:04:00,1.0025714432968673
2026-02-11 20:05:00,1.0025714432968673
2026-02-11 20:06:00,1.0025714432968673
2026-02-11 20:07:00,1.0025714432968673
2026-02-11 20:08:00,1.0025714432968673
2026-02-11 20:09:00,1.0025714432968673
2026-02-11 20:10:00,1.0025714432968673
2026-02-11 20:11:00,1.0025714432968673
2026-02-11 20:12:00,1.0025714432968673
2026-02-11 20:13:00,1.0025714432968673
2026-02-11 20:14:00,1.0025714432968673
2026-02-11 20:15:00,1.0025714432968673
2026-02-11 20:16:00,1.0025714432968673
2026-02-11 20:17:00,1.0025714432968673
2026-02-11 20:18:00,1.0025714432968673
2026-02-11 20:19:00,1.0025714432968673
2026-02-11 20:20:00,1.0025714432968673
2026-02-11 20:21:00,1.0025714432968673
2026-02-11 20:22:00,1.0025714432968673
2026-02-11 20:23:00,1.0025714432968673
2026-02-11 20:24:00,1.0025714432968673
2026-02-11 20:25:00,1.0025714432968673
2026-02-11 20:26:00,1.0025714432968673
2026-02-11 20:27:00,1.0025714432968673
2026-02-11 20:28:00,1.0025714432968673
2026-02-11 20:29:00,1.0025714432968673
2026-02-11 20:30:00,1.0025714432968673
2026-02-11 20:31:00,1.0025714432968673
2026-02-11 20:32:00,1.0025714432968673
2026-02-11 20:33:00,1.0025714432968673
2026-02-11 20:34:00,1.0025714432968673
2026-02-11 20:35:00,1.0025714432968673
2026-02-11 20:36:00,1.0025714432968673
2026-02-11 20:37:00,1.0025714432968673
2026-02-11 20:38:00,1.0025714432968673
2026-02-11 20:39:00,1.0025714432968673
2026-02-11 20:40:00,1.0025714432968673
2026-02-11 20:41:00,1.0025714432968673
2026-02-11 20:42:00,1.0025714432968673
2026-02-11 20:43:00,1.0025714432968673
2026-02-11 20:44:00,1.0025714432968673
2026-02-11 20:45:00,1.0025714432968673
2026-02-11 20:46:00,1.0025714432968673
2026-02-11 20:47:00,1.0025714432968673
2026-02-11 20:48:00,1.0025714432968673
2026-02-11 20:49:00,1.0025714432968673
2026-02-11 20:50:00,1.0025714432968673
2026-02-11 20:51:00,1.0025714432968673
2026-02-11 20:52:00,1.0025714432968673
2026-02-11 20:53:00,1.0025714432968673
2026-02-11 20:54:00,1.0025714432968673
2026-02-11 20:55:00,1.0025714432968673
2026-02-11 20:56:00,1.0025714432968673
2026-02-11 20:57:00,1.0025714432968673
2026-02-11 20:58:00,1.0025714432968673
2026-02-11 20:59:00,1.0025714432968673
2026-02-12 14:30:00,1.0025714432968673
2026-02-12 14:31:00,1.0025714432968673
2026-02-12 14:32:00,1.0025714432968673
2026-02-12 14:33:00,1.0025714432968673
2026-02-12 14:34:00,1.0025714432968673
2026-02-12 14:35:00,1.0025714432968673
2026-02-12 14:36:00,1.0025714432968673
2026-02-12 14:37:00,1.0025714432968673
2026-02-12 14:38:00,1.0025714432968673
2026-02-12 14:39:00,1.0025714432968673
2026-02-12 14:40:00,1.0025714432968673
2026-02-12 14:41:00,1.0025714432968673
2026-02-12 14:42:00,1.0025714432968673
2026-02-12 14:43:00,1.0025714432968673
2026-02-12 14:44:00,1.0025714432968673
2026-02-12 14:45:00,1.0025714432968673
2026-02-12 14:46:00,1.0025714432968673
2026-02-12 14:47:00,1.0025714432968673
2026-02-12 14:48:00,1.0025714432968673
2026-02-12 14:49:00,1.0025714432968673
2026-02-12 14:50:00,1.0025714432968673
2026-02-12 14:51:00,1.0025714432968673
2026-02-12 14:52:00,1.0025714432968673
2026-02-12 14:53:00,1.0025714432968673
2026-02-12 14:54:00,1.0025714432968673
2026-02-12 14:55:00,1.0025714432968673
2026-02-12 14:56:00,1.0025714432968673
2026-02-12 14:57:00,1.0025714432968673
2026-02-12 14:58:00,1.0025714432968673
2026-02-12 14:59:00,1.0025714432968673
2026-02-12 15:00:00,1.0025714432968673
2026-02-12 15:01:00,1.0025714432968673
2026-02-12 15:02:00,1.0025714432968673
2026-02-12 15:03:00,1.0025714432968673
2026-02-12 15:04:00,1.0025714432968673
2026-02-12 15:05:00,1.0025714432968673
2026-02-12 15:06:00,1.0025714432968673
2026-02-12 15:07:00,1.0025714432968673
2026-02-12 15:08:00,1.0025714432968673
2026-02-12 15:09:00,1.0025714432968673
2026-02-12 15:10:00,1.0025714432968673
2026-02-12 15:11:00,1.0025714432968673
2026-02-12 15:12:00,1.0025714432968673
2026-02-12 15:13:00,1.0025714432968673
2026-02-12 15:14:00,1.0025714432968673
2026-02-12 15:15:00,1.0025714432968673
2026-02-12 15:16:00,1.0025714432968673
2026-02-12 15:17:00,1.0025714432968673
2026-02-12 15:18:00,1.0025714432968673
2026-02-12 15:19:00,1.0025714432968673
2026-02-12 15:20:00,1.0025714432968673
2026-02-12 15:21:00,1.0025714432968673
2026-02-12 15:22:00,1.0025714432968673
2026-02-12 15:23:00,1.0025714432968673
2026-02-12 15:24:00,1.0025714432968673
2026-02-12 15:25:00,1.0025714432968673
2026-02-12 15:26:00,1.0025714432968673
2026-02-12 15:27:00,1.0025714432968673
2026-02-12 15:28:00,1.0025714432968673
2026-02-12 15:29:00,1.0025714432968673
2026-02-12 15:30:00,1.0025714432968673
2026-02-12 15:31:00,1.0025714432968673
2026-02-12 15:32:00,1.0025714432968673
2026-02-12 15:33:00,1.0025714432968673
2026-02-12 15:34:00,1.0025714432968673
2026-02-12 15:35:00,1.0025714432968673
2026-02-12 15:36:00,1.0025714432968673
2026-02-12 15:37:00,1.0025714432968673
2026-02-12 15:38:00,1.0025714432968673
2026-02-12 15:39:00,1.0025714432968673
2026-02-12 15:40:00,1.0025714432968673
2026-02-12 15:41:00,1.0025714432968673
2026-02-12 15:42:00,1.0025714432968673
2026-02-12 15:43:00,1.0025714432968673
2026-02-12 15:44:00,1.0025714432968673
2026-02-12 15:45:00,1.0025714432968673
2026-02-12 15:46:00,1.0025714432968673
2026-02-12 15:47:00,1.0025714432968673
2026-02-12 15:48:00,1.0025714432968673
2026-02-12 15:49:00,1.0025714432968673
2026-02-12 15:50:00,1.0025714432968673
2026-02-12 15:51:00,1.0025714432968673
2026-02-12 15:52:00,1.0025714432968673
2026-02-12 15:53:00,1.0025714432968673
2026-02-12 15:54:00,1.0025714432968673
2026-02-12 15:55:00,1.0025714432968673
2026-02-12 15:56:00,1.0025714432968673
2026-02-12 15:57:00,1.0025714432968673
2026-02-12 15:58:00,1.0025714432968673
2026-02-12 15:59:00,1.0025714432968673
2026-02-12 16:00:00,1.0025714432968673
2026-02-12 16:01:00,1.0025714432968673
2026-02-12 16:02:00,1.0025714432968673
2026-02-12 16:03:00,1.0025714432968673
2026-02-12 16:04:00,1.0025714432968673
2026-02-12 16:05:00,1.0025714432968673
2026-02-12 16:06:00,1.0025714432968673
2026-02-12 16:07:00,1.0025714432968673
2026-02-12 16:08:00,1.0025714432968673
2026-02-12 16:09:00,1.0025714432968673
2026-02-12 16:10:00,1.0025714432968673
2026-02-12 16:11:00,1.0025714432968673
2026-02-12 16:12:00,1.0025714432968673
2026-02-12 16:13:00,1.0025714432968673
2026-02-12 16:14:00,1.0025714432968673
2026-02-12 16:15:00,1.0025714432968673
2026-02-12 16:16:00,1.0025714432968673
2026-02-12 16:17:00,1.0025714432968673
2026-02-12 16:18:00,1.0025714432968673
2026-02-12 16:19:00,1.0025714432968673
2026-02-12 16:20:00,1.0025714432968673
2026-02-12 16:21:00,1.0025714432968673
2026-02-12 16:22:00,1.0025714432968673
2026-02-12 16:23:00,1.0025714432968673
2026-02-12 16:24:00,1.0025714432968673
2026-02-12 16:25:00,1.0025714432968673
2026-02-12 16:26:00,1.0025714432968673
2026-02-12 16:27:00,1.0025714432968673
2026-02-12 16:28:00,1.0025714432968673
2026-02-12 16:29:00,1.0025714432968673
2026-02-12 16:30:00,1.0025714432968673
2026-02-12 16:31:00,1.0025714432968673
2026-02-12 16:32:00,1.0025714432968673
2026-02-12 16:33:00,1.0025714432968673
2026-02-12 16:34:00,1.0025714432968673
2026-02-12 16:35:00,1.0025714432968673
2026-02-12 16:36:00,1.0025714432968673
2026-02-12 16:37:00,1.0025714432968673
2026-02-12 16:38:00,1.0025714432968673
2026-02-12 16:39:00,1.0025714432968673
2026-02-12 16:40:00,1.0025714432968673
2026-02-12 16:41:00,1.0025714432968673
2026-02-12 16:42:00,1.0025714432968673
2026-02-12 16:43:00,1.0025714432968673
2026-02-12 16:44:00,1.0025714432968673
2026-02-12 16:45:00,1.0025714432968673
2026-02-12 16:46:00,1.0025714432968673
2026-02-12 16:47:00,1.0025714432968673
2026-02-12 16:48:00,1.0025714432968673
2026-02-12 16:49:00,1.0025714432968673
2026-02-12 16:50:00,1.0025714432968673
2026-02-12 16:51:00,1.0025714432968673
2026-02-12 16:52:00,1.0025714432968673
2026-02-12 16:53:00,1.0025714432968673
2026-02-12 16:54:00,1.0025714432968673
2026-02-12 16:55:00,1.0025714432968673
2026-02-12 16:56:00,1.0025714432968673
2026-02-12 16:57:00,1.0025714432968673
2026-02-12 16:58:00,1.0025714432968673
2026-02-12 16:59:00,1.0025714432968673
2026-02-12 17:00:00,1.0025714432968673
2026-02-12 17:01:00,1.0025714432968673
2026-02-12 17:02:00,1.0025714432968673
2026-02-12 17:03:00,1.0025714432968673
2026-02-12 17:04:00,1.0025714432968673
2026-02-12 17:05:00,1.0025714432968673
2026-02-12 17:06:00,1.0025714432968673
2026-02-12 17:07:00,1.0025714432968673
2026-02-12 17:08:00,1.0025714432968673
2026-02-12 17:09:00,1.0025714432968673
2026-02-12 17:10:00,1.0025714432968673
2026-02-12 17:11:00,1.0025714432968673
2026-02-12 17:12:00,1.0025714432968673
2026-02-12 17:13:00,1.0025714432968673
2026-02-12 17:14:00,1.0025714432968673
2026-02-12 17:15:00,1.0025714432968673
2026-02-12 17:16:00,1.0025714432968673
2026-02-12 17:17:00,1.0025714432968673
2026-02-12 17:18:00,1.0025714432968673
2026-02-12 17:19:00,1.0025714432968673
2026-02-12 17:20:00,1.0025714432968673
2026-02-12 17:21:00,1.0025714432968673
2026-02-12 17:22:00,1.0025714432968673
2026-02-12 17:23:00,1.0025714432968673
2026-02-12 17:24:00,1.0025714432968673
2026-02-12 17:25:00,1.0025714432968673
2026-02-12 17:26:00,1.0025714432968673
2026-02-12 17:27:00,1.0025714432968673
2026-02-12 17:28:00,1.0025714432968673
2026-02-12 17:29:00,1.0025714432968673
2026-02-12 17:30:00,1.0025714432968673
2026-02-12 17:31:00,1.0025714432968673
2026-02-12 17:32:00,1.0025714432968673
2026-02-12 17:33:00,1.0025714432968673
2026-02-12 17:34:00,1.0025714432968673
2026-02-12 17:35:00,1.0025714432968673
2026-02-12 17:36:00,1.0025714432968673
2026-02-12 17:37:00,1.0025714432968673
2026-02-12 17:38:00,1.0025714432968673
2026-02-12 17:39:00,1.0025714432968673
2026-02-12 17:40:00,1.0025714432968673
2026-02-12 17:41:00,1.0025714432968673
2026-02-12 17:42:00,1.0025714432968673
2026-02-12 17:43:00,1.0025714432968673
2026-02-12 17:44:00,1.0025714432968673
2026-02-12 17:45:00,1.0025714432968673
2026-02-12 17:46:00,1.0025714432968673
2026-02-12 17:47:00,1.0025714432968673
2026-02-12 17:48:00,1.0025714432968673
2026-02-12 17:49:00,1.0025714432968673
2026-02-12 17:50:00,1.0025714432968673
2026-02-12 17:51:00,1.0025714432968673
2026-02-12 17:52:00,1.0025714432968673
2026-02-12 17:53:00,1.0025714432968673
2026-02-12 17:54:00,1.0025714432968673
2026-02-12 17:55:00,1.0025714432968673
2026-02-12 17:56:00,1.0025714432968673
2026-02-12 17:57:00,1.0025714432968673
2026-02-12 17:58:00,1.0025714432968673
2026-02-12 17:59:00,1.0025714432968673
2026-02-12 18:00:00,1.0025714432968673
2026-02-12 18:01:00,1.0025714432968673
2026-02-12 18:02:00,1.0025714432968673
2026-02-12 18:03:00,1.0025714432968673
2026-02-12 18:04:00,1.0025714432968673
2026-02-12 18:05:00,1.0025714432968673
2026-02-12 18:06:00,1.0025714432968673
2026-02-12 18:07:00,1.0025714432968673
2026-02-12 18:08:00,1.0025714432968673
2026-02-12 18:09:00,1.0025714432968673
2026-02-12 18:10:00,1.0025714432968673
2026-02-12 18:11:00,1.0025714432968673
2026-02-12 18:12:00,1.0025714432968673
2026-02-12 18:13:00,1.0025714432968673
2026-02-12 18:14:00,1.0025714432968673
2026-02-12 18:15:00,1.0025714432968673
2026-02-12 18:16:00,1.0025714432968673
2026-02-12 18:17:00,1.0025714432968673
2026-02-12 18:18:00,1.0025714432968673
2026-02-12 18:19:00,1.0025714432968673
2026-02-12 18:20:00,1.0025714432968673
2026-02-12 18:21:00,1.0025714432968673
2026-02-12 18:22:00,1.0025714432968673
2026-02-12 18:23:00,1.0025714432968673
2026-02-12 18:24:00,1.0025714432968673
2026-02-12 18:25:00,1.0025714432968673
2026-02-12 18:28:00,1.0025714432968673
2026-02-12 18:29:00,1.0025714432968673
2026-02-12 18:30:00,1.0025714432968673
2026-02-12 18:31:00,1.0025714432968673
2026-02-12 18:32:00,1.0025714432968673
2026-02-12 18:33:00,1.0025714432968673
2026-02-12 18:34:00,1.0025714432968673
2026-02-12 18:35:00,1.0025714432968673
2026-02-12 18:36:00,1.0025714432968673
2026-02-12 18:37:00,1.0025714432968673
2026-02-12 18:38:00,1.0025714432968673
2026-02-12 18:39:00,1.0025714432968673
2026-02-12 18:40:00,1.0025714432968673
2026-02-12 18:41:00,1.0025714432968673
2026-02-12 18:42:00,1.0025714432968673
2026-02-12 18:43:00,1.0025714432968673
2026-02-12 18:44:00,1.0025714432968673
2026-02-12 18:45:00,1.0025714432968673
2026-02-12 18:46:00,1.0025714432968673
2026-02-12 18:47:00,1.0025714432968673
2026-02-12 18:48:00,1.0025714432968673
2026-02-12 18:49:00,1.0025714432968673
2026-02-12 18:50:00,1.0025714432968673
2026-02-12 18:51:00,1.0025714432968673
2026-02-12 18:52:00,1.0025714432968673
2026-02-12 18:53:00,1.0025714432968673
2026-02-12 18:54:00,1.0025714432968673
2026-02-12 18:55:00,1.0025714432968673
2026-02-12 18:56:00,1.0025714432968673
2026-02-12 18:57:00,1.0025714432968673
2026-02-12 18:58:00,1.0025714432968673
2026-02-12 18:59:00,1.0025714432968673
2026-02-12 19:00:00,1.0025714432968673
2026-02-12 19:01:00,1.0025714432968673
2026-02-12 19:02:00,1.0025714432968673
2026-02-12 19:03:00,1.0025714432968673
2026-02-12 19:04:00,1.0025714432968673
2026-02-12 19:05:00,1.0025714432968673
2026-02-12 19:06:00,1.0025714432968673
2026-02-12 19:07:00,1.0025714432968673
2026-02-12 19:08:00,1.0025714432968673
2026-02-12 19:09:00,1.0025714432968673
2026-02-12 19:10:00,1.0025714432968673
2026-02-12 19:11:00,1.0025714432968673
2026-02-12 19:12:00,1.0025714432968673
2026-02-12 19:13:00,1.0025714432968673
2026-02-12 19:14:00,1.0025714432968673
2026-02-12 19:15:00,1.0025714432968673
2026-02-12 19:16:00,1.0025714432968673
2026-02-12 19:17:00,1.0025714432968673
2026-02-12 19:18:00,1.0025714432968673
2026-02-12 19:19:00,1.0025714432968673
2026-02-12 19:20:00,1.0025714432968673
2026-02-12 19:21:00,1.0025714432968673
2026-02-12 19:22:00,1.0025714432968673
2026-02-12 19:23:00,1.0025714432968673
2026-02-12 19:24:00,1.0025714432968673
2026-02-12 19:25:00,1.0025714432968673
2026-02-12 19:26:00,1.0025714432968673
2026-02-12 19:27:00,1.0025714432968673
2026-02-12 19:28:00,1.0025714432968673
2026-02-12 19:29:00,1.0025714432968673
2026-02-12 19:30:00,1.0025714432968673
2026-02-12 19:31:00,1.0025714432968673
2026-02-12 19:32:00,1.0025714432968673
2026-02-12 19:33:00,1.0025714432968673
2026-02-12 19:34:00,1.0025714432968673
2026-02-12 19:35:00,1.0025714432968673
2026-02-12 19:36:00,1.0025714432968673
2026-02-12 19:37:00,1.0025714432968673
2026-02-12 19:38:00,1.0025714432968673
2026-02-12 19:39:00,1.0025714432968673
2026-02-12 19:40:00,1.0025714432968673
2026-02-12 19:41:00,1.0025714432968673
2026-02-12 19:42:00,1.0025714432968673
2026-02-12 19:43:00,1.0025714432968673
2026-02-12 19:44:00,1.0025714432968673
2026-02-12 19:45:00,1.0025714432968673
2026-02-12 19:46:00,1.0025714432968673
2026-02-12 19:47:00,1.0025714432968673
2026-02-12 19:48:00,1.0025714432968673
2026-02-12 19:49:00,1.0025714432968673
2026-02-12 19:50:00,1.0025714432968673
2026-02-12 19:51:00,1.0025714432968673
2026-02-12 19:52:00,1.0025714432968673
2026-02-12 19:53:00,1.0025714432968673
2026-02-12 19:54:00,1.0025714432968673
2026-02-12 19:55:00,1.0025714432968673
2026-02-12 19:56:00,1.0025714432968673
2026-02-12 19:57:00,1.0025714432968673
2026-02-12 19:58:00,1.0025714432968673
2026-02-12 19:59:00,1.0025714432968673
2026-02-12 20:00:00,1.0025714432968673
2026-02-12 20:01:00,1.0025714432968673
2026-02-12 20:02:00,1.0025714432968673
2026-02-12 20:03:00,1.0025714432968673
2026-02-12 20:04:00,1.0025714432968673
2026-02-12 20:05:00,1.0025714432968673
2026-02-12 20:06:00,1.0025714432968673
2026-02-12 20:07:00,1.0025714432968673
2026-02-12 20:08:00,1.0025714432968673
2026-02-12 20:09:00,1.0025714432968673
2026-02-12 20:10:00,1.0025714432968673
2026-02-12 20:11:00,1.0025714432968673
2026-02-12 20:12:00,1.0025714432968673
2026-02-12 20:13:00,1.0025714432968673
2026-02-12 20:14:00,1.0025714432968673
2026-02-12 20:15:00,1.0025714432968673
2026-02-12 20:16:00,1.0025714432968673
2026-02-12 20:17:00,1.0025714432968673
2026-02-12 20:18:00,1.0025714432968673
2026-02-12 20:19:00,1.0025714432968673
2026-02-12 20:20:00,1.0025714432968673
2026-02-12 20:21:00,1.0025714432968673
2026-02-12 20:22:00,1.0025714432968673
2026-02-12 20:23:00,1.0025714432968673
2026-02-12 20:24:00,1.0025714432968673
2026-02-12 20:25:00,1.0025714432968673
2026-02-12 20:26:00,1.0025714432968673
2026-02-12 20:27:00,1.0025714432968673
2026-02-12 20:28:00,1.0025714432968673
2026-02-12 20:29:00,1.0025714432968673
2026-02-12 20:30:00,1.0025714432968673
2026-02-12 20:31:00,1.0025714432968673
2026-02-12 20:32:00,1.0025714432968673
2026-02-12 20:33:00,1.0025714432968673
2026-02-12 20:34:00,1.0025714432968673
2026-02-12 20:35:00,1.0025714432968673
2026-02-12 20:36:00,1.0025714432968673
2026-02-12 20:37:00,1.0025714432968673
2026-02-12 20:38:00,1.0025714432968673
2026-02-12 20:39:00,1.0025714432968673
2026-02-12 20:40:00,1.0025714432968673
2026-02-12 20:41:00,1.0025714432968673
2026-02-12 20:42:00,1.0025714432968673
2026-02-12 20:43:00,1.0025714432968673
2026-02-12 20:44:00,1.0025714432968673
2026-02-12 20:45:00,1.0025714432968673
2026-02-12 20:46:00,1.0025714432968673
2026-02-12 20:47:00,1.0025714432968673
2026-02-12 20:48:00,1.0025714432968673
2026-02-12 20:49:00,1.0025714432968673
2026-02-12 20:50:00,1.0025714432968673
2026-02-12 20:51:00,1.0025714432968673
2026-02-12 20:52:00,1.0025714432968673
2026-02-12 20:53:00,1.0025714432968673
2026-02-12 20:54:00,1.0025714432968673
2026-02-12 20:55:00,1.0025714432968673
2026-02-12 20:56:00,1.0025714432968673
2026-02-12 20:57:00,1.0025714432968673
2026-02-12 20:58:00,1.0025714432968673
2026-02-12 20:59:00,1.0025714432968673
2026-02-13 14:30:00,1.0025714432968673
2026-02-13 14:31:00,1.0025714432968673
2026-02-13 14:32:00,1.0025714432968673
2026-02-13 14:33:00,1.0025714432968673
2026-02-13 14:34:00,1.0025714432968673
2026-02-13 14:35:00,1.0025714432968673
2026-02-13 14:36:00,1.0025714432968673
2026-02-13 14:37:00,1.0025714432968673
2026-02-13 14:38:00,1.0025714432968673
2026-02-13 14:39:00,1.0025714432968673
2026-02-13 14:40:00,1.0025714432968673
2026-02-13 14:41:00,1.0025714432968673
2026-02-13 14:42:00,1.0025714432968673
2026-02-13 14:43:00,1.0025714432968673
2026-02-13 14:44:00,1.0025714432968673
2026-02-13 14:45:00,1.0025714432968673
2026-02-13 14:46:00,1.0025714432968673
2026-02-13 14:47:00,1.0025714432968673
2026-02-13 14:48:00,1.0025714432968673
2026-02-13 14:49:00,1.0025714432968673
2026-02-13 14:50:00,1.0025714432968673
2026-02-13 14:51:00,1.0025714432968673
2026-02-13 14:52:00,1.0025714432968673
2026-02-13 14:53:00,1.0025714432968673
2026-02-13 14:54:00,1.0025714432968673
2026-02-13 14:55:00,1.0025714432968673
2026-02-13 14:56:00,1.0025714432968673
2026-02-13 14:57:00,1.0025714432968673
2026-02-13 14:58:00,1.0025714432968673
2026-02-13 14:59:00,1.0025714432968673
2026-02-13 15:00:00,1.0025714432968673
2026-02-13 15:01:00,1.0025714432968673
2026-02-13 15:02:00,1.0025714432968673
2026-02-13 15:03:00,1.0025714432968673
2026-02-13 15:04:00,1.0025714432968673
2026-02-13 15:05:00,1.0025714432968673
2026-02-13 15:06:00,1.0025714432968673
2026-02-13 15:07:00,1.0025714432968673
2026-02-13 15:08:00,1.0025714432968673
2026-02-13 15:09:00,1.0025714432968673
2026-02-13 15:10:00,1.0025714432968673
2026-02-13 15:11:00,1.0025714432968673
2026-02-13 15:12:00,1.0025714432968673
2026-02-13 15:13:00,1.0025714432968673
2026-02-13 15:14:00,1.0025714432968673
2026-02-13 15:15:00,1.0025714432968673
2026-02-13 15:16:00,1.0025714432968673
2026-02-13 15:17:00,1.0025714432968673
2026-02-13 15:18:00,1.0025714432968673
2026-02-13 15:19:00,1.0025714432968673
2026-02-13 15:20:00,1.0025714432968673
2026-02-13 15:21:00,1.0025714432968673
2026-02-13 15:22:00,1.0025714432968673
2026-02-13 15:23:00,1.0025714432968673
2026-02-13 15:24:00,1.0025714432968673
2026-02-13 15:25:00,1.0025714432968673
2026-02-13 15:26:00,1.0025714432968673
2026-02-13 15:27:00,1.0025714432968673
2026-02-13 15:28:00,1.0025714432968673
2026-02-13 15:29:00,1.0025714432968673
2026-02-13 15:30:00,1.0025714432968673
2026-02-13 15:31:00,1.0025714432968673
2026-02-13 15:32:00,1.0025714432968673
2026-02-13 15:33:00,1.0025714432968673
2026-02-13 15:34:00,1.0025714432968673
2026-02-13 15:35:00,1.0025714432968673
2026-02-13 15:36:00,1.0025714432968673
2026-02-13 15:37:00,1.0025714432968673
2026-02-13 15:38:00,1.0025714432968673
2026-02-13 15:39:00,1.0025714432968673
2026-02-13 15:40:00,1.0025714432968673
2026-02-13 15:41:00,1.0025714432968673
2026-02-13 15:42:00,1.0025714432968673
2026-02-13 15:43:00,1.0025714432968673
2026-02-13 15:44:00,1.0025714432968673
2026-02-13 15:45:00,1.0025714432968673
2026-02-13 15:46:00,1.0025714432968673
2026-02-13 15:47:00,1.0025714432968673
2026-02-13 15:48:00,1.0025714432968673
2026-02-13 15:49:00,1.0025714432968673
2026-02-13 15:50:00,1.0025714432968673
2026-02-13 15:51:00,1.0025714432968673
2026-02-13 15:52:00,1.0025714432968673
2026-02-13 15:53:00,1.0025714432968673
2026-02-13 15:54:00,1.0025714432968673
2026-02-13 15:55:00,1.0025714432968673
2026-02-13 15:56:00,1.0025714432968673
2026-02-13 15:57:00,1.0025714432968673
2026-02-13 15:58:00,1.0025714432968673
2026-02-13 15:59:00,1.0025714432968673
2026-02-13 16:00:00,1.0025714432968673
2026-02-13 16:01:00,1.0025714432968673
2026-02-13 16:02:00,1.0025714432968673
2026-02-13 16:03:00,1.0025714432968673
2026-02-13 16:04:00,1.0025714432968673
2026-02-13 16:05:00,1.0025714432968673
2026-02-13 16:06:00,1.0025714432968673
2026-02-13 16:07:00,1.0025714432968673
2026-02-13 16:08:00,1.0025714432968673
2026-02-13 16:09:00,1.0025714432968673
2026-02-13 16:10:00,1.0025714432968673
2026-02-13 16:11:00,1.0025714432968673
2026-02-13 16:12:00,1.0025714432968673
2026-02-13 16:13:00,1.0025714432968673
2026-02-13 16:14:00,1.0025714432968673
2026-02-13 16:15:00,1.0025714432968673
2026-02-13 16:16:00,1.0025714432968673
2026-02-13 16:17:00,1.0025714432968673
2026-02-13 16:18:00,1.0025714432968673
2026-02-13 16:19:00,1.0025714432968673
2026-02-13 16:20:00,1.0025714432968673
2026-02-13 16:21:00,1.0025714432968673
2026-02-13 16:22:00,1.0025714432968673
2026-02-13 16:23:00,1.0025714432968673
2026-02-13 16:24:00,1.0025714432968673
2026-02-13 16:25:00,1.0025714432968673
2026-02-13 16:26:00,1.0025714432968673
2026-02-13 16:27:00,1.0025714432968673
2026-02-13 16:28:00,1.0025714432968673
2026-02-13 16:29:00,1.0025714432968673
2026-02-13 16:30:00,1.0025714432968673
2026-02-13 16:31:00,1.0025714432968673
2026-02-13 16:32:00,1.0025714432968673
2026-02-13 16:33:00,1.0025714432968673
2026-02-13 16:34:00,1.0025714432968673
2026-02-13 16:35:00,1.0025714432968673
2026-02-13 16:36:00,1.0025714432968673
2026-02-13 16:37:00,1.0025714432968673
2026-02-13 16:38:00,1.0025714432968673
2026-02-13 16:39:00,1.0025714432968673
2026-02-13 16:40:00,1.0025714432968673
2026-02-13 16:41:00,1.0025714432968673
2026-02-13 16:42:00,1.0025714432968673
2026-02-13 16:43:00,1.0025714432968673
2026-02-13 16:44:00,1.0025714432968673
2026-02-13 16:45:00,1.0025714432968673
2026-02-13 16:46:00,1.0025714432968673
2026-02-13 16:47:00,1.0025714432968673
2026-02-13 16:48:00,1.0025714432968673
2026-02-13 16:49:00,1.0025714432968673
2026-02-13 16:50:00,1.0025714432968673
2026-02-13 16:51:00,1.0025714432968673
2026-02-13 16:52:00,1.0025714432968673
2026-02-13 16:53:00,1.0025714432968673
2026-02-13 16:54:00,1.0025714432968673
2026-02-13 16:55:00,1.0025714432968673
2026-02-13 16:56:00,1.0025714432968673
2026-02-13 16:57:00,1.0025714432968673
2026-02-13 16:58:00,1.0025714432968673
2026-02-13 16:59:00,1.0025714432968673
2026-02-13 17:00:00,1.0025714432968673
2026-02-13 17:01:00,1.0025714432968673
2026-02-13 17:02:00,1.0025714432968673
2026-02-13 17:03:00,1.0025714432968673
2026-02-13 17:04:00,1.0025714432968673
2026-02-13 17:05:00,1.0025714432968673
2026-02-13 17:06:00,1.0025714432968673
2026-02-13 17:07:00,1.0025714432968673
2026-02-13 17:08:00,1.0025714432968673
2026-02-13 17:09:00,1.0025714432968673
2026-02-13 17:10:00,1.0025714432968673
2026-02-13 17:11:00,1.0025714432968673
2026-02-13 17:12:00,1.0025714432968673
2026-02-13 17:13:00,1.0025714432968673
2026-02-13 17:14:00,1.0025714432968673
2026-02-13 17:15:00,1.0025714432968673
2026-02-13 17:16:00,1.0025714432968673
2026-02-13 17:17:00,1.0025714432968673
2026-02-13 17:18:00,1.0025714432968673
2026-02-13 17:19:00,1.0025714432968673
2026-02-13 17:20:00,1.0025714432968673
2026-02-13 17:21:00,1.0025714432968673
2026-02-13 17:22:00,1.0025714432968673
2026-02-13 17:23:00,1.0025714432968673
2026-02-13 17:24:00,1.0025714432968673
2026-02-13 17:25:00,1.0025714432968673
2026-02-13 17:26:00,1.0025714432968673
2026-02-13 17:27:00,1.0025714432968673
2026-02-13 17:28:00,1.0025714432968673
2026-02-13 17:29:00,1.0025714432968673
2026-02-13 17:30:00,1.0025714432968673
2026-02-13 17:31:00,1.0025714432968673
2026-02-13 17:32:00,1.0025714432968673
2026-02-13 17:33:00,1.0025714432968673
2026-02-13 17:34:00,1.0025714432968673
2026-02-13 17:35:00,1.0025714432968673
2026-02-13 17:36:00,1.0025714432968673
2026-02-13 17:37:00,1.0025714432968673
2026-02-13 17:38:00,1.0025714432968673
2026-02-13 17:39:00,1.0025714432968673
2026-02-13 17:40:00,1.0025714432968673
2026-02-13 17:41:00,1.0025714432968673
2026-02-13 17:42:00,1.0025714432968673
2026-02-13 17:43:00,1.0025714432968673
2026-02-13 17:44:00,1.0025714432968673
2026-02-13 17:45:00,1.0025714432968673
2026-02-13 17:46:00,1.0025714432968673
2026-02-13 17:47:00,1.0025714432968673
2026-02-13 17:48:00,1.0025714432968673
2026-02-13 17:49:00,1.0025714432968673
2026-02-13 17:50:00,1.0025714432968673
2026-02-13 17:51:00,1.0025714432968673
2026-02-13 17:52:00,1.0025714432968673
2026-02-13 17:53:00,1.0025714432968673
2026-02-13 17:54:00,1.0025714432968673
2026-02-13 17:55:00,1.0025714432968673
2026-02-13 17:56:00,1.0025714432968673
2026-02-13 17:57:00,1.0025714432968673
2026-02-13 17:58:00,1.0025714432968673
2026-02-13 17:59:00,1.0025714432968673
2026-02-13 18:00:00,1.0025714432968673
2026-02-13 18:01:00,1.0025714432968673
2026-02-13 18:02:00,1.0025714432968673
2026-02-13 18:03:00,1.0025714432968673
2026-02-13 18:04:00,1.0025714432968673
2026-02-13 18:05:00,1.0025714432968673
2026-02-13 18:06:00,1.0025714432968673
2026-02-13 18:07:00,1.0025714432968673
2026-02-13 18:08:00,1.0025714432968673
2026-02-13 18:09:00,1.0025714432968673
2026-02-13 18:10:00,1.0025714432968673
2026-02-13 18:11:00,1.0025714432968673
2026-02-13 18:12:00,1.0025714432968673
2026-02-13 18:13:00,1.0025714432968673
2026-02-13 18:14:00,1.0025714432968673
2026-02-13 18:15:00,1.0025714432968673
2026-02-13 18:16:00,1.0025714432968673
2026-02-13 18:17:00,1.0025714432968673
2026-02-13 18:18:00,1.0025714432968673
2026-02-13 18:19:00,1.0025714432968673
2026-02-13 18:20:00,1.0025714432968673
2026-02-13 18:21:00,1.0025714432968673
2026-02-13 18:22:00,1.0025714432968673
2026-02-13 18:23:00,1.0025714432968673
2026-02-13 18:24:00,1.0025714432968673
2026-02-13 18:25:00,1.0025714432968673
2026-02-13 18:26:00,1.0025714432968673
2026-02-13 18:27:00,1.0025714432968673
2026-02-13 18:28:00,1.0025714432968673
2026-02-13 18:29:00,1.0025714432968673
2026-02-13 18:30:00,1.0025714432968673
2026-02-13 18:31:00,1.0025714432968673
2026-02-13 18:32:00,1.0025714432968673
2026-02-13 18:33:00,1.0025714432968673
2026-02-13 18:34:00,1.0025714432968673
2026-02-13 18:35:00,1.0025714432968673
2026-02-13 18:36:00,1.0025714432968673
2026-02-13 18:37:00,1.0025714432968673
2026-02-13 18:38:00,1.0025714432968673
2026-02-13 18:39:00,1.0025714432968673
2026-02-13 18:40:00,1.0025714432968673
2026-02-13 18:41:00,1.0025714432968673
2026-02-13 18:42:00,1.0025714432968673
2026-02-13 18:43:00,1.0025714432968673
2026-02-13 18:44:00,1.0025714432968673
2026-02-13 18:45:00,1.0025714432968673
2026-02-13 18:46:00,1.0025714432968673
2026-02-13 18:47:00,1.0025714432968673
2026-02-13 18:48:00,1.0025714432968673
2026-02-13 18:49:00,1.0025714432968673
2026-02-13 18:50:00,1.0025714432968673
2026-02-13 18:51:00,1.0025714432968673
2026-02-13 18:52:00,1.0025714432968673
2026-02-13 18:53:00,1.0025714432968673
2026-02-13 18:54:00,1.0025714432968673
2026-02-13 18:55:00,1.0025714432968673
2026-02-13 18:56:00,1.0025714432968673
2026-02-13 18:57:00,1.0025714432968673
2026-02-13 18:58:00,1.0025714432968673
2026-02-13 18:59:00,1.0025714432968673
2026-02-13 19:00:00,1.0025714432968673
2026-02-13 19:01:00,1.0025714432968673
2026-02-13 19:02:00,1.0025714432968673
2026-02-13 19:03:00,1.0025714432968673
2026-02-13 19:04:00,1.0025714432968673
2026-02-13 19:05:00,1.0025714432968673
2026-02-13 19:06:00,1.0025714432968673
2026-02-13 19:07:00,1.0025714432968673
2026-02-13 19:08:00,1.0025714432968673
2026-02-13 19:09:00,1.0025714432968673
2026-02-13 19:10:00,1.0025714432968673
2026-02-13 19:11:00,1.0025714432968673
2026-02-13 19:12:00,1.0025714432968673
2026-02-13 19:13:00,1.0025714432968673
2026-02-13 19:14:00,1.0025714432968673
2026-02-13 19:15:00,1.0025714432968673
2026-02-13 19:16:00,1.0025714432968673
2026-02-13 19:17:00,1.0025714432968673
2026-02-13 19:18:00,1.0025714432968673
2026-02-13 19:19:00,1.0025714432968673
2026-02-13 19:20:00,1.0025714432968673
2026-02-13 19:21:00,1.0025714432968673
2026-02-13 19:22:00,1.0025714432968673
2026-02-13 19:23:00,1.0025714432968673
2026-02-13 19:24:00,1.0025714432968673
2026-02-13 19:25:00,1.0025714432968673
2026-02-13 19:26:00,1.0025714432968673
2026-02-13 19:27:00,1.0025714432968673
2026-02-13 19:28:00,1.0025714432968673
2026-02-13 19:29:00,1.0025714432968673
2026-02-13 19:30:00,1.0025714432968673
2026-02-13 19:31:00,1.0025714432968673
2026-02-13 19:32:00,1.0025714432968673
2026-02-13 19:33:00,1.0025714432968673
2026-02-13 19:34:00,1.0025714432968673
2026-02-13 19:35:00,1.0025714432968673
2026-02-13 19:36:00,1.0025714432968673
2026-02-13 19:37:00,1.0025714432968673
2026-02-13 19:38:00,1.0025714432968673
2026-02-13 19:39:00,1.0025714432968673
2026-02-13 19:40:00,1.0025714432968673
2026-02-13 19:41:00,1.0025714432968673
2026-02-13 19:42:00,1.0025714432968673
2026-02-13 19:43:00,1.0025714432968673
2026-02-13 19:44:00,1.0025714432968673
2026-02-13 19:45:00,1.0025714432968673
2026-02-13 19:46:00,1.0025714432968673
2026-02-13 19:47:00,1.0025714432968673
2026-02-13 19:48:00,1.0025714432968673
2026-02-13 19:49:00,1.0025714432968673
2026-02-13 19:50:00,1.0025714432968673
2026-02-13 19:51:00,1.0025714432968673
2026-02-13 19:52:00,1.0025714432968673
2026-02-13 19:53:00,1.0025714432968673
2026-02-13 19:54:00,1.0025714432968673
2026-02-13 19:55:00,1.0025714432968673
2026-02-13 19:56:00,1.0025714432968673
2026-02-13 19:57:00,1.0025714432968673
2026-02-13 19:58:00,1.0025714432968673
2026-02-13 19:59:00,1.0025714432968673
2026-02-13 20:00:00,1.0025714432968673
2026-02-13 20:01:00,1.0025714432968673
2026-02-13 20:02:00,1.0025714432968673
2026-02-13 20:03:00,1.0025714432968673
2026-02-13 20:04:00,1.0025714432968673
2026-02-13 20:05:00,1.0025714432968673
2026-02-13 20:06:00,1.0025714432968673
2026-02-13 20:07:00,1.0025714432968673
2026-02-13 20:08:00,1.0025714432968673
2026-02-13 20:09:00,1.0025714432968673
2026-02-13 20:10:00,1.0025714432968673
2026-02-13 20:11:00,1.0025714432968673
2026-02-13 20:12:00,1.0025714432968673
2026-02-13 20:13:00,1.0025714432968673
2026-02-13 20:14:00,1.0025714432968673
2026-02-13 20:15:00,1.0025714432968673
2026-02-13 20:16:00,1.0025714432968673
2026-02-13 20:17:00,1.0025714432968673
2026-02-13 20:18:00,1.0025714432968673
2026-02-13 20:19:00,1.0025714432968673
2026-02-13 20:20:00,1.0025714432968673
2026-02-13 20:21:00,1.0025714432968673
2026-02-13 20:22:00,1.0025714432968673
2026-02-13 20:23:00,1.0025714432968673
2026-02-13 20:24:00,1.0025714432968673
2026-02-13 20:25:00,1.0025714432968673
2026-02-13 20:26:00,1.0025714432968673
2026-02-13 20:27:00,1.0025714432968673
2026-02-13 20:28:00,1.0025714432968673
2026-02-13 20:29:00,1.0025714432968673
2026-02-13 20:30:00,1.0025714432968673
2026-02-13 20:31:00,1.0025714432968673
2026-02-13 20:32:00,1.0025714432968673
2026-02-13 20:33:00,1.0025714432968673
2026-02-13 20:34:00,1.0025714432968673
2026-02-13 20:35:00,1.0025714432968673
2026-02-13 20:36:00,1.0025714432968673
2026-02-13 20:37:00,1.0025714432968673
2026-02-13 20:38:00,1.0025714432968673
2026-02-13 20:39:00,1.0025714432968673
2026-02-13 20:40:00,1.0025714432968673
2026-02-13 20:41:00,1.0025714432968673
2026-02-13 20:42:00,1.0025714432968673
2026-02-13 20:43:00,1.0025714432968673
2026-02-13 20:44:00,1.0025714432968673
2026-02-13 20:45:00,1.0025714432968673
2026-02-13 20:46:00,1.0025714432968673
2026-02-13 20:47:00,1.0025714432968673
2026-02-13 20:48:00,1.0025714432968673
2026-02-13 20:49:00,1.0025714432968673
2026-02-13 20:50:00,1.0025714432968673
2026-02-13 20:51:00,1.0025714432968673
2026-02-13 20:52:00,1.0025714432968673
2026-02-13 20:53:00,1.0025714432968673
2026-02-13 20:54:00,1.0025714432968673
2026-02-13 20:55:00,1.0025714432968673
2026-02-13 20:56:00,1.0025714432968673
2026-02-13 20:57:00,1.0025714432968673
2026-02-13 20:58:00,1.0025714432968673
2026-02-13 20:59:00,1.0025714432968673
